{"type":"FeatureCollection","features":[{"type":"Feature","geometry":{"type":"MultiPolygon","coordinates":[[[[-35.908,-6.118],[-35.908,-6.118]]],[[[-36.261,-6.115],[-36.26,-6.114],[-36.258,-6.115],[-36.259,-6.116],[-36.258,-6.117],[-36.259,-6.118],[-36.26,-6.117],[-36.261,-6.118],[-36.262,-6.118],[-36.262,-6.117],[-36.261,-6.115]],[[-36.259,-6.114],[-36.261,-6.116],[-36.261,-6.118],[-36.26,-6.116],[-36.259,-6.117],[-36.259,-6.116],[-36.258,-6.115],[-36.259,-6.114]]],[[[-35.919,-6.115],[-35.919,-6.115]]],[[[-35.755,-6.063],[-35.758,-6.063],[-35.758,-6.064],[-35.759,-6.065],[-35.765,-6.065],[-35.765,-6.069],[-35.766,-6.07],[-35.766,-6.072],[-35.769,-6.075],[-35.772,-6.074],[-35.773,-6.075],[-35.775,-6.076],[-35.778,-6.077],[-35.78,-6.075],[-35.781,-6.074],[-35.783,-6.073],[-35.783,-6.071],[-35.785,-6.069],[-35.784,-6.068],[-35.786,-6.065],[-35.788,-6.064],[-35.789,-6.064],[-35.789,-6.063],[-35.786,-6.064],[-35.784,-6.068],[-35.784,-6.069],[-35.783,-6.071],[-35.783,-6.073],[-35.78,-6.073],[-35.78,-6.074],[-35.777,-6.076],[-35.774,-6.076],[-35.772,-6.074],[-35.771,-6.073],[-35.77,-6.074],[-35.767,-6.073],[-35.766,-6.072],[-35.767,-6.07],[-35.766,-6.069],[-35.765,-6.065],[-35.764,-6.064],[-35.761,-6.064],[-35.76,-6.065],[-35.758,-6.063],[-35.757,-6.061],[-35.759,-6.061],[-35.761,-6.06],[-35.762,-6.059],[-35.763,-6.059],[-35.766,-6.057],[-35.77,-6.055],[-35.773,-6.056],[-35.779,-6.055],[-35.783,-6.056],[-35.785,-6.058],[-35.79,-6.058],[-35.789,-6.057],[-35.785,-6.057],[-35.784,-6.056],[-35.779,-6.054],[-35.772,-6.055],[-35.77,-6.054],[-35.765,-6.056],[-35.763,-6.059],[-35.761,-6.058],[-35.761,-6.06],[-35.759,-6.061],[-35.757,-6.06],[-35.757,-6.062],[-35.755,-6.063],[-35.752,-6.065],[-35.751,-6.065],[-35.749,-6.063],[-35.748,-6.062],[-35.748,-6.059],[-35.746,-6.056],[-35.746,-6.054],[-35.744,-6.051],[-35.744,-6.048],[-35.747,-6.042],[-35.746,-6.041],[-35.745,-6.039],[-35.743,-6.038],[-35.745,-6.037],[-35.745,-6.035],[-35.747,-6.037],[-35.749,-6.037],[-35.751,-6.039],[-35.753,-6.039],[-35.754,-6.04],[-35.756,-6.044],[-35.761,-6.048],[-35.763,-6.049],[-35.764,-6.048],[-35.762,-6.048],[-35.758,-6.045],[-35.756,-6.041],[-35.755,-6.041],[-35.754,-6.04],[-35.753,-6.038],[-35.751,-6.038],[-35.749,-6.036],[-35.747,-6.037],[-35.746,-6.035],[-35.745,-6.035],[-35.745,-6.031],[-35.744,-6.028],[-35.745,-6.026],[-35.747,-6.026],[-35.75,-6.028],[-35.752,-6.028],[-35.753,-6.029],[-35.753,-6.03],[-35.754,-6.031],[-35.754,-6.032],[-35.755,-6.034],[-35.759,-6.036],[-35.759,-6.037],[-35.763,-6.038],[-35.766,-6.04],[-35.771,-6.04],[-35.771,-6.039],[-35.766,-6.04],[-35.763,-6.037],[-35.76,-6.036],[-35.759,-6.035],[-35.755,-6.033],[-35.754,-6.032],[-35.755,-6.031],[-35.753,-6.03],[-35.754,-6.029],[-35.753,-6.028],[-35.754,-6.028],[-35.761,-6.029],[-35.762,-6.029],[-35.762,-6.027],[-35.763,-6.028],[-35.765,-6.027],[-35.768,-6.028],[-35.769,-6.029],[-35.771,-6.028],[-35.774,-6.028],[-35.778,-6.033],[-35.777,-6.034],[-35.778,-6.034],[-35.779,-6.033],[-35.775,-6.028],[-35.774,-6.027],[-35.772,-6.027],[-35.769,-6.028],[-35.769,-6.027],[-35.765,-6.026],[-35.763,-6.028],[-35.761,-6.027],[-35.761,-6.029],[-35.754,-6.027],[-35.751,-6.028],[-35.747,-6.026],[-35.745,-6.025],[-35.745,-6.024],[-35.743,-6.023],[-35.744,-6.022],[-35.744,-6.021],[-35.741,-6.019],[-35.74,-6.019],[-35.737,-6.017],[-35.738,-6.015],[-35.738,-6.013],[-35.736,-6.012],[-35.735,-6.009],[-35.733,-6.008],[-35.731,-6.007],[-35.729,-6.003],[-35.728,-6.002],[-35.728,-6.001],[-35.727,-6],[-35.726,-5.997],[-35.727,-5.996],[-35.724,-5.994],[-35.723,-5.992],[-35.724,-5.992],[-35.725,-5.99],[-35.726,-5.99],[-35.727,-5.991],[-35.728,-5.991],[-35.732,-5.992],[-35.733,-5.994],[-35.738,-5.994],[-35.74,-5.996],[-35.74,-5.997],[-35.744,-5.997],[-35.746,-6],[-35.746,-6.001],[-35.75,-6.003],[-35.749,-6.004],[-35.751,-6.005],[-35.751,-6.006],[-35.753,-6.008],[-35.757,-6.008],[-35.763,-6.006],[-35.765,-6.007],[-35.766,-6.007],[-35.769,-6.008],[-35.772,-6.006],[-35.775,-6.007],[-35.777,-6.007],[-35.779,-6.008],[-35.779,-6.007],[-35.778,-6.006],[-35.775,-6.006],[-35.772,-6.005],[-35.769,-6.007],[-35.766,-6.006],[-35.765,-6.007],[-35.763,-6.006],[-35.757,-6.007],[-35.753,-6.007],[-35.751,-6.006],[-35.751,-6.005],[-35.75,-6.003],[-35.747,-6],[-35.746,-5.999],[-35.745,-5.998],[-35.745,-5.997],[-35.747,-5.996],[-35.752,-5.996],[-35.754,-5.995],[-35.756,-5.995],[-35.756,-5.997],[-35.76,-5.997],[-35.76,-5.994],[-35.761,-5.994],[-35.763,-5.996],[-35.764,-5.996],[-35.765,-5.997],[-35.769,-5.998],[-35.77,-5.998],[-35.771,-5.996],[-35.776,-5.996],[-35.772,-5.995],[-35.771,-5.996],[-35.77,-5.997],[-35.769,-5.998],[-35.765,-5.996],[-35.764,-5.995],[-35.763,-5.995],[-35.761,-5.994],[-35.76,-5.994],[-35.76,-5.996],[-35.757,-5.996],[-35.757,-5.995],[-35.758,-5.994],[-35.759,-5.992],[-35.76,-5.992],[-35.76,-5.985],[-35.761,-5.985],[-35.763,-5.986],[-35.768,-5.985],[-35.769,-5.984],[-35.763,-5.986],[-35.761,-5.985],[-35.76,-5.985],[-35.759,-5.987],[-35.759,-5.991],[-35.757,-5.994],[-35.754,-5.994],[-35.752,-5.995],[-35.75,-5.995],[-35.745,-5.997],[-35.741,-5.996],[-35.74,-5.995],[-35.738,-5.994],[-35.734,-5.993],[-35.733,-5.991],[-35.737,-5.99],[-35.739,-5.989],[-35.74,-5.988],[-35.741,-5.984],[-35.742,-5.983],[-35.745,-5.982],[-35.746,-5.98],[-35.745,-5.98],[-35.745,-5.981],[-35.742,-5.983],[-35.74,-5.984],[-35.738,-5.988],[-35.736,-5.99],[-35.732,-5.991],[-35.728,-5.99],[-35.727,-5.989],[-35.726,-5.989],[-35.725,-5.988],[-35.723,-5.986],[-35.722,-5.983],[-35.72,-5.979],[-35.719,-5.976],[-35.718,-5.975],[-35.719,-5.972],[-35.718,-5.968],[-35.721,-5.967],[-35.72,-5.965],[-35.722,-5.964],[-35.721,-5.962],[-35.72,-5.962],[-35.723,-5.96],[-35.723,-5.959],[-35.722,-5.957],[-35.725,-5.957],[-35.727,-5.96],[-35.728,-5.961],[-35.727,-5.965],[-35.728,-5.97],[-35.728,-5.973],[-35.73,-5.976],[-35.73,-5.978],[-35.731,-5.98],[-35.734,-5.982],[-35.737,-5.983],[-35.737,-5.982],[-35.734,-5.981],[-35.731,-5.98],[-35.731,-5.976],[-35.729,-5.973],[-35.728,-5.971],[-35.729,-5.97],[-35.727,-5.965],[-35.728,-5.961],[-35.729,-5.96],[-35.731,-5.96],[-35.734,-5.962],[-35.737,-5.962],[-35.739,-5.963],[-35.741,-5.961],[-35.746,-5.96],[-35.747,-5.96],[-35.749,-5.959],[-35.753,-5.959],[-35.761,-5.966],[-35.762,-5.967],[-35.763,-5.967],[-35.763,-5.966],[-35.761,-5.965],[-35.758,-5.963],[-35.754,-5.959],[-35.751,-5.958],[-35.749,-5.959],[-35.747,-5.96],[-35.746,-5.959],[-35.741,-5.961],[-35.739,-5.962],[-35.737,-5.961],[-35.734,-5.962],[-35.731,-5.96],[-35.729,-5.96],[-35.728,-5.959],[-35.726,-5.956],[-35.726,-5.954],[-35.729,-5.954],[-35.728,-5.951],[-35.729,-5.949],[-35.732,-5.947],[-35.733,-5.949],[-35.736,-5.95],[-35.737,-5.95],[-35.742,-5.949],[-35.744,-5.951],[-35.742,-5.954],[-35.744,-5.955],[-35.746,-5.955],[-35.747,-5.954],[-35.747,-5.952],[-35.746,-5.951],[-35.747,-5.95],[-35.751,-5.95],[-35.752,-5.953],[-35.752,-5.955],[-35.753,-5.956],[-35.755,-5.955],[-35.757,-5.953],[-35.759,-5.954],[-35.764,-5.952],[-35.764,-5.953],[-35.765,-5.956],[-35.765,-5.958],[-35.768,-5.961],[-35.769,-5.966],[-35.769,-5.969],[-35.77,-5.972],[-35.769,-5.975],[-35.77,-5.976],[-35.77,-5.974],[-35.771,-5.972],[-35.769,-5.969],[-35.77,-5.966],[-35.769,-5.961],[-35.765,-5.957],[-35.766,-5.956],[-35.765,-5.953],[-35.765,-5.951],[-35.769,-5.949],[-35.772,-5.948],[-35.775,-5.95],[-35.781,-5.949],[-35.784,-5.95],[-35.787,-5.954],[-35.786,-5.959],[-35.783,-5.96],[-35.781,-5.962],[-35.78,-5.962],[-35.778,-5.967],[-35.777,-5.968],[-35.779,-5.969],[-35.779,-5.97],[-35.777,-5.976],[-35.775,-5.986],[-35.776,-5.986],[-35.778,-5.976],[-35.78,-5.97],[-35.779,-5.969],[-35.779,-5.967],[-35.781,-5.965],[-35.782,-5.965],[-35.783,-5.963],[-35.782,-5.963],[-35.783,-5.96],[-35.786,-5.959],[-35.787,-5.954],[-35.787,-5.952],[-35.785,-5.95],[-35.786,-5.95],[-35.787,-5.952],[-35.788,-5.953],[-35.788,-5.955],[-35.789,-5.956],[-35.788,-5.959],[-35.79,-5.959],[-35.79,-5.962],[-35.792,-5.962],[-35.793,-5.963],[-35.791,-5.963],[-35.79,-5.964],[-35.791,-5.965],[-35.793,-5.966],[-35.793,-5.967],[-35.795,-5.97],[-35.796,-5.97],[-35.794,-5.971],[-35.794,-5.973],[-35.795,-5.974],[-35.797,-5.973],[-35.798,-5.973],[-35.8,-5.975],[-35.8,-5.979],[-35.799,-5.98],[-35.798,-5.984],[-35.799,-5.985],[-35.8,-5.985],[-35.799,-5.988],[-35.8,-5.988],[-35.801,-5.992],[-35.799,-5.994],[-35.799,-5.995],[-35.8,-5.996],[-35.799,-5.997],[-35.8,-5.998],[-35.8,-5.999],[-35.799,-6],[-35.797,-6.001],[-35.797,-6.002],[-35.799,-6.005],[-35.798,-6.01],[-35.788,-6.01],[-35.786,-6.012],[-35.781,-6.012],[-35.781,-6.013],[-35.785,-6.012],[-35.786,-6.012],[-35.792,-6.01],[-35.794,-6.01],[-35.798,-6.011],[-35.794,-6.016],[-35.796,-6.019],[-35.798,-6.02],[-35.799,-6.021],[-35.798,-6.024],[-35.799,-6.024],[-35.797,-6.025],[-35.797,-6.026],[-35.795,-6.028],[-35.796,-6.03],[-35.795,-6.031],[-35.794,-6.031],[-35.791,-6.032],[-35.79,-6.035],[-35.788,-6.036],[-35.786,-6.036],[-35.784,-6.037],[-35.782,-6.039],[-35.78,-6.039],[-35.779,-6.042],[-35.775,-6.044],[-35.774,-6.043],[-35.774,-6.044],[-35.775,-6.045],[-35.779,-6.043],[-35.781,-6.04],[-35.782,-6.039],[-35.784,-6.037],[-35.788,-6.037],[-35.79,-6.035],[-35.791,-6.032],[-35.794,-6.032],[-35.794,-6.033],[-35.797,-6.031],[-35.798,-6.028],[-35.796,-6.027],[-35.798,-6.026],[-35.798,-6.025],[-35.799,-6.025],[-35.799,-6.021],[-35.798,-6.019],[-35.797,-6.019],[-35.795,-6.016],[-35.799,-6.01],[-35.799,-6.008],[-35.8,-6.011],[-35.803,-6.013],[-35.804,-6.013],[-35.805,-6.012],[-35.805,-6.013],[-35.807,-6.013],[-35.807,-6.015],[-35.806,-6.019],[-35.808,-6.019],[-35.807,-6.02],[-35.807,-6.021],[-35.809,-6.023],[-35.809,-6.024],[-35.811,-6.026],[-35.81,-6.026],[-35.811,-6.027],[-35.811,-6.031],[-35.809,-6.032],[-35.808,-6.032],[-35.809,-6.033],[-35.807,-6.034],[-35.807,-6.035],[-35.806,-6.037],[-35.806,-6.039],[-35.808,-6.04],[-35.807,-6.041],[-35.808,-6.042],[-35.808,-6.045],[-35.811,-6.046],[-35.813,-6.047],[-35.813,-6.049],[-35.812,-6.051],[-35.814,-6.054],[-35.812,-6.054],[-35.81,-6.057],[-35.808,-6.059],[-35.806,-6.06],[-35.805,-6.061],[-35.8,-6.062],[-35.799,-6.065],[-35.797,-6.065],[-35.796,-6.066],[-35.8,-6.066],[-35.8,-6.063],[-35.805,-6.062],[-35.807,-6.06],[-35.808,-6.06],[-35.811,-6.057],[-35.813,-6.055],[-35.815,-6.054],[-35.813,-6.051],[-35.813,-6.047],[-35.812,-6.046],[-35.811,-6.044],[-35.809,-6.042],[-35.808,-6.041],[-35.808,-6.039],[-35.807,-6.039],[-35.807,-6.037],[-35.808,-6.035],[-35.808,-6.034],[-35.809,-6.033],[-35.809,-6.032],[-35.81,-6.032],[-35.811,-6.031],[-35.812,-6.027],[-35.811,-6.026],[-35.812,-6.025],[-35.809,-6.024],[-35.809,-6.023],[-35.808,-6.021],[-35.808,-6.02],[-35.809,-6.02],[-35.81,-6.021],[-35.812,-6.021],[-35.813,-6.023],[-35.813,-6.024],[-35.817,-6.027],[-35.818,-6.028],[-35.82,-6.029],[-35.819,-6.03],[-35.821,-6.033],[-35.824,-6.035],[-35.825,-6.037],[-35.822,-6.038],[-35.821,-6.039],[-35.824,-6.042],[-35.825,-6.043],[-35.826,-6.042],[-35.828,-6.044],[-35.833,-6.046],[-35.835,-6.049],[-35.837,-6.049],[-35.837,-6.05],[-35.839,-6.05],[-35.839,-6.053],[-35.838,-6.054],[-35.839,-6.056],[-35.84,-6.058],[-35.842,-6.058],[-35.842,-6.06],[-35.847,-6.062],[-35.846,-6.064],[-35.847,-6.065],[-35.846,-6.066],[-35.848,-6.071],[-35.85,-6.073],[-35.85,-6.074],[-35.852,-6.078],[-35.853,-6.079],[-35.853,-6.08],[-35.855,-6.08],[-35.857,-6.083],[-35.857,-6.084],[-35.859,-6.085],[-35.858,-6.086],[-35.86,-6.087],[-35.864,-6.087],[-35.865,-6.088],[-35.864,-6.087],[-35.86,-6.087],[-35.859,-6.086],[-35.859,-6.084],[-35.857,-6.083],[-35.857,-6.082],[-35.855,-6.08],[-35.854,-6.08],[-35.853,-6.078],[-35.852,-6.078],[-35.85,-6.074],[-35.851,-6.073],[-35.85,-6.072],[-35.848,-6.071],[-35.847,-6.066],[-35.848,-6.065],[-35.847,-6.064],[-35.847,-6.061],[-35.845,-6.06],[-35.843,-6.06],[-35.843,-6.058],[-35.84,-6.057],[-35.839,-6.057],[-35.839,-6.054],[-35.84,-6.053],[-35.839,-6.05],[-35.837,-6.05],[-35.837,-6.048],[-35.835,-6.049],[-35.833,-6.046],[-35.831,-6.044],[-35.831,-6.043],[-35.83,-6.041],[-35.83,-6.038],[-35.825,-6.036],[-35.825,-6.035],[-35.824,-6.035],[-35.82,-6.03],[-35.82,-6.029],[-35.819,-6.028],[-35.818,-6.026],[-35.814,-6.024],[-35.814,-6.023],[-35.812,-6.021],[-35.81,-6.02],[-35.81,-6.019],[-35.807,-6.018],[-35.808,-6.015],[-35.807,-6.013],[-35.812,-6.014],[-35.813,-6.015],[-35.815,-6.015],[-35.815,-6.017],[-35.819,-6.019],[-35.82,-6.022],[-35.821,-6.022],[-35.825,-6.023],[-35.827,-6.023],[-35.83,-6.024],[-35.832,-6.026],[-35.835,-6.032],[-35.836,-6.034],[-35.837,-6.034],[-35.84,-6.037],[-35.846,-6.041],[-35.847,-6.042],[-35.849,-6.042],[-35.85,-6.043],[-35.854,-6.044],[-35.857,-6.048],[-35.859,-6.05],[-35.86,-6.051],[-35.86,-6.053],[-35.86,-6.051],[-35.859,-6.05],[-35.858,-6.047],[-35.854,-6.043],[-35.85,-6.043],[-35.85,-6.042],[-35.848,-6.042],[-35.848,-6.041],[-35.846,-6.041],[-35.84,-6.037],[-35.838,-6.034],[-35.836,-6.033],[-35.836,-6.031],[-35.833,-6.026],[-35.831,-6.025],[-35.83,-6.024],[-35.827,-6.023],[-35.825,-6.023],[-35.824,-6.022],[-35.82,-6.022],[-35.819,-6.019],[-35.816,-6.016],[-35.815,-6.015],[-35.813,-6.014],[-35.812,-6.013],[-35.808,-6.013],[-35.807,-6.012],[-35.805,-6.012],[-35.804,-6.013],[-35.803,-6.012],[-35.801,-6.011],[-35.8,-6.008],[-35.799,-6.007],[-35.799,-6.004],[-35.797,-6.002],[-35.799,-6],[-35.8,-5.999],[-35.8,-5.994],[-35.802,-5.992],[-35.801,-5.988],[-35.801,-5.984],[-35.8,-5.984],[-35.8,-5.98],[-35.801,-5.981],[-35.801,-5.983],[-35.804,-5.985],[-35.806,-5.986],[-35.806,-5.985],[-35.807,-5.986],[-35.808,-5.986],[-35.809,-5.987],[-35.806,-5.987],[-35.806,-5.988],[-35.811,-5.989],[-35.811,-5.991],[-35.812,-5.993],[-35.816,-5.997],[-35.815,-5.998],[-35.817,-5.999],[-35.818,-5.999],[-35.819,-5.998],[-35.82,-5.999],[-35.82,-6],[-35.821,-6],[-35.821,-6.002],[-35.823,-6.003],[-35.823,-6.005],[-35.825,-6.005],[-35.826,-6.007],[-35.828,-6.007],[-35.828,-6.012],[-35.829,-6.013],[-35.835,-6.015],[-35.836,-6.017],[-35.837,-6.017],[-35.835,-6.015],[-35.829,-6.012],[-35.829,-6.011],[-35.828,-6.007],[-35.827,-6.007],[-35.825,-6.005],[-35.823,-6.005],[-35.823,-6.003],[-35.822,-6.002],[-35.822,-6],[-35.819,-5.997],[-35.816,-5.996],[-35.814,-5.995],[-35.814,-5.994],[-35.813,-5.993],[-35.811,-5.991],[-35.811,-5.988],[-35.81,-5.987],[-35.809,-5.985],[-35.804,-5.985],[-35.802,-5.984],[-35.801,-5.98],[-35.8,-5.98],[-35.801,-5.977],[-35.8,-5.975],[-35.799,-5.972],[-35.798,-5.972],[-35.797,-5.973],[-35.795,-5.973],[-35.794,-5.971],[-35.796,-5.971],[-35.797,-5.97],[-35.795,-5.969],[-35.793,-5.967],[-35.794,-5.966],[-35.791,-5.964],[-35.793,-5.964],[-35.794,-5.963],[-35.792,-5.962],[-35.79,-5.961],[-35.792,-5.961],[-35.793,-5.962],[-35.795,-5.961],[-35.795,-5.96],[-35.797,-5.959],[-35.798,-5.96],[-35.798,-5.962],[-35.801,-5.964],[-35.802,-5.964],[-35.803,-5.961],[-35.804,-5.961],[-35.807,-5.966],[-35.81,-5.966],[-35.812,-5.967],[-35.811,-5.969],[-35.812,-5.97],[-35.813,-5.969],[-35.817,-5.972],[-35.819,-5.971],[-35.82,-5.97],[-35.82,-5.972],[-35.823,-5.974],[-35.823,-5.975],[-35.822,-5.975],[-35.822,-5.976],[-35.824,-5.977],[-35.823,-5.979],[-35.825,-5.98],[-35.826,-5.982],[-35.828,-5.983],[-35.827,-5.984],[-35.826,-5.985],[-35.827,-5.986],[-35.827,-5.988],[-35.831,-5.989],[-35.829,-5.991],[-35.83,-5.993],[-35.832,-5.994],[-35.834,-5.993],[-35.837,-5.99],[-35.836,-5.994],[-35.837,-5.996],[-35.839,-5.997],[-35.838,-6.001],[-35.84,-6.003],[-35.839,-6.004],[-35.84,-6.007],[-35.841,-6.008],[-35.843,-6.009],[-35.846,-6.011],[-35.846,-6.014],[-35.845,-6.017],[-35.848,-6.019],[-35.848,-6.03],[-35.853,-6.033],[-35.854,-6.034],[-35.856,-6.035],[-35.857,-6.038],[-35.859,-6.04],[-35.859,-6.039],[-35.857,-6.037],[-35.856,-6.035],[-35.855,-6.034],[-35.854,-6.032],[-35.849,-6.03],[-35.848,-6.028],[-35.849,-6.023],[-35.848,-6.021],[-35.848,-6.018],[-35.846,-6.016],[-35.847,-6.014],[-35.846,-6.01],[-35.843,-6.008],[-35.842,-6.007],[-35.841,-6.003],[-35.84,-6.003],[-35.839,-6.001],[-35.839,-5.999],[-35.84,-5.997],[-35.841,-5.997],[-35.84,-6],[-35.841,-6.001],[-35.847,-6.001],[-35.85,-6.004],[-35.85,-6.005],[-35.849,-6.006],[-35.849,-6.007],[-35.851,-6.008],[-35.853,-6.011],[-35.853,-6.012],[-35.855,-6.014],[-35.857,-6.017],[-35.858,-6.016],[-35.854,-6.013],[-35.854,-6.011],[-35.852,-6.01],[-35.851,-6.006],[-35.851,-6.005],[-35.85,-6.004],[-35.849,-6.003],[-35.85,-6.003],[-35.852,-6.002],[-35.853,-6.003],[-35.858,-6.004],[-35.861,-6.004],[-35.862,-6.006],[-35.865,-6.006],[-35.868,-6.009],[-35.868,-6.012],[-35.867,-6.015],[-35.867,-6.016],[-35.866,-6.018],[-35.867,-6.018],[-35.866,-6.02],[-35.869,-6.026],[-35.869,-6.028],[-35.868,-6.029],[-35.87,-6.033],[-35.869,-6.037],[-35.869,-6.042],[-35.871,-6.043],[-35.871,-6.049],[-35.867,-6.05],[-35.867,-6.052],[-35.865,-6.053],[-35.865,-6.055],[-35.862,-6.057],[-35.86,-6.061],[-35.862,-6.058],[-35.865,-6.055],[-35.866,-6.054],[-35.868,-6.052],[-35.867,-6.05],[-35.871,-6.049],[-35.872,-6.047],[-35.875,-6.049],[-35.876,-6.052],[-35.878,-6.054],[-35.877,-6.057],[-35.875,-6.06],[-35.877,-6.062],[-35.877,-6.063],[-35.875,-6.065],[-35.872,-6.066],[-35.868,-6.07],[-35.866,-6.071],[-35.866,-6.074],[-35.867,-6.075],[-35.865,-6.078],[-35.866,-6.08],[-35.866,-6.077],[-35.868,-6.075],[-35.868,-6.074],[-35.867,-6.074],[-35.867,-6.071],[-35.869,-6.071],[-35.872,-6.066],[-35.875,-6.066],[-35.877,-6.065],[-35.877,-6.062],[-35.881,-6.064],[-35.882,-6.065],[-35.881,-6.071],[-35.88,-6.072],[-35.88,-6.075],[-35.881,-6.076],[-35.878,-6.077],[-35.878,-6.078],[-35.88,-6.081],[-35.881,-6.085],[-35.882,-6.086],[-35.882,-6.088],[-35.884,-6.093],[-35.884,-6.094],[-35.882,-6.095],[-35.876,-6.096],[-35.874,-6.095],[-35.875,-6.093],[-35.874,-6.092],[-35.873,-6.095],[-35.874,-6.096],[-35.877,-6.097],[-35.879,-6.096],[-35.882,-6.095],[-35.884,-6.094],[-35.885,-6.093],[-35.885,-6.097],[-35.886,-6.1],[-35.886,-6.103],[-35.888,-6.104],[-35.889,-6.106],[-35.891,-6.108],[-35.891,-6.112],[-35.89,-6.115],[-35.891,-6.117],[-35.894,-6.121],[-35.896,-6.126],[-35.898,-6.13],[-35.898,-6.132],[-35.896,-6.135],[-35.896,-6.136],[-35.894,-6.136],[-35.893,-6.137],[-35.892,-6.138],[-35.892,-6.141],[-35.889,-6.142],[-35.89,-6.143],[-35.892,-6.141],[-35.894,-6.137],[-35.897,-6.135],[-35.899,-6.133],[-35.899,-6.13],[-35.896,-6.126],[-35.895,-6.121],[-35.892,-6.116],[-35.891,-6.115],[-35.892,-6.112],[-35.891,-6.108],[-35.889,-6.106],[-35.889,-6.104],[-35.887,-6.103],[-35.887,-6.1],[-35.886,-6.097],[-35.886,-6.095],[-35.885,-6.092],[-35.884,-6.089],[-35.885,-6.089],[-35.888,-6.09],[-35.89,-6.09],[-35.892,-6.091],[-35.892,-6.094],[-35.895,-6.098],[-35.897,-6.099],[-35.899,-6.099],[-35.899,-6.101],[-35.903,-6.107],[-35.902,-6.109],[-35.903,-6.11],[-35.904,-6.111],[-35.903,-6.113],[-35.905,-6.115],[-35.906,-6.115],[-35.907,-6.12],[-35.908,-6.123],[-35.906,-6.125],[-35.907,-6.129],[-35.906,-6.131],[-35.906,-6.134],[-35.904,-6.135],[-35.903,-6.137],[-35.902,-6.139],[-35.903,-6.142],[-35.901,-6.144],[-35.901,-6.151],[-35.901,-6.148],[-35.902,-6.147],[-35.902,-6.144],[-35.903,-6.143],[-35.904,-6.142],[-35.903,-6.139],[-35.904,-6.138],[-35.904,-6.135],[-35.907,-6.134],[-35.907,-6.133],[-35.909,-6.133],[-35.911,-6.138],[-35.911,-6.14],[-35.912,-6.141],[-35.912,-6.147],[-35.913,-6.147],[-35.913,-6.141],[-35.912,-6.139],[-35.911,-6.138],[-35.91,-6.133],[-35.907,-6.132],[-35.908,-6.129],[-35.907,-6.125],[-35.909,-6.124],[-35.91,-6.129],[-35.911,-6.13],[-35.914,-6.13],[-35.916,-6.131],[-35.914,-6.129],[-35.911,-6.13],[-35.91,-6.129],[-35.91,-6.127],[-35.909,-6.122],[-35.91,-6.119],[-35.909,-6.119],[-35.909,-6.117],[-35.908,-6.116],[-35.907,-6.116],[-35.907,-6.114],[-35.904,-6.113],[-35.905,-6.111],[-35.904,-6.109],[-35.905,-6.107],[-35.903,-6.105],[-35.902,-6.103],[-35.902,-6.102],[-35.905,-6.104],[-35.907,-6.103],[-35.911,-6.103],[-35.914,-6.104],[-35.914,-6.106],[-35.913,-6.106],[-35.913,-6.107],[-35.917,-6.11],[-35.918,-6.112],[-35.919,-6.114],[-35.918,-6.115],[-35.917,-6.116],[-35.916,-6.118],[-35.919,-6.12],[-35.92,-6.124],[-35.921,-6.124],[-35.923,-6.126],[-35.922,-6.128],[-35.92,-6.129],[-35.92,-6.131],[-35.919,-6.132],[-35.917,-6.138],[-35.918,-6.138],[-35.919,-6.132],[-35.921,-6.132],[-35.921,-6.13],[-35.922,-6.129],[-35.923,-6.127],[-35.925,-6.128],[-35.925,-6.131],[-35.926,-6.131],[-35.926,-6.128],[-35.924,-6.127],[-35.924,-6.125],[-35.923,-6.124],[-35.923,-6.123],[-35.925,-6.124],[-35.927,-6.126],[-35.931,-6.127],[-35.93,-6.129],[-35.928,-6.129],[-35.929,-6.13],[-35.93,-6.131],[-35.93,-6.132],[-35.931,-6.134],[-35.929,-6.135],[-35.928,-6.138],[-35.929,-6.141],[-35.927,-6.142],[-35.927,-6.143],[-35.928,-6.144],[-35.929,-6.145],[-35.93,-6.144],[-35.93,-6.146],[-35.931,-6.148],[-35.929,-6.15],[-35.93,-6.152],[-35.93,-6.155],[-35.929,-6.159],[-35.93,-6.162],[-35.93,-6.164],[-35.933,-6.166],[-35.933,-6.165],[-35.931,-6.164],[-35.931,-6.161],[-35.929,-6.159],[-35.931,-6.155],[-35.931,-6.152],[-35.93,-6.15],[-35.931,-6.149],[-35.934,-6.149],[-35.935,-6.151],[-35.937,-6.153],[-35.938,-6.153],[-35.939,-6.155],[-35.941,-6.157],[-35.942,-6.161],[-35.946,-6.166],[-35.947,-6.167],[-35.949,-6.167],[-35.952,-6.169],[-35.953,-6.169],[-35.955,-6.17],[-35.956,-6.17],[-35.954,-6.169],[-35.952,-6.169],[-35.949,-6.167],[-35.947,-6.166],[-35.946,-6.166],[-35.943,-6.161],[-35.942,-6.156],[-35.939,-6.155],[-35.939,-6.153],[-35.937,-6.152],[-35.935,-6.151],[-35.934,-6.149],[-35.932,-6.149],[-35.931,-6.144],[-35.928,-6.144],[-35.928,-6.142],[-35.929,-6.142],[-35.929,-6.138],[-35.931,-6.134],[-35.931,-6.135],[-35.934,-6.136],[-35.934,-6.138],[-35.937,-6.142],[-35.939,-6.143],[-35.942,-6.143],[-35.945,-6.144],[-35.946,-6.145],[-35.947,-6.148],[-35.951,-6.151],[-35.954,-6.156],[-35.957,-6.158],[-35.958,-6.158],[-35.958,-6.159],[-35.959,-6.161],[-35.961,-6.162],[-35.961,-6.163],[-35.963,-6.164],[-35.963,-6.168],[-35.964,-6.168],[-35.963,-6.164],[-35.962,-6.163],[-35.961,-6.161],[-35.96,-6.16],[-35.958,-6.159],[-35.958,-6.158],[-35.955,-6.156],[-35.951,-6.151],[-35.947,-6.147],[-35.947,-6.145],[-35.945,-6.144],[-35.942,-6.143],[-35.939,-6.143],[-35.937,-6.141],[-35.935,-6.138],[-35.934,-6.136],[-35.932,-6.135],[-35.932,-6.133],[-35.931,-6.132],[-35.932,-6.131],[-35.93,-6.13],[-35.933,-6.127],[-35.934,-6.127],[-35.935,-6.129],[-35.937,-6.13],[-35.939,-6.13],[-35.94,-6.131],[-35.942,-6.134],[-35.944,-6.133],[-35.947,-6.134],[-35.948,-6.136],[-35.95,-6.138],[-35.953,-6.138],[-35.958,-6.14],[-35.961,-6.14],[-35.966,-6.141],[-35.969,-6.143],[-35.971,-6.143],[-35.972,-6.144],[-35.974,-6.144],[-35.977,-6.143],[-35.978,-6.144],[-35.981,-6.144],[-35.983,-6.146],[-35.984,-6.145],[-35.981,-6.144],[-35.979,-6.143],[-35.977,-6.142],[-35.978,-6.14],[-35.979,-6.137],[-35.977,-6.134],[-35.973,-6.134],[-35.973,-6.135],[-35.977,-6.135],[-35.978,-6.137],[-35.977,-6.142],[-35.975,-6.142],[-35.973,-6.143],[-35.971,-6.142],[-35.969,-6.142],[-35.967,-6.14],[-35.961,-6.139],[-35.958,-6.139],[-35.954,-6.137],[-35.951,-6.137],[-35.952,-6.136],[-35.954,-6.136],[-35.956,-6.134],[-35.957,-6.134],[-35.958,-6.133],[-35.959,-6.132],[-35.965,-6.133],[-35.966,-6.132],[-35.959,-6.132],[-35.957,-6.133],[-35.957,-6.134],[-35.955,-6.134],[-35.953,-6.136],[-35.952,-6.136],[-35.95,-6.137],[-35.948,-6.132],[-35.944,-6.132],[-35.943,-6.133],[-35.941,-6.13],[-35.94,-6.129],[-35.937,-6.129],[-35.935,-6.127],[-35.938,-6.126],[-35.939,-6.127],[-35.942,-6.126],[-35.943,-6.127],[-35.948,-6.127],[-35.952,-6.126],[-35.961,-6.127],[-35.961,-6.126],[-35.952,-6.126],[-35.948,-6.127],[-35.945,-6.126],[-35.943,-6.127],[-35.942,-6.126],[-35.939,-6.126],[-35.938,-6.125],[-35.935,-6.126],[-35.934,-6.126],[-35.93,-6.125],[-35.927,-6.125],[-35.926,-6.123],[-35.927,-6.123],[-35.931,-6.12],[-35.933,-6.118],[-35.936,-6.117],[-35.938,-6.118],[-35.938,-6.117],[-35.933,-6.117],[-35.927,-6.122],[-35.923,-6.122],[-35.922,-6.123],[-35.921,-6.122],[-35.92,-6.123],[-35.92,-6.118],[-35.921,-6.117],[-35.922,-6.118],[-35.924,-6.117],[-35.923,-6.115],[-35.924,-6.113],[-35.922,-6.112],[-35.922,-6.111],[-35.921,-6.11],[-35.922,-6.109],[-35.921,-6.108],[-35.923,-6.107],[-35.923,-6.105],[-35.924,-6.105],[-35.926,-6.106],[-35.927,-6.105],[-35.928,-6.106],[-35.929,-6.105],[-35.931,-6.108],[-35.931,-6.109],[-35.933,-6.111],[-35.94,-6.116],[-35.943,-6.116],[-35.947,-6.115],[-35.949,-6.117],[-35.953,-6.116],[-35.958,-6.117],[-35.96,-6.117],[-35.961,-6.118],[-35.963,-6.122],[-35.967,-6.124],[-35.975,-6.126],[-35.977,-6.125],[-35.973,-6.125],[-35.967,-6.124],[-35.964,-6.122],[-35.961,-6.118],[-35.96,-6.117],[-35.962,-6.117],[-35.965,-6.115],[-35.969,-6.114],[-35.971,-6.115],[-35.972,-6.114],[-35.977,-6.113],[-35.982,-6.111],[-35.985,-6.109],[-35.986,-6.107],[-35.985,-6.103],[-35.984,-6.103],[-35.985,-6.107],[-35.983,-6.11],[-35.979,-6.112],[-35.977,-6.113],[-35.972,-6.113],[-35.971,-6.114],[-35.969,-6.113],[-35.964,-6.114],[-35.961,-6.116],[-35.958,-6.116],[-35.953,-6.115],[-35.949,-6.116],[-35.949,-6.115],[-35.947,-6.114],[-35.943,-6.115],[-35.94,-6.114],[-35.934,-6.11],[-35.932,-6.109],[-35.932,-6.108],[-35.94,-6.108],[-35.94,-6.107],[-35.942,-6.107],[-35.944,-6.109],[-35.944,-6.111],[-35.947,-6.111],[-35.948,-6.11],[-35.95,-6.111],[-35.954,-6.109],[-35.96,-6.111],[-35.964,-6.111],[-35.966,-6.11],[-35.97,-6.109],[-35.971,-6.108],[-35.97,-6.109],[-35.961,-6.11],[-35.96,-6.11],[-35.954,-6.108],[-35.953,-6.11],[-35.952,-6.109],[-35.954,-6.108],[-35.955,-6.106],[-35.96,-6.105],[-35.963,-6.105],[-35.965,-6.104],[-35.97,-6.104],[-35.972,-6.102],[-35.973,-6.101],[-35.974,-6.101],[-35.975,-6.1],[-35.974,-6.1],[-35.974,-6.101],[-35.972,-6.101],[-35.972,-6.102],[-35.971,-6.103],[-35.964,-6.103],[-35.963,-6.104],[-35.96,-6.104],[-35.956,-6.105],[-35.954,-6.105],[-35.953,-6.108],[-35.952,-6.108],[-35.95,-6.109],[-35.947,-6.108],[-35.946,-6.11],[-35.942,-6.106],[-35.94,-6.106],[-35.938,-6.107],[-35.937,-6.106],[-35.932,-6.106],[-35.929,-6.104],[-35.928,-6.105],[-35.927,-6.104],[-35.924,-6.104],[-35.921,-6.101],[-35.92,-6.102],[-35.919,-6.104],[-35.918,-6.105],[-35.917,-6.106],[-35.916,-6.105],[-35.915,-6.105],[-35.915,-6.102],[-35.912,-6.101],[-35.91,-6.101],[-35.909,-6.102],[-35.905,-6.102],[-35.903,-6.101],[-35.901,-6.102],[-35.9,-6.101],[-35.901,-6.099],[-35.9,-6.098],[-35.899,-6.097],[-35.897,-6.098],[-35.895,-6.097],[-35.893,-6.094],[-35.894,-6.092],[-35.893,-6.09],[-35.891,-6.089],[-35.888,-6.089],[-35.885,-6.088],[-35.883,-6.088],[-35.883,-6.086],[-35.882,-6.085],[-35.881,-6.081],[-35.88,-6.078],[-35.882,-6.077],[-35.882,-6.076],[-35.881,-6.072],[-35.882,-6.071],[-35.883,-6.068],[-35.883,-6.065],[-35.882,-6.063],[-35.877,-6.061],[-35.876,-6.06],[-35.878,-6.057],[-35.879,-6.054],[-35.877,-6.051],[-35.876,-6.048],[-35.873,-6.047],[-35.872,-6.043],[-35.87,-6.041],[-35.87,-6.038],[-35.871,-6.033],[-35.87,-6.029],[-35.87,-6.026],[-35.869,-6.022],[-35.867,-6.02],[-35.869,-6.016],[-35.868,-6.015],[-35.869,-6.014],[-35.871,-6.015],[-35.875,-6.017],[-35.874,-6.019],[-35.875,-6.02],[-35.876,-6.022],[-35.878,-6.024],[-35.878,-6.025],[-35.88,-6.028],[-35.881,-6.028],[-35.882,-6.029],[-35.883,-6.029],[-35.883,-6.03],[-35.882,-6.03],[-35.88,-6.031],[-35.881,-6.033],[-35.88,-6.034],[-35.881,-6.035],[-35.882,-6.039],[-35.883,-6.04],[-35.884,-6.041],[-35.883,-6.044],[-35.884,-6.046],[-35.883,-6.048],[-35.884,-6.05],[-35.883,-6.051],[-35.884,-6.053],[-35.886,-6.057],[-35.887,-6.057],[-35.887,-6.059],[-35.89,-6.063],[-35.891,-6.067],[-35.895,-6.071],[-35.898,-6.077],[-35.899,-6.079],[-35.901,-6.081],[-35.902,-6.082],[-35.904,-6.086],[-35.903,-6.088],[-35.904,-6.09],[-35.908,-6.094],[-35.913,-6.098],[-35.914,-6.098],[-35.913,-6.097],[-35.91,-6.096],[-35.904,-6.09],[-35.904,-6.086],[-35.903,-6.082],[-35.901,-6.081],[-35.9,-6.078],[-35.898,-6.076],[-35.896,-6.07],[-35.895,-6.069],[-35.892,-6.068],[-35.891,-6.066],[-35.89,-6.063],[-35.888,-6.06],[-35.888,-6.057],[-35.886,-6.054],[-35.886,-6.05],[-35.884,-6.05],[-35.884,-6.048],[-35.885,-6.046],[-35.883,-6.044],[-35.884,-6.042],[-35.884,-6.04],[-35.885,-6.04],[-35.885,-6.042],[-35.888,-6.044],[-35.886,-6.046],[-35.887,-6.048],[-35.888,-6.049],[-35.892,-6.051],[-35.894,-6.052],[-35.894,-6.055],[-35.895,-6.056],[-35.894,-6.058],[-35.895,-6.06],[-35.895,-6.062],[-35.897,-6.063],[-35.898,-6.063],[-35.898,-6.064],[-35.902,-6.064],[-35.903,-6.067],[-35.907,-6.071],[-35.909,-6.071],[-35.911,-6.072],[-35.909,-6.074],[-35.908,-6.076],[-35.909,-6.078],[-35.911,-6.079],[-35.913,-6.08],[-35.915,-6.079],[-35.916,-6.082],[-35.92,-6.086],[-35.92,-6.088],[-35.921,-6.089],[-35.924,-6.089],[-35.926,-6.092],[-35.932,-6.093],[-35.936,-6.097],[-35.937,-6.096],[-35.934,-6.094],[-35.932,-6.093],[-35.926,-6.091],[-35.924,-6.089],[-35.921,-6.089],[-35.92,-6.086],[-35.924,-6.086],[-35.927,-6.088],[-35.928,-6.087],[-35.929,-6.088],[-35.933,-6.088],[-35.935,-6.087],[-35.937,-6.087],[-35.94,-6.084],[-35.946,-6.088],[-35.947,-6.088],[-35.944,-6.087],[-35.94,-6.083],[-35.936,-6.087],[-35.934,-6.087],[-35.933,-6.088],[-35.93,-6.087],[-35.928,-6.086],[-35.927,-6.087],[-35.924,-6.085],[-35.92,-6.085],[-35.917,-6.082],[-35.917,-6.079],[-35.916,-6.078],[-35.911,-6.078],[-35.91,-6.077],[-35.91,-6.075],[-35.912,-6.073],[-35.911,-6.071],[-35.917,-6.071],[-35.919,-6.068],[-35.919,-6.066],[-35.923,-6.068],[-35.925,-6.07],[-35.929,-6.074],[-35.933,-6.076],[-35.933,-6.075],[-35.931,-6.074],[-35.929,-6.073],[-35.923,-6.068],[-35.919,-6.065],[-35.918,-6.066],[-35.918,-6.068],[-35.916,-6.071],[-35.912,-6.071],[-35.909,-6.069],[-35.906,-6.069],[-35.906,-6.068],[-35.904,-6.066],[-35.903,-6.063],[-35.899,-6.063],[-35.899,-6.062],[-35.897,-6.062],[-35.896,-6.061],[-35.896,-6.06],[-35.895,-6.058],[-35.896,-6.057],[-35.897,-6.06],[-35.898,-6.061],[-35.902,-6.061],[-35.907,-6.059],[-35.907,-6.058],[-35.902,-6.06],[-35.898,-6.06],[-35.895,-6.054],[-35.895,-6.052],[-35.893,-6.05],[-35.889,-6.049],[-35.893,-6.047],[-35.896,-6.049],[-35.897,-6.05],[-35.902,-6.05],[-35.903,-6.048],[-35.906,-6.047],[-35.908,-6.049],[-35.908,-6.052],[-35.909,-6.055],[-35.912,-6.056],[-35.913,-6.057],[-35.917,-6.058],[-35.918,-6.057],[-35.921,-6.059],[-35.926,-6.057],[-35.928,-6.059],[-35.929,-6.06],[-35.93,-6.059],[-35.932,-6.061],[-35.935,-6.063],[-35.938,-6.065],[-35.939,-6.065],[-35.94,-6.064],[-35.94,-6.067],[-35.941,-6.068],[-35.942,-6.069],[-35.946,-6.071],[-35.946,-6.073],[-35.947,-6.074],[-35.949,-6.076],[-35.952,-6.08],[-35.952,-6.082],[-35.95,-6.082],[-35.949,-6.083],[-35.947,-6.084],[-35.946,-6.084],[-35.946,-6.085],[-35.948,-6.084],[-35.95,-6.084],[-35.95,-6.082],[-35.951,-6.083],[-35.952,-6.082],[-35.953,-6.08],[-35.95,-6.076],[-35.947,-6.074],[-35.947,-6.071],[-35.949,-6.072],[-35.951,-6.072],[-35.953,-6.071],[-35.957,-6.075],[-35.96,-6.075],[-35.966,-6.079],[-35.969,-6.078],[-35.975,-6.082],[-35.977,-6.082],[-35.978,-6.081],[-35.975,-6.081],[-35.97,-6.078],[-35.967,-6.078],[-35.96,-6.075],[-35.958,-6.074],[-35.953,-6.071],[-35.951,-6.072],[-35.949,-6.072],[-35.947,-6.07],[-35.942,-6.068],[-35.941,-6.066],[-35.941,-6.065],[-35.943,-6.065],[-35.946,-6.066],[-35.951,-6.064],[-35.957,-6.064],[-35.959,-6.065],[-35.959,-6.064],[-35.951,-6.063],[-35.945,-6.066],[-35.943,-6.065],[-35.943,-6.064],[-35.941,-6.064],[-35.94,-6.063],[-35.939,-6.063],[-35.938,-6.064],[-35.936,-6.062],[-35.933,-6.06],[-35.93,-6.058],[-35.929,-6.058],[-35.926,-6.056],[-35.921,-6.057],[-35.918,-6.056],[-35.913,-6.056],[-35.912,-6.055],[-35.91,-6.054],[-35.909,-6.052],[-35.909,-6.048],[-35.906,-6.046],[-35.902,-6.047],[-35.901,-6.049],[-35.9,-6.048],[-35.899,-6.049],[-35.898,-6.049],[-35.897,-6.048],[-35.893,-6.046],[-35.888,-6.047],[-35.887,-6.046],[-35.889,-6.045],[-35.889,-6.043],[-35.886,-6.041],[-35.886,-6.04],[-35.885,-6.039],[-35.883,-6.039],[-35.882,-6.032],[-35.882,-6.031],[-35.886,-6.033],[-35.889,-6.032],[-35.892,-6.033],[-35.895,-6.033],[-35.898,-6.038],[-35.9,-6.039],[-35.9,-6.038],[-35.898,-6.037],[-35.895,-6.033],[-35.892,-6.033],[-35.889,-6.031],[-35.886,-6.032],[-35.884,-6.032],[-35.885,-6.03],[-35.884,-6.029],[-35.882,-6.027],[-35.881,-6.027],[-35.88,-6.025],[-35.88,-6.024],[-35.876,-6.019],[-35.876,-6.017],[-35.872,-6.014],[-35.869,-6.013],[-35.869,-6.009],[-35.867,-6.006],[-35.864,-6.005],[-35.871,-6.008],[-35.873,-6.007],[-35.873,-6.006],[-35.875,-6.007],[-35.875,-6.008],[-35.881,-6.008],[-35.881,-6.007],[-35.877,-6.008],[-35.875,-6.007],[-35.875,-6.006],[-35.873,-6.006],[-35.872,-6.007],[-35.871,-6.007],[-35.865,-6.004],[-35.863,-6.004],[-35.861,-6.003],[-35.858,-6.003],[-35.854,-6.002],[-35.853,-6.001],[-35.851,-6.001],[-35.85,-6.002],[-35.849,-6.002],[-35.848,-6.001],[-35.847,-6],[-35.845,-5.999],[-35.842,-6],[-35.842,-5.996],[-35.84,-5.996],[-35.837,-5.994],[-35.838,-5.991],[-35.838,-5.989],[-35.836,-5.989],[-35.835,-5.991],[-35.834,-5.992],[-35.832,-5.993],[-35.831,-5.992],[-35.832,-5.99],[-35.832,-5.989],[-35.828,-5.987],[-35.828,-5.986],[-35.83,-5.985],[-35.831,-5.984],[-35.833,-5.984],[-35.835,-5.986],[-35.837,-5.986],[-35.841,-5.987],[-35.842,-5.988],[-35.846,-5.987],[-35.847,-5.988],[-35.846,-5.987],[-35.842,-5.987],[-35.841,-5.986],[-35.836,-5.985],[-35.834,-5.983],[-35.835,-5.981],[-35.835,-5.98],[-35.834,-5.981],[-35.832,-5.982],[-35.831,-5.982],[-35.831,-5.98],[-35.828,-5.979],[-35.828,-5.976],[-35.826,-5.975],[-35.825,-5.976],[-35.823,-5.976],[-35.824,-5.975],[-35.824,-5.973],[-35.82,-5.972],[-35.821,-5.971],[-35.823,-5.972],[-35.825,-5.97],[-35.828,-5.965],[-35.831,-5.964],[-35.833,-5.962],[-35.837,-5.962],[-35.834,-5.961],[-35.832,-5.962],[-35.831,-5.963],[-35.828,-5.965],[-35.825,-5.97],[-35.823,-5.971],[-35.821,-5.971],[-35.82,-5.969],[-35.819,-5.97],[-35.818,-5.971],[-35.817,-5.971],[-35.814,-5.968],[-35.812,-5.969],[-35.813,-5.966],[-35.811,-5.965],[-35.808,-5.965],[-35.807,-5.963],[-35.804,-5.959],[-35.803,-5.959],[-35.802,-5.96],[-35.801,-5.963],[-35.799,-5.962],[-35.799,-5.959],[-35.797,-5.958],[-35.794,-5.959],[-35.793,-5.96],[-35.791,-5.96],[-35.791,-5.958],[-35.789,-5.958],[-35.79,-5.956],[-35.789,-5.955],[-35.789,-5.952],[-35.788,-5.951],[-35.789,-5.95],[-35.79,-5.95],[-35.791,-5.951],[-35.792,-5.951],[-35.793,-5.953],[-35.794,-5.953],[-35.8,-5.951],[-35.806,-5.953],[-35.813,-5.951],[-35.816,-5.951],[-35.822,-5.953],[-35.822,-5.952],[-35.816,-5.95],[-35.813,-5.95],[-35.806,-5.952],[-35.801,-5.951],[-35.796,-5.952],[-35.793,-5.952],[-35.792,-5.951],[-35.791,-5.951],[-35.791,-5.95],[-35.787,-5.95],[-35.786,-5.949],[-35.781,-5.948],[-35.776,-5.949],[-35.773,-5.947],[-35.775,-5.945],[-35.775,-5.943],[-35.777,-5.94],[-35.778,-5.936],[-35.78,-5.935],[-35.779,-5.934],[-35.778,-5.936],[-35.776,-5.94],[-35.774,-5.943],[-35.774,-5.945],[-35.773,-5.947],[-35.772,-5.947],[-35.768,-5.948],[-35.759,-5.953],[-35.756,-5.951],[-35.753,-5.954],[-35.753,-5.952],[-35.752,-5.95],[-35.751,-5.949],[-35.746,-5.949],[-35.745,-5.951],[-35.746,-5.953],[-35.744,-5.954],[-35.745,-5.951],[-35.744,-5.949],[-35.743,-5.948],[-35.74,-5.948],[-35.737,-5.949],[-35.734,-5.948],[-35.734,-5.947],[-35.736,-5.945],[-35.74,-5.947],[-35.742,-5.946],[-35.743,-5.944],[-35.744,-5.942],[-35.747,-5.938],[-35.743,-5.942],[-35.743,-5.944],[-35.742,-5.945],[-35.74,-5.946],[-35.736,-5.945],[-35.733,-5.947],[-35.733,-5.946],[-35.732,-5.946],[-35.728,-5.949],[-35.727,-5.951],[-35.728,-5.953],[-35.723,-5.952],[-35.722,-5.951],[-35.722,-5.948],[-35.721,-5.947],[-35.72,-5.946],[-35.72,-5.943],[-35.718,-5.939],[-35.716,-5.939],[-35.714,-5.942],[-35.712,-5.942],[-35.713,-5.939],[-35.712,-5.938],[-35.71,-5.938],[-35.71,-5.933],[-35.706,-5.933],[-35.703,-5.93],[-35.703,-5.929],[-35.706,-5.929],[-35.706,-5.926],[-35.704,-5.926],[-35.704,-5.923],[-35.706,-5.923],[-35.713,-5.924],[-35.718,-5.922],[-35.722,-5.923],[-35.726,-5.922],[-35.728,-5.922],[-35.733,-5.921],[-35.74,-5.925],[-35.74,-5.926],[-35.744,-5.929],[-35.744,-5.928],[-35.741,-5.926],[-35.74,-5.924],[-35.733,-5.92],[-35.736,-5.919],[-35.738,-5.919],[-35.745,-5.921],[-35.745,-5.92],[-35.744,-5.92],[-35.738,-5.918],[-35.736,-5.918],[-35.733,-5.92],[-35.728,-5.921],[-35.723,-5.921],[-35.718,-5.92],[-35.712,-5.923],[-35.706,-5.922],[-35.703,-5.923],[-35.701,-5.922],[-35.7,-5.921],[-35.697,-5.921],[-35.696,-5.924],[-35.696,-5.922],[-35.691,-5.919],[-35.689,-5.919],[-35.69,-5.917],[-35.689,-5.916],[-35.69,-5.916],[-35.69,-5.914],[-35.689,-5.912],[-35.688,-5.911],[-35.682,-5.909],[-35.68,-5.91],[-35.678,-5.913],[-35.675,-5.911],[-35.672,-5.91],[-35.669,-5.91],[-35.668,-5.907],[-35.666,-5.907],[-35.665,-5.909],[-35.663,-5.909],[-35.663,-5.905],[-35.664,-5.903],[-35.663,-5.901],[-35.657,-5.901],[-35.655,-5.9],[-35.652,-5.901],[-35.651,-5.9],[-35.652,-5.897],[-35.651,-5.895],[-35.648,-5.894],[-35.645,-5.892],[-35.64,-5.891],[-35.644,-5.886],[-35.643,-5.884],[-35.644,-5.883],[-35.644,-5.88],[-35.645,-5.879],[-35.646,-5.878],[-35.648,-5.878],[-35.649,-5.879],[-35.648,-5.885],[-35.651,-5.887],[-35.653,-5.888],[-35.657,-5.887],[-35.66,-5.888],[-35.67,-5.89],[-35.676,-5.893],[-35.681,-5.898],[-35.684,-5.9],[-35.688,-5.899],[-35.695,-5.903],[-35.702,-5.904],[-35.704,-5.903],[-35.705,-5.902],[-35.705,-5.9],[-35.706,-5.898],[-35.707,-5.898],[-35.71,-5.901],[-35.71,-5.902],[-35.712,-5.904],[-35.715,-5.905],[-35.716,-5.904],[-35.717,-5.905],[-35.718,-5.904],[-35.721,-5.904],[-35.723,-5.903],[-35.726,-5.904],[-35.73,-5.904],[-35.731,-5.905],[-35.734,-5.907],[-35.736,-5.911],[-35.735,-5.911],[-35.736,-5.912],[-35.736,-5.911],[-35.734,-5.906],[-35.732,-5.904],[-35.73,-5.904],[-35.729,-5.903],[-35.726,-5.903],[-35.723,-5.902],[-35.721,-5.904],[-35.718,-5.904],[-35.717,-5.905],[-35.716,-5.904],[-35.715,-5.904],[-35.712,-5.903],[-35.711,-5.902],[-35.71,-5.9],[-35.708,-5.898],[-35.706,-5.898],[-35.705,-5.9],[-35.702,-5.897],[-35.698,-5.894],[-35.695,-5.894],[-35.695,-5.893],[-35.698,-5.889],[-35.7,-5.888],[-35.702,-5.884],[-35.707,-5.883],[-35.71,-5.883],[-35.716,-5.882],[-35.718,-5.883],[-35.718,-5.882],[-35.725,-5.887],[-35.736,-5.889],[-35.742,-5.894],[-35.75,-5.894],[-35.752,-5.896],[-35.752,-5.899],[-35.753,-5.9],[-35.754,-5.9],[-35.757,-5.898],[-35.758,-5.899],[-35.759,-5.898],[-35.761,-5.896],[-35.763,-5.896],[-35.765,-5.898],[-35.767,-5.901],[-35.768,-5.901],[-35.768,-5.904],[-35.769,-5.906],[-35.771,-5.907],[-35.771,-5.908],[-35.775,-5.911],[-35.777,-5.912],[-35.78,-5.915],[-35.782,-5.917],[-35.784,-5.918],[-35.786,-5.92],[-35.787,-5.922],[-35.788,-5.921],[-35.791,-5.919],[-35.793,-5.917],[-35.792,-5.916],[-35.789,-5.92],[-35.787,-5.921],[-35.786,-5.919],[-35.785,-5.918],[-35.783,-5.916],[-35.78,-5.915],[-35.778,-5.912],[-35.776,-5.911],[-35.772,-5.908],[-35.772,-5.906],[-35.77,-5.906],[-35.769,-5.904],[-35.769,-5.901],[-35.767,-5.9],[-35.765,-5.898],[-35.763,-5.896],[-35.761,-5.896],[-35.759,-5.898],[-35.758,-5.898],[-35.759,-5.896],[-35.761,-5.894],[-35.763,-5.89],[-35.769,-5.892],[-35.769,-5.895],[-35.77,-5.896],[-35.771,-5.896],[-35.772,-5.897],[-35.773,-5.897],[-35.774,-5.898],[-35.776,-5.897],[-35.777,-5.897],[-35.776,-5.895],[-35.775,-5.894],[-35.777,-5.894],[-35.779,-5.897],[-35.779,-5.898],[-35.78,-5.901],[-35.781,-5.901],[-35.783,-5.9],[-35.786,-5.902],[-35.782,-5.905],[-35.783,-5.906],[-35.784,-5.906],[-35.785,-5.907],[-35.786,-5.907],[-35.787,-5.905],[-35.788,-5.905],[-35.79,-5.904],[-35.792,-5.905],[-35.793,-5.905],[-35.793,-5.903],[-35.792,-5.902],[-35.793,-5.902],[-35.793,-5.9],[-35.796,-5.897],[-35.796,-5.896],[-35.795,-5.895],[-35.797,-5.895],[-35.797,-5.899],[-35.798,-5.902],[-35.799,-5.901],[-35.8,-5.9],[-35.802,-5.901],[-35.801,-5.904],[-35.802,-5.905],[-35.803,-5.907],[-35.805,-5.909],[-35.807,-5.909],[-35.808,-5.908],[-35.81,-5.909],[-35.81,-5.91],[-35.811,-5.911],[-35.812,-5.912],[-35.813,-5.913],[-35.813,-5.914],[-35.814,-5.916],[-35.817,-5.918],[-35.818,-5.918],[-35.82,-5.919],[-35.821,-5.92],[-35.824,-5.922],[-35.829,-5.922],[-35.832,-5.921],[-35.828,-5.921],[-35.827,-5.922],[-35.825,-5.922],[-35.821,-5.92],[-35.821,-5.918],[-35.817,-5.917],[-35.815,-5.916],[-35.814,-5.912],[-35.812,-5.912],[-35.812,-5.91],[-35.81,-5.91],[-35.81,-5.908],[-35.808,-5.908],[-35.807,-5.909],[-35.807,-5.907],[-35.805,-5.904],[-35.805,-5.903],[-35.808,-5.904],[-35.81,-5.903],[-35.811,-5.905],[-35.812,-5.903],[-35.813,-5.904],[-35.815,-5.903],[-35.816,-5.904],[-35.817,-5.904],[-35.819,-5.906],[-35.819,-5.907],[-35.82,-5.907],[-35.82,-5.91],[-35.822,-5.912],[-35.826,-5.912],[-35.829,-5.909],[-35.832,-5.908],[-35.834,-5.909],[-35.835,-5.911],[-35.841,-5.915],[-35.845,-5.916],[-35.85,-5.915],[-35.851,-5.917],[-35.852,-5.921],[-35.851,-5.924],[-35.85,-5.925],[-35.848,-5.928],[-35.849,-5.929],[-35.85,-5.93],[-35.852,-5.931],[-35.854,-5.934],[-35.858,-5.936],[-35.862,-5.935],[-35.865,-5.936],[-35.865,-5.938],[-35.864,-5.941],[-35.864,-5.943],[-35.866,-5.946],[-35.869,-5.947],[-35.872,-5.95],[-35.871,-5.956],[-35.868,-5.96],[-35.867,-5.966],[-35.865,-5.967],[-35.864,-5.969],[-35.859,-5.969],[-35.858,-5.97],[-35.862,-5.97],[-35.865,-5.969],[-35.865,-5.967],[-35.867,-5.966],[-35.869,-5.96],[-35.871,-5.956],[-35.872,-5.951],[-35.871,-5.948],[-35.875,-5.952],[-35.877,-5.953],[-35.882,-5.961],[-35.88,-5.968],[-35.879,-5.968],[-35.877,-5.969],[-35.877,-5.971],[-35.875,-5.974],[-35.875,-5.98],[-35.874,-5.981],[-35.875,-5.983],[-35.876,-5.983],[-35.876,-5.984],[-35.878,-5.984],[-35.878,-5.987],[-35.877,-5.991],[-35.877,-5.995],[-35.876,-5.996],[-35.876,-5.999],[-35.876,-5.996],[-35.877,-5.995],[-35.877,-5.993],[-35.878,-5.992],[-35.877,-5.991],[-35.878,-5.988],[-35.879,-5.988],[-35.879,-5.989],[-35.88,-5.989],[-35.881,-5.988],[-35.883,-5.99],[-35.883,-5.991],[-35.884,-5.994],[-35.883,-5.996],[-35.884,-5.997],[-35.884,-6],[-35.885,-6.004],[-35.885,-6.007],[-35.886,-6.007],[-35.885,-6.004],[-35.884,-6],[-35.885,-5.996],[-35.884,-5.996],[-35.885,-5.994],[-35.884,-5.991],[-35.884,-5.989],[-35.881,-5.987],[-35.879,-5.988],[-35.88,-5.986],[-35.879,-5.983],[-35.877,-5.983],[-35.877,-5.981],[-35.876,-5.982],[-35.875,-5.981],[-35.876,-5.98],[-35.876,-5.979],[-35.877,-5.978],[-35.876,-5.976],[-35.876,-5.974],[-35.878,-5.971],[-35.878,-5.97],[-35.881,-5.969],[-35.883,-5.964],[-35.883,-5.962],[-35.885,-5.965],[-35.889,-5.965],[-35.889,-5.971],[-35.891,-5.972],[-35.893,-5.972],[-35.892,-5.977],[-35.892,-5.978],[-35.895,-5.981],[-35.897,-5.981],[-35.898,-5.983],[-35.899,-5.983],[-35.899,-5.985],[-35.901,-5.986],[-35.901,-5.987],[-35.902,-5.989],[-35.902,-5.992],[-35.899,-5.993],[-35.897,-5.997],[-35.896,-5.997],[-35.896,-5.999],[-35.899,-6],[-35.896,-6.001],[-35.895,-6.004],[-35.896,-6.005],[-35.897,-6.004],[-35.899,-6.008],[-35.9,-6.008],[-35.899,-6.011],[-35.898,-6.011],[-35.899,-6.013],[-35.9,-6.014],[-35.898,-6.015],[-35.897,-6.017],[-35.895,-6.018],[-35.895,-6.019],[-35.896,-6.02],[-35.895,-6.021],[-35.896,-6.022],[-35.895,-6.023],[-35.896,-6.025],[-35.897,-6.026],[-35.9,-6.027],[-35.901,-6.028],[-35.902,-6.028],[-35.904,-6.027],[-35.905,-6.028],[-35.906,-6.028],[-35.907,-6.032],[-35.911,-6.032],[-35.911,-6.034],[-35.91,-6.039],[-35.911,-6.041],[-35.913,-6.042],[-35.912,-6.044],[-35.913,-6.047],[-35.915,-6.049],[-35.918,-6.049],[-35.918,-6.05],[-35.919,-6.05],[-35.918,-6.048],[-35.916,-6.049],[-35.913,-6.047],[-35.913,-6.042],[-35.912,-6.04],[-35.911,-6.038],[-35.911,-6.033],[-35.91,-6.031],[-35.907,-6.031],[-35.907,-6.028],[-35.905,-6.028],[-35.905,-6.025],[-35.906,-6.024],[-35.908,-6.025],[-35.91,-6.025],[-35.91,-6.024],[-35.911,-6.023],[-35.912,-6.023],[-35.912,-6.024],[-35.914,-6.028],[-35.918,-6.029],[-35.922,-6.031],[-35.921,-6.031],[-35.922,-6.033],[-35.924,-6.035],[-35.926,-6.039],[-35.926,-6.044],[-35.928,-6.047],[-35.927,-6.048],[-35.929,-6.051],[-35.93,-6.053],[-35.934,-6.053],[-35.937,-6.055],[-35.941,-6.053],[-35.937,-6.055],[-35.934,-6.053],[-35.93,-6.052],[-35.929,-6.051],[-35.928,-6.048],[-35.929,-6.047],[-35.927,-6.044],[-35.927,-6.04],[-35.93,-6.041],[-35.931,-6.041],[-35.927,-6.04],[-35.928,-6.039],[-35.926,-6.036],[-35.928,-6.037],[-35.929,-6.036],[-35.93,-6.038],[-35.932,-6.039],[-35.933,-6.04],[-35.934,-6.04],[-35.934,-6.039],[-35.933,-6.039],[-35.932,-6.038],[-35.931,-6.038],[-35.929,-6.035],[-35.93,-6.035],[-35.931,-6.034],[-35.933,-6.033],[-35.934,-6.034],[-35.938,-6.037],[-35.938,-6.038],[-35.94,-6.038],[-35.942,-6.042],[-35.943,-6.042],[-35.94,-6.038],[-35.939,-6.038],[-35.939,-6.037],[-35.934,-6.033],[-35.931,-6.033],[-35.928,-6.035],[-35.926,-6.035],[-35.925,-6.033],[-35.926,-6.034],[-35.927,-6.033],[-35.925,-6.031],[-35.926,-6.029],[-35.929,-6.029],[-35.93,-6.028],[-35.931,-6.027],[-35.932,-6.027],[-35.933,-6.026],[-35.935,-6.027],[-35.935,-6.026],[-35.93,-6.026],[-35.93,-6.028],[-35.926,-6.028],[-35.924,-6.031],[-35.923,-6.03],[-35.922,-6.03],[-35.918,-6.028],[-35.914,-6.028],[-35.912,-6.023],[-35.911,-6.022],[-35.909,-6.024],[-35.906,-6.024],[-35.905,-6.025],[-35.904,-6.027],[-35.903,-6.027],[-35.902,-6.028],[-35.9,-6.026],[-35.896,-6.024],[-35.895,-6.023],[-35.896,-6.022],[-35.896,-6.021],[-35.897,-6.02],[-35.896,-6.018],[-35.898,-6.018],[-35.899,-6.016],[-35.901,-6.014],[-35.901,-6.013],[-35.898,-6.011],[-35.9,-6.011],[-35.9,-6.009],[-35.901,-6.01],[-35.902,-6.011],[-35.904,-6.012],[-35.906,-6.015],[-35.906,-6.017],[-35.912,-6.019],[-35.913,-6.019],[-35.907,-6.016],[-35.907,-6.015],[-35.904,-6.011],[-35.902,-6.011],[-35.902,-6.01],[-35.899,-6.008],[-35.898,-6.003],[-35.896,-6.003],[-35.897,-6.002],[-35.901,-6.001],[-35.901,-6],[-35.9,-5.999],[-35.897,-5.998],[-35.898,-5.997],[-35.9,-5.994],[-35.902,-5.994],[-35.901,-5.996],[-35.901,-5.998],[-35.902,-6],[-35.903,-6],[-35.901,-5.998],[-35.903,-5.989],[-35.902,-5.987],[-35.903,-5.985],[-35.9,-5.984],[-35.9,-5.982],[-35.899,-5.982],[-35.897,-5.98],[-35.895,-5.98],[-35.894,-5.979],[-35.896,-5.978],[-35.898,-5.979],[-35.902,-5.979],[-35.903,-5.981],[-35.904,-5.981],[-35.903,-5.982],[-35.904,-5.984],[-35.908,-5.985],[-35.909,-5.985],[-35.912,-5.987],[-35.914,-5.987],[-35.916,-5.988],[-35.917,-5.989],[-35.92,-5.989],[-35.922,-5.992],[-35.923,-5.993],[-35.923,-5.994],[-35.925,-5.995],[-35.925,-5.996],[-35.924,-5.997],[-35.924,-5.998],[-35.927,-6.001],[-35.928,-6.001],[-35.931,-6.004],[-35.931,-6.006],[-35.932,-6.007],[-35.932,-6.009],[-35.934,-6.01],[-35.935,-6.011],[-35.936,-6.013],[-35.938,-6.013],[-35.937,-6.017],[-35.938,-6.018],[-35.937,-6.019],[-35.938,-6.022],[-35.94,-6.021],[-35.945,-6.023],[-35.949,-6.025],[-35.952,-6.028],[-35.956,-6.03],[-35.957,-6.031],[-35.957,-6.03],[-35.956,-6.029],[-35.952,-6.028],[-35.946,-6.023],[-35.94,-6.021],[-35.939,-6.021],[-35.938,-6.019],[-35.938,-6.018],[-35.937,-6.017],[-35.938,-6.014],[-35.938,-6.013],[-35.942,-6.013],[-35.943,-6.012],[-35.948,-6.016],[-35.949,-6.019],[-35.952,-6.018],[-35.954,-6.019],[-35.959,-6.024],[-35.964,-6.026],[-35.964,-6.028],[-35.966,-6.028],[-35.967,-6.03],[-35.966,-6.033],[-35.968,-6.035],[-35.968,-6.037],[-35.969,-6.038],[-35.969,-6.039],[-35.968,-6.04],[-35.968,-6.041],[-35.966,-6.043],[-35.966,-6.046],[-35.968,-6.049],[-35.966,-6.051],[-35.965,-6.052],[-35.966,-6.053],[-35.964,-6.055],[-35.965,-6.057],[-35.962,-6.058],[-35.962,-6.059],[-35.963,-6.06],[-35.964,-6.06],[-35.964,-6.061],[-35.969,-6.067],[-35.971,-6.069],[-35.973,-6.071],[-35.973,-6.072],[-35.973,-6.071],[-35.971,-6.069],[-35.971,-6.068],[-35.969,-6.067],[-35.964,-6.061],[-35.964,-6.059],[-35.963,-6.059],[-35.965,-6.057],[-35.964,-6.056],[-35.966,-6.054],[-35.966,-6.051],[-35.969,-6.049],[-35.967,-6.047],[-35.967,-6.045],[-35.966,-6.043],[-35.968,-6.041],[-35.968,-6.04],[-35.969,-6.04],[-35.97,-6.043],[-35.972,-6.047],[-35.977,-6.049],[-35.979,-6.055],[-35.979,-6.056],[-35.981,-6.057],[-35.983,-6.06],[-35.983,-6.063],[-35.984,-6.065],[-35.983,-6.07],[-35.985,-6.074],[-35.985,-6.075],[-35.984,-6.076],[-35.984,-6.085],[-35.983,-6.088],[-35.984,-6.091],[-35.983,-6.093],[-35.982,-6.093],[-35.983,-6.094],[-35.983,-6.093],[-35.984,-6.091],[-35.984,-6.088],[-35.985,-6.085],[-35.984,-6.083],[-35.985,-6.081],[-35.984,-6.076],[-35.985,-6.076],[-35.985,-6.074],[-35.984,-6.071],[-35.984,-6.059],[-35.983,-6.056],[-35.981,-6.055],[-35.979,-6.054],[-35.978,-6.052],[-35.98,-6.051],[-35.982,-6.051],[-35.985,-6.053],[-35.986,-6.052],[-35.987,-6.053],[-35.989,-6.054],[-35.991,-6.058],[-35.993,-6.059],[-35.995,-6.061],[-35.995,-6.062],[-35.996,-6.064],[-35.996,-6.065],[-36.003,-6.071],[-36.006,-6.072],[-36.007,-6.073],[-36.01,-6.076],[-36.01,-6.079],[-36.011,-6.08],[-36.013,-6.081],[-36.016,-6.081],[-36.017,-6.079],[-36.019,-6.078],[-36.019,-6.077],[-36.017,-6.078],[-36.016,-6.08],[-36.012,-6.08],[-36.01,-6.079],[-36.01,-6.076],[-36.008,-6.073],[-36.006,-6.071],[-36.004,-6.071],[-35.997,-6.065],[-35.996,-6.063],[-35.995,-6.062],[-35.995,-6.06],[-35.993,-6.059],[-35.991,-6.058],[-35.989,-6.054],[-35.987,-6.053],[-35.986,-6.052],[-35.985,-6.052],[-35.982,-6.051],[-35.98,-6.05],[-35.978,-6.051],[-35.977,-6.048],[-35.973,-6.046],[-35.971,-6.042],[-35.969,-6.035],[-35.967,-6.033],[-35.969,-6.029],[-35.968,-6.027],[-35.966,-6.026],[-35.966,-6.025],[-35.965,-6.025],[-35.964,-6.026],[-35.963,-6.025],[-35.958,-6.022],[-35.956,-6.019],[-35.954,-6.018],[-35.952,-6.017],[-35.95,-6.018],[-35.948,-6.015],[-35.944,-6.012],[-35.942,-6.011],[-35.939,-6.011],[-35.937,-6.012],[-35.936,-6.01],[-35.933,-6.009],[-35.934,-6.007],[-35.932,-6.006],[-35.932,-6.003],[-35.929,-6],[-35.925,-5.998],[-35.926,-5.994],[-35.924,-5.993],[-35.924,-5.992],[-35.923,-5.991],[-35.921,-5.989],[-35.92,-5.988],[-35.917,-5.987],[-35.921,-5.987],[-35.922,-5.989],[-35.925,-5.991],[-35.928,-5.99],[-35.93,-5.992],[-35.931,-5.992],[-35.931,-5.995],[-35.932,-5.995],[-35.933,-5.994],[-35.935,-5.997],[-35.938,-5.997],[-35.939,-5.996],[-35.941,-5.996],[-35.941,-5.997],[-35.942,-5.997],[-35.945,-6],[-35.947,-6.001],[-35.949,-6.004],[-35.951,-6.005],[-35.956,-6.011],[-35.964,-6.013],[-35.965,-6.013],[-35.966,-6.012],[-35.964,-6.013],[-35.956,-6.011],[-35.951,-6.005],[-35.949,-6.003],[-35.947,-6.001],[-35.945,-6],[-35.942,-5.996],[-35.942,-5.997],[-35.941,-5.996],[-35.939,-5.996],[-35.938,-5.997],[-35.936,-5.996],[-35.933,-5.994],[-35.931,-5.994],[-35.931,-5.991],[-35.928,-5.99],[-35.925,-5.99],[-35.922,-5.989],[-35.921,-5.986],[-35.92,-5.987],[-35.917,-5.987],[-35.914,-5.986],[-35.913,-5.986],[-35.91,-5.984],[-35.908,-5.984],[-35.905,-5.983],[-35.906,-5.981],[-35.905,-5.98],[-35.904,-5.98],[-35.904,-5.979],[-35.903,-5.978],[-35.899,-5.978],[-35.899,-5.974],[-35.898,-5.973],[-35.896,-5.972],[-35.894,-5.97],[-35.893,-5.969],[-35.892,-5.971],[-35.89,-5.97],[-35.89,-5.964],[-35.895,-5.963],[-35.899,-5.961],[-35.901,-5.961],[-35.904,-5.96],[-35.905,-5.959],[-35.907,-5.96],[-35.907,-5.959],[-35.91,-5.958],[-35.914,-5.962],[-35.913,-5.965],[-35.915,-5.967],[-35.922,-5.966],[-35.924,-5.967],[-35.924,-5.969],[-35.925,-5.971],[-35.929,-5.972],[-35.931,-5.971],[-35.934,-5.972],[-35.938,-5.975],[-35.94,-5.978],[-35.942,-5.979],[-35.946,-5.982],[-35.947,-5.983],[-35.948,-5.982],[-35.947,-5.981],[-35.942,-5.978],[-35.94,-5.978],[-35.939,-5.975],[-35.934,-5.972],[-35.931,-5.971],[-35.928,-5.971],[-35.925,-5.97],[-35.924,-5.967],[-35.923,-5.965],[-35.916,-5.966],[-35.916,-5.963],[-35.917,-5.963],[-35.917,-5.962],[-35.915,-5.962],[-35.91,-5.958],[-35.916,-5.957],[-35.922,-5.953],[-35.934,-5.954],[-35.937,-5.954],[-35.938,-5.955],[-35.94,-5.957],[-35.948,-5.957],[-35.949,-5.956],[-35.952,-5.954],[-35.954,-5.953],[-35.957,-5.954],[-35.96,-5.957],[-35.961,-5.96],[-35.962,-5.96],[-35.961,-5.961],[-35.961,-5.964],[-35.962,-5.965],[-35.961,-5.97],[-35.961,-5.973],[-35.963,-5.975],[-35.963,-5.977],[-35.965,-5.977],[-35.967,-5.979],[-35.966,-5.98],[-35.966,-5.985],[-35.969,-5.988],[-35.971,-5.989],[-35.971,-5.99],[-35.972,-5.99],[-35.971,-5.991],[-35.972,-5.992],[-35.972,-5.996],[-35.975,-5.999],[-35.975,-6.003],[-35.974,-6.004],[-35.975,-6.004],[-35.976,-6],[-35.975,-5.998],[-35.973,-5.995],[-35.973,-5.992],[-35.972,-5.991],[-35.972,-5.99],[-35.971,-5.988],[-35.969,-5.988],[-35.967,-5.985],[-35.967,-5.98],[-35.968,-5.979],[-35.968,-5.978],[-35.966,-5.977],[-35.963,-5.977],[-35.964,-5.974],[-35.962,-5.973],[-35.961,-5.97],[-35.963,-5.965],[-35.963,-5.967],[-35.966,-5.969],[-35.969,-5.969],[-35.967,-5.969],[-35.967,-5.971],[-35.97,-5.971],[-35.97,-5.973],[-35.972,-5.976],[-35.977,-5.98],[-35.977,-5.985],[-35.978,-5.987],[-35.977,-5.988],[-35.98,-5.991],[-35.981,-5.992],[-35.981,-5.995],[-35.979,-5.997],[-35.98,-6],[-35.978,-6],[-35.978,-6.001],[-35.979,-6.005],[-35.977,-6.006],[-35.977,-6.007],[-35.978,-6.008],[-35.976,-6.009],[-35.977,-6.012],[-35.975,-6.014],[-35.977,-6.017],[-35.977,-6.018],[-35.978,-6.022],[-35.977,-6.024],[-35.977,-6.032],[-35.976,-6.032],[-35.976,-6.033],[-35.974,-6.038],[-35.976,-6.042],[-35.977,-6.042],[-35.976,-6.041],[-35.974,-6.038],[-35.976,-6.033],[-35.978,-6.033],[-35.977,-6.024],[-35.978,-6.023],[-35.979,-6.023],[-35.981,-6.025],[-35.981,-6.027],[-35.982,-6.028],[-35.982,-6.03],[-35.983,-6.032],[-35.982,-6.034],[-35.981,-6.037],[-35.982,-6.038],[-35.986,-6.038],[-35.985,-6.042],[-35.987,-6.045],[-35.988,-6.045],[-35.986,-6.042],[-35.986,-6.038],[-35.983,-6.037],[-35.982,-6.036],[-35.982,-6.034],[-35.983,-6.032],[-35.982,-6.03],[-35.983,-6.028],[-35.982,-6.027],[-35.982,-6.025],[-35.98,-6.023],[-35.979,-6.022],[-35.978,-6.018],[-35.981,-6.019],[-35.983,-6.021],[-35.985,-6.024],[-35.986,-6.025],[-35.987,-6.025],[-35.987,-6.028],[-35.99,-6.031],[-35.989,-6.032],[-35.989,-6.035],[-35.99,-6.037],[-35.99,-6.042],[-35.994,-6.047],[-35.997,-6.05],[-35.998,-6.049],[-35.993,-6.045],[-35.991,-6.042],[-35.991,-6.036],[-35.99,-6.035],[-35.99,-6.033],[-35.991,-6.035],[-35.994,-6.035],[-35.994,-6.036],[-35.997,-6.037],[-35.998,-6.038],[-36.001,-6.038],[-36.006,-6.042],[-36.007,-6.047],[-36.011,-6.05],[-36.012,-6.049],[-36.008,-6.047],[-36.006,-6.042],[-36.002,-6.038],[-36,-6.038],[-35.998,-6.037],[-35.997,-6.036],[-35.994,-6.035],[-35.994,-6.034],[-35.991,-6.034],[-35.99,-6.032],[-35.99,-6.031],[-35.988,-6.028],[-35.989,-6.026],[-35.988,-6.024],[-35.987,-6.024],[-35.984,-6.021],[-35.982,-6.018],[-35.981,-6.018],[-35.981,-6.017],[-35.979,-6.017],[-35.977,-6.015],[-35.977,-6.014],[-35.978,-6.012],[-35.977,-6.01],[-35.979,-6.009],[-35.979,-6.007],[-35.98,-6.005],[-35.979,-6.002],[-35.981,-6.001],[-35.98,-5.997],[-35.982,-5.996],[-35.985,-6.001],[-35.99,-6.001],[-35.99,-6.003],[-35.992,-6.005],[-35.991,-6.008],[-35.991,-6.009],[-35.994,-6.011],[-35.994,-6.012],[-35.998,-6.014],[-35.998,-6.018],[-36.009,-6.032],[-36.016,-6.045],[-36.017,-6.05],[-36.019,-6.052],[-36.016,-6.054],[-36.016,-6.055],[-36.019,-6.053],[-36.021,-6.055],[-36.023,-6.055],[-36.024,-6.056],[-36.023,-6.058],[-36.022,-6.061],[-36.022,-6.06],[-36.024,-6.057],[-36.026,-6.058],[-36.027,-6.056],[-36.029,-6.058],[-36.032,-6.058],[-36.034,-6.059],[-36.036,-6.059],[-36.036,-6.06],[-36.037,-6.061],[-36.041,-6.061],[-36.041,-6.059],[-36.043,-6.058],[-36.043,-6.053],[-36.044,-6.059],[-36.043,-6.06],[-36.045,-6.062],[-36.044,-6.064],[-36.044,-6.067],[-36.046,-6.069],[-36.047,-6.072],[-36.05,-6.077],[-36.049,-6.081],[-36.051,-6.084],[-36.053,-6.084],[-36.055,-6.083],[-36.057,-6.084],[-36.058,-6.082],[-36.058,-6.081],[-36.06,-6.081],[-36.062,-6.083],[-36.064,-6.083],[-36.064,-6.084],[-36.065,-6.085],[-36.066,-6.085],[-36.067,-6.084],[-36.067,-6.085],[-36.069,-6.085],[-36.07,-6.084],[-36.072,-6.084],[-36.074,-6.081],[-36.075,-6.08],[-36.077,-6.081],[-36.078,-6.08],[-36.079,-6.083],[-36.08,-6.083],[-36.082,-6.082],[-36.083,-6.085],[-36.085,-6.086],[-36.089,-6.091],[-36.09,-6.092],[-36.093,-6.095],[-36.095,-6.096],[-36.096,-6.098],[-36.097,-6.098],[-36.096,-6.095],[-36.092,-6.095],[-36.09,-6.091],[-36.089,-6.091],[-36.086,-6.086],[-36.084,-6.084],[-36.083,-6.082],[-36.082,-6.082],[-36.08,-6.083],[-36.078,-6.079],[-36.077,-6.08],[-36.075,-6.079],[-36.074,-6.081],[-36.073,-6.081],[-36.072,-6.083],[-36.07,-6.084],[-36.069,-6.085],[-36.067,-6.083],[-36.065,-6.084],[-36.064,-6.083],[-36.065,-6.082],[-36.062,-6.082],[-36.06,-6.08],[-36.059,-6.08],[-36.058,-6.081],[-36.058,-6.082],[-36.056,-6.083],[-36.055,-6.082],[-36.054,-6.083],[-36.051,-6.083],[-36.049,-6.081],[-36.05,-6.079],[-36.051,-6.078],[-36.051,-6.076],[-36.047,-6.072],[-36.047,-6.069],[-36.044,-6.067],[-36.044,-6.064],[-36.045,-6.062],[-36.044,-6.06],[-36.044,-6.059],[-36.043,-6.053],[-36.043,-6.052],[-36.04,-6.05],[-36.039,-6.048],[-36.04,-6.045],[-36.042,-6.041],[-36.044,-6.04],[-36.044,-6.037],[-36.047,-6.036],[-36.049,-6.034],[-36.048,-6.032],[-36.048,-6.029],[-36.051,-6.026],[-36.054,-6.026],[-36.057,-6.023],[-36.057,-6.022],[-36.056,-6.018],[-36.057,-6.018],[-36.057,-6.017],[-36.059,-6.012],[-36.06,-6.01],[-36.061,-6.008],[-36.06,-6.006],[-36.06,-6.005],[-36.061,-6],[-36.06,-5.998],[-36.059,-5.995],[-36.061,-5.993],[-36.061,-5.992],[-36.057,-5.989],[-36.058,-5.987],[-36.057,-5.985],[-36.056,-5.984],[-36.054,-5.98],[-36.06,-5.98],[-36.064,-5.977],[-36.064,-5.98],[-36.066,-5.981],[-36.068,-5.981],[-36.07,-5.984],[-36.071,-5.984],[-36.072,-5.982],[-36.074,-5.983],[-36.074,-5.984],[-36.075,-5.985],[-36.078,-5.984],[-36.078,-5.988],[-36.08,-5.991],[-36.081,-5.993],[-36.08,-5.994],[-36.079,-5.994],[-36.077,-5.996],[-36.077,-5.997],[-36.078,-6],[-36.078,-6.001],[-36.075,-6.003],[-36.074,-6.006],[-36.073,-6.005],[-36.071,-6.006],[-36.071,-6.008],[-36.072,-6.01],[-36.074,-6.011],[-36.073,-6.015],[-36.07,-6.016],[-36.069,-6.017],[-36.069,-6.019],[-36.072,-6.021],[-36.072,-6.022],[-36.07,-6.027],[-36.068,-6.029],[-36.068,-6.032],[-36.067,-6.033],[-36.064,-6.033],[-36.063,-6.036],[-36.065,-6.038],[-36.064,-6.039],[-36.066,-6.04],[-36.066,-6.041],[-36.064,-6.043],[-36.063,-6.043],[-36.061,-6.045],[-36.06,-6.047],[-36.061,-6.049],[-36.062,-6.049],[-36.063,-6.05],[-36.064,-6.051],[-36.064,-6.052],[-36.066,-6.053],[-36.068,-6.054],[-36.07,-6.058],[-36.074,-6.061],[-36.076,-6.064],[-36.079,-6.067],[-36.081,-6.067],[-36.086,-6.071],[-36.084,-6.073],[-36.087,-6.075],[-36.087,-6.076],[-36.089,-6.077],[-36.092,-6.077],[-36.098,-6.084],[-36.099,-6.084],[-36.101,-6.086],[-36.1,-6.089],[-36.1,-6.093],[-36.105,-6.095],[-36.106,-6.097],[-36.108,-6.098],[-36.108,-6.097],[-36.107,-6.096],[-36.105,-6.095],[-36.101,-6.093],[-36.1,-6.089],[-36.101,-6.087],[-36.099,-6.083],[-36.098,-6.083],[-36.092,-6.077],[-36.088,-6.076],[-36.085,-6.073],[-36.086,-6.071],[-36.081,-6.067],[-36.08,-6.066],[-36.076,-6.064],[-36.075,-6.06],[-36.071,-6.058],[-36.069,-6.054],[-36.066,-6.052],[-36.065,-6.052],[-36.064,-6.05],[-36.063,-6.05],[-36.063,-6.049],[-36.061,-6.048],[-36.061,-6.047],[-36.062,-6.045],[-36.063,-6.044],[-36.065,-6.044],[-36.066,-6.041],[-36.066,-6.04],[-36.065,-6.039],[-36.066,-6.038],[-36.064,-6.036],[-36.065,-6.033],[-36.068,-6.033],[-36.069,-6.031],[-36.069,-6.029],[-36.07,-6.028],[-36.07,-6.031],[-36.072,-6.032],[-36.074,-6.036],[-36.076,-6.037],[-36.077,-6.04],[-36.078,-6.042],[-36.08,-6.043],[-36.082,-6.044],[-36.082,-6.047],[-36.08,-6.048],[-36.08,-6.05],[-36.084,-6.055],[-36.091,-6.061],[-36.093,-6.064],[-36.091,-6.064],[-36.092,-6.066],[-36.096,-6.068],[-36.097,-6.069],[-36.096,-6.067],[-36.092,-6.065],[-36.092,-6.064],[-36.093,-6.064],[-36.091,-6.061],[-36.085,-6.055],[-36.08,-6.05],[-36.081,-6.048],[-36.082,-6.047],[-36.082,-6.043],[-36.078,-6.041],[-36.077,-6.037],[-36.074,-6.036],[-36.072,-6.031],[-36.071,-6.03],[-36.07,-6.027],[-36.073,-6.021],[-36.069,-6.019],[-36.069,-6.017],[-36.074,-6.015],[-36.075,-6.011],[-36.072,-6.009],[-36.072,-6.007],[-36.073,-6.006],[-36.074,-6.007],[-36.076,-6.003],[-36.078,-6.001],[-36.079,-6],[-36.078,-5.996],[-36.081,-5.994],[-36.08,-5.996],[-36.082,-5.997],[-36.083,-6.001],[-36.082,-6.002],[-36.082,-6.003],[-36.084,-6.005],[-36.085,-6.007],[-36.087,-6.007],[-36.087,-6.008],[-36.086,-6.009],[-36.086,-6.014],[-36.084,-6.013],[-36.083,-6.015],[-36.083,-6.018],[-36.082,-6.02],[-36.082,-6.022],[-36.083,-6.022],[-36.082,-6.024],[-36.083,-6.025],[-36.082,-6.026],[-36.081,-6.027],[-36.083,-6.029],[-36.084,-6.029],[-36.085,-6.03],[-36.086,-6.031],[-36.086,-6.032],[-36.087,-6.033],[-36.091,-6.037],[-36.092,-6.037],[-36.092,-6.04],[-36.095,-6.044],[-36.095,-6.046],[-36.096,-6.044],[-36.093,-6.04],[-36.092,-6.037],[-36.087,-6.032],[-36.087,-6.03],[-36.085,-6.03],[-36.084,-6.028],[-36.083,-6.028],[-36.082,-6.027],[-36.083,-6.027],[-36.083,-6.02],[-36.084,-6.018],[-36.084,-6.014],[-36.087,-6.014],[-36.086,-6.009],[-36.088,-6.008],[-36.087,-6.007],[-36.085,-6.007],[-36.085,-6.005],[-36.082,-6.002],[-36.088,-6.002],[-36.091,-6.005],[-36.095,-6.008],[-36.095,-6.009],[-36.097,-6.01],[-36.099,-6.011],[-36.099,-6.012],[-36.101,-6.013],[-36.102,-6.016],[-36.104,-6.018],[-36.104,-6.021],[-36.106,-6.023],[-36.102,-6.024],[-36.102,-6.027],[-36.104,-6.028],[-36.104,-6.031],[-36.105,-6.031],[-36.104,-6.036],[-36.101,-6.038],[-36.101,-6.039],[-36.1,-6.039],[-36.098,-6.041],[-36.098,-6.042],[-36.1,-6.043],[-36.1,-6.045],[-36.098,-6.047],[-36.1,-6.05],[-36.101,-6.05],[-36.1,-6.051],[-36.101,-6.052],[-36.099,-6.053],[-36.097,-6.055],[-36.097,-6.058],[-36.098,-6.057],[-36.098,-6.056],[-36.102,-6.052],[-36.101,-6.051],[-36.101,-6.05],[-36.1,-6.049],[-36.099,-6.047],[-36.1,-6.045],[-36.1,-6.043],[-36.099,-6.042],[-36.099,-6.041],[-36.101,-6.039],[-36.101,-6.038],[-36.104,-6.037],[-36.106,-6.031],[-36.106,-6.028],[-36.105,-6.025],[-36.107,-6.023],[-36.104,-6.021],[-36.105,-6.018],[-36.103,-6.016],[-36.101,-6.012],[-36.099,-6.011],[-36.099,-6.01],[-36.098,-6.009],[-36.096,-6.009],[-36.095,-6.007],[-36.092,-6.005],[-36.09,-6.003],[-36.09,-6.002],[-36.089,-6.001],[-36.084,-6.001],[-36.083,-5.997],[-36.081,-5.996],[-36.082,-5.992],[-36.081,-5.99],[-36.079,-5.987],[-36.079,-5.984],[-36.078,-5.983],[-36.077,-5.981],[-36.071,-5.977],[-36.069,-5.976],[-36.068,-5.975],[-36.066,-5.976],[-36.066,-5.975],[-36.071,-5.972],[-36.072,-5.971],[-36.072,-5.97],[-36.077,-5.969],[-36.081,-5.971],[-36.083,-5.97],[-36.086,-5.97],[-36.089,-5.969],[-36.095,-5.966],[-36.099,-5.967],[-36.101,-5.97],[-36.1,-5.976],[-36.103,-5.982],[-36.101,-5.984],[-36.103,-5.987],[-36.108,-5.994],[-36.108,-5.995],[-36.107,-5.996],[-36.106,-5.997],[-36.108,-6.001],[-36.106,-6.003],[-36.106,-6.005],[-36.108,-6.008],[-36.111,-6.009],[-36.111,-6.017],[-36.114,-6.02],[-36.115,-6.022],[-36.115,-6.026],[-36.119,-6.031],[-36.118,-6.033],[-36.116,-6.036],[-36.115,-6.041],[-36.116,-6.042],[-36.117,-6.044],[-36.119,-6.045],[-36.119,-6.046],[-36.121,-6.048],[-36.119,-6.051],[-36.121,-6.054],[-36.119,-6.059],[-36.117,-6.059],[-36.116,-6.061],[-36.114,-6.061],[-36.112,-6.062],[-36.113,-6.066],[-36.114,-6.066],[-36.114,-6.067],[-36.116,-6.07],[-36.117,-6.069],[-36.117,-6.071],[-36.12,-6.072],[-36.121,-6.075],[-36.122,-6.076],[-36.126,-6.081],[-36.126,-6.082],[-36.127,-6.083],[-36.127,-6.085],[-36.128,-6.087],[-36.129,-6.087],[-36.131,-6.09],[-36.133,-6.09],[-36.133,-6.089],[-36.132,-6.089],[-36.13,-6.087],[-36.128,-6.086],[-36.128,-6.085],[-36.127,-6.084],[-36.127,-6.083],[-36.126,-6.082],[-36.126,-6.081],[-36.122,-6.076],[-36.122,-6.075],[-36.121,-6.073],[-36.118,-6.071],[-36.118,-6.069],[-36.117,-6.069],[-36.115,-6.067],[-36.115,-6.068],[-36.114,-6.067],[-36.114,-6.065],[-36.113,-6.062],[-36.114,-6.061],[-36.116,-6.061],[-36.117,-6.06],[-36.118,-6.059],[-36.118,-6.061],[-36.12,-6.062],[-36.12,-6.063],[-36.125,-6.067],[-36.125,-6.069],[-36.126,-6.07],[-36.131,-6.07],[-36.132,-6.073],[-36.134,-6.075],[-36.135,-6.077],[-36.137,-6.078],[-36.139,-6.079],[-36.14,-6.079],[-36.142,-6.081],[-36.144,-6.084],[-36.146,-6.086],[-36.147,-6.088],[-36.146,-6.089],[-36.147,-6.09],[-36.146,-6.091],[-36.147,-6.093],[-36.148,-6.093],[-36.152,-6.092],[-36.153,-6.093],[-36.155,-6.094],[-36.156,-6.096],[-36.157,-6.096],[-36.157,-6.097],[-36.159,-6.098],[-36.16,-6.099],[-36.163,-6.102],[-36.163,-6.103],[-36.164,-6.103],[-36.163,-6.102],[-36.16,-6.099],[-36.159,-6.097],[-36.157,-6.096],[-36.157,-6.095],[-36.155,-6.094],[-36.153,-6.093],[-36.152,-6.091],[-36.148,-6.092],[-36.148,-6.093],[-36.147,-6.092],[-36.148,-6.09],[-36.146,-6.089],[-36.147,-6.088],[-36.147,-6.086],[-36.145,-6.084],[-36.143,-6.081],[-36.14,-6.079],[-36.139,-6.079],[-36.138,-6.077],[-36.135,-6.077],[-36.135,-6.075],[-36.132,-6.073],[-36.132,-6.072],[-36.131,-6.07],[-36.127,-6.07],[-36.126,-6.068],[-36.125,-6.066],[-36.122,-6.064],[-36.12,-6.062],[-36.119,-6.061],[-36.119,-6.06],[-36.121,-6.06],[-36.122,-6.054],[-36.121,-6.051],[-36.122,-6.049],[-36.122,-6.047],[-36.12,-6.046],[-36.12,-6.044],[-36.118,-6.044],[-36.118,-6.042],[-36.116,-6.04],[-36.116,-6.039],[-36.117,-6.036],[-36.12,-6.033],[-36.125,-6.035],[-36.128,-6.037],[-36.129,-6.038],[-36.132,-6.041],[-36.131,-6.045],[-36.131,-6.047],[-36.133,-6.049],[-36.132,-6.051],[-36.134,-6.053],[-36.133,-6.054],[-36.133,-6.055],[-36.134,-6.056],[-36.138,-6.056],[-36.139,-6.057],[-36.138,-6.059],[-36.139,-6.06],[-36.142,-6.061],[-36.147,-6.068],[-36.149,-6.069],[-36.149,-6.072],[-36.147,-6.073],[-36.148,-6.074],[-36.148,-6.076],[-36.149,-6.076],[-36.149,-6.078],[-36.151,-6.081],[-36.153,-6.082],[-36.154,-6.082],[-36.155,-6.085],[-36.161,-6.089],[-36.164,-6.09],[-36.167,-6.091],[-36.17,-6.091],[-36.172,-6.092],[-36.172,-6.093],[-36.173,-6.095],[-36.175,-6.096],[-36.174,-6.096],[-36.174,-6.101],[-36.175,-6.101],[-36.176,-6.103],[-36.178,-6.102],[-36.18,-6.102],[-36.183,-6.104],[-36.183,-6.105],[-36.182,-6.108],[-36.183,-6.11],[-36.184,-6.111],[-36.185,-6.112],[-36.184,-6.113],[-36.185,-6.115],[-36.186,-6.115],[-36.187,-6.116],[-36.189,-6.118],[-36.19,-6.121],[-36.191,-6.12],[-36.194,-6.121],[-36.196,-6.123],[-36.196,-6.126],[-36.198,-6.128],[-36.2,-6.127],[-36.201,-6.128],[-36.204,-6.131],[-36.204,-6.132],[-36.204,-6.13],[-36.201,-6.127],[-36.2,-6.126],[-36.198,-6.127],[-36.197,-6.126],[-36.197,-6.123],[-36.195,-6.121],[-36.192,-6.12],[-36.19,-6.12],[-36.19,-6.118],[-36.187,-6.116],[-36.187,-6.115],[-36.185,-6.114],[-36.185,-6.112],[-36.184,-6.11],[-36.183,-6.11],[-36.183,-6.108],[-36.184,-6.105],[-36.183,-6.104],[-36.18,-6.101],[-36.179,-6.102],[-36.177,-6.1],[-36.176,-6.1],[-36.176,-6.097],[-36.174,-6.097],[-36.176,-6.096],[-36.177,-6.098],[-36.177,-6.099],[-36.178,-6.1],[-36.179,-6.1],[-36.181,-6.099],[-36.182,-6.1],[-36.187,-6.1],[-36.187,-6.098],[-36.189,-6.097],[-36.194,-6.098],[-36.195,-6.102],[-36.198,-6.102],[-36.199,-6.101],[-36.201,-6.102],[-36.202,-6.104],[-36.206,-6.106],[-36.207,-6.109],[-36.209,-6.11],[-36.209,-6.111],[-36.212,-6.111],[-36.21,-6.111],[-36.21,-6.11],[-36.209,-6.109],[-36.207,-6.108],[-36.206,-6.106],[-36.202,-6.104],[-36.201,-6.101],[-36.196,-6.101],[-36.195,-6.098],[-36.194,-6.097],[-36.189,-6.097],[-36.187,-6.098],[-36.186,-6.1],[-36.182,-6.1],[-36.182,-6.099],[-36.181,-6.098],[-36.179,-6.1],[-36.178,-6.099],[-36.178,-6.098],[-36.177,-6.097],[-36.177,-6.096],[-36.174,-6.094],[-36.173,-6.093],[-36.173,-6.091],[-36.17,-6.089],[-36.169,-6.09],[-36.168,-6.089],[-36.167,-6.09],[-36.156,-6.084],[-36.156,-6.082],[-36.154,-6.081],[-36.152,-6.08],[-36.15,-6.077],[-36.15,-6.076],[-36.149,-6.075],[-36.149,-6.073],[-36.15,-6.071],[-36.15,-6.069],[-36.148,-6.067],[-36.152,-6.068],[-36.155,-6.071],[-36.158,-6.071],[-36.159,-6.073],[-36.159,-6.074],[-36.16,-6.074],[-36.162,-6.072],[-36.163,-6.072],[-36.165,-6.074],[-36.166,-6.075],[-36.165,-6.078],[-36.167,-6.078],[-36.17,-6.084],[-36.17,-6.086],[-36.173,-6.087],[-36.174,-6.085],[-36.174,-6.084],[-36.176,-6.084],[-36.178,-6.086],[-36.179,-6.085],[-36.18,-6.086],[-36.181,-6.085],[-36.183,-6.083],[-36.186,-6.083],[-36.187,-6.084],[-36.189,-6.084],[-36.191,-6.083],[-36.193,-6.082],[-36.194,-6.081],[-36.195,-6.08],[-36.197,-6.078],[-36.196,-6.078],[-36.194,-6.08],[-36.192,-6.082],[-36.191,-6.082],[-36.188,-6.084],[-36.187,-6.083],[-36.187,-6.082],[-36.185,-6.082],[-36.182,-6.083],[-36.181,-6.085],[-36.18,-6.084],[-36.18,-6.085],[-36.178,-6.085],[-36.176,-6.084],[-36.175,-6.084],[-36.174,-6.083],[-36.173,-6.084],[-36.174,-6.085],[-36.173,-6.086],[-36.171,-6.086],[-36.167,-6.078],[-36.166,-6.077],[-36.166,-6.078],[-36.166,-6.075],[-36.164,-6.072],[-36.162,-6.071],[-36.16,-6.074],[-36.159,-6.074],[-36.159,-6.073],[-36.158,-6.071],[-36.155,-6.07],[-36.152,-6.068],[-36.15,-6.067],[-36.148,-6.066],[-36.146,-6.064],[-36.143,-6.061],[-36.14,-6.06],[-36.14,-6.057],[-36.138,-6.055],[-36.134,-6.055],[-36.135,-6.052],[-36.134,-6.05],[-36.134,-6.049],[-36.132,-6.046],[-36.132,-6.045],[-36.133,-6.041],[-36.13,-6.037],[-36.128,-6.036],[-36.126,-6.034],[-36.121,-6.032],[-36.12,-6.03],[-36.117,-6.026],[-36.116,-6.022],[-36.115,-6.02],[-36.114,-6.018],[-36.112,-6.016],[-36.113,-6.014],[-36.112,-6.009],[-36.109,-6.007],[-36.107,-6.004],[-36.109,-6.001],[-36.108,-5.997],[-36.11,-5.995],[-36.109,-5.993],[-36.11,-5.994],[-36.112,-5.994],[-36.113,-5.993],[-36.112,-5.993],[-36.115,-5.991],[-36.119,-5.991],[-36.119,-5.99],[-36.122,-5.988],[-36.123,-5.989],[-36.127,-5.989],[-36.128,-5.992],[-36.129,-5.992],[-36.129,-5.991],[-36.127,-5.989],[-36.125,-5.988],[-36.122,-5.988],[-36.119,-5.99],[-36.119,-5.991],[-36.117,-5.99],[-36.115,-5.991],[-36.112,-5.992],[-36.112,-5.993],[-36.11,-5.993],[-36.11,-5.992],[-36.108,-5.993],[-36.104,-5.987],[-36.103,-5.984],[-36.104,-5.982],[-36.102,-5.976],[-36.105,-5.978],[-36.107,-5.978],[-36.108,-5.977],[-36.11,-5.975],[-36.112,-5.974],[-36.117,-5.975],[-36.119,-5.975],[-36.124,-5.971],[-36.127,-5.972],[-36.13,-5.974],[-36.131,-5.977],[-36.133,-5.981],[-36.139,-5.983],[-36.138,-5.992],[-36.136,-5.994],[-36.136,-5.998],[-36.137,-5.999],[-36.138,-5.999],[-36.137,-5.998],[-36.137,-5.994],[-36.138,-5.993],[-36.139,-5.985],[-36.139,-5.983],[-36.141,-5.983],[-36.143,-5.986],[-36.141,-5.991],[-36.142,-5.992],[-36.141,-5.993],[-36.142,-5.996],[-36.144,-6.002],[-36.145,-6.004],[-36.146,-6.01],[-36.149,-6.013],[-36.149,-6.016],[-36.15,-6.015],[-36.15,-6.013],[-36.147,-6.01],[-36.146,-6.003],[-36.149,-6.004],[-36.15,-6.004],[-36.152,-6.006],[-36.155,-6.008],[-36.158,-6.013],[-36.159,-6.013],[-36.156,-6.008],[-36.152,-6.006],[-36.15,-6.004],[-36.146,-6.003],[-36.145,-6.002],[-36.142,-5.994],[-36.143,-5.992],[-36.142,-5.991],[-36.144,-5.986],[-36.143,-5.983],[-36.147,-5.982],[-36.155,-5.986],[-36.157,-5.985],[-36.162,-5.98],[-36.166,-5.982],[-36.171,-5.982],[-36.171,-5.984],[-36.172,-5.987],[-36.173,-5.991],[-36.175,-5.992],[-36.175,-5.993],[-36.172,-5.996],[-36.173,-5.998],[-36.172,-5.999],[-36.172,-6],[-36.174,-6.002],[-36.172,-6.004],[-36.171,-6.004],[-36.171,-6.006],[-36.17,-6.007],[-36.171,-6.009],[-36.168,-6.01],[-36.166,-6.013],[-36.163,-6.014],[-36.162,-6.016],[-36.161,-6.016],[-36.162,-6.016],[-36.164,-6.014],[-36.166,-6.013],[-36.168,-6.011],[-36.172,-6.009],[-36.171,-6.007],[-36.171,-6.006],[-36.175,-6.002],[-36.173,-6],[-36.173,-5.999],[-36.174,-5.998],[-36.173,-5.996],[-36.174,-5.995],[-36.175,-5.994],[-36.175,-5.992],[-36.176,-5.992],[-36.177,-5.994],[-36.179,-5.994],[-36.179,-5.995],[-36.18,-5.996],[-36.182,-5.996],[-36.182,-5.997],[-36.184,-6],[-36.185,-6.001],[-36.189,-6.002],[-36.19,-6.003],[-36.192,-6.008],[-36.196,-6.013],[-36.196,-6.015],[-36.192,-6.016],[-36.191,-6.019],[-36.188,-6.019],[-36.187,-6.02],[-36.188,-6.022],[-36.187,-6.023],[-36.187,-6.024],[-36.186,-6.024],[-36.184,-6.025],[-36.183,-6.024],[-36.182,-6.024],[-36.182,-6.026],[-36.18,-6.027],[-36.179,-6.03],[-36.176,-6.036],[-36.177,-6.036],[-36.179,-6.033],[-36.18,-6.027],[-36.183,-6.026],[-36.182,-6.025],[-36.184,-6.026],[-36.186,-6.024],[-36.188,-6.025],[-36.188,-6.023],[-36.189,-6.022],[-36.187,-6.02],[-36.188,-6.019],[-36.191,-6.02],[-36.193,-6.016],[-36.197,-6.015],[-36.198,-6.017],[-36.2,-6.019],[-36.202,-6.022],[-36.205,-6.026],[-36.206,-6.03],[-36.207,-6.032],[-36.202,-6.036],[-36.198,-6.036],[-36.198,-6.037],[-36.196,-6.039],[-36.195,-6.039],[-36.195,-6.037],[-36.194,-6.036],[-36.192,-6.037],[-36.193,-6.038],[-36.192,-6.038],[-36.191,-6.04],[-36.191,-6.042],[-36.19,-6.042],[-36.189,-6.044],[-36.187,-6.044],[-36.187,-6.046],[-36.188,-6.046],[-36.188,-6.048],[-36.189,-6.049],[-36.188,-6.05],[-36.185,-6.053],[-36.184,-6.054],[-36.183,-6.055],[-36.181,-6.057],[-36.179,-6.057],[-36.176,-6.058],[-36.175,-6.06],[-36.176,-6.063],[-36.177,-6.068],[-36.178,-6.068],[-36.176,-6.063],[-36.176,-6.06],[-36.177,-6.058],[-36.179,-6.058],[-36.18,-6.057],[-36.182,-6.057],[-36.183,-6.055],[-36.184,-6.055],[-36.185,-6.053],[-36.189,-6.05],[-36.189,-6.049],[-36.188,-6.047],[-36.189,-6.046],[-36.187,-6.045],[-36.187,-6.044],[-36.189,-6.044],[-36.19,-6.042],[-36.192,-6.042],[-36.192,-6.038],[-36.193,-6.038],[-36.193,-6.037],[-36.194,-6.037],[-36.195,-6.039],[-36.196,-6.039],[-36.198,-6.038],[-36.199,-6.037],[-36.201,-6.037],[-36.202,-6.036],[-36.207,-6.033],[-36.209,-6.035],[-36.21,-6.038],[-36.212,-6.039],[-36.214,-6.039],[-36.218,-6.044],[-36.222,-6.05],[-36.227,-6.053],[-36.224,-6.055],[-36.224,-6.056],[-36.227,-6.059],[-36.231,-6.065],[-36.235,-6.071],[-36.239,-6.073],[-36.238,-6.075],[-36.239,-6.078],[-36.235,-6.084],[-36.232,-6.085],[-36.23,-6.085],[-36.229,-6.087],[-36.225,-6.087],[-36.223,-6.086],[-36.223,-6.085],[-36.217,-6.085],[-36.215,-6.084],[-36.212,-6.082],[-36.209,-6.083],[-36.207,-6.081],[-36.204,-6.081],[-36.203,-6.078],[-36.203,-6.077],[-36.202,-6.076],[-36.203,-6.074],[-36.202,-6.073],[-36.201,-6.072],[-36.2,-6.073],[-36.202,-6.073],[-36.202,-6.076],[-36.203,-6.077],[-36.203,-6.079],[-36.204,-6.082],[-36.207,-6.082],[-36.209,-6.083],[-36.212,-6.082],[-36.215,-6.085],[-36.217,-6.086],[-36.223,-6.086],[-36.225,-6.088],[-36.229,-6.087],[-36.23,-6.086],[-36.232,-6.094],[-36.228,-6.096],[-36.216,-6.097],[-36.216,-6.098],[-36.215,-6.098],[-36.217,-6.102],[-36.217,-6.104],[-36.218,-6.105],[-36.219,-6.106],[-36.22,-6.107],[-36.222,-6.109],[-36.221,-6.111],[-36.222,-6.111],[-36.223,-6.11],[-36.222,-6.109],[-36.222,-6.108],[-36.219,-6.105],[-36.219,-6.104],[-36.218,-6.104],[-36.218,-6.102],[-36.215,-6.099],[-36.216,-6.097],[-36.228,-6.096],[-36.232,-6.095],[-36.232,-6.093],[-36.23,-6.086],[-36.232,-6.086],[-36.236,-6.085],[-36.24,-6.078],[-36.24,-6.077],[-36.239,-6.075],[-36.24,-6.073],[-36.243,-6.075],[-36.242,-6.077],[-36.244,-6.08],[-36.246,-6.081],[-36.246,-6.085],[-36.248,-6.087],[-36.246,-6.091],[-36.247,-6.092],[-36.253,-6.096],[-36.255,-6.096],[-36.256,-6.099],[-36.253,-6.103],[-36.253,-6.106],[-36.25,-6.114],[-36.25,-6.116],[-36.248,-6.116],[-36.248,-6.121],[-36.249,-6.127],[-36.247,-6.131],[-36.245,-6.131],[-36.245,-6.134],[-36.246,-6.135],[-36.244,-6.136],[-36.241,-6.135],[-36.24,-6.135],[-36.239,-6.137],[-36.238,-6.135],[-36.233,-6.135],[-36.23,-6.13],[-36.228,-6.127],[-36.227,-6.122],[-36.225,-6.12],[-36.223,-6.115],[-36.222,-6.114],[-36.223,-6.116],[-36.224,-6.121],[-36.226,-6.123],[-36.228,-6.128],[-36.23,-6.13],[-36.233,-6.135],[-36.234,-6.136],[-36.237,-6.136],[-36.239,-6.137],[-36.24,-6.137],[-36.241,-6.141],[-36.244,-6.144],[-36.246,-6.146],[-36.245,-6.147],[-36.243,-6.147],[-36.243,-6.153],[-36.241,-6.155],[-36.24,-6.157],[-36.238,-6.159],[-36.237,-6.159],[-36.237,-6.167],[-36.235,-6.168],[-36.235,-6.17],[-36.236,-6.169],[-36.237,-6.17],[-36.24,-6.172],[-36.239,-6.172],[-36.239,-6.174],[-36.238,-6.174],[-36.238,-6.176],[-36.237,-6.176],[-36.236,-6.178],[-36.237,-6.178],[-36.237,-6.179],[-36.238,-6.181],[-36.238,-6.183],[-36.241,-6.185],[-36.243,-6.187],[-36.244,-6.186],[-36.239,-6.182],[-36.238,-6.181],[-36.237,-6.179],[-36.237,-6.176],[-36.238,-6.176],[-36.239,-6.175],[-36.24,-6.175],[-36.24,-6.173],[-36.241,-6.172],[-36.238,-6.169],[-36.236,-6.169],[-36.236,-6.168],[-36.238,-6.168],[-36.238,-6.166],[-36.237,-6.165],[-36.238,-6.164],[-36.237,-6.162],[-36.238,-6.159],[-36.239,-6.158],[-36.24,-6.158],[-36.242,-6.155],[-36.243,-6.153],[-36.244,-6.151],[-36.244,-6.147],[-36.246,-6.147],[-36.246,-6.146],[-36.245,-6.144],[-36.241,-6.141],[-36.24,-6.137],[-36.241,-6.136],[-36.243,-6.138],[-36.247,-6.136],[-36.247,-6.135],[-36.246,-6.133],[-36.247,-6.133],[-36.247,-6.132],[-36.248,-6.131],[-36.25,-6.127],[-36.251,-6.128],[-36.254,-6.128],[-36.255,-6.127],[-36.255,-6.129],[-36.256,-6.129],[-36.256,-6.131],[-36.259,-6.134],[-36.258,-6.134],[-36.258,-6.136],[-36.26,-6.136],[-36.26,-6.137],[-36.261,-6.138],[-36.262,-6.138],[-36.262,-6.145],[-36.264,-6.145],[-36.265,-6.148],[-36.267,-6.147],[-36.268,-6.148],[-36.267,-6.15],[-36.268,-6.15],[-36.269,-6.149],[-36.272,-6.148],[-36.274,-6.149],[-36.275,-6.148],[-36.276,-6.148],[-36.275,-6.149],[-36.276,-6.15],[-36.275,-6.151],[-36.276,-6.153],[-36.278,-6.153],[-36.28,-6.155],[-36.281,-6.155],[-36.281,-6.16],[-36.283,-6.16],[-36.284,-6.163],[-36.286,-6.166],[-36.285,-6.167],[-36.286,-6.168],[-36.286,-6.17],[-36.288,-6.172],[-36.289,-6.176],[-36.29,-6.176],[-36.289,-6.172],[-36.286,-6.17],[-36.287,-6.168],[-36.286,-6.167],[-36.286,-6.166],[-36.284,-6.163],[-36.284,-6.16],[-36.283,-6.159],[-36.281,-6.159],[-36.282,-6.156],[-36.281,-6.155],[-36.28,-6.154],[-36.279,-6.152],[-36.277,-6.152],[-36.276,-6.151],[-36.277,-6.15],[-36.276,-6.149],[-36.277,-6.148],[-36.275,-6.148],[-36.274,-6.147],[-36.274,-6.149],[-36.272,-6.147],[-36.271,-6.148],[-36.268,-6.148],[-36.267,-6.149],[-36.268,-6.148],[-36.268,-6.146],[-36.267,-6.146],[-36.265,-6.147],[-36.265,-6.146],[-36.264,-6.144],[-36.263,-6.144],[-36.263,-6.145],[-36.262,-6.145],[-36.262,-6.138],[-36.26,-6.137],[-36.261,-6.136],[-36.259,-6.135],[-36.258,-6.135],[-36.259,-6.134],[-36.257,-6.13],[-36.257,-6.129],[-36.255,-6.128],[-36.255,-6.127],[-36.251,-6.128],[-36.25,-6.127],[-36.249,-6.121],[-36.249,-6.117],[-36.25,-6.117],[-36.252,-6.113],[-36.255,-6.102],[-36.258,-6.106],[-36.258,-6.108],[-36.257,-6.11],[-36.257,-6.111],[-36.259,-6.112],[-36.261,-6.114],[-36.263,-6.113],[-36.264,-6.115],[-36.268,-6.114],[-36.269,-6.115],[-36.27,-6.115],[-36.272,-6.117],[-36.273,-6.12],[-36.277,-6.121],[-36.277,-6.122],[-36.278,-6.123],[-36.279,-6.123],[-36.279,-6.125],[-36.281,-6.126],[-36.283,-6.125],[-36.285,-6.126],[-36.285,-6.127],[-36.287,-6.127],[-36.289,-6.125],[-36.29,-6.126],[-36.292,-6.126],[-36.294,-6.125],[-36.296,-6.122],[-36.297,-6.122],[-36.295,-6.122],[-36.293,-6.124],[-36.292,-6.126],[-36.289,-6.125],[-36.287,-6.126],[-36.286,-6.127],[-36.285,-6.127],[-36.285,-6.125],[-36.28,-6.125],[-36.279,-6.124],[-36.28,-6.123],[-36.279,-6.123],[-36.278,-6.122],[-36.278,-6.121],[-36.277,-6.12],[-36.274,-6.12],[-36.272,-6.117],[-36.27,-6.115],[-36.269,-6.115],[-36.269,-6.114],[-36.264,-6.114],[-36.263,-6.113],[-36.262,-6.113],[-36.26,-6.111],[-36.258,-6.111],[-36.258,-6.11],[-36.259,-6.108],[-36.259,-6.106],[-36.255,-6.102],[-36.257,-6.099],[-36.256,-6.095],[-36.253,-6.095],[-36.248,-6.091],[-36.249,-6.087],[-36.247,-6.085],[-36.247,-6.08],[-36.245,-6.079],[-36.243,-6.077],[-36.244,-6.074],[-36.236,-6.071],[-36.231,-6.065],[-36.228,-6.059],[-36.225,-6.056],[-36.228,-6.053],[-36.228,-6.052],[-36.227,-6.051],[-36.228,-6.05],[-36.233,-6.049],[-36.235,-6.048],[-36.237,-6.047],[-36.239,-6.046],[-36.244,-6.046],[-36.245,-6.047],[-36.246,-6.048],[-36.247,-6.046],[-36.25,-6.045],[-36.251,-6.048],[-36.252,-6.048],[-36.254,-6.054],[-36.254,-6.055],[-36.255,-6.056],[-36.255,-6.06],[-36.258,-6.067],[-36.261,-6.07],[-36.264,-6.07],[-36.264,-6.071],[-36.265,-6.071],[-36.266,-6.073],[-36.268,-6.073],[-36.267,-6.075],[-36.269,-6.075],[-36.269,-6.077],[-36.271,-6.076],[-36.273,-6.077],[-36.272,-6.077],[-36.272,-6.078],[-36.274,-6.078],[-36.275,-6.08],[-36.273,-6.081],[-36.274,-6.082],[-36.274,-6.084],[-36.275,-6.084],[-36.275,-6.088],[-36.276,-6.089],[-36.278,-6.088],[-36.277,-6.091],[-36.275,-6.092],[-36.276,-6.093],[-36.278,-6.094],[-36.278,-6.095],[-36.276,-6.098],[-36.278,-6.1],[-36.28,-6.1],[-36.281,-6.101],[-36.284,-6.101],[-36.285,-6.102],[-36.287,-6.102],[-36.288,-6.101],[-36.289,-6.101],[-36.289,-6.103],[-36.291,-6.104],[-36.291,-6.105],[-36.293,-6.106],[-36.294,-6.108],[-36.293,-6.106],[-36.293,-6.105],[-36.292,-6.105],[-36.291,-6.103],[-36.29,-6.103],[-36.289,-6.1],[-36.287,-6.1],[-36.286,-6.101],[-36.281,-6.101],[-36.28,-6.099],[-36.277,-6.099],[-36.277,-6.098],[-36.279,-6.096],[-36.279,-6.095],[-36.278,-6.093],[-36.276,-6.092],[-36.278,-6.091],[-36.278,-6.088],[-36.275,-6.088],[-36.276,-6.083],[-36.274,-6.083],[-36.275,-6.082],[-36.274,-6.081],[-36.275,-6.08],[-36.275,-6.078],[-36.272,-6.078],[-36.273,-6.077],[-36.273,-6.076],[-36.27,-6.076],[-36.27,-6.075],[-36.268,-6.074],[-36.269,-6.073],[-36.268,-6.073],[-36.266,-6.072],[-36.265,-6.071],[-36.264,-6.071],[-36.264,-6.069],[-36.262,-6.07],[-36.261,-6.069],[-36.259,-6.067],[-36.256,-6.059],[-36.255,-6.056],[-36.254,-6.055],[-36.254,-6.054],[-36.252,-6.048],[-36.251,-6.047],[-36.251,-6.045],[-36.25,-6.044],[-36.251,-6.043],[-36.254,-6.044],[-36.255,-6.045],[-36.256,-6.045],[-36.257,-6.047],[-36.261,-6.048],[-36.26,-6.05],[-36.261,-6.05],[-36.261,-6.051],[-36.262,-6.052],[-36.262,-6.053],[-36.263,-6.054],[-36.263,-6.055],[-36.262,-6.055],[-36.262,-6.056],[-36.265,-6.058],[-36.264,-6.059],[-36.264,-6.061],[-36.266,-6.061],[-36.266,-6.063],[-36.267,-6.064],[-36.267,-6.066],[-36.268,-6.066],[-36.268,-6.067],[-36.269,-6.068],[-36.27,-6.07],[-36.272,-6.071],[-36.273,-6.069],[-36.273,-6.07],[-36.274,-6.074],[-36.275,-6.075],[-36.275,-6.076],[-36.277,-6.076],[-36.278,-6.074],[-36.279,-6.073],[-36.281,-6.074],[-36.282,-6.078],[-36.285,-6.08],[-36.287,-6.08],[-36.288,-6.082],[-36.292,-6.088],[-36.294,-6.088],[-36.296,-6.087],[-36.299,-6.089],[-36.3,-6.089],[-36.297,-6.087],[-36.293,-6.087],[-36.288,-6.08],[-36.286,-6.079],[-36.285,-6.079],[-36.282,-6.077],[-36.281,-6.074],[-36.28,-6.073],[-36.277,-6.073],[-36.277,-6.075],[-36.276,-6.076],[-36.276,-6.075],[-36.275,-6.074],[-36.274,-6.069],[-36.272,-6.069],[-36.272,-6.07],[-36.27,-6.07],[-36.27,-6.068],[-36.268,-6.067],[-36.269,-6.066],[-36.268,-6.066],[-36.268,-6.064],[-36.266,-6.063],[-36.266,-6.061],[-36.265,-6.06],[-36.264,-6.059],[-36.265,-6.058],[-36.262,-6.056],[-36.262,-6.055],[-36.264,-6.055],[-36.264,-6.053],[-36.262,-6.053],[-36.262,-6.051],[-36.261,-6.051],[-36.262,-6.05],[-36.261,-6.049],[-36.261,-6.047],[-36.257,-6.047],[-36.256,-6.045],[-36.255,-6.044],[-36.254,-6.043],[-36.253,-6.044],[-36.251,-6.043],[-36.25,-6.043],[-36.25,-6.044],[-36.246,-6.045],[-36.246,-6.047],[-36.244,-6.045],[-36.236,-6.046],[-36.235,-6.047],[-36.228,-6.049],[-36.226,-6.051],[-36.225,-6.051],[-36.223,-6.049],[-36.219,-6.043],[-36.215,-6.038],[-36.219,-6.038],[-36.22,-6.036],[-36.225,-6.038],[-36.226,-6.036],[-36.229,-6.037],[-36.23,-6.036],[-36.232,-6.036],[-36.233,-6.035],[-36.232,-6.034],[-36.233,-6.033],[-36.233,-6.032],[-36.235,-6.033],[-36.237,-6.031],[-36.239,-6.032],[-36.24,-6.032],[-36.241,-6.033],[-36.242,-6.032],[-36.243,-6.032],[-36.244,-6.031],[-36.246,-6.032],[-36.246,-6.034],[-36.247,-6.035],[-36.249,-6.036],[-36.252,-6.037],[-36.252,-6.038],[-36.253,-6.039],[-36.255,-6.038],[-36.258,-6.039],[-36.262,-6.039],[-36.263,-6.038],[-36.262,-6.038],[-36.262,-6.039],[-36.26,-6.038],[-36.258,-6.039],[-36.255,-6.038],[-36.253,-6.039],[-36.252,-6.038],[-36.252,-6.036],[-36.249,-6.036],[-36.247,-6.034],[-36.246,-6.032],[-36.244,-6.031],[-36.243,-6.032],[-36.241,-6.032],[-36.24,-6.031],[-36.239,-6.032],[-36.237,-6.031],[-36.235,-6.032],[-36.233,-6.032],[-36.232,-6.034],[-36.232,-6.036],[-36.23,-6.035],[-36.229,-6.036],[-36.226,-6.035],[-36.225,-6.036],[-36.225,-6.037],[-36.22,-6.036],[-36.219,-6.037],[-36.218,-6.038],[-36.217,-6.037],[-36.214,-6.037],[-36.212,-6.038],[-36.21,-6.037],[-36.211,-6.036],[-36.21,-6.034],[-36.207,-6.03],[-36.206,-6.026],[-36.203,-6.022],[-36.201,-6.018],[-36.198,-6.016],[-36.197,-6.012],[-36.193,-6.007],[-36.191,-6.002],[-36.189,-6.001],[-36.186,-6],[-36.184,-5.998],[-36.183,-5.996],[-36.183,-5.995],[-36.182,-5.994],[-36.18,-5.995],[-36.18,-5.994],[-36.181,-5.993],[-36.181,-5.992],[-36.182,-5.989],[-36.187,-5.987],[-36.191,-5.988],[-36.192,-5.989],[-36.196,-5.989],[-36.198,-5.991],[-36.201,-5.989],[-36.202,-5.99],[-36.204,-5.99],[-36.207,-5.988],[-36.208,-5.99],[-36.21,-5.99],[-36.212,-5.989],[-36.215,-5.99],[-36.218,-5.989],[-36.218,-5.99],[-36.22,-5.991],[-36.222,-5.994],[-36.225,-5.995],[-36.225,-5.996],[-36.224,-5.997],[-36.224,-5.999],[-36.227,-5.998],[-36.227,-5.999],[-36.229,-5.999],[-36.23,-6.001],[-36.232,-6.001],[-36.231,-6.002],[-36.231,-6.004],[-36.23,-6.005],[-36.23,-6.008],[-36.231,-6.01],[-36.232,-6.01],[-36.232,-6.011],[-36.234,-6.012],[-36.235,-6.013],[-36.236,-6.014],[-36.239,-6.019],[-36.238,-6.017],[-36.238,-6.015],[-36.237,-6.015],[-36.236,-6.014],[-36.235,-6.013],[-36.235,-6.012],[-36.232,-6.011],[-36.232,-6.01],[-36.231,-6.009],[-36.231,-6.008],[-36.23,-6.007],[-36.231,-6.005],[-36.232,-6.005],[-36.233,-6.007],[-36.235,-6.007],[-36.236,-6.009],[-36.236,-6.01],[-36.238,-6.012],[-36.239,-6.012],[-36.24,-6.011],[-36.242,-6.011],[-36.243,-6.01],[-36.245,-6.011],[-36.249,-6.014],[-36.252,-6.016],[-36.257,-6.017],[-36.258,-6.019],[-36.259,-6.019],[-36.26,-6.021],[-36.261,-6.022],[-36.262,-6.021],[-36.26,-6.02],[-36.258,-6.018],[-36.257,-6.016],[-36.252,-6.015],[-36.249,-6.014],[-36.246,-6.01],[-36.243,-6.009],[-36.242,-6.01],[-36.24,-6.01],[-36.239,-6.011],[-36.237,-6.011],[-36.237,-6.008],[-36.235,-6.007],[-36.233,-6.006],[-36.232,-6.005],[-36.232,-6],[-36.231,-6],[-36.229,-5.998],[-36.227,-5.999],[-36.227,-5.997],[-36.225,-5.998],[-36.226,-5.996],[-36.225,-5.995],[-36.225,-5.994],[-36.223,-5.994],[-36.221,-5.991],[-36.219,-5.99],[-36.218,-5.983],[-36.219,-5.982],[-36.221,-5.982],[-36.227,-5.979],[-36.229,-5.977],[-36.23,-5.974],[-36.23,-5.972],[-36.231,-5.971],[-36.233,-5.971],[-36.241,-5.975],[-36.242,-5.976],[-36.244,-5.98],[-36.245,-5.981],[-36.248,-5.98],[-36.249,-5.981],[-36.251,-5.987],[-36.253,-5.988],[-36.254,-5.988],[-36.255,-5.987],[-36.256,-5.987],[-36.258,-5.985],[-36.258,-5.986],[-36.26,-5.988],[-36.262,-5.991],[-36.264,-5.992],[-36.264,-5.995],[-36.271,-5.994],[-36.271,-5.996],[-36.275,-5.997],[-36.274,-5.999],[-36.274,-6.001],[-36.278,-6.004],[-36.278,-6.006],[-36.277,-6.007],[-36.276,-6.008],[-36.277,-6.009],[-36.276,-6.011],[-36.28,-6.016],[-36.279,-6.018],[-36.277,-6.018],[-36.275,-6.02],[-36.275,-6.021],[-36.276,-6.022],[-36.278,-6.022],[-36.279,-6.023],[-36.279,-6.024],[-36.281,-6.025],[-36.283,-6.025],[-36.284,-6.024],[-36.286,-6.025],[-36.284,-6.027],[-36.286,-6.03],[-36.284,-6.03],[-36.283,-6.032],[-36.285,-6.034],[-36.286,-6.035],[-36.285,-6.036],[-36.286,-6.037],[-36.287,-6.038],[-36.289,-6.038],[-36.293,-6.042],[-36.292,-6.043],[-36.291,-6.043],[-36.293,-6.045],[-36.294,-6.045],[-36.296,-6.048],[-36.296,-6.052],[-36.295,-6.053],[-36.295,-6.055],[-36.298,-6.056],[-36.301,-6.055],[-36.304,-6.055],[-36.302,-6.057],[-36.304,-6.058],[-36.304,-6.06],[-36.305,-6.06],[-36.305,-6.062],[-36.307,-6.063],[-36.305,-6.065],[-36.304,-6.066],[-36.306,-6.066],[-36.306,-6.069],[-36.308,-6.069],[-36.308,-6.071],[-36.309,-6.072],[-36.308,-6.073],[-36.311,-6.075],[-36.314,-6.074],[-36.315,-6.076],[-36.315,-6.077],[-36.316,-6.077],[-36.318,-6.08],[-36.317,-6.081],[-36.317,-6.082],[-36.315,-6.082],[-36.315,-6.083],[-36.316,-6.085],[-36.315,-6.087],[-36.317,-6.089],[-36.316,-6.089],[-36.315,-6.091],[-36.314,-6.091],[-36.313,-6.092],[-36.312,-6.092],[-36.312,-6.093],[-36.313,-6.094],[-36.313,-6.097],[-36.314,-6.097],[-36.315,-6.098],[-36.314,-6.099],[-36.316,-6.104],[-36.315,-6.104],[-36.315,-6.107],[-36.316,-6.107],[-36.316,-6.109],[-36.319,-6.113],[-36.32,-6.112],[-36.317,-6.108],[-36.317,-6.107],[-36.316,-6.106],[-36.316,-6.104],[-36.317,-6.105],[-36.317,-6.104],[-36.314,-6.099],[-36.315,-6.099],[-36.315,-6.097],[-36.313,-6.095],[-36.313,-6.094],[-36.312,-6.093],[-36.314,-6.092],[-36.315,-6.091],[-36.316,-6.09],[-36.317,-6.089],[-36.316,-6.087],[-36.317,-6.085],[-36.316,-6.082],[-36.316,-6.083],[-36.318,-6.082],[-36.318,-6.08],[-36.316,-6.076],[-36.314,-6.074],[-36.312,-6.074],[-36.309,-6.073],[-36.309,-6.072],[-36.308,-6.07],[-36.309,-6.069],[-36.307,-6.068],[-36.306,-6.066],[-36.305,-6.066],[-36.307,-6.065],[-36.308,-6.063],[-36.305,-6.061],[-36.306,-6.06],[-36.304,-6.06],[-36.303,-6.057],[-36.307,-6.059],[-36.311,-6.057],[-36.311,-6.059],[-36.313,-6.059],[-36.314,-6.058],[-36.315,-6.06],[-36.317,-6.06],[-36.322,-6.061],[-36.324,-6.061],[-36.325,-6.063],[-36.327,-6.063],[-36.329,-6.065],[-36.331,-6.066],[-36.333,-6.069],[-36.336,-6.068],[-36.342,-6.068],[-36.343,-6.069],[-36.345,-6.068],[-36.346,-6.067],[-36.347,-6.067],[-36.348,-6.066],[-36.35,-6.066],[-36.356,-6.07],[-36.361,-6.076],[-36.362,-6.077],[-36.362,-6.078],[-36.363,-6.079],[-36.362,-6.078],[-36.363,-6.077],[-36.361,-6.076],[-36.357,-6.07],[-36.35,-6.066],[-36.347,-6.066],[-36.347,-6.067],[-36.346,-6.067],[-36.345,-6.068],[-36.343,-6.069],[-36.342,-6.067],[-36.339,-6.068],[-36.336,-6.067],[-36.333,-6.068],[-36.331,-6.066],[-36.329,-6.065],[-36.328,-6.063],[-36.325,-6.063],[-36.325,-6.061],[-36.328,-6.061],[-36.33,-6.055],[-36.331,-6.055],[-36.331,-6.052],[-36.332,-6.051],[-36.333,-6.052],[-36.334,-6.052],[-36.334,-6.05],[-36.332,-6.048],[-36.333,-6.047],[-36.335,-6.047],[-36.337,-6.046],[-36.338,-6.044],[-36.338,-6.043],[-36.343,-6.041],[-36.344,-6.041],[-36.346,-6.042],[-36.346,-6.043],[-36.348,-6.045],[-36.351,-6.046],[-36.354,-6.046],[-36.355,-6.045],[-36.355,-6.043],[-36.358,-6.043],[-36.361,-6.048],[-36.361,-6.051],[-36.364,-6.054],[-36.364,-6.058],[-36.367,-6.059],[-36.364,-6.058],[-36.365,-6.055],[-36.362,-6.05],[-36.361,-6.047],[-36.359,-6.045],[-36.359,-6.042],[-36.36,-6.041],[-36.362,-6.04],[-36.366,-6.042],[-36.369,-6.042],[-36.372,-6.04],[-36.374,-6.041],[-36.376,-6.041],[-36.379,-6.04],[-36.38,-6.042],[-36.381,-6.043],[-36.385,-6.043],[-36.387,-6.044],[-36.389,-6.045],[-36.391,-6.045],[-36.391,-6.044],[-36.387,-6.044],[-36.385,-6.042],[-36.382,-6.042],[-36.379,-6.039],[-36.376,-6.041],[-36.374,-6.04],[-36.372,-6.04],[-36.369,-6.041],[-36.365,-6.041],[-36.362,-6.04],[-36.356,-6.041],[-36.356,-6.04],[-36.355,-6.039],[-36.355,-6.041],[-36.353,-6.042],[-36.353,-6.045],[-36.352,-6.043],[-36.349,-6.043],[-36.348,-6.041],[-36.347,-6.04],[-36.346,-6.041],[-36.344,-6.04],[-36.343,-6.04],[-36.338,-6.042],[-36.337,-6.042],[-36.336,-6.045],[-36.332,-6.046],[-36.331,-6.048],[-36.331,-6.049],[-36.332,-6.05],[-36.33,-6.051],[-36.329,-6.051],[-36.329,-6.054],[-36.328,-6.055],[-36.328,-6.057],[-36.327,-6.059],[-36.326,-6.059],[-36.326,-6.06],[-36.322,-6.06],[-36.316,-6.059],[-36.314,-6.056],[-36.312,-6.058],[-36.312,-6.056],[-36.311,-6.055],[-36.309,-6.056],[-36.307,-6.057],[-36.304,-6.056],[-36.305,-6.055],[-36.304,-6.054],[-36.301,-6.054],[-36.298,-6.055],[-36.296,-6.054],[-36.297,-6.052],[-36.297,-6.048],[-36.296,-6.045],[-36.293,-6.043],[-36.295,-6.043],[-36.294,-6.041],[-36.29,-6.037],[-36.286,-6.036],[-36.287,-6.035],[-36.287,-6.034],[-36.286,-6.033],[-36.288,-6.033],[-36.289,-6.031],[-36.289,-6.03],[-36.287,-6.027],[-36.288,-6.026],[-36.29,-6.026],[-36.291,-6.025],[-36.291,-6.024],[-36.288,-6.022],[-36.289,-6.021],[-36.289,-6.02],[-36.293,-6.02],[-36.294,-6.022],[-36.296,-6.022],[-36.3,-6.023],[-36.299,-6.027],[-36.301,-6.027],[-36.3,-6.029],[-36.3,-6.03],[-36.301,-6.031],[-36.302,-6.031],[-36.302,-6.032],[-36.303,-6.032],[-36.303,-6.033],[-36.304,-6.033],[-36.304,-6.035],[-36.305,-6.036],[-36.306,-6.039],[-36.308,-6.042],[-36.31,-6.042],[-36.312,-6.041],[-36.315,-6.043],[-36.316,-6.043],[-36.313,-6.04],[-36.308,-6.041],[-36.306,-6.038],[-36.306,-6.036],[-36.304,-6.035],[-36.304,-6.033],[-36.302,-6.032],[-36.303,-6.031],[-36.302,-6.03],[-36.301,-6.031],[-36.301,-6.03],[-36.302,-6.027],[-36.301,-6.026],[-36.3,-6.027],[-36.3,-6.024],[-36.301,-6.023],[-36.3,-6.022],[-36.298,-6.022],[-36.296,-6.021],[-36.294,-6.022],[-36.294,-6.019],[-36.291,-6.019],[-36.29,-6.018],[-36.287,-6.017],[-36.284,-6.018],[-36.282,-6.016],[-36.281,-6.015],[-36.277,-6.011],[-36.278,-6.009],[-36.278,-6.007],[-36.279,-6.007],[-36.279,-6.004],[-36.276,-6],[-36.276,-5.999],[-36.277,-5.998],[-36.278,-5.998],[-36.28,-5.999],[-36.281,-5.999],[-36.283,-6.001],[-36.286,-6.002],[-36.286,-6.004],[-36.288,-6.004],[-36.289,-6.003],[-36.293,-6.007],[-36.295,-6.007],[-36.296,-6.008],[-36.298,-6.009],[-36.3,-6.008],[-36.297,-6.008],[-36.295,-6.006],[-36.293,-6.006],[-36.289,-6.003],[-36.287,-6.004],[-36.286,-6.002],[-36.283,-6.001],[-36.281,-5.998],[-36.28,-5.998],[-36.28,-5.999],[-36.278,-5.997],[-36.28,-5.996],[-36.281,-5.996],[-36.283,-5.995],[-36.284,-5.994],[-36.284,-5.992],[-36.287,-5.993],[-36.291,-5.991],[-36.292,-5.99],[-36.293,-5.992],[-36.296,-5.993],[-36.297,-5.992],[-36.299,-5.994],[-36.303,-6.001],[-36.304,-6.001],[-36.302,-6.003],[-36.303,-6.004],[-36.305,-6.003],[-36.306,-6.005],[-36.308,-6.006],[-36.312,-6.013],[-36.312,-6.014],[-36.31,-6.016],[-36.312,-6.018],[-36.314,-6.021],[-36.313,-6.022],[-36.313,-6.024],[-36.312,-6.024],[-36.313,-6.026],[-36.314,-6.027],[-36.314,-6.032],[-36.315,-6.033],[-36.317,-6.034],[-36.319,-6.037],[-36.32,-6.037],[-36.319,-6.035],[-36.318,-6.035],[-36.317,-6.034],[-36.315,-6.033],[-36.315,-6.032],[-36.314,-6.032],[-36.315,-6.031],[-36.314,-6.027],[-36.314,-6.025],[-36.313,-6.025],[-36.314,-6.024],[-36.314,-6.021],[-36.313,-6.018],[-36.311,-6.016],[-36.312,-6.014],[-36.312,-6.012],[-36.311,-6.011],[-36.308,-6.005],[-36.306,-6.005],[-36.306,-6.004],[-36.305,-6.003],[-36.303,-6.003],[-36.304,-6.001],[-36.303,-6],[-36.3,-5.994],[-36.302,-5.995],[-36.304,-5.995],[-36.304,-5.992],[-36.306,-5.992],[-36.307,-5.994],[-36.308,-6],[-36.311,-6.003],[-36.312,-6.004],[-36.314,-6.002],[-36.316,-6.004],[-36.317,-6.005],[-36.319,-6.006],[-36.32,-6.007],[-36.322,-6.005],[-36.323,-6.006],[-36.324,-6.006],[-36.327,-6.008],[-36.329,-6.008],[-36.331,-6.01],[-36.334,-6.011],[-36.336,-6.011],[-36.338,-6.012],[-36.338,-6.011],[-36.34,-6.011],[-36.341,-6.012],[-36.34,-6.013],[-36.344,-6.015],[-36.345,-6.015],[-36.346,-6.016],[-36.35,-6.015],[-36.352,-6.015],[-36.353,-6.017],[-36.354,-6.018],[-36.356,-6.02],[-36.356,-6.023],[-36.358,-6.024],[-36.358,-6.022],[-36.359,-6.022],[-36.359,-6.021],[-36.36,-6.023],[-36.361,-6.024],[-36.361,-6.021],[-36.363,-6.02],[-36.365,-6.02],[-36.364,-6.02],[-36.361,-6.019],[-36.36,-6.019],[-36.359,-6.018],[-36.356,-6.019],[-36.355,-6.017],[-36.353,-6.017],[-36.353,-6.016],[-36.352,-6.015],[-36.346,-6.015],[-36.345,-6.014],[-36.344,-6.015],[-36.341,-6.013],[-36.341,-6.012],[-36.34,-6.011],[-36.339,-6.011],[-36.338,-6.012],[-36.336,-6.01],[-36.334,-6.011],[-36.331,-6.009],[-36.33,-6.008],[-36.33,-6.007],[-36.331,-6.006],[-36.331,-6.005],[-36.332,-6.006],[-36.333,-6.004],[-36.334,-6.004],[-36.334,-6.003],[-36.335,-6.005],[-36.337,-6.005],[-36.337,-6.003],[-36.341,-6.003],[-36.34,-6.001],[-36.34,-5.998],[-36.343,-5.994],[-36.344,-5.996],[-36.346,-5.996],[-36.349,-5.998],[-36.35,-6],[-36.353,-6],[-36.353,-6.004],[-36.358,-6.006],[-36.359,-6.008],[-36.362,-6.009],[-36.362,-6.01],[-36.363,-6.011],[-36.365,-6.013],[-36.367,-6.014],[-36.369,-6.015],[-36.371,-6.018],[-36.376,-6.019],[-36.376,-6.021],[-36.38,-6.022],[-36.383,-6.025],[-36.386,-6.025],[-36.386,-6.024],[-36.385,-6.025],[-36.383,-6.025],[-36.38,-6.021],[-36.377,-6.021],[-36.376,-6.019],[-36.372,-6.018],[-36.37,-6.014],[-36.366,-6.013],[-36.365,-6.009],[-36.363,-6.008],[-36.362,-6.009],[-36.359,-6.008],[-36.358,-6.005],[-36.354,-6.003],[-36.354,-6.001],[-36.353,-6],[-36.35,-6],[-36.349,-5.998],[-36.348,-5.997],[-36.351,-5.995],[-36.35,-5.992],[-36.35,-5.987],[-36.353,-5.984],[-36.353,-5.982],[-36.354,-5.982],[-36.356,-5.983],[-36.36,-5.983],[-36.36,-5.98],[-36.361,-5.977],[-36.363,-5.978],[-36.366,-5.976],[-36.367,-5.976],[-36.366,-5.976],[-36.363,-5.977],[-36.361,-5.977],[-36.359,-5.98],[-36.359,-5.983],[-36.357,-5.983],[-36.355,-5.981],[-36.352,-5.982],[-36.352,-5.98],[-36.35,-5.979],[-36.349,-5.977],[-36.352,-5.974],[-36.353,-5.971],[-36.358,-5.964],[-36.358,-5.963],[-36.357,-5.963],[-36.355,-5.967],[-36.354,-5.969],[-36.353,-5.97],[-36.352,-5.971],[-36.352,-5.974],[-36.349,-5.977],[-36.35,-5.979],[-36.351,-5.98],[-36.351,-5.984],[-36.349,-5.984],[-36.348,-5.986],[-36.349,-5.989],[-36.349,-5.992],[-36.35,-5.995],[-36.349,-5.995],[-36.347,-5.996],[-36.346,-5.995],[-36.344,-5.996],[-36.343,-5.994],[-36.344,-5.993],[-36.345,-5.992],[-36.346,-5.988],[-36.347,-5.985],[-36.346,-5.985],[-36.345,-5.987],[-36.344,-5.992],[-36.344,-5.993],[-36.342,-5.994],[-36.339,-5.998],[-36.339,-6.001],[-36.34,-6.003],[-36.337,-6.002],[-36.336,-6.003],[-36.334,-6.002],[-36.333,-6.003],[-36.332,-6.003],[-36.331,-6.004],[-36.33,-6.004],[-36.33,-6.006],[-36.329,-6.007],[-36.326,-6.006],[-36.324,-6.005],[-36.323,-6.005],[-36.322,-6.004],[-36.321,-6.004],[-36.32,-6.005],[-36.319,-6.005],[-36.317,-6.003],[-36.314,-6.001],[-36.313,-6.001],[-36.312,-6.002],[-36.309,-5.999],[-36.308,-5.994],[-36.307,-5.992],[-36.309,-5.993],[-36.31,-5.992],[-36.31,-5.99],[-36.309,-5.988],[-36.31,-5.986],[-36.311,-5.985],[-36.307,-5.978],[-36.307,-5.979],[-36.31,-5.985],[-36.31,-5.986],[-36.308,-5.988],[-36.31,-5.99],[-36.309,-5.992],[-36.306,-5.99],[-36.304,-5.991],[-36.303,-5.992],[-36.303,-5.994],[-36.302,-5.994],[-36.301,-5.993],[-36.298,-5.991],[-36.294,-5.991],[-36.293,-5.989],[-36.292,-5.988],[-36.291,-5.99],[-36.286,-5.992],[-36.283,-5.991],[-36.282,-5.992],[-36.283,-5.994],[-36.281,-5.995],[-36.28,-5.995],[-36.278,-5.996],[-36.276,-5.997],[-36.275,-5.995],[-36.272,-5.995],[-36.272,-5.994],[-36.271,-5.993],[-36.265,-5.994],[-36.265,-5.992],[-36.263,-5.99],[-36.261,-5.987],[-36.259,-5.984],[-36.257,-5.984],[-36.256,-5.986],[-36.254,-5.986],[-36.254,-5.987],[-36.253,-5.986],[-36.25,-5.982],[-36.249,-5.98],[-36.255,-5.978],[-36.258,-5.976],[-36.261,-5.975],[-36.261,-5.974],[-36.265,-5.973],[-36.265,-5.97],[-36.262,-5.971],[-36.261,-5.97],[-36.259,-5.965],[-36.261,-5.964],[-36.262,-5.962],[-36.258,-5.958],[-36.26,-5.958],[-36.262,-5.96],[-36.263,-5.96],[-36.265,-5.961],[-36.267,-5.96],[-36.27,-5.958],[-36.271,-5.959],[-36.274,-5.959],[-36.275,-5.963],[-36.276,-5.964],[-36.277,-5.964],[-36.282,-5.96],[-36.284,-5.96],[-36.285,-5.959],[-36.287,-5.96],[-36.288,-5.963],[-36.29,-5.967],[-36.294,-5.966],[-36.3,-5.966],[-36.302,-5.967],[-36.303,-5.966],[-36.304,-5.967],[-36.306,-5.966],[-36.312,-5.968],[-36.314,-5.968],[-36.315,-5.969],[-36.315,-5.971],[-36.318,-5.974],[-36.315,-5.978],[-36.316,-5.98],[-36.325,-5.982],[-36.329,-5.986],[-36.331,-5.987],[-36.336,-5.986],[-36.338,-5.984],[-36.338,-5.98],[-36.338,-5.981],[-36.337,-5.984],[-36.335,-5.986],[-36.334,-5.985],[-36.334,-5.986],[-36.331,-5.986],[-36.329,-5.985],[-36.325,-5.982],[-36.316,-5.979],[-36.316,-5.978],[-36.318,-5.974],[-36.315,-5.97],[-36.316,-5.97],[-36.316,-5.969],[-36.317,-5.97],[-36.322,-5.971],[-36.323,-5.97],[-36.323,-5.971],[-36.325,-5.971],[-36.326,-5.972],[-36.327,-5.971],[-36.327,-5.972],[-36.335,-5.973],[-36.337,-5.974],[-36.338,-5.974],[-36.339,-5.973],[-36.342,-5.975],[-36.343,-5.976],[-36.345,-5.977],[-36.346,-5.978],[-36.343,-5.976],[-36.342,-5.974],[-36.339,-5.973],[-36.335,-5.973],[-36.327,-5.972],[-36.327,-5.97],[-36.326,-5.971],[-36.323,-5.969],[-36.322,-5.97],[-36.318,-5.969],[-36.316,-5.969],[-36.314,-5.968],[-36.313,-5.968],[-36.308,-5.966],[-36.306,-5.966],[-36.304,-5.967],[-36.304,-5.966],[-36.301,-5.966],[-36.3,-5.965],[-36.291,-5.966],[-36.289,-5.963],[-36.288,-5.959],[-36.287,-5.958],[-36.284,-5.958],[-36.284,-5.959],[-36.281,-5.959],[-36.277,-5.963],[-36.277,-5.961],[-36.276,-5.961],[-36.275,-5.958],[-36.271,-5.958],[-36.271,-5.956],[-36.274,-5.956],[-36.276,-5.955],[-36.276,-5.952],[-36.278,-5.952],[-36.278,-5.949],[-36.275,-5.947],[-36.277,-5.944],[-36.278,-5.945],[-36.28,-5.946],[-36.284,-5.951],[-36.285,-5.951],[-36.286,-5.95],[-36.288,-5.95],[-36.288,-5.947],[-36.29,-5.948],[-36.291,-5.95],[-36.293,-5.95],[-36.294,-5.949],[-36.293,-5.948],[-36.296,-5.948],[-36.297,-5.947],[-36.302,-5.947],[-36.303,-5.945],[-36.305,-5.946],[-36.305,-5.947],[-36.307,-5.949],[-36.307,-5.952],[-36.311,-5.954],[-36.311,-5.953],[-36.308,-5.952],[-36.308,-5.95],[-36.306,-5.946],[-36.303,-5.944],[-36.304,-5.942],[-36.304,-5.94],[-36.305,-5.938],[-36.308,-5.938],[-36.309,-5.936],[-36.314,-5.935],[-36.315,-5.935],[-36.316,-5.936],[-36.318,-5.935],[-36.319,-5.936],[-36.32,-5.936],[-36.321,-5.938],[-36.322,-5.943],[-36.322,-5.953],[-36.323,-5.954],[-36.323,-5.951],[-36.322,-5.946],[-36.323,-5.943],[-36.322,-5.939],[-36.322,-5.936],[-36.321,-5.935],[-36.32,-5.934],[-36.321,-5.935],[-36.322,-5.935],[-36.324,-5.933],[-36.324,-5.931],[-36.323,-5.93],[-36.323,-5.929],[-36.322,-5.928],[-36.323,-5.927],[-36.325,-5.926],[-36.327,-5.928],[-36.326,-5.93],[-36.329,-5.933],[-36.33,-5.936],[-36.332,-5.94],[-36.332,-5.944],[-36.331,-5.945],[-36.332,-5.948],[-36.331,-5.951],[-36.331,-5.957],[-36.332,-5.96],[-36.333,-5.962],[-36.336,-5.962],[-36.339,-5.964],[-36.337,-5.962],[-36.334,-5.962],[-36.332,-5.959],[-36.331,-5.957],[-36.331,-5.95],[-36.332,-5.948],[-36.332,-5.943],[-36.333,-5.942],[-36.333,-5.94],[-36.33,-5.935],[-36.33,-5.933],[-36.327,-5.93],[-36.327,-5.927],[-36.325,-5.926],[-36.328,-5.924],[-36.331,-5.925],[-36.334,-5.927],[-36.337,-5.927],[-36.34,-5.931],[-36.341,-5.931],[-36.342,-5.933],[-36.345,-5.935],[-36.347,-5.934],[-36.348,-5.934],[-36.352,-5.939],[-36.355,-5.94],[-36.357,-5.942],[-36.365,-5.947],[-36.364,-5.949],[-36.362,-5.952],[-36.362,-5.958],[-36.364,-5.961],[-36.365,-5.961],[-36.366,-5.962],[-36.368,-5.964],[-36.371,-5.967],[-36.371,-5.966],[-36.37,-5.965],[-36.368,-5.964],[-36.367,-5.961],[-36.366,-5.96],[-36.364,-5.961],[-36.363,-5.958],[-36.362,-5.952],[-36.365,-5.949],[-36.366,-5.947],[-36.357,-5.942],[-36.355,-5.939],[-36.353,-5.938],[-36.349,-5.934],[-36.347,-5.933],[-36.345,-5.934],[-36.342,-5.932],[-36.338,-5.927],[-36.337,-5.927],[-36.335,-5.926],[-36.334,-5.927],[-36.329,-5.924],[-36.328,-5.924],[-36.325,-5.925],[-36.322,-5.926],[-36.321,-5.928],[-36.323,-5.932],[-36.322,-5.934],[-36.318,-5.931],[-36.316,-5.932],[-36.316,-5.933],[-36.317,-5.934],[-36.316,-5.935],[-36.313,-5.934],[-36.309,-5.935],[-36.308,-5.937],[-36.305,-5.937],[-36.303,-5.939],[-36.302,-5.943],[-36.301,-5.946],[-36.297,-5.946],[-36.296,-5.947],[-36.292,-5.947],[-36.292,-5.949],[-36.29,-5.947],[-36.287,-5.946],[-36.287,-5.949],[-36.285,-5.95],[-36.281,-5.945],[-36.279,-5.941],[-36.277,-5.941],[-36.275,-5.939],[-36.275,-5.94],[-36.276,-5.944],[-36.274,-5.947],[-36.275,-5.949],[-36.277,-5.949],[-36.277,-5.951],[-36.275,-5.951],[-36.275,-5.954],[-36.271,-5.955],[-36.27,-5.957],[-36.265,-5.96],[-36.264,-5.958],[-36.262,-5.959],[-36.261,-5.957],[-36.259,-5.956],[-36.258,-5.957],[-36.257,-5.959],[-36.261,-5.962],[-36.258,-5.964],[-36.258,-5.965],[-36.26,-5.97],[-36.261,-5.971],[-36.264,-5.971],[-36.264,-5.972],[-36.261,-5.973],[-36.26,-5.973],[-36.26,-5.974],[-36.258,-5.975],[-36.254,-5.977],[-36.251,-5.977],[-36.248,-5.979],[-36.245,-5.979],[-36.243,-5.975],[-36.24,-5.973],[-36.238,-5.972],[-36.234,-5.97],[-36.23,-5.97],[-36.229,-5.971],[-36.229,-5.974],[-36.228,-5.976],[-36.226,-5.978],[-36.221,-5.981],[-36.218,-5.982],[-36.216,-5.977],[-36.215,-5.976],[-36.215,-5.975],[-36.213,-5.974],[-36.213,-5.972],[-36.212,-5.972],[-36.212,-5.97],[-36.211,-5.969],[-36.21,-5.969],[-36.208,-5.968],[-36.208,-5.962],[-36.206,-5.961],[-36.206,-5.958],[-36.201,-5.952],[-36.193,-5.939],[-36.194,-5.938],[-36.193,-5.936],[-36.194,-5.937],[-36.195,-5.939],[-36.2,-5.942],[-36.2,-5.943],[-36.202,-5.947],[-36.204,-5.947],[-36.205,-5.945],[-36.206,-5.945],[-36.206,-5.943],[-36.212,-5.943],[-36.215,-5.942],[-36.22,-5.949],[-36.222,-5.949],[-36.224,-5.947],[-36.226,-5.946],[-36.227,-5.948],[-36.231,-5.949],[-36.236,-5.947],[-36.237,-5.946],[-36.239,-5.946],[-36.241,-5.947],[-36.239,-5.946],[-36.237,-5.946],[-36.236,-5.947],[-36.234,-5.947],[-36.232,-5.949],[-36.231,-5.949],[-36.227,-5.948],[-36.226,-5.945],[-36.223,-5.947],[-36.222,-5.948],[-36.22,-5.949],[-36.216,-5.942],[-36.215,-5.942],[-36.212,-5.943],[-36.205,-5.942],[-36.205,-5.943],[-36.206,-5.945],[-36.205,-5.945],[-36.204,-5.947],[-36.202,-5.947],[-36.2,-5.943],[-36.2,-5.942],[-36.199,-5.941],[-36.195,-5.939],[-36.194,-5.936],[-36.193,-5.936],[-36.193,-5.938],[-36.192,-5.939],[-36.191,-5.939],[-36.191,-5.938],[-36.19,-5.937],[-36.189,-5.937],[-36.188,-5.938],[-36.187,-5.936],[-36.188,-5.936],[-36.188,-5.935],[-36.187,-5.934],[-36.185,-5.935],[-36.186,-5.934],[-36.186,-5.933],[-36.183,-5.932],[-36.181,-5.931],[-36.183,-5.929],[-36.183,-5.927],[-36.182,-5.926],[-36.181,-5.925],[-36.18,-5.923],[-36.182,-5.921],[-36.187,-5.92],[-36.191,-5.917],[-36.194,-5.916],[-36.195,-5.915],[-36.195,-5.913],[-36.194,-5.91],[-36.198,-5.909],[-36.199,-5.907],[-36.199,-5.903],[-36.201,-5.905],[-36.204,-5.906],[-36.208,-5.911],[-36.21,-5.911],[-36.211,-5.91],[-36.213,-5.916],[-36.214,-5.919],[-36.216,-5.919],[-36.216,-5.921],[-36.218,-5.922],[-36.218,-5.923],[-36.221,-5.923],[-36.221,-5.925],[-36.222,-5.925],[-36.222,-5.929],[-36.221,-5.93],[-36.223,-5.931],[-36.225,-5.936],[-36.228,-5.938],[-36.229,-5.94],[-36.23,-5.942],[-36.233,-5.945],[-36.233,-5.944],[-36.23,-5.942],[-36.23,-5.94],[-36.228,-5.937],[-36.225,-5.936],[-36.223,-5.931],[-36.221,-5.93],[-36.222,-5.929],[-36.222,-5.926],[-36.221,-5.923],[-36.219,-5.922],[-36.219,-5.921],[-36.217,-5.92],[-36.213,-5.916],[-36.211,-5.91],[-36.21,-5.909],[-36.211,-5.906],[-36.21,-5.905],[-36.212,-5.905],[-36.216,-5.906],[-36.216,-5.907],[-36.218,-5.907],[-36.222,-5.912],[-36.223,-5.911],[-36.227,-5.91],[-36.229,-5.907],[-36.235,-5.906],[-36.235,-5.905],[-36.238,-5.908],[-36.24,-5.912],[-36.244,-5.914],[-36.246,-5.913],[-36.249,-5.914],[-36.251,-5.914],[-36.253,-5.921],[-36.255,-5.921],[-36.256,-5.923],[-36.251,-5.924],[-36.252,-5.927],[-36.252,-5.929],[-36.251,-5.93],[-36.251,-5.931],[-36.252,-5.933],[-36.254,-5.934],[-36.257,-5.937],[-36.258,-5.94],[-36.258,-5.941],[-36.258,-5.94],[-36.257,-5.936],[-36.255,-5.934],[-36.253,-5.933],[-36.251,-5.931],[-36.253,-5.927],[-36.252,-5.924],[-36.259,-5.923],[-36.26,-5.925],[-36.26,-5.926],[-36.261,-5.929],[-36.266,-5.933],[-36.267,-5.935],[-36.269,-5.937],[-36.269,-5.936],[-36.267,-5.934],[-36.267,-5.933],[-36.264,-5.93],[-36.263,-5.93],[-36.265,-5.929],[-36.263,-5.928],[-36.263,-5.925],[-36.262,-5.924],[-36.261,-5.925],[-36.259,-5.922],[-36.257,-5.923],[-36.255,-5.92],[-36.255,-5.919],[-36.254,-5.92],[-36.252,-5.916],[-36.255,-5.918],[-36.256,-5.917],[-36.26,-5.917],[-36.262,-5.912],[-36.263,-5.913],[-36.264,-5.912],[-36.267,-5.912],[-36.267,-5.91],[-36.268,-5.906],[-36.266,-5.901],[-36.267,-5.899],[-36.267,-5.894],[-36.267,-5.899],[-36.266,-5.901],[-36.267,-5.906],[-36.266,-5.91],[-36.261,-5.91],[-36.261,-5.911],[-36.262,-5.912],[-36.26,-5.916],[-36.256,-5.916],[-36.255,-5.917],[-36.253,-5.916],[-36.252,-5.913],[-36.25,-5.912],[-36.249,-5.913],[-36.247,-5.912],[-36.244,-5.913],[-36.24,-5.911],[-36.24,-5.908],[-36.237,-5.904],[-36.235,-5.904],[-36.234,-5.905],[-36.231,-5.906],[-36.228,-5.906],[-36.226,-5.909],[-36.222,-5.91],[-36.218,-5.906],[-36.214,-5.904],[-36.212,-5.904],[-36.209,-5.905],[-36.209,-5.906],[-36.21,-5.907],[-36.209,-5.91],[-36.205,-5.905],[-36.202,-5.904],[-36.2,-5.902],[-36.202,-5.901],[-36.201,-5.898],[-36.203,-5.897],[-36.205,-5.896],[-36.205,-5.891],[-36.202,-5.885],[-36.208,-5.884],[-36.209,-5.883],[-36.211,-5.883],[-36.212,-5.881],[-36.215,-5.88],[-36.217,-5.878],[-36.217,-5.876],[-36.22,-5.874],[-36.223,-5.874],[-36.227,-5.876],[-36.228,-5.874],[-36.229,-5.876],[-36.233,-5.878],[-36.232,-5.88],[-36.233,-5.881],[-36.234,-5.878],[-36.233,-5.877],[-36.232,-5.876],[-36.233,-5.874],[-36.234,-5.872],[-36.236,-5.872],[-36.237,-5.871],[-36.24,-5.871],[-36.242,-5.872],[-36.244,-5.87],[-36.247,-5.873],[-36.25,-5.873],[-36.257,-5.87],[-36.259,-5.869],[-36.261,-5.868],[-36.264,-5.87],[-36.267,-5.868],[-36.272,-5.876],[-36.273,-5.876],[-36.276,-5.88],[-36.275,-5.882],[-36.276,-5.884],[-36.277,-5.885],[-36.277,-5.887],[-36.276,-5.888],[-36.28,-5.894],[-36.28,-5.896],[-36.281,-5.899],[-36.28,-5.9],[-36.28,-5.902],[-36.282,-5.904],[-36.282,-5.915],[-36.285,-5.918],[-36.285,-5.921],[-36.286,-5.922],[-36.289,-5.923],[-36.289,-5.926],[-36.292,-5.928],[-36.292,-5.927],[-36.29,-5.926],[-36.289,-5.923],[-36.287,-5.922],[-36.286,-5.921],[-36.285,-5.918],[-36.283,-5.915],[-36.283,-5.904],[-36.281,-5.902],[-36.281,-5.899],[-36.28,-5.895],[-36.28,-5.894],[-36.279,-5.891],[-36.28,-5.889],[-36.279,-5.888],[-36.279,-5.887],[-36.278,-5.886],[-36.278,-5.884],[-36.276,-5.883],[-36.276,-5.879],[-36.274,-5.876],[-36.272,-5.875],[-36.272,-5.874],[-36.268,-5.868],[-36.268,-5.867],[-36.269,-5.865],[-36.268,-5.862],[-36.271,-5.863],[-36.271,-5.866],[-36.272,-5.865],[-36.275,-5.865],[-36.277,-5.864],[-36.277,-5.861],[-36.276,-5.86],[-36.276,-5.859],[-36.278,-5.86],[-36.28,-5.86],[-36.283,-5.862],[-36.286,-5.861],[-36.29,-5.862],[-36.294,-5.865],[-36.294,-5.867],[-36.292,-5.869],[-36.292,-5.873],[-36.291,-5.872],[-36.29,-5.872],[-36.289,-5.871],[-36.288,-5.871],[-36.287,-5.872],[-36.288,-5.874],[-36.286,-5.876],[-36.288,-5.877],[-36.288,-5.878],[-36.29,-5.879],[-36.292,-5.879],[-36.292,-5.88],[-36.295,-5.882],[-36.297,-5.882],[-36.296,-5.883],[-36.297,-5.885],[-36.3,-5.888],[-36.298,-5.89],[-36.299,-5.891],[-36.301,-5.892],[-36.301,-5.893],[-36.305,-5.894],[-36.304,-5.896],[-36.306,-5.896],[-36.306,-5.897],[-36.307,-5.897],[-36.308,-5.898],[-36.311,-5.899],[-36.312,-5.907],[-36.315,-5.909],[-36.317,-5.911],[-36.319,-5.912],[-36.321,-5.912],[-36.322,-5.911],[-36.326,-5.91],[-36.328,-5.908],[-36.331,-5.909],[-36.331,-5.908],[-36.327,-5.908],[-36.325,-5.91],[-36.322,-5.91],[-36.32,-5.911],[-36.319,-5.91],[-36.318,-5.909],[-36.317,-5.902],[-36.314,-5.902],[-36.311,-5.898],[-36.308,-5.897],[-36.307,-5.896],[-36.308,-5.895],[-36.306,-5.895],[-36.305,-5.893],[-36.302,-5.892],[-36.3,-5.89],[-36.301,-5.888],[-36.301,-5.887],[-36.299,-5.885],[-36.297,-5.883],[-36.299,-5.881],[-36.298,-5.88],[-36.297,-5.88],[-36.296,-5.881],[-36.295,-5.881],[-36.293,-5.88],[-36.294,-5.878],[-36.293,-5.877],[-36.29,-5.878],[-36.289,-5.877],[-36.288,-5.876],[-36.289,-5.874],[-36.288,-5.872],[-36.289,-5.873],[-36.291,-5.873],[-36.292,-5.874],[-36.293,-5.874],[-36.293,-5.869],[-36.295,-5.866],[-36.296,-5.867],[-36.297,-5.869],[-36.3,-5.868],[-36.301,-5.869],[-36.304,-5.869],[-36.307,-5.872],[-36.309,-5.873],[-36.313,-5.875],[-36.316,-5.875],[-36.32,-5.879],[-36.319,-5.88],[-36.32,-5.881],[-36.32,-5.884],[-36.318,-5.886],[-36.318,-5.887],[-36.319,-5.888],[-36.318,-5.889],[-36.32,-5.892],[-36.322,-5.893],[-36.323,-5.895],[-36.322,-5.896],[-36.323,-5.898],[-36.326,-5.899],[-36.327,-5.9],[-36.329,-5.901],[-36.329,-5.904],[-36.331,-5.903],[-36.333,-5.906],[-36.336,-5.907],[-36.337,-5.907],[-36.335,-5.906],[-36.334,-5.905],[-36.331,-5.902],[-36.33,-5.901],[-36.329,-5.901],[-36.323,-5.897],[-36.323,-5.894],[-36.322,-5.892],[-36.32,-5.891],[-36.319,-5.889],[-36.32,-5.888],[-36.318,-5.887],[-36.319,-5.886],[-36.321,-5.884],[-36.321,-5.883],[-36.32,-5.88],[-36.321,-5.878],[-36.316,-5.874],[-36.315,-5.875],[-36.312,-5.873],[-36.31,-5.872],[-36.305,-5.87],[-36.303,-5.868],[-36.301,-5.867],[-36.3,-5.868],[-36.299,-5.867],[-36.3,-5.865],[-36.304,-5.865],[-36.304,-5.864],[-36.306,-5.865],[-36.309,-5.867],[-36.311,-5.866],[-36.313,-5.866],[-36.313,-5.867],[-36.317,-5.869],[-36.318,-5.868],[-36.32,-5.869],[-36.321,-5.872],[-36.323,-5.873],[-36.324,-5.874],[-36.326,-5.876],[-36.327,-5.876],[-36.327,-5.875],[-36.326,-5.876],[-36.324,-5.874],[-36.323,-5.873],[-36.321,-5.871],[-36.321,-5.869],[-36.32,-5.868],[-36.317,-5.868],[-36.314,-5.867],[-36.313,-5.866],[-36.309,-5.866],[-36.307,-5.863],[-36.306,-5.862],[-36.304,-5.862],[-36.303,-5.863],[-36.303,-5.864],[-36.3,-5.865],[-36.299,-5.867],[-36.298,-5.867],[-36.297,-5.865],[-36.291,-5.862],[-36.291,-5.861],[-36.287,-5.861],[-36.286,-5.86],[-36.286,-5.858],[-36.289,-5.855],[-36.289,-5.85],[-36.284,-5.847],[-36.281,-5.846],[-36.278,-5.842],[-36.278,-5.841],[-36.278,-5.842],[-36.281,-5.847],[-36.284,-5.847],[-36.288,-5.85],[-36.288,-5.855],[-36.286,-5.857],[-36.285,-5.857],[-36.283,-5.858],[-36.281,-5.857],[-36.28,-5.858],[-36.281,-5.859],[-36.28,-5.858],[-36.279,-5.859],[-36.276,-5.858],[-36.275,-5.859],[-36.274,-5.86],[-36.276,-5.862],[-36.275,-5.864],[-36.272,-5.864],[-36.272,-5.862],[-36.269,-5.861],[-36.267,-5.861],[-36.266,-5.862],[-36.267,-5.864],[-36.266,-5.863],[-36.266,-5.862],[-36.267,-5.861],[-36.265,-5.858],[-36.264,-5.851],[-36.262,-5.849],[-36.258,-5.842],[-36.258,-5.84],[-36.257,-5.84],[-36.257,-5.841],[-36.262,-5.849],[-36.264,-5.852],[-36.265,-5.859],[-36.266,-5.861],[-36.265,-5.862],[-36.266,-5.863],[-36.267,-5.864],[-36.267,-5.866],[-36.265,-5.868],[-36.264,-5.868],[-36.261,-5.867],[-36.26,-5.867],[-36.258,-5.868],[-36.257,-5.869],[-36.249,-5.872],[-36.247,-5.871],[-36.246,-5.87],[-36.242,-5.869],[-36.242,-5.867],[-36.241,-5.866],[-36.24,-5.868],[-36.24,-5.869],[-36.238,-5.87],[-36.236,-5.87],[-36.235,-5.871],[-36.233,-5.871],[-36.23,-5.875],[-36.228,-5.873],[-36.227,-5.875],[-36.223,-5.873],[-36.222,-5.873],[-36.222,-5.871],[-36.221,-5.87],[-36.219,-5.87],[-36.22,-5.868],[-36.219,-5.867],[-36.22,-5.867],[-36.221,-5.866],[-36.219,-5.865],[-36.222,-5.864],[-36.224,-5.86],[-36.224,-5.858],[-36.223,-5.857],[-36.224,-5.855],[-36.223,-5.855],[-36.223,-5.857],[-36.224,-5.858],[-36.224,-5.86],[-36.221,-5.863],[-36.219,-5.865],[-36.22,-5.866],[-36.219,-5.867],[-36.219,-5.868],[-36.218,-5.869],[-36.219,-5.87],[-36.22,-5.87],[-36.221,-5.871],[-36.221,-5.873],[-36.217,-5.875],[-36.216,-5.876],[-36.216,-5.877],[-36.214,-5.879],[-36.211,-5.88],[-36.211,-5.882],[-36.209,-5.882],[-36.208,-5.883],[-36.202,-5.884],[-36.201,-5.886],[-36.204,-5.891],[-36.204,-5.895],[-36.2,-5.898],[-36.201,-5.9],[-36.199,-5.901],[-36.198,-5.904],[-36.196,-5.902],[-36.196,-5.898],[-36.193,-5.897],[-36.192,-5.897],[-36.193,-5.895],[-36.191,-5.894],[-36.19,-5.892],[-36.189,-5.892],[-36.187,-5.894],[-36.186,-5.894],[-36.185,-5.895],[-36.184,-5.895],[-36.184,-5.892],[-36.185,-5.891],[-36.184,-5.888],[-36.185,-5.887],[-36.185,-5.885],[-36.183,-5.887],[-36.182,-5.886],[-36.183,-5.882],[-36.182,-5.881],[-36.182,-5.879],[-36.181,-5.879],[-36.181,-5.878],[-36.18,-5.877],[-36.18,-5.876],[-36.178,-5.872],[-36.175,-5.867],[-36.168,-5.868],[-36.164,-5.861],[-36.163,-5.858],[-36.162,-5.856],[-36.162,-5.855],[-36.162,-5.858],[-36.163,-5.861],[-36.168,-5.869],[-36.174,-5.868],[-36.178,-5.872],[-36.18,-5.876],[-36.179,-5.877],[-36.18,-5.878],[-36.18,-5.879],[-36.181,-5.88],[-36.182,-5.881],[-36.182,-5.882],[-36.181,-5.886],[-36.183,-5.887],[-36.185,-5.886],[-36.184,-5.888],[-36.185,-5.891],[-36.184,-5.892],[-36.184,-5.895],[-36.185,-5.896],[-36.186,-5.895],[-36.187,-5.894],[-36.189,-5.892],[-36.19,-5.892],[-36.191,-5.894],[-36.192,-5.896],[-36.192,-5.897],[-36.196,-5.899],[-36.196,-5.902],[-36.197,-5.904],[-36.198,-5.907],[-36.197,-5.908],[-36.194,-5.908],[-36.193,-5.909],[-36.194,-5.914],[-36.193,-5.915],[-36.19,-5.916],[-36.186,-5.919],[-36.181,-5.921],[-36.179,-5.922],[-36.179,-5.924],[-36.177,-5.923],[-36.176,-5.92],[-36.175,-5.918],[-36.176,-5.916],[-36.177,-5.914],[-36.176,-5.914],[-36.174,-5.912],[-36.174,-5.911],[-36.175,-5.91],[-36.175,-5.908],[-36.174,-5.909],[-36.172,-5.906],[-36.169,-5.905],[-36.168,-5.903],[-36.169,-5.902],[-36.168,-5.901],[-36.165,-5.898],[-36.163,-5.898],[-36.161,-5.895],[-36.161,-5.893],[-36.159,-5.892],[-36.159,-5.89],[-36.16,-5.889],[-36.159,-5.885],[-36.157,-5.882],[-36.155,-5.882],[-36.154,-5.881],[-36.152,-5.877],[-36.152,-5.876],[-36.153,-5.876],[-36.153,-5.875],[-36.152,-5.874],[-36.15,-5.874],[-36.149,-5.873],[-36.149,-5.872],[-36.148,-5.871],[-36.145,-5.864],[-36.143,-5.862],[-36.142,-5.861],[-36.142,-5.86],[-36.141,-5.86],[-36.141,-5.861],[-36.143,-5.862],[-36.144,-5.864],[-36.147,-5.871],[-36.149,-5.872],[-36.149,-5.874],[-36.152,-5.875],[-36.153,-5.876],[-36.152,-5.876],[-36.152,-5.878],[-36.155,-5.883],[-36.157,-5.883],[-36.158,-5.885],[-36.159,-5.889],[-36.158,-5.89],[-36.159,-5.891],[-36.158,-5.892],[-36.16,-5.893],[-36.16,-5.895],[-36.163,-5.898],[-36.165,-5.898],[-36.168,-5.901],[-36.168,-5.904],[-36.169,-5.905],[-36.171,-5.907],[-36.174,-5.909],[-36.175,-5.909],[-36.173,-5.911],[-36.172,-5.911],[-36.171,-5.913],[-36.169,-5.913],[-36.168,-5.914],[-36.164,-5.913],[-36.161,-5.914],[-36.159,-5.913],[-36.156,-5.91],[-36.154,-5.91],[-36.153,-5.907],[-36.152,-5.906],[-36.151,-5.906],[-36.152,-5.907],[-36.153,-5.909],[-36.16,-5.915],[-36.161,-5.915],[-36.164,-5.913],[-36.165,-5.914],[-36.168,-5.914],[-36.169,-5.913],[-36.171,-5.913],[-36.172,-5.912],[-36.173,-5.912],[-36.174,-5.913],[-36.176,-5.914],[-36.176,-5.916],[-36.174,-5.918],[-36.176,-5.92],[-36.177,-5.923],[-36.181,-5.926],[-36.182,-5.929],[-36.18,-5.93],[-36.18,-5.931],[-36.182,-5.933],[-36.185,-5.934],[-36.184,-5.935],[-36.184,-5.936],[-36.185,-5.936],[-36.187,-5.938],[-36.189,-5.943],[-36.19,-5.943],[-36.189,-5.941],[-36.19,-5.939],[-36.193,-5.941],[-36.195,-5.944],[-36.2,-5.953],[-36.205,-5.96],[-36.205,-5.962],[-36.202,-5.963],[-36.201,-5.961],[-36.199,-5.96],[-36.193,-5.962],[-36.191,-5.963],[-36.191,-5.964],[-36.192,-5.964],[-36.194,-5.962],[-36.199,-5.96],[-36.2,-5.961],[-36.202,-5.963],[-36.205,-5.963],[-36.206,-5.962],[-36.207,-5.963],[-36.207,-5.969],[-36.209,-5.971],[-36.211,-5.97],[-36.21,-5.973],[-36.212,-5.973],[-36.212,-5.975],[-36.215,-5.977],[-36.211,-5.975],[-36.21,-5.976],[-36.209,-5.975],[-36.207,-5.976],[-36.205,-5.973],[-36.205,-5.972],[-36.202,-5.969],[-36.198,-5.968],[-36.198,-5.967],[-36.196,-5.967],[-36.197,-5.968],[-36.198,-5.967],[-36.198,-5.968],[-36.202,-5.97],[-36.206,-5.976],[-36.208,-5.976],[-36.21,-5.977],[-36.211,-5.976],[-36.213,-5.977],[-36.215,-5.978],[-36.217,-5.98],[-36.217,-5.985],[-36.218,-5.987],[-36.216,-5.988],[-36.212,-5.988],[-36.21,-5.989],[-36.207,-5.987],[-36.204,-5.989],[-36.201,-5.988],[-36.198,-5.99],[-36.197,-5.988],[-36.193,-5.988],[-36.191,-5.987],[-36.187,-5.986],[-36.181,-5.988],[-36.18,-5.992],[-36.179,-5.993],[-36.178,-5.992],[-36.177,-5.991],[-36.174,-5.991],[-36.174,-5.987],[-36.172,-5.984],[-36.172,-5.981],[-36.171,-5.98],[-36.166,-5.98],[-36.162,-5.979],[-36.157,-5.984],[-36.155,-5.985],[-36.148,-5.981],[-36.136,-5.981],[-36.134,-5.98],[-36.132,-5.977],[-36.131,-5.973],[-36.128,-5.971],[-36.124,-5.969],[-36.123,-5.97],[-36.118,-5.973],[-36.117,-5.974],[-36.112,-5.973],[-36.108,-5.974],[-36.106,-5.975],[-36.104,-5.976],[-36.102,-5.974],[-36.102,-5.969],[-36.1,-5.966],[-36.103,-5.964],[-36.108,-5.964],[-36.109,-5.963],[-36.111,-5.96],[-36.111,-5.958],[-36.112,-5.957],[-36.121,-5.959],[-36.122,-5.96],[-36.127,-5.958],[-36.128,-5.959],[-36.131,-5.958],[-36.136,-5.958],[-36.138,-5.96],[-36.139,-5.96],[-36.141,-5.959],[-36.141,-5.957],[-36.144,-5.956],[-36.144,-5.955],[-36.143,-5.953],[-36.144,-5.949],[-36.148,-5.943],[-36.151,-5.94],[-36.156,-5.937],[-36.157,-5.937],[-36.163,-5.936],[-36.165,-5.937],[-36.165,-5.938],[-36.167,-5.939],[-36.176,-5.94],[-36.178,-5.943],[-36.179,-5.943],[-36.181,-5.945],[-36.179,-5.951],[-36.18,-5.951],[-36.179,-5.953],[-36.18,-5.955],[-36.181,-5.956],[-36.18,-5.955],[-36.18,-5.948],[-36.182,-5.945],[-36.18,-5.943],[-36.179,-5.942],[-36.176,-5.94],[-36.167,-5.939],[-36.166,-5.938],[-36.166,-5.936],[-36.163,-5.935],[-36.157,-5.936],[-36.156,-5.936],[-36.154,-5.937],[-36.148,-5.942],[-36.144,-5.948],[-36.143,-5.949],[-36.143,-5.95],[-36.142,-5.953],[-36.144,-5.955],[-36.144,-5.956],[-36.141,-5.956],[-36.141,-5.959],[-36.139,-5.96],[-36.136,-5.958],[-36.126,-5.958],[-36.122,-5.96],[-36.121,-5.958],[-36.112,-5.957],[-36.111,-5.958],[-36.11,-5.957],[-36.11,-5.952],[-36.104,-5.952],[-36.104,-5.951],[-36.102,-5.949],[-36.102,-5.947],[-36.103,-5.942],[-36.106,-5.942],[-36.108,-5.94],[-36.108,-5.938],[-36.111,-5.937],[-36.114,-5.934],[-36.115,-5.935],[-36.118,-5.933],[-36.121,-5.933],[-36.122,-5.931],[-36.125,-5.93],[-36.126,-5.929],[-36.126,-5.928],[-36.129,-5.925],[-36.131,-5.925],[-36.131,-5.924],[-36.132,-5.924],[-36.13,-5.922],[-36.133,-5.922],[-36.133,-5.92],[-36.132,-5.917],[-36.136,-5.917],[-36.137,-5.915],[-36.136,-5.913],[-36.138,-5.913],[-36.14,-5.91],[-36.139,-5.909],[-36.143,-5.907],[-36.138,-5.909],[-36.139,-5.91],[-36.138,-5.913],[-36.135,-5.913],[-36.136,-5.915],[-36.136,-5.916],[-36.133,-5.917],[-36.129,-5.911],[-36.128,-5.908],[-36.128,-5.907],[-36.126,-5.905],[-36.125,-5.904],[-36.125,-5.903],[-36.127,-5.903],[-36.129,-5.901],[-36.133,-5.901],[-36.135,-5.897],[-36.136,-5.897],[-36.138,-5.895],[-36.142,-5.896],[-36.142,-5.895],[-36.138,-5.895],[-36.136,-5.897],[-36.135,-5.897],[-36.133,-5.9],[-36.129,-5.901],[-36.127,-5.903],[-36.125,-5.903],[-36.125,-5.906],[-36.127,-5.907],[-36.127,-5.908],[-36.129,-5.91],[-36.129,-5.911],[-36.132,-5.916],[-36.131,-5.916],[-36.131,-5.917],[-36.133,-5.92],[-36.132,-5.921],[-36.13,-5.922],[-36.131,-5.923],[-36.13,-5.923],[-36.13,-5.925],[-36.129,-5.925],[-36.126,-5.927],[-36.125,-5.927],[-36.126,-5.928],[-36.125,-5.929],[-36.122,-5.931],[-36.122,-5.929],[-36.121,-5.928],[-36.121,-5.925],[-36.119,-5.923],[-36.12,-5.922],[-36.119,-5.919],[-36.118,-5.917],[-36.117,-5.917],[-36.115,-5.916],[-36.115,-5.915],[-36.114,-5.914],[-36.113,-5.913],[-36.113,-5.911],[-36.112,-5.908],[-36.113,-5.906],[-36.112,-5.904],[-36.114,-5.903],[-36.113,-5.901],[-36.112,-5.901],[-36.112,-5.896],[-36.109,-5.896],[-36.109,-5.895],[-36.11,-5.893],[-36.107,-5.891],[-36.11,-5.886],[-36.11,-5.884],[-36.115,-5.884],[-36.115,-5.882],[-36.114,-5.881],[-36.115,-5.88],[-36.122,-5.877],[-36.125,-5.877],[-36.126,-5.878],[-36.128,-5.876],[-36.128,-5.874],[-36.13,-5.874],[-36.134,-5.876],[-36.134,-5.875],[-36.133,-5.875],[-36.132,-5.874],[-36.129,-5.873],[-36.13,-5.872],[-36.131,-5.872],[-36.134,-5.868],[-36.138,-5.866],[-36.138,-5.865],[-36.134,-5.868],[-36.13,-5.872],[-36.128,-5.873],[-36.127,-5.874],[-36.127,-5.876],[-36.126,-5.877],[-36.125,-5.876],[-36.123,-5.877],[-36.123,-5.876],[-36.118,-5.878],[-36.114,-5.879],[-36.113,-5.88],[-36.114,-5.882],[-36.114,-5.884],[-36.111,-5.883],[-36.11,-5.884],[-36.109,-5.885],[-36.106,-5.889],[-36.106,-5.892],[-36.109,-5.893],[-36.108,-5.895],[-36.109,-5.896],[-36.112,-5.897],[-36.111,-5.9],[-36.112,-5.901],[-36.113,-5.903],[-36.112,-5.904],[-36.112,-5.906],[-36.111,-5.907],[-36.111,-5.909],[-36.108,-5.906],[-36.108,-5.905],[-36.107,-5.903],[-36.107,-5.902],[-36.104,-5.9],[-36.103,-5.898],[-36.102,-5.897],[-36.101,-5.898],[-36.102,-5.898],[-36.104,-5.9],[-36.106,-5.903],[-36.106,-5.904],[-36.107,-5.905],[-36.107,-5.906],[-36.111,-5.91],[-36.112,-5.913],[-36.114,-5.914],[-36.115,-5.916],[-36.116,-5.917],[-36.116,-5.918],[-36.118,-5.918],[-36.119,-5.922],[-36.119,-5.923],[-36.12,-5.925],[-36.121,-5.928],[-36.122,-5.929],[-36.121,-5.931],[-36.12,-5.932],[-36.118,-5.932],[-36.115,-5.933],[-36.114,-5.933],[-36.11,-5.936],[-36.107,-5.937],[-36.107,-5.939],[-36.106,-5.941],[-36.103,-5.941],[-36.102,-5.942],[-36.101,-5.947],[-36.101,-5.95],[-36.102,-5.951],[-36.104,-5.953],[-36.109,-5.953],[-36.109,-5.957],[-36.11,-5.959],[-36.11,-5.96],[-36.108,-5.963],[-36.103,-5.963],[-36.099,-5.966],[-36.096,-5.965],[-36.092,-5.965],[-36.089,-5.967],[-36.085,-5.968],[-36.089,-5.962],[-36.088,-5.959],[-36.09,-5.958],[-36.09,-5.956],[-36.088,-5.953],[-36.088,-5.952],[-36.09,-5.952],[-36.091,-5.951],[-36.09,-5.95],[-36.089,-5.949],[-36.089,-5.948],[-36.093,-5.945],[-36.094,-5.943],[-36.094,-5.942],[-36.093,-5.939],[-36.092,-5.938],[-36.09,-5.939],[-36.089,-5.939],[-36.089,-5.937],[-36.09,-5.934],[-36.09,-5.933],[-36.088,-5.93],[-36.088,-5.929],[-36.089,-5.928],[-36.092,-5.927],[-36.092,-5.926],[-36.093,-5.92],[-36.094,-5.919],[-36.096,-5.918],[-36.102,-5.919],[-36.105,-5.919],[-36.106,-5.92],[-36.11,-5.925],[-36.111,-5.925],[-36.106,-5.919],[-36.104,-5.918],[-36.102,-5.919],[-36.096,-5.917],[-36.096,-5.914],[-36.094,-5.911],[-36.095,-5.91],[-36.095,-5.908],[-36.093,-5.908],[-36.092,-5.91],[-36.091,-5.909],[-36.09,-5.908],[-36.089,-5.906],[-36.089,-5.9],[-36.088,-5.896],[-36.089,-5.895],[-36.09,-5.893],[-36.087,-5.891],[-36.087,-5.888],[-36.089,-5.888],[-36.092,-5.886],[-36.091,-5.885],[-36.093,-5.884],[-36.093,-5.883],[-36.092,-5.88],[-36.09,-5.878],[-36.093,-5.876],[-36.093,-5.875],[-36.095,-5.874],[-36.095,-5.873],[-36.096,-5.873],[-36.097,-5.871],[-36.101,-5.869],[-36.102,-5.867],[-36.104,-5.863],[-36.104,-5.862],[-36.103,-5.863],[-36.103,-5.865],[-36.101,-5.866],[-36.1,-5.868],[-36.097,-5.87],[-36.095,-5.872],[-36.094,-5.873],[-36.094,-5.874],[-36.092,-5.874],[-36.092,-5.875],[-36.089,-5.878],[-36.091,-5.881],[-36.092,-5.883],[-36.091,-5.884],[-36.091,-5.885],[-36.088,-5.887],[-36.086,-5.888],[-36.087,-5.895],[-36.088,-5.896],[-36.088,-5.906],[-36.09,-5.909],[-36.091,-5.909],[-36.092,-5.91],[-36.093,-5.91],[-36.094,-5.909],[-36.095,-5.909],[-36.095,-5.91],[-36.093,-5.911],[-36.095,-5.913],[-36.096,-5.917],[-36.093,-5.919],[-36.088,-5.918],[-36.087,-5.916],[-36.088,-5.913],[-36.088,-5.912],[-36.087,-5.91],[-36.086,-5.91],[-36.087,-5.913],[-36.086,-5.916],[-36.086,-5.917],[-36.088,-5.918],[-36.092,-5.92],[-36.092,-5.926],[-36.091,-5.927],[-36.089,-5.927],[-36.088,-5.926],[-36.085,-5.926],[-36.083,-5.925],[-36.082,-5.923],[-36.082,-5.919],[-36.081,-5.919],[-36.082,-5.925],[-36.084,-5.926],[-36.087,-5.927],[-36.088,-5.928],[-36.088,-5.929],[-36.087,-5.93],[-36.089,-5.933],[-36.089,-5.936],[-36.088,-5.937],[-36.088,-5.939],[-36.09,-5.94],[-36.092,-5.939],[-36.093,-5.942],[-36.093,-5.944],[-36.088,-5.948],[-36.089,-5.949],[-36.09,-5.95],[-36.09,-5.952],[-36.088,-5.952],[-36.087,-5.953],[-36.09,-5.957],[-36.088,-5.959],[-36.089,-5.962],[-36.084,-5.969],[-36.081,-5.969],[-36.077,-5.968],[-36.073,-5.969],[-36.072,-5.968],[-36.075,-5.963],[-36.074,-5.961],[-36.075,-5.959],[-36.072,-5.957],[-36.072,-5.956],[-36.076,-5.951],[-36.078,-5.95],[-36.08,-5.947],[-36.079,-5.947],[-36.078,-5.949],[-36.075,-5.951],[-36.072,-5.955],[-36.072,-5.957],[-36.074,-5.96],[-36.074,-5.961],[-36.075,-5.963],[-36.072,-5.967],[-36.07,-5.968],[-36.069,-5.971],[-36.064,-5.974],[-36.064,-5.975],[-36.059,-5.978],[-36.05,-5.977],[-36.044,-5.974],[-36.042,-5.975],[-36.041,-5.973],[-36.041,-5.964],[-36.039,-5.962],[-36.04,-5.961],[-36.041,-5.963],[-36.042,-5.963],[-36.044,-5.962],[-36.044,-5.96],[-36.045,-5.96],[-36.046,-5.962],[-36.048,-5.962],[-36.049,-5.961],[-36.049,-5.959],[-36.052,-5.957],[-36.053,-5.955],[-36.056,-5.954],[-36.056,-5.953],[-36.059,-5.951],[-36.061,-5.948],[-36.063,-5.946],[-36.063,-5.942],[-36.065,-5.94],[-36.071,-5.942],[-36.075,-5.937],[-36.077,-5.937],[-36.076,-5.936],[-36.074,-5.937],[-36.071,-5.941],[-36.067,-5.94],[-36.065,-5.94],[-36.063,-5.943],[-36.062,-5.944],[-36.063,-5.945],[-36.061,-5.946],[-36.059,-5.944],[-36.059,-5.937],[-36.058,-5.935],[-36.063,-5.933],[-36.065,-5.932],[-36.067,-5.933],[-36.07,-5.932],[-36.074,-5.929],[-36.078,-5.928],[-36.078,-5.926],[-36.076,-5.924],[-36.075,-5.921],[-36.075,-5.916],[-36.076,-5.914],[-36.076,-5.911],[-36.077,-5.908],[-36.078,-5.905],[-36.079,-5.904],[-36.078,-5.905],[-36.076,-5.908],[-36.075,-5.914],[-36.074,-5.916],[-36.074,-5.922],[-36.075,-5.924],[-36.077,-5.926],[-36.077,-5.928],[-36.074,-5.928],[-36.074,-5.929],[-36.07,-5.932],[-36.067,-5.932],[-36.065,-5.931],[-36.064,-5.931],[-36.063,-5.933],[-36.058,-5.934],[-36.056,-5.932],[-36.056,-5.93],[-36.057,-5.921],[-36.057,-5.92],[-36.055,-5.919],[-36.055,-5.918],[-36.054,-5.918],[-36.054,-5.919],[-36.056,-5.92],[-36.057,-5.921],[-36.055,-5.93],[-36.056,-5.932],[-36.058,-5.934],[-36.057,-5.935],[-36.059,-5.937],[-36.059,-5.939],[-36.058,-5.941],[-36.059,-5.943],[-36.058,-5.944],[-36.061,-5.946],[-36.059,-5.949],[-36.058,-5.951],[-36.057,-5.951],[-36.056,-5.952],[-36.055,-5.952],[-36.055,-5.953],[-36.053,-5.954],[-36.051,-5.956],[-36.048,-5.958],[-36.047,-5.959],[-36.048,-5.961],[-36.047,-5.961],[-36.045,-5.959],[-36.043,-5.959],[-36.042,-5.962],[-36.041,-5.96],[-36.039,-5.96],[-36.035,-5.957],[-36.035,-5.956],[-36.038,-5.954],[-36.039,-5.952],[-36.042,-5.951],[-36.043,-5.95],[-36.046,-5.95],[-36.046,-5.949],[-36.044,-5.95],[-36.043,-5.949],[-36.041,-5.951],[-36.039,-5.952],[-36.038,-5.953],[-36.035,-5.955],[-36.035,-5.958],[-36.039,-5.961],[-36.038,-5.962],[-36.033,-5.963],[-36.024,-5.969],[-36.021,-5.971],[-36.018,-5.972],[-36.017,-5.971],[-36.014,-5.972],[-36.013,-5.971],[-36.011,-5.968],[-36.008,-5.967],[-36.007,-5.967],[-36.008,-5.964],[-36.009,-5.962],[-36.011,-5.962],[-36.012,-5.961],[-36.012,-5.96],[-36.015,-5.958],[-36.026,-5.955],[-36.027,-5.955],[-36.026,-5.954],[-36.025,-5.955],[-36.015,-5.957],[-36.013,-5.958],[-36.012,-5.959],[-36.012,-5.961],[-36.011,-5.962],[-36.009,-5.962],[-36.007,-5.963],[-36.006,-5.967],[-36.004,-5.966],[-36.001,-5.962],[-35.996,-5.96],[-35.995,-5.958],[-35.995,-5.955],[-35.995,-5.957],[-35.997,-5.958],[-35.999,-5.957],[-36,-5.958],[-36.001,-5.957],[-36.002,-5.954],[-36.005,-5.955],[-36.005,-5.953],[-36.006,-5.953],[-36.009,-5.952],[-36.011,-5.951],[-36.016,-5.952],[-36.019,-5.95],[-36.019,-5.949],[-36.021,-5.948],[-36.023,-5.947],[-36.024,-5.947],[-36.025,-5.945],[-36.026,-5.938],[-36.028,-5.936],[-36.032,-5.936],[-36.032,-5.935],[-36.028,-5.936],[-36.026,-5.937],[-36.025,-5.939],[-36.024,-5.945],[-36.023,-5.947],[-36.02,-5.947],[-36.019,-5.948],[-36.019,-5.949],[-36.015,-5.951],[-36.011,-5.951],[-36.009,-5.952],[-36.005,-5.952],[-36.004,-5.953],[-36.004,-5.954],[-36.001,-5.954],[-36,-5.957],[-35.997,-5.957],[-35.995,-5.956],[-35.994,-5.953],[-35.99,-5.949],[-35.993,-5.948],[-35.993,-5.946],[-35.994,-5.946],[-35.998,-5.943],[-35.998,-5.94],[-35.999,-5.938],[-36.001,-5.938],[-36.004,-5.937],[-36.009,-5.932],[-36.01,-5.931],[-36.01,-5.93],[-36.011,-5.929],[-36.013,-5.926],[-36.012,-5.926],[-36.011,-5.929],[-36.01,-5.93],[-36.009,-5.932],[-36.004,-5.937],[-36.001,-5.938],[-35.998,-5.938],[-35.998,-5.939],[-35.997,-5.94],[-35.997,-5.942],[-35.993,-5.945],[-35.992,-5.947],[-35.99,-5.948],[-35.989,-5.945],[-35.992,-5.942],[-35.993,-5.942],[-35.994,-5.94],[-35.994,-5.938],[-35.996,-5.936],[-35.996,-5.935],[-35.993,-5.933],[-35.993,-5.932],[-35.994,-5.931],[-35.994,-5.928],[-35.996,-5.926],[-35.997,-5.924],[-35.997,-5.921],[-35.998,-5.919],[-35.999,-5.918],[-36.002,-5.919],[-36.005,-5.917],[-36.007,-5.919],[-36.009,-5.92],[-36.01,-5.919],[-36.011,-5.921],[-36.013,-5.922],[-36.016,-5.919],[-36.019,-5.918],[-36.019,-5.92],[-36.022,-5.921],[-36.025,-5.925],[-36.027,-5.928],[-36.031,-5.93],[-36.036,-5.933],[-36.038,-5.933],[-36.036,-5.933],[-36.032,-5.929],[-36.028,-5.927],[-36.026,-5.924],[-36.023,-5.921],[-36.019,-5.919],[-36.019,-5.918],[-36.016,-5.918],[-36.012,-5.921],[-36.011,-5.921],[-36.01,-5.918],[-36.008,-5.917],[-36.008,-5.915],[-36.006,-5.914],[-36.007,-5.912],[-36.007,-5.911],[-36.006,-5.911],[-36.003,-5.913],[-36.003,-5.912],[-36,-5.911],[-36,-5.91],[-36.003,-5.907],[-36.004,-5.904],[-36.01,-5.901],[-36.012,-5.903],[-36.013,-5.905],[-36.014,-5.907],[-36.019,-5.907],[-36.02,-5.908],[-36.023,-5.907],[-36.026,-5.91],[-36.028,-5.915],[-36.029,-5.916],[-36.032,-5.919],[-36.035,-5.921],[-36.037,-5.92],[-36.043,-5.926],[-36.038,-5.922],[-36.037,-5.92],[-36.036,-5.92],[-36.032,-5.918],[-36.028,-5.915],[-36.027,-5.911],[-36.024,-5.907],[-36.025,-5.906],[-36.026,-5.904],[-36.028,-5.904],[-36.03,-5.903],[-36.033,-5.9],[-36.035,-5.899],[-36.038,-5.9],[-36.041,-5.904],[-36.043,-5.904],[-36.044,-5.902],[-36.046,-5.904],[-36.048,-5.904],[-36.049,-5.906],[-36.05,-5.908],[-36.053,-5.91],[-36.056,-5.911],[-36.059,-5.914],[-36.06,-5.914],[-36.06,-5.913],[-36.056,-5.911],[-36.054,-5.91],[-36.05,-5.907],[-36.05,-5.906],[-36.048,-5.904],[-36.046,-5.903],[-36.045,-5.902],[-36.043,-5.902],[-36.043,-5.9],[-36.045,-5.898],[-36.044,-5.897],[-36.046,-5.898],[-36.048,-5.897],[-36.053,-5.895],[-36.056,-5.896],[-36.058,-5.897],[-36.058,-5.894],[-36.06,-5.89],[-36.062,-5.889],[-36.063,-5.89],[-36.064,-5.89],[-36.065,-5.889],[-36.065,-5.887],[-36.068,-5.888],[-36.071,-5.89],[-36.066,-5.886],[-36.064,-5.886],[-36.064,-5.888],[-36.063,-5.889],[-36.062,-5.888],[-36.059,-5.89],[-36.057,-5.894],[-36.058,-5.896],[-36.057,-5.895],[-36.053,-5.894],[-36.05,-5.895],[-36.05,-5.896],[-36.046,-5.897],[-36.043,-5.897],[-36.044,-5.898],[-36.043,-5.899],[-36.043,-5.903],[-36.042,-5.903],[-36.041,-5.902],[-36.039,-5.899],[-36.036,-5.898],[-36.036,-5.897],[-36.034,-5.895],[-36.035,-5.892],[-36.033,-5.888],[-36.033,-5.887],[-36.034,-5.887],[-36.035,-5.885],[-36.037,-5.885],[-36.038,-5.883],[-36.042,-5.881],[-36.042,-5.879],[-36.041,-5.878],[-36.046,-5.878],[-36.047,-5.877],[-36.05,-5.877],[-36.053,-5.875],[-36.053,-5.872],[-36.055,-5.871],[-36.056,-5.87],[-36.056,-5.868],[-36.059,-5.868],[-36.062,-5.869],[-36.064,-5.871],[-36.066,-5.871],[-36.066,-5.87],[-36.069,-5.868],[-36.072,-5.869],[-36.074,-5.865],[-36.074,-5.864],[-36.072,-5.862],[-36.072,-5.861],[-36.074,-5.861],[-36.074,-5.859],[-36.073,-5.858],[-36.075,-5.855],[-36.074,-5.852],[-36.075,-5.852],[-36.077,-5.853],[-36.078,-5.852],[-36.078,-5.851],[-36.079,-5.851],[-36.08,-5.85],[-36.081,-5.851],[-36.083,-5.851],[-36.084,-5.852],[-36.085,-5.853],[-36.086,-5.852],[-36.087,-5.854],[-36.088,-5.855],[-36.09,-5.857],[-36.091,-5.861],[-36.094,-5.863],[-36.099,-5.86],[-36.101,-5.857],[-36.108,-5.854],[-36.112,-5.854],[-36.111,-5.854],[-36.109,-5.853],[-36.108,-5.853],[-36.101,-5.857],[-36.099,-5.86],[-36.094,-5.863],[-36.091,-5.861],[-36.091,-5.858],[-36.088,-5.854],[-36.09,-5.853],[-36.091,-5.851],[-36.095,-5.85],[-36.096,-5.848],[-36.097,-5.848],[-36.099,-5.847],[-36.1,-5.848],[-36.101,-5.848],[-36.102,-5.85],[-36.103,-5.85],[-36.105,-5.848],[-36.106,-5.848],[-36.107,-5.845],[-36.108,-5.844],[-36.109,-5.839],[-36.109,-5.838],[-36.108,-5.839],[-36.108,-5.843],[-36.107,-5.845],[-36.106,-5.847],[-36.105,-5.848],[-36.103,-5.849],[-36.102,-5.849],[-36.102,-5.848],[-36.1,-5.848],[-36.1,-5.847],[-36.099,-5.846],[-36.097,-5.848],[-36.096,-5.848],[-36.095,-5.85],[-36.09,-5.85],[-36.089,-5.852],[-36.088,-5.853],[-36.087,-5.854],[-36.086,-5.852],[-36.085,-5.852],[-36.082,-5.849],[-36.083,-5.849],[-36.083,-5.848],[-36.086,-5.849],[-36.088,-5.847],[-36.089,-5.845],[-36.094,-5.845],[-36.095,-5.843],[-36.094,-5.841],[-36.095,-5.841],[-36.097,-5.839],[-36.099,-5.839],[-36.099,-5.837],[-36.101,-5.836],[-36.101,-5.834],[-36.1,-5.834],[-36.101,-5.835],[-36.098,-5.837],[-36.098,-5.838],[-36.097,-5.839],[-36.095,-5.84],[-36.093,-5.841],[-36.094,-5.843],[-36.094,-5.844],[-36.089,-5.845],[-36.088,-5.847],[-36.085,-5.848],[-36.081,-5.848],[-36.081,-5.849],[-36.082,-5.85],[-36.077,-5.85],[-36.077,-5.851],[-36.078,-5.852],[-36.077,-5.852],[-36.076,-5.851],[-36.074,-5.852],[-36.074,-5.855],[-36.073,-5.856],[-36.073,-5.857],[-36.072,-5.858],[-36.073,-5.859],[-36.073,-5.861],[-36.072,-5.86],[-36.072,-5.861],[-36.071,-5.863],[-36.072,-5.864],[-36.074,-5.865],[-36.071,-5.868],[-36.07,-5.867],[-36.068,-5.868],[-36.066,-5.869],[-36.066,-5.87],[-36.064,-5.87],[-36.063,-5.869],[-36.06,-5.868],[-36.062,-5.866],[-36.062,-5.862],[-36.06,-5.853],[-36.059,-5.853],[-36.061,-5.862],[-36.061,-5.866],[-36.06,-5.867],[-36.058,-5.867],[-36.055,-5.869],[-36.055,-5.871],[-36.054,-5.871],[-36.052,-5.872],[-36.053,-5.874],[-36.05,-5.876],[-36.047,-5.876],[-36.048,-5.874],[-36.047,-5.871],[-36.046,-5.871],[-36.046,-5.869],[-36.048,-5.868],[-36.05,-5.867],[-36.05,-5.864],[-36.045,-5.852],[-36.043,-5.85],[-36.043,-5.851],[-36.044,-5.852],[-36.045,-5.855],[-36.049,-5.862],[-36.05,-5.867],[-36.048,-5.867],[-36.045,-5.869],[-36.045,-5.871],[-36.046,-5.872],[-36.047,-5.874],[-36.046,-5.877],[-36.043,-5.877],[-36.037,-5.879],[-36.036,-5.88],[-36.036,-5.878],[-36.034,-5.877],[-36.033,-5.877],[-36.034,-5.872],[-36.033,-5.87],[-36.031,-5.87],[-36.03,-5.868],[-36.029,-5.867],[-36.029,-5.861],[-36.032,-5.856],[-36.03,-5.852],[-36.029,-5.85],[-36.026,-5.847],[-36.025,-5.845],[-36.021,-5.842],[-36.021,-5.841],[-36.02,-5.839],[-36.02,-5.836],[-36.019,-5.835],[-36.018,-5.835],[-36.019,-5.836],[-36.019,-5.839],[-36.015,-5.836],[-36.014,-5.836],[-36.019,-5.84],[-36.02,-5.84],[-36.021,-5.842],[-36.025,-5.845],[-36.026,-5.848],[-36.028,-5.85],[-36.029,-5.85],[-36.029,-5.852],[-36.031,-5.856],[-36.029,-5.86],[-36.026,-5.857],[-36.026,-5.855],[-36.025,-5.852],[-36.024,-5.852],[-36.026,-5.855],[-36.026,-5.857],[-36.028,-5.86],[-36.028,-5.865],[-36.027,-5.866],[-36.021,-5.86],[-36.018,-5.858],[-36.016,-5.854],[-36.015,-5.855],[-36.018,-5.858],[-36.021,-5.86],[-36.027,-5.866],[-36.028,-5.866],[-36.029,-5.868],[-36.03,-5.868],[-36.031,-5.87],[-36.032,-5.871],[-36.033,-5.872],[-36.032,-5.876],[-36.033,-5.882],[-36.032,-5.884],[-36.033,-5.887],[-36.033,-5.888],[-36.028,-5.887],[-36.028,-5.886],[-36.026,-5.882],[-36.023,-5.88],[-36.027,-5.886],[-36.028,-5.888],[-36.033,-5.889],[-36.034,-5.892],[-36.034,-5.895],[-36.035,-5.897],[-36.036,-5.898],[-36.032,-5.899],[-36.029,-5.902],[-36.027,-5.903],[-36.026,-5.902],[-36.024,-5.905],[-36.021,-5.907],[-36.019,-5.906],[-36.015,-5.905],[-36.013,-5.902],[-36.01,-5.9],[-36.003,-5.903],[-36.002,-5.903],[-36.001,-5.902],[-36.001,-5.895],[-36.003,-5.892],[-36.004,-5.889],[-36.003,-5.884],[-36.005,-5.882],[-36.006,-5.875],[-36.005,-5.867],[-36.006,-5.86],[-36.004,-5.853],[-36.004,-5.851],[-36.007,-5.848],[-36.006,-5.847],[-36.006,-5.848],[-36.005,-5.849],[-36.004,-5.852],[-36.004,-5.854],[-36.005,-5.86],[-36.005,-5.867],[-36.006,-5.875],[-36.004,-5.882],[-36.003,-5.884],[-36.003,-5.892],[-36.001,-5.894],[-36,-5.896],[-36,-5.901],[-36.001,-5.903],[-35.999,-5.906],[-35.997,-5.906],[-35.996,-5.904],[-35.994,-5.903],[-35.991,-5.895],[-35.988,-5.892],[-35.988,-5.89],[-35.986,-5.889],[-35.985,-5.885],[-35.984,-5.885],[-35.983,-5.883],[-35.984,-5.881],[-35.982,-5.877],[-35.982,-5.875],[-35.981,-5.872],[-35.979,-5.866],[-35.978,-5.866],[-35.981,-5.874],[-35.981,-5.878],[-35.983,-5.881],[-35.983,-5.885],[-35.985,-5.886],[-35.985,-5.888],[-35.986,-5.89],[-35.988,-5.892],[-35.991,-5.895],[-35.994,-5.904],[-35.995,-5.905],[-35.996,-5.907],[-35.996,-5.909],[-35.995,-5.911],[-35.996,-5.913],[-35.999,-5.915],[-36,-5.917],[-35.998,-5.917],[-35.997,-5.919],[-35.996,-5.921],[-35.996,-5.924],[-35.995,-5.925],[-35.993,-5.927],[-35.993,-5.93],[-35.992,-5.931],[-35.991,-5.934],[-35.995,-5.936],[-35.993,-5.938],[-35.993,-5.941],[-35.989,-5.943],[-35.988,-5.944],[-35.989,-5.948],[-35.986,-5.948],[-35.98,-5.951],[-35.974,-5.953],[-35.963,-5.958],[-35.962,-5.956],[-35.958,-5.952],[-35.953,-5.951],[-35.95,-5.951],[-35.946,-5.954],[-35.946,-5.956],[-35.941,-5.956],[-35.938,-5.953],[-35.934,-5.953],[-35.93,-5.952],[-35.924,-5.952],[-35.929,-5.949],[-35.929,-5.947],[-35.93,-5.944],[-35.931,-5.945],[-35.931,-5.944],[-35.933,-5.943],[-35.932,-5.941],[-35.928,-5.939],[-35.926,-5.935],[-35.927,-5.933],[-35.931,-5.933],[-35.932,-5.932],[-35.934,-5.931],[-35.935,-5.933],[-35.936,-5.934],[-35.937,-5.933],[-35.937,-5.932],[-35.939,-5.931],[-35.939,-5.929],[-35.94,-5.929],[-35.941,-5.931],[-35.941,-5.932],[-35.942,-5.932],[-35.943,-5.931],[-35.943,-5.929],[-35.944,-5.93],[-35.946,-5.928],[-35.946,-5.927],[-35.943,-5.925],[-35.944,-5.922],[-35.945,-5.921],[-35.946,-5.922],[-35.948,-5.922],[-35.949,-5.92],[-35.951,-5.919],[-35.958,-5.919],[-35.961,-5.917],[-35.964,-5.916],[-35.966,-5.918],[-35.968,-5.918],[-35.968,-5.917],[-35.969,-5.915],[-35.966,-5.912],[-35.968,-5.911],[-35.969,-5.911],[-35.972,-5.909],[-35.971,-5.905],[-35.973,-5.904],[-35.975,-5.9],[-35.974,-5.897],[-35.973,-5.896],[-35.972,-5.894],[-35.97,-5.893],[-35.969,-5.892],[-35.969,-5.891],[-35.967,-5.887],[-35.966,-5.888],[-35.968,-5.891],[-35.969,-5.892],[-35.971,-5.895],[-35.972,-5.897],[-35.973,-5.898],[-35.974,-5.9],[-35.972,-5.904],[-35.971,-5.905],[-35.972,-5.909],[-35.969,-5.911],[-35.968,-5.911],[-35.966,-5.912],[-35.966,-5.913],[-35.968,-5.915],[-35.967,-5.917],[-35.966,-5.918],[-35.964,-5.916],[-35.961,-5.917],[-35.958,-5.919],[-35.952,-5.918],[-35.948,-5.92],[-35.948,-5.918],[-35.949,-5.917],[-35.948,-5.915],[-35.949,-5.913],[-35.949,-5.912],[-35.946,-5.911],[-35.945,-5.909],[-35.944,-5.908],[-35.943,-5.905],[-35.941,-5.901],[-35.938,-5.899],[-35.938,-5.9],[-35.94,-5.901],[-35.943,-5.905],[-35.945,-5.911],[-35.949,-5.913],[-35.947,-5.914],[-35.949,-5.917],[-35.947,-5.918],[-35.948,-5.919],[-35.947,-5.921],[-35.945,-5.92],[-35.942,-5.922],[-35.942,-5.926],[-35.945,-5.928],[-35.944,-5.929],[-35.942,-5.928],[-35.942,-5.929],[-35.941,-5.928],[-35.938,-5.928],[-35.938,-5.93],[-35.936,-5.933],[-35.935,-5.932],[-35.935,-5.931],[-35.934,-5.93],[-35.931,-5.931],[-35.93,-5.932],[-35.926,-5.932],[-35.925,-5.935],[-35.926,-5.938],[-35.927,-5.938],[-35.927,-5.94],[-35.932,-5.943],[-35.929,-5.943],[-35.928,-5.944],[-35.926,-5.944],[-35.927,-5.945],[-35.928,-5.946],[-35.928,-5.948],[-35.923,-5.952],[-35.922,-5.952],[-35.914,-5.956],[-35.912,-5.956],[-35.909,-5.957],[-35.907,-5.958],[-35.906,-5.959],[-35.905,-5.958],[-35.903,-5.959],[-35.898,-5.96],[-35.894,-5.962],[-35.889,-5.963],[-35.886,-5.963],[-35.884,-5.962],[-35.878,-5.952],[-35.875,-5.951],[-35.872,-5.946],[-35.869,-5.945],[-35.867,-5.945],[-35.865,-5.943],[-35.865,-5.94],[-35.866,-5.939],[-35.866,-5.937],[-35.87,-5.936],[-35.871,-5.935],[-35.871,-5.934],[-35.874,-5.933],[-35.875,-5.931],[-35.876,-5.93],[-35.881,-5.931],[-35.881,-5.929],[-35.883,-5.929],[-35.884,-5.93],[-35.884,-5.929],[-35.886,-5.931],[-35.892,-5.931],[-35.892,-5.93],[-35.898,-5.93],[-35.899,-5.929],[-35.9,-5.93],[-35.902,-5.93],[-35.906,-5.931],[-35.91,-5.93],[-35.91,-5.929],[-35.906,-5.931],[-35.902,-5.929],[-35.901,-5.929],[-35.899,-5.928],[-35.898,-5.929],[-35.896,-5.929],[-35.895,-5.93],[-35.892,-5.929],[-35.892,-5.931],[-35.891,-5.931],[-35.886,-5.93],[-35.884,-5.929],[-35.884,-5.93],[-35.882,-5.929],[-35.881,-5.929],[-35.881,-5.93],[-35.877,-5.929],[-35.875,-5.93],[-35.874,-5.933],[-35.87,-5.934],[-35.87,-5.935],[-35.868,-5.936],[-35.866,-5.936],[-35.865,-5.935],[-35.863,-5.934],[-35.858,-5.935],[-35.855,-5.933],[-35.854,-5.931],[-35.857,-5.933],[-35.859,-5.933],[-35.86,-5.932],[-35.861,-5.93],[-35.863,-5.93],[-35.866,-5.928],[-35.866,-5.926],[-35.865,-5.928],[-35.863,-5.929],[-35.861,-5.929],[-35.858,-5.933],[-35.857,-5.932],[-35.85,-5.929],[-35.85,-5.928],[-35.852,-5.925],[-35.853,-5.921],[-35.852,-5.916],[-35.85,-5.914],[-35.851,-5.913],[-35.853,-5.913],[-35.857,-5.912],[-35.863,-5.912],[-35.865,-5.909],[-35.87,-5.906],[-35.871,-5.904],[-35.871,-5.902],[-35.872,-5.903],[-35.874,-5.905],[-35.879,-5.907],[-35.881,-5.907],[-35.884,-5.908],[-35.886,-5.909],[-35.886,-5.91],[-35.887,-5.91],[-35.888,-5.909],[-35.89,-5.909],[-35.892,-5.907],[-35.893,-5.907],[-35.895,-5.909],[-35.895,-5.913],[-35.896,-5.915],[-35.895,-5.916],[-35.897,-5.919],[-35.899,-5.92],[-35.901,-5.923],[-35.902,-5.923],[-35.901,-5.921],[-35.9,-5.92],[-35.898,-5.918],[-35.896,-5.916],[-35.897,-5.915],[-35.895,-5.913],[-35.896,-5.911],[-35.897,-5.912],[-35.898,-5.913],[-35.897,-5.914],[-35.899,-5.915],[-35.902,-5.914],[-35.904,-5.914],[-35.905,-5.916],[-35.905,-5.917],[-35.908,-5.919],[-35.911,-5.918],[-35.915,-5.919],[-35.916,-5.917],[-35.919,-5.919],[-35.921,-5.919],[-35.925,-5.917],[-35.929,-5.914],[-35.931,-5.913],[-35.929,-5.913],[-35.925,-5.917],[-35.921,-5.918],[-35.919,-5.918],[-35.916,-5.917],[-35.914,-5.918],[-35.912,-5.918],[-35.911,-5.917],[-35.906,-5.916],[-35.904,-5.914],[-35.902,-5.914],[-35.901,-5.913],[-35.898,-5.913],[-35.897,-5.911],[-35.896,-5.911],[-35.896,-5.908],[-35.894,-5.907],[-35.893,-5.905],[-35.891,-5.904],[-35.891,-5.902],[-35.894,-5.904],[-35.895,-5.904],[-35.896,-5.902],[-35.897,-5.902],[-35.897,-5.901],[-35.896,-5.899],[-35.897,-5.899],[-35.898,-5.901],[-35.899,-5.901],[-35.902,-5.899],[-35.902,-5.896],[-35.905,-5.897],[-35.905,-5.9],[-35.906,-5.901],[-35.913,-5.903],[-35.914,-5.902],[-35.912,-5.899],[-35.911,-5.895],[-35.912,-5.894],[-35.916,-5.893],[-35.915,-5.896],[-35.916,-5.897],[-35.921,-5.898],[-35.923,-5.898],[-35.924,-5.9],[-35.925,-5.899],[-35.927,-5.897],[-35.926,-5.893],[-35.929,-5.891],[-35.929,-5.888],[-35.928,-5.886],[-35.93,-5.882],[-35.932,-5.881],[-35.934,-5.881],[-35.936,-5.88],[-35.937,-5.878],[-35.937,-5.877],[-35.94,-5.879],[-35.942,-5.879],[-35.943,-5.878],[-35.942,-5.874],[-35.94,-5.872],[-35.943,-5.867],[-35.943,-5.865],[-35.942,-5.864],[-35.939,-5.864],[-35.938,-5.862],[-35.938,-5.861],[-35.939,-5.861],[-35.939,-5.859],[-35.941,-5.859],[-35.943,-5.857],[-35.947,-5.856],[-35.947,-5.854],[-35.95,-5.854],[-35.95,-5.856],[-35.952,-5.857],[-35.955,-5.857],[-35.96,-5.852],[-35.961,-5.855],[-35.958,-5.856],[-35.958,-5.857],[-35.959,-5.858],[-35.96,-5.859],[-35.961,-5.858],[-35.961,-5.86],[-35.96,-5.861],[-35.96,-5.862],[-35.961,-5.862],[-35.961,-5.865],[-35.962,-5.865],[-35.962,-5.867],[-35.965,-5.869],[-35.965,-5.87],[-35.962,-5.873],[-35.962,-5.875],[-35.963,-5.879],[-35.963,-5.88],[-35.965,-5.883],[-35.963,-5.885],[-35.965,-5.883],[-35.963,-5.88],[-35.963,-5.878],[-35.962,-5.875],[-35.962,-5.873],[-35.965,-5.871],[-35.966,-5.868],[-35.962,-5.866],[-35.962,-5.865],[-35.961,-5.864],[-35.962,-5.863],[-35.961,-5.863],[-35.962,-5.862],[-35.96,-5.862],[-35.96,-5.861],[-35.963,-5.86],[-35.963,-5.862],[-35.964,-5.862],[-35.966,-5.861],[-35.971,-5.861],[-35.971,-5.86],[-35.972,-5.859],[-35.972,-5.862],[-35.973,-5.863],[-35.975,-5.862],[-35.977,-5.862],[-35.98,-5.86],[-35.981,-5.86],[-35.981,-5.859],[-35.983,-5.856],[-35.985,-5.857],[-35.985,-5.858],[-35.986,-5.859],[-35.988,-5.86],[-35.991,-5.863],[-35.996,-5.865],[-35.996,-5.864],[-35.995,-5.864],[-35.991,-5.862],[-35.989,-5.859],[-35.987,-5.859],[-35.986,-5.858],[-35.986,-5.857],[-35.985,-5.857],[-35.988,-5.854],[-35.989,-5.854],[-35.99,-5.853],[-35.99,-5.852],[-35.989,-5.852],[-35.989,-5.851],[-35.994,-5.848],[-35.993,-5.846],[-35.994,-5.846],[-35.995,-5.848],[-35.996,-5.848],[-35.997,-5.846],[-35.997,-5.844],[-35.998,-5.844],[-35.999,-5.843],[-36.001,-5.843],[-36.002,-5.841],[-36.004,-5.841],[-36.005,-5.84],[-36.006,-5.84],[-36.008,-5.838],[-36.009,-5.836],[-36.008,-5.833],[-36.005,-5.831],[-36.006,-5.828],[-36.005,-5.827],[-36.004,-5.825],[-36,-5.823],[-36,-5.824],[-36.003,-5.825],[-36.005,-5.828],[-36.005,-5.831],[-36.007,-5.833],[-36.008,-5.836],[-36.007,-5.837],[-36.006,-5.838],[-36.006,-5.84],[-36.004,-5.839],[-36.004,-5.841],[-36.001,-5.841],[-36.001,-5.843],[-35.998,-5.842],[-35.998,-5.843],[-35.996,-5.844],[-35.997,-5.845],[-35.995,-5.847],[-35.994,-5.846],[-35.993,-5.846],[-35.993,-5.847],[-35.989,-5.851],[-35.989,-5.852],[-35.99,-5.852],[-35.989,-5.853],[-35.987,-5.853],[-35.985,-5.856],[-35.983,-5.855],[-35.982,-5.856],[-35.98,-5.859],[-35.977,-5.861],[-35.974,-5.861],[-35.973,-5.859],[-35.973,-5.858],[-35.97,-5.859],[-35.969,-5.86],[-35.964,-5.86],[-35.964,-5.859],[-35.962,-5.859],[-35.963,-5.858],[-35.962,-5.857],[-35.96,-5.857],[-35.962,-5.856],[-35.961,-5.852],[-35.96,-5.851],[-35.957,-5.852],[-35.955,-5.856],[-35.952,-5.856],[-35.951,-5.855],[-35.95,-5.851],[-35.949,-5.85],[-35.949,-5.848],[-35.948,-5.846],[-35.949,-5.846],[-35.949,-5.844],[-35.947,-5.843],[-35.947,-5.841],[-35.95,-5.839],[-35.949,-5.838],[-35.951,-5.837],[-35.951,-5.835],[-35.956,-5.837],[-35.958,-5.836],[-35.959,-5.837],[-35.961,-5.836],[-35.961,-5.838],[-35.964,-5.839],[-35.965,-5.839],[-35.968,-5.837],[-35.969,-5.837],[-35.97,-5.839],[-35.971,-5.838],[-35.973,-5.838],[-35.976,-5.836],[-35.978,-5.835],[-35.98,-5.833],[-35.983,-5.832],[-35.985,-5.828],[-35.989,-5.827],[-35.994,-5.822],[-35.996,-5.82],[-35.995,-5.82],[-35.994,-5.822],[-35.989,-5.826],[-35.987,-5.827],[-35.984,-5.828],[-35.983,-5.832],[-35.98,-5.833],[-35.978,-5.835],[-35.976,-5.836],[-35.973,-5.838],[-35.971,-5.837],[-35.97,-5.838],[-35.969,-5.837],[-35.968,-5.837],[-35.965,-5.838],[-35.964,-5.838],[-35.962,-5.837],[-35.962,-5.836],[-35.961,-5.835],[-35.959,-5.836],[-35.955,-5.836],[-35.955,-5.833],[-35.954,-5.833],[-35.956,-5.832],[-35.961,-5.832],[-35.961,-5.829],[-35.963,-5.828],[-35.964,-5.827],[-35.964,-5.826],[-35.962,-5.826],[-35.962,-5.824],[-35.966,-5.824],[-35.966,-5.823],[-35.965,-5.822],[-35.966,-5.821],[-35.97,-5.818],[-35.969,-5.817],[-35.972,-5.815],[-35.976,-5.814],[-35.976,-5.812],[-35.979,-5.81],[-35.978,-5.801],[-35.976,-5.797],[-35.975,-5.798],[-35.977,-5.801],[-35.977,-5.804],[-35.978,-5.805],[-35.978,-5.811],[-35.976,-5.812],[-35.976,-5.814],[-35.972,-5.815],[-35.969,-5.816],[-35.969,-5.818],[-35.965,-5.821],[-35.965,-5.823],[-35.963,-5.824],[-35.961,-5.824],[-35.962,-5.827],[-35.963,-5.826],[-35.964,-5.827],[-35.962,-5.827],[-35.96,-5.829],[-35.96,-5.831],[-35.957,-5.832],[-35.956,-5.831],[-35.954,-5.832],[-35.954,-5.835],[-35.952,-5.834],[-35.951,-5.835],[-35.95,-5.837],[-35.949,-5.837],[-35.947,-5.838],[-35.948,-5.839],[-35.948,-5.84],[-35.946,-5.836],[-35.945,-5.836],[-35.944,-5.834],[-35.941,-5.834],[-35.941,-5.833],[-35.94,-5.832],[-35.94,-5.831],[-35.936,-5.828],[-35.936,-5.826],[-35.937,-5.825],[-35.937,-5.824],[-35.936,-5.818],[-35.935,-5.815],[-35.932,-5.813],[-35.931,-5.813],[-35.929,-5.812],[-35.928,-5.812],[-35.93,-5.813],[-35.932,-5.813],[-35.934,-5.815],[-35.935,-5.817],[-35.936,-5.825],[-35.935,-5.826],[-35.935,-5.828],[-35.939,-5.831],[-35.941,-5.835],[-35.944,-5.835],[-35.944,-5.837],[-35.946,-5.836],[-35.947,-5.839],[-35.945,-5.843],[-35.946,-5.845],[-35.948,-5.845],[-35.946,-5.845],[-35.946,-5.846],[-35.948,-5.848],[-35.948,-5.851],[-35.949,-5.852],[-35.949,-5.853],[-35.946,-5.853],[-35.946,-5.855],[-35.942,-5.856],[-35.941,-5.858],[-35.939,-5.857],[-35.938,-5.859],[-35.938,-5.86],[-35.937,-5.861],[-35.936,-5.861],[-35.935,-5.859],[-35.936,-5.856],[-35.935,-5.854],[-35.932,-5.851],[-35.933,-5.849],[-35.933,-5.848],[-35.934,-5.846],[-35.934,-5.844],[-35.932,-5.846],[-35.932,-5.847],[-35.931,-5.843],[-35.931,-5.84],[-35.931,-5.843],[-35.932,-5.848],[-35.932,-5.852],[-35.933,-5.853],[-35.935,-5.857],[-35.934,-5.86],[-35.935,-5.862],[-35.937,-5.863],[-35.939,-5.865],[-35.941,-5.865],[-35.941,-5.867],[-35.939,-5.873],[-35.941,-5.874],[-35.942,-5.878],[-35.941,-5.878],[-35.938,-5.876],[-35.937,-5.876],[-35.936,-5.877],[-35.936,-5.878],[-35.935,-5.879],[-35.934,-5.88],[-35.931,-5.88],[-35.929,-5.882],[-35.927,-5.886],[-35.928,-5.89],[-35.926,-5.891],[-35.925,-5.892],[-35.925,-5.899],[-35.92,-5.896],[-35.917,-5.896],[-35.917,-5.892],[-35.915,-5.892],[-35.911,-5.893],[-35.91,-5.895],[-35.911,-5.898],[-35.912,-5.902],[-35.906,-5.9],[-35.906,-5.896],[-35.902,-5.894],[-35.901,-5.895],[-35.901,-5.898],[-35.899,-5.9],[-35.898,-5.9],[-35.897,-5.898],[-35.895,-5.898],[-35.895,-5.899],[-35.896,-5.901],[-35.895,-5.902],[-35.894,-5.903],[-35.892,-5.901],[-35.891,-5.901],[-35.89,-5.902],[-35.89,-5.904],[-35.892,-5.905],[-35.891,-5.906],[-35.89,-5.908],[-35.887,-5.908],[-35.882,-5.906],[-35.88,-5.906],[-35.876,-5.905],[-35.874,-5.904],[-35.874,-5.903],[-35.872,-5.901],[-35.874,-5.901],[-35.875,-5.9],[-35.876,-5.896],[-35.88,-5.893],[-35.879,-5.892],[-35.883,-5.888],[-35.883,-5.887],[-35.888,-5.886],[-35.894,-5.888],[-35.895,-5.887],[-35.896,-5.887],[-35.9,-5.886],[-35.905,-5.886],[-35.91,-5.885],[-35.909,-5.884],[-35.905,-5.886],[-35.899,-5.886],[-35.896,-5.887],[-35.895,-5.886],[-35.894,-5.888],[-35.888,-5.886],[-35.883,-5.886],[-35.883,-5.884],[-35.884,-5.884],[-35.886,-5.885],[-35.887,-5.884],[-35.89,-5.882],[-35.893,-5.882],[-35.895,-5.879],[-35.897,-5.88],[-35.899,-5.881],[-35.901,-5.88],[-35.909,-5.879],[-35.911,-5.879],[-35.911,-5.881],[-35.912,-5.881],[-35.911,-5.879],[-35.909,-5.878],[-35.901,-5.879],[-35.899,-5.88],[-35.895,-5.878],[-35.894,-5.879],[-35.894,-5.881],[-35.892,-5.881],[-35.889,-5.882],[-35.889,-5.88],[-35.891,-5.88],[-35.893,-5.878],[-35.896,-5.877],[-35.897,-5.875],[-35.896,-5.874],[-35.9,-5.873],[-35.901,-5.871],[-35.9,-5.87],[-35.9,-5.869],[-35.907,-5.869],[-35.907,-5.872],[-35.908,-5.872],[-35.91,-5.871],[-35.916,-5.871],[-35.917,-5.87],[-35.916,-5.868],[-35.918,-5.867],[-35.918,-5.864],[-35.919,-5.86],[-35.919,-5.859],[-35.916,-5.858],[-35.916,-5.854],[-35.915,-5.852],[-35.915,-5.851],[-35.916,-5.851],[-35.918,-5.852],[-35.92,-5.851],[-35.921,-5.849],[-35.921,-5.844],[-35.922,-5.842],[-35.92,-5.834],[-35.92,-5.828],[-35.919,-5.828],[-35.92,-5.829],[-35.92,-5.834],[-35.921,-5.842],[-35.92,-5.844],[-35.92,-5.848],[-35.921,-5.849],[-35.92,-5.851],[-35.918,-5.851],[-35.917,-5.85],[-35.914,-5.85],[-35.914,-5.849],[-35.912,-5.847],[-35.91,-5.847],[-35.905,-5.841],[-35.902,-5.84],[-35.901,-5.838],[-35.902,-5.841],[-35.905,-5.842],[-35.91,-5.847],[-35.911,-5.847],[-35.914,-5.849],[-35.914,-5.852],[-35.915,-5.854],[-35.914,-5.856],[-35.915,-5.859],[-35.916,-5.86],[-35.918,-5.86],[-35.917,-5.863],[-35.917,-5.867],[-35.915,-5.867],[-35.915,-5.869],[-35.913,-5.87],[-35.91,-5.869],[-35.908,-5.871],[-35.907,-5.868],[-35.9,-5.868],[-35.898,-5.869],[-35.898,-5.87],[-35.899,-5.87],[-35.899,-5.872],[-35.896,-5.873],[-35.895,-5.876],[-35.894,-5.872],[-35.894,-5.869],[-35.893,-5.868],[-35.894,-5.867],[-35.893,-5.866],[-35.891,-5.863],[-35.891,-5.859],[-35.889,-5.858],[-35.888,-5.859],[-35.889,-5.86],[-35.889,-5.862],[-35.89,-5.862],[-35.891,-5.864],[-35.894,-5.867],[-35.893,-5.867],[-35.892,-5.869],[-35.89,-5.869],[-35.889,-5.87],[-35.891,-5.87],[-35.892,-5.872],[-35.893,-5.872],[-35.894,-5.876],[-35.891,-5.878],[-35.89,-5.879],[-35.889,-5.879],[-35.888,-5.88],[-35.888,-5.882],[-35.887,-5.883],[-35.884,-5.883],[-35.881,-5.88],[-35.877,-5.879],[-35.876,-5.878],[-35.877,-5.875],[-35.877,-5.874],[-35.88,-5.873],[-35.88,-5.872],[-35.878,-5.873],[-35.878,-5.872],[-35.879,-5.871],[-35.878,-5.871],[-35.878,-5.874],[-35.877,-5.874],[-35.875,-5.878],[-35.877,-5.879],[-35.88,-5.88],[-35.883,-5.883],[-35.881,-5.884],[-35.882,-5.885],[-35.882,-5.887],[-35.879,-5.89],[-35.878,-5.891],[-35.878,-5.893],[-35.875,-5.896],[-35.874,-5.899],[-35.873,-5.9],[-35.872,-5.9],[-35.87,-5.901],[-35.869,-5.904],[-35.865,-5.907],[-35.866,-5.905],[-35.865,-5.903],[-35.864,-5.901],[-35.864,-5.899],[-35.863,-5.898],[-35.863,-5.895],[-35.862,-5.893],[-35.864,-5.887],[-35.866,-5.885],[-35.868,-5.884],[-35.87,-5.881],[-35.869,-5.881],[-35.868,-5.883],[-35.865,-5.884],[-35.864,-5.886],[-35.861,-5.893],[-35.861,-5.894],[-35.863,-5.895],[-35.862,-5.898],[-35.863,-5.9],[-35.863,-5.901],[-35.865,-5.903],[-35.865,-5.905],[-35.864,-5.907],[-35.864,-5.908],[-35.863,-5.909],[-35.862,-5.911],[-35.857,-5.911],[-35.852,-5.912],[-35.85,-5.912],[-35.849,-5.914],[-35.844,-5.914],[-35.839,-5.913],[-35.837,-5.911],[-35.835,-5.908],[-35.834,-5.908],[-35.832,-5.907],[-35.825,-5.91],[-35.824,-5.91],[-35.823,-5.909],[-35.824,-5.909],[-35.824,-5.907],[-35.823,-5.906],[-35.824,-5.904],[-35.824,-5.902],[-35.822,-5.902],[-35.82,-5.901],[-35.813,-5.898],[-35.808,-5.899],[-35.807,-5.898],[-35.805,-5.898],[-35.804,-5.897],[-35.803,-5.894],[-35.801,-5.893],[-35.803,-5.892],[-35.804,-5.894],[-35.807,-5.894],[-35.807,-5.896],[-35.809,-5.897],[-35.811,-5.897],[-35.812,-5.895],[-35.817,-5.895],[-35.818,-5.894],[-35.819,-5.895],[-35.82,-5.894],[-35.814,-5.894],[-35.812,-5.895],[-35.81,-5.896],[-35.809,-5.896],[-35.808,-5.895],[-35.807,-5.894],[-35.808,-5.893],[-35.807,-5.892],[-35.806,-5.888],[-35.808,-5.886],[-35.811,-5.886],[-35.816,-5.888],[-35.82,-5.889],[-35.823,-5.888],[-35.824,-5.889],[-35.825,-5.888],[-35.826,-5.887],[-35.828,-5.887],[-35.828,-5.886],[-35.829,-5.884],[-35.832,-5.882],[-35.834,-5.884],[-35.837,-5.883],[-35.837,-5.882],[-35.838,-5.883],[-35.841,-5.883],[-35.845,-5.88],[-35.845,-5.878],[-35.849,-5.879],[-35.851,-5.878],[-35.852,-5.878],[-35.852,-5.877],[-35.853,-5.876],[-35.857,-5.876],[-35.859,-5.871],[-35.86,-5.872],[-35.862,-5.87],[-35.867,-5.864],[-35.874,-5.862],[-35.874,-5.861],[-35.867,-5.863],[-35.861,-5.87],[-35.86,-5.871],[-35.858,-5.871],[-35.857,-5.876],[-35.852,-5.876],[-35.845,-5.875],[-35.844,-5.876],[-35.844,-5.878],[-35.845,-5.878],[-35.844,-5.879],[-35.841,-5.882],[-35.838,-5.882],[-35.837,-5.881],[-35.836,-5.882],[-35.834,-5.883],[-35.832,-5.881],[-35.828,-5.883],[-35.828,-5.886],[-35.827,-5.887],[-35.826,-5.886],[-35.824,-5.888],[-35.82,-5.888],[-35.816,-5.887],[-35.812,-5.885],[-35.811,-5.884],[-35.809,-5.883],[-35.805,-5.884],[-35.802,-5.887],[-35.801,-5.888],[-35.8,-5.887],[-35.798,-5.887],[-35.798,-5.889],[-35.796,-5.888],[-35.795,-5.889],[-35.794,-5.891],[-35.793,-5.892],[-35.792,-5.891],[-35.789,-5.893],[-35.789,-5.894],[-35.79,-5.895],[-35.789,-5.898],[-35.789,-5.897],[-35.788,-5.896],[-35.788,-5.895],[-35.787,-5.894],[-35.786,-5.892],[-35.788,-5.892],[-35.788,-5.891],[-35.787,-5.889],[-35.785,-5.888],[-35.784,-5.889],[-35.783,-5.89],[-35.782,-5.888],[-35.783,-5.887],[-35.783,-5.885],[-35.781,-5.884],[-35.781,-5.882],[-35.779,-5.881],[-35.778,-5.882],[-35.778,-5.883],[-35.776,-5.884],[-35.776,-5.885],[-35.772,-5.885],[-35.769,-5.891],[-35.767,-5.89],[-35.765,-5.89],[-35.763,-5.889],[-35.762,-5.889],[-35.76,-5.893],[-35.758,-5.895],[-35.757,-5.897],[-35.754,-5.899],[-35.753,-5.899],[-35.754,-5.896],[-35.753,-5.895],[-35.75,-5.893],[-35.743,-5.893],[-35.736,-5.888],[-35.733,-5.887],[-35.732,-5.888],[-35.725,-5.886],[-35.719,-5.881],[-35.716,-5.881],[-35.709,-5.882],[-35.708,-5.881],[-35.706,-5.882],[-35.701,-5.883],[-35.699,-5.888],[-35.697,-5.889],[-35.695,-5.891],[-35.693,-5.894],[-35.694,-5.895],[-35.701,-5.898],[-35.702,-5.901],[-35.696,-5.901],[-35.689,-5.897],[-35.685,-5.897],[-35.677,-5.89],[-35.669,-5.887],[-35.664,-5.885],[-35.66,-5.885],[-35.66,-5.883],[-35.662,-5.883],[-35.662,-5.882],[-35.661,-5.882],[-35.663,-5.881],[-35.664,-5.879],[-35.665,-5.88],[-35.666,-5.879],[-35.667,-5.879],[-35.669,-5.878],[-35.67,-5.877],[-35.67,-5.875],[-35.671,-5.876],[-35.675,-5.877],[-35.676,-5.876],[-35.676,-5.877],[-35.678,-5.876],[-35.678,-5.875],[-35.676,-5.873],[-35.679,-5.869],[-35.681,-5.868],[-35.681,-5.867],[-35.682,-5.867],[-35.681,-5.869],[-35.681,-5.87],[-35.686,-5.87],[-35.689,-5.872],[-35.691,-5.872],[-35.693,-5.871],[-35.693,-5.869],[-35.694,-5.868],[-35.696,-5.869],[-35.697,-5.869],[-35.699,-5.865],[-35.702,-5.865],[-35.705,-5.864],[-35.705,-5.862],[-35.707,-5.862],[-35.708,-5.861],[-35.711,-5.862],[-35.713,-5.863],[-35.714,-5.863],[-35.715,-5.862],[-35.714,-5.861],[-35.717,-5.861],[-35.718,-5.862],[-35.717,-5.863],[-35.719,-5.866],[-35.719,-5.87],[-35.721,-5.87],[-35.725,-5.868],[-35.726,-5.869],[-35.728,-5.868],[-35.731,-5.87],[-35.734,-5.87],[-35.736,-5.872],[-35.739,-5.872],[-35.74,-5.874],[-35.742,-5.872],[-35.745,-5.872],[-35.747,-5.871],[-35.748,-5.872],[-35.75,-5.871],[-35.751,-5.87],[-35.75,-5.869],[-35.752,-5.867],[-35.753,-5.867],[-35.753,-5.865],[-35.754,-5.866],[-35.757,-5.864],[-35.759,-5.864],[-35.762,-5.862],[-35.765,-5.864],[-35.768,-5.865],[-35.769,-5.864],[-35.77,-5.863],[-35.772,-5.866],[-35.776,-5.867],[-35.779,-5.865],[-35.779,-5.866],[-35.78,-5.866],[-35.782,-5.865],[-35.788,-5.865],[-35.791,-5.868],[-35.795,-5.868],[-35.8,-5.866],[-35.802,-5.863],[-35.804,-5.861],[-35.806,-5.861],[-35.807,-5.86],[-35.808,-5.86],[-35.809,-5.861],[-35.809,-5.863],[-35.812,-5.862],[-35.816,-5.863],[-35.818,-5.861],[-35.819,-5.862],[-35.82,-5.861],[-35.818,-5.861],[-35.816,-5.862],[-35.812,-5.862],[-35.81,-5.863],[-35.809,-5.86],[-35.807,-5.86],[-35.806,-5.861],[-35.803,-5.861],[-35.799,-5.866],[-35.794,-5.868],[-35.791,-5.867],[-35.788,-5.865],[-35.786,-5.865],[-35.785,-5.864],[-35.783,-5.863],[-35.779,-5.864],[-35.778,-5.865],[-35.776,-5.866],[-35.773,-5.865],[-35.771,-5.863],[-35.773,-5.864],[-35.775,-5.861],[-35.777,-5.86],[-35.781,-5.861],[-35.783,-5.859],[-35.786,-5.86],[-35.788,-5.859],[-35.79,-5.858],[-35.791,-5.857],[-35.792,-5.856],[-35.795,-5.853],[-35.798,-5.854],[-35.799,-5.851],[-35.801,-5.85],[-35.804,-5.848],[-35.808,-5.848],[-35.808,-5.849],[-35.809,-5.849],[-35.813,-5.85],[-35.814,-5.851],[-35.816,-5.851],[-35.818,-5.853],[-35.82,-5.853],[-35.822,-5.855],[-35.828,-5.855],[-35.83,-5.854],[-35.832,-5.854],[-35.834,-5.855],[-35.836,-5.855],[-35.839,-5.854],[-35.843,-5.854],[-35.846,-5.852],[-35.849,-5.852],[-35.851,-5.853],[-35.858,-5.853],[-35.862,-5.856],[-35.873,-5.858],[-35.869,-5.857],[-35.863,-5.855],[-35.858,-5.852],[-35.851,-5.852],[-35.849,-5.851],[-35.846,-5.852],[-35.843,-5.853],[-35.838,-5.853],[-35.836,-5.854],[-35.833,-5.854],[-35.834,-5.852],[-35.836,-5.852],[-35.835,-5.85],[-35.836,-5.85],[-35.837,-5.851],[-35.84,-5.85],[-35.842,-5.851],[-35.843,-5.851],[-35.845,-5.849],[-35.845,-5.848],[-35.847,-5.848],[-35.848,-5.846],[-35.849,-5.843],[-35.854,-5.843],[-35.854,-5.839],[-35.855,-5.839],[-35.856,-5.838],[-35.858,-5.839],[-35.86,-5.837],[-35.861,-5.837],[-35.862,-5.836],[-35.864,-5.835],[-35.865,-5.836],[-35.867,-5.836],[-35.87,-5.835],[-35.879,-5.835],[-35.882,-5.837],[-35.883,-5.836],[-35.886,-5.836],[-35.889,-5.839],[-35.89,-5.838],[-35.892,-5.839],[-35.894,-5.838],[-35.895,-5.84],[-35.898,-5.842],[-35.898,-5.841],[-35.894,-5.839],[-35.894,-5.838],[-35.89,-5.837],[-35.889,-5.838],[-35.889,-5.837],[-35.886,-5.835],[-35.885,-5.836],[-35.882,-5.836],[-35.879,-5.834],[-35.875,-5.835],[-35.873,-5.834],[-35.875,-5.83],[-35.878,-5.828],[-35.878,-5.826],[-35.88,-5.825],[-35.881,-5.822],[-35.882,-5.822],[-35.882,-5.821],[-35.884,-5.821],[-35.887,-5.822],[-35.889,-5.822],[-35.891,-5.823],[-35.896,-5.824],[-35.901,-5.823],[-35.9,-5.822],[-35.896,-5.823],[-35.891,-5.822],[-35.889,-5.821],[-35.887,-5.822],[-35.885,-5.82],[-35.881,-5.82],[-35.881,-5.822],[-35.88,-5.824],[-35.878,-5.825],[-35.877,-5.827],[-35.875,-5.83],[-35.872,-5.834],[-35.87,-5.835],[-35.868,-5.834],[-35.868,-5.833],[-35.865,-5.833],[-35.865,-5.834],[-35.866,-5.836],[-35.865,-5.836],[-35.864,-5.835],[-35.862,-5.835],[-35.861,-5.836],[-35.86,-5.836],[-35.858,-5.838],[-35.856,-5.837],[-35.855,-5.838],[-35.853,-5.838],[-35.852,-5.839],[-35.853,-5.841],[-35.853,-5.842],[-35.848,-5.842],[-35.847,-5.845],[-35.846,-5.847],[-35.844,-5.847],[-35.842,-5.849],[-35.84,-5.848],[-35.837,-5.849],[-35.835,-5.849],[-35.833,-5.853],[-35.83,-5.852],[-35.828,-5.854],[-35.822,-5.853],[-35.82,-5.852],[-35.818,-5.852],[-35.816,-5.85],[-35.815,-5.85],[-35.813,-5.849],[-35.809,-5.848],[-35.809,-5.847],[-35.807,-5.847],[-35.808,-5.846],[-35.808,-5.844],[-35.809,-5.843],[-35.811,-5.841],[-35.813,-5.84],[-35.814,-5.837],[-35.817,-5.836],[-35.817,-5.835],[-35.818,-5.835],[-35.82,-5.833],[-35.82,-5.831],[-35.822,-5.828],[-35.824,-5.829],[-35.829,-5.829],[-35.83,-5.83],[-35.832,-5.83],[-35.837,-5.828],[-35.84,-5.828],[-35.84,-5.829],[-35.844,-5.831],[-35.848,-5.833],[-35.853,-5.833],[-35.852,-5.833],[-35.849,-5.832],[-35.844,-5.83],[-35.841,-5.829],[-35.84,-5.828],[-35.838,-5.827],[-35.837,-5.827],[-35.832,-5.829],[-35.83,-5.83],[-35.829,-5.829],[-35.824,-5.829],[-35.822,-5.828],[-35.823,-5.828],[-35.823,-5.826],[-35.824,-5.825],[-35.824,-5.824],[-35.825,-5.822],[-35.824,-5.821],[-35.825,-5.821],[-35.825,-5.82],[-35.826,-5.82],[-35.827,-5.818],[-35.83,-5.819],[-35.831,-5.818],[-35.833,-5.818],[-35.835,-5.817],[-35.836,-5.818],[-35.838,-5.819],[-35.839,-5.818],[-35.84,-5.817],[-35.842,-5.818],[-35.844,-5.817],[-35.848,-5.819],[-35.849,-5.819],[-35.852,-5.823],[-35.858,-5.826],[-35.859,-5.827],[-35.86,-5.826],[-35.862,-5.824],[-35.863,-5.823],[-35.863,-5.82],[-35.865,-5.819],[-35.866,-5.819],[-35.867,-5.818],[-35.87,-5.817],[-35.875,-5.813],[-35.878,-5.812],[-35.88,-5.812],[-35.884,-5.815],[-35.885,-5.814],[-35.881,-5.812],[-35.878,-5.812],[-35.874,-5.813],[-35.869,-5.817],[-35.866,-5.818],[-35.866,-5.819],[-35.866,-5.818],[-35.864,-5.818],[-35.863,-5.82],[-35.862,-5.823],[-35.86,-5.825],[-35.859,-5.826],[-35.853,-5.823],[-35.849,-5.818],[-35.848,-5.818],[-35.844,-5.817],[-35.842,-5.817],[-35.84,-5.816],[-35.839,-5.817],[-35.837,-5.818],[-35.835,-5.816],[-35.833,-5.818],[-35.831,-5.818],[-35.83,-5.819],[-35.828,-5.818],[-35.828,-5.817],[-35.83,-5.815],[-35.835,-5.815],[-35.837,-5.814],[-35.838,-5.814],[-35.837,-5.813],[-35.837,-5.81],[-35.84,-5.805],[-35.846,-5.801],[-35.849,-5.801],[-35.849,-5.8],[-35.846,-5.8],[-35.845,-5.801],[-35.839,-5.805],[-35.838,-5.807],[-35.837,-5.807],[-35.835,-5.81],[-35.834,-5.813],[-35.834,-5.815],[-35.829,-5.815],[-35.827,-5.816],[-35.827,-5.818],[-35.825,-5.819],[-35.824,-5.819],[-35.824,-5.82],[-35.823,-5.821],[-35.824,-5.822],[-35.823,-5.824],[-35.824,-5.825],[-35.823,-5.825],[-35.822,-5.827],[-35.82,-5.829],[-35.82,-5.83],[-35.819,-5.831],[-35.819,-5.833],[-35.818,-5.834],[-35.817,-5.834],[-35.816,-5.835],[-35.815,-5.835],[-35.814,-5.836],[-35.813,-5.839],[-35.807,-5.844],[-35.807,-5.847],[-35.804,-5.847],[-35.8,-5.849],[-35.798,-5.851],[-35.797,-5.853],[-35.794,-5.852],[-35.791,-5.855],[-35.79,-5.856],[-35.789,-5.857],[-35.787,-5.858],[-35.786,-5.859],[-35.783,-5.858],[-35.781,-5.86],[-35.782,-5.857],[-35.779,-5.849],[-35.78,-5.846],[-35.782,-5.842],[-35.781,-5.841],[-35.782,-5.838],[-35.782,-5.836],[-35.781,-5.834],[-35.782,-5.833],[-35.786,-5.83],[-35.788,-5.829],[-35.791,-5.827],[-35.792,-5.825],[-35.793,-5.824],[-35.793,-5.819],[-35.796,-5.812],[-35.797,-5.81],[-35.798,-5.81],[-35.8,-5.808],[-35.801,-5.805],[-35.803,-5.803],[-35.802,-5.803],[-35.8,-5.805],[-35.8,-5.808],[-35.796,-5.81],[-35.796,-5.812],[-35.793,-5.819],[-35.792,-5.822],[-35.793,-5.824],[-35.792,-5.825],[-35.791,-5.827],[-35.787,-5.828],[-35.786,-5.83],[-35.781,-5.832],[-35.781,-5.838],[-35.78,-5.841],[-35.782,-5.842],[-35.78,-5.845],[-35.779,-5.849],[-35.781,-5.857],[-35.78,-5.86],[-35.778,-5.859],[-35.776,-5.86],[-35.775,-5.86],[-35.773,-5.863],[-35.77,-5.863],[-35.768,-5.864],[-35.765,-5.864],[-35.762,-5.862],[-35.758,-5.864],[-35.757,-5.863],[-35.755,-5.865],[-35.756,-5.86],[-35.757,-5.857],[-35.759,-5.857],[-35.76,-5.855],[-35.76,-5.849],[-35.764,-5.848],[-35.765,-5.847],[-35.766,-5.846],[-35.769,-5.843],[-35.771,-5.842],[-35.772,-5.841],[-35.772,-5.839],[-35.771,-5.841],[-35.768,-5.843],[-35.766,-5.846],[-35.764,-5.847],[-35.764,-5.848],[-35.76,-5.849],[-35.76,-5.852],[-35.759,-5.853],[-35.759,-5.855],[-35.758,-5.857],[-35.757,-5.857],[-35.755,-5.86],[-35.754,-5.864],[-35.752,-5.864],[-35.752,-5.866],[-35.751,-5.866],[-35.749,-5.868],[-35.749,-5.87],[-35.748,-5.871],[-35.746,-5.869],[-35.745,-5.871],[-35.742,-5.871],[-35.74,-5.872],[-35.74,-5.871],[-35.737,-5.871],[-35.735,-5.869],[-35.732,-5.869],[-35.728,-5.867],[-35.727,-5.868],[-35.725,-5.866],[-35.723,-5.867],[-35.72,-5.869],[-35.72,-5.864],[-35.719,-5.863],[-35.719,-5.862],[-35.718,-5.86],[-35.714,-5.86],[-35.713,-5.861],[-35.713,-5.862],[-35.711,-5.861],[-35.709,-5.86],[-35.71,-5.858],[-35.712,-5.857],[-35.714,-5.857],[-35.715,-5.854],[-35.719,-5.854],[-35.723,-5.853],[-35.725,-5.855],[-35.725,-5.856],[-35.728,-5.857],[-35.731,-5.856],[-35.73,-5.855],[-35.728,-5.855],[-35.728,-5.853],[-35.73,-5.851],[-35.732,-5.85],[-35.734,-5.85],[-35.737,-5.848],[-35.738,-5.847],[-35.742,-5.848],[-35.744,-5.85],[-35.744,-5.851],[-35.745,-5.851],[-35.743,-5.848],[-35.738,-5.847],[-35.734,-5.849],[-35.732,-5.849],[-35.73,-5.85],[-35.729,-5.851],[-35.727,-5.853],[-35.727,-5.854],[-35.726,-5.855],[-35.723,-5.853],[-35.722,-5.853],[-35.719,-5.854],[-35.715,-5.853],[-35.714,-5.857],[-35.712,-5.856],[-35.71,-5.858],[-35.707,-5.861],[-35.704,-5.861],[-35.703,-5.862],[-35.704,-5.863],[-35.702,-5.864],[-35.7,-5.863],[-35.7,-5.864],[-35.698,-5.865],[-35.697,-5.868],[-35.693,-5.867],[-35.692,-5.869],[-35.692,-5.87],[-35.691,-5.87],[-35.69,-5.871],[-35.686,-5.869],[-35.682,-5.869],[-35.683,-5.867],[-35.682,-5.865],[-35.681,-5.866],[-35.679,-5.868],[-35.678,-5.868],[-35.676,-5.872],[-35.675,-5.873],[-35.675,-5.874],[-35.677,-5.876],[-35.676,-5.875],[-35.675,-5.876],[-35.674,-5.875],[-35.671,-5.875],[-35.67,-5.874],[-35.669,-5.874],[-35.669,-5.877],[-35.668,-5.877],[-35.666,-5.878],[-35.665,-5.879],[-35.664,-5.878],[-35.662,-5.878],[-35.662,-5.88],[-35.66,-5.881],[-35.66,-5.882],[-35.659,-5.883],[-35.658,-5.885],[-35.653,-5.886],[-35.651,-5.885],[-35.652,-5.88],[-35.651,-5.878],[-35.648,-5.876],[-35.646,-5.876],[-35.643,-5.877],[-35.642,-5.88],[-35.641,-5.885],[-35.64,-5.887],[-35.639,-5.889],[-35.637,-5.89],[-35.633,-5.892],[-35.628,-5.891],[-35.627,-5.89],[-35.625,-5.884],[-35.625,-5.882],[-35.622,-5.879],[-35.618,-5.877],[-35.603,-5.872],[-35.601,-5.871],[-35.586,-5.86],[-35.583,-5.859],[-35.578,-5.857],[-35.579,-5.857],[-35.581,-5.855],[-35.583,-5.856],[-35.587,-5.855],[-35.587,-5.856],[-35.586,-5.856],[-35.586,-5.857],[-35.588,-5.857],[-35.589,-5.856],[-35.59,-5.855],[-35.592,-5.855],[-35.596,-5.856],[-35.598,-5.856],[-35.6,-5.854],[-35.6,-5.855],[-35.602,-5.854],[-35.603,-5.853],[-35.603,-5.852],[-35.606,-5.851],[-35.607,-5.847],[-35.608,-5.846],[-35.61,-5.847],[-35.613,-5.847],[-35.614,-5.844],[-35.616,-5.845],[-35.617,-5.844],[-35.618,-5.844],[-35.618,-5.842],[-35.619,-5.841],[-35.62,-5.842],[-35.621,-5.841],[-35.621,-5.843],[-35.622,-5.844],[-35.625,-5.843],[-35.625,-5.844],[-35.626,-5.845],[-35.627,-5.846],[-35.629,-5.847],[-35.634,-5.845],[-35.637,-5.843],[-35.638,-5.844],[-35.64,-5.843],[-35.642,-5.846],[-35.644,-5.847],[-35.648,-5.847],[-35.649,-5.844],[-35.653,-5.841],[-35.656,-5.836],[-35.662,-5.835],[-35.664,-5.832],[-35.663,-5.832],[-35.662,-5.835],[-35.656,-5.836],[-35.653,-5.841],[-35.649,-5.844],[-35.648,-5.846],[-35.647,-5.847],[-35.644,-5.847],[-35.642,-5.845],[-35.641,-5.843],[-35.643,-5.838],[-35.644,-5.836],[-35.643,-5.835],[-35.644,-5.833],[-35.646,-5.829],[-35.648,-5.826],[-35.648,-5.825],[-35.645,-5.829],[-35.644,-5.833],[-35.643,-5.835],[-35.643,-5.838],[-35.64,-5.843],[-35.638,-5.843],[-35.637,-5.842],[-35.634,-5.845],[-35.629,-5.846],[-35.628,-5.845],[-35.627,-5.844],[-35.625,-5.844],[-35.626,-5.843],[-35.625,-5.842],[-35.624,-5.842],[-35.623,-5.843],[-35.622,-5.841],[-35.625,-5.835],[-35.627,-5.833],[-35.627,-5.832],[-35.628,-5.83],[-35.63,-5.827],[-35.632,-5.826],[-35.632,-5.825],[-35.631,-5.825],[-35.63,-5.826],[-35.628,-5.83],[-35.624,-5.835],[-35.622,-5.841],[-35.618,-5.841],[-35.617,-5.842],[-35.618,-5.843],[-35.616,-5.843],[-35.616,-5.845],[-35.615,-5.844],[-35.614,-5.841],[-35.616,-5.837],[-35.615,-5.835],[-35.616,-5.834],[-35.614,-5.829],[-35.615,-5.827],[-35.617,-5.826],[-35.615,-5.826],[-35.614,-5.828],[-35.614,-5.83],[-35.615,-5.831],[-35.616,-5.834],[-35.615,-5.835],[-35.613,-5.834],[-35.611,-5.835],[-35.606,-5.833],[-35.606,-5.832],[-35.604,-5.83],[-35.604,-5.828],[-35.606,-5.826],[-35.605,-5.826],[-35.604,-5.828],[-35.603,-5.83],[-35.606,-5.832],[-35.606,-5.833],[-35.611,-5.835],[-35.615,-5.835],[-35.615,-5.837],[-35.614,-5.841],[-35.614,-5.844],[-35.613,-5.844],[-35.613,-5.846],[-35.611,-5.846],[-35.61,-5.847],[-35.61,-5.846],[-35.607,-5.846],[-35.605,-5.85],[-35.602,-5.852],[-35.601,-5.854],[-35.599,-5.854],[-35.598,-5.855],[-35.597,-5.855],[-35.596,-5.856],[-35.592,-5.854],[-35.592,-5.855],[-35.59,-5.855],[-35.589,-5.856],[-35.588,-5.857],[-35.587,-5.857],[-35.587,-5.855],[-35.584,-5.855],[-35.583,-5.856],[-35.581,-5.855],[-35.577,-5.857],[-35.572,-5.856],[-35.568,-5.856],[-35.568,-5.85],[-35.562,-5.842],[-35.565,-5.84],[-35.567,-5.84],[-35.568,-5.842],[-35.575,-5.841],[-35.577,-5.841],[-35.579,-5.842],[-35.58,-5.84],[-35.58,-5.839],[-35.582,-5.839],[-35.582,-5.838],[-35.586,-5.838],[-35.588,-5.835],[-35.593,-5.832],[-35.596,-5.83],[-35.597,-5.828],[-35.597,-5.825],[-35.597,-5.827],[-35.595,-5.83],[-35.593,-5.832],[-35.587,-5.834],[-35.586,-5.837],[-35.582,-5.838],[-35.579,-5.839],[-35.579,-5.841],[-35.576,-5.84],[-35.575,-5.84],[-35.568,-5.841],[-35.567,-5.84],[-35.567,-5.838],[-35.569,-5.837],[-35.57,-5.837],[-35.571,-5.836],[-35.572,-5.834],[-35.574,-5.835],[-35.576,-5.837],[-35.577,-5.836],[-35.579,-5.832],[-35.583,-5.829],[-35.585,-5.825],[-35.588,-5.822],[-35.592,-5.82],[-35.592,-5.819],[-35.587,-5.821],[-35.584,-5.824],[-35.583,-5.825],[-35.582,-5.828],[-35.579,-5.832],[-35.577,-5.836],[-35.574,-5.834],[-35.572,-5.834],[-35.571,-5.836],[-35.57,-5.837],[-35.568,-5.837],[-35.566,-5.838],[-35.566,-5.84],[-35.564,-5.839],[-35.562,-5.841],[-35.561,-5.842],[-35.557,-5.839],[-35.555,-5.838],[-35.551,-5.836],[-35.55,-5.832],[-35.552,-5.83],[-35.557,-5.83],[-35.558,-5.831],[-35.559,-5.83],[-35.559,-5.831],[-35.562,-5.831],[-35.562,-5.83],[-35.566,-5.83],[-35.568,-5.828],[-35.567,-5.828],[-35.571,-5.825],[-35.57,-5.825],[-35.572,-5.824],[-35.579,-5.818],[-35.58,-5.817],[-35.583,-5.814],[-35.583,-5.813],[-35.58,-5.817],[-35.578,-5.817],[-35.571,-5.824],[-35.57,-5.824],[-35.571,-5.821],[-35.571,-5.82],[-35.573,-5.818],[-35.573,-5.815],[-35.575,-5.814],[-35.574,-5.814],[-35.573,-5.815],[-35.573,-5.818],[-35.571,-5.82],[-35.571,-5.822],[-35.57,-5.824],[-35.569,-5.824],[-35.568,-5.818],[-35.569,-5.824],[-35.57,-5.825],[-35.567,-5.827],[-35.567,-5.828],[-35.566,-5.829],[-35.564,-5.83],[-35.562,-5.829],[-35.562,-5.83],[-35.554,-5.83],[-35.552,-5.829],[-35.55,-5.831],[-35.549,-5.831],[-35.548,-5.828],[-35.546,-5.827],[-35.542,-5.826],[-35.544,-5.824],[-35.547,-5.824],[-35.548,-5.822],[-35.549,-5.821],[-35.549,-5.818],[-35.55,-5.817],[-35.55,-5.816],[-35.549,-5.818],[-35.549,-5.821],[-35.548,-5.822],[-35.546,-5.824],[-35.543,-5.824],[-35.542,-5.826],[-35.534,-5.828],[-35.53,-5.83],[-35.525,-5.829],[-35.524,-5.828],[-35.522,-5.821],[-35.52,-5.82],[-35.518,-5.82],[-35.52,-5.818],[-35.522,-5.819],[-35.524,-5.818],[-35.529,-5.818],[-35.531,-5.817],[-35.531,-5.815],[-35.533,-5.814],[-35.538,-5.814],[-35.546,-5.811],[-35.549,-5.811],[-35.549,-5.81],[-35.543,-5.811],[-35.538,-5.813],[-35.533,-5.814],[-35.53,-5.815],[-35.53,-5.817],[-35.529,-5.818],[-35.527,-5.817],[-35.524,-5.817],[-35.522,-5.819],[-35.52,-5.818],[-35.516,-5.82],[-35.511,-5.822],[-35.507,-5.824],[-35.502,-5.826],[-35.488,-5.828],[-35.486,-5.826],[-35.485,-5.824],[-35.481,-5.82],[-35.474,-5.819],[-35.467,-5.814],[-35.464,-5.814],[-35.462,-5.815],[-35.452,-5.818],[-35.453,-5.817],[-35.454,-5.812],[-35.454,-5.811],[-35.456,-5.809],[-35.457,-5.81],[-35.458,-5.808],[-35.459,-5.808],[-35.459,-5.807],[-35.462,-5.807],[-35.466,-5.805],[-35.468,-5.8],[-35.466,-5.798],[-35.467,-5.797],[-35.468,-5.798],[-35.47,-5.796],[-35.471,-5.796],[-35.473,-5.795],[-35.475,-5.794],[-35.476,-5.796],[-35.478,-5.799],[-35.477,-5.8],[-35.478,-5.802],[-35.481,-5.801],[-35.483,-5.801],[-35.478,-5.801],[-35.477,-5.8],[-35.479,-5.799],[-35.478,-5.798],[-35.478,-5.797],[-35.48,-5.798],[-35.481,-5.8],[-35.483,-5.8],[-35.483,-5.799],[-35.485,-5.799],[-35.486,-5.798],[-35.489,-5.798],[-35.489,-5.797],[-35.49,-5.796],[-35.492,-5.796],[-35.493,-5.794],[-35.495,-5.795],[-35.495,-5.796],[-35.498,-5.798],[-35.5,-5.798],[-35.501,-5.794],[-35.502,-5.793],[-35.503,-5.793],[-35.504,-5.791],[-35.506,-5.791],[-35.507,-5.792],[-35.508,-5.792],[-35.511,-5.794],[-35.513,-5.794],[-35.514,-5.796],[-35.517,-5.797],[-35.52,-5.797],[-35.522,-5.795],[-35.524,-5.797],[-35.526,-5.796],[-35.53,-5.798],[-35.532,-5.796],[-35.536,-5.795],[-35.536,-5.8],[-35.537,-5.797],[-35.537,-5.795],[-35.54,-5.793],[-35.541,-5.79],[-35.543,-5.787],[-35.546,-5.787],[-35.547,-5.786],[-35.549,-5.785],[-35.55,-5.784],[-35.55,-5.782],[-35.554,-5.784],[-35.554,-5.785],[-35.555,-5.786],[-35.552,-5.793],[-35.55,-5.794],[-35.55,-5.799],[-35.551,-5.798],[-35.55,-5.797],[-35.55,-5.795],[-35.552,-5.793],[-35.556,-5.786],[-35.555,-5.784],[-35.557,-5.786],[-35.561,-5.784],[-35.562,-5.785],[-35.564,-5.789],[-35.568,-5.789],[-35.57,-5.788],[-35.571,-5.788],[-35.572,-5.79],[-35.573,-5.791],[-35.574,-5.795],[-35.573,-5.801],[-35.574,-5.803],[-35.575,-5.805],[-35.576,-5.807],[-35.577,-5.809],[-35.577,-5.808],[-35.575,-5.805],[-35.575,-5.803],[-35.573,-5.8],[-35.575,-5.795],[-35.574,-5.791],[-35.572,-5.79],[-35.571,-5.787],[-35.574,-5.786],[-35.575,-5.787],[-35.576,-5.787],[-35.577,-5.786],[-35.578,-5.785],[-35.579,-5.784],[-35.581,-5.785],[-35.58,-5.786],[-35.58,-5.788],[-35.581,-5.789],[-35.586,-5.789],[-35.588,-5.792],[-35.591,-5.791],[-35.592,-5.79],[-35.592,-5.789],[-35.595,-5.789],[-35.595,-5.79],[-35.598,-5.79],[-35.598,-5.791],[-35.597,-5.792],[-35.598,-5.793],[-35.604,-5.793],[-35.606,-5.795],[-35.607,-5.795],[-35.606,-5.797],[-35.605,-5.799],[-35.602,-5.801],[-35.597,-5.803],[-35.596,-5.803],[-35.597,-5.804],[-35.602,-5.802],[-35.6,-5.808],[-35.599,-5.809],[-35.6,-5.808],[-35.602,-5.803],[-35.605,-5.799],[-35.607,-5.796],[-35.608,-5.798],[-35.607,-5.8],[-35.609,-5.802],[-35.607,-5.803],[-35.603,-5.808],[-35.601,-5.809],[-35.594,-5.816],[-35.601,-5.81],[-35.604,-5.809],[-35.606,-5.805],[-35.606,-5.806],[-35.603,-5.811],[-35.603,-5.816],[-35.601,-5.819],[-35.602,-5.821],[-35.604,-5.822],[-35.604,-5.821],[-35.602,-5.82],[-35.601,-5.819],[-35.603,-5.816],[-35.604,-5.811],[-35.607,-5.806],[-35.607,-5.803],[-35.609,-5.802],[-35.609,-5.801],[-35.608,-5.799],[-35.609,-5.797],[-35.608,-5.795],[-35.608,-5.794],[-35.61,-5.794],[-35.609,-5.794],[-35.61,-5.796],[-35.612,-5.798],[-35.612,-5.801],[-35.614,-5.805],[-35.614,-5.807],[-35.615,-5.808],[-35.613,-5.811],[-35.613,-5.812],[-35.615,-5.808],[-35.614,-5.807],[-35.614,-5.805],[-35.613,-5.8],[-35.613,-5.797],[-35.61,-5.795],[-35.61,-5.794],[-35.613,-5.795],[-35.615,-5.793],[-35.618,-5.794],[-35.619,-5.793],[-35.619,-5.791],[-35.622,-5.791],[-35.623,-5.789],[-35.624,-5.793],[-35.626,-5.793],[-35.626,-5.796],[-35.629,-5.798],[-35.629,-5.803],[-35.631,-5.804],[-35.632,-5.805],[-35.632,-5.806],[-35.631,-5.806],[-35.631,-5.811],[-35.632,-5.812],[-35.636,-5.813],[-35.637,-5.818],[-35.638,-5.818],[-35.636,-5.813],[-35.633,-5.811],[-35.633,-5.81],[-35.632,-5.808],[-35.633,-5.806],[-35.632,-5.806],[-35.632,-5.804],[-35.63,-5.803],[-35.63,-5.802],[-35.632,-5.801],[-35.631,-5.8],[-35.63,-5.798],[-35.629,-5.797],[-35.632,-5.795],[-35.635,-5.795],[-35.635,-5.798],[-35.637,-5.803],[-35.637,-5.806],[-35.638,-5.806],[-35.639,-5.811],[-35.641,-5.815],[-35.642,-5.815],[-35.642,-5.814],[-35.64,-5.81],[-35.639,-5.806],[-35.638,-5.806],[-35.637,-5.803],[-35.636,-5.798],[-35.636,-5.795],[-35.632,-5.794],[-35.633,-5.791],[-35.634,-5.791],[-35.638,-5.792],[-35.639,-5.79],[-35.64,-5.79],[-35.641,-5.793],[-35.643,-5.792],[-35.644,-5.793],[-35.644,-5.794],[-35.645,-5.794],[-35.646,-5.792],[-35.648,-5.793],[-35.654,-5.793],[-35.657,-5.795],[-35.657,-5.797],[-35.656,-5.798],[-35.655,-5.8],[-35.655,-5.801],[-35.656,-5.802],[-35.653,-5.813],[-35.655,-5.818],[-35.656,-5.818],[-35.655,-5.816],[-35.654,-5.812],[-35.656,-5.802],[-35.658,-5.801],[-35.658,-5.8],[-35.659,-5.799],[-35.659,-5.798],[-35.658,-5.798],[-35.658,-5.796],[-35.664,-5.798],[-35.664,-5.799],[-35.665,-5.799],[-35.665,-5.8],[-35.664,-5.802],[-35.665,-5.803],[-35.666,-5.802],[-35.67,-5.805],[-35.67,-5.807],[-35.669,-5.809],[-35.671,-5.811],[-35.673,-5.812],[-35.673,-5.813],[-35.674,-5.814],[-35.674,-5.815],[-35.673,-5.816],[-35.673,-5.82],[-35.674,-5.819],[-35.673,-5.816],[-35.675,-5.815],[-35.675,-5.814],[-35.674,-5.813],[-35.673,-5.812],[-35.67,-5.809],[-35.67,-5.805],[-35.672,-5.805],[-35.673,-5.803],[-35.675,-5.802],[-35.677,-5.802],[-35.678,-5.803],[-35.679,-5.802],[-35.681,-5.806],[-35.683,-5.806],[-35.684,-5.805],[-35.686,-5.804],[-35.686,-5.806],[-35.691,-5.808],[-35.691,-5.809],[-35.693,-5.812],[-35.695,-5.813],[-35.696,-5.812],[-35.698,-5.813],[-35.699,-5.813],[-35.699,-5.816],[-35.701,-5.819],[-35.704,-5.82],[-35.708,-5.824],[-35.708,-5.829],[-35.71,-5.831],[-35.71,-5.833],[-35.711,-5.834],[-35.712,-5.836],[-35.71,-5.839],[-35.71,-5.84],[-35.713,-5.836],[-35.711,-5.834],[-35.71,-5.833],[-35.71,-5.831],[-35.709,-5.829],[-35.709,-5.825],[-35.708,-5.823],[-35.705,-5.819],[-35.701,-5.818],[-35.699,-5.815],[-35.699,-5.812],[-35.701,-5.812],[-35.702,-5.81],[-35.708,-5.813],[-35.712,-5.817],[-35.712,-5.819],[-35.715,-5.819],[-35.715,-5.818],[-35.718,-5.817],[-35.722,-5.822],[-35.723,-5.821],[-35.724,-5.819],[-35.725,-5.82],[-35.727,-5.82],[-35.729,-5.822],[-35.732,-5.821],[-35.732,-5.82],[-35.734,-5.821],[-35.735,-5.822],[-35.737,-5.822],[-35.738,-5.823],[-35.739,-5.824],[-35.739,-5.826],[-35.741,-5.828],[-35.746,-5.829],[-35.751,-5.829],[-35.751,-5.826],[-35.753,-5.825],[-35.757,-5.82],[-35.762,-5.818],[-35.765,-5.817],[-35.767,-5.816],[-35.769,-5.816],[-35.771,-5.817],[-35.771,-5.818],[-35.773,-5.819],[-35.775,-5.82],[-35.775,-5.819],[-35.773,-5.819],[-35.773,-5.817],[-35.771,-5.816],[-35.769,-5.816],[-35.767,-5.815],[-35.765,-5.817],[-35.763,-5.817],[-35.756,-5.82],[-35.753,-5.824],[-35.75,-5.826],[-35.75,-5.828],[-35.751,-5.829],[-35.748,-5.829],[-35.746,-5.828],[-35.741,-5.828],[-35.739,-5.826],[-35.739,-5.824],[-35.738,-5.823],[-35.738,-5.822],[-35.737,-5.822],[-35.737,-5.821],[-35.735,-5.821],[-35.732,-5.82],[-35.732,-5.819],[-35.734,-5.816],[-35.737,-5.816],[-35.739,-5.817],[-35.74,-5.817],[-35.745,-5.818],[-35.745,-5.817],[-35.743,-5.816],[-35.742,-5.815],[-35.741,-5.812],[-35.743,-5.812],[-35.743,-5.811],[-35.745,-5.811],[-35.745,-5.809],[-35.747,-5.809],[-35.748,-5.803],[-35.749,-5.804],[-35.75,-5.802],[-35.752,-5.801],[-35.758,-5.8],[-35.759,-5.803],[-35.761,-5.804],[-35.761,-5.805],[-35.763,-5.807],[-35.765,-5.805],[-35.767,-5.806],[-35.768,-5.806],[-35.771,-5.805],[-35.774,-5.807],[-35.776,-5.806],[-35.778,-5.804],[-35.78,-5.805],[-35.783,-5.805],[-35.784,-5.803],[-35.791,-5.803],[-35.793,-5.802],[-35.793,-5.8],[-35.792,-5.801],[-35.79,-5.803],[-35.788,-5.802],[-35.784,-5.803],[-35.783,-5.804],[-35.778,-5.804],[-35.774,-5.805],[-35.771,-5.804],[-35.769,-5.804],[-35.767,-5.805],[-35.764,-5.805],[-35.763,-5.806],[-35.761,-5.805],[-35.762,-5.803],[-35.76,-5.802],[-35.759,-5.8],[-35.752,-5.8],[-35.75,-5.802],[-35.749,-5.803],[-35.747,-5.802],[-35.747,-5.804],[-35.746,-5.809],[-35.745,-5.809],[-35.744,-5.811],[-35.74,-5.811],[-35.738,-5.816],[-35.737,-5.815],[-35.735,-5.816],[-35.733,-5.815],[-35.733,-5.817],[-35.731,-5.816],[-35.73,-5.817],[-35.728,-5.816],[-35.726,-5.815],[-35.727,-5.813],[-35.726,-5.812],[-35.723,-5.814],[-35.722,-5.815],[-35.72,-5.815],[-35.719,-5.817],[-35.717,-5.816],[-35.715,-5.816],[-35.713,-5.817],[-35.709,-5.812],[-35.706,-5.811],[-35.708,-5.809],[-35.71,-5.806],[-35.714,-5.805],[-35.715,-5.803],[-35.717,-5.801],[-35.72,-5.801],[-35.722,-5.8],[-35.724,-5.8],[-35.726,-5.797],[-35.732,-5.797],[-35.736,-5.8],[-35.74,-5.8],[-35.742,-5.798],[-35.742,-5.797],[-35.741,-5.797],[-35.74,-5.799],[-35.737,-5.8],[-35.736,-5.8],[-35.732,-5.797],[-35.729,-5.796],[-35.726,-5.797],[-35.724,-5.799],[-35.722,-5.8],[-35.72,-5.801],[-35.718,-5.8],[-35.72,-5.798],[-35.721,-5.798],[-35.724,-5.796],[-35.724,-5.794],[-35.73,-5.792],[-35.733,-5.791],[-35.733,-5.79],[-35.724,-5.794],[-35.723,-5.796],[-35.721,-5.797],[-35.719,-5.797],[-35.718,-5.8],[-35.714,-5.802],[-35.714,-5.803],[-35.709,-5.805],[-35.706,-5.808],[-35.706,-5.809],[-35.707,-5.81],[-35.705,-5.81],[-35.703,-5.809],[-35.702,-5.809],[-35.7,-5.811],[-35.699,-5.81],[-35.698,-5.811],[-35.698,-5.812],[-35.696,-5.811],[-35.695,-5.811],[-35.695,-5.812],[-35.694,-5.811],[-35.692,-5.807],[-35.693,-5.808],[-35.696,-5.808],[-35.697,-5.807],[-35.697,-5.8],[-35.698,-5.798],[-35.7,-5.797],[-35.705,-5.796],[-35.706,-5.794],[-35.706,-5.791],[-35.706,-5.793],[-35.704,-5.796],[-35.7,-5.797],[-35.698,-5.798],[-35.697,-5.8],[-35.696,-5.807],[-35.696,-5.808],[-35.693,-5.808],[-35.692,-5.806],[-35.69,-5.806],[-35.689,-5.805],[-35.687,-5.805],[-35.687,-5.803],[-35.685,-5.804],[-35.683,-5.803],[-35.683,-5.804],[-35.682,-5.805],[-35.68,-5.801],[-35.679,-5.801],[-35.678,-5.802],[-35.675,-5.8],[-35.673,-5.802],[-35.672,-5.802],[-35.672,-5.803],[-35.669,-5.804],[-35.666,-5.801],[-35.665,-5.802],[-35.665,-5.8],[-35.666,-5.799],[-35.665,-5.798],[-35.664,-5.798],[-35.664,-5.797],[-35.663,-5.795],[-35.669,-5.795],[-35.669,-5.79],[-35.668,-5.788],[-35.671,-5.788],[-35.672,-5.789],[-35.673,-5.79],[-35.674,-5.788],[-35.674,-5.786],[-35.676,-5.786],[-35.676,-5.784],[-35.677,-5.783],[-35.68,-5.784],[-35.682,-5.783],[-35.683,-5.782],[-35.682,-5.78],[-35.685,-5.779],[-35.689,-5.777],[-35.69,-5.778],[-35.691,-5.778],[-35.692,-5.776],[-35.693,-5.776],[-35.693,-5.775],[-35.697,-5.774],[-35.697,-5.772],[-35.696,-5.772],[-35.696,-5.769],[-35.698,-5.769],[-35.7,-5.766],[-35.702,-5.768],[-35.703,-5.768],[-35.705,-5.77],[-35.706,-5.769],[-35.708,-5.768],[-35.708,-5.772],[-35.709,-5.772],[-35.711,-5.771],[-35.712,-5.771],[-35.713,-5.77],[-35.712,-5.767],[-35.713,-5.765],[-35.712,-5.764],[-35.714,-5.764],[-35.714,-5.762],[-35.715,-5.761],[-35.715,-5.76],[-35.717,-5.76],[-35.718,-5.759],[-35.717,-5.756],[-35.719,-5.755],[-35.719,-5.753],[-35.718,-5.752],[-35.717,-5.752],[-35.717,-5.75],[-35.719,-5.75],[-35.719,-5.748],[-35.722,-5.75],[-35.724,-5.749],[-35.726,-5.747],[-35.727,-5.748],[-35.728,-5.748],[-35.728,-5.75],[-35.729,-5.751],[-35.729,-5.752],[-35.732,-5.752],[-35.732,-5.753],[-35.734,-5.753],[-35.735,-5.755],[-35.738,-5.756],[-35.736,-5.759],[-35.738,-5.762],[-35.739,-5.762],[-35.739,-5.766],[-35.737,-5.769],[-35.737,-5.777],[-35.739,-5.783],[-35.742,-5.787],[-35.744,-5.787],[-35.742,-5.786],[-35.739,-5.783],[-35.737,-5.777],[-35.738,-5.774],[-35.737,-5.769],[-35.74,-5.767],[-35.74,-5.762],[-35.738,-5.762],[-35.737,-5.759],[-35.738,-5.756],[-35.74,-5.756],[-35.741,-5.758],[-35.741,-5.759],[-35.742,-5.759],[-35.741,-5.761],[-35.743,-5.762],[-35.745,-5.763],[-35.746,-5.762],[-35.747,-5.761],[-35.748,-5.761],[-35.749,-5.762],[-35.75,-5.762],[-35.749,-5.764],[-35.75,-5.766],[-35.753,-5.767],[-35.755,-5.769],[-35.756,-5.769],[-35.757,-5.77],[-35.758,-5.77],[-35.759,-5.771],[-35.76,-5.771],[-35.762,-5.775],[-35.762,-5.78],[-35.763,-5.781],[-35.764,-5.782],[-35.761,-5.786],[-35.761,-5.788],[-35.763,-5.789],[-35.764,-5.787],[-35.767,-5.787],[-35.772,-5.793],[-35.773,-5.795],[-35.772,-5.793],[-35.767,-5.785],[-35.764,-5.783],[-35.764,-5.781],[-35.762,-5.779],[-35.763,-5.775],[-35.761,-5.771],[-35.759,-5.77],[-35.759,-5.769],[-35.76,-5.765],[-35.759,-5.764],[-35.761,-5.764],[-35.762,-5.765],[-35.766,-5.765],[-35.768,-5.762],[-35.769,-5.763],[-35.77,-5.763],[-35.769,-5.764],[-35.771,-5.764],[-35.772,-5.763],[-35.779,-5.763],[-35.78,-5.764],[-35.782,-5.765],[-35.781,-5.769],[-35.784,-5.77],[-35.784,-5.772],[-35.785,-5.773],[-35.784,-5.776],[-35.784,-5.782],[-35.788,-5.784],[-35.79,-5.788],[-35.789,-5.79],[-35.789,-5.793],[-35.788,-5.794],[-35.788,-5.795],[-35.79,-5.793],[-35.79,-5.79],[-35.791,-5.788],[-35.789,-5.783],[-35.784,-5.781],[-35.784,-5.777],[-35.785,-5.777],[-35.787,-5.776],[-35.788,-5.775],[-35.788,-5.771],[-35.79,-5.771],[-35.791,-5.77],[-35.793,-5.77],[-35.798,-5.773],[-35.798,-5.774],[-35.801,-5.775],[-35.802,-5.777],[-35.801,-5.778],[-35.802,-5.78],[-35.804,-5.781],[-35.805,-5.785],[-35.805,-5.786],[-35.804,-5.786],[-35.804,-5.788],[-35.805,-5.79],[-35.808,-5.79],[-35.808,-5.791],[-35.811,-5.793],[-35.812,-5.794],[-35.808,-5.791],[-35.808,-5.79],[-35.805,-5.788],[-35.805,-5.786],[-35.806,-5.784],[-35.804,-5.781],[-35.803,-5.78],[-35.805,-5.779],[-35.803,-5.777],[-35.802,-5.777],[-35.801,-5.775],[-35.799,-5.774],[-35.799,-5.773],[-35.795,-5.771],[-35.794,-5.77],[-35.791,-5.769],[-35.79,-5.768],[-35.785,-5.768],[-35.784,-5.769],[-35.782,-5.769],[-35.782,-5.765],[-35.78,-5.764],[-35.78,-5.763],[-35.779,-5.762],[-35.776,-5.763],[-35.772,-5.762],[-35.77,-5.763],[-35.769,-5.762],[-35.769,-5.761],[-35.768,-5.762],[-35.768,-5.76],[-35.769,-5.76],[-35.77,-5.758],[-35.772,-5.758],[-35.774,-5.757],[-35.78,-5.757],[-35.781,-5.758],[-35.782,-5.758],[-35.782,-5.759],[-35.785,-5.759],[-35.786,-5.76],[-35.787,-5.76],[-35.789,-5.761],[-35.791,-5.763],[-35.794,-5.764],[-35.795,-5.763],[-35.797,-5.763],[-35.799,-5.764],[-35.802,-5.762],[-35.802,-5.763],[-35.803,-5.763],[-35.803,-5.762],[-35.805,-5.763],[-35.807,-5.763],[-35.808,-5.764],[-35.81,-5.765],[-35.811,-5.765],[-35.811,-5.764],[-35.812,-5.764],[-35.813,-5.763],[-35.814,-5.764],[-35.814,-5.766],[-35.817,-5.769],[-35.82,-5.769],[-35.821,-5.77],[-35.821,-5.769],[-35.823,-5.77],[-35.825,-5.769],[-35.826,-5.774],[-35.828,-5.776],[-35.829,-5.778],[-35.83,-5.779],[-35.831,-5.78],[-35.835,-5.783],[-35.837,-5.783],[-35.836,-5.78],[-35.831,-5.774],[-35.833,-5.774],[-35.837,-5.777],[-35.84,-5.776],[-35.841,-5.775],[-35.842,-5.775],[-35.843,-5.776],[-35.843,-5.778],[-35.845,-5.779],[-35.846,-5.779],[-35.851,-5.781],[-35.85,-5.782],[-35.85,-5.783],[-35.852,-5.783],[-35.853,-5.784],[-35.854,-5.784],[-35.854,-5.785],[-35.855,-5.787],[-35.857,-5.787],[-35.862,-5.796],[-35.862,-5.799],[-35.861,-5.799],[-35.861,-5.8],[-35.864,-5.803],[-35.865,-5.803],[-35.865,-5.802],[-35.866,-5.802],[-35.867,-5.801],[-35.869,-5.801],[-35.871,-5.802],[-35.873,-5.801],[-35.876,-5.802],[-35.88,-5.801],[-35.882,-5.803],[-35.889,-5.806],[-35.891,-5.808],[-35.891,-5.807],[-35.889,-5.805],[-35.882,-5.803],[-35.88,-5.801],[-35.879,-5.801],[-35.876,-5.802],[-35.873,-5.801],[-35.871,-5.802],[-35.869,-5.801],[-35.866,-5.8],[-35.865,-5.799],[-35.863,-5.799],[-35.863,-5.796],[-35.861,-5.793],[-35.86,-5.791],[-35.858,-5.789],[-35.857,-5.787],[-35.856,-5.786],[-35.854,-5.785],[-35.855,-5.784],[-35.854,-5.783],[-35.855,-5.782],[-35.853,-5.78],[-35.852,-5.78],[-35.851,-5.781],[-35.848,-5.779],[-35.847,-5.78],[-35.846,-5.779],[-35.845,-5.779],[-35.843,-5.778],[-35.843,-5.776],[-35.841,-5.774],[-35.84,-5.773],[-35.837,-5.772],[-35.836,-5.771],[-35.837,-5.771],[-35.84,-5.768],[-35.84,-5.765],[-35.839,-5.764],[-35.84,-5.764],[-35.842,-5.765],[-35.843,-5.764],[-35.846,-5.767],[-35.845,-5.769],[-35.847,-5.77],[-35.851,-5.77],[-35.854,-5.771],[-35.856,-5.772],[-35.859,-5.771],[-35.861,-5.773],[-35.861,-5.774],[-35.862,-5.774],[-35.864,-5.772],[-35.868,-5.776],[-35.872,-5.777],[-35.875,-5.777],[-35.876,-5.779],[-35.877,-5.779],[-35.878,-5.78],[-35.881,-5.781],[-35.883,-5.78],[-35.884,-5.777],[-35.887,-5.777],[-35.887,-5.779],[-35.895,-5.783],[-35.895,-5.789],[-35.897,-5.79],[-35.898,-5.79],[-35.9,-5.792],[-35.9,-5.793],[-35.903,-5.797],[-35.907,-5.799],[-35.911,-5.8],[-35.912,-5.803],[-35.912,-5.808],[-35.913,-5.808],[-35.914,-5.81],[-35.914,-5.811],[-35.915,-5.813],[-35.918,-5.816],[-35.919,-5.821],[-35.92,-5.822],[-35.922,-5.824],[-35.924,-5.828],[-35.925,-5.831],[-35.926,-5.833],[-35.926,-5.834],[-35.927,-5.833],[-35.927,-5.832],[-35.925,-5.831],[-35.923,-5.825],[-35.921,-5.821],[-35.92,-5.821],[-35.919,-5.816],[-35.915,-5.813],[-35.915,-5.81],[-35.914,-5.808],[-35.913,-5.807],[-35.912,-5.803],[-35.911,-5.8],[-35.907,-5.798],[-35.904,-5.796],[-35.9,-5.792],[-35.898,-5.789],[-35.897,-5.789],[-35.895,-5.788],[-35.896,-5.785],[-35.895,-5.783],[-35.888,-5.778],[-35.888,-5.777],[-35.887,-5.776],[-35.884,-5.776],[-35.883,-5.779],[-35.881,-5.781],[-35.878,-5.78],[-35.877,-5.778],[-35.878,-5.777],[-35.877,-5.777],[-35.877,-5.776],[-35.875,-5.774],[-35.873,-5.774],[-35.873,-5.777],[-35.87,-5.776],[-35.869,-5.775],[-35.868,-5.775],[-35.867,-5.774],[-35.868,-5.773],[-35.868,-5.772],[-35.866,-5.77],[-35.864,-5.77],[-35.863,-5.771],[-35.864,-5.772],[-35.862,-5.774],[-35.862,-5.773],[-35.859,-5.771],[-35.856,-5.772],[-35.854,-5.77],[-35.847,-5.77],[-35.846,-5.769],[-35.846,-5.766],[-35.843,-5.763],[-35.845,-5.762],[-35.845,-5.76],[-35.847,-5.758],[-35.848,-5.756],[-35.85,-5.756],[-35.851,-5.754],[-35.858,-5.754],[-35.859,-5.755],[-35.86,-5.755],[-35.862,-5.756],[-35.864,-5.756],[-35.867,-5.755],[-35.87,-5.754],[-35.87,-5.753],[-35.867,-5.755],[-35.864,-5.756],[-35.862,-5.755],[-35.857,-5.753],[-35.854,-5.753],[-35.851,-5.754],[-35.85,-5.755],[-35.849,-5.755],[-35.848,-5.756],[-35.847,-5.757],[-35.844,-5.76],[-35.844,-5.762],[-35.842,-5.763],[-35.842,-5.764],[-35.84,-5.763],[-35.837,-5.764],[-35.835,-5.766],[-35.833,-5.765],[-35.832,-5.765],[-35.83,-5.764],[-35.829,-5.765],[-35.829,-5.766],[-35.828,-5.765],[-35.826,-5.766],[-35.825,-5.769],[-35.823,-5.769],[-35.822,-5.768],[-35.817,-5.768],[-35.817,-5.767],[-35.816,-5.767],[-35.815,-5.766],[-35.815,-5.765],[-35.814,-5.763],[-35.813,-5.762],[-35.811,-5.763],[-35.811,-5.764],[-35.808,-5.764],[-35.808,-5.763],[-35.805,-5.763],[-35.804,-5.761],[-35.803,-5.762],[-35.802,-5.761],[-35.8,-5.761],[-35.798,-5.763],[-35.796,-5.763],[-35.795,-5.762],[-35.794,-5.763],[-35.791,-5.763],[-35.791,-5.762],[-35.789,-5.76],[-35.785,-5.759],[-35.785,-5.758],[-35.783,-5.758],[-35.782,-5.757],[-35.781,-5.757],[-35.78,-5.756],[-35.776,-5.757],[-35.775,-5.756],[-35.776,-5.755],[-35.778,-5.755],[-35.778,-5.754],[-35.781,-5.753],[-35.782,-5.754],[-35.783,-5.753],[-35.785,-5.754],[-35.786,-5.756],[-35.788,-5.757],[-35.791,-5.756],[-35.793,-5.755],[-35.796,-5.756],[-35.799,-5.754],[-35.8,-5.752],[-35.804,-5.753],[-35.806,-5.755],[-35.808,-5.755],[-35.811,-5.756],[-35.814,-5.756],[-35.818,-5.755],[-35.821,-5.756],[-35.822,-5.755],[-35.824,-5.755],[-35.826,-5.754],[-35.827,-5.754],[-35.829,-5.752],[-35.83,-5.753],[-35.832,-5.752],[-35.833,-5.752],[-35.833,-5.75],[-35.836,-5.75],[-35.836,-5.748],[-35.835,-5.746],[-35.836,-5.746],[-35.835,-5.741],[-35.836,-5.739],[-35.838,-5.737],[-35.842,-5.735],[-35.847,-5.736],[-35.849,-5.736],[-35.849,-5.735],[-35.846,-5.736],[-35.842,-5.734],[-35.838,-5.737],[-35.836,-5.739],[-35.835,-5.741],[-35.835,-5.746],[-35.834,-5.746],[-35.836,-5.748],[-35.836,-5.749],[-35.833,-5.749],[-35.832,-5.752],[-35.832,-5.751],[-35.83,-5.752],[-35.828,-5.752],[-35.827,-5.753],[-35.825,-5.753],[-35.824,-5.754],[-35.822,-5.754],[-35.821,-5.755],[-35.818,-5.755],[-35.814,-5.756],[-35.814,-5.755],[-35.811,-5.755],[-35.808,-5.754],[-35.806,-5.754],[-35.803,-5.752],[-35.799,-5.751],[-35.795,-5.752],[-35.794,-5.752],[-35.794,-5.75],[-35.793,-5.749],[-35.791,-5.751],[-35.79,-5.75],[-35.788,-5.752],[-35.786,-5.752],[-35.785,-5.753],[-35.781,-5.753],[-35.778,-5.754],[-35.776,-5.754],[-35.774,-5.756],[-35.771,-5.758],[-35.769,-5.758],[-35.768,-5.76],[-35.767,-5.76],[-35.767,-5.762],[-35.766,-5.762],[-35.765,-5.764],[-35.763,-5.764],[-35.761,-5.762],[-35.757,-5.763],[-35.756,-5.765],[-35.753,-5.764],[-35.752,-5.761],[-35.751,-5.761],[-35.75,-5.762],[-35.749,-5.76],[-35.747,-5.76],[-35.745,-5.762],[-35.743,-5.762],[-35.742,-5.76],[-35.743,-5.76],[-35.742,-5.759],[-35.741,-5.759],[-35.74,-5.756],[-35.737,-5.755],[-35.734,-5.752],[-35.732,-5.751],[-35.73,-5.752],[-35.73,-5.751],[-35.729,-5.749],[-35.73,-5.748],[-35.73,-5.747],[-35.731,-5.748],[-35.732,-5.747],[-35.734,-5.747],[-35.733,-5.749],[-35.734,-5.751],[-35.735,-5.751],[-35.737,-5.749],[-35.737,-5.748],[-35.736,-5.747],[-35.736,-5.746],[-35.74,-5.749],[-35.742,-5.75],[-35.745,-5.749],[-35.75,-5.743],[-35.751,-5.743],[-35.753,-5.742],[-35.754,-5.739],[-35.754,-5.738],[-35.755,-5.737],[-35.755,-5.735],[-35.758,-5.732],[-35.762,-5.73],[-35.765,-5.725],[-35.766,-5.721],[-35.765,-5.721],[-35.765,-5.724],[-35.762,-5.73],[-35.757,-5.731],[-35.755,-5.735],[-35.754,-5.737],[-35.753,-5.737],[-35.753,-5.739],[-35.752,-5.741],[-35.752,-5.742],[-35.751,-5.742],[-35.75,-5.743],[-35.744,-5.748],[-35.742,-5.749],[-35.74,-5.749],[-35.738,-5.746],[-35.736,-5.745],[-35.735,-5.746],[-35.735,-5.747],[-35.734,-5.746],[-35.732,-5.746],[-35.731,-5.747],[-35.73,-5.746],[-35.732,-5.745],[-35.733,-5.744],[-35.734,-5.741],[-35.734,-5.739],[-35.737,-5.735],[-35.739,-5.734],[-35.741,-5.732],[-35.743,-5.724],[-35.747,-5.721],[-35.748,-5.718],[-35.747,-5.718],[-35.746,-5.721],[-35.743,-5.724],[-35.741,-5.732],[-35.739,-5.734],[-35.737,-5.734],[-35.734,-5.737],[-35.734,-5.734],[-35.735,-5.733],[-35.735,-5.731],[-35.734,-5.728],[-35.732,-5.727],[-35.733,-5.726],[-35.733,-5.724],[-35.731,-5.723],[-35.73,-5.721],[-35.731,-5.719],[-35.73,-5.714],[-35.73,-5.712],[-35.732,-5.711],[-35.731,-5.711],[-35.73,-5.712],[-35.728,-5.71],[-35.728,-5.712],[-35.73,-5.712],[-35.729,-5.716],[-35.73,-5.719],[-35.729,-5.722],[-35.73,-5.723],[-35.731,-5.725],[-35.732,-5.726],[-35.731,-5.727],[-35.732,-5.728],[-35.733,-5.728],[-35.733,-5.729],[-35.735,-5.733],[-35.733,-5.734],[-35.733,-5.738],[-35.734,-5.738],[-35.733,-5.739],[-35.733,-5.74],[-35.734,-5.74],[-35.734,-5.741],[-35.732,-5.743],[-35.732,-5.745],[-35.731,-5.745],[-35.73,-5.746],[-35.729,-5.748],[-35.726,-5.746],[-35.725,-5.747],[-35.724,-5.747],[-35.723,-5.748],[-35.722,-5.749],[-35.719,-5.747],[-35.718,-5.747],[-35.718,-5.748],[-35.717,-5.748],[-35.716,-5.749],[-35.716,-5.753],[-35.718,-5.753],[-35.718,-5.754],[-35.716,-5.756],[-35.717,-5.759],[-35.715,-5.759],[-35.713,-5.76],[-35.711,-5.758],[-35.712,-5.755],[-35.71,-5.751],[-35.712,-5.747],[-35.711,-5.746],[-35.71,-5.745],[-35.711,-5.743],[-35.71,-5.74],[-35.71,-5.737],[-35.709,-5.732],[-35.709,-5.73],[-35.708,-5.73],[-35.71,-5.727],[-35.711,-5.727],[-35.711,-5.726],[-35.71,-5.724],[-35.708,-5.721],[-35.71,-5.718],[-35.713,-5.716],[-35.717,-5.71],[-35.719,-5.709],[-35.721,-5.706],[-35.721,-5.703],[-35.718,-5.696],[-35.717,-5.696],[-35.72,-5.703],[-35.72,-5.706],[-35.718,-5.709],[-35.717,-5.71],[-35.712,-5.716],[-35.711,-5.716],[-35.709,-5.718],[-35.708,-5.721],[-35.71,-5.724],[-35.71,-5.726],[-35.708,-5.729],[-35.707,-5.73],[-35.706,-5.73],[-35.704,-5.728],[-35.704,-5.723],[-35.702,-5.721],[-35.702,-5.719],[-35.703,-5.714],[-35.707,-5.708],[-35.707,-5.704],[-35.706,-5.705],[-35.706,-5.708],[-35.703,-5.713],[-35.703,-5.706],[-35.702,-5.705],[-35.702,-5.713],[-35.701,-5.713],[-35.699,-5.709],[-35.698,-5.71],[-35.701,-5.713],[-35.702,-5.714],[-35.702,-5.72],[-35.704,-5.723],[-35.704,-5.728],[-35.706,-5.73],[-35.708,-5.731],[-35.709,-5.732],[-35.71,-5.742],[-35.707,-5.744],[-35.707,-5.746],[-35.709,-5.748],[-35.71,-5.748],[-35.709,-5.751],[-35.711,-5.755],[-35.711,-5.756],[-35.71,-5.758],[-35.711,-5.758],[-35.713,-5.761],[-35.712,-5.761],[-35.713,-5.763],[-35.711,-5.763],[-35.711,-5.765],[-35.71,-5.767],[-35.711,-5.769],[-35.712,-5.77],[-35.71,-5.77],[-35.709,-5.771],[-35.709,-5.768],[-35.708,-5.767],[-35.707,-5.766],[-35.706,-5.768],[-35.703,-5.767],[-35.702,-5.766],[-35.7,-5.765],[-35.697,-5.768],[-35.694,-5.768],[-35.695,-5.77],[-35.694,-5.771],[-35.694,-5.772],[-35.695,-5.773],[-35.692,-5.774],[-35.692,-5.775],[-35.691,-5.775],[-35.69,-5.777],[-35.69,-5.775],[-35.689,-5.775],[-35.687,-5.777],[-35.684,-5.778],[-35.682,-5.779],[-35.681,-5.78],[-35.68,-5.781],[-35.681,-5.782],[-35.68,-5.783],[-35.677,-5.782],[-35.676,-5.783],[-35.675,-5.783],[-35.675,-5.782],[-35.677,-5.781],[-35.677,-5.78],[-35.676,-5.779],[-35.676,-5.777],[-35.675,-5.775],[-35.675,-5.773],[-35.677,-5.772],[-35.678,-5.771],[-35.676,-5.765],[-35.675,-5.764],[-35.676,-5.763],[-35.675,-5.761],[-35.678,-5.758],[-35.68,-5.757],[-35.681,-5.755],[-35.681,-5.754],[-35.682,-5.751],[-35.683,-5.745],[-35.687,-5.743],[-35.687,-5.738],[-35.695,-5.732],[-35.694,-5.732],[-35.687,-5.738],[-35.685,-5.734],[-35.683,-5.732],[-35.679,-5.731],[-35.675,-5.729],[-35.675,-5.73],[-35.678,-5.731],[-35.68,-5.732],[-35.683,-5.733],[-35.685,-5.734],[-35.687,-5.738],[-35.686,-5.743],[-35.683,-5.744],[-35.682,-5.751],[-35.681,-5.752],[-35.681,-5.753],[-35.68,-5.753],[-35.68,-5.755],[-35.679,-5.757],[-35.678,-5.757],[-35.675,-5.76],[-35.675,-5.763],[-35.674,-5.764],[-35.675,-5.765],[-35.676,-5.765],[-35.676,-5.767],[-35.677,-5.768],[-35.676,-5.769],[-35.678,-5.771],[-35.676,-5.772],[-35.675,-5.772],[-35.673,-5.774],[-35.673,-5.776],[-35.674,-5.777],[-35.673,-5.779],[-35.674,-5.78],[-35.676,-5.78],[-35.676,-5.781],[-35.675,-5.781],[-35.674,-5.782],[-35.675,-5.784],[-35.675,-5.785],[-35.673,-5.785],[-35.672,-5.786],[-35.673,-5.789],[-35.671,-5.787],[-35.667,-5.787],[-35.667,-5.789],[-35.668,-5.79],[-35.667,-5.791],[-35.668,-5.794],[-35.667,-5.793],[-35.666,-5.794],[-35.662,-5.794],[-35.662,-5.796],[-35.66,-5.795],[-35.661,-5.791],[-35.662,-5.789],[-35.663,-5.784],[-35.662,-5.783],[-35.664,-5.779],[-35.663,-5.776],[-35.662,-5.774],[-35.661,-5.774],[-35.662,-5.776],[-35.663,-5.779],[-35.662,-5.783],[-35.662,-5.789],[-35.66,-5.791],[-35.659,-5.795],[-35.658,-5.795],[-35.656,-5.793],[-35.654,-5.792],[-35.652,-5.792],[-35.653,-5.791],[-35.654,-5.79],[-35.655,-5.786],[-35.655,-5.781],[-35.656,-5.78],[-35.656,-5.778],[-35.655,-5.776],[-35.656,-5.774],[-35.655,-5.771],[-35.654,-5.772],[-35.655,-5.774],[-35.654,-5.776],[-35.655,-5.779],[-35.654,-5.781],[-35.652,-5.777],[-35.653,-5.775],[-35.652,-5.775],[-35.652,-5.778],[-35.655,-5.783],[-35.654,-5.787],[-35.652,-5.791],[-35.65,-5.792],[-35.649,-5.792],[-35.647,-5.791],[-35.646,-5.791],[-35.645,-5.792],[-35.643,-5.791],[-35.642,-5.791],[-35.641,-5.789],[-35.639,-5.788],[-35.639,-5.789],[-35.637,-5.791],[-35.635,-5.789],[-35.633,-5.79],[-35.631,-5.791],[-35.631,-5.795],[-35.629,-5.796],[-35.627,-5.795],[-35.627,-5.792],[-35.624,-5.792],[-35.625,-5.791],[-35.624,-5.789],[-35.623,-5.788],[-35.622,-5.788],[-35.622,-5.785],[-35.623,-5.784],[-35.623,-5.782],[-35.625,-5.783],[-35.629,-5.782],[-35.629,-5.781],[-35.625,-5.781],[-35.627,-5.78],[-35.628,-5.778],[-35.63,-5.777],[-35.63,-5.773],[-35.632,-5.772],[-35.634,-5.772],[-35.634,-5.771],[-35.635,-5.771],[-35.636,-5.769],[-35.638,-5.769],[-35.64,-5.767],[-35.641,-5.765],[-35.643,-5.764],[-35.643,-5.761],[-35.644,-5.758],[-35.646,-5.756],[-35.646,-5.752],[-35.65,-5.752],[-35.654,-5.75],[-35.654,-5.748],[-35.659,-5.743],[-35.664,-5.741],[-35.666,-5.739],[-35.666,-5.737],[-35.668,-5.737],[-35.667,-5.736],[-35.664,-5.741],[-35.659,-5.743],[-35.653,-5.748],[-35.654,-5.75],[-35.65,-5.752],[-35.647,-5.751],[-35.646,-5.751],[-35.645,-5.752],[-35.645,-5.756],[-35.643,-5.758],[-35.643,-5.761],[-35.642,-5.762],[-35.643,-5.764],[-35.64,-5.765],[-35.64,-5.767],[-35.638,-5.769],[-35.636,-5.769],[-35.635,-5.77],[-35.632,-5.77],[-35.628,-5.772],[-35.628,-5.775],[-35.626,-5.777],[-35.626,-5.778],[-35.627,-5.778],[-35.626,-5.78],[-35.625,-5.78],[-35.624,-5.781],[-35.626,-5.782],[-35.628,-5.782],[-35.625,-5.783],[-35.623,-5.782],[-35.623,-5.784],[-35.621,-5.785],[-35.622,-5.789],[-35.621,-5.79],[-35.618,-5.79],[-35.618,-5.793],[-35.615,-5.791],[-35.612,-5.794],[-35.61,-5.792],[-35.606,-5.794],[-35.604,-5.792],[-35.599,-5.792],[-35.599,-5.79],[-35.598,-5.789],[-35.6,-5.788],[-35.601,-5.789],[-35.601,-5.788],[-35.602,-5.787],[-35.602,-5.786],[-35.604,-5.785],[-35.604,-5.784],[-35.603,-5.782],[-35.604,-5.783],[-35.605,-5.782],[-35.605,-5.78],[-35.607,-5.781],[-35.607,-5.779],[-35.608,-5.78],[-35.609,-5.78],[-35.61,-5.778],[-35.611,-5.778],[-35.611,-5.776],[-35.61,-5.775],[-35.611,-5.776],[-35.611,-5.777],[-35.614,-5.777],[-35.614,-5.778],[-35.616,-5.779],[-35.617,-5.778],[-35.62,-5.775],[-35.621,-5.774],[-35.622,-5.771],[-35.623,-5.77],[-35.622,-5.769],[-35.622,-5.766],[-35.624,-5.766],[-35.624,-5.762],[-35.626,-5.76],[-35.625,-5.759],[-35.625,-5.758],[-35.63,-5.758],[-35.631,-5.755],[-35.632,-5.753],[-35.633,-5.752],[-35.631,-5.749],[-35.63,-5.748],[-35.632,-5.747],[-35.631,-5.746],[-35.633,-5.744],[-35.632,-5.741],[-35.632,-5.74],[-35.635,-5.74],[-35.635,-5.739],[-35.636,-5.738],[-35.638,-5.736],[-35.638,-5.731],[-35.639,-5.731],[-35.639,-5.73],[-35.641,-5.729],[-35.641,-5.727],[-35.643,-5.726],[-35.642,-5.725],[-35.644,-5.724],[-35.645,-5.72],[-35.65,-5.72],[-35.651,-5.719],[-35.653,-5.718],[-35.656,-5.718],[-35.659,-5.716],[-35.66,-5.716],[-35.662,-5.718],[-35.665,-5.718],[-35.665,-5.719],[-35.666,-5.72],[-35.668,-5.724],[-35.669,-5.725],[-35.67,-5.725],[-35.668,-5.722],[-35.667,-5.72],[-35.667,-5.717],[-35.666,-5.717],[-35.665,-5.718],[-35.662,-5.717],[-35.66,-5.716],[-35.657,-5.715],[-35.656,-5.714],[-35.654,-5.716],[-35.655,-5.717],[-35.651,-5.718],[-35.65,-5.72],[-35.646,-5.719],[-35.644,-5.72],[-35.643,-5.723],[-35.642,-5.725],[-35.642,-5.726],[-35.641,-5.727],[-35.64,-5.728],[-35.639,-5.729],[-35.639,-5.73],[-35.638,-5.731],[-35.637,-5.729],[-35.634,-5.726],[-35.631,-5.719],[-35.633,-5.726],[-35.636,-5.729],[-35.638,-5.733],[-35.637,-5.735],[-35.634,-5.739],[-35.632,-5.74],[-35.631,-5.74],[-35.63,-5.739],[-35.624,-5.738],[-35.617,-5.735],[-35.61,-5.734],[-35.61,-5.735],[-35.617,-5.736],[-35.626,-5.739],[-35.63,-5.74],[-35.631,-5.74],[-35.632,-5.743],[-35.631,-5.745],[-35.631,-5.747],[-35.63,-5.747],[-35.629,-5.748],[-35.63,-5.749],[-35.632,-5.752],[-35.631,-5.753],[-35.631,-5.755],[-35.63,-5.756],[-35.629,-5.757],[-35.627,-5.758],[-35.626,-5.757],[-35.625,-5.758],[-35.624,-5.759],[-35.625,-5.76],[-35.624,-5.761],[-35.623,-5.762],[-35.624,-5.766],[-35.622,-5.766],[-35.621,-5.768],[-35.62,-5.769],[-35.619,-5.77],[-35.619,-5.772],[-35.617,-5.773],[-35.616,-5.774],[-35.616,-5.773],[-35.615,-5.772],[-35.613,-5.772],[-35.613,-5.776],[-35.612,-5.777],[-35.611,-5.775],[-35.61,-5.775],[-35.61,-5.77],[-35.612,-5.766],[-35.612,-5.764],[-35.611,-5.761],[-35.608,-5.76],[-35.607,-5.759],[-35.607,-5.758],[-35.608,-5.755],[-35.61,-5.754],[-35.611,-5.753],[-35.61,-5.752],[-35.608,-5.752],[-35.608,-5.753],[-35.606,-5.752],[-35.6,-5.748],[-35.598,-5.745],[-35.597,-5.745],[-35.6,-5.749],[-35.607,-5.753],[-35.607,-5.755],[-35.608,-5.755],[-35.606,-5.758],[-35.606,-5.76],[-35.608,-5.761],[-35.61,-5.762],[-35.611,-5.764],[-35.611,-5.765],[-35.609,-5.77],[-35.609,-5.775],[-35.61,-5.777],[-35.609,-5.777],[-35.608,-5.779],[-35.607,-5.778],[-35.607,-5.78],[-35.605,-5.779],[-35.604,-5.779],[-35.604,-5.782],[-35.602,-5.782],[-35.604,-5.784],[-35.601,-5.786],[-35.602,-5.787],[-35.601,-5.788],[-35.601,-5.787],[-35.598,-5.788],[-35.596,-5.787],[-35.596,-5.788],[-35.592,-5.787],[-35.591,-5.789],[-35.591,-5.79],[-35.588,-5.79],[-35.588,-5.789],[-35.587,-5.788],[-35.582,-5.788],[-35.582,-5.786],[-35.584,-5.786],[-35.584,-5.784],[-35.587,-5.782],[-35.59,-5.779],[-35.592,-5.775],[-35.592,-5.774],[-35.597,-5.77],[-35.596,-5.77],[-35.593,-5.773],[-35.591,-5.773],[-35.591,-5.775],[-35.59,-5.779],[-35.587,-5.782],[-35.584,-5.784],[-35.583,-5.785],[-35.582,-5.786],[-35.581,-5.784],[-35.582,-5.782],[-35.583,-5.782],[-35.583,-5.78],[-35.585,-5.779],[-35.585,-5.778],[-35.586,-5.776],[-35.588,-5.773],[-35.589,-5.771],[-35.589,-5.77],[-35.588,-5.77],[-35.588,-5.773],[-35.586,-5.776],[-35.584,-5.778],[-35.583,-5.776],[-35.584,-5.776],[-35.584,-5.775],[-35.583,-5.773],[-35.584,-5.772],[-35.584,-5.771],[-35.586,-5.767],[-35.586,-5.765],[-35.584,-5.763],[-35.581,-5.752],[-35.581,-5.75],[-35.579,-5.75],[-35.58,-5.747],[-35.577,-5.745],[-35.577,-5.743],[-35.573,-5.742],[-35.572,-5.743],[-35.572,-5.745],[-35.576,-5.746],[-35.577,-5.745],[-35.579,-5.747],[-35.579,-5.75],[-35.58,-5.75],[-35.58,-5.753],[-35.584,-5.764],[-35.585,-5.765],[-35.585,-5.766],[-35.584,-5.77],[-35.584,-5.772],[-35.583,-5.773],[-35.584,-5.775],[-35.583,-5.776],[-35.584,-5.779],[-35.583,-5.779],[-35.582,-5.78],[-35.583,-5.782],[-35.582,-5.782],[-35.58,-5.784],[-35.579,-5.783],[-35.576,-5.786],[-35.574,-5.785],[-35.571,-5.786],[-35.568,-5.788],[-35.564,-5.788],[-35.562,-5.783],[-35.561,-5.783],[-35.557,-5.785],[-35.556,-5.783],[-35.553,-5.782],[-35.556,-5.782],[-35.557,-5.78],[-35.56,-5.779],[-35.562,-5.776],[-35.566,-5.775],[-35.565,-5.774],[-35.562,-5.776],[-35.56,-5.779],[-35.557,-5.779],[-35.555,-5.781],[-35.552,-5.782],[-35.55,-5.781],[-35.551,-5.78],[-35.552,-5.778],[-35.553,-5.778],[-35.553,-5.776],[-35.556,-5.777],[-35.556,-5.775],[-35.557,-5.773],[-35.555,-5.773],[-35.555,-5.772],[-35.557,-5.772],[-35.557,-5.77],[-35.556,-5.769],[-35.556,-5.768],[-35.555,-5.767],[-35.555,-5.766],[-35.554,-5.766],[-35.555,-5.764],[-35.556,-5.763],[-35.556,-5.76],[-35.558,-5.76],[-35.562,-5.757],[-35.564,-5.757],[-35.566,-5.754],[-35.569,-5.752],[-35.571,-5.751],[-35.574,-5.751],[-35.576,-5.749],[-35.575,-5.749],[-35.574,-5.751],[-35.571,-5.751],[-35.567,-5.753],[-35.564,-5.756],[-35.562,-5.757],[-35.557,-5.76],[-35.556,-5.76],[-35.556,-5.759],[-35.557,-5.758],[-35.557,-5.757],[-35.556,-5.757],[-35.556,-5.756],[-35.555,-5.757],[-35.555,-5.754],[-35.557,-5.753],[-35.558,-5.752],[-35.557,-5.75],[-35.558,-5.747],[-35.558,-5.742],[-35.562,-5.737],[-35.568,-5.732],[-35.567,-5.732],[-35.562,-5.736],[-35.558,-5.74],[-35.557,-5.742],[-35.557,-5.747],[-35.556,-5.75],[-35.557,-5.752],[-35.557,-5.753],[-35.554,-5.753],[-35.553,-5.75],[-35.554,-5.746],[-35.556,-5.737],[-35.554,-5.733],[-35.554,-5.726],[-35.546,-5.724],[-35.546,-5.725],[-35.554,-5.726],[-35.554,-5.733],[-35.555,-5.737],[-35.554,-5.746],[-35.552,-5.748],[-35.552,-5.75],[-35.554,-5.754],[-35.554,-5.757],[-35.557,-5.757],[-35.557,-5.758],[-35.555,-5.759],[-35.556,-5.76],[-35.556,-5.763],[-35.555,-5.763],[-35.553,-5.766],[-35.555,-5.766],[-35.555,-5.768],[-35.556,-5.768],[-35.556,-5.769],[-35.557,-5.77],[-35.557,-5.771],[-35.556,-5.771],[-35.555,-5.772],[-35.555,-5.773],[-35.556,-5.774],[-35.556,-5.776],[-35.553,-5.776],[-35.551,-5.778],[-35.551,-5.78],[-35.548,-5.782],[-35.549,-5.784],[-35.546,-5.785],[-35.544,-5.785],[-35.543,-5.783],[-35.544,-5.78],[-35.541,-5.779],[-35.54,-5.78],[-35.539,-5.781],[-35.539,-5.777],[-35.536,-5.776],[-35.536,-5.775],[-35.535,-5.773],[-35.538,-5.772],[-35.538,-5.771],[-35.537,-5.771],[-35.537,-5.768],[-35.536,-5.767],[-35.535,-5.768],[-35.535,-5.767],[-35.533,-5.767],[-35.533,-5.765],[-35.534,-5.764],[-35.535,-5.764],[-35.535,-5.762],[-35.536,-5.759],[-35.536,-5.758],[-35.537,-5.756],[-35.536,-5.754],[-35.538,-5.754],[-35.538,-5.753],[-35.535,-5.749],[-35.534,-5.744],[-35.533,-5.742],[-35.528,-5.738],[-35.526,-5.737],[-35.526,-5.736],[-35.523,-5.734],[-35.523,-5.733],[-35.517,-5.731],[-35.517,-5.73],[-35.516,-5.731],[-35.517,-5.732],[-35.521,-5.733],[-35.522,-5.734],[-35.522,-5.736],[-35.524,-5.738],[-35.526,-5.738],[-35.528,-5.739],[-35.532,-5.743],[-35.534,-5.745],[-35.535,-5.749],[-35.537,-5.753],[-35.536,-5.753],[-35.536,-5.754],[-35.537,-5.756],[-35.535,-5.758],[-35.536,-5.759],[-35.535,-5.762],[-35.535,-5.763],[-35.534,-5.764],[-35.532,-5.765],[-35.533,-5.767],[-35.534,-5.768],[-35.535,-5.769],[-35.536,-5.768],[-35.537,-5.77],[-35.536,-5.771],[-35.537,-5.772],[-35.534,-5.774],[-35.536,-5.775],[-35.536,-5.776],[-35.538,-5.777],[-35.538,-5.78],[-35.539,-5.781],[-35.54,-5.781],[-35.541,-5.78],[-35.543,-5.78],[-35.542,-5.783],[-35.544,-5.785],[-35.542,-5.786],[-35.54,-5.789],[-35.539,-5.792],[-35.532,-5.795],[-35.529,-5.797],[-35.526,-5.795],[-35.524,-5.796],[-35.522,-5.794],[-35.519,-5.796],[-35.518,-5.796],[-35.515,-5.795],[-35.514,-5.793],[-35.511,-5.793],[-35.513,-5.79],[-35.514,-5.79],[-35.514,-5.788],[-35.516,-5.786],[-35.518,-5.784],[-35.517,-5.783],[-35.516,-5.783],[-35.514,-5.781],[-35.515,-5.778],[-35.515,-5.776],[-35.514,-5.775],[-35.514,-5.772],[-35.513,-5.77],[-35.513,-5.768],[-35.511,-5.765],[-35.51,-5.763],[-35.508,-5.762],[-35.507,-5.761],[-35.507,-5.758],[-35.506,-5.757],[-35.507,-5.756],[-35.507,-5.752],[-35.509,-5.749],[-35.51,-5.738],[-35.51,-5.737],[-35.509,-5.736],[-35.509,-5.737],[-35.51,-5.738],[-35.508,-5.749],[-35.507,-5.752],[-35.507,-5.754],[-35.506,-5.755],[-35.506,-5.757],[-35.507,-5.758],[-35.507,-5.761],[-35.505,-5.756],[-35.504,-5.756],[-35.502,-5.75],[-35.502,-5.744],[-35.503,-5.742],[-35.504,-5.741],[-35.504,-5.74],[-35.503,-5.741],[-35.502,-5.742],[-35.501,-5.75],[-35.503,-5.753],[-35.503,-5.756],[-35.504,-5.757],[-35.505,-5.758],[-35.506,-5.759],[-35.505,-5.76],[-35.507,-5.761],[-35.508,-5.763],[-35.51,-5.764],[-35.51,-5.765],[-35.513,-5.768],[-35.513,-5.77],[-35.514,-5.772],[-35.513,-5.775],[-35.515,-5.776],[-35.514,-5.781],[-35.514,-5.782],[-35.517,-5.784],[-35.516,-5.786],[-35.513,-5.787],[-35.513,-5.79],[-35.512,-5.79],[-35.511,-5.792],[-35.51,-5.792],[-35.508,-5.79],[-35.506,-5.79],[-35.505,-5.789],[-35.503,-5.79],[-35.502,-5.792],[-35.501,-5.791],[-35.501,-5.792],[-35.5,-5.794],[-35.499,-5.797],[-35.496,-5.795],[-35.496,-5.794],[-35.493,-5.793],[-35.491,-5.795],[-35.488,-5.795],[-35.487,-5.796],[-35.484,-5.796],[-35.484,-5.797],[-35.482,-5.798],[-35.482,-5.799],[-35.481,-5.799],[-35.48,-5.797],[-35.478,-5.796],[-35.478,-5.795],[-35.477,-5.793],[-35.473,-5.793],[-35.471,-5.795],[-35.47,-5.795],[-35.468,-5.796],[-35.467,-5.796],[-35.465,-5.797],[-35.465,-5.798],[-35.466,-5.8],[-35.465,-5.802],[-35.465,-5.804],[-35.464,-5.804],[-35.462,-5.806],[-35.46,-5.806],[-35.459,-5.805],[-35.458,-5.807],[-35.457,-5.807],[-35.456,-5.808],[-35.455,-5.808],[-35.454,-5.81],[-35.453,-5.809],[-35.45,-5.808],[-35.447,-5.809],[-35.44,-5.81],[-35.426,-5.811],[-35.419,-5.81],[-35.415,-5.807],[-35.414,-5.806],[-35.41,-5.797],[-35.409,-5.797],[-35.403,-5.791],[-35.404,-5.79],[-35.405,-5.791],[-35.406,-5.79],[-35.406,-5.789],[-35.407,-5.788],[-35.409,-5.789],[-35.409,-5.79],[-35.41,-5.791],[-35.411,-5.791],[-35.411,-5.793],[-35.414,-5.793],[-35.417,-5.791],[-35.42,-5.792],[-35.421,-5.793],[-35.424,-5.793],[-35.426,-5.794],[-35.431,-5.793],[-35.432,-5.793],[-35.434,-5.792],[-35.438,-5.787],[-35.443,-5.787],[-35.445,-5.783],[-35.448,-5.781],[-35.448,-5.78],[-35.452,-5.779],[-35.455,-5.776],[-35.456,-5.775],[-35.46,-5.77],[-35.461,-5.769],[-35.463,-5.769],[-35.466,-5.767],[-35.465,-5.765],[-35.467,-5.763],[-35.469,-5.764],[-35.471,-5.765],[-35.472,-5.765],[-35.472,-5.764],[-35.471,-5.764],[-35.468,-5.763],[-35.466,-5.763],[-35.464,-5.765],[-35.465,-5.767],[-35.463,-5.768],[-35.461,-5.768],[-35.459,-5.77],[-35.456,-5.775],[-35.455,-5.775],[-35.453,-5.777],[-35.452,-5.777],[-35.451,-5.778],[-35.448,-5.779],[-35.447,-5.78],[-35.443,-5.786],[-35.438,-5.786],[-35.438,-5.785],[-35.437,-5.779],[-35.438,-5.776],[-35.441,-5.773],[-35.446,-5.772],[-35.446,-5.769],[-35.447,-5.767],[-35.448,-5.767],[-35.449,-5.765],[-35.448,-5.765],[-35.448,-5.766],[-35.446,-5.767],[-35.446,-5.771],[-35.441,-5.773],[-35.438,-5.775],[-35.438,-5.776],[-35.436,-5.778],[-35.436,-5.785],[-35.437,-5.786],[-35.434,-5.791],[-35.426,-5.793],[-35.424,-5.792],[-35.421,-5.792],[-35.42,-5.791],[-35.415,-5.79],[-35.416,-5.788],[-35.415,-5.787],[-35.416,-5.786],[-35.417,-5.783],[-35.417,-5.782],[-35.418,-5.78],[-35.418,-5.779],[-35.416,-5.782],[-35.416,-5.784],[-35.415,-5.785],[-35.414,-5.782],[-35.413,-5.782],[-35.415,-5.785],[-35.414,-5.787],[-35.414,-5.788],[-35.409,-5.789],[-35.407,-5.787],[-35.406,-5.787],[-35.405,-5.789],[-35.405,-5.79],[-35.404,-5.789],[-35.402,-5.791],[-35.401,-5.79],[-35.4,-5.791],[-35.398,-5.792],[-35.397,-5.797],[-35.391,-5.799],[-35.39,-5.799],[-35.386,-5.802],[-35.384,-5.806],[-35.379,-5.806],[-35.378,-5.808],[-35.377,-5.811],[-35.376,-5.812],[-35.373,-5.814],[-35.369,-5.815],[-35.365,-5.813],[-35.362,-5.809],[-35.363,-5.808],[-35.364,-5.803],[-35.363,-5.798],[-35.364,-5.799],[-35.366,-5.797],[-35.367,-5.797],[-35.366,-5.794],[-35.368,-5.791],[-35.367,-5.79],[-35.366,-5.789],[-35.36,-5.788],[-35.353,-5.788],[-35.353,-5.787],[-35.35,-5.787],[-35.35,-5.788],[-35.352,-5.789],[-35.353,-5.788],[-35.358,-5.788],[-35.36,-5.789],[-35.366,-5.789],[-35.367,-5.79],[-35.367,-5.791],[-35.365,-5.795],[-35.365,-5.796],[-35.362,-5.796],[-35.361,-5.798],[-35.362,-5.798],[-35.362,-5.8],[-35.363,-5.802],[-35.362,-5.809],[-35.358,-5.809],[-35.348,-5.816],[-35.346,-5.815],[-35.341,-5.813],[-35.337,-5.813],[-35.335,-5.812],[-35.334,-5.811],[-35.335,-5.809],[-35.335,-5.805],[-35.327,-5.799],[-35.321,-5.797],[-35.319,-5.797],[-35.315,-5.798],[-35.312,-5.8],[-35.306,-5.796],[-35.303,-5.796],[-35.299,-5.798],[-35.295,-5.797],[-35.305,-5.795],[-35.309,-5.794],[-35.312,-5.793],[-35.312,-5.792],[-35.316,-5.792],[-35.321,-5.791],[-35.322,-5.791],[-35.323,-5.793],[-35.326,-5.793],[-35.327,-5.795],[-35.329,-5.796],[-35.332,-5.796],[-35.335,-5.798],[-35.346,-5.799],[-35.347,-5.799],[-35.346,-5.799],[-35.335,-5.797],[-35.332,-5.795],[-35.329,-5.795],[-35.327,-5.793],[-35.323,-5.793],[-35.321,-5.79],[-35.316,-5.791],[-35.313,-5.791],[-35.313,-5.789],[-35.31,-5.787],[-35.309,-5.787],[-35.309,-5.785],[-35.309,-5.787],[-35.31,-5.787],[-35.312,-5.789],[-35.312,-5.79],[-35.313,-5.791],[-35.312,-5.792],[-35.311,-5.793],[-35.309,-5.794],[-35.305,-5.794],[-35.295,-5.797],[-35.294,-5.797],[-35.293,-5.796],[-35.289,-5.797],[-35.287,-5.799],[-35.287,-5.803],[-35.286,-5.804],[-35.285,-5.8],[-35.278,-5.8],[-35.274,-5.803],[-35.273,-5.804],[-35.273,-5.802],[-35.272,-5.8],[-35.271,-5.799],[-35.268,-5.8],[-35.266,-5.798],[-35.266,-5.796],[-35.264,-5.796],[-35.262,-5.793],[-35.259,-5.792],[-35.259,-5.791],[-35.261,-5.793],[-35.262,-5.792],[-35.262,-5.789],[-35.269,-5.789],[-35.27,-5.787],[-35.272,-5.788],[-35.273,-5.785],[-35.275,-5.785],[-35.283,-5.781],[-35.286,-5.779],[-35.288,-5.773],[-35.289,-5.772],[-35.293,-5.768],[-35.299,-5.764],[-35.302,-5.764],[-35.304,-5.767],[-35.305,-5.768],[-35.305,-5.767],[-35.303,-5.764],[-35.302,-5.763],[-35.299,-5.764],[-35.293,-5.767],[-35.288,-5.773],[-35.285,-5.779],[-35.283,-5.781],[-35.281,-5.782],[-35.279,-5.783],[-35.275,-5.784],[-35.274,-5.784],[-35.273,-5.785],[-35.272,-5.785],[-35.272,-5.787],[-35.271,-5.785],[-35.269,-5.785],[-35.268,-5.787],[-35.268,-5.789],[-35.266,-5.788],[-35.264,-5.789],[-35.262,-5.789],[-35.261,-5.792],[-35.259,-5.791],[-35.256,-5.787],[-35.254,-5.786],[-35.254,-5.784],[-35.252,-5.781],[-35.25,-5.78],[-35.248,-5.777],[-35.245,-5.775],[-35.243,-5.774],[-35.24,-5.775],[-35.237,-5.777],[-35.234,-5.78],[-35.23,-5.781],[-35.225,-5.78],[-35.221,-5.781],[-35.221,-5.778],[-35.219,-5.776],[-35.217,-5.776],[-35.217,-5.778],[-35.218,-5.779],[-35.219,-5.779],[-35.22,-5.78],[-35.22,-5.782],[-35.218,-5.781],[-35.214,-5.777],[-35.211,-5.769],[-35.213,-5.77],[-35.217,-5.769],[-35.219,-5.768],[-35.221,-5.764],[-35.225,-5.764],[-35.229,-5.768],[-35.232,-5.769],[-35.236,-5.767],[-35.238,-5.764],[-35.239,-5.765],[-35.237,-5.767],[-35.237,-5.769],[-35.244,-5.77],[-35.244,-5.769],[-35.237,-5.768],[-35.239,-5.766],[-35.24,-5.765],[-35.238,-5.763],[-35.236,-5.763],[-35.235,-5.765],[-35.232,-5.766],[-35.23,-5.766],[-35.228,-5.763],[-35.226,-5.762],[-35.224,-5.762],[-35.221,-5.761],[-35.221,-5.76],[-35.219,-5.76],[-35.219,-5.762],[-35.217,-5.766],[-35.214,-5.767],[-35.213,-5.766],[-35.211,-5.764],[-35.211,-5.759],[-35.213,-5.758],[-35.214,-5.756],[-35.216,-5.755],[-35.213,-5.756],[-35.212,-5.757],[-35.21,-5.76],[-35.207,-5.756],[-35.2,-5.75],[-35.196,-5.75],[-35.195,-5.752],[-35.194,-5.754],[-35.195,-5.756],[-35.202,-5.761],[-35.203,-5.764],[-35.203,-5.769],[-35.206,-5.781],[-35.213,-5.787],[-35.216,-5.789],[-35.219,-5.79],[-35.22,-5.792],[-35.223,-5.793],[-35.228,-5.795],[-35.229,-5.795],[-35.234,-5.796],[-35.242,-5.794],[-35.248,-5.789],[-35.248,-5.791],[-35.246,-5.793],[-35.244,-5.795],[-35.244,-5.799],[-35.248,-5.807],[-35.252,-5.812],[-35.254,-5.813],[-35.256,-5.814],[-35.259,-5.814],[-35.261,-5.813],[-35.264,-5.814],[-35.268,-5.814],[-35.269,-5.815],[-35.274,-5.819],[-35.278,-5.821],[-35.28,-5.823],[-35.28,-5.826],[-35.279,-5.827],[-35.279,-5.83],[-35.28,-5.831],[-35.281,-5.832],[-35.28,-5.836],[-35.281,-5.839],[-35.281,-5.841],[-35.278,-5.844],[-35.274,-5.846],[-35.269,-5.847],[-35.269,-5.848],[-35.275,-5.846],[-35.28,-5.843],[-35.281,-5.841],[-35.282,-5.839],[-35.281,-5.836],[-35.282,-5.832],[-35.287,-5.835],[-35.292,-5.84],[-35.297,-5.842],[-35.299,-5.842],[-35.302,-5.843],[-35.306,-5.844],[-35.31,-5.843],[-35.311,-5.842],[-35.314,-5.843],[-35.317,-5.843],[-35.316,-5.846],[-35.316,-5.847],[-35.318,-5.848],[-35.32,-5.848],[-35.321,-5.846],[-35.327,-5.846],[-35.327,-5.85],[-35.328,-5.85],[-35.331,-5.851],[-35.331,-5.852],[-35.329,-5.855],[-35.329,-5.856],[-35.331,-5.858],[-35.332,-5.858],[-35.332,-5.861],[-35.331,-5.863],[-35.327,-5.865],[-35.331,-5.864],[-35.332,-5.862],[-35.332,-5.858],[-35.33,-5.856],[-35.33,-5.854],[-35.332,-5.853],[-35.332,-5.852],[-35.333,-5.853],[-35.334,-5.853],[-35.337,-5.854],[-35.338,-5.857],[-35.338,-5.861],[-35.34,-5.866],[-35.339,-5.866],[-35.34,-5.871],[-35.341,-5.872],[-35.341,-5.874],[-35.34,-5.875],[-35.339,-5.878],[-35.337,-5.88],[-35.336,-5.88],[-35.336,-5.879],[-35.334,-5.878],[-35.334,-5.879],[-35.332,-5.883],[-35.331,-5.884],[-35.331,-5.885],[-35.332,-5.885],[-35.326,-5.892],[-35.325,-5.894],[-35.326,-5.894],[-35.327,-5.892],[-35.329,-5.89],[-35.333,-5.886],[-35.331,-5.885],[-35.334,-5.881],[-35.336,-5.881],[-35.337,-5.88],[-35.339,-5.878],[-35.34,-5.875],[-35.341,-5.874],[-35.341,-5.865],[-35.339,-5.861],[-35.339,-5.857],[-35.337,-5.854],[-35.34,-5.854],[-35.341,-5.855],[-35.345,-5.857],[-35.35,-5.857],[-35.351,-5.86],[-35.352,-5.861],[-35.354,-5.862],[-35.354,-5.864],[-35.355,-5.866],[-35.356,-5.867],[-35.358,-5.869],[-35.36,-5.869],[-35.359,-5.871],[-35.36,-5.873],[-35.361,-5.874],[-35.363,-5.875],[-35.364,-5.878],[-35.365,-5.88],[-35.363,-5.882],[-35.36,-5.888],[-35.36,-5.889],[-35.359,-5.888],[-35.354,-5.89],[-35.354,-5.892],[-35.346,-5.901],[-35.346,-5.902],[-35.347,-5.902],[-35.356,-5.891],[-35.357,-5.891],[-35.357,-5.893],[-35.36,-5.892],[-35.36,-5.889],[-35.363,-5.884],[-35.363,-5.883],[-35.365,-5.88],[-35.365,-5.878],[-35.363,-5.876],[-35.365,-5.875],[-35.367,-5.875],[-35.367,-5.876],[-35.368,-5.876],[-35.368,-5.879],[-35.37,-5.881],[-35.37,-5.884],[-35.371,-5.885],[-35.372,-5.885],[-35.374,-5.886],[-35.374,-5.888],[-35.378,-5.889],[-35.38,-5.893],[-35.378,-5.901],[-35.379,-5.902],[-35.376,-5.907],[-35.377,-5.909],[-35.371,-5.914],[-35.369,-5.917],[-35.37,-5.916],[-35.372,-5.914],[-35.377,-5.909],[-35.377,-5.907],[-35.379,-5.902],[-35.379,-5.901],[-35.38,-5.895],[-35.38,-5.893],[-35.38,-5.898],[-35.381,-5.898],[-35.38,-5.899],[-35.381,-5.9],[-35.38,-5.901],[-35.38,-5.902],[-35.381,-5.903],[-35.381,-5.909],[-35.38,-5.909],[-35.381,-5.91],[-35.38,-5.913],[-35.38,-5.916],[-35.381,-5.917],[-35.381,-5.919],[-35.385,-5.921],[-35.385,-5.928],[-35.385,-5.921],[-35.387,-5.92],[-35.387,-5.919],[-35.395,-5.92],[-35.397,-5.922],[-35.394,-5.924],[-35.393,-5.924],[-35.392,-5.925],[-35.391,-5.928],[-35.385,-5.935],[-35.384,-5.937],[-35.382,-5.938],[-35.379,-5.937],[-35.379,-5.938],[-35.382,-5.939],[-35.385,-5.937],[-35.386,-5.935],[-35.392,-5.926],[-35.394,-5.925],[-35.395,-5.924],[-35.397,-5.923],[-35.399,-5.925],[-35.398,-5.926],[-35.398,-5.929],[-35.4,-5.933],[-35.402,-5.935],[-35.403,-5.935],[-35.403,-5.936],[-35.405,-5.937],[-35.408,-5.938],[-35.41,-5.939],[-35.41,-5.941],[-35.411,-5.942],[-35.409,-5.943],[-35.409,-5.944],[-35.407,-5.944],[-35.406,-5.946],[-35.406,-5.947],[-35.408,-5.946],[-35.409,-5.947],[-35.409,-5.949],[-35.411,-5.949],[-35.409,-5.951],[-35.41,-5.952],[-35.411,-5.952],[-35.41,-5.953],[-35.41,-5.954],[-35.411,-5.955],[-35.414,-5.953],[-35.414,-5.955],[-35.413,-5.956],[-35.413,-5.957],[-35.415,-5.958],[-35.417,-5.962],[-35.421,-5.966],[-35.42,-5.969],[-35.417,-5.972],[-35.407,-5.977],[-35.403,-5.981],[-35.407,-5.977],[-35.417,-5.973],[-35.421,-5.969],[-35.422,-5.966],[-35.425,-5.965],[-35.425,-5.966],[-35.428,-5.969],[-35.433,-5.97],[-35.434,-5.969],[-35.437,-5.969],[-35.436,-5.97],[-35.439,-5.973],[-35.438,-5.979],[-35.439,-5.979],[-35.44,-5.98],[-35.44,-5.981],[-35.438,-5.982],[-35.439,-5.985],[-35.441,-5.986],[-35.442,-5.986],[-35.442,-5.984],[-35.44,-5.984],[-35.439,-5.982],[-35.44,-5.981],[-35.44,-5.98],[-35.439,-5.979],[-35.439,-5.973],[-35.437,-5.97],[-35.437,-5.969],[-35.435,-5.968],[-35.433,-5.969],[-35.428,-5.969],[-35.426,-5.966],[-35.426,-5.965],[-35.425,-5.964],[-35.424,-5.965],[-35.423,-5.965],[-35.423,-5.963],[-35.42,-5.961],[-35.42,-5.958],[-35.419,-5.957],[-35.422,-5.956],[-35.424,-5.956],[-35.425,-5.958],[-35.427,-5.958],[-35.427,-5.957],[-35.425,-5.954],[-35.426,-5.952],[-35.424,-5.949],[-35.425,-5.948],[-35.425,-5.945],[-35.428,-5.945],[-35.43,-5.948],[-35.431,-5.949],[-35.431,-5.948],[-35.432,-5.949],[-35.432,-5.951],[-35.431,-5.952],[-35.432,-5.953],[-35.432,-5.955],[-35.436,-5.955],[-35.438,-5.952],[-35.442,-5.955],[-35.443,-5.955],[-35.445,-5.954],[-35.446,-5.952],[-35.448,-5.953],[-35.449,-5.954],[-35.45,-5.955],[-35.451,-5.956],[-35.452,-5.957],[-35.454,-5.957],[-35.454,-5.96],[-35.457,-5.962],[-35.458,-5.962],[-35.459,-5.963],[-35.46,-5.964],[-35.457,-5.966],[-35.456,-5.97],[-35.458,-5.974],[-35.46,-5.976],[-35.462,-5.976],[-35.462,-5.977],[-35.465,-5.978],[-35.466,-5.979],[-35.467,-5.981],[-35.469,-5.981],[-35.47,-5.983],[-35.472,-5.983],[-35.473,-5.986],[-35.479,-5.992],[-35.481,-5.992],[-35.483,-5.993],[-35.485,-5.996],[-35.487,-5.998],[-35.487,-6.001],[-35.485,-6.002],[-35.484,-6.007],[-35.484,-6.012],[-35.486,-6.012],[-35.487,-6.011],[-35.484,-6.007],[-35.485,-6.002],[-35.487,-6.001],[-35.488,-6],[-35.488,-6.001],[-35.49,-6.001],[-35.49,-6.002],[-35.493,-6.004],[-35.495,-6.003],[-35.497,-6.004],[-35.498,-6.006],[-35.498,-6.007],[-35.494,-6.009],[-35.493,-6.012],[-35.495,-6.013],[-35.495,-6.017],[-35.496,-6.017],[-35.496,-6.014],[-35.495,-6.012],[-35.494,-6.012],[-35.495,-6.009],[-35.498,-6.007],[-35.499,-6.006],[-35.501,-6.005],[-35.502,-6.004],[-35.5,-6.002],[-35.498,-6.002],[-35.497,-6.003],[-35.493,-6.003],[-35.49,-6.002],[-35.49,-6],[-35.488,-6],[-35.488,-5.998],[-35.486,-5.995],[-35.483,-5.992],[-35.482,-5.991],[-35.48,-5.991],[-35.474,-5.986],[-35.472,-5.982],[-35.471,-5.982],[-35.47,-5.98],[-35.468,-5.979],[-35.467,-5.978],[-35.465,-5.977],[-35.463,-5.976],[-35.463,-5.975],[-35.461,-5.975],[-35.459,-5.973],[-35.457,-5.97],[-35.458,-5.967],[-35.461,-5.965],[-35.461,-5.963],[-35.456,-5.959],[-35.455,-5.956],[-35.453,-5.956],[-35.452,-5.955],[-35.451,-5.954],[-35.45,-5.953],[-35.449,-5.951],[-35.45,-5.95],[-35.45,-5.949],[-35.452,-5.949],[-35.453,-5.948],[-35.453,-5.947],[-35.454,-5.947],[-35.454,-5.948],[-35.457,-5.951],[-35.46,-5.952],[-35.46,-5.95],[-35.462,-5.95],[-35.464,-5.952],[-35.465,-5.951],[-35.465,-5.95],[-35.466,-5.95],[-35.466,-5.953],[-35.468,-5.953],[-35.47,-5.952],[-35.47,-5.954],[-35.473,-5.955],[-35.474,-5.958],[-35.477,-5.961],[-35.479,-5.96],[-35.478,-5.958],[-35.482,-5.961],[-35.483,-5.965],[-35.485,-5.965],[-35.486,-5.962],[-35.487,-5.962],[-35.488,-5.964],[-35.489,-5.966],[-35.487,-5.967],[-35.486,-5.969],[-35.488,-5.97],[-35.488,-5.973],[-35.492,-5.976],[-35.492,-5.977],[-35.493,-5.978],[-35.493,-5.98],[-35.494,-5.982],[-35.497,-5.983],[-35.498,-5.985],[-35.499,-5.984],[-35.499,-5.983],[-35.501,-5.984],[-35.502,-5.983],[-35.504,-5.985],[-35.505,-5.986],[-35.507,-5.987],[-35.509,-5.987],[-35.509,-5.986],[-35.511,-5.987],[-35.512,-5.987],[-35.514,-5.988],[-35.514,-5.989],[-35.517,-5.99],[-35.517,-5.992],[-35.521,-5.992],[-35.52,-5.995],[-35.52,-5.997],[-35.515,-6],[-35.512,-6.006],[-35.513,-6.009],[-35.512,-6.01],[-35.511,-6.013],[-35.51,-6.017],[-35.508,-6.021],[-35.511,-6.017],[-35.511,-6.013],[-35.512,-6.01],[-35.513,-6.009],[-35.519,-6.013],[-35.525,-6.011],[-35.527,-6.012],[-35.532,-6.011],[-35.533,-6.012],[-35.532,-6.017],[-35.534,-6.022],[-35.535,-6.023],[-35.536,-6.025],[-35.537,-6.026],[-35.537,-6.03],[-35.538,-6.034],[-35.538,-6.026],[-35.537,-6.025],[-35.536,-6.025],[-35.536,-6.023],[-35.534,-6.022],[-35.533,-6.017],[-35.533,-6.011],[-35.532,-6.01],[-35.527,-6.011],[-35.525,-6.01],[-35.519,-6.012],[-35.514,-6.009],[-35.514,-6.008],[-35.513,-6.006],[-35.516,-6.001],[-35.519,-5.999],[-35.521,-6.001],[-35.525,-6.003],[-35.526,-6.004],[-35.526,-6.006],[-35.528,-6.006],[-35.531,-6.007],[-35.536,-6.006],[-35.54,-6.005],[-35.54,-6.004],[-35.539,-6.004],[-35.536,-6.006],[-35.531,-6.007],[-35.527,-6.005],[-35.527,-6.004],[-35.526,-6.002],[-35.521,-6],[-35.52,-5.999],[-35.521,-5.998],[-35.521,-5.994],[-35.523,-5.991],[-35.523,-5.99],[-35.521,-5.991],[-35.52,-5.99],[-35.518,-5.991],[-35.518,-5.989],[-35.514,-5.987],[-35.515,-5.986],[-35.521,-5.988],[-35.525,-5.987],[-35.524,-5.988],[-35.526,-5.989],[-35.528,-5.988],[-35.529,-5.988],[-35.529,-5.987],[-35.529,-5.988],[-35.531,-5.99],[-35.533,-5.991],[-35.534,-5.989],[-35.535,-5.989],[-35.536,-5.991],[-35.537,-5.991],[-35.538,-5.996],[-35.539,-5.997],[-35.547,-6.001],[-35.551,-6.006],[-35.551,-6.008],[-35.55,-6.01],[-35.551,-6.013],[-35.552,-6.014],[-35.554,-6.02],[-35.554,-6.023],[-35.555,-6.024],[-35.555,-6.023],[-35.554,-6.018],[-35.552,-6.014],[-35.551,-6.013],[-35.551,-6.01],[-35.552,-6.008],[-35.552,-6.006],[-35.547,-6.001],[-35.539,-5.996],[-35.538,-5.993],[-35.541,-5.995],[-35.543,-5.993],[-35.543,-5.992],[-35.545,-5.988],[-35.547,-5.989],[-35.55,-5.987],[-35.55,-5.985],[-35.554,-5.985],[-35.555,-5.984],[-35.554,-5.983],[-35.556,-5.978],[-35.559,-5.979],[-35.56,-5.979],[-35.561,-5.98],[-35.563,-5.98],[-35.563,-5.982],[-35.564,-5.983],[-35.564,-5.986],[-35.565,-5.987],[-35.567,-5.987],[-35.569,-5.991],[-35.571,-5.991],[-35.571,-5.992],[-35.573,-5.994],[-35.573,-5.995],[-35.576,-5.996],[-35.577,-5.999],[-35.578,-6],[-35.579,-6.006],[-35.58,-6.008],[-35.583,-6.01],[-35.583,-6.018],[-35.582,-6.021],[-35.581,-6.021],[-35.581,-6.022],[-35.577,-6.023],[-35.577,-6.025],[-35.576,-6.028],[-35.576,-6.029],[-35.574,-6.03],[-35.574,-6.031],[-35.575,-6.031],[-35.574,-6.031],[-35.575,-6.03],[-35.576,-6.029],[-35.578,-6.024],[-35.579,-6.025],[-35.581,-6.023],[-35.582,-6.026],[-35.583,-6.026],[-35.583,-6.025],[-35.582,-6.021],[-35.583,-6.018],[-35.584,-6.011],[-35.583,-6.01],[-35.581,-6.008],[-35.579,-6.005],[-35.579,-6],[-35.577,-5.999],[-35.579,-5.999],[-35.582,-6.001],[-35.584,-6.002],[-35.585,-6.001],[-35.588,-6.002],[-35.591,-6.002],[-35.593,-6.003],[-35.594,-6.004],[-35.593,-6.005],[-35.592,-6.006],[-35.593,-6.008],[-35.594,-6.009],[-35.599,-6.009],[-35.6,-6.011],[-35.605,-6.011],[-35.605,-6.01],[-35.606,-6.01],[-35.607,-6.013],[-35.607,-6.015],[-35.608,-6.016],[-35.611,-6.019],[-35.612,-6.019],[-35.614,-6.017],[-35.616,-6.017],[-35.618,-6.02],[-35.62,-6.02],[-35.62,-6.022],[-35.622,-6.023],[-35.626,-6.023],[-35.629,-6.029],[-35.629,-6.033],[-35.631,-6.038],[-35.63,-6.04],[-35.627,-6.045],[-35.628,-6.045],[-35.628,-6.044],[-35.631,-6.041],[-35.632,-6.038],[-35.629,-6.032],[-35.63,-6.03],[-35.63,-6.029],[-35.632,-6.028],[-35.635,-6.028],[-35.636,-6.032],[-35.636,-6.034],[-35.641,-6.039],[-35.646,-6.04],[-35.65,-6.041],[-35.652,-6.045],[-35.65,-6.048],[-35.651,-6.052],[-35.649,-6.055],[-35.647,-6.06],[-35.642,-6.066],[-35.64,-6.068],[-35.638,-6.068],[-35.638,-6.069],[-35.642,-6.067],[-35.649,-6.057],[-35.651,-6.052],[-35.651,-6.049],[-35.653,-6.045],[-35.658,-6.045],[-35.663,-6.046],[-35.663,-6.047],[-35.665,-6.047],[-35.667,-6.046],[-35.668,-6.044],[-35.668,-6.043],[-35.666,-6.043],[-35.664,-6.045],[-35.663,-6.045],[-35.657,-6.044],[-35.653,-6.044],[-35.65,-6.04],[-35.646,-6.038],[-35.642,-6.038],[-35.637,-6.034],[-35.637,-6.03],[-35.636,-6.027],[-35.632,-6.027],[-35.63,-6.028],[-35.627,-6.023],[-35.622,-6.022],[-35.621,-6.022],[-35.62,-6.02],[-35.618,-6.018],[-35.616,-6.016],[-35.614,-6.017],[-35.612,-6.018],[-35.61,-6.018],[-35.608,-6.015],[-35.608,-6.013],[-35.606,-6.01],[-35.605,-6.01],[-35.604,-6.011],[-35.602,-6.011],[-35.599,-6.009],[-35.595,-6.008],[-35.594,-6.008],[-35.594,-6.006],[-35.595,-6.006],[-35.596,-6.005],[-35.596,-6.003],[-35.595,-6.001],[-35.593,-6],[-35.59,-5.998],[-35.589,-5.998],[-35.593,-5.993],[-35.597,-5.991],[-35.597,-5.988],[-35.598,-5.986],[-35.6,-5.984],[-35.602,-5.983],[-35.605,-5.983],[-35.607,-5.986],[-35.612,-5.991],[-35.62,-5.994],[-35.621,-5.995],[-35.628,-5.998],[-35.629,-6.001],[-35.629,-6.002],[-35.632,-6.008],[-35.641,-6.018],[-35.643,-6.018],[-35.644,-6.02],[-35.642,-6.021],[-35.643,-6.023],[-35.645,-6.023],[-35.646,-6.022],[-35.649,-6.024],[-35.65,-6.024],[-35.651,-6.025],[-35.655,-6.027],[-35.655,-6.028],[-35.656,-6.028],[-35.657,-6.029],[-35.66,-6.029],[-35.66,-6.03],[-35.662,-6.031],[-35.666,-6.032],[-35.666,-6.035],[-35.667,-6.034],[-35.666,-6.032],[-35.662,-6.031],[-35.661,-6.03],[-35.661,-6.028],[-35.656,-6.028],[-35.655,-6.026],[-35.652,-6.025],[-35.651,-6.024],[-35.648,-6.023],[-35.644,-6.02],[-35.643,-6.018],[-35.641,-6.018],[-35.632,-6.007],[-35.63,-6.002],[-35.63,-6],[-35.627,-5.997],[-35.622,-5.995],[-35.62,-5.994],[-35.613,-5.991],[-35.608,-5.986],[-35.605,-5.983],[-35.602,-5.982],[-35.601,-5.983],[-35.6,-5.983],[-35.599,-5.982],[-35.602,-5.981],[-35.603,-5.979],[-35.605,-5.98],[-35.606,-5.98],[-35.612,-5.981],[-35.612,-5.978],[-35.614,-5.98],[-35.617,-5.982],[-35.617,-5.985],[-35.618,-5.986],[-35.623,-5.984],[-35.624,-5.986],[-35.627,-5.986],[-35.629,-5.985],[-35.632,-5.987],[-35.635,-5.987],[-35.636,-5.988],[-35.637,-5.989],[-35.638,-5.989],[-35.64,-5.987],[-35.639,-5.989],[-35.639,-5.99],[-35.641,-5.991],[-35.643,-5.991],[-35.643,-5.992],[-35.644,-5.992],[-35.645,-5.993],[-35.643,-5.994],[-35.644,-5.995],[-35.646,-5.996],[-35.647,-5.995],[-35.649,-5.995],[-35.65,-5.996],[-35.65,-5.997],[-35.651,-5.998],[-35.653,-5.999],[-35.654,-6],[-35.654,-6.001],[-35.656,-6.002],[-35.657,-6.003],[-35.658,-6.004],[-35.659,-6.005],[-35.662,-6.007],[-35.663,-6.007],[-35.664,-6.008],[-35.667,-6.009],[-35.667,-6.01],[-35.669,-6.011],[-35.67,-6.013],[-35.669,-6.014],[-35.668,-6.016],[-35.67,-6.018],[-35.669,-6.02],[-35.67,-6.022],[-35.67,-6.018],[-35.668,-6.016],[-35.671,-6.013],[-35.671,-6.012],[-35.668,-6.009],[-35.669,-6.008],[-35.673,-6.009],[-35.673,-6.01],[-35.674,-6.011],[-35.674,-6.013],[-35.676,-6.016],[-35.68,-6.021],[-35.68,-6.023],[-35.681,-6.026],[-35.681,-6.028],[-35.683,-6.028],[-35.683,-6.026],[-35.685,-6.026],[-35.686,-6.027],[-35.686,-6.029],[-35.689,-6.029],[-35.69,-6.03],[-35.69,-6.036],[-35.691,-6.037],[-35.691,-6.04],[-35.689,-6.042],[-35.689,-6.045],[-35.688,-6.045],[-35.688,-6.047],[-35.686,-6.048],[-35.685,-6.047],[-35.683,-6.048],[-35.679,-6.05],[-35.678,-6.053],[-35.678,-6.055],[-35.676,-6.057],[-35.676,-6.058],[-35.674,-6.061],[-35.672,-6.062],[-35.672,-6.063],[-35.671,-6.065],[-35.669,-6.068],[-35.67,-6.07],[-35.67,-6.074],[-35.671,-6.074],[-35.67,-6.072],[-35.671,-6.07],[-35.669,-6.068],[-35.671,-6.065],[-35.673,-6.063],[-35.673,-6.062],[-35.674,-6.061],[-35.677,-6.058],[-35.677,-6.057],[-35.679,-6.055],[-35.678,-6.053],[-35.679,-6.051],[-35.682,-6.049],[-35.684,-6.048],[-35.686,-6.048],[-35.689,-6.047],[-35.691,-6.049],[-35.692,-6.048],[-35.693,-6.049],[-35.692,-6.051],[-35.693,-6.053],[-35.693,-6.055],[-35.691,-6.057],[-35.685,-6.058],[-35.684,-6.06],[-35.683,-6.063],[-35.682,-6.065],[-35.68,-6.066],[-35.68,-6.068],[-35.675,-6.074],[-35.675,-6.075],[-35.674,-6.077],[-35.675,-6.077],[-35.676,-6.076],[-35.676,-6.074],[-35.68,-6.069],[-35.681,-6.067],[-35.684,-6.063],[-35.685,-6.059],[-35.691,-6.057],[-35.694,-6.056],[-35.696,-6.055],[-35.697,-6.058],[-35.697,-6.06],[-35.698,-6.065],[-35.697,-6.065],[-35.697,-6.067],[-35.699,-6.069],[-35.698,-6.072],[-35.698,-6.073],[-35.7,-6.073],[-35.7,-6.08],[-35.698,-6.082],[-35.696,-6.082],[-35.695,-6.084],[-35.69,-6.086],[-35.685,-6.084],[-35.682,-6.084],[-35.685,-6.084],[-35.69,-6.087],[-35.695,-6.085],[-35.696,-6.083],[-35.698,-6.082],[-35.699,-6.081],[-35.701,-6.082],[-35.701,-6.083],[-35.703,-6.084],[-35.703,-6.085],[-35.704,-6.086],[-35.703,-6.087],[-35.702,-6.088],[-35.701,-6.089],[-35.702,-6.091],[-35.7,-6.092],[-35.7,-6.095],[-35.702,-6.097],[-35.702,-6.1],[-35.697,-6.1],[-35.694,-6.101],[-35.692,-6.103],[-35.692,-6.106],[-35.691,-6.107],[-35.692,-6.107],[-35.693,-6.103],[-35.694,-6.102],[-35.698,-6.1],[-35.701,-6.101],[-35.7,-6.103],[-35.697,-6.104],[-35.697,-6.105],[-35.701,-6.103],[-35.702,-6.1],[-35.704,-6.105],[-35.704,-6.108],[-35.703,-6.109],[-35.704,-6.109],[-35.705,-6.108],[-35.705,-6.105],[-35.703,-6.101],[-35.708,-6.102],[-35.711,-6.105],[-35.711,-6.108],[-35.709,-6.11],[-35.71,-6.112],[-35.708,-6.116],[-35.707,-6.118],[-35.707,-6.121],[-35.706,-6.123],[-35.707,-6.128],[-35.708,-6.128],[-35.707,-6.123],[-35.708,-6.122],[-35.708,-6.121],[-35.707,-6.118],[-35.709,-6.116],[-35.71,-6.112],[-35.71,-6.109],[-35.712,-6.109],[-35.713,-6.11],[-35.715,-6.109],[-35.717,-6.111],[-35.72,-6.112],[-35.719,-6.113],[-35.72,-6.114],[-35.724,-6.114],[-35.724,-6.122],[-35.726,-6.124],[-35.726,-6.125],[-35.724,-6.13],[-35.724,-6.131],[-35.723,-6.132],[-35.717,-6.134],[-35.717,-6.137],[-35.715,-6.14],[-35.716,-6.144],[-35.717,-6.143],[-35.716,-6.14],[-35.717,-6.137],[-35.717,-6.135],[-35.723,-6.133],[-35.724,-6.131],[-35.726,-6.13],[-35.727,-6.131],[-35.73,-6.134],[-35.73,-6.136],[-35.726,-6.139],[-35.725,-6.143],[-35.726,-6.145],[-35.722,-6.147],[-35.722,-6.149],[-35.721,-6.15],[-35.722,-6.15],[-35.723,-6.149],[-35.723,-6.147],[-35.726,-6.146],[-35.726,-6.149],[-35.727,-6.152],[-35.73,-6.155],[-35.733,-6.157],[-35.734,-6.157],[-35.734,-6.156],[-35.73,-6.154],[-35.727,-6.152],[-35.726,-6.148],[-35.726,-6.144],[-35.725,-6.142],[-35.727,-6.139],[-35.73,-6.136],[-35.731,-6.136],[-35.734,-6.139],[-35.735,-6.139],[-35.736,-6.141],[-35.738,-6.142],[-35.739,-6.144],[-35.742,-6.147],[-35.743,-6.149],[-35.744,-6.15],[-35.747,-6.15],[-35.749,-6.152],[-35.75,-6.155],[-35.752,-6.157],[-35.752,-6.159],[-35.754,-6.162],[-35.755,-6.163],[-35.756,-6.163],[-35.757,-6.164],[-35.759,-6.166],[-35.76,-6.167],[-35.765,-6.171],[-35.766,-6.173],[-35.767,-6.172],[-35.761,-6.167],[-35.76,-6.165],[-35.758,-6.164],[-35.756,-6.162],[-35.754,-6.162],[-35.753,-6.159],[-35.752,-6.157],[-35.751,-6.154],[-35.75,-6.151],[-35.753,-6.151],[-35.756,-6.154],[-35.759,-6.156],[-35.761,-6.157],[-35.763,-6.159],[-35.764,-6.161],[-35.766,-6.164],[-35.769,-6.165],[-35.773,-6.168],[-35.776,-6.169],[-35.776,-6.168],[-35.773,-6.167],[-35.769,-6.164],[-35.766,-6.163],[-35.764,-6.161],[-35.764,-6.159],[-35.76,-6.155],[-35.756,-6.154],[-35.753,-6.151],[-35.75,-6.151],[-35.747,-6.149],[-35.744,-6.149],[-35.742,-6.146],[-35.743,-6.144],[-35.744,-6.142],[-35.746,-6.143],[-35.749,-6.142],[-35.751,-6.142],[-35.756,-6.143],[-35.759,-6.142],[-35.763,-6.144],[-35.765,-6.143],[-35.767,-6.143],[-35.769,-6.145],[-35.771,-6.146],[-35.775,-6.147],[-35.776,-6.147],[-35.777,-6.146],[-35.778,-6.147],[-35.779,-6.148],[-35.784,-6.144],[-35.784,-6.141],[-35.786,-6.141],[-35.789,-6.143],[-35.79,-6.141],[-35.794,-6.14],[-35.795,-6.141],[-35.796,-6.145],[-35.797,-6.146],[-35.798,-6.146],[-35.801,-6.147],[-35.802,-6.151],[-35.804,-6.152],[-35.805,-6.151],[-35.805,-6.15],[-35.806,-6.152],[-35.808,-6.152],[-35.811,-6.153],[-35.813,-6.152],[-35.816,-6.153],[-35.822,-6.153],[-35.825,-6.152],[-35.829,-6.152],[-35.83,-6.153],[-35.831,-6.156],[-35.833,-6.159],[-35.833,-6.16],[-35.836,-6.16],[-35.838,-6.161],[-35.841,-6.165],[-35.843,-6.165],[-35.842,-6.165],[-35.84,-6.161],[-35.839,-6.16],[-35.836,-6.159],[-35.835,-6.16],[-35.834,-6.159],[-35.834,-6.158],[-35.832,-6.156],[-35.831,-6.153],[-35.829,-6.152],[-35.825,-6.151],[-35.822,-6.153],[-35.82,-6.152],[-35.819,-6.153],[-35.816,-6.153],[-35.813,-6.152],[-35.808,-6.152],[-35.807,-6.151],[-35.805,-6.15],[-35.804,-6.151],[-35.803,-6.15],[-35.802,-6.148],[-35.801,-6.146],[-35.796,-6.145],[-35.796,-6.141],[-35.794,-6.14],[-35.79,-6.141],[-35.789,-6.142],[-35.785,-6.14],[-35.783,-6.141],[-35.783,-6.144],[-35.779,-6.147],[-35.778,-6.145],[-35.776,-6.146],[-35.772,-6.146],[-35.769,-6.144],[-35.768,-6.143],[-35.764,-6.143],[-35.763,-6.144],[-35.76,-6.142],[-35.758,-6.141],[-35.759,-6.137],[-35.762,-6.134],[-35.764,-6.133],[-35.765,-6.133],[-35.768,-6.135],[-35.77,-6.135],[-35.771,-6.134],[-35.774,-6.135],[-35.777,-6.134],[-35.779,-6.134],[-35.781,-6.135],[-35.784,-6.134],[-35.784,-6.133],[-35.781,-6.135],[-35.779,-6.134],[-35.774,-6.134],[-35.771,-6.133],[-35.77,-6.134],[-35.768,-6.134],[-35.766,-6.133],[-35.764,-6.133],[-35.762,-6.134],[-35.759,-6.137],[-35.757,-6.141],[-35.756,-6.142],[-35.753,-6.141],[-35.75,-6.141],[-35.749,-6.14],[-35.746,-6.141],[-35.744,-6.141],[-35.742,-6.144],[-35.741,-6.145],[-35.741,-6.144],[-35.74,-6.144],[-35.738,-6.14],[-35.737,-6.14],[-35.736,-6.138],[-35.735,-6.138],[-35.733,-6.136],[-35.733,-6.134],[-35.732,-6.132],[-35.736,-6.13],[-35.74,-6.131],[-35.744,-6.131],[-35.746,-6.129],[-35.746,-6.128],[-35.749,-6.129],[-35.75,-6.128],[-35.75,-6.127],[-35.748,-6.128],[-35.746,-6.128],[-35.745,-6.13],[-35.736,-6.13],[-35.732,-6.131],[-35.731,-6.13],[-35.729,-6.128],[-35.728,-6.128],[-35.728,-6.127],[-35.73,-6.126],[-35.731,-6.123],[-35.73,-6.12],[-35.728,-6.118],[-35.727,-6.117],[-35.725,-6.117],[-35.725,-6.115],[-35.724,-6.114],[-35.72,-6.114],[-35.721,-6.112],[-35.715,-6.108],[-35.713,-6.109],[-35.712,-6.108],[-35.711,-6.104],[-35.713,-6.103],[-35.716,-6.104],[-35.717,-6.105],[-35.719,-6.106],[-35.722,-6.106],[-35.725,-6.107],[-35.727,-6.108],[-35.728,-6.108],[-35.729,-6.109],[-35.732,-6.11],[-35.735,-6.11],[-35.738,-6.112],[-35.74,-6.112],[-35.74,-6.111],[-35.741,-6.112],[-35.742,-6.112],[-35.742,-6.114],[-35.744,-6.114],[-35.746,-6.115],[-35.746,-6.116],[-35.748,-6.116],[-35.75,-6.117],[-35.751,-6.117],[-35.753,-6.116],[-35.754,-6.117],[-35.756,-6.117],[-35.758,-6.118],[-35.76,-6.118],[-35.76,-6.119],[-35.762,-6.118],[-35.764,-6.124],[-35.766,-6.123],[-35.768,-6.121],[-35.772,-6.118],[-35.775,-6.118],[-35.779,-6.117],[-35.78,-6.118],[-35.783,-6.117],[-35.786,-6.118],[-35.787,-6.118],[-35.789,-6.119],[-35.791,-6.12],[-35.793,-6.119],[-35.8,-6.119],[-35.802,-6.118],[-35.804,-6.117],[-35.804,-6.119],[-35.805,-6.119],[-35.806,-6.12],[-35.808,-6.119],[-35.808,-6.121],[-35.812,-6.122],[-35.812,-6.124],[-35.814,-6.126],[-35.813,-6.127],[-35.812,-6.13],[-35.815,-6.133],[-35.817,-6.136],[-35.819,-6.136],[-35.821,-6.138],[-35.823,-6.137],[-35.825,-6.139],[-35.826,-6.138],[-35.823,-6.137],[-35.821,-6.137],[-35.819,-6.136],[-35.817,-6.136],[-35.816,-6.133],[-35.813,-6.13],[-35.813,-6.128],[-35.814,-6.126],[-35.813,-6.124],[-35.812,-6.122],[-35.813,-6.12],[-35.814,-6.122],[-35.816,-6.122],[-35.817,-6.121],[-35.82,-6.123],[-35.825,-6.123],[-35.825,-6.124],[-35.828,-6.125],[-35.829,-6.127],[-35.829,-6.129],[-35.833,-6.132],[-35.833,-6.133],[-35.836,-6.134],[-35.837,-6.133],[-35.838,-6.134],[-35.837,-6.136],[-35.839,-6.137],[-35.839,-6.138],[-35.837,-6.143],[-35.839,-6.151],[-35.84,-6.155],[-35.84,-6.156],[-35.841,-6.155],[-35.84,-6.151],[-35.838,-6.143],[-35.84,-6.138],[-35.839,-6.137],[-35.838,-6.136],[-35.839,-6.134],[-35.842,-6.135],[-35.844,-6.136],[-35.844,-6.14],[-35.847,-6.141],[-35.847,-6.143],[-35.848,-6.146],[-35.85,-6.147],[-35.849,-6.148],[-35.85,-6.15],[-35.852,-6.151],[-35.853,-6.155],[-35.853,-6.154],[-35.852,-6.152],[-35.852,-6.15],[-35.851,-6.15],[-35.85,-6.147],[-35.849,-6.146],[-35.847,-6.143],[-35.847,-6.141],[-35.845,-6.139],[-35.844,-6.136],[-35.845,-6.135],[-35.848,-6.135],[-35.849,-6.136],[-35.853,-6.137],[-35.854,-6.138],[-35.856,-6.137],[-35.859,-6.142],[-35.862,-6.142],[-35.864,-6.141],[-35.866,-6.144],[-35.87,-6.147],[-35.869,-6.149],[-35.872,-6.15],[-35.873,-6.149],[-35.874,-6.15],[-35.876,-6.148],[-35.877,-6.148],[-35.879,-6.147],[-35.883,-6.144],[-35.885,-6.142],[-35.886,-6.14],[-35.885,-6.14],[-35.885,-6.142],[-35.882,-6.143],[-35.878,-6.147],[-35.877,-6.148],[-35.875,-6.147],[-35.874,-6.149],[-35.87,-6.149],[-35.871,-6.148],[-35.87,-6.147],[-35.866,-6.144],[-35.865,-6.142],[-35.864,-6.141],[-35.859,-6.141],[-35.856,-6.137],[-35.854,-6.137],[-35.853,-6.136],[-35.849,-6.136],[-35.849,-6.135],[-35.848,-6.134],[-35.844,-6.135],[-35.843,-6.134],[-35.839,-6.134],[-35.837,-6.132],[-35.836,-6.132],[-35.835,-6.133],[-35.834,-6.133],[-35.835,-6.131],[-35.83,-6.128],[-35.83,-6.127],[-35.829,-6.124],[-35.826,-6.123],[-35.826,-6.122],[-35.827,-6.121],[-35.828,-6.12],[-35.829,-6.12],[-35.83,-6.118],[-35.828,-6.116],[-35.833,-6.115],[-35.834,-6.114],[-35.835,-6.116],[-35.837,-6.116],[-35.839,-6.115],[-35.841,-6.113],[-35.848,-6.115],[-35.849,-6.119],[-35.85,-6.12],[-35.852,-6.125],[-35.854,-6.128],[-35.856,-6.129],[-35.856,-6.128],[-35.855,-6.128],[-35.852,-6.125],[-35.852,-6.123],[-35.851,-6.12],[-35.849,-6.119],[-35.848,-6.115],[-35.849,-6.113],[-35.851,-6.113],[-35.852,-6.115],[-35.855,-6.116],[-35.854,-6.117],[-35.854,-6.119],[-35.855,-6.121],[-35.861,-6.126],[-35.861,-6.128],[-35.863,-6.129],[-35.861,-6.127],[-35.861,-6.125],[-35.855,-6.121],[-35.854,-6.119],[-35.855,-6.116],[-35.852,-6.114],[-35.851,-6.113],[-35.853,-6.112],[-35.858,-6.114],[-35.858,-6.116],[-35.861,-6.117],[-35.861,-6.118],[-35.862,-6.118],[-35.866,-6.12],[-35.867,-6.122],[-35.866,-6.123],[-35.865,-6.125],[-35.866,-6.128],[-35.866,-6.129],[-35.868,-6.13],[-35.868,-6.131],[-35.872,-6.131],[-35.878,-6.129],[-35.882,-6.129],[-35.886,-6.13],[-35.886,-6.129],[-35.878,-6.128],[-35.872,-6.131],[-35.871,-6.13],[-35.869,-6.13],[-35.868,-6.129],[-35.866,-6.129],[-35.865,-6.125],[-35.867,-6.123],[-35.867,-6.121],[-35.865,-6.12],[-35.862,-6.118],[-35.861,-6.118],[-35.861,-6.117],[-35.859,-6.116],[-35.858,-6.115],[-35.859,-6.113],[-35.861,-6.113],[-35.867,-6.114],[-35.869,-6.11],[-35.871,-6.109],[-35.873,-6.111],[-35.875,-6.111],[-35.876,-6.109],[-35.878,-6.108],[-35.881,-6.111],[-35.882,-6.11],[-35.878,-6.108],[-35.876,-6.109],[-35.874,-6.111],[-35.871,-6.109],[-35.869,-6.11],[-35.867,-6.113],[-35.866,-6.114],[-35.861,-6.113],[-35.858,-6.113],[-35.855,-6.111],[-35.853,-6.111],[-35.854,-6.109],[-35.853,-6.108],[-35.854,-6.106],[-35.859,-6.106],[-35.863,-6.104],[-35.864,-6.101],[-35.864,-6.095],[-35.863,-6.096],[-35.864,-6.101],[-35.863,-6.103],[-35.859,-6.106],[-35.854,-6.105],[-35.853,-6.108],[-35.853,-6.109],[-35.852,-6.111],[-35.851,-6.112],[-35.848,-6.112],[-35.848,-6.114],[-35.843,-6.113],[-35.846,-6.107],[-35.846,-6.106],[-35.847,-6.105],[-35.848,-6.103],[-35.848,-6.101],[-35.85,-6.1],[-35.85,-6.098],[-35.849,-6.096],[-35.854,-6.091],[-35.857,-6.09],[-35.859,-6.09],[-35.862,-6.092],[-35.863,-6.092],[-35.863,-6.091],[-35.859,-6.089],[-35.854,-6.091],[-35.849,-6.095],[-35.85,-6.098],[-35.849,-6.099],[-35.848,-6.101],[-35.848,-6.103],[-35.847,-6.105],[-35.846,-6.105],[-35.846,-6.107],[-35.842,-6.113],[-35.841,-6.112],[-35.841,-6.11],[-35.842,-6.109],[-35.841,-6.107],[-35.842,-6.106],[-35.843,-6.105],[-35.842,-6.104],[-35.843,-6.103],[-35.842,-6.101],[-35.843,-6.1],[-35.843,-6.094],[-35.841,-6.092],[-35.837,-6.09],[-35.835,-6.088],[-35.832,-6.085],[-35.832,-6.08],[-35.83,-6.077],[-35.829,-6.077],[-35.83,-6.078],[-35.832,-6.081],[-35.831,-6.084],[-35.831,-6.085],[-35.835,-6.088],[-35.836,-6.091],[-35.841,-6.092],[-35.843,-6.094],[-35.843,-6.1],[-35.842,-6.101],[-35.842,-6.105],[-35.841,-6.106],[-35.841,-6.112],[-35.839,-6.114],[-35.836,-6.115],[-35.834,-6.113],[-35.834,-6.112],[-35.836,-6.111],[-35.837,-6.11],[-35.835,-6.107],[-35.836,-6.105],[-35.833,-6.103],[-35.833,-6.099],[-35.834,-6.099],[-35.836,-6.097],[-35.837,-6.096],[-35.836,-6.095],[-35.835,-6.096],[-35.834,-6.099],[-35.833,-6.099],[-35.832,-6.101],[-35.833,-6.103],[-35.835,-6.106],[-35.835,-6.108],[-35.836,-6.11],[-35.834,-6.112],[-35.834,-6.113],[-35.833,-6.115],[-35.828,-6.115],[-35.828,-6.116],[-35.829,-6.118],[-35.829,-6.119],[-35.827,-6.119],[-35.823,-6.122],[-35.822,-6.121],[-35.821,-6.122],[-35.817,-6.12],[-35.815,-6.121],[-35.815,-6.12],[-35.814,-6.119],[-35.812,-6.119],[-35.811,-6.121],[-35.809,-6.12],[-35.809,-6.119],[-35.808,-6.118],[-35.806,-6.119],[-35.805,-6.118],[-35.806,-6.117],[-35.808,-6.115],[-35.81,-6.115],[-35.812,-6.112],[-35.814,-6.111],[-35.814,-6.109],[-35.816,-6.104],[-35.82,-6.101],[-35.822,-6.101],[-35.82,-6.101],[-35.816,-6.103],[-35.813,-6.109],[-35.814,-6.111],[-35.811,-6.112],[-35.81,-6.114],[-35.808,-6.114],[-35.805,-6.117],[-35.803,-6.116],[-35.8,-6.118],[-35.789,-6.118],[-35.787,-6.117],[-35.786,-6.117],[-35.786,-6.116],[-35.788,-6.115],[-35.789,-6.115],[-35.791,-6.114],[-35.791,-6.11],[-35.79,-6.109],[-35.791,-6.108],[-35.792,-6.106],[-35.794,-6.104],[-35.795,-6.103],[-35.796,-6.103],[-35.797,-6.102],[-35.8,-6.103],[-35.801,-6.102],[-35.804,-6.1],[-35.807,-6.097],[-35.808,-6.096],[-35.811,-6.096],[-35.813,-6.094],[-35.815,-6.093],[-35.815,-6.092],[-35.818,-6.091],[-35.819,-6.09],[-35.82,-6.089],[-35.826,-6.089],[-35.828,-6.087],[-35.83,-6.087],[-35.83,-6.086],[-35.827,-6.087],[-35.826,-6.088],[-35.824,-6.089],[-35.819,-6.088],[-35.817,-6.091],[-35.815,-6.092],[-35.814,-6.093],[-35.813,-6.094],[-35.811,-6.095],[-35.808,-6.095],[-35.806,-6.096],[-35.804,-6.1],[-35.801,-6.102],[-35.8,-6.102],[-35.797,-6.101],[-35.796,-6.102],[-35.795,-6.102],[-35.795,-6.1],[-35.793,-6.098],[-35.796,-6.096],[-35.8,-6.091],[-35.801,-6.088],[-35.804,-6.086],[-35.805,-6.084],[-35.807,-6.081],[-35.807,-6.079],[-35.809,-6.077],[-35.81,-6.077],[-35.812,-6.075],[-35.813,-6.076],[-35.817,-6.076],[-35.821,-6.077],[-35.823,-6.079],[-35.821,-6.076],[-35.817,-6.075],[-35.812,-6.075],[-35.81,-6.076],[-35.808,-6.077],[-35.807,-6.079],[-35.807,-6.081],[-35.804,-6.084],[-35.803,-6.086],[-35.801,-6.087],[-35.8,-6.089],[-35.8,-6.09],[-35.796,-6.096],[-35.793,-6.098],[-35.792,-6.098],[-35.794,-6.1],[-35.794,-6.104],[-35.791,-6.106],[-35.791,-6.107],[-35.789,-6.109],[-35.79,-6.11],[-35.789,-6.113],[-35.787,-6.114],[-35.785,-6.117],[-35.782,-6.116],[-35.78,-6.117],[-35.78,-6.116],[-35.779,-6.115],[-35.777,-6.117],[-35.772,-6.117],[-35.767,-6.12],[-35.766,-6.122],[-35.765,-6.122],[-35.764,-6.121],[-35.764,-6.116],[-35.76,-6.115],[-35.757,-6.114],[-35.757,-6.113],[-35.756,-6.111],[-35.755,-6.111],[-35.751,-6.112],[-35.749,-6.113],[-35.748,-6.114],[-35.748,-6.115],[-35.747,-6.115],[-35.745,-6.113],[-35.743,-6.112],[-35.747,-6.109],[-35.753,-6.109],[-35.756,-6.111],[-35.761,-6.11],[-35.765,-6.11],[-35.77,-6.105],[-35.772,-6.105],[-35.776,-6.103],[-35.778,-6.101],[-35.782,-6.099],[-35.785,-6.099],[-35.786,-6.098],[-35.783,-6.098],[-35.778,-6.101],[-35.776,-6.103],[-35.774,-6.103],[-35.771,-6.105],[-35.77,-6.105],[-35.764,-6.109],[-35.762,-6.11],[-35.756,-6.11],[-35.753,-6.108],[-35.753,-6.109],[-35.751,-6.108],[-35.748,-6.109],[-35.747,-6.109],[-35.745,-6.11],[-35.744,-6.111],[-35.743,-6.112],[-35.741,-6.11],[-35.739,-6.111],[-35.738,-6.111],[-35.736,-6.109],[-35.73,-6.108],[-35.729,-6.107],[-35.727,-6.107],[-35.726,-6.106],[-35.722,-6.105],[-35.719,-6.105],[-35.715,-6.103],[-35.713,-6.102],[-35.71,-6.103],[-35.709,-6.101],[-35.703,-6.1],[-35.703,-6.096],[-35.701,-6.095],[-35.701,-6.093],[-35.702,-6.092],[-35.702,-6.089],[-35.704,-6.088],[-35.705,-6.087],[-35.705,-6.086],[-35.704,-6.085],[-35.704,-6.083],[-35.702,-6.082],[-35.702,-6.081],[-35.7,-6.081],[-35.701,-6.08],[-35.701,-6.073],[-35.699,-6.072],[-35.7,-6.069],[-35.698,-6.067],[-35.698,-6.066],[-35.7,-6.065],[-35.699,-6.064],[-35.699,-6.063],[-35.698,-6.06],[-35.699,-6.058],[-35.697,-6.054],[-35.695,-6.054],[-35.694,-6.052],[-35.693,-6.051],[-35.694,-6.049],[-35.693,-6.048],[-35.692,-6.047],[-35.691,-6.048],[-35.689,-6.046],[-35.69,-6.045],[-35.691,-6.042],[-35.692,-6.04],[-35.692,-6.037],[-35.691,-6.035],[-35.691,-6.033],[-35.696,-6.033],[-35.699,-6.034],[-35.701,-6.034],[-35.703,-6.037],[-35.704,-6.036],[-35.702,-6.034],[-35.699,-6.034],[-35.696,-6.032],[-35.691,-6.033],[-35.691,-6.029],[-35.693,-6.028],[-35.695,-6.027],[-35.695,-6.026],[-35.693,-6.028],[-35.691,-6.029],[-35.689,-6.028],[-35.687,-6.028],[-35.687,-6.027],[-35.685,-6.025],[-35.682,-6.025],[-35.681,-6.022],[-35.681,-6.02],[-35.683,-6.019],[-35.689,-6.02],[-35.693,-6.017],[-35.689,-6.019],[-35.683,-6.019],[-35.681,-6.02],[-35.677,-6.015],[-35.675,-6.012],[-35.675,-6.01],[-35.674,-6.009],[-35.674,-6.008],[-35.675,-6.008],[-35.677,-6.007],[-35.68,-6.001],[-35.68,-5.999],[-35.679,-5.998],[-35.677,-5.993],[-35.677,-5.992],[-35.675,-5.99],[-35.675,-5.988],[-35.674,-5.986],[-35.672,-5.986],[-35.672,-5.988],[-35.673,-5.99],[-35.675,-5.991],[-35.677,-5.992],[-35.677,-5.994],[-35.679,-5.998],[-35.679,-5.999],[-35.676,-6.007],[-35.673,-6.008],[-35.672,-6.007],[-35.671,-6.008],[-35.668,-6.007],[-35.666,-6.008],[-35.665,-6.007],[-35.664,-6.006],[-35.661,-6.005],[-35.658,-6.003],[-35.657,-6.001],[-35.655,-6],[-35.654,-5.998],[-35.652,-5.997],[-35.651,-5.995],[-35.65,-5.994],[-35.647,-5.994],[-35.645,-5.995],[-35.645,-5.994],[-35.644,-5.994],[-35.645,-5.993],[-35.644,-5.991],[-35.64,-5.99],[-35.639,-5.989],[-35.64,-5.987],[-35.639,-5.987],[-35.637,-5.988],[-35.637,-5.987],[-35.636,-5.987],[-35.636,-5.986],[-35.638,-5.986],[-35.639,-5.985],[-35.643,-5.981],[-35.644,-5.979],[-35.647,-5.974],[-35.653,-5.971],[-35.654,-5.97],[-35.654,-5.969],[-35.65,-5.972],[-35.647,-5.974],[-35.643,-5.978],[-35.643,-5.98],[-35.637,-5.986],[-35.636,-5.986],[-35.632,-5.987],[-35.63,-5.985],[-35.629,-5.984],[-35.626,-5.985],[-35.626,-5.986],[-35.624,-5.985],[-35.624,-5.984],[-35.62,-5.984],[-35.619,-5.985],[-35.618,-5.985],[-35.618,-5.981],[-35.616,-5.98],[-35.615,-5.98],[-35.613,-5.977],[-35.612,-5.977],[-35.61,-5.978],[-35.611,-5.98],[-35.607,-5.979],[-35.607,-5.978],[-35.603,-5.978],[-35.602,-5.979],[-35.601,-5.98],[-35.597,-5.982],[-35.598,-5.981],[-35.596,-5.979],[-35.595,-5.98],[-35.594,-5.981],[-35.593,-5.982],[-35.592,-5.981],[-35.59,-5.98],[-35.588,-5.981],[-35.587,-5.98],[-35.586,-5.977],[-35.584,-5.976],[-35.581,-5.976],[-35.58,-5.978],[-35.578,-5.978],[-35.577,-5.98],[-35.573,-5.978],[-35.573,-5.976],[-35.572,-5.975],[-35.571,-5.974],[-35.58,-5.969],[-35.585,-5.965],[-35.591,-5.961],[-35.594,-5.957],[-35.593,-5.957],[-35.59,-5.96],[-35.584,-5.965],[-35.58,-5.969],[-35.574,-5.971],[-35.575,-5.97],[-35.574,-5.966],[-35.577,-5.964],[-35.577,-5.962],[-35.579,-5.96],[-35.579,-5.957],[-35.58,-5.955],[-35.579,-5.953],[-35.578,-5.952],[-35.575,-5.947],[-35.575,-5.946],[-35.577,-5.945],[-35.579,-5.943],[-35.578,-5.94],[-35.578,-5.939],[-35.578,-5.943],[-35.577,-5.944],[-35.575,-5.945],[-35.574,-5.947],[-35.577,-5.952],[-35.58,-5.955],[-35.578,-5.956],[-35.579,-5.96],[-35.577,-5.962],[-35.576,-5.963],[-35.574,-5.966],[-35.574,-5.971],[-35.571,-5.972],[-35.568,-5.972],[-35.566,-5.974],[-35.565,-5.974],[-35.561,-5.979],[-35.56,-5.978],[-35.558,-5.978],[-35.557,-5.977],[-35.556,-5.977],[-35.557,-5.972],[-35.558,-5.971],[-35.558,-5.968],[-35.56,-5.968],[-35.561,-5.967],[-35.561,-5.962],[-35.562,-5.958],[-35.562,-5.955],[-35.565,-5.952],[-35.567,-5.946],[-35.566,-5.946],[-35.565,-5.952],[-35.561,-5.955],[-35.561,-5.958],[-35.56,-5.962],[-35.56,-5.967],[-35.557,-5.968],[-35.555,-5.966],[-35.554,-5.963],[-35.552,-5.961],[-35.551,-5.959],[-35.552,-5.955],[-35.551,-5.953],[-35.549,-5.95],[-35.549,-5.948],[-35.55,-5.948],[-35.551,-5.947],[-35.55,-5.944],[-35.551,-5.941],[-35.549,-5.94],[-35.549,-5.938],[-35.545,-5.934],[-35.541,-5.934],[-35.539,-5.933],[-35.541,-5.932],[-35.542,-5.931],[-35.543,-5.932],[-35.544,-5.932],[-35.544,-5.931],[-35.543,-5.93],[-35.542,-5.93],[-35.541,-5.929],[-35.54,-5.93],[-35.54,-5.931],[-35.538,-5.932],[-35.539,-5.933],[-35.537,-5.932],[-35.537,-5.931],[-35.535,-5.926],[-35.534,-5.923],[-35.535,-5.922],[-35.538,-5.922],[-35.539,-5.924],[-35.54,-5.924],[-35.541,-5.922],[-35.542,-5.922],[-35.543,-5.92],[-35.544,-5.917],[-35.546,-5.917],[-35.546,-5.916],[-35.544,-5.917],[-35.543,-5.92],[-35.541,-5.921],[-35.54,-5.921],[-35.538,-5.922],[-35.536,-5.921],[-35.534,-5.922],[-35.532,-5.921],[-35.53,-5.919],[-35.523,-5.919],[-35.523,-5.918],[-35.521,-5.917],[-35.516,-5.916],[-35.514,-5.914],[-35.511,-5.913],[-35.51,-5.913],[-35.509,-5.912],[-35.505,-5.911],[-35.499,-5.911],[-35.497,-5.91],[-35.496,-5.91],[-35.495,-5.908],[-35.493,-5.907],[-35.492,-5.904],[-35.491,-5.901],[-35.488,-5.898],[-35.484,-5.898],[-35.48,-5.897],[-35.48,-5.898],[-35.475,-5.899],[-35.473,-5.9],[-35.471,-5.899],[-35.465,-5.895],[-35.464,-5.896],[-35.462,-5.895],[-35.457,-5.895],[-35.457,-5.894],[-35.454,-5.896],[-35.452,-5.896],[-35.452,-5.898],[-35.446,-5.899],[-35.443,-5.897],[-35.44,-5.897],[-35.439,-5.898],[-35.437,-5.897],[-35.436,-5.899],[-35.433,-5.899],[-35.433,-5.903],[-35.431,-5.903],[-35.429,-5.902],[-35.427,-5.902],[-35.427,-5.901],[-35.425,-5.901],[-35.424,-5.899],[-35.423,-5.898],[-35.424,-5.894],[-35.422,-5.891],[-35.422,-5.889],[-35.421,-5.888],[-35.421,-5.885],[-35.42,-5.885],[-35.421,-5.884],[-35.422,-5.883],[-35.422,-5.882],[-35.419,-5.882],[-35.418,-5.881],[-35.419,-5.88],[-35.418,-5.88],[-35.416,-5.881],[-35.414,-5.876],[-35.414,-5.872],[-35.419,-5.87],[-35.428,-5.871],[-35.433,-5.869],[-35.44,-5.867],[-35.441,-5.867],[-35.447,-5.865],[-35.448,-5.866],[-35.45,-5.866],[-35.457,-5.868],[-35.462,-5.869],[-35.469,-5.875],[-35.474,-5.876],[-35.475,-5.878],[-35.475,-5.879],[-35.476,-5.881],[-35.481,-5.884],[-35.487,-5.885],[-35.488,-5.887],[-35.494,-5.89],[-35.495,-5.891],[-35.496,-5.893],[-35.498,-5.894],[-35.499,-5.893],[-35.499,-5.892],[-35.498,-5.892],[-35.498,-5.89],[-35.495,-5.889],[-35.498,-5.887],[-35.5,-5.888],[-35.503,-5.888],[-35.504,-5.889],[-35.507,-5.889],[-35.507,-5.888],[-35.504,-5.888],[-35.503,-5.887],[-35.5,-5.887],[-35.499,-5.886],[-35.498,-5.886],[-35.496,-5.887],[-35.495,-5.889],[-35.493,-5.889],[-35.491,-5.887],[-35.489,-5.886],[-35.489,-5.884],[-35.49,-5.883],[-35.491,-5.882],[-35.49,-5.881],[-35.489,-5.881],[-35.488,-5.882],[-35.488,-5.883],[-35.484,-5.883],[-35.483,-5.881],[-35.481,-5.882],[-35.477,-5.879],[-35.475,-5.875],[-35.474,-5.874],[-35.47,-5.874],[-35.463,-5.868],[-35.461,-5.867],[-35.457,-5.866],[-35.455,-5.867],[-35.451,-5.865],[-35.45,-5.865],[-35.446,-5.864],[-35.443,-5.865],[-35.434,-5.866],[-35.433,-5.868],[-35.427,-5.87],[-35.419,-5.868],[-35.417,-5.869],[-35.414,-5.871],[-35.409,-5.869],[-35.403,-5.871],[-35.398,-5.871],[-35.396,-5.87],[-35.394,-5.87],[-35.388,-5.871],[-35.387,-5.872],[-35.384,-5.873],[-35.384,-5.875],[-35.376,-5.875],[-35.375,-5.876],[-35.372,-5.875],[-35.37,-5.873],[-35.366,-5.872],[-35.365,-5.872],[-35.364,-5.874],[-35.363,-5.874],[-35.361,-5.871],[-35.361,-5.868],[-35.358,-5.868],[-35.357,-5.866],[-35.355,-5.864],[-35.357,-5.866],[-35.362,-5.867],[-35.363,-5.866],[-35.365,-5.865],[-35.366,-5.865],[-35.368,-5.863],[-35.37,-5.862],[-35.371,-5.859],[-35.373,-5.859],[-35.376,-5.86],[-35.376,-5.857],[-35.378,-5.857],[-35.377,-5.856],[-35.376,-5.857],[-35.375,-5.859],[-35.372,-5.858],[-35.372,-5.857],[-35.37,-5.858],[-35.369,-5.862],[-35.368,-5.863],[-35.365,-5.864],[-35.363,-5.866],[-35.362,-5.866],[-35.358,-5.865],[-35.355,-5.862],[-35.356,-5.861],[-35.355,-5.861],[-35.352,-5.859],[-35.351,-5.858],[-35.35,-5.856],[-35.343,-5.855],[-35.34,-5.853],[-35.339,-5.853],[-35.337,-5.851],[-35.336,-5.852],[-35.334,-5.851],[-35.334,-5.852],[-35.332,-5.85],[-35.328,-5.849],[-35.328,-5.846],[-35.327,-5.845],[-35.328,-5.843],[-35.327,-5.842],[-35.327,-5.845],[-35.324,-5.845],[-35.321,-5.844],[-35.318,-5.845],[-35.319,-5.843],[-35.321,-5.843],[-35.321,-5.842],[-35.32,-5.84],[-35.315,-5.84],[-35.313,-5.837],[-35.309,-5.835],[-35.304,-5.835],[-35.298,-5.833],[-35.301,-5.831],[-35.301,-5.83],[-35.302,-5.831],[-35.304,-5.83],[-35.304,-5.828],[-35.305,-5.826],[-35.307,-5.825],[-35.307,-5.824],[-35.308,-5.824],[-35.309,-5.823],[-35.31,-5.824],[-35.31,-5.822],[-35.309,-5.821],[-35.308,-5.821],[-35.309,-5.822],[-35.309,-5.823],[-35.308,-5.824],[-35.304,-5.824],[-35.303,-5.827],[-35.302,-5.828],[-35.302,-5.83],[-35.3,-5.83],[-35.3,-5.831],[-35.298,-5.833],[-35.296,-5.833],[-35.293,-5.829],[-35.283,-5.825],[-35.283,-5.823],[-35.284,-5.822],[-35.285,-5.823],[-35.285,-5.824],[-35.286,-5.825],[-35.287,-5.824],[-35.29,-5.824],[-35.291,-5.822],[-35.291,-5.823],[-35.292,-5.823],[-35.293,-5.82],[-35.296,-5.82],[-35.299,-5.819],[-35.3,-5.82],[-35.303,-5.818],[-35.304,-5.818],[-35.304,-5.816],[-35.305,-5.816],[-35.307,-5.818],[-35.309,-5.818],[-35.313,-5.817],[-35.315,-5.819],[-35.317,-5.822],[-35.318,-5.823],[-35.321,-5.823],[-35.325,-5.826],[-35.33,-5.826],[-35.331,-5.827],[-35.332,-5.827],[-35.334,-5.83],[-35.336,-5.831],[-35.343,-5.831],[-35.347,-5.834],[-35.349,-5.833],[-35.353,-5.833],[-35.355,-5.835],[-35.357,-5.834],[-35.357,-5.833],[-35.359,-5.832],[-35.361,-5.834],[-35.363,-5.833],[-35.369,-5.833],[-35.37,-5.835],[-35.37,-5.838],[-35.372,-5.84],[-35.374,-5.843],[-35.377,-5.844],[-35.385,-5.843],[-35.388,-5.844],[-35.39,-5.845],[-35.392,-5.845],[-35.396,-5.844],[-35.396,-5.847],[-35.398,-5.848],[-35.4,-5.848],[-35.401,-5.845],[-35.404,-5.846],[-35.41,-5.844],[-35.416,-5.841],[-35.418,-5.84],[-35.42,-5.837],[-35.42,-5.836],[-35.432,-5.836],[-35.433,-5.835],[-35.42,-5.836],[-35.419,-5.836],[-35.418,-5.84],[-35.411,-5.843],[-35.404,-5.845],[-35.401,-5.845],[-35.4,-5.843],[-35.398,-5.843],[-35.392,-5.844],[-35.39,-5.844],[-35.388,-5.843],[-35.386,-5.842],[-35.377,-5.843],[-35.374,-5.843],[-35.373,-5.84],[-35.371,-5.838],[-35.371,-5.836],[-35.37,-5.834],[-35.369,-5.832],[-35.362,-5.833],[-35.361,-5.833],[-35.359,-5.832],[-35.357,-5.832],[-35.356,-5.834],[-35.355,-5.834],[-35.353,-5.833],[-35.345,-5.832],[-35.342,-5.831],[-35.336,-5.83],[-35.334,-5.829],[-35.333,-5.827],[-35.331,-5.827],[-35.33,-5.825],[-35.328,-5.825],[-35.327,-5.826],[-35.326,-5.825],[-35.321,-5.822],[-35.318,-5.823],[-35.317,-5.821],[-35.316,-5.818],[-35.313,-5.817],[-35.309,-5.818],[-35.308,-5.817],[-35.305,-5.815],[-35.304,-5.815],[-35.303,-5.816],[-35.303,-5.818],[-35.301,-5.819],[-35.299,-5.818],[-35.296,-5.819],[-35.295,-5.819],[-35.294,-5.82],[-35.293,-5.819],[-35.293,-5.82],[-35.292,-5.819],[-35.292,-5.821],[-35.291,-5.82],[-35.29,-5.82],[-35.289,-5.821],[-35.288,-5.821],[-35.285,-5.823],[-35.284,-5.822],[-35.284,-5.82],[-35.282,-5.816],[-35.277,-5.814],[-35.273,-5.81],[-35.27,-5.809],[-35.264,-5.808],[-35.264,-5.806],[-35.266,-5.806],[-35.268,-5.803],[-35.271,-5.802],[-35.271,-5.805],[-35.272,-5.806],[-35.276,-5.805],[-35.279,-5.802],[-35.283,-5.802],[-35.284,-5.804],[-35.285,-5.806],[-35.287,-5.806],[-35.289,-5.805],[-35.289,-5.8],[-35.29,-5.799],[-35.294,-5.798],[-35.299,-5.799],[-35.303,-5.797],[-35.306,-5.797],[-35.311,-5.801],[-35.312,-5.801],[-35.315,-5.799],[-35.32,-5.798],[-35.326,-5.8],[-35.334,-5.806],[-35.333,-5.81],[-35.332,-5.812],[-35.333,-5.814],[-35.335,-5.815],[-35.34,-5.815],[-35.345,-5.818],[-35.348,-5.818],[-35.36,-5.811],[-35.363,-5.815],[-35.364,-5.816],[-35.369,-5.816],[-35.374,-5.815],[-35.377,-5.813],[-35.378,-5.812],[-35.379,-5.809],[-35.38,-5.807],[-35.384,-5.807],[-35.385,-5.808],[-35.385,-5.811],[-35.386,-5.812],[-35.387,-5.814],[-35.388,-5.814],[-35.387,-5.812],[-35.388,-5.813],[-35.392,-5.815],[-35.393,-5.817],[-35.4,-5.817],[-35.4,-5.819],[-35.402,-5.819],[-35.403,-5.821],[-35.406,-5.823],[-35.407,-5.822],[-35.404,-5.821],[-35.402,-5.819],[-35.4,-5.818],[-35.4,-5.817],[-35.398,-5.816],[-35.394,-5.817],[-35.393,-5.815],[-35.396,-5.816],[-35.396,-5.815],[-35.392,-5.814],[-35.389,-5.813],[-35.393,-5.813],[-35.398,-5.812],[-35.399,-5.812],[-35.401,-5.813],[-35.405,-5.81],[-35.407,-5.811],[-35.407,-5.812],[-35.408,-5.813],[-35.408,-5.815],[-35.412,-5.816],[-35.412,-5.817],[-35.413,-5.816],[-35.413,-5.818],[-35.414,-5.818],[-35.416,-5.82],[-35.417,-5.821],[-35.417,-5.825],[-35.418,-5.821],[-35.415,-5.818],[-35.415,-5.817],[-35.413,-5.816],[-35.412,-5.816],[-35.409,-5.815],[-35.409,-5.811],[-35.405,-5.81],[-35.401,-5.812],[-35.399,-5.811],[-35.397,-5.811],[-35.393,-5.813],[-35.389,-5.812],[-35.388,-5.812],[-35.387,-5.811],[-35.386,-5.811],[-35.385,-5.81],[-35.386,-5.808],[-35.385,-5.807],[-35.387,-5.803],[-35.39,-5.8],[-35.396,-5.799],[-35.398,-5.798],[-35.399,-5.793],[-35.4,-5.792],[-35.401,-5.791],[-35.408,-5.797],[-35.408,-5.799],[-35.412,-5.808],[-35.413,-5.809],[-35.418,-5.812],[-35.428,-5.814],[-35.431,-5.815],[-35.432,-5.815],[-35.434,-5.816],[-35.434,-5.817],[-35.436,-5.817],[-35.436,-5.816],[-35.437,-5.815],[-35.439,-5.814],[-35.44,-5.816],[-35.438,-5.817],[-35.439,-5.818],[-35.439,-5.819],[-35.44,-5.82],[-35.441,-5.823],[-35.442,-5.822],[-35.441,-5.822],[-35.441,-5.819],[-35.44,-5.818],[-35.441,-5.816],[-35.44,-5.814],[-35.434,-5.814],[-35.434,-5.815],[-35.427,-5.813],[-35.441,-5.813],[-35.447,-5.812],[-35.446,-5.814],[-35.448,-5.815],[-35.449,-5.811],[-35.451,-5.81],[-35.452,-5.812],[-35.45,-5.816],[-35.45,-5.819],[-35.451,-5.82],[-35.454,-5.82],[-35.458,-5.819],[-35.463,-5.817],[-35.466,-5.817],[-35.473,-5.821],[-35.48,-5.822],[-35.483,-5.826],[-35.486,-5.83],[-35.488,-5.831],[-35.49,-5.83],[-35.489,-5.834],[-35.491,-5.836],[-35.49,-5.839],[-35.488,-5.851],[-35.486,-5.854],[-35.486,-5.856],[-35.483,-5.858],[-35.479,-5.862],[-35.478,-5.864],[-35.479,-5.865],[-35.482,-5.863],[-35.482,-5.861],[-35.486,-5.856],[-35.487,-5.854],[-35.488,-5.851],[-35.49,-5.839],[-35.491,-5.839],[-35.492,-5.836],[-35.49,-5.834],[-35.49,-5.83],[-35.494,-5.829],[-35.502,-5.828],[-35.507,-5.826],[-35.507,-5.825],[-35.509,-5.824],[-35.513,-5.822],[-35.52,-5.822],[-35.522,-5.83],[-35.525,-5.831],[-35.527,-5.832],[-35.527,-5.833],[-35.526,-5.833],[-35.525,-5.834],[-35.522,-5.839],[-35.521,-5.841],[-35.52,-5.842],[-35.52,-5.843],[-35.522,-5.841],[-35.524,-5.836],[-35.526,-5.834],[-35.527,-5.834],[-35.527,-5.832],[-35.533,-5.832],[-35.533,-5.833],[-35.536,-5.834],[-35.536,-5.835],[-35.535,-5.836],[-35.535,-5.837],[-35.536,-5.839],[-35.537,-5.839],[-35.536,-5.842],[-35.535,-5.841],[-35.534,-5.842],[-35.533,-5.846],[-35.532,-5.846],[-35.532,-5.847],[-35.531,-5.853],[-35.525,-5.865],[-35.526,-5.865],[-35.532,-5.853],[-35.532,-5.847],[-35.533,-5.846],[-35.534,-5.846],[-35.535,-5.842],[-35.537,-5.842],[-35.537,-5.841],[-35.538,-5.84],[-35.538,-5.838],[-35.536,-5.838],[-35.536,-5.836],[-35.537,-5.835],[-35.537,-5.834],[-35.536,-5.833],[-35.534,-5.833],[-35.533,-5.832],[-35.536,-5.83],[-35.539,-5.831],[-35.541,-5.833],[-35.541,-5.835],[-35.542,-5.836],[-35.542,-5.837],[-35.543,-5.838],[-35.542,-5.841],[-35.543,-5.841],[-35.542,-5.844],[-35.543,-5.845],[-35.543,-5.846],[-35.544,-5.847],[-35.543,-5.848],[-35.545,-5.849],[-35.545,-5.85],[-35.543,-5.851],[-35.543,-5.853],[-35.544,-5.854],[-35.545,-5.853],[-35.545,-5.855],[-35.546,-5.855],[-35.547,-5.857],[-35.544,-5.857],[-35.544,-5.858],[-35.545,-5.859],[-35.544,-5.86],[-35.544,-5.861],[-35.547,-5.861],[-35.547,-5.862],[-35.545,-5.863],[-35.545,-5.864],[-35.546,-5.867],[-35.544,-5.87],[-35.544,-5.876],[-35.543,-5.877],[-35.54,-5.886],[-35.54,-5.887],[-35.541,-5.89],[-35.541,-5.893],[-35.539,-5.895],[-35.541,-5.893],[-35.542,-5.89],[-35.541,-5.887],[-35.541,-5.884],[-35.544,-5.877],[-35.545,-5.876],[-35.544,-5.872],[-35.544,-5.87],[-35.546,-5.869],[-35.547,-5.867],[-35.545,-5.864],[-35.547,-5.863],[-35.547,-5.86],[-35.544,-5.86],[-35.546,-5.859],[-35.545,-5.858],[-35.547,-5.858],[-35.548,-5.857],[-35.547,-5.855],[-35.545,-5.854],[-35.545,-5.853],[-35.543,-5.853],[-35.544,-5.851],[-35.545,-5.85],[-35.545,-5.849],[-35.543,-5.848],[-35.544,-5.847],[-35.544,-5.845],[-35.542,-5.844],[-35.543,-5.841],[-35.544,-5.839],[-35.544,-5.838],[-35.542,-5.837],[-35.543,-5.836],[-35.542,-5.835],[-35.542,-5.833],[-35.539,-5.831],[-35.537,-5.83],[-35.543,-5.829],[-35.545,-5.829],[-35.547,-5.83],[-35.549,-5.837],[-35.554,-5.84],[-35.556,-5.842],[-35.559,-5.843],[-35.563,-5.847],[-35.564,-5.849],[-35.563,-5.852],[-35.561,-5.853],[-35.56,-5.855],[-35.559,-5.856],[-35.559,-5.858],[-35.557,-5.86],[-35.559,-5.861],[-35.556,-5.863],[-35.557,-5.864],[-35.555,-5.868],[-35.554,-5.869],[-35.554,-5.87],[-35.555,-5.87],[-35.554,-5.871],[-35.554,-5.873],[-35.553,-5.874],[-35.555,-5.875],[-35.556,-5.877],[-35.555,-5.878],[-35.555,-5.88],[-35.554,-5.882],[-35.553,-5.883],[-35.551,-5.885],[-35.55,-5.884],[-35.548,-5.885],[-35.551,-5.885],[-35.554,-5.884],[-35.554,-5.89],[-35.549,-5.894],[-35.554,-5.891],[-35.554,-5.894],[-35.551,-5.895],[-35.552,-5.895],[-35.554,-5.894],[-35.552,-5.897],[-35.551,-5.897],[-35.551,-5.898],[-35.553,-5.897],[-35.554,-5.895],[-35.555,-5.888],[-35.554,-5.887],[-35.555,-5.885],[-35.554,-5.883],[-35.555,-5.88],[-35.556,-5.878],[-35.557,-5.878],[-35.559,-5.879],[-35.559,-5.88],[-35.56,-5.88],[-35.559,-5.878],[-35.557,-5.877],[-35.555,-5.874],[-35.555,-5.872],[-35.556,-5.87],[-35.555,-5.869],[-35.559,-5.865],[-35.558,-5.863],[-35.559,-5.863],[-35.56,-5.862],[-35.56,-5.861],[-35.559,-5.86],[-35.56,-5.858],[-35.56,-5.857],[-35.561,-5.856],[-35.562,-5.853],[-35.564,-5.853],[-35.564,-5.852],[-35.565,-5.849],[-35.566,-5.851],[-35.566,-5.857],[-35.568,-5.858],[-35.573,-5.859],[-35.572,-5.859],[-35.572,-5.86],[-35.574,-5.862],[-35.574,-5.863],[-35.573,-5.863],[-35.573,-5.864],[-35.574,-5.865],[-35.573,-5.866],[-35.572,-5.867],[-35.572,-5.868],[-35.573,-5.868],[-35.571,-5.869],[-35.571,-5.87],[-35.57,-5.871],[-35.57,-5.873],[-35.572,-5.874],[-35.571,-5.874],[-35.571,-5.875],[-35.569,-5.875],[-35.569,-5.877],[-35.57,-5.877],[-35.568,-5.88],[-35.568,-5.881],[-35.567,-5.881],[-35.567,-5.882],[-35.566,-5.882],[-35.565,-5.885],[-35.562,-5.886],[-35.561,-5.889],[-35.56,-5.891],[-35.561,-5.892],[-35.559,-5.894],[-35.557,-5.896],[-35.557,-5.898],[-35.556,-5.898],[-35.555,-5.899],[-35.552,-5.898],[-35.551,-5.899],[-35.554,-5.899],[-35.552,-5.9],[-35.552,-5.901],[-35.555,-5.899],[-35.554,-5.902],[-35.552,-5.901],[-35.551,-5.902],[-35.554,-5.902],[-35.556,-5.898],[-35.557,-5.898],[-35.557,-5.899],[-35.555,-5.904],[-35.553,-5.904],[-35.551,-5.906],[-35.552,-5.907],[-35.553,-5.905],[-35.555,-5.904],[-35.555,-5.907],[-35.549,-5.912],[-35.55,-5.913],[-35.555,-5.907],[-35.556,-5.904],[-35.558,-5.9],[-35.558,-5.897],[-35.559,-5.895],[-35.559,-5.894],[-35.561,-5.892],[-35.561,-5.891],[-35.562,-5.887],[-35.565,-5.885],[-35.565,-5.884],[-35.567,-5.889],[-35.569,-5.89],[-35.569,-5.894],[-35.57,-5.897],[-35.568,-5.898],[-35.568,-5.902],[-35.567,-5.904],[-35.567,-5.905],[-35.565,-5.907],[-35.564,-5.911],[-35.563,-5.913],[-35.563,-5.915],[-35.561,-5.918],[-35.562,-5.925],[-35.562,-5.918],[-35.564,-5.916],[-35.566,-5.918],[-35.566,-5.921],[-35.567,-5.921],[-35.566,-5.918],[-35.564,-5.915],[-35.564,-5.913],[-35.565,-5.912],[-35.565,-5.907],[-35.566,-5.907],[-35.568,-5.905],[-35.568,-5.903],[-35.569,-5.901],[-35.568,-5.899],[-35.57,-5.898],[-35.57,-5.896],[-35.569,-5.894],[-35.57,-5.891],[-35.569,-5.889],[-35.568,-5.889],[-35.567,-5.887],[-35.566,-5.884],[-35.566,-5.883],[-35.567,-5.882],[-35.568,-5.881],[-35.568,-5.88],[-35.569,-5.879],[-35.571,-5.877],[-35.57,-5.877],[-35.57,-5.876],[-35.571,-5.876],[-35.573,-5.874],[-35.573,-5.873],[-35.57,-5.872],[-35.57,-5.871],[-35.571,-5.871],[-35.571,-5.87],[-35.574,-5.869],[-35.573,-5.867],[-35.574,-5.866],[-35.574,-5.863],[-35.575,-5.863],[-35.575,-5.862],[-35.573,-5.86],[-35.574,-5.859],[-35.582,-5.861],[-35.584,-5.861],[-35.584,-5.863],[-35.585,-5.864],[-35.587,-5.871],[-35.585,-5.873],[-35.586,-5.874],[-35.585,-5.876],[-35.588,-5.881],[-35.59,-5.882],[-35.591,-5.885],[-35.592,-5.884],[-35.591,-5.882],[-35.588,-5.881],[-35.586,-5.876],[-35.586,-5.874],[-35.585,-5.873],[-35.587,-5.872],[-35.587,-5.868],[-35.586,-5.865],[-35.586,-5.863],[-35.584,-5.863],[-35.584,-5.862],[-35.59,-5.865],[-35.6,-5.873],[-35.605,-5.876],[-35.604,-5.878],[-35.603,-5.879],[-35.603,-5.882],[-35.602,-5.883],[-35.601,-5.883],[-35.6,-5.885],[-35.6,-5.887],[-35.598,-5.886],[-35.598,-5.888],[-35.597,-5.888],[-35.596,-5.891],[-35.594,-5.891],[-35.594,-5.894],[-35.593,-5.894],[-35.592,-5.896],[-35.591,-5.895],[-35.589,-5.898],[-35.588,-5.898],[-35.587,-5.901],[-35.588,-5.906],[-35.587,-5.907],[-35.587,-5.91],[-35.586,-5.911],[-35.586,-5.914],[-35.587,-5.914],[-35.587,-5.911],[-35.588,-5.911],[-35.588,-5.908],[-35.589,-5.906],[-35.588,-5.901],[-35.589,-5.899],[-35.59,-5.898],[-35.591,-5.896],[-35.593,-5.896],[-35.593,-5.894],[-35.594,-5.894],[-35.594,-5.891],[-35.597,-5.891],[-35.597,-5.888],[-35.598,-5.888],[-35.599,-5.887],[-35.6,-5.888],[-35.601,-5.888],[-35.6,-5.885],[-35.601,-5.883],[-35.602,-5.884],[-35.603,-5.882],[-35.603,-5.881],[-35.604,-5.881],[-35.604,-5.88],[-35.605,-5.879],[-35.605,-5.876],[-35.609,-5.877],[-35.613,-5.878],[-35.613,-5.88],[-35.611,-5.879],[-35.611,-5.881],[-35.612,-5.882],[-35.613,-5.882],[-35.612,-5.883],[-35.612,-5.885],[-35.615,-5.885],[-35.614,-5.889],[-35.616,-5.889],[-35.617,-5.891],[-35.618,-5.889],[-35.619,-5.89],[-35.617,-5.892],[-35.617,-5.895],[-35.616,-5.896],[-35.618,-5.899],[-35.619,-5.899],[-35.62,-5.897],[-35.62,-5.898],[-35.622,-5.898],[-35.622,-5.9],[-35.62,-5.902],[-35.62,-5.903],[-35.618,-5.903],[-35.616,-5.904],[-35.617,-5.908],[-35.616,-5.913],[-35.617,-5.914],[-35.614,-5.915],[-35.613,-5.918],[-35.611,-5.918],[-35.611,-5.92],[-35.609,-5.921],[-35.609,-5.922],[-35.607,-5.921],[-35.606,-5.921],[-35.604,-5.923],[-35.601,-5.922],[-35.599,-5.923],[-35.594,-5.926],[-35.589,-5.926],[-35.589,-5.927],[-35.595,-5.927],[-35.598,-5.923],[-35.602,-5.923],[-35.603,-5.926],[-35.604,-5.927],[-35.603,-5.928],[-35.603,-5.931],[-35.601,-5.933],[-35.601,-5.937],[-35.598,-5.939],[-35.598,-5.942],[-35.597,-5.946],[-35.596,-5.949],[-35.595,-5.954],[-35.595,-5.952],[-35.596,-5.949],[-35.598,-5.948],[-35.598,-5.942],[-35.599,-5.939],[-35.601,-5.937],[-35.602,-5.934],[-35.604,-5.931],[-35.603,-5.928],[-35.604,-5.927],[-35.603,-5.926],[-35.603,-5.923],[-35.604,-5.923],[-35.607,-5.922],[-35.609,-5.922],[-35.611,-5.921],[-35.611,-5.919],[-35.613,-5.919],[-35.614,-5.918],[-35.616,-5.918],[-35.616,-5.922],[-35.618,-5.922],[-35.621,-5.924],[-35.621,-5.927],[-35.625,-5.93],[-35.624,-5.931],[-35.622,-5.933],[-35.621,-5.933],[-35.621,-5.937],[-35.623,-5.94],[-35.623,-5.942],[-35.622,-5.944],[-35.622,-5.95],[-35.623,-5.951],[-35.624,-5.952],[-35.625,-5.951],[-35.623,-5.95],[-35.623,-5.944],[-35.624,-5.942],[-35.624,-5.94],[-35.622,-5.937],[-35.621,-5.935],[-35.625,-5.931],[-35.625,-5.929],[-35.622,-5.927],[-35.622,-5.924],[-35.618,-5.922],[-35.617,-5.922],[-35.617,-5.921],[-35.616,-5.92],[-35.616,-5.918],[-35.614,-5.917],[-35.615,-5.915],[-35.617,-5.914],[-35.617,-5.913],[-35.618,-5.908],[-35.617,-5.904],[-35.618,-5.903],[-35.62,-5.904],[-35.62,-5.903],[-35.621,-5.902],[-35.623,-5.904],[-35.622,-5.907],[-35.623,-5.909],[-35.625,-5.91],[-35.627,-5.913],[-35.626,-5.922],[-35.628,-5.924],[-35.627,-5.922],[-35.627,-5.917],[-35.628,-5.913],[-35.626,-5.91],[-35.625,-5.91],[-35.623,-5.908],[-35.623,-5.904],[-35.622,-5.902],[-35.623,-5.903],[-35.625,-5.903],[-35.625,-5.905],[-35.627,-5.908],[-35.629,-5.909],[-35.629,-5.91],[-35.631,-5.914],[-35.636,-5.914],[-35.638,-5.919],[-35.639,-5.919],[-35.639,-5.923],[-35.628,-5.931],[-35.629,-5.933],[-35.63,-5.935],[-35.63,-5.937],[-35.631,-5.943],[-35.633,-5.949],[-35.634,-5.949],[-35.631,-5.943],[-35.631,-5.937],[-35.63,-5.937],[-35.631,-5.935],[-35.629,-5.933],[-35.629,-5.931],[-35.63,-5.93],[-35.632,-5.929],[-35.635,-5.926],[-35.638,-5.925],[-35.64,-5.922],[-35.642,-5.925],[-35.641,-5.926],[-35.641,-5.927],[-35.643,-5.926],[-35.644,-5.926],[-35.644,-5.929],[-35.643,-5.931],[-35.643,-5.932],[-35.641,-5.934],[-35.641,-5.937],[-35.643,-5.938],[-35.644,-5.939],[-35.647,-5.945],[-35.65,-5.946],[-35.65,-5.95],[-35.651,-5.95],[-35.65,-5.95],[-35.65,-5.946],[-35.649,-5.944],[-35.647,-5.944],[-35.645,-5.939],[-35.643,-5.938],[-35.642,-5.936],[-35.642,-5.934],[-35.643,-5.933],[-35.643,-5.932],[-35.645,-5.929],[-35.645,-5.925],[-35.643,-5.925],[-35.642,-5.926],[-35.642,-5.925],[-35.641,-5.922],[-35.64,-5.921],[-35.64,-5.918],[-35.638,-5.918],[-35.636,-5.914],[-35.635,-5.913],[-35.632,-5.913],[-35.631,-5.912],[-35.63,-5.909],[-35.628,-5.908],[-35.626,-5.905],[-35.625,-5.903],[-35.623,-5.903],[-35.622,-5.901],[-35.623,-5.9],[-35.622,-5.898],[-35.62,-5.897],[-35.619,-5.896],[-35.619,-5.899],[-35.618,-5.899],[-35.617,-5.897],[-35.619,-5.89],[-35.619,-5.889],[-35.618,-5.889],[-35.617,-5.89],[-35.616,-5.889],[-35.615,-5.888],[-35.615,-5.885],[-35.613,-5.884],[-35.613,-5.883],[-35.614,-5.883],[-35.614,-5.882],[-35.611,-5.881],[-35.612,-5.881],[-35.612,-5.88],[-35.613,-5.88],[-35.614,-5.878],[-35.617,-5.879],[-35.622,-5.882],[-35.623,-5.883],[-35.624,-5.89],[-35.627,-5.893],[-35.633,-5.894],[-35.64,-5.892],[-35.645,-5.893],[-35.647,-5.896],[-35.651,-5.896],[-35.651,-5.897],[-35.65,-5.899],[-35.65,-5.9],[-35.651,-5.902],[-35.654,-5.902],[-35.653,-5.904],[-35.653,-5.905],[-35.655,-5.909],[-35.657,-5.91],[-35.656,-5.911],[-35.655,-5.912],[-35.656,-5.913],[-35.655,-5.915],[-35.654,-5.916],[-35.652,-5.916],[-35.644,-5.915],[-35.649,-5.917],[-35.654,-5.917],[-35.656,-5.918],[-35.654,-5.919],[-35.655,-5.92],[-35.657,-5.92],[-35.656,-5.921],[-35.657,-5.922],[-35.658,-5.921],[-35.659,-5.923],[-35.658,-5.928],[-35.657,-5.929],[-35.659,-5.931],[-35.657,-5.932],[-35.657,-5.934],[-35.658,-5.936],[-35.659,-5.937],[-35.659,-5.939],[-35.658,-5.941],[-35.66,-5.948],[-35.661,-5.947],[-35.659,-5.94],[-35.66,-5.939],[-35.66,-5.937],[-35.658,-5.935],[-35.658,-5.932],[-35.659,-5.931],[-35.659,-5.93],[-35.658,-5.929],[-35.66,-5.923],[-35.658,-5.921],[-35.657,-5.921],[-35.657,-5.919],[-35.655,-5.92],[-35.656,-5.919],[-35.657,-5.918],[-35.657,-5.917],[-35.658,-5.914],[-35.657,-5.912],[-35.658,-5.91],[-35.657,-5.908],[-35.656,-5.908],[-35.654,-5.905],[-35.655,-5.903],[-35.654,-5.901],[-35.658,-5.903],[-35.662,-5.902],[-35.663,-5.904],[-35.662,-5.905],[-35.662,-5.91],[-35.665,-5.91],[-35.666,-5.908],[-35.667,-5.908],[-35.667,-5.91],[-35.668,-5.911],[-35.672,-5.911],[-35.673,-5.914],[-35.671,-5.92],[-35.673,-5.922],[-35.674,-5.922],[-35.673,-5.923],[-35.674,-5.926],[-35.677,-5.926],[-35.676,-5.928],[-35.677,-5.93],[-35.675,-5.932],[-35.675,-5.935],[-35.668,-5.942],[-35.668,-5.944],[-35.667,-5.945],[-35.668,-5.946],[-35.669,-5.944],[-35.669,-5.942],[-35.675,-5.935],[-35.676,-5.933],[-35.676,-5.932],[-35.677,-5.93],[-35.677,-5.926],[-35.674,-5.925],[-35.674,-5.921],[-35.671,-5.92],[-35.674,-5.914],[-35.672,-5.911],[-35.675,-5.912],[-35.678,-5.914],[-35.679,-5.913],[-35.681,-5.91],[-35.682,-5.91],[-35.687,-5.912],[-35.689,-5.915],[-35.688,-5.916],[-35.688,-5.919],[-35.689,-5.92],[-35.691,-5.92],[-35.692,-5.922],[-35.69,-5.925],[-35.691,-5.926],[-35.69,-5.928],[-35.691,-5.93],[-35.689,-5.931],[-35.691,-5.933],[-35.69,-5.935],[-35.69,-5.937],[-35.689,-5.941],[-35.685,-5.945],[-35.684,-5.947],[-35.685,-5.95],[-35.687,-5.953],[-35.688,-5.956],[-35.687,-5.962],[-35.684,-5.964],[-35.684,-5.966],[-35.685,-5.967],[-35.686,-5.968],[-35.687,-5.967],[-35.688,-5.964],[-35.687,-5.963],[-35.687,-5.96],[-35.688,-5.956],[-35.688,-5.953],[-35.685,-5.949],[-35.685,-5.945],[-35.687,-5.944],[-35.69,-5.941],[-35.691,-5.937],[-35.69,-5.936],[-35.691,-5.933],[-35.69,-5.931],[-35.691,-5.93],[-35.691,-5.925],[-35.692,-5.922],[-35.695,-5.923],[-35.695,-5.925],[-35.697,-5.925],[-35.698,-5.922],[-35.7,-5.923],[-35.702,-5.924],[-35.704,-5.926],[-35.705,-5.927],[-35.705,-5.928],[-35.702,-5.929],[-35.702,-5.931],[-35.706,-5.934],[-35.709,-5.934],[-35.708,-5.937],[-35.704,-5.941],[-35.702,-5.944],[-35.699,-5.945],[-35.697,-5.952],[-35.7,-5.945],[-35.702,-5.944],[-35.704,-5.941],[-35.708,-5.938],[-35.709,-5.938],[-35.71,-5.939],[-35.712,-5.939],[-35.711,-5.941],[-35.712,-5.943],[-35.715,-5.943],[-35.717,-5.94],[-35.719,-5.943],[-35.719,-5.946],[-35.72,-5.947],[-35.721,-5.949],[-35.72,-5.951],[-35.718,-5.952],[-35.715,-5.956],[-35.713,-5.956],[-35.712,-5.955],[-35.709,-5.956],[-35.704,-5.956],[-35.7,-5.96],[-35.701,-5.96],[-35.702,-5.959],[-35.704,-5.957],[-35.709,-5.957],[-35.711,-5.956],[-35.715,-5.956],[-35.719,-5.953],[-35.721,-5.951],[-35.722,-5.952],[-35.725,-5.954],[-35.724,-5.956],[-35.723,-5.955],[-35.72,-5.957],[-35.72,-5.958],[-35.722,-5.959],[-35.719,-5.961],[-35.718,-5.962],[-35.72,-5.963],[-35.714,-5.966],[-35.708,-5.965],[-35.706,-5.966],[-35.705,-5.966],[-35.701,-5.968],[-35.7,-5.969],[-35.701,-5.973],[-35.7,-5.975],[-35.701,-5.976],[-35.701,-5.968],[-35.705,-5.966],[-35.706,-5.967],[-35.708,-5.965],[-35.714,-5.966],[-35.72,-5.964],[-35.719,-5.966],[-35.718,-5.967],[-35.717,-5.968],[-35.718,-5.972],[-35.717,-5.975],[-35.718,-5.976],[-35.718,-5.982],[-35.715,-5.987],[-35.713,-5.988],[-35.711,-5.989],[-35.708,-5.992],[-35.708,-5.995],[-35.706,-5.999],[-35.707,-5.999],[-35.708,-5.996],[-35.709,-5.992],[-35.711,-5.989],[-35.714,-5.988],[-35.716,-5.988],[-35.719,-5.98],[-35.721,-5.983],[-35.722,-5.986],[-35.724,-5.99],[-35.722,-5.991],[-35.723,-5.997],[-35.722,-5.999],[-35.721,-6.006],[-35.72,-6.008],[-35.721,-6.009],[-35.718,-6.01],[-35.718,-6.013],[-35.717,-6.013],[-35.716,-6.014],[-35.715,-6.016],[-35.714,-6.016],[-35.714,-6.019],[-35.712,-6.02],[-35.712,-6.022],[-35.713,-6.023],[-35.711,-6.024],[-35.711,-6.026],[-35.71,-6.026],[-35.71,-6.029],[-35.712,-6.03],[-35.711,-6.031],[-35.711,-6.032],[-35.713,-6.036],[-35.714,-6.036],[-35.716,-6.038],[-35.715,-6.039],[-35.717,-6.045],[-35.716,-6.047],[-35.719,-6.049],[-35.722,-6.049],[-35.722,-6.051],[-35.723,-6.053],[-35.723,-6.055],[-35.724,-6.055],[-35.723,-6.06],[-35.723,-6.062],[-35.724,-6.064],[-35.725,-6.065],[-35.726,-6.065],[-35.727,-6.064],[-35.727,-6.065],[-35.728,-6.066],[-35.73,-6.069],[-35.728,-6.071],[-35.73,-6.073],[-35.731,-6.074],[-35.731,-6.075],[-35.73,-6.077],[-35.731,-6.078],[-35.734,-6.08],[-35.737,-6.083],[-35.737,-6.084],[-35.738,-6.083],[-35.74,-6.084],[-35.742,-6.086],[-35.744,-6.087],[-35.752,-6.088],[-35.754,-6.087],[-35.755,-6.087],[-35.757,-6.086],[-35.76,-6.087],[-35.762,-6.087],[-35.765,-6.09],[-35.768,-6.091],[-35.769,-6.094],[-35.772,-6.094],[-35.775,-6.097],[-35.776,-6.096],[-35.775,-6.096],[-35.774,-6.094],[-35.772,-6.093],[-35.77,-6.093],[-35.768,-6.091],[-35.766,-6.09],[-35.763,-6.086],[-35.76,-6.086],[-35.757,-6.085],[-35.755,-6.087],[-35.754,-6.086],[-35.752,-6.088],[-35.751,-6.088],[-35.748,-6.087],[-35.745,-6.087],[-35.744,-6.086],[-35.742,-6.086],[-35.74,-6.083],[-35.737,-6.083],[-35.737,-6.082],[-35.734,-6.079],[-35.731,-6.078],[-35.731,-6.072],[-35.729,-6.071],[-35.73,-6.07],[-35.73,-6.069],[-35.729,-6.068],[-35.728,-6.066],[-35.727,-6.063],[-35.725,-6.065],[-35.725,-6.064],[-35.723,-6.061],[-35.724,-6.059],[-35.726,-6.061],[-35.732,-6.061],[-35.738,-6.064],[-35.744,-6.071],[-35.745,-6.074],[-35.746,-6.074],[-35.745,-6.073],[-35.744,-6.071],[-35.738,-6.064],[-35.732,-6.061],[-35.726,-6.061],[-35.724,-6.059],[-35.724,-6.055],[-35.723,-6.055],[-35.724,-6.053],[-35.723,-6.05],[-35.723,-6.049],[-35.721,-6.048],[-35.719,-6.048],[-35.718,-6.046],[-35.718,-6.043],[-35.716,-6.039],[-35.717,-6.038],[-35.715,-6.035],[-35.714,-6.035],[-35.713,-6.033],[-35.712,-6.032],[-35.713,-6.031],[-35.713,-6.029],[-35.711,-6.029],[-35.711,-6.027],[-35.712,-6.027],[-35.712,-6.025],[-35.714,-6.024],[-35.714,-6.022],[-35.713,-6.021],[-35.714,-6.02],[-35.715,-6.022],[-35.717,-6.025],[-35.718,-6.027],[-35.718,-6.028],[-35.721,-6.032],[-35.722,-6.035],[-35.724,-6.036],[-35.725,-6.042],[-35.726,-6.042],[-35.724,-6.036],[-35.723,-6.035],[-35.721,-6.032],[-35.718,-6.028],[-35.719,-6.027],[-35.718,-6.025],[-35.716,-6.022],[-35.714,-6.02],[-35.715,-6.019],[-35.716,-6.017],[-35.717,-6.017],[-35.716,-6.015],[-35.717,-6.014],[-35.719,-6.014],[-35.719,-6.011],[-35.721,-6.011],[-35.722,-6.01],[-35.722,-6.009],[-35.721,-6.008],[-35.722,-6.007],[-35.723,-6.004],[-35.725,-6.006],[-35.724,-6.008],[-35.724,-6.012],[-35.725,-6.014],[-35.726,-6.022],[-35.731,-6.027],[-35.733,-6.033],[-35.734,-6.033],[-35.731,-6.026],[-35.727,-6.022],[-35.727,-6.02],[-35.726,-6.017],[-35.727,-6.014],[-35.726,-6.011],[-35.725,-6.011],[-35.725,-6.006],[-35.724,-6.004],[-35.723,-6.004],[-35.723,-5.998],[-35.724,-5.997],[-35.723,-5.994],[-35.727,-5.996],[-35.726,-5.997],[-35.726,-6],[-35.727,-6.001],[-35.727,-6.002],[-35.729,-6.003],[-35.731,-6.007],[-35.733,-6.009],[-35.735,-6.009],[-35.735,-6.013],[-35.737,-6.014],[-35.737,-6.017],[-35.739,-6.02],[-35.742,-6.02],[-35.744,-6.022],[-35.742,-6.022],[-35.742,-6.023],[-35.744,-6.025],[-35.745,-6.026],[-35.744,-6.028],[-35.745,-6.031],[-35.744,-6.034],[-35.744,-6.036],[-35.743,-6.037],[-35.743,-6.038],[-35.744,-6.039],[-35.746,-6.042],[-35.744,-6.046],[-35.744,-6.052],[-35.746,-6.054],[-35.745,-6.056],[-35.748,-6.06],[-35.748,-6.063],[-35.75,-6.065],[-35.749,-6.064],[-35.749,-6.063],[-35.748,-6.062],[-35.748,-6.06],[-35.745,-6.056],[-35.745,-6.055],[-35.746,-6.054],[-35.745,-6.053],[-35.744,-6.051],[-35.744,-6.046],[-35.745,-6.045],[-35.746,-6.044],[-35.746,-6.042],[-35.744,-6.039],[-35.743,-6.038],[-35.743,-6.037],[-35.745,-6.036],[-35.744,-6.034],[-35.745,-6.031],[-35.744,-6.028],[-35.745,-6.026],[-35.745,-6.024],[-35.742,-6.023],[-35.743,-6.022],[-35.744,-6.022],[-35.743,-6.021],[-35.742,-6.02],[-35.74,-6.019],[-35.738,-6.018],[-35.737,-6.017],[-35.738,-6.014],[-35.735,-6.013],[-35.735,-6.009],[-35.733,-6.009],[-35.731,-6.007],[-35.729,-6.003],[-35.728,-6.002],[-35.727,-6.001],[-35.727,-6],[-35.726,-6],[-35.726,-5.997],[-35.727,-5.997],[-35.727,-5.996],[-35.726,-5.995],[-35.724,-5.995],[-35.723,-5.994],[-35.722,-5.994],[-35.723,-5.994],[-35.723,-6.004],[-35.722,-6.005],[-35.722,-6.007],[-35.721,-6.008],[-35.722,-6.009],[-35.721,-6.01],[-35.719,-6.011],[-35.718,-6.012],[-35.719,-6.013],[-35.717,-6.014],[-35.716,-6.014],[-35.716,-6.016],[-35.715,-6.017],[-35.715,-6.019],[-35.712,-6.021],[-35.714,-6.023],[-35.713,-6.024],[-35.713,-6.025],[-35.712,-6.025],[-35.711,-6.026],[-35.71,-6.027],[-35.711,-6.029],[-35.712,-6.029],[-35.713,-6.03],[-35.712,-6.031],[-35.712,-6.032],[-35.713,-6.033],[-35.714,-6.035],[-35.715,-6.035],[-35.717,-6.038],[-35.716,-6.039],[-35.717,-6.043],[-35.718,-6.045],[-35.717,-6.046],[-35.719,-6.048],[-35.723,-6.048],[-35.723,-6.049],[-35.722,-6.049],[-35.723,-6.05],[-35.723,-6.051],[-35.724,-6.052],[-35.724,-6.053],[-35.723,-6.054],[-35.723,-6.055],[-35.724,-6.055],[-35.724,-6.056],[-35.723,-6.058],[-35.724,-6.058],[-35.723,-6.059],[-35.724,-6.055],[-35.723,-6.055],[-35.723,-6.054],[-35.724,-6.053],[-35.722,-6.051],[-35.723,-6.051],[-35.722,-6.049],[-35.723,-6.049],[-35.721,-6.048],[-35.72,-6.049],[-35.719,-6.048],[-35.717,-6.046],[-35.717,-6.044],[-35.716,-6.039],[-35.716,-6.038],[-35.715,-6.035],[-35.714,-6.036],[-35.713,-6.035],[-35.711,-6.032],[-35.712,-6.03],[-35.711,-6.03],[-35.711,-6.029],[-35.71,-6.027],[-35.711,-6.026],[-35.712,-6.024],[-35.714,-6.023],[-35.712,-6.021],[-35.712,-6.02],[-35.714,-6.019],[-35.715,-6.018],[-35.715,-6.017],[-35.716,-6.016],[-35.716,-6.015],[-35.717,-6.014],[-35.719,-6.013],[-35.718,-6.012],[-35.718,-6.011],[-35.721,-6.01],[-35.722,-6.009],[-35.721,-6.008],[-35.722,-6.006],[-35.723,-5.998],[-35.723,-5.996],[-35.722,-5.994],[-35.723,-5.993],[-35.722,-5.991],[-35.723,-5.991],[-35.723,-5.992],[-35.725,-5.99],[-35.722,-5.986],[-35.722,-5.983],[-35.719,-5.98],[-35.718,-5.976],[-35.717,-5.975],[-35.719,-5.972],[-35.718,-5.968],[-35.72,-5.967],[-35.72,-5.965],[-35.721,-5.964],[-35.721,-5.963],[-35.719,-5.962],[-35.723,-5.959],[-35.722,-5.958],[-35.721,-5.958],[-35.721,-5.957],[-35.723,-5.956],[-35.724,-5.956],[-35.726,-5.953],[-35.723,-5.952],[-35.722,-5.951],[-35.721,-5.948],[-35.72,-5.947],[-35.719,-5.946],[-35.719,-5.943],[-35.717,-5.94],[-35.716,-5.94],[-35.715,-5.942],[-35.712,-5.942],[-35.712,-5.939],[-35.71,-5.939],[-35.709,-5.938],[-35.709,-5.934],[-35.706,-5.933],[-35.702,-5.93],[-35.703,-5.929],[-35.705,-5.928],[-35.705,-5.927],[-35.704,-5.926],[-35.703,-5.924],[-35.702,-5.923],[-35.7,-5.923],[-35.699,-5.922],[-35.698,-5.921],[-35.697,-5.924],[-35.696,-5.925],[-35.695,-5.923],[-35.691,-5.92],[-35.689,-5.919],[-35.688,-5.916],[-35.689,-5.915],[-35.688,-5.912],[-35.682,-5.909],[-35.681,-5.91],[-35.679,-5.913],[-35.678,-5.914],[-35.675,-5.912],[-35.671,-5.91],[-35.668,-5.911],[-35.667,-5.908],[-35.666,-5.907],[-35.665,-5.91],[-35.663,-5.91],[-35.662,-5.909],[-35.663,-5.905],[-35.663,-5.904],[-35.662,-5.902],[-35.657,-5.902],[-35.655,-5.901],[-35.654,-5.901],[-35.655,-5.903],[-35.654,-5.905],[-35.655,-5.906],[-35.655,-5.908],[-35.657,-5.909],[-35.658,-5.91],[-35.657,-5.912],[-35.657,-5.914],[-35.656,-5.917],[-35.657,-5.918],[-35.655,-5.917],[-35.654,-5.917],[-35.656,-5.915],[-35.656,-5.912],[-35.655,-5.912],[-35.656,-5.912],[-35.657,-5.909],[-35.655,-5.908],[-35.653,-5.905],[-35.653,-5.904],[-35.654,-5.903],[-35.654,-5.902],[-35.653,-5.901],[-35.652,-5.902],[-35.651,-5.901],[-35.65,-5.9],[-35.65,-5.899],[-35.651,-5.897],[-35.651,-5.896],[-35.647,-5.895],[-35.645,-5.892],[-35.642,-5.892],[-35.639,-5.891],[-35.638,-5.892],[-35.633,-5.893],[-35.628,-5.892],[-35.625,-5.89],[-35.624,-5.885],[-35.624,-5.883],[-35.622,-5.88],[-35.618,-5.878],[-35.613,-5.877],[-35.614,-5.878],[-35.614,-5.879],[-35.613,-5.879],[-35.613,-5.88],[-35.612,-5.88],[-35.611,-5.879],[-35.612,-5.88],[-35.611,-5.881],[-35.614,-5.882],[-35.613,-5.883],[-35.612,-5.885],[-35.615,-5.885],[-35.615,-5.889],[-35.616,-5.889],[-35.617,-5.89],[-35.618,-5.889],[-35.619,-5.889],[-35.619,-5.891],[-35.618,-5.892],[-35.617,-5.894],[-35.617,-5.895],[-35.616,-5.896],[-35.616,-5.897],[-35.617,-5.897],[-35.617,-5.899],[-35.619,-5.899],[-35.619,-5.897],[-35.62,-5.896],[-35.62,-5.898],[-35.622,-5.898],[-35.622,-5.9],[-35.621,-5.901],[-35.623,-5.903],[-35.625,-5.903],[-35.625,-5.904],[-35.626,-5.905],[-35.627,-5.907],[-35.627,-5.908],[-35.63,-5.909],[-35.63,-5.911],[-35.631,-5.912],[-35.631,-5.913],[-35.635,-5.913],[-35.636,-5.914],[-35.636,-5.915],[-35.637,-5.916],[-35.638,-5.917],[-35.638,-5.918],[-35.64,-5.918],[-35.64,-5.92],[-35.639,-5.921],[-35.64,-5.922],[-35.639,-5.921],[-35.64,-5.919],[-35.638,-5.918],[-35.636,-5.914],[-35.632,-5.913],[-35.631,-5.912],[-35.63,-5.91],[-35.63,-5.909],[-35.627,-5.908],[-35.626,-5.905],[-35.625,-5.903],[-35.623,-5.903],[-35.621,-5.901],[-35.62,-5.902],[-35.62,-5.904],[-35.619,-5.904],[-35.618,-5.903],[-35.617,-5.904],[-35.617,-5.912],[-35.616,-5.913],[-35.617,-5.914],[-35.616,-5.914],[-35.615,-5.915],[-35.614,-5.915],[-35.614,-5.917],[-35.613,-5.918],[-35.613,-5.919],[-35.611,-5.919],[-35.611,-5.92],[-35.61,-5.921],[-35.609,-5.921],[-35.609,-5.922],[-35.608,-5.922],[-35.607,-5.921],[-35.607,-5.922],[-35.606,-5.922],[-35.604,-5.923],[-35.602,-5.923],[-35.604,-5.923],[-35.606,-5.922],[-35.607,-5.921],[-35.609,-5.922],[-35.609,-5.921],[-35.611,-5.92],[-35.611,-5.919],[-35.613,-5.918],[-35.614,-5.917],[-35.614,-5.915],[-35.615,-5.915],[-35.617,-5.914],[-35.616,-5.913],[-35.617,-5.908],[-35.617,-5.904],[-35.618,-5.903],[-35.62,-5.904],[-35.62,-5.902],[-35.622,-5.9],[-35.622,-5.898],[-35.62,-5.898],[-35.62,-5.896],[-35.619,-5.897],[-35.619,-5.899],[-35.617,-5.899],[-35.616,-5.896],[-35.617,-5.895],[-35.618,-5.892],[-35.619,-5.89],[-35.619,-5.889],[-35.618,-5.889],[-35.617,-5.89],[-35.616,-5.889],[-35.615,-5.888],[-35.615,-5.885],[-35.612,-5.885],[-35.613,-5.883],[-35.614,-5.882],[-35.611,-5.881],[-35.612,-5.88],[-35.611,-5.879],[-35.613,-5.88],[-35.613,-5.879],[-35.614,-5.878],[-35.613,-5.877],[-35.607,-5.875],[-35.6,-5.872],[-35.585,-5.861],[-35.58,-5.859],[-35.574,-5.858],[-35.574,-5.859],[-35.573,-5.86],[-35.574,-5.861],[-35.575,-5.861],[-35.575,-5.863],[-35.574,-5.863],[-35.573,-5.864],[-35.574,-5.865],[-35.574,-5.866],[-35.573,-5.866],[-35.572,-5.867],[-35.573,-5.868],[-35.573,-5.869],[-35.571,-5.869],[-35.571,-5.871],[-35.57,-5.871],[-35.57,-5.873],[-35.571,-5.873],[-35.573,-5.874],[-35.572,-5.874],[-35.571,-5.875],[-35.569,-5.875],[-35.569,-5.876],[-35.57,-5.877],[-35.57,-5.878],[-35.569,-5.878],[-35.569,-5.879],[-35.568,-5.88],[-35.568,-5.881],[-35.567,-5.881],[-35.567,-5.882],[-35.566,-5.882],[-35.566,-5.883],[-35.565,-5.884],[-35.566,-5.884],[-35.566,-5.885],[-35.567,-5.887],[-35.567,-5.889],[-35.568,-5.889],[-35.569,-5.89],[-35.57,-5.891],[-35.569,-5.894],[-35.57,-5.896],[-35.57,-5.898],[-35.569,-5.899],[-35.568,-5.899],[-35.569,-5.9],[-35.569,-5.901],[-35.568,-5.901],[-35.568,-5.905],[-35.566,-5.907],[-35.565,-5.907],[-35.564,-5.912],[-35.564,-5.915],[-35.564,-5.912],[-35.565,-5.907],[-35.568,-5.905],[-35.568,-5.901],[-35.569,-5.901],[-35.568,-5.898],[-35.57,-5.898],[-35.57,-5.897],[-35.569,-5.894],[-35.57,-5.891],[-35.569,-5.89],[-35.568,-5.889],[-35.567,-5.889],[-35.567,-5.887],[-35.565,-5.884],[-35.565,-5.885],[-35.563,-5.886],[-35.561,-5.889],[-35.561,-5.893],[-35.56,-5.893],[-35.56,-5.894],[-35.559,-5.894],[-35.559,-5.895],[-35.558,-5.896],[-35.557,-5.897],[-35.557,-5.899],[-35.556,-5.901],[-35.556,-5.902],[-35.555,-5.904],[-35.556,-5.901],[-35.557,-5.899],[-35.557,-5.898],[-35.556,-5.899],[-35.555,-5.899],[-35.556,-5.898],[-35.557,-5.898],[-35.557,-5.897],[-35.559,-5.894],[-35.561,-5.892],[-35.561,-5.889],[-35.563,-5.886],[-35.565,-5.885],[-35.565,-5.884],[-35.566,-5.883],[-35.566,-5.882],[-35.567,-5.882],[-35.567,-5.881],[-35.568,-5.881],[-35.568,-5.88],[-35.569,-5.879],[-35.569,-5.878],[-35.57,-5.877],[-35.569,-5.876],[-35.569,-5.875],[-35.571,-5.875],[-35.572,-5.874],[-35.573,-5.874],[-35.571,-5.873],[-35.57,-5.873],[-35.57,-5.871],[-35.571,-5.871],[-35.571,-5.869],[-35.573,-5.869],[-35.573,-5.868],[-35.572,-5.867],[-35.573,-5.866],[-35.574,-5.866],[-35.573,-5.864],[-35.574,-5.863],[-35.575,-5.863],[-35.575,-5.862],[-35.573,-5.86],[-35.573,-5.859],[-35.574,-5.859],[-35.573,-5.858],[-35.569,-5.858],[-35.567,-5.856],[-35.567,-5.85],[-35.564,-5.847],[-35.564,-5.851],[-35.563,-5.852],[-35.564,-5.852],[-35.562,-5.853],[-35.561,-5.856],[-35.559,-5.856],[-35.559,-5.858],[-35.558,-5.86],[-35.559,-5.861],[-35.559,-5.862],[-35.557,-5.863],[-35.558,-5.863],[-35.558,-5.864],[-35.556,-5.869],[-35.554,-5.869],[-35.556,-5.87],[-35.555,-5.871],[-35.555,-5.874],[-35.554,-5.874],[-35.555,-5.875],[-35.557,-5.877],[-35.556,-5.878],[-35.555,-5.878],[-35.555,-5.88],[-35.554,-5.882],[-35.554,-5.884],[-35.555,-5.885],[-35.554,-5.887],[-35.554,-5.894],[-35.554,-5.887],[-35.555,-5.885],[-35.554,-5.883],[-35.554,-5.882],[-35.555,-5.88],[-35.555,-5.878],[-35.557,-5.877],[-35.555,-5.875],[-35.553,-5.874],[-35.554,-5.873],[-35.554,-5.871],[-35.555,-5.87],[-35.554,-5.87],[-35.554,-5.869],[-35.555,-5.868],[-35.558,-5.864],[-35.556,-5.863],[-35.559,-5.862],[-35.559,-5.861],[-35.558,-5.86],[-35.559,-5.858],[-35.559,-5.856],[-35.561,-5.856],[-35.562,-5.853],[-35.563,-5.852],[-35.564,-5.85],[-35.564,-5.847],[-35.561,-5.843],[-35.557,-5.841],[-35.555,-5.839],[-35.549,-5.837],[-35.549,-5.832],[-35.548,-5.831],[-35.548,-5.83],[-35.546,-5.828],[-35.541,-5.828],[-35.535,-5.83],[-35.532,-5.831],[-35.528,-5.831],[-35.523,-5.829],[-35.521,-5.822],[-35.52,-5.821],[-35.517,-5.821],[-35.511,-5.822],[-35.506,-5.825],[-35.502,-5.827],[-35.488,-5.83],[-35.486,-5.829],[-35.484,-5.825],[-35.48,-5.822],[-35.473,-5.82],[-35.466,-5.816],[-35.462,-5.816],[-35.454,-5.819],[-35.451,-5.819],[-35.451,-5.816],[-35.453,-5.811],[-35.452,-5.81],[-35.451,-5.81],[-35.448,-5.811],[-35.441,-5.812],[-35.426,-5.812],[-35.419,-5.811],[-35.413,-5.807],[-35.409,-5.798],[-35.406,-5.794],[-35.401,-5.791],[-35.4,-5.791],[-35.398,-5.792],[-35.397,-5.798],[-35.396,-5.798],[-35.391,-5.8],[-35.39,-5.799],[-35.389,-5.8],[-35.385,-5.806],[-35.384,-5.806],[-35.385,-5.807],[-35.385,-5.808],[-35.386,-5.808],[-35.385,-5.81],[-35.385,-5.811],[-35.386,-5.811],[-35.387,-5.812],[-35.387,-5.811],[-35.388,-5.812],[-35.388,-5.813],[-35.389,-5.813],[-35.391,-5.814],[-35.391,-5.815],[-35.388,-5.813],[-35.387,-5.811],[-35.387,-5.812],[-35.385,-5.811],[-35.385,-5.81],[-35.386,-5.808],[-35.385,-5.808],[-35.385,-5.807],[-35.384,-5.806],[-35.384,-5.807],[-35.38,-5.807],[-35.379,-5.809],[-35.378,-5.812],[-35.376,-5.813],[-35.373,-5.815],[-35.368,-5.816],[-35.366,-5.815],[-35.363,-5.814],[-35.36,-5.81],[-35.356,-5.812],[-35.348,-5.817],[-35.345,-5.817],[-35.34,-5.814],[-35.336,-5.814],[-35.334,-5.813],[-35.333,-5.812],[-35.334,-5.808],[-35.334,-5.806],[-35.326,-5.799],[-35.325,-5.799],[-35.319,-5.798],[-35.315,-5.798],[-35.312,-5.8],[-35.311,-5.8],[-35.306,-5.797],[-35.303,-5.797],[-35.299,-5.798],[-35.294,-5.798],[-35.293,-5.797],[-35.291,-5.798],[-35.289,-5.798],[-35.288,-5.799],[-35.289,-5.803],[-35.287,-5.805],[-35.285,-5.805],[-35.284,-5.801],[-35.278,-5.801],[-35.275,-5.805],[-35.273,-5.805],[-35.272,-5.804],[-35.271,-5.801],[-35.268,-5.802],[-35.267,-5.801],[-35.264,-5.799],[-35.265,-5.797],[-35.263,-5.797],[-35.262,-5.795],[-35.258,-5.793],[-35.256,-5.79],[-35.255,-5.789],[-35.254,-5.79],[-35.254,-5.792],[-35.257,-5.796],[-35.253,-5.793],[-35.253,-5.796],[-35.254,-5.798],[-35.255,-5.797],[-35.257,-5.797],[-35.259,-5.799],[-35.257,-5.8],[-35.258,-5.803],[-35.26,-5.806],[-35.26,-5.807],[-35.265,-5.805],[-35.265,-5.806],[-35.264,-5.806],[-35.263,-5.81],[-35.269,-5.81],[-35.272,-5.812],[-35.276,-5.816],[-35.281,-5.817],[-35.282,-5.821],[-35.282,-5.826],[-35.285,-5.826],[-35.286,-5.828],[-35.287,-5.828],[-35.29,-5.829],[-35.293,-5.83],[-35.293,-5.831],[-35.294,-5.833],[-35.295,-5.834],[-35.297,-5.834],[-35.303,-5.837],[-35.307,-5.836],[-35.309,-5.837],[-35.312,-5.838],[-35.315,-5.841],[-35.317,-5.84],[-35.32,-5.841],[-35.32,-5.842],[-35.319,-5.843],[-35.317,-5.846],[-35.32,-5.846],[-35.321,-5.844],[-35.323,-5.845],[-35.326,-5.845],[-35.328,-5.846],[-35.327,-5.848],[-35.328,-5.849],[-35.331,-5.85],[-35.333,-5.852],[-35.337,-5.852],[-35.338,-5.854],[-35.338,-5.853],[-35.339,-5.854],[-35.34,-5.853],[-35.343,-5.855],[-35.345,-5.855],[-35.345,-5.856],[-35.347,-5.856],[-35.35,-5.857],[-35.351,-5.858],[-35.351,-5.86],[-35.354,-5.86],[-35.355,-5.861],[-35.355,-5.862],[-35.354,-5.863],[-35.355,-5.863],[-35.355,-5.866],[-35.357,-5.866],[-35.358,-5.868],[-35.36,-5.868],[-35.36,-5.869],[-35.361,-5.869],[-35.36,-5.871],[-35.361,-5.872],[-35.361,-5.873],[-35.362,-5.873],[-35.363,-5.874],[-35.364,-5.875],[-35.365,-5.872],[-35.366,-5.872],[-35.37,-5.873],[-35.371,-5.875],[-35.375,-5.877],[-35.376,-5.876],[-35.379,-5.876],[-35.381,-5.875],[-35.383,-5.876],[-35.383,-5.875],[-35.384,-5.875],[-35.384,-5.874],[-35.387,-5.873],[-35.387,-5.872],[-35.388,-5.871],[-35.394,-5.87],[-35.396,-5.87],[-35.398,-5.871],[-35.403,-5.871],[-35.409,-5.87],[-35.411,-5.87],[-35.414,-5.871],[-35.417,-5.869],[-35.419,-5.869],[-35.428,-5.871],[-35.433,-5.868],[-35.433,-5.867],[-35.434,-5.867],[-35.443,-5.865],[-35.446,-5.864],[-35.447,-5.865],[-35.448,-5.865],[-35.45,-5.866],[-35.451,-5.865],[-35.455,-5.867],[-35.461,-5.867],[-35.462,-5.868],[-35.469,-5.875],[-35.474,-5.875],[-35.476,-5.878],[-35.477,-5.878],[-35.478,-5.88],[-35.481,-5.882],[-35.483,-5.882],[-35.484,-5.883],[-35.488,-5.884],[-35.488,-5.886],[-35.491,-5.888],[-35.495,-5.89],[-35.488,-5.887],[-35.488,-5.884],[-35.481,-5.883],[-35.476,-5.881],[-35.475,-5.879],[-35.476,-5.878],[-35.475,-5.877],[-35.474,-5.875],[-35.469,-5.875],[-35.467,-5.873],[-35.464,-5.87],[-35.462,-5.868],[-35.463,-5.869],[-35.461,-5.868],[-35.457,-5.868],[-35.457,-5.867],[-35.452,-5.866],[-35.45,-5.866],[-35.446,-5.865],[-35.441,-5.866],[-35.44,-5.867],[-35.436,-5.867],[-35.434,-5.868],[-35.428,-5.871],[-35.419,-5.869],[-35.414,-5.871],[-35.414,-5.876],[-35.415,-5.881],[-35.418,-5.88],[-35.418,-5.881],[-35.419,-5.882],[-35.421,-5.883],[-35.42,-5.883],[-35.42,-5.885],[-35.421,-5.887],[-35.421,-5.889],[-35.422,-5.889],[-35.422,-5.892],[-35.423,-5.894],[-35.424,-5.894],[-35.424,-5.895],[-35.423,-5.895],[-35.423,-5.898],[-35.424,-5.899],[-35.424,-5.9],[-35.425,-5.901],[-35.427,-5.901],[-35.427,-5.902],[-35.428,-5.902],[-35.429,-5.903],[-35.431,-5.903],[-35.434,-5.902],[-35.433,-5.9],[-35.435,-5.9],[-35.437,-5.899],[-35.437,-5.898],[-35.437,-5.899],[-35.44,-5.899],[-35.441,-5.898],[-35.441,-5.899],[-35.443,-5.898],[-35.446,-5.899],[-35.45,-5.899],[-35.452,-5.898],[-35.452,-5.897],[-35.454,-5.896],[-35.454,-5.897],[-35.455,-5.896],[-35.456,-5.896],[-35.457,-5.894],[-35.457,-5.896],[-35.459,-5.895],[-35.459,-5.896],[-35.458,-5.896],[-35.46,-5.896],[-35.461,-5.895],[-35.462,-5.895],[-35.464,-5.896],[-35.47,-5.9],[-35.473,-5.9],[-35.475,-5.899],[-35.48,-5.899],[-35.48,-5.898],[-35.484,-5.899],[-35.488,-5.899],[-35.49,-5.901],[-35.492,-5.904],[-35.493,-5.907],[-35.494,-5.908],[-35.496,-5.91],[-35.497,-5.911],[-35.499,-5.912],[-35.5,-5.911],[-35.5,-5.912],[-35.5,-5.911],[-35.503,-5.911],[-35.509,-5.912],[-35.51,-5.913],[-35.511,-5.913],[-35.512,-5.914],[-35.514,-5.914],[-35.516,-5.916],[-35.521,-5.917],[-35.522,-5.918],[-35.523,-5.92],[-35.525,-5.92],[-35.528,-5.919],[-35.529,-5.92],[-35.53,-5.92],[-35.534,-5.923],[-35.531,-5.922],[-35.528,-5.92],[-35.523,-5.92],[-35.522,-5.918],[-35.52,-5.917],[-35.516,-5.916],[-35.514,-5.915],[-35.512,-5.914],[-35.51,-5.914],[-35.508,-5.913],[-35.504,-5.911],[-35.5,-5.912],[-35.503,-5.913],[-35.502,-5.914],[-35.5,-5.914],[-35.498,-5.912],[-35.497,-5.912],[-35.493,-5.91],[-35.494,-5.909],[-35.492,-5.908],[-35.492,-5.904],[-35.49,-5.901],[-35.488,-5.899],[-35.481,-5.898],[-35.479,-5.899],[-35.475,-5.899],[-35.473,-5.9],[-35.47,-5.9],[-35.465,-5.897],[-35.464,-5.897],[-35.464,-5.896],[-35.462,-5.895],[-35.46,-5.896],[-35.456,-5.896],[-35.454,-5.897],[-35.454,-5.896],[-35.452,-5.897],[-35.452,-5.898],[-35.45,-5.899],[-35.442,-5.899],[-35.438,-5.9],[-35.438,-5.901],[-35.437,-5.901],[-35.437,-5.902],[-35.436,-5.902],[-35.437,-5.904],[-35.436,-5.904],[-35.435,-5.903],[-35.434,-5.903],[-35.434,-5.904],[-35.434,-5.902],[-35.431,-5.903],[-35.429,-5.903],[-35.427,-5.902],[-35.427,-5.901],[-35.425,-5.901],[-35.424,-5.9],[-35.424,-5.899],[-35.423,-5.898],[-35.423,-5.896],[-35.424,-5.894],[-35.422,-5.892],[-35.422,-5.889],[-35.421,-5.888],[-35.421,-5.887],[-35.42,-5.885],[-35.42,-5.883],[-35.419,-5.882],[-35.418,-5.881],[-35.418,-5.88],[-35.415,-5.881],[-35.414,-5.876],[-35.414,-5.871],[-35.411,-5.87],[-35.398,-5.871],[-35.395,-5.871],[-35.389,-5.872],[-35.387,-5.873],[-35.384,-5.874],[-35.384,-5.875],[-35.383,-5.876],[-35.377,-5.876],[-35.375,-5.877],[-35.371,-5.875],[-35.369,-5.874],[-35.366,-5.872],[-35.365,-5.873],[-35.365,-5.875],[-35.367,-5.875],[-35.367,-5.876],[-35.368,-5.876],[-35.368,-5.877],[-35.369,-5.877],[-35.369,-5.879],[-35.37,-5.88],[-35.37,-5.882],[-35.371,-5.882],[-35.371,-5.883],[-35.37,-5.883],[-35.371,-5.885],[-35.372,-5.885],[-35.374,-5.886],[-35.374,-5.888],[-35.377,-5.888],[-35.378,-5.889],[-35.381,-5.893],[-35.381,-5.9],[-35.38,-5.901],[-35.38,-5.902],[-35.381,-5.903],[-35.381,-5.906],[-35.382,-5.906],[-35.382,-5.907],[-35.381,-5.907],[-35.381,-5.915],[-35.38,-5.916],[-35.381,-5.916],[-35.382,-5.918],[-35.383,-5.919],[-35.384,-5.92],[-35.385,-5.921],[-35.386,-5.921],[-35.386,-5.92],[-35.387,-5.92],[-35.387,-5.919],[-35.389,-5.919],[-35.391,-5.92],[-35.395,-5.92],[-35.396,-5.921],[-35.397,-5.921],[-35.398,-5.923],[-35.399,-5.923],[-35.403,-5.922],[-35.404,-5.922],[-35.405,-5.921],[-35.407,-5.92],[-35.411,-5.92],[-35.416,-5.917],[-35.417,-5.917],[-35.415,-5.917],[-35.412,-5.92],[-35.41,-5.921],[-35.407,-5.92],[-35.405,-5.922],[-35.399,-5.924],[-35.399,-5.926],[-35.398,-5.926],[-35.398,-5.929],[-35.4,-5.93],[-35.4,-5.932],[-35.402,-5.934],[-35.403,-5.935],[-35.403,-5.934],[-35.404,-5.935],[-35.405,-5.936],[-35.405,-5.937],[-35.408,-5.938],[-35.411,-5.939],[-35.412,-5.938],[-35.413,-5.938],[-35.413,-5.937],[-35.414,-5.937],[-35.416,-5.939],[-35.417,-5.938],[-35.419,-5.938],[-35.418,-5.938],[-35.417,-5.942],[-35.42,-5.942],[-35.42,-5.943],[-35.419,-5.943],[-35.421,-5.943],[-35.42,-5.943],[-35.422,-5.941],[-35.425,-5.942],[-35.426,-5.941],[-35.426,-5.943],[-35.428,-5.942],[-35.428,-5.939],[-35.429,-5.94],[-35.43,-5.939],[-35.431,-5.939],[-35.429,-5.941],[-35.43,-5.942],[-35.429,-5.943],[-35.43,-5.944],[-35.43,-5.943],[-35.432,-5.941],[-35.432,-5.942],[-35.434,-5.943],[-35.434,-5.944],[-35.432,-5.943],[-35.432,-5.945],[-35.437,-5.949],[-35.437,-5.95],[-35.436,-5.95],[-35.435,-5.951],[-35.439,-5.951],[-35.441,-5.952],[-35.443,-5.954],[-35.444,-5.954],[-35.445,-5.952],[-35.448,-5.952],[-35.448,-5.95],[-35.449,-5.95],[-35.449,-5.948],[-35.45,-5.948],[-35.452,-5.949],[-35.452,-5.947],[-35.453,-5.946],[-35.455,-5.947],[-35.457,-5.95],[-35.459,-5.95],[-35.46,-5.951],[-35.46,-5.949],[-35.462,-5.949],[-35.464,-5.951],[-35.465,-5.949],[-35.466,-5.95],[-35.468,-5.952],[-35.467,-5.952],[-35.47,-5.951],[-35.471,-5.951],[-35.47,-5.954],[-35.473,-5.954],[-35.475,-5.958],[-35.477,-5.959],[-35.477,-5.96],[-35.478,-5.96],[-35.477,-5.959],[-35.477,-5.958],[-35.481,-5.957],[-35.482,-5.956],[-35.483,-5.955],[-35.483,-5.952],[-35.484,-5.953],[-35.485,-5.952],[-35.484,-5.954],[-35.486,-5.954],[-35.488,-5.953],[-35.489,-5.951],[-35.488,-5.954],[-35.491,-5.953],[-35.494,-5.953],[-35.493,-5.954],[-35.49,-5.954],[-35.489,-5.955],[-35.489,-5.957],[-35.488,-5.956],[-35.487,-5.955],[-35.485,-5.955],[-35.485,-5.956],[-35.483,-5.955],[-35.482,-5.956],[-35.481,-5.958],[-35.478,-5.958],[-35.482,-5.961],[-35.483,-5.965],[-35.484,-5.964],[-35.485,-5.962],[-35.485,-5.961],[-35.487,-5.961],[-35.488,-5.962],[-35.489,-5.964],[-35.489,-5.966],[-35.487,-5.969],[-35.488,-5.97],[-35.489,-5.972],[-35.49,-5.973],[-35.493,-5.976],[-35.493,-5.977],[-35.495,-5.978],[-35.494,-5.98],[-35.495,-5.982],[-35.497,-5.982],[-35.498,-5.984],[-35.499,-5.984],[-35.499,-5.982],[-35.501,-5.983],[-35.502,-5.982],[-35.507,-5.987],[-35.508,-5.986],[-35.508,-5.985],[-35.512,-5.987],[-35.513,-5.986],[-35.513,-5.987],[-35.515,-5.985],[-35.521,-5.987],[-35.524,-5.986],[-35.525,-5.986],[-35.524,-5.986],[-35.524,-5.985],[-35.526,-5.986],[-35.525,-5.988],[-35.526,-5.989],[-35.527,-5.987],[-35.528,-5.988],[-35.528,-5.986],[-35.529,-5.986],[-35.53,-5.987],[-35.53,-5.988],[-35.531,-5.989],[-35.532,-5.989],[-35.533,-5.99],[-35.534,-5.988],[-35.536,-5.988],[-35.536,-5.99],[-35.538,-5.99],[-35.538,-5.993],[-35.541,-5.993],[-35.541,-5.994],[-35.54,-5.994],[-35.541,-5.994],[-35.542,-5.993],[-35.542,-5.992],[-35.543,-5.99],[-35.543,-5.989],[-35.544,-5.988],[-35.545,-5.988],[-35.546,-5.987],[-35.546,-5.988],[-35.547,-5.988],[-35.55,-5.987],[-35.55,-5.984],[-35.551,-5.984],[-35.552,-5.985],[-35.554,-5.985],[-35.554,-5.984],[-35.555,-5.984],[-35.554,-5.983],[-35.554,-5.982],[-35.555,-5.982],[-35.555,-5.979],[-35.556,-5.978],[-35.556,-5.974],[-35.557,-5.974],[-35.556,-5.972],[-35.557,-5.971],[-35.557,-5.97],[-35.558,-5.968],[-35.558,-5.97],[-35.557,-5.972],[-35.557,-5.974],[-35.556,-5.976],[-35.556,-5.978],[-35.557,-5.977],[-35.558,-5.978],[-35.559,-5.978],[-35.559,-5.979],[-35.56,-5.978],[-35.56,-5.979],[-35.562,-5.979],[-35.562,-5.978],[-35.563,-5.977],[-35.564,-5.976],[-35.564,-5.975],[-35.565,-5.974],[-35.566,-5.974],[-35.567,-5.975],[-35.567,-5.974],[-35.568,-5.974],[-35.568,-5.973],[-35.569,-5.973],[-35.574,-5.972],[-35.572,-5.973],[-35.57,-5.973],[-35.571,-5.976],[-35.573,-5.976],[-35.573,-5.978],[-35.576,-5.98],[-35.578,-5.979],[-35.581,-5.978],[-35.581,-5.977],[-35.586,-5.977],[-35.586,-5.98],[-35.588,-5.981],[-35.592,-5.981],[-35.593,-5.982],[-35.594,-5.982],[-35.595,-5.98],[-35.596,-5.98],[-35.597,-5.981],[-35.597,-5.982],[-35.598,-5.983],[-35.598,-5.982],[-35.601,-5.981],[-35.602,-5.979],[-35.607,-5.979],[-35.607,-5.98],[-35.611,-5.981],[-35.612,-5.98],[-35.611,-5.978],[-35.612,-5.977],[-35.613,-5.977],[-35.615,-5.98],[-35.616,-5.98],[-35.618,-5.982],[-35.618,-5.985],[-35.62,-5.985],[-35.623,-5.984],[-35.624,-5.986],[-35.626,-5.986],[-35.626,-5.985],[-35.63,-5.985],[-35.631,-5.986],[-35.631,-5.987],[-35.632,-5.987],[-35.634,-5.986],[-35.634,-5.987],[-35.635,-5.986],[-35.636,-5.986],[-35.636,-5.988],[-35.637,-5.988],[-35.637,-5.989],[-35.639,-5.987],[-35.64,-5.987],[-35.64,-5.988],[-35.639,-5.989],[-35.639,-5.99],[-35.64,-5.99],[-35.641,-5.991],[-35.643,-5.991],[-35.643,-5.992],[-35.644,-5.991],[-35.644,-5.992],[-35.645,-5.993],[-35.644,-5.994],[-35.644,-5.995],[-35.646,-5.995],[-35.647,-5.994],[-35.651,-5.996],[-35.651,-5.998],[-35.654,-5.999],[-35.655,-6],[-35.655,-6.001],[-35.656,-6.001],[-35.657,-6.003],[-35.658,-6.004],[-35.659,-6.005],[-35.661,-6.006],[-35.664,-6.007],[-35.664,-6.008],[-35.666,-6.008],[-35.668,-6.007],[-35.671,-6.008],[-35.672,-6.008],[-35.674,-6.009],[-35.673,-6.009],[-35.675,-6.01],[-35.675,-6.014],[-35.681,-6.02],[-35.68,-6.022],[-35.681,-6.023],[-35.681,-6.024],[-35.682,-6.026],[-35.681,-6.027],[-35.682,-6.027],[-35.682,-6.026],[-35.683,-6.025],[-35.685,-6.025],[-35.687,-6.027],[-35.687,-6.029],[-35.689,-6.028],[-35.69,-6.03],[-35.691,-6.032],[-35.691,-6.035],[-35.692,-6.037],[-35.692,-6.04],[-35.69,-6.042],[-35.69,-6.045],[-35.689,-6.046],[-35.691,-6.048],[-35.693,-6.048],[-35.693,-6.051],[-35.694,-6.053],[-35.694,-6.055],[-35.696,-6.055],[-35.698,-6.058],[-35.698,-6.06],[-35.699,-6.063],[-35.699,-6.065],[-35.698,-6.065],[-35.698,-6.067],[-35.7,-6.069],[-35.698,-6.072],[-35.7,-6.073],[-35.701,-6.076],[-35.7,-6.079],[-35.701,-6.08],[-35.7,-6.081],[-35.701,-6.082],[-35.702,-6.083],[-35.703,-6.083],[-35.703,-6.085],[-35.705,-6.086],[-35.705,-6.087],[-35.703,-6.087],[-35.703,-6.088],[-35.702,-6.089],[-35.702,-6.092],[-35.701,-6.092],[-35.701,-6.095],[-35.702,-6.097],[-35.703,-6.099],[-35.703,-6.1],[-35.705,-6.101],[-35.708,-6.101],[-35.71,-6.104],[-35.713,-6.103],[-35.715,-6.103],[-35.715,-6.104],[-35.717,-6.104],[-35.717,-6.105],[-35.719,-6.106],[-35.72,-6.105],[-35.722,-6.105],[-35.725,-6.106],[-35.727,-6.107],[-35.729,-6.107],[-35.73,-6.109],[-35.732,-6.109],[-35.736,-6.11],[-35.737,-6.111],[-35.738,-6.112],[-35.739,-6.111],[-35.74,-6.112],[-35.74,-6.111],[-35.741,-6.111],[-35.741,-6.112],[-35.742,-6.111],[-35.743,-6.112],[-35.743,-6.113],[-35.745,-6.113],[-35.747,-6.115],[-35.749,-6.115],[-35.75,-6.116],[-35.749,-6.114],[-35.755,-6.112],[-35.756,-6.113],[-35.757,-6.115],[-35.76,-6.115],[-35.763,-6.117],[-35.764,-6.118],[-35.764,-6.123],[-35.766,-6.122],[-35.768,-6.12],[-35.772,-6.117],[-35.778,-6.117],[-35.779,-6.116],[-35.78,-6.116],[-35.78,-6.118],[-35.781,-6.117],[-35.782,-6.116],[-35.785,-6.117],[-35.786,-6.116],[-35.788,-6.114],[-35.789,-6.114],[-35.789,-6.113],[-35.79,-6.113],[-35.79,-6.109],[-35.791,-6.108],[-35.791,-6.106],[-35.793,-6.104],[-35.794,-6.104],[-35.795,-6.102],[-35.794,-6.104],[-35.791,-6.106],[-35.791,-6.108],[-35.79,-6.109],[-35.79,-6.113],[-35.789,-6.114],[-35.788,-6.114],[-35.785,-6.117],[-35.786,-6.118],[-35.787,-6.117],[-35.789,-6.119],[-35.791,-6.119],[-35.793,-6.118],[-35.8,-6.118],[-35.801,-6.117],[-35.805,-6.117],[-35.805,-6.119],[-35.806,-6.119],[-35.808,-6.118],[-35.809,-6.119],[-35.809,-6.12],[-35.81,-6.121],[-35.811,-6.121],[-35.813,-6.12],[-35.813,-6.119],[-35.814,-6.12],[-35.815,-6.122],[-35.817,-6.12],[-35.821,-6.122],[-35.822,-6.122],[-35.823,-6.123],[-35.828,-6.12],[-35.829,-6.119],[-35.829,-6.118],[-35.828,-6.116],[-35.829,-6.115],[-35.833,-6.115],[-35.834,-6.114],[-35.836,-6.115],[-35.839,-6.114],[-35.841,-6.113],[-35.848,-6.115],[-35.848,-6.113],[-35.851,-6.113],[-35.852,-6.112],[-35.853,-6.111],[-35.855,-6.112],[-35.858,-6.114],[-35.859,-6.113],[-35.859,-6.114],[-35.858,-6.114],[-35.857,-6.113],[-35.853,-6.111],[-35.851,-6.113],[-35.848,-6.113],[-35.848,-6.115],[-35.841,-6.113],[-35.839,-6.115],[-35.836,-6.115],[-35.834,-6.114],[-35.833,-6.115],[-35.828,-6.116],[-35.829,-6.118],[-35.829,-6.119],[-35.828,-6.12],[-35.825,-6.122],[-35.826,-6.123],[-35.828,-6.124],[-35.829,-6.124],[-35.83,-6.127],[-35.83,-6.129],[-35.834,-6.131],[-35.834,-6.133],[-35.836,-6.134],[-35.836,-6.133],[-35.837,-6.132],[-35.838,-6.134],[-35.839,-6.134],[-35.842,-6.135],[-35.844,-6.135],[-35.842,-6.135],[-35.839,-6.134],[-35.838,-6.134],[-35.837,-6.133],[-35.836,-6.134],[-35.834,-6.133],[-35.833,-6.132],[-35.834,-6.132],[-35.83,-6.129],[-35.83,-6.127],[-35.828,-6.124],[-35.826,-6.123],[-35.825,-6.122],[-35.823,-6.123],[-35.822,-6.122],[-35.821,-6.122],[-35.817,-6.121],[-35.814,-6.122],[-35.814,-6.12],[-35.813,-6.12],[-35.811,-6.122],[-35.809,-6.121],[-35.808,-6.119],[-35.805,-6.119],[-35.805,-6.117],[-35.801,-6.118],[-35.793,-6.118],[-35.791,-6.119],[-35.789,-6.119],[-35.787,-6.118],[-35.786,-6.118],[-35.783,-6.117],[-35.781,-6.117],[-35.78,-6.118],[-35.779,-6.116],[-35.778,-6.117],[-35.776,-6.118],[-35.772,-6.118],[-35.768,-6.12],[-35.766,-6.122],[-35.764,-6.123],[-35.764,-6.122],[-35.763,-6.121],[-35.764,-6.12],[-35.764,-6.119],[-35.763,-6.12],[-35.763,-6.118],[-35.761,-6.117],[-35.761,-6.118],[-35.759,-6.116],[-35.758,-6.117],[-35.757,-6.116],[-35.754,-6.115],[-35.754,-6.114],[-35.749,-6.117],[-35.749,-6.115],[-35.746,-6.116],[-35.746,-6.115],[-35.744,-6.113],[-35.742,-6.113],[-35.743,-6.112],[-35.741,-6.112],[-35.741,-6.111],[-35.74,-6.112],[-35.739,-6.111],[-35.738,-6.112],[-35.736,-6.11],[-35.732,-6.11],[-35.729,-6.109],[-35.729,-6.108],[-35.727,-6.108],[-35.725,-6.106],[-35.722,-6.105],[-35.719,-6.106],[-35.717,-6.105],[-35.716,-6.104],[-35.715,-6.104],[-35.715,-6.103],[-35.713,-6.103],[-35.71,-6.104],[-35.711,-6.105],[-35.712,-6.108],[-35.712,-6.109],[-35.715,-6.109],[-35.717,-6.11],[-35.717,-6.111],[-35.718,-6.111],[-35.721,-6.112],[-35.72,-6.113],[-35.72,-6.114],[-35.724,-6.114],[-35.725,-6.115],[-35.725,-6.118],[-35.726,-6.117],[-35.727,-6.119],[-35.729,-6.12],[-35.73,-6.123],[-35.729,-6.126],[-35.728,-6.126],[-35.727,-6.128],[-35.729,-6.129],[-35.73,-6.131],[-35.731,-6.132],[-35.731,-6.133],[-35.732,-6.134],[-35.732,-6.135],[-35.731,-6.135],[-35.731,-6.136],[-35.732,-6.136],[-35.735,-6.138],[-35.736,-6.138],[-35.737,-6.141],[-35.737,-6.14],[-35.738,-6.141],[-35.739,-6.143],[-35.739,-6.144],[-35.74,-6.144],[-35.741,-6.145],[-35.742,-6.146],[-35.742,-6.144],[-35.744,-6.142],[-35.746,-6.142],[-35.747,-6.141],[-35.752,-6.141],[-35.752,-6.142],[-35.756,-6.143],[-35.757,-6.142],[-35.756,-6.143],[-35.752,-6.142],[-35.752,-6.141],[-35.75,-6.142],[-35.749,-6.141],[-35.746,-6.142],[-35.744,-6.142],[-35.742,-6.144],[-35.742,-6.146],[-35.744,-6.149],[-35.747,-6.15],[-35.749,-6.151],[-35.747,-6.15],[-35.744,-6.149],[-35.743,-6.148],[-35.742,-6.146],[-35.74,-6.145],[-35.74,-6.144],[-35.739,-6.144],[-35.738,-6.141],[-35.737,-6.141],[-35.736,-6.138],[-35.734,-6.138],[-35.732,-6.136],[-35.73,-6.136],[-35.729,-6.137],[-35.727,-6.139],[-35.726,-6.14],[-35.726,-6.141],[-35.725,-6.143],[-35.726,-6.144],[-35.726,-6.145],[-35.725,-6.143],[-35.725,-6.142],[-35.726,-6.14],[-35.727,-6.138],[-35.73,-6.136],[-35.731,-6.136],[-35.731,-6.134],[-35.728,-6.13],[-35.726,-6.129],[-35.724,-6.13],[-35.727,-6.126],[-35.727,-6.123],[-35.725,-6.122],[-35.725,-6.115],[-35.724,-6.114],[-35.72,-6.114],[-35.72,-6.113],[-35.721,-6.112],[-35.718,-6.111],[-35.717,-6.111],[-35.715,-6.109],[-35.712,-6.109],[-35.712,-6.108],[-35.71,-6.104],[-35.708,-6.101],[-35.704,-6.101],[-35.703,-6.1],[-35.702,-6.1],[-35.703,-6.1],[-35.703,-6.099],[-35.701,-6.095],[-35.701,-6.092],[-35.702,-6.092],[-35.702,-6.089],[-35.703,-6.087],[-35.705,-6.087],[-35.705,-6.086],[-35.703,-6.085],[-35.703,-6.084],[-35.702,-6.083],[-35.701,-6.082],[-35.699,-6.081],[-35.7,-6.08],[-35.7,-6.079],[-35.701,-6.076],[-35.7,-6.073],[-35.698,-6.072],[-35.698,-6.071],[-35.699,-6.069],[-35.698,-6.067],[-35.698,-6.065],[-35.699,-6.065],[-35.698,-6.064],[-35.699,-6.063],[-35.697,-6.06],[-35.698,-6.059],[-35.697,-6.057],[-35.696,-6.055],[-35.694,-6.055],[-35.694,-6.053],[-35.693,-6.051],[-35.693,-6.048],[-35.691,-6.049],[-35.689,-6.046],[-35.689,-6.045],[-35.69,-6.045],[-35.69,-6.042],[-35.692,-6.04],[-35.691,-6.037],[-35.691,-6.032],[-35.69,-6.03],[-35.689,-6.028],[-35.687,-6.029],[-35.687,-6.027],[-35.685,-6.026],[-35.683,-6.026],[-35.682,-6.028],[-35.681,-6.028],[-35.682,-6.026],[-35.68,-6.022],[-35.68,-6.021],[-35.675,-6.014],[-35.674,-6.011],[-35.673,-6.009],[-35.672,-6.008],[-35.664,-6.008],[-35.664,-6.007],[-35.661,-6.006],[-35.657,-6.003],[-35.656,-6.001],[-35.655,-6.001],[-35.655,-6],[-35.654,-5.999],[-35.651,-5.998],[-35.65,-5.997],[-35.651,-5.996],[-35.649,-5.995],[-35.644,-5.995],[-35.644,-5.994],[-35.645,-5.993],[-35.644,-5.992],[-35.643,-5.992],[-35.643,-5.991],[-35.641,-5.991],[-35.639,-5.99],[-35.639,-5.989],[-35.64,-5.987],[-35.637,-5.989],[-35.637,-5.988],[-35.636,-5.988],[-35.636,-5.986],[-35.634,-5.987],[-35.631,-5.987],[-35.63,-5.985],[-35.626,-5.985],[-35.627,-5.986],[-35.624,-5.986],[-35.623,-5.984],[-35.619,-5.985],[-35.618,-5.985],[-35.617,-5.984],[-35.617,-5.982],[-35.616,-5.981],[-35.614,-5.98],[-35.613,-5.978],[-35.611,-5.978],[-35.612,-5.98],[-35.611,-5.981],[-35.606,-5.98],[-35.607,-5.979],[-35.603,-5.979],[-35.601,-5.981],[-35.598,-5.982],[-35.599,-5.984],[-35.598,-5.983],[-35.596,-5.983],[-35.597,-5.981],[-35.596,-5.98],[-35.595,-5.98],[-35.594,-5.982],[-35.593,-5.983],[-35.592,-5.982],[-35.59,-5.981],[-35.588,-5.981],[-35.586,-5.98],[-35.586,-5.977],[-35.581,-5.977],[-35.581,-5.978],[-35.578,-5.979],[-35.577,-5.98],[-35.576,-5.981],[-35.576,-5.98],[-35.573,-5.978],[-35.573,-5.976],[-35.571,-5.976],[-35.569,-5.973],[-35.568,-5.973],[-35.568,-5.974],[-35.567,-5.974],[-35.567,-5.975],[-35.566,-5.975],[-35.566,-5.974],[-35.564,-5.975],[-35.564,-5.976],[-35.562,-5.978],[-35.565,-5.98],[-35.564,-5.982],[-35.566,-5.983],[-35.565,-5.985],[-35.568,-5.986],[-35.568,-5.987],[-35.57,-5.988],[-35.57,-5.99],[-35.572,-5.99],[-35.572,-5.992],[-35.573,-5.993],[-35.573,-5.994],[-35.576,-5.995],[-35.577,-5.997],[-35.579,-5.998],[-35.581,-5.997],[-35.582,-5.997],[-35.583,-5.998],[-35.584,-5.997],[-35.586,-5.998],[-35.593,-6],[-35.595,-6.002],[-35.595,-6.005],[-35.593,-6.007],[-35.593,-6.008],[-35.594,-6.008],[-35.595,-6.009],[-35.596,-6.008],[-35.597,-6.009],[-35.6,-6.009],[-35.6,-6.01],[-35.602,-6.011],[-35.605,-6.011],[-35.605,-6.01],[-35.606,-6.01],[-35.608,-6.013],[-35.608,-6.015],[-35.607,-6.015],[-35.608,-6.015],[-35.608,-6.016],[-35.609,-6.016],[-35.609,-6.017],[-35.61,-6.017],[-35.61,-6.018],[-35.612,-6.018],[-35.614,-6.017],[-35.616,-6.017],[-35.616,-6.016],[-35.617,-6.017],[-35.618,-6.018],[-35.618,-6.02],[-35.62,-6.02],[-35.62,-6.022],[-35.621,-6.022],[-35.622,-6.023],[-35.622,-6.022],[-35.623,-6.022],[-35.623,-6.023],[-35.627,-6.023],[-35.63,-6.028],[-35.632,-6.028],[-35.634,-6.027],[-35.635,-6.028],[-35.636,-6.03],[-35.637,-6.034],[-35.642,-6.038],[-35.646,-6.039],[-35.65,-6.04],[-35.651,-6.041],[-35.652,-6.044],[-35.65,-6.041],[-35.646,-6.039],[-35.642,-6.039],[-35.638,-6.035],[-35.637,-6.034],[-35.637,-6.032],[-35.635,-6.028],[-35.632,-6.028],[-35.629,-6.029],[-35.626,-6.023],[-35.623,-6.023],[-35.622,-6.022],[-35.622,-6.023],[-35.62,-6.022],[-35.62,-6.02],[-35.618,-6.02],[-35.618,-6.018],[-35.617,-6.017],[-35.614,-6.017],[-35.612,-6.018],[-35.61,-6.018],[-35.608,-6.016],[-35.607,-6.015],[-35.608,-6.014],[-35.606,-6.01],[-35.605,-6.01],[-35.605,-6.011],[-35.602,-6.011],[-35.6,-6.01],[-35.599,-6.009],[-35.597,-6.009],[-35.596,-6.008],[-35.595,-6.009],[-35.593,-6.008],[-35.593,-6.006],[-35.594,-6.005],[-35.595,-6.004],[-35.592,-6.002],[-35.588,-6.001],[-35.586,-6],[-35.582,-6.001],[-35.581,-5.999],[-35.58,-5.998],[-35.577,-5.998],[-35.576,-5.995],[-35.573,-5.994],[-35.573,-5.993],[-35.572,-5.992],[-35.572,-5.991],[-35.569,-5.99],[-35.569,-5.989],[-35.568,-5.988],[-35.568,-5.986],[-35.565,-5.986],[-35.564,-5.985],[-35.565,-5.983],[-35.564,-5.982],[-35.564,-5.98],[-35.563,-5.979],[-35.562,-5.979],[-35.562,-5.98],[-35.561,-5.979],[-35.559,-5.979],[-35.559,-5.978],[-35.558,-5.979],[-35.557,-5.978],[-35.556,-5.978],[-35.555,-5.979],[-35.555,-5.982],[-35.554,-5.982],[-35.554,-5.983],[-35.555,-5.984],[-35.554,-5.985],[-35.552,-5.985],[-35.55,-5.984],[-35.55,-5.987],[-35.547,-5.988],[-35.546,-5.988],[-35.546,-5.987],[-35.545,-5.988],[-35.544,-5.988],[-35.543,-5.99],[-35.542,-5.992],[-35.542,-5.994],[-35.54,-5.994],[-35.54,-5.993],[-35.538,-5.993],[-35.537,-5.99],[-35.536,-5.991],[-35.536,-5.989],[-35.534,-5.988],[-35.533,-5.99],[-35.532,-5.989],[-35.531,-5.99],[-35.529,-5.988],[-35.53,-5.987],[-35.529,-5.986],[-35.528,-5.987],[-35.528,-5.988],[-35.527,-5.988],[-35.526,-5.989],[-35.525,-5.988],[-35.526,-5.986],[-35.525,-5.986],[-35.524,-5.985],[-35.525,-5.987],[-35.521,-5.988],[-35.515,-5.985],[-35.515,-5.986],[-35.514,-5.987],[-35.515,-5.987],[-35.515,-5.988],[-35.516,-5.989],[-35.517,-5.989],[-35.518,-5.991],[-35.52,-5.991],[-35.522,-5.992],[-35.521,-5.995],[-35.52,-5.996],[-35.52,-5.998],[-35.515,-6.001],[-35.514,-6.004],[-35.512,-6.006],[-35.514,-6.008],[-35.513,-6.009],[-35.512,-6.006],[-35.515,-6.001],[-35.52,-5.997],[-35.52,-5.995],[-35.521,-5.992],[-35.52,-5.991],[-35.518,-5.992],[-35.517,-5.992],[-35.517,-5.99],[-35.515,-5.989],[-35.515,-5.988],[-35.514,-5.988],[-35.513,-5.986],[-35.512,-5.987],[-35.511,-5.987],[-35.508,-5.985],[-35.508,-5.986],[-35.507,-5.987],[-35.502,-5.982],[-35.501,-5.983],[-35.499,-5.983],[-35.499,-5.984],[-35.498,-5.984],[-35.497,-5.982],[-35.494,-5.982],[-35.494,-5.978],[-35.493,-5.977],[-35.492,-5.976],[-35.489,-5.972],[-35.488,-5.97],[-35.487,-5.969],[-35.488,-5.967],[-35.489,-5.966],[-35.489,-5.964],[-35.488,-5.962],[-35.486,-5.961],[-35.485,-5.962],[-35.484,-5.965],[-35.483,-5.965],[-35.482,-5.961],[-35.478,-5.958],[-35.477,-5.959],[-35.478,-5.96],[-35.477,-5.96],[-35.475,-5.958],[-35.473,-5.954],[-35.47,-5.954],[-35.471,-5.952],[-35.467,-5.953],[-35.467,-5.952],[-35.466,-5.95],[-35.465,-5.95],[-35.464,-5.951],[-35.462,-5.949],[-35.46,-5.95],[-35.46,-5.951],[-35.457,-5.95],[-35.455,-5.948],[-35.455,-5.947],[-35.453,-5.946],[-35.452,-5.947],[-35.453,-5.948],[-35.452,-5.949],[-35.45,-5.948],[-35.449,-5.949],[-35.449,-5.95],[-35.448,-5.952],[-35.449,-5.952],[-35.449,-5.953],[-35.451,-5.954],[-35.451,-5.955],[-35.453,-5.956],[-35.454,-5.956],[-35.455,-5.957],[-35.455,-5.959],[-35.457,-5.961],[-35.459,-5.962],[-35.46,-5.963],[-35.46,-5.965],[-35.457,-5.967],[-35.457,-5.97],[-35.459,-5.974],[-35.461,-5.975],[-35.462,-5.975],[-35.463,-5.976],[-35.463,-5.977],[-35.465,-5.977],[-35.467,-5.978],[-35.468,-5.98],[-35.47,-5.98],[-35.471,-5.982],[-35.472,-5.982],[-35.474,-5.986],[-35.479,-5.991],[-35.482,-5.992],[-35.483,-5.993],[-35.485,-5.996],[-35.488,-5.998],[-35.488,-5.999],[-35.487,-5.998],[-35.485,-5.996],[-35.483,-5.993],[-35.481,-5.992],[-35.479,-5.991],[-35.474,-5.986],[-35.472,-5.982],[-35.471,-5.982],[-35.47,-5.98],[-35.468,-5.98],[-35.467,-5.979],[-35.465,-5.977],[-35.463,-5.977],[-35.462,-5.975],[-35.461,-5.976],[-35.459,-5.974],[-35.456,-5.97],[-35.457,-5.966],[-35.46,-5.964],[-35.46,-5.963],[-35.459,-5.962],[-35.457,-5.962],[-35.454,-5.959],[-35.454,-5.957],[-35.452,-5.957],[-35.451,-5.956],[-35.451,-5.954],[-35.449,-5.953],[-35.449,-5.952],[-35.448,-5.953],[-35.446,-5.952],[-35.444,-5.954],[-35.443,-5.954],[-35.441,-5.952],[-35.441,-5.953],[-35.438,-5.952],[-35.436,-5.952],[-35.437,-5.953],[-35.435,-5.954],[-35.435,-5.953],[-35.433,-5.954],[-35.433,-5.953],[-35.432,-5.952],[-35.433,-5.952],[-35.434,-5.95],[-35.435,-5.949],[-35.434,-5.949],[-35.434,-5.95],[-35.433,-5.95],[-35.433,-5.948],[-35.432,-5.947],[-35.431,-5.947],[-35.43,-5.948],[-35.43,-5.946],[-35.429,-5.945],[-35.425,-5.944],[-35.424,-5.947],[-35.423,-5.949],[-35.425,-5.952],[-35.424,-5.954],[-35.426,-5.958],[-35.424,-5.955],[-35.422,-5.954],[-35.421,-5.955],[-35.422,-5.956],[-35.42,-5.955],[-35.418,-5.957],[-35.419,-5.958],[-35.419,-5.962],[-35.422,-5.964],[-35.421,-5.965],[-35.417,-5.961],[-35.417,-5.959],[-35.416,-5.957],[-35.414,-5.957],[-35.415,-5.955],[-35.415,-5.952],[-35.411,-5.954],[-35.412,-5.951],[-35.412,-5.95],[-35.41,-5.951],[-35.411,-5.95],[-35.411,-5.947],[-35.41,-5.948],[-35.41,-5.946],[-35.409,-5.945],[-35.407,-5.945],[-35.407,-5.946],[-35.407,-5.945],[-35.409,-5.944],[-35.41,-5.943],[-35.413,-5.943],[-35.412,-5.941],[-35.411,-5.941],[-35.411,-5.939],[-35.408,-5.938],[-35.405,-5.937],[-35.404,-5.935],[-35.403,-5.934],[-35.403,-5.935],[-35.402,-5.934],[-35.4,-5.932],[-35.4,-5.93],[-35.398,-5.929],[-35.398,-5.926],[-35.399,-5.925],[-35.399,-5.924],[-35.397,-5.923],[-35.397,-5.921],[-35.396,-5.921],[-35.395,-5.92],[-35.391,-5.92],[-35.389,-5.919],[-35.387,-5.919],[-35.387,-5.92],[-35.386,-5.921],[-35.385,-5.921],[-35.382,-5.918],[-35.381,-5.916],[-35.38,-5.916],[-35.381,-5.913],[-35.381,-5.907],[-35.382,-5.906],[-35.381,-5.906],[-35.381,-5.903],[-35.38,-5.902],[-35.38,-5.901],[-35.381,-5.9],[-35.38,-5.899],[-35.381,-5.898],[-35.381,-5.893],[-35.378,-5.889],[-35.374,-5.888],[-35.374,-5.886],[-35.372,-5.885],[-35.371,-5.885],[-35.37,-5.883],[-35.371,-5.883],[-35.37,-5.882],[-35.37,-5.88],[-35.369,-5.879],[-35.369,-5.878],[-35.368,-5.877],[-35.368,-5.876],[-35.367,-5.876],[-35.367,-5.875],[-35.365,-5.875],[-35.365,-5.874],[-35.364,-5.875],[-35.362,-5.874],[-35.362,-5.873],[-35.361,-5.873],[-35.36,-5.871],[-35.36,-5.869],[-35.358,-5.868],[-35.356,-5.866],[-35.355,-5.866],[-35.354,-5.864],[-35.355,-5.863],[-35.354,-5.863],[-35.355,-5.862],[-35.355,-5.861],[-35.352,-5.861],[-35.351,-5.86],[-35.351,-5.858],[-35.35,-5.857],[-35.347,-5.856],[-35.343,-5.856],[-35.34,-5.854],[-35.339,-5.854],[-35.338,-5.853],[-35.338,-5.854],[-35.337,-5.852],[-35.336,-5.853],[-35.334,-5.852],[-35.333,-5.852],[-35.331,-5.85],[-35.328,-5.85],[-35.328,-5.849],[-35.327,-5.848],[-35.328,-5.846],[-35.326,-5.845],[-35.323,-5.846],[-35.321,-5.845],[-35.319,-5.847],[-35.318,-5.847],[-35.317,-5.846],[-35.318,-5.842],[-35.313,-5.842],[-35.31,-5.839],[-35.309,-5.841],[-35.307,-5.842],[-35.301,-5.841],[-35.297,-5.841],[-35.296,-5.84],[-35.294,-5.839],[-35.29,-5.835],[-35.289,-5.835],[-35.289,-5.834],[-35.288,-5.834],[-35.281,-5.83],[-35.28,-5.822],[-35.279,-5.819],[-35.274,-5.818],[-35.27,-5.815],[-35.268,-5.813],[-35.26,-5.811],[-35.255,-5.809],[-35.251,-5.803],[-35.248,-5.799],[-35.25,-5.791],[-35.248,-5.785],[-35.247,-5.784],[-35.246,-5.784],[-35.243,-5.788],[-35.239,-5.79],[-35.234,-5.791],[-35.228,-5.791],[-35.216,-5.788],[-35.212,-5.785],[-35.208,-5.78],[-35.205,-5.772],[-35.204,-5.762],[-35.202,-5.759],[-35.197,-5.756],[-35.198,-5.756],[-35.196,-5.754],[-35.196,-5.753],[-35.197,-5.752],[-35.198,-5.751],[-35.2,-5.753],[-35.202,-5.752],[-35.203,-5.754],[-35.204,-5.754],[-35.205,-5.756],[-35.206,-5.758],[-35.208,-5.76],[-35.209,-5.761],[-35.21,-5.76],[-35.211,-5.76],[-35.211,-5.763],[-35.212,-5.766],[-35.213,-5.767],[-35.214,-5.768],[-35.216,-5.767],[-35.218,-5.767],[-35.219,-5.763],[-35.221,-5.762],[-35.223,-5.763],[-35.227,-5.763],[-35.229,-5.766],[-35.231,-5.767],[-35.233,-5.767],[-35.235,-5.766],[-35.237,-5.764],[-35.236,-5.767],[-35.232,-5.768],[-35.229,-5.767],[-35.226,-5.763],[-35.221,-5.764],[-35.218,-5.767],[-35.216,-5.768],[-35.213,-5.769],[-35.211,-5.768],[-35.21,-5.77],[-35.211,-5.773],[-35.212,-5.774],[-35.213,-5.775],[-35.211,-5.776],[-35.212,-5.778],[-35.216,-5.782],[-35.218,-5.783],[-35.231,-5.786],[-35.236,-5.784],[-35.241,-5.779],[-35.247,-5.779],[-35.252,-5.783],[-35.253,-5.787],[-35.256,-5.788],[-35.257,-5.789],[-35.258,-5.79],[-35.259,-5.791],[-35.258,-5.791],[-35.259,-5.793],[-35.261,-5.794],[-35.263,-5.796],[-35.265,-5.797],[-35.265,-5.799],[-35.266,-5.8],[-35.268,-5.801],[-35.271,-5.8],[-35.272,-5.801],[-35.272,-5.804],[-35.273,-5.805],[-35.275,-5.804],[-35.278,-5.801],[-35.281,-5.8],[-35.284,-5.801],[-35.285,-5.805],[-35.286,-5.805],[-35.288,-5.803],[-35.288,-5.799],[-35.289,-5.798],[-35.291,-5.797],[-35.295,-5.797],[-35.296,-5.796],[-35.301,-5.795],[-35.304,-5.795],[-35.305,-5.794],[-35.31,-5.794],[-35.312,-5.792],[-35.313,-5.792],[-35.312,-5.792],[-35.311,-5.793],[-35.309,-5.794],[-35.305,-5.794],[-35.303,-5.795],[-35.295,-5.797],[-35.293,-5.797],[-35.299,-5.798],[-35.303,-5.797],[-35.306,-5.796],[-35.312,-5.8],[-35.315,-5.798],[-35.319,-5.797],[-35.321,-5.797],[-35.327,-5.799],[-35.335,-5.806],[-35.335,-5.808],[-35.333,-5.812],[-35.334,-5.813],[-35.336,-5.814],[-35.34,-5.814],[-35.345,-5.816],[-35.348,-5.816],[-35.355,-5.812],[-35.36,-5.81],[-35.361,-5.81],[-35.364,-5.813],[-35.366,-5.815],[-35.368,-5.815],[-35.373,-5.814],[-35.378,-5.812],[-35.378,-5.809],[-35.38,-5.807],[-35.382,-5.807],[-35.385,-5.806],[-35.386,-5.803],[-35.39,-5.799],[-35.391,-5.799],[-35.397,-5.798],[-35.398,-5.792],[-35.4,-5.791],[-35.402,-5.791],[-35.404,-5.79],[-35.406,-5.79],[-35.405,-5.789],[-35.406,-5.789],[-35.406,-5.788],[-35.407,-5.788],[-35.408,-5.789],[-35.415,-5.789],[-35.415,-5.788],[-35.414,-5.787],[-35.415,-5.786],[-35.414,-5.787],[-35.415,-5.788],[-35.415,-5.79],[-35.414,-5.79],[-35.414,-5.791],[-35.42,-5.791],[-35.421,-5.792],[-35.424,-5.792],[-35.425,-5.793],[-35.426,-5.793],[-35.426,-5.794],[-35.434,-5.792],[-35.437,-5.788],[-35.437,-5.787],[-35.438,-5.786],[-35.434,-5.792],[-35.427,-5.794],[-35.426,-5.794],[-35.426,-5.793],[-35.425,-5.793],[-35.424,-5.792],[-35.42,-5.792],[-35.417,-5.791],[-35.414,-5.793],[-35.413,-5.793],[-35.413,-5.792],[-35.411,-5.792],[-35.412,-5.792],[-35.411,-5.79],[-35.41,-5.79],[-35.41,-5.789],[-35.409,-5.789],[-35.407,-5.788],[-35.406,-5.788],[-35.405,-5.789],[-35.406,-5.79],[-35.404,-5.79],[-35.402,-5.791],[-35.406,-5.794],[-35.409,-5.798],[-35.413,-5.807],[-35.419,-5.811],[-35.423,-5.812],[-35.433,-5.812],[-35.436,-5.811],[-35.441,-5.811],[-35.447,-5.81],[-35.45,-5.809],[-35.452,-5.809],[-35.453,-5.81],[-35.455,-5.81],[-35.456,-5.809],[-35.457,-5.809],[-35.457,-5.807],[-35.458,-5.807],[-35.459,-5.805],[-35.46,-5.806],[-35.462,-5.806],[-35.464,-5.805],[-35.465,-5.804],[-35.466,-5.802],[-35.467,-5.8],[-35.466,-5.8],[-35.466,-5.797],[-35.468,-5.797],[-35.47,-5.795],[-35.471,-5.796],[-35.473,-5.794],[-35.475,-5.793],[-35.477,-5.794],[-35.477,-5.796],[-35.48,-5.797],[-35.481,-5.799],[-35.482,-5.799],[-35.482,-5.798],[-35.485,-5.798],[-35.485,-5.797],[-35.488,-5.797],[-35.488,-5.796],[-35.49,-5.795],[-35.491,-5.796],[-35.493,-5.793],[-35.495,-5.794],[-35.499,-5.798],[-35.5,-5.794],[-35.501,-5.792],[-35.502,-5.792],[-35.503,-5.791],[-35.505,-5.79],[-35.507,-5.79],[-35.507,-5.791],[-35.508,-5.791],[-35.51,-5.792],[-35.511,-5.792],[-35.511,-5.793],[-35.511,-5.792],[-35.512,-5.791],[-35.512,-5.79],[-35.514,-5.79],[-35.514,-5.789],[-35.513,-5.788],[-35.514,-5.787],[-35.516,-5.786],[-35.517,-5.785],[-35.517,-5.783],[-35.515,-5.783],[-35.515,-5.782],[-35.514,-5.782],[-35.514,-5.778],[-35.515,-5.778],[-35.515,-5.776],[-35.514,-5.775],[-35.514,-5.772],[-35.513,-5.771],[-35.513,-5.768],[-35.51,-5.765],[-35.51,-5.764],[-35.509,-5.763],[-35.508,-5.763],[-35.507,-5.762],[-35.507,-5.761],[-35.508,-5.763],[-35.51,-5.763],[-35.51,-5.765],[-35.513,-5.768],[-35.513,-5.77],[-35.514,-5.772],[-35.514,-5.775],[-35.515,-5.776],[-35.515,-5.778],[-35.514,-5.781],[-35.514,-5.782],[-35.515,-5.782],[-35.516,-5.783],[-35.517,-5.783],[-35.517,-5.785],[-35.516,-5.786],[-35.514,-5.787],[-35.513,-5.788],[-35.514,-5.789],[-35.514,-5.79],[-35.512,-5.79],[-35.512,-5.792],[-35.511,-5.792],[-35.511,-5.793],[-35.511,-5.792],[-35.51,-5.792],[-35.512,-5.794],[-35.514,-5.793],[-35.515,-5.795],[-35.516,-5.796],[-35.52,-5.796],[-35.522,-5.795],[-35.524,-5.796],[-35.526,-5.796],[-35.53,-5.797],[-35.532,-5.795],[-35.54,-5.793],[-35.54,-5.79],[-35.542,-5.786],[-35.546,-5.786],[-35.546,-5.785],[-35.549,-5.785],[-35.549,-5.781],[-35.55,-5.781],[-35.551,-5.78],[-35.552,-5.778],[-35.552,-5.777],[-35.553,-5.776],[-35.555,-5.776],[-35.556,-5.775],[-35.556,-5.773],[-35.555,-5.773],[-35.555,-5.771],[-35.557,-5.771],[-35.557,-5.77],[-35.556,-5.769],[-35.556,-5.768],[-35.555,-5.768],[-35.555,-5.766],[-35.553,-5.766],[-35.554,-5.765],[-35.555,-5.763],[-35.556,-5.763],[-35.556,-5.76],[-35.555,-5.759],[-35.556,-5.759],[-35.557,-5.758],[-35.557,-5.757],[-35.555,-5.757],[-35.554,-5.756],[-35.555,-5.756],[-35.554,-5.756],[-35.554,-5.755],[-35.555,-5.755],[-35.555,-5.754],[-35.554,-5.754],[-35.554,-5.753],[-35.555,-5.754],[-35.555,-5.755],[-35.554,-5.756],[-35.555,-5.756],[-35.555,-5.757],[-35.557,-5.757],[-35.557,-5.758],[-35.555,-5.759],[-35.556,-5.76],[-35.556,-5.763],[-35.555,-5.763],[-35.554,-5.765],[-35.553,-5.766],[-35.555,-5.766],[-35.555,-5.767],[-35.556,-5.768],[-35.556,-5.769],[-35.557,-5.77],[-35.557,-5.771],[-35.556,-5.771],[-35.555,-5.772],[-35.555,-5.773],[-35.556,-5.773],[-35.556,-5.776],[-35.553,-5.776],[-35.552,-5.777],[-35.552,-5.778],[-35.551,-5.78],[-35.55,-5.781],[-35.549,-5.781],[-35.549,-5.782],[-35.552,-5.782],[-35.555,-5.784],[-35.557,-5.785],[-35.561,-5.783],[-35.562,-5.784],[-35.563,-5.784],[-35.564,-5.788],[-35.567,-5.788],[-35.571,-5.787],[-35.574,-5.785],[-35.576,-5.786],[-35.577,-5.786],[-35.577,-5.785],[-35.579,-5.783],[-35.581,-5.784],[-35.581,-5.783],[-35.582,-5.782],[-35.583,-5.782],[-35.583,-5.779],[-35.585,-5.779],[-35.584,-5.778],[-35.585,-5.779],[-35.584,-5.779],[-35.583,-5.78],[-35.583,-5.782],[-35.582,-5.782],[-35.581,-5.784],[-35.581,-5.788],[-35.584,-5.788],[-35.586,-5.789],[-35.588,-5.789],[-35.588,-5.791],[-35.591,-5.79],[-35.592,-5.788],[-35.595,-5.789],[-35.595,-5.788],[-35.596,-5.789],[-35.596,-5.787],[-35.597,-5.788],[-35.598,-5.789],[-35.6,-5.788],[-35.601,-5.788],[-35.602,-5.787],[-35.602,-5.785],[-35.603,-5.785],[-35.604,-5.784],[-35.603,-5.782],[-35.604,-5.782],[-35.604,-5.779],[-35.605,-5.779],[-35.607,-5.78],[-35.607,-5.778],[-35.609,-5.78],[-35.609,-5.778],[-35.61,-5.777],[-35.61,-5.775],[-35.611,-5.775],[-35.611,-5.776],[-35.612,-5.777],[-35.614,-5.777],[-35.614,-5.772],[-35.615,-5.773],[-35.615,-5.774],[-35.616,-5.775],[-35.62,-5.772],[-35.62,-5.77],[-35.621,-5.769],[-35.622,-5.769],[-35.622,-5.766],[-35.624,-5.766],[-35.624,-5.763],[-35.623,-5.763],[-35.624,-5.763],[-35.623,-5.762],[-35.624,-5.761],[-35.625,-5.761],[-35.625,-5.758],[-35.629,-5.758],[-35.63,-5.757],[-35.63,-5.756],[-35.631,-5.755],[-35.631,-5.754],[-35.632,-5.753],[-35.632,-5.752],[-35.631,-5.75],[-35.631,-5.749],[-35.63,-5.749],[-35.629,-5.748],[-35.63,-5.748],[-35.631,-5.747],[-35.631,-5.745],[-35.632,-5.745],[-35.632,-5.743],[-35.631,-5.741],[-35.632,-5.74],[-35.634,-5.74],[-35.634,-5.739],[-35.635,-5.738],[-35.636,-5.738],[-35.636,-5.736],[-35.637,-5.736],[-35.638,-5.735],[-35.638,-5.732],[-35.637,-5.731],[-35.638,-5.732],[-35.638,-5.735],[-35.636,-5.736],[-35.636,-5.738],[-35.634,-5.739],[-35.634,-5.74],[-35.632,-5.74],[-35.631,-5.741],[-35.632,-5.743],[-35.632,-5.745],[-35.631,-5.745],[-35.631,-5.747],[-35.629,-5.748],[-35.631,-5.749],[-35.632,-5.752],[-35.632,-5.753],[-35.631,-5.755],[-35.629,-5.758],[-35.625,-5.758],[-35.625,-5.761],[-35.624,-5.761],[-35.623,-5.762],[-35.624,-5.763],[-35.623,-5.763],[-35.624,-5.763],[-35.624,-5.766],[-35.622,-5.766],[-35.622,-5.77],[-35.62,-5.771],[-35.621,-5.774],[-35.619,-5.774],[-35.616,-5.778],[-35.614,-5.777],[-35.611,-5.777],[-35.611,-5.775],[-35.61,-5.775],[-35.61,-5.777],[-35.609,-5.778],[-35.609,-5.78],[-35.607,-5.779],[-35.607,-5.78],[-35.604,-5.779],[-35.604,-5.782],[-35.603,-5.782],[-35.604,-5.784],[-35.602,-5.786],[-35.602,-5.787],[-35.601,-5.788],[-35.598,-5.789],[-35.596,-5.787],[-35.596,-5.789],[-35.595,-5.788],[-35.595,-5.789],[-35.598,-5.79],[-35.599,-5.79],[-35.598,-5.792],[-35.604,-5.793],[-35.607,-5.794],[-35.608,-5.793],[-35.609,-5.793],[-35.611,-5.794],[-35.613,-5.795],[-35.615,-5.792],[-35.618,-5.793],[-35.619,-5.79],[-35.621,-5.79],[-35.623,-5.788],[-35.624,-5.79],[-35.624,-5.792],[-35.626,-5.793],[-35.627,-5.795],[-35.629,-5.797],[-35.63,-5.796],[-35.632,-5.794],[-35.631,-5.793],[-35.632,-5.792],[-35.632,-5.791],[-35.634,-5.79],[-35.637,-5.791],[-35.639,-5.789],[-35.64,-5.789],[-35.641,-5.79],[-35.642,-5.792],[-35.644,-5.792],[-35.645,-5.793],[-35.646,-5.791],[-35.647,-5.791],[-35.648,-5.793],[-35.65,-5.792],[-35.651,-5.792],[-35.653,-5.791],[-35.655,-5.786],[-35.655,-5.783],[-35.654,-5.781],[-35.655,-5.781],[-35.655,-5.78],[-35.656,-5.78],[-35.656,-5.778],[-35.655,-5.778],[-35.655,-5.776],[-35.656,-5.778],[-35.656,-5.78],[-35.655,-5.781],[-35.654,-5.781],[-35.655,-5.783],[-35.655,-5.787],[-35.653,-5.791],[-35.651,-5.792],[-35.65,-5.792],[-35.652,-5.792],[-35.653,-5.793],[-35.653,-5.792],[-35.654,-5.792],[-35.657,-5.794],[-35.658,-5.795],[-35.663,-5.797],[-35.662,-5.795],[-35.666,-5.795],[-35.668,-5.794],[-35.669,-5.794],[-35.668,-5.791],[-35.668,-5.79],[-35.667,-5.789],[-35.667,-5.788],[-35.671,-5.788],[-35.673,-5.789],[-35.673,-5.785],[-35.675,-5.785],[-35.676,-5.783],[-35.675,-5.784],[-35.675,-5.781],[-35.676,-5.781],[-35.676,-5.779],[-35.674,-5.78],[-35.673,-5.779],[-35.674,-5.777],[-35.673,-5.776],[-35.673,-5.774],[-35.674,-5.774],[-35.674,-5.773],[-35.675,-5.773],[-35.675,-5.772],[-35.677,-5.772],[-35.678,-5.771],[-35.677,-5.769],[-35.677,-5.767],[-35.676,-5.766],[-35.676,-5.765],[-35.675,-5.765],[-35.675,-5.761],[-35.676,-5.76],[-35.678,-5.757],[-35.68,-5.757],[-35.68,-5.756],[-35.681,-5.755],[-35.681,-5.752],[-35.682,-5.752],[-35.682,-5.745],[-35.683,-5.745],[-35.686,-5.743],[-35.687,-5.743],[-35.687,-5.738],[-35.687,-5.743],[-35.683,-5.745],[-35.682,-5.749],[-35.682,-5.752],[-35.681,-5.752],[-35.681,-5.755],[-35.68,-5.757],[-35.678,-5.757],[-35.675,-5.761],[-35.675,-5.764],[-35.676,-5.765],[-35.676,-5.766],[-35.677,-5.767],[-35.677,-5.769],[-35.678,-5.771],[-35.676,-5.772],[-35.675,-5.772],[-35.675,-5.773],[-35.674,-5.774],[-35.675,-5.773],[-35.674,-5.775],[-35.676,-5.777],[-35.676,-5.781],[-35.675,-5.782],[-35.675,-5.783],[-35.676,-5.783],[-35.677,-5.782],[-35.68,-5.783],[-35.682,-5.783],[-35.681,-5.781],[-35.681,-5.78],[-35.682,-5.779],[-35.684,-5.779],[-35.687,-5.777],[-35.689,-5.775],[-35.69,-5.777],[-35.691,-5.777],[-35.691,-5.776],[-35.692,-5.776],[-35.693,-5.774],[-35.696,-5.774],[-35.697,-5.773],[-35.695,-5.773],[-35.695,-5.771],[-35.696,-5.77],[-35.695,-5.769],[-35.696,-5.768],[-35.697,-5.769],[-35.7,-5.766],[-35.701,-5.766],[-35.702,-5.768],[-35.703,-5.767],[-35.706,-5.769],[-35.707,-5.767],[-35.708,-5.767],[-35.709,-5.768],[-35.708,-5.771],[-35.709,-5.771],[-35.71,-5.77],[-35.712,-5.771],[-35.712,-5.77],[-35.711,-5.769],[-35.711,-5.768],[-35.712,-5.768],[-35.711,-5.767],[-35.712,-5.765],[-35.712,-5.764],[-35.714,-5.764],[-35.713,-5.761],[-35.714,-5.761],[-35.713,-5.76],[-35.712,-5.76],[-35.712,-5.759],[-35.711,-5.758],[-35.71,-5.758],[-35.711,-5.757],[-35.711,-5.756],[-35.712,-5.755],[-35.711,-5.754],[-35.711,-5.753],[-35.71,-5.753],[-35.709,-5.751],[-35.711,-5.748],[-35.71,-5.748],[-35.707,-5.746],[-35.708,-5.744],[-35.71,-5.742],[-35.71,-5.737],[-35.709,-5.737],[-35.71,-5.736],[-35.709,-5.734],[-35.71,-5.734],[-35.709,-5.734],[-35.709,-5.732],[-35.708,-5.73],[-35.705,-5.73],[-35.705,-5.729],[-35.704,-5.729],[-35.704,-5.723],[-35.703,-5.722],[-35.702,-5.721],[-35.702,-5.714],[-35.702,-5.721],[-35.703,-5.722],[-35.704,-5.723],[-35.704,-5.728],[-35.706,-5.73],[-35.708,-5.73],[-35.709,-5.732],[-35.709,-5.733],[-35.71,-5.734],[-35.709,-5.734],[-35.71,-5.736],[-35.709,-5.737],[-35.71,-5.737],[-35.71,-5.74],[-35.711,-5.743],[-35.71,-5.745],[-35.711,-5.747],[-35.709,-5.751],[-35.712,-5.755],[-35.711,-5.756],[-35.711,-5.758],[-35.713,-5.76],[-35.715,-5.759],[-35.717,-5.759],[-35.716,-5.756],[-35.718,-5.754],[-35.718,-5.753],[-35.716,-5.753],[-35.717,-5.751],[-35.716,-5.751],[-35.716,-5.75],[-35.717,-5.749],[-35.718,-5.749],[-35.718,-5.748],[-35.719,-5.747],[-35.721,-5.748],[-35.722,-5.749],[-35.724,-5.748],[-35.724,-5.747],[-35.726,-5.747],[-35.726,-5.746],[-35.728,-5.747],[-35.728,-5.748],[-35.73,-5.748],[-35.73,-5.746],[-35.731,-5.745],[-35.731,-5.746],[-35.732,-5.745],[-35.732,-5.743],[-35.733,-5.743],[-35.734,-5.742],[-35.734,-5.739],[-35.733,-5.739],[-35.734,-5.738],[-35.733,-5.738],[-35.733,-5.737],[-35.734,-5.735],[-35.734,-5.734],[-35.735,-5.733],[-35.734,-5.73],[-35.734,-5.728],[-35.732,-5.728],[-35.732,-5.727],[-35.731,-5.727],[-35.732,-5.726],[-35.733,-5.726],[-35.733,-5.725],[-35.731,-5.725],[-35.731,-5.723],[-35.73,-5.723],[-35.73,-5.719],[-35.729,-5.716],[-35.729,-5.714],[-35.73,-5.712],[-35.728,-5.711],[-35.73,-5.712],[-35.729,-5.716],[-35.73,-5.719],[-35.73,-5.721],[-35.731,-5.723],[-35.733,-5.724],[-35.733,-5.726],[-35.732,-5.727],[-35.732,-5.728],[-35.734,-5.728],[-35.735,-5.733],[-35.734,-5.734],[-35.734,-5.735],[-35.733,-5.737],[-35.734,-5.737],[-35.734,-5.738],[-35.733,-5.739],[-35.734,-5.74],[-35.734,-5.741],[-35.733,-5.743],[-35.732,-5.743],[-35.732,-5.745],[-35.731,-5.746],[-35.731,-5.745],[-35.73,-5.746],[-35.73,-5.748],[-35.728,-5.748],[-35.729,-5.75],[-35.728,-5.75],[-35.729,-5.75],[-35.729,-5.752],[-35.733,-5.752],[-35.735,-5.754],[-35.736,-5.755],[-35.737,-5.755],[-35.739,-5.756],[-35.74,-5.756],[-35.741,-5.758],[-35.741,-5.759],[-35.742,-5.759],[-35.742,-5.76],[-35.743,-5.762],[-35.746,-5.762],[-35.746,-5.761],[-35.747,-5.76],[-35.749,-5.76],[-35.75,-5.762],[-35.75,-5.761],[-35.751,-5.761],[-35.753,-5.764],[-35.756,-5.766],[-35.757,-5.764],[-35.759,-5.763],[-35.761,-5.763],[-35.762,-5.765],[-35.766,-5.764],[-35.767,-5.763],[-35.767,-5.761],[-35.768,-5.76],[-35.767,-5.76],[-35.768,-5.76],[-35.769,-5.759],[-35.77,-5.759],[-35.77,-5.758],[-35.771,-5.758],[-35.773,-5.757],[-35.774,-5.756],[-35.775,-5.757],[-35.781,-5.757],[-35.781,-5.758],[-35.781,-5.757],[-35.782,-5.758],[-35.784,-5.758],[-35.785,-5.759],[-35.786,-5.759],[-35.787,-5.76],[-35.788,-5.76],[-35.789,-5.761],[-35.791,-5.762],[-35.791,-5.763],[-35.798,-5.763],[-35.8,-5.762],[-35.802,-5.762],[-35.802,-5.761],[-35.802,-5.763],[-35.803,-5.762],[-35.803,-5.761],[-35.805,-5.763],[-35.808,-5.763],[-35.808,-5.764],[-35.811,-5.764],[-35.811,-5.763],[-35.814,-5.763],[-35.814,-5.765],[-35.815,-5.765],[-35.814,-5.766],[-35.815,-5.766],[-35.815,-5.767],[-35.816,-5.767],[-35.817,-5.768],[-35.818,-5.768],[-35.82,-5.769],[-35.826,-5.769],[-35.827,-5.767],[-35.828,-5.766],[-35.829,-5.767],[-35.83,-5.767],[-35.83,-5.765],[-35.832,-5.766],[-35.833,-5.765],[-35.834,-5.766],[-35.835,-5.767],[-35.836,-5.765],[-35.838,-5.765],[-35.839,-5.764],[-35.843,-5.764],[-35.839,-5.764],[-35.838,-5.765],[-35.839,-5.766],[-35.839,-5.768],[-35.837,-5.77],[-35.832,-5.77],[-35.833,-5.771],[-35.835,-5.771],[-35.836,-5.773],[-35.84,-5.773],[-35.84,-5.775],[-35.837,-5.776],[-35.833,-5.774],[-35.831,-5.773],[-35.83,-5.773],[-35.832,-5.776],[-35.835,-5.781],[-35.836,-5.782],[-35.831,-5.78],[-35.831,-5.778],[-35.829,-5.777],[-35.829,-5.776],[-35.826,-5.773],[-35.826,-5.769],[-35.818,-5.769],[-35.818,-5.768],[-35.817,-5.768],[-35.816,-5.767],[-35.814,-5.766],[-35.814,-5.763],[-35.811,-5.763],[-35.811,-5.764],[-35.808,-5.764],[-35.807,-5.763],[-35.805,-5.763],[-35.803,-5.762],[-35.802,-5.763],[-35.802,-5.761],[-35.798,-5.763],[-35.795,-5.763],[-35.794,-5.764],[-35.791,-5.763],[-35.791,-5.762],[-35.787,-5.76],[-35.786,-5.759],[-35.785,-5.759],[-35.783,-5.758],[-35.781,-5.758],[-35.78,-5.757],[-35.775,-5.757],[-35.774,-5.756],[-35.771,-5.758],[-35.77,-5.759],[-35.769,-5.759],[-35.768,-5.76],[-35.767,-5.762],[-35.769,-5.762],[-35.769,-5.763],[-35.771,-5.763],[-35.772,-5.762],[-35.772,-5.763],[-35.773,-5.762],[-35.773,-5.763],[-35.774,-5.762],[-35.775,-5.763],[-35.776,-5.763],[-35.777,-5.762],[-35.779,-5.762],[-35.779,-5.763],[-35.78,-5.763],[-35.779,-5.764],[-35.78,-5.764],[-35.781,-5.765],[-35.782,-5.765],[-35.782,-5.767],[-35.781,-5.768],[-35.781,-5.769],[-35.783,-5.769],[-35.785,-5.77],[-35.785,-5.769],[-35.79,-5.769],[-35.79,-5.77],[-35.788,-5.771],[-35.787,-5.775],[-35.786,-5.775],[-35.785,-5.777],[-35.786,-5.773],[-35.784,-5.771],[-35.785,-5.77],[-35.783,-5.769],[-35.781,-5.769],[-35.781,-5.768],[-35.782,-5.765],[-35.78,-5.764],[-35.779,-5.764],[-35.779,-5.763],[-35.772,-5.763],[-35.772,-5.762],[-35.771,-5.763],[-35.77,-5.764],[-35.77,-5.763],[-35.769,-5.763],[-35.769,-5.762],[-35.767,-5.762],[-35.767,-5.763],[-35.766,-5.764],[-35.762,-5.765],[-35.761,-5.763],[-35.759,-5.763],[-35.758,-5.764],[-35.757,-5.765],[-35.757,-5.766],[-35.758,-5.765],[-35.759,-5.765],[-35.758,-5.769],[-35.757,-5.769],[-35.757,-5.768],[-35.755,-5.769],[-35.753,-5.766],[-35.751,-5.766],[-35.75,-5.764],[-35.751,-5.761],[-35.75,-5.761],[-35.75,-5.762],[-35.748,-5.76],[-35.747,-5.76],[-35.746,-5.762],[-35.743,-5.762],[-35.742,-5.76],[-35.742,-5.759],[-35.741,-5.759],[-35.741,-5.758],[-35.74,-5.756],[-35.739,-5.756],[-35.737,-5.755],[-35.735,-5.754],[-35.733,-5.752],[-35.729,-5.752],[-35.729,-5.751],[-35.728,-5.75],[-35.728,-5.748],[-35.727,-5.748],[-35.727,-5.747],[-35.724,-5.747],[-35.724,-5.749],[-35.722,-5.75],[-35.719,-5.747],[-35.718,-5.749],[-35.717,-5.749],[-35.717,-5.75],[-35.716,-5.751],[-35.717,-5.751],[-35.717,-5.752],[-35.718,-5.752],[-35.718,-5.754],[-35.717,-5.756],[-35.718,-5.759],[-35.717,-5.76],[-35.715,-5.759],[-35.714,-5.76],[-35.715,-5.761],[-35.713,-5.761],[-35.714,-5.764],[-35.712,-5.764],[-35.712,-5.765],[-35.711,-5.767],[-35.712,-5.768],[-35.711,-5.769],[-35.712,-5.77],[-35.712,-5.771],[-35.711,-5.77],[-35.709,-5.771],[-35.708,-5.771],[-35.709,-5.768],[-35.708,-5.767],[-35.707,-5.767],[-35.706,-5.769],[-35.703,-5.767],[-35.703,-5.768],[-35.702,-5.768],[-35.7,-5.766],[-35.697,-5.769],[-35.696,-5.768],[-35.695,-5.769],[-35.696,-5.77],[-35.695,-5.771],[-35.695,-5.772],[-35.697,-5.773],[-35.693,-5.775],[-35.692,-5.776],[-35.691,-5.776],[-35.691,-5.777],[-35.69,-5.778],[-35.689,-5.776],[-35.687,-5.778],[-35.685,-5.779],[-35.682,-5.779],[-35.681,-5.781],[-35.682,-5.782],[-35.682,-5.783],[-35.68,-5.783],[-35.677,-5.782],[-35.677,-5.783],[-35.676,-5.784],[-35.675,-5.786],[-35.673,-5.786],[-35.673,-5.789],[-35.672,-5.789],[-35.671,-5.788],[-35.668,-5.788],[-35.667,-5.789],[-35.669,-5.79],[-35.668,-5.791],[-35.669,-5.794],[-35.668,-5.795],[-35.667,-5.794],[-35.667,-5.795],[-35.662,-5.795],[-35.663,-5.797],[-35.664,-5.798],[-35.665,-5.798],[-35.666,-5.799],[-35.665,-5.801],[-35.665,-5.802],[-35.667,-5.802],[-35.668,-5.803],[-35.669,-5.803],[-35.669,-5.804],[-35.672,-5.804],[-35.673,-5.802],[-35.674,-5.802],[-35.675,-5.801],[-35.676,-5.802],[-35.677,-5.801],[-35.678,-5.802],[-35.68,-5.802],[-35.681,-5.805],[-35.683,-5.805],[-35.683,-5.804],[-35.684,-5.803],[-35.685,-5.804],[-35.687,-5.803],[-35.687,-5.806],[-35.689,-5.806],[-35.69,-5.807],[-35.691,-5.807],[-35.693,-5.811],[-35.695,-5.812],[-35.695,-5.811],[-35.698,-5.812],[-35.699,-5.812],[-35.699,-5.811],[-35.701,-5.811],[-35.702,-5.809],[-35.703,-5.809],[-35.705,-5.81],[-35.707,-5.81],[-35.707,-5.809],[-35.706,-5.809],[-35.707,-5.808],[-35.71,-5.805],[-35.713,-5.803],[-35.714,-5.804],[-35.715,-5.802],[-35.717,-5.8],[-35.715,-5.802],[-35.713,-5.804],[-35.71,-5.806],[-35.707,-5.81],[-35.706,-5.811],[-35.709,-5.812],[-35.71,-5.813],[-35.71,-5.815],[-35.712,-5.817],[-35.713,-5.817],[-35.713,-5.818],[-35.714,-5.818],[-35.715,-5.817],[-35.718,-5.816],[-35.72,-5.818],[-35.72,-5.816],[-35.723,-5.815],[-35.723,-5.814],[-35.726,-5.813],[-35.724,-5.816],[-35.727,-5.817],[-35.73,-5.819],[-35.732,-5.817],[-35.731,-5.819],[-35.731,-5.821],[-35.729,-5.821],[-35.727,-5.818],[-35.725,-5.819],[-35.724,-5.818],[-35.723,-5.819],[-35.722,-5.821],[-35.721,-5.819],[-35.718,-5.816],[-35.716,-5.817],[-35.715,-5.817],[-35.715,-5.818],[-35.713,-5.818],[-35.712,-5.817],[-35.709,-5.813],[-35.703,-5.809],[-35.702,-5.809],[-35.7,-5.811],[-35.699,-5.811],[-35.699,-5.812],[-35.698,-5.813],[-35.695,-5.811],[-35.695,-5.813],[-35.693,-5.812],[-35.692,-5.809],[-35.691,-5.807],[-35.69,-5.807],[-35.689,-5.806],[-35.687,-5.806],[-35.687,-5.804],[-35.684,-5.804],[-35.684,-5.805],[-35.681,-5.805],[-35.679,-5.802],[-35.676,-5.802],[-35.675,-5.801],[-35.674,-5.802],[-35.673,-5.802],[-35.672,-5.804],[-35.669,-5.804],[-35.669,-5.803],[-35.667,-5.803],[-35.667,-5.802],[-35.665,-5.802],[-35.665,-5.8],[-35.666,-5.799],[-35.665,-5.798],[-35.664,-5.798],[-35.658,-5.796],[-35.656,-5.793],[-35.652,-5.793],[-35.652,-5.792],[-35.648,-5.793],[-35.646,-5.791],[-35.646,-5.792],[-35.645,-5.793],[-35.644,-5.794],[-35.644,-5.793],[-35.643,-5.792],[-35.642,-5.792],[-35.641,-5.79],[-35.639,-5.789],[-35.637,-5.792],[-35.636,-5.791],[-35.634,-5.79],[-35.632,-5.791],[-35.632,-5.794],[-35.631,-5.795],[-35.631,-5.796],[-35.63,-5.796],[-35.63,-5.797],[-35.629,-5.797],[-35.627,-5.795],[-35.626,-5.793],[-35.624,-5.793],[-35.623,-5.791],[-35.624,-5.791],[-35.623,-5.789],[-35.621,-5.79],[-35.619,-5.791],[-35.619,-5.793],[-35.618,-5.794],[-35.615,-5.792],[-35.613,-5.795],[-35.611,-5.795],[-35.609,-5.793],[-35.608,-5.793],[-35.608,-5.795],[-35.607,-5.795],[-35.609,-5.797],[-35.608,-5.798],[-35.608,-5.801],[-35.609,-5.801],[-35.609,-5.802],[-35.608,-5.803],[-35.607,-5.803],[-35.607,-5.805],[-35.606,-5.805],[-35.607,-5.803],[-35.609,-5.802],[-35.609,-5.801],[-35.608,-5.801],[-35.608,-5.797],[-35.607,-5.795],[-35.608,-5.794],[-35.607,-5.795],[-35.604,-5.793],[-35.598,-5.793],[-35.598,-5.79],[-35.595,-5.79],[-35.595,-5.789],[-35.593,-5.788],[-35.592,-5.788],[-35.591,-5.79],[-35.588,-5.791],[-35.587,-5.791],[-35.587,-5.79],[-35.586,-5.789],[-35.584,-5.788],[-35.581,-5.789],[-35.581,-5.785],[-35.579,-5.784],[-35.578,-5.784],[-35.577,-5.786],[-35.576,-5.787],[-35.574,-5.786],[-35.571,-5.787],[-35.568,-5.789],[-35.567,-5.789],[-35.564,-5.788],[-35.562,-5.784],[-35.561,-5.783],[-35.557,-5.785],[-35.555,-5.784],[-35.55,-5.782],[-35.549,-5.782],[-35.55,-5.784],[-35.549,-5.785],[-35.546,-5.785],[-35.546,-5.786],[-35.542,-5.786],[-35.542,-5.788],[-35.541,-5.79],[-35.54,-5.793],[-35.532,-5.796],[-35.53,-5.798],[-35.526,-5.796],[-35.524,-5.796],[-35.522,-5.795],[-35.52,-5.796],[-35.516,-5.796],[-35.515,-5.795],[-35.514,-5.794],[-35.512,-5.794],[-35.508,-5.792],[-35.508,-5.791],[-35.507,-5.791],[-35.506,-5.79],[-35.504,-5.791],[-35.503,-5.792],[-35.501,-5.792],[-35.5,-5.794],[-35.5,-5.798],[-35.499,-5.798],[-35.496,-5.796],[-35.495,-5.794],[-35.493,-5.793],[-35.491,-5.796],[-35.488,-5.796],[-35.488,-5.797],[-35.485,-5.797],[-35.485,-5.798],[-35.483,-5.798],[-35.482,-5.8],[-35.481,-5.799],[-35.48,-5.798],[-35.478,-5.796],[-35.477,-5.796],[-35.477,-5.794],[-35.473,-5.794],[-35.471,-5.796],[-35.47,-5.796],[-35.468,-5.797],[-35.467,-5.797],[-35.466,-5.798],[-35.466,-5.799],[-35.467,-5.799],[-35.467,-5.8],[-35.466,-5.804],[-35.464,-5.805],[-35.462,-5.806],[-35.459,-5.807],[-35.459,-5.806],[-35.458,-5.807],[-35.457,-5.808],[-35.457,-5.809],[-35.456,-5.809],[-35.455,-5.81],[-35.453,-5.811],[-35.454,-5.812],[-35.452,-5.816],[-35.452,-5.819],[-35.454,-5.819],[-35.462,-5.815],[-35.466,-5.815],[-35.474,-5.82],[-35.481,-5.821],[-35.485,-5.825],[-35.487,-5.828],[-35.488,-5.829],[-35.502,-5.827],[-35.511,-5.822],[-35.517,-5.821],[-35.52,-5.821],[-35.521,-5.822],[-35.523,-5.829],[-35.525,-5.83],[-35.528,-5.831],[-35.539,-5.828],[-35.544,-5.827],[-35.547,-5.828],[-35.548,-5.83],[-35.548,-5.831],[-35.549,-5.832],[-35.55,-5.832],[-35.55,-5.831],[-35.551,-5.831],[-35.551,-5.83],[-35.552,-5.83],[-35.552,-5.829],[-35.554,-5.83],[-35.561,-5.83],[-35.562,-5.831],[-35.562,-5.829],[-35.563,-5.829],[-35.564,-5.83],[-35.566,-5.83],[-35.566,-5.829],[-35.567,-5.829],[-35.568,-5.828],[-35.567,-5.828],[-35.567,-5.827],[-35.568,-5.826],[-35.569,-5.826],[-35.57,-5.825],[-35.57,-5.824],[-35.57,-5.825],[-35.567,-5.827],[-35.567,-5.828],[-35.568,-5.828],[-35.567,-5.829],[-35.566,-5.829],[-35.566,-5.83],[-35.564,-5.83],[-35.562,-5.829],[-35.562,-5.831],[-35.559,-5.83],[-35.554,-5.83],[-35.552,-5.829],[-35.552,-5.83],[-35.551,-5.83],[-35.551,-5.831],[-35.55,-5.832],[-35.549,-5.832],[-35.55,-5.835],[-35.55,-5.836],[-35.555,-5.838],[-35.557,-5.84],[-35.561,-5.842],[-35.562,-5.841],[-35.563,-5.841],[-35.564,-5.84],[-35.566,-5.84],[-35.565,-5.84],[-35.564,-5.841],[-35.562,-5.841],[-35.561,-5.842],[-35.567,-5.85],[-35.567,-5.856],[-35.569,-5.857],[-35.571,-5.857],[-35.577,-5.858],[-35.577,-5.857],[-35.578,-5.857],[-35.579,-5.856],[-35.581,-5.855],[-35.582,-5.855],[-35.583,-5.856],[-35.584,-5.855],[-35.585,-5.855],[-35.586,-5.856],[-35.586,-5.855],[-35.587,-5.855],[-35.587,-5.857],[-35.588,-5.857],[-35.589,-5.856],[-35.59,-5.855],[-35.593,-5.855],[-35.595,-5.856],[-35.598,-5.856],[-35.598,-5.855],[-35.599,-5.854],[-35.602,-5.854],[-35.602,-5.852],[-35.603,-5.851],[-35.604,-5.851],[-35.605,-5.85],[-35.605,-5.849],[-35.606,-5.849],[-35.606,-5.848],[-35.607,-5.847],[-35.607,-5.846],[-35.61,-5.846],[-35.61,-5.847],[-35.611,-5.846],[-35.613,-5.846],[-35.613,-5.844],[-35.614,-5.844],[-35.614,-5.841],[-35.615,-5.837],[-35.615,-5.835],[-35.615,-5.837],[-35.614,-5.841],[-35.614,-5.844],[-35.616,-5.845],[-35.617,-5.844],[-35.618,-5.844],[-35.618,-5.842],[-35.619,-5.841],[-35.621,-5.841],[-35.621,-5.842],[-35.622,-5.842],[-35.622,-5.843],[-35.625,-5.843],[-35.625,-5.844],[-35.626,-5.844],[-35.627,-5.846],[-35.632,-5.846],[-35.634,-5.845],[-35.635,-5.844],[-35.636,-5.842],[-35.637,-5.842],[-35.638,-5.843],[-35.64,-5.843],[-35.638,-5.843],[-35.637,-5.842],[-35.635,-5.845],[-35.634,-5.845],[-35.631,-5.846],[-35.63,-5.846],[-35.629,-5.847],[-35.627,-5.846],[-35.626,-5.844],[-35.625,-5.844],[-35.625,-5.843],[-35.622,-5.843],[-35.622,-5.842],[-35.621,-5.842],[-35.621,-5.841],[-35.619,-5.841],[-35.618,-5.842],[-35.618,-5.844],[-35.617,-5.844],[-35.616,-5.845],[-35.614,-5.844],[-35.613,-5.845],[-35.613,-5.846],[-35.61,-5.847],[-35.61,-5.846],[-35.607,-5.846],[-35.605,-5.85],[-35.604,-5.851],[-35.603,-5.851],[-35.602,-5.852],[-35.602,-5.854],[-35.599,-5.854],[-35.598,-5.856],[-35.595,-5.856],[-35.593,-5.855],[-35.59,-5.855],[-35.589,-5.856],[-35.588,-5.857],[-35.587,-5.857],[-35.587,-5.855],[-35.586,-5.856],[-35.584,-5.855],[-35.583,-5.856],[-35.581,-5.855],[-35.579,-5.857],[-35.577,-5.857],[-35.577,-5.858],[-35.583,-5.859],[-35.585,-5.861],[-35.6,-5.872],[-35.603,-5.873],[-35.607,-5.875],[-35.614,-5.876],[-35.622,-5.88],[-35.624,-5.883],[-35.624,-5.885],[-35.626,-5.89],[-35.628,-5.892],[-35.633,-5.892],[-35.638,-5.891],[-35.64,-5.89],[-35.64,-5.888],[-35.642,-5.886],[-35.642,-5.88],[-35.644,-5.878],[-35.646,-5.877],[-35.648,-5.877],[-35.65,-5.879],[-35.651,-5.88],[-35.65,-5.885],[-35.651,-5.886],[-35.653,-5.887],[-35.658,-5.886],[-35.66,-5.883],[-35.662,-5.883],[-35.66,-5.882],[-35.66,-5.881],[-35.663,-5.88],[-35.663,-5.878],[-35.665,-5.879],[-35.666,-5.878],[-35.668,-5.878],[-35.669,-5.877],[-35.669,-5.874],[-35.67,-5.874],[-35.671,-5.875],[-35.674,-5.876],[-35.676,-5.875],[-35.677,-5.877],[-35.678,-5.876],[-35.678,-5.875],[-35.677,-5.875],[-35.675,-5.873],[-35.676,-5.873],[-35.679,-5.869],[-35.68,-5.868],[-35.68,-5.866],[-35.681,-5.866],[-35.682,-5.867],[-35.682,-5.869],[-35.686,-5.869],[-35.689,-5.871],[-35.691,-5.871],[-35.693,-5.87],[-35.692,-5.869],[-35.693,-5.868],[-35.697,-5.868],[-35.698,-5.865],[-35.7,-5.865],[-35.7,-5.864],[-35.702,-5.864],[-35.704,-5.863],[-35.704,-5.861],[-35.707,-5.862],[-35.708,-5.861],[-35.712,-5.861],[-35.714,-5.862],[-35.714,-5.86],[-35.717,-5.86],[-35.719,-5.862],[-35.718,-5.863],[-35.719,-5.864],[-35.72,-5.869],[-35.722,-5.868],[-35.723,-5.868],[-35.724,-5.867],[-35.725,-5.867],[-35.726,-5.868],[-35.728,-5.868],[-35.731,-5.869],[-35.735,-5.869],[-35.737,-5.871],[-35.739,-5.872],[-35.74,-5.873],[-35.742,-5.871],[-35.745,-5.871],[-35.747,-5.87],[-35.748,-5.871],[-35.75,-5.871],[-35.75,-5.869],[-35.751,-5.866],[-35.752,-5.866],[-35.752,-5.865],[-35.753,-5.864],[-35.754,-5.865],[-35.755,-5.865],[-35.757,-5.864],[-35.758,-5.864],[-35.759,-5.863],[-35.76,-5.863],[-35.761,-5.862],[-35.762,-5.862],[-35.763,-5.863],[-35.764,-5.863],[-35.765,-5.864],[-35.769,-5.864],[-35.769,-5.863],[-35.773,-5.863],[-35.775,-5.86],[-35.781,-5.86],[-35.783,-5.858],[-35.785,-5.859],[-35.788,-5.859],[-35.79,-5.857],[-35.79,-5.856],[-35.792,-5.856],[-35.794,-5.853],[-35.797,-5.853],[-35.798,-5.851],[-35.798,-5.85],[-35.803,-5.848],[-35.807,-5.847],[-35.807,-5.845],[-35.808,-5.845],[-35.808,-5.843],[-35.809,-5.843],[-35.811,-5.841],[-35.811,-5.84],[-35.813,-5.84],[-35.813,-5.838],[-35.814,-5.837],[-35.815,-5.836],[-35.817,-5.835],[-35.818,-5.835],[-35.82,-5.833],[-35.82,-5.831],[-35.821,-5.83],[-35.82,-5.83],[-35.82,-5.829],[-35.822,-5.827],[-35.823,-5.828],[-35.823,-5.825],[-35.824,-5.825],[-35.824,-5.819],[-35.826,-5.819],[-35.826,-5.818],[-35.827,-5.818],[-35.826,-5.819],[-35.824,-5.82],[-35.824,-5.825],[-35.823,-5.826],[-35.823,-5.828],[-35.822,-5.827],[-35.82,-5.829],[-35.821,-5.83],[-35.82,-5.831],[-35.82,-5.833],[-35.818,-5.835],[-35.817,-5.835],[-35.815,-5.836],[-35.813,-5.84],[-35.812,-5.84],[-35.811,-5.841],[-35.809,-5.843],[-35.808,-5.844],[-35.808,-5.845],[-35.807,-5.846],[-35.807,-5.847],[-35.809,-5.847],[-35.808,-5.848],[-35.813,-5.849],[-35.814,-5.85],[-35.814,-5.851],[-35.816,-5.85],[-35.818,-5.853],[-35.82,-5.853],[-35.822,-5.854],[-35.828,-5.855],[-35.83,-5.853],[-35.833,-5.853],[-35.834,-5.852],[-35.835,-5.852],[-35.834,-5.851],[-35.835,-5.85],[-35.836,-5.849],[-35.837,-5.85],[-35.84,-5.849],[-35.842,-5.85],[-35.844,-5.847],[-35.846,-5.847],[-35.847,-5.846],[-35.848,-5.846],[-35.849,-5.842],[-35.852,-5.843],[-35.852,-5.842],[-35.853,-5.842],[-35.853,-5.839],[-35.855,-5.838],[-35.859,-5.838],[-35.859,-5.837],[-35.86,-5.836],[-35.861,-5.836],[-35.862,-5.835],[-35.864,-5.835],[-35.865,-5.836],[-35.867,-5.836],[-35.865,-5.834],[-35.865,-5.833],[-35.867,-5.833],[-35.868,-5.834],[-35.869,-5.835],[-35.873,-5.835],[-35.869,-5.835],[-35.867,-5.836],[-35.865,-5.836],[-35.864,-5.835],[-35.862,-5.835],[-35.861,-5.836],[-35.86,-5.836],[-35.859,-5.838],[-35.855,-5.838],[-35.853,-5.839],[-35.854,-5.841],[-35.853,-5.843],[-35.849,-5.843],[-35.848,-5.846],[-35.847,-5.846],[-35.846,-5.847],[-35.844,-5.848],[-35.844,-5.849],[-35.845,-5.849],[-35.844,-5.85],[-35.842,-5.851],[-35.84,-5.849],[-35.837,-5.85],[-35.835,-5.85],[-35.835,-5.852],[-35.834,-5.852],[-35.833,-5.854],[-35.83,-5.853],[-35.828,-5.855],[-35.822,-5.854],[-35.82,-5.853],[-35.818,-5.853],[-35.816,-5.851],[-35.814,-5.851],[-35.813,-5.85],[-35.809,-5.849],[-35.808,-5.848],[-35.808,-5.847],[-35.804,-5.848],[-35.799,-5.851],[-35.798,-5.852],[-35.798,-5.853],[-35.794,-5.853],[-35.792,-5.856],[-35.791,-5.856],[-35.79,-5.858],[-35.788,-5.859],[-35.783,-5.859],[-35.781,-5.86],[-35.775,-5.86],[-35.773,-5.863],[-35.77,-5.863],[-35.769,-5.864],[-35.765,-5.864],[-35.763,-5.863],[-35.762,-5.862],[-35.76,-5.863],[-35.758,-5.864],[-35.757,-5.864],[-35.755,-5.865],[-35.753,-5.865],[-35.753,-5.866],[-35.751,-5.866],[-35.75,-5.869],[-35.75,-5.871],[-35.748,-5.872],[-35.747,-5.87],[-35.745,-5.871],[-35.742,-5.871],[-35.74,-5.873],[-35.739,-5.872],[-35.736,-5.871],[-35.735,-5.87],[-35.731,-5.87],[-35.728,-5.868],[-35.726,-5.868],[-35.725,-5.867],[-35.72,-5.869],[-35.719,-5.864],[-35.718,-5.863],[-35.719,-5.862],[-35.717,-5.86],[-35.714,-5.861],[-35.714,-5.863],[-35.711,-5.861],[-35.708,-5.861],[-35.707,-5.862],[-35.704,-5.861],[-35.704,-5.863],[-35.702,-5.865],[-35.701,-5.864],[-35.7,-5.865],[-35.698,-5.865],[-35.697,-5.868],[-35.693,-5.868],[-35.693,-5.87],[-35.691,-5.871],[-35.689,-5.871],[-35.686,-5.87],[-35.681,-5.869],[-35.682,-5.867],[-35.681,-5.866],[-35.68,-5.868],[-35.679,-5.869],[-35.677,-5.872],[-35.676,-5.873],[-35.678,-5.875],[-35.678,-5.876],[-35.676,-5.877],[-35.676,-5.876],[-35.673,-5.876],[-35.671,-5.875],[-35.669,-5.874],[-35.669,-5.877],[-35.668,-5.878],[-35.666,-5.878],[-35.665,-5.879],[-35.663,-5.878],[-35.663,-5.88],[-35.661,-5.881],[-35.661,-5.882],[-35.662,-5.882],[-35.662,-5.883],[-35.66,-5.883],[-35.659,-5.886],[-35.664,-5.886],[-35.669,-5.887],[-35.673,-5.889],[-35.676,-5.891],[-35.677,-5.891],[-35.682,-5.897],[-35.684,-5.898],[-35.689,-5.897],[-35.696,-5.902],[-35.703,-5.902],[-35.703,-5.901],[-35.702,-5.898],[-35.698,-5.896],[-35.694,-5.895],[-35.694,-5.893],[-35.695,-5.891],[-35.697,-5.889],[-35.7,-5.888],[-35.702,-5.884],[-35.707,-5.882],[-35.711,-5.882],[-35.716,-5.881],[-35.718,-5.882],[-35.719,-5.882],[-35.725,-5.887],[-35.727,-5.887],[-35.732,-5.888],[-35.736,-5.888],[-35.739,-5.89],[-35.742,-5.893],[-35.75,-5.893],[-35.753,-5.895],[-35.753,-5.896],[-35.752,-5.899],[-35.754,-5.9],[-35.755,-5.899],[-35.757,-5.897],[-35.758,-5.895],[-35.76,-5.893],[-35.762,-5.89],[-35.763,-5.889],[-35.765,-5.89],[-35.767,-5.89],[-35.77,-5.891],[-35.77,-5.89],[-35.773,-5.886],[-35.774,-5.886],[-35.776,-5.885],[-35.777,-5.887],[-35.777,-5.885],[-35.779,-5.884],[-35.779,-5.882],[-35.78,-5.883],[-35.781,-5.884],[-35.78,-5.885],[-35.782,-5.885],[-35.782,-5.887],[-35.781,-5.887],[-35.782,-5.89],[-35.783,-5.89],[-35.785,-5.889],[-35.786,-5.89],[-35.787,-5.891],[-35.785,-5.891],[-35.785,-5.892],[-35.783,-5.892],[-35.784,-5.894],[-35.785,-5.893],[-35.786,-5.893],[-35.786,-5.894],[-35.787,-5.895],[-35.787,-5.896],[-35.786,-5.897],[-35.788,-5.898],[-35.787,-5.899],[-35.79,-5.899],[-35.79,-5.896],[-35.791,-5.894],[-35.79,-5.894],[-35.79,-5.893],[-35.791,-5.893],[-35.792,-5.892],[-35.793,-5.893],[-35.794,-5.892],[-35.795,-5.891],[-35.796,-5.891],[-35.796,-5.889],[-35.798,-5.89],[-35.799,-5.887],[-35.8,-5.889],[-35.802,-5.888],[-35.805,-5.885],[-35.809,-5.884],[-35.811,-5.885],[-35.808,-5.885],[-35.806,-5.886],[-35.805,-5.888],[-35.806,-5.893],[-35.807,-5.893],[-35.805,-5.893],[-35.805,-5.892],[-35.803,-5.891],[-35.801,-5.892],[-35.8,-5.893],[-35.8,-5.894],[-35.802,-5.895],[-35.802,-5.896],[-35.803,-5.896],[-35.803,-5.898],[-35.805,-5.898],[-35.805,-5.899],[-35.806,-5.899],[-35.806,-5.898],[-35.807,-5.899],[-35.808,-5.9],[-35.813,-5.899],[-35.82,-5.901],[-35.821,-5.904],[-35.823,-5.903],[-35.823,-5.904],[-35.822,-5.906],[-35.823,-5.907],[-35.823,-5.908],[-35.822,-5.907],[-35.822,-5.909],[-35.824,-5.911],[-35.825,-5.911],[-35.829,-5.908],[-35.835,-5.908],[-35.836,-5.911],[-35.842,-5.915],[-35.845,-5.915],[-35.85,-5.914],[-35.85,-5.913],[-35.851,-5.912],[-35.852,-5.913],[-35.854,-5.912],[-35.857,-5.911],[-35.86,-5.911],[-35.861,-5.912],[-35.861,-5.911],[-35.862,-5.911],[-35.864,-5.909],[-35.87,-5.905],[-35.87,-5.902],[-35.871,-5.901],[-35.872,-5.9],[-35.875,-5.9],[-35.874,-5.899],[-35.875,-5.896],[-35.879,-5.893],[-35.879,-5.891],[-35.883,-5.887],[-35.882,-5.886],[-35.883,-5.885],[-35.882,-5.884],[-35.883,-5.883],[-35.88,-5.88],[-35.879,-5.879],[-35.876,-5.879],[-35.876,-5.878],[-35.875,-5.878],[-35.875,-5.877],[-35.876,-5.877],[-35.877,-5.875],[-35.877,-5.874],[-35.878,-5.874],[-35.877,-5.874],[-35.877,-5.875],[-35.876,-5.877],[-35.875,-5.877],[-35.876,-5.878],[-35.877,-5.879],[-35.879,-5.879],[-35.881,-5.88],[-35.883,-5.883],[-35.884,-5.883],[-35.886,-5.884],[-35.888,-5.883],[-35.889,-5.883],[-35.889,-5.879],[-35.89,-5.879],[-35.891,-5.878],[-35.893,-5.877],[-35.896,-5.876],[-35.896,-5.873],[-35.899,-5.873],[-35.9,-5.87],[-35.898,-5.87],[-35.898,-5.869],[-35.9,-5.868],[-35.907,-5.869],[-35.908,-5.871],[-35.91,-5.87],[-35.916,-5.87],[-35.915,-5.868],[-35.918,-5.867],[-35.917,-5.863],[-35.918,-5.86],[-35.918,-5.859],[-35.917,-5.859],[-35.916,-5.858],[-35.915,-5.856],[-35.915,-5.854],[-35.914,-5.852],[-35.914,-5.85],[-35.914,-5.852],[-35.915,-5.854],[-35.915,-5.856],[-35.916,-5.858],[-35.917,-5.859],[-35.918,-5.859],[-35.919,-5.86],[-35.918,-5.863],[-35.918,-5.867],[-35.916,-5.868],[-35.916,-5.87],[-35.913,-5.871],[-35.91,-5.87],[-35.908,-5.871],[-35.907,-5.869],[-35.899,-5.869],[-35.9,-5.87],[-35.9,-5.872],[-35.899,-5.873],[-35.896,-5.874],[-35.896,-5.877],[-35.893,-5.877],[-35.89,-5.88],[-35.889,-5.88],[-35.889,-5.882],[-35.888,-5.884],[-35.886,-5.884],[-35.884,-5.883],[-35.882,-5.884],[-35.883,-5.885],[-35.883,-5.888],[-35.879,-5.891],[-35.879,-5.893],[-35.876,-5.896],[-35.876,-5.897],[-35.875,-5.899],[-35.875,-5.9],[-35.874,-5.901],[-35.872,-5.9],[-35.872,-5.901],[-35.874,-5.903],[-35.874,-5.904],[-35.879,-5.907],[-35.881,-5.906],[-35.885,-5.907],[-35.887,-5.908],[-35.886,-5.909],[-35.888,-5.908],[-35.89,-5.909],[-35.892,-5.906],[-35.893,-5.906],[-35.892,-5.905],[-35.89,-5.904],[-35.89,-5.902],[-35.892,-5.902],[-35.894,-5.903],[-35.895,-5.903],[-35.895,-5.902],[-35.897,-5.901],[-35.895,-5.899],[-35.895,-5.898],[-35.897,-5.898],[-35.898,-5.901],[-35.899,-5.9],[-35.902,-5.899],[-35.901,-5.896],[-35.902,-5.895],[-35.906,-5.897],[-35.906,-5.901],[-35.913,-5.903],[-35.913,-5.902],[-35.911,-5.898],[-35.911,-5.895],[-35.912,-5.894],[-35.916,-5.892],[-35.917,-5.892],[-35.917,-5.893],[-35.916,-5.896],[-35.92,-5.897],[-35.923,-5.898],[-35.924,-5.899],[-35.925,-5.899],[-35.926,-5.897],[-35.925,-5.893],[-35.926,-5.892],[-35.928,-5.89],[-35.927,-5.886],[-35.93,-5.882],[-35.931,-5.88],[-35.934,-5.88],[-35.936,-5.879],[-35.937,-5.878],[-35.936,-5.877],[-35.937,-5.876],[-35.938,-5.877],[-35.941,-5.879],[-35.942,-5.879],[-35.942,-5.878],[-35.941,-5.874],[-35.94,-5.873],[-35.942,-5.867],[-35.942,-5.865],[-35.941,-5.865],[-35.939,-5.864],[-35.937,-5.862],[-35.936,-5.862],[-35.935,-5.86],[-35.935,-5.857],[-35.934,-5.855],[-35.934,-5.854],[-35.933,-5.853],[-35.932,-5.852],[-35.932,-5.847],[-35.933,-5.847],[-35.932,-5.848],[-35.932,-5.852],[-35.933,-5.853],[-35.934,-5.854],[-35.935,-5.856],[-35.935,-5.86],[-35.937,-5.862],[-35.938,-5.861],[-35.939,-5.86],[-35.938,-5.859],[-35.939,-5.858],[-35.941,-5.858],[-35.942,-5.857],[-35.946,-5.855],[-35.946,-5.853],[-35.949,-5.853],[-35.95,-5.851],[-35.949,-5.85],[-35.948,-5.849],[-35.949,-5.848],[-35.946,-5.846],[-35.948,-5.845],[-35.946,-5.844],[-35.946,-5.843],[-35.947,-5.84],[-35.948,-5.84],[-35.949,-5.839],[-35.948,-5.839],[-35.948,-5.838],[-35.949,-5.837],[-35.951,-5.837],[-35.951,-5.835],[-35.955,-5.835],[-35.951,-5.835],[-35.951,-5.837],[-35.948,-5.838],[-35.949,-5.839],[-35.948,-5.84],[-35.947,-5.84],[-35.946,-5.843],[-35.947,-5.844],[-35.949,-5.845],[-35.949,-5.846],[-35.947,-5.846],[-35.949,-5.848],[-35.948,-5.849],[-35.949,-5.85],[-35.95,-5.851],[-35.951,-5.855],[-35.952,-5.857],[-35.955,-5.856],[-35.956,-5.855],[-35.958,-5.853],[-35.96,-5.852],[-35.961,-5.853],[-35.962,-5.856],[-35.958,-5.857],[-35.96,-5.857],[-35.96,-5.858],[-35.962,-5.858],[-35.962,-5.859],[-35.963,-5.859],[-35.964,-5.861],[-35.966,-5.86],[-35.97,-5.86],[-35.97,-5.859],[-35.973,-5.858],[-35.973,-5.862],[-35.974,-5.861],[-35.977,-5.861],[-35.979,-5.86],[-35.98,-5.86],[-35.98,-5.859],[-35.982,-5.856],[-35.984,-5.856],[-35.982,-5.856],[-35.98,-5.859],[-35.98,-5.86],[-35.977,-5.862],[-35.974,-5.861],[-35.973,-5.862],[-35.973,-5.859],[-35.97,-5.859],[-35.97,-5.86],[-35.968,-5.861],[-35.966,-5.861],[-35.964,-5.862],[-35.963,-5.86],[-35.961,-5.86],[-35.962,-5.858],[-35.959,-5.858],[-35.958,-5.857],[-35.961,-5.856],[-35.96,-5.852],[-35.958,-5.853],[-35.956,-5.855],[-35.955,-5.856],[-35.952,-5.857],[-35.951,-5.856],[-35.95,-5.853],[-35.946,-5.853],[-35.946,-5.855],[-35.943,-5.857],[-35.941,-5.858],[-35.939,-5.858],[-35.939,-5.86],[-35.938,-5.862],[-35.939,-5.864],[-35.942,-5.865],[-35.942,-5.867],[-35.94,-5.873],[-35.941,-5.874],[-35.942,-5.878],[-35.941,-5.879],[-35.937,-5.877],[-35.937,-5.878],[-35.936,-5.879],[-35.934,-5.88],[-35.931,-5.881],[-35.93,-5.882],[-35.927,-5.886],[-35.928,-5.887],[-35.929,-5.89],[-35.926,-5.893],[-35.926,-5.897],[-35.925,-5.899],[-35.924,-5.899],[-35.923,-5.898],[-35.92,-5.897],[-35.916,-5.896],[-35.917,-5.893],[-35.916,-5.893],[-35.912,-5.894],[-35.911,-5.895],[-35.912,-5.9],[-35.913,-5.902],[-35.913,-5.903],[-35.906,-5.901],[-35.905,-5.9],[-35.906,-5.897],[-35.902,-5.895],[-35.902,-5.899],[-35.899,-5.901],[-35.898,-5.901],[-35.897,-5.898],[-35.895,-5.899],[-35.897,-5.901],[-35.897,-5.902],[-35.895,-5.902],[-35.895,-5.904],[-35.894,-5.904],[-35.892,-5.902],[-35.891,-5.902],[-35.89,-5.903],[-35.893,-5.905],[-35.894,-5.907],[-35.895,-5.908],[-35.895,-5.911],[-35.895,-5.909],[-35.893,-5.906],[-35.892,-5.906],[-35.89,-5.909],[-35.888,-5.908],[-35.887,-5.909],[-35.886,-5.909],[-35.885,-5.907],[-35.881,-5.906],[-35.879,-5.907],[-35.875,-5.905],[-35.874,-5.904],[-35.874,-5.903],[-35.872,-5.902],[-35.871,-5.901],[-35.87,-5.902],[-35.87,-5.904],[-35.869,-5.905],[-35.864,-5.909],[-35.862,-5.911],[-35.861,-5.912],[-35.86,-5.911],[-35.857,-5.911],[-35.852,-5.913],[-35.852,-5.912],[-35.85,-5.913],[-35.85,-5.914],[-35.851,-5.916],[-35.853,-5.921],[-35.851,-5.924],[-35.85,-5.925],[-35.849,-5.928],[-35.849,-5.929],[-35.85,-5.93],[-35.852,-5.931],[-35.854,-5.933],[-35.858,-5.935],[-35.865,-5.935],[-35.866,-5.936],[-35.866,-5.939],[-35.865,-5.94],[-35.864,-5.943],[-35.867,-5.945],[-35.869,-5.946],[-35.871,-5.947],[-35.875,-5.951],[-35.878,-5.953],[-35.883,-5.961],[-35.885,-5.964],[-35.886,-5.964],[-35.892,-5.963],[-35.899,-5.96],[-35.901,-5.96],[-35.903,-5.959],[-35.907,-5.959],[-35.907,-5.958],[-35.916,-5.956],[-35.922,-5.952],[-35.924,-5.952],[-35.926,-5.951],[-35.928,-5.948],[-35.928,-5.946],[-35.927,-5.945],[-35.927,-5.944],[-35.928,-5.945],[-35.929,-5.943],[-35.931,-5.944],[-35.932,-5.943],[-35.932,-5.942],[-35.928,-5.94],[-35.927,-5.938],[-35.926,-5.937],[-35.926,-5.935],[-35.927,-5.933],[-35.928,-5.932],[-35.93,-5.932],[-35.931,-5.931],[-35.935,-5.931],[-35.935,-5.933],[-35.937,-5.933],[-35.937,-5.932],[-35.938,-5.931],[-35.938,-5.929],[-35.939,-5.928],[-35.941,-5.929],[-35.941,-5.931],[-35.942,-5.931],[-35.942,-5.929],[-35.944,-5.93],[-35.944,-5.929],[-35.946,-5.928],[-35.945,-5.928],[-35.943,-5.926],[-35.942,-5.924],[-35.943,-5.922],[-35.945,-5.92],[-35.947,-5.921],[-35.948,-5.921],[-35.947,-5.922],[-35.945,-5.921],[-35.943,-5.922],[-35.943,-5.925],[-35.946,-5.927],[-35.946,-5.928],[-35.944,-5.929],[-35.944,-5.93],[-35.942,-5.929],[-35.942,-5.931],[-35.941,-5.931],[-35.941,-5.929],[-35.939,-5.929],[-35.938,-5.931],[-35.937,-5.932],[-35.937,-5.933],[-35.935,-5.933],[-35.934,-5.931],[-35.932,-5.932],[-35.929,-5.932],[-35.927,-5.933],[-35.926,-5.935],[-35.926,-5.937],[-35.927,-5.938],[-35.928,-5.94],[-35.932,-5.941],[-35.932,-5.943],[-35.931,-5.944],[-35.929,-5.944],[-35.928,-5.947],[-35.929,-5.948],[-35.926,-5.951],[-35.924,-5.952],[-35.924,-5.953],[-35.93,-5.953],[-35.934,-5.954],[-35.937,-5.953],[-35.938,-5.954],[-35.94,-5.956],[-35.942,-5.957],[-35.947,-5.956],[-35.947,-5.955],[-35.951,-5.951],[-35.953,-5.951],[-35.957,-5.953],[-35.961,-5.956],[-35.963,-5.959],[-35.975,-5.954],[-35.98,-5.952],[-35.984,-5.95],[-35.985,-5.95],[-35.987,-5.949],[-35.989,-5.949],[-35.989,-5.945],[-35.992,-5.941],[-35.993,-5.941],[-35.993,-5.938],[-35.996,-5.936],[-35.992,-5.934],[-35.992,-5.932],[-35.994,-5.931],[-35.993,-5.927],[-35.994,-5.926],[-35.996,-5.926],[-35.996,-5.921],[-35.998,-5.918],[-36.001,-5.918],[-36,-5.916],[-36,-5.914],[-35.997,-5.913],[-35.997,-5.912],[-35.996,-5.911],[-35.997,-5.909],[-35.997,-5.907],[-36,-5.906],[-36.001,-5.904],[-36.002,-5.904],[-36.01,-5.901],[-36.012,-5.902],[-36.013,-5.905],[-36.014,-5.906],[-36.019,-5.906],[-36.02,-5.907],[-36.024,-5.906],[-36.024,-5.905],[-36.026,-5.903],[-36.027,-5.904],[-36.03,-5.902],[-36.032,-5.899],[-36.036,-5.898],[-36.036,-5.897],[-36.035,-5.896],[-36.034,-5.896],[-36.034,-5.89],[-36.033,-5.889],[-36.033,-5.884],[-36.034,-5.882],[-36.033,-5.878],[-36.033,-5.874],[-36.034,-5.872],[-36.033,-5.872],[-36.033,-5.871],[-36.032,-5.871],[-36.031,-5.87],[-36.03,-5.868],[-36.029,-5.868],[-36.028,-5.866],[-36.028,-5.865],[-36.029,-5.865],[-36.028,-5.863],[-36.028,-5.861],[-36.031,-5.856],[-36.031,-5.854],[-36.029,-5.852],[-36.029,-5.85],[-36.028,-5.85],[-36.026,-5.847],[-36.025,-5.846],[-36.025,-5.845],[-36.024,-5.845],[-36.024,-5.844],[-36.022,-5.842],[-36.021,-5.842],[-36.021,-5.841],[-36.02,-5.84],[-36.019,-5.84],[-36.02,-5.84],[-36.021,-5.841],[-36.021,-5.842],[-36.022,-5.842],[-36.024,-5.844],[-36.025,-5.845],[-36.026,-5.847],[-36.029,-5.85],[-36.031,-5.854],[-36.031,-5.856],[-36.028,-5.861],[-36.029,-5.865],[-36.028,-5.866],[-36.029,-5.868],[-36.03,-5.868],[-36.031,-5.87],[-36.033,-5.871],[-36.033,-5.872],[-36.034,-5.873],[-36.033,-5.874],[-36.033,-5.878],[-36.034,-5.878],[-36.035,-5.879],[-36.035,-5.881],[-36.036,-5.881],[-36.038,-5.88],[-36.039,-5.879],[-36.04,-5.878],[-36.042,-5.878],[-36.043,-5.877],[-36.047,-5.877],[-36.048,-5.876],[-36.051,-5.876],[-36.053,-5.874],[-36.052,-5.873],[-36.052,-5.872],[-36.053,-5.872],[-36.054,-5.871],[-36.055,-5.871],[-36.056,-5.87],[-36.056,-5.868],[-36.058,-5.868],[-36.058,-5.867],[-36.06,-5.867],[-36.06,-5.868],[-36.061,-5.868],[-36.062,-5.869],[-36.063,-5.87],[-36.064,-5.87],[-36.064,-5.871],[-36.066,-5.87],[-36.067,-5.869],[-36.068,-5.868],[-36.071,-5.868],[-36.073,-5.867],[-36.073,-5.866],[-36.074,-5.865],[-36.074,-5.864],[-36.072,-5.863],[-36.072,-5.861],[-36.074,-5.861],[-36.073,-5.859],[-36.072,-5.859],[-36.072,-5.858],[-36.073,-5.857],[-36.073,-5.856],[-36.075,-5.855],[-36.074,-5.853],[-36.074,-5.852],[-36.075,-5.852],[-36.075,-5.851],[-36.076,-5.851],[-36.077,-5.853],[-36.078,-5.852],[-36.077,-5.851],[-36.077,-5.85],[-36.079,-5.851],[-36.079,-5.85],[-36.08,-5.85],[-36.081,-5.851],[-36.082,-5.85],[-36.083,-5.85],[-36.083,-5.851],[-36.085,-5.853],[-36.085,-5.852],[-36.086,-5.852],[-36.087,-5.854],[-36.086,-5.852],[-36.085,-5.853],[-36.083,-5.851],[-36.082,-5.85],[-36.081,-5.851],[-36.079,-5.85],[-36.079,-5.851],[-36.077,-5.85],[-36.078,-5.852],[-36.077,-5.853],[-36.076,-5.851],[-36.074,-5.852],[-36.074,-5.853],[-36.075,-5.855],[-36.073,-5.856],[-36.073,-5.857],[-36.072,-5.858],[-36.074,-5.859],[-36.074,-5.861],[-36.072,-5.861],[-36.072,-5.863],[-36.074,-5.864],[-36.074,-5.865],[-36.073,-5.866],[-36.073,-5.867],[-36.072,-5.868],[-36.071,-5.869],[-36.069,-5.868],[-36.068,-5.869],[-36.066,-5.87],[-36.064,-5.871],[-36.064,-5.87],[-36.062,-5.869],[-36.06,-5.868],[-36.058,-5.867],[-36.058,-5.868],[-36.056,-5.869],[-36.056,-5.87],[-36.055,-5.871],[-36.054,-5.871],[-36.052,-5.872],[-36.052,-5.873],[-36.053,-5.874],[-36.051,-5.876],[-36.05,-5.876],[-36.047,-5.877],[-36.046,-5.877],[-36.045,-5.878],[-36.043,-5.877],[-36.04,-5.878],[-36.038,-5.88],[-36.04,-5.879],[-36.041,-5.88],[-36.037,-5.883],[-36.036,-5.884],[-36.034,-5.885],[-36.033,-5.887],[-36.034,-5.89],[-36.034,-5.895],[-36.035,-5.896],[-36.036,-5.897],[-36.036,-5.898],[-36.035,-5.899],[-36.039,-5.9],[-36.041,-5.903],[-36.043,-5.903],[-36.043,-5.902],[-36.043,-5.903],[-36.041,-5.903],[-36.038,-5.9],[-36.035,-5.899],[-36.032,-5.9],[-36.03,-5.902],[-36.027,-5.904],[-36.026,-5.903],[-36.025,-5.905],[-36.025,-5.906],[-36.02,-5.908],[-36.019,-5.907],[-36.014,-5.906],[-36.013,-5.905],[-36.012,-5.903],[-36.01,-5.901],[-36.003,-5.904],[-36.002,-5.906],[-35.999,-5.909],[-35.999,-5.911],[-36.001,-5.912],[-36.002,-5.913],[-36.002,-5.914],[-36.004,-5.914],[-36.006,-5.912],[-36.005,-5.915],[-36.007,-5.916],[-36.007,-5.917],[-36.009,-5.919],[-36.007,-5.918],[-36.005,-5.916],[-36.003,-5.917],[-36.002,-5.918],[-35.998,-5.918],[-35.997,-5.921],[-35.996,-5.923],[-35.997,-5.924],[-35.996,-5.926],[-35.993,-5.928],[-35.994,-5.931],[-35.993,-5.932],[-35.992,-5.934],[-35.996,-5.936],[-35.994,-5.938],[-35.994,-5.94],[-35.993,-5.941],[-35.992,-5.942],[-35.989,-5.945],[-35.99,-5.948],[-35.989,-5.949],[-35.994,-5.954],[-35.994,-5.958],[-35.996,-5.96],[-36,-5.962],[-36.003,-5.967],[-36.004,-5.968],[-36.008,-5.968],[-36.01,-5.969],[-36.013,-5.972],[-36.014,-5.973],[-36.017,-5.972],[-36.018,-5.973],[-36.022,-5.971],[-36.024,-5.969],[-36.034,-5.963],[-36.038,-5.962],[-36.04,-5.96],[-36.042,-5.962],[-36.043,-5.959],[-36.045,-5.96],[-36.047,-5.961],[-36.048,-5.961],[-36.048,-5.959],[-36.049,-5.958],[-36.052,-5.957],[-36.053,-5.954],[-36.055,-5.954],[-36.055,-5.952],[-36.056,-5.953],[-36.057,-5.952],[-36.059,-5.951],[-36.06,-5.948],[-36.061,-5.947],[-36.061,-5.946],[-36.059,-5.944],[-36.059,-5.942],[-36.058,-5.941],[-36.059,-5.939],[-36.059,-5.937],[-36.058,-5.935],[-36.059,-5.937],[-36.059,-5.939],[-36.058,-5.941],[-36.059,-5.943],[-36.059,-5.944],[-36.06,-5.945],[-36.061,-5.946],[-36.061,-5.947],[-36.06,-5.948],[-36.059,-5.951],[-36.057,-5.952],[-36.056,-5.953],[-36.055,-5.953],[-36.055,-5.954],[-36.053,-5.954],[-36.052,-5.957],[-36.049,-5.958],[-36.048,-5.959],[-36.049,-5.961],[-36.048,-5.961],[-36.047,-5.962],[-36.045,-5.96],[-36.044,-5.96],[-36.043,-5.962],[-36.042,-5.963],[-36.04,-5.96],[-36.04,-5.961],[-36.038,-5.963],[-36.04,-5.964],[-36.04,-5.973],[-36.042,-5.975],[-36.044,-5.975],[-36.049,-5.978],[-36.058,-5.979],[-36.06,-5.978],[-36.064,-5.976],[-36.065,-5.976],[-36.065,-5.974],[-36.07,-5.971],[-36.071,-5.97],[-36.071,-5.969],[-36.078,-5.969],[-36.081,-5.97],[-36.084,-5.969],[-36.085,-5.968],[-36.086,-5.966],[-36.087,-5.965],[-36.088,-5.964],[-36.088,-5.963],[-36.089,-5.962],[-36.089,-5.961],[-36.088,-5.96],[-36.088,-5.958],[-36.09,-5.958],[-36.09,-5.956],[-36.088,-5.954],[-36.087,-5.953],[-36.088,-5.953],[-36.088,-5.952],[-36.09,-5.952],[-36.09,-5.95],[-36.089,-5.949],[-36.088,-5.948],[-36.089,-5.948],[-36.089,-5.947],[-36.093,-5.944],[-36.094,-5.942],[-36.093,-5.94],[-36.092,-5.94],[-36.092,-5.939],[-36.091,-5.939],[-36.09,-5.94],[-36.089,-5.939],[-36.088,-5.939],[-36.088,-5.937],[-36.089,-5.936],[-36.089,-5.933],[-36.087,-5.93],[-36.088,-5.929],[-36.088,-5.928],[-36.09,-5.928],[-36.09,-5.927],[-36.091,-5.927],[-36.092,-5.926],[-36.092,-5.924],[-36.093,-5.922],[-36.093,-5.919],[-36.095,-5.918],[-36.093,-5.919],[-36.093,-5.922],[-36.092,-5.924],[-36.092,-5.926],[-36.091,-5.927],[-36.09,-5.928],[-36.088,-5.928],[-36.088,-5.929],[-36.087,-5.93],[-36.089,-5.933],[-36.089,-5.936],[-36.088,-5.937],[-36.089,-5.939],[-36.09,-5.94],[-36.092,-5.938],[-36.092,-5.939],[-36.094,-5.942],[-36.093,-5.944],[-36.089,-5.948],[-36.089,-5.949],[-36.09,-5.95],[-36.09,-5.952],[-36.088,-5.952],[-36.087,-5.953],[-36.09,-5.956],[-36.09,-5.958],[-36.088,-5.959],[-36.089,-5.961],[-36.089,-5.962],[-36.088,-5.963],[-36.087,-5.965],[-36.085,-5.968],[-36.084,-5.969],[-36.089,-5.968],[-36.093,-5.966],[-36.095,-5.965],[-36.096,-5.965],[-36.099,-5.966],[-36.103,-5.964],[-36.108,-5.963],[-36.11,-5.96],[-36.11,-5.959],[-36.109,-5.957],[-36.109,-5.953],[-36.104,-5.953],[-36.103,-5.95],[-36.101,-5.95],[-36.102,-5.949],[-36.101,-5.948],[-36.101,-5.947],[-36.103,-5.942],[-36.106,-5.941],[-36.107,-5.94],[-36.108,-5.938],[-36.111,-5.937],[-36.111,-5.936],[-36.114,-5.934],[-36.115,-5.934],[-36.118,-5.932],[-36.119,-5.933],[-36.121,-5.932],[-36.122,-5.93],[-36.122,-5.929],[-36.121,-5.928],[-36.121,-5.925],[-36.12,-5.924],[-36.119,-5.923],[-36.12,-5.922],[-36.119,-5.919],[-36.118,-5.917],[-36.117,-5.918],[-36.117,-5.917],[-36.116,-5.917],[-36.115,-5.916],[-36.115,-5.915],[-36.114,-5.914],[-36.113,-5.914],[-36.113,-5.913],[-36.112,-5.913],[-36.112,-5.91],[-36.111,-5.909],[-36.111,-5.907],[-36.112,-5.906],[-36.112,-5.904],[-36.113,-5.903],[-36.113,-5.901],[-36.112,-5.901],[-36.111,-5.9],[-36.111,-5.899],[-36.112,-5.898],[-36.112,-5.896],[-36.109,-5.896],[-36.109,-5.893],[-36.107,-5.892],[-36.106,-5.892],[-36.106,-5.89],[-36.107,-5.89],[-36.107,-5.889],[-36.108,-5.889],[-36.108,-5.888],[-36.109,-5.887],[-36.109,-5.886],[-36.11,-5.886],[-36.11,-5.884],[-36.111,-5.883],[-36.112,-5.884],[-36.114,-5.884],[-36.114,-5.88],[-36.115,-5.879],[-36.117,-5.879],[-36.118,-5.878],[-36.121,-5.877],[-36.127,-5.877],[-36.128,-5.876],[-36.127,-5.876],[-36.128,-5.875],[-36.128,-5.873],[-36.128,-5.876],[-36.126,-5.877],[-36.121,-5.877],[-36.118,-5.878],[-36.117,-5.879],[-36.114,-5.88],[-36.114,-5.884],[-36.112,-5.884],[-36.111,-5.883],[-36.11,-5.884],[-36.11,-5.886],[-36.109,-5.887],[-36.108,-5.888],[-36.108,-5.889],[-36.107,-5.89],[-36.106,-5.891],[-36.107,-5.892],[-36.109,-5.893],[-36.109,-5.896],[-36.112,-5.896],[-36.112,-5.898],[-36.111,-5.9],[-36.112,-5.901],[-36.113,-5.901],[-36.114,-5.903],[-36.112,-5.904],[-36.112,-5.906],[-36.111,-5.907],[-36.112,-5.911],[-36.112,-5.913],[-36.114,-5.914],[-36.115,-5.915],[-36.115,-5.916],[-36.117,-5.917],[-36.117,-5.918],[-36.118,-5.917],[-36.119,-5.918],[-36.119,-5.919],[-36.12,-5.922],[-36.119,-5.923],[-36.121,-5.925],[-36.121,-5.928],[-36.122,-5.929],[-36.122,-5.93],[-36.121,-5.931],[-36.123,-5.93],[-36.125,-5.93],[-36.125,-5.929],[-36.126,-5.928],[-36.126,-5.927],[-36.128,-5.926],[-36.129,-5.925],[-36.13,-5.925],[-36.131,-5.924],[-36.131,-5.923],[-36.132,-5.924],[-36.13,-5.922],[-36.133,-5.921],[-36.133,-5.919],[-36.132,-5.918],[-36.132,-5.917],[-36.131,-5.917],[-36.131,-5.916],[-36.133,-5.916],[-36.132,-5.916],[-36.131,-5.917],[-36.132,-5.917],[-36.132,-5.918],[-36.133,-5.919],[-36.133,-5.921],[-36.13,-5.922],[-36.132,-5.923],[-36.132,-5.924],[-36.131,-5.924],[-36.13,-5.925],[-36.129,-5.925],[-36.128,-5.926],[-36.126,-5.927],[-36.126,-5.928],[-36.125,-5.93],[-36.121,-5.931],[-36.121,-5.932],[-36.12,-5.933],[-36.118,-5.933],[-36.115,-5.934],[-36.114,-5.934],[-36.111,-5.937],[-36.108,-5.938],[-36.107,-5.94],[-36.106,-5.942],[-36.103,-5.942],[-36.101,-5.947],[-36.102,-5.949],[-36.102,-5.95],[-36.103,-5.95],[-36.104,-5.951],[-36.104,-5.952],[-36.109,-5.952],[-36.11,-5.953],[-36.109,-5.957],[-36.11,-5.959],[-36.111,-5.96],[-36.108,-5.963],[-36.103,-5.964],[-36.1,-5.966],[-36.102,-5.969],[-36.102,-5.975],[-36.106,-5.976],[-36.107,-5.976],[-36.11,-5.974],[-36.112,-5.973],[-36.117,-5.974],[-36.118,-5.974],[-36.123,-5.97],[-36.124,-5.97],[-36.128,-5.972],[-36.13,-5.974],[-36.131,-5.977],[-36.134,-5.981],[-36.136,-5.981],[-36.138,-5.982],[-36.141,-5.981],[-36.144,-5.982],[-36.146,-5.981],[-36.148,-5.981],[-36.155,-5.985],[-36.157,-5.984],[-36.162,-5.979],[-36.166,-5.981],[-36.171,-5.981],[-36.172,-5.982],[-36.172,-5.984],[-36.173,-5.987],[-36.174,-5.991],[-36.177,-5.992],[-36.178,-5.993],[-36.18,-5.993],[-36.182,-5.988],[-36.187,-5.986],[-36.191,-5.987],[-36.192,-5.988],[-36.197,-5.989],[-36.198,-5.99],[-36.201,-5.989],[-36.204,-5.989],[-36.207,-5.987],[-36.209,-5.989],[-36.21,-5.99],[-36.212,-5.988],[-36.215,-5.989],[-36.218,-5.987],[-36.217,-5.985],[-36.217,-5.98],[-36.216,-5.979],[-36.216,-5.978],[-36.214,-5.976],[-36.214,-5.975],[-36.212,-5.973],[-36.211,-5.973],[-36.211,-5.972],[-36.212,-5.971],[-36.211,-5.97],[-36.21,-5.97],[-36.208,-5.969],[-36.207,-5.964],[-36.208,-5.963],[-36.206,-5.962],[-36.205,-5.959],[-36.2,-5.953],[-36.195,-5.944],[-36.193,-5.94],[-36.191,-5.94],[-36.189,-5.938],[-36.189,-5.942],[-36.19,-5.943],[-36.189,-5.943],[-36.187,-5.939],[-36.186,-5.937],[-36.186,-5.936],[-36.184,-5.936],[-36.184,-5.935],[-36.185,-5.934],[-36.182,-5.933],[-36.18,-5.931],[-36.181,-5.931],[-36.182,-5.929],[-36.182,-5.927],[-36.181,-5.925],[-36.178,-5.924],[-36.177,-5.923],[-36.177,-5.922],[-36.176,-5.922],[-36.176,-5.92],[-36.175,-5.919],[-36.174,-5.918],[-36.175,-5.917],[-36.175,-5.916],[-36.176,-5.916],[-36.176,-5.914],[-36.174,-5.913],[-36.174,-5.912],[-36.174,-5.913],[-36.176,-5.914],[-36.176,-5.916],[-36.175,-5.917],[-36.174,-5.918],[-36.175,-5.919],[-36.176,-5.92],[-36.177,-5.923],[-36.18,-5.925],[-36.179,-5.923],[-36.182,-5.921],[-36.186,-5.919],[-36.19,-5.916],[-36.193,-5.915],[-36.195,-5.914],[-36.194,-5.91],[-36.194,-5.909],[-36.198,-5.908],[-36.198,-5.904],[-36.199,-5.901],[-36.201,-5.9],[-36.201,-5.898],[-36.203,-5.897],[-36.204,-5.896],[-36.204,-5.891],[-36.201,-5.885],[-36.202,-5.884],[-36.207,-5.883],[-36.208,-5.883],[-36.209,-5.882],[-36.21,-5.883],[-36.211,-5.882],[-36.212,-5.88],[-36.213,-5.88],[-36.215,-5.879],[-36.216,-5.877],[-36.217,-5.876],[-36.217,-5.875],[-36.221,-5.873],[-36.223,-5.873],[-36.227,-5.875],[-36.228,-5.874],[-36.229,-5.874],[-36.23,-5.876],[-36.233,-5.872],[-36.236,-5.872],[-36.236,-5.87],[-36.238,-5.871],[-36.24,-5.87],[-36.241,-5.87],[-36.24,-5.868],[-36.241,-5.867],[-36.241,-5.869],[-36.245,-5.87],[-36.247,-5.872],[-36.249,-5.872],[-36.257,-5.87],[-36.258,-5.868],[-36.262,-5.868],[-36.264,-5.869],[-36.265,-5.868],[-36.267,-5.867],[-36.268,-5.865],[-36.267,-5.862],[-36.267,-5.861],[-36.269,-5.861],[-36.271,-5.862],[-36.272,-5.863],[-36.272,-5.865],[-36.272,-5.864],[-36.275,-5.864],[-36.276,-5.863],[-36.277,-5.862],[-36.275,-5.86],[-36.275,-5.859],[-36.276,-5.859],[-36.278,-5.86],[-36.28,-5.859],[-36.281,-5.859],[-36.281,-5.857],[-36.283,-5.858],[-36.286,-5.857],[-36.285,-5.858],[-36.284,-5.858],[-36.284,-5.859],[-36.287,-5.861],[-36.291,-5.862],[-36.291,-5.863],[-36.296,-5.866],[-36.297,-5.868],[-36.299,-5.868],[-36.297,-5.868],[-36.297,-5.866],[-36.295,-5.865],[-36.294,-5.867],[-36.293,-5.869],[-36.293,-5.874],[-36.292,-5.874],[-36.291,-5.873],[-36.29,-5.873],[-36.289,-5.871],[-36.288,-5.872],[-36.288,-5.874],[-36.287,-5.876],[-36.288,-5.877],[-36.288,-5.878],[-36.293,-5.878],[-36.293,-5.88],[-36.295,-5.881],[-36.296,-5.881],[-36.297,-5.88],[-36.298,-5.88],[-36.298,-5.881],[-36.297,-5.883],[-36.298,-5.885],[-36.3,-5.887],[-36.301,-5.888],[-36.299,-5.89],[-36.301,-5.891],[-36.302,-5.893],[-36.305,-5.893],[-36.305,-5.895],[-36.307,-5.895],[-36.306,-5.897],[-36.308,-5.897],[-36.308,-5.898],[-36.31,-5.898],[-36.311,-5.899],[-36.308,-5.898],[-36.307,-5.897],[-36.306,-5.897],[-36.307,-5.895],[-36.305,-5.896],[-36.305,-5.893],[-36.302,-5.893],[-36.301,-5.891],[-36.299,-5.89],[-36.301,-5.888],[-36.298,-5.886],[-36.297,-5.883],[-36.298,-5.881],[-36.298,-5.88],[-36.296,-5.882],[-36.295,-5.881],[-36.293,-5.88],[-36.293,-5.878],[-36.29,-5.879],[-36.288,-5.878],[-36.288,-5.877],[-36.287,-5.876],[-36.288,-5.874],[-36.288,-5.871],[-36.289,-5.871],[-36.29,-5.873],[-36.291,-5.873],[-36.292,-5.874],[-36.292,-5.871],[-36.293,-5.869],[-36.294,-5.867],[-36.295,-5.865],[-36.294,-5.865],[-36.291,-5.863],[-36.29,-5.862],[-36.286,-5.861],[-36.284,-5.859],[-36.283,-5.86],[-36.283,-5.861],[-36.284,-5.86],[-36.285,-5.861],[-36.283,-5.861],[-36.28,-5.859],[-36.278,-5.86],[-36.275,-5.859],[-36.277,-5.862],[-36.277,-5.863],[-36.276,-5.864],[-36.272,-5.864],[-36.272,-5.865],[-36.271,-5.865],[-36.272,-5.863],[-36.271,-5.862],[-36.269,-5.861],[-36.268,-5.861],[-36.267,-5.862],[-36.268,-5.865],[-36.267,-5.867],[-36.265,-5.868],[-36.264,-5.869],[-36.261,-5.868],[-36.259,-5.868],[-36.257,-5.87],[-36.249,-5.872],[-36.247,-5.872],[-36.244,-5.87],[-36.243,-5.87],[-36.243,-5.871],[-36.242,-5.87],[-36.242,-5.871],[-36.24,-5.87],[-36.238,-5.871],[-36.236,-5.871],[-36.236,-5.872],[-36.234,-5.872],[-36.232,-5.873],[-36.231,-5.876],[-36.232,-5.876],[-36.234,-5.878],[-36.233,-5.88],[-36.232,-5.88],[-36.233,-5.878],[-36.23,-5.876],[-36.228,-5.874],[-36.227,-5.876],[-36.223,-5.873],[-36.221,-5.873],[-36.218,-5.875],[-36.217,-5.876],[-36.216,-5.878],[-36.215,-5.879],[-36.213,-5.88],[-36.212,-5.881],[-36.211,-5.883],[-36.21,-5.883],[-36.209,-5.882],[-36.208,-5.883],[-36.202,-5.885],[-36.204,-5.891],[-36.204,-5.896],[-36.203,-5.897],[-36.201,-5.898],[-36.202,-5.9],[-36.199,-5.902],[-36.199,-5.903],[-36.2,-5.903],[-36.201,-5.905],[-36.205,-5.905],[-36.208,-5.91],[-36.21,-5.91],[-36.21,-5.908],[-36.211,-5.907],[-36.209,-5.905],[-36.212,-5.904],[-36.216,-5.905],[-36.217,-5.906],[-36.218,-5.906],[-36.222,-5.911],[-36.226,-5.909],[-36.228,-5.907],[-36.229,-5.907],[-36.231,-5.906],[-36.235,-5.905],[-36.237,-5.905],[-36.24,-5.908],[-36.24,-5.912],[-36.242,-5.912],[-36.244,-5.913],[-36.247,-5.912],[-36.249,-5.913],[-36.25,-5.912],[-36.251,-5.913],[-36.253,-5.92],[-36.255,-5.92],[-36.257,-5.923],[-36.255,-5.92],[-36.253,-5.92],[-36.251,-5.913],[-36.25,-5.913],[-36.249,-5.914],[-36.246,-5.913],[-36.244,-5.914],[-36.24,-5.912],[-36.239,-5.908],[-36.237,-5.905],[-36.235,-5.905],[-36.232,-5.906],[-36.23,-5.907],[-36.228,-5.907],[-36.226,-5.909],[-36.223,-5.911],[-36.222,-5.911],[-36.218,-5.907],[-36.217,-5.907],[-36.216,-5.905],[-36.212,-5.904],[-36.21,-5.905],[-36.211,-5.906],[-36.211,-5.907],[-36.21,-5.91],[-36.209,-5.911],[-36.207,-5.91],[-36.207,-5.909],[-36.206,-5.907],[-36.204,-5.905],[-36.201,-5.905],[-36.199,-5.903],[-36.198,-5.904],[-36.199,-5.907],[-36.198,-5.908],[-36.195,-5.909],[-36.194,-5.91],[-36.195,-5.914],[-36.193,-5.916],[-36.19,-5.916],[-36.186,-5.919],[-36.182,-5.921],[-36.18,-5.923],[-36.18,-5.925],[-36.182,-5.926],[-36.182,-5.929],[-36.181,-5.931],[-36.182,-5.932],[-36.186,-5.933],[-36.186,-5.934],[-36.184,-5.935],[-36.185,-5.936],[-36.186,-5.936],[-36.187,-5.935],[-36.186,-5.936],[-36.188,-5.939],[-36.189,-5.937],[-36.19,-5.938],[-36.191,-5.939],[-36.193,-5.939],[-36.192,-5.939],[-36.194,-5.941],[-36.195,-5.944],[-36.201,-5.953],[-36.205,-5.959],[-36.206,-5.961],[-36.208,-5.963],[-36.208,-5.969],[-36.21,-5.97],[-36.211,-5.97],[-36.212,-5.971],[-36.211,-5.972],[-36.212,-5.972],[-36.213,-5.974],[-36.214,-5.975],[-36.214,-5.976],[-36.216,-5.977],[-36.217,-5.98],[-36.218,-5.983],[-36.218,-5.982],[-36.221,-5.981],[-36.226,-5.979],[-36.228,-5.976],[-36.229,-5.974],[-36.229,-5.971],[-36.23,-5.97],[-36.234,-5.97],[-36.238,-5.973],[-36.24,-5.973],[-36.243,-5.976],[-36.244,-5.979],[-36.245,-5.98],[-36.248,-5.98],[-36.251,-5.978],[-36.254,-5.978],[-36.258,-5.976],[-36.26,-5.975],[-36.261,-5.973],[-36.265,-5.972],[-36.264,-5.971],[-36.261,-5.971],[-36.26,-5.97],[-36.258,-5.965],[-36.26,-5.964],[-36.261,-5.963],[-36.262,-5.962],[-36.258,-5.959],[-36.258,-5.957],[-36.26,-5.957],[-36.262,-5.959],[-36.263,-5.959],[-36.265,-5.96],[-36.27,-5.957],[-36.271,-5.956],[-36.275,-5.955],[-36.276,-5.954],[-36.275,-5.952],[-36.276,-5.951],[-36.277,-5.951],[-36.277,-5.949],[-36.275,-5.949],[-36.274,-5.947],[-36.276,-5.944],[-36.276,-5.942],[-36.275,-5.94],[-36.277,-5.941],[-36.279,-5.942],[-36.278,-5.942],[-36.28,-5.943],[-36.281,-5.945],[-36.285,-5.95],[-36.287,-5.949],[-36.288,-5.949],[-36.288,-5.947],[-36.287,-5.947],[-36.288,-5.946],[-36.29,-5.947],[-36.293,-5.949],[-36.293,-5.947],[-36.296,-5.947],[-36.297,-5.946],[-36.3,-5.947],[-36.301,-5.946],[-36.303,-5.944],[-36.304,-5.94],[-36.306,-5.937],[-36.308,-5.937],[-36.309,-5.936],[-36.313,-5.934],[-36.315,-5.934],[-36.316,-5.935],[-36.317,-5.934],[-36.316,-5.932],[-36.318,-5.931],[-36.322,-5.935],[-36.323,-5.932],[-36.323,-5.929],[-36.322,-5.929],[-36.322,-5.926],[-36.325,-5.926],[-36.322,-5.926],[-36.322,-5.928],[-36.323,-5.929],[-36.323,-5.931],[-36.324,-5.932],[-36.322,-5.935],[-36.319,-5.932],[-36.317,-5.932],[-36.318,-5.934],[-36.317,-5.935],[-36.316,-5.936],[-36.315,-5.935],[-36.313,-5.934],[-36.309,-5.936],[-36.308,-5.938],[-36.306,-5.937],[-36.304,-5.94],[-36.303,-5.944],[-36.301,-5.947],[-36.293,-5.947],[-36.293,-5.95],[-36.291,-5.949],[-36.29,-5.948],[-36.287,-5.947],[-36.288,-5.947],[-36.288,-5.949],[-36.286,-5.95],[-36.285,-5.951],[-36.28,-5.946],[-36.278,-5.944],[-36.277,-5.944],[-36.275,-5.947],[-36.275,-5.948],[-36.277,-5.949],[-36.278,-5.95],[-36.277,-5.952],[-36.276,-5.951],[-36.275,-5.952],[-36.276,-5.954],[-36.275,-5.955],[-36.274,-5.956],[-36.273,-5.955],[-36.271,-5.956],[-36.27,-5.958],[-36.271,-5.959],[-36.274,-5.958],[-36.276,-5.961],[-36.276,-5.963],[-36.277,-5.963],[-36.281,-5.959],[-36.284,-5.959],[-36.284,-5.958],[-36.287,-5.959],[-36.288,-5.959],[-36.288,-5.963],[-36.29,-5.965],[-36.29,-5.966],[-36.301,-5.966],[-36.302,-5.967],[-36.303,-5.966],[-36.304,-5.966],[-36.304,-5.967],[-36.306,-5.966],[-36.308,-5.967],[-36.31,-5.967],[-36.313,-5.968],[-36.314,-5.968],[-36.315,-5.969],[-36.316,-5.969],[-36.314,-5.968],[-36.313,-5.968],[-36.309,-5.967],[-36.308,-5.967],[-36.306,-5.966],[-36.304,-5.967],[-36.304,-5.966],[-36.302,-5.967],[-36.301,-5.967],[-36.301,-5.966],[-36.29,-5.966],[-36.288,-5.963],[-36.287,-5.959],[-36.284,-5.958],[-36.284,-5.959],[-36.281,-5.959],[-36.277,-5.964],[-36.276,-5.963],[-36.276,-5.962],[-36.275,-5.962],[-36.274,-5.958],[-36.271,-5.959],[-36.271,-5.958],[-36.27,-5.958],[-36.267,-5.96],[-36.265,-5.96],[-36.263,-5.959],[-36.262,-5.959],[-36.261,-5.958],[-36.259,-5.957],[-36.258,-5.959],[-36.262,-5.962],[-36.261,-5.963],[-36.258,-5.965],[-36.26,-5.97],[-36.262,-5.971],[-36.264,-5.971],[-36.265,-5.972],[-36.261,-5.973],[-36.261,-5.975],[-36.258,-5.976],[-36.254,-5.978],[-36.251,-5.978],[-36.248,-5.98],[-36.25,-5.982],[-36.252,-5.987],[-36.254,-5.987],[-36.254,-5.986],[-36.256,-5.986],[-36.258,-5.985],[-36.259,-5.985],[-36.261,-5.987],[-36.262,-5.99],[-36.265,-5.992],[-36.265,-5.994],[-36.271,-5.994],[-36.272,-5.995],[-36.274,-5.996],[-36.276,-5.997],[-36.279,-5.997],[-36.28,-5.995],[-36.281,-5.996],[-36.283,-5.994],[-36.283,-5.995],[-36.283,-5.992],[-36.287,-5.992],[-36.291,-5.99],[-36.292,-5.989],[-36.293,-5.989],[-36.293,-5.992],[-36.298,-5.992],[-36.301,-5.993],[-36.302,-5.995],[-36.303,-5.995],[-36.304,-5.991],[-36.307,-5.991],[-36.307,-5.992],[-36.308,-5.994],[-36.308,-5.999],[-36.312,-6.003],[-36.313,-6.001],[-36.314,-6.002],[-36.317,-6.003],[-36.319,-6.006],[-36.32,-6.006],[-36.321,-6.004],[-36.322,-6.004],[-36.323,-6.005],[-36.324,-6.005],[-36.326,-6.006],[-36.329,-6.007],[-36.33,-6.006],[-36.33,-6.005],[-36.332,-6.005],[-36.332,-6.003],[-36.333,-6.004],[-36.334,-6.003],[-36.336,-6.005],[-36.336,-6.003],[-36.34,-6.003],[-36.339,-6.001],[-36.34,-5.998],[-36.34,-5.996],[-36.342,-5.994],[-36.343,-5.994],[-36.344,-5.996],[-36.346,-5.996],[-36.347,-5.997],[-36.349,-5.995],[-36.351,-5.995],[-36.349,-5.992],[-36.349,-5.987],[-36.35,-5.987],[-36.35,-5.986],[-36.349,-5.987],[-36.35,-5.985],[-36.351,-5.985],[-36.351,-5.982],[-36.352,-5.982],[-36.352,-5.984],[-36.35,-5.987],[-36.349,-5.987],[-36.349,-5.992],[-36.351,-5.995],[-36.349,-5.995],[-36.347,-5.997],[-36.346,-5.996],[-36.344,-5.996],[-36.342,-5.994],[-36.34,-5.998],[-36.34,-6.003],[-36.337,-6.003],[-36.336,-6.005],[-36.334,-6.003],[-36.333,-6.004],[-36.332,-6.004],[-36.332,-6.005],[-36.331,-6.005],[-36.331,-6.006],[-36.329,-6.008],[-36.326,-6.007],[-36.324,-6.005],[-36.323,-6.006],[-36.322,-6.005],[-36.321,-6.005],[-36.32,-6.006],[-36.319,-6.006],[-36.316,-6.003],[-36.314,-6.002],[-36.313,-6.002],[-36.312,-6.003],[-36.311,-6.003],[-36.308,-5.999],[-36.308,-5.994],[-36.306,-5.991],[-36.304,-5.991],[-36.304,-5.995],[-36.302,-5.995],[-36.298,-5.992],[-36.293,-5.992],[-36.292,-5.989],[-36.291,-5.99],[-36.287,-5.992],[-36.283,-5.992],[-36.284,-5.994],[-36.283,-5.995],[-36.281,-5.996],[-36.28,-5.996],[-36.279,-5.997],[-36.276,-5.997],[-36.275,-6],[-36.277,-6.003],[-36.279,-6.004],[-36.278,-6.006],[-36.277,-6.007],[-36.277,-6.011],[-36.279,-6.013],[-36.281,-6.016],[-36.282,-6.016],[-36.283,-6.019],[-36.285,-6.019],[-36.287,-6.018],[-36.287,-6.019],[-36.29,-6.019],[-36.288,-6.019],[-36.288,-6.021],[-36.287,-6.02],[-36.286,-6.02],[-36.287,-6.02],[-36.286,-6.021],[-36.287,-6.021],[-36.287,-6.022],[-36.289,-6.024],[-36.289,-6.025],[-36.29,-6.025],[-36.288,-6.025],[-36.286,-6.027],[-36.288,-6.031],[-36.287,-6.032],[-36.286,-6.031],[-36.285,-6.031],[-36.285,-6.034],[-36.287,-6.034],[-36.286,-6.037],[-36.29,-6.037],[-36.292,-6.04],[-36.294,-6.041],[-36.294,-6.042],[-36.292,-6.043],[-36.293,-6.044],[-36.295,-6.044],[-36.297,-6.047],[-36.297,-6.049],[-36.296,-6.049],[-36.297,-6.052],[-36.296,-6.054],[-36.298,-6.055],[-36.301,-6.054],[-36.304,-6.054],[-36.305,-6.055],[-36.304,-6.056],[-36.307,-6.058],[-36.309,-6.057],[-36.31,-6.056],[-36.312,-6.056],[-36.311,-6.057],[-36.312,-6.059],[-36.313,-6.058],[-36.314,-6.057],[-36.316,-6.06],[-36.317,-6.059],[-36.32,-6.06],[-36.324,-6.06],[-36.326,-6.061],[-36.327,-6.06],[-36.328,-6.06],[-36.329,-6.058],[-36.329,-6.054],[-36.33,-6.055],[-36.33,-6.052],[-36.331,-6.051],[-36.333,-6.051],[-36.333,-6.05],[-36.331,-6.049],[-36.331,-6.048],[-36.333,-6.046],[-36.334,-6.047],[-36.334,-6.046],[-36.336,-6.046],[-36.337,-6.044],[-36.337,-6.042],[-36.338,-6.042],[-36.34,-6.041],[-36.344,-6.04],[-36.345,-6.04],[-36.345,-6.041],[-36.346,-6.041],[-36.347,-6.04],[-36.348,-6.041],[-36.349,-6.043],[-36.351,-6.043],[-36.353,-6.045],[-36.354,-6.044],[-36.353,-6.042],[-36.355,-6.041],[-36.355,-6.04],[-36.356,-6.041],[-36.359,-6.041],[-36.358,-6.042],[-36.358,-6.043],[-36.356,-6.042],[-36.355,-6.043],[-36.355,-6.045],[-36.354,-6.046],[-36.35,-6.045],[-36.348,-6.045],[-36.346,-6.042],[-36.346,-6.041],[-36.345,-6.041],[-36.344,-6.04],[-36.34,-6.042],[-36.338,-6.043],[-36.337,-6.043],[-36.337,-6.044],[-36.336,-6.046],[-36.334,-6.046],[-36.334,-6.047],[-36.333,-6.047],[-36.331,-6.048],[-36.332,-6.049],[-36.333,-6.05],[-36.333,-6.051],[-36.332,-6.051],[-36.33,-6.052],[-36.33,-6.055],[-36.329,-6.055],[-36.329,-6.058],[-36.328,-6.06],[-36.327,-6.06],[-36.326,-6.061],[-36.316,-6.06],[-36.314,-6.057],[-36.313,-6.059],[-36.311,-6.059],[-36.311,-6.057],[-36.312,-6.056],[-36.311,-6.056],[-36.307,-6.058],[-36.303,-6.056],[-36.304,-6.055],[-36.295,-6.055],[-36.295,-6.054],[-36.297,-6.052],[-36.296,-6.049],[-36.297,-6.048],[-36.295,-6.045],[-36.293,-6.044],[-36.292,-6.043],[-36.294,-6.042],[-36.294,-6.041],[-36.29,-6.037],[-36.286,-6.037],[-36.286,-6.034],[-36.285,-6.034],[-36.284,-6.032],[-36.285,-6.031],[-36.287,-6.031],[-36.286,-6.028],[-36.285,-6.027],[-36.286,-6.025],[-36.288,-6.024],[-36.287,-6.023],[-36.286,-6.024],[-36.286,-6.023],[-36.285,-6.023],[-36.285,-6.022],[-36.284,-6.023],[-36.283,-6.021],[-36.282,-6.023],[-36.283,-6.024],[-36.281,-6.023],[-36.281,-6.025],[-36.28,-6.024],[-36.281,-6.023],[-36.28,-6.022],[-36.282,-6.021],[-36.28,-6.021],[-36.28,-6.02],[-36.28,-6.022],[-36.279,-6.022],[-36.278,-6.02],[-36.277,-6.021],[-36.276,-6.021],[-36.278,-6.018],[-36.279,-6.019],[-36.281,-6.018],[-36.281,-6.016],[-36.279,-6.013],[-36.276,-6.011],[-36.277,-6.009],[-36.277,-6.007],[-36.278,-6.006],[-36.279,-6.004],[-36.275,-6],[-36.275,-5.999],[-36.276,-5.997],[-36.274,-5.996],[-36.272,-5.995],[-36.271,-5.994],[-36.265,-5.994],[-36.264,-5.992],[-36.262,-5.991],[-36.261,-5.987],[-36.259,-5.985],[-36.258,-5.985],[-36.256,-5.987],[-36.252,-5.987],[-36.249,-5.981],[-36.248,-5.98],[-36.244,-5.98],[-36.242,-5.976],[-36.241,-5.974],[-36.234,-5.971],[-36.232,-5.97],[-36.23,-5.971],[-36.229,-5.976],[-36.227,-5.979],[-36.221,-5.982],[-36.218,-5.982],[-36.218,-5.988],[-36.219,-5.99],[-36.22,-5.991],[-36.221,-5.991],[-36.222,-5.992],[-36.223,-5.994],[-36.225,-5.994],[-36.225,-5.997],[-36.224,-5.998],[-36.224,-5.999],[-36.225,-5.998],[-36.227,-5.998],[-36.227,-5.999],[-36.23,-5.999],[-36.231,-6],[-36.232,-6.001],[-36.232,-6.002],[-36.231,-6.002],[-36.232,-6.004],[-36.231,-6.005],[-36.231,-6.002],[-36.232,-6.001],[-36.231,-6],[-36.229,-5.999],[-36.227,-5.999],[-36.227,-5.998],[-36.225,-5.998],[-36.224,-5.999],[-36.224,-5.998],[-36.225,-5.996],[-36.225,-5.995],[-36.223,-5.994],[-36.221,-5.991],[-36.219,-5.99],[-36.218,-5.988],[-36.215,-5.989],[-36.212,-5.988],[-36.21,-5.99],[-36.209,-5.989],[-36.207,-5.987],[-36.204,-5.99],[-36.203,-5.99],[-36.201,-5.989],[-36.198,-5.99],[-36.197,-5.989],[-36.192,-5.988],[-36.191,-5.987],[-36.187,-5.986],[-36.182,-5.989],[-36.18,-5.993],[-36.179,-5.993],[-36.179,-5.995],[-36.183,-5.995],[-36.182,-5.997],[-36.183,-5.998],[-36.186,-6],[-36.187,-6.001],[-36.189,-6.001],[-36.19,-6.002],[-36.192,-6.007],[-36.196,-6.012],[-36.198,-6.016],[-36.201,-6.018],[-36.202,-6.022],[-36.206,-6.026],[-36.207,-6.03],[-36.21,-6.034],[-36.21,-6.038],[-36.212,-6.039],[-36.213,-6.038],[-36.214,-6.038],[-36.216,-6.04],[-36.22,-6.046],[-36.222,-6.05],[-36.225,-6.051],[-36.226,-6.051],[-36.228,-6.049],[-36.235,-6.048],[-36.236,-6.046],[-36.24,-6.045],[-36.244,-6.045],[-36.246,-6.047],[-36.247,-6.046],[-36.25,-6.045],[-36.248,-6.046],[-36.247,-6.046],[-36.246,-6.048],[-36.245,-6.047],[-36.244,-6.046],[-36.237,-6.046],[-36.235,-6.048],[-36.233,-6.049],[-36.228,-6.05],[-36.226,-6.051],[-36.227,-6.052],[-36.227,-6.053],[-36.225,-6.055],[-36.228,-6.059],[-36.231,-6.065],[-36.236,-6.07],[-36.243,-6.074],[-36.243,-6.077],[-36.244,-6.077],[-36.245,-6.08],[-36.247,-6.08],[-36.247,-6.082],[-36.246,-6.082],[-36.246,-6.085],[-36.248,-6.087],[-36.247,-6.091],[-36.253,-6.095],[-36.255,-6.095],[-36.257,-6.099],[-36.254,-6.103],[-36.254,-6.106],[-36.251,-6.115],[-36.25,-6.116],[-36.249,-6.117],[-36.249,-6.122],[-36.25,-6.127],[-36.248,-6.131],[-36.247,-6.132],[-36.246,-6.132],[-36.246,-6.133],[-36.245,-6.133],[-36.247,-6.135],[-36.247,-6.136],[-36.243,-6.137],[-36.241,-6.136],[-36.24,-6.137],[-36.241,-6.135],[-36.243,-6.136],[-36.243,-6.137],[-36.246,-6.136],[-36.245,-6.133],[-36.246,-6.132],[-36.246,-6.131],[-36.247,-6.131],[-36.25,-6.127],[-36.248,-6.121],[-36.249,-6.117],[-36.25,-6.116],[-36.251,-6.115],[-36.253,-6.106],[-36.254,-6.103],[-36.256,-6.099],[-36.255,-6.096],[-36.253,-6.096],[-36.247,-6.091],[-36.248,-6.087],[-36.246,-6.085],[-36.246,-6.082],[-36.247,-6.081],[-36.245,-6.08],[-36.243,-6.077],[-36.243,-6.075],[-36.24,-6.073],[-36.239,-6.073],[-36.239,-6.075],[-36.24,-6.077],[-36.24,-6.078],[-36.235,-6.084],[-36.232,-6.086],[-36.231,-6.086],[-36.23,-6.085],[-36.232,-6.086],[-36.235,-6.084],[-36.239,-6.078],[-36.239,-6.072],[-36.235,-6.07],[-36.231,-6.065],[-36.228,-6.059],[-36.225,-6.056],[-36.225,-6.055],[-36.227,-6.052],[-36.226,-6.051],[-36.224,-6.051],[-36.222,-6.05],[-36.219,-6.044],[-36.214,-6.038],[-36.212,-6.039],[-36.21,-6.038],[-36.209,-6.034],[-36.206,-6.031],[-36.206,-6.026],[-36.202,-6.022],[-36.201,-6.018],[-36.198,-6.017],[-36.196,-6.012],[-36.192,-6.008],[-36.19,-6.002],[-36.187,-6.002],[-36.185,-6.001],[-36.184,-5.999],[-36.182,-5.995],[-36.18,-5.996],[-36.179,-5.995],[-36.179,-5.993],[-36.178,-5.993],[-36.177,-5.992],[-36.175,-5.992],[-36.174,-5.991],[-36.173,-5.987],[-36.171,-5.984],[-36.171,-5.982],[-36.17,-5.981],[-36.166,-5.981],[-36.162,-5.979],[-36.157,-5.985],[-36.155,-5.986],[-36.148,-5.982],[-36.144,-5.982],[-36.143,-5.983],[-36.142,-5.983],[-36.144,-5.986],[-36.142,-5.991],[-36.143,-5.992],[-36.142,-5.993],[-36.142,-5.995],[-36.146,-6.003],[-36.144,-6.002],[-36.142,-5.994],[-36.142,-5.991],[-36.144,-5.986],[-36.143,-5.985],[-36.142,-5.983],[-36.139,-5.983],[-36.138,-5.982],[-36.135,-5.982],[-36.134,-5.981],[-36.131,-5.977],[-36.13,-5.974],[-36.127,-5.972],[-36.123,-5.97],[-36.119,-5.974],[-36.117,-5.975],[-36.112,-5.973],[-36.109,-5.974],[-36.107,-5.977],[-36.106,-5.977],[-36.101,-5.975],[-36.101,-5.976],[-36.103,-5.982],[-36.102,-5.983],[-36.102,-5.985],[-36.103,-5.987],[-36.109,-5.994],[-36.109,-5.995],[-36.107,-5.997],[-36.108,-6.001],[-36.107,-6.004],[-36.109,-6.007],[-36.112,-6.009],[-36.112,-6.016],[-36.114,-6.018],[-36.113,-6.019],[-36.115,-6.02],[-36.116,-6.022],[-36.116,-6.026],[-36.119,-6.03],[-36.12,-6.032],[-36.125,-6.035],[-36.128,-6.037],[-36.13,-6.037],[-36.132,-6.04],[-36.133,-6.041],[-36.132,-6.045],[-36.132,-6.046],[-36.134,-6.048],[-36.133,-6.05],[-36.135,-6.053],[-36.135,-6.054],[-36.134,-6.055],[-36.138,-6.055],[-36.139,-6.057],[-36.139,-6.06],[-36.143,-6.061],[-36.148,-6.068],[-36.15,-6.069],[-36.149,-6.072],[-36.148,-6.073],[-36.149,-6.074],[-36.148,-6.076],[-36.149,-6.076],[-36.149,-6.077],[-36.152,-6.08],[-36.154,-6.082],[-36.155,-6.082],[-36.155,-6.085],[-36.161,-6.088],[-36.164,-6.089],[-36.167,-6.091],[-36.168,-6.09],[-36.171,-6.09],[-36.172,-6.091],[-36.173,-6.091],[-36.173,-6.094],[-36.175,-6.095],[-36.173,-6.094],[-36.172,-6.093],[-36.173,-6.091],[-36.172,-6.091],[-36.171,-6.09],[-36.17,-6.091],[-36.168,-6.09],[-36.167,-6.091],[-36.164,-6.089],[-36.163,-6.089],[-36.162,-6.088],[-36.161,-6.088],[-36.155,-6.085],[-36.155,-6.082],[-36.153,-6.082],[-36.151,-6.08],[-36.149,-6.078],[-36.149,-6.076],[-36.148,-6.076],[-36.149,-6.074],[-36.148,-6.073],[-36.149,-6.072],[-36.149,-6.069],[-36.148,-6.068],[-36.142,-6.061],[-36.139,-6.06],[-36.139,-6.057],[-36.138,-6.055],[-36.133,-6.055],[-36.133,-6.054],[-36.134,-6.054],[-36.134,-6.053],[-36.133,-6.05],[-36.133,-6.049],[-36.132,-6.046],[-36.131,-6.045],[-36.133,-6.041],[-36.132,-6.04],[-36.13,-6.037],[-36.128,-6.037],[-36.125,-6.035],[-36.121,-6.033],[-36.119,-6.031],[-36.119,-6.032],[-36.12,-6.033],[-36.116,-6.036],[-36.116,-6.041],[-36.117,-6.041],[-36.117,-6.044],[-36.119,-6.045],[-36.12,-6.046],[-36.122,-6.047],[-36.122,-6.049],[-36.12,-6.051],[-36.121,-6.054],[-36.12,-6.06],[-36.119,-6.06],[-36.12,-6.06],[-36.121,-6.054],[-36.12,-6.051],[-36.121,-6.049],[-36.122,-6.047],[-36.119,-6.046],[-36.119,-6.045],[-36.117,-6.044],[-36.117,-6.042],[-36.116,-6.041],[-36.116,-6.036],[-36.119,-6.033],[-36.119,-6.03],[-36.116,-6.026],[-36.115,-6.021],[-36.113,-6.019],[-36.113,-6.018],[-36.111,-6.016],[-36.112,-6.014],[-36.111,-6.011],[-36.112,-6.009],[-36.108,-6.007],[-36.107,-6.005],[-36.107,-6.004],[-36.108,-6.001],[-36.107,-5.997],[-36.107,-5.996],[-36.109,-5.995],[-36.109,-5.994],[-36.103,-5.987],[-36.102,-5.984],[-36.103,-5.982],[-36.101,-5.976],[-36.102,-5.969],[-36.099,-5.966],[-36.095,-5.966],[-36.081,-5.97],[-36.077,-5.969],[-36.072,-5.969],[-36.07,-5.972],[-36.065,-5.975],[-36.065,-5.976],[-36.066,-5.977],[-36.068,-5.976],[-36.068,-5.977],[-36.071,-5.978],[-36.075,-5.98],[-36.075,-5.982],[-36.076,-5.982],[-36.077,-5.983],[-36.079,-5.984],[-36.079,-5.987],[-36.081,-5.991],[-36.082,-5.992],[-36.08,-5.996],[-36.081,-5.996],[-36.082,-5.997],[-36.082,-5.998],[-36.083,-5.999],[-36.083,-6],[-36.084,-6],[-36.084,-6.001],[-36.082,-5.997],[-36.081,-5.996],[-36.08,-5.996],[-36.081,-5.994],[-36.077,-5.996],[-36.077,-5.997],[-36.078,-5.999],[-36.078,-6.001],[-36.077,-6.002],[-36.076,-6.002],[-36.075,-6.003],[-36.075,-6.005],[-36.074,-6.006],[-36.073,-6.006],[-36.072,-6.007],[-36.072,-6.006],[-36.072,-6.01],[-36.074,-6.011],[-36.074,-6.013],[-36.073,-6.015],[-36.074,-6.015],[-36.073,-6.015],[-36.069,-6.017],[-36.069,-6.019],[-36.07,-6.02],[-36.071,-6.02],[-36.072,-6.021],[-36.072,-6.022],[-36.071,-6.026],[-36.07,-6.027],[-36.072,-6.021],[-36.07,-6.02],[-36.069,-6.019],[-36.069,-6.017],[-36.07,-6.016],[-36.073,-6.015],[-36.074,-6.011],[-36.072,-6.01],[-36.071,-6.008],[-36.072,-6.006],[-36.074,-6.006],[-36.075,-6.003],[-36.076,-6.002],[-36.078,-6.001],[-36.078,-6],[-36.077,-5.997],[-36.077,-5.996],[-36.081,-5.994],[-36.081,-5.991],[-36.079,-5.988],[-36.079,-5.984],[-36.077,-5.983],[-36.075,-5.984],[-36.075,-5.982],[-36.071,-5.981],[-36.07,-5.983],[-36.069,-5.98],[-36.067,-5.979],[-36.066,-5.98],[-36.065,-5.979],[-36.066,-5.978],[-36.065,-5.977],[-36.064,-5.976],[-36.06,-5.979],[-36.054,-5.979],[-36.054,-5.982],[-36.055,-5.982],[-36.055,-5.984],[-36.056,-5.985],[-36.057,-5.985],[-36.057,-5.986],[-36.058,-5.987],[-36.057,-5.988],[-36.057,-5.989],[-36.06,-5.991],[-36.061,-5.992],[-36.061,-5.994],[-36.059,-5.995],[-36.06,-5.996],[-36.06,-5.997],[-36.059,-5.998],[-36.06,-5.998],[-36.06,-5.999],[-36.061,-5.999],[-36.061,-6],[-36.06,-6.005],[-36.06,-6.007],[-36.061,-6.008],[-36.061,-6.009],[-36.06,-6.01],[-36.06,-6.011],[-36.059,-6.012],[-36.058,-6.014],[-36.058,-6.015],[-36.057,-6.016],[-36.057,-6.017],[-36.056,-6.018],[-36.055,-6.018],[-36.055,-6.019],[-36.056,-6.021],[-36.057,-6.022],[-36.056,-6.022],[-36.054,-6.026],[-36.053,-6.026],[-36.052,-6.025],[-36.051,-6.026],[-36.048,-6.029],[-36.048,-6.031],[-36.047,-6.032],[-36.048,-6.032],[-36.048,-6.033],[-36.049,-6.034],[-36.047,-6.036],[-36.045,-6.036],[-36.044,-6.037],[-36.043,-6.038],[-36.044,-6.039],[-36.043,-6.039],[-36.044,-6.04],[-36.042,-6.041],[-36.042,-6.042],[-36.04,-6.044],[-36.039,-6.045],[-36.039,-6.049],[-36.04,-6.05],[-36.042,-6.052],[-36.043,-6.054],[-36.043,-6.056],[-36.042,-6.058],[-36.041,-6.059],[-36.041,-6.061],[-36.039,-6.061],[-36.037,-6.06],[-36.036,-6.06],[-36.036,-6.058],[-36.034,-6.059],[-36.032,-6.058],[-36.032,-6.057],[-36.028,-6.057],[-36.027,-6.056],[-36.026,-6.057],[-36.027,-6.056],[-36.029,-6.057],[-36.032,-6.057],[-36.034,-6.059],[-36.036,-6.058],[-36.036,-6.059],[-36.037,-6.06],[-36.039,-6.061],[-36.041,-6.06],[-36.041,-6.059],[-36.042,-6.058],[-36.043,-6.054],[-36.042,-6.052],[-36.04,-6.05],[-36.039,-6.049],[-36.039,-6.045],[-36.042,-6.041],[-36.044,-6.04],[-36.043,-6.039],[-36.043,-6.038],[-36.044,-6.037],[-36.047,-6.036],[-36.048,-6.034],[-36.048,-6.032],[-36.047,-6.032],[-36.048,-6.031],[-36.048,-6.029],[-36.051,-6.025],[-36.052,-6.025],[-36.053,-6.026],[-36.054,-6.026],[-36.056,-6.022],[-36.055,-6.019],[-36.055,-6.018],[-36.056,-6.018],[-36.057,-6.017],[-36.058,-6.015],[-36.059,-6.012],[-36.06,-6.01],[-36.061,-6.008],[-36.06,-6.007],[-36.06,-6.005],[-36.061,-6],[-36.06,-5.998],[-36.059,-5.998],[-36.059,-5.995],[-36.061,-5.994],[-36.061,-5.992],[-36.057,-5.99],[-36.057,-5.985],[-36.055,-5.984],[-36.055,-5.983],[-36.054,-5.982],[-36.054,-5.979],[-36.048,-5.979],[-36.045,-5.977],[-36.046,-5.979],[-36.045,-5.982],[-36.046,-5.982],[-36.046,-5.983],[-36.044,-5.985],[-36.043,-5.993],[-36.045,-5.997],[-36.049,-5.999],[-36.049,-6],[-36.048,-6.001],[-36.049,-6.002],[-36.049,-6.003],[-36.047,-6.006],[-36.049,-6.003],[-36.048,-6.001],[-36.049,-5.999],[-36.045,-5.997],[-36.043,-5.993],[-36.044,-5.985],[-36.043,-5.985],[-36.043,-5.984],[-36.044,-5.982],[-36.045,-5.982],[-36.045,-5.979],[-36.044,-5.976],[-36.042,-5.975],[-36.04,-5.973],[-36.04,-5.964],[-36.039,-5.963],[-36.038,-5.963],[-36.034,-5.964],[-36.024,-5.97],[-36.022,-5.972],[-36.018,-5.973],[-36.013,-5.973],[-36.012,-5.972],[-36.01,-5.969],[-36.007,-5.969],[-36.008,-5.969],[-36.008,-5.97],[-36.009,-5.97],[-36.008,-5.971],[-36.009,-5.972],[-36.009,-5.973],[-36.008,-5.974],[-36.007,-5.974],[-36.007,-5.975],[-36.004,-5.979],[-36.003,-5.979],[-36.002,-5.98],[-36.001,-5.98],[-36.001,-5.982],[-36.002,-5.983],[-36.001,-5.984],[-36.001,-5.985],[-36.002,-5.987],[-36.002,-5.989],[-36.001,-5.993],[-36.001,-5.997],[-36.001,-5.993],[-36.002,-5.988],[-36.001,-5.985],[-36.001,-5.984],[-36.002,-5.983],[-36.001,-5.98],[-36.004,-5.979],[-36.007,-5.975],[-36.007,-5.974],[-36.008,-5.974],[-36.009,-5.973],[-36.009,-5.972],[-36.008,-5.971],[-36.008,-5.969],[-36.004,-5.969],[-36.002,-5.968],[-35.999,-5.964],[-35.999,-5.963],[-35.995,-5.961],[-35.993,-5.959],[-35.993,-5.954],[-35.989,-5.95],[-35.987,-5.95],[-35.98,-5.953],[-35.974,-5.954],[-35.963,-5.959],[-35.961,-5.959],[-35.963,-5.961],[-35.961,-5.961],[-35.962,-5.963],[-35.964,-5.965],[-35.964,-5.966],[-35.966,-5.968],[-35.969,-5.968],[-35.969,-5.969],[-35.968,-5.97],[-35.971,-5.97],[-35.972,-5.975],[-35.974,-5.977],[-35.977,-5.979],[-35.978,-5.98],[-35.978,-5.988],[-35.981,-5.99],[-35.982,-5.995],[-35.98,-5.997],[-35.981,-6],[-35.98,-6.001],[-35.978,-6.001],[-35.98,-6.005],[-35.978,-6.006],[-35.979,-6.008],[-35.978,-6.009],[-35.977,-6.01],[-35.977,-6.012],[-35.976,-6.014],[-35.977,-6.014],[-35.977,-6.015],[-35.978,-6.017],[-35.98,-6.018],[-35.98,-6.017],[-35.981,-6.017],[-35.981,-6.018],[-35.982,-6.018],[-35.983,-6.021],[-35.986,-6.024],[-35.988,-6.024],[-35.988,-6.028],[-35.99,-6.031],[-35.99,-6.032],[-35.99,-6.031],[-35.988,-6.028],[-35.988,-6.025],[-35.986,-6.025],[-35.983,-6.021],[-35.982,-6.019],[-35.98,-6.018],[-35.981,-6.017],[-35.98,-6.018],[-35.978,-6.017],[-35.978,-6.02],[-35.979,-6.022],[-35.978,-6.023],[-35.977,-6.018],[-35.978,-6.017],[-35.976,-6.014],[-35.977,-6.012],[-35.977,-6.01],[-35.978,-6.008],[-35.979,-6.008],[-35.977,-6.006],[-35.978,-6.006],[-35.98,-6.005],[-35.978,-6.001],[-35.98,-6],[-35.98,-5.997],[-35.982,-5.995],[-35.981,-5.99],[-35.978,-5.988],[-35.978,-5.987],[-35.977,-5.985],[-35.978,-5.98],[-35.977,-5.979],[-35.974,-5.977],[-35.972,-5.975],[-35.971,-5.973],[-35.97,-5.971],[-35.968,-5.971],[-35.968,-5.97],[-35.969,-5.969],[-35.969,-5.968],[-35.966,-5.969],[-35.964,-5.967],[-35.964,-5.965],[-35.962,-5.963],[-35.961,-5.961],[-35.963,-5.961],[-35.961,-5.96],[-35.961,-5.957],[-35.957,-5.953],[-35.953,-5.952],[-35.951,-5.953],[-35.949,-5.956],[-35.942,-5.957],[-35.94,-5.956],[-35.938,-5.954],[-35.934,-5.954],[-35.922,-5.952],[-35.914,-5.957],[-35.912,-5.957],[-35.908,-5.958],[-35.906,-5.96],[-35.905,-5.959],[-35.903,-5.959],[-35.901,-5.96],[-35.899,-5.961],[-35.895,-5.963],[-35.89,-5.964],[-35.889,-5.968],[-35.89,-5.971],[-35.892,-5.971],[-35.894,-5.97],[-35.895,-5.972],[-35.898,-5.974],[-35.899,-5.975],[-35.899,-5.978],[-35.9,-5.978],[-35.901,-5.979],[-35.903,-5.978],[-35.904,-5.979],[-35.904,-5.98],[-35.905,-5.98],[-35.905,-5.981],[-35.904,-5.983],[-35.907,-5.984],[-35.91,-5.984],[-35.912,-5.986],[-35.914,-5.986],[-35.916,-5.987],[-35.917,-5.988],[-35.92,-5.988],[-35.921,-5.989],[-35.922,-5.991],[-35.924,-5.992],[-35.924,-5.993],[-35.925,-5.994],[-35.926,-5.995],[-35.925,-5.997],[-35.925,-5.998],[-35.926,-5.998],[-35.927,-6],[-35.928,-6],[-35.931,-6.003],[-35.932,-6.006],[-35.933,-6.007],[-35.932,-6.009],[-35.936,-6.01],[-35.937,-6.012],[-35.944,-6.012],[-35.946,-6.014],[-35.947,-6.015],[-35.948,-6.015],[-35.948,-6.016],[-35.949,-6.016],[-35.949,-6.018],[-35.953,-6.018],[-35.954,-6.019],[-35.956,-6.019],[-35.957,-6.02],[-35.958,-6.022],[-35.959,-6.022],[-35.96,-6.023],[-35.962,-6.025],[-35.963,-6.026],[-35.964,-6.026],[-35.965,-6.025],[-35.966,-6.025],[-35.966,-6.026],[-35.968,-6.027],[-35.969,-6.029],[-35.969,-6.03],[-35.967,-6.031],[-35.967,-6.033],[-35.969,-6.035],[-35.969,-6.037],[-35.97,-6.038],[-35.97,-6.043],[-35.971,-6.044],[-35.972,-6.046],[-35.972,-6.047],[-35.977,-6.049],[-35.978,-6.052],[-35.976,-6.049],[-35.972,-6.047],[-35.972,-6.046],[-35.97,-6.043],[-35.97,-6.038],[-35.969,-6.037],[-35.969,-6.035],[-35.967,-6.033],[-35.967,-6.029],[-35.966,-6.028],[-35.965,-6.028],[-35.964,-6.026],[-35.963,-6.026],[-35.96,-6.023],[-35.958,-6.022],[-35.957,-6.02],[-35.955,-6.019],[-35.954,-6.019],[-35.952,-6.018],[-35.949,-6.018],[-35.948,-6.016],[-35.947,-6.015],[-35.944,-6.012],[-35.942,-6.012],[-35.936,-6.013],[-35.936,-6.01],[-35.932,-6.009],[-35.933,-6.007],[-35.931,-6.006],[-35.931,-6.003],[-35.928,-6],[-35.927,-6],[-35.925,-5.998],[-35.924,-5.997],[-35.925,-5.996],[-35.925,-5.994],[-35.924,-5.994],[-35.923,-5.993],[-35.924,-5.992],[-35.922,-5.992],[-35.92,-5.989],[-35.917,-5.988],[-35.915,-5.987],[-35.912,-5.987],[-35.91,-5.985],[-35.908,-5.984],[-35.904,-5.983],[-35.904,-5.982],[-35.905,-5.981],[-35.904,-5.981],[-35.903,-5.979],[-35.901,-5.979],[-35.9,-5.978],[-35.898,-5.979],[-35.896,-5.978],[-35.895,-5.979],[-35.894,-5.979],[-35.895,-5.981],[-35.897,-5.981],[-35.898,-5.982],[-35.9,-5.983],[-35.9,-5.984],[-35.902,-5.985],[-35.901,-5.987],[-35.903,-5.989],[-35.902,-5.993],[-35.9,-5.994],[-35.898,-5.997],[-35.896,-5.998],[-35.9,-6],[-35.9,-6.001],[-35.897,-6.002],[-35.896,-6.003],[-35.896,-6.004],[-35.897,-6.003],[-35.898,-6.004],[-35.899,-6.007],[-35.899,-6.008],[-35.9,-6.008],[-35.9,-6.011],[-35.898,-6.011],[-35.899,-6.012],[-35.9,-6.013],[-35.901,-6.013],[-35.901,-6.014],[-35.9,-6.014],[-35.899,-6.015],[-35.898,-6.016],[-35.898,-6.017],[-35.897,-6.018],[-35.896,-6.018],[-35.896,-6.02],[-35.895,-6.021],[-35.896,-6.022],[-35.896,-6.023],[-35.895,-6.023],[-35.895,-6.024],[-35.896,-6.025],[-35.897,-6.025],[-35.899,-6.026],[-35.9,-6.026],[-35.902,-6.028],[-35.903,-6.027],[-35.904,-6.027],[-35.905,-6.026],[-35.905,-6.025],[-35.906,-6.024],[-35.908,-6.025],[-35.909,-6.024],[-35.91,-6.024],[-35.911,-6.023],[-35.912,-6.023],[-35.912,-6.024],[-35.913,-6.026],[-35.914,-6.028],[-35.918,-6.028],[-35.919,-6.029],[-35.92,-6.029],[-35.922,-6.031],[-35.925,-6.031],[-35.927,-6.033],[-35.924,-6.033],[-35.925,-6.035],[-35.928,-6.036],[-35.929,-6.035],[-35.929,-6.036],[-35.928,-6.036],[-35.925,-6.035],[-35.927,-6.039],[-35.927,-6.04],[-35.927,-6.039],[-35.925,-6.035],[-35.923,-6.033],[-35.922,-6.032],[-35.922,-6.031],[-35.921,-6.03],[-35.92,-6.029],[-35.919,-6.029],[-35.918,-6.028],[-35.914,-6.028],[-35.912,-6.024],[-35.912,-6.023],[-35.911,-6.023],[-35.91,-6.024],[-35.909,-6.024],[-35.908,-6.025],[-35.906,-6.024],[-35.905,-6.025],[-35.905,-6.026],[-35.904,-6.027],[-35.902,-6.028],[-35.9,-6.026],[-35.897,-6.025],[-35.895,-6.025],[-35.895,-6.023],[-35.896,-6.022],[-35.895,-6.021],[-35.896,-6.02],[-35.895,-6.019],[-35.896,-6.018],[-35.897,-6.018],[-35.898,-6.016],[-35.899,-6.015],[-35.901,-6.014],[-35.898,-6.012],[-35.898,-6.011],[-35.9,-6.011],[-35.9,-6.008],[-35.899,-6.008],[-35.898,-6.004],[-35.896,-6.004],[-35.896,-6.002],[-35.9,-6],[-35.898,-5.999],[-35.896,-5.998],[-35.898,-5.997],[-35.9,-5.993],[-35.902,-5.993],[-35.902,-5.989],[-35.901,-5.987],[-35.902,-5.985],[-35.899,-5.984],[-35.9,-5.983],[-35.898,-5.982],[-35.897,-5.981],[-35.895,-5.981],[-35.892,-5.978],[-35.892,-5.976],[-35.893,-5.975],[-35.893,-5.971],[-35.89,-5.971],[-35.889,-5.968],[-35.889,-5.964],[-35.886,-5.964],[-35.882,-5.962],[-35.881,-5.969],[-35.878,-5.97],[-35.878,-5.971],[-35.875,-5.974],[-35.876,-5.975],[-35.875,-5.977],[-35.876,-5.978],[-35.875,-5.979],[-35.876,-5.98],[-35.875,-5.981],[-35.875,-5.982],[-35.877,-5.982],[-35.877,-5.984],[-35.878,-5.984],[-35.879,-5.986],[-35.879,-5.987],[-35.878,-5.984],[-35.877,-5.984],[-35.876,-5.982],[-35.875,-5.983],[-35.874,-5.981],[-35.876,-5.98],[-35.875,-5.978],[-35.876,-5.978],[-35.875,-5.977],[-35.876,-5.975],[-35.875,-5.974],[-35.878,-5.971],[-35.877,-5.97],[-35.88,-5.969],[-35.882,-5.961],[-35.878,-5.953],[-35.875,-5.951],[-35.871,-5.947],[-35.869,-5.946],[-35.87,-5.947],[-35.869,-5.946],[-35.867,-5.946],[-35.864,-5.943],[-35.864,-5.941],[-35.866,-5.939],[-35.865,-5.936],[-35.862,-5.935],[-35.858,-5.936],[-35.854,-5.933],[-35.852,-5.931],[-35.85,-5.93],[-35.849,-5.929],[-35.849,-5.928],[-35.85,-5.925],[-35.851,-5.924],[-35.852,-5.921],[-35.851,-5.916],[-35.85,-5.915],[-35.845,-5.915],[-35.841,-5.914],[-35.836,-5.911],[-35.834,-5.909],[-35.832,-5.908],[-35.829,-5.909],[-35.825,-5.911],[-35.823,-5.911],[-35.821,-5.909],[-35.821,-5.906],[-35.82,-5.906],[-35.819,-5.904],[-35.818,-5.903],[-35.816,-5.903],[-35.815,-5.902],[-35.814,-5.903],[-35.813,-5.903],[-35.812,-5.902],[-35.811,-5.904],[-35.81,-5.903],[-35.808,-5.903],[-35.805,-5.902],[-35.804,-5.903],[-35.805,-5.905],[-35.805,-5.906],[-35.806,-5.907],[-35.805,-5.908],[-35.803,-5.907],[-35.803,-5.904],[-35.802,-5.904],[-35.803,-5.901],[-35.8,-5.899],[-35.798,-5.901],[-35.798,-5.895],[-35.797,-5.894],[-35.796,-5.894],[-35.795,-5.895],[-35.794,-5.896],[-35.795,-5.896],[-35.793,-5.898],[-35.792,-5.901],[-35.79,-5.901],[-35.791,-5.903],[-35.792,-5.904],[-35.789,-5.903],[-35.788,-5.904],[-35.787,-5.904],[-35.786,-5.905],[-35.786,-5.906],[-35.785,-5.905],[-35.783,-5.905],[-35.787,-5.902],[-35.785,-5.901],[-35.783,-5.899],[-35.78,-5.9],[-35.78,-5.896],[-35.779,-5.895],[-35.778,-5.894],[-35.777,-5.893],[-35.777,-5.892],[-35.774,-5.893],[-35.773,-5.894],[-35.776,-5.896],[-35.776,-5.897],[-35.775,-5.896],[-35.774,-5.897],[-35.774,-5.896],[-35.772,-5.896],[-35.771,-5.895],[-35.77,-5.895],[-35.769,-5.894],[-35.77,-5.892],[-35.767,-5.89],[-35.765,-5.89],[-35.763,-5.889],[-35.762,-5.89],[-35.761,-5.894],[-35.758,-5.895],[-35.757,-5.898],[-35.755,-5.9],[-35.753,-5.9],[-35.752,-5.899],[-35.753,-5.895],[-35.75,-5.893],[-35.742,-5.893],[-35.736,-5.889],[-35.732,-5.888],[-35.727,-5.887],[-35.725,-5.887],[-35.719,-5.882],[-35.716,-5.882],[-35.709,-5.883],[-35.706,-5.882],[-35.702,-5.884],[-35.7,-5.888],[-35.698,-5.889],[-35.695,-5.891],[-35.694,-5.893],[-35.695,-5.894],[-35.698,-5.895],[-35.698,-5.896],[-35.701,-5.897],[-35.704,-5.901],[-35.703,-5.903],[-35.695,-5.903],[-35.688,-5.898],[-35.684,-5.899],[-35.682,-5.898],[-35.681,-5.897],[-35.678,-5.894],[-35.677,-5.892],[-35.67,-5.889],[-35.66,-5.887],[-35.657,-5.886],[-35.653,-5.887],[-35.651,-5.886],[-35.649,-5.885],[-35.65,-5.88],[-35.65,-5.879],[-35.648,-5.878],[-35.646,-5.877],[-35.644,-5.878],[-35.643,-5.88],[-35.643,-5.883],[-35.642,-5.884],[-35.643,-5.886],[-35.64,-5.891],[-35.642,-5.892],[-35.645,-5.892],[-35.648,-5.895],[-35.651,-5.895],[-35.652,-5.897],[-35.65,-5.899],[-35.651,-5.901],[-35.652,-5.901],[-35.655,-5.9],[-35.657,-5.902],[-35.663,-5.902],[-35.664,-5.903],[-35.663,-5.905],[-35.663,-5.91],[-35.665,-5.91],[-35.666,-5.907],[-35.667,-5.907],[-35.668,-5.908],[-35.669,-5.911],[-35.671,-5.91],[-35.675,-5.911],[-35.678,-5.913],[-35.681,-5.909],[-35.684,-5.909],[-35.687,-5.911],[-35.689,-5.912],[-35.69,-5.916],[-35.689,-5.916],[-35.689,-5.919],[-35.691,-5.92],[-35.695,-5.923],[-35.696,-5.924],[-35.697,-5.921],[-35.699,-5.921],[-35.7,-5.923],[-35.703,-5.923],[-35.706,-5.922],[-35.712,-5.923],[-35.719,-5.921],[-35.728,-5.921],[-35.733,-5.92],[-35.728,-5.922],[-35.718,-5.921],[-35.713,-5.923],[-35.706,-5.922],[-35.703,-5.923],[-35.703,-5.924],[-35.704,-5.926],[-35.706,-5.927],[-35.705,-5.929],[-35.703,-5.929],[-35.703,-5.931],[-35.706,-5.933],[-35.71,-5.933],[-35.71,-5.935],[-35.709,-5.937],[-35.71,-5.938],[-35.712,-5.938],[-35.713,-5.94],[-35.712,-5.942],[-35.714,-5.942],[-35.716,-5.94],[-35.717,-5.94],[-35.719,-5.943],[-35.719,-5.946],[-35.72,-5.946],[-35.722,-5.948],[-35.722,-5.952],[-35.726,-5.953],[-35.728,-5.953],[-35.728,-5.949],[-35.732,-5.946],[-35.733,-5.947],[-35.733,-5.948],[-35.736,-5.949],[-35.739,-5.949],[-35.741,-5.948],[-35.743,-5.948],[-35.745,-5.951],[-35.743,-5.954],[-35.744,-5.954],[-35.747,-5.953],[-35.746,-5.951],[-35.746,-5.95],[-35.751,-5.949],[-35.752,-5.95],[-35.753,-5.953],[-35.753,-5.955],[-35.754,-5.954],[-35.756,-5.952],[-35.757,-5.952],[-35.759,-5.954],[-35.769,-5.948],[-35.772,-5.947],[-35.776,-5.949],[-35.781,-5.948],[-35.786,-5.95],[-35.787,-5.951],[-35.788,-5.951],[-35.789,-5.952],[-35.789,-5.955],[-35.79,-5.956],[-35.788,-5.958],[-35.791,-5.958],[-35.791,-5.96],[-35.792,-5.96],[-35.793,-5.961],[-35.794,-5.96],[-35.794,-5.959],[-35.797,-5.959],[-35.798,-5.96],[-35.799,-5.962],[-35.801,-5.964],[-35.803,-5.96],[-35.804,-5.96],[-35.807,-5.963],[-35.808,-5.965],[-35.81,-5.965],[-35.812,-5.966],[-35.812,-5.969],[-35.813,-5.969],[-35.817,-5.971],[-35.819,-5.971],[-35.819,-5.97],[-35.82,-5.969],[-35.82,-5.972],[-35.821,-5.972],[-35.822,-5.973],[-35.824,-5.973],[-35.824,-5.975],[-35.823,-5.976],[-35.824,-5.977],[-35.828,-5.976],[-35.827,-5.978],[-35.828,-5.98],[-35.83,-5.981],[-35.831,-5.982],[-35.83,-5.984],[-35.828,-5.985],[-35.828,-5.987],[-35.829,-5.988],[-35.83,-5.988],[-35.831,-5.989],[-35.831,-5.99],[-35.83,-5.991],[-35.831,-5.993],[-35.834,-5.992],[-35.836,-5.991],[-35.836,-5.99],[-35.837,-5.99],[-35.838,-5.991],[-35.837,-5.994],[-35.838,-5.996],[-35.84,-5.997],[-35.841,-5.997],[-35.842,-5.998],[-35.841,-6],[-35.842,-6.001],[-35.845,-6],[-35.847,-6.001],[-35.848,-6.002],[-35.847,-6.001],[-35.845,-6],[-35.842,-6.001],[-35.841,-6],[-35.841,-5.997],[-35.84,-5.997],[-35.838,-5.996],[-35.836,-5.994],[-35.837,-5.991],[-35.837,-5.99],[-35.836,-5.99],[-35.836,-5.991],[-35.834,-5.993],[-35.831,-5.993],[-35.83,-5.991],[-35.831,-5.99],[-35.831,-5.989],[-35.829,-5.988],[-35.828,-5.988],[-35.827,-5.987],[-35.827,-5.985],[-35.829,-5.984],[-35.829,-5.983],[-35.828,-5.982],[-35.827,-5.982],[-35.825,-5.979],[-35.824,-5.979],[-35.825,-5.977],[-35.822,-5.976],[-35.824,-5.975],[-35.824,-5.974],[-35.82,-5.972],[-35.82,-5.969],[-35.819,-5.97],[-35.819,-5.971],[-35.817,-5.971],[-35.813,-5.969],[-35.812,-5.969],[-35.812,-5.966],[-35.81,-5.965],[-35.808,-5.965],[-35.804,-5.96],[-35.803,-5.96],[-35.802,-5.964],[-35.801,-5.964],[-35.799,-5.962],[-35.798,-5.96],[-35.797,-5.959],[-35.794,-5.959],[-35.794,-5.961],[-35.793,-5.961],[-35.792,-5.96],[-35.791,-5.96],[-35.79,-5.961],[-35.792,-5.962],[-35.793,-5.963],[-35.793,-5.964],[-35.792,-5.964],[-35.792,-5.963],[-35.791,-5.964],[-35.791,-5.965],[-35.793,-5.966],[-35.793,-5.967],[-35.794,-5.968],[-35.795,-5.969],[-35.796,-5.97],[-35.796,-5.971],[-35.794,-5.971],[-35.794,-5.973],[-35.797,-5.973],[-35.798,-5.972],[-35.799,-5.972],[-35.8,-5.975],[-35.8,-5.979],[-35.799,-5.982],[-35.8,-5.983],[-35.799,-5.984],[-35.801,-5.985],[-35.8,-5.987],[-35.801,-5.988],[-35.802,-5.992],[-35.799,-5.994],[-35.799,-5.995],[-35.8,-5.995],[-35.8,-5.997],[-35.799,-5.997],[-35.8,-5.998],[-35.8,-5.999],[-35.799,-6],[-35.798,-6.001],[-35.797,-6.001],[-35.797,-6.002],[-35.798,-6.002],[-35.798,-6.004],[-35.799,-6.004],[-35.799,-6.008],[-35.8,-6.008],[-35.8,-6.01],[-35.801,-6.011],[-35.801,-6.012],[-35.802,-6.012],[-35.803,-6.013],[-35.804,-6.013],[-35.804,-6.012],[-35.805,-6.012],[-35.805,-6.013],[-35.806,-6.012],[-35.807,-6.012],[-35.807,-6.014],[-35.808,-6.014],[-35.808,-6.015],[-35.807,-6.016],[-35.806,-6.019],[-35.808,-6.019],[-35.806,-6.019],[-35.808,-6.015],[-35.807,-6.014],[-35.807,-6.012],[-35.805,-6.013],[-35.805,-6.012],[-35.804,-6.013],[-35.803,-6.013],[-35.801,-6.012],[-35.801,-6.011],[-35.8,-6.008],[-35.798,-6.008],[-35.799,-6.009],[-35.799,-6.01],[-35.798,-6.01],[-35.798,-6.011],[-35.799,-6.01],[-35.798,-6.008],[-35.799,-6.008],[-35.799,-6.005],[-35.798,-6.003],[-35.797,-6.002],[-35.797,-6.001],[-35.799,-6],[-35.8,-5.999],[-35.8,-5.998],[-35.799,-5.997],[-35.8,-5.997],[-35.8,-5.996],[-35.799,-5.995],[-35.799,-5.994],[-35.802,-5.992],[-35.8,-5.988],[-35.8,-5.985],[-35.799,-5.984],[-35.799,-5.982],[-35.8,-5.979],[-35.8,-5.975],[-35.798,-5.972],[-35.797,-5.973],[-35.794,-5.973],[-35.794,-5.971],[-35.796,-5.971],[-35.796,-5.97],[-35.795,-5.969],[-35.793,-5.967],[-35.793,-5.966],[-35.792,-5.965],[-35.791,-5.965],[-35.791,-5.964],[-35.792,-5.964],[-35.792,-5.963],[-35.793,-5.964],[-35.792,-5.962],[-35.79,-5.962],[-35.79,-5.961],[-35.791,-5.96],[-35.79,-5.958],[-35.789,-5.959],[-35.788,-5.958],[-35.789,-5.956],[-35.788,-5.955],[-35.789,-5.953],[-35.788,-5.952],[-35.787,-5.951],[-35.786,-5.95],[-35.781,-5.949],[-35.775,-5.949],[-35.772,-5.948],[-35.769,-5.949],[-35.759,-5.954],[-35.756,-5.952],[-35.754,-5.954],[-35.753,-5.955],[-35.752,-5.955],[-35.752,-5.953],[-35.751,-5.95],[-35.747,-5.95],[-35.746,-5.951],[-35.747,-5.953],[-35.744,-5.955],[-35.743,-5.954],[-35.744,-5.951],[-35.742,-5.948],[-35.741,-5.948],[-35.739,-5.949],[-35.736,-5.95],[-35.733,-5.948],[-35.733,-5.947],[-35.732,-5.947],[-35.729,-5.949],[-35.728,-5.951],[-35.728,-5.953],[-35.727,-5.954],[-35.726,-5.953],[-35.725,-5.956],[-35.726,-5.957],[-35.727,-5.96],[-35.728,-5.96],[-35.727,-5.96],[-35.726,-5.957],[-35.725,-5.956],[-35.723,-5.956],[-35.721,-5.957],[-35.723,-5.959],[-35.721,-5.961],[-35.719,-5.962],[-35.721,-5.963],[-35.721,-5.964],[-35.72,-5.965],[-35.72,-5.967],[-35.718,-5.968],[-35.719,-5.972],[-35.719,-5.974],[-35.718,-5.975],[-35.718,-5.976],[-35.719,-5.98],[-35.722,-5.983],[-35.723,-5.986],[-35.725,-5.988],[-35.725,-5.99],[-35.727,-5.99],[-35.727,-5.991],[-35.728,-5.99],[-35.73,-5.991],[-35.732,-5.992],[-35.733,-5.992],[-35.733,-5.993],[-35.735,-5.993],[-35.737,-5.994],[-35.738,-5.994],[-35.74,-5.995],[-35.74,-5.997],[-35.746,-5.997],[-35.746,-5.996],[-35.747,-5.997],[-35.747,-5.996],[-35.75,-5.995],[-35.752,-5.996],[-35.752,-5.995],[-35.756,-5.995],[-35.754,-5.995],[-35.752,-5.996],[-35.75,-5.996],[-35.746,-5.997],[-35.74,-5.997],[-35.74,-5.995],[-35.738,-5.994],[-35.733,-5.993],[-35.732,-5.992],[-35.728,-5.991],[-35.727,-5.991],[-35.727,-5.99],[-35.725,-5.99],[-35.724,-5.992],[-35.723,-5.992],[-35.723,-5.991],[-35.722,-5.991],[-35.723,-5.993],[-35.723,-5.994],[-35.724,-5.995],[-35.727,-5.995],[-35.727,-5.997],[-35.726,-5.997],[-35.726,-6],[-35.727,-6],[-35.728,-6.001],[-35.728,-6.002],[-35.729,-6.003],[-35.731,-6.007],[-35.733,-6.009],[-35.735,-6.009],[-35.735,-6.012],[-35.737,-6.013],[-35.738,-6.013],[-35.738,-6.015],[-35.737,-6.015],[-35.737,-6.018],[-35.739,-6.018],[-35.739,-6.019],[-35.741,-6.019],[-35.742,-6.02],[-35.743,-6.021],[-35.744,-6.022],[-35.743,-6.022],[-35.742,-6.023],[-35.745,-6.024],[-35.745,-6.026],[-35.747,-6.026],[-35.753,-6.028],[-35.747,-6.026],[-35.745,-6.026],[-35.745,-6.027],[-35.744,-6.028],[-35.745,-6.031],[-35.745,-6.033],[-35.744,-6.034],[-35.745,-6.034],[-35.745,-6.036],[-35.744,-6.037],[-35.743,-6.037],[-35.743,-6.038],[-35.744,-6.039],[-35.746,-6.041],[-35.746,-6.044],[-35.745,-6.046],[-35.744,-6.049],[-35.745,-6.052],[-35.746,-6.054],[-35.746,-6.055],[-35.745,-6.055],[-35.748,-6.059],[-35.748,-6.062],[-35.749,-6.063],[-35.749,-6.064],[-35.75,-6.064],[-35.75,-6.065],[-35.752,-6.065],[-35.755,-6.063],[-35.757,-6.063],[-35.755,-6.063],[-35.752,-6.065],[-35.75,-6.065],[-35.753,-6.065],[-35.755,-6.063]],[[-35.596,-5.789],[-35.596,-5.788],[-35.598,-5.789],[-35.596,-5.789]],[[-35.219,-5.776],[-35.221,-5.778],[-35.22,-5.779],[-35.221,-5.783],[-35.22,-5.779],[-35.219,-5.778],[-35.218,-5.779],[-35.217,-5.777],[-35.217,-5.776],[-35.219,-5.776]],[[-35.219,-5.76],[-35.22,-5.761],[-35.221,-5.761],[-35.22,-5.763],[-35.219,-5.76]],[[-35.336,-5.853],[-35.337,-5.853],[-35.336,-5.853]],[[-35.522,-5.991],[-35.523,-5.991],[-35.522,-5.991]],[[-35.573,-5.992],[-35.573,-5.99],[-35.571,-5.989],[-35.569,-5.987],[-35.569,-5.985],[-35.566,-5.985],[-35.567,-5.983],[-35.565,-5.982],[-35.566,-5.98],[-35.563,-5.978],[-35.565,-5.975],[-35.567,-5.975],[-35.569,-5.973],[-35.571,-5.976],[-35.572,-5.977],[-35.572,-5.979],[-35.576,-5.981],[-35.578,-5.981],[-35.578,-5.979],[-35.581,-5.979],[-35.582,-5.978],[-35.584,-5.977],[-35.585,-5.978],[-35.586,-5.981],[-35.588,-5.982],[-35.59,-5.981],[-35.593,-5.983],[-35.595,-5.982],[-35.596,-5.981],[-35.596,-5.983],[-35.598,-5.983],[-35.599,-5.984],[-35.597,-5.987],[-35.597,-5.99],[-35.592,-5.994],[-35.589,-5.997],[-35.583,-5.997],[-35.583,-5.996],[-35.581,-5.996],[-35.579,-5.997],[-35.577,-5.996],[-35.576,-5.995],[-35.574,-5.994],[-35.573,-5.992]],[[-35.597,-5.982],[-35.597,-5.982]],[[-35.55,-5.986],[-35.547,-5.988],[-35.546,-5.987],[-35.544,-5.987],[-35.543,-5.988],[-35.543,-5.99],[-35.541,-5.993],[-35.539,-5.992],[-35.538,-5.99],[-35.536,-5.99],[-35.538,-5.989],[-35.538,-5.985],[-35.537,-5.984],[-35.537,-5.982],[-35.536,-5.982],[-35.536,-5.984],[-35.538,-5.987],[-35.537,-5.989],[-35.534,-5.988],[-35.533,-5.989],[-35.531,-5.989],[-35.53,-5.988],[-35.531,-5.987],[-35.53,-5.986],[-35.528,-5.986],[-35.528,-5.987],[-35.526,-5.988],[-35.526,-5.986],[-35.524,-5.985],[-35.523,-5.985],[-35.523,-5.986],[-35.521,-5.987],[-35.515,-5.985],[-35.514,-5.985],[-35.513,-5.986],[-35.513,-5.985],[-35.512,-5.986],[-35.508,-5.985],[-35.507,-5.986],[-35.502,-5.982],[-35.499,-5.982],[-35.498,-5.983],[-35.497,-5.982],[-35.495,-5.982],[-35.494,-5.98],[-35.495,-5.978],[-35.493,-5.977],[-35.493,-5.976],[-35.489,-5.972],[-35.489,-5.97],[-35.487,-5.969],[-35.49,-5.966],[-35.49,-5.965],[-35.492,-5.965],[-35.493,-5.964],[-35.492,-5.963],[-35.494,-5.963],[-35.496,-5.959],[-35.497,-5.96],[-35.5,-5.96],[-35.501,-5.957],[-35.502,-5.958],[-35.503,-5.957],[-35.505,-5.957],[-35.506,-5.954],[-35.507,-5.955],[-35.509,-5.954],[-35.51,-5.952],[-35.51,-5.951],[-35.512,-5.951],[-35.512,-5.949],[-35.515,-5.95],[-35.516,-5.949],[-35.517,-5.948],[-35.522,-5.949],[-35.527,-5.947],[-35.529,-5.948],[-35.535,-5.947],[-35.536,-5.947],[-35.536,-5.946],[-35.527,-5.947],[-35.522,-5.948],[-35.517,-5.948],[-35.515,-5.949],[-35.512,-5.948],[-35.511,-5.95],[-35.51,-5.951],[-35.51,-5.952],[-35.509,-5.954],[-35.506,-5.954],[-35.505,-5.956],[-35.503,-5.957],[-35.501,-5.957],[-35.499,-5.96],[-35.497,-5.96],[-35.496,-5.959],[-35.495,-5.959],[-35.495,-5.962],[-35.494,-5.963],[-35.492,-5.962],[-35.492,-5.964],[-35.49,-5.965],[-35.488,-5.961],[-35.487,-5.96],[-35.485,-5.961],[-35.484,-5.964],[-35.483,-5.96],[-35.48,-5.958],[-35.481,-5.958],[-35.482,-5.956],[-35.488,-5.956],[-35.489,-5.957],[-35.489,-5.956],[-35.49,-5.955],[-35.493,-5.954],[-35.495,-5.953],[-35.497,-5.952],[-35.502,-5.948],[-35.501,-5.948],[-35.497,-5.952],[-35.494,-5.953],[-35.494,-5.951],[-35.496,-5.951],[-35.496,-5.949],[-35.497,-5.949],[-35.498,-5.945],[-35.5,-5.944],[-35.499,-5.943],[-35.498,-5.945],[-35.497,-5.948],[-35.496,-5.949],[-35.495,-5.95],[-35.494,-5.951],[-35.494,-5.953],[-35.491,-5.953],[-35.488,-5.954],[-35.49,-5.952],[-35.49,-5.951],[-35.486,-5.953],[-35.485,-5.953],[-35.485,-5.951],[-35.484,-5.952],[-35.483,-5.952],[-35.482,-5.955],[-35.481,-5.956],[-35.481,-5.957],[-35.478,-5.957],[-35.477,-5.958],[-35.473,-5.954],[-35.471,-5.953],[-35.471,-5.951],[-35.47,-5.951],[-35.468,-5.952],[-35.466,-5.949],[-35.465,-5.949],[-35.464,-5.95],[-35.462,-5.948],[-35.461,-5.948],[-35.459,-5.949],[-35.459,-5.95],[-35.457,-5.95],[-35.455,-5.947],[-35.454,-5.946],[-35.454,-5.943],[-35.451,-5.941],[-35.451,-5.939],[-35.452,-5.937],[-35.456,-5.935],[-35.459,-5.935],[-35.461,-5.936],[-35.462,-5.935],[-35.464,-5.931],[-35.467,-5.93],[-35.468,-5.93],[-35.467,-5.929],[-35.463,-5.931],[-35.462,-5.935],[-35.459,-5.934],[-35.455,-5.934],[-35.454,-5.933],[-35.453,-5.934],[-35.453,-5.935],[-35.452,-5.937],[-35.451,-5.941],[-35.451,-5.942],[-35.454,-5.944],[-35.454,-5.946],[-35.452,-5.946],[-35.451,-5.947],[-35.451,-5.948],[-35.449,-5.948],[-35.448,-5.949],[-35.448,-5.952],[-35.447,-5.951],[-35.445,-5.951],[-35.444,-5.953],[-35.443,-5.954],[-35.443,-5.953],[-35.442,-5.952],[-35.44,-5.95],[-35.438,-5.95],[-35.437,-5.948],[-35.433,-5.945],[-35.433,-5.944],[-35.435,-5.945],[-35.435,-5.943],[-35.433,-5.941],[-35.433,-5.94],[-35.431,-5.94],[-35.432,-5.939],[-35.431,-5.938],[-35.427,-5.938],[-35.427,-5.941],[-35.426,-5.94],[-35.424,-5.941],[-35.422,-5.94],[-35.421,-5.941],[-35.42,-5.942],[-35.418,-5.941],[-35.42,-5.938],[-35.419,-5.937],[-35.418,-5.937],[-35.416,-5.938],[-35.415,-5.936],[-35.414,-5.936],[-35.411,-5.939],[-35.408,-5.937],[-35.405,-5.936],[-35.404,-5.935],[-35.404,-5.934],[-35.402,-5.934],[-35.401,-5.932],[-35.4,-5.93],[-35.398,-5.929],[-35.399,-5.926],[-35.399,-5.924],[-35.406,-5.922],[-35.407,-5.921],[-35.41,-5.921],[-35.416,-5.917],[-35.42,-5.919],[-35.42,-5.918],[-35.418,-5.917],[-35.42,-5.916],[-35.419,-5.915],[-35.417,-5.917],[-35.417,-5.916],[-35.415,-5.917],[-35.412,-5.919],[-35.409,-5.92],[-35.407,-5.92],[-35.407,-5.919],[-35.409,-5.918],[-35.41,-5.917],[-35.408,-5.917],[-35.405,-5.921],[-35.403,-5.921],[-35.399,-5.923],[-35.398,-5.923],[-35.397,-5.921],[-35.396,-5.921],[-35.395,-5.92],[-35.391,-5.919],[-35.387,-5.919],[-35.385,-5.921],[-35.382,-5.918],[-35.381,-5.916],[-35.381,-5.911],[-35.383,-5.911],[-35.383,-5.913],[-35.385,-5.913],[-35.385,-5.912],[-35.386,-5.912],[-35.386,-5.911],[-35.389,-5.912],[-35.395,-5.911],[-35.397,-5.91],[-35.398,-5.906],[-35.399,-5.906],[-35.397,-5.903],[-35.397,-5.901],[-35.401,-5.901],[-35.404,-5.9],[-35.409,-5.9],[-35.409,-5.899],[-35.408,-5.899],[-35.405,-5.9],[-35.404,-5.899],[-35.401,-5.9],[-35.398,-5.9],[-35.399,-5.899],[-35.397,-5.898],[-35.396,-5.9],[-35.397,-5.901],[-35.397,-5.907],[-35.396,-5.909],[-35.394,-5.91],[-35.391,-5.911],[-35.386,-5.911],[-35.385,-5.91],[-35.383,-5.911],[-35.381,-5.91],[-35.381,-5.907],[-35.382,-5.906],[-35.381,-5.905],[-35.382,-5.903],[-35.381,-5.902],[-35.381,-5.893],[-35.378,-5.888],[-35.375,-5.887],[-35.374,-5.886],[-35.37,-5.883],[-35.371,-5.883],[-35.37,-5.882],[-35.371,-5.881],[-35.37,-5.88],[-35.369,-5.879],[-35.369,-5.878],[-35.368,-5.876],[-35.367,-5.876],[-35.368,-5.875],[-35.367,-5.874],[-35.365,-5.874],[-35.366,-5.873],[-35.369,-5.874],[-35.374,-5.877],[-35.375,-5.877],[-35.377,-5.876],[-35.379,-5.877],[-35.381,-5.876],[-35.383,-5.877],[-35.385,-5.876],[-35.385,-5.874],[-35.388,-5.873],[-35.389,-5.872],[-35.394,-5.871],[-35.398,-5.872],[-35.403,-5.872],[-35.409,-5.871],[-35.414,-5.872],[-35.414,-5.876],[-35.415,-5.881],[-35.415,-5.882],[-35.418,-5.88],[-35.418,-5.882],[-35.419,-5.883],[-35.42,-5.883],[-35.419,-5.885],[-35.421,-5.887],[-35.42,-5.888],[-35.421,-5.889],[-35.422,-5.892],[-35.423,-5.894],[-35.423,-5.898],[-35.425,-5.902],[-35.427,-5.902],[-35.427,-5.903],[-35.43,-5.904],[-35.433,-5.909],[-35.44,-5.911],[-35.442,-5.913],[-35.444,-5.919],[-35.447,-5.921],[-35.448,-5.921],[-35.447,-5.92],[-35.445,-5.918],[-35.443,-5.913],[-35.44,-5.909],[-35.436,-5.909],[-35.434,-5.908],[-35.431,-5.904],[-35.433,-5.903],[-35.434,-5.905],[-35.435,-5.904],[-35.437,-5.905],[-35.438,-5.904],[-35.437,-5.903],[-35.439,-5.901],[-35.441,-5.9],[-35.445,-5.9],[-35.446,-5.899],[-35.452,-5.898],[-35.452,-5.897],[-35.454,-5.897],[-35.455,-5.896],[-35.458,-5.897],[-35.46,-5.896],[-35.462,-5.895],[-35.463,-5.896],[-35.463,-5.898],[-35.465,-5.898],[-35.469,-5.9],[-35.467,-5.903],[-35.466,-5.904],[-35.467,-5.906],[-35.468,-5.905],[-35.468,-5.903],[-35.47,-5.9],[-35.473,-5.901],[-35.476,-5.9],[-35.477,-5.902],[-35.477,-5.903],[-35.478,-5.905],[-35.479,-5.903],[-35.477,-5.901],[-35.477,-5.9],[-35.481,-5.899],[-35.488,-5.899],[-35.49,-5.901],[-35.492,-5.908],[-35.493,-5.909],[-35.493,-5.91],[-35.497,-5.913],[-35.498,-5.912],[-35.499,-5.914],[-35.503,-5.914],[-35.503,-5.912],[-35.501,-5.912],[-35.504,-5.912],[-35.508,-5.913],[-35.51,-5.914],[-35.511,-5.914],[-35.511,-5.915],[-35.513,-5.915],[-35.516,-5.917],[-35.52,-5.918],[-35.522,-5.919],[-35.523,-5.92],[-35.525,-5.921],[-35.528,-5.92],[-35.531,-5.923],[-35.534,-5.923],[-35.535,-5.926],[-35.536,-5.93],[-35.536,-5.932],[-35.54,-5.934],[-35.545,-5.934],[-35.547,-5.936],[-35.545,-5.936],[-35.545,-5.94],[-35.546,-5.941],[-35.545,-5.942],[-35.546,-5.947],[-35.547,-5.948],[-35.549,-5.948],[-35.547,-5.949],[-35.547,-5.95],[-35.551,-5.953],[-35.551,-5.962],[-35.554,-5.964],[-35.555,-5.966],[-35.557,-5.968],[-35.557,-5.97],[-35.556,-5.972],[-35.555,-5.978],[-35.553,-5.983],[-35.554,-5.984],[-35.554,-5.985],[-35.55,-5.984],[-35.549,-5.984],[-35.55,-5.986]],[[-35.549,-5.949],[-35.548,-5.95],[-35.548,-5.949],[-35.549,-5.949]],[[-35.546,-5.942],[-35.548,-5.942],[-35.548,-5.941],[-35.55,-5.941],[-35.55,-5.943],[-35.549,-5.943],[-35.55,-5.947],[-35.547,-5.947],[-35.546,-5.946],[-35.547,-5.946],[-35.546,-5.945],[-35.546,-5.942]],[[-35.547,-5.941],[-35.547,-5.941]],[[-35.549,-5.938],[-35.548,-5.939],[-35.548,-5.94],[-35.547,-5.94],[-35.546,-5.939],[-35.546,-5.937],[-35.549,-5.938]],[[-35.536,-5.931],[-35.537,-5.931],[-35.537,-5.932],[-35.536,-5.932],[-35.537,-5.931],[-35.536,-5.931]],[[-35.479,-5.903],[-35.479,-5.904],[-35.478,-5.903],[-35.477,-5.903],[-35.478,-5.902],[-35.479,-5.903]],[[-35.467,-5.905],[-35.467,-5.904],[-35.467,-5.905]],[[-35.434,-5.908],[-35.435,-5.909],[-35.434,-5.909],[-35.434,-5.908]],[[-35.44,-5.91],[-35.438,-5.91],[-35.438,-5.909],[-35.439,-5.909],[-35.44,-5.91]],[[-35.386,-5.911],[-35.385,-5.911],[-35.385,-5.913],[-35.383,-5.913],[-35.384,-5.912],[-35.383,-5.911],[-35.386,-5.911]],[[-35.398,-5.905],[-35.398,-5.905]],[[-35.396,-5.9],[-35.397,-5.899],[-35.399,-5.899],[-35.398,-5.899],[-35.398,-5.9],[-35.396,-5.9]],[[-35.456,-5.934],[-35.454,-5.936],[-35.453,-5.936],[-35.454,-5.935],[-35.453,-5.934],[-35.454,-5.934],[-35.454,-5.935],[-35.456,-5.934]],[[-35.43,-5.941],[-35.43,-5.941]],[[-35.267,-5.803],[-35.267,-5.802],[-35.266,-5.806],[-35.265,-5.806],[-35.267,-5.803]],[[-35.263,-5.798],[-35.264,-5.799],[-35.267,-5.802],[-35.265,-5.805],[-35.264,-5.805],[-35.259,-5.797],[-35.255,-5.792],[-35.255,-5.789],[-35.257,-5.791],[-35.258,-5.794],[-35.261,-5.796],[-35.262,-5.798],[-35.263,-5.798]],[[-35.271,-5.804],[-35.272,-5.806],[-35.271,-5.805],[-35.271,-5.804]],[[-35.364,-5.816],[-35.364,-5.815],[-35.364,-5.816]],[[-35.448,-5.811],[-35.449,-5.812],[-35.448,-5.812],[-35.448,-5.811]],[[-35.831,-5.984],[-35.831,-5.983],[-35.833,-5.983],[-35.835,-5.985],[-35.833,-5.984],[-35.831,-5.984]],[[-35.834,-5.981],[-35.835,-5.98],[-35.834,-5.983],[-35.833,-5.983],[-35.834,-5.981]],[[-35.87,-5.947],[-35.871,-5.947],[-35.87,-5.947]],[[-35.963,-5.96],[-35.974,-5.955],[-35.981,-5.954],[-35.987,-5.951],[-35.988,-5.951],[-35.992,-5.955],[-35.992,-5.959],[-35.995,-5.962],[-35.998,-5.963],[-36.001,-5.969],[-36.004,-5.97],[-36.008,-5.97],[-36.008,-5.971],[-36.009,-5.973],[-36.007,-5.974],[-36.004,-5.978],[-36.001,-5.98],[-36.001,-5.985],[-36.002,-5.988],[-36.001,-5.993],[-36.001,-5.997],[-35.997,-6.002],[-35.995,-6.001],[-35.997,-6.002],[-36.001,-5.997],[-36.001,-6],[-36,-6],[-36,-6.002],[-35.999,-6.003],[-35.999,-6.007],[-35.998,-6.007],[-35.997,-6.008],[-35.998,-6.01],[-35.997,-6.01],[-35.998,-6.01],[-35.998,-6.007],[-35.999,-6.007],[-36,-6.004],[-35.999,-6.003],[-36.001,-6.003],[-36.001,-6],[-36.002,-6],[-36.001,-5.994],[-36.003,-5.988],[-36.002,-5.985],[-36.002,-5.983],[-36.001,-5.98],[-36.004,-5.979],[-36.007,-5.976],[-36.007,-5.974],[-36.009,-5.973],[-36.01,-5.972],[-36.008,-5.971],[-36.009,-5.97],[-36.012,-5.973],[-36.014,-5.974],[-36.018,-5.974],[-36.018,-5.975],[-36.016,-5.976],[-36.016,-5.978],[-36.015,-5.978],[-36.015,-5.98],[-36.014,-5.98],[-36.014,-5.981],[-36.016,-5.984],[-36.02,-5.983],[-36.02,-5.984],[-36.021,-5.991],[-36.019,-5.993],[-36.018,-5.993],[-36.017,-5.994],[-36.015,-5.995],[-36.015,-5.997],[-36.018,-5.998],[-36.017,-5.999],[-36.015,-5.998],[-36.014,-5.999],[-36.015,-6.001],[-36.014,-6.001],[-36.012,-6.003],[-36.01,-6.003],[-36.01,-6.004],[-36.013,-6.008],[-36.016,-6.009],[-36.017,-6.01],[-36.017,-6.012],[-36.022,-6.015],[-36.025,-6.016],[-36.025,-6.017],[-36.024,-6.017],[-36.023,-6.018],[-36.023,-6.019],[-36.024,-6.019],[-36.026,-6.02],[-36.026,-6.018],[-36.025,-6.017],[-36.027,-6.018],[-36.027,-6.021],[-36.03,-6.024],[-36.03,-6.025],[-36.031,-6.026],[-36.031,-6.027],[-36.033,-6.029],[-36.034,-6.032],[-36.033,-6.028],[-36.031,-6.026],[-36.031,-6.025],[-36.03,-6.025],[-36.03,-6.024],[-36.027,-6.021],[-36.028,-6.019],[-36.028,-6.018],[-36.025,-6.016],[-36.025,-6.015],[-36.022,-6.015],[-36.018,-6.012],[-36.017,-6.01],[-36.016,-6.009],[-36.013,-6.008],[-36.011,-6.004],[-36.012,-6.004],[-36.012,-6.003],[-36.014,-6.001],[-36.015,-6.001],[-36.015,-6],[-36.016,-5.999],[-36.018,-5.999],[-36.018,-5.998],[-36.016,-5.997],[-36.016,-5.995],[-36.017,-5.995],[-36.018,-5.993],[-36.02,-5.993],[-36.022,-5.991],[-36.021,-5.984],[-36.019,-5.982],[-36.018,-5.981],[-36.02,-5.98],[-36.021,-5.982],[-36.023,-5.983],[-36.024,-5.982],[-36.023,-5.981],[-36.024,-5.979],[-36.02,-5.976],[-36.019,-5.975],[-36.019,-5.974],[-36.023,-5.973],[-36.025,-5.971],[-36.034,-5.965],[-36.038,-5.964],[-36.039,-5.965],[-36.039,-5.972],[-36.043,-5.977],[-36.044,-5.978],[-36.045,-5.98],[-36.045,-5.981],[-36.043,-5.981],[-36.043,-5.984],[-36.044,-5.985],[-36.043,-5.989],[-36.043,-5.993],[-36.044,-5.997],[-36.048,-5.999],[-36.047,-6.001],[-36.048,-6.003],[-36.047,-6.005],[-36.043,-6.006],[-36.04,-6.008],[-36.039,-6.009],[-36.043,-6.007],[-36.047,-6.006],[-36.045,-6.008],[-36.046,-6.008],[-36.05,-6.003],[-36.049,-6.001],[-36.049,-5.999],[-36.045,-5.996],[-36.044,-5.993],[-36.045,-5.985],[-36.046,-5.984],[-36.047,-5.982],[-36.046,-5.981],[-36.046,-5.979],[-36.049,-5.98],[-36.053,-5.98],[-36.055,-5.984],[-36.057,-5.985],[-36.057,-5.99],[-36.061,-5.992],[-36.059,-5.995],[-36.059,-5.998],[-36.061,-6],[-36.059,-6.005],[-36.06,-6.007],[-36.061,-6.008],[-36.057,-6.017],[-36.055,-6.018],[-36.056,-6.022],[-36.054,-6.025],[-36.051,-6.025],[-36.048,-6.029],[-36.048,-6.031],[-36.047,-6.032],[-36.048,-6.034],[-36.047,-6.036],[-36.044,-6.036],[-36.043,-6.038],[-36.043,-6.039],[-36.044,-6.04],[-36.042,-6.041],[-36.039,-6.045],[-36.039,-6.05],[-36.042,-6.052],[-36.042,-6.057],[-36.041,-6.059],[-36.04,-6.06],[-36.039,-6.061],[-36.037,-6.06],[-36.036,-6.058],[-36.034,-6.058],[-36.032,-6.057],[-36.03,-6.057],[-36.027,-6.055],[-36.026,-6.057],[-36.024,-6.056],[-36.024,-6.055],[-36.022,-6.055],[-36.02,-6.053],[-36.02,-6.051],[-36.019,-6.051],[-36.018,-6.05],[-36.017,-6.045],[-36.01,-6.031],[-35.999,-6.018],[-35.998,-6.014],[-35.994,-6.012],[-35.994,-6.01],[-35.992,-6.009],[-35.991,-6.008],[-35.993,-6.004],[-35.991,-6.003],[-35.99,-6.001],[-35.985,-6],[-35.984,-5.998],[-35.983,-5.997],[-35.981,-5.99],[-35.978,-5.988],[-35.979,-5.987],[-35.978,-5.984],[-35.979,-5.98],[-35.977,-5.978],[-35.975,-5.977],[-35.973,-5.975],[-35.971,-5.97],[-35.97,-5.97],[-35.969,-5.968],[-35.966,-5.968],[-35.965,-5.966],[-35.964,-5.965],[-35.962,-5.964],[-35.962,-5.962],[-35.963,-5.962],[-35.963,-5.96]],[[-36.016,-5.983],[-36.015,-5.981],[-36.016,-5.98],[-36.016,-5.979],[-36.017,-5.978],[-36.017,-5.976],[-36.019,-5.977],[-36.02,-5.978],[-36.023,-5.979],[-36.023,-5.982],[-36.019,-5.978],[-36.019,-5.98],[-36.017,-5.981],[-36.019,-5.982],[-36.016,-5.983]],[[-36.024,-6.019],[-36.024,-6.017],[-36.025,-6.017],[-36.026,-6.019],[-36.025,-6.018],[-36.024,-6.019]],[[-36.025,-6.057],[-36.026,-6.057],[-36.024,-6.057],[-36.025,-6.057]],[[-36.321,-5.937],[-36.32,-5.936],[-36.319,-5.936],[-36.318,-5.935],[-36.32,-5.934],[-36.321,-5.936],[-36.321,-5.937]],[[-36.318,-5.934],[-36.317,-5.933],[-36.318,-5.932],[-36.319,-5.933],[-36.318,-5.934]],[[-36.284,-5.86],[-36.284,-5.86]],[[-36.302,-5.868],[-36.301,-5.869],[-36.301,-5.867],[-36.303,-5.868],[-36.303,-5.869],[-36.302,-5.868]],[[-36.285,-5.859],[-36.284,-5.859],[-36.285,-5.859]],[[-36.268,-5.865],[-36.268,-5.865]],[[-35.942,-5.93],[-35.942,-5.93]],[[-35.476,-5.796],[-35.476,-5.794],[-35.477,-5.794],[-35.477,-5.797],[-35.476,-5.796]],[[-35.608,-5.796],[-35.607,-5.796],[-35.605,-5.799],[-35.605,-5.8],[-35.604,-5.801],[-35.603,-5.802],[-35.602,-5.802],[-35.605,-5.799],[-35.606,-5.796],[-35.608,-5.796]],[[-35.735,-5.749],[-35.736,-5.749],[-35.736,-5.748],[-35.735,-5.747],[-35.736,-5.746],[-35.736,-5.747],[-35.737,-5.748],[-35.737,-5.749],[-35.736,-5.75],[-35.735,-5.75],[-35.733,-5.749],[-35.735,-5.748],[-35.735,-5.749]],[[-35.736,-5.748],[-35.735,-5.749],[-35.735,-5.748],[-35.736,-5.748]],[[-35.793,-5.754],[-35.79,-5.755],[-35.788,-5.756],[-35.786,-5.755],[-35.786,-5.753],[-35.789,-5.752],[-35.791,-5.751],[-35.792,-5.752],[-35.793,-5.75],[-35.794,-5.752],[-35.795,-5.753],[-35.799,-5.753],[-35.796,-5.755],[-35.793,-5.754]],[[-35.866,-5.771],[-35.867,-5.773],[-35.866,-5.774],[-35.864,-5.771],[-35.866,-5.771]],[[-35.873,-5.774],[-35.875,-5.775],[-35.877,-5.776],[-35.877,-5.778],[-35.877,-5.777],[-35.877,-5.779],[-35.875,-5.776],[-35.873,-5.777],[-35.873,-5.774]],[[-35.853,-5.783],[-35.852,-5.782],[-35.85,-5.783],[-35.852,-5.781],[-35.853,-5.78],[-35.854,-5.782],[-35.853,-5.783]],[[-35.867,-5.801],[-35.864,-5.801],[-35.865,-5.803],[-35.864,-5.803],[-35.862,-5.8],[-35.862,-5.799],[-35.864,-5.8],[-35.867,-5.801]],[[-35.802,-5.778],[-35.802,-5.777],[-35.804,-5.779],[-35.803,-5.78],[-35.802,-5.778]],[[-35.765,-5.784],[-35.767,-5.786],[-35.767,-5.787],[-35.765,-5.786],[-35.764,-5.787],[-35.764,-5.786],[-35.763,-5.787],[-35.762,-5.788],[-35.761,-5.788],[-35.761,-5.786],[-35.763,-5.783],[-35.765,-5.784]],[[-35.739,-5.817],[-35.739,-5.816],[-35.74,-5.811],[-35.743,-5.811],[-35.741,-5.812],[-35.74,-5.813],[-35.741,-5.816],[-35.743,-5.816],[-35.744,-5.818],[-35.74,-5.816],[-35.739,-5.817]],[[-35.768,-5.806],[-35.767,-5.805],[-35.769,-5.804],[-35.771,-5.804],[-35.774,-5.805],[-35.777,-5.805],[-35.776,-5.806],[-35.774,-5.807],[-35.771,-5.805],[-35.768,-5.806]],[[-35.771,-5.817],[-35.772,-5.817],[-35.773,-5.818],[-35.771,-5.817]],[[-35.658,-5.799],[-35.657,-5.799],[-35.657,-5.801],[-35.656,-5.801],[-35.655,-5.8],[-35.656,-5.798],[-35.658,-5.799]],[[-35.631,-5.801],[-35.63,-5.802],[-35.63,-5.803],[-35.629,-5.803],[-35.629,-5.802],[-35.63,-5.8],[-35.629,-5.799],[-35.63,-5.798],[-35.63,-5.8],[-35.631,-5.801]],[[-35.632,-5.811],[-35.631,-5.81],[-35.631,-5.806],[-35.632,-5.806],[-35.633,-5.807],[-35.632,-5.807],[-35.632,-5.809],[-35.633,-5.81],[-35.632,-5.811]],[[-35.727,-5.853],[-35.729,-5.851],[-35.73,-5.851],[-35.728,-5.853],[-35.728,-5.855],[-35.73,-5.855],[-35.728,-5.857],[-35.726,-5.856],[-35.726,-5.855],[-35.727,-5.854],[-35.727,-5.853]],[[-35.838,-5.807],[-35.837,-5.809],[-35.836,-5.813],[-35.837,-5.814],[-35.835,-5.815],[-35.834,-5.814],[-35.834,-5.813],[-35.837,-5.808],[-35.838,-5.807]],[[-35.779,-5.866],[-35.779,-5.864],[-35.784,-5.863],[-35.786,-5.865],[-35.782,-5.864],[-35.779,-5.866]],[[-35.846,-5.876],[-35.851,-5.876],[-35.851,-5.877],[-35.85,-5.877],[-35.849,-5.878],[-35.846,-5.878],[-35.844,-5.877],[-35.845,-5.876],[-35.846,-5.876]],[[-35.892,-5.87],[-35.89,-5.869],[-35.892,-5.87],[-35.893,-5.869],[-35.894,-5.87],[-35.893,-5.871],[-35.892,-5.872],[-35.892,-5.87]],[[-35.891,-5.859],[-35.89,-5.86],[-35.891,-5.861],[-35.891,-5.862],[-35.89,-5.862],[-35.89,-5.86],[-35.889,-5.859],[-35.891,-5.859]],[[-35.933,-5.846],[-35.933,-5.845],[-35.933,-5.846]],[[-35.898,-5.914],[-35.899,-5.913],[-35.9,-5.914],[-35.901,-5.913],[-35.899,-5.914],[-35.898,-5.914]],[[-35.911,-5.918],[-35.908,-5.919],[-35.906,-5.917],[-35.906,-5.916],[-35.911,-5.918]],[[-36.087,-5.893],[-36.087,-5.892],[-36.089,-5.893],[-36.089,-5.895],[-36.087,-5.895],[-36.087,-5.893]],[[-36.304,-5.865],[-36.303,-5.865],[-36.303,-5.863],[-36.305,-5.863],[-36.31,-5.867],[-36.309,-5.866],[-36.308,-5.865],[-36.307,-5.865],[-36.306,-5.864],[-36.304,-5.864],[-36.304,-5.865]],[[-36.33,-5.902],[-36.33,-5.903],[-36.329,-5.902],[-36.329,-5.901],[-36.33,-5.902]],[[-36.311,-5.9],[-36.312,-5.9],[-36.314,-5.902],[-36.315,-5.903],[-36.317,-5.903],[-36.317,-5.905],[-36.318,-5.909],[-36.319,-5.911],[-36.317,-5.91],[-36.316,-5.908],[-36.312,-5.907],[-36.311,-5.9]],[[-36.279,-5.889],[-36.279,-5.89],[-36.278,-5.89],[-36.277,-5.887],[-36.279,-5.887],[-36.279,-5.889]],[[-36.266,-5.91],[-36.267,-5.912],[-36.264,-5.911],[-36.263,-5.912],[-36.261,-5.911],[-36.261,-5.91],[-36.266,-5.911],[-36.266,-5.91]],[[-36.263,-5.925],[-36.262,-5.928],[-36.264,-5.929],[-36.264,-5.93],[-36.261,-5.928],[-36.261,-5.926],[-36.262,-5.924],[-36.263,-5.925]],[[-36.364,-6.01],[-36.365,-6.013],[-36.363,-6.01],[-36.362,-6.01],[-36.362,-6.009],[-36.363,-6.009],[-36.364,-6.01]],[[-36.359,-6.022],[-36.358,-6.021],[-36.357,-6.022],[-36.357,-6.023],[-36.356,-6.02],[-36.359,-6.019],[-36.361,-6.019],[-36.363,-6.02],[-36.36,-6.02],[-36.361,-6.023],[-36.359,-6.021],[-36.358,-6.02],[-36.359,-6.022]],[[-36.174,-6.084],[-36.174,-6.084]],[[-36.175,-6.098],[-36.176,-6.1],[-36.178,-6.101],[-36.177,-6.101],[-36.176,-6.102],[-36.175,-6.101],[-36.174,-6.101],[-36.175,-6.1],[-36.174,-6.098],[-36.175,-6.098]],[[-36.104,-6.03],[-36.104,-6.027],[-36.103,-6.027],[-36.103,-6.025],[-36.104,-6.025],[-36.105,-6.026],[-36.106,-6.029],[-36.105,-6.031],[-36.104,-6.03]],[[-35.915,-5.964],[-35.915,-5.967],[-35.914,-5.965],[-35.914,-5.963],[-35.915,-5.962],[-35.917,-5.963],[-35.916,-5.963],[-35.915,-5.964]],[[-35.979,-6.055],[-35.98,-6.055],[-35.982,-6.057],[-35.983,-6.06],[-35.981,-6.057],[-35.979,-6.056],[-35.979,-6.055]],[[-35.862,-6.005],[-35.866,-6.006],[-35.868,-6.009],[-35.869,-6.013],[-35.872,-6.014],[-35.875,-6.017],[-35.875,-6.02],[-35.879,-6.024],[-35.879,-6.025],[-35.88,-6.027],[-35.882,-6.027],[-35.882,-6.028],[-35.884,-6.029],[-35.884,-6.031],[-35.882,-6.031],[-35.881,-6.032],[-35.881,-6.034],[-35.882,-6.034],[-35.882,-6.039],[-35.885,-6.039],[-35.885,-6.04],[-35.886,-6.042],[-35.888,-6.044],[-35.888,-6.045],[-35.887,-6.046],[-35.887,-6.048],[-35.889,-6.048],[-35.891,-6.047],[-35.893,-6.047],[-35.897,-6.048],[-35.897,-6.049],[-35.899,-6.05],[-35.9,-6.049],[-35.901,-6.049],[-35.902,-6.048],[-35.906,-6.047],[-35.907,-6.047],[-35.908,-6.049],[-35.909,-6.05],[-35.909,-6.052],[-35.91,-6.054],[-35.912,-6.055],[-35.913,-6.057],[-35.916,-6.056],[-35.917,-6.057],[-35.918,-6.056],[-35.921,-6.058],[-35.926,-6.056],[-35.929,-6.059],[-35.93,-6.058],[-35.933,-6.061],[-35.936,-6.062],[-35.938,-6.064],[-35.94,-6.063],[-35.941,-6.064],[-35.941,-6.068],[-35.947,-6.07],[-35.942,-6.069],[-35.941,-6.068],[-35.94,-6.067],[-35.94,-6.063],[-35.939,-6.064],[-35.938,-6.064],[-35.936,-6.062],[-35.933,-6.061],[-35.93,-6.058],[-35.929,-6.059],[-35.926,-6.056],[-35.921,-6.058],[-35.918,-6.057],[-35.913,-6.057],[-35.912,-6.055],[-35.91,-6.054],[-35.908,-6.052],[-35.908,-6.049],[-35.907,-6.047],[-35.903,-6.048],[-35.902,-6.049],[-35.9,-6.049],[-35.899,-6.05],[-35.897,-6.05],[-35.896,-6.048],[-35.893,-6.047],[-35.891,-6.047],[-35.889,-6.048],[-35.887,-6.048],[-35.889,-6.049],[-35.893,-6.05],[-35.895,-6.052],[-35.895,-6.056],[-35.894,-6.058],[-35.896,-6.06],[-35.896,-6.061],[-35.897,-6.062],[-35.899,-6.062],[-35.899,-6.063],[-35.903,-6.063],[-35.904,-6.067],[-35.906,-6.068],[-35.906,-6.069],[-35.91,-6.07],[-35.91,-6.071],[-35.912,-6.072],[-35.912,-6.073],[-35.909,-6.074],[-35.909,-6.077],[-35.911,-6.078],[-35.912,-6.078],[-35.913,-6.079],[-35.916,-6.079],[-35.917,-6.082],[-35.92,-6.086],[-35.919,-6.085],[-35.916,-6.082],[-35.915,-6.079],[-35.911,-6.079],[-35.909,-6.077],[-35.909,-6.074],[-35.912,-6.072],[-35.91,-6.071],[-35.907,-6.071],[-35.906,-6.069],[-35.903,-6.067],[-35.903,-6.063],[-35.898,-6.064],[-35.898,-6.062],[-35.897,-6.062],[-35.895,-6.061],[-35.895,-6.06],[-35.894,-6.058],[-35.895,-6.056],[-35.894,-6.055],[-35.894,-6.052],[-35.893,-6.051],[-35.888,-6.049],[-35.887,-6.048],[-35.887,-6.046],[-35.888,-6.044],[-35.885,-6.042],[-35.885,-6.04],[-35.884,-6.039],[-35.882,-6.039],[-35.882,-6.034],[-35.881,-6.034],[-35.881,-6.032],[-35.882,-6.031],[-35.884,-6.031],[-35.884,-6.029],[-35.882,-6.029],[-35.882,-6.028],[-35.88,-6.027],[-35.879,-6.025],[-35.879,-6.024],[-35.876,-6.021],[-35.875,-6.019],[-35.875,-6.017],[-35.872,-6.014],[-35.869,-6.014],[-35.868,-6.015],[-35.868,-6.017],[-35.867,-6.018],[-35.867,-6.02],[-35.868,-6.021],[-35.868,-6.022],[-35.869,-6.023],[-35.87,-6.026],[-35.869,-6.027],[-35.87,-6.028],[-35.869,-6.029],[-35.87,-6.031],[-35.87,-6.033],[-35.869,-6.037],[-35.87,-6.039],[-35.869,-6.041],[-35.871,-6.043],[-35.872,-6.045],[-35.872,-6.047],[-35.875,-6.049],[-35.876,-6.052],[-35.878,-6.054],[-35.878,-6.057],[-35.876,-6.059],[-35.876,-6.06],[-35.877,-6.061],[-35.882,-6.063],[-35.883,-6.065],[-35.883,-6.066],[-35.882,-6.071],[-35.88,-6.072],[-35.882,-6.076],[-35.881,-6.077],[-35.88,-6.077],[-35.881,-6.081],[-35.881,-6.085],[-35.883,-6.086],[-35.883,-6.088],[-35.885,-6.088],[-35.888,-6.089],[-35.891,-6.089],[-35.893,-6.09],[-35.893,-6.094],[-35.895,-6.097],[-35.897,-6.098],[-35.9,-6.098],[-35.9,-6.101],[-35.901,-6.102],[-35.901,-6.103],[-35.902,-6.102],[-35.905,-6.103],[-35.907,-6.102],[-35.912,-6.102],[-35.914,-6.103],[-35.915,-6.106],[-35.916,-6.106],[-35.917,-6.107],[-35.918,-6.106],[-35.92,-6.105],[-35.921,-6.102],[-35.923,-6.104],[-35.926,-6.105],[-35.927,-6.104],[-35.928,-6.105],[-35.929,-6.105],[-35.931,-6.107],[-35.942,-6.107],[-35.943,-6.108],[-35.945,-6.11],[-35.946,-6.11],[-35.948,-6.109],[-35.95,-6.11],[-35.951,-6.11],[-35.95,-6.11],[-35.948,-6.109],[-35.946,-6.11],[-35.945,-6.11],[-35.943,-6.108],[-35.941,-6.107],[-35.938,-6.108],[-35.937,-6.107],[-35.932,-6.107],[-35.932,-6.109],[-35.933,-6.111],[-35.94,-6.115],[-35.948,-6.115],[-35.949,-6.116],[-35.953,-6.115],[-35.959,-6.117],[-35.955,-6.116],[-35.953,-6.115],[-35.949,-6.117],[-35.948,-6.115],[-35.94,-6.115],[-35.933,-6.111],[-35.931,-6.109],[-35.932,-6.107],[-35.929,-6.105],[-35.926,-6.105],[-35.924,-6.104],[-35.922,-6.104],[-35.922,-6.107],[-35.92,-6.107],[-35.921,-6.109],[-35.92,-6.109],[-35.92,-6.11],[-35.922,-6.111],[-35.921,-6.112],[-35.923,-6.113],[-35.922,-6.115],[-35.922,-6.117],[-35.92,-6.115],[-35.92,-6.117],[-35.919,-6.117],[-35.92,-6.121],[-35.92,-6.123],[-35.926,-6.123],[-35.927,-6.125],[-35.93,-6.126],[-35.934,-6.126],[-35.935,-6.127],[-35.935,-6.128],[-35.937,-6.129],[-35.939,-6.13],[-35.941,-6.131],[-35.942,-6.133],[-35.944,-6.132],[-35.947,-6.133],[-35.948,-6.133],[-35.949,-6.135],[-35.95,-6.137],[-35.953,-6.137],[-35.958,-6.14],[-35.959,-6.139],[-35.961,-6.139],[-35.967,-6.14],[-35.969,-6.142],[-35.971,-6.142],[-35.972,-6.143],[-35.976,-6.143],[-35.969,-6.143],[-35.967,-6.141],[-35.961,-6.14],[-35.959,-6.139],[-35.958,-6.14],[-35.953,-6.137],[-35.951,-6.138],[-35.95,-6.137],[-35.947,-6.133],[-35.942,-6.133],[-35.941,-6.131],[-35.939,-6.13],[-35.937,-6.13],[-35.935,-6.128],[-35.935,-6.127],[-35.933,-6.126],[-35.93,-6.129],[-35.929,-6.129],[-35.931,-6.131],[-35.931,-6.133],[-35.932,-6.133],[-35.931,-6.134],[-35.93,-6.135],[-35.929,-6.136],[-35.929,-6.137],[-35.928,-6.139],[-35.928,-6.14],[-35.929,-6.14],[-35.929,-6.141],[-35.927,-6.142],[-35.928,-6.144],[-35.929,-6.145],[-35.93,-6.144],[-35.931,-6.144],[-35.931,-6.148],[-35.931,-6.146],[-35.93,-6.144],[-35.929,-6.145],[-35.928,-6.144],[-35.927,-6.142],[-35.928,-6.141],[-35.929,-6.141],[-35.928,-6.14],[-35.928,-6.138],[-35.929,-6.136],[-35.931,-6.134],[-35.931,-6.133],[-35.93,-6.132],[-35.931,-6.131],[-35.929,-6.129],[-35.93,-6.129],[-35.932,-6.126],[-35.93,-6.126],[-35.927,-6.125],[-35.925,-6.123],[-35.923,-6.123],[-35.923,-6.124],[-35.921,-6.123],[-35.924,-6.125],[-35.924,-6.127],[-35.923,-6.125],[-35.921,-6.123],[-35.92,-6.123],[-35.92,-6.122],[-35.919,-6.119],[-35.917,-6.118],[-35.917,-6.116],[-35.919,-6.116],[-35.919,-6.114],[-35.92,-6.114],[-35.919,-6.112],[-35.918,-6.11],[-35.914,-6.107],[-35.915,-6.106],[-35.914,-6.103],[-35.912,-6.102],[-35.907,-6.102],[-35.906,-6.103],[-35.902,-6.102],[-35.902,-6.103],[-35.901,-6.103],[-35.903,-6.105],[-35.904,-6.107],[-35.903,-6.109],[-35.904,-6.111],[-35.904,-6.113],[-35.907,-6.115],[-35.907,-6.116],[-35.908,-6.116],[-35.909,-6.117],[-35.908,-6.119],[-35.909,-6.119],[-35.908,-6.122],[-35.908,-6.124],[-35.907,-6.126],[-35.907,-6.129],[-35.906,-6.132],[-35.907,-6.129],[-35.906,-6.125],[-35.908,-6.123],[-35.907,-6.12],[-35.907,-6.115],[-35.904,-6.113],[-35.904,-6.111],[-35.903,-6.11],[-35.903,-6.109],[-35.904,-6.107],[-35.899,-6.101],[-35.9,-6.098],[-35.897,-6.099],[-35.895,-6.098],[-35.892,-6.094],[-35.893,-6.091],[-35.891,-6.089],[-35.888,-6.09],[-35.885,-6.088],[-35.883,-6.088],[-35.885,-6.091],[-35.885,-6.093],[-35.884,-6.091],[-35.882,-6.088],[-35.883,-6.086],[-35.881,-6.085],[-35.881,-6.081],[-35.878,-6.078],[-35.878,-6.077],[-35.881,-6.077],[-35.881,-6.076],[-35.88,-6.075],[-35.881,-6.074],[-35.88,-6.072],[-35.881,-6.071],[-35.883,-6.065],[-35.881,-6.063],[-35.877,-6.062],[-35.876,-6.06],[-35.876,-6.059],[-35.877,-6.057],[-35.878,-6.054],[-35.876,-6.052],[-35.875,-6.049],[-35.872,-6.047],[-35.871,-6.043],[-35.869,-6.041],[-35.869,-6.037],[-35.87,-6.033],[-35.869,-6.029],[-35.87,-6.028],[-35.869,-6.027],[-35.87,-6.026],[-35.869,-6.023],[-35.868,-6.022],[-35.868,-6.021],[-35.867,-6.02],[-35.867,-6.018],[-35.868,-6.016],[-35.868,-6.014],[-35.869,-6.013],[-35.868,-6.009],[-35.866,-6.006],[-35.862,-6.005],[-35.861,-6.004],[-35.858,-6.004],[-35.854,-6.003],[-35.852,-6.001],[-35.851,-6.002],[-35.85,-6.002],[-35.85,-6.003],[-35.849,-6.003],[-35.85,-6.003],[-35.851,-6.002],[-35.852,-6.001],[-35.853,-6.002],[-35.853,-6.001],[-35.854,-6.003],[-35.861,-6.003],[-35.862,-6.005]],[[-35.96,-6.116],[-35.96,-6.116]],[[-35.911,-6.071],[-35.91,-6.07],[-35.911,-6.071]],[[-35.885,-6.053],[-35.887,-6.056],[-35.885,-6.055],[-35.883,-6.051],[-35.885,-6.05],[-35.885,-6.053]],[[-35.851,-6.008],[-35.849,-6.006],[-35.85,-6.005],[-35.851,-6.005],[-35.851,-6.008]],[[-35.854,-6.011],[-35.853,-6.012],[-35.853,-6.011],[-35.854,-6.011]],[[-35.84,-6.003],[-35.842,-6.008],[-35.841,-6.008],[-35.84,-6.007],[-35.84,-6.003]],[[-35.807,-5.988],[-35.806,-5.988],[-35.809,-5.987],[-35.81,-5.989],[-35.807,-5.988]],[[-35.817,-5.999],[-35.816,-5.997],[-35.817,-5.996],[-35.818,-5.998],[-35.817,-5.999]],[[-35.829,-6.041],[-35.83,-6.044],[-35.828,-6.043],[-35.827,-6.042],[-35.826,-6.041],[-35.824,-6.042],[-35.823,-6.039],[-35.822,-6.039],[-35.826,-6.037],[-35.829,-6.038],[-35.829,-6.041]],[[-35.808,-6.045],[-35.808,-6.043],[-35.811,-6.044],[-35.811,-6.045],[-35.808,-6.045]],[[-35.797,-6.03],[-35.794,-6.033],[-35.794,-6.031],[-35.795,-6.031],[-35.796,-6.03],[-35.795,-6.028],[-35.797,-6.028],[-35.797,-6.03]],[[-35.782,-5.965],[-35.781,-5.965],[-35.779,-5.967],[-35.779,-5.969],[-35.778,-5.968],[-35.779,-5.964],[-35.78,-5.963],[-35.782,-5.963],[-35.782,-5.965]],[[-35.726,-6.014],[-35.726,-6.016],[-35.725,-6.012],[-35.724,-6.012],[-35.725,-6.011],[-35.726,-6.014]],[[-35.684,-5.965],[-35.685,-5.964],[-35.686,-5.963],[-35.687,-5.963],[-35.687,-5.964],[-35.686,-5.967],[-35.685,-5.967],[-35.684,-5.965]],[[-35.484,-5.858],[-35.483,-5.859],[-35.483,-5.858],[-35.484,-5.858]],[[-35.479,-5.863],[-35.48,-5.861],[-35.481,-5.861],[-35.482,-5.863],[-35.48,-5.864],[-35.479,-5.864],[-35.479,-5.863]],[[-35.447,-5.813],[-35.447,-5.812],[-35.448,-5.812],[-35.448,-5.813],[-35.447,-5.813]],[[-35.448,-5.813],[-35.447,-5.813],[-35.448,-5.813]],[[-35.448,-5.815],[-35.447,-5.814],[-35.448,-5.814],[-35.448,-5.815]],[[-35.435,-5.815],[-35.434,-5.815],[-35.437,-5.814],[-35.436,-5.815],[-35.435,-5.815],[-35.436,-5.817],[-35.435,-5.817],[-35.434,-5.816],[-35.435,-5.815]],[[-35.44,-5.816],[-35.439,-5.817],[-35.438,-5.817],[-35.44,-5.816]],[[-35.44,-5.818],[-35.44,-5.82],[-35.439,-5.819],[-35.44,-5.818]],[[-35.408,-5.812],[-35.408,-5.811],[-35.409,-5.811],[-35.409,-5.813],[-35.408,-5.812]],[[-35.414,-5.817],[-35.414,-5.818],[-35.414,-5.817]],[[-35.29,-5.823],[-35.287,-5.823],[-35.287,-5.824],[-35.285,-5.824],[-35.288,-5.821],[-35.29,-5.822],[-35.29,-5.821],[-35.291,-5.82],[-35.292,-5.822],[-35.292,-5.82],[-35.293,-5.82],[-35.292,-5.822],[-35.29,-5.821],[-35.29,-5.823]],[[-35.346,-5.833],[-35.348,-5.833],[-35.346,-5.833]],[[-35.4,-5.844],[-35.4,-5.847],[-35.397,-5.847],[-35.397,-5.844],[-35.399,-5.843],[-35.4,-5.844]],[[-35.303,-5.829],[-35.302,-5.828],[-35.303,-5.827],[-35.304,-5.825],[-35.305,-5.824],[-35.307,-5.824],[-35.305,-5.825],[-35.303,-5.828],[-35.303,-5.829]],[[-35.327,-5.844],[-35.327,-5.842],[-35.327,-5.844]],[[-35.365,-5.864],[-35.367,-5.864],[-35.365,-5.864]],[[-35.371,-5.858],[-35.372,-5.858],[-35.371,-5.859],[-35.371,-5.858]],[[-35.49,-5.881],[-35.49,-5.882],[-35.489,-5.883],[-35.488,-5.882],[-35.49,-5.881]],[[-35.495,-5.891],[-35.495,-5.89],[-35.497,-5.89],[-35.499,-5.893],[-35.496,-5.893],[-35.495,-5.891]],[[-35.54,-5.922],[-35.539,-5.922],[-35.541,-5.921],[-35.541,-5.922],[-35.54,-5.924],[-35.539,-5.924],[-35.54,-5.923],[-35.54,-5.922],[-35.539,-5.924],[-35.539,-5.923],[-35.54,-5.922]],[[-35.541,-5.93],[-35.541,-5.932],[-35.539,-5.933],[-35.539,-5.932],[-35.54,-5.931],[-35.54,-5.93],[-35.541,-5.93]],[[-35.544,-5.932],[-35.543,-5.93],[-35.544,-5.932]],[[-35.675,-5.989],[-35.675,-5.99],[-35.673,-5.99],[-35.672,-5.989],[-35.672,-5.987],[-35.674,-5.987],[-35.675,-5.989]],[[-35.643,-6.021],[-35.645,-6.021],[-35.645,-6.023],[-35.643,-6.023],[-35.643,-6.021]],[[-35.667,-6.046],[-35.664,-6.046],[-35.663,-6.045],[-35.665,-6.045],[-35.666,-6.043],[-35.668,-6.043],[-35.667,-6.046]],[[-35.583,-6.026],[-35.581,-6.023],[-35.579,-6.024],[-35.577,-6.024],[-35.577,-6.023],[-35.581,-6.023],[-35.581,-6.021],[-35.582,-6.021],[-35.583,-6.025],[-35.583,-6.026]],[[-35.538,-6.006],[-35.539,-6.004],[-35.54,-6.005],[-35.538,-6.006]],[[-35.501,-6.004],[-35.498,-6.005],[-35.497,-6.003],[-35.5,-6.003],[-35.501,-6.004]],[[-35.486,-6.011],[-35.485,-6.012],[-35.485,-6.011],[-35.484,-6.008],[-35.486,-6.011]],[[-35.44,-5.985],[-35.44,-5.984],[-35.442,-5.985],[-35.442,-5.986],[-35.44,-5.985]],[[-35.392,-5.925],[-35.393,-5.924],[-35.394,-5.925],[-35.392,-5.925],[-35.392,-5.927],[-35.392,-5.925]],[[-35.36,-5.889],[-35.359,-5.892],[-35.357,-5.892],[-35.357,-5.891],[-35.358,-5.89],[-35.355,-5.891],[-35.355,-5.89],[-35.359,-5.889],[-35.36,-5.889]],[[-35.34,-5.871],[-35.339,-5.866],[-35.341,-5.866],[-35.341,-5.872],[-35.34,-5.871]],[[-35.334,-5.88],[-35.334,-5.879],[-35.335,-5.879],[-35.336,-5.88],[-35.334,-5.88]],[[-35.33,-5.855],[-35.33,-5.856],[-35.329,-5.855],[-35.33,-5.855]],[[-35.229,-5.795],[-35.229,-5.794],[-35.229,-5.795]],[[-35.234,-5.795],[-35.234,-5.796],[-35.233,-5.796],[-35.233,-5.795],[-35.234,-5.795]],[[-35.27,-5.786],[-35.269,-5.789],[-35.269,-5.787],[-35.27,-5.786],[-35.271,-5.785],[-35.271,-5.787],[-35.27,-5.786]],[[-35.365,-5.796],[-35.365,-5.795],[-35.366,-5.794],[-35.367,-5.796],[-35.366,-5.797],[-35.364,-5.798],[-35.361,-5.798],[-35.362,-5.797],[-35.365,-5.796]],[[-35.351,-5.788],[-35.35,-5.788],[-35.353,-5.787],[-35.353,-5.788],[-35.351,-5.788]],[[-35.416,-5.783],[-35.416,-5.782],[-35.417,-5.782],[-35.416,-5.783]],[[-35.417,-5.781],[-35.418,-5.78],[-35.417,-5.781]],[[-35.438,-5.785],[-35.437,-5.785],[-35.436,-5.78],[-35.437,-5.777],[-35.437,-5.779],[-35.438,-5.785]],[[-35.451,-5.778],[-35.452,-5.777],[-35.452,-5.779],[-35.451,-5.778]],[[-35.525,-5.738],[-35.523,-5.737],[-35.523,-5.736],[-35.522,-5.735],[-35.522,-5.733],[-35.523,-5.734],[-35.523,-5.735],[-35.526,-5.737],[-35.525,-5.738]],[[-35.577,-5.744],[-35.576,-5.745],[-35.573,-5.745],[-35.572,-5.743],[-35.573,-5.743],[-35.577,-5.744]],[[-35.61,-5.753],[-35.608,-5.755],[-35.608,-5.753],[-35.61,-5.753]],[[-35.659,-5.716],[-35.655,-5.717],[-35.655,-5.716],[-35.656,-5.715],[-35.656,-5.716],[-35.659,-5.716]],[[-35.666,-5.72],[-35.665,-5.719],[-35.666,-5.718],[-35.667,-5.718],[-35.666,-5.72]],[[-35.628,-5.775],[-35.628,-5.773],[-35.632,-5.771],[-35.634,-5.771],[-35.631,-5.773],[-35.63,-5.774],[-35.629,-5.776],[-35.627,-5.778],[-35.626,-5.778],[-35.627,-5.776],[-35.628,-5.775]]],[[[-35.75,-6.065],[-35.75,-6.065]]],[[[-35.213,-5.768],[-35.211,-5.768],[-35.213,-5.768]]],[[[-35.757,-5.765],[-35.757,-5.765]]],[[[-35.618,-5.773],[-35.618,-5.774],[-35.618,-5.773]]],[[[-35.673,-5.774],[-35.673,-5.774]]],[[[-35.673,-5.775],[-35.673,-5.775]]],[[[-35.676,-5.783],[-35.676,-5.783]]],[[[-35.713,-5.804],[-35.713,-5.804]]],[[[-35.722,-5.815],[-35.723,-5.815],[-35.722,-5.815]]],[[[-35.727,-5.818],[-35.727,-5.818]]],[[[-36.241,-5.87],[-36.241,-5.87]]],[[[-36.037,-5.881],[-36.037,-5.881]]],[[[-35.468,-5.898],[-35.467,-5.898],[-35.468,-5.898]]],[[[-35.445,-5.899],[-35.445,-5.899]]],[[[-35.441,-5.899],[-35.44,-5.899],[-35.441,-5.899]]],[[[-35.5,-5.912],[-35.5,-5.912]]],[[[-35.418,-5.947],[-35.419,-5.95],[-35.419,-5.951],[-35.42,-5.951],[-35.421,-5.948],[-35.42,-5.946],[-35.421,-5.944],[-35.418,-5.943],[-35.417,-5.944],[-35.417,-5.947],[-35.415,-5.947],[-35.413,-5.946],[-35.415,-5.949],[-35.418,-5.947]],[[-35.42,-5.946],[-35.42,-5.949],[-35.418,-5.947],[-35.418,-5.944],[-35.42,-5.944],[-35.42,-5.946]]],[[[-35.417,-5.943],[-35.417,-5.944],[-35.417,-5.943]]],[[[-36.281,-5.946],[-36.281,-5.946]]],[[[-35.44,-5.952],[-35.441,-5.952],[-35.44,-5.952]]],[[[-35.419,-5.961],[-35.419,-5.961]]],[[[-35.896,-5.978],[-35.898,-5.978],[-35.898,-5.976],[-35.899,-5.975],[-35.898,-5.974],[-35.895,-5.973],[-35.894,-5.97],[-35.893,-5.971],[-35.893,-5.975],[-35.892,-5.977],[-35.892,-5.978],[-35.896,-5.978]],[[-35.895,-5.978],[-35.893,-5.978],[-35.892,-5.977],[-35.893,-5.975],[-35.893,-5.971],[-35.894,-5.971],[-35.895,-5.973],[-35.898,-5.975],[-35.898,-5.978],[-35.896,-5.977],[-35.895,-5.978]]],[[[-36.144,-5.982],[-36.138,-5.982],[-36.139,-5.983],[-36.142,-5.983],[-36.144,-5.982]],[[-36.139,-5.982],[-36.142,-5.982],[-36.14,-5.983],[-36.139,-5.982]],[[-36.142,-5.982],[-36.142,-5.982]]],[[[-36.352,-5.985],[-36.351,-5.985],[-36.352,-5.985]]],[[[-36.285,-6.032],[-36.285,-6.032]]],[[[-35.944,-6.053],[-35.944,-6.052],[-35.943,-6.053],[-35.944,-6.053]]],[[[-36.059,-6.026],[-36.06,-6.026],[-36.059,-6.025],[-36.058,-6.025],[-36.059,-6.026]],[[-36.059,-6.026],[-36.059,-6.025],[-36.06,-6.026],[-36.059,-6.026]]],[[[-36.03,-6.021],[-36.033,-6.021],[-36.033,-6.02],[-36.032,-6.019],[-36.031,-6.019],[-36.03,-6.02],[-36.03,-6.021]],[[-36.032,-6.019],[-36.033,-6.021],[-36.032,-6.02],[-36.03,-6.02],[-36.031,-6.019],[-36.032,-6.019]]],[[[-36.055,-6.014],[-36.058,-6.014],[-36.058,-6.012],[-36.055,-6.013],[-36.055,-6.014]],[[-36.055,-6.013],[-36.057,-6.012],[-36.057,-6.013],[-36.055,-6.014],[-36.055,-6.013]]],[[[-35.691,-6],[-35.689,-5.999],[-35.688,-5.999],[-35.687,-6],[-35.687,-6.001],[-35.689,-6.003],[-35.69,-6.005],[-35.693,-6.006],[-35.694,-6.008],[-35.695,-6.009],[-35.696,-6.008],[-35.697,-6.006],[-35.694,-6.002],[-35.691,-6]],[[-35.694,-6.006],[-35.691,-6.004],[-35.688,-6],[-35.691,-6.001],[-35.693,-6.002],[-35.696,-6.007],[-35.696,-6.008],[-35.695,-6.007],[-35.694,-6.006]]],[[[-35.867,-6.002],[-35.868,-6.002],[-35.867,-6.001],[-35.866,-6.001],[-35.867,-6.002]],[[-35.868,-6.002],[-35.867,-6.002],[-35.868,-6.002]]],[[[-35.865,-5.999],[-35.865,-6.001],[-35.866,-6.001],[-35.866,-6],[-35.865,-5.999]],[[-35.865,-6.001],[-35.865,-6],[-35.866,-6],[-35.865,-6.001]]],[[[-35.859,-6.001],[-35.86,-6.001],[-35.861,-6],[-35.86,-5.999],[-35.86,-5.998],[-35.859,-5.998],[-35.857,-5.999],[-35.859,-6.001]],[[-35.858,-5.999],[-35.859,-5.998],[-35.859,-6],[-35.861,-6],[-35.859,-6.001],[-35.858,-5.999]]],[[[-36.056,-5.998],[-36.055,-6],[-36.056,-6.001],[-36.058,-5.999],[-36.057,-5.998],[-36.056,-5.998]],[[-36.057,-5.998],[-36.057,-5.999],[-36.056,-6],[-36.056,-5.999],[-36.057,-5.998]]],[[[-35.699,-5.998],[-35.7,-5.998],[-35.701,-5.995],[-35.7,-5.994],[-35.699,-5.994],[-35.697,-5.997],[-35.698,-5.998],[-35.699,-5.998]],[[-35.7,-5.998],[-35.698,-5.998],[-35.698,-5.997],[-35.7,-5.994],[-35.701,-5.995],[-35.7,-5.998]]],[[[-35.857,-5.994],[-35.855,-5.995],[-35.855,-5.997],[-35.858,-5.998],[-35.857,-5.994]],[[-35.855,-5.997],[-35.856,-5.995],[-35.857,-5.994],[-35.857,-5.997],[-35.855,-5.997]]],[[[-35.692,-5.987],[-35.695,-5.987],[-35.697,-5.986],[-35.696,-5.985],[-35.693,-5.984],[-35.692,-5.984],[-35.692,-5.987]],[[-35.696,-5.985],[-35.696,-5.986],[-35.692,-5.986],[-35.692,-5.984],[-35.693,-5.984],[-35.696,-5.985]]],[[[-35.746,-5.963],[-35.746,-5.964],[-35.748,-5.964],[-35.749,-5.966],[-35.75,-5.964],[-35.749,-5.962],[-35.747,-5.963],[-35.746,-5.963]],[[-35.748,-5.964],[-35.747,-5.964],[-35.748,-5.963],[-35.75,-5.965],[-35.749,-5.966],[-35.748,-5.964]]],[[[-35.947,-5.962],[-35.949,-5.963],[-35.95,-5.959],[-35.951,-5.958],[-35.95,-5.957],[-35.949,-5.957],[-35.948,-5.96],[-35.947,-5.962]],[[-35.949,-5.958],[-35.951,-5.958],[-35.949,-5.961],[-35.949,-5.963],[-35.948,-5.962],[-35.949,-5.96],[-35.949,-5.958]]],[[[-36.26,-5.932],[-36.261,-5.932],[-36.261,-5.93],[-36.258,-5.93],[-36.258,-5.932],[-36.26,-5.932]],[[-36.26,-5.931],[-36.26,-5.932],[-36.259,-5.932],[-36.258,-5.93],[-36.261,-5.93],[-36.26,-5.931]]],[[[-36.331,-5.919],[-36.33,-5.919],[-36.329,-5.921],[-36.329,-5.923],[-36.331,-5.922],[-36.331,-5.919]],[[-36.329,-5.923],[-36.329,-5.921],[-36.331,-5.919],[-36.331,-5.922],[-36.329,-5.923]]],[[[-35.93,-5.891],[-35.933,-5.892],[-35.934,-5.893],[-35.935,-5.893],[-35.935,-5.892],[-35.934,-5.889],[-35.933,-5.888],[-35.932,-5.889],[-35.93,-5.891]],[[-35.933,-5.889],[-35.934,-5.892],[-35.931,-5.891],[-35.932,-5.889],[-35.933,-5.889]]],[[[-35.73,-5.865],[-35.729,-5.866],[-35.73,-5.867],[-35.731,-5.866],[-35.731,-5.865],[-35.73,-5.865]],[[-35.731,-5.866],[-35.73,-5.865],[-35.731,-5.865],[-35.731,-5.866]]],[[[-35.856,-5.861],[-35.856,-5.86],[-35.855,-5.86],[-35.855,-5.861],[-35.856,-5.861]],[[-35.855,-5.861],[-35.855,-5.86],[-35.856,-5.86],[-35.855,-5.861]]],[[[-35.856,-5.848],[-35.857,-5.848],[-35.858,-5.847],[-35.857,-5.846],[-35.856,-5.845],[-35.855,-5.846],[-35.854,-5.848],[-35.856,-5.848]],[[-35.856,-5.846],[-35.857,-5.846],[-35.857,-5.847],[-35.856,-5.848],[-35.855,-5.847],[-35.856,-5.846]]],[[[-35.868,-5.842],[-35.869,-5.841],[-35.868,-5.84],[-35.867,-5.84],[-35.866,-5.842],[-35.868,-5.843],[-35.868,-5.842]],[[-35.867,-5.842],[-35.868,-5.84],[-35.869,-5.841],[-35.868,-5.842],[-35.867,-5.842]]],[[[-35.749,-5.789],[-35.752,-5.789],[-35.753,-5.788],[-35.753,-5.787],[-35.75,-5.785],[-35.748,-5.786],[-35.748,-5.787],[-35.749,-5.789]],[[-35.75,-5.786],[-35.752,-5.787],[-35.752,-5.788],[-35.749,-5.788],[-35.748,-5.786],[-35.75,-5.786]]],[[[-35.686,-5.781],[-35.684,-5.781],[-35.685,-5.782],[-35.686,-5.781]],[[-35.685,-5.782],[-35.684,-5.781],[-35.686,-5.781],[-35.685,-5.782]]],[[[-35.69,-5.783],[-35.69,-5.781],[-35.688,-5.779],[-35.686,-5.78],[-35.686,-5.781],[-35.688,-5.783],[-35.69,-5.783]],[[-35.689,-5.781],[-35.69,-5.782],[-35.688,-5.782],[-35.686,-5.78],[-35.688,-5.78],[-35.689,-5.781]]],[[[-35.727,-5.768],[-35.729,-5.767],[-35.728,-5.765],[-35.726,-5.765],[-35.725,-5.766],[-35.726,-5.767],[-35.727,-5.768]],[[-35.728,-5.767],[-35.726,-5.767],[-35.726,-5.766],[-35.728,-5.765],[-35.728,-5.767]]],[[[-35.729,-5.762],[-35.73,-5.761],[-35.73,-5.759],[-35.728,-5.759],[-35.727,-5.76],[-35.727,-5.761],[-35.729,-5.762]],[[-35.729,-5.759],[-35.73,-5.761],[-35.728,-5.761],[-35.727,-5.76],[-35.728,-5.759],[-35.729,-5.759]]],[[[-35.689,-5.759],[-35.689,-5.76],[-35.691,-5.761],[-35.692,-5.76],[-35.692,-5.758],[-35.69,-5.758],[-35.689,-5.759]],[[-35.692,-5.759],[-35.691,-5.76],[-35.689,-5.76],[-35.69,-5.759],[-35.691,-5.758],[-35.692,-5.759]]],[[[-35.696,-5.758],[-35.694,-5.758],[-35.696,-5.761],[-35.698,-5.761],[-35.698,-5.758],[-35.696,-5.758]],[[-35.696,-5.761],[-35.695,-5.759],[-35.695,-5.758],[-35.696,-5.759],[-35.697,-5.758],[-35.697,-5.761],[-35.696,-5.761]]],[[[-35.682,-5.761],[-35.683,-5.76],[-35.684,-5.759],[-35.683,-5.758],[-35.682,-5.758],[-35.681,-5.76],[-35.681,-5.761],[-35.682,-5.761]],[[-35.683,-5.76],[-35.682,-5.76],[-35.681,-5.759],[-35.683,-5.758],[-35.683,-5.76]]],[[[-35.806,-5.736],[-35.807,-5.735],[-35.805,-5.733],[-35.804,-5.733],[-35.804,-5.735],[-35.805,-5.736],[-35.806,-5.736]],[[-35.805,-5.735],[-35.805,-5.734],[-35.807,-5.735],[-35.805,-5.735]]],[[[-35.636,-6.065],[-35.636,-6.066],[-35.639,-6.066],[-35.64,-6.064],[-35.64,-6.063],[-35.637,-6.063],[-35.636,-6.065]],[[-35.638,-6.063],[-35.64,-6.063],[-35.639,-6.065],[-35.638,-6.066],[-35.637,-6.065],[-35.637,-6.064],[-35.638,-6.063]]],[[[-35.626,-6.062],[-35.628,-6.062],[-35.63,-6.061],[-35.63,-6.06],[-35.629,-6.059],[-35.626,-6.059],[-35.625,-6.06],[-35.626,-6.062]],[[-35.626,-6.059],[-35.629,-6.059],[-35.629,-6.061],[-35.627,-6.061],[-35.625,-6.06],[-35.626,-6.059]]],[[[-35.524,-6.021],[-35.523,-6.02],[-35.523,-6.019],[-35.522,-6.02],[-35.522,-6.021],[-35.523,-6.022],[-35.524,-6.021]],[[-35.522,-6.02],[-35.523,-6.02],[-35.523,-6.021],[-35.522,-6.02]]],[[[-35.536,-6.011],[-35.536,-6.012],[-35.538,-6.011],[-35.537,-6.01],[-35.536,-6.011]],[[-35.537,-6.011],[-35.536,-6.012],[-35.536,-6.011],[-35.537,-6.011]]],[[[-35.564,-5.999],[-35.564,-6.001],[-35.566,-6.001],[-35.567,-6],[-35.568,-5.999],[-35.566,-5.997],[-35.565,-5.998],[-35.564,-5.999]],[[-35.566,-5.998],[-35.567,-5.998],[-35.567,-5.999],[-35.566,-6.001],[-35.564,-6],[-35.565,-5.999],[-35.566,-5.998]]],[[[-35.529,-5.998],[-35.528,-5.999],[-35.528,-6],[-35.532,-6],[-35.533,-5.999],[-35.533,-5.998],[-35.532,-5.997],[-35.529,-5.998]],[[-35.529,-5.999],[-35.532,-5.998],[-35.533,-5.999],[-35.531,-6],[-35.528,-5.999],[-35.529,-5.999]]],[[[-35.674,-5.997],[-35.671,-5.997],[-35.671,-5.998],[-35.672,-5.999],[-35.674,-5.998],[-35.674,-5.997]],[[-35.672,-5.999],[-35.671,-5.998],[-35.672,-5.997],[-35.673,-5.997],[-35.673,-5.998],[-35.672,-5.999]]],[[[-35.669,-5.998],[-35.67,-5.997],[-35.67,-5.995],[-35.669,-5.994],[-35.668,-5.994],[-35.667,-5.996],[-35.668,-5.998],[-35.669,-5.998]],[[-35.67,-5.997],[-35.668,-5.997],[-35.668,-5.996],[-35.669,-5.995],[-35.67,-5.995],[-35.67,-5.997]]],[[[-35.663,-5.992],[-35.664,-5.992],[-35.666,-5.991],[-35.666,-5.99],[-35.665,-5.989],[-35.663,-5.989],[-35.662,-5.991],[-35.663,-5.992]],[[-35.662,-5.99],[-35.663,-5.99],[-35.664,-5.989],[-35.666,-5.99],[-35.666,-5.991],[-35.665,-5.992],[-35.663,-5.991],[-35.662,-5.99]]],[[[-35.517,-5.981],[-35.516,-5.981],[-35.514,-5.982],[-35.515,-5.984],[-35.516,-5.982],[-35.517,-5.981]],[[-35.516,-5.981],[-35.515,-5.983],[-35.514,-5.982],[-35.516,-5.981]]],[[[-35.513,-5.982],[-35.514,-5.98],[-35.513,-5.979],[-35.511,-5.98],[-35.512,-5.981],[-35.513,-5.982]],[[-35.513,-5.979],[-35.513,-5.981],[-35.512,-5.98],[-35.513,-5.979]]],[[[-35.519,-5.971],[-35.517,-5.971],[-35.518,-5.973],[-35.519,-5.973],[-35.519,-5.971]],[[-35.518,-5.973],[-35.517,-5.972],[-35.518,-5.971],[-35.519,-5.972],[-35.518,-5.973]]],[[[-35.504,-5.971],[-35.504,-5.968],[-35.502,-5.969],[-35.502,-5.97],[-35.504,-5.971]],[[-35.503,-5.969],[-35.504,-5.968],[-35.504,-5.97],[-35.503,-5.97],[-35.503,-5.969]]],[[[-35.668,-5.966],[-35.667,-5.967],[-35.666,-5.969],[-35.667,-5.971],[-35.669,-5.971],[-35.671,-5.97],[-35.671,-5.968],[-35.67,-5.966],[-35.668,-5.966]],[[-35.667,-5.969],[-35.668,-5.967],[-35.67,-5.967],[-35.671,-5.969],[-35.669,-5.97],[-35.667,-5.97],[-35.667,-5.969]]],[[[-35.617,-5.953],[-35.617,-5.954],[-35.618,-5.955],[-35.619,-5.955],[-35.62,-5.956],[-35.621,-5.956],[-35.621,-5.954],[-35.619,-5.953],[-35.618,-5.952],[-35.617,-5.953]],[[-35.621,-5.954],[-35.62,-5.956],[-35.618,-5.955],[-35.617,-5.953],[-35.619,-5.953],[-35.621,-5.954]]],[[[-35.636,-5.949],[-35.635,-5.95],[-35.633,-5.951],[-35.634,-5.953],[-35.636,-5.953],[-35.638,-5.95],[-35.638,-5.948],[-35.636,-5.949]],[[-35.635,-5.95],[-35.638,-5.948],[-35.638,-5.95],[-35.635,-5.953],[-35.634,-5.953],[-35.634,-5.951],[-35.635,-5.95]]],[[[-35.55,-5.941],[-35.55,-5.941]]],[[[-35.522,-5.925],[-35.523,-5.927],[-35.525,-5.927],[-35.525,-5.926],[-35.523,-5.925],[-35.522,-5.925]],[[-35.524,-5.926],[-35.523,-5.927],[-35.522,-5.925],[-35.523,-5.926],[-35.524,-5.926]]],[[[-35.529,-5.916],[-35.531,-5.917],[-35.532,-5.916],[-35.529,-5.916]],[[-35.53,-5.916],[-35.531,-5.916],[-35.531,-5.917],[-35.53,-5.916]],[[-35.53,-5.916],[-35.529,-5.916],[-35.53,-5.916]]],[[[-35.543,-5.914],[-35.542,-5.914],[-35.541,-5.915],[-35.543,-5.916],[-35.543,-5.914]],[[-35.543,-5.915],[-35.542,-5.916],[-35.542,-5.914],[-35.543,-5.915]]],[[[-35.518,-5.911],[-35.518,-5.912],[-35.519,-5.911],[-35.521,-5.908],[-35.52,-5.907],[-35.519,-5.907],[-35.518,-5.909],[-35.518,-5.911]],[[-35.52,-5.908],[-35.519,-5.911],[-35.518,-5.911],[-35.518,-5.909],[-35.52,-5.907],[-35.52,-5.908]]],[[[-35.633,-5.896],[-35.632,-5.895],[-35.631,-5.896],[-35.63,-5.898],[-35.632,-5.898],[-35.633,-5.896]],[[-35.631,-5.897],[-35.631,-5.896],[-35.632,-5.896],[-35.631,-5.898],[-35.631,-5.897]]],[[[-35.642,-5.897],[-35.641,-5.896],[-35.64,-5.896],[-35.641,-5.897],[-35.642,-5.897]],[[-35.64,-5.896],[-35.641,-5.896],[-35.641,-5.897],[-35.64,-5.896]]],[[[-35.534,-5.895],[-35.535,-5.894],[-35.534,-5.891],[-35.532,-5.891],[-35.532,-5.893],[-35.534,-5.895]],[[-35.535,-5.894],[-35.533,-5.894],[-35.532,-5.892],[-35.533,-5.891],[-35.534,-5.892],[-35.534,-5.893],[-35.535,-5.894]]],[[[-35.526,-5.889],[-35.525,-5.889],[-35.524,-5.891],[-35.526,-5.891],[-35.527,-5.89],[-35.526,-5.889]],[[-35.526,-5.89],[-35.525,-5.891],[-35.525,-5.889],[-35.526,-5.89]]],[[[-35.509,-5.882],[-35.508,-5.883],[-35.507,-5.884],[-35.507,-5.885],[-35.51,-5.885],[-35.511,-5.886],[-35.512,-5.887],[-35.514,-5.887],[-35.514,-5.886],[-35.513,-5.883],[-35.509,-5.882]],[[-35.513,-5.884],[-35.514,-5.886],[-35.513,-5.887],[-35.512,-5.887],[-35.512,-5.885],[-35.51,-5.884],[-35.507,-5.884],[-35.508,-5.883],[-35.513,-5.884]]],[[[-35.657,-5.864],[-35.657,-5.863],[-35.655,-5.864],[-35.655,-5.865],[-35.657,-5.865],[-35.657,-5.864]],[[-35.656,-5.864],[-35.656,-5.865],[-35.655,-5.864],[-35.656,-5.864]]],[[[-35.642,-5.865],[-35.644,-5.865],[-35.645,-5.864],[-35.645,-5.862],[-35.642,-5.862],[-35.642,-5.865]],[[-35.644,-5.863],[-35.644,-5.865],[-35.643,-5.865],[-35.642,-5.864],[-35.643,-5.862],[-35.644,-5.863]]],[[[-35.656,-5.863],[-35.656,-5.862],[-35.655,-5.861],[-35.654,-5.862],[-35.654,-5.863],[-35.656,-5.863]],[[-35.654,-5.862],[-35.655,-5.862],[-35.655,-5.863],[-35.654,-5.862]]],[[[-35.655,-5.86],[-35.655,-5.858],[-35.653,-5.858],[-35.652,-5.859],[-35.653,-5.86],[-35.655,-5.86]],[[-35.655,-5.859],[-35.655,-5.86],[-35.653,-5.86],[-35.653,-5.859],[-35.655,-5.859]]],[[[-35.64,-5.86],[-35.64,-5.858],[-35.639,-5.856],[-35.637,-5.855],[-35.635,-5.856],[-35.633,-5.859],[-35.634,-5.861],[-35.638,-5.861],[-35.638,-5.863],[-35.64,-5.863],[-35.641,-5.861],[-35.64,-5.86]],[[-35.634,-5.859],[-35.635,-5.856],[-35.638,-5.856],[-35.639,-5.858],[-35.639,-5.86],[-35.634,-5.86],[-35.634,-5.859]],[[-35.64,-5.863],[-35.639,-5.863],[-35.638,-5.862],[-35.639,-5.86],[-35.64,-5.86],[-35.64,-5.863]]],[[[-35.649,-5.856],[-35.648,-5.855],[-35.644,-5.855],[-35.644,-5.857],[-35.646,-5.858],[-35.647,-5.857],[-35.649,-5.856]],[[-35.647,-5.857],[-35.645,-5.857],[-35.644,-5.856],[-35.648,-5.855],[-35.648,-5.856],[-35.647,-5.857]]],[[[-35.623,-5.856],[-35.624,-5.857],[-35.626,-5.858],[-35.627,-5.857],[-35.628,-5.855],[-35.626,-5.855],[-35.625,-5.854],[-35.623,-5.854],[-35.623,-5.856]],[[-35.626,-5.857],[-35.624,-5.856],[-35.624,-5.855],[-35.627,-5.855],[-35.627,-5.857],[-35.626,-5.857]]],[[[-35.653,-5.855],[-35.652,-5.854],[-35.65,-5.856],[-35.651,-5.857],[-35.652,-5.857],[-35.653,-5.855]],[[-35.652,-5.856],[-35.652,-5.857],[-35.651,-5.856],[-35.652,-5.855],[-35.652,-5.856]]],[[[-35.528,-5.848],[-35.527,-5.847],[-35.526,-5.847],[-35.525,-5.849],[-35.525,-5.851],[-35.524,-5.853],[-35.525,-5.853],[-35.528,-5.852],[-35.528,-5.851],[-35.526,-5.85],[-35.528,-5.849],[-35.528,-5.848]],[[-35.525,-5.851],[-35.525,-5.849],[-35.526,-5.847],[-35.527,-5.847],[-35.528,-5.848],[-35.526,-5.85],[-35.527,-5.852],[-35.525,-5.853],[-35.525,-5.851]]],[[[-35.657,-5.826],[-35.658,-5.826],[-35.661,-5.824],[-35.661,-5.821],[-35.66,-5.82],[-35.659,-5.821],[-35.656,-5.825],[-35.657,-5.826]],[[-35.658,-5.824],[-35.659,-5.821],[-35.66,-5.821],[-35.661,-5.822],[-35.66,-5.824],[-35.658,-5.825],[-35.657,-5.825],[-35.658,-5.824]]],[[[-35.641,-5.823],[-35.642,-5.822],[-35.642,-5.818],[-35.64,-5.818],[-35.639,-5.821],[-35.641,-5.823]],[[-35.642,-5.819],[-35.642,-5.82],[-35.641,-5.822],[-35.64,-5.822],[-35.64,-5.821],[-35.641,-5.818],[-35.642,-5.819]]],[[[-35.525,-5.776],[-35.525,-5.777],[-35.527,-5.779],[-35.529,-5.778],[-35.529,-5.776],[-35.531,-5.774],[-35.531,-5.773],[-35.53,-5.772],[-35.529,-5.773],[-35.525,-5.776]],[[-35.528,-5.774],[-35.53,-5.773],[-35.53,-5.774],[-35.529,-5.776],[-35.528,-5.778],[-35.527,-5.778],[-35.526,-5.777],[-35.528,-5.774]]],[[[-35.63,-5.716],[-35.633,-5.716],[-35.634,-5.715],[-35.634,-5.714],[-35.633,-5.713],[-35.631,-5.712],[-35.629,-5.714],[-35.63,-5.716]],[[-35.631,-5.713],[-35.632,-5.713],[-35.634,-5.714],[-35.633,-5.716],[-35.63,-5.716],[-35.629,-5.715],[-35.631,-5.713]]],[[[-35.477,-6.002],[-35.478,-6],[-35.478,-5.999],[-35.477,-5.999],[-35.475,-6.001],[-35.476,-6.002],[-35.477,-6.002]],[[-35.476,-6.001],[-35.477,-5.999],[-35.477,-6],[-35.476,-6.002],[-35.476,-6.001]]],[[[-35.494,-5.994],[-35.493,-5.994],[-35.493,-5.996],[-35.494,-5.996],[-35.494,-5.994]],[[-35.493,-5.995],[-35.494,-5.994],[-35.494,-5.995],[-35.493,-5.995]]],[[[-35.467,-5.994],[-35.466,-5.993],[-35.464,-5.995],[-35.464,-5.997],[-35.465,-5.997],[-35.467,-5.994]],[[-35.466,-5.994],[-35.465,-5.996],[-35.465,-5.995],[-35.464,-5.995],[-35.466,-5.994]]],[[[-35.498,-5.993],[-35.499,-5.994],[-35.5,-5.993],[-35.499,-5.992],[-35.498,-5.993]],[[-35.499,-5.993],[-35.499,-5.993]]],[[[-35.457,-5.993],[-35.458,-5.993],[-35.459,-5.991],[-35.457,-5.992],[-35.457,-5.993]],[[-35.458,-5.992],[-35.458,-5.993],[-35.458,-5.992]]],[[[-35.452,-5.978],[-35.454,-5.978],[-35.453,-5.976],[-35.452,-5.977],[-35.452,-5.978]],[[-35.453,-5.977],[-35.453,-5.978],[-35.453,-5.977]]],[[[-35.486,-5.972],[-35.485,-5.971],[-35.485,-5.969],[-35.484,-5.97],[-35.484,-5.973],[-35.486,-5.972]],[[-35.485,-5.972],[-35.484,-5.972],[-35.484,-5.97],[-35.485,-5.97],[-35.484,-5.972],[-35.485,-5.972]]],[[[-35.486,-5.968],[-35.485,-5.967],[-35.484,-5.967],[-35.484,-5.969],[-35.485,-5.969],[-35.485,-5.968],[-35.486,-5.968]],[[-35.484,-5.968],[-35.485,-5.967],[-35.485,-5.969],[-35.484,-5.969],[-35.484,-5.968]]],[[[-35.499,-5.968],[-35.496,-5.966],[-35.495,-5.966],[-35.495,-5.968],[-35.499,-5.968]],[[-35.495,-5.966],[-35.499,-5.967],[-35.495,-5.967],[-35.495,-5.966]]],[[[-35.451,-5.967],[-35.452,-5.966],[-35.451,-5.965],[-35.449,-5.965],[-35.449,-5.967],[-35.451,-5.967]],[[-35.45,-5.967],[-35.449,-5.966],[-35.451,-5.965],[-35.451,-5.966],[-35.45,-5.967]]],[[[-35.475,-5.948],[-35.475,-5.946],[-35.474,-5.946],[-35.473,-5.947],[-35.472,-5.948],[-35.472,-5.95],[-35.473,-5.95],[-35.474,-5.949],[-35.477,-5.951],[-35.477,-5.949],[-35.475,-5.948]],[[-35.475,-5.948],[-35.476,-5.95],[-35.475,-5.949],[-35.473,-5.949],[-35.474,-5.948],[-35.474,-5.946],[-35.474,-5.948],[-35.475,-5.948]]],[[[-35.439,-5.942],[-35.438,-5.942],[-35.436,-5.944],[-35.436,-5.945],[-35.437,-5.945],[-35.439,-5.942]],[[-35.439,-5.942],[-35.438,-5.943],[-35.437,-5.945],[-35.436,-5.944],[-35.439,-5.942]]],[[[-35.502,-5.935],[-35.501,-5.936],[-35.502,-5.937],[-35.503,-5.935],[-35.502,-5.935]],[[-35.502,-5.935],[-35.502,-5.937],[-35.501,-5.936],[-35.502,-5.935]]],[[[-35.435,-5.931],[-35.434,-5.931],[-35.434,-5.933],[-35.436,-5.933],[-35.435,-5.931]],[[-35.435,-5.932],[-35.435,-5.931],[-35.435,-5.932]]],[[[-35.421,-5.928],[-35.42,-5.928],[-35.421,-5.93],[-35.423,-5.93],[-35.423,-5.929],[-35.421,-5.928]],[[-35.421,-5.929],[-35.42,-5.928],[-35.421,-5.928],[-35.423,-5.929],[-35.421,-5.929]]],[[[-35.482,-5.927],[-35.48,-5.927],[-35.48,-5.929],[-35.481,-5.929],[-35.482,-5.928],[-35.482,-5.927]],[[-35.481,-5.928],[-35.481,-5.927],[-35.481,-5.929],[-35.481,-5.928]]],[[[-35.478,-5.926],[-35.477,-5.927],[-35.477,-5.928],[-35.478,-5.928],[-35.478,-5.926]],[[-35.478,-5.926],[-35.478,-5.928],[-35.477,-5.927],[-35.478,-5.926]]],[[[-35.464,-5.915],[-35.466,-5.913],[-35.466,-5.912],[-35.465,-5.911],[-35.463,-5.911],[-35.462,-5.913],[-35.463,-5.914],[-35.464,-5.915]],[[-35.465,-5.912],[-35.465,-5.914],[-35.463,-5.914],[-35.463,-5.913],[-35.464,-5.911],[-35.465,-5.912]]],[[[-35.428,-5.905],[-35.427,-5.906],[-35.428,-5.907],[-35.429,-5.907],[-35.429,-5.906],[-35.428,-5.905]],[[-35.428,-5.906],[-35.428,-5.907],[-35.428,-5.906]]],[[[-35.459,-5.89],[-35.461,-5.89],[-35.46,-5.889],[-35.459,-5.889],[-35.459,-5.89]],[[-35.459,-5.89],[-35.459,-5.889],[-35.46,-5.889],[-35.46,-5.89],[-35.459,-5.89]]],[[[-35.473,-5.873],[-35.474,-5.873],[-35.475,-5.872],[-35.474,-5.871],[-35.473,-5.873]],[[-35.475,-5.872],[-35.474,-5.873],[-35.473,-5.873],[-35.474,-5.872],[-35.475,-5.872]]],[[[-35.422,-5.864],[-35.423,-5.865],[-35.425,-5.863],[-35.424,-5.862],[-35.422,-5.864]],[[-35.423,-5.864],[-35.424,-5.863],[-35.423,-5.865],[-35.423,-5.864]]],[[[-35.486,-5.849],[-35.484,-5.848],[-35.484,-5.851],[-35.485,-5.851],[-35.486,-5.849]],[[-35.485,-5.849],[-35.485,-5.85],[-35.484,-5.85],[-35.484,-5.849],[-35.485,-5.849]]],[[[-35.457,-5.846],[-35.458,-5.847],[-35.461,-5.846],[-35.462,-5.843],[-35.459,-5.843],[-35.457,-5.846]],[[-35.457,-5.846],[-35.46,-5.843],[-35.462,-5.843],[-35.461,-5.845],[-35.459,-5.846],[-35.457,-5.846]]],[[[-35.47,-5.845],[-35.471,-5.845],[-35.471,-5.844],[-35.47,-5.844],[-35.47,-5.845]],[[-35.471,-5.844],[-35.47,-5.844],[-35.471,-5.844]]],[[[-35.459,-5.841],[-35.46,-5.84],[-35.458,-5.841],[-35.459,-5.841]],[[-35.459,-5.841],[-35.46,-5.84],[-35.459,-5.841]]],[[[-35.47,-5.839],[-35.47,-5.84],[-35.471,-5.841],[-35.473,-5.84],[-35.472,-5.839],[-35.47,-5.839]],[[-35.472,-5.84],[-35.47,-5.84],[-35.472,-5.84]]],[[[-35.477,-5.838],[-35.475,-5.838],[-35.475,-5.84],[-35.477,-5.839],[-35.477,-5.838]],[[-35.475,-5.839],[-35.476,-5.838],[-35.477,-5.838],[-35.475,-5.839]]],[[[-35.482,-5.833],[-35.483,-5.834],[-35.483,-5.833],[-35.482,-5.833]],[[-35.483,-5.833],[-35.482,-5.833],[-35.483,-5.833]]],[[[-35.452,-5.822],[-35.451,-5.822],[-35.451,-5.824],[-35.452,-5.823],[-35.452,-5.822]],[[-35.452,-5.823],[-35.451,-5.823],[-35.452,-5.822],[-35.452,-5.823]]],[[[-35.434,-5.819],[-35.434,-5.82],[-35.435,-5.821],[-35.436,-5.821],[-35.436,-5.819],[-35.434,-5.819]],[[-35.434,-5.82],[-35.435,-5.819],[-35.435,-5.821],[-35.435,-5.82],[-35.434,-5.82]]],[[[-35.468,-5.821],[-35.468,-5.819],[-35.467,-5.819],[-35.467,-5.821],[-35.468,-5.821]],[[-35.467,-5.82],[-35.468,-5.819],[-35.468,-5.82],[-35.467,-5.82]]],[[[-35.458,-5.819],[-35.458,-5.82],[-35.459,-5.82],[-35.459,-5.819],[-35.458,-5.819]],[[-35.459,-5.819],[-35.458,-5.82],[-35.458,-5.819],[-35.459,-5.819]]],[[[-35.465,-5.821],[-35.465,-5.819],[-35.464,-5.818],[-35.463,-5.819],[-35.463,-5.82],[-35.464,-5.821],[-35.465,-5.821]],[[-35.463,-5.82],[-35.464,-5.819],[-35.465,-5.819],[-35.464,-5.82],[-35.463,-5.82]]],[[[-35.495,-5.809],[-35.492,-5.808],[-35.49,-5.809],[-35.489,-5.81],[-35.489,-5.812],[-35.49,-5.813],[-35.492,-5.812],[-35.493,-5.811],[-35.495,-5.811],[-35.495,-5.809]],[[-35.495,-5.81],[-35.492,-5.812],[-35.49,-5.812],[-35.489,-5.811],[-35.49,-5.809],[-35.495,-5.809],[-35.495,-5.81]]],[[[-35.46,-5.801],[-35.458,-5.8],[-35.458,-5.803],[-35.459,-5.804],[-35.46,-5.801]],[[-35.459,-5.803],[-35.458,-5.803],[-35.459,-5.802],[-35.458,-5.801],[-35.459,-5.801],[-35.459,-5.803]]],[[[-35.436,-5.801],[-35.437,-5.802],[-35.438,-5.802],[-35.438,-5.801],[-35.437,-5.8],[-35.436,-5.801]],[[-35.437,-5.802],[-35.437,-5.801],[-35.437,-5.802]]],[[[-35.426,-5.782],[-35.428,-5.779],[-35.427,-5.777],[-35.426,-5.777],[-35.427,-5.78],[-35.426,-5.781],[-35.426,-5.782]],[[-35.426,-5.781],[-35.427,-5.779],[-35.426,-5.778],[-35.427,-5.778],[-35.427,-5.78],[-35.426,-5.782],[-35.426,-5.781]]],[[[-35.441,-5.771],[-35.44,-5.769],[-35.439,-5.768],[-35.439,-5.769],[-35.44,-5.772],[-35.441,-5.772],[-35.441,-5.771]],[[-35.44,-5.771],[-35.44,-5.772],[-35.439,-5.769],[-35.44,-5.771]]],[[[-35.386,-5.942],[-35.387,-5.942],[-35.387,-5.94],[-35.386,-5.941],[-35.386,-5.942]],[[-35.386,-5.942],[-35.386,-5.941],[-35.387,-5.942],[-35.386,-5.942]]],[[[-35.412,-5.934],[-35.411,-5.935],[-35.411,-5.936],[-35.413,-5.936],[-35.412,-5.934]],[[-35.412,-5.935],[-35.411,-5.936],[-35.411,-5.935],[-35.412,-5.935]]],[[[-35.409,-5.928],[-35.41,-5.929],[-35.411,-5.927],[-35.41,-5.928],[-35.409,-5.928]],[[-35.409,-5.928],[-35.41,-5.928],[-35.41,-5.929],[-35.409,-5.928]]],[[[-35.386,-5.922],[-35.388,-5.922],[-35.388,-5.921],[-35.386,-5.921],[-35.386,-5.922]],[[-35.386,-5.922],[-35.387,-5.921],[-35.387,-5.922],[-35.386,-5.922]]],[[[-35.386,-5.908],[-35.386,-5.908]]],[[[-35.387,-5.908],[-35.387,-5.906],[-35.385,-5.906],[-35.385,-5.908],[-35.386,-5.909],[-35.387,-5.908]],[[-35.385,-5.907],[-35.386,-5.906],[-35.386,-5.908],[-35.385,-5.908],[-35.385,-5.907]]],[[[-35.403,-5.904],[-35.401,-5.905],[-35.401,-5.906],[-35.402,-5.906],[-35.403,-5.905],[-35.403,-5.904]],[[-35.402,-5.905],[-35.402,-5.906],[-35.401,-5.906],[-35.402,-5.905]]],[[[-35.388,-5.89],[-35.39,-5.89],[-35.39,-5.888],[-35.388,-5.888],[-35.387,-5.889],[-35.388,-5.89]],[[-35.388,-5.889],[-35.389,-5.888],[-35.39,-5.888],[-35.389,-5.889],[-35.39,-5.89],[-35.388,-5.889]]],[[[-35.351,-5.889],[-35.351,-5.887],[-35.35,-5.886],[-35.348,-5.887],[-35.348,-5.889],[-35.351,-5.889]],[[-35.351,-5.887],[-35.35,-5.888],[-35.349,-5.888],[-35.349,-5.887],[-35.351,-5.887]]],[[[-35.384,-5.873],[-35.384,-5.871],[-35.383,-5.87],[-35.382,-5.872],[-35.384,-5.873]],[[-35.384,-5.873],[-35.383,-5.872],[-35.383,-5.87],[-35.384,-5.871],[-35.384,-5.873]]],[[[-35.366,-5.847],[-35.368,-5.847],[-35.369,-5.846],[-35.368,-5.843],[-35.366,-5.843],[-35.365,-5.846],[-35.366,-5.847]],[[-35.369,-5.846],[-35.368,-5.847],[-35.366,-5.847],[-35.365,-5.846],[-35.367,-5.843],[-35.368,-5.844],[-35.369,-5.846]]],[[[-35.32,-5.837],[-35.321,-5.838],[-35.321,-5.836],[-35.32,-5.837]],[[-35.321,-5.837],[-35.321,-5.838],[-35.32,-5.837],[-35.321,-5.837]]],[[[-35.322,-5.838],[-35.325,-5.836],[-35.323,-5.836],[-35.322,-5.835],[-35.321,-5.835],[-35.321,-5.837],[-35.322,-5.838]],[[-35.322,-5.837],[-35.322,-5.836],[-35.323,-5.836],[-35.323,-5.837],[-35.322,-5.837]],[[-35.324,-5.836],[-35.325,-5.836],[-35.324,-5.837],[-35.324,-5.836]]],[[[-35.375,-5.83],[-35.373,-5.83],[-35.372,-5.832],[-35.373,-5.833],[-35.375,-5.832],[-35.375,-5.83]],[[-35.375,-5.83],[-35.375,-5.832],[-35.373,-5.832],[-35.373,-5.83],[-35.375,-5.83]]],[[[-35.41,-5.828],[-35.409,-5.829],[-35.41,-5.83],[-35.411,-5.829],[-35.411,-5.828],[-35.41,-5.828]],[[-35.411,-5.829],[-35.41,-5.83],[-35.41,-5.828],[-35.411,-5.828],[-35.411,-5.829]]],[[[-35.401,-5.823],[-35.401,-5.824],[-35.402,-5.824],[-35.403,-5.823],[-35.402,-5.822],[-35.401,-5.823]],[[-35.401,-5.824],[-35.402,-5.823],[-35.401,-5.824]]],[[[-35.286,-5.823],[-35.286,-5.823]]],[[[-35.29,-5.821],[-35.29,-5.821]]],[[[-35.355,-5.818],[-35.355,-5.817],[-35.352,-5.818],[-35.352,-5.82],[-35.354,-5.819],[-35.355,-5.818]],[[-35.354,-5.819],[-35.353,-5.819],[-35.353,-5.818],[-35.355,-5.818],[-35.354,-5.819]]],[[[-35.358,-5.818],[-35.356,-5.818],[-35.356,-5.819],[-35.358,-5.819],[-35.358,-5.818],[-35.359,-5.818],[-35.36,-5.817],[-35.359,-5.816],[-35.358,-5.817],[-35.358,-5.818]],[[-35.358,-5.818],[-35.358,-5.817],[-35.359,-5.817],[-35.358,-5.818]],[[-35.357,-5.818],[-35.356,-5.818],[-35.357,-5.818]]],[[[-35.42,-5.815],[-35.422,-5.815],[-35.422,-5.814],[-35.42,-5.815]],[[-35.421,-5.815],[-35.42,-5.815],[-35.421,-5.814],[-35.421,-5.815]]],[[[-35.291,-5.812],[-35.29,-5.813],[-35.291,-5.814],[-35.292,-5.813],[-35.293,-5.811],[-35.292,-5.811],[-35.291,-5.81],[-35.29,-5.81],[-35.291,-5.812]],[[-35.291,-5.81],[-35.291,-5.811],[-35.291,-5.81]],[[-35.292,-5.812],[-35.291,-5.811],[-35.292,-5.811],[-35.292,-5.812]],[[-35.292,-5.812],[-35.292,-5.813],[-35.292,-5.812]],[[-35.291,-5.813],[-35.291,-5.813]]],[[[-35.293,-5.811],[-35.294,-5.811],[-35.294,-5.81],[-35.293,-5.81],[-35.293,-5.811]],[[-35.294,-5.81],[-35.293,-5.811],[-35.293,-5.81],[-35.294,-5.81]]],[[[-35.418,-5.804],[-35.417,-5.805],[-35.423,-5.809],[-35.424,-5.808],[-35.425,-5.807],[-35.425,-5.806],[-35.423,-5.807],[-35.422,-5.806],[-35.421,-5.806],[-35.42,-5.805],[-35.418,-5.804]],[[-35.419,-5.805],[-35.42,-5.806],[-35.419,-5.805],[-35.418,-5.805],[-35.419,-5.805]],[[-35.425,-5.807],[-35.423,-5.809],[-35.422,-5.807],[-35.421,-5.807],[-35.422,-5.807],[-35.422,-5.806],[-35.423,-5.807],[-35.425,-5.807]]],[[[-35.317,-5.805],[-35.318,-5.805],[-35.318,-5.804],[-35.317,-5.804],[-35.317,-5.805]],[[-35.317,-5.805],[-35.318,-5.805],[-35.317,-5.805]]],[[[-35.316,-5.802],[-35.315,-5.803],[-35.316,-5.804],[-35.317,-5.804],[-35.317,-5.803],[-35.316,-5.802]],[[-35.316,-5.803],[-35.317,-5.803],[-35.316,-5.804],[-35.316,-5.803]]],[[[-35.42,-5.802],[-35.419,-5.801],[-35.417,-5.802],[-35.418,-5.804],[-35.42,-5.802]],[[-35.418,-5.804],[-35.418,-5.802],[-35.419,-5.802],[-35.418,-5.804]]],[[[-35.421,-5.796],[-35.42,-5.796],[-35.42,-5.798],[-35.421,-5.798],[-35.421,-5.796]],[[-35.42,-5.796],[-35.421,-5.796],[-35.42,-5.797],[-35.42,-5.796]]],[[[-35.415,-5.794],[-35.415,-5.796],[-35.416,-5.796],[-35.416,-5.795],[-35.415,-5.794]],[[-35.415,-5.795],[-35.416,-5.795],[-35.416,-5.796],[-35.415,-5.795]]],[[[-35.28,-5.79],[-35.28,-5.788],[-35.279,-5.787],[-35.277,-5.788],[-35.277,-5.791],[-35.279,-5.791],[-35.28,-5.79]],[[-35.277,-5.788],[-35.279,-5.787],[-35.279,-5.79],[-35.278,-5.79],[-35.277,-5.788]]],[[[-35.395,-5.79],[-35.395,-5.788],[-35.393,-5.788],[-35.393,-5.789],[-35.395,-5.79]],[[-35.394,-5.788],[-35.394,-5.789],[-35.393,-5.789],[-35.394,-5.788]]],[[[-35.403,-5.787],[-35.401,-5.787],[-35.401,-5.789],[-35.402,-5.788],[-35.403,-5.787]],[[-35.401,-5.787],[-35.402,-5.787],[-35.401,-5.788],[-35.401,-5.787]]],[[[-35.23,-5.781],[-35.23,-5.78],[-35.231,-5.778],[-35.234,-5.775],[-35.231,-5.775],[-35.233,-5.774],[-35.235,-5.775],[-35.235,-5.773],[-35.234,-5.772],[-35.233,-5.772],[-35.231,-5.773],[-35.23,-5.771],[-35.227,-5.772],[-35.228,-5.775],[-35.229,-5.775],[-35.229,-5.774],[-35.23,-5.775],[-35.229,-5.779],[-35.229,-5.78],[-35.23,-5.781]],[[-35.233,-5.774],[-35.23,-5.775],[-35.229,-5.773],[-35.229,-5.775],[-35.228,-5.775],[-35.228,-5.772],[-35.23,-5.772],[-35.23,-5.773],[-35.234,-5.773],[-35.235,-5.774],[-35.233,-5.774]],[[-35.231,-5.775],[-35.233,-5.775],[-35.232,-5.776],[-35.23,-5.778],[-35.23,-5.78],[-35.23,-5.778],[-35.231,-5.776],[-35.23,-5.777],[-35.231,-5.776],[-35.231,-5.775]]],[[[-35.219,-5.772],[-35.216,-5.772],[-35.216,-5.774],[-35.217,-5.775],[-35.218,-5.774],[-35.221,-5.774],[-35.222,-5.773],[-35.22,-5.773],[-35.219,-5.772]],[[-35.218,-5.773],[-35.217,-5.774],[-35.216,-5.774],[-35.216,-5.772],[-35.218,-5.773],[-35.219,-5.772],[-35.219,-5.773],[-35.218,-5.773],[-35.219,-5.773],[-35.219,-5.774],[-35.221,-5.773],[-35.219,-5.774],[-35.218,-5.773]]],[[[-35.217,-5.757],[-35.219,-5.755],[-35.218,-5.754],[-35.216,-5.756],[-35.217,-5.757]],[[-35.217,-5.756],[-35.218,-5.754],[-35.218,-5.755],[-35.217,-5.756]]],[[[-35.218,-5.755],[-35.217,-5.755],[-35.217,-5.756],[-35.218,-5.755]]]]},"properties":{"tipo":"Nascente","area_ha":323.846588,"fonte":"Mapeamento realizado a partir do Código Florestal (2012)"},"id":1}]}
