{"type":"FeatureCollection","features":[{"type":"Feature","id":1,"properties":{"aquifero":"Aluviões","fonte":"SEMARH (1998)"},"geometry":{"type":"MultiPolygon","coordinates":[[[[-35.221955,-5.736188],[-35.222337,-5.736044],[-35.222603,-5.735716],[-35.221955,-5.736188]]],[[[-35.316479,-5.849017],[-35.320739,-5.850402],[-35.322404,-5.851694],[-35.323813,-5.853559],[-35.324697,-5.854126],[-35.328852,-5.8552],[-35.329424,-5.855613],[-35.330053,-5.857065],[-35.331248,-5.857684],[-35.331662,-5.857319],[-35.331497,-5.855033],[-35.332065,-5.854511],[-35.334242,-5.854035],[-35.334701,-5.853211],[-35.336117,-5.853335],[-35.336593,-5.852974],[-35.336233,-5.852557],[-35.335241,-5.852752],[-35.334007,-5.852152],[-35.332911,-5.852331],[-35.332068,-5.851534],[-35.331447,-5.850186],[-35.329399,-5.849894],[-35.32767,-5.848918],[-35.32731,-5.847989],[-35.327765,-5.846781],[-35.328421,-5.846142],[-35.327459,-5.845885],[-35.326413,-5.844859],[-35.324203,-5.845253],[-35.323475,-5.844778],[-35.322452,-5.844983],[-35.321337,-5.844474],[-35.321633,-5.843433],[-35.322564,-5.842513],[-35.322166,-5.841487],[-35.321271,-5.842775],[-35.320906,-5.842038],[-35.323756,-5.8382],[-35.328275,-5.833817],[-35.33185,-5.832068],[-35.337642,-5.832343],[-35.3386,-5.832877],[-35.340452,-5.833168],[-35.343137,-5.832918],[-35.345999,-5.832069],[-35.349394,-5.830022],[-35.352597,-5.825166],[-35.355609,-5.817201],[-35.357689,-5.81492],[-35.360368,-5.813056],[-35.361678,-5.81276],[-35.363033,-5.81465],[-35.365322,-5.815928],[-35.373632,-5.81581],[-35.377024,-5.813046],[-35.379228,-5.81202],[-35.383152,-5.808237],[-35.384583,-5.807872],[-35.38614,-5.809002],[-35.386029,-5.811035],[-35.384726,-5.813312],[-35.384731,-5.814568],[-35.385456,-5.816657],[-35.386837,-5.818445],[-35.38649,-5.821077],[-35.386843,-5.819999],[-35.388827,-5.820126],[-35.391623,-5.822233],[-35.393335,-5.822125],[-35.39464,-5.821144],[-35.400981,-5.819671],[-35.404843,-5.819924],[-35.406507,-5.81888],[-35.40926,-5.820542],[-35.411885,-5.820172],[-35.412298,-5.818974],[-35.412168,-5.816524],[-35.411505,-5.815092],[-35.411795,-5.812998],[-35.413046,-5.812335],[-35.414659,-5.812627],[-35.416803,-5.811482],[-35.417881,-5.812255],[-35.419777,-5.812433],[-35.421616,-5.813277],[-35.424087,-5.81524],[-35.425875,-5.81447],[-35.430315,-5.816734],[-35.430655,-5.815994],[-35.432396,-5.814752],[-35.432937,-5.815707],[-35.433715,-5.816062],[-35.435084,-5.815219],[-35.438549,-5.815922],[-35.440576,-5.815136],[-35.442726,-5.815545],[-35.444616,-5.814379],[-35.447034,-5.814369],[-35.448774,-5.813106],[-35.449796,-5.811263],[-35.4509,-5.81095],[-35.451367,-5.813109],[-35.449752,-5.817532],[-35.449758,-5.819018],[-35.451705,-5.821185],[-35.454097,-5.822132],[-35.455291,-5.822186],[-35.457971,-5.82074],[-35.460538,-5.820728],[-35.464184,-5.821729],[-35.466807,-5.82088],[-35.468541,-5.82165],[-35.469974,-5.821703],[-35.471345,-5.821219],[-35.475946,-5.822275],[-35.479296,-5.823815],[-35.480916,-5.82578],[-35.483011,-5.826907],[-35.484392,-5.828814],[-35.48679,-5.831015],[-35.487926,-5.831548],[-35.489717,-5.831481],[-35.49061,-5.831058],[-35.491679,-5.829798],[-35.491293,-5.829542],[-35.491564,-5.829446],[-35.491466,-5.829146],[-35.490925,-5.829371],[-35.488751,-5.828974],[-35.485872,-5.825878],[-35.483777,-5.824572],[-35.482513,-5.822306],[-35.481734,-5.821712],[-35.48018,-5.821121],[-35.479135,-5.82111],[-35.476828,-5.819222],[-35.474618,-5.818754],[-35.473421,-5.818101],[-35.472698,-5.81667],[-35.471622,-5.816256],[-35.470955,-5.813808],[-35.470475,-5.813212],[-35.469817,-5.812976],[-35.467852,-5.81406],[-35.46416,-5.815016],[-35.462245,-5.815161],[-35.46147,-5.815463],[-35.460591,-5.816412],[-35.459331,-5.816901],[-35.457179,-5.816977],[-35.456467,-5.817936],[-35.454733,-5.818302],[-35.453813,-5.817698],[-35.453364,-5.816661],[-35.453419,-5.815882],[-35.453977,-5.815281],[-35.457848,-5.813163],[-35.458022,-5.812027],[-35.457659,-5.810892],[-35.458188,-5.808857],[-35.458722,-5.808138],[-35.459198,-5.807777],[-35.460452,-5.807831],[-35.463135,-5.807102],[-35.464684,-5.806438],[-35.465694,-5.805357],[-35.468059,-5.800206],[-35.469425,-5.798585],[-35.471274,-5.798278],[-35.473894,-5.796593],[-35.476521,-5.796701],[-35.477668,-5.799805],[-35.478569,-5.801056],[-35.480659,-5.801286],[-35.481792,-5.801042],[-35.484828,-5.798996],[-35.48757,-5.798267],[-35.488879,-5.797304],[-35.491087,-5.797056],[-35.492753,-5.795912],[-35.493346,-5.795013],[-35.493165,-5.794476],[-35.487681,-5.796293],[-35.484995,-5.796365],[-35.482497,-5.798349],[-35.481542,-5.798413],[-35.479387,-5.796928],[-35.478482,-5.79472],[-35.477582,-5.793707],[-35.475309,-5.792761],[-35.474235,-5.792825],[-35.469771,-5.795774],[-35.46846,-5.796258],[-35.465952,-5.79603],[-35.464886,-5.798067],[-35.464831,-5.798964],[-35.466155,-5.801529],[-35.465825,-5.802341],[-35.464306,-5.803947],[-35.463065,-5.804771],[-35.459189,-5.805625],[-35.45669,-5.807489],[-35.452695,-5.808762],[-35.449355,-5.809051],[-35.44792,-5.808842],[-35.446716,-5.807997],[-35.447264,-5.807456],[-35.445824,-5.808599],[-35.443498,-5.809207],[-35.440632,-5.80898],[-35.437768,-5.809471],[-35.436095,-5.809119],[-35.434606,-5.809783],[-35.429886,-5.808967],[-35.424696,-5.809587],[-35.423978,-5.809291],[-35.422354,-5.806488],[-35.419243,-5.804827],[-35.417862,-5.80298],[-35.416429,-5.802986],[-35.415652,-5.802571],[-35.414991,-5.801617],[-35.414683,-5.799466],[-35.411088,-5.796193],[-35.410364,-5.794463],[-35.410659,-5.793565],[-35.411253,-5.792904],[-35.412683,-5.79236],[-35.412081,-5.791107],[-35.410168,-5.790458],[-35.410042,-5.788844],[-35.408965,-5.788311],[-35.405446,-5.789043],[-35.40419,-5.78845],[-35.401448,-5.789478],[-35.399418,-5.789248],[-35.397862,-5.788417],[-35.39637,-5.788603],[-35.395836,-5.789203],[-35.394343,-5.789209],[-35.393037,-5.790889],[-35.390769,-5.790899],[-35.38821,-5.792763],[-35.386301,-5.79307],[-35.385055,-5.794988],[-35.38333,-5.79643],[-35.382314,-5.796255],[-35.380811,-5.793511],[-35.379854,-5.793276],[-35.379203,-5.794475],[-35.378666,-5.794477],[-35.378436,-5.79675],[-35.375701,-5.799392],[-35.372893,-5.798806],[-35.369958,-5.796546],[-35.369006,-5.797148],[-35.368587,-5.796971],[-35.366787,-5.794706],[-35.365475,-5.795011],[-35.361252,-5.798735],[-35.358446,-5.798747],[-35.35815,-5.799286],[-35.358757,-5.801795],[-35.360497,-5.80376],[-35.361221,-5.80579],[-35.360807,-5.806629],[-35.35932,-5.80801],[-35.358486,-5.808313],[-35.357052,-5.80796],[-35.356455,-5.808142],[-35.356342,-5.809577],[-35.355574,-5.811434],[-35.353607,-5.812339],[-35.348463,-5.809969],[-35.34715,-5.810034],[-35.344512,-5.807235],[-35.342482,-5.807303],[-35.341586,-5.807008],[-35.340806,-5.806054],[-35.338711,-5.804927],[-35.334591,-5.804526],[-35.333632,-5.803812],[-35.331592,-5.801309],[-35.329259,-5.800123],[-35.328474,-5.797854],[-35.326971,-5.79523],[-35.326837,-5.791763],[-35.326357,-5.791107],[-35.324742,-5.790456],[-35.323012,-5.790702],[-35.321098,-5.789753],[-35.318114,-5.790005],[-35.314955,-5.791213],[-35.312806,-5.791222],[-35.309711,-5.793507],[-35.305771,-5.793702],[-35.303982,-5.794188],[-35.299386,-5.794326],[-35.296946,-5.796189],[-35.294503,-5.797335],[-35.292052,-5.796688],[-35.288888,-5.7967],[-35.287274,-5.796169],[-35.285963,-5.796712],[-35.282321,-5.796607],[-35.281165,-5.796339],[-35.281035,-5.796015],[-35.279691,-5.7959],[-35.279032,-5.795186],[-35.278187,-5.792917],[-35.276869,-5.791966],[-35.276444,-5.790114],[-35.275483,-5.789241],[-35.276272,-5.788121],[-35.277593,-5.787121],[-35.277718,-5.786398],[-35.277299,-5.785243],[-35.278011,-5.783968],[-35.276986,-5.784324],[-35.276687,-5.785442],[-35.276317,-5.785599],[-35.276893,-5.782877],[-35.27599,-5.781027],[-35.271216,-5.781525],[-35.26907,-5.78237],[-35.267876,-5.782256],[-35.267351,-5.781978],[-35.267674,-5.781596],[-35.266042,-5.78022],[-35.264191,-5.779887],[-35.264462,-5.780548],[-35.263152,-5.780481],[-35.262388,-5.780145],[-35.262047,-5.778928],[-35.261698,-5.779565],[-35.260186,-5.778594],[-35.258671,-5.779482],[-35.25628,-5.778834],[-35.25491,-5.779437],[-35.254153,-5.780597],[-35.252895,-5.781174],[-35.250369,-5.778618],[-35.248634,-5.777668],[-35.248274,-5.777072],[-35.248316,-5.776025],[-35.248971,-5.776075],[-35.248536,-5.774901],[-35.248617,-5.773239],[-35.248934,-5.773219],[-35.248664,-5.771943],[-35.248935,-5.769746],[-35.246614,-5.76494],[-35.244755,-5.762795],[-35.242844,-5.762563],[-35.24177,-5.762807],[-35.239497,-5.76168],[-35.237527,-5.761807],[-35.236216,-5.762231],[-35.23449,-5.763553],[-35.23246,-5.763621],[-35.230502,-5.761949],[-35.226677,-5.760888],[-35.225171,-5.761482],[-35.224335,-5.761425],[-35.223855,-5.761008],[-35.224968,-5.755563],[-35.224961,-5.753709],[-35.223931,-5.749767],[-35.222007,-5.746187],[-35.221641,-5.744335],[-35.221749,-5.741285],[-35.221162,-5.7394],[-35.218244,-5.741488],[-35.214976,-5.745387],[-35.21224,-5.748029],[-35.209857,-5.749234],[-35.208195,-5.751811],[-35.206823,-5.752116],[-35.203543,-5.7549],[-35.201826,-5.752804],[-35.200637,-5.75298],[-35.200875,-5.752278],[-35.206176,-5.74817],[-35.202679,-5.750625],[-35.20352,-5.748952],[-35.203576,-5.745514],[-35.203267,-5.749129],[-35.202033,-5.751176],[-35.20089,-5.752201],[-35.195213,-5.754715],[-35.194836,-5.755614],[-35.199565,-5.759839],[-35.199687,-5.760566],[-35.201844,-5.761193],[-35.202562,-5.761728],[-35.202744,-5.762505],[-35.201915,-5.764242],[-35.201863,-5.766096],[-35.202344,-5.766991],[-35.2037,-5.767799],[-35.203909,-5.770091],[-35.205801,-5.775435],[-35.205836,-5.776847],[-35.208457,-5.782197],[-35.21122,-5.785142],[-35.211773,-5.785941],[-35.211777,-5.786793],[-35.212777,-5.786789],[-35.213379,-5.787338],[-35.213349,-5.788708],[-35.214082,-5.787986],[-35.214532,-5.787985],[-35.215953,-5.789166],[-35.217739,-5.789475],[-35.217842,-5.790126],[-35.218491,-5.789723],[-35.220833,-5.78966],[-35.223466,-5.790801],[-35.224142,-5.791621],[-35.225473,-5.791649],[-35.226099,-5.792172],[-35.226491,-5.791546],[-35.228101,-5.791671],[-35.228425,-5.791921],[-35.227969,-5.792334],[-35.227875,-5.793268],[-35.228074,-5.794103],[-35.228764,-5.794739],[-35.229354,-5.79513],[-35.234558,-5.796043],[-35.236471,-5.795937],[-35.240779,-5.793807],[-35.243965,-5.793057],[-35.245094,-5.793102],[-35.24701,-5.79393],[-35.247576,-5.794572],[-35.247552,-5.795568],[-35.247084,-5.797873],[-35.246344,-5.799042],[-35.245416,-5.800029],[-35.239783,-5.802409],[-35.239639,-5.803147],[-35.241123,-5.805399],[-35.241438,-5.805082],[-35.244209,-5.804996],[-35.242591,-5.805346],[-35.245974,-5.804841],[-35.246203,-5.805804],[-35.244859,-5.80804],[-35.245057,-5.808628],[-35.246235,-5.808869],[-35.246826,-5.809408],[-35.247378,-5.812452],[-35.248217,-5.812631],[-35.247476,-5.813059],[-35.247445,-5.813504],[-35.247917,-5.813618],[-35.249121,-5.812976],[-35.249734,-5.81185],[-35.249196,-5.813034],[-35.249495,-5.814359],[-35.250747,-5.814477],[-35.251461,-5.815089],[-35.251612,-5.816267],[-35.251177,-5.817841],[-35.252261,-5.818869],[-35.253298,-5.820781],[-35.253888,-5.821024],[-35.255505,-5.820428],[-35.256239,-5.819934],[-35.256725,-5.818802],[-35.257458,-5.818111],[-35.260554,-5.819327],[-35.263737,-5.817938],[-35.265749,-5.817979],[-35.266238,-5.817683],[-35.266925,-5.817778],[-35.269093,-5.82003],[-35.269978,-5.820517],[-35.272677,-5.820605],[-35.274053,-5.821189],[-35.273324,-5.821506],[-35.275671,-5.820937],[-35.27734,-5.821323],[-35.279013,-5.822495],[-35.28016,-5.824465],[-35.280279,-5.826544],[-35.279387,-5.831735],[-35.280176,-5.832338],[-35.280308,-5.833186],[-35.279735,-5.833343],[-35.27869,-5.832397],[-35.278618,-5.832832],[-35.279842,-5.834443],[-35.279872,-5.837727],[-35.279965,-5.836438],[-35.28061,-5.839462],[-35.280305,-5.840559],[-35.280478,-5.842049],[-35.281454,-5.839697],[-35.281514,-5.837591],[-35.280932,-5.835904],[-35.281806,-5.83513],[-35.283703,-5.834949],[-35.284114,-5.835089],[-35.284508,-5.83604],[-35.284999,-5.836125],[-35.28539,-5.835716],[-35.28525,-5.832715],[-35.285729,-5.832833],[-35.2858,-5.833512],[-35.287187,-5.833937],[-35.287959,-5.83571],[-35.289868,-5.836323],[-35.293096,-5.839712],[-35.294504,-5.840222],[-35.295801,-5.841517],[-35.2997,-5.843683],[-35.303038,-5.843669],[-35.30723,-5.845522],[-35.312572,-5.845189],[-35.313872,-5.845755],[-35.315595,-5.848397],[-35.316479,-5.849017]],[[-35.316148,-5.848672],[-35.317237,-5.849211],[-35.316479,-5.849017],[-35.316148,-5.848672]],[[-35.274578,-5.789262],[-35.274525,-5.789123],[-35.275483,-5.789241],[-35.274578,-5.789262]],[[-35.259843,-5.778922],[-35.259624,-5.779343],[-35.259516,-5.779138],[-35.258671,-5.779482],[-35.259843,-5.778922]],[[-35.240879,-5.804849],[-35.240673,-5.804671],[-35.24064,-5.803599],[-35.240879,-5.804849]],[[-35.27982,-5.796695],[-35.279619,-5.796874],[-35.27924,-5.79678],[-35.27982,-5.796695]],[[-35.366096,-5.81539],[-35.365193,-5.815346],[-35.363046,-5.813844],[-35.362305,-5.812802],[-35.363892,-5.813579],[-35.366096,-5.81539]]],[[[-35.27927,-5.842361],[-35.279588,-5.84169],[-35.279641,-5.840954],[-35.27927,-5.842361]]],[[[-35.358995,-5.874455],[-35.360197,-5.876423],[-35.36193,-5.876714],[-35.363194,-5.8791],[-35.364691,-5.88011],[-35.365355,-5.881841],[-35.366972,-5.882971],[-35.367801,-5.881472],[-35.368279,-5.881411],[-35.369058,-5.882125],[-35.37008,-5.883735],[-35.370274,-5.887202],[-35.373015,-5.891707],[-35.374152,-5.89218],[-35.377139,-5.892586],[-35.378216,-5.893299],[-35.378997,-5.894372],[-35.379664,-5.896641],[-35.37949,-5.897897],[-35.37713,-5.904663],[-35.377314,-5.905619],[-35.378214,-5.906811],[-35.378752,-5.906808],[-35.379404,-5.90567],[-35.380546,-5.907518],[-35.380739,-5.910746],[-35.379916,-5.913858],[-35.38011,-5.917146],[-35.381252,-5.919054],[-35.382871,-5.920542],[-35.384249,-5.921732],[-35.386223,-5.92262],[-35.387473,-5.921718],[-35.388363,-5.920399],[-35.389915,-5.920213],[-35.390271,-5.919733],[-35.389133,-5.918901],[-35.386686,-5.919031],[-35.384355,-5.918562],[-35.383396,-5.91767],[-35.382493,-5.916],[-35.381886,-5.91379],[-35.38301,-5.911274],[-35.382524,-5.909244],[-35.382639,-5.908286],[-35.383053,-5.907268],[-35.385374,-5.905644],[-35.386027,-5.904565],[-35.386554,-5.902351],[-35.386372,-5.901515],[-35.384833,-5.898977],[-35.383019,-5.893784],[-35.379291,-5.887522],[-35.37719,-5.8849],[-35.37288,-5.882288],[-35.37192,-5.881276],[-35.368011,-5.874596],[-35.368309,-5.874355],[-35.370882,-5.875779],[-35.372441,-5.877387],[-35.376029,-5.878747],[-35.379761,-5.877449],[-35.381007,-5.87547],[-35.380645,-5.874814],[-35.379749,-5.874639],[-35.376792,-5.875575],[-35.374165,-5.875526],[-35.37201,-5.87434],[-35.370152,-5.872614],[-35.36752,-5.871429],[-35.366386,-5.871494],[-35.364066,-5.873536],[-35.36329,-5.87342],[-35.362511,-5.872885],[-35.361721,-5.8696],[-35.360699,-5.867811],[-35.36004,-5.867276],[-35.358725,-5.866982],[-35.358308,-5.867343],[-35.359572,-5.86955],[-35.359406,-5.872839],[-35.358995,-5.874455]]]]}},{"type":"Feature","id":2,"properties":{"aquifero":"Cristalino","fonte":"SEMARH (1998)"},"geometry":{"type":"MultiPolygon","coordinates":[[[[-35.640343,-6.079932],[-35.640392,-6.080967],[-35.641291,-6.080752],[-35.641555,-6.080658],[-35.641047,-6.080036],[-35.640343,-6.079932]]],[[[-36.399783,-6.021246],[-36.399645,-6.02084],[-36.399252,-6.021511],[-36.399072,-6.02293],[-36.399783,-6.021246]]],[[[-36.241595,-5.851045],[-36.241354,-5.850575],[-36.239656,-5.849785],[-36.238972,-5.849902],[-36.238979,-5.851725],[-36.238506,-5.852179],[-36.23777,-5.852391],[-36.236694,-5.851708],[-36.235891,-5.851724],[-36.235172,-5.852212],[-36.234896,-5.853189],[-36.233291,-5.852152],[-36.23251,-5.852168],[-36.231359,-5.853755],[-36.229225,-5.853744],[-36.228242,-5.852402],[-36.227657,-5.852213],[-36.227523,-5.850848],[-36.225724,-5.85036],[-36.22474,-5.851208],[-36.223371,-5.851642],[-36.223075,-5.852829],[-36.221524,-5.853528],[-36.220713,-5.853639],[-36.218531,-5.853044],[-36.217897,-5.855005],[-36.216516,-5.855565],[-36.215092,-5.855227],[-36.213918,-5.855815],[-36.213538,-5.855623],[-36.213079,-5.854325],[-36.211658,-5.85417],[-36.21071,-5.853701],[-36.209819,-5.854598],[-36.207579,-5.855688],[-36.206806,-5.855672],[-36.206087,-5.855092],[-36.205194,-5.856141],[-36.200899,-5.856513],[-36.198971,-5.855261],[-36.195212,-5.853527],[-36.189719,-5.853527],[-36.185382,-5.852757],[-36.17633,-5.853001],[-36.173047,-5.850057],[-36.170057,-5.848905],[-36.166431,-5.84986],[-36.162148,-5.852906],[-36.157199,-5.850907],[-36.154534,-5.848813],[-36.151619,-5.848776],[-36.150749,-5.851061],[-36.151706,-5.858374],[-36.150388,-5.859949],[-36.148851,-5.859611],[-36.145901,-5.857137],[-36.14295,-5.855233],[-36.142189,-5.853996],[-36.141046,-5.854757],[-36.140571,-5.85628],[-36.139238,-5.857613],[-36.136986,-5.858717],[-36.134123,-5.859561],[-36.129018,-5.857506],[-36.125802,-5.855552],[-36.121904,-5.853882],[-36.12079,-5.851377],[-36.117026,-5.848027],[-36.11704,-5.845452],[-36.115345,-5.841437],[-36.112963,-5.840629],[-36.111968,-5.839622],[-36.110771,-5.839455],[-36.108482,-5.837609],[-36.108027,-5.837553],[-36.106807,-5.833666],[-36.106038,-5.833373],[-36.105572,-5.832298],[-36.104763,-5.832101],[-36.102175,-5.829835],[-36.101621,-5.829276],[-36.10163,-5.828816],[-36.100023,-5.829038],[-36.099738,-5.828742],[-36.098547,-5.829751],[-36.09788,-5.831099],[-36.096998,-5.831081],[-36.094727,-5.832139],[-36.092442,-5.834378],[-36.091149,-5.83463],[-36.089859,-5.836154],[-36.087924,-5.836144],[-36.086203,-5.83728],[-36.085461,-5.838089],[-36.085031,-5.839573],[-36.083548,-5.840552],[-36.082499,-5.839449],[-36.08058,-5.840946],[-36.079051,-5.840031],[-36.076752,-5.840032],[-36.076015,-5.839472],[-36.074962,-5.840988],[-36.075167,-5.841461],[-36.066663,-5.841098],[-36.064435,-5.843881],[-36.065146,-5.846436],[-36.064429,-5.84698],[-36.06462,-5.848476],[-36.06539,-5.850452],[-36.064586,-5.85332],[-36.063338,-5.852053],[-36.06008,-5.851831],[-36.059539,-5.850464],[-36.056349,-5.851709],[-36.055232,-5.84953],[-36.0542,-5.849018],[-36.053351,-5.849441],[-36.052546,-5.850359],[-36.050655,-5.850459],[-36.050485,-5.849763],[-36.049607,-5.849337],[-36.047255,-5.846154],[-36.044836,-5.845824],[-36.043819,-5.846386],[-36.043147,-5.845808],[-36.042181,-5.845828],[-36.03786,-5.842245],[-36.033673,-5.83977],[-36.029104,-5.835202],[-36.02444,-5.833584],[-36.021497,-5.830272],[-36.016754,-5.829214],[-36.009496,-5.829333],[-36.007593,-5.825883],[-36.001644,-5.81944],[-36.001378,-5.817654],[-35.999821,-5.81582],[-35.994754,-5.814089],[-35.993857,-5.811469],[-35.99351,-5.810795],[-35.992908,-5.810504],[-35.992249,-5.808583],[-35.990219,-5.806601],[-35.990085,-5.804936],[-35.988305,-5.804396],[-35.987962,-5.804572],[-35.98589,-5.803532],[-35.985584,-5.802756],[-35.984142,-5.802147],[-35.981495,-5.799009],[-35.980369,-5.798565],[-35.979983,-5.797771],[-35.977455,-5.797079],[-35.976499,-5.793972],[-35.973784,-5.795398],[-35.973449,-5.797086],[-35.970007,-5.797023],[-35.969257,-5.797431],[-35.966865,-5.800481],[-35.965775,-5.800614],[-35.965293,-5.801866],[-35.963138,-5.804518],[-35.96201,-5.804701],[-35.960934,-5.805604],[-35.959619,-5.805589],[-35.958315,-5.804821],[-35.957462,-5.804685],[-35.956279,-5.805689],[-35.953719,-5.806248],[-35.95182,-5.807374],[-35.95078,-5.807516],[-35.94964,-5.807061],[-35.948712,-5.80708],[-35.947505,-5.807629],[-35.946145,-5.810349],[-35.94614,-5.810926],[-35.945465,-5.811369],[-35.943585,-5.815056],[-35.940611,-5.815294],[-35.938707,-5.813271],[-35.932759,-5.810416],[-35.929914,-5.807676],[-35.926576,-5.803812],[-35.926586,-5.802095],[-35.925711,-5.800468],[-35.926195,-5.798768],[-35.925378,-5.797564],[-35.924631,-5.797381],[-35.923708,-5.796636],[-35.923389,-5.796852],[-35.920347,-5.792906],[-35.916933,-5.790026],[-35.913512,-5.78829],[-35.910668,-5.785699],[-35.90554,-5.782524],[-35.900723,-5.77688],[-35.897725,-5.771655],[-35.896948,-5.771403],[-35.896962,-5.770452],[-35.894566,-5.76863],[-35.893565,-5.767286],[-35.893006,-5.767105],[-35.892587,-5.765737],[-35.889382,-5.763194],[-35.889025,-5.761726],[-35.887503,-5.760651],[-35.885102,-5.756828],[-35.885506,-5.756408],[-35.88563,-5.755315],[-35.884682,-5.753997],[-35.883299,-5.752381],[-35.881906,-5.752187],[-35.880984,-5.750403],[-35.880861,-5.74877],[-35.880304,-5.74859],[-35.876566,-5.745408],[-35.877118,-5.744878],[-35.877244,-5.743699],[-35.87464,-5.738955],[-35.871714,-5.736605],[-35.867336,-5.731846],[-35.861256,-5.724101],[-35.857247,-5.723661],[-35.852868,-5.724042],[-35.849489,-5.727026],[-35.846392,-5.727555],[-35.841809,-5.729532],[-35.835866,-5.729435],[-35.834245,-5.728778],[-35.833645,-5.728981],[-35.832361,-5.728305],[-35.83135,-5.730029],[-35.831576,-5.731505],[-35.830365,-5.731758],[-35.826652,-5.731451],[-35.821503,-5.732281],[-35.817018,-5.7335],[-35.816158,-5.732611],[-35.814802,-5.734086],[-35.811777,-5.734895],[-35.811314,-5.734657],[-35.810587,-5.735285],[-35.808623,-5.735928],[-35.8052,-5.734764],[-35.801784,-5.732457],[-35.79837,-5.729577],[-35.790664,-5.727817],[-35.785816,-5.726074],[-35.779781,-5.725006],[-35.779007,-5.724404],[-35.777746,-5.724565],[-35.777494,-5.724112],[-35.777031,-5.72427],[-35.774976,-5.722945],[-35.77503,-5.721603],[-35.775556,-5.721098],[-35.775728,-5.720389],[-35.774794,-5.719461],[-35.774119,-5.719475],[-35.773718,-5.718238],[-35.771784,-5.718666],[-35.771124,-5.719255],[-35.767294,-5.716815],[-35.765245,-5.716461],[-35.764999,-5.716168],[-35.765519,-5.714639],[-35.765971,-5.714352],[-35.765962,-5.713344],[-35.765068,-5.713198],[-35.764372,-5.711046],[-35.764022,-5.710739],[-35.760966,-5.7117],[-35.759942,-5.711306],[-35.7596,-5.711663],[-35.759727,-5.712791],[-35.758863,-5.713653],[-35.757505,-5.712956],[-35.757305,-5.714183],[-35.756171,-5.714017],[-35.755309,-5.71277],[-35.755739,-5.712357],[-35.755874,-5.711526],[-35.755503,-5.711533],[-35.754512,-5.710501],[-35.752741,-5.710768],[-35.752522,-5.711219],[-35.750638,-5.7112],[-35.749886,-5.711983],[-35.749237,-5.713597],[-35.745446,-5.712328],[-35.74511,-5.711297],[-35.745332,-5.710029],[-35.742544,-5.708395],[-35.74152,-5.708104],[-35.740845,-5.708354],[-35.740462,-5.707453],[-35.740351,-5.707102],[-35.741138,-5.705924],[-35.741485,-5.704506],[-35.741019,-5.703476],[-35.741368,-5.702434],[-35.740577,-5.701785],[-35.73899,-5.701557],[-35.738262,-5.702183],[-35.73712,-5.702564],[-35.736335,-5.702296],[-35.735505,-5.702992],[-35.735364,-5.703713],[-35.734685,-5.704393],[-35.732864,-5.704619],[-35.732534,-5.704962],[-35.73085,-5.703725],[-35.729691,-5.7036],[-35.729803,-5.701373],[-35.729223,-5.700427],[-35.728337,-5.700654],[-35.727649,-5.700314],[-35.727495,-5.699428],[-35.728188,-5.698676],[-35.727318,-5.697461],[-35.728363,-5.695712],[-35.728181,-5.69536],[-35.727419,-5.695214],[-35.726807,-5.695529],[-35.724339,-5.694648],[-35.724145,-5.695441],[-35.722949,-5.695548],[-35.72196,-5.694489],[-35.721211,-5.694791],[-35.720629,-5.694193],[-35.72097,-5.693728],[-35.720624,-5.693056],[-35.719943,-5.69307],[-35.719962,-5.692159],[-35.71927,-5.691248],[-35.719159,-5.690566],[-35.717961,-5.689661],[-35.717117,-5.690679],[-35.717224,-5.693285],[-35.716753,-5.692948],[-35.715365,-5.693647],[-35.715984,-5.695225],[-35.715309,-5.697256],[-35.714164,-5.698732],[-35.71293,-5.698706],[-35.712126,-5.699863],[-35.710869,-5.69952],[-35.709692,-5.699858],[-35.709078,-5.698614],[-35.707377,-5.698238],[-35.707141,-5.700279],[-35.70587,-5.700435],[-35.705155,-5.701558],[-35.703583,-5.700267],[-35.701589,-5.701109],[-35.700776,-5.700831],[-35.699892,-5.701105],[-35.69954,-5.701343],[-35.699423,-5.703644],[-35.696203,-5.706111],[-35.695767,-5.707185],[-35.695161,-5.707498],[-35.694792,-5.709389],[-35.693313,-5.711873],[-35.691725,-5.713002],[-35.691741,-5.713786],[-35.691464,-5.714343],[-35.69084,-5.714546],[-35.690612,-5.715917],[-35.689855,-5.716946],[-35.686408,-5.720072],[-35.67774,-5.723233],[-35.674266,-5.720996],[-35.672244,-5.716832],[-35.668485,-5.706523],[-35.666209,-5.704794],[-35.662845,-5.704578],[-35.655897,-5.705125],[-35.653969,-5.704054],[-35.65347,-5.702555],[-35.65204,-5.701279],[-35.645951,-5.700099],[-35.643404,-5.700342],[-35.640906,-5.703483],[-35.63905,-5.706695],[-35.636725,-5.707675],[-35.636719,-5.708633],[-35.635725,-5.708237],[-35.634103,-5.708218],[-35.633612,-5.709149],[-35.63284,-5.708893],[-35.632225,-5.709369],[-35.630537,-5.709802],[-35.630061,-5.71104],[-35.629113,-5.711818],[-35.62815,-5.710922],[-35.627439,-5.711248],[-35.627158,-5.71186],[-35.62673,-5.711864],[-35.626222,-5.713345],[-35.626254,-5.71456],[-35.625216,-5.716861],[-35.624735,-5.717167],[-35.625205,-5.717928],[-35.625251,-5.718691],[-35.625011,-5.724327],[-35.622251,-5.726897],[-35.617016,-5.728039],[-35.614256,-5.727849],[-35.612162,-5.728515],[-35.610639,-5.731085],[-35.607927,-5.732465],[-35.6055,-5.735178],[-35.601359,-5.738033],[-35.598857,-5.742484],[-35.597969,-5.741975],[-35.596802,-5.742001],[-35.595065,-5.743272],[-35.591124,-5.74382],[-35.590157,-5.74483],[-35.588249,-5.745606],[-35.587638,-5.744628],[-35.584938,-5.744059],[-35.583619,-5.744506],[-35.582991,-5.745168],[-35.582593,-5.744952],[-35.582182,-5.745412],[-35.581408,-5.745275],[-35.581074,-5.744428],[-35.579406,-5.744002],[-35.579089,-5.744174],[-35.57682,-5.743379],[-35.575926,-5.742879],[-35.575784,-5.74212],[-35.575146,-5.7419],[-35.572536,-5.741788],[-35.571944,-5.740963],[-35.570964,-5.740487],[-35.571162,-5.739182],[-35.570452,-5.738067],[-35.570525,-5.736848],[-35.569577,-5.736373],[-35.569446,-5.735269],[-35.570234,-5.734593],[-35.569974,-5.734114],[-35.570141,-5.733174],[-35.569574,-5.732667],[-35.570744,-5.730607],[-35.567797,-5.72938],[-35.566695,-5.729918],[-35.565737,-5.729906],[-35.564848,-5.729442],[-35.563681,-5.72948],[-35.563519,-5.728446],[-35.562816,-5.728193],[-35.561956,-5.728609],[-35.560717,-5.727457],[-35.560179,-5.724917],[-35.559433,-5.724669],[-35.55893,-5.724026],[-35.558863,-5.722899],[-35.560026,-5.722582],[-35.560233,-5.722004],[-35.560031,-5.721564],[-35.559156,-5.721293],[-35.559581,-5.720253],[-35.559358,-5.718939],[-35.55839,-5.718476],[-35.557808,-5.717643],[-35.557801,-5.716748],[-35.557425,-5.717],[-35.556063,-5.716919],[-35.555213,-5.717745],[-35.554172,-5.717592],[-35.553946,-5.718327],[-35.552233,-5.718321],[-35.551733,-5.71918],[-35.550283,-5.719898],[-35.549155,-5.719325],[-35.548428,-5.719617],[-35.547889,-5.719241],[-35.547117,-5.720957],[-35.547149,-5.721506],[-35.546209,-5.721616],[-35.545889,-5.721974],[-35.544639,-5.72181],[-35.543527,-5.722088],[-35.543434,-5.722881],[-35.542731,-5.723035],[-35.539444,-5.722557],[-35.53742,-5.720306],[-35.536931,-5.719257],[-35.536651,-5.719882],[-35.53272,-5.721693],[-35.531532,-5.722894],[-35.531361,-5.724808],[-35.532028,-5.727077],[-35.529762,-5.727684],[-35.528694,-5.729004],[-35.527979,-5.729306],[-35.524871,-5.728184],[-35.523438,-5.728071],[-35.522187,-5.728614],[-35.5207,-5.729876],[-35.518372,-5.729767],[-35.515732,-5.726551],[-35.513755,-5.725005],[-35.512501,-5.724711],[-35.512029,-5.726029],[-35.512289,-5.73087],[-35.513136,-5.733437],[-35.514098,-5.735106],[-35.516968,-5.73617],[-35.51877,-5.738792],[-35.520983,-5.739918],[-35.521708,-5.741888],[-35.521656,-5.743742],[-35.521003,-5.744581],[-35.521253,-5.747091],[-35.520837,-5.747511],[-35.52012,-5.747335],[-35.519162,-5.746502],[-35.517239,-5.743522],[-35.515503,-5.742513],[-35.514601,-5.740843],[-35.509746,-5.736321],[-35.507536,-5.735793],[-35.506829,-5.737829],[-35.506172,-5.737831],[-35.503355,-5.735213],[-35.502519,-5.735038],[-35.501686,-5.735699],[-35.501695,-5.737791],[-35.502361,-5.739761],[-35.501709,-5.7409],[-35.50028,-5.741526],[-35.49831,-5.744044],[-35.497897,-5.745181],[-35.497905,-5.746915],[-35.498448,-5.748347],[-35.498395,-5.749902],[-35.497802,-5.750741],[-35.496787,-5.750746],[-35.495352,-5.750095],[-35.494098,-5.75004],[-35.49296,-5.748969],[-35.492303,-5.748972],[-35.492066,-5.749392],[-35.492854,-5.752138],[-35.492386,-5.754412],[-35.49251,-5.755487],[-35.493413,-5.757157],[-35.492174,-5.760451],[-35.493197,-5.762419],[-35.496011,-5.76432],[-35.497408,-5.769933],[-35.497173,-5.770831],[-35.495804,-5.771614],[-35.495151,-5.772514],[-35.493419,-5.772223],[-35.492169,-5.773005],[-35.489959,-5.772716],[-35.489364,-5.773137],[-35.488949,-5.773677],[-35.489013,-5.774693],[-35.489792,-5.775467],[-35.490695,-5.777256],[-35.49082,-5.778392],[-35.48963,-5.779234],[-35.487059,-5.778348],[-35.48569,-5.779131],[-35.485211,-5.778775],[-35.485141,-5.776444],[-35.484359,-5.775072],[-35.48162,-5.776698],[-35.481508,-5.778432],[-35.482414,-5.78076],[-35.482421,-5.782494],[-35.481887,-5.783154],[-35.479542,-5.779158],[-35.479526,-5.775571],[-35.479104,-5.774676],[-35.478267,-5.774262],[-35.477612,-5.774683],[-35.47673,-5.777736],[-35.477881,-5.781617],[-35.477057,-5.784311],[-35.476101,-5.784076],[-35.474361,-5.78211],[-35.47263,-5.781939],[-35.472741,-5.780145],[-35.473572,-5.779125],[-35.474044,-5.777748],[-35.474212,-5.775236],[-35.473553,-5.774641],[-35.472658,-5.774705],[-35.470099,-5.77639],[-35.469216,-5.779323],[-35.468083,-5.779567],[-35.46839,-5.781598],[-35.467681,-5.783156],[-35.465651,-5.783224],[-35.465604,-5.786094],[-35.464055,-5.786699],[-35.463525,-5.788495],[-35.46293,-5.788916],[-35.462152,-5.7885],[-35.461071,-5.786951],[-35.459038,-5.786003],[-35.458681,-5.786423],[-35.459229,-5.788752],[-35.460008,-5.789586],[-35.461032,-5.791674],[-35.461276,-5.792988],[-35.460805,-5.794365],[-35.458851,-5.797961],[-35.457422,-5.798983],[-35.456408,-5.798988],[-35.45485,-5.797619],[-35.454253,-5.797622],[-35.454136,-5.798161],[-35.454438,-5.798996],[-35.457674,-5.801971],[-35.458037,-5.803046],[-35.457741,-5.803705],[-35.457087,-5.804365],[-35.454583,-5.805034],[-35.452681,-5.806895],[-35.450415,-5.807443],[-35.447264,-5.807456],[-35.446716,-5.807997],[-35.44792,-5.808842],[-35.449355,-5.809051],[-35.452695,-5.808762],[-35.45669,-5.807489],[-35.459189,-5.805625],[-35.463065,-5.804771],[-35.465268,-5.803009],[-35.466155,-5.801529],[-35.464831,-5.798964],[-35.464886,-5.798067],[-35.465952,-5.79603],[-35.46846,-5.796258],[-35.469771,-5.795774],[-35.474235,-5.792825],[-35.475309,-5.792761],[-35.477582,-5.793707],[-35.478482,-5.79472],[-35.479387,-5.796928],[-35.481542,-5.798413],[-35.482497,-5.798349],[-35.484995,-5.796365],[-35.487681,-5.796293],[-35.493165,-5.794476],[-35.493346,-5.795013],[-35.492753,-5.795912],[-35.491087,-5.797056],[-35.488879,-5.797304],[-35.48757,-5.798267],[-35.484828,-5.798996],[-35.481792,-5.801042],[-35.480659,-5.801286],[-35.478569,-5.801056],[-35.477668,-5.799805],[-35.476521,-5.796701],[-35.473894,-5.796593],[-35.471274,-5.798278],[-35.469425,-5.798585],[-35.468059,-5.800206],[-35.465694,-5.805357],[-35.464684,-5.806438],[-35.463135,-5.807102],[-35.460452,-5.807831],[-35.459198,-5.807777],[-35.458722,-5.808138],[-35.458188,-5.808857],[-35.457659,-5.810892],[-35.458022,-5.812027],[-35.457848,-5.813163],[-35.453977,-5.815281],[-35.453419,-5.815882],[-35.453364,-5.816661],[-35.453813,-5.817698],[-35.454733,-5.818302],[-35.456467,-5.817936],[-35.457179,-5.816977],[-35.459331,-5.816901],[-35.460591,-5.816412],[-35.46147,-5.815463],[-35.462245,-5.815161],[-35.46416,-5.815016],[-35.467852,-5.81406],[-35.469817,-5.812976],[-35.470475,-5.813212],[-35.470955,-5.813808],[-35.471622,-5.816256],[-35.472698,-5.81667],[-35.473421,-5.818101],[-35.474618,-5.818754],[-35.476828,-5.819222],[-35.479135,-5.82111],[-35.48018,-5.821121],[-35.481734,-5.821712],[-35.482513,-5.822306],[-35.483777,-5.824572],[-35.485872,-5.825878],[-35.488751,-5.828974],[-35.490925,-5.829371],[-35.491466,-5.829146],[-35.491564,-5.829446],[-35.491293,-5.829542],[-35.491679,-5.829798],[-35.49061,-5.831058],[-35.489717,-5.831481],[-35.487926,-5.831548],[-35.48679,-5.831015],[-35.484392,-5.828814],[-35.483011,-5.826907],[-35.480916,-5.82578],[-35.479296,-5.823815],[-35.475946,-5.822275],[-35.471345,-5.821219],[-35.469974,-5.821703],[-35.468541,-5.82165],[-35.466807,-5.82088],[-35.464184,-5.821729],[-35.460538,-5.820728],[-35.457971,-5.82074],[-35.455291,-5.822186],[-35.454097,-5.822132],[-35.451705,-5.821185],[-35.449758,-5.819018],[-35.449752,-5.817532],[-35.451367,-5.813109],[-35.4509,-5.81095],[-35.449796,-5.811263],[-35.448774,-5.813106],[-35.447034,-5.814369],[-35.444616,-5.814379],[-35.442726,-5.815545],[-35.440576,-5.815136],[-35.438549,-5.815922],[-35.435084,-5.815219],[-35.433715,-5.816062],[-35.432937,-5.815707],[-35.432396,-5.814752],[-35.430655,-5.815994],[-35.430315,-5.816734],[-35.431877,-5.819059],[-35.434032,-5.820485],[-35.436011,-5.822449],[-35.4381,-5.82238],[-35.440434,-5.823745],[-35.44139,-5.82392],[-35.444015,-5.82355],[-35.444732,-5.823846],[-35.445213,-5.824562],[-35.44552,-5.826473],[-35.444573,-5.82851],[-35.444638,-5.829646],[-35.445603,-5.831973],[-35.44698,-5.832864],[-35.447695,-5.832622],[-35.44817,-5.831902],[-35.447921,-5.829572],[-35.448516,-5.82921],[-35.450188,-5.829143],[-35.452092,-5.82788],[-35.453231,-5.828831],[-35.454841,-5.828406],[-35.456875,-5.829473],[-35.458067,-5.829109],[-35.458536,-5.826955],[-35.459426,-5.825695],[-35.460262,-5.825871],[-35.46033,-5.827784],[-35.460691,-5.8285],[-35.46153,-5.829034],[-35.461603,-5.832262],[-35.462266,-5.833574],[-35.462923,-5.833691],[-35.463517,-5.83315],[-35.464218,-5.82956],[-35.464755,-5.829498],[-35.465299,-5.83111],[-35.466317,-5.831823],[-35.468161,-5.830141],[-35.46881,-5.828404],[-35.469345,-5.827924],[-35.472811,-5.828865],[-35.47353,-5.82946],[-35.473475,-5.830476],[-35.471811,-5.832158],[-35.469972,-5.834796],[-35.46891,-5.83779],[-35.467898,-5.838332],[-35.463898,-5.83835],[-35.461578,-5.840094],[-35.460621,-5.839799],[-35.459489,-5.840163],[-35.457705,-5.841725],[-35.456995,-5.843342],[-35.455332,-5.845143],[-35.454146,-5.847061],[-35.454332,-5.848615],[-35.454043,-5.850948],[-35.454404,-5.851484],[-35.456555,-5.851893],[-35.458816,-5.850269],[-35.460428,-5.850262],[-35.461673,-5.848284],[-35.463699,-5.847318],[-35.465244,-5.845817],[-35.466976,-5.845929],[-35.468533,-5.847058],[-35.470919,-5.846509],[-35.47487,-5.849003],[-35.476551,-5.851267],[-35.477149,-5.851444],[-35.478338,-5.850422],[-35.479295,-5.850717],[-35.479955,-5.851551],[-35.480912,-5.851965],[-35.483538,-5.851715],[-35.485394,-5.852842],[-35.485101,-5.854159],[-35.482788,-5.857696],[-35.482614,-5.858773],[-35.483452,-5.859307],[-35.484169,-5.859364],[-35.486192,-5.857801],[-35.489515,-5.853482],[-35.491962,-5.853172],[-35.492557,-5.852691],[-35.492611,-5.851555],[-35.490931,-5.84953],[-35.490806,-5.848335],[-35.49152,-5.847793],[-35.494027,-5.847663],[-35.495347,-5.849331],[-35.496484,-5.849864],[-35.496954,-5.848248],[-35.498443,-5.847344],[-35.499087,-5.844412],[-35.499679,-5.84365],[-35.501737,-5.84691],[-35.502948,-5.849702],[-35.502684,-5.851486],[-35.501312,-5.853419],[-35.501498,-5.854638],[-35.502557,-5.855742],[-35.50374,-5.855639],[-35.505942,-5.853713],[-35.508096,-5.852788],[-35.509166,-5.853579],[-35.50973,-5.855545],[-35.510779,-5.856865],[-35.510699,-5.858242],[-35.509498,-5.859357],[-35.5096,-5.860582],[-35.510763,-5.861982],[-35.513022,-5.860039],[-35.514837,-5.859223],[-35.515384,-5.858487],[-35.515332,-5.857572],[-35.51247,-5.85512],[-35.51159,-5.853377],[-35.511315,-5.851936],[-35.512123,-5.85062],[-35.513813,-5.849713],[-35.51445,-5.85047],[-35.514901,-5.851914],[-35.51606,-5.852221],[-35.517155,-5.851329],[-35.517909,-5.84996],[-35.517772,-5.847643],[-35.515467,-5.845142],[-35.514687,-5.843027],[-35.515335,-5.839904],[-35.514607,-5.837565],[-35.514563,-5.835788],[-35.515172,-5.834203],[-35.516175,-5.834008],[-35.518028,-5.835698],[-35.518684,-5.838508],[-35.520744,-5.839455],[-35.520688,-5.841256],[-35.519811,-5.842811],[-35.520293,-5.844034],[-35.521143,-5.844323],[-35.5231,-5.844154],[-35.52691,-5.841703],[-35.527612,-5.842108],[-35.52802,-5.842931],[-35.527166,-5.845469],[-35.527387,-5.84709],[-35.524859,-5.850142],[-35.524573,-5.851659],[-35.52328,-5.853963],[-35.522852,-5.856126],[-35.523262,-5.858846],[-35.525167,-5.862495],[-35.524923,-5.863766],[-35.523769,-5.865437],[-35.523335,-5.866746],[-35.523403,-5.87167],[-35.524015,-5.872186],[-35.525058,-5.872379],[-35.527433,-5.871049],[-35.528652,-5.870749],[-35.529084,-5.871855],[-35.527813,-5.875123],[-35.529306,-5.878226],[-35.52983,-5.880428],[-35.529106,-5.882804],[-35.52794,-5.88468],[-35.528382,-5.887313],[-35.527552,-5.888355],[-35.525452,-5.888772],[-35.52474,-5.889941],[-35.524923,-5.891032],[-35.5259,-5.892066],[-35.526478,-5.893382],[-35.527488,-5.893604],[-35.528293,-5.892203],[-35.529387,-5.892264],[-35.530224,-5.895614],[-35.532482,-5.896416],[-35.533525,-5.898136],[-35.53408,-5.900996],[-35.534865,-5.901835],[-35.535899,-5.90228],[-35.537225,-5.901328],[-35.538117,-5.899341],[-35.539314,-5.898106],[-35.54049,-5.897567],[-35.542676,-5.897339],[-35.544821,-5.896201],[-35.54554,-5.895541],[-35.545584,-5.892739],[-35.546907,-5.889878],[-35.546814,-5.887976],[-35.545852,-5.885428],[-35.545882,-5.883794],[-35.54755,-5.880838],[-35.547926,-5.877324],[-35.549021,-5.876114],[-35.549855,-5.876059],[-35.550473,-5.877725],[-35.549852,-5.88036],[-35.548884,-5.882553],[-35.548925,-5.883694],[-35.550453,-5.88677],[-35.55221,-5.888741],[-35.55196,-5.890443],[-35.552855,-5.892386],[-35.55258,-5.894552],[-35.553252,-5.898216],[-35.552898,-5.899473],[-35.55216,-5.900277],[-35.550395,-5.901001],[-35.548409,-5.900796],[-35.547927,-5.901229],[-35.547818,-5.902077],[-35.548465,-5.903562],[-35.550177,-5.905477],[-35.550662,-5.907817],[-35.552676,-5.909051],[-35.552999,-5.91095],[-35.553988,-5.911252],[-35.55728,-5.909886],[-35.558004,-5.910272],[-35.559815,-5.912421],[-35.560075,-5.914484],[-35.557037,-5.916388],[-35.556285,-5.917954],[-35.55621,-5.919689],[-35.556822,-5.921314],[-35.559512,-5.922079],[-35.5604,-5.922957],[-35.561734,-5.92884],[-35.562651,-5.929375],[-35.563752,-5.928776],[-35.564813,-5.924163],[-35.565316,-5.923437],[-35.56639,-5.923256],[-35.567418,-5.924067],[-35.56825,-5.924157],[-35.569987,-5.922172],[-35.572275,-5.922263],[-35.573327,-5.921786],[-35.574406,-5.91951],[-35.575375,-5.918525],[-35.576773,-5.917933],[-35.577701,-5.918093],[-35.57832,-5.919319],[-35.576892,-5.923552],[-35.576995,-5.924594],[-35.577727,-5.92534],[-35.578502,-5.925497],[-35.579255,-5.925256],[-35.580522,-5.924075],[-35.581971,-5.924306],[-35.581971,-5.926268],[-35.58081,-5.928631],[-35.581027,-5.929987],[-35.581896,-5.93105],[-35.583569,-5.931756],[-35.584088,-5.93234],[-35.584317,-5.935799],[-35.586456,-5.937836],[-35.586986,-5.93906],[-35.587033,-5.939729],[-35.586064,-5.940839],[-35.586137,-5.941672],[-35.588021,-5.94301],[-35.591088,-5.946321],[-35.592067,-5.949615],[-35.594672,-5.950605],[-35.595426,-5.953107],[-35.596873,-5.953851],[-35.598644,-5.952738],[-35.599716,-5.952901],[-35.600923,-5.953617],[-35.602297,-5.953367],[-35.604757,-5.94928],[-35.605689,-5.949314],[-35.607352,-5.95024],[-35.609274,-5.950509],[-35.609979,-5.951182],[-35.61044,-5.953523],[-35.611883,-5.956794],[-35.611761,-5.958486],[-35.610944,-5.959972],[-35.606483,-5.962903],[-35.604928,-5.962595],[-35.604008,-5.96171],[-35.603633,-5.960489],[-35.603837,-5.958245],[-35.603382,-5.957197],[-35.602461,-5.956355],[-35.60123,-5.956406],[-35.599743,-5.957666],[-35.598188,-5.957945],[-35.597083,-5.958707],[-35.596404,-5.960231],[-35.596852,-5.962895],[-35.600396,-5.966262],[-35.601845,-5.966981],[-35.60438,-5.967511],[-35.604925,-5.968647],[-35.604302,-5.969515],[-35.602267,-5.969678],[-35.60089,-5.970414],[-35.599984,-5.971685],[-35.599731,-5.972959],[-35.597035,-5.973957],[-35.596457,-5.974661],[-35.595201,-5.977893],[-35.594243,-5.978104],[-35.593697,-5.977011],[-35.593704,-5.97544],[-35.595532,-5.972129],[-35.596239,-5.96984],[-35.596147,-5.968109],[-35.5954,-5.966544],[-35.594168,-5.965445],[-35.592653,-5.965433],[-35.591248,-5.966893],[-35.589739,-5.969628],[-35.588199,-5.970053],[-35.587727,-5.969835],[-35.587556,-5.969187],[-35.58803,-5.967494],[-35.593171,-5.959767],[-35.59327,-5.958367],[-35.592633,-5.957433],[-35.591891,-5.957448],[-35.590467,-5.958527],[-35.588093,-5.959136],[-35.585621,-5.96209],[-35.584429,-5.962398],[-35.583944,-5.962075],[-35.583786,-5.960052],[-35.58544,-5.956779],[-35.585889,-5.95482],[-35.584954,-5.953452],[-35.584878,-5.951262],[-35.584503,-5.950576],[-35.583411,-5.950358],[-35.582128,-5.951448],[-35.580862,-5.951682],[-35.578363,-5.949536],[-35.578287,-5.948779],[-35.578716,-5.947895],[-35.58097,-5.947255],[-35.581918,-5.946147],[-35.581494,-5.942386],[-35.581885,-5.939747],[-35.580738,-5.936925],[-35.578036,-5.93661],[-35.577098,-5.937554],[-35.577851,-5.940911],[-35.577183,-5.942058],[-35.575409,-5.942906],[-35.572896,-5.94234],[-35.571704,-5.942449],[-35.570297,-5.943191],[-35.569991,-5.94418],[-35.570378,-5.945842],[-35.575057,-5.951003],[-35.576802,-5.953796],[-35.577517,-5.955627],[-35.577839,-5.958309],[-35.575584,-5.963072],[-35.5744,-5.963201],[-35.573553,-5.962363],[-35.573647,-5.957402],[-35.573076,-5.956563],[-35.571568,-5.955844],[-35.56949,-5.956237],[-35.568736,-5.956067],[-35.568007,-5.955351],[-35.56738,-5.953221],[-35.566525,-5.951815],[-35.565801,-5.951396],[-35.563279,-5.951038],[-35.561122,-5.948796],[-35.559159,-5.948766],[-35.55748,-5.950338],[-35.557137,-5.952384],[-35.556192,-5.954066],[-35.555316,-5.956967],[-35.552784,-5.959],[-35.552591,-5.961864],[-35.55138,-5.963105],[-35.549131,-5.96409],[-35.548333,-5.965354],[-35.548435,-5.966845],[-35.549633,-5.969229],[-35.553432,-5.973604],[-35.553545,-5.974421],[-35.553104,-5.975908],[-35.553673,-5.97722],[-35.553246,-5.977926],[-35.551966,-5.978041],[-35.550809,-5.976651],[-35.549658,-5.976242],[-35.548476,-5.976551],[-35.547598,-5.977724],[-35.546727,-5.977658],[-35.546443,-5.97683],[-35.547375,-5.973934],[-35.546823,-5.973386],[-35.545471,-5.973181],[-35.544767,-5.972221],[-35.543316,-5.972471],[-35.542173,-5.9737],[-35.539664,-5.975392],[-35.537434,-5.97571],[-35.537337,-5.97481],[-35.537719,-5.973958],[-35.540765,-5.971523],[-35.541703,-5.970224],[-35.541679,-5.969324],[-35.540659,-5.968494],[-35.53633,-5.967994],[-35.534538,-5.964785],[-35.533136,-5.963807],[-35.53219,-5.963805],[-35.531082,-5.964394],[-35.529248,-5.967622],[-35.5275,-5.968623],[-35.526802,-5.969779],[-35.527734,-5.972193],[-35.5302,-5.97464],[-35.530584,-5.975427],[-35.53009,-5.978116],[-35.530605,-5.980057],[-35.529374,-5.984144],[-35.528173,-5.984455],[-35.527094,-5.983658],[-35.526592,-5.978432],[-35.52555,-5.976217],[-35.52479,-5.975985],[-35.523772,-5.97625],[-35.523106,-5.977065],[-35.52268,-5.979743],[-35.522945,-5.98317],[-35.522145,-5.98406],[-35.521043,-5.982318],[-35.519151,-5.982536],[-35.51789,-5.981623],[-35.51629,-5.981521],[-35.514657,-5.979599],[-35.51227,-5.980014],[-35.511462,-5.979424],[-35.510862,-5.978066],[-35.507526,-5.977973],[-35.506804,-5.977644],[-35.506533,-5.976898],[-35.506737,-5.976332],[-35.508759,-5.975668],[-35.509895,-5.974153],[-35.511089,-5.973712],[-35.512999,-5.973665],[-35.514877,-5.972236],[-35.514786,-5.971397],[-35.514098,-5.970909],[-35.512013,-5.971713],[-35.510558,-5.971293],[-35.509397,-5.970253],[-35.509199,-5.969164],[-35.509916,-5.968471],[-35.514017,-5.967303],[-35.515303,-5.966272],[-35.515978,-5.964859],[-35.515096,-5.963036],[-35.515342,-5.962162],[-35.516104,-5.961968],[-35.519226,-5.96261],[-35.52077,-5.962367],[-35.521482,-5.96141],[-35.520866,-5.959658],[-35.521216,-5.959159],[-35.521984,-5.95892],[-35.52354,-5.959515],[-35.524641,-5.959467],[-35.526685,-5.956737],[-35.528588,-5.956635],[-35.530389,-5.955951],[-35.530354,-5.954442],[-35.530967,-5.953598],[-35.531796,-5.953592],[-35.53254,-5.954958],[-35.533225,-5.95535],[-35.534652,-5.954701],[-35.536015,-5.95509],[-35.537611,-5.954587],[-35.537927,-5.95349],[-35.537452,-5.950802],[-35.537989,-5.949721],[-35.539071,-5.948696],[-35.539408,-5.947575],[-35.538934,-5.94633],[-35.537596,-5.945278],[-35.537203,-5.944552],[-35.537698,-5.943054],[-35.537147,-5.942051],[-35.534956,-5.941571],[-35.533345,-5.940018],[-35.532007,-5.939709],[-35.530811,-5.940383],[-35.529722,-5.94223],[-35.528582,-5.942801],[-35.527542,-5.942489],[-35.526346,-5.941421],[-35.525072,-5.941212],[-35.523845,-5.941617],[-35.522116,-5.943187],[-35.519625,-5.943088],[-35.517937,-5.943551],[-35.516935,-5.943111],[-35.516127,-5.941354],[-35.515077,-5.941187],[-35.514364,-5.942005],[-35.514026,-5.944798],[-35.512754,-5.946086],[-35.512569,-5.947171],[-35.511617,-5.948938],[-35.510943,-5.949197],[-35.510348,-5.948789],[-35.510241,-5.947104],[-35.50929,-5.945304],[-35.509531,-5.944565],[-35.510495,-5.944029],[-35.511193,-5.942901],[-35.511302,-5.941908],[-35.510857,-5.941157],[-35.509839,-5.940614],[-35.507917,-5.940695],[-35.506444,-5.940114],[-35.505742,-5.940398],[-35.505448,-5.941097],[-35.504233,-5.941665],[-35.503256,-5.940389],[-35.503612,-5.937832],[-35.502978,-5.937056],[-35.502264,-5.936807],[-35.500304,-5.93732],[-35.499707,-5.938217],[-35.497712,-5.939346],[-35.496757,-5.939291],[-35.495249,-5.93595],[-35.495358,-5.933558],[-35.494759,-5.933082],[-35.493328,-5.933507],[-35.492025,-5.935904],[-35.49143,-5.936326],[-35.489994,-5.935615],[-35.488853,-5.934364],[-35.488018,-5.934368],[-35.484745,-5.936953],[-35.483916,-5.938392],[-35.483021,-5.938516],[-35.481226,-5.937746],[-35.480925,-5.93715],[-35.481935,-5.936129],[-35.482651,-5.935947],[-35.483779,-5.934387],[-35.483894,-5.93355],[-35.483352,-5.932536],[-35.484128,-5.932353],[-35.484539,-5.930797],[-35.483999,-5.930201],[-35.482086,-5.929851],[-35.482318,-5.928176],[-35.481715,-5.926923],[-35.479504,-5.926395],[-35.478782,-5.925263],[-35.476813,-5.92557],[-35.475016,-5.924203],[-35.473823,-5.924568],[-35.473053,-5.925826],[-35.471799,-5.925772],[-35.471203,-5.926134],[-35.470494,-5.927691],[-35.469084,-5.932958],[-35.467413,-5.933085],[-35.466154,-5.932015],[-35.466033,-5.931477],[-35.466624,-5.9301],[-35.466621,-5.929502],[-35.466142,-5.929145],[-35.462266,-5.930298],[-35.46119,-5.930124],[-35.460054,-5.92971],[-35.456579,-5.927095],[-35.454665,-5.926267],[-35.452994,-5.926454],[-35.451266,-5.927238],[-35.448878,-5.927309],[-35.448583,-5.928087],[-35.448949,-5.929819],[-35.448535,-5.930658],[-35.445737,-5.932524],[-35.44484,-5.932349],[-35.441419,-5.928358],[-35.436448,-5.924853],[-35.430665,-5.926791],[-35.428028,-5.924471],[-35.424497,-5.922633],[-35.423837,-5.921919],[-35.423593,-5.920724],[-35.423994,-5.916836],[-35.423512,-5.915822],[-35.421953,-5.914454],[-35.416398,-5.91382],[-35.414257,-5.915862],[-35.412348,-5.916229],[-35.410733,-5.915519],[-35.408048,-5.916009],[-35.407448,-5.915234],[-35.40762,-5.913619],[-35.409045,-5.9117],[-35.409036,-5.909727],[-35.410109,-5.909304],[-35.411424,-5.909597],[-35.413212,-5.908992],[-35.413747,-5.908451],[-35.414693,-5.906115],[-35.413244,-5.902475],[-35.413646,-5.898766],[-35.409796,-5.892027],[-35.407581,-5.890781],[-35.405016,-5.891211],[-35.402992,-5.892595],[-35.400853,-5.895175],[-35.397581,-5.897819],[-35.395196,-5.898726],[-35.391614,-5.898682],[-35.390779,-5.898985],[-35.388401,-5.901326],[-35.386372,-5.901515],[-35.386554,-5.902351],[-35.386027,-5.904565],[-35.385374,-5.905644],[-35.383053,-5.907268],[-35.382639,-5.908286],[-35.382524,-5.909244],[-35.38301,-5.911274],[-35.381886,-5.91379],[-35.382493,-5.916],[-35.383396,-5.91767],[-35.384355,-5.918562],[-35.386686,-5.919031],[-35.389133,-5.918901],[-35.390271,-5.919733],[-35.389915,-5.920213],[-35.388363,-5.920399],[-35.387473,-5.921718],[-35.386223,-5.92262],[-35.384249,-5.921732],[-35.382871,-5.920542],[-35.381252,-5.919054],[-35.38011,-5.917146],[-35.379916,-5.913858],[-35.380739,-5.910746],[-35.380546,-5.907518],[-35.379404,-5.90567],[-35.378752,-5.906808],[-35.378214,-5.906811],[-35.377314,-5.905619],[-35.37713,-5.904663],[-35.37949,-5.897897],[-35.379664,-5.896641],[-35.378997,-5.894372],[-35.378216,-5.893299],[-35.377139,-5.892586],[-35.374152,-5.89218],[-35.373015,-5.891707],[-35.371734,-5.889601],[-35.370819,-5.894765],[-35.370227,-5.895964],[-35.368566,-5.898422],[-35.365828,-5.900586],[-35.365236,-5.901724],[-35.366853,-5.902973],[-35.368287,-5.903087],[-35.369061,-5.902665],[-35.370427,-5.900985],[-35.372869,-5.89954],[-35.373705,-5.899536],[-35.375325,-5.901263],[-35.375153,-5.903057],[-35.37349,-5.904978],[-35.373314,-5.905696],[-35.373676,-5.906591],[-35.373686,-5.909042],[-35.37096,-5.913837],[-35.370136,-5.91677],[-35.370497,-5.917426],[-35.371993,-5.918197],[-35.374722,-5.91394],[-35.375318,-5.913579],[-35.375975,-5.913756],[-35.377058,-5.915724],[-35.376529,-5.91752],[-35.376711,-5.918237],[-35.37815,-5.919725],[-35.378694,-5.921277],[-35.378527,-5.924148],[-35.379721,-5.924083],[-35.380439,-5.924438],[-35.381161,-5.925751],[-35.381759,-5.925808],[-35.382948,-5.924547],[-35.384082,-5.924483],[-35.385224,-5.926212],[-35.38785,-5.926081],[-35.388685,-5.925659],[-35.389635,-5.924459],[-35.39095,-5.924752],[-35.390957,-5.926486],[-35.388223,-5.929487],[-35.38425,-5.935841],[-35.383188,-5.938835],[-35.383252,-5.939792],[-35.383553,-5.940448],[-35.384631,-5.941221],[-35.385176,-5.942892],[-35.387748,-5.943898],[-35.388766,-5.944611],[-35.390027,-5.946219],[-35.390392,-5.947772],[-35.390341,-5.949805],[-35.391244,-5.951416],[-35.393158,-5.952304],[-35.395427,-5.952234],[-35.396268,-5.953367],[-35.398239,-5.953538],[-35.399744,-5.956221],[-35.401061,-5.957053],[-35.401907,-5.959381],[-35.401912,-5.960397],[-35.402452,-5.961172],[-35.406046,-5.963607],[-35.406297,-5.966416],[-35.406956,-5.966892],[-35.407983,-5.969697],[-35.410199,-5.971062],[-35.410862,-5.972614],[-35.410568,-5.973572],[-35.409437,-5.974474],[-35.404967,-5.976347],[-35.404375,-5.977664],[-35.40444,-5.97886],[-35.405522,-5.98041],[-35.408152,-5.980996],[-35.411316,-5.980803],[-35.413589,-5.981689],[-35.41538,-5.981502],[-35.418847,-5.982443],[-35.420577,-5.981898],[-35.42135,-5.981177],[-35.421705,-5.980518],[-35.42164,-5.979382],[-35.422413,-5.978422],[-35.423975,-5.980627],[-35.42834,-5.982103],[-35.429951,-5.981617],[-35.429889,-5.981079],[-35.428748,-5.979769],[-35.428443,-5.978216],[-35.431789,-5.978799],[-35.434889,-5.97765],[-35.435606,-5.977706],[-35.436385,-5.97836],[-35.437776,-5.98224],[-35.438434,-5.982417],[-35.441116,-5.981269],[-35.441351,-5.980491],[-35.440984,-5.978519],[-35.441518,-5.977859],[-35.443551,-5.978388],[-35.444458,-5.980835],[-35.445057,-5.981371],[-35.445713,-5.981069],[-35.446482,-5.979571],[-35.447256,-5.979029],[-35.449111,-5.979858],[-35.449898,-5.982366],[-35.449967,-5.984398],[-35.451048,-5.985768],[-35.451645,-5.985706],[-35.45265,-5.983429],[-35.454141,-5.982944],[-35.455339,-5.983896],[-35.455352,-5.986705],[-35.455714,-5.987541],[-35.456552,-5.987955],[-35.457805,-5.98783],[-35.459468,-5.98591],[-35.461198,-5.985543],[-35.467247,-5.989522],[-35.467494,-5.991254],[-35.468515,-5.992505],[-35.469411,-5.99268],[-35.470365,-5.992317],[-35.47197,-5.990756],[-35.4737,-5.99027],[-35.475018,-5.9914],[-35.475861,-5.992831],[-35.477296,-5.993183],[-35.479514,-5.995265],[-35.480711,-5.995738],[-35.482989,-5.997641],[-35.486456,-5.998462],[-35.486933,-5.9984],[-35.487168,-5.997562],[-35.486564,-5.995951],[-35.48291,-5.993396],[-35.481828,-5.991847],[-35.479671,-5.990183],[-35.479728,-5.989585],[-35.480561,-5.989043],[-35.482353,-5.989095],[-35.484022,-5.988549],[-35.488392,-5.99098],[-35.493166,-5.990361],[-35.494247,-5.991552],[-35.496874,-5.991599],[-35.497533,-5.991955],[-35.497836,-5.99309],[-35.497909,-5.995899],[-35.49911,-5.997448],[-35.500318,-5.998125],[-35.501445,-5.996625],[-35.50192,-5.995253],[-35.501619,-5.991796],[-35.501922,-5.9904],[-35.502921,-5.989329],[-35.504861,-5.989564],[-35.506488,-5.990772],[-35.508,-5.993647],[-35.509058,-5.993957],[-35.510789,-5.993471],[-35.512157,-5.993747],[-35.513433,-5.994923],[-35.514088,-5.996683],[-35.515203,-5.996564],[-35.516716,-5.995297],[-35.517548,-5.995056],[-35.518902,-5.995491],[-35.519607,-5.996728],[-35.51914,-5.997869],[-35.514917,-6.001488],[-35.514148,-6.003046],[-35.513434,-6.003587],[-35.508959,-6.004266],[-35.507887,-6.004988],[-35.507651,-6.005706],[-35.508072,-6.006302],[-35.509568,-6.006893],[-35.509809,-6.00749],[-35.509334,-6.00797],[-35.510772,-6.009159],[-35.509953,-6.01275],[-35.508647,-6.01449],[-35.509437,-6.017535],[-35.509025,-6.018852],[-35.50712,-6.019997],[-35.506885,-6.020954],[-35.507368,-6.021968],[-35.509165,-6.023335],[-35.511491,-6.022667],[-35.512389,-6.023021],[-35.517005,-6.026945],[-35.519572,-6.026874],[-35.521538,-6.025848],[-35.523932,-6.027033],[-35.524527,-6.026492],[-35.525722,-6.026606],[-35.52716,-6.027795],[-35.52991,-6.02832],[-35.53243,-6.030939],[-35.533206,-6.030935],[-35.53392,-6.030275],[-35.534934,-6.03015],[-35.537687,-6.031512],[-35.53864,-6.03097],[-35.539766,-6.028992],[-35.539987,-6.025344],[-35.540519,-6.024146],[-35.54165,-6.023244],[-35.543379,-6.022818],[-35.547559,-6.022738],[-35.54881,-6.022135],[-35.55107,-6.020092],[-35.552083,-6.019609],[-35.553934,-6.01972],[-35.554708,-6.019178],[-35.555237,-6.017322],[-35.554803,-6.013917],[-35.555269,-6.011464],[-35.557945,-6.009],[-35.558294,-6.007026],[-35.559541,-6.005526],[-35.564917,-6.006039],[-35.567772,-6.003753],[-35.570042,-6.003803],[-35.571479,-6.004693],[-35.572434,-6.004628],[-35.573507,-6.004384],[-35.575589,-6.002521],[-35.576247,-6.002757],[-35.577507,-6.004186],[-35.577691,-6.005261],[-35.577345,-6.007833],[-35.577888,-6.009026],[-35.578669,-6.009919],[-35.581059,-6.010386],[-35.582077,-6.011039],[-35.582921,-6.012649],[-35.583112,-6.015159],[-35.583717,-6.016949],[-35.584436,-6.017364],[-35.585924,-6.016341],[-35.586276,-6.015024],[-35.586081,-6.011737],[-35.585111,-6.008514],[-35.583547,-6.00607],[-35.583602,-6.005054],[-35.583896,-6.004216],[-35.584789,-6.003554],[-35.587055,-6.003005],[-35.588131,-6.003299],[-35.589808,-6.004247],[-35.590469,-6.00526],[-35.59001,-6.009208],[-35.591273,-6.011175],[-35.59588,-6.013125],[-35.599997,-6.012448],[-35.604476,-6.012666],[-35.605437,-6.013737],[-35.605207,-6.015651],[-35.605633,-6.017204],[-35.607489,-6.01845],[-35.611375,-6.019268],[-35.612214,-6.019982],[-35.613118,-6.021771],[-35.613243,-6.022846],[-35.611136,-6.031823],[-35.612633,-6.032712],[-35.613587,-6.032468],[-35.614484,-6.032703],[-35.616704,-6.034844],[-35.619509,-6.034592],[-35.620652,-6.036439],[-35.622325,-6.03667],[-35.623644,-6.03768],[-35.625095,-6.041379],[-35.625161,-6.042814],[-35.62499,-6.044369],[-35.622985,-6.049639],[-35.622812,-6.051014],[-35.623414,-6.052028],[-35.625512,-6.053631],[-35.626233,-6.054584],[-35.626298,-6.05554],[-35.626122,-6.056318],[-35.624578,-6.05794],[-35.624169,-6.059855],[-35.625909,-6.06158],[-35.629261,-6.063177],[-35.630035,-6.062815],[-35.631042,-6.061136],[-35.631389,-6.058744],[-35.631259,-6.056652],[-35.631846,-6.054438],[-35.632856,-6.053476],[-35.636667,-6.051186],[-35.639749,-6.046569],[-35.640761,-6.045966],[-35.642851,-6.045956],[-35.643631,-6.046669],[-35.643815,-6.047625],[-35.642638,-6.051217],[-35.643183,-6.052828],[-35.644081,-6.053302],[-35.64623,-6.053112],[-35.647068,-6.053586],[-35.647972,-6.055315],[-35.648157,-6.05651],[-35.648758,-6.057165],[-35.649713,-6.05716],[-35.651261,-6.056136],[-35.651853,-6.055117],[-35.65273,-6.051347],[-35.653912,-6.048831],[-35.655042,-6.047988],[-35.660226,-6.045751],[-35.660878,-6.044732],[-35.660926,-6.042281],[-35.659424,-6.040435],[-35.658408,-6.040201],[-35.655187,-6.040934],[-35.654291,-6.040819],[-35.653572,-6.040344],[-35.652728,-6.038675],[-35.65183,-6.038141],[-35.649976,-6.037612],[-35.646872,-6.037807],[-35.644174,-6.035489],[-35.643396,-6.035194],[-35.643035,-6.034598],[-35.643205,-6.032684],[-35.645706,-6.031297],[-35.646478,-6.030456],[-35.646772,-6.029439],[-35.646528,-6.028424],[-35.645267,-6.027055],[-35.64443,-6.0267],[-35.642041,-6.026592],[-35.641612,-6.024263],[-35.64023,-6.022477],[-35.64028,-6.020444],[-35.639678,-6.01961],[-35.639252,-6.017759],[-35.639785,-6.017039],[-35.641518,-6.01727],[-35.641874,-6.01679],[-35.641506,-6.01476],[-35.640724,-6.013628],[-35.640775,-6.011655],[-35.639931,-6.010045],[-35.640937,-6.008247],[-35.640211,-6.006218],[-35.635957,-6.00325],[-35.635756,-6.0024],[-35.637305,-6.000175],[-35.639272,-5.999109],[-35.643568,-5.999205],[-35.645569,-5.998707],[-35.646621,-5.99882],[-35.648992,-6.000631],[-35.650286,-6.002941],[-35.648212,-6.006179],[-35.648335,-6.007016],[-35.648756,-6.007731],[-35.649473,-6.007668],[-35.650072,-6.008083],[-35.652479,-6.012016],[-35.655777,-6.014929],[-35.660202,-6.016342],[-35.663614,-6.018119],[-35.665174,-6.019546],[-35.66861,-6.025218],[-35.669565,-6.026219],[-35.672318,-6.027581],[-35.675262,-6.031392],[-35.677,-6.032638],[-35.678255,-6.032931],[-35.679155,-6.033763],[-35.679457,-6.034479],[-35.677916,-6.036698],[-35.677862,-6.037954],[-35.678107,-6.039208],[-35.678948,-6.04022],[-35.681221,-6.041105],[-35.682055,-6.040623],[-35.682521,-6.03817],[-35.683053,-6.037211],[-35.683828,-6.036908],[-35.685568,-6.038633],[-35.6876,-6.039101],[-35.688267,-6.041011],[-35.687973,-6.041969],[-35.68726,-6.042689],[-35.685233,-6.043297],[-35.683977,-6.043004],[-35.682127,-6.043133],[-35.681532,-6.043614],[-35.681417,-6.044511],[-35.683034,-6.0454],[-35.683515,-6.046115],[-35.68322,-6.046893],[-35.679652,-6.04984],[-35.678704,-6.051219],[-35.678305,-6.055226],[-35.674924,-6.059786],[-35.674275,-6.061283],[-35.67323,-6.067385],[-35.671754,-6.07074],[-35.669022,-6.073742],[-35.66694,-6.075426],[-35.664973,-6.076034],[-35.658781,-6.076716],[-35.662334,-6.076738],[-35.671021,-6.075374],[-35.672306,-6.076731],[-35.674073,-6.081304],[-35.676303,-6.081109],[-35.681371,-6.079895],[-35.681728,-6.081037],[-35.680943,-6.084107],[-35.681942,-6.08789],[-35.680882,-6.090794],[-35.680845,-6.0926],[-35.681481,-6.093017],[-35.6821,-6.094441],[-35.681121,-6.096825],[-35.681307,-6.098539],[-35.681987,-6.099942],[-35.681649,-6.101254],[-35.681083,-6.101438],[-35.681536,-6.101591],[-35.681647,-6.102954],[-35.681993,-6.103528],[-35.683215,-6.102202],[-35.68405,-6.101959],[-35.684948,-6.102432],[-35.685783,-6.102309],[-35.687868,-6.101222],[-35.689183,-6.101574],[-35.689964,-6.102467],[-35.690509,-6.104018],[-35.690821,-6.106707],[-35.691364,-6.10784],[-35.694414,-6.108721],[-35.694778,-6.109795],[-35.694725,-6.11111],[-35.694132,-6.11189],[-35.690851,-6.112624],[-35.690501,-6.113802],[-35.697866,-6.12365],[-35.697741,-6.124014],[-35.699694,-6.126579],[-35.702157,-6.132851],[-35.70347,-6.133612],[-35.706004,-6.133468],[-35.708866,-6.132497],[-35.7109,-6.133204],[-35.711442,-6.134098],[-35.711635,-6.136906],[-35.714749,-6.138564],[-35.715529,-6.139337],[-35.715773,-6.140292],[-35.715138,-6.144599],[-35.71598,-6.14585],[-35.717236,-6.146083],[-35.718726,-6.145537],[-35.721165,-6.143732],[-35.72224,-6.143726],[-35.7229,-6.14438],[-35.723505,-6.145812],[-35.722391,-6.149882],[-35.722874,-6.151015],[-35.725092,-6.152618],[-35.728916,-6.153076],[-35.732087,-6.154136],[-35.733347,-6.155385],[-35.736598,-6.160448],[-35.738935,-6.161871],[-35.739418,-6.162885],[-35.739184,-6.163962],[-35.738351,-6.164623],[-35.736857,-6.164332],[-35.734579,-6.162611],[-35.733616,-6.161121],[-35.732642,-6.160748],[-35.732872,-6.161088],[-35.73264,-6.163033],[-35.734667,-6.165171],[-35.735138,-6.165162],[-35.737177,-6.166756],[-35.737398,-6.166302],[-35.738198,-6.166413],[-35.738717,-6.167312],[-35.739998,-6.1675],[-35.741426,-6.167062],[-35.741874,-6.166304],[-35.744148,-6.166133],[-35.744941,-6.165444],[-35.746259,-6.165638],[-35.749469,-6.167447],[-35.752739,-6.170097],[-35.752885,-6.170512],[-35.752161,-6.171519],[-35.753722,-6.171285],[-35.754563,-6.171575],[-35.758462,-6.174765],[-35.758813,-6.174207],[-35.758517,-6.172391],[-35.759039,-6.171671],[-35.759993,-6.171427],[-35.760568,-6.171663],[-35.761193,-6.172473],[-35.762451,-6.175479],[-35.763075,-6.176145],[-35.765038,-6.176948],[-35.766047,-6.178042],[-35.767545,-6.181238],[-35.770893,-6.181938],[-35.771855,-6.182698],[-35.775347,-6.182308],[-35.776241,-6.179677],[-35.772437,-6.175714],[-35.769513,-6.173912],[-35.768022,-6.171864],[-35.766393,-6.171059],[-35.764033,-6.167294],[-35.761344,-6.164822],[-35.761053,-6.163915],[-35.76124,-6.163101],[-35.761716,-6.162812],[-35.763678,-6.163375],[-35.766175,-6.165849],[-35.768233,-6.166507],[-35.770064,-6.169462],[-35.77677,-6.172822],[-35.777635,-6.173774],[-35.778325,-6.1759],[-35.781172,-6.174341],[-35.781723,-6.174353],[-35.782594,-6.173562],[-35.78374,-6.173779],[-35.784202,-6.173347],[-35.78416,-6.172704],[-35.786191,-6.171591],[-35.801439,-6.166389],[-35.812432,-6.165104],[-35.826853,-6.172817],[-35.834738,-6.168568],[-35.835416,-6.168906],[-35.836803,-6.168401],[-35.837522,-6.168771],[-35.838046,-6.168501],[-35.839841,-6.168763],[-35.844262,-6.167099],[-35.845522,-6.166182],[-35.845968,-6.16529],[-35.846087,-6.163703],[-35.847791,-6.161842],[-35.85522,-6.160605],[-35.85975,-6.161739],[-35.877909,-6.156944],[-35.889396,-6.159149],[-35.892156,-6.156675],[-35.895053,-6.158024],[-35.898397,-6.154246],[-35.89957,-6.153829],[-35.900587,-6.154759],[-35.901152,-6.154725],[-35.902346,-6.153964],[-35.902984,-6.154311],[-35.904221,-6.154015],[-35.904859,-6.15446],[-35.906153,-6.154028],[-35.906865,-6.153046],[-35.908519,-6.152853],[-35.910976,-6.150274],[-35.915659,-6.151558],[-35.916414,-6.153351],[-35.917821,-6.154399],[-35.917425,-6.155128],[-35.916098,-6.155775],[-35.915909,-6.15764],[-35.916351,-6.158453],[-35.918919,-6.160704],[-35.919984,-6.161092],[-35.920825,-6.162361],[-35.922336,-6.161821],[-35.922798,-6.162337],[-35.923251,-6.162331],[-35.92318,-6.164104],[-35.921952,-6.167003],[-35.922795,-6.170164],[-35.925472,-6.1718],[-35.929041,-6.171949],[-35.936477,-6.170313],[-35.938401,-6.168048],[-35.940685,-6.16624],[-35.943445,-6.167097],[-35.946635,-6.16877],[-35.951825,-6.170607],[-35.953153,-6.171951],[-35.955247,-6.172331],[-35.956493,-6.168335],[-35.957462,-6.168188],[-35.958299,-6.169126],[-35.959277,-6.169257],[-35.96154,-6.171741],[-35.962665,-6.172225],[-35.963365,-6.172184],[-35.964806,-6.173007],[-35.965156,-6.173769],[-35.965191,-6.175542],[-35.966054,-6.175256],[-35.966544,-6.175599],[-35.967717,-6.174862],[-35.968357,-6.175258],[-35.971106,-6.175265],[-35.971481,-6.17559],[-35.972006,-6.173639],[-35.971973,-6.171247],[-35.970479,-6.169678],[-35.968737,-6.169307],[-35.9695,-6.168752],[-35.971925,-6.169251],[-35.972391,-6.164366],[-35.968299,-6.156371],[-35.965729,-6.154277],[-35.965919,-6.152088],[-35.968679,-6.150185],[-35.975938,-6.149196],[-35.980673,-6.147308],[-35.981126,-6.149368],[-35.982205,-6.149522],[-35.982721,-6.149256],[-35.983173,-6.147978],[-35.984915,-6.148201],[-35.984912,-6.146648],[-35.986715,-6.145487],[-35.985912,-6.144303],[-35.985136,-6.143794],[-35.985036,-6.143213],[-35.986798,-6.140811],[-35.985806,-6.138304],[-35.986148,-6.137037],[-35.985526,-6.135809],[-35.984758,-6.135791],[-35.984393,-6.131086],[-35.983443,-6.125688],[-35.983471,-6.120711],[-35.985458,-6.120757],[-35.988426,-6.118467],[-35.989208,-6.116034],[-35.988786,-6.115412],[-35.98921,-6.114853],[-35.989321,-6.113706],[-35.988881,-6.113283],[-35.989892,-6.113036],[-35.989094,-6.112171],[-35.988733,-6.110436],[-35.990228,-6.109662],[-35.988753,-6.107599],[-35.989863,-6.106653],[-35.990001,-6.105691],[-35.987974,-6.104199],[-35.988029,-6.094248],[-35.98869,-6.094643],[-35.99066,-6.094382],[-35.991293,-6.094679],[-35.992125,-6.094174],[-35.992268,-6.092866],[-35.99409,-6.091718],[-35.994072,-6.090263],[-35.994535,-6.089818],[-35.994659,-6.088926],[-35.994629,-6.08743],[-35.998762,-6.08688],[-35.999983,-6.087088],[-36.001273,-6.088069],[-36.003655,-6.08718],[-36.004408,-6.086303],[-36.005226,-6.086103],[-36.01208,-6.087122],[-36.018743,-6.092364],[-36.021955,-6.091935],[-36.023669,-6.088723],[-36.022955,-6.086867],[-36.021741,-6.085225],[-36.021884,-6.083583],[-36.023092,-6.080203],[-36.022414,-6.078977],[-36.022978,-6.077704],[-36.022379,-6.076962],[-36.021992,-6.075601],[-36.023561,-6.075382],[-36.023863,-6.073455],[-36.024862,-6.072133],[-36.025089,-6.070971],[-36.02679,-6.072295],[-36.028758,-6.072696],[-36.030113,-6.071479],[-36.030231,-6.070993],[-36.031778,-6.07149],[-36.034104,-6.074349],[-36.035159,-6.074132],[-36.035688,-6.073583],[-36.035444,-6.075982],[-36.036369,-6.0766],[-36.039659,-6.081775],[-36.045465,-6.086248],[-36.048858,-6.090115],[-36.052491,-6.091433],[-36.062029,-6.091596],[-36.063338,-6.09254],[-36.06765,-6.099033],[-36.069684,-6.100142],[-36.069665,-6.101027],[-36.071712,-6.101022],[-36.07307,-6.101365],[-36.074431,-6.102163],[-36.07499,-6.101818],[-36.076351,-6.102126],[-36.077259,-6.101936],[-36.077828,-6.101362],[-36.080649,-6.104375],[-36.082272,-6.103727],[-36.083507,-6.101918],[-36.083302,-6.099439],[-36.084054,-6.097321],[-36.084878,-6.097325],[-36.085103,-6.097788],[-36.086498,-6.097334],[-36.087502,-6.098335],[-36.090365,-6.09968],[-36.091883,-6.099522],[-36.092673,-6.100121],[-36.094418,-6.099894],[-36.095464,-6.100528],[-36.095746,-6.099521],[-36.096539,-6.099214],[-36.098221,-6.099486],[-36.100045,-6.100245],[-36.107402,-6.100287],[-36.11025,-6.102363],[-36.112659,-6.105024],[-36.114613,-6.106238],[-36.1158,-6.104186],[-36.116473,-6.1042],[-36.11728,-6.103053],[-36.118529,-6.10261],[-36.119034,-6.102085],[-36.118739,-6.100912],[-36.117719,-6.099212],[-36.116304,-6.097789],[-36.116585,-6.097053],[-36.117557,-6.096083],[-36.117717,-6.095577],[-36.117146,-6.09487],[-36.118835,-6.091006],[-36.121022,-6.089452],[-36.12123,-6.089001],[-36.121002,-6.088559],[-36.122625,-6.088233],[-36.123096,-6.088475],[-36.123763,-6.089651],[-36.124533,-6.090108],[-36.125664,-6.091519],[-36.12668,-6.091498],[-36.127105,-6.090852],[-36.128031,-6.091168],[-36.128617,-6.090724],[-36.129588,-6.090601],[-36.131329,-6.091167],[-36.133365,-6.092646],[-36.135582,-6.091715],[-36.136769,-6.091908],[-36.138497,-6.093042],[-36.139362,-6.095248],[-36.139895,-6.095597],[-36.140664,-6.0954],[-36.140834,-6.096315],[-36.142524,-6.096282],[-36.144237,-6.097398],[-36.14722,-6.09981],[-36.147527,-6.100588],[-36.149161,-6.101626],[-36.152911,-6.105367],[-36.156679,-6.107776],[-36.157613,-6.109071],[-36.159128,-6.106742],[-36.162376,-6.108109],[-36.163002,-6.110091],[-36.164155,-6.10964],[-36.164293,-6.11134],[-36.16575,-6.113301],[-36.166039,-6.114455],[-36.165879,-6.115082],[-36.167877,-6.116368],[-36.168486,-6.117119],[-36.168915,-6.117327],[-36.169476,-6.116947],[-36.16962,-6.116208],[-36.171213,-6.117801],[-36.172814,-6.118493],[-36.173019,-6.11895],[-36.172677,-6.119614],[-36.173105,-6.12254],[-36.173656,-6.122902],[-36.175463,-6.123035],[-36.17736,-6.123818],[-36.17816,-6.123802],[-36.178469,-6.124273],[-36.181438,-6.125639],[-36.182115,-6.126343],[-36.183124,-6.125907],[-36.183577,-6.126669],[-36.184258,-6.126976],[-36.185146,-6.126408],[-36.185625,-6.126772],[-36.187287,-6.126738],[-36.18841,-6.127427],[-36.190017,-6.12934],[-36.192991,-6.131244],[-36.201565,-6.130928],[-36.202484,-6.132645],[-36.203861,-6.132078],[-36.206153,-6.133],[-36.205797,-6.131642],[-36.206409,-6.130166],[-36.206628,-6.126806],[-36.208317,-6.124999],[-36.208658,-6.123858],[-36.208664,-6.122715],[-36.207666,-6.120961],[-36.207808,-6.11955],[-36.208418,-6.118477],[-36.208288,-6.117535],[-36.207285,-6.116656],[-36.207021,-6.115781],[-36.207228,-6.114773],[-36.208105,-6.114105],[-36.209717,-6.114046],[-36.211873,-6.112915],[-36.214281,-6.114742],[-36.216428,-6.115291],[-36.21703,-6.1159],[-36.217227,-6.11664],[-36.216821,-6.117243],[-36.214066,-6.117498],[-36.213056,-6.117896],[-36.212581,-6.118768],[-36.21304,-6.120989],[-36.212356,-6.123406],[-36.213953,-6.126239],[-36.214209,-6.128728],[-36.215147,-6.129203],[-36.217162,-6.129281],[-36.2181,-6.129689],[-36.218964,-6.131577],[-36.218818,-6.133727],[-36.219689,-6.13427],[-36.222174,-6.13435],[-36.22452,-6.135438],[-36.225255,-6.136114],[-36.224978,-6.137727],[-36.224169,-6.138193],[-36.222826,-6.138253],[-36.220747,-6.13757],[-36.218663,-6.137828],[-36.217711,-6.137605],[-36.219455,-6.142559],[-36.223033,-6.144319],[-36.22496,-6.148173],[-36.225103,-6.155098],[-36.227173,-6.158096],[-36.227673,-6.162664],[-36.226102,-6.164092],[-36.223446,-6.165072],[-36.223111,-6.166427],[-36.223562,-6.167559],[-36.223105,-6.170347],[-36.223457,-6.171759],[-36.224344,-6.173133],[-36.225595,-6.173432],[-36.227643,-6.174663],[-36.228952,-6.180451],[-36.233306,-6.185091],[-36.235106,-6.189286],[-36.237161,-6.191373],[-36.243194,-6.191371],[-36.249746,-6.178878],[-36.251104,-6.178316],[-36.251673,-6.177724],[-36.254557,-6.177463],[-36.254156,-6.174076],[-36.256594,-6.174058],[-36.257397,-6.173406],[-36.259375,-6.172649],[-36.260993,-6.171338],[-36.263066,-6.173133],[-36.263694,-6.173324],[-36.263906,-6.173096],[-36.264489,-6.173453],[-36.265151,-6.175482],[-36.266813,-6.17648],[-36.267048,-6.177221],[-36.266676,-6.177956],[-36.271922,-6.178133],[-36.272687,-6.178659],[-36.27297,-6.179675],[-36.273673,-6.180485],[-36.274407,-6.180832],[-36.277195,-6.179767],[-36.280024,-6.179634],[-36.281146,-6.180277],[-36.284291,-6.18025],[-36.285549,-6.179217],[-36.286946,-6.178983],[-36.288531,-6.180004],[-36.289513,-6.180138],[-36.290084,-6.179836],[-36.290793,-6.180211],[-36.291404,-6.179265],[-36.292153,-6.178844],[-36.291559,-6.17727],[-36.291917,-6.176939],[-36.291865,-6.175619],[-36.29294,-6.175255],[-36.293599,-6.175604],[-36.294716,-6.175608],[-36.295426,-6.175136],[-36.295388,-6.174185],[-36.294955,-6.173555],[-36.294155,-6.170251],[-36.293223,-6.169649],[-36.29289,-6.168943],[-36.293542,-6.166118],[-36.29127,-6.155672],[-36.289367,-6.149012],[-36.289521,-6.146672],[-36.290194,-6.146048],[-36.290323,-6.14537],[-36.290288,-6.144492],[-36.289685,-6.144049],[-36.289627,-6.140427],[-36.289362,-6.139671],[-36.290766,-6.139558],[-36.294636,-6.13796],[-36.295404,-6.13581],[-36.296623,-6.135115],[-36.29709,-6.134173],[-36.298136,-6.133768],[-36.298111,-6.133126],[-36.299021,-6.131411],[-36.301419,-6.128906],[-36.300946,-6.127866],[-36.299584,-6.127073],[-36.29939,-6.124781],[-36.299614,-6.124356],[-36.300978,-6.12367],[-36.301954,-6.121828],[-36.302747,-6.121363],[-36.303274,-6.120124],[-36.302411,-6.118337],[-36.30259,-6.117654],[-36.30204,-6.116936],[-36.301881,-6.115611],[-36.301323,-6.115726],[-36.300233,-6.115169],[-36.30001,-6.114013],[-36.300528,-6.112703],[-36.302376,-6.111245],[-36.302953,-6.109619],[-36.303916,-6.108963],[-36.304406,-6.109087],[-36.304773,-6.110362],[-36.305763,-6.111721],[-36.307962,-6.11313],[-36.30848,-6.114351],[-36.308255,-6.115235],[-36.309463,-6.115014],[-36.311454,-6.116495],[-36.311953,-6.115869],[-36.312992,-6.115534],[-36.313419,-6.116438],[-36.314687,-6.11706],[-36.317344,-6.11576],[-36.317677,-6.116763],[-36.321804,-6.116026],[-36.321253,-6.11422],[-36.323983,-6.113374],[-36.324108,-6.11195],[-36.325524,-6.111594],[-36.32645,-6.110904],[-36.326849,-6.108783],[-36.326382,-6.105978],[-36.326663,-6.104468],[-36.327884,-6.102999],[-36.329873,-6.102219],[-36.331623,-6.102377],[-36.332559,-6.103156],[-36.332476,-6.10342],[-36.332921,-6.103409],[-36.333731,-6.102948],[-36.33767,-6.099106],[-36.341631,-6.097586],[-36.344255,-6.097402],[-36.34527,-6.096901],[-36.345583,-6.096283],[-36.348459,-6.094265],[-36.351883,-6.090097],[-36.352312,-6.087888],[-36.353278,-6.0858],[-36.358079,-6.080862],[-36.359156,-6.080449],[-36.361127,-6.08028],[-36.363455,-6.08065],[-36.36561,-6.079465],[-36.369507,-6.076196],[-36.370234,-6.074107],[-36.369823,-6.07279],[-36.370184,-6.072194],[-36.372874,-6.071669],[-36.374675,-6.069586],[-36.375398,-6.068215],[-36.375527,-6.066243],[-36.374168,-6.063247],[-36.374232,-6.062411],[-36.375975,-6.060148],[-36.376285,-6.057818],[-36.376645,-6.057401],[-36.377599,-6.057705],[-36.378304,-6.05998],[-36.378959,-6.060401],[-36.379438,-6.060164],[-36.379092,-6.057592],[-36.379934,-6.056341],[-36.377739,-6.053461],[-36.37722,-6.049514],[-36.376452,-6.047836],[-36.376634,-6.047239],[-36.378549,-6.046412],[-36.381591,-6.047084],[-36.384807,-6.048773],[-36.385465,-6.048537],[-36.385648,-6.047761],[-36.385237,-6.046265],[-36.385717,-6.045789],[-36.386852,-6.045734],[-36.389236,-6.046762],[-36.389953,-6.046586],[-36.390734,-6.045574],[-36.391631,-6.045399],[-36.391932,-6.044802],[-36.391817,-6.043845],[-36.390991,-6.041929],[-36.38932,-6.041681],[-36.387175,-6.040595],[-36.38712,-6.039758],[-36.387721,-6.038984],[-36.386895,-6.036768],[-36.38702,-6.035753],[-36.387561,-6.034859],[-36.387567,-6.033723],[-36.388049,-6.032828],[-36.388887,-6.032414],[-36.389308,-6.031758],[-36.389552,-6.030624],[-36.391941,-6.030516],[-36.394101,-6.028434],[-36.395055,-6.028558],[-36.397236,-6.031459],[-36.397517,-6.031391],[-36.398321,-6.030299],[-36.398536,-6.02758],[-36.39889,-6.02724],[-36.398431,-6.024544],[-36.397493,-6.025544],[-36.39682,-6.025443],[-36.39649,-6.024849],[-36.397157,-6.022661],[-36.397066,-6.021428],[-36.395929,-6.019762],[-36.393683,-6.017906],[-36.392506,-6.016176],[-36.392766,-6.015211],[-36.394099,-6.014732],[-36.393901,-6.012194],[-36.393422,-6.011471],[-36.393024,-6.01219],[-36.39207,-6.011776],[-36.391801,-6.010886],[-36.390645,-6.009923],[-36.390444,-6.009033],[-36.390798,-6.006369],[-36.389583,-6.003423],[-36.388767,-6.002736],[-36.385968,-6.002311],[-36.382298,-6.005786],[-36.38055,-6.0065],[-36.378943,-6.00625],[-36.377944,-6.005644],[-36.377302,-6.00393],[-36.377266,-6.002824],[-36.377694,-6.001432],[-36.378,-5.998219],[-36.378489,-5.997673],[-36.377955,-5.995166],[-36.378362,-5.994379],[-36.376358,-5.993326],[-36.375985,-5.992121],[-36.375248,-5.991722],[-36.373955,-5.992007],[-36.373844,-5.990537],[-36.373102,-5.988227],[-36.372783,-5.984169],[-36.374919,-5.9757],[-36.374223,-5.976074],[-36.373032,-5.975291],[-36.3728,-5.973855],[-36.372204,-5.973613],[-36.370711,-5.973845],[-36.37006,-5.972527],[-36.370784,-5.970976],[-36.372996,-5.970329],[-36.37635,-5.97003],[-36.377378,-5.962473],[-36.37572,-5.962631],[-36.372609,-5.963812],[-36.371895,-5.96345],[-36.371254,-5.960099],[-36.370365,-5.958601],[-36.37097,-5.957109],[-36.371034,-5.956153],[-36.37062,-5.955195],[-36.370982,-5.954479],[-36.372657,-5.953889],[-36.375695,-5.955159],[-36.378184,-5.955225],[-36.378636,-5.951165],[-36.378529,-5.941467],[-36.379204,-5.941277],[-36.379721,-5.941815],[-36.379965,-5.941562],[-36.379929,-5.939795],[-36.380406,-5.93909],[-36.379949,-5.938407],[-36.379611,-5.936817],[-36.378286,-5.937657],[-36.37769,-5.937415],[-36.376803,-5.935677],[-36.376808,-5.934601],[-36.379095,-5.930607],[-36.380177,-5.92753],[-36.379169,-5.927551],[-36.378606,-5.926966],[-36.378477,-5.925255],[-36.3779,-5.925259],[-36.377218,-5.924797],[-36.376195,-5.923431],[-36.374958,-5.922533],[-36.373478,-5.922202],[-36.372913,-5.922426],[-36.36861,-5.920276],[-36.366631,-5.920372],[-36.365727,-5.919734],[-36.365409,-5.921158],[-36.364208,-5.922706],[-36.362293,-5.923653],[-36.36121,-5.925441],[-36.359174,-5.926687],[-36.357924,-5.925964],[-36.3574,-5.923211],[-36.356394,-5.921354],[-36.354666,-5.920688],[-36.352703,-5.919124],[-36.351151,-5.919237],[-36.348887,-5.91815],[-36.348055,-5.917309],[-36.347766,-5.915395],[-36.348375,-5.912947],[-36.349573,-5.912056],[-36.349461,-5.910501],[-36.349942,-5.909727],[-36.352035,-5.909079],[-36.356082,-5.911489],[-36.360695,-5.912567],[-36.360151,-5.911422],[-36.358364,-5.909488],[-36.356454,-5.906398],[-36.353639,-5.904973],[-36.34793,-5.904484],[-36.340762,-5.905615],[-36.33514,-5.902402],[-36.333058,-5.89919],[-36.332225,-5.895799],[-36.333058,-5.894134],[-36.333033,-5.893064],[-36.331518,-5.890403],[-36.333629,-5.887915],[-36.332922,-5.887083],[-36.332428,-5.885757],[-36.331548,-5.884912],[-36.330774,-5.884766],[-36.330614,-5.883292],[-36.330978,-5.882585],[-36.330306,-5.881611],[-36.330322,-5.880286],[-36.331111,-5.879021],[-36.330502,-5.879033],[-36.329749,-5.876303],[-36.329235,-5.875967],[-36.328729,-5.874928],[-36.329804,-5.873755],[-36.329735,-5.873108],[-36.329296,-5.872563],[-36.328122,-5.872007],[-36.327025,-5.869961],[-36.326899,-5.869037],[-36.325903,-5.869076],[-36.325536,-5.86846],[-36.324882,-5.868152],[-36.324646,-5.865654],[-36.323864,-5.865481],[-36.32276,-5.86598],[-36.319676,-5.866094],[-36.314446,-5.864171],[-36.309497,-5.864719],[-36.301716,-5.861221],[-36.297504,-5.858865],[-36.293292,-5.855653],[-36.291365,-5.851727],[-36.292079,-5.848514],[-36.293219,-5.846686],[-36.293845,-5.846011],[-36.294675,-5.845687],[-36.295975,-5.843778],[-36.296666,-5.843647],[-36.297457,-5.842757],[-36.297456,-5.841979],[-36.296507,-5.841511],[-36.296025,-5.840854],[-36.294787,-5.840574],[-36.293827,-5.840714],[-36.293132,-5.841248],[-36.291671,-5.840605],[-36.289881,-5.84084],[-36.288949,-5.840496],[-36.28837,-5.840105],[-36.287876,-5.839004],[-36.282692,-5.835005],[-36.278931,-5.834526],[-36.27549,-5.836512],[-36.273202,-5.838781],[-36.272863,-5.838754],[-36.272916,-5.839064],[-36.26961,-5.842341],[-36.266587,-5.84363],[-36.265268,-5.840873],[-36.264351,-5.838159],[-36.264413,-5.837392],[-36.263173,-5.836737],[-36.262734,-5.835699],[-36.261531,-5.834344],[-36.262236,-5.832187],[-36.259545,-5.832421],[-36.259117,-5.831462],[-36.257638,-5.832498],[-36.25725,-5.832282],[-36.255941,-5.833552],[-36.253693,-5.834512],[-36.251061,-5.836223],[-36.248478,-5.83363],[-36.246222,-5.833341],[-36.245815,-5.834287],[-36.246023,-5.835429],[-36.247571,-5.836377],[-36.247579,-5.837256],[-36.248719,-5.838316],[-36.248937,-5.839661],[-36.250054,-5.84087],[-36.250422,-5.843874],[-36.251295,-5.845123],[-36.249614,-5.846506],[-36.247064,-5.846284],[-36.24532,-5.846613],[-36.244631,-5.847312],[-36.245203,-5.8493],[-36.244529,-5.849518],[-36.24357,-5.849109],[-36.242714,-5.850373],[-36.241595,-5.851045]],[[-35.636839,-5.877455],[-35.635176,-5.878957],[-35.63508,-5.880361],[-35.635821,-5.881131],[-35.635911,-5.881739],[-35.634705,-5.882315],[-35.632799,-5.882135],[-35.630882,-5.882544],[-35.630276,-5.882295],[-35.62987,-5.881312],[-35.630719,-5.878653],[-35.630596,-5.876874],[-35.629443,-5.875786],[-35.627021,-5.875193],[-35.626087,-5.873991],[-35.62608,-5.872468],[-35.626715,-5.871672],[-35.628032,-5.871088],[-35.629874,-5.871074],[-35.630819,-5.870273],[-35.63096,-5.869528],[-35.62948,-5.868112],[-35.627912,-5.867618],[-35.625889,-5.867932],[-35.624543,-5.868878],[-35.623355,-5.870663],[-35.622425,-5.871012],[-35.621295,-5.87053],[-35.618916,-5.870478],[-35.616101,-5.868828],[-35.612854,-5.869174],[-35.611751,-5.868323],[-35.61149,-5.867229],[-35.614741,-5.867425],[-35.615777,-5.866686],[-35.616317,-5.865532],[-35.615467,-5.864546],[-35.613924,-5.864467],[-35.613282,-5.86396],[-35.613176,-5.863147],[-35.613838,-5.861756],[-35.61318,-5.860575],[-35.612271,-5.860412],[-35.610798,-5.861346],[-35.608755,-5.86164],[-35.606978,-5.863406],[-35.605696,-5.865537],[-35.604702,-5.865936],[-35.603776,-5.865398],[-35.601711,-5.861263],[-35.600735,-5.861091],[-35.599547,-5.861817],[-35.598692,-5.8618],[-35.597686,-5.860655],[-35.595453,-5.860243],[-35.594443,-5.85892],[-35.595043,-5.857987],[-35.599716,-5.858198],[-35.600278,-5.857957],[-35.600639,-5.857236],[-35.601394,-5.857032],[-35.603243,-5.857994],[-35.603985,-5.857878],[-35.604931,-5.856021],[-35.606816,-5.855266],[-35.607696,-5.854383],[-35.608754,-5.850067],[-35.609323,-5.849601],[-35.611597,-5.850813],[-35.614318,-5.851098],[-35.617257,-5.852122],[-35.620702,-5.851117],[-35.623474,-5.851451],[-35.62425,-5.852459],[-35.624459,-5.853395],[-35.623547,-5.855857],[-35.623859,-5.857128],[-35.625307,-5.857728],[-35.628006,-5.857191],[-35.631716,-5.858851],[-35.632682,-5.858538],[-35.633177,-5.857952],[-35.633395,-5.855861],[-35.634304,-5.854461],[-35.635185,-5.853967],[-35.636662,-5.854291],[-35.63847,-5.853771],[-35.63955,-5.852712],[-35.640062,-5.851065],[-35.641076,-5.849806],[-35.642637,-5.849387],[-35.647708,-5.851278],[-35.6511,-5.851554],[-35.653625,-5.852864],[-35.655546,-5.855245],[-35.658056,-5.855793],[-35.658497,-5.856623],[-35.658272,-5.857161],[-35.655149,-5.85973],[-35.655069,-5.860824],[-35.655478,-5.861968],[-35.655029,-5.862806],[-35.65427,-5.862945],[-35.650621,-5.861545],[-35.648841,-5.862088],[-35.647387,-5.863251],[-35.645425,-5.867517],[-35.644036,-5.872987],[-35.642276,-5.874513],[-35.639365,-5.874707],[-35.637842,-5.875614],[-35.636839,-5.877455]],[[-35.679573,-5.881338],[-35.680836,-5.880366],[-35.682295,-5.880634],[-35.683076,-5.880414],[-35.68373,-5.878957],[-35.684799,-5.878178],[-35.684914,-5.877521],[-35.684639,-5.876913],[-35.681643,-5.874385],[-35.681721,-5.873391],[-35.682438,-5.872699],[-35.683934,-5.872936],[-35.685305,-5.874827],[-35.686601,-5.875617],[-35.688446,-5.874918],[-35.690035,-5.876265],[-35.691713,-5.876064],[-35.69457,-5.877073],[-35.695368,-5.876461],[-35.695208,-5.874655],[-35.696517,-5.873876],[-35.697023,-5.871868],[-35.697868,-5.87149],[-35.699143,-5.871696],[-35.700463,-5.871072],[-35.702133,-5.87246],[-35.703382,-5.872393],[-35.704592,-5.871238],[-35.704689,-5.869976],[-35.705354,-5.869351],[-35.70537,-5.867814],[-35.705933,-5.867828],[-35.706237,-5.868496],[-35.706842,-5.868768],[-35.707919,-5.867574],[-35.708725,-5.867674],[-35.7092,-5.870247],[-35.709821,-5.870819],[-35.710337,-5.87072],[-35.711736,-5.86861],[-35.712609,-5.868389],[-35.713652,-5.868653],[-35.714335,-5.868258],[-35.71486,-5.866765],[-35.715975,-5.866396],[-35.716755,-5.865402],[-35.717496,-5.865446],[-35.717863,-5.866447],[-35.716526,-5.868711],[-35.716475,-5.870727],[-35.717006,-5.871739],[-35.717703,-5.872246],[-35.720079,-5.872534],[-35.721684,-5.873918],[-35.723919,-5.873909],[-35.72556,-5.874884],[-35.727614,-5.875288],[-35.728815,-5.876495],[-35.728967,-5.877844],[-35.727924,-5.878187],[-35.725419,-5.877837],[-35.723459,-5.879047],[-35.721561,-5.879114],[-35.720848,-5.878826],[-35.719384,-5.87716],[-35.717193,-5.876571],[-35.716217,-5.875104],[-35.715413,-5.87481],[-35.713348,-5.875978],[-35.711219,-5.876077],[-35.710157,-5.8778],[-35.706479,-5.876402],[-35.706046,-5.877109],[-35.706265,-5.878099],[-35.705903,-5.878722],[-35.703069,-5.878173],[-35.701066,-5.879118],[-35.700308,-5.880408],[-35.700265,-5.882574],[-35.699727,-5.883521],[-35.698311,-5.882865],[-35.697681,-5.882795],[-35.697092,-5.883183],[-35.696559,-5.886363],[-35.694659,-5.88797],[-35.693058,-5.892067],[-35.691762,-5.893207],[-35.69006,-5.893256],[-35.689182,-5.894617],[-35.688671,-5.894814],[-35.68794,-5.894326],[-35.687664,-5.892253],[-35.690578,-5.887212],[-35.690794,-5.885158],[-35.690188,-5.88438],[-35.687624,-5.885466],[-35.684935,-5.885107],[-35.683097,-5.88609],[-35.681525,-5.88582],[-35.679913,-5.886909],[-35.679116,-5.886194],[-35.679066,-5.884678],[-35.678511,-5.88444],[-35.675745,-5.885504],[-35.674632,-5.885284],[-35.672848,-5.885665],[-35.672318,-5.885345],[-35.672237,-5.884453],[-35.671489,-5.884254],[-35.669224,-5.885498],[-35.667886,-5.885745],[-35.667303,-5.885511],[-35.667476,-5.885018],[-35.669792,-5.883699],[-35.670336,-5.881492],[-35.672007,-5.88153],[-35.671967,-5.879936],[-35.672447,-5.879002],[-35.673133,-5.879019],[-35.67425,-5.880062],[-35.675539,-5.880062],[-35.676293,-5.880969],[-35.677745,-5.880238],[-35.679573,-5.881338]],[[-35.75702,-5.907003],[-35.75927,-5.908021],[-35.762095,-5.909933],[-35.763096,-5.911179],[-35.764412,-5.913965],[-35.76619,-5.915738],[-35.768572,-5.916857],[-35.772226,-5.917848],[-35.773847,-5.919187],[-35.775116,-5.921223],[-35.77578,-5.921704],[-35.777126,-5.921737],[-35.778391,-5.920399],[-35.779208,-5.920334],[-35.779571,-5.920899],[-35.779647,-5.922776],[-35.781053,-5.923738],[-35.782195,-5.92354],[-35.784173,-5.922087],[-35.78728,-5.922579],[-35.788941,-5.921661],[-35.789365,-5.920789],[-35.789334,-5.919503],[-35.787781,-5.9176],[-35.787491,-5.91649],[-35.788098,-5.914064],[-35.789465,-5.912561],[-35.791829,-5.912034],[-35.794613,-5.913447],[-35.797806,-5.913671],[-35.79976,-5.914917],[-35.800923,-5.916924],[-35.801032,-5.919241],[-35.799967,-5.921908],[-35.799743,-5.923907],[-35.800221,-5.925861],[-35.801343,-5.92753],[-35.802105,-5.928192],[-35.803817,-5.928506],[-35.807808,-5.92783],[-35.808956,-5.928057],[-35.809873,-5.929182],[-35.809966,-5.931436],[-35.810683,-5.932605],[-35.812233,-5.933308],[-35.814755,-5.932815],[-35.816855,-5.933333],[-35.818443,-5.934802],[-35.819439,-5.937154],[-35.820737,-5.937997],[-35.822275,-5.937828],[-35.82336,-5.936724],[-35.823561,-5.935493],[-35.823145,-5.933676],[-35.823799,-5.932292],[-35.825201,-5.931682],[-35.826929,-5.932062],[-35.828013,-5.931801],[-35.828883,-5.930725],[-35.828985,-5.928524],[-35.829666,-5.927253],[-35.831212,-5.926346],[-35.832998,-5.926489],[-35.838953,-5.931948],[-35.840534,-5.932938],[-35.841711,-5.934385],[-35.841358,-5.936166],[-35.840245,-5.938376],[-35.84054,-5.939745],[-35.841447,-5.940811],[-35.843464,-5.941661],[-35.844353,-5.941482],[-35.845638,-5.943509],[-35.847781,-5.944377],[-35.849776,-5.943531],[-35.851417,-5.944133],[-35.8527,-5.943708],[-35.854069,-5.94469],[-35.85653,-5.945293],[-35.856918,-5.94497],[-35.856996,-5.943819],[-35.857903,-5.943408],[-35.858277,-5.943859],[-35.858411,-5.945236],[-35.858963,-5.945847],[-35.859654,-5.946072],[-35.860516,-5.945455],[-35.861344,-5.94553],[-35.862556,-5.946734],[-35.864061,-5.94745],[-35.865364,-5.949428],[-35.867844,-5.950161],[-35.868989,-5.951209],[-35.869252,-5.952118],[-35.868672,-5.953241],[-35.865701,-5.954167],[-35.864358,-5.95591],[-35.864253,-5.95739],[-35.865296,-5.958346],[-35.865733,-5.959386],[-35.865005,-5.961152],[-35.865199,-5.96235],[-35.86459,-5.964092],[-35.864676,-5.966416],[-35.863907,-5.966859],[-35.858205,-5.96679],[-35.857619,-5.967252],[-35.857277,-5.968179],[-35.857962,-5.969445],[-35.860048,-5.970735],[-35.86098,-5.97094],[-35.864767,-5.97107],[-35.866668,-5.97011],[-35.867082,-5.969515],[-35.867429,-5.967361],[-35.869425,-5.965042],[-35.869127,-5.963255],[-35.869335,-5.962469],[-35.871494,-5.960765],[-35.871102,-5.958465],[-35.871605,-5.958194],[-35.872235,-5.958782],[-35.873122,-5.958875],[-35.874114,-5.95794],[-35.873277,-5.954325],[-35.873265,-5.953167],[-35.873683,-5.952864],[-35.875825,-5.95567],[-35.877052,-5.958291],[-35.876881,-5.959149],[-35.874688,-5.962785],[-35.875081,-5.963372],[-35.87631,-5.963321],[-35.876844,-5.963793],[-35.876526,-5.96518],[-35.876733,-5.965691],[-35.87739,-5.965994],[-35.877241,-5.967992],[-35.875848,-5.970285],[-35.872948,-5.972592],[-35.872233,-5.975242],[-35.870495,-5.975983],[-35.869349,-5.975745],[-35.867528,-5.977333],[-35.865073,-5.977797],[-35.864113,-5.978405],[-35.863557,-5.980408],[-35.864098,-5.983992],[-35.863522,-5.98484],[-35.861845,-5.985964],[-35.860711,-5.988486],[-35.859841,-5.988791],[-35.857996,-5.987883],[-35.855843,-5.987708],[-35.854769,-5.987124],[-35.853745,-5.985844],[-35.853337,-5.984257],[-35.853482,-5.983032],[-35.852912,-5.981819],[-35.851801,-5.981069],[-35.850249,-5.981077],[-35.849705,-5.979885],[-35.848691,-5.980096],[-35.847224,-5.981417],[-35.845679,-5.981584],[-35.842059,-5.978908],[-35.838956,-5.978984],[-35.838066,-5.978685],[-35.837491,-5.977674],[-35.837544,-5.97586],[-35.836906,-5.97499],[-35.834537,-5.975752],[-35.833125,-5.975417],[-35.831569,-5.973036],[-35.829739,-5.97222],[-35.829188,-5.971529],[-35.829234,-5.970645],[-35.830163,-5.96864],[-35.830296,-5.9676],[-35.829983,-5.966937],[-35.827013,-5.966554],[-35.825825,-5.967163],[-35.824329,-5.968966],[-35.822331,-5.969156],[-35.820403,-5.967948],[-35.820201,-5.96747],[-35.820657,-5.966424],[-35.819962,-5.965544],[-35.814523,-5.963854],[-35.813389,-5.961116],[-35.810327,-5.960424],[-35.809383,-5.958622],[-35.807982,-5.957149],[-35.8068,-5.957421],[-35.805635,-5.958628],[-35.804752,-5.95886],[-35.803939,-5.958446],[-35.803046,-5.956841],[-35.801529,-5.955701],[-35.798237,-5.955996],[-35.796649,-5.955678],[-35.79618,-5.954678],[-35.796695,-5.953701],[-35.797561,-5.953478],[-35.798901,-5.953856],[-35.800293,-5.953283],[-35.801837,-5.953247],[-35.803442,-5.951709],[-35.803509,-5.950226],[-35.802527,-5.949448],[-35.79864,-5.949325],[-35.795821,-5.948604],[-35.794554,-5.947571],[-35.793521,-5.946001],[-35.791729,-5.945682],[-35.791071,-5.944476],[-35.790984,-5.941832],[-35.790227,-5.940145],[-35.789052,-5.940742],[-35.787887,-5.945993],[-35.786503,-5.947516],[-35.785236,-5.947082],[-35.784585,-5.945912],[-35.78279,-5.945402],[-35.78192,-5.942583],[-35.780779,-5.941729],[-35.7788,-5.941228],[-35.77829,-5.940401],[-35.77822,-5.938991],[-35.777302,-5.938355],[-35.77643,-5.938601],[-35.773522,-5.942023],[-35.768995,-5.942289],[-35.766625,-5.944864],[-35.762856,-5.945961],[-35.761959,-5.946653],[-35.761056,-5.946488],[-35.760187,-5.945465],[-35.758953,-5.945107],[-35.758501,-5.944228],[-35.758712,-5.943262],[-35.761869,-5.939511],[-35.76179,-5.938617],[-35.761155,-5.938256],[-35.75808,-5.940137],[-35.754536,-5.940344],[-35.751502,-5.944302],[-35.749573,-5.945272],[-35.748401,-5.945365],[-35.747708,-5.944528],[-35.747987,-5.942324],[-35.747287,-5.940449],[-35.746118,-5.939347],[-35.744234,-5.938497],[-35.743328,-5.937391],[-35.742263,-5.937326],[-35.741,-5.934761],[-35.739897,-5.934043],[-35.738192,-5.93366],[-35.734513,-5.934152],[-35.733013,-5.933562],[-35.731636,-5.932265],[-35.730562,-5.931952],[-35.728197,-5.932624],[-35.726323,-5.932449],[-35.725401,-5.933152],[-35.724716,-5.933198],[-35.723921,-5.932703],[-35.722753,-5.930992],[-35.721682,-5.930806],[-35.720339,-5.931393],[-35.719437,-5.931344],[-35.716944,-5.929767],[-35.713108,-5.930837],[-35.712101,-5.930911],[-35.71143,-5.930549],[-35.7104,-5.929437],[-35.709716,-5.92766],[-35.708152,-5.926857],[-35.707837,-5.925672],[-35.708666,-5.925057],[-35.71281,-5.925442],[-35.714017,-5.925165],[-35.715112,-5.924082],[-35.715138,-5.923284],[-35.714593,-5.92238],[-35.712747,-5.921797],[-35.709593,-5.921619],[-35.706917,-5.920775],[-35.706676,-5.920118],[-35.707334,-5.918462],[-35.706482,-5.917251],[-35.705665,-5.917399],[-35.704662,-5.91833],[-35.703273,-5.917654],[-35.702508,-5.91865],[-35.701803,-5.918849],[-35.701207,-5.918425],[-35.700668,-5.916755],[-35.699535,-5.916349],[-35.698647,-5.916746],[-35.698218,-5.91811],[-35.697383,-5.918981],[-35.696217,-5.919293],[-35.695139,-5.919006],[-35.694595,-5.91793],[-35.69527,-5.916405],[-35.695398,-5.914735],[-35.694643,-5.912791],[-35.693051,-5.911446],[-35.690428,-5.910826],[-35.689432,-5.909503],[-35.687583,-5.908213],[-35.685943,-5.906506],[-35.686527,-5.905979],[-35.687953,-5.906537],[-35.689606,-5.906382],[-35.690474,-5.906875],[-35.691569,-5.906866],[-35.692864,-5.907784],[-35.694463,-5.907636],[-35.695048,-5.908896],[-35.69566,-5.909321],[-35.698719,-5.908933],[-35.701016,-5.91041],[-35.701843,-5.909929],[-35.701938,-5.909156],[-35.699541,-5.906856],[-35.699472,-5.9062],[-35.699885,-5.905665],[-35.700969,-5.905485],[-35.703194,-5.907252],[-35.705302,-5.907753],[-35.705934,-5.907173],[-35.706078,-5.905608],[-35.707871,-5.904785],[-35.709149,-5.90573],[-35.711111,-5.906192],[-35.712183,-5.908883],[-35.713204,-5.910374],[-35.715014,-5.911959],[-35.716901,-5.912933],[-35.719164,-5.913182],[-35.722236,-5.912063],[-35.724737,-5.911662],[-35.726633,-5.911832],[-35.729205,-5.913015],[-35.731758,-5.912197],[-35.733111,-5.910974],[-35.732673,-5.909616],[-35.73114,-5.90843],[-35.730993,-5.907358],[-35.731323,-5.906609],[-35.732881,-5.906767],[-35.733493,-5.906187],[-35.733699,-5.904921],[-35.735089,-5.904915],[-35.736535,-5.903665],[-35.737574,-5.903351],[-35.74038,-5.905628],[-35.742073,-5.907752],[-35.743593,-5.908302],[-35.748409,-5.906408],[-35.750743,-5.906899],[-35.752898,-5.908447],[-35.75376,-5.90865],[-35.754886,-5.908321],[-35.756005,-5.90703],[-35.75702,-5.907003]],[[-35.705994,-5.947047],[-35.706901,-5.948255],[-35.707428,-5.949823],[-35.707299,-5.953106],[-35.70665,-5.954628],[-35.705256,-5.956331],[-35.702464,-5.957315],[-35.702026,-5.958201],[-35.70212,-5.958942],[-35.702559,-5.959547],[-35.70345,-5.959697],[-35.708351,-5.958897],[-35.709419,-5.95935],[-35.709947,-5.960086],[-35.709528,-5.961312],[-35.708486,-5.962211],[-35.705079,-5.962386],[-35.703581,-5.963088],[-35.701401,-5.966229],[-35.698094,-5.965337],[-35.696585,-5.96612],[-35.695593,-5.969039],[-35.6957,-5.970688],[-35.696939,-5.972153],[-35.699252,-5.973642],[-35.699561,-5.977249],[-35.699176,-5.977801],[-35.698402,-5.978023],[-35.696268,-5.977149],[-35.695034,-5.976185],[-35.693655,-5.97638],[-35.693148,-5.977188],[-35.693349,-5.978908],[-35.693111,-5.979892],[-35.690854,-5.981949],[-35.6903,-5.983589],[-35.69064,-5.98494],[-35.69131,-5.985748],[-35.698392,-5.989579],[-35.699491,-5.990753],[-35.699986,-5.993091],[-35.699651,-5.994254],[-35.698165,-5.996669],[-35.697996,-5.99761],[-35.698403,-5.998171],[-35.699892,-5.999009],[-35.702963,-5.999204],[-35.704358,-6.000069],[-35.705166,-6.001179],[-35.706485,-6.001179],[-35.70901,-6.003503],[-35.709432,-6.004278],[-35.709025,-6.006551],[-35.709273,-6.008343],[-35.709813,-6.008819],[-35.712736,-6.008386],[-35.713635,-6.008979],[-35.712752,-6.011494],[-35.713188,-6.015197],[-35.712654,-6.015798],[-35.710386,-6.016108],[-35.707636,-6.015285],[-35.7068,-6.015289],[-35.706325,-6.01577],[-35.706631,-6.017442],[-35.706106,-6.019835],[-35.706585,-6.020072],[-35.70831,-6.018808],[-35.708908,-6.019044],[-35.70957,-6.020057],[-35.711418,-6.01939],[-35.711779,-6.020106],[-35.711312,-6.02214],[-35.70977,-6.0243],[-35.709778,-6.025854],[-35.708477,-6.028311],[-35.708842,-6.029744],[-35.710399,-6.030692],[-35.710946,-6.032662],[-35.709535,-6.037092],[-35.709541,-6.038228],[-35.710621,-6.039418],[-35.713368,-6.039344],[-35.714266,-6.039818],[-35.715348,-6.041307],[-35.714641,-6.043283],[-35.712153,-6.047181],[-35.712102,-6.048974],[-35.713121,-6.049746],[-35.713548,-6.051537],[-35.714627,-6.052428],[-35.715351,-6.053919],[-35.716491,-6.055049],[-35.717642,-6.05839],[-35.718839,-6.058982],[-35.719569,-6.061608],[-35.72047,-6.06262],[-35.721686,-6.067037],[-35.722953,-6.069541],[-35.724269,-6.070132],[-35.726069,-6.071856],[-35.726859,-6.074482],[-35.729149,-6.078655],[-35.729819,-6.081281],[-35.731022,-6.083008],[-35.731265,-6.083963],[-35.730197,-6.085224],[-35.727335,-6.086075],[-35.726267,-6.087336],[-35.723878,-6.087288],[-35.722924,-6.087652],[-35.721141,-6.089215],[-35.719301,-6.091495],[-35.715847,-6.093366],[-35.71395,-6.096125],[-35.712994,-6.09601],[-35.711314,-6.094345],[-35.710158,-6.090167],[-35.708713,-6.087663],[-35.707916,-6.083603],[-35.706053,-6.081102],[-35.705568,-6.07967],[-35.705441,-6.078296],[-35.705967,-6.075842],[-35.705598,-6.073812],[-35.706187,-6.072195],[-35.705944,-6.07136],[-35.704566,-6.07047],[-35.70372,-6.068382],[-35.702221,-6.067134],[-35.701738,-6.066061],[-35.702361,-6.059244],[-35.70097,-6.055784],[-35.701616,-6.053629],[-35.702623,-6.05201],[-35.702851,-6.049678],[-35.704153,-6.0474],[-35.704141,-6.045009],[-35.70354,-6.044175],[-35.701445,-6.043229],[-35.699295,-6.043061],[-35.698516,-6.042467],[-35.697489,-6.040021],[-35.696055,-6.039789],[-35.695571,-6.038596],[-35.695807,-6.037937],[-35.697118,-6.037513],[-35.697889,-6.036493],[-35.698425,-6.036191],[-35.6998,-6.036543],[-35.700634,-6.03618],[-35.702834,-6.034316],[-35.702052,-6.033184],[-35.700377,-6.032476],[-35.699889,-6.030446],[-35.698927,-6.029076],[-35.700175,-6.027874],[-35.700647,-6.026796],[-35.700403,-6.025602],[-35.698366,-6.024237],[-35.694003,-6.023362],[-35.693402,-6.022528],[-35.693516,-6.021511],[-35.695892,-6.018989],[-35.695948,-6.018152],[-35.694266,-6.016128],[-35.693488,-6.015713],[-35.689129,-6.015615],[-35.687749,-6.014367],[-35.685871,-6.014075],[-35.684491,-6.012886],[-35.684607,-6.012109],[-35.685614,-6.010549],[-35.687308,-6.009647],[-35.688019,-6.008568],[-35.687835,-6.007493],[-35.687173,-6.00648],[-35.684537,-6.0047],[-35.683397,-6.00351],[-35.682673,-6.002019],[-35.681647,-6.001084],[-35.681157,-5.999833],[-35.681941,-5.998824],[-35.685103,-5.998331],[-35.685696,-5.996712],[-35.685217,-5.995057],[-35.684175,-5.994142],[-35.68078,-5.993353],[-35.678147,-5.991815],[-35.677005,-5.99048],[-35.676271,-5.986957],[-35.675465,-5.986198],[-35.674071,-5.985732],[-35.672624,-5.985987],[-35.671715,-5.986619],[-35.670972,-5.987888],[-35.670866,-5.988991],[-35.671575,-5.990676],[-35.675713,-5.993301],[-35.677754,-5.996366],[-35.678279,-5.998776],[-35.678082,-6.001184],[-35.675726,-6.003007],[-35.673513,-6.002181],[-35.67023,-6.002376],[-35.668286,-6.00175],[-35.664764,-5.99958],[-35.663404,-5.999172],[-35.661337,-5.997168],[-35.659068,-5.996798],[-35.657026,-5.995806],[-35.650208,-5.99369],[-35.649511,-5.992802],[-35.649605,-5.992356],[-35.65229,-5.991307],[-35.654285,-5.992001],[-35.656298,-5.991285],[-35.658675,-5.99186],[-35.661971,-5.99181],[-35.663884,-5.99342],[-35.665309,-5.993108],[-35.666567,-5.993297],[-35.667248,-5.992603],[-35.667164,-5.990481],[-35.667588,-5.988871],[-35.666842,-5.987179],[-35.665813,-5.986999],[-35.664484,-5.987915],[-35.663923,-5.987532],[-35.663614,-5.986389],[-35.662848,-5.985941],[-35.660313,-5.986825],[-35.658364,-5.98648],[-35.657125,-5.985481],[-35.655577,-5.982525],[-35.654333,-5.981943],[-35.652205,-5.981728],[-35.651226,-5.980979],[-35.650347,-5.979595],[-35.650193,-5.977161],[-35.651712,-5.975195],[-35.652789,-5.973033],[-35.653978,-5.972395],[-35.656528,-5.972549],[-35.658467,-5.97204],[-35.658908,-5.971237],[-35.658673,-5.970351],[-35.657892,-5.969873],[-35.654806,-5.969829],[-35.653821,-5.969254],[-35.65326,-5.968389],[-35.652472,-5.968247],[-35.650739,-5.96962],[-35.649675,-5.972078],[-35.648282,-5.971955],[-35.647246,-5.970888],[-35.647056,-5.969704],[-35.649977,-5.96531],[-35.650027,-5.964498],[-35.649646,-5.964011],[-35.644721,-5.964145],[-35.642724,-5.961709],[-35.640725,-5.960662],[-35.638752,-5.961252],[-35.636518,-5.962749],[-35.634328,-5.962772],[-35.633104,-5.961941],[-35.632018,-5.959555],[-35.630349,-5.959333],[-35.628084,-5.960014],[-35.626786,-5.959652],[-35.625065,-5.957313],[-35.62237,-5.956554],[-35.621437,-5.954819],[-35.619353,-5.953562],[-35.618896,-5.952441],[-35.619085,-5.951726],[-35.620499,-5.951414],[-35.621907,-5.951749],[-35.623781,-5.952925],[-35.625742,-5.952798],[-35.627325,-5.951631],[-35.628609,-5.949287],[-35.630183,-5.948874],[-35.631104,-5.949373],[-35.632335,-5.950995],[-35.632945,-5.952938],[-35.632989,-5.955055],[-35.633957,-5.955593],[-35.635112,-5.955071],[-35.636534,-5.95499],[-35.637472,-5.954392],[-35.639057,-5.952838],[-35.64075,-5.95002],[-35.643842,-5.949217],[-35.645129,-5.947151],[-35.646102,-5.946637],[-35.647196,-5.946759],[-35.647867,-5.947251],[-35.648258,-5.947985],[-35.648334,-5.949402],[-35.649636,-5.950136],[-35.650101,-5.951418],[-35.650678,-5.951783],[-35.652685,-5.950996],[-35.654954,-5.951732],[-35.6565,-5.951745],[-35.659398,-5.950865],[-35.661096,-5.949954],[-35.662998,-5.948257],[-35.664518,-5.947877],[-35.665384,-5.948484],[-35.665314,-5.94954],[-35.662201,-5.95304],[-35.661326,-5.956297],[-35.660826,-5.957013],[-35.656894,-5.96013],[-35.656963,-5.961259],[-35.657442,-5.961577],[-35.658549,-5.961055],[-35.659631,-5.961083],[-35.661455,-5.962732],[-35.663855,-5.96269],[-35.664702,-5.9635],[-35.665846,-5.96375],[-35.669859,-5.961568],[-35.671779,-5.961357],[-35.673213,-5.961956],[-35.67456,-5.96349],[-35.675475,-5.963777],[-35.67776,-5.96273],[-35.680368,-5.962687],[-35.681296,-5.961971],[-35.68162,-5.961147],[-35.681428,-5.95999],[-35.678813,-5.957297],[-35.678584,-5.956274],[-35.679203,-5.955134],[-35.680703,-5.954551],[-35.682773,-5.951846],[-35.68391,-5.951588],[-35.684775,-5.951913],[-35.687144,-5.956721],[-35.688266,-5.95699],[-35.689078,-5.95653],[-35.689859,-5.955135],[-35.689978,-5.953541],[-35.688642,-5.95071],[-35.688204,-5.948704],[-35.688364,-5.947143],[-35.689505,-5.946067],[-35.691678,-5.946594],[-35.693547,-5.948523],[-35.696551,-5.948577],[-35.697302,-5.949494],[-35.698246,-5.953615],[-35.699051,-5.953987],[-35.700308,-5.952488],[-35.700706,-5.950391],[-35.70141,-5.949187],[-35.704941,-5.947027],[-35.705994,-5.947047]],[[-36.363884,-5.965683],[-36.366674,-5.968984],[-36.366906,-5.97036],[-36.366002,-5.972209],[-36.362003,-5.97201],[-36.360574,-5.971166],[-36.360399,-5.970269],[-36.361253,-5.966388],[-36.362032,-5.965853],[-36.363884,-5.965683]],[[-36.353081,-5.95254],[-36.353195,-5.953677],[-36.35349,-5.954455],[-36.355689,-5.956498],[-36.355442,-5.95823],[-36.35167,-5.960364],[-36.349505,-5.963641],[-36.348607,-5.964235],[-36.347711,-5.96429],[-36.347295,-5.96381],[-36.347485,-5.961599],[-36.349123,-5.956287],[-36.350683,-5.954561],[-36.350699,-5.951154],[-36.351186,-5.949363],[-36.351667,-5.948529],[-36.352506,-5.947995],[-36.353042,-5.948117],[-36.353747,-5.950631],[-36.353081,-5.95254]],[[-35.862206,-5.920673],[-35.862758,-5.920177],[-35.8655,-5.919669],[-35.866144,-5.918896],[-35.866401,-5.9174],[-35.867053,-5.916985],[-35.868074,-5.916943],[-35.870927,-5.918083],[-35.873384,-5.916848],[-35.875113,-5.916696],[-35.876189,-5.915668],[-35.879183,-5.915987],[-35.879841,-5.915566],[-35.881014,-5.915531],[-35.882523,-5.916589],[-35.884521,-5.916512],[-35.885259,-5.917122],[-35.88528,-5.917714],[-35.884434,-5.91928],[-35.884415,-5.920976],[-35.883225,-5.923168],[-35.88399,-5.924263],[-35.884123,-5.925115],[-35.882739,-5.928839],[-35.881115,-5.92935],[-35.88021,-5.929222],[-35.880039,-5.928613],[-35.880614,-5.927463],[-35.880339,-5.926881],[-35.87867,-5.926243],[-35.876695,-5.926542],[-35.87561,-5.925593],[-35.874714,-5.925357],[-35.87337,-5.926149],[-35.872813,-5.926994],[-35.87123,-5.926446],[-35.870386,-5.926976],[-35.870392,-5.928108],[-35.871418,-5.929506],[-35.870944,-5.9307],[-35.869266,-5.930852],[-35.867792,-5.930128],[-35.86679,-5.931049],[-35.865849,-5.931204],[-35.865397,-5.931031],[-35.865433,-5.930368],[-35.866222,-5.928935],[-35.866635,-5.926904],[-35.865804,-5.924965],[-35.86503,-5.924498],[-35.864052,-5.924882],[-35.86218,-5.924404],[-35.86056,-5.924748],[-35.859717,-5.924135],[-35.859568,-5.923284],[-35.859929,-5.922523],[-35.861684,-5.922038],[-35.862206,-5.920673]]],[[[-35.396775,-5.877077],[-35.398085,-5.876055],[-35.399399,-5.876229],[-35.401724,-5.875561],[-35.40262,-5.875677],[-35.403752,-5.875014],[-35.405545,-5.875485],[-35.407034,-5.874582],[-35.409002,-5.874035],[-35.409957,-5.874031],[-35.411572,-5.874801],[-35.412532,-5.875873],[-35.414405,-5.881007],[-35.416931,-5.885181],[-35.418323,-5.889539],[-35.418392,-5.891751],[-35.41978,-5.895272],[-35.420097,-5.899336],[-35.421125,-5.902321],[-35.422979,-5.90321],[-35.424174,-5.903384],[-35.425972,-5.90493],[-35.429742,-5.906947],[-35.43082,-5.907719],[-35.432083,-5.909627],[-35.433941,-5.911293],[-35.439201,-5.912704],[-35.44016,-5.913417],[-35.443221,-5.91723],[-35.444712,-5.916805],[-35.445067,-5.916026],[-35.444695,-5.912979],[-35.442285,-5.908028],[-35.442281,-5.907011],[-35.442635,-5.906173],[-35.444897,-5.904489],[-35.445912,-5.904424],[-35.44819,-5.906567],[-35.450519,-5.906796],[-35.452307,-5.90613],[-35.453911,-5.90421],[-35.456709,-5.902464],[-35.457843,-5.902339],[-35.460774,-5.903462],[-35.461853,-5.904414],[-35.462515,-5.905666],[-35.462946,-5.908654],[-35.461349,-5.912068],[-35.461424,-5.915536],[-35.462506,-5.917145],[-35.463402,-5.917141],[-35.465606,-5.916175],[-35.466259,-5.915215],[-35.467016,-5.910848],[-35.467901,-5.908452],[-35.469088,-5.906893],[-35.47117,-5.905269],[-35.473316,-5.904542],[-35.474572,-5.904895],[-35.476551,-5.906979],[-35.478645,-5.907807],[-35.480666,-5.905944],[-35.480722,-5.905107],[-35.479878,-5.903258],[-35.479991,-5.901882],[-35.480407,-5.901342],[-35.481902,-5.901933],[-35.484345,-5.900906],[-35.486076,-5.900659],[-35.487151,-5.900894],[-35.48901,-5.902739],[-35.491181,-5.907571],[-35.492802,-5.909477],[-35.49467,-5.913414],[-35.496292,-5.915559],[-35.502469,-5.916122],[-35.50386,-5.915653],[-35.50589,-5.917221],[-35.508999,-5.917267],[-35.513068,-5.919244],[-35.514543,-5.919116],[-35.516784,-5.919684],[-35.519212,-5.921243],[-35.522512,-5.925357],[-35.527809,-5.925062],[-35.529116,-5.925543],[-35.529707,-5.926806],[-35.529332,-5.928665],[-35.530179,-5.928982],[-35.531828,-5.928561],[-35.532505,-5.929584],[-35.533731,-5.930355],[-35.534441,-5.934822],[-35.535196,-5.93607],[-35.53689,-5.936253],[-35.538853,-5.937609],[-35.541677,-5.936943],[-35.543696,-5.936021],[-35.545702,-5.936214],[-35.546463,-5.939663],[-35.547366,-5.941687],[-35.546821,-5.944642],[-35.547015,-5.946544],[-35.547874,-5.948252],[-35.549159,-5.949292],[-35.550524,-5.948557],[-35.551382,-5.946816],[-35.551688,-5.944973],[-35.551328,-5.94314],[-35.550097,-5.940532],[-35.549119,-5.934415],[-35.548297,-5.933179],[-35.546777,-5.931921],[-35.544014,-5.930948],[-35.540962,-5.930859],[-35.539814,-5.930085],[-35.539279,-5.928901],[-35.540466,-5.925982],[-35.541422,-5.925693],[-35.542839,-5.926099],[-35.543817,-5.925679],[-35.545339,-5.925678],[-35.545796,-5.925176],[-35.545985,-5.92398],[-35.545707,-5.922295],[-35.547427,-5.920239],[-35.547181,-5.91893],[-35.547767,-5.91557],[-35.547129,-5.914457],[-35.545619,-5.914305],[-35.540374,-5.91809],[-35.538799,-5.918714],[-35.537527,-5.918772],[-35.535131,-5.91705],[-35.533344,-5.917513],[-35.532766,-5.916871],[-35.532655,-5.915103],[-35.531295,-5.913839],[-35.531001,-5.913129],[-35.531075,-5.912364],[-35.531999,-5.910856],[-35.531634,-5.909653],[-35.527784,-5.911271],[-35.52555,-5.910757],[-35.523119,-5.911267],[-35.522302,-5.910936],[-35.521965,-5.910265],[-35.52212,-5.909483],[-35.523936,-5.908285],[-35.524448,-5.906854],[-35.524094,-5.905682],[-35.522642,-5.905157],[-35.521101,-5.905241],[-35.520034,-5.9057],[-35.51671,-5.90996],[-35.514646,-5.910617],[-35.511777,-5.910925],[-35.50962,-5.910723],[-35.505037,-5.909057],[-35.502436,-5.909922],[-35.50031,-5.90976],[-35.497994,-5.909035],[-35.496256,-5.907608],[-35.494754,-5.905463],[-35.491498,-5.898244],[-35.490957,-5.897409],[-35.490059,-5.896875],[-35.489222,-5.89652],[-35.487373,-5.896947],[-35.484447,-5.896841],[-35.478347,-5.894656],[-35.474705,-5.894612],[-35.473032,-5.894201],[-35.462562,-5.889226],[-35.460773,-5.889652],[-35.458152,-5.891158],[-35.457436,-5.891161],[-35.454204,-5.889442],[-35.45331,-5.889625],[-35.451644,-5.891008],[-35.449922,-5.893108],[-35.44867,-5.893472],[-35.446757,-5.893002],[-35.445615,-5.891273],[-35.444719,-5.891217],[-35.443527,-5.891641],[-35.44228,-5.893141],[-35.441446,-5.893563],[-35.438817,-5.893216],[-35.432491,-5.893722],[-35.430097,-5.892537],[-35.427868,-5.887823],[-35.421931,-5.881871],[-35.420007,-5.878651],[-35.418327,-5.876685],[-35.41742,-5.873999],[-35.417768,-5.871725],[-35.418661,-5.871183],[-35.420691,-5.871175],[-35.423741,-5.872297],[-35.425593,-5.872528],[-35.429231,-5.871735],[-35.432986,-5.870344],[-35.434479,-5.870397],[-35.439142,-5.871752],[-35.441949,-5.872039],[-35.44415,-5.870235],[-35.448802,-5.869079],[-35.453767,-5.871329],[-35.458063,-5.870772],[-35.462666,-5.872187],[-35.463683,-5.87278],[-35.465066,-5.874867],[-35.467763,-5.877306],[-35.469794,-5.877596],[-35.473384,-5.879433],[-35.475302,-5.880979],[-35.475964,-5.882291],[-35.477823,-5.884017],[-35.480038,-5.885442],[-35.482968,-5.886445],[-35.484461,-5.886558],[-35.487085,-5.885889],[-35.487138,-5.884394],[-35.484381,-5.882074],[-35.480132,-5.879822],[-35.47665,-5.875413],[-35.474675,-5.874226],[-35.472225,-5.873759],[-35.471267,-5.873046],[-35.468625,-5.86965],[-35.464737,-5.868053],[-35.464137,-5.867398],[-35.464363,-5.864407],[-35.463165,-5.863576],[-35.46221,-5.86358],[-35.460187,-5.865024],[-35.458336,-5.864912],[-35.456721,-5.864381],[-35.453799,-5.865171],[-35.452604,-5.864818],[-35.450804,-5.862673],[-35.44841,-5.861369],[-35.446497,-5.860899],[-35.445245,-5.861203],[-35.442624,-5.862649],[-35.436417,-5.862975],[-35.430697,-5.865631],[-35.428012,-5.865941],[-35.424377,-5.867512],[-35.423303,-5.867636],[-35.421449,-5.867046],[-35.419182,-5.867295],[-35.41673,-5.866349],[-35.415237,-5.866236],[-35.41106,-5.866852],[-35.408607,-5.865547],[-35.406939,-5.866391],[-35.404365,-5.864788],[-35.402517,-5.865573],[-35.401323,-5.865459],[-35.399056,-5.865947],[-35.395293,-5.865604],[-35.391663,-5.86837],[-35.389102,-5.869876],[-35.386896,-5.870423],[-35.383563,-5.872948],[-35.382133,-5.873612],[-35.379686,-5.873802],[-35.378676,-5.874882],[-35.376115,-5.875562],[-35.379749,-5.874639],[-35.380645,-5.874814],[-35.381007,-5.87547],[-35.379761,-5.877449],[-35.38114,-5.878878],[-35.382587,-5.88198],[-35.383724,-5.882813],[-35.3845,-5.882749],[-35.384542,-5.878564],[-35.385969,-5.877183],[-35.39092,-5.876086],[-35.393552,-5.87715],[-35.394271,-5.877865],[-35.395766,-5.878277],[-35.396362,-5.878035],[-35.396775,-5.877077]]],[[[-35.366434,-5.882794],[-35.366972,-5.882971],[-35.365355,-5.881841],[-35.366434,-5.882794]]],[[[-35.374214,-5.878242],[-35.374775,-5.878513],[-35.376029,-5.878747],[-35.374214,-5.878242]]],[[[-35.377342,-5.878502],[-35.379761,-5.877449],[-35.376029,-5.878747],[-35.377342,-5.878502]]],[[[-35.372441,-5.877387],[-35.370882,-5.875779],[-35.369992,-5.875287],[-35.372441,-5.877387]]],[[[-35.374165,-5.875526],[-35.374935,-5.875541],[-35.373617,-5.875225],[-35.374165,-5.875526]]],[[[-35.37201,-5.87434],[-35.372633,-5.874683],[-35.370152,-5.872614],[-35.37201,-5.87434]]],[[[-35.358995,-5.874455],[-35.359406,-5.872839],[-35.359572,-5.86955],[-35.358995,-5.874455]]],[[[-35.249196,-5.813034],[-35.249734,-5.81185],[-35.249121,-5.812976],[-35.249495,-5.814359],[-35.249196,-5.813034]]],[[[-35.246203,-5.805804],[-35.246222,-5.805479],[-35.246035,-5.805098],[-35.246203,-5.805804]]],[[[-35.242146,-5.805244],[-35.242591,-5.805346],[-35.244209,-5.804996],[-35.242146,-5.805244]]],[[[-35.240673,-5.804671],[-35.240879,-5.804849],[-35.24064,-5.803599],[-35.240673,-5.804671]]],[[[-35.239783,-5.802409],[-35.242233,-5.801564],[-35.245416,-5.800029],[-35.239783,-5.802409]]],[[[-35.27924,-5.79678],[-35.279619,-5.796874],[-35.27982,-5.796695],[-35.27924,-5.79678]]],[[[-35.274525,-5.789123],[-35.274578,-5.789262],[-35.275483,-5.789241],[-35.274525,-5.789123]]],[[[-35.259516,-5.779138],[-35.259624,-5.779343],[-35.259843,-5.778922],[-35.258671,-5.779482],[-35.259516,-5.779138]]],[[[-35.248536,-5.774901],[-35.248538,-5.774904],[-35.248617,-5.773239],[-35.248536,-5.774901]]],[[[-35.248734,-5.771738],[-35.248664,-5.771943],[-35.248726,-5.771819],[-35.248734,-5.771738]]]]}},{"type":"Feature","id":3,"properties":{"aquifero":"Formação Barreiras","fonte":"SEMARH (1998)"},"geometry":{"type":"MultiPolygon","coordinates":[[[[-35.512026,-5.719899],[-35.510499,-5.720362],[-35.509961,-5.721616],[-35.509739,-5.723657],[-35.508349,-5.724285],[-35.506567,-5.727109],[-35.505004,-5.728335],[-35.504291,-5.72853],[-35.504105,-5.729105],[-35.503069,-5.730106],[-35.502369,-5.73012],[-35.501776,-5.729417],[-35.500944,-5.72962],[-35.499855,-5.73052],[-35.500215,-5.731409],[-35.49997,-5.731811],[-35.499043,-5.73163],[-35.498671,-5.730865],[-35.497609,-5.731362],[-35.497382,-5.733858],[-35.499664,-5.735142],[-35.499003,-5.73649],[-35.498164,-5.736485],[-35.497511,-5.737139],[-35.496608,-5.737135],[-35.495518,-5.737775],[-35.495129,-5.737371],[-35.494438,-5.738844],[-35.493135,-5.739233],[-35.493371,-5.740923],[-35.49387,-5.742021],[-35.495332,-5.741784],[-35.495907,-5.742161],[-35.495576,-5.743488],[-35.494436,-5.74326],[-35.494106,-5.743941],[-35.492472,-5.742923],[-35.491718,-5.74349],[-35.490653,-5.743724],[-35.490245,-5.744501],[-35.490256,-5.745287],[-35.489213,-5.745566],[-35.488656,-5.746896],[-35.487752,-5.74801],[-35.48886,-5.748685],[-35.489014,-5.749588],[-35.488586,-5.750153],[-35.488773,-5.750516],[-35.488432,-5.750681],[-35.488698,-5.751005],[-35.488471,-5.752631],[-35.488078,-5.753009],[-35.488103,-5.754248],[-35.48762,-5.754565],[-35.487295,-5.756069],[-35.488641,-5.756952],[-35.487978,-5.757114],[-35.489081,-5.758508],[-35.488635,-5.7588],[-35.488663,-5.76013],[-35.487791,-5.760271],[-35.487638,-5.761055],[-35.486958,-5.761865],[-35.487296,-5.762628],[-35.488649,-5.763849],[-35.491004,-5.768417],[-35.490219,-5.769488],[-35.487435,-5.769916],[-35.483657,-5.769302],[-35.479493,-5.768172],[-35.477708,-5.766566],[-35.475923,-5.762818],[-35.472601,-5.760999],[-35.468128,-5.759095],[-35.462512,-5.757858],[-35.459657,-5.757953],[-35.457182,-5.760808],[-35.452614,-5.760903],[-35.448871,-5.758514],[-35.44573,-5.757015],[-35.439733,-5.754802],[-35.436378,-5.752589],[-35.433499,-5.752958],[-35.432678,-5.756015],[-35.429109,-5.761815],[-35.420632,-5.765087],[-35.410073,-5.765979],[-35.401378,-5.764348],[-35.395951,-5.762539],[-35.38992,-5.757564],[-35.386905,-5.754096],[-35.379668,-5.749724],[-35.376261,-5.751408],[-35.375072,-5.755584],[-35.375145,-5.759373],[-35.370321,-5.764499],[-35.361727,-5.76676],[-35.345144,-5.765856],[-35.3266,-5.760881],[-35.321191,-5.757031],[-35.319254,-5.756371],[-35.317485,-5.755254],[-35.316854,-5.753466],[-35.315873,-5.753079],[-35.312367,-5.754022],[-35.308429,-5.75268],[-35.307426,-5.750521],[-35.30701,-5.748558],[-35.30576,-5.747428],[-35.304866,-5.746943],[-35.304716,-5.747278],[-35.302962,-5.746259],[-35.301457,-5.746492],[-35.300552,-5.74624],[-35.300669,-5.745294],[-35.300166,-5.744642],[-35.299664,-5.744568],[-35.298896,-5.744905],[-35.298731,-5.74579],[-35.298129,-5.746117],[-35.296932,-5.745903],[-35.296262,-5.74633],[-35.295877,-5.747634],[-35.29301,-5.748503],[-35.281826,-5.757605],[-35.280875,-5.761233],[-35.2812,-5.764214],[-35.280738,-5.765941],[-35.277312,-5.767312],[-35.276055,-5.766512],[-35.27123,-5.760007],[-35.271508,-5.757289],[-35.269989,-5.756831],[-35.26981,-5.756177],[-35.267669,-5.75444],[-35.262577,-5.753583],[-35.261665,-5.753911],[-35.261547,-5.754304],[-35.258981,-5.756212],[-35.258124,-5.755052],[-35.255266,-5.753117],[-35.251438,-5.753092],[-35.250475,-5.754045],[-35.246106,-5.754788],[-35.244678,-5.756358],[-35.242465,-5.7575],[-35.237682,-5.757286],[-35.231115,-5.755288],[-35.230687,-5.754788],[-35.231476,-5.752066],[-35.233268,-5.751057],[-35.236255,-5.746793],[-35.236112,-5.744437],[-35.234185,-5.743438],[-35.232186,-5.743866],[-35.23033,-5.743081],[-35.229901,-5.741511],[-35.231044,-5.740654],[-35.231186,-5.739797],[-35.230473,-5.737941],[-35.228117,-5.735372],[-35.221335,-5.735728],[-35.220051,-5.736014],[-35.207564,-5.739961],[-35.203632,-5.743243],[-35.20352,-5.748952],[-35.202679,-5.750625],[-35.206176,-5.74817],[-35.200875,-5.752278],[-35.200637,-5.75298],[-35.201826,-5.752804],[-35.203543,-5.7549],[-35.206823,-5.752116],[-35.208195,-5.751811],[-35.209857,-5.749234],[-35.21224,-5.748029],[-35.214976,-5.745387],[-35.218244,-5.741488],[-35.221162,-5.7394],[-35.221749,-5.741285],[-35.221641,-5.744335],[-35.222007,-5.746187],[-35.223931,-5.749767],[-35.224961,-5.753709],[-35.224968,-5.755563],[-35.223855,-5.761008],[-35.224335,-5.761425],[-35.225171,-5.761482],[-35.226677,-5.760888],[-35.230502,-5.761949],[-35.23246,-5.763621],[-35.23449,-5.763553],[-35.236216,-5.762231],[-35.237527,-5.761807],[-35.239497,-5.76168],[-35.24177,-5.762807],[-35.242844,-5.762563],[-35.244755,-5.762795],[-35.246614,-5.76494],[-35.248935,-5.769746],[-35.24869,-5.772175],[-35.248934,-5.773219],[-35.248617,-5.773239],[-35.248538,-5.774904],[-35.248971,-5.776075],[-35.248316,-5.776025],[-35.248274,-5.777072],[-35.248634,-5.777668],[-35.250369,-5.778618],[-35.252895,-5.781174],[-35.254153,-5.780597],[-35.25491,-5.779437],[-35.25628,-5.778834],[-35.258671,-5.779482],[-35.260186,-5.778594],[-35.261698,-5.779565],[-35.262047,-5.778928],[-35.262388,-5.780145],[-35.263152,-5.780481],[-35.264462,-5.780548],[-35.264191,-5.779887],[-35.266042,-5.78022],[-35.267674,-5.781596],[-35.267351,-5.781978],[-35.267876,-5.782256],[-35.26907,-5.78237],[-35.271216,-5.781525],[-35.27599,-5.781027],[-35.276893,-5.782877],[-35.276317,-5.785599],[-35.276687,-5.785442],[-35.276986,-5.784324],[-35.278011,-5.783968],[-35.277299,-5.785243],[-35.277718,-5.786398],[-35.277593,-5.787121],[-35.276272,-5.788121],[-35.275483,-5.789241],[-35.276444,-5.790114],[-35.276869,-5.791966],[-35.278187,-5.792917],[-35.279032,-5.795186],[-35.279691,-5.7959],[-35.281035,-5.796015],[-35.281165,-5.796339],[-35.282321,-5.796607],[-35.285963,-5.796712],[-35.287274,-5.796169],[-35.288888,-5.7967],[-35.292052,-5.796688],[-35.294503,-5.797335],[-35.296946,-5.796189],[-35.299386,-5.794326],[-35.303982,-5.794188],[-35.305771,-5.793702],[-35.309711,-5.793507],[-35.312806,-5.791222],[-35.314955,-5.791213],[-35.318114,-5.790005],[-35.321098,-5.789753],[-35.323012,-5.790702],[-35.324742,-5.790456],[-35.326357,-5.791107],[-35.326837,-5.791763],[-35.326971,-5.79523],[-35.328474,-5.797854],[-35.329259,-5.800123],[-35.331592,-5.801309],[-35.333632,-5.803812],[-35.334591,-5.804526],[-35.338711,-5.804927],[-35.340806,-5.806054],[-35.341586,-5.807008],[-35.342482,-5.807303],[-35.344512,-5.807235],[-35.34715,-5.810034],[-35.348463,-5.809969],[-35.353607,-5.812339],[-35.355574,-5.811434],[-35.356342,-5.809577],[-35.356455,-5.808142],[-35.357052,-5.80796],[-35.358486,-5.808313],[-35.35932,-5.80801],[-35.360807,-5.806629],[-35.361221,-5.80579],[-35.360497,-5.80376],[-35.358757,-5.801795],[-35.35815,-5.799286],[-35.358446,-5.798747],[-35.361252,-5.798735],[-35.365475,-5.795011],[-35.366787,-5.794706],[-35.368587,-5.796971],[-35.369006,-5.797148],[-35.369958,-5.796546],[-35.372893,-5.798806],[-35.375701,-5.799392],[-35.378436,-5.79675],[-35.378666,-5.794477],[-35.379203,-5.794475],[-35.379854,-5.793276],[-35.380811,-5.793511],[-35.382314,-5.796255],[-35.38333,-5.79643],[-35.385055,-5.794988],[-35.386301,-5.79307],[-35.38821,-5.792763],[-35.390769,-5.790899],[-35.393037,-5.790889],[-35.394343,-5.789209],[-35.395836,-5.789203],[-35.39637,-5.788603],[-35.397862,-5.788417],[-35.399418,-5.789248],[-35.401448,-5.789478],[-35.40419,-5.78845],[-35.405446,-5.789043],[-35.408965,-5.788311],[-35.410042,-5.788844],[-35.410168,-5.790458],[-35.412081,-5.791107],[-35.412683,-5.79236],[-35.411253,-5.792904],[-35.410659,-5.793565],[-35.410364,-5.794463],[-35.411088,-5.796193],[-35.414683,-5.799466],[-35.414991,-5.801617],[-35.415652,-5.802571],[-35.416429,-5.802986],[-35.417862,-5.80298],[-35.419243,-5.804827],[-35.422354,-5.806488],[-35.423978,-5.809291],[-35.424696,-5.809587],[-35.429886,-5.808967],[-35.434606,-5.809783],[-35.436095,-5.809119],[-35.437768,-5.809471],[-35.440632,-5.80898],[-35.443498,-5.809207],[-35.445824,-5.808599],[-35.447264,-5.807456],[-35.450415,-5.807443],[-35.452681,-5.806895],[-35.454583,-5.805034],[-35.457087,-5.804365],[-35.457741,-5.803705],[-35.458037,-5.803046],[-35.457674,-5.801971],[-35.454438,-5.798996],[-35.454136,-5.798161],[-35.454253,-5.797622],[-35.45485,-5.797619],[-35.456408,-5.798988],[-35.457422,-5.798983],[-35.458851,-5.797961],[-35.460805,-5.794365],[-35.461276,-5.792988],[-35.461032,-5.791674],[-35.460008,-5.789586],[-35.459229,-5.788752],[-35.458681,-5.786423],[-35.459038,-5.786003],[-35.461071,-5.786951],[-35.462152,-5.7885],[-35.46293,-5.788916],[-35.463525,-5.788495],[-35.464055,-5.786699],[-35.465604,-5.786094],[-35.465651,-5.783224],[-35.467681,-5.783156],[-35.46839,-5.781598],[-35.468083,-5.779567],[-35.469216,-5.779323],[-35.470099,-5.77639],[-35.472658,-5.774705],[-35.473553,-5.774641],[-35.474212,-5.775236],[-35.474044,-5.777748],[-35.473572,-5.779125],[-35.472741,-5.780145],[-35.47263,-5.781939],[-35.474361,-5.78211],[-35.476101,-5.784076],[-35.477057,-5.784311],[-35.477881,-5.781617],[-35.47673,-5.777736],[-35.477612,-5.774683],[-35.478267,-5.774262],[-35.479104,-5.774676],[-35.479526,-5.775571],[-35.479542,-5.779158],[-35.481887,-5.783154],[-35.482421,-5.782494],[-35.482414,-5.78076],[-35.481508,-5.778432],[-35.48162,-5.776698],[-35.484359,-5.775072],[-35.485141,-5.776444],[-35.485211,-5.778775],[-35.48569,-5.779131],[-35.487059,-5.778348],[-35.48963,-5.779234],[-35.49082,-5.778392],[-35.490695,-5.777256],[-35.489792,-5.775467],[-35.489013,-5.774693],[-35.488949,-5.773677],[-35.489364,-5.773137],[-35.489959,-5.772716],[-35.492169,-5.773005],[-35.493419,-5.772223],[-35.495151,-5.772514],[-35.495804,-5.771614],[-35.497173,-5.770831],[-35.497408,-5.769933],[-35.496011,-5.76432],[-35.493197,-5.762419],[-35.492174,-5.760451],[-35.493413,-5.757157],[-35.49251,-5.755487],[-35.492386,-5.754412],[-35.492854,-5.752138],[-35.492066,-5.749392],[-35.492303,-5.748972],[-35.49296,-5.748969],[-35.494098,-5.75004],[-35.495352,-5.750095],[-35.496787,-5.750746],[-35.497802,-5.750741],[-35.498395,-5.749902],[-35.498448,-5.748347],[-35.497905,-5.746915],[-35.497897,-5.745181],[-35.49831,-5.744044],[-35.50028,-5.741526],[-35.501709,-5.7409],[-35.502361,-5.739761],[-35.501695,-5.737791],[-35.501686,-5.735699],[-35.502519,-5.735038],[-35.503355,-5.735213],[-35.506172,-5.737831],[-35.506829,-5.737829],[-35.507536,-5.735793],[-35.509746,-5.736321],[-35.514601,-5.740843],[-35.515503,-5.742513],[-35.517239,-5.743522],[-35.519162,-5.746502],[-35.52012,-5.747335],[-35.520837,-5.747511],[-35.521253,-5.747091],[-35.521003,-5.744581],[-35.521656,-5.743742],[-35.521708,-5.741888],[-35.520983,-5.739918],[-35.51877,-5.738792],[-35.516968,-5.73617],[-35.514098,-5.735106],[-35.513136,-5.733437],[-35.512289,-5.73087],[-35.512029,-5.726029],[-35.512501,-5.724711],[-35.513755,-5.725005],[-35.515732,-5.726551],[-35.518372,-5.729767],[-35.5207,-5.729876],[-35.522187,-5.728614],[-35.523438,-5.728071],[-35.524871,-5.728184],[-35.527979,-5.729306],[-35.528694,-5.729004],[-35.529762,-5.727684],[-35.532028,-5.727077],[-35.531361,-5.724808],[-35.531532,-5.722894],[-35.53272,-5.721693],[-35.536651,-5.719882],[-35.536931,-5.719257],[-35.5351,-5.718367],[-35.533465,-5.718781],[-35.532912,-5.718523],[-35.531631,-5.720138],[-35.529946,-5.721268],[-35.528502,-5.721391],[-35.528771,-5.722139],[-35.528261,-5.723104],[-35.528478,-5.723502],[-35.528266,-5.724187],[-35.52775,-5.724447],[-35.52768,-5.725655],[-35.525742,-5.725299],[-35.521074,-5.721495],[-35.521167,-5.721057],[-35.520445,-5.720553],[-35.519952,-5.72127],[-35.516964,-5.72172],[-35.51764,-5.720337],[-35.517684,-5.719597],[-35.517303,-5.718812],[-35.516187,-5.719213],[-35.515249,-5.717896],[-35.514152,-5.717768],[-35.513892,-5.717201],[-35.511945,-5.717594],[-35.51226,-5.718032],[-35.512026,-5.719899]],[[-35.222603,-5.735716],[-35.222337,-5.736044],[-35.221955,-5.736188],[-35.222603,-5.735716]]],[[[-35.315595,-5.848397],[-35.313872,-5.845755],[-35.312572,-5.845189],[-35.30723,-5.845522],[-35.303038,-5.843669],[-35.2997,-5.843683],[-35.295801,-5.841517],[-35.294504,-5.840222],[-35.293096,-5.839712],[-35.289868,-5.836323],[-35.287959,-5.83571],[-35.287187,-5.833937],[-35.2858,-5.833512],[-35.285729,-5.832833],[-35.28525,-5.832715],[-35.28539,-5.835716],[-35.284999,-5.836125],[-35.284508,-5.83604],[-35.284114,-5.835089],[-35.283703,-5.834949],[-35.281806,-5.83513],[-35.280932,-5.835904],[-35.281514,-5.837591],[-35.281454,-5.839697],[-35.280478,-5.842049],[-35.280305,-5.840559],[-35.28061,-5.839462],[-35.279965,-5.836438],[-35.279872,-5.837727],[-35.279842,-5.834443],[-35.278618,-5.832832],[-35.27869,-5.832397],[-35.279735,-5.833343],[-35.280308,-5.833186],[-35.280176,-5.832338],[-35.279387,-5.831735],[-35.280279,-5.826544],[-35.28016,-5.824465],[-35.279013,-5.822495],[-35.27734,-5.821323],[-35.275671,-5.820937],[-35.273324,-5.821506],[-35.274053,-5.821189],[-35.272677,-5.820605],[-35.269978,-5.820517],[-35.269093,-5.82003],[-35.266925,-5.817778],[-35.266238,-5.817683],[-35.265749,-5.817979],[-35.263737,-5.817938],[-35.260554,-5.819327],[-35.257458,-5.818111],[-35.256725,-5.818802],[-35.256239,-5.819934],[-35.255505,-5.820428],[-35.253888,-5.821024],[-35.253298,-5.820781],[-35.252261,-5.818869],[-35.251177,-5.817841],[-35.251612,-5.816267],[-35.251461,-5.815089],[-35.250747,-5.814477],[-35.249495,-5.814359],[-35.249121,-5.812976],[-35.247917,-5.813618],[-35.247445,-5.813504],[-35.247476,-5.813059],[-35.248217,-5.812631],[-35.247378,-5.812452],[-35.246826,-5.809408],[-35.246235,-5.808869],[-35.245057,-5.808628],[-35.244859,-5.80804],[-35.246203,-5.805804],[-35.245974,-5.804841],[-35.242591,-5.805346],[-35.241438,-5.805082],[-35.241123,-5.805399],[-35.239639,-5.803147],[-35.239783,-5.802409],[-35.245416,-5.800029],[-35.246344,-5.799042],[-35.247084,-5.797873],[-35.247552,-5.795568],[-35.247576,-5.794572],[-35.24701,-5.79393],[-35.245094,-5.793102],[-35.243965,-5.793057],[-35.240779,-5.793807],[-35.236471,-5.795937],[-35.234558,-5.796043],[-35.229354,-5.79513],[-35.228764,-5.794739],[-35.228074,-5.794103],[-35.227875,-5.793268],[-35.227969,-5.792334],[-35.228425,-5.791921],[-35.228101,-5.791671],[-35.226491,-5.791546],[-35.226099,-5.792172],[-35.225473,-5.791649],[-35.224142,-5.791621],[-35.223466,-5.790801],[-35.220833,-5.78966],[-35.218491,-5.789723],[-35.217842,-5.790126],[-35.217739,-5.789475],[-35.215953,-5.789166],[-35.214532,-5.787985],[-35.214082,-5.787986],[-35.213349,-5.788708],[-35.213379,-5.787338],[-35.212777,-5.786789],[-35.211777,-5.786793],[-35.211773,-5.785941],[-35.21122,-5.785142],[-35.208457,-5.782197],[-35.205836,-5.776847],[-35.205801,-5.775435],[-35.203909,-5.770091],[-35.2037,-5.767799],[-35.202344,-5.766991],[-35.201863,-5.766096],[-35.201915,-5.764242],[-35.202744,-5.762505],[-35.202562,-5.761728],[-35.201844,-5.761193],[-35.199687,-5.760566],[-35.200271,-5.764065],[-35.199176,-5.771891],[-35.196922,-5.778273],[-35.196922,-5.780486],[-35.20369,-5.784557],[-35.204126,-5.788654],[-35.201881,-5.793218],[-35.202072,-5.7995],[-35.203404,-5.80483],[-35.202452,-5.809494],[-35.202738,-5.814634],[-35.205022,-5.815585],[-35.206069,-5.817108],[-35.212732,-5.818631],[-35.22263,-5.815205],[-35.227008,-5.814253],[-35.236519,-5.822185],[-35.240103,-5.828011],[-35.243639,-5.84109],[-35.247977,-5.842569],[-35.253054,-5.841878],[-35.257937,-5.848422],[-35.263157,-5.853466],[-35.275522,-5.853303],[-35.286152,-5.850543],[-35.305901,-5.862441],[-35.310185,-5.873148],[-35.315029,-5.88083],[-35.318837,-5.887968],[-35.322943,-5.903995],[-35.328722,-5.906935],[-35.33596,-5.908434],[-35.348997,-5.90997],[-35.355417,-5.914481],[-35.354878,-5.915345],[-35.355479,-5.916388],[-35.357425,-5.917251],[-35.357284,-5.918248],[-35.356743,-5.9188],[-35.357003,-5.919896],[-35.356411,-5.92048],[-35.356518,-5.920844],[-35.357156,-5.920992],[-35.357636,-5.922124],[-35.359669,-5.922492],[-35.360791,-5.923294],[-35.361278,-5.923922],[-35.360343,-5.924002],[-35.359924,-5.92447],[-35.359195,-5.92464],[-35.359238,-5.925717],[-35.360078,-5.925848],[-35.360769,-5.927543],[-35.361455,-5.927397],[-35.362966,-5.92904],[-35.363062,-5.930651],[-35.361868,-5.930979],[-35.361966,-5.932174],[-35.361171,-5.933086],[-35.362104,-5.933721],[-35.362814,-5.933467],[-35.364223,-5.934075],[-35.364338,-5.935236],[-35.365444,-5.935885],[-35.365691,-5.937033],[-35.366312,-5.937542],[-35.367599,-5.937113],[-35.368534,-5.93739],[-35.369765,-5.937289],[-35.370432,-5.936823],[-35.37104,-5.936932],[-35.371993,-5.938367],[-35.372877,-5.938556],[-35.373774,-5.938183],[-35.373948,-5.938612],[-35.373504,-5.939978],[-35.3743,-5.941148],[-35.374598,-5.942743],[-35.374965,-5.943154],[-35.376651,-5.943431],[-35.37644,-5.944022],[-35.376707,-5.944321],[-35.378063,-5.944637],[-35.378163,-5.946002],[-35.381176,-5.948372],[-35.381437,-5.948942],[-35.382171,-5.947522],[-35.383592,-5.948306],[-35.384689,-5.948],[-35.385411,-5.949088],[-35.384905,-5.950975],[-35.385762,-5.951548],[-35.387002,-5.955295],[-35.387879,-5.956263],[-35.388476,-5.958354],[-35.389563,-5.960066],[-35.38931,-5.961689],[-35.388734,-5.962804],[-35.38905,-5.963565],[-35.386609,-5.964527],[-35.386634,-5.965661],[-35.387627,-5.966552],[-35.388238,-5.965946],[-35.390342,-5.966413],[-35.390586,-5.967186],[-35.391541,-5.967302],[-35.39199,-5.968212],[-35.392443,-5.968426],[-35.391905,-5.969193],[-35.392256,-5.969358],[-35.392095,-5.970205],[-35.391748,-5.970368],[-35.391569,-5.97241],[-35.392896,-5.972728],[-35.393688,-5.973853],[-35.393662,-5.974801],[-35.394375,-5.975462],[-35.394147,-5.975894],[-35.394496,-5.976602],[-35.394472,-5.977892],[-35.395016,-5.978634],[-35.395696,-5.978365],[-35.396407,-5.97859],[-35.396745,-5.98057],[-35.39712,-5.980555],[-35.397429,-5.981438],[-35.396855,-5.982267],[-35.397927,-5.982952],[-35.398676,-5.982922],[-35.397663,-5.985985],[-35.398159,-5.986521],[-35.401283,-5.985904],[-35.401716,-5.984781],[-35.402643,-5.984744],[-35.402926,-5.985471],[-35.404027,-5.986137],[-35.404863,-5.985962],[-35.405616,-5.986845],[-35.406598,-5.986554],[-35.407638,-5.987473],[-35.408825,-5.986344],[-35.410214,-5.987247],[-35.410978,-5.986711],[-35.411616,-5.984783],[-35.412846,-5.984418],[-35.412999,-5.983292],[-35.414743,-5.983368],[-35.416953,-5.987012],[-35.418512,-5.986798],[-35.418708,-5.985972],[-35.420256,-5.985753],[-35.422478,-5.985887],[-35.422645,-5.98676],[-35.423838,-5.986118],[-35.423982,-5.985214],[-35.425161,-5.985995],[-35.425377,-5.98668],[-35.425991,-5.986571],[-35.426861,-5.985837],[-35.427473,-5.986351],[-35.429091,-5.986572],[-35.428645,-5.987475],[-35.429194,-5.989015],[-35.42984,-5.989338],[-35.429391,-5.990286],[-35.429586,-5.990533],[-35.431414,-5.989971],[-35.432552,-5.990661],[-35.433268,-5.99041],[-35.434341,-5.99132],[-35.435824,-5.990949],[-35.436212,-5.991368],[-35.436832,-5.991058],[-35.43727,-5.991531],[-35.438992,-5.991507],[-35.439137,-5.992248],[-35.438797,-5.992892],[-35.440841,-5.993208],[-35.441748,-5.992848],[-35.442424,-5.993893],[-35.443079,-5.994123],[-35.443847,-5.993717],[-35.444664,-5.993788],[-35.447836,-5.995769],[-35.451335,-6.004509],[-35.463579,-6.008879],[-35.464608,-6.009605],[-35.463948,-6.01048],[-35.46429,-6.010797],[-35.463962,-6.01224],[-35.463103,-6.012444],[-35.462591,-6.013547],[-35.461597,-6.013376],[-35.460437,-6.014104],[-35.460301,-6.014961],[-35.459309,-6.016235],[-35.458509,-6.01864],[-35.458683,-6.018809],[-35.460183,-6.018266],[-35.461891,-6.018975],[-35.462474,-6.018987],[-35.4634,-6.018232],[-35.4644,-6.018754],[-35.465988,-6.018722],[-35.465756,-6.0201],[-35.466516,-6.020615],[-35.469628,-6.019856],[-35.470408,-6.020569],[-35.470742,-6.019332],[-35.471647,-6.019087],[-35.472206,-6.020172],[-35.472351,-6.021358],[-35.473239,-6.020791],[-35.474209,-6.020786],[-35.47513,-6.02141],[-35.476863,-6.020341],[-35.477691,-6.020324],[-35.478351,-6.020453],[-35.479516,-6.02182],[-35.480511,-6.021502],[-35.482915,-6.025132],[-35.486276,-6.027188],[-35.486155,-6.027876],[-35.484919,-6.028486],[-35.485167,-6.03029],[-35.488036,-6.029974],[-35.489309,-6.029027],[-35.492671,-6.031075],[-35.495455,-6.032334],[-35.495397,-6.033435],[-35.496361,-6.034104],[-35.496022,-6.035638],[-35.496152,-6.036526],[-35.495684,-6.03699],[-35.495808,-6.037886],[-35.496183,-6.037189],[-35.497239,-6.036983],[-35.497715,-6.036092],[-35.498731,-6.03643],[-35.499253,-6.035917],[-35.49965,-6.03632],[-35.500382,-6.035186],[-35.50279,-6.035987],[-35.502935,-6.036432],[-35.503617,-6.036544],[-35.503813,-6.037148],[-35.504748,-6.037339],[-35.506528,-6.037607],[-35.507905,-6.036669],[-35.50849,-6.036657],[-35.509397,-6.03711],[-35.509535,-6.037677],[-35.510189,-6.03745],[-35.511186,-6.03794],[-35.512337,-6.04006],[-35.513248,-6.039873],[-35.51411,-6.040397],[-35.514808,-6.039998],[-35.515056,-6.04051],[-35.515856,-6.040399],[-35.516527,-6.039719],[-35.517105,-6.041761],[-35.516536,-6.0426],[-35.517002,-6.043003],[-35.517434,-6.042665],[-35.518308,-6.043304],[-35.517957,-6.044006],[-35.519069,-6.044759],[-35.520036,-6.045156],[-35.521498,-6.044338],[-35.52322,-6.045663],[-35.522882,-6.047289],[-35.524126,-6.048558],[-35.525598,-6.048689],[-35.525611,-6.049347],[-35.525262,-6.049682],[-35.52628,-6.050364],[-35.526596,-6.051337],[-35.527302,-6.051616],[-35.528146,-6.053088],[-35.530235,-6.054222],[-35.530659,-6.053801],[-35.53205,-6.053631],[-35.531844,-6.051738],[-35.530928,-6.050494],[-35.531174,-6.048787],[-35.532047,-6.048794],[-35.533839,-6.047291],[-35.534535,-6.047649],[-35.534847,-6.046934],[-35.534284,-6.04637],[-35.534442,-6.046063],[-35.533131,-6.045682],[-35.532744,-6.045112],[-35.534218,-6.044245],[-35.536456,-6.044317],[-35.536625,-6.043821],[-35.536028,-6.042482],[-35.536252,-6.041756],[-35.538187,-6.040737],[-35.538965,-6.039945],[-35.541222,-6.040847],[-35.542613,-6.040775],[-35.542828,-6.041657],[-35.544429,-6.041901],[-35.545286,-6.04262],[-35.546823,-6.041826],[-35.547219,-6.041008],[-35.548637,-6.040835],[-35.548491,-6.039263],[-35.54975,-6.03696],[-35.550578,-6.036676],[-35.552749,-6.037019],[-35.552988,-6.037483],[-35.552573,-6.037897],[-35.552691,-6.038631],[-35.555951,-6.040049],[-35.557668,-6.039601],[-35.558695,-6.040119],[-35.559998,-6.039649],[-35.56038,-6.039281],[-35.560391,-6.037562],[-35.56118,-6.038134],[-35.56174,-6.037942],[-35.561884,-6.038824],[-35.562881,-6.039595],[-35.563379,-6.040443],[-35.564924,-6.038931],[-35.565068,-6.038339],[-35.56798,-6.038468],[-35.568275,-6.038904],[-35.56821,-6.039946],[-35.568957,-6.03938],[-35.569576,-6.039379],[-35.570132,-6.038801],[-35.571498,-6.038582],[-35.571942,-6.039263],[-35.573407,-6.038812],[-35.573876,-6.039492],[-35.575443,-6.039681],[-35.575851,-6.040506],[-35.577894,-6.039776],[-35.578528,-6.039981],[-35.578913,-6.041349],[-35.579432,-6.041889],[-35.580296,-6.041376],[-35.580449,-6.04028],[-35.580904,-6.040059],[-35.580888,-6.039266],[-35.582063,-6.039473],[-35.583327,-6.038728],[-35.583982,-6.040053],[-35.585199,-6.03971],[-35.585716,-6.040737],[-35.586456,-6.040282],[-35.588477,-6.040863],[-35.588642,-6.04183],[-35.58793,-6.042246],[-35.589061,-6.04311],[-35.589546,-6.044066],[-35.589237,-6.044829],[-35.58942,-6.045954],[-35.590654,-6.045952],[-35.5913,-6.045279],[-35.591786,-6.045269],[-35.592215,-6.046153],[-35.593337,-6.045769],[-35.596031,-6.047548],[-35.596374,-6.049094],[-35.596695,-6.049259],[-35.597448,-6.048895],[-35.597936,-6.049265],[-35.599545,-6.048977],[-35.600117,-6.048119],[-35.601247,-6.047739],[-35.601749,-6.047982],[-35.601973,-6.049004],[-35.603417,-6.049423],[-35.605514,-6.050833],[-35.605486,-6.052174],[-35.606147,-6.052515],[-35.606854,-6.052529],[-35.607001,-6.052074],[-35.608312,-6.052289],[-35.609016,-6.052965],[-35.608428,-6.0539],[-35.608432,-6.055137],[-35.608895,-6.055582],[-35.609027,-6.05626],[-35.610351,-6.056287],[-35.610821,-6.055922],[-35.611139,-6.057689],[-35.611329,-6.058081],[-35.611726,-6.058073],[-35.611544,-6.058636],[-35.61071,-6.058639],[-35.609887,-6.060719],[-35.613803,-6.062084],[-35.614298,-6.06316],[-35.614892,-6.063628],[-35.617054,-6.064081],[-35.617273,-6.064532],[-35.618074,-6.064761],[-35.618293,-6.065666],[-35.618875,-6.065815],[-35.61988,-6.065478],[-35.620521,-6.066455],[-35.621511,-6.066458],[-35.622305,-6.06706],[-35.623771,-6.065785],[-35.624884,-6.065899],[-35.626313,-6.064537],[-35.62701,-6.064523],[-35.6285,-6.065554],[-35.628684,-6.066121],[-35.629815,-6.065971],[-35.630198,-6.065214],[-35.631137,-6.065026],[-35.631899,-6.065785],[-35.632196,-6.065331],[-35.632686,-6.065321],[-35.634287,-6.067498],[-35.634466,-6.068234],[-35.638779,-6.072053],[-35.63901,-6.074147],[-35.639717,-6.074561],[-35.639361,-6.075097],[-35.639381,-6.07609],[-35.638359,-6.076696],[-35.639037,-6.077342],[-35.639761,-6.077484],[-35.640286,-6.078133],[-35.640737,-6.078802],[-35.640172,-6.079547],[-35.640343,-6.079932],[-35.641047,-6.080036],[-35.641555,-6.080658],[-35.643237,-6.080288],[-35.643562,-6.07995],[-35.644886,-6.080383],[-35.64573,-6.079716],[-35.646168,-6.080619],[-35.648071,-6.080334],[-35.648321,-6.078966],[-35.650032,-6.078476],[-35.65037,-6.077566],[-35.651395,-6.077796],[-35.651724,-6.077117],[-35.652385,-6.076676],[-35.658781,-6.076716],[-35.664973,-6.076034],[-35.66694,-6.075426],[-35.669022,-6.073742],[-35.671754,-6.07074],[-35.67323,-6.067385],[-35.674275,-6.061283],[-35.674924,-6.059786],[-35.678305,-6.055226],[-35.678704,-6.051219],[-35.679652,-6.04984],[-35.68322,-6.046893],[-35.683515,-6.046115],[-35.683034,-6.0454],[-35.681417,-6.044511],[-35.681532,-6.043614],[-35.682127,-6.043133],[-35.683977,-6.043004],[-35.685233,-6.043297],[-35.68726,-6.042689],[-35.687973,-6.041969],[-35.688267,-6.041011],[-35.688082,-6.039876],[-35.6876,-6.039101],[-35.685568,-6.038633],[-35.683828,-6.036908],[-35.683053,-6.037211],[-35.682521,-6.03817],[-35.682055,-6.040623],[-35.681221,-6.041105],[-35.678948,-6.04022],[-35.678107,-6.039208],[-35.677862,-6.037954],[-35.677916,-6.036698],[-35.679457,-6.034479],[-35.679155,-6.033763],[-35.678255,-6.032931],[-35.677,-6.032638],[-35.675262,-6.031392],[-35.672318,-6.027581],[-35.669565,-6.026219],[-35.66861,-6.025218],[-35.665174,-6.019546],[-35.663614,-6.018119],[-35.660202,-6.016342],[-35.655777,-6.014929],[-35.652479,-6.012016],[-35.650072,-6.008083],[-35.649473,-6.007668],[-35.648756,-6.007731],[-35.648335,-6.007016],[-35.648212,-6.006179],[-35.650286,-6.002941],[-35.648992,-6.000631],[-35.646621,-5.99882],[-35.645569,-5.998707],[-35.643568,-5.999205],[-35.639272,-5.999109],[-35.637305,-6.000175],[-35.635756,-6.0024],[-35.635957,-6.00325],[-35.640211,-6.006218],[-35.640937,-6.008247],[-35.639931,-6.010045],[-35.640775,-6.011655],[-35.640724,-6.013628],[-35.641506,-6.01476],[-35.641874,-6.01679],[-35.641518,-6.01727],[-35.639785,-6.017039],[-35.639252,-6.017759],[-35.639678,-6.01961],[-35.64028,-6.020444],[-35.64023,-6.022477],[-35.641612,-6.024263],[-35.642041,-6.026592],[-35.64443,-6.0267],[-35.645267,-6.027055],[-35.646528,-6.028424],[-35.646772,-6.029439],[-35.646478,-6.030456],[-35.645706,-6.031297],[-35.643205,-6.032684],[-35.643035,-6.034598],[-35.643396,-6.035194],[-35.644174,-6.035489],[-35.646872,-6.037807],[-35.649976,-6.037612],[-35.65183,-6.038141],[-35.652728,-6.038675],[-35.653572,-6.040344],[-35.654291,-6.040819],[-35.655187,-6.040934],[-35.658408,-6.040201],[-35.659424,-6.040435],[-35.660926,-6.042281],[-35.660878,-6.044732],[-35.660226,-6.045751],[-35.655042,-6.047988],[-35.653912,-6.048831],[-35.65273,-6.051347],[-35.651853,-6.055117],[-35.651261,-6.056136],[-35.649713,-6.05716],[-35.648758,-6.057165],[-35.648157,-6.05651],[-35.647972,-6.055315],[-35.647068,-6.053586],[-35.64623,-6.053112],[-35.644081,-6.053302],[-35.643183,-6.052828],[-35.642638,-6.051217],[-35.643815,-6.047625],[-35.643631,-6.046669],[-35.642851,-6.045956],[-35.640761,-6.045966],[-35.639749,-6.046569],[-35.636667,-6.051186],[-35.632856,-6.053476],[-35.631846,-6.054438],[-35.631259,-6.056652],[-35.631389,-6.058744],[-35.631042,-6.061136],[-35.630035,-6.062815],[-35.629261,-6.063177],[-35.625909,-6.06158],[-35.624169,-6.059855],[-35.624578,-6.05794],[-35.626122,-6.056318],[-35.626298,-6.05554],[-35.626233,-6.054584],[-35.625512,-6.053631],[-35.623414,-6.052028],[-35.622812,-6.051014],[-35.622985,-6.049639],[-35.62499,-6.044369],[-35.625161,-6.042814],[-35.625095,-6.041379],[-35.623644,-6.03768],[-35.622325,-6.03667],[-35.620652,-6.036439],[-35.619509,-6.034592],[-35.616704,-6.034844],[-35.614484,-6.032703],[-35.613587,-6.032468],[-35.612633,-6.032712],[-35.611136,-6.031823],[-35.613243,-6.022846],[-35.613118,-6.021771],[-35.612214,-6.019982],[-35.611375,-6.019268],[-35.607489,-6.01845],[-35.605633,-6.017204],[-35.605207,-6.015651],[-35.605437,-6.013737],[-35.604476,-6.012666],[-35.599997,-6.012448],[-35.59588,-6.013125],[-35.591273,-6.011175],[-35.59001,-6.009208],[-35.590469,-6.00526],[-35.589808,-6.004247],[-35.588131,-6.003299],[-35.587055,-6.003005],[-35.584789,-6.003554],[-35.583896,-6.004216],[-35.583602,-6.005054],[-35.583547,-6.00607],[-35.585111,-6.008514],[-35.586081,-6.011737],[-35.586276,-6.015024],[-35.585924,-6.016341],[-35.585151,-6.017062],[-35.584436,-6.017364],[-35.583717,-6.016949],[-35.583112,-6.015159],[-35.582921,-6.012649],[-35.582077,-6.011039],[-35.581059,-6.010386],[-35.578669,-6.009919],[-35.577888,-6.009026],[-35.577345,-6.007833],[-35.577691,-6.005261],[-35.577507,-6.004186],[-35.576247,-6.002757],[-35.575589,-6.002521],[-35.573507,-6.004384],[-35.572434,-6.004628],[-35.571479,-6.004693],[-35.570042,-6.003803],[-35.567772,-6.003753],[-35.564917,-6.006039],[-35.559541,-6.005526],[-35.558294,-6.007026],[-35.557945,-6.009],[-35.555269,-6.011464],[-35.554803,-6.013917],[-35.555237,-6.017322],[-35.554708,-6.019178],[-35.553934,-6.01972],[-35.552083,-6.019609],[-35.55107,-6.020092],[-35.54881,-6.022135],[-35.547559,-6.022738],[-35.543379,-6.022818],[-35.54165,-6.023244],[-35.540519,-6.024146],[-35.539987,-6.025344],[-35.539766,-6.028992],[-35.53864,-6.03097],[-35.537687,-6.031512],[-35.534934,-6.03015],[-35.53392,-6.030275],[-35.533206,-6.030935],[-35.53243,-6.030939],[-35.52991,-6.02832],[-35.52716,-6.027795],[-35.525722,-6.026606],[-35.524527,-6.026492],[-35.523932,-6.027033],[-35.521538,-6.025848],[-35.519572,-6.026874],[-35.517005,-6.026945],[-35.512389,-6.023021],[-35.511491,-6.022667],[-35.509165,-6.023335],[-35.507368,-6.021968],[-35.506885,-6.020954],[-35.50712,-6.019997],[-35.509025,-6.018852],[-35.509437,-6.017535],[-35.508647,-6.01449],[-35.509953,-6.01275],[-35.510772,-6.009159],[-35.509334,-6.00797],[-35.509809,-6.00749],[-35.509568,-6.006893],[-35.508072,-6.006302],[-35.507651,-6.005706],[-35.507887,-6.004988],[-35.508959,-6.004266],[-35.513434,-6.003587],[-35.514148,-6.003046],[-35.514917,-6.001488],[-35.51914,-5.997869],[-35.519607,-5.996728],[-35.518902,-5.995491],[-35.517548,-5.995056],[-35.516716,-5.995297],[-35.515203,-5.996564],[-35.514088,-5.996683],[-35.513433,-5.994923],[-35.512157,-5.993747],[-35.510789,-5.993471],[-35.509058,-5.993957],[-35.508,-5.993647],[-35.506488,-5.990772],[-35.504861,-5.989564],[-35.502921,-5.989329],[-35.501922,-5.9904],[-35.501619,-5.991796],[-35.50192,-5.995253],[-35.501445,-5.996625],[-35.500318,-5.998125],[-35.49911,-5.997448],[-35.497909,-5.995899],[-35.497836,-5.99309],[-35.497533,-5.991955],[-35.496874,-5.991599],[-35.494247,-5.991552],[-35.493166,-5.990361],[-35.488392,-5.99098],[-35.484022,-5.988549],[-35.482353,-5.989095],[-35.480561,-5.989043],[-35.479728,-5.989585],[-35.479671,-5.990183],[-35.481828,-5.991847],[-35.48291,-5.993396],[-35.486564,-5.995951],[-35.487168,-5.997562],[-35.486933,-5.9984],[-35.486456,-5.998462],[-35.482989,-5.997641],[-35.480711,-5.995738],[-35.479514,-5.995265],[-35.477296,-5.993183],[-35.475861,-5.992831],[-35.475018,-5.9914],[-35.4737,-5.99027],[-35.47197,-5.990756],[-35.470365,-5.992317],[-35.469411,-5.99268],[-35.468515,-5.992505],[-35.467494,-5.991254],[-35.467247,-5.989522],[-35.461198,-5.985543],[-35.459468,-5.98591],[-35.457805,-5.98783],[-35.456552,-5.987955],[-35.455714,-5.987541],[-35.455352,-5.986705],[-35.455339,-5.983896],[-35.454141,-5.982944],[-35.45265,-5.983429],[-35.451645,-5.985706],[-35.451048,-5.985768],[-35.449967,-5.984398],[-35.449898,-5.982366],[-35.449111,-5.979858],[-35.447256,-5.979029],[-35.446482,-5.979571],[-35.445713,-5.981069],[-35.445057,-5.981371],[-35.444458,-5.980835],[-35.443551,-5.978388],[-35.441518,-5.977859],[-35.440984,-5.978519],[-35.441351,-5.980491],[-35.441116,-5.981269],[-35.438434,-5.982417],[-35.437776,-5.98224],[-35.436385,-5.97836],[-35.435606,-5.977706],[-35.434889,-5.97765],[-35.431789,-5.978799],[-35.428443,-5.978216],[-35.428748,-5.979769],[-35.429889,-5.981079],[-35.429951,-5.981617],[-35.42834,-5.982103],[-35.423975,-5.980627],[-35.422413,-5.978422],[-35.42164,-5.979382],[-35.421705,-5.980518],[-35.42135,-5.981177],[-35.420577,-5.981898],[-35.418847,-5.982443],[-35.41538,-5.981502],[-35.413589,-5.981689],[-35.411316,-5.980803],[-35.408152,-5.980996],[-35.405522,-5.98041],[-35.40444,-5.97886],[-35.404375,-5.977664],[-35.404967,-5.976347],[-35.409437,-5.974474],[-35.410568,-5.973572],[-35.410862,-5.972614],[-35.410199,-5.971062],[-35.407983,-5.969697],[-35.406956,-5.966892],[-35.406297,-5.966416],[-35.406046,-5.963607],[-35.402452,-5.961172],[-35.401912,-5.960397],[-35.401907,-5.959381],[-35.401061,-5.957053],[-35.399744,-5.956221],[-35.398239,-5.953538],[-35.396268,-5.953367],[-35.395427,-5.952234],[-35.393158,-5.952304],[-35.391244,-5.951416],[-35.390341,-5.949805],[-35.390392,-5.947772],[-35.390027,-5.946219],[-35.388766,-5.944611],[-35.387748,-5.943898],[-35.385176,-5.942892],[-35.384631,-5.941221],[-35.383553,-5.940448],[-35.383252,-5.939792],[-35.383188,-5.938835],[-35.38425,-5.935841],[-35.388223,-5.929487],[-35.390957,-5.926486],[-35.39095,-5.924752],[-35.389635,-5.924459],[-35.388685,-5.925659],[-35.38785,-5.926081],[-35.385224,-5.926212],[-35.384082,-5.924483],[-35.382948,-5.924547],[-35.381759,-5.925808],[-35.381161,-5.925751],[-35.380439,-5.924438],[-35.379721,-5.924083],[-35.378527,-5.924148],[-35.378694,-5.921277],[-35.37815,-5.919725],[-35.376711,-5.918237],[-35.376529,-5.91752],[-35.377058,-5.915724],[-35.375975,-5.913756],[-35.375318,-5.913579],[-35.374722,-5.91394],[-35.371993,-5.918197],[-35.370497,-5.917426],[-35.370136,-5.91677],[-35.37096,-5.913837],[-35.373686,-5.909042],[-35.373676,-5.906591],[-35.373314,-5.905696],[-35.37349,-5.904978],[-35.375153,-5.903057],[-35.375325,-5.901263],[-35.373705,-5.899536],[-35.372869,-5.89954],[-35.370427,-5.900985],[-35.369061,-5.902665],[-35.368287,-5.903087],[-35.366853,-5.902973],[-35.365236,-5.901724],[-35.365828,-5.900586],[-35.368566,-5.898422],[-35.370227,-5.895964],[-35.370819,-5.894765],[-35.371752,-5.8895],[-35.370274,-5.887202],[-35.37008,-5.883735],[-35.369058,-5.882125],[-35.368279,-5.881411],[-35.367801,-5.881472],[-35.366972,-5.882971],[-35.366434,-5.882794],[-35.365355,-5.881841],[-35.364691,-5.88011],[-35.363194,-5.8791],[-35.36193,-5.876714],[-35.360197,-5.876423],[-35.359658,-5.875887],[-35.358995,-5.874455],[-35.359572,-5.86955],[-35.358308,-5.867343],[-35.358725,-5.866982],[-35.36004,-5.867276],[-35.360699,-5.867811],[-35.361721,-5.8696],[-35.362511,-5.872885],[-35.36329,-5.87342],[-35.364066,-5.873536],[-35.366386,-5.871494],[-35.36752,-5.871429],[-35.370152,-5.872614],[-35.373148,-5.875112],[-35.375598,-5.8757],[-35.378676,-5.874882],[-35.379686,-5.873802],[-35.382133,-5.873612],[-35.383563,-5.872948],[-35.386896,-5.870423],[-35.389102,-5.869876],[-35.391663,-5.86837],[-35.395293,-5.865604],[-35.399056,-5.865947],[-35.401323,-5.865459],[-35.402517,-5.865573],[-35.404365,-5.864788],[-35.406939,-5.866391],[-35.408607,-5.865547],[-35.41106,-5.866852],[-35.415237,-5.866236],[-35.41673,-5.866349],[-35.419182,-5.867295],[-35.421449,-5.867046],[-35.423303,-5.867636],[-35.424377,-5.867512],[-35.428012,-5.865941],[-35.430697,-5.865631],[-35.436417,-5.862975],[-35.442624,-5.862649],[-35.445245,-5.861203],[-35.446497,-5.860899],[-35.44841,-5.861369],[-35.450804,-5.862673],[-35.452604,-5.864818],[-35.453799,-5.865171],[-35.456721,-5.864381],[-35.458336,-5.864912],[-35.460187,-5.865024],[-35.46221,-5.86358],[-35.463165,-5.863576],[-35.464363,-5.864407],[-35.464137,-5.867398],[-35.464737,-5.868053],[-35.468625,-5.86965],[-35.471267,-5.873046],[-35.472225,-5.873759],[-35.474675,-5.874226],[-35.47665,-5.875413],[-35.480132,-5.879822],[-35.484381,-5.882074],[-35.487138,-5.884394],[-35.487085,-5.885889],[-35.484461,-5.886558],[-35.482968,-5.886445],[-35.480038,-5.885442],[-35.477823,-5.884017],[-35.475964,-5.882291],[-35.475302,-5.880979],[-35.473384,-5.879433],[-35.469794,-5.877596],[-35.467763,-5.877306],[-35.465066,-5.874867],[-35.463683,-5.87278],[-35.462666,-5.872187],[-35.458063,-5.870772],[-35.453767,-5.871329],[-35.448802,-5.869079],[-35.44415,-5.870235],[-35.441949,-5.872039],[-35.439142,-5.871752],[-35.434479,-5.870397],[-35.432986,-5.870344],[-35.429231,-5.871735],[-35.425593,-5.872528],[-35.423741,-5.872297],[-35.420691,-5.871175],[-35.418661,-5.871183],[-35.417768,-5.871725],[-35.41742,-5.873999],[-35.418327,-5.876685],[-35.420007,-5.878651],[-35.421931,-5.881871],[-35.427868,-5.887823],[-35.430097,-5.892537],[-35.432491,-5.893722],[-35.438817,-5.893216],[-35.441446,-5.893563],[-35.44228,-5.893141],[-35.443527,-5.891641],[-35.444719,-5.891217],[-35.445615,-5.891273],[-35.446757,-5.893002],[-35.44867,-5.893472],[-35.449922,-5.893108],[-35.451644,-5.891008],[-35.45331,-5.889625],[-35.454204,-5.889442],[-35.457436,-5.891161],[-35.458152,-5.891158],[-35.460773,-5.889652],[-35.462562,-5.889226],[-35.473032,-5.894201],[-35.474705,-5.894612],[-35.478347,-5.894656],[-35.484447,-5.896841],[-35.487373,-5.896947],[-35.489222,-5.89652],[-35.490059,-5.896875],[-35.490957,-5.897409],[-35.491498,-5.898244],[-35.494754,-5.905463],[-35.496256,-5.907608],[-35.497994,-5.909035],[-35.50031,-5.90976],[-35.502436,-5.909922],[-35.505037,-5.909057],[-35.50962,-5.910723],[-35.511777,-5.910925],[-35.514646,-5.910617],[-35.51671,-5.90996],[-35.520034,-5.9057],[-35.521101,-5.905241],[-35.522642,-5.905157],[-35.524094,-5.905682],[-35.524448,-5.906854],[-35.523936,-5.908285],[-35.52212,-5.909483],[-35.521965,-5.910265],[-35.522302,-5.910936],[-35.523119,-5.911267],[-35.52555,-5.910757],[-35.527784,-5.911271],[-35.531634,-5.909653],[-35.531999,-5.910856],[-35.531075,-5.912364],[-35.531001,-5.913129],[-35.531295,-5.913839],[-35.532655,-5.915103],[-35.532766,-5.916871],[-35.533344,-5.917513],[-35.535131,-5.91705],[-35.537527,-5.918772],[-35.538799,-5.918714],[-35.540374,-5.91809],[-35.545619,-5.914305],[-35.547129,-5.914457],[-35.547767,-5.91557],[-35.547181,-5.91893],[-35.547427,-5.920239],[-35.545707,-5.922295],[-35.545985,-5.92398],[-35.545796,-5.925176],[-35.545339,-5.925678],[-35.543817,-5.925679],[-35.542839,-5.926099],[-35.541422,-5.925693],[-35.540466,-5.925982],[-35.539279,-5.928901],[-35.539814,-5.930085],[-35.540962,-5.930859],[-35.544014,-5.930948],[-35.546777,-5.931921],[-35.548297,-5.933179],[-35.549119,-5.934415],[-35.550097,-5.940532],[-35.551328,-5.94314],[-35.551688,-5.944973],[-35.551382,-5.946816],[-35.550524,-5.948557],[-35.549159,-5.949292],[-35.547874,-5.948252],[-35.547015,-5.946544],[-35.546821,-5.944642],[-35.547366,-5.941687],[-35.546463,-5.939663],[-35.545702,-5.936214],[-35.543696,-5.936021],[-35.541677,-5.936943],[-35.538853,-5.937609],[-35.53689,-5.936253],[-35.535196,-5.93607],[-35.534441,-5.934822],[-35.533731,-5.930355],[-35.532505,-5.929584],[-35.531828,-5.928561],[-35.530179,-5.928982],[-35.529332,-5.928665],[-35.529707,-5.926806],[-35.529116,-5.925543],[-35.527809,-5.925062],[-35.522512,-5.925357],[-35.519212,-5.921243],[-35.516784,-5.919684],[-35.514543,-5.919116],[-35.513068,-5.919244],[-35.508999,-5.917267],[-35.50589,-5.917221],[-35.50386,-5.915653],[-35.502469,-5.916122],[-35.496292,-5.915559],[-35.49467,-5.913414],[-35.492802,-5.909477],[-35.491181,-5.907571],[-35.48901,-5.902739],[-35.487151,-5.900894],[-35.486076,-5.900659],[-35.484345,-5.900906],[-35.481902,-5.901933],[-35.480407,-5.901342],[-35.479991,-5.901882],[-35.479878,-5.903258],[-35.480722,-5.905107],[-35.480666,-5.905944],[-35.478645,-5.907807],[-35.476551,-5.906979],[-35.474572,-5.904895],[-35.473316,-5.904542],[-35.47117,-5.905269],[-35.469088,-5.906893],[-35.467901,-5.908452],[-35.467016,-5.910848],[-35.466259,-5.915215],[-35.465606,-5.916175],[-35.463402,-5.917141],[-35.462506,-5.917145],[-35.461424,-5.915536],[-35.461349,-5.912068],[-35.462946,-5.908654],[-35.462515,-5.905666],[-35.461853,-5.904414],[-35.460774,-5.903462],[-35.457843,-5.902339],[-35.456709,-5.902464],[-35.453911,-5.90421],[-35.452307,-5.90613],[-35.450519,-5.906796],[-35.44819,-5.906567],[-35.445912,-5.904424],[-35.444897,-5.904489],[-35.442635,-5.906173],[-35.442281,-5.907011],[-35.442285,-5.908028],[-35.444695,-5.912979],[-35.445067,-5.916026],[-35.444712,-5.916805],[-35.443221,-5.91723],[-35.44016,-5.913417],[-35.439201,-5.912704],[-35.433941,-5.911293],[-35.432083,-5.909627],[-35.43082,-5.907719],[-35.429742,-5.906947],[-35.425972,-5.90493],[-35.424174,-5.903384],[-35.422979,-5.90321],[-35.421125,-5.902321],[-35.420097,-5.899336],[-35.41978,-5.895272],[-35.418392,-5.891751],[-35.418323,-5.889539],[-35.416931,-5.885181],[-35.414405,-5.881007],[-35.412532,-5.875873],[-35.411572,-5.874801],[-35.409957,-5.874031],[-35.409002,-5.874035],[-35.407034,-5.874582],[-35.405545,-5.875485],[-35.403752,-5.875014],[-35.40262,-5.875677],[-35.401724,-5.875561],[-35.399399,-5.876229],[-35.398085,-5.876055],[-35.396775,-5.877077],[-35.396362,-5.878035],[-35.395766,-5.878277],[-35.394271,-5.877865],[-35.393552,-5.87715],[-35.39092,-5.876086],[-35.385969,-5.877183],[-35.384542,-5.878564],[-35.384676,-5.881971],[-35.3845,-5.882749],[-35.383724,-5.882813],[-35.382587,-5.88198],[-35.38114,-5.878878],[-35.379761,-5.877449],[-35.377342,-5.878502],[-35.376029,-5.878747],[-35.374775,-5.878513],[-35.372441,-5.877387],[-35.369805,-5.875126],[-35.368309,-5.874355],[-35.368011,-5.874596],[-35.37192,-5.881276],[-35.37288,-5.882288],[-35.37719,-5.8849],[-35.379291,-5.887522],[-35.383019,-5.893784],[-35.384833,-5.898977],[-35.386372,-5.901515],[-35.388401,-5.901326],[-35.390779,-5.898985],[-35.391614,-5.898682],[-35.395196,-5.898726],[-35.397581,-5.897819],[-35.400853,-5.895175],[-35.402992,-5.892595],[-35.405016,-5.891211],[-35.407581,-5.890781],[-35.409796,-5.892027],[-35.413646,-5.898766],[-35.413244,-5.902475],[-35.414693,-5.906115],[-35.413747,-5.908451],[-35.413212,-5.908992],[-35.411424,-5.909597],[-35.410109,-5.909304],[-35.409036,-5.909727],[-35.409045,-5.9117],[-35.40762,-5.913619],[-35.407448,-5.915234],[-35.408048,-5.916009],[-35.410733,-5.915519],[-35.412348,-5.916229],[-35.414257,-5.915862],[-35.416398,-5.91382],[-35.421953,-5.914454],[-35.423512,-5.915822],[-35.423994,-5.916836],[-35.423593,-5.920724],[-35.423837,-5.921919],[-35.424497,-5.922633],[-35.428028,-5.924471],[-35.430665,-5.926791],[-35.436448,-5.924853],[-35.441419,-5.928358],[-35.44484,-5.932349],[-35.445737,-5.932524],[-35.448535,-5.930658],[-35.448949,-5.929819],[-35.448583,-5.928087],[-35.448878,-5.927309],[-35.451266,-5.927238],[-35.452994,-5.926454],[-35.454665,-5.926267],[-35.456579,-5.927095],[-35.460054,-5.92971],[-35.46119,-5.930124],[-35.462266,-5.930298],[-35.466142,-5.929145],[-35.466621,-5.929502],[-35.466624,-5.9301],[-35.466033,-5.931477],[-35.466154,-5.932015],[-35.467413,-5.933085],[-35.468249,-5.933141],[-35.469084,-5.932958],[-35.46944,-5.932359],[-35.470494,-5.927691],[-35.471203,-5.926134],[-35.471799,-5.925772],[-35.473053,-5.925826],[-35.473823,-5.924568],[-35.475016,-5.924203],[-35.476813,-5.92557],[-35.478782,-5.925263],[-35.479504,-5.926395],[-35.481715,-5.926923],[-35.482318,-5.928176],[-35.482086,-5.929851],[-35.483999,-5.930201],[-35.484539,-5.930797],[-35.484128,-5.932353],[-35.483352,-5.932536],[-35.483894,-5.93355],[-35.483779,-5.934387],[-35.482651,-5.935947],[-35.481935,-5.936129],[-35.480925,-5.93715],[-35.481226,-5.937746],[-35.483021,-5.938516],[-35.483916,-5.938392],[-35.484745,-5.936953],[-35.488018,-5.934368],[-35.488853,-5.934364],[-35.489994,-5.935615],[-35.49143,-5.936326],[-35.492025,-5.935904],[-35.493328,-5.933507],[-35.494759,-5.933082],[-35.495358,-5.933558],[-35.495249,-5.93595],[-35.496757,-5.939291],[-35.497712,-5.939346],[-35.499707,-5.938217],[-35.500304,-5.93732],[-35.502264,-5.936807],[-35.502978,-5.937056],[-35.503612,-5.937832],[-35.503256,-5.940389],[-35.504233,-5.941665],[-35.505448,-5.941097],[-35.505742,-5.940398],[-35.506444,-5.940114],[-35.507917,-5.940695],[-35.509839,-5.940614],[-35.510857,-5.941157],[-35.511302,-5.941908],[-35.511193,-5.942901],[-35.510495,-5.944029],[-35.509531,-5.944565],[-35.50929,-5.945304],[-35.510241,-5.947104],[-35.510348,-5.948789],[-35.510943,-5.949197],[-35.511617,-5.948938],[-35.512569,-5.947171],[-35.512754,-5.946086],[-35.514026,-5.944798],[-35.514364,-5.942005],[-35.515077,-5.941187],[-35.516127,-5.941354],[-35.516935,-5.943111],[-35.517937,-5.943551],[-35.519625,-5.943088],[-35.522116,-5.943187],[-35.523845,-5.941617],[-35.525072,-5.941212],[-35.526346,-5.941421],[-35.527542,-5.942489],[-35.528582,-5.942801],[-35.529722,-5.94223],[-35.530811,-5.940383],[-35.532007,-5.939709],[-35.533345,-5.940018],[-35.534956,-5.941571],[-35.537147,-5.942051],[-35.537698,-5.943054],[-35.537203,-5.944552],[-35.537596,-5.945278],[-35.538934,-5.94633],[-35.539408,-5.947575],[-35.539071,-5.948696],[-35.537989,-5.949721],[-35.537452,-5.950802],[-35.537927,-5.95349],[-35.537611,-5.954587],[-35.536015,-5.95509],[-35.534652,-5.954701],[-35.533225,-5.95535],[-35.53254,-5.954958],[-35.531796,-5.953592],[-35.530967,-5.953598],[-35.530354,-5.954442],[-35.530389,-5.955951],[-35.528588,-5.956635],[-35.526685,-5.956737],[-35.524641,-5.959467],[-35.52354,-5.959515],[-35.521984,-5.95892],[-35.521216,-5.959159],[-35.520866,-5.959658],[-35.521482,-5.96141],[-35.52077,-5.962367],[-35.519226,-5.96261],[-35.516104,-5.961968],[-35.515342,-5.962162],[-35.515096,-5.963036],[-35.515978,-5.964859],[-35.515303,-5.966272],[-35.514017,-5.967303],[-35.509916,-5.968471],[-35.509199,-5.969164],[-35.509397,-5.970253],[-35.510558,-5.971293],[-35.512013,-5.971713],[-35.514098,-5.970909],[-35.514786,-5.971397],[-35.514877,-5.972236],[-35.512999,-5.973665],[-35.511089,-5.973712],[-35.509895,-5.974153],[-35.508759,-5.975668],[-35.506737,-5.976332],[-35.506533,-5.976898],[-35.506804,-5.977644],[-35.507526,-5.977973],[-35.510862,-5.978066],[-35.511462,-5.979424],[-35.51227,-5.980014],[-35.514657,-5.979599],[-35.51629,-5.981521],[-35.51789,-5.981623],[-35.519151,-5.982536],[-35.521043,-5.982318],[-35.522145,-5.98406],[-35.522945,-5.98317],[-35.52268,-5.979743],[-35.523106,-5.977065],[-35.523772,-5.97625],[-35.52479,-5.975985],[-35.52555,-5.976217],[-35.526592,-5.978432],[-35.527094,-5.983658],[-35.528173,-5.984455],[-35.529374,-5.984144],[-35.530605,-5.980057],[-35.53009,-5.978116],[-35.530584,-5.975427],[-35.5302,-5.97464],[-35.527734,-5.972193],[-35.526802,-5.969779],[-35.5275,-5.968623],[-35.529248,-5.967622],[-35.531082,-5.964394],[-35.53219,-5.963805],[-35.533136,-5.963807],[-35.534538,-5.964785],[-35.53633,-5.967994],[-35.540659,-5.968494],[-35.541679,-5.969324],[-35.541703,-5.970224],[-35.540765,-5.971523],[-35.537719,-5.973958],[-35.537337,-5.97481],[-35.537434,-5.97571],[-35.539664,-5.975392],[-35.542173,-5.9737],[-35.543316,-5.972471],[-35.544767,-5.972221],[-35.545471,-5.973181],[-35.546823,-5.973386],[-35.547375,-5.973934],[-35.546443,-5.97683],[-35.546727,-5.977658],[-35.547598,-5.977724],[-35.548476,-5.976551],[-35.549658,-5.976242],[-35.550809,-5.976651],[-35.551966,-5.978041],[-35.553246,-5.977926],[-35.553673,-5.97722],[-35.553104,-5.975908],[-35.553545,-5.974421],[-35.553432,-5.973604],[-35.549633,-5.969229],[-35.548435,-5.966845],[-35.548333,-5.965354],[-35.549131,-5.96409],[-35.55138,-5.963105],[-35.552591,-5.961864],[-35.552784,-5.959],[-35.555316,-5.956967],[-35.556192,-5.954066],[-35.557137,-5.952384],[-35.55748,-5.950338],[-35.559159,-5.948766],[-35.561122,-5.948796],[-35.563279,-5.951038],[-35.565801,-5.951396],[-35.566525,-5.951815],[-35.56738,-5.953221],[-35.568007,-5.955351],[-35.568736,-5.956067],[-35.56949,-5.956237],[-35.571568,-5.955844],[-35.573076,-5.956563],[-35.573647,-5.957402],[-35.573553,-5.962363],[-35.5744,-5.963201],[-35.575584,-5.963072],[-35.577839,-5.958309],[-35.577517,-5.955627],[-35.576802,-5.953796],[-35.575057,-5.951003],[-35.570378,-5.945842],[-35.569991,-5.94418],[-35.570297,-5.943191],[-35.571704,-5.942449],[-35.572896,-5.94234],[-35.575409,-5.942906],[-35.577183,-5.942058],[-35.577851,-5.940911],[-35.577098,-5.937554],[-35.578036,-5.93661],[-35.580738,-5.936925],[-35.581885,-5.939747],[-35.581494,-5.942386],[-35.581918,-5.946147],[-35.58097,-5.947255],[-35.578716,-5.947895],[-35.578287,-5.948779],[-35.578363,-5.949536],[-35.580862,-5.951682],[-35.582128,-5.951448],[-35.583411,-5.950358],[-35.584503,-5.950576],[-35.584878,-5.951262],[-35.584954,-5.953452],[-35.585889,-5.95482],[-35.58544,-5.956779],[-35.583786,-5.960052],[-35.583944,-5.962075],[-35.584429,-5.962398],[-35.585621,-5.96209],[-35.588093,-5.959136],[-35.590467,-5.958527],[-35.591891,-5.957448],[-35.592633,-5.957433],[-35.59327,-5.958367],[-35.593171,-5.959767],[-35.58803,-5.967494],[-35.587556,-5.969187],[-35.587727,-5.969835],[-35.588199,-5.970053],[-35.589739,-5.969628],[-35.591248,-5.966893],[-35.592653,-5.965433],[-35.594168,-5.965445],[-35.5954,-5.966544],[-35.596147,-5.968109],[-35.596239,-5.96984],[-35.595532,-5.972129],[-35.593704,-5.97544],[-35.593697,-5.977011],[-35.594243,-5.978104],[-35.595201,-5.977893],[-35.596457,-5.974661],[-35.597035,-5.973957],[-35.599731,-5.972959],[-35.599984,-5.971685],[-35.60089,-5.970414],[-35.602267,-5.969678],[-35.604302,-5.969515],[-35.604925,-5.968647],[-35.60438,-5.967511],[-35.601845,-5.966981],[-35.600396,-5.966262],[-35.596852,-5.962895],[-35.596404,-5.960231],[-35.597083,-5.958707],[-35.598188,-5.957945],[-35.599743,-5.957666],[-35.60123,-5.956406],[-35.602461,-5.956355],[-35.603382,-5.957197],[-35.603837,-5.958245],[-35.603633,-5.960489],[-35.604008,-5.96171],[-35.604928,-5.962595],[-35.606483,-5.962903],[-35.610944,-5.959972],[-35.611761,-5.958486],[-35.611883,-5.956794],[-35.61044,-5.953523],[-35.609979,-5.951182],[-35.609274,-5.950509],[-35.607352,-5.95024],[-35.605689,-5.949314],[-35.604757,-5.94928],[-35.602297,-5.953367],[-35.600923,-5.953617],[-35.599716,-5.952901],[-35.598644,-5.952738],[-35.596873,-5.953851],[-35.595426,-5.953107],[-35.594672,-5.950605],[-35.592067,-5.949615],[-35.591088,-5.946321],[-35.588021,-5.94301],[-35.586137,-5.941672],[-35.586064,-5.940839],[-35.587033,-5.939729],[-35.586986,-5.93906],[-35.586456,-5.937836],[-35.584317,-5.935799],[-35.584088,-5.93234],[-35.583569,-5.931756],[-35.581896,-5.93105],[-35.581027,-5.929987],[-35.58081,-5.928631],[-35.581971,-5.926268],[-35.581971,-5.924306],[-35.580522,-5.924075],[-35.579255,-5.925256],[-35.578502,-5.925497],[-35.577727,-5.92534],[-35.576995,-5.924594],[-35.576892,-5.923552],[-35.57832,-5.919319],[-35.577701,-5.918093],[-35.576773,-5.917933],[-35.575375,-5.918525],[-35.574406,-5.91951],[-35.573327,-5.921786],[-35.572275,-5.922263],[-35.569987,-5.922172],[-35.56825,-5.924157],[-35.567418,-5.924067],[-35.56639,-5.923256],[-35.565316,-5.923437],[-35.564813,-5.924163],[-35.563752,-5.928776],[-35.562651,-5.929375],[-35.561734,-5.92884],[-35.5604,-5.922957],[-35.559512,-5.922079],[-35.556822,-5.921314],[-35.55621,-5.919689],[-35.556285,-5.917954],[-35.557037,-5.916388],[-35.560075,-5.914484],[-35.559815,-5.912421],[-35.558004,-5.910272],[-35.55728,-5.909886],[-35.553988,-5.911252],[-35.552999,-5.91095],[-35.552676,-5.909051],[-35.550662,-5.907817],[-35.550177,-5.905477],[-35.548465,-5.903562],[-35.547818,-5.902077],[-35.547927,-5.901229],[-35.548409,-5.900796],[-35.550395,-5.901001],[-35.55216,-5.900277],[-35.552898,-5.899473],[-35.553252,-5.898216],[-35.55258,-5.894552],[-35.552855,-5.892386],[-35.55196,-5.890443],[-35.55221,-5.888741],[-35.550453,-5.88677],[-35.548925,-5.883694],[-35.548884,-5.882553],[-35.549852,-5.88036],[-35.550473,-5.877725],[-35.549855,-5.876059],[-35.549021,-5.876114],[-35.547926,-5.877324],[-35.54755,-5.880838],[-35.545882,-5.883794],[-35.545852,-5.885428],[-35.546814,-5.887976],[-35.546907,-5.889878],[-35.545584,-5.892739],[-35.54554,-5.895541],[-35.542676,-5.897339],[-35.54049,-5.897567],[-35.539314,-5.898106],[-35.538117,-5.899341],[-35.537225,-5.901328],[-35.535899,-5.90228],[-35.534865,-5.901835],[-35.53408,-5.900996],[-35.533525,-5.898136],[-35.532482,-5.896416],[-35.530224,-5.895614],[-35.529387,-5.892264],[-35.528293,-5.892203],[-35.527488,-5.893604],[-35.526478,-5.893382],[-35.5259,-5.892066],[-35.524923,-5.891032],[-35.52474,-5.889941],[-35.525452,-5.888772],[-35.527552,-5.888355],[-35.528382,-5.887313],[-35.52794,-5.88468],[-35.529106,-5.882804],[-35.52983,-5.880428],[-35.529306,-5.878226],[-35.527813,-5.875123],[-35.529084,-5.871855],[-35.528652,-5.870749],[-35.527433,-5.871049],[-35.525058,-5.872379],[-35.524015,-5.872186],[-35.523403,-5.87167],[-35.523335,-5.866746],[-35.523769,-5.865437],[-35.524923,-5.863766],[-35.525167,-5.862495],[-35.523262,-5.858846],[-35.522852,-5.856126],[-35.52328,-5.853963],[-35.524573,-5.851659],[-35.524859,-5.850142],[-35.527387,-5.84709],[-35.527166,-5.845469],[-35.52802,-5.842931],[-35.527612,-5.842108],[-35.52691,-5.841703],[-35.5231,-5.844154],[-35.521143,-5.844323],[-35.520293,-5.844034],[-35.519811,-5.842811],[-35.520688,-5.841256],[-35.520744,-5.839455],[-35.518684,-5.838508],[-35.518028,-5.835698],[-35.516175,-5.834008],[-35.515172,-5.834203],[-35.514563,-5.835788],[-35.514607,-5.837565],[-35.515335,-5.839904],[-35.514687,-5.843027],[-35.515467,-5.845142],[-35.517772,-5.847643],[-35.517909,-5.84996],[-35.517155,-5.851329],[-35.51606,-5.852221],[-35.514901,-5.851914],[-35.51445,-5.85047],[-35.513813,-5.849713],[-35.512123,-5.85062],[-35.511315,-5.851936],[-35.51159,-5.853377],[-35.51247,-5.85512],[-35.515332,-5.857572],[-35.515384,-5.858487],[-35.514837,-5.859223],[-35.513022,-5.860039],[-35.5111,-5.861828],[-35.510763,-5.861982],[-35.510265,-5.861616],[-35.5096,-5.860582],[-35.509498,-5.859357],[-35.510699,-5.858242],[-35.510779,-5.856865],[-35.50973,-5.855545],[-35.509166,-5.853579],[-35.508096,-5.852788],[-35.505942,-5.853713],[-35.50374,-5.855639],[-35.502557,-5.855742],[-35.502045,-5.85539],[-35.501498,-5.854638],[-35.501312,-5.853419],[-35.502684,-5.851486],[-35.502948,-5.849702],[-35.501737,-5.84691],[-35.499679,-5.84365],[-35.499087,-5.844412],[-35.498443,-5.847344],[-35.496954,-5.848248],[-35.496484,-5.849864],[-35.495347,-5.849331],[-35.494027,-5.847663],[-35.49152,-5.847793],[-35.490806,-5.848335],[-35.490931,-5.84953],[-35.492611,-5.851555],[-35.492557,-5.852691],[-35.491962,-5.853172],[-35.489515,-5.853482],[-35.486192,-5.857801],[-35.484169,-5.859364],[-35.483452,-5.859307],[-35.482614,-5.858773],[-35.482788,-5.857696],[-35.485101,-5.854159],[-35.485394,-5.852842],[-35.483538,-5.851715],[-35.480912,-5.851965],[-35.479955,-5.851551],[-35.479295,-5.850717],[-35.478338,-5.850422],[-35.477149,-5.851444],[-35.476551,-5.851267],[-35.47487,-5.849003],[-35.470919,-5.846509],[-35.468533,-5.847058],[-35.466976,-5.845929],[-35.465244,-5.845817],[-35.463699,-5.847318],[-35.461673,-5.848284],[-35.460428,-5.850262],[-35.458816,-5.850269],[-35.456555,-5.851893],[-35.454404,-5.851484],[-35.454043,-5.850948],[-35.454332,-5.848615],[-35.454146,-5.847061],[-35.455332,-5.845143],[-35.456995,-5.843342],[-35.457705,-5.841725],[-35.459489,-5.840163],[-35.460621,-5.839799],[-35.461578,-5.840094],[-35.463898,-5.83835],[-35.467898,-5.838332],[-35.46891,-5.83779],[-35.469972,-5.834796],[-35.471811,-5.832158],[-35.473475,-5.830476],[-35.47353,-5.82946],[-35.472811,-5.828865],[-35.469345,-5.827924],[-35.46881,-5.828404],[-35.468161,-5.830141],[-35.466317,-5.831823],[-35.465299,-5.83111],[-35.464755,-5.829498],[-35.464218,-5.82956],[-35.463517,-5.83315],[-35.462923,-5.833691],[-35.462266,-5.833574],[-35.461603,-5.832262],[-35.46153,-5.829034],[-35.460691,-5.8285],[-35.46033,-5.827784],[-35.460262,-5.825871],[-35.459426,-5.825695],[-35.458536,-5.826955],[-35.458067,-5.829109],[-35.456875,-5.829473],[-35.454841,-5.828406],[-35.453231,-5.828831],[-35.452092,-5.82788],[-35.450188,-5.829143],[-35.448516,-5.82921],[-35.447921,-5.829572],[-35.44817,-5.831902],[-35.447695,-5.832622],[-35.44698,-5.832864],[-35.445603,-5.831973],[-35.444638,-5.829646],[-35.444573,-5.82851],[-35.44552,-5.826473],[-35.445213,-5.824562],[-35.444732,-5.823846],[-35.444015,-5.82355],[-35.44139,-5.82392],[-35.440434,-5.823745],[-35.4381,-5.82238],[-35.436011,-5.822449],[-35.434032,-5.820485],[-35.431877,-5.819059],[-35.430315,-5.816734],[-35.429463,-5.816113],[-35.425875,-5.81447],[-35.424087,-5.81524],[-35.421616,-5.813277],[-35.419777,-5.812433],[-35.417881,-5.812255],[-35.416803,-5.811482],[-35.414659,-5.812627],[-35.413046,-5.812335],[-35.411795,-5.812998],[-35.411505,-5.815092],[-35.412168,-5.816524],[-35.412298,-5.818974],[-35.411885,-5.820172],[-35.40926,-5.820542],[-35.406507,-5.81888],[-35.404843,-5.819924],[-35.400981,-5.819671],[-35.39464,-5.821144],[-35.393335,-5.822125],[-35.392261,-5.822264],[-35.391623,-5.822233],[-35.388827,-5.820126],[-35.386843,-5.819999],[-35.38649,-5.821077],[-35.386837,-5.818445],[-35.385456,-5.816657],[-35.384731,-5.814568],[-35.384726,-5.813312],[-35.386029,-5.811035],[-35.38614,-5.809002],[-35.384583,-5.807872],[-35.383152,-5.808237],[-35.379228,-5.81202],[-35.377024,-5.813046],[-35.373632,-5.81581],[-35.365322,-5.815928],[-35.363033,-5.81465],[-35.361678,-5.81276],[-35.360368,-5.813056],[-35.357689,-5.81492],[-35.355609,-5.817201],[-35.352597,-5.825166],[-35.349394,-5.830022],[-35.345999,-5.832069],[-35.343137,-5.832918],[-35.340452,-5.833168],[-35.3386,-5.832877],[-35.337642,-5.832343],[-35.33185,-5.832068],[-35.328275,-5.833817],[-35.323756,-5.8382],[-35.320906,-5.842038],[-35.321271,-5.842775],[-35.322166,-5.841487],[-35.322564,-5.842513],[-35.321633,-5.843433],[-35.321337,-5.844474],[-35.322452,-5.844983],[-35.323475,-5.844778],[-35.324203,-5.845253],[-35.326413,-5.844859],[-35.327459,-5.845885],[-35.328421,-5.846142],[-35.327765,-5.846781],[-35.32731,-5.847989],[-35.32767,-5.848918],[-35.329399,-5.849894],[-35.331447,-5.850186],[-35.332068,-5.851534],[-35.332911,-5.852331],[-35.334007,-5.852152],[-35.335241,-5.852752],[-35.336233,-5.852557],[-35.336593,-5.852974],[-35.336117,-5.853335],[-35.334701,-5.853211],[-35.334242,-5.854035],[-35.332065,-5.854511],[-35.331497,-5.855033],[-35.331662,-5.857319],[-35.331248,-5.857684],[-35.330053,-5.857065],[-35.329424,-5.855613],[-35.328852,-5.8552],[-35.324697,-5.854126],[-35.323813,-5.853559],[-35.322404,-5.851694],[-35.320739,-5.850402],[-35.316479,-5.849017],[-35.315595,-5.848397]],[[-35.279641,-5.840954],[-35.279588,-5.84169],[-35.27927,-5.842361],[-35.279641,-5.840954]]],[[[-35.366096,-5.81539],[-35.363892,-5.813579],[-35.362305,-5.812802],[-35.363046,-5.813844],[-35.365193,-5.815346],[-35.366096,-5.81539]]],[[[-35.317237,-5.849211],[-35.316148,-5.848672],[-35.316479,-5.849017],[-35.317237,-5.849211]]],[[[-35.636662,-5.854291],[-35.635185,-5.853967],[-35.634304,-5.854461],[-35.633395,-5.855861],[-35.633177,-5.857952],[-35.632682,-5.858538],[-35.631716,-5.858851],[-35.628006,-5.857191],[-35.625307,-5.857728],[-35.623859,-5.857128],[-35.623547,-5.855857],[-35.624459,-5.853395],[-35.62425,-5.852459],[-35.623474,-5.851451],[-35.620702,-5.851117],[-35.617257,-5.852122],[-35.614318,-5.851098],[-35.611597,-5.850813],[-35.609323,-5.849601],[-35.608754,-5.850067],[-35.607696,-5.854383],[-35.606816,-5.855266],[-35.604931,-5.856021],[-35.603985,-5.857878],[-35.603243,-5.857994],[-35.601394,-5.857032],[-35.600639,-5.857236],[-35.600278,-5.857957],[-35.599716,-5.858198],[-35.595043,-5.857987],[-35.594443,-5.85892],[-35.595453,-5.860243],[-35.597686,-5.860655],[-35.598692,-5.8618],[-35.599547,-5.861817],[-35.600735,-5.861091],[-35.601711,-5.861263],[-35.603776,-5.865398],[-35.604702,-5.865936],[-35.605696,-5.865537],[-35.606978,-5.863406],[-35.608755,-5.86164],[-35.610798,-5.861346],[-35.612271,-5.860412],[-35.61318,-5.860575],[-35.613838,-5.861756],[-35.613176,-5.863147],[-35.613282,-5.86396],[-35.613924,-5.864467],[-35.615467,-5.864546],[-35.616317,-5.865532],[-35.615777,-5.866686],[-35.614741,-5.867425],[-35.61149,-5.867229],[-35.611751,-5.868323],[-35.612854,-5.869174],[-35.616101,-5.868828],[-35.618916,-5.870478],[-35.621295,-5.87053],[-35.622425,-5.871012],[-35.623355,-5.870663],[-35.624543,-5.868878],[-35.625889,-5.867932],[-35.627912,-5.867618],[-35.62948,-5.868112],[-35.63096,-5.869528],[-35.630819,-5.870273],[-35.629874,-5.871074],[-35.628032,-5.871088],[-35.626715,-5.871672],[-35.62608,-5.872468],[-35.626087,-5.873991],[-35.627021,-5.875193],[-35.629443,-5.875786],[-35.630596,-5.876874],[-35.630719,-5.878653],[-35.62987,-5.881312],[-35.630276,-5.882295],[-35.630882,-5.882544],[-35.632799,-5.882135],[-35.634705,-5.882315],[-35.635911,-5.881739],[-35.635821,-5.881131],[-35.63508,-5.880361],[-35.635176,-5.878957],[-35.636839,-5.877455],[-35.637842,-5.875614],[-35.639365,-5.874707],[-35.642276,-5.874513],[-35.644036,-5.872987],[-35.645425,-5.867517],[-35.647387,-5.863251],[-35.648841,-5.862088],[-35.650621,-5.861545],[-35.65427,-5.862945],[-35.655029,-5.862806],[-35.655478,-5.861968],[-35.655069,-5.860824],[-35.655149,-5.85973],[-35.658272,-5.857161],[-35.658497,-5.856623],[-35.658056,-5.855793],[-35.655546,-5.855245],[-35.653625,-5.852864],[-35.6511,-5.851554],[-35.647708,-5.851278],[-35.642637,-5.849387],[-35.641076,-5.849806],[-35.640062,-5.851065],[-35.63955,-5.852712],[-35.63847,-5.853771],[-35.636662,-5.854291]]],[[[-35.713652,-5.868653],[-35.712609,-5.868389],[-35.711736,-5.86861],[-35.710337,-5.87072],[-35.709821,-5.870819],[-35.7092,-5.870247],[-35.708725,-5.867674],[-35.707919,-5.867574],[-35.706842,-5.868768],[-35.706237,-5.868496],[-35.705933,-5.867828],[-35.70537,-5.867814],[-35.705354,-5.869351],[-35.704689,-5.869976],[-35.704592,-5.871238],[-35.703382,-5.872393],[-35.702133,-5.87246],[-35.700463,-5.871072],[-35.699143,-5.871696],[-35.697868,-5.87149],[-35.697023,-5.871868],[-35.696517,-5.873876],[-35.695208,-5.874655],[-35.695368,-5.876461],[-35.69457,-5.877073],[-35.691713,-5.876064],[-35.690035,-5.876265],[-35.688446,-5.874918],[-35.686601,-5.875617],[-35.685305,-5.874827],[-35.683934,-5.872936],[-35.682438,-5.872699],[-35.681721,-5.873391],[-35.681643,-5.874385],[-35.684639,-5.876913],[-35.684914,-5.877521],[-35.684799,-5.878178],[-35.68373,-5.878957],[-35.683076,-5.880414],[-35.682295,-5.880634],[-35.680836,-5.880366],[-35.679573,-5.881338],[-35.677745,-5.880238],[-35.676293,-5.880969],[-35.675539,-5.880062],[-35.67425,-5.880062],[-35.673133,-5.879019],[-35.672447,-5.879002],[-35.671967,-5.879936],[-35.672007,-5.88153],[-35.670336,-5.881492],[-35.669792,-5.883699],[-35.667476,-5.885018],[-35.667303,-5.885511],[-35.667886,-5.885745],[-35.669224,-5.885498],[-35.671489,-5.884254],[-35.672237,-5.884453],[-35.672318,-5.885345],[-35.672848,-5.885665],[-35.674632,-5.885284],[-35.675745,-5.885504],[-35.678511,-5.88444],[-35.679066,-5.884678],[-35.679116,-5.886194],[-35.679913,-5.886909],[-35.681525,-5.88582],[-35.683097,-5.88609],[-35.684935,-5.885107],[-35.687624,-5.885466],[-35.690188,-5.88438],[-35.690794,-5.885158],[-35.690578,-5.887212],[-35.687664,-5.892253],[-35.68794,-5.894326],[-35.688671,-5.894814],[-35.689182,-5.894617],[-35.69006,-5.893256],[-35.691762,-5.893207],[-35.693058,-5.892067],[-35.694659,-5.88797],[-35.696559,-5.886363],[-35.697092,-5.883183],[-35.697681,-5.882795],[-35.698311,-5.882865],[-35.699727,-5.883521],[-35.700265,-5.882574],[-35.700308,-5.880408],[-35.701066,-5.879118],[-35.703069,-5.878173],[-35.705903,-5.878722],[-35.706265,-5.878099],[-35.706046,-5.877109],[-35.706479,-5.876402],[-35.710157,-5.8778],[-35.711219,-5.876077],[-35.713348,-5.875978],[-35.715413,-5.87481],[-35.716217,-5.875104],[-35.717193,-5.876571],[-35.719384,-5.87716],[-35.720848,-5.878826],[-35.721561,-5.879114],[-35.723459,-5.879047],[-35.725419,-5.877837],[-35.727924,-5.878187],[-35.728967,-5.877844],[-35.728815,-5.876495],[-35.727614,-5.875288],[-35.72556,-5.874884],[-35.723919,-5.873909],[-35.721684,-5.873918],[-35.720079,-5.872534],[-35.717703,-5.872246],[-35.717006,-5.871739],[-35.716475,-5.870727],[-35.716526,-5.868711],[-35.717863,-5.866447],[-35.717496,-5.865446],[-35.716755,-5.865402],[-35.715975,-5.866396],[-35.71486,-5.866765],[-35.714335,-5.868258],[-35.713652,-5.868653]]],[[[-35.732881,-5.906767],[-35.731323,-5.906609],[-35.730993,-5.907358],[-35.73114,-5.90843],[-35.732673,-5.909616],[-35.733111,-5.910974],[-35.731758,-5.912197],[-35.729205,-5.913015],[-35.726633,-5.911832],[-35.724737,-5.911662],[-35.722236,-5.912063],[-35.719164,-5.913182],[-35.716901,-5.912933],[-35.715014,-5.911959],[-35.713204,-5.910374],[-35.712183,-5.908883],[-35.711111,-5.906192],[-35.709149,-5.90573],[-35.707871,-5.904785],[-35.706078,-5.905608],[-35.705934,-5.907173],[-35.705302,-5.907753],[-35.703194,-5.907252],[-35.700969,-5.905485],[-35.699885,-5.905665],[-35.699472,-5.9062],[-35.699541,-5.906856],[-35.701938,-5.909156],[-35.701843,-5.909929],[-35.701016,-5.91041],[-35.698719,-5.908933],[-35.69566,-5.909321],[-35.695048,-5.908896],[-35.694463,-5.907636],[-35.692864,-5.907784],[-35.691569,-5.906866],[-35.690474,-5.906875],[-35.689606,-5.906382],[-35.687953,-5.906537],[-35.686527,-5.905979],[-35.685943,-5.906506],[-35.687583,-5.908213],[-35.689432,-5.909503],[-35.690428,-5.910826],[-35.693051,-5.911446],[-35.694643,-5.912791],[-35.695398,-5.914735],[-35.69527,-5.916405],[-35.694595,-5.91793],[-35.695139,-5.919006],[-35.696217,-5.919293],[-35.697383,-5.918981],[-35.698218,-5.91811],[-35.698647,-5.916746],[-35.699535,-5.916349],[-35.700668,-5.916755],[-35.701207,-5.918425],[-35.701803,-5.918849],[-35.702508,-5.91865],[-35.703273,-5.917654],[-35.704662,-5.91833],[-35.705665,-5.917399],[-35.706482,-5.917251],[-35.707334,-5.918462],[-35.706676,-5.920118],[-35.706917,-5.920775],[-35.709593,-5.921619],[-35.712747,-5.921797],[-35.714593,-5.92238],[-35.715138,-5.923284],[-35.715112,-5.924082],[-35.714017,-5.925165],[-35.71281,-5.925442],[-35.708666,-5.925057],[-35.707837,-5.925672],[-35.708152,-5.926857],[-35.709716,-5.92766],[-35.7104,-5.929437],[-35.71143,-5.930549],[-35.712101,-5.930911],[-35.713108,-5.930837],[-35.716944,-5.929767],[-35.719437,-5.931344],[-35.720339,-5.931393],[-35.721682,-5.930806],[-35.722753,-5.930992],[-35.723921,-5.932703],[-35.724716,-5.933198],[-35.725401,-5.933152],[-35.726323,-5.932449],[-35.728197,-5.932624],[-35.730562,-5.931952],[-35.731636,-5.932265],[-35.733013,-5.933562],[-35.734513,-5.934152],[-35.738192,-5.93366],[-35.739897,-5.934043],[-35.741,-5.934761],[-35.742263,-5.937326],[-35.743328,-5.937391],[-35.744234,-5.938497],[-35.746118,-5.939347],[-35.747287,-5.940449],[-35.747987,-5.942324],[-35.747708,-5.944528],[-35.748401,-5.945365],[-35.749573,-5.945272],[-35.751502,-5.944302],[-35.754536,-5.940344],[-35.75808,-5.940137],[-35.761155,-5.938256],[-35.76179,-5.938617],[-35.761869,-5.939511],[-35.758712,-5.943262],[-35.758501,-5.944228],[-35.758953,-5.945107],[-35.760187,-5.945465],[-35.761056,-5.946488],[-35.761959,-5.946653],[-35.762856,-5.945961],[-35.766625,-5.944864],[-35.768995,-5.942289],[-35.773522,-5.942023],[-35.77643,-5.938601],[-35.777302,-5.938355],[-35.77822,-5.938991],[-35.77829,-5.940401],[-35.7788,-5.941228],[-35.780779,-5.941729],[-35.78192,-5.942583],[-35.78279,-5.945402],[-35.784585,-5.945912],[-35.785236,-5.947082],[-35.786503,-5.947516],[-35.787887,-5.945993],[-35.789052,-5.940742],[-35.790227,-5.940145],[-35.790984,-5.941832],[-35.791071,-5.944476],[-35.791729,-5.945682],[-35.793521,-5.946001],[-35.794554,-5.947571],[-35.795821,-5.948604],[-35.79864,-5.949325],[-35.802527,-5.949448],[-35.803509,-5.950226],[-35.803442,-5.951709],[-35.801837,-5.953247],[-35.800293,-5.953283],[-35.798901,-5.953856],[-35.797561,-5.953478],[-35.796695,-5.953701],[-35.79618,-5.954678],[-35.796649,-5.955678],[-35.798237,-5.955996],[-35.801529,-5.955701],[-35.803046,-5.956841],[-35.803939,-5.958446],[-35.804752,-5.95886],[-35.805635,-5.958628],[-35.8068,-5.957421],[-35.807982,-5.957149],[-35.809383,-5.958622],[-35.810327,-5.960424],[-35.813389,-5.961116],[-35.814523,-5.963854],[-35.819962,-5.965544],[-35.820657,-5.966424],[-35.820201,-5.96747],[-35.820403,-5.967948],[-35.822331,-5.969156],[-35.824329,-5.968966],[-35.825825,-5.967163],[-35.827013,-5.966554],[-35.829983,-5.966937],[-35.830296,-5.9676],[-35.830163,-5.96864],[-35.829234,-5.970645],[-35.829188,-5.971529],[-35.829739,-5.97222],[-35.831569,-5.973036],[-35.833125,-5.975417],[-35.834537,-5.975752],[-35.836906,-5.97499],[-35.837544,-5.97586],[-35.837491,-5.977674],[-35.838066,-5.978685],[-35.838956,-5.978984],[-35.842059,-5.978908],[-35.845679,-5.981584],[-35.847224,-5.981417],[-35.848691,-5.980096],[-35.849705,-5.979885],[-35.850249,-5.981077],[-35.851801,-5.981069],[-35.852912,-5.981819],[-35.853482,-5.983032],[-35.853337,-5.984257],[-35.853745,-5.985844],[-35.854769,-5.987124],[-35.855843,-5.987708],[-35.857996,-5.987883],[-35.859841,-5.988791],[-35.860711,-5.988486],[-35.861845,-5.985964],[-35.863522,-5.98484],[-35.864098,-5.983992],[-35.863557,-5.980408],[-35.864113,-5.978405],[-35.865073,-5.977797],[-35.867528,-5.977333],[-35.869349,-5.975745],[-35.870495,-5.975983],[-35.872233,-5.975242],[-35.872948,-5.972592],[-35.875848,-5.970285],[-35.877241,-5.967992],[-35.87739,-5.965994],[-35.876733,-5.965691],[-35.876526,-5.96518],[-35.876844,-5.963793],[-35.87631,-5.963321],[-35.875081,-5.963372],[-35.874688,-5.962785],[-35.876881,-5.959149],[-35.877052,-5.958291],[-35.875825,-5.95567],[-35.873683,-5.952864],[-35.873265,-5.953167],[-35.873277,-5.954325],[-35.874114,-5.95794],[-35.873122,-5.958875],[-35.872235,-5.958782],[-35.871605,-5.958194],[-35.871102,-5.958465],[-35.871494,-5.960765],[-35.869335,-5.962469],[-35.869127,-5.963255],[-35.869425,-5.965042],[-35.867429,-5.967361],[-35.867082,-5.969515],[-35.866668,-5.97011],[-35.864767,-5.97107],[-35.86098,-5.97094],[-35.860048,-5.970735],[-35.857962,-5.969445],[-35.857277,-5.968179],[-35.857619,-5.967252],[-35.858205,-5.96679],[-35.863907,-5.966859],[-35.864676,-5.966416],[-35.86459,-5.964092],[-35.865199,-5.96235],[-35.865005,-5.961152],[-35.865733,-5.959386],[-35.865296,-5.958346],[-35.864253,-5.95739],[-35.864358,-5.95591],[-35.865701,-5.954167],[-35.868672,-5.953241],[-35.869252,-5.952118],[-35.868989,-5.951209],[-35.867844,-5.950161],[-35.865364,-5.949428],[-35.864061,-5.94745],[-35.862556,-5.946734],[-35.861344,-5.94553],[-35.860516,-5.945455],[-35.859654,-5.946072],[-35.858963,-5.945847],[-35.858411,-5.945236],[-35.858277,-5.943859],[-35.857903,-5.943408],[-35.856996,-5.943819],[-35.856918,-5.94497],[-35.85653,-5.945293],[-35.854069,-5.94469],[-35.8527,-5.943708],[-35.851417,-5.944133],[-35.849776,-5.943531],[-35.847781,-5.944377],[-35.845638,-5.943509],[-35.844353,-5.941482],[-35.843464,-5.941661],[-35.841447,-5.940811],[-35.84054,-5.939745],[-35.840245,-5.938376],[-35.841358,-5.936166],[-35.841711,-5.934385],[-35.840534,-5.932938],[-35.838953,-5.931948],[-35.832998,-5.926489],[-35.831212,-5.926346],[-35.829666,-5.927253],[-35.828985,-5.928524],[-35.828883,-5.930725],[-35.828013,-5.931801],[-35.826929,-5.932062],[-35.825201,-5.931682],[-35.823799,-5.932292],[-35.823145,-5.933676],[-35.823561,-5.935493],[-35.82336,-5.936724],[-35.822275,-5.937828],[-35.820737,-5.937997],[-35.819439,-5.937154],[-35.818443,-5.934802],[-35.816855,-5.933333],[-35.814755,-5.932815],[-35.812233,-5.933308],[-35.810683,-5.932605],[-35.809966,-5.931436],[-35.809873,-5.929182],[-35.808956,-5.928057],[-35.807808,-5.92783],[-35.803817,-5.928506],[-35.802105,-5.928192],[-35.801343,-5.92753],[-35.800221,-5.925861],[-35.799743,-5.923907],[-35.799967,-5.921908],[-35.801032,-5.919241],[-35.800923,-5.916924],[-35.79976,-5.914917],[-35.797806,-5.913671],[-35.794613,-5.913447],[-35.791829,-5.912034],[-35.789465,-5.912561],[-35.788098,-5.914064],[-35.787491,-5.91649],[-35.787781,-5.9176],[-35.789334,-5.919503],[-35.789365,-5.920789],[-35.788941,-5.921661],[-35.78728,-5.922579],[-35.784173,-5.922087],[-35.782195,-5.92354],[-35.781053,-5.923738],[-35.779647,-5.922776],[-35.779571,-5.920899],[-35.779208,-5.920334],[-35.778391,-5.920399],[-35.777126,-5.921737],[-35.77578,-5.921704],[-35.775116,-5.921223],[-35.773847,-5.919187],[-35.772226,-5.917848],[-35.768572,-5.916857],[-35.76619,-5.915738],[-35.764412,-5.913965],[-35.763096,-5.911179],[-35.762095,-5.909933],[-35.75927,-5.908021],[-35.75702,-5.907003],[-35.756005,-5.90703],[-35.754886,-5.908321],[-35.75376,-5.90865],[-35.752898,-5.908447],[-35.750743,-5.906899],[-35.748409,-5.906408],[-35.743593,-5.908302],[-35.742073,-5.907752],[-35.74038,-5.905628],[-35.737574,-5.903351],[-35.736535,-5.903665],[-35.735089,-5.904915],[-35.733699,-5.904921],[-35.733493,-5.906187],[-35.732881,-5.906767]]],[[[-36.351151,-5.919237],[-36.352703,-5.919124],[-36.354666,-5.920688],[-36.356394,-5.921354],[-36.3574,-5.923211],[-36.357924,-5.925964],[-36.359174,-5.926687],[-36.36121,-5.925441],[-36.362293,-5.923653],[-36.364208,-5.922706],[-36.365409,-5.921158],[-36.365773,-5.919964],[-36.365429,-5.919484],[-36.363857,-5.91982],[-36.362878,-5.920427],[-36.361788,-5.917849],[-36.361802,-5.914896],[-36.360695,-5.912567],[-36.356082,-5.911489],[-36.352035,-5.909079],[-36.349942,-5.909727],[-36.349461,-5.910501],[-36.349573,-5.912056],[-36.348375,-5.912947],[-36.347766,-5.915395],[-36.348055,-5.917309],[-36.348887,-5.91815],[-36.351151,-5.919237]]],[[[-35.879183,-5.915987],[-35.876189,-5.915668],[-35.875113,-5.916696],[-35.873384,-5.916848],[-35.870927,-5.918083],[-35.868074,-5.916943],[-35.867053,-5.916985],[-35.866401,-5.9174],[-35.866144,-5.918896],[-35.8655,-5.919669],[-35.862758,-5.920177],[-35.862206,-5.920673],[-35.861684,-5.922038],[-35.859929,-5.922523],[-35.859568,-5.923284],[-35.859717,-5.924135],[-35.86056,-5.924748],[-35.86218,-5.924404],[-35.864052,-5.924882],[-35.86503,-5.924498],[-35.865804,-5.924965],[-35.866635,-5.926904],[-35.866222,-5.928935],[-35.865433,-5.930368],[-35.865397,-5.931031],[-35.865849,-5.931204],[-35.86679,-5.931049],[-35.867792,-5.930128],[-35.869266,-5.930852],[-35.870944,-5.9307],[-35.871418,-5.929506],[-35.870392,-5.928108],[-35.870386,-5.926976],[-35.87123,-5.926446],[-35.872813,-5.926994],[-35.87337,-5.926149],[-35.874714,-5.925357],[-35.87561,-5.925593],[-35.876695,-5.926542],[-35.87867,-5.926243],[-35.880339,-5.926881],[-35.880614,-5.927463],[-35.880039,-5.928613],[-35.88021,-5.929222],[-35.881115,-5.92935],[-35.882739,-5.928839],[-35.884123,-5.925115],[-35.88399,-5.924263],[-35.883225,-5.923168],[-35.884415,-5.920976],[-35.884434,-5.91928],[-35.88528,-5.917714],[-35.885259,-5.917122],[-35.884521,-5.916512],[-35.882523,-5.916589],[-35.881014,-5.915531],[-35.879841,-5.915566],[-35.879183,-5.915987]]],[[[-36.381587,-5.927356],[-36.380177,-5.92753],[-36.379095,-5.930607],[-36.376808,-5.934601],[-36.376803,-5.935677],[-36.37769,-5.937415],[-36.378286,-5.937657],[-36.379611,-5.936817],[-36.379262,-5.935334],[-36.379375,-5.933202],[-36.38013,-5.932482],[-36.380291,-5.931368],[-36.380855,-5.930472],[-36.382283,-5.930097],[-36.382043,-5.929396],[-36.382372,-5.929079],[-36.382445,-5.928206],[-36.381587,-5.927356]]],[[[-35.688204,-5.948704],[-35.688642,-5.95071],[-35.689978,-5.953541],[-35.689859,-5.955135],[-35.689078,-5.95653],[-35.688266,-5.95699],[-35.687144,-5.956721],[-35.684775,-5.951913],[-35.68391,-5.951588],[-35.682773,-5.951846],[-35.680703,-5.954551],[-35.679203,-5.955134],[-35.678584,-5.956274],[-35.678813,-5.957297],[-35.681428,-5.95999],[-35.68162,-5.961147],[-35.681296,-5.961971],[-35.680368,-5.962687],[-35.67776,-5.96273],[-35.675475,-5.963777],[-35.67456,-5.96349],[-35.673213,-5.961956],[-35.671779,-5.961357],[-35.669859,-5.961568],[-35.665846,-5.96375],[-35.664702,-5.9635],[-35.663855,-5.96269],[-35.661455,-5.962732],[-35.659631,-5.961083],[-35.658549,-5.961055],[-35.657442,-5.961577],[-35.656963,-5.961259],[-35.656894,-5.96013],[-35.660826,-5.957013],[-35.661326,-5.956297],[-35.662201,-5.95304],[-35.665314,-5.94954],[-35.665384,-5.948484],[-35.664518,-5.947877],[-35.662998,-5.948257],[-35.661096,-5.949954],[-35.659398,-5.950865],[-35.6565,-5.951745],[-35.654954,-5.951732],[-35.652685,-5.950996],[-35.650678,-5.951783],[-35.650101,-5.951418],[-35.649636,-5.950136],[-35.648334,-5.949402],[-35.648258,-5.947985],[-35.647867,-5.947251],[-35.647196,-5.946759],[-35.646102,-5.946637],[-35.645129,-5.947151],[-35.643842,-5.949217],[-35.64075,-5.95002],[-35.639057,-5.952838],[-35.637472,-5.954392],[-35.636534,-5.95499],[-35.635112,-5.955071],[-35.633957,-5.955593],[-35.632989,-5.955055],[-35.632945,-5.952938],[-35.632335,-5.950995],[-35.631104,-5.949373],[-35.630183,-5.948874],[-35.628609,-5.949287],[-35.627325,-5.951631],[-35.625742,-5.952798],[-35.623781,-5.952925],[-35.621907,-5.951749],[-35.620499,-5.951414],[-35.619085,-5.951726],[-35.618896,-5.952441],[-35.619353,-5.953562],[-35.621437,-5.954819],[-35.62237,-5.956554],[-35.625065,-5.957313],[-35.626786,-5.959652],[-35.628084,-5.960014],[-35.630349,-5.959333],[-35.632018,-5.959555],[-35.633104,-5.961941],[-35.634328,-5.962772],[-35.636518,-5.962749],[-35.638752,-5.961252],[-35.640725,-5.960662],[-35.642724,-5.961709],[-35.644721,-5.964145],[-35.649646,-5.964011],[-35.650027,-5.964498],[-35.649977,-5.96531],[-35.647056,-5.969704],[-35.647246,-5.970888],[-35.648282,-5.971955],[-35.649675,-5.972078],[-35.650739,-5.96962],[-35.652472,-5.968247],[-35.65326,-5.968389],[-35.653821,-5.969254],[-35.654806,-5.969829],[-35.657892,-5.969873],[-35.658673,-5.970351],[-35.658908,-5.971237],[-35.658467,-5.97204],[-35.656528,-5.972549],[-35.653978,-5.972395],[-35.652789,-5.973033],[-35.651712,-5.975195],[-35.650193,-5.977161],[-35.650347,-5.979595],[-35.651226,-5.980979],[-35.652205,-5.981728],[-35.654333,-5.981943],[-35.655577,-5.982525],[-35.657125,-5.985481],[-35.658364,-5.98648],[-35.660313,-5.986825],[-35.662848,-5.985941],[-35.663614,-5.986389],[-35.663923,-5.987532],[-35.664484,-5.987915],[-35.665813,-5.986999],[-35.666842,-5.987179],[-35.667588,-5.988871],[-35.667164,-5.990481],[-35.667248,-5.992603],[-35.666567,-5.993297],[-35.665309,-5.993108],[-35.663884,-5.99342],[-35.661971,-5.99181],[-35.658675,-5.99186],[-35.656298,-5.991285],[-35.654285,-5.992001],[-35.65229,-5.991307],[-35.649605,-5.992356],[-35.649511,-5.992802],[-35.650208,-5.99369],[-35.657026,-5.995806],[-35.659068,-5.996798],[-35.661337,-5.997168],[-35.663404,-5.999172],[-35.664764,-5.99958],[-35.668286,-6.00175],[-35.67023,-6.002376],[-35.673513,-6.002181],[-35.675726,-6.003007],[-35.678082,-6.001184],[-35.678279,-5.998776],[-35.677754,-5.996366],[-35.675713,-5.993301],[-35.671575,-5.990676],[-35.670866,-5.988991],[-35.670972,-5.987888],[-35.671715,-5.986619],[-35.672624,-5.985987],[-35.674071,-5.985732],[-35.675465,-5.986198],[-35.676271,-5.986957],[-35.677005,-5.99048],[-35.678147,-5.991815],[-35.68078,-5.993353],[-35.684175,-5.994142],[-35.685217,-5.995057],[-35.685696,-5.996712],[-35.685103,-5.998331],[-35.681941,-5.998824],[-35.681157,-5.999833],[-35.681647,-6.001084],[-35.682673,-6.002019],[-35.683397,-6.00351],[-35.684537,-6.0047],[-35.687173,-6.00648],[-35.687835,-6.007493],[-35.688019,-6.008568],[-35.687308,-6.009647],[-35.685614,-6.010549],[-35.684607,-6.012109],[-35.684491,-6.012886],[-35.685871,-6.014075],[-35.687749,-6.014367],[-35.689129,-6.015615],[-35.693488,-6.015713],[-35.694266,-6.016128],[-35.695948,-6.018152],[-35.695892,-6.018989],[-35.693516,-6.021511],[-35.693402,-6.022528],[-35.694003,-6.023362],[-35.698366,-6.024237],[-35.700403,-6.025602],[-35.700647,-6.026796],[-35.700175,-6.027874],[-35.698927,-6.029076],[-35.699889,-6.030446],[-35.700377,-6.032476],[-35.702052,-6.033184],[-35.702834,-6.034316],[-35.700634,-6.03618],[-35.6998,-6.036543],[-35.698425,-6.036191],[-35.697889,-6.036493],[-35.697118,-6.037513],[-35.695807,-6.037937],[-35.695571,-6.038596],[-35.696055,-6.039789],[-35.697489,-6.040021],[-35.698516,-6.042467],[-35.699295,-6.043061],[-35.701445,-6.043229],[-35.70354,-6.044175],[-35.704141,-6.045009],[-35.704153,-6.0474],[-35.702851,-6.049678],[-35.702623,-6.05201],[-35.701616,-6.053629],[-35.70097,-6.055784],[-35.702361,-6.059244],[-35.701738,-6.066061],[-35.702221,-6.067134],[-35.70372,-6.068382],[-35.704566,-6.07047],[-35.705944,-6.07136],[-35.706187,-6.072195],[-35.705598,-6.073812],[-35.705967,-6.075842],[-35.705441,-6.078296],[-35.705568,-6.07967],[-35.706053,-6.081102],[-35.707916,-6.083603],[-35.708713,-6.087663],[-35.710158,-6.090167],[-35.711314,-6.094345],[-35.712994,-6.09601],[-35.71395,-6.096125],[-35.715847,-6.093366],[-35.719301,-6.091495],[-35.721141,-6.089215],[-35.722924,-6.087652],[-35.723878,-6.087288],[-35.726267,-6.087336],[-35.727335,-6.086075],[-35.730197,-6.085224],[-35.731265,-6.083963],[-35.731022,-6.083008],[-35.729819,-6.081281],[-35.729149,-6.078655],[-35.726859,-6.074482],[-35.726069,-6.071856],[-35.724269,-6.070132],[-35.722953,-6.069541],[-35.721686,-6.067037],[-35.72047,-6.06262],[-35.719569,-6.061608],[-35.718839,-6.058982],[-35.717642,-6.05839],[-35.716491,-6.055049],[-35.715351,-6.053919],[-35.714627,-6.052428],[-35.713548,-6.051537],[-35.713121,-6.049746],[-35.712102,-6.048974],[-35.712153,-6.047181],[-35.714641,-6.043283],[-35.715348,-6.041307],[-35.714266,-6.039818],[-35.713368,-6.039344],[-35.710621,-6.039418],[-35.709541,-6.038228],[-35.709535,-6.037092],[-35.710946,-6.032662],[-35.710399,-6.030692],[-35.708842,-6.029744],[-35.708477,-6.028311],[-35.709778,-6.025854],[-35.70977,-6.0243],[-35.711312,-6.02214],[-35.711779,-6.020106],[-35.711418,-6.01939],[-35.70957,-6.020057],[-35.708908,-6.019044],[-35.70831,-6.018808],[-35.706585,-6.020072],[-35.706106,-6.019835],[-35.706631,-6.017442],[-35.706325,-6.01577],[-35.7068,-6.015289],[-35.707636,-6.015285],[-35.710386,-6.016108],[-35.712654,-6.015798],[-35.713188,-6.015197],[-35.712752,-6.011494],[-35.713635,-6.008979],[-35.712736,-6.008386],[-35.709813,-6.008819],[-35.709273,-6.008343],[-35.709025,-6.006551],[-35.709432,-6.004278],[-35.70901,-6.003503],[-35.706485,-6.001179],[-35.705166,-6.001179],[-35.704358,-6.000069],[-35.702963,-5.999204],[-35.699892,-5.999009],[-35.698403,-5.998171],[-35.697996,-5.99761],[-35.698165,-5.996669],[-35.699651,-5.994254],[-35.699986,-5.993091],[-35.699491,-5.990753],[-35.698392,-5.989579],[-35.69131,-5.985748],[-35.69064,-5.98494],[-35.6903,-5.983589],[-35.690854,-5.981949],[-35.693111,-5.979892],[-35.693349,-5.978908],[-35.693148,-5.977188],[-35.693655,-5.97638],[-35.695034,-5.976185],[-35.696268,-5.977149],[-35.698402,-5.978023],[-35.699176,-5.977801],[-35.699561,-5.977249],[-35.699252,-5.973642],[-35.696939,-5.972153],[-35.6957,-5.970688],[-35.695593,-5.969039],[-35.696585,-5.96612],[-35.698094,-5.965337],[-35.701401,-5.966229],[-35.703581,-5.963088],[-35.705079,-5.962386],[-35.708486,-5.962211],[-35.709528,-5.961312],[-35.709947,-5.960086],[-35.709419,-5.95935],[-35.708351,-5.958897],[-35.70345,-5.959697],[-35.702559,-5.959547],[-35.70212,-5.958942],[-35.702026,-5.958201],[-35.702464,-5.957315],[-35.705256,-5.956331],[-35.70665,-5.954628],[-35.707299,-5.953106],[-35.707428,-5.949823],[-35.706901,-5.948255],[-35.705994,-5.947047],[-35.704941,-5.947027],[-35.70141,-5.949187],[-35.700706,-5.950391],[-35.700308,-5.952488],[-35.699051,-5.953987],[-35.698246,-5.953615],[-35.697302,-5.949494],[-35.696551,-5.948577],[-35.693652,-5.948631],[-35.691678,-5.946594],[-35.689505,-5.946067],[-35.688364,-5.947143],[-35.688204,-5.948704]]],[[[-36.347711,-5.96429],[-36.348607,-5.964235],[-36.349505,-5.963641],[-36.35167,-5.960364],[-36.355442,-5.95823],[-36.355689,-5.956498],[-36.35349,-5.954455],[-36.353195,-5.953677],[-36.353081,-5.95254],[-36.353747,-5.950631],[-36.353042,-5.948117],[-36.352506,-5.947995],[-36.351667,-5.948529],[-36.351186,-5.949363],[-36.350699,-5.951154],[-36.350683,-5.954561],[-36.349123,-5.956287],[-36.347485,-5.961599],[-36.347295,-5.96381],[-36.347711,-5.96429]]],[[[-36.372609,-5.963812],[-36.37572,-5.962631],[-36.377378,-5.962473],[-36.378184,-5.955225],[-36.375695,-5.955159],[-36.372657,-5.953889],[-36.370982,-5.954479],[-36.37062,-5.955195],[-36.371034,-5.956153],[-36.37097,-5.957109],[-36.370365,-5.958601],[-36.371254,-5.960099],[-36.371895,-5.96345],[-36.372609,-5.963812]]],[[[-36.366002,-5.972209],[-36.366906,-5.97036],[-36.366674,-5.968984],[-36.363884,-5.965683],[-36.362032,-5.965853],[-36.361253,-5.966388],[-36.360399,-5.970269],[-36.360574,-5.971166],[-36.362003,-5.97201],[-36.366002,-5.972209]]],[[[-36.370711,-5.973845],[-36.372204,-5.973613],[-36.3728,-5.973855],[-36.373032,-5.975291],[-36.374223,-5.976074],[-36.374919,-5.9757],[-36.37635,-5.97003],[-36.372996,-5.970329],[-36.370784,-5.970976],[-36.37006,-5.972527],[-36.370711,-5.973845]]],[[[-36.386937,-6.00233],[-36.386003,-6.002311],[-36.388767,-6.002736],[-36.389583,-6.003423],[-36.390798,-6.006369],[-36.390444,-6.009033],[-36.390645,-6.009923],[-36.391801,-6.010886],[-36.39207,-6.011776],[-36.393024,-6.01219],[-36.393422,-6.011471],[-36.393083,-6.010785],[-36.393321,-6.008881],[-36.39287,-6.007622],[-36.39358,-6.00694],[-36.393207,-6.00572],[-36.39344,-6.005497],[-36.39267,-6.004661],[-36.392517,-6.003096],[-36.391841,-6.002446],[-36.392074,-6.001746],[-36.390888,-6.000534],[-36.390028,-6.000395],[-36.388337,-6.001755],[-36.386937,-6.00233]]],[[[-36.397493,-6.025544],[-36.398431,-6.024544],[-36.399072,-6.02293],[-36.399252,-6.021511],[-36.399645,-6.02084],[-36.399556,-6.019318],[-36.399332,-6.018884],[-36.398534,-6.018754],[-36.397938,-6.018273],[-36.398083,-6.017279],[-36.39747,-6.016969],[-36.39718,-6.016372],[-36.395438,-6.016217],[-36.394099,-6.014732],[-36.392766,-6.015211],[-36.392506,-6.016176],[-36.393683,-6.017906],[-36.395929,-6.019762],[-36.397066,-6.021428],[-36.397157,-6.022661],[-36.39649,-6.024849],[-36.39682,-6.025443],[-36.397493,-6.025544]]],[[[-36.389552,-6.030624],[-36.388887,-6.032414],[-36.388049,-6.032828],[-36.387567,-6.033723],[-36.387561,-6.034859],[-36.38702,-6.035753],[-36.386895,-6.036768],[-36.387721,-6.038984],[-36.38712,-6.039758],[-36.387175,-6.040595],[-36.38932,-6.041681],[-36.390991,-6.041929],[-36.391817,-6.043845],[-36.391932,-6.044802],[-36.391631,-6.045399],[-36.390734,-6.045574],[-36.389953,-6.046586],[-36.389236,-6.046762],[-36.386852,-6.045734],[-36.385717,-6.045789],[-36.385237,-6.046265],[-36.385648,-6.047761],[-36.385465,-6.048537],[-36.384807,-6.048773],[-36.381591,-6.047084],[-36.378549,-6.046412],[-36.376634,-6.047239],[-36.376452,-6.047836],[-36.37722,-6.049514],[-36.377739,-6.053461],[-36.379934,-6.056341],[-36.379092,-6.057592],[-36.379438,-6.060164],[-36.378959,-6.060401],[-36.378304,-6.05998],[-36.377599,-6.057705],[-36.376645,-6.057401],[-36.376285,-6.057818],[-36.375975,-6.060148],[-36.374232,-6.062411],[-36.374168,-6.063247],[-36.375527,-6.066243],[-36.375398,-6.068215],[-36.374675,-6.069586],[-36.372874,-6.071669],[-36.370184,-6.072194],[-36.369823,-6.07279],[-36.370234,-6.074107],[-36.369507,-6.076196],[-36.36561,-6.079465],[-36.363455,-6.08065],[-36.361127,-6.08028],[-36.359156,-6.080449],[-36.358079,-6.080862],[-36.353278,-6.0858],[-36.352312,-6.087888],[-36.351883,-6.090097],[-36.348459,-6.094265],[-36.345583,-6.096283],[-36.34527,-6.096901],[-36.347315,-6.096495],[-36.348507,-6.095874],[-36.35318,-6.091227],[-36.353549,-6.089997],[-36.354554,-6.089126],[-36.356546,-6.088528],[-36.35717,-6.087841],[-36.356918,-6.086881],[-36.357264,-6.086561],[-36.358548,-6.086752],[-36.358882,-6.086391],[-36.35802,-6.084465],[-36.358214,-6.083727],[-36.359591,-6.082103],[-36.360573,-6.082325],[-36.362352,-6.083685],[-36.363652,-6.082791],[-36.365876,-6.082705],[-36.366482,-6.082077],[-36.367695,-6.081933],[-36.367835,-6.081492],[-36.368898,-6.081898],[-36.369317,-6.081751],[-36.369291,-6.081091],[-36.36994,-6.079905],[-36.370679,-6.080099],[-36.371756,-6.079688],[-36.372027,-6.076918],[-36.372867,-6.076639],[-36.373035,-6.07574],[-36.372699,-6.075107],[-36.374404,-6.074402],[-36.374298,-6.072856],[-36.376461,-6.072569],[-36.377596,-6.071783],[-36.378479,-6.070325],[-36.378461,-6.069862],[-36.37959,-6.069582],[-36.380587,-6.070313],[-36.381325,-6.069858],[-36.381306,-6.068112],[-36.380391,-6.067118],[-36.380179,-6.065541],[-36.381765,-6.064424],[-36.382104,-6.062929],[-36.383558,-6.062782],[-36.384145,-6.061704],[-36.383941,-6.060113],[-36.384707,-6.058641],[-36.385636,-6.058537],[-36.386013,-6.058944],[-36.388299,-6.056847],[-36.388904,-6.05706],[-36.38978,-6.05585],[-36.390285,-6.055699],[-36.39071,-6.056157],[-36.392531,-6.054679],[-36.392629,-6.053953],[-36.395432,-6.053849],[-36.395871,-6.052788],[-36.396545,-6.052627],[-36.395984,-6.051381],[-36.395024,-6.050496],[-36.39594,-6.050371],[-36.396709,-6.049734],[-36.397137,-6.04996],[-36.397286,-6.051052],[-36.398648,-6.052197],[-36.399688,-6.05127],[-36.399657,-6.050484],[-36.400115,-6.050339],[-36.400633,-6.048582],[-36.401707,-6.04924],[-36.404028,-6.049272],[-36.404716,-6.050014],[-36.405605,-6.048674],[-36.40538,-6.048031],[-36.406367,-6.047756],[-36.406797,-6.046406],[-36.408283,-6.045386],[-36.408494,-6.044307],[-36.408995,-6.043832],[-36.411178,-6.04346],[-36.411445,-6.044025],[-36.412769,-6.044391],[-36.413563,-6.044001],[-36.413379,-6.043105],[-36.412707,-6.042433],[-36.411782,-6.042663],[-36.411255,-6.042392],[-36.411115,-6.041519],[-36.411653,-6.040437],[-36.412024,-6.040628],[-36.41201,-6.039957],[-36.410022,-6.039621],[-36.41055,-6.037904],[-36.409403,-6.035743],[-36.407529,-6.035871],[-36.406424,-6.035032],[-36.405782,-6.035866],[-36.4058,-6.036761],[-36.404429,-6.037577],[-36.404507,-6.038307],[-36.403276,-6.03894],[-36.402098,-6.038767],[-36.401558,-6.037609],[-36.400238,-6.037455],[-36.399656,-6.036772],[-36.399102,-6.037058],[-36.398421,-6.036772],[-36.39807,-6.035851],[-36.397324,-6.035489],[-36.397057,-6.034938],[-36.395692,-6.035073],[-36.395273,-6.034636],[-36.395136,-6.03393],[-36.395819,-6.032681],[-36.395833,-6.031449],[-36.396439,-6.031761],[-36.397236,-6.031459],[-36.395055,-6.028558],[-36.394101,-6.028434],[-36.391941,-6.030516],[-36.389552,-6.030624]]],[[[-36.33767,-6.099106],[-36.335461,-6.101325],[-36.33725,-6.100553],[-36.338061,-6.100569],[-36.3396,-6.098908],[-36.34185,-6.098312],[-36.342664,-6.097624],[-36.343369,-6.097487],[-36.341631,-6.097586],[-36.33767,-6.099106]]],[[[-35.684948,-6.102432],[-35.68405,-6.101959],[-35.683215,-6.102202],[-35.681993,-6.103528],[-35.682214,-6.104089],[-35.682989,-6.104073],[-35.684014,-6.104663],[-35.684709,-6.104311],[-35.685669,-6.106249],[-35.685389,-6.106793],[-35.686633,-6.10733],[-35.686119,-6.108222],[-35.688673,-6.112247],[-35.689321,-6.111808],[-35.690501,-6.113802],[-35.690851,-6.112624],[-35.694132,-6.11189],[-35.694725,-6.11111],[-35.694778,-6.109795],[-35.694414,-6.108721],[-35.691364,-6.10784],[-35.690821,-6.106707],[-35.690509,-6.104018],[-35.689964,-6.102467],[-35.689183,-6.101574],[-35.687868,-6.101222],[-35.685783,-6.102309],[-35.684948,-6.102432]]],[[[-36.326663,-6.104468],[-36.326382,-6.105978],[-36.326849,-6.108783],[-36.32645,-6.110904],[-36.327823,-6.110321],[-36.32893,-6.109361],[-36.328408,-6.108877],[-36.328154,-6.106913],[-36.328618,-6.106012],[-36.328263,-6.10555],[-36.328287,-6.104958],[-36.328858,-6.103509],[-36.332476,-6.10342],[-36.332559,-6.103156],[-36.331623,-6.102377],[-36.329873,-6.102219],[-36.327884,-6.102999],[-36.326663,-6.104468]]],[[[-36.30001,-6.114013],[-36.300233,-6.115169],[-36.301323,-6.115726],[-36.301881,-6.115611],[-36.302214,-6.114625],[-36.303036,-6.11354],[-36.303482,-6.113434],[-36.304749,-6.113655],[-36.30526,-6.113303],[-36.307648,-6.115194],[-36.308255,-6.115235],[-36.30848,-6.114351],[-36.307962,-6.11313],[-36.305763,-6.111721],[-36.304773,-6.110362],[-36.304406,-6.109087],[-36.303916,-6.108963],[-36.302953,-6.109619],[-36.302376,-6.111245],[-36.300528,-6.112703],[-36.30001,-6.114013]]],[[[-36.206153,-6.133],[-36.207673,-6.132969],[-36.209031,-6.133339],[-36.20953,-6.133098],[-36.210756,-6.133621],[-36.211489,-6.133177],[-36.21202,-6.133435],[-36.212948,-6.132942],[-36.21342,-6.133186],[-36.214043,-6.132526],[-36.215858,-6.133775],[-36.2162,-6.134915],[-36.216817,-6.135065],[-36.217711,-6.137605],[-36.218663,-6.137828],[-36.220747,-6.13757],[-36.222826,-6.138253],[-36.224169,-6.138193],[-36.224978,-6.137727],[-36.225255,-6.136114],[-36.22452,-6.135438],[-36.222174,-6.13435],[-36.219689,-6.13427],[-36.218818,-6.133727],[-36.218964,-6.131577],[-36.2181,-6.129689],[-36.217162,-6.129281],[-36.215147,-6.129203],[-36.214209,-6.128728],[-36.213953,-6.126239],[-36.212356,-6.123406],[-36.21304,-6.120989],[-36.212581,-6.118768],[-36.213056,-6.117896],[-36.214066,-6.117498],[-36.216821,-6.117243],[-36.217227,-6.11664],[-36.21703,-6.1159],[-36.216428,-6.115291],[-36.214281,-6.114742],[-36.211873,-6.112915],[-36.209717,-6.114046],[-36.208105,-6.114105],[-36.207228,-6.114773],[-36.207021,-6.115781],[-36.207285,-6.116656],[-36.208288,-6.117535],[-36.208418,-6.118477],[-36.207808,-6.11955],[-36.207666,-6.120961],[-36.208664,-6.122715],[-36.208658,-6.123858],[-36.208317,-6.124999],[-36.206628,-6.126806],[-36.206409,-6.130166],[-36.205797,-6.131642],[-36.206153,-6.133]]],[[[-35.704538,-6.135006],[-35.705797,-6.134961],[-35.706971,-6.135642],[-35.707261,-6.136043],[-35.70692,-6.136371],[-35.707831,-6.137976],[-35.70782,-6.13851],[-35.708486,-6.139203],[-35.709929,-6.139209],[-35.70964,-6.139771],[-35.710091,-6.140337],[-35.70993,-6.141102],[-35.710542,-6.14169],[-35.710539,-6.142306],[-35.712153,-6.143473],[-35.712691,-6.144798],[-35.713037,-6.146343],[-35.712131,-6.147943],[-35.713708,-6.148345],[-35.713885,-6.149074],[-35.714926,-6.148692],[-35.715531,-6.149643],[-35.716751,-6.149278],[-35.717344,-6.149847],[-35.717153,-6.150275],[-35.716439,-6.150507],[-35.717003,-6.151103],[-35.716854,-6.151977],[-35.717506,-6.153434],[-35.71807,-6.153005],[-35.719612,-6.153154],[-35.720101,-6.15378],[-35.721034,-6.153147],[-35.72217,-6.153292],[-35.723494,-6.152839],[-35.724207,-6.153581],[-35.724775,-6.153288],[-35.724948,-6.153996],[-35.727306,-6.157262],[-35.727819,-6.15761],[-35.729348,-6.157333],[-35.729606,-6.158261],[-35.731394,-6.159283],[-35.731958,-6.159271],[-35.73265,-6.159936],[-35.732642,-6.160748],[-35.733616,-6.161121],[-35.734579,-6.162611],[-35.736857,-6.164332],[-35.738351,-6.164623],[-35.739184,-6.163962],[-35.739418,-6.162885],[-35.738935,-6.161871],[-35.736598,-6.160448],[-35.733347,-6.155385],[-35.732087,-6.154136],[-35.728916,-6.153076],[-35.725092,-6.152618],[-35.722874,-6.151015],[-35.722391,-6.149882],[-35.723505,-6.145812],[-35.7229,-6.14438],[-35.72224,-6.143726],[-35.721165,-6.143732],[-35.718726,-6.145537],[-35.717236,-6.146083],[-35.71598,-6.14585],[-35.715138,-6.144599],[-35.715773,-6.140292],[-35.715529,-6.139337],[-35.714749,-6.138564],[-35.711635,-6.136906],[-35.711442,-6.134098],[-35.7109,-6.133204],[-35.708866,-6.132497],[-35.706004,-6.133468],[-35.70347,-6.133612],[-35.703828,-6.13382],[-35.703517,-6.13423],[-35.704538,-6.135006]]],[[[-35.776241,-6.179677],[-35.777342,-6.176439],[-35.778325,-6.1759],[-35.777635,-6.173774],[-35.77677,-6.172822],[-35.770064,-6.169462],[-35.768233,-6.166507],[-35.766175,-6.165849],[-35.763678,-6.163375],[-35.761716,-6.162812],[-35.76124,-6.163101],[-35.761053,-6.163915],[-35.761344,-6.164822],[-35.764033,-6.167294],[-35.766393,-6.171059],[-35.768022,-6.171864],[-35.769513,-6.173912],[-35.772437,-6.175714],[-35.776241,-6.179677]]],[[[-35.758634,-6.178495],[-35.761194,-6.179019],[-35.762125,-6.17965],[-35.76284,-6.178592],[-35.767012,-6.183238],[-35.771855,-6.182698],[-35.770893,-6.181938],[-35.767545,-6.181238],[-35.766047,-6.178042],[-35.765038,-6.176948],[-35.763075,-6.176145],[-35.762451,-6.175479],[-35.761193,-6.172473],[-35.759993,-6.171427],[-35.759039,-6.171671],[-35.758517,-6.172391],[-35.758813,-6.174207],[-35.758501,-6.174798],[-35.75946,-6.175798],[-35.758828,-6.176003],[-35.758634,-6.178495]]]]}}]}