{"type":"FeatureCollection","features":[{"type":"Feature","id":1,"properties":{"sigla":"Q2a","unidade":"Depósitos aluvionares","era":"Cenozóico","periodo":"Neogeno","litotipo_principal":"Areia, Areia arcoseana","litotipo_secundario":"Silte, Cascalho, Argila, Conglomerado polimítico","grupo":"Depósitos aluvionares","fonte":"Folhas João Câmara, Lajes, Natal, Santa Cruz, São José do MIpibu, São José do Campestre - GEOSBG/CPRM (2014)"},"geometry":{"type":"Polygon","coordinates":[[[-36.145177,-5.871486],[-36.149212,-5.873907],[-36.149879,-5.873831],[-36.148603,-5.872441],[-36.147975,-5.870957],[-36.148603,-5.867321],[-36.147918,-5.866864],[-36.147214,-5.868044],[-36.146528,-5.868006],[-36.145767,-5.866007],[-36.145386,-5.863438],[-36.144701,-5.861991],[-36.143863,-5.861629],[-36.142702,-5.863438],[-36.142912,-5.866483],[-36.143349,-5.867302],[-36.144891,-5.867835],[-36.145748,-5.86911],[-36.145824,-5.870309],[-36.145177,-5.871486]]]}},{"type":"Feature","id":2,"properties":{"sigla":"Q2a","unidade":"Depósitos aluvionares","era":"Cenozóico","periodo":"Neogeno","litotipo_principal":"Areia, Areia arcoseana","litotipo_secundario":"Silte, Cascalho, Argila, Conglomerado polimítico","grupo":"Depósitos aluvionares","fonte":"Folhas João Câmara, Lajes, Natal, Santa Cruz, São José do MIpibu, São José do Campestre - GEOSBG/CPRM (2014)"},"geometry":{"type":"Polygon","coordinates":[[[-36.286446,-5.924625],[-36.286976,-5.924291],[-36.286839,-5.922955],[-36.284456,-5.917102],[-36.283381,-5.915784],[-36.282143,-5.915509],[-36.282084,-5.916688],[-36.285012,-5.921678],[-36.285856,-5.924212],[-36.286446,-5.924625]]]}},{"type":"Feature","id":3,"properties":{"sigla":"Q2a","unidade":"Depósitos aluvionares","era":"Cenozóico","periodo":"Neogeno","litotipo_principal":"Areia, Areia arcoseana","litotipo_secundario":"Silte, Cascalho, Argila, Conglomerado polimítico","grupo":"Depósitos aluvionares","fonte":"Folhas João Câmara, Lajes, Natal, Santa Cruz, São José do MIpibu, São José do Campestre - GEOSBG/CPRM (2014)"},"geometry":{"type":"Polygon","coordinates":[[[-36.279954,-5.906734],[-36.280011,-5.907276],[-36.280967,-5.907191],[-36.28191,-5.907805],[-36.282181,-5.908824],[-36.28278,-5.909138],[-36.283095,-5.908039],[-36.28288,-5.904869],[-36.283451,-5.902814],[-36.283194,-5.902271],[-36.28201,-5.901729],[-36.282309,-5.900144],[-36.281296,-5.898702],[-36.281567,-5.897417],[-36.28034,-5.895036],[-36.280596,-5.893819],[-36.282095,-5.893705],[-36.282495,-5.893063],[-36.282152,-5.892649],[-36.280125,-5.892591],[-36.279211,-5.892106],[-36.279011,-5.890093],[-36.279582,-5.889008],[-36.278112,-5.887909],[-36.276042,-5.882726],[-36.276199,-5.881544],[-36.275085,-5.880022],[-36.274443,-5.881136],[-36.274371,-5.882592],[-36.276499,-5.886204],[-36.276956,-5.888417],[-36.276684,-5.890458],[-36.277393,-5.892699],[-36.278697,-5.893642],[-36.279168,-5.894641],[-36.279697,-5.902165],[-36.281039,-5.904849],[-36.28091,-5.906048],[-36.279954,-5.906734]]]}},{"type":"Feature","id":4,"properties":{"sigla":"Q2a","unidade":"Depósitos aluvionares","era":"Cenozóico","periodo":"Neogeno","litotipo_principal":"Areia, Areia arcoseana","litotipo_secundario":"Silte, Cascalho, Argila, Conglomerado polimítico","grupo":"Depósitos aluvionares","fonte":"Folhas João Câmara, Lajes, Natal, Santa Cruz, São José do MIpibu, São José do Campestre - GEOSBG/CPRM (2014)"},"geometry":{"type":"Polygon","coordinates":[[[-36.264095,-5.862786],[-36.264384,-5.863753],[-36.265791,-5.865097],[-36.265427,-5.867095],[-36.266017,-5.868615],[-36.267374,-5.869683],[-36.269007,-5.873176],[-36.270213,-5.874256],[-36.270465,-5.875198],[-36.271771,-5.876216],[-36.272739,-5.876455],[-36.268865,-5.869864],[-36.268919,-5.869168],[-36.269673,-5.869243],[-36.269761,-5.868288],[-36.268043,-5.864705],[-36.268329,-5.862723],[-36.269108,-5.862559],[-36.27054,-5.863112],[-36.270754,-5.862559],[-36.269548,-5.861416],[-36.266344,-5.860235],[-36.265967,-5.859255],[-36.266444,-5.857547],[-36.266143,-5.856943],[-36.265125,-5.85678],[-36.263417,-5.85575],[-36.262663,-5.858024],[-36.263618,-5.860248],[-36.264799,-5.86124],[-36.264095,-5.862786]]]}},{"type":"Feature","id":5,"properties":{"sigla":"Q2a","unidade":"Depósitos aluvionares","era":"Cenozóico","periodo":"Neogeno","litotipo_principal":"Areia, Areia arcoseana","litotipo_secundario":"Silte, Cascalho, Argila, Conglomerado polimítico","grupo":"Depósitos aluvionares","fonte":"Folhas João Câmara, Lajes, Natal, Santa Cruz, São José do MIpibu, São José do Campestre - GEOSBG/CPRM (2014)"},"geometry":{"type":"Polygon","coordinates":[[[-36.16555,-5.935692],[-36.156812,-5.93566],[-36.153133,-5.936974],[-36.150329,-5.939076],[-36.146212,-5.943456],[-36.142778,-5.950072],[-36.142576,-5.952975],[-36.14317,-5.954807],[-36.143016,-5.955485],[-36.138285,-5.95863],[-36.137143,-5.958601],[-36.133907,-5.957488],[-36.13271,-5.957588],[-36.131111,-5.95676],[-36.129822,-5.956831],[-36.128208,-5.957559],[-36.126053,-5.957245],[-36.123354,-5.958516],[-36.122131,-5.95843],[-36.118019,-5.956189],[-36.118519,-5.95449],[-36.118348,-5.95389],[-36.116416,-5.954618],[-36.111497,-5.955403],[-36.110353,-5.954932],[-36.109939,-5.953904],[-36.10942,-5.953733],[-36.108678,-5.954547],[-36.108849,-5.958359],[-36.108135,-5.961828],[-36.106622,-5.962799],[-36.103195,-5.963784],[-36.100497,-5.965825],[-36.096912,-5.965564],[-36.093855,-5.965805],[-36.08994,-5.966892],[-36.087077,-5.968281],[-36.082512,-5.969264],[-36.079474,-5.969264],[-36.076337,-5.968058],[-36.073502,-5.968138],[-36.070526,-5.970069],[-36.066503,-5.97385],[-36.062281,-5.976171],[-36.060306,-5.976766],[-36.050789,-5.977171],[-36.046625,-5.976219],[-36.04396,-5.974791],[-36.041295,-5.97215],[-36.041532,-5.966392],[-36.040842,-5.964298],[-36.039558,-5.962942],[-36.034703,-5.962799],[-36.031586,-5.963513],[-36.029136,-5.964798],[-36.022021,-5.96989],[-36.019339,-5.971011],[-36.015858,-5.971508],[-36.013146,-5.971032],[-36.009338,-5.967724],[-36.003818,-5.966487],[-36.001677,-5.964988],[-36.0,-5.962942],[-36.0,-5.965509],[-36.00151,-5.967724],[-36.00239,-5.968295],[-36.005127,-5.968533],[-36.008625,-5.970056],[-36.009909,-5.970865],[-36.011337,-5.973221],[-36.012646,-5.973959],[-36.014216,-5.974078],[-36.021831,-5.97334],[-36.030444,-5.966487],[-36.034932,-5.96465],[-36.037716,-5.964936],[-36.038572,-5.965911],[-36.038739,-5.966697],[-36.038358,-5.972003],[-36.039786,-5.975263],[-36.044797,-5.978109],[-36.049463,-5.979798],[-36.058892,-5.980458],[-36.063913,-5.978519],[-36.0654,-5.979661],[-36.068736,-5.980213],[-36.069878,-5.981355],[-36.070259,-5.984698],[-36.070894,-5.984258],[-36.07086,-5.981696],[-36.077222,-5.984645],[-36.078658,-5.988925],[-36.079444,-5.989953],[-36.079517,-5.993248],[-36.080011,-5.993899],[-36.081717,-5.994517],[-36.08327,-5.993108],[-36.083927,-5.989996],[-36.078911,-5.983278],[-36.076498,-5.981508],[-36.072163,-5.977318],[-36.067837,-5.977675],[-36.06638,-5.976976],[-36.066066,-5.976247],[-36.072919,-5.971622],[-36.074799,-5.97155],[-36.077283,-5.972678],[-36.08454,-5.972364],[-36.086611,-5.970679],[-36.090808,-5.968352],[-36.094347,-5.967425],[-36.098021,-5.96851],[-36.099972,-5.970366],[-36.100686,-5.971888],[-36.100567,-5.975743],[-36.101709,-5.981906],[-36.10109,-5.983857],[-36.102256,-5.985594],[-36.102685,-5.987069],[-36.102589,-5.988164],[-36.10109,-5.990068],[-36.100948,-5.991424],[-36.101424,-5.991852],[-36.102874,-5.990603],[-36.103727,-5.99052],[-36.106759,-5.992922],[-36.10752,-5.992994],[-36.107853,-5.992327],[-36.104091,-5.986544],[-36.103863,-5.985155],[-36.104148,-5.983537],[-36.103544,-5.98156],[-36.10392,-5.980339],[-36.103368,-5.97912],[-36.103635,-5.978245],[-36.106452,-5.97813],[-36.108717,-5.977179],[-36.110449,-5.975732],[-36.112372,-5.975294],[-36.117873,-5.975446],[-36.122423,-5.972287],[-36.124288,-5.971906],[-36.125982,-5.97242],[-36.128666,-5.974628],[-36.130457,-5.978113],[-36.133597,-5.982585],[-36.136966,-5.984584],[-36.140564,-5.984679],[-36.141972,-5.985497],[-36.142696,-5.987211],[-36.141739,-5.99018],[-36.141771,-5.991579],[-36.142199,-5.991989],[-36.142982,-5.991802],[-36.145087,-5.98936],[-36.145228,-5.988315],[-36.144314,-5.984679],[-36.144504,-5.983784],[-36.145075,-5.983403],[-36.146065,-5.983156],[-36.148425,-5.983537],[-36.153679,-5.986164],[-36.15583,-5.986525],[-36.157011,-5.986164],[-36.158613,-5.983744],[-36.160932,-5.981538],[-36.161831,-5.98109],[-36.163121,-5.981081],[-36.16588,-5.982426],[-36.169071,-5.982377],[-36.170278,-5.983825],[-36.171404,-5.988491],[-36.173304,-5.992705],[-36.177626,-5.993683],[-36.181698,-5.99638],[-36.182329,-5.996284],[-36.18246,-5.995761],[-36.180984,-5.993703],[-36.181175,-5.991751],[-36.183699,-5.988668],[-36.186417,-5.98823],[-36.190451,-5.988843],[-36.192086,-5.98985],[-36.195098,-5.990334],[-36.200126,-5.992693],[-36.200507,-5.992502],[-36.200545,-5.991627],[-36.201878,-5.991931],[-36.202525,-5.991037],[-36.20571,-5.990922],[-36.207208,-5.989266],[-36.207708,-5.989242],[-36.210272,-5.991532],[-36.211295,-5.993599],[-36.211842,-5.993968],[-36.212544,-5.99398],[-36.213151,-5.992088],[-36.21532,-5.991983],[-36.218874,-5.997561],[-36.219064,-5.997251],[-36.217561,-5.994663],[-36.216518,-5.991257],[-36.216889,-5.990658],[-36.217929,-5.99073],[-36.220259,-5.992488],[-36.220716,-5.994335],[-36.221878,-5.993856],[-36.224028,-5.995648],[-36.223952,-5.997495],[-36.224409,-5.998523],[-36.224923,-5.998846],[-36.225578,-5.998354],[-36.225864,-5.996391],[-36.227541,-5.995106],[-36.227613,-5.99375],[-36.22904,-5.992822],[-36.228944,-5.990347],[-36.229346,-5.98927],[-36.228251,-5.988116],[-36.228144,-5.987485],[-36.230773,-5.986439],[-36.231356,-5.985582],[-36.230262,-5.985273],[-36.228394,-5.986117],[-36.226716,-5.986129],[-36.225705,-5.984761],[-36.222231,-5.982672],[-36.222041,-5.982101],[-36.222326,-5.981587],[-36.223757,-5.98104],[-36.231635,-5.980292],[-36.230911,-5.978808],[-36.229465,-5.977475],[-36.229484,-5.975077],[-36.230131,-5.971726],[-36.228932,-5.967767],[-36.228189,-5.967405],[-36.22758,-5.96948],[-36.228589,-5.972507],[-36.228532,-5.973401],[-36.228265,-5.974201],[-36.226457,-5.976124],[-36.221584,-5.975457],[-36.220956,-5.974905],[-36.218671,-5.974772],[-36.218538,-5.97422],[-36.219338,-5.972849],[-36.218995,-5.970984],[-36.218043,-5.970565],[-36.214651,-5.970518],[-36.213817,-5.970013],[-36.214842,-5.966931],[-36.214118,-5.96457],[-36.20915,-5.961372],[-36.208141,-5.959335],[-36.206771,-5.957984],[-36.206485,-5.956804],[-36.203447,-5.955874],[-36.201269,-5.952574],[-36.201192,-5.953556],[-36.204211,-5.962184],[-36.203582,-5.962888],[-36.201964,-5.963631],[-36.20185,-5.964183],[-36.204753,-5.96417],[-36.205705,-5.96457],[-36.207217,-5.968588],[-36.210093,-5.972463],[-36.213614,-5.980387],[-36.214661,-5.981267],[-36.216089,-5.985336],[-36.215773,-5.987064],[-36.214789,-5.987924],[-36.211806,-5.98791],[-36.209593,-5.987139],[-36.208379,-5.985682],[-36.207384,-5.985581],[-36.206671,-5.986497],[-36.203603,-5.988054],[-36.200026,-5.988153],[-36.19889,-5.989495],[-36.198046,-5.98959],[-36.196665,-5.989066],[-36.195845,-5.987246],[-36.195321,-5.987222],[-36.194048,-5.98815],[-36.192716,-5.988055],[-36.190975,-5.986931],[-36.190158,-5.985783],[-36.189051,-5.986663],[-36.185173,-5.986687],[-36.183031,-5.987413],[-36.181461,-5.988579],[-36.179545,-5.991874],[-36.17832,-5.992207],[-36.174786,-5.990506],[-36.173977,-5.989661],[-36.171852,-5.981816],[-36.168483,-5.980603],[-36.167826,-5.979518],[-36.166684,-5.979004],[-36.164985,-5.97956],[-36.162801,-5.979089],[-36.16163,-5.979289],[-36.15906,-5.980917],[-36.155391,-5.984172],[-36.153832,-5.984603],[-36.147439,-5.981245],[-36.138824,-5.981814],[-36.136189,-5.981117],[-36.134861,-5.980346],[-36.133458,-5.978716],[-36.130036,-5.971851],[-36.129079,-5.971223],[-36.126881,-5.970966],[-36.124768,-5.969995],[-36.123012,-5.970295],[-36.117191,-5.973835],[-36.111938,-5.973131],[-36.109331,-5.973638],[-36.106446,-5.974997],[-36.103524,-5.975187],[-36.102686,-5.974797],[-36.103096,-5.971113],[-36.102134,-5.968677],[-36.105656,-5.967078],[-36.106255,-5.96507],[-36.10912,-5.963708],[-36.110794,-5.960459],[-36.113177,-5.958721],[-36.1146,-5.958745],[-36.120002,-5.961327],[-36.123385,-5.961481],[-36.12475,-5.962115],[-36.126434,-5.961939],[-36.131404,-5.960184],[-36.132229,-5.960451],[-36.132475,-5.961327],[-36.13345,-5.961231],[-36.133902,-5.961981],[-36.134949,-5.962064],[-36.136199,-5.962968],[-36.1374,-5.961731],[-36.140127,-5.960843],[-36.141184,-5.95923],[-36.143553,-5.957873],[-36.144053,-5.95696],[-36.143361,-5.951725],[-36.14665,-5.945471],[-36.148753,-5.94293],[-36.154877,-5.938008],[-36.158232,-5.93689],[-36.161171,-5.937032],[-36.162066,-5.938814],[-36.163094,-5.939366],[-36.167339,-5.939766],[-36.170765,-5.941022],[-36.172421,-5.941003],[-36.17463,-5.942545],[-36.176438,-5.941212],[-36.17739,-5.942906],[-36.178322,-5.942564],[-36.177789,-5.939956],[-36.178779,-5.938452],[-36.178513,-5.93809],[-36.176286,-5.937672],[-36.175277,-5.936149],[-36.174553,-5.936491],[-36.174268,-5.938395],[-36.173011,-5.938642],[-36.171869,-5.938395],[-36.171165,-5.937595],[-36.169623,-5.93691],[-36.168119,-5.937862],[-36.16555,-5.935692]]]}},{"type":"Feature","id":6,"properties":{"sigla":"Q2a","unidade":"Depósitos aluvionares","era":"Cenozóico","periodo":"Neogeno","litotipo_principal":"Areia, Areia arcoseana","litotipo_secundario":"Silte, Cascalho, Argila, Conglomerado polimítico","grupo":"Depósitos aluvionares","fonte":"Folhas João Câmara, Lajes, Natal, Santa Cruz, São José do MIpibu, São José do Campestre - GEOSBG/CPRM (2014)"},"geometry":{"type":"Polygon","coordinates":[[[-36.116374,-5.920636],[-36.117618,-5.922191],[-36.118006,-5.923901],[-36.119092,-5.925786],[-36.119035,-5.92729],[-36.119644,-5.929498],[-36.117169,-5.931573],[-36.114047,-5.932239],[-36.112429,-5.933724],[-36.111668,-5.93342],[-36.111078,-5.931154],[-36.110427,-5.931003],[-36.109441,-5.931478],[-36.108889,-5.933172],[-36.109878,-5.935514],[-36.109783,-5.936408],[-36.107708,-5.93953],[-36.107874,-5.940136],[-36.111573,-5.936408],[-36.114295,-5.936732],[-36.115951,-5.934219],[-36.11715,-5.934238],[-36.118387,-5.934942],[-36.119415,-5.934809],[-36.1205,-5.933496],[-36.122378,-5.932894],[-36.123369,-5.931634],[-36.12623,-5.931497],[-36.126744,-5.930697],[-36.126192,-5.928394],[-36.12679,-5.927166],[-36.125887,-5.927252],[-36.124574,-5.928527],[-36.123679,-5.928489],[-36.123032,-5.927975],[-36.12071,-5.924106],[-36.119829,-5.919681],[-36.118973,-5.918538],[-36.116498,-5.917206],[-36.115927,-5.916421],[-36.115903,-5.915493],[-36.116974,-5.914565],[-36.117212,-5.913613],[-36.114975,-5.908432],[-36.114353,-5.907655],[-36.113731,-5.907655],[-36.11342,-5.908588],[-36.112876,-5.908665],[-36.112332,-5.908121],[-36.111943,-5.906023],[-36.111244,-5.905634],[-36.110389,-5.9061],[-36.108367,-5.905556],[-36.106346,-5.903224],[-36.10658,-5.901359],[-36.10487,-5.898716],[-36.103004,-5.898016],[-36.102849,-5.89685],[-36.101313,-5.896928],[-36.101779,-5.90027],[-36.102945,-5.901048],[-36.105977,-5.90509],[-36.106987,-5.907655],[-36.110019,-5.909909],[-36.112817,-5.915506],[-36.116004,-5.919237],[-36.116374,-5.920636]]]}},{"type":"Feature","id":7,"properties":{"sigla":"Q2a","unidade":"Depósitos aluvionares","era":"Cenozóico","periodo":"Neogeno","litotipo_principal":"Areia, Areia arcoseana","litotipo_secundario":"Silte, Cascalho, Argila, Conglomerado polimítico","grupo":"Depósitos aluvionares","fonte":"Folhas João Câmara, Lajes, Natal, Santa Cruz, São José do MIpibu, São José do Campestre - GEOSBG/CPRM (2014)"},"geometry":{"type":"Polygon","coordinates":[[[-36.096792,-5.927972],[-36.09663,-5.923713],[-36.09496,-5.922809],[-36.094817,-5.922357],[-36.095531,-5.919668],[-36.097387,-5.917836],[-36.097815,-5.916812],[-36.095751,-5.914303],[-36.094993,-5.911401],[-36.095545,-5.910335],[-36.098058,-5.908584],[-36.098305,-5.906604],[-36.097013,-5.90431],[-36.096173,-5.903882],[-36.093984,-5.904244],[-36.091956,-5.90529],[-36.090577,-5.904986],[-36.090063,-5.904282],[-36.090044,-5.898457],[-36.090882,-5.897144],[-36.092804,-5.896344],[-36.092861,-5.894936],[-36.09151,-5.892385],[-36.089359,-5.892175],[-36.088464,-5.890291],[-36.088673,-5.888806],[-36.091015,-5.888483],[-36.091338,-5.88774],[-36.089987,-5.886941],[-36.089549,-5.885665],[-36.088045,-5.88498],[-36.08736,-5.882962],[-36.085989,-5.882848],[-36.085532,-5.883286],[-36.085513,-5.884276],[-36.086789,-5.887226],[-36.085285,-5.888216],[-36.085019,-5.889453],[-36.08736,-5.895202],[-36.085266,-5.89703],[-36.085323,-5.897753],[-36.086541,-5.899295],[-36.086732,-5.900703],[-36.084619,-5.904815],[-36.086427,-5.906928],[-36.087931,-5.911934],[-36.090158,-5.912353],[-36.092328,-5.911363],[-36.093128,-5.911421],[-36.094346,-5.913381],[-36.094879,-5.915608],[-36.094679,-5.91636],[-36.093918,-5.916908],[-36.090692,-5.917359],[-36.088702,-5.91686],[-36.087507,-5.915228],[-36.086465,-5.915627],[-36.086484,-5.916636],[-36.087208,-5.917626],[-36.090872,-5.920072],[-36.090943,-5.921238],[-36.090467,-5.92238],[-36.087422,-5.922809],[-36.087279,-5.923713],[-36.08785,-5.924784],[-36.087921,-5.925997],[-36.087274,-5.926164],[-36.084847,-5.92514],[-36.081183,-5.924403],[-36.080379,-5.924712],[-36.081164,-5.925854],[-36.084067,-5.926973],[-36.08442,-5.927442],[-36.084685,-5.929971],[-36.086684,-5.931517],[-36.087446,-5.934111],[-36.087327,-5.938013],[-36.087707,-5.939108],[-36.088635,-5.940131],[-36.090872,-5.940298],[-36.093275,-5.942915],[-36.093604,-5.941583],[-36.092152,-5.93868],[-36.091605,-5.93837],[-36.089676,-5.938679],[-36.089321,-5.938299],[-36.089059,-5.936681],[-36.089725,-5.934016],[-36.089106,-5.932445],[-36.089304,-5.930153],[-36.090153,-5.928305],[-36.091467,-5.928115],[-36.095364,-5.92871],[-36.096792,-5.927972]]]}},{"type":"Feature","id":8,"properties":{"sigla":"Q2a","unidade":"Depósitos aluvionares","era":"Cenozóico","periodo":"Neogeno","litotipo_principal":"Areia, Areia arcoseana","litotipo_secundario":"Silte, Cascalho, Argila, Conglomerado polimítico","grupo":"Depósitos aluvionares","fonte":"Folhas João Câmara, Lajes, Natal, Santa Cruz, São José do MIpibu, São José do Campestre - GEOSBG/CPRM (2014)"},"geometry":{"type":"Polygon","coordinates":[[[-36.027994,-5.859461],[-36.025329,-5.858152],[-36.024306,-5.857224],[-36.023426,-5.857224],[-36.023592,-5.857985],[-36.026019,-5.860079],[-36.026923,-5.861507],[-36.027399,-5.863553],[-36.027257,-5.865338],[-36.02571,-5.864577],[-36.019975,-5.859294],[-36.017846,-5.857926],[-36.016897,-5.858085],[-36.026496,-5.867236],[-36.027567,-5.86983],[-36.027733,-5.871781],[-36.028281,-5.871924],[-36.028994,-5.871257],[-36.029922,-5.871234],[-36.031421,-5.872947],[-36.031445,-5.87397],[-36.030517,-5.875421],[-36.030589,-5.876397],[-36.031421,-5.878229],[-36.033506,-5.879725],[-36.03392,-5.881251],[-36.03204,-5.887747],[-36.032777,-5.893868],[-36.034395,-5.89758],[-36.03518,-5.898294],[-36.035299,-5.897675],[-36.034395,-5.895438],[-36.034252,-5.891536],[-36.033229,-5.888038],[-36.033253,-5.886777],[-36.034514,-5.884635],[-36.036965,-5.882946],[-36.039463,-5.882399],[-36.040344,-5.881495],[-36.042933,-5.880705],[-36.043657,-5.880072],[-36.044056,-5.878592],[-36.048672,-5.878187],[-36.053692,-5.876069],[-36.054787,-5.873309],[-36.059094,-5.875689],[-36.057285,-5.872429],[-36.057309,-5.871287],[-36.058094,-5.870549],[-36.059944,-5.87048],[-36.061188,-5.872334],[-36.062354,-5.872548],[-36.065542,-5.871858],[-36.066922,-5.870311],[-36.066875,-5.869264],[-36.06647,-5.868955],[-36.06528,-5.869859],[-36.063853,-5.869335],[-36.062901,-5.866575],[-36.061759,-5.86579],[-36.061211,-5.86165],[-36.060617,-5.861031],[-36.059356,-5.864124],[-36.057285,-5.864386],[-36.056405,-5.868122],[-36.05493,-5.868979],[-36.053339,-5.871566],[-36.051813,-5.872881],[-36.051075,-5.87319],[-36.049671,-5.873024],[-36.048981,-5.87419],[-36.047958,-5.874356],[-36.04684,-5.871477],[-36.045769,-5.870954],[-36.045578,-5.871334],[-36.046863,-5.874285],[-36.046364,-5.875617],[-36.043199,-5.876046],[-36.041391,-5.877473],[-36.040724,-5.877568],[-36.03963,-5.877354],[-36.039344,-5.87557],[-36.038797,-5.875284],[-36.035561,-5.876902],[-36.033586,-5.877045],[-36.033205,-5.876117],[-36.033348,-5.871144],[-36.03261,-5.869788],[-36.029803,-5.867836],[-36.029065,-5.866623],[-36.02866,-5.861269],[-36.031278,-5.857533],[-36.031611,-5.855558],[-36.031611,-5.854559],[-36.029136,-5.850776],[-36.028779,-5.852441],[-36.029612,-5.856701],[-36.02897,-5.858533],[-36.027994,-5.859461]]]}},{"type":"Feature","id":9,"properties":{"sigla":"ENsm","unidade":"Serra dos Martins","era":"Cenozóico","periodo":"Paleogeno","litotipo_secundario":"Arenito, Arenito conglomerático, Arenito síltico-argiloso, Laterita","grupo":"Formação Serra dos Martins","fonte":"Folhas João Câmara, Lajes, Natal, Santa Cruz, São José do MIpibu, São José do Campestre - GEOSBG/CPRM (2014)"},"geometry":{"type":"Polygon","coordinates":[[[-36.361801,-5.915183],[-36.357614,-5.911827],[-36.354754,-5.910558],[-36.349555,-5.911699],[-36.348565,-5.91283],[-36.34805,-5.914322],[-36.348372,-5.915668],[-36.349504,-5.916301],[-36.357583,-5.918283],[-36.361334,-5.920452],[-36.3627,-5.920006],[-36.361788,-5.917849],[-36.361801,-5.915183]]]}},{"type":"Feature","id":10,"properties":{"sigla":"ENsm","unidade":"Serra dos Martins","era":"Cenozóico","periodo":"Paleogeno","litotipo_secundario":"Arenito, Arenito conglomerático, Arenito síltico-argiloso, Laterita","grupo":"Formação Serra dos Martins","fonte":"Folhas João Câmara, Lajes, Natal, Santa Cruz, São José do MIpibu, São José do Campestre - GEOSBG/CPRM (2014)"},"geometry":{"type":"Polygon","coordinates":[[[-36.379488,-5.936081],[-36.379375,-5.933202],[-36.38013,-5.932482],[-36.380855,-5.930472],[-36.382283,-5.930097],[-36.382043,-5.929396],[-36.382445,-5.928206],[-36.381587,-5.927356],[-36.379169,-5.927551],[-36.378606,-5.926966],[-36.378533,-5.925997],[-36.37536,-5.926299],[-36.374999,-5.927855],[-36.377363,-5.931121],[-36.376426,-5.934938],[-36.376324,-5.936495],[-36.376673,-5.937463],[-36.37726,-5.93782],[-36.378181,-5.937494],[-36.379488,-5.936081]]]}},{"type":"Feature","id":11,"properties":{"sigla":"ENsm","unidade":"Serra dos Martins","era":"Cenozóico","periodo":"Paleogeno","litotipo_secundario":"Arenito, Arenito conglomerático, Arenito síltico-argiloso, Laterita","grupo":"Formação Serra dos Martins","fonte":"Folhas João Câmara, Lajes, Natal, Santa Cruz, São José do MIpibu, São José do Campestre - GEOSBG/CPRM (2014)"},"geometry":{"type":"Polygon","coordinates":[[[-36.377712,-5.959474],[-36.377118,-5.958194],[-36.377953,-5.957305],[-36.378102,-5.955964],[-36.377762,-5.955328],[-36.37448,-5.955273],[-36.37199,-5.954473],[-36.370395,-5.955764],[-36.370185,-5.957272],[-36.371567,-5.960425],[-36.371862,-5.962798],[-36.372318,-5.963145],[-36.373618,-5.963113],[-36.374939,-5.96243],[-36.377567,-5.960167],[-36.377712,-5.959474]]]}},{"type":"Feature","id":12,"properties":{"sigla":"NP3_gamma_3di","unidade":"Dona Inês","era":"Neoproterozóico","periodo":"Ediacarano","litotipo_secundario":"Sienogranito, Monzogranito, Leucogranito, Biotita leucogranito","grupo":"Suíte Intrusiva Dona Inês","fonte":"Folhas João Câmara, Lajes, Natal, Santa Cruz, São José do MIpibu, São José do Campestre - GEOSBG/CPRM (2014)"},"geometry":{"type":"Polygon","coordinates":[[[-36.00833,-5.853593],[-36.011268,-5.853274],[-36.013473,-5.851541],[-36.014341,-5.849873],[-36.014834,-5.844575],[-36.012919,-5.836637],[-36.010802,-5.835239],[-36.007939,-5.83489],[-36.006386,-5.835192],[-36.004298,-5.837452],[-36.002918,-5.84103],[-36.002792,-5.842368],[-36.003062,-5.846806],[-36.004661,-5.851499],[-36.005419,-5.852531],[-36.00833,-5.853593]]]}},{"type":"Feature","id":13,"properties":{"sigla":"NP3_gamma_i","unidade":"Granitóides indiscriminados brasilianos","era":"Neoproterozóico","periodo":"Ediacarano","litotipo_secundario":"Biotita granito, Tonalito, Sienogranito, Granito pórfiro, Granodiorito, Quartzo monzonito, Quartzo diorito, Monzogranito, Metagranito","grupo":"Granitóides indiscriminados brasilianos","fonte":"Folhas João Câmara, Lajes, Natal, Santa Cruz, São José do MIpibu, São José do Campestre - GEOSBG/CPRM (2014)"},"geometry":{"type":"Polygon","coordinates":[[[-36.05222,-5.890266],[-36.05444,-5.890278],[-36.056452,-5.888998],[-36.057605,-5.887569],[-36.058082,-5.885492],[-36.05752,-5.88341],[-36.056487,-5.882364],[-36.054452,-5.881242],[-36.052591,-5.880945],[-36.050942,-5.881439],[-36.050041,-5.882402],[-36.04899,-5.884871],[-36.049054,-5.886233],[-36.050294,-5.888893],[-36.05222,-5.890266]]]}},{"type":"Feature","id":14,"properties":{"sigla":"NP3sjuq","unidade":"Jucurutu, quartzitos","era":"Neoproterozóico","periodo":"Ediacarano","litotipo_principal":"Quartzito","grupo":"Formação Jucurutu","fonte":"Folhas João Câmara, Lajes, Natal, Santa Cruz, São José do MIpibu, São José do Campestre - GEOSBG/CPRM (2014)"},"geometry":{"type":"Polygon","coordinates":[[[-36.313848,-5.877322],[-36.311179,-5.880003],[-36.309987,-5.882077],[-36.308591,-5.889422],[-36.308665,-5.895459],[-36.311501,-5.918347],[-36.313303,-5.928547],[-36.313671,-5.92929],[-36.314925,-5.929173],[-36.315893,-5.929738],[-36.31576,-5.92163],[-36.313665,-5.905571],[-36.313658,-5.900908],[-36.312889,-5.893074],[-36.314551,-5.888958],[-36.315753,-5.88732],[-36.317696,-5.886612],[-36.319366,-5.886919],[-36.324128,-5.889721],[-36.327652,-5.893166],[-36.329469,-5.895193],[-36.333532,-5.901831],[-36.337776,-5.907181],[-36.341205,-5.912436],[-36.342133,-5.911511],[-36.342523,-5.908576],[-36.341569,-5.905488],[-36.340762,-5.905615],[-36.33514,-5.902402],[-36.333058,-5.89919],[-36.332225,-5.895799],[-36.333058,-5.894134],[-36.333033,-5.893064],[-36.331518,-5.890403],[-36.332043,-5.889675],[-36.328146,-5.883127],[-36.325969,-5.881555],[-36.322591,-5.877603],[-36.319347,-5.875764],[-36.317232,-5.875336],[-36.318015,-5.875689],[-36.318144,-5.877316],[-36.314906,-5.876885],[-36.313848,-5.877322]]]}},{"type":"Feature","id":15,"properties":{"sigla":"NP3sju","unidade":"Jucurutu","era":"Neoproterozóico","periodo":"Ediacarano","litotipo_secundario":"Biotita gnaisse, Biotita xisto, Xisto, Gnaisse, Mármore, Rocha calcissilicática, Muscovita quartzito","grupo":"Formação Jucurutu","fonte":"Folhas João Câmara, Lajes, Natal, Santa Cruz, São José do MIpibu, São José do Campestre - GEOSBG/CPRM (2014)"},"geometry":{"type":"Polygon","coordinates":[[[-36.31576,-5.92163],[-36.316053,-5.933454],[-36.315644,-5.934661],[-36.314039,-5.936405],[-36.315998,-5.937564],[-36.317563,-5.939058],[-36.319226,-5.93717],[-36.320379,-5.934319],[-36.321325,-5.926343],[-36.321002,-5.924046],[-36.319093,-5.919526],[-36.316873,-5.904497],[-36.316721,-5.898782],[-36.317149,-5.896644],[-36.318233,-5.894336],[-36.319313,-5.893115],[-36.321196,-5.892586],[-36.324625,-5.89338],[-36.3265,-5.894495],[-36.329588,-5.897827],[-36.33345,-5.904531],[-36.337801,-5.910738],[-36.338325,-5.913135],[-36.337964,-5.915733],[-36.341205,-5.912436],[-36.337776,-5.907181],[-36.333532,-5.901831],[-36.329469,-5.895193],[-36.324128,-5.889721],[-36.318502,-5.886616],[-36.316261,-5.886994],[-36.315033,-5.888034],[-36.312889,-5.893074],[-36.313658,-5.900908],[-36.313665,-5.905571],[-36.31576,-5.92163]]]}},{"type":"Feature","id":16,"properties":{"sigla":"NP3_gamma_i","unidade":"Granitóides indiscriminados brasilianos","era":"Neoproterozóico","periodo":"Ediacarano","litotipo_secundario":"Biotita granito, Tonalito, Sienogranito, Granito pórfiro, Granodiorito, Quartzo monzonito, Quartzo diorito, Monzogranito, Metagranito","grupo":"Granitóides indiscriminados brasilianos","fonte":"Folhas João Câmara, Lajes, Natal, Santa Cruz, São José do MIpibu, São José do Campestre - GEOSBG/CPRM (2014)"},"geometry":{"type":"Polygon","coordinates":[[[-36.311663,-5.93286],[-36.312719,-5.931794],[-36.312956,-5.930151],[-36.312588,-5.927261],[-36.312075,-5.926722],[-36.311558,-5.926816],[-36.311365,-5.927331],[-36.311003,-5.931117],[-36.311168,-5.932495],[-36.311663,-5.93286]]]}},{"type":"Feature","id":17,"properties":{"sigla":"NP3sju","unidade":"Jucurutu","era":"Neoproterozóico","periodo":"Ediacarano","litotipo_secundario":"Biotita gnaisse, Biotita xisto, Xisto, Gnaisse, Mármore, Rocha calcissilicática, Muscovita quartzito","grupo":"Formação Jucurutu","fonte":"Folhas João Câmara, Lajes, Natal, Santa Cruz, São José do MIpibu, São José do Campestre - GEOSBG/CPRM (2014)"},"geometry":{"type":"Polygon","coordinates":[[[-36.094939,-5.921335],[-36.095093,-5.922891],[-36.096055,-5.9232],[-36.09595,-5.922374],[-36.096406,-5.921922],[-36.098188,-5.923581],[-36.099275,-5.925714],[-36.099365,-5.926766],[-36.098646,-5.927217],[-36.098122,-5.926951],[-36.096944,-5.925253],[-36.096992,-5.92682],[-36.09813,-5.928245],[-36.099288,-5.928215],[-36.100061,-5.926593],[-36.099982,-5.925475],[-36.099203,-5.923821],[-36.096554,-5.920924],[-36.095361,-5.920632],[-36.094939,-5.921335]]]}},{"type":"Feature","id":18,"properties":{"sigla":"NP3sjum","unidade":"Jucurutu, mármore","era":"Neoproterozóico","periodo":"Ediacarano","litotipo_principal":"Mármore","litotipo_secundario":"Rocha calcissilicática","grupo":"Formação Jucurutu","fonte":"Folhas João Câmara, Lajes, Natal, Santa Cruz, São José do MIpibu, São José do Campestre - GEOSBG/CPRM (2014)"},"geometry":{"type":"Polygon","coordinates":[[[-36.09595,-5.922374],[-36.097648,-5.926447],[-36.098646,-5.927217],[-36.099053,-5.927076],[-36.099416,-5.926217],[-36.098188,-5.923581],[-36.096406,-5.921922],[-36.09595,-5.922374]]]}},{"type":"Feature","id":19,"properties":{"sigla":"A34sc1","unidade":"Serra Caiada, migmatito","era":"Mesoarqueano","litotipo_secundario":"Anfibolito, Migmatito","grupo":"Complexo Serra Caiada","fonte":"Folhas João Câmara, Lajes, Natal, Santa Cruz, São José do MIpibu, São José do Campestre - GEOSBG/CPRM (2014)"},"geometry":{"type":"Polygon","coordinates":[[[-35.847426,-5.728577],[-35.846739,-5.728405],[-35.846424,-5.72755],[-35.841809,-5.729532],[-35.835866,-5.729435],[-35.832361,-5.728305],[-35.831866,-5.729148],[-35.836774,-5.739228],[-35.847803,-5.765395],[-35.857534,-5.795021],[-35.862075,-5.809726],[-35.86372,-5.820816],[-35.864478,-5.832119],[-35.874489,-5.840212],[-35.878979,-5.84597],[-35.8819,-5.852786],[-35.884033,-5.859606],[-35.885387,-5.867744],[-35.886031,-5.890861],[-35.88735,-5.899301],[-35.891558,-5.905743],[-35.894614,-5.912045],[-35.902716,-5.923571],[-35.908851,-5.935772],[-35.911192,-5.938646],[-35.915942,-5.94301],[-35.921607,-5.949076],[-35.930322,-5.957022],[-35.937686,-5.962736],[-35.952632,-5.977541],[-35.981291,-6.001271],[-35.999994,-6.018566],[-36.0,-6.010353],[-36.005559,-6.013581],[-36.019473,-6.026667],[-36.021245,-6.027404],[-36.022601,-6.027449],[-36.026733,-6.026363],[-36.027434,-6.0239],[-36.02623,-6.020413],[-36.007361,-6.0],[-35.999998,-5.996785],[-35.997409,-5.989366],[-35.97109,-5.958866],[-35.967032,-5.953141],[-35.961403,-5.947414],[-35.949191,-5.936937],[-35.931346,-5.924306],[-35.92562,-5.916358],[-35.922136,-5.909776],[-35.920016,-5.904152],[-35.918704,-5.897892],[-35.917857,-5.88792],[-35.915325,-5.8815],[-35.91279,-5.871594],[-35.907665,-5.857876],[-35.902629,-5.847768],[-35.90048,-5.840213],[-35.896205,-5.833041],[-35.893483,-5.821351],[-35.88716,-5.816322],[-35.879019,-5.805909],[-35.876564,-5.798373],[-35.875266,-5.788425],[-35.874401,-5.784533],[-35.87332,-5.78064],[-35.870941,-5.776748],[-35.873104,-5.777829],[-35.877429,-5.779127],[-35.886755,-5.783572],[-35.883948,-5.778759],[-35.875971,-5.768134],[-35.866314,-5.751787],[-35.858666,-5.740209],[-35.856327,-5.734597],[-35.853978,-5.723945],[-35.852868,-5.724042],[-35.849489,-5.727026],[-35.848013,-5.727278],[-35.847426,-5.728577]],[[-35.855372,-5.77705],[-35.857895,-5.78111],[-35.858378,-5.783927],[-35.857911,-5.784243],[-35.856025,-5.782373],[-35.853807,-5.776745],[-35.854431,-5.776429],[-35.855372,-5.77705]],[[-35.866358,-5.797737],[-35.865066,-5.79717],[-35.862606,-5.792162],[-35.862311,-5.790586],[-35.862738,-5.79001],[-35.863312,-5.790151],[-35.866496,-5.796876],[-35.866358,-5.797737]],[[-35.868686,-5.809417],[-35.867972,-5.808804],[-35.866175,-5.802825],[-35.865778,-5.802661],[-35.865667,-5.801166],[-35.866036,-5.800239],[-35.866923,-5.800721],[-35.867453,-5.801666],[-35.867876,-5.804221],[-35.869179,-5.808065],[-35.869146,-5.809151],[-35.868686,-5.809417]],[[-35.870879,-5.822965],[-35.870007,-5.821975],[-35.869281,-5.818829],[-35.86852,-5.818321],[-35.868756,-5.817564],[-35.868285,-5.816005],[-35.86854,-5.815466],[-35.86921,-5.815602],[-35.869982,-5.816522],[-35.871211,-5.819079],[-35.871509,-5.821531],[-35.870879,-5.822965]],[[-35.896221,-5.859837],[-35.895453,-5.858415],[-35.895931,-5.857577],[-35.895152,-5.855107],[-35.895429,-5.853767],[-35.896122,-5.854133],[-35.897105,-5.857237],[-35.896913,-5.859212],[-35.896221,-5.859837]],[[-35.905606,-5.869545],[-35.906539,-5.866801],[-35.906265,-5.866357],[-35.907272,-5.864261],[-35.907854,-5.864091],[-35.906976,-5.868067],[-35.90632,-5.869232],[-35.905606,-5.869545]],[[-35.901673,-5.865281],[-35.90203,-5.872183],[-35.901656,-5.873309],[-35.901087,-5.872217],[-35.901258,-5.869311],[-35.900589,-5.868889],[-35.90108,-5.867903],[-35.900703,-5.86598],[-35.901076,-5.865116],[-35.901673,-5.865281]],[[-35.899951,-5.866403],[-35.900253,-5.872149],[-35.899994,-5.872847],[-35.899366,-5.873008],[-35.898945,-5.872501],[-35.89919,-5.868685],[-35.898883,-5.868188],[-35.899195,-5.867689],[-35.89886,-5.865991],[-35.899403,-5.865259],[-35.899951,-5.866403]],[[-35.894498,-5.873061],[-35.894687,-5.877227],[-35.894227,-5.882134],[-35.893327,-5.878067],[-35.893147,-5.871974],[-35.894126,-5.872081],[-35.894498,-5.873061]],[[-35.894624,-5.891705],[-35.893453,-5.889633],[-35.893395,-5.887459],[-35.892844,-5.887099],[-35.892903,-5.884514],[-35.893289,-5.884093],[-35.894125,-5.885119],[-35.89482,-5.888815],[-35.894624,-5.891705]],[[-35.909987,-5.915622],[-35.909265,-5.915301],[-35.908053,-5.912982],[-35.907192,-5.912585],[-35.907293,-5.912043],[-35.906016,-5.910286],[-35.906341,-5.909224],[-35.907211,-5.909232],[-35.908337,-5.910713],[-35.909469,-5.913286],[-35.91052,-5.914595],[-35.910399,-5.915406],[-35.909987,-5.915622]],[[-35.941757,-5.946212],[-35.940287,-5.945731],[-35.936362,-5.942419],[-35.927514,-5.933819],[-35.922568,-5.929941],[-35.921942,-5.928595],[-35.922988,-5.928634],[-35.924585,-5.929689],[-35.934673,-5.938841],[-35.940104,-5.942818],[-35.942133,-5.945265],[-35.942188,-5.945889],[-35.941757,-5.946212]],[[-35.925044,-5.936631],[-35.918512,-5.932274],[-35.916644,-5.930526],[-35.916582,-5.929931],[-35.918997,-5.930763],[-35.924686,-5.934695],[-35.925601,-5.935858],[-35.925044,-5.936631]],[[-35.96052,-5.949829],[-35.960339,-5.950065],[-35.962422,-5.952516],[-35.962207,-5.953395],[-35.957267,-5.947857],[-35.956893,-5.946497],[-35.957494,-5.946261],[-35.958143,-5.946683],[-35.96052,-5.949829]],[[-35.957014,-5.951168],[-35.957815,-5.958169],[-35.957758,-5.959085],[-35.957317,-5.959372],[-35.956553,-5.958024],[-35.956601,-5.955314],[-35.956148,-5.955127],[-35.95649,-5.953866],[-35.956193,-5.952426],[-35.956426,-5.950923],[-35.957014,-5.951168]],[[-35.944002,-5.956975],[-35.945196,-5.95998],[-35.94484,-5.96037],[-35.945395,-5.962997],[-35.944988,-5.963335],[-35.943055,-5.958142],[-35.943194,-5.956752],[-35.944002,-5.956975]],[[-35.968417,-5.970071],[-35.965162,-5.96848],[-35.963462,-5.966309],[-35.965316,-5.966551],[-35.967352,-5.967686],[-35.968842,-5.96933],[-35.968893,-5.969922],[-35.968417,-5.970071]],[[-35.968676,-5.976319],[-35.966971,-5.975433],[-35.965738,-5.973781],[-35.96473,-5.973167],[-35.964739,-5.972589],[-35.962651,-5.971197],[-35.962595,-5.970239],[-35.963813,-5.970363],[-35.966526,-5.972997],[-35.969029,-5.975653],[-35.968676,-5.976319]]]}},{"type":"Feature","id":20,"properties":{"sigla":"NP3sjucs","unidade":"Jucurutu, rochas calcissilicáticas","era":"Neoproterozóico","periodo":"Ediacarano","litotipo_principal":"Rocha calcissilicática","grupo":"Formação Jucurutu","fonte":"Folhas João Câmara, Lajes, Natal, Santa Cruz, São José do MIpibu, São José do Campestre - GEOSBG/CPRM (2014)"},"geometry":{"type":"Polygon","coordinates":[[[-36.29369,-5.947288],[-36.29405,-5.946883],[-36.293874,-5.943894],[-36.293256,-5.94315],[-36.292823,-5.943984],[-36.293049,-5.9464],[-36.29369,-5.947288]]]}},{"type":"Feature","id":21,"properties":{"sigla":"NP3se","unidade":"Equador","era":"Neoproterozóico","periodo":"Ediacarano","litotipo_principal":"Muscovita quartzito","litotipo_secundario":"Metaconglomerado","grupo":"Formação Equador","fonte":"Folhas João Câmara, Lajes, Natal, Santa Cruz, São José do MIpibu, São José do Campestre - GEOSBG/CPRM (2014)"},"geometry":{"type":"Polygon","coordinates":[[[-36.249614,-5.846506],[-36.247064,-5.846284],[-36.245493,-5.846584],[-36.247804,-5.851692],[-36.254441,-5.862584],[-36.261554,-5.87607],[-36.264266,-5.884042],[-36.266594,-5.888831],[-36.269116,-5.898396],[-36.271121,-5.903397],[-36.277775,-5.925088],[-36.279176,-5.933198],[-36.282081,-5.940246],[-36.283944,-5.945994],[-36.285111,-5.953401],[-36.286303,-5.955645],[-36.287245,-5.959602],[-36.288732,-5.959698],[-36.288938,-5.960787],[-36.28776,-5.96231],[-36.287872,-5.963055],[-36.289938,-5.970955],[-36.290213,-5.973395],[-36.291955,-5.978472],[-36.293764,-5.982238],[-36.29655,-5.986727],[-36.299969,-5.990761],[-36.304873,-5.995835],[-36.308813,-5.998953],[-36.313849,-6.004076],[-36.312391,-6.0],[-36.310416,-5.997794],[-36.304062,-5.988486],[-36.302438,-5.985134],[-36.298933,-5.983552],[-36.296553,-5.981914],[-36.294133,-5.978794],[-36.293105,-5.974055],[-36.292331,-5.962416],[-36.290501,-5.953919],[-36.288855,-5.948321],[-36.288421,-5.943456],[-36.285242,-5.931373],[-36.280777,-5.911841],[-36.27882,-5.898931],[-36.274592,-5.884498],[-36.273084,-5.881047],[-36.269602,-5.875328],[-36.268045,-5.871555],[-36.26564,-5.867886],[-36.265571,-5.866228],[-36.264879,-5.86412],[-36.264183,-5.863376],[-36.263192,-5.860557],[-36.260906,-5.850848],[-36.258128,-5.844986],[-36.252119,-5.835627],[-36.251061,-5.836223],[-36.248478,-5.83363],[-36.246222,-5.833341],[-36.245815,-5.834287],[-36.246023,-5.835429],[-36.247571,-5.836377],[-36.247579,-5.837256],[-36.248719,-5.838316],[-36.248937,-5.839661],[-36.250054,-5.84087],[-36.250422,-5.843874],[-36.251295,-5.845123],[-36.249614,-5.846506]]]}},{"type":"Feature","id":22,"properties":{"sigla":"PP2_gamma_cai","unidade":"Caicó, ortognaisse","era":"Paleoproterozóico","periodo":"Riaciano","litotipo_secundario":"Migmatito, Metagranito, Ortognaisse granodiorítico, Augen gnaisse","grupo":"Complexo Caicó","fonte":"Folhas João Câmara, Lajes, Natal, Santa Cruz, São José do MIpibu, São José do Campestre - GEOSBG/CPRM (2014)"},"geometry":{"type":"Polygon","coordinates":[[[-36.178969,-5.852836],[-36.183262,-5.861371],[-36.190556,-5.873192],[-36.194294,-5.881989],[-36.200579,-5.892367],[-36.207151,-5.905358],[-36.211374,-5.912593],[-36.210025,-5.90585],[-36.205046,-5.895857],[-36.198676,-5.880656],[-36.190368,-5.853527],[-36.185382,-5.852757],[-36.178969,-5.852836]]]}},{"type":"Feature","id":23,"properties":{"sigla":"NP3sju","unidade":"Jucurutu","era":"Neoproterozóico","periodo":"Ediacarano","litotipo_secundario":"Biotita gnaisse, Biotita xisto, Xisto, Gnaisse, Mármore, Rocha calcissilicática, Muscovita quartzito","grupo":"Formação Jucurutu","fonte":"Folhas João Câmara, Lajes, Natal, Santa Cruz, São José do MIpibu, São José do Campestre - GEOSBG/CPRM (2014)"},"geometry":{"type":"Polygon","coordinates":[[[-36.151423,-5.8809],[-36.154405,-5.886079],[-36.158436,-5.891359],[-36.167344,-5.904887],[-36.168153,-5.905417],[-36.168698,-5.905229],[-36.168278,-5.90341],[-36.164623,-5.89905],[-36.156059,-5.885222],[-36.153582,-5.882641],[-36.152161,-5.880387],[-36.151493,-5.88024],[-36.151423,-5.8809]]]}},{"type":"Feature","id":24,"properties":{"sigla":"NP3sju","unidade":"Jucurutu","era":"Neoproterozóico","periodo":"Ediacarano","litotipo_secundario":"Biotita gnaisse, Biotita xisto, Xisto, Gnaisse, Mármore, Rocha calcissilicática, Muscovita quartzito","grupo":"Formação Jucurutu","fonte":"Folhas João Câmara, Lajes, Natal, Santa Cruz, São José do MIpibu, São José do Campestre - GEOSBG/CPRM (2014)"},"geometry":{"type":"Polygon","coordinates":[[[-36.173798,-5.914129],[-36.177815,-5.923333],[-36.181084,-5.927866],[-36.182015,-5.927918],[-36.181311,-5.925572],[-36.174826,-5.914255],[-36.17428,-5.913794],[-36.173798,-5.914129]]]}},{"type":"Feature","id":25,"properties":{"sigla":"NP3sjucs","unidade":"Jucurutu, rochas calcissilicáticas","era":"Neoproterozóico","periodo":"Ediacarano","litotipo_principal":"Rocha calcissilicática","grupo":"Formação Jucurutu","fonte":"Folhas João Câmara, Lajes, Natal, Santa Cruz, São José do MIpibu, São José do Campestre - GEOSBG/CPRM (2014)"},"geometry":{"type":"Polygon","coordinates":[[[-36.091725,-5.84222],[-36.09219,-5.842402],[-36.092693,-5.841974],[-36.092557,-5.840754],[-36.08974,-5.836153],[-36.088193,-5.836145],[-36.091725,-5.84222]]]}},{"type":"Feature","id":26,"properties":{"sigla":"NP3sjucs","unidade":"Jucurutu, rochas calcissilicáticas","era":"Neoproterozóico","periodo":"Ediacarano","litotipo_principal":"Rocha calcissilicática","grupo":"Formação Jucurutu","fonte":"Folhas João Câmara, Lajes, Natal, Santa Cruz, São José do MIpibu, São José do Campestre - GEOSBG/CPRM (2014)"},"geometry":{"type":"Polygon","coordinates":[[[-36.115504,-5.894541],[-36.117342,-5.897247],[-36.118201,-5.897423],[-36.118132,-5.896008],[-36.117282,-5.894168],[-36.1151,-5.891326],[-36.114452,-5.891093],[-36.115504,-5.894541]]]}},{"type":"Feature","id":27,"properties":{"sigla":"NP3sjucs","unidade":"Jucurutu, rochas calcissilicáticas","era":"Neoproterozóico","periodo":"Ediacarano","litotipo_principal":"Rocha calcissilicática","grupo":"Formação Jucurutu","fonte":"Folhas João Câmara, Lajes, Natal, Santa Cruz, São José do MIpibu, São José do Campestre - GEOSBG/CPRM (2014)"},"geometry":{"type":"Polygon","coordinates":[[[-36.292847,-5.934362],[-36.293252,-5.933465],[-36.292716,-5.924534],[-36.291007,-5.919844],[-36.290113,-5.913414],[-36.285336,-5.903708],[-36.28516,-5.895125],[-36.28271,-5.888822],[-36.28199,-5.885905],[-36.281045,-5.885209],[-36.280634,-5.88596],[-36.280813,-5.887139],[-36.283718,-5.895844],[-36.283572,-5.901209],[-36.28898,-5.913179],[-36.289656,-5.915393],[-36.289818,-5.918921],[-36.291376,-5.926456],[-36.292314,-5.933996],[-36.292847,-5.934362]]]}},{"type":"Feature","id":28,"properties":{"sigla":"NP3_gamma_i","unidade":"Granitóides indiscriminados brasilianos","era":"Neoproterozóico","periodo":"Ediacarano","litotipo_secundario":"Biotita granito, Tonalito, Sienogranito, Granito pórfiro, Granodiorito, Quartzo monzonito, Quartzo diorito, Monzogranito, Metagranito","grupo":"Granitóides indiscriminados brasilianos","fonte":"Folhas João Câmara, Lajes, Natal, Santa Cruz, São José do MIpibu, São José do Campestre - GEOSBG/CPRM (2014)"},"geometry":{"type":"Polygon","coordinates":[[[-36.140925,-5.855248],[-36.141982,-5.85679],[-36.143176,-5.856398],[-36.143272,-5.855441],[-36.142189,-5.853996],[-36.141046,-5.854757],[-36.140925,-5.855248]]]}},{"type":"Feature","id":29,"properties":{"sigla":"NP3_delta_2s","unidade":"São João do Sabugi","era":"Neoproterozóico","periodo":"Ediacarano","litotipo_secundario":"Diorito, Gabro, Gabronorito, Quartzo monzodiorito, Quartzo diorito, Monzodiorito","grupo":"Suíte Intrusiva São João do Sabugi","fonte":"Folhas João Câmara, Lajes, Natal, Santa Cruz, São José do MIpibu, São José do Campestre - GEOSBG/CPRM (2014)"},"geometry":{"type":"Polygon","coordinates":[[[-36.145964,-5.884373],[-36.143174,-5.88455],[-36.142923,-5.885123],[-36.142995,-5.886079],[-36.143526,-5.886828],[-36.145509,-5.887488],[-36.147194,-5.886636],[-36.14735,-5.885853],[-36.146859,-5.884894],[-36.145964,-5.884373]]]}},{"type":"Feature","id":30,"properties":{"sigla":"NP3sjucs","unidade":"Jucurutu, rochas calcissilicáticas","era":"Neoproterozóico","periodo":"Ediacarano","litotipo_principal":"Rocha calcissilicática","grupo":"Formação Jucurutu","fonte":"Folhas João Câmara, Lajes, Natal, Santa Cruz, São José do MIpibu, São José do Campestre - GEOSBG/CPRM (2014)"},"geometry":{"type":"Polygon","coordinates":[[[-36.083851,-5.840352],[-36.088211,-5.850346],[-36.089127,-5.852144],[-36.08984,-5.852745],[-36.090381,-5.851971],[-36.086999,-5.842421],[-36.085073,-5.839722],[-36.083851,-5.840352]]]}},{"type":"Feature","id":31,"properties":{"sigla":"NP3_delta_2s","unidade":"São João do Sabugi","era":"Neoproterozóico","periodo":"Ediacarano","litotipo_secundario":"Diorito, Gabro, Gabronorito, Quartzo monzodiorito, Quartzo diorito, Monzodiorito","grupo":"Suíte Intrusiva São João do Sabugi","fonte":"Folhas João Câmara, Lajes, Natal, Santa Cruz, São José do MIpibu, São José do Campestre - GEOSBG/CPRM (2014)"},"geometry":{"type":"Polygon","coordinates":[[[-36.310841,-5.957773],[-36.31158,-5.957025],[-36.311243,-5.956033],[-36.3104,-5.956722],[-36.310841,-5.957773]]]}},{"type":"Feature","id":32,"properties":{"sigla":"NP3sjucs","unidade":"Jucurutu, rochas calcissilicáticas","era":"Neoproterozóico","periodo":"Ediacarano","litotipo_principal":"Rocha calcissilicática","grupo":"Formação Jucurutu","fonte":"Folhas João Câmara, Lajes, Natal, Santa Cruz, São José do MIpibu, São José do Campestre - GEOSBG/CPRM (2014)"},"geometry":{"type":"Polygon","coordinates":[[[-36.293105,-5.974055],[-36.293615,-5.977309],[-36.294938,-5.980042],[-36.295291,-5.979524],[-36.295303,-5.977223],[-36.2941,-5.973825],[-36.293513,-5.973452],[-36.293105,-5.974055]]]}},{"type":"Feature","id":33,"properties":{"sigla":"NP3sjucs","unidade":"Jucurutu, rochas calcissilicáticas","era":"Neoproterozóico","periodo":"Ediacarano","litotipo_principal":"Rocha calcissilicática","grupo":"Formação Jucurutu","fonte":"Folhas João Câmara, Lajes, Natal, Santa Cruz, São José do MIpibu, São José do Campestre - GEOSBG/CPRM (2014)"},"geometry":{"type":"Polygon","coordinates":[[[-36.127114,-5.967785],[-36.123738,-5.964622],[-36.122743,-5.964207],[-36.122261,-5.964413],[-36.122676,-5.965372],[-36.125738,-5.96795],[-36.127114,-5.967785]]]}},{"type":"Feature","id":34,"properties":{"sigla":"NP3sjucs","unidade":"Jucurutu, rochas calcissilicáticas","era":"Neoproterozóico","periodo":"Ediacarano","litotipo_principal":"Rocha calcissilicática","grupo":"Formação Jucurutu","fonte":"Folhas João Câmara, Lajes, Natal, Santa Cruz, São José do MIpibu, São José do Campestre - GEOSBG/CPRM (2014)"},"geometry":{"type":"Polygon","coordinates":[[[-36.110889,-5.975615],[-36.112365,-5.978529],[-36.113238,-5.978379],[-36.112372,-5.975294],[-36.110889,-5.975615]]]}},{"type":"Feature","id":35,"properties":{"sigla":"NP3sjucs","unidade":"Jucurutu, rochas calcissilicáticas","era":"Neoproterozóico","periodo":"Ediacarano","litotipo_principal":"Rocha calcissilicática","grupo":"Formação Jucurutu","fonte":"Folhas João Câmara, Lajes, Natal, Santa Cruz, São José do MIpibu, São José do Campestre - GEOSBG/CPRM (2014)"},"geometry":{"type":"Polygon","coordinates":[[[-36.112494,-5.994808],[-36.113053,-5.994526],[-36.113113,-5.99393],[-36.112643,-5.991511],[-36.111951,-5.990693],[-36.112064,-5.993504],[-36.112494,-5.994808]]]}},{"type":"Feature","id":36,"properties":{"sigla":"NP3sjucs","unidade":"Jucurutu, rochas calcissilicáticas","era":"Neoproterozóico","periodo":"Ediacarano","litotipo_principal":"Rocha calcissilicática","grupo":"Formação Jucurutu","fonte":"Folhas João Câmara, Lajes, Natal, Santa Cruz, São José do MIpibu, São José do Campestre - GEOSBG/CPRM (2014)"},"geometry":{"type":"Polygon","coordinates":[[[-36.113532,-5.96506],[-36.116247,-5.965059],[-36.116826,-5.964621],[-36.115496,-5.963718],[-36.114222,-5.963605],[-36.113232,-5.964451],[-36.113532,-5.96506]]]}},{"type":"Feature","id":37,"properties":{"sigla":"NP3sjucs","unidade":"Jucurutu, rochas calcissilicáticas","era":"Neoproterozóico","periodo":"Ediacarano","litotipo_principal":"Rocha calcissilicática","grupo":"Formação Jucurutu","fonte":"Folhas João Câmara, Lajes, Natal, Santa Cruz, São José do MIpibu, São José do Campestre - GEOSBG/CPRM (2014)"},"geometry":{"type":"Polygon","coordinates":[[[-36.120879,-5.967134],[-36.121078,-5.966755],[-36.119994,-5.96517],[-36.11901,-5.96477],[-36.118387,-5.964949],[-36.118655,-5.965937],[-36.120879,-5.967134]]]}},{"type":"Feature","id":38,"properties":{"sigla":"NP3sjum","unidade":"Jucurutu, mármore","era":"Neoproterozóico","periodo":"Ediacarano","litotipo_principal":"Mármore","litotipo_secundario":"Rocha calcissilicática","grupo":"Formação Jucurutu","fonte":"Folhas João Câmara, Lajes, Natal, Santa Cruz, São José do MIpibu, São José do Campestre - GEOSBG/CPRM (2014)"},"geometry":{"type":"Polygon","coordinates":[[[-36.105573,-5.860823],[-36.105923,-5.859548],[-36.1057,-5.858399],[-36.103542,-5.854716],[-36.10207,-5.851209],[-36.101444,-5.850277],[-36.100639,-5.850154],[-36.101104,-5.852576],[-36.103863,-5.859093],[-36.104537,-5.860244],[-36.105573,-5.860823]]]}},{"type":"Feature","id":39,"properties":{"sigla":"NP3sjucs","unidade":"Jucurutu, rochas calcissilicáticas","era":"Neoproterozóico","periodo":"Ediacarano","litotipo_principal":"Rocha calcissilicática","grupo":"Formação Jucurutu","fonte":"Folhas João Câmara, Lajes, Natal, Santa Cruz, São José do MIpibu, São José do Campestre - GEOSBG/CPRM (2014)"},"geometry":{"type":"Polygon","coordinates":[[[-36.14594,-5.973165],[-36.146213,-5.97221],[-36.14284,-5.966604],[-36.14177,-5.965672],[-36.140906,-5.965518],[-36.140988,-5.966923],[-36.144869,-5.972532],[-36.14594,-5.973165]]]}},{"type":"Feature","id":40,"properties":{"sigla":"NP3se","unidade":"Equador","era":"Neoproterozóico","periodo":"Ediacarano","litotipo_principal":"Muscovita quartzito","litotipo_secundario":"Metaconglomerado","grupo":"Formação Equador","fonte":"Folhas João Câmara, Lajes, Natal, Santa Cruz, São José do MIpibu, São José do Campestre - GEOSBG/CPRM (2014)"},"geometry":{"type":"Polygon","coordinates":[[[-36.116853,-5.90622],[-36.117097,-5.905169],[-36.115563,-5.901671],[-36.112726,-5.896469],[-36.111846,-5.895675],[-36.11203,-5.897039],[-36.115289,-5.904012],[-36.116448,-5.906098],[-36.116853,-5.90622]]]}},{"type":"Feature","id":41,"properties":{"sigla":"NP3sjuq","unidade":"Jucurutu, quartzitos","era":"Neoproterozóico","periodo":"Ediacarano","litotipo_principal":"Quartzito","grupo":"Formação Jucurutu","fonte":"Folhas João Câmara, Lajes, Natal, Santa Cruz, São José do MIpibu, São José do Campestre - GEOSBG/CPRM (2014)"},"geometry":{"type":"Polygon","coordinates":[[[-36.09922,-5.877349],[-36.099264,-5.876297],[-36.097622,-5.872529],[-36.093967,-5.866524],[-36.093491,-5.866331],[-36.093315,-5.867152],[-36.093766,-5.868466],[-36.096601,-5.874295],[-36.098554,-5.87704],[-36.09922,-5.877349]]]}},{"type":"Feature","id":42,"properties":{"sigla":"NP3sjum","unidade":"Jucurutu, mármore","era":"Neoproterozóico","periodo":"Ediacarano","litotipo_principal":"Mármore","litotipo_secundario":"Rocha calcissilicática","grupo":"Formação Jucurutu","fonte":"Folhas João Câmara, Lajes, Natal, Santa Cruz, São José do MIpibu, São José do Campestre - GEOSBG/CPRM (2014)"},"geometry":{"type":"Polygon","coordinates":[[[-36.085341,-5.853649],[-36.086032,-5.852893],[-36.085784,-5.851013],[-36.08269,-5.845546],[-36.08193,-5.845686],[-36.081879,-5.847249],[-36.084585,-5.852943],[-36.085341,-5.853649]]]}},{"type":"Feature","id":43,"properties":{"sigla":"NP3sjum","unidade":"Jucurutu, mármore","era":"Neoproterozóico","periodo":"Ediacarano","litotipo_principal":"Mármore","litotipo_secundario":"Rocha calcissilicática","grupo":"Formação Jucurutu","fonte":"Folhas João Câmara, Lajes, Natal, Santa Cruz, São José do MIpibu, São José do Campestre - GEOSBG/CPRM (2014)"},"geometry":{"type":"Polygon","coordinates":[[[-36.158843,-5.967492],[-36.159371,-5.966993],[-36.159349,-5.966467],[-36.149779,-5.948454],[-36.148686,-5.947349],[-36.148584,-5.948568],[-36.150047,-5.951922],[-36.15226,-5.955304],[-36.157038,-5.965546],[-36.158318,-5.967346],[-36.158843,-5.967492]]]}},{"type":"Feature","id":44,"properties":{"sigla":"NP3se","unidade":"Equador","era":"Neoproterozóico","periodo":"Ediacarano","litotipo_principal":"Muscovita quartzito","litotipo_secundario":"Metaconglomerado","grupo":"Formação Equador","fonte":"Folhas João Câmara, Lajes, Natal, Santa Cruz, São José do MIpibu, São José do Campestre - GEOSBG/CPRM (2014)"},"geometry":{"type":"Polygon","coordinates":[[[-36.167612,-5.987445],[-36.182054,-6.007371],[-36.183302,-6.008442],[-36.183708,-6.008324],[-36.183691,-6.007021],[-36.181324,-6.00304],[-36.173304,-5.992705],[-36.168537,-5.983819],[-36.167777,-5.983216],[-36.167039,-5.983259],[-36.166422,-5.983881],[-36.166348,-5.984907],[-36.167612,-5.987445]]]}},{"type":"Feature","id":45,"properties":{"sigla":"NP3se","unidade":"Equador","era":"Neoproterozóico","periodo":"Ediacarano","litotipo_principal":"Muscovita quartzito","litotipo_secundario":"Metaconglomerado","grupo":"Formação Equador","fonte":"Folhas João Câmara, Lajes, Natal, Santa Cruz, São José do MIpibu, São José do Campestre - GEOSBG/CPRM (2014)"},"geometry":{"type":"Polygon","coordinates":[[[-36.248464,-5.983097],[-36.255514,-6.001668],[-36.25886,-6.005376],[-36.262282,-6.011215],[-36.264312,-6.016019],[-36.264833,-6.019273],[-36.263676,-6.021323],[-36.260458,-6.02255],[-36.257283,-6.022199],[-36.254567,-6.021072],[-36.256609,-6.022927],[-36.259056,-6.024432],[-36.262389,-6.024554],[-36.264891,-6.022912],[-36.266117,-6.020307],[-36.266037,-6.01717],[-36.264318,-6.011423],[-36.25782,-6.0],[-36.248226,-5.975875],[-36.239053,-5.956994],[-36.237268,-5.95371],[-36.233663,-5.948856],[-36.233057,-5.948499],[-36.231415,-5.948642],[-36.230781,-5.950072],[-36.232511,-5.955051],[-36.237,-5.962777],[-36.244317,-5.977789],[-36.247714,-5.981634],[-36.248464,-5.983097]]]}},{"type":"Feature","id":46,"properties":{"sigla":"PP2caia","unidade":"Caicó, anfibolito","era":"Paleoproterozóico","periodo":"Riaciano","litotipo_principal":"Anfibolito","grupo":"Complexo Caicó","fonte":"Folhas João Câmara, Lajes, Natal, Santa Cruz, São José do MIpibu, São José do Campestre - GEOSBG/CPRM (2014)"},"geometry":{"type":"Polygon","coordinates":[[[-36.198111,-5.901547],[-36.198659,-5.900919],[-36.198451,-5.89944],[-36.197244,-5.897383],[-36.196529,-5.897135],[-36.195965,-5.898137],[-36.196188,-5.899357],[-36.197126,-5.900882],[-36.198111,-5.901547]]]}},{"type":"Feature","id":47,"properties":{"sigla":"NP3sjuf","unidade":"Jucurutu, formação ferrífera","era":"Neoproterozóico","periodo":"Ediacarano","litotipo_principal":"Formação ferrífera bandada","grupo":"Formação Jucurutu","fonte":"Folhas João Câmara, Lajes, Natal, Santa Cruz, São José do MIpibu, São José do Campestre - GEOSBG/CPRM (2014)"},"geometry":{"type":"Polygon","coordinates":[[[-36.090466,-5.835437],[-36.094134,-5.841228],[-36.095347,-5.842331],[-36.096671,-5.842799],[-36.09133,-5.834536],[-36.090466,-5.835437]]]}},{"type":"Feature","id":48,"properties":{"sigla":"PP2caia","unidade":"Caicó, anfibolito","era":"Paleoproterozóico","periodo":"Riaciano","litotipo_principal":"Anfibolito","grupo":"Complexo Caicó","fonte":"Folhas João Câmara, Lajes, Natal, Santa Cruz, São José do MIpibu, São José do Campestre - GEOSBG/CPRM (2014)"},"geometry":{"type":"Polygon","coordinates":[[[-36.09221,-5.853428],[-36.092678,-5.852893],[-36.092304,-5.851289],[-36.091477,-5.849671],[-36.09081,-5.849417],[-36.090354,-5.849809],[-36.090481,-5.85067],[-36.09221,-5.853428]]]}},{"type":"Feature","id":49,"properties":{"sigla":"E3_beta_m","unidade":"Basalto Macau","era":"Cenozóico","periodo":"Paleogeno","litotipo_secundario":"Basalto, Basanito","grupo":"Basalto Macau","fonte":"Folhas João Câmara, Lajes, Natal, Santa Cruz, São José do MIpibu, São José do Campestre - GEOSBG/CPRM (2014)"},"geometry":{"type":"Polygon","coordinates":[[[-36.223538,-5.96558],[-36.225141,-5.963839],[-36.225901,-5.961593],[-36.225141,-5.959974],[-36.224145,-5.959489],[-36.222934,-5.959752],[-36.222026,-5.961576],[-36.222246,-5.964448],[-36.222752,-5.965288],[-36.223538,-5.96558]]]}},{"type":"Feature","id":50,"properties":{"sigla":"E3_beta_m","unidade":"Basalto Macau","era":"Cenozóico","periodo":"Paleogeno","litotipo_secundario":"Basalto, Basanito","grupo":"Basalto Macau","fonte":"Folhas João Câmara, Lajes, Natal, Santa Cruz, São José do MIpibu, São José do Campestre - GEOSBG/CPRM (2014)"},"geometry":{"type":"Polygon","coordinates":[[[-36.0971,-5.929406],[-36.096404,-5.930132],[-36.096555,-5.930993],[-36.097721,-5.931657],[-36.098761,-5.931387],[-36.099006,-5.930109],[-36.098127,-5.9294],[-36.0971,-5.929406]]]}},{"type":"Feature","id":51,"properties":{"sigla":"E3_beta_m","unidade":"Basalto Macau","era":"Cenozóico","periodo":"Paleogeno","litotipo_secundario":"Basalto, Basanito","grupo":"Basalto Macau","fonte":"Folhas João Câmara, Lajes, Natal, Santa Cruz, São José do MIpibu, São José do Campestre - GEOSBG/CPRM (2014)"},"geometry":{"type":"Polygon","coordinates":[[[-36.364269,-5.97254],[-36.365571,-5.971858],[-36.366361,-5.970465],[-36.366615,-5.969299],[-36.366317,-5.967672],[-36.36556,-5.966234],[-36.363961,-5.964983],[-36.361382,-5.965009],[-36.359462,-5.967046],[-36.359452,-5.968959],[-36.360342,-5.970723],[-36.361635,-5.971953],[-36.364269,-5.97254]]]}},{"type":"Feature","id":52,"properties":{"sigla":"NP3_delta_2s","unidade":"São João do Sabugi","era":"Neoproterozóico","periodo":"Ediacarano","litotipo_secundario":"Diorito, Gabro, Gabronorito, Quartzo monzodiorito, Quartzo diorito, Monzodiorito","grupo":"Suíte Intrusiva São João do Sabugi","fonte":"Folhas João Câmara, Lajes, Natal, Santa Cruz, São José do MIpibu, São José do Campestre - GEOSBG/CPRM (2014)"},"geometry":{"type":"Polygon","coordinates":[[[-36.143848,-5.88049],[-36.144707,-5.880609],[-36.146134,-5.881726],[-36.147091,-5.881329],[-36.146813,-5.879626],[-36.145977,-5.878818],[-36.143971,-5.878999],[-36.14349,-5.879609],[-36.143848,-5.88049]]]}},{"type":"Feature","id":53,"properties":{"sigla":"NP3sju","unidade":"Jucurutu","era":"Neoproterozóico","periodo":"Ediacarano","litotipo_secundario":"Biotita gnaisse, Biotita xisto, Xisto, Gnaisse, Mármore, Rocha calcissilicática, Muscovita quartzito","grupo":"Formação Jucurutu","fonte":"Folhas João Câmara, Lajes, Natal, Santa Cruz, São José do MIpibu, São José do Campestre - GEOSBG/CPRM (2014)"},"geometry":{"type":"Polygon","coordinates":[[[-36.112745,-5.978658],[-36.11315,-5.983825],[-36.111951,-5.990693],[-36.112643,-5.991511],[-36.113113,-5.99393],[-36.112939,-5.994668],[-36.11237,-5.994762],[-36.112525,-5.995314],[-36.113731,-5.99704],[-36.114445,-5.997233],[-36.115075,-5.996136],[-36.116222,-5.982668],[-36.116062,-5.979888],[-36.114566,-5.975378],[-36.112372,-5.975294],[-36.113338,-5.977971],[-36.112745,-5.978658]]]}},{"type":"Feature","id":54,"properties":{"sigla":"NP3ssa","unidade":"Seridó, aluminoso-porfiroblástico","era":"Neoproterozóico","periodo":"Ediacarano","litotipo_secundario":"Xisto aluminoso, Xisto","grupo":"Grupo Seridó","fonte":"Folhas João Câmara, Lajes, Natal, Santa Cruz, São José do MIpibu, São José do Campestre - GEOSBG/CPRM (2014)"},"geometry":{"type":"Polygon","coordinates":[[[-36.057133,-6.0],[-36.05796,-6.001327],[-36.059517,-6.001326],[-36.061041,-6.002156],[-36.062235,-6.003807],[-36.075301,-6.016241],[-36.084974,-6.028681],[-36.092984,-6.037867],[-36.110705,-6.060453],[-36.115848,-6.065555],[-36.117804,-6.066031],[-36.11947,-6.066996],[-36.122798,-6.069847],[-36.124398,-6.072186],[-36.12504,-6.074903],[-36.129534,-6.079387],[-36.135994,-6.082672],[-36.145024,-6.091096],[-36.158608,-6.107688],[-36.159128,-6.106742],[-36.162376,-6.108109],[-36.163002,-6.110091],[-36.164155,-6.10964],[-36.164293,-6.11134],[-36.16575,-6.113301],[-36.165879,-6.115082],[-36.168486,-6.117119],[-36.168915,-6.117327],[-36.169476,-6.116947],[-36.16962,-6.116208],[-36.171213,-6.117801],[-36.172814,-6.118493],[-36.173105,-6.12254],[-36.17816,-6.123802],[-36.178469,-6.124273],[-36.181162,-6.125496],[-36.170852,-6.113094],[-36.156494,-6.098101],[-36.149835,-6.0905],[-36.112738,-6.047094],[-36.106664,-6.037487],[-36.094491,-6.016338],[-36.090274,-6.007925],[-36.086865,-6.0],[-36.086025,-5.999016],[-36.078242,-5.992624],[-36.075564,-5.991176],[-36.071818,-5.988431],[-36.068831,-5.984399],[-36.066403,-5.979926],[-36.064763,-5.979415],[-36.063913,-5.978519],[-36.058892,-5.980458],[-36.049463,-5.979798],[-36.044797,-5.978109],[-36.039786,-5.975263],[-36.038358,-5.972003],[-36.038739,-5.966697],[-36.038572,-5.965911],[-36.037716,-5.964936],[-36.035907,-5.964579],[-36.034213,-5.964827],[-36.030444,-5.966487],[-36.027165,-5.968857],[-36.036618,-5.977318],[-36.057133,-6.0]],[[-36.100455,-6.042774],[-36.099848,-6.042437],[-36.099587,-6.04133],[-36.099837,-6.0407],[-36.100475,-6.040549],[-36.101332,-6.040844],[-36.101635,-6.041617],[-36.101314,-6.042519],[-36.100455,-6.042774]]]}},{"type":"Feature","id":55,"properties":{"sigla":"NP3ss","unidade":"Seridó","era":"Neoproterozóico","periodo":"Ediacarano","litotipo_secundario":"Biotita-quartzo xisto, Clorita xisto, Xisto aluminoso, Filito, Mármore, Quartzito, Metavulcânica básica, Granada-biotita xisto","grupo":"Grupo Seridó","fonte":"Folhas João Câmara, Lajes, Natal, Santa Cruz, São José do MIpibu, São José do Campestre - GEOSBG/CPRM (2014)"},"geometry":{"type":"Polygon","coordinates":[[[-36.110094,-5.973443],[-36.109128,-5.970077],[-36.109156,-5.9685],[-36.10794,-5.964289],[-36.105989,-5.965384],[-36.105465,-5.967249],[-36.104323,-5.967411],[-36.102134,-5.968677],[-36.103067,-5.970904],[-36.102658,-5.974597],[-36.103124,-5.97513],[-36.106931,-5.974882],[-36.110094,-5.973443]]]}},{"type":"Feature","id":56,"properties":{"sigla":"NP3ss","unidade":"Seridó","era":"Neoproterozóico","periodo":"Ediacarano","litotipo_secundario":"Biotita-quartzo xisto, Clorita xisto, Xisto aluminoso, Filito, Mármore, Quartzito, Metavulcânica básica, Granada-biotita xisto","grupo":"Grupo Seridó","fonte":"Folhas João Câmara, Lajes, Natal, Santa Cruz, São José do MIpibu, São José do Campestre - GEOSBG/CPRM (2014)"},"geometry":{"type":"Polygon","coordinates":[[[-36.201965,-5.964302],[-36.209865,-5.977713],[-36.214303,-5.984105],[-36.215773,-5.987064],[-36.21616,-5.985669],[-36.214661,-5.981267],[-36.213614,-5.980387],[-36.210093,-5.972463],[-36.207217,-5.968588],[-36.206142,-5.965217],[-36.205095,-5.964227],[-36.201965,-5.964302]]]}},{"type":"Feature","id":57,"properties":{"sigla":"NP3ss","unidade":"Seridó","era":"Neoproterozóico","periodo":"Ediacarano","litotipo_secundario":"Biotita-quartzo xisto, Clorita xisto, Xisto aluminoso, Filito, Mármore, Quartzito, Metavulcânica básica, Granada-biotita xisto","grupo":"Grupo Seridó","fonte":"Folhas João Câmara, Lajes, Natal, Santa Cruz, São José do MIpibu, São José do Campestre - GEOSBG/CPRM (2014)"},"geometry":{"type":"Polygon","coordinates":[[[-36.112582,-5.959049],[-36.115879,-5.960163],[-36.123738,-5.964622],[-36.126781,-5.967148],[-36.132738,-5.974888],[-36.136736,-5.981308],[-36.138824,-5.981814],[-36.145619,-5.981279],[-36.143725,-5.976623],[-36.136264,-5.962943],[-36.135723,-5.962885],[-36.134949,-5.962064],[-36.133902,-5.961981],[-36.13345,-5.961231],[-36.132475,-5.961327],[-36.132229,-5.960451],[-36.131404,-5.960184],[-36.126434,-5.961939],[-36.12475,-5.962115],[-36.123385,-5.961481],[-36.120002,-5.961327],[-36.1146,-5.958745],[-36.112582,-5.959049]]]}},{"type":"Feature","id":58,"properties":{"sigla":"NP3ss","unidade":"Seridó","era":"Neoproterozóico","periodo":"Ediacarano","litotipo_secundario":"Biotita-quartzo xisto, Clorita xisto, Xisto aluminoso, Filito, Mármore, Quartzito, Metavulcânica básica, Granada-biotita xisto","grupo":"Grupo Seridó","fonte":"Folhas João Câmara, Lajes, Natal, Santa Cruz, São José do MIpibu, São José do Campestre - GEOSBG/CPRM (2014)"},"geometry":{"type":"Polygon","coordinates":[[[-36.117094,-5.917547],[-36.116723,-5.916496],[-36.116139,-5.915205],[-36.115927,-5.916421],[-36.117094,-5.917547]]]}},{"type":"Feature","id":59,"properties":{"sigla":"NP3sju","unidade":"Jucurutu","era":"Neoproterozóico","periodo":"Ediacarano","litotipo_secundario":"Biotita gnaisse, Biotita xisto, Xisto, Gnaisse, Mármore, Rocha calcissilicática, Muscovita quartzito","grupo":"Formação Jucurutu","fonte":"Folhas João Câmara, Lajes, Natal, Santa Cruz, São José do MIpibu, São José do Campestre - GEOSBG/CPRM (2014)"},"geometry":{"type":"Polygon","coordinates":[[[-36.200367,-5.899944],[-36.196678,-5.891833],[-36.195838,-5.891912],[-36.195723,-5.892661],[-36.196735,-5.89547],[-36.199701,-5.90115],[-36.20023,-5.900819],[-36.200367,-5.899944]]]}},{"type":"Feature","id":60,"properties":{"sigla":"NP3_delta_2s","unidade":"São João do Sabugi","era":"Neoproterozóico","periodo":"Ediacarano","litotipo_secundario":"Diorito, Gabro, Gabronorito, Quartzo monzodiorito, Quartzo diorito, Monzodiorito","grupo":"Suíte Intrusiva São João do Sabugi","fonte":"Folhas João Câmara, Lajes, Natal, Santa Cruz, São José do MIpibu, São José do Campestre - GEOSBG/CPRM (2014)"},"geometry":{"type":"Polygon","coordinates":[[[-36.161609,-5.890129],[-36.162455,-5.88998],[-36.162571,-5.889579],[-36.162159,-5.88799],[-36.160869,-5.886358],[-36.160164,-5.885933],[-36.159414,-5.886025],[-36.159086,-5.886635],[-36.159443,-5.887938],[-36.161609,-5.890129]]]}},{"type":"Feature","id":61,"properties":{"sigla":"PP2_gamma_acai","unidade":"Caicó, augen gnaisse","era":"Paleoproterozóico","periodo":"Riaciano","litotipo_principal":"Augen gnaisse","grupo":"Complexo Caicó","fonte":"Folhas João Câmara, Lajes, Natal, Santa Cruz, São José do MIpibu, São José do Campestre - GEOSBG/CPRM (2014)"},"geometry":{"type":"Polygon","coordinates":[[[-36.162148,-5.852906],[-36.157199,-5.850907],[-36.155229,-5.84936],[-36.161053,-5.862633],[-36.163899,-5.866425],[-36.16618,-5.868493],[-36.177198,-5.873935],[-36.181694,-5.877042],[-36.182441,-5.878014],[-36.188338,-5.882214],[-36.190403,-5.884735],[-36.19468,-5.888701],[-36.196173,-5.890932],[-36.21335,-5.928054],[-36.219227,-5.93868],[-36.220228,-5.939538],[-36.220562,-5.940978],[-36.226996,-5.954475],[-36.236448,-5.971182],[-36.237625,-5.974592],[-36.238088,-5.977464],[-36.238446,-5.982343],[-36.238042,-5.987488],[-36.238399,-5.991414],[-36.241138,-6.000766],[-36.244357,-6.006387],[-36.247567,-6.010113],[-36.249508,-6.01171],[-36.251203,-6.01279],[-36.253683,-6.013549],[-36.256398,-6.012988],[-36.257089,-6.012418],[-36.25765,-6.011082],[-36.257363,-6.007313],[-36.256179,-6.00329],[-36.254638,-6.0],[-36.248464,-5.983097],[-36.247714,-5.981634],[-36.244317,-5.977789],[-36.237,-5.962777],[-36.233149,-5.956381],[-36.230781,-5.950072],[-36.224029,-5.93826],[-36.220878,-5.930893],[-36.213321,-5.917749],[-36.212736,-5.915259],[-36.210561,-5.910921],[-36.207151,-5.905358],[-36.200579,-5.892367],[-36.194294,-5.881989],[-36.190556,-5.873192],[-36.183262,-5.861371],[-36.178969,-5.852836],[-36.17633,-5.853001],[-36.173047,-5.850057],[-36.170057,-5.848905],[-36.166431,-5.84986],[-36.162148,-5.852906]]]}},{"type":"Feature","id":62,"properties":{"sigla":"PP2_delta_ucai","unidade":"Caicó, Metamáfica-ultramáfica","era":"Paleoproterozóico","periodo":"Riaciano","litotipo_secundario":"Metahornblendito, Metaultramafito, Metagabro","grupo":"Complexo Caicó","fonte":"Folhas João Câmara, Lajes, Natal, Santa Cruz, São José do MIpibu, São José do Campestre - GEOSBG/CPRM (2014)"},"geometry":{"type":"Polygon","coordinates":[[[-36.180219,-5.981948],[-36.180325,-5.981609],[-36.178432,-5.9793],[-36.178214,-5.97996],[-36.179229,-5.981629],[-36.180219,-5.981948]]]}},{"type":"Feature","id":63,"properties":{"sigla":"NP3se","unidade":"Equador","era":"Neoproterozóico","periodo":"Ediacarano","litotipo_principal":"Muscovita quartzito","litotipo_secundario":"Metaconglomerado","grupo":"Formação Equador","fonte":"Folhas João Câmara, Lajes, Natal, Santa Cruz, São José do MIpibu, São José do Campestre - GEOSBG/CPRM (2014)"},"geometry":{"type":"Polygon","coordinates":[[[-36.117175,-5.8922],[-36.119141,-5.896958],[-36.119966,-5.898138],[-36.120753,-5.898343],[-36.120831,-5.897024],[-36.119004,-5.893142],[-36.11795,-5.89186],[-36.117175,-5.8922]]]}},{"type":"Feature","id":64,"properties":{"sigla":"NP3sjucs","unidade":"Jucurutu, rochas calcissilicáticas","era":"Neoproterozóico","periodo":"Ediacarano","litotipo_principal":"Rocha calcissilicática","grupo":"Formação Jucurutu","fonte":"Folhas João Câmara, Lajes, Natal, Santa Cruz, São José do MIpibu, São José do Campestre - GEOSBG/CPRM (2014)"},"geometry":{"type":"Polygon","coordinates":[[[-36.281022,-5.883878],[-36.281514,-5.882812],[-36.280745,-5.879723],[-36.279716,-5.877554],[-36.278533,-5.876276],[-36.278299,-5.877073],[-36.279535,-5.881327],[-36.281022,-5.883878]]]}},{"type":"Feature","id":65,"properties":{"sigla":"NP3sjucs","unidade":"Jucurutu, rochas calcissilicáticas","era":"Neoproterozóico","periodo":"Ediacarano","litotipo_principal":"Rocha calcissilicática","grupo":"Formação Jucurutu","fonte":"Folhas João Câmara, Lajes, Natal, Santa Cruz, São José do MIpibu, São José do Campestre - GEOSBG/CPRM (2014)"},"geometry":{"type":"Polygon","coordinates":[[[-36.111919,-5.968758],[-36.113631,-5.966427],[-36.113378,-5.965439],[-36.111716,-5.96701],[-36.111602,-5.968619],[-36.111919,-5.968758]]]}},{"type":"Feature","id":66,"properties":{"sigla":"NP3sjucs","unidade":"Jucurutu, rochas calcissilicáticas","era":"Neoproterozóico","periodo":"Ediacarano","litotipo_principal":"Rocha calcissilicática","grupo":"Formação Jucurutu","fonte":"Folhas João Câmara, Lajes, Natal, Santa Cruz, São José do MIpibu, São José do Campestre - GEOSBG/CPRM (2014)"},"geometry":{"type":"Polygon","coordinates":[[[-36.126263,-5.974616],[-36.127855,-5.977628],[-36.128545,-5.979004],[-36.129158,-5.977883],[-36.128636,-5.976245],[-36.126837,-5.973911],[-36.126306,-5.973981],[-36.126263,-5.974616]]]}},{"type":"Feature","id":67,"properties":{"sigla":"NP3sjucs","unidade":"Jucurutu, rochas calcissilicáticas","era":"Neoproterozóico","periodo":"Ediacarano","litotipo_principal":"Rocha calcissilicática","grupo":"Formação Jucurutu","fonte":"Folhas João Câmara, Lajes, Natal, Santa Cruz, São José do MIpibu, São José do Campestre - GEOSBG/CPRM (2014)"},"geometry":{"type":"Polygon","coordinates":[[[-36.133708,-5.986723],[-36.133397,-5.984908],[-36.131877,-5.982333],[-36.130824,-5.981281],[-36.130336,-5.981278],[-36.130261,-5.982394],[-36.133708,-5.986723]]]}},{"type":"Feature","id":68,"properties":{"sigla":"NP3sju","unidade":"Jucurutu","era":"Neoproterozóico","periodo":"Ediacarano","litotipo_secundario":"Biotita gnaisse, Biotita xisto, Xisto, Gnaisse, Mármore, Rocha calcissilicática, Muscovita quartzito","grupo":"Formação Jucurutu","fonte":"Folhas João Câmara, Lajes, Natal, Santa Cruz, São José do MIpibu, São José do Campestre - GEOSBG/CPRM (2014)"},"geometry":{"type":"Polygon","coordinates":[[[-36.265578,-5.866203],[-36.265791,-5.865097],[-36.264879,-5.86412],[-36.265246,-5.865301],[-36.265578,-5.866203]]]}},{"type":"Feature","id":69,"properties":{"sigla":"NP3sju","unidade":"Jucurutu","era":"Neoproterozóico","periodo":"Ediacarano","litotipo_secundario":"Biotita gnaisse, Biotita xisto, Xisto, Gnaisse, Mármore, Rocha calcissilicática, Muscovita quartzito","grupo":"Formação Jucurutu","fonte":"Folhas João Câmara, Lajes, Natal, Santa Cruz, São José do MIpibu, São José do Campestre - GEOSBG/CPRM (2014)"},"geometry":{"type":"Polygon","coordinates":[[[-36.266793,-5.869277],[-36.269602,-5.875328],[-36.273084,-5.881047],[-36.274592,-5.884498],[-36.27882,-5.898931],[-36.280029,-5.906659],[-36.28091,-5.906048],[-36.281082,-5.905163],[-36.279697,-5.902165],[-36.279168,-5.894641],[-36.278697,-5.893642],[-36.277393,-5.892699],[-36.276764,-5.890751],[-36.276956,-5.888417],[-36.276499,-5.886204],[-36.274314,-5.882221],[-36.274728,-5.880407],[-36.275192,-5.880038],[-36.273716,-5.877252],[-36.270827,-5.869734],[-36.268985,-5.862559],[-36.268043,-5.863167],[-36.268241,-5.865411],[-36.269761,-5.868288],[-36.269673,-5.869243],[-36.268919,-5.869168],[-36.268865,-5.869864],[-36.272739,-5.876455],[-36.271771,-5.876216],[-36.270465,-5.875198],[-36.270213,-5.874256],[-36.269007,-5.873176],[-36.268304,-5.871216],[-36.266793,-5.869277]]]}},{"type":"Feature","id":70,"properties":{"sigla":"NP3sjucs","unidade":"Jucurutu, rochas calcissilicáticas","era":"Neoproterozóico","periodo":"Ediacarano","litotipo_principal":"Rocha calcissilicática","grupo":"Formação Jucurutu","fonte":"Folhas João Câmara, Lajes, Natal, Santa Cruz, São José do MIpibu, São José do Campestre - GEOSBG/CPRM (2014)"},"geometry":{"type":"Polygon","coordinates":[[[-36.139552,-5.992951],[-36.139935,-5.992645],[-36.139827,-5.991979],[-36.138043,-5.98953],[-36.138122,-5.990923],[-36.139552,-5.992951]]]}},{"type":"Feature","id":71,"properties":{"sigla":"NP3sjucs","unidade":"Jucurutu, rochas calcissilicáticas","era":"Neoproterozóico","periodo":"Ediacarano","litotipo_principal":"Rocha calcissilicática","grupo":"Formação Jucurutu","fonte":"Folhas João Câmara, Lajes, Natal, Santa Cruz, São José do MIpibu, São José do Campestre - GEOSBG/CPRM (2014)"},"geometry":{"type":"Polygon","coordinates":[[[-36.139965,-5.998658],[-36.140241,-5.997661],[-36.139866,-5.996439],[-36.139389,-5.995821],[-36.138615,-5.995632],[-36.138452,-5.996247],[-36.139118,-5.998173],[-36.139965,-5.998658]]]}},{"type":"Feature","id":72,"properties":{"sigla":"NP3sjucs","unidade":"Jucurutu, rochas calcissilicáticas","era":"Neoproterozóico","periodo":"Ediacarano","litotipo_principal":"Rocha calcissilicática","grupo":"Formação Jucurutu","fonte":"Folhas João Câmara, Lajes, Natal, Santa Cruz, São José do MIpibu, São José do Campestre - GEOSBG/CPRM (2014)"},"geometry":{"type":"Polygon","coordinates":[[[-36.143865,-5.999807],[-36.144281,-5.999534],[-36.143864,-5.998653],[-36.142139,-5.99674],[-36.141963,-5.997141],[-36.142718,-5.998775],[-36.143865,-5.999807]]]}},{"type":"Feature","id":73,"properties":{"sigla":"NP3sju","unidade":"Jucurutu","era":"Neoproterozóico","periodo":"Ediacarano","litotipo_secundario":"Biotita gnaisse, Biotita xisto, Xisto, Gnaisse, Mármore, Rocha calcissilicática, Muscovita quartzito","grupo":"Formação Jucurutu","fonte":"Folhas João Câmara, Lajes, Natal, Santa Cruz, São José do MIpibu, São José do Campestre - GEOSBG/CPRM (2014)"},"geometry":{"type":"Polygon","coordinates":[[[-36.207748,-5.90041],[-36.207991,-5.899514],[-36.206875,-5.895983],[-36.20217,-5.884265],[-36.200528,-5.878423],[-36.197747,-5.871333],[-36.192843,-5.853527],[-36.190368,-5.853527],[-36.198676,-5.880656],[-36.205046,-5.895857],[-36.207318,-5.900409],[-36.207748,-5.90041]]]}},{"type":"Feature","id":74,"properties":{"sigla":"PP2_delta_ucai","unidade":"Caicó, Metamáfica-ultramáfica","era":"Paleoproterozóico","periodo":"Riaciano","litotipo_secundario":"Metahornblendito, Metaultramafito, Metagabro","grupo":"Complexo Caicó","fonte":"Folhas João Câmara, Lajes, Natal, Santa Cruz, São José do MIpibu, São José do Campestre - GEOSBG/CPRM (2014)"},"geometry":{"type":"Polygon","coordinates":[[[-36.163265,-5.918225],[-36.163959,-5.917637],[-36.162689,-5.915316],[-36.161911,-5.915047],[-36.161619,-5.91565],[-36.162638,-5.917932],[-36.163265,-5.918225]]]}},{"type":"Feature","id":75,"properties":{"sigla":"NP3sju","unidade":"Jucurutu","era":"Neoproterozóico","periodo":"Ediacarano","litotipo_secundario":"Biotita gnaisse, Biotita xisto, Xisto, Gnaisse, Mármore, Rocha calcissilicática, Muscovita quartzito","grupo":"Formação Jucurutu","fonte":"Folhas João Câmara, Lajes, Natal, Santa Cruz, São José do MIpibu, São José do Campestre - GEOSBG/CPRM (2014)"},"geometry":{"type":"Polygon","coordinates":[[[-36.167299,-5.989006],[-36.185515,-6.016062],[-36.190646,-6.025077],[-36.197062,-6.033105],[-36.214279,-6.051958],[-36.212886,-6.049268],[-36.204616,-6.03754],[-36.198517,-6.027391],[-36.185618,-6.009538],[-36.183691,-6.007021],[-36.183541,-6.008455],[-36.182054,-6.007371],[-36.167612,-5.987445],[-36.166348,-5.984907],[-36.166422,-5.983881],[-36.167411,-5.983153],[-36.166988,-5.982525],[-36.164646,-5.981975],[-36.163224,-5.981122],[-36.167299,-5.989006]]]}},{"type":"Feature","id":76,"properties":{"sigla":"NP3_delta_2s","unidade":"São João do Sabugi","era":"Neoproterozóico","periodo":"Ediacarano","litotipo_secundario":"Diorito, Gabro, Gabronorito, Quartzo monzodiorito, Quartzo diorito, Monzodiorito","grupo":"Suíte Intrusiva São João do Sabugi","fonte":"Folhas João Câmara, Lajes, Natal, Santa Cruz, São José do MIpibu, São José do Campestre - GEOSBG/CPRM (2014)"},"geometry":{"type":"Polygon","coordinates":[[[-36.171141,-5.910192],[-36.170779,-5.910907],[-36.17207,-5.912781],[-36.173194,-5.913975],[-36.174117,-5.914037],[-36.174346,-5.91351],[-36.174012,-5.912508],[-36.1721,-5.910536],[-36.171141,-5.910192]]]}},{"type":"Feature","id":77,"properties":{"sigla":"NP3_delta_2s","unidade":"São João do Sabugi","era":"Neoproterozóico","periodo":"Ediacarano","litotipo_secundario":"Diorito, Gabro, Gabronorito, Quartzo monzodiorito, Quartzo diorito, Monzodiorito","grupo":"Suíte Intrusiva São João do Sabugi","fonte":"Folhas João Câmara, Lajes, Natal, Santa Cruz, São José do MIpibu, São José do Campestre - GEOSBG/CPRM (2014)"},"geometry":{"type":"Polygon","coordinates":[[[-36.220565,-5.940881],[-36.220029,-5.939222],[-36.219423,-5.938724],[-36.2189,-5.9388],[-36.218701,-5.939774],[-36.21951,-5.941292],[-36.220204,-5.941596],[-36.220565,-5.940881]]]}},{"type":"Feature","id":78,"properties":{"sigla":"Q2a","unidade":"Depósitos aluvionares","era":"Cenozóico","periodo":"Neogeno","litotipo_principal":"Areia, Areia arcoseana","grupo":"Depósitos aluvionares","fonte":"Folhas João Câmara, Lajes, Natal, Santa Cruz, São José do MIpibu, São José do Campestre - GEOSBG/CPRM (2014)"},"geometry":{"type":"Polygon","coordinates":[[[-36.266642,-5.913496],[-36.266182,-5.913326],[-36.266096,-5.912473],[-36.26471,-5.912233],[-36.265363,-5.912963],[-36.265854,-5.915055],[-36.266499,-5.915882],[-36.268798,-5.917716],[-36.271381,-5.921047],[-36.272698,-5.921305],[-36.272904,-5.920686],[-36.272517,-5.919239],[-36.270606,-5.918774],[-36.26722,-5.915286],[-36.266642,-5.913496]]]}},{"type":"Feature","id":79,"properties":{"sigla":"Q2a","unidade":"Depósitos aluvionares","era":"Cenozóico","periodo":"Neogeno","litotipo_principal":"Areia, Areia arcoseana","grupo":"Depósitos aluvionares","fonte":"Folhas João Câmara, Lajes, Natal, Santa Cruz, São José do MIpibu, São José do Campestre - GEOSBG/CPRM (2014)"},"geometry":{"type":"Polygon","coordinates":[[[-36.263282,-5.912166],[-36.262242,-5.912473],[-36.26117,-5.910574],[-36.26081,-5.910753],[-36.26011,-5.913096],[-36.260747,-5.915151],[-36.261466,-5.915421],[-36.26318,-5.914855],[-36.263325,-5.913852],[-36.262776,-5.912611],[-36.263282,-5.912166]]]}},{"type":"Feature","id":80,"properties":{"sigla":"Q2a","unidade":"Depósitos aluvionares","era":"Cenozóico","periodo":"Neogeno","litotipo_principal":"Areia, Areia arcoseana","grupo":"Depósitos aluvionares","fonte":"Folhas João Câmara, Lajes, Natal, Santa Cruz, São José do MIpibu, São José do Campestre - GEOSBG/CPRM (2014)"},"geometry":{"type":"Polygon","coordinates":[[[-36.263637,-5.910763],[-36.26538,-5.910734],[-36.265927,-5.910108],[-36.266196,-5.908724],[-36.264706,-5.91034],[-36.263637,-5.910763]]]}},{"type":"Feature","id":81,"properties":{"sigla":"NP3_gamma_3di","unidade":"Dona Inês","era":"Neoproterozóico","periodo":"Ediacarano","litotipo_secundario":"Sienogranito, Monzogranito, Leucogranito, Biotita leucogranito","grupo":"Suíte Intrusiva Dona Inês","fonte":"Folhas João Câmara, Lajes, Natal, Santa Cruz, São José do MIpibu, São José do Campestre - GEOSBG/CPRM (2014)"},"geometry":{"type":"Polygon","coordinates":[[[-36.294747,-5.956921],[-36.295221,-5.965626],[-36.296629,-5.970701],[-36.299428,-5.979043],[-36.304062,-5.988486],[-36.310416,-5.997794],[-36.315347,-6.003509],[-36.324189,-6.006211],[-36.326829,-6.007553],[-36.328576,-6.007696],[-36.331923,-6.005044],[-36.333242,-6.002994],[-36.334039,-6.0],[-36.336553,-5.997224],[-36.339201,-5.992813],[-36.340867,-5.989091],[-36.341479,-5.983611],[-36.341683,-5.981087],[-36.341312,-5.974811],[-36.3375,-5.967729],[-36.336294,-5.963857],[-36.334373,-5.962355],[-36.334015,-5.961545],[-36.334915,-5.956828],[-36.33405,-5.95384],[-36.333103,-5.952114],[-36.330035,-5.949475],[-36.329073,-5.946792],[-36.327523,-5.944127],[-36.326228,-5.942782],[-36.323187,-5.941181],[-36.319426,-5.940722],[-36.315998,-5.937564],[-36.313049,-5.935968],[-36.311478,-5.936015],[-36.309569,-5.936523],[-36.307783,-5.937525],[-36.305624,-5.939576],[-36.304931,-5.941007],[-36.304373,-5.945159],[-36.300484,-5.947053],[-36.29765,-5.950906],[-36.295922,-5.952041],[-36.294964,-5.954326],[-36.294747,-5.956921]],[[-36.310841,-5.957773],[-36.3104,-5.956722],[-36.311243,-5.956033],[-36.31158,-5.957025],[-36.310841,-5.957773]]]}},{"type":"Feature","id":82,"properties":{"sigla":"NP3se","unidade":"Equador","era":"Neoproterozóico","periodo":"Ediacarano","litotipo_principal":"Muscovita quartzito","litotipo_secundario":"Metaconglomerado","grupo":"Formação Equador","fonte":"Folhas João Câmara, Lajes, Natal, Santa Cruz, São José do MIpibu, São José do Campestre - GEOSBG/CPRM (2014)"},"geometry":{"type":"Polygon","coordinates":[[[-36.109156,-5.9685],[-36.109502,-5.965404],[-36.111578,-5.962833],[-36.112956,-5.962324],[-36.116633,-5.96218],[-36.122125,-5.963929],[-36.115879,-5.960163],[-36.112582,-5.959049],[-36.110471,-5.960888],[-36.10912,-5.963708],[-36.10794,-5.964289],[-36.109156,-5.9685]]]}},{"type":"Feature","id":83,"properties":{"sigla":"NP3se","unidade":"Equador","era":"Neoproterozóico","periodo":"Ediacarano","litotipo_principal":"Muscovita quartzito","litotipo_secundario":"Metaconglomerado","grupo":"Formação Equador","fonte":"Folhas João Câmara, Lajes, Natal, Santa Cruz, São José do MIpibu, São José do Campestre - GEOSBG/CPRM (2014)"},"geometry":{"type":"Polygon","coordinates":[[[-36.107668,-5.96229],[-36.108349,-5.961485],[-36.108776,-5.957836],[-36.107786,-5.958089],[-36.107515,-5.958625],[-36.107668,-5.96229]]]}},{"type":"Feature","id":84,"properties":{"sigla":"PP2_gamma_cai","unidade":"Caicó, ortognaisse","era":"Paleoproterozóico","periodo":"Riaciano","litotipo_secundario":"Migmatito, Metagranito, Ortognaisse granodiorítico, Augen gnaisse","grupo":"Complexo Caicó","fonte":"Folhas João Câmara, Lajes, Natal, Santa Cruz, São José do MIpibu, São José do Campestre - GEOSBG/CPRM (2014)"},"geometry":{"type":"Polygon","coordinates":[[[-36.116712,-5.975523],[-36.114566,-5.975378],[-36.116062,-5.979888],[-36.116222,-5.982668],[-36.115129,-5.995081],[-36.115168,-6.0],[-36.116971,-6.00479],[-36.123523,-6.017356],[-36.125712,-6.020767],[-36.128828,-6.022131],[-36.131962,-6.022793],[-36.135377,-6.022942],[-36.138141,-6.022187],[-36.140069,-6.020965],[-36.140779,-6.01952],[-36.140635,-6.008028],[-36.139519,-6.002135],[-36.136748,-5.992291],[-36.134999,-5.989712],[-36.131893,-5.98632],[-36.127855,-5.977628],[-36.124592,-5.971925],[-36.122423,-5.972287],[-36.11852,-5.97518],[-36.116712,-5.975523]]]}},{"type":"Feature","id":85,"properties":{"sigla":"PP2_gamma_cai","unidade":"Caicó, ortognaisse","era":"Paleoproterozóico","periodo":"Riaciano","litotipo_secundario":"Migmatito, Metagranito, Ortognaisse granodiorítico, Augen gnaisse","grupo":"Complexo Caicó","fonte":"Folhas João Câmara, Lajes, Natal, Santa Cruz, São José do MIpibu, São José do Campestre - GEOSBG/CPRM (2014)"},"geometry":{"type":"Polygon","coordinates":[[[-36.113974,-5.973283],[-36.115992,-5.973893],[-36.117391,-5.973788],[-36.123335,-5.97022],[-36.117952,-5.96666],[-36.114548,-5.966941],[-36.113499,-5.967922],[-36.113315,-5.968757],[-36.113536,-5.972285],[-36.113974,-5.973283]]]}},{"type":"Feature","id":86,"properties":{"sigla":"NP3_gamma_3di","unidade":"Dona Inês","era":"Neoproterozóico","periodo":"Ediacarano","litotipo_secundario":"Sienogranito, Monzogranito, Leucogranito, Biotita leucogranito","grupo":"Suíte Intrusiva Dona Inês","fonte":"Folhas João Câmara, Lajes, Natal, Santa Cruz, São José do MIpibu, São José do Campestre - GEOSBG/CPRM (2014)"},"geometry":{"type":"MultiPolygon","coordinates":[[[[-36.377712,-5.959474],[-36.377953,-5.957305],[-36.377138,-5.957946],[-36.377712,-5.959474]]],[[[-36.343167,-5.910582],[-36.337244,-5.916666],[-36.33585,-5.920933],[-36.336158,-5.925238],[-36.338084,-5.928147],[-36.34067,-5.93055],[-36.342531,-5.933052],[-36.343844,-5.935678],[-36.34684,-5.9443],[-36.348241,-5.946619],[-36.351469,-5.950188],[-36.353736,-5.953778],[-36.355047,-5.959148],[-36.357263,-5.961143],[-36.36001,-5.961979],[-36.369306,-5.966325],[-36.373161,-5.967133],[-36.376947,-5.966353],[-36.377645,-5.960072],[-36.374211,-5.962886],[-36.372318,-5.963145],[-36.371711,-5.962377],[-36.371567,-5.960425],[-36.370187,-5.956782],[-36.370395,-5.955764],[-36.37199,-5.954473],[-36.37448,-5.955273],[-36.377476,-5.955212],[-36.378102,-5.955964],[-36.378636,-5.951165],[-36.378529,-5.941467],[-36.379204,-5.941277],[-36.379721,-5.941815],[-36.379965,-5.941562],[-36.379929,-5.939795],[-36.380406,-5.93909],[-36.3796,-5.937352],[-36.379488,-5.936081],[-36.377732,-5.937799],[-36.376884,-5.937653],[-36.376486,-5.937109],[-36.376426,-5.934938],[-36.377363,-5.931121],[-36.374906,-5.9275],[-36.37536,-5.926299],[-36.378187,-5.926218],[-36.378533,-5.925997],[-36.378477,-5.925255],[-36.377218,-5.924797],[-36.374958,-5.922533],[-36.373478,-5.922202],[-36.372913,-5.922426],[-36.36861,-5.920276],[-36.366631,-5.920372],[-36.365429,-5.919484],[-36.362878,-5.920427],[-36.3627,-5.920006],[-36.361334,-5.920452],[-36.357583,-5.918283],[-36.350487,-5.916635],[-36.348372,-5.915668],[-36.348174,-5.913516],[-36.349555,-5.911699],[-36.354754,-5.910558],[-36.357614,-5.911827],[-36.361801,-5.915183],[-36.360151,-5.911422],[-36.358364,-5.909488],[-36.356454,-5.906398],[-36.353639,-5.904973],[-36.34793,-5.904484],[-36.346406,-5.904725],[-36.346252,-5.906456],[-36.345255,-5.908994],[-36.343167,-5.910582]]]]}},{"type":"Feature","id":87,"properties":{"sigla":"PP2_gamma_sc2","unidade":"Santa Cruz, ortognaisse granodiorítico","era":"Paleoproterozóico","periodo":"Riaciano","litotipo_principal":"Ortognaisse granodiorítico","grupo":"Complexo Santa Cruz","fonte":"Folhas João Câmara, Lajes, Natal, Santa Cruz, São José do MIpibu, São José do Campestre - GEOSBG/CPRM (2014)"},"geometry":{"type":"Polygon","coordinates":[[[-36.0,-5.962942],[-36.001677,-5.964988],[-36.003414,-5.966249],[-36.005317,-5.966987],[-36.009338,-5.967724],[-36.011884,-5.970199],[-36.014407,-5.97146],[-36.019356,-5.971008],[-36.022021,-5.96989],[-36.025641,-5.967461],[-36.006091,-5.949073],[-36.001582,-5.944148],[-35.999987,-5.943376],[-35.975727,-5.914462],[-35.970495,-5.90696],[-35.966406,-5.898879],[-35.961295,-5.887217],[-35.95263,-5.860156],[-35.939383,-5.832831],[-35.932692,-5.819886],[-35.925993,-5.805363],[-35.916663,-5.789889],[-35.913512,-5.78829],[-35.910668,-5.785699],[-35.90554,-5.782524],[-35.903181,-5.77976],[-35.910327,-5.790112],[-35.911208,-5.793121],[-35.910678,-5.793819],[-35.909937,-5.793313],[-35.899043,-5.777018],[-35.892208,-5.768718],[-35.881935,-5.754404],[-35.878992,-5.749258],[-35.868374,-5.733441],[-35.861256,-5.724101],[-35.857247,-5.723661],[-35.853978,-5.723945],[-35.856556,-5.735356],[-35.8596,-5.741813],[-35.866141,-5.751507],[-35.875971,-5.768134],[-35.883948,-5.778759],[-35.886755,-5.783572],[-35.890535,-5.78518],[-35.890955,-5.786838],[-35.891679,-5.786182],[-35.892589,-5.786885],[-35.895261,-5.798754],[-35.899796,-5.809338],[-35.900845,-5.813254],[-35.903564,-5.819886],[-35.904522,-5.825924],[-35.903864,-5.830699],[-35.903824,-5.838156],[-35.910864,-5.849238],[-35.912977,-5.858524],[-35.914648,-5.863694],[-35.91579,-5.868924],[-35.917063,-5.872311],[-35.917887,-5.872922],[-35.919213,-5.872666],[-35.919626,-5.872954],[-35.924146,-5.879484],[-35.926563,-5.88513],[-35.927151,-5.888459],[-35.926671,-5.888841],[-35.924998,-5.888455],[-35.924719,-5.889259],[-35.926183,-5.89453],[-35.92632,-5.896795],[-35.925555,-5.898008],[-35.92283,-5.898748],[-35.922731,-5.901446],[-35.922122,-5.903054],[-35.92183,-5.90126],[-35.922036,-5.899296],[-35.921548,-5.899013],[-35.921653,-5.898482],[-35.919962,-5.89791],[-35.918559,-5.896715],[-35.91971,-5.903029],[-35.921782,-5.908982],[-35.92562,-5.916358],[-35.929988,-5.92266],[-35.931586,-5.9245],[-35.949191,-5.936937],[-35.964552,-5.950485],[-35.967347,-5.953508],[-35.968896,-5.956152],[-35.971568,-5.959435],[-35.997409,-5.989366],[-35.999998,-5.996785],[-36.007361,-6.0],[-36.009388,-6.002059],[-36.033248,-6.027922],[-36.053638,-6.049218],[-36.099259,-6.099918],[-36.100045,-6.100245],[-36.107402,-6.100287],[-36.11025,-6.102363],[-36.112659,-6.105024],[-36.114613,-6.106238],[-36.1158,-6.104186],[-36.116473,-6.1042],[-36.11728,-6.103053],[-36.119034,-6.102085],[-36.117719,-6.099212],[-36.116304,-6.097789],[-36.117557,-6.096083],[-36.117717,-6.095577],[-36.117146,-6.09487],[-36.118835,-6.091006],[-36.121022,-6.089452],[-36.121002,-6.088559],[-36.122625,-6.088233],[-36.125664,-6.091519],[-36.12668,-6.091498],[-36.127105,-6.090852],[-36.128031,-6.091168],[-36.129588,-6.090601],[-36.131329,-6.091167],[-36.133365,-6.092646],[-36.135582,-6.091715],[-36.136769,-6.091908],[-36.138497,-6.093042],[-36.139362,-6.095248],[-36.139895,-6.095597],[-36.140664,-6.0954],[-36.140834,-6.096315],[-36.142524,-6.096282],[-36.144237,-6.097398],[-36.152911,-6.105367],[-36.156679,-6.107776],[-36.157613,-6.109071],[-36.158608,-6.107688],[-36.150277,-6.098583],[-36.144878,-6.093486],[-36.136413,-6.086499],[-36.110705,-6.060453],[-36.092984,-6.037867],[-36.084974,-6.028681],[-36.07547,-6.016835],[-36.059347,-6.002769],[-36.036618,-5.977318],[-36.027165,-5.968857],[-36.021831,-5.97334],[-36.017595,-5.973887],[-36.012646,-5.973959],[-36.010909,-5.972816],[-36.009909,-5.970865],[-36.009315,-5.970437],[-36.005698,-5.968724],[-36.00239,-5.968295],[-36.00151,-5.967724],[-36.000007,-5.965523],[-36.0,-5.962942]],[[-35.882461,-5.765203],[-35.884144,-5.766279],[-35.88385,-5.76674],[-35.884098,-5.76721],[-35.891393,-5.775245],[-35.892262,-5.777133],[-35.892142,-5.778448],[-35.891364,-5.778478],[-35.890063,-5.777386],[-35.879287,-5.763866],[-35.872162,-5.753725],[-35.870761,-5.750936],[-35.870815,-5.749745],[-35.871286,-5.749732],[-35.875226,-5.75436],[-35.879665,-5.760217],[-35.882461,-5.765203]],[[-35.896276,-5.793689],[-35.898091,-5.795525],[-35.899866,-5.795243],[-35.900975,-5.796398],[-35.901942,-5.799559],[-35.902027,-5.802763],[-35.899956,-5.803402],[-35.898885,-5.802378],[-35.897788,-5.798993],[-35.896537,-5.798258],[-35.896905,-5.797249],[-35.895917,-5.794156],[-35.896276,-5.793689]],[[-35.904594,-5.80297],[-35.903159,-5.798265],[-35.903258,-5.797578],[-35.90389,-5.797136],[-35.904734,-5.797465],[-35.905558,-5.799287],[-35.906179,-5.804721],[-35.905509,-5.804575],[-35.904594,-5.80297]],[[-35.910272,-5.804412],[-35.910487,-5.799314],[-35.911065,-5.798653],[-35.911731,-5.804571],[-35.910921,-5.806146],[-35.91046,-5.805716],[-35.910272,-5.804412]],[[-35.917651,-5.797791],[-35.914474,-5.7925],[-35.914471,-5.791926],[-35.915907,-5.792779],[-35.91807,-5.795637],[-35.91808,-5.797502],[-35.917651,-5.797791]],[[-35.911616,-5.809023],[-35.912156,-5.809454],[-35.911866,-5.810403],[-35.912617,-5.813252],[-35.912619,-5.815464],[-35.91213,-5.816269],[-35.911273,-5.815085],[-35.910807,-5.807894],[-35.911442,-5.807868],[-35.911616,-5.809023]],[[-35.908624,-5.813996],[-35.910415,-5.818522],[-35.911532,-5.819509],[-35.912392,-5.819404],[-35.913738,-5.818132],[-35.914256,-5.818268],[-35.915405,-5.82231],[-35.913953,-5.822839],[-35.913762,-5.824263],[-35.91844,-5.834981],[-35.918887,-5.838013],[-35.918285,-5.839059],[-35.91742,-5.838988],[-35.915924,-5.837744],[-35.914489,-5.837178],[-35.913335,-5.835606],[-35.91229,-5.827436],[-35.908724,-5.817741],[-35.90778,-5.813584],[-35.908624,-5.813996]],[[-35.919122,-5.822395],[-35.920241,-5.822079],[-35.920934,-5.822751],[-35.9225,-5.825631],[-35.92322,-5.828101],[-35.924423,-5.829275],[-35.92447,-5.829785],[-35.923749,-5.829965],[-35.923773,-5.830556],[-35.926153,-5.835339],[-35.928172,-5.842055],[-35.928213,-5.844208],[-35.927683,-5.845152],[-35.926709,-5.844757],[-35.924271,-5.838339],[-35.923003,-5.834586],[-35.921748,-5.828535],[-35.919122,-5.822395]],[[-35.918799,-5.845371],[-35.922692,-5.856585],[-35.926725,-5.863019],[-35.927788,-5.864132],[-35.932026,-5.866931],[-35.935004,-5.869676],[-35.93824,-5.871537],[-35.940479,-5.874054],[-35.942203,-5.8803],[-35.943127,-5.887455],[-35.944419,-5.889212],[-35.944772,-5.892089],[-35.944174,-5.893405],[-35.942957,-5.893416],[-35.941483,-5.892028],[-35.940647,-5.890394],[-35.939143,-5.884912],[-35.935425,-5.880264],[-35.9288,-5.869103],[-35.927842,-5.868161],[-35.92697,-5.868061],[-35.926362,-5.866732],[-35.923761,-5.864322],[-35.922315,-5.861998],[-35.920506,-5.858088],[-35.91746,-5.849542],[-35.916657,-5.846506],[-35.916739,-5.843891],[-35.917673,-5.843392],[-35.918799,-5.845371]],[[-35.930646,-5.90579],[-35.929737,-5.905708],[-35.92907,-5.903511],[-35.927883,-5.897246],[-35.927193,-5.896743],[-35.928086,-5.894161],[-35.930713,-5.905051],[-35.930646,-5.90579]],[[-35.93331,-5.908429],[-35.932025,-5.915136],[-35.931468,-5.915471],[-35.931085,-5.913069],[-35.93253,-5.906925],[-35.933115,-5.906633],[-35.93331,-5.908429]],[[-35.947834,-5.914023],[-35.948914,-5.915181],[-35.948695,-5.915799],[-35.950335,-5.920322],[-35.95036,-5.921118],[-35.949842,-5.921448],[-35.949069,-5.920912],[-35.94746,-5.915522],[-35.947834,-5.914023]],[[-35.933727,-5.91747],[-35.935854,-5.924895],[-35.935871,-5.925562],[-35.93544,-5.92578],[-35.93425,-5.92453],[-35.933116,-5.921702],[-35.932738,-5.917527],[-35.93313,-5.916689],[-35.933727,-5.91747]],[[-35.940273,-5.920365],[-35.941326,-5.921081],[-35.943046,-5.92647],[-35.942779,-5.927095],[-35.942166,-5.92666],[-35.941512,-5.925094],[-35.941673,-5.924465],[-35.939964,-5.920758],[-35.940273,-5.920365]],[[-36.022226,-5.982819],[-36.021735,-5.982526],[-36.021828,-5.981455],[-36.021371,-5.980295],[-36.020134,-5.978724],[-36.019153,-5.978169],[-36.018369,-5.97857],[-36.017638,-5.980043],[-36.016269,-5.981425],[-36.016673,-5.981804],[-36.017963,-5.981278],[-36.018868,-5.981702],[-36.018987,-5.982138],[-36.015651,-5.983132],[-36.015571,-5.981945],[-36.014775,-5.980668],[-36.014882,-5.980337],[-36.015842,-5.980185],[-36.015917,-5.979191],[-36.01681,-5.978516],[-36.016828,-5.976185],[-36.01985,-5.976863],[-36.020112,-5.977508],[-36.023175,-5.978683],[-36.022703,-5.980186],[-36.02304,-5.98207],[-36.022226,-5.982819]],[[-36.036135,-6.010101],[-36.033418,-6.009187],[-36.027629,-6.004079],[-36.02614,-6.00211],[-36.026129,-6.00059],[-36.026952,-6.000289],[-36.028432,-6.000507],[-36.03066,-6.001657],[-36.033493,-6.00412],[-36.037118,-6.008347],[-36.037206,-6.009695],[-36.036135,-6.010101]],[[-36.044138,-6.026578],[-36.043176,-6.026133],[-36.037931,-6.021075],[-36.037354,-6.020144],[-36.037255,-6.018939],[-36.038268,-6.018983],[-36.039181,-6.019523],[-36.043526,-6.023218],[-36.044621,-6.025643],[-36.04456,-6.026399],[-36.044138,-6.026578]],[[-36.072171,-6.045741],[-36.071161,-6.045325],[-36.069554,-6.042761],[-36.06932,-6.044736],[-36.06846,-6.044791],[-36.067965,-6.043594],[-36.068132,-6.041511],[-36.064648,-6.03808],[-36.064419,-6.036272],[-36.065937,-6.036309],[-36.070691,-6.040312],[-36.072783,-6.04388],[-36.072757,-6.045075],[-36.072171,-6.045741]]]}},{"type":"Feature","id":88,"properties":{"sigla":"NP3ss","unidade":"Seridó","era":"Neoproterozóico","periodo":"Ediacarano","litotipo_secundario":"Biotita-quartzo xisto, Clorita xisto, Xisto aluminoso, Filito, Mármore, Quartzito, Metavulcânica básica, Granada-biotita xisto","grupo":"Grupo Seridó","fonte":"Folhas João Câmara, Lajes, Natal, Santa Cruz, São José do MIpibu, São José do Campestre - GEOSBG/CPRM (2014)"},"geometry":{"type":"MultiPolygon","coordinates":[[[[-36.341042,-6.098357],[-36.34185,-6.098312],[-36.342664,-6.097624],[-36.343791,-6.097399],[-36.342614,-6.097454],[-36.341042,-6.098357]]],[[[-36.399102,-6.02286],[-36.398963,-6.023087],[-36.39894,-6.023242],[-36.399102,-6.02286]]],[[[-36.082042,-5.972635],[-36.077283,-5.972678],[-36.074799,-5.97155],[-36.07359,-5.971436],[-36.072505,-5.971807],[-36.066009,-5.976376],[-36.06638,-5.976976],[-36.067837,-5.977675],[-36.072163,-5.977318],[-36.076498,-5.981508],[-36.078911,-5.983278],[-36.083927,-5.989996],[-36.08327,-5.993108],[-36.081915,-5.994517],[-36.080011,-5.993899],[-36.079517,-5.993248],[-36.079444,-5.989953],[-36.078658,-5.988925],[-36.077222,-5.984645],[-36.07086,-5.981696],[-36.070894,-5.984258],[-36.070259,-5.984698],[-36.069747,-5.981069],[-36.068736,-5.980213],[-36.066407,-5.979935],[-36.068831,-5.984399],[-36.071818,-5.988431],[-36.075564,-5.991176],[-36.078242,-5.992624],[-36.086865,-6.0],[-36.090274,-6.007925],[-36.094491,-6.016338],[-36.106664,-6.037487],[-36.112738,-6.047094],[-36.149835,-6.0905],[-36.156494,-6.098101],[-36.170852,-6.113094],[-36.181162,-6.125496],[-36.182115,-6.126343],[-36.183124,-6.125907],[-36.184258,-6.126976],[-36.185146,-6.126408],[-36.185625,-6.126772],[-36.187287,-6.126738],[-36.18841,-6.127427],[-36.190017,-6.12934],[-36.192991,-6.131244],[-36.201571,-6.130934],[-36.201342,-6.126261],[-36.201884,-6.11963],[-36.202483,-6.116835],[-36.201502,-6.100002],[-36.20076,-6.094963],[-36.200006,-6.092808],[-36.197783,-6.088708],[-36.191717,-6.079329],[-36.186574,-6.067134],[-36.182362,-6.059677],[-36.181492,-6.058666],[-36.181316,-6.059497],[-36.180206,-6.060825],[-36.178298,-6.061317],[-36.177095,-6.061024],[-36.175139,-6.059694],[-36.174621,-6.057368],[-36.175416,-6.05601],[-36.178085,-6.055421],[-36.179929,-6.056119],[-36.173867,-6.046862],[-36.156854,-6.013115],[-36.152674,-6.001331],[-36.152643,-6.0],[-36.152271,-6.0],[-36.146332,-5.983175],[-36.145075,-5.983403],[-36.144371,-5.98407],[-36.145189,-5.989019],[-36.142702,-5.991989],[-36.141883,-5.991858],[-36.141681,-5.99111],[-36.142677,-5.987667],[-36.142315,-5.985954],[-36.140564,-5.984679],[-36.138473,-5.984698],[-36.144674,-6.0],[-36.147048,-6.008468],[-36.148223,-6.016805],[-36.148111,-6.022255],[-36.14732,-6.025084],[-36.143208,-6.032903],[-36.140002,-6.036317],[-36.136445,-6.03833],[-36.135214,-6.038503],[-36.133558,-6.037944],[-36.132881,-6.037128],[-36.127018,-6.026041],[-36.124577,-6.02249],[-36.122326,-6.016932],[-36.12127,-6.01299],[-36.116971,-6.00479],[-36.11538,-6.000957],[-36.115075,-5.996136],[-36.114628,-5.997111],[-36.11395,-5.997195],[-36.112525,-5.995314],[-36.112064,-5.993504],[-36.111965,-5.990343],[-36.11315,-5.983825],[-36.113117,-5.980862],[-36.112745,-5.978658],[-36.111848,-5.977864],[-36.110889,-5.975615],[-36.107994,-5.977559],[-36.105805,-5.978264],[-36.103787,-5.978169],[-36.103368,-5.978797],[-36.103939,-5.980567],[-36.103539,-5.981367],[-36.104148,-5.983537],[-36.10392,-5.985897],[-36.104529,-5.987572],[-36.107852,-5.992046],[-36.107711,-5.992827],[-36.107068,-5.993017],[-36.103727,-5.99052],[-36.102874,-5.990603],[-36.101633,-5.991828],[-36.100995,-5.991662],[-36.10109,-5.990068],[-36.102589,-5.988164],[-36.102685,-5.987069],[-36.102256,-5.985594],[-36.10109,-5.983857],[-36.101709,-5.981906],[-36.100567,-5.975743],[-36.100686,-5.971888],[-36.099972,-5.970366],[-36.098021,-5.96851],[-36.095001,-5.967496],[-36.092693,-5.96761],[-36.086611,-5.970679],[-36.08495,-5.972187],[-36.082042,-5.972635]],[[-36.145247,-6.05755],[-36.150895,-6.060889],[-36.150961,-6.061445],[-36.149362,-6.061772],[-36.144339,-6.059382],[-36.144048,-6.058086],[-36.145247,-6.05755]],[[-36.172359,-6.059418],[-36.173215,-6.060068],[-36.180324,-6.070743],[-36.180924,-6.072503],[-36.180877,-6.074595],[-36.180304,-6.074496],[-36.17924,-6.072423],[-36.174257,-6.066325],[-36.172255,-6.060911],[-36.172359,-6.059418]],[[-36.178798,-6.101857],[-36.176829,-6.101031],[-36.177124,-6.102106],[-36.175964,-6.102229],[-36.175371,-6.100851],[-36.174166,-6.101446],[-36.17391,-6.101144],[-36.174732,-6.099903],[-36.174569,-6.098184],[-36.174956,-6.098057],[-36.175983,-6.098707],[-36.175849,-6.099651],[-36.178675,-6.100783],[-36.1791,-6.101558],[-36.178798,-6.101857]]],[[[-36.244529,-5.849518],[-36.24357,-5.849109],[-36.242714,-5.850373],[-36.241595,-5.851045],[-36.241354,-5.850575],[-36.239656,-5.849785],[-36.238972,-5.849902],[-36.238979,-5.851725],[-36.238506,-5.852179],[-36.23777,-5.852391],[-36.236694,-5.851708],[-36.235891,-5.851724],[-36.235172,-5.852212],[-36.234896,-5.853189],[-36.233291,-5.852152],[-36.23251,-5.852168],[-36.231359,-5.853755],[-36.229225,-5.853744],[-36.228242,-5.852402],[-36.227657,-5.852213],[-36.227523,-5.850848],[-36.225724,-5.85036],[-36.22474,-5.851208],[-36.223371,-5.851642],[-36.223075,-5.852829],[-36.220713,-5.853639],[-36.218531,-5.853044],[-36.217897,-5.855005],[-36.216516,-5.855565],[-36.215092,-5.855227],[-36.213918,-5.855815],[-36.213079,-5.854325],[-36.21071,-5.853701],[-36.209819,-5.854598],[-36.207579,-5.855688],[-36.206806,-5.855672],[-36.206087,-5.855092],[-36.205194,-5.856141],[-36.200899,-5.856513],[-36.195212,-5.853527],[-36.192843,-5.853527],[-36.197747,-5.871333],[-36.200528,-5.878423],[-36.20217,-5.884265],[-36.207316,-5.89727],[-36.208048,-5.900172],[-36.207318,-5.900409],[-36.210025,-5.90585],[-36.211374,-5.912593],[-36.212736,-5.915259],[-36.213321,-5.917749],[-36.220878,-5.930893],[-36.224029,-5.93826],[-36.229495,-5.948221],[-36.230781,-5.950072],[-36.231415,-5.948642],[-36.233057,-5.948499],[-36.233663,-5.948856],[-36.237268,-5.95371],[-36.248226,-5.975875],[-36.25782,-6.0],[-36.268232,-6.018615],[-36.268537,-6.022681],[-36.268274,-6.023645],[-36.2674,-6.024502],[-36.265685,-6.025545],[-36.263782,-6.025985],[-36.260544,-6.02594],[-36.25896,-6.02553],[-36.257094,-6.024306],[-36.253784,-6.02051],[-36.24779,-6.015242],[-36.227541,-5.995106],[-36.226078,-5.99607],[-36.225792,-5.998104],[-36.224923,-5.998846],[-36.224124,-5.998085],[-36.224124,-5.995858],[-36.223819,-5.995401],[-36.221782,-5.993821],[-36.220716,-5.994335],[-36.219955,-5.992108],[-36.218774,-5.99108],[-36.217646,-5.990685],[-36.222066,-6.000056],[-36.233944,-6.021785],[-36.245486,-6.039296],[-36.250099,-6.047926],[-36.257826,-6.064438],[-36.25855,-6.067693],[-36.258258,-6.068696],[-36.256825,-6.068593],[-36.252646,-6.063934],[-36.25002,-6.058924],[-36.248351,-6.053608],[-36.246435,-6.050012],[-36.241546,-6.043938],[-36.238906,-6.041821],[-36.237091,-6.041716],[-36.23539,-6.042735],[-36.234062,-6.04555],[-36.234059,-6.050905],[-36.234987,-6.056265],[-36.234646,-6.05765],[-36.234093,-6.058364],[-36.232321,-6.059216],[-36.22862,-6.059173],[-36.227522,-6.058952],[-36.226308,-6.058109],[-36.208262,-6.033082],[-36.20067,-6.023432],[-36.194279,-6.012259],[-36.188841,-6.0],[-36.182555,-5.990069],[-36.181175,-5.991751],[-36.180853,-5.992834],[-36.181079,-5.993964],[-36.18246,-5.995761],[-36.182186,-5.996368],[-36.181317,-5.996272],[-36.179187,-5.994444],[-36.176636,-5.993264],[-36.173773,-5.99293],[-36.181324,-6.00304],[-36.183691,-6.007021],[-36.192065,-6.018885],[-36.198517,-6.027391],[-36.204616,-6.03754],[-36.212886,-6.049268],[-36.216294,-6.054829],[-36.228483,-6.070059],[-36.235667,-6.0822],[-36.23933,-6.090711],[-36.240774,-6.096035],[-36.243828,-6.104275],[-36.246413,-6.113944],[-36.247156,-6.120059],[-36.246235,-6.128102],[-36.243415,-6.137842],[-36.241713,-6.141696],[-36.23922,-6.143367],[-36.235895,-6.143349],[-36.234467,-6.142328],[-36.233672,-6.140839],[-36.234821,-6.150496],[-36.234483,-6.155182],[-36.233728,-6.156912],[-36.231414,-6.159679],[-36.227593,-6.16193],[-36.227673,-6.162664],[-36.226102,-6.164092],[-36.223446,-6.165072],[-36.223111,-6.166427],[-36.223562,-6.167559],[-36.223105,-6.170347],[-36.223457,-6.171759],[-36.224344,-6.173133],[-36.225595,-6.173432],[-36.227643,-6.174663],[-36.228952,-6.180451],[-36.233306,-6.185091],[-36.235106,-6.189286],[-36.237161,-6.191373],[-36.243194,-6.191371],[-36.249746,-6.178878],[-36.251673,-6.177724],[-36.254557,-6.177463],[-36.254408,-6.176568],[-36.251348,-6.176278],[-36.245508,-6.17751],[-36.242956,-6.177662],[-36.242406,-6.177229],[-36.242361,-6.176246],[-36.2494,-6.174654],[-36.256594,-6.174058],[-36.259375,-6.172649],[-36.260993,-6.171338],[-36.263066,-6.173133],[-36.264489,-6.173453],[-36.265151,-6.175482],[-36.266813,-6.17648],[-36.267048,-6.177221],[-36.266676,-6.177956],[-36.271922,-6.178133],[-36.272687,-6.178659],[-36.273673,-6.180485],[-36.274407,-6.180832],[-36.277195,-6.179767],[-36.280024,-6.179634],[-36.281146,-6.180277],[-36.284291,-6.18025],[-36.285549,-6.179217],[-36.286946,-6.178983],[-36.288531,-6.180004],[-36.290084,-6.179836],[-36.290793,-6.180211],[-36.292153,-6.178844],[-36.291559,-6.17727],[-36.291917,-6.176939],[-36.291865,-6.175619],[-36.29294,-6.175255],[-36.294716,-6.175608],[-36.295426,-6.175136],[-36.295388,-6.174185],[-36.294155,-6.170251],[-36.293223,-6.169649],[-36.29289,-6.168943],[-36.293542,-6.166118],[-36.289927,-6.150976],[-36.291462,-6.159412],[-36.291425,-6.164409],[-36.291001,-6.165674],[-36.290331,-6.16573],[-36.289488,-6.164853],[-36.289135,-6.162853],[-36.287426,-6.158481],[-36.287266,-6.146086],[-36.284994,-6.134754],[-36.283909,-6.132082],[-36.283916,-6.130684],[-36.28467,-6.130317],[-36.285683,-6.1308],[-36.286555,-6.133231],[-36.287491,-6.139417],[-36.28898,-6.144815],[-36.289398,-6.148538],[-36.289521,-6.146672],[-36.290323,-6.14537],[-36.290288,-6.144492],[-36.289685,-6.144049],[-36.289362,-6.139671],[-36.290766,-6.139558],[-36.294636,-6.13796],[-36.295404,-6.13581],[-36.296623,-6.135115],[-36.29709,-6.134173],[-36.298136,-6.133768],[-36.299021,-6.131411],[-36.301419,-6.128906],[-36.300946,-6.127866],[-36.299584,-6.127073],[-36.29939,-6.124781],[-36.300978,-6.12367],[-36.303274,-6.120124],[-36.302411,-6.118337],[-36.30259,-6.117654],[-36.30204,-6.116936],[-36.301881,-6.115607],[-36.302462,-6.114297],[-36.301988,-6.113632],[-36.302275,-6.111577],[-36.303214,-6.110989],[-36.303508,-6.109585],[-36.30414,-6.109339],[-36.308754,-6.113264],[-36.308996,-6.114518],[-36.30823,-6.114897],[-36.307136,-6.114762],[-36.307648,-6.115194],[-36.309463,-6.115014],[-36.311454,-6.116495],[-36.311953,-6.115869],[-36.312992,-6.115534],[-36.313419,-6.116438],[-36.314687,-6.11706],[-36.317344,-6.11576],[-36.317677,-6.116763],[-36.321804,-6.116026],[-36.321253,-6.11422],[-36.323983,-6.113374],[-36.324108,-6.11195],[-36.325524,-6.111594],[-36.326635,-6.110825],[-36.32515,-6.110427],[-36.324444,-6.108813],[-36.326318,-6.102742],[-36.327241,-6.101566],[-36.328245,-6.10095],[-36.329798,-6.100885],[-36.331999,-6.101878],[-36.332178,-6.103427],[-36.333731,-6.102948],[-36.334468,-6.102175],[-36.334132,-6.100778],[-36.334406,-6.099479],[-36.336566,-6.097366],[-36.339583,-6.09588],[-36.342404,-6.095482],[-36.345479,-6.095775],[-36.347271,-6.094732],[-36.35019,-6.091686],[-36.351634,-6.087485],[-36.352809,-6.085692],[-36.357576,-6.0819],[-36.36268,-6.081504],[-36.367081,-6.078321],[-36.368458,-6.078003],[-36.36978,-6.075437],[-36.369537,-6.074316],[-36.368795,-6.073624],[-36.368913,-6.073003],[-36.371435,-6.071131],[-36.372674,-6.071625],[-36.373296,-6.071408],[-36.374411,-6.068047],[-36.375067,-6.06475],[-36.37416,-6.062651],[-36.374176,-6.059438],[-36.376478,-6.055681],[-36.377091,-6.04744],[-36.378089,-6.046469],[-36.379524,-6.045998],[-36.381224,-6.046168],[-36.383339,-6.047403],[-36.388246,-6.044117],[-36.388502,-6.042617],[-36.386366,-6.041736],[-36.385721,-6.040901],[-36.385825,-6.03896],[-36.387555,-6.036893],[-36.38629,-6.033797],[-36.387646,-6.03192],[-36.389818,-6.031089],[-36.390557,-6.030394],[-36.390872,-6.02657],[-36.391363,-6.025683],[-36.392207,-6.025161],[-36.393238,-6.025194],[-36.394267,-6.02585],[-36.396565,-6.028682],[-36.398324,-6.029116],[-36.39889,-6.02724],[-36.398528,-6.025493],[-36.397452,-6.025956],[-36.397091,-6.024957],[-36.396262,-6.024523],[-36.395694,-6.023566],[-36.395695,-6.022295],[-36.397032,-6.019855],[-36.396594,-6.018569],[-36.395472,-6.017925],[-36.394089,-6.017997],[-36.392802,-6.018938],[-36.391901,-6.018482],[-36.392786,-6.014778],[-36.392438,-6.012588],[-36.39098,-6.01025],[-36.391551,-6.007768],[-36.391485,-6.005151],[-36.390115,-6.002869],[-36.388171,-6.002821],[-36.387772,-6.00247],[-36.388825,-6.001954],[-36.390009,-6.002017],[-36.391697,-6.003713],[-36.392272,-6.005265],[-36.39173,-6.009868],[-36.392515,-6.010883],[-36.393779,-6.014892],[-36.394226,-6.015122],[-36.393901,-6.012194],[-36.393083,-6.010785],[-36.393321,-6.008881],[-36.39287,-6.007622],[-36.39358,-6.00694],[-36.393207,-6.00572],[-36.39344,-6.005497],[-36.39267,-6.004661],[-36.392517,-6.003096],[-36.391841,-6.002446],[-36.392074,-6.001746],[-36.390888,-6.000534],[-36.390028,-6.000395],[-36.38777,-6.002095],[-36.385968,-6.002311],[-36.383798,-6.004573],[-36.381175,-6.006245],[-36.385795,-6.007863],[-36.38607,-6.00839],[-36.385603,-6.009105],[-36.384705,-6.009125],[-36.382885,-6.00816],[-36.37928,-6.007884],[-36.379468,-6.008555],[-36.381273,-6.008592],[-36.383031,-6.009562],[-36.383753,-6.010478],[-36.383547,-6.01151],[-36.38254,-6.011448],[-36.380349,-6.010161],[-36.378882,-6.010139],[-36.378004,-6.010929],[-36.377949,-6.011493],[-36.378897,-6.013124],[-36.378907,-6.013846],[-36.378093,-6.01431],[-36.37716,-6.013713],[-36.376498,-6.012371],[-36.376264,-6.009376],[-36.377495,-6.007584],[-36.379722,-6.006372],[-36.377944,-6.005644],[-36.377302,-6.00393],[-36.378,-5.998219],[-36.378489,-5.997673],[-36.377955,-5.995166],[-36.378362,-5.994379],[-36.376358,-5.993326],[-36.375985,-5.992121],[-36.375248,-5.991722],[-36.373955,-5.992007],[-36.373102,-5.988227],[-36.372783,-5.984169],[-36.375913,-5.971759],[-36.374867,-5.969249],[-36.373111,-5.967118],[-36.369306,-5.966325],[-36.36001,-5.961979],[-36.357263,-5.961143],[-36.355047,-5.959148],[-36.353736,-5.953778],[-36.351469,-5.950188],[-36.348241,-5.946619],[-36.34684,-5.9443],[-36.343844,-5.935678],[-36.342531,-5.933052],[-36.34067,-5.93055],[-36.338084,-5.928147],[-36.336158,-5.925238],[-36.33585,-5.920933],[-36.337244,-5.916666],[-36.337964,-5.915733],[-36.338325,-5.913135],[-36.337169,-5.909487],[-36.33345,-5.904531],[-36.330418,-5.898967],[-36.3265,-5.894495],[-36.322807,-5.892803],[-36.320032,-5.89273],[-36.318564,-5.893859],[-36.317149,-5.896644],[-36.316721,-5.898782],[-36.316819,-5.903271],[-36.319093,-5.919526],[-36.321282,-5.925339],[-36.321166,-5.929737],[-36.320379,-5.934319],[-36.319226,-5.93717],[-36.317563,-5.939058],[-36.319426,-5.940722],[-36.323187,-5.941181],[-36.326228,-5.942782],[-36.327523,-5.944127],[-36.329073,-5.946792],[-36.330035,-5.949475],[-36.332439,-5.951326],[-36.333672,-5.952977],[-36.334915,-5.956828],[-36.334015,-5.961545],[-36.334373,-5.962355],[-36.336294,-5.963857],[-36.3375,-5.967729],[-36.341312,-5.974811],[-36.341683,-5.981087],[-36.341088,-5.987777],[-36.340528,-5.989927],[-36.336553,-5.997224],[-36.334039,-6.0],[-36.333242,-6.002994],[-36.331923,-6.005044],[-36.328184,-6.007808],[-36.320068,-6.004884],[-36.320167,-6.005227],[-36.323838,-6.013924],[-36.327081,-6.019272],[-36.333571,-6.023202],[-36.339469,-6.022476],[-36.341014,-6.023],[-36.343795,-6.024907],[-36.352422,-6.035828],[-36.3552,-6.041212],[-36.356491,-6.041709],[-36.358962,-6.041239],[-36.358962,-6.041866],[-36.357982,-6.042494],[-36.358374,-6.043631],[-36.358058,-6.043961],[-36.356648,-6.042964],[-36.355739,-6.042966],[-36.357506,-6.046555],[-36.35766,-6.045048],[-36.358569,-6.044814],[-36.359423,-6.045994],[-36.359482,-6.047534],[-36.360234,-6.048208],[-36.363752,-6.049621],[-36.36708,-6.05309],[-36.36974,-6.054155],[-36.371683,-6.055494],[-36.372014,-6.056136],[-36.371582,-6.056555],[-36.370579,-6.05655],[-36.366412,-6.054808],[-36.364756,-6.053547],[-36.363296,-6.051187],[-36.362119,-6.050584],[-36.361521,-6.050724],[-36.36143,-6.052665],[-36.364189,-6.056184],[-36.364654,-6.058845],[-36.365921,-6.059463],[-36.367393,-6.061441],[-36.366665,-6.062681],[-36.366618,-6.063646],[-36.368667,-6.067621],[-36.368456,-6.068796],[-36.367494,-6.069131],[-36.366695,-6.068386],[-36.3669,-6.066412],[-36.365612,-6.064191],[-36.365014,-6.061257],[-36.364032,-6.060941],[-36.363058,-6.061769],[-36.362287,-6.061162],[-36.362679,-6.056196],[-36.360341,-6.052823],[-36.359438,-6.050834],[-36.358568,-6.050598],[-36.357752,-6.052208],[-36.357132,-6.054405],[-36.356783,-6.059855],[-36.355667,-6.060961],[-36.353817,-6.060701],[-36.343595,-6.055003],[-36.342603,-6.056062],[-36.340379,-6.055649],[-36.337504,-6.053454],[-36.332637,-6.046411],[-36.325627,-6.034316],[-36.322605,-6.026867],[-36.319158,-6.02004],[-36.318375,-6.016534],[-36.313849,-6.004076],[-36.308813,-5.998953],[-36.304873,-5.995835],[-36.299969,-5.990761],[-36.29655,-5.986727],[-36.293764,-5.982238],[-36.291955,-5.978472],[-36.290213,-5.973395],[-36.289938,-5.970955],[-36.28776,-5.96231],[-36.286496,-5.962787],[-36.284702,-5.960434],[-36.28532,-5.958992],[-36.287245,-5.959602],[-36.286303,-5.955645],[-36.285111,-5.953401],[-36.283944,-5.945994],[-36.282081,-5.940246],[-36.279176,-5.933198],[-36.277775,-5.925088],[-36.271121,-5.903397],[-36.269116,-5.898396],[-36.266594,-5.888831],[-36.264266,-5.884042],[-36.261554,-5.87607],[-36.254441,-5.862584],[-36.247804,-5.851692],[-36.245493,-5.846584],[-36.244631,-5.847312],[-36.245203,-5.8493],[-36.244529,-5.849518]],[[-36.247428,-5.873194],[-36.245874,-5.872858],[-36.244183,-5.871091],[-36.243678,-5.871217],[-36.243956,-5.872605],[-36.243527,-5.872908],[-36.242189,-5.871772],[-36.240927,-5.871621],[-36.239816,-5.868466],[-36.24075,-5.867532],[-36.241179,-5.866396],[-36.242618,-5.866497],[-36.242416,-5.86834],[-36.243577,-5.868668],[-36.244057,-5.869652],[-36.245192,-5.86998],[-36.247489,-5.872605],[-36.247428,-5.873194]],[[-36.240133,-5.908578],[-36.240035,-5.911475],[-36.241178,-5.91214],[-36.240815,-5.913548],[-36.239953,-5.913987],[-36.23903,-5.913192],[-36.238671,-5.910039],[-36.237569,-5.908424],[-36.236313,-5.90745],[-36.238094,-5.906053],[-36.240133,-5.908578]],[[-36.261662,-5.908994],[-36.262447,-5.91041],[-36.263637,-5.910763],[-36.264706,-5.91034],[-36.266196,-5.908724],[-36.265927,-5.910108],[-36.266489,-5.91029],[-36.266233,-5.911484],[-36.266966,-5.9122],[-36.266687,-5.913455],[-36.267121,-5.915124],[-36.270606,-5.918774],[-36.272517,-5.919239],[-36.272904,-5.920686],[-36.272698,-5.921305],[-36.271381,-5.921047],[-36.268798,-5.917716],[-36.266499,-5.915882],[-36.264769,-5.912252],[-36.262875,-5.912431],[-36.263369,-5.914209],[-36.263018,-5.914981],[-36.261466,-5.915421],[-36.260586,-5.914972],[-36.260182,-5.912351],[-36.260631,-5.911013],[-36.26117,-5.910574],[-36.261236,-5.909335],[-36.261662,-5.908994]],[[-36.264456,-5.929521],[-36.26276,-5.929854],[-36.261848,-5.928336],[-36.260736,-5.924983],[-36.262576,-5.92426],[-36.26385,-5.925226],[-36.263456,-5.927206],[-36.264664,-5.928747],[-36.264456,-5.929521]],[[-36.276699,-5.942035],[-36.277375,-5.941995],[-36.277813,-5.942751],[-36.279465,-5.94311],[-36.279804,-5.944403],[-36.279533,-5.94505],[-36.278629,-5.944921],[-36.277654,-5.944105],[-36.277276,-5.944901],[-36.275644,-5.944363],[-36.275385,-5.941239],[-36.276062,-5.941298],[-36.276699,-5.942035]],[[-36.27632,-6.015546],[-36.272748,-6.015211],[-36.268377,-6.015547],[-36.267706,-6.014876],[-36.268123,-6.014117],[-36.269475,-6.013793],[-36.275296,-6.013903],[-36.277096,-6.01459],[-36.277015,-6.015246],[-36.27632,-6.015546]],[[-36.312531,-6.019709],[-36.310457,-6.01704],[-36.31058,-6.016116],[-36.312202,-6.016527],[-36.312777,-6.017286],[-36.31288,-6.019011],[-36.312531,-6.019709]],[[-36.282675,-6.01951],[-36.285493,-6.019555],[-36.286773,-6.018986],[-36.287199,-6.019745],[-36.287531,-6.019034],[-36.289116,-6.019243],[-36.287958,-6.019413],[-36.287863,-6.020788],[-36.286583,-6.019602],[-36.28554,-6.020408],[-36.283739,-6.019934],[-36.283502,-6.020314],[-36.285256,-6.021167],[-36.285919,-6.021072],[-36.285682,-6.021831],[-36.286773,-6.022257],[-36.287342,-6.023205],[-36.288432,-6.023585],[-36.288622,-6.024201],[-36.287294,-6.026002],[-36.28554,-6.026998],[-36.286536,-6.028088],[-36.287264,-6.029887],[-36.286346,-6.02842],[-36.285587,-6.027946],[-36.285445,-6.026666],[-36.287342,-6.025244],[-36.28791,-6.024343],[-36.286156,-6.022874],[-36.285445,-6.0233],[-36.28426,-6.021831],[-36.283549,-6.022257],[-36.283502,-6.021546],[-36.281842,-6.022494],[-36.281653,-6.0233],[-36.280799,-6.021973],[-36.282269,-6.021214],[-36.281591,-6.020764],[-36.280971,-6.020919],[-36.280704,-6.020266],[-36.279614,-6.020266],[-36.278773,-6.020997],[-36.277919,-6.019549],[-36.280136,-6.018607],[-36.280989,-6.018607],[-36.281131,-6.018133],[-36.280373,-6.017659],[-36.280839,-6.016778],[-36.281984,-6.017991],[-36.282675,-6.01951]],[[-36.27684,-6.021055],[-36.280016,-6.02957],[-36.279935,-6.030669],[-36.277572,-6.028233],[-36.27552,-6.023808],[-36.275353,-6.02013],[-36.275935,-6.020023],[-36.27684,-6.021055]],[[-36.255894,-6.026173],[-36.251886,-6.023701],[-36.251374,-6.022802],[-36.251432,-6.021886],[-36.252379,-6.021985],[-36.25574,-6.024393],[-36.256245,-6.025438],[-36.255894,-6.026173]],[[-36.265265,-6.030079],[-36.266307,-6.031503],[-36.267896,-6.030898],[-36.269236,-6.031691],[-36.269653,-6.033548],[-36.271223,-6.03571],[-36.271066,-6.036735],[-36.270127,-6.036736],[-36.268545,-6.035401],[-36.267068,-6.032804],[-36.265879,-6.032866],[-36.264216,-6.031839],[-36.262248,-6.032244],[-36.261496,-6.03093],[-36.261852,-6.030421],[-36.263853,-6.029974],[-36.265265,-6.030079]],[[-36.28488,-6.031156],[-36.286591,-6.031588],[-36.286912,-6.030449],[-36.288069,-6.031114],[-36.288594,-6.032042],[-36.28854,-6.032953],[-36.286044,-6.033371],[-36.285741,-6.033922],[-36.286159,-6.034813],[-36.287066,-6.035356],[-36.287436,-6.037423],[-36.288236,-6.037836],[-36.289949,-6.03773],[-36.291579,-6.03984],[-36.294157,-6.041602],[-36.294373,-6.042887],[-36.294032,-6.045116],[-36.296014,-6.047178],[-36.296465,-6.048636],[-36.296439,-6.050974],[-36.296033,-6.051883],[-36.295137,-6.05195],[-36.294739,-6.051303],[-36.294209,-6.04709],[-36.292003,-6.0454],[-36.292133,-6.042331],[-36.291501,-6.041102],[-36.289589,-6.039449],[-36.286451,-6.039412],[-36.285379,-6.038934],[-36.284539,-6.037925],[-36.284421,-6.037064],[-36.284973,-6.035618],[-36.283777,-6.034034],[-36.28347,-6.03244],[-36.28389,-6.031546],[-36.28488,-6.031156]],[[-36.272816,-6.038677],[-36.274783,-6.039508],[-36.276791,-6.038748],[-36.278089,-6.038869],[-36.278495,-6.041021],[-36.280141,-6.041609],[-36.280724,-6.043552],[-36.283286,-6.044032],[-36.284659,-6.045544],[-36.285541,-6.048502],[-36.285242,-6.05009],[-36.284452,-6.050281],[-36.282326,-6.048829],[-36.28062,-6.04856],[-36.279186,-6.047787],[-36.278207,-6.0465],[-36.277529,-6.04456],[-36.275374,-6.043675],[-36.274445,-6.042776],[-36.274156,-6.04178],[-36.272358,-6.040308],[-36.272108,-6.039126],[-36.272816,-6.038677]],[[-36.326224,-6.039782],[-36.326862,-6.040165],[-36.328372,-6.047485],[-36.329713,-6.050449],[-36.329863,-6.053753],[-36.329179,-6.055096],[-36.328658,-6.054867],[-36.328161,-6.05367],[-36.327603,-6.049705],[-36.325741,-6.044716],[-36.325529,-6.040725],[-36.326224,-6.039782]],[[-36.29533,-6.054144],[-36.297125,-6.055411],[-36.299322,-6.054539],[-36.300815,-6.055244],[-36.303089,-6.055108],[-36.303888,-6.055922],[-36.304125,-6.057509],[-36.305969,-6.057831],[-36.306346,-6.059077],[-36.305821,-6.059451],[-36.304387,-6.059222],[-36.303207,-6.060505],[-36.302185,-6.060411],[-36.301394,-6.059445],[-36.302033,-6.058283],[-36.300425,-6.056155],[-36.296992,-6.057061],[-36.296325,-6.057931],[-36.295557,-6.057951],[-36.293598,-6.056485],[-36.293445,-6.055417],[-36.29439,-6.054096],[-36.29533,-6.054144]],[[-36.328319,-6.065198],[-36.325779,-6.057223],[-36.325934,-6.054785],[-36.330181,-6.057652],[-36.333324,-6.061959],[-36.340282,-6.075091],[-36.344362,-6.083675],[-36.345659,-6.090185],[-36.337838,-6.082125],[-36.328319,-6.065198]],[[-36.257407,-6.073318],[-36.259806,-6.08066],[-36.259488,-6.081756],[-36.258684,-6.081472],[-36.256973,-6.076845],[-36.255879,-6.072206],[-36.256101,-6.070715],[-36.257407,-6.073318]],[[-36.253586,-6.08182],[-36.25309,-6.082404],[-36.251597,-6.081059],[-36.249313,-6.076565],[-36.249231,-6.074459],[-36.250116,-6.074371],[-36.250748,-6.075097],[-36.253586,-6.08182]],[[-36.28757,-6.082292],[-36.28611,-6.080631],[-36.28475,-6.08068],[-36.284449,-6.080234],[-36.28465,-6.079063],[-36.286133,-6.079148],[-36.286578,-6.079799],[-36.287242,-6.079942],[-36.287099,-6.080621],[-36.287939,-6.082082],[-36.28757,-6.082292]],[[-36.317481,-6.08036],[-36.31576,-6.077858],[-36.312911,-6.07677],[-36.311349,-6.076487],[-36.309727,-6.076751],[-36.308408,-6.0748],[-36.306019,-6.073991],[-36.305953,-6.073037],[-36.307598,-6.072632],[-36.308669,-6.073226],[-36.310058,-6.074883],[-36.314299,-6.075169],[-36.315309,-6.076393],[-36.317643,-6.077434],[-36.318641,-6.080519],[-36.317481,-6.08036]],[[-36.347603,-6.075611],[-36.34846,-6.076676],[-36.35024,-6.082811],[-36.349744,-6.085884],[-36.348537,-6.088429],[-36.347883,-6.088947],[-36.347436,-6.088745],[-36.347403,-6.08815],[-36.348539,-6.086306],[-36.348808,-6.084759],[-36.346996,-6.076584],[-36.347098,-6.075931],[-36.347603,-6.075611]],[[-36.321282,-6.033015],[-36.319505,-6.029843],[-36.319179,-6.02872],[-36.319453,-6.028202],[-36.320346,-6.028682],[-36.323861,-6.032505],[-36.325244,-6.035519],[-36.325128,-6.036222],[-36.323949,-6.036088],[-36.321282,-6.033015]],[[-36.371226,-6.04654],[-36.370272,-6.042905],[-36.369813,-6.042974],[-36.36932,-6.044141],[-36.368084,-6.043468],[-36.367345,-6.04368],[-36.366699,-6.045341],[-36.366125,-6.045575],[-36.365382,-6.045026],[-36.364858,-6.043818],[-36.363824,-6.044208],[-36.362514,-6.044037],[-36.360727,-6.04311],[-36.359216,-6.042873],[-36.359069,-6.042119],[-36.360494,-6.040906],[-36.36201,-6.041481],[-36.36724,-6.0417],[-36.370979,-6.040369],[-36.375999,-6.040989],[-36.37846,-6.040348],[-36.37984,-6.040928],[-36.381208,-6.042671],[-36.384874,-6.043219],[-36.385115,-6.043687],[-36.384846,-6.044575],[-36.384192,-6.045052],[-36.38149,-6.045082],[-36.380202,-6.044603],[-36.37988,-6.043088],[-36.379188,-6.042518],[-36.375573,-6.043232],[-36.374413,-6.043111],[-36.372862,-6.042258],[-36.37199,-6.042856],[-36.372257,-6.045732],[-36.372008,-6.046598],[-36.371226,-6.04654]],[[-36.36091,-6.019151],[-36.359908,-6.015875],[-36.360025,-6.010697],[-36.35884,-6.010259],[-36.358316,-6.011131],[-36.357178,-6.01137],[-36.356529,-6.008196],[-36.35458,-6.007178],[-36.358421,-6.019582],[-36.361145,-6.019825],[-36.359685,-6.020675],[-36.360151,-6.022165],[-36.359685,-6.022311],[-36.359116,-6.021066],[-36.358085,-6.020533],[-36.357659,-6.021564],[-36.356912,-6.021813],[-36.356815,-6.022764],[-36.356307,-6.021955],[-36.356411,-6.020396],[-36.352983,-6.01204],[-36.351715,-6.007706],[-36.351176,-6.005143],[-36.351416,-6.003628],[-36.350031,-6.002641],[-36.350398,-6.000835],[-36.351851,-6.000704],[-36.352885,-6.001063],[-36.35363,-6.004232],[-36.359739,-6.009067],[-36.361255,-6.009854],[-36.363988,-6.014018],[-36.364969,-6.017513],[-36.365407,-6.015951],[-36.364782,-6.014879],[-36.365014,-6.014264],[-36.370773,-6.014507],[-36.371451,-6.015163],[-36.370699,-6.016457],[-36.370745,-6.017498],[-36.371654,-6.018379],[-36.372477,-6.018569],[-36.370276,-6.00555],[-36.369777,-6.00501],[-36.368482,-6.004652],[-36.368014,-6.005116],[-36.367864,-6.00655],[-36.366559,-6.00668],[-36.365593,-6.004954],[-36.363836,-6.003783],[-36.362913,-6.003664],[-36.362659,-6.00428],[-36.364023,-6.006639],[-36.363878,-6.007055],[-36.363376,-6.007088],[-36.361018,-6.004315],[-36.35918,-6.003603],[-36.359091,-6.002692],[-36.360505,-6.00229],[-36.361598,-6.001434],[-36.363989,-6.001804],[-36.365347,-6.001087],[-36.365434,-6.002392],[-36.365896,-6.00309],[-36.369742,-6.003324],[-36.370989,-6.004923],[-36.373527,-6.005946],[-36.376586,-6.02072],[-36.376497,-6.022807],[-36.375487,-6.022766],[-36.373741,-6.020928],[-36.373083,-6.022109],[-36.371655,-6.021166],[-36.370387,-6.021778],[-36.369822,-6.021675],[-36.369459,-6.021186],[-36.36914,-6.017332],[-36.367092,-6.015737],[-36.366561,-6.015777],[-36.366308,-6.016293],[-36.366949,-6.018555],[-36.366251,-6.019126],[-36.365401,-6.018756],[-36.371542,-6.040176],[-36.368897,-6.035888],[-36.367581,-6.032281],[-36.365179,-6.028209],[-36.36091,-6.019151]],[[-36.3637,-6.009414],[-36.36458,-6.009427],[-36.365027,-6.013068],[-36.363442,-6.01102],[-36.362787,-6.010633],[-36.362359,-6.010818],[-36.36171,-6.009022],[-36.362971,-6.008571],[-36.3637,-6.009414]],[[-36.339889,-6.007307],[-36.33771,-6.005897],[-36.336729,-6.004004],[-36.336921,-6.00346],[-36.338357,-6.003041],[-36.338374,-6.001308],[-36.33892,-6.000762],[-36.340796,-6.002838],[-36.339132,-6.004921],[-36.339237,-6.006046],[-36.340139,-6.006976],[-36.339889,-6.007307]],[[-36.35174,-5.983842],[-36.352054,-5.984365],[-36.351611,-5.985442],[-36.350032,-5.987366],[-36.349872,-5.988067],[-36.348387,-5.987753],[-36.35057,-5.984383],[-36.35174,-5.983842]],[[-36.361382,-5.965009],[-36.363961,-5.964983],[-36.36556,-5.966234],[-36.366485,-5.968495],[-36.366574,-5.969854],[-36.365976,-5.97119],[-36.364996,-5.972314],[-36.364269,-5.97254],[-36.361635,-5.971953],[-36.360342,-5.970723],[-36.359452,-5.968959],[-36.359462,-5.967046],[-36.360289,-5.965807],[-36.361382,-5.965009]],[[-36.336582,-5.930604],[-36.337367,-5.931078],[-36.337904,-5.932281],[-36.337527,-5.932396],[-36.336319,-5.931495],[-36.336103,-5.931018],[-36.336582,-5.930604]],[[-36.33053,-5.920304],[-36.331426,-5.920905],[-36.331289,-5.920059],[-36.331608,-5.919813],[-36.332203,-5.920697],[-36.332198,-5.921579],[-36.331066,-5.92256],[-36.330013,-5.921744],[-36.33053,-5.920304]],[[-36.250062,-6.094176],[-36.241893,-6.094234],[-36.240923,-6.093383],[-36.241228,-6.092667],[-36.241844,-6.092584],[-36.248878,-6.093065],[-36.249979,-6.09353],[-36.250062,-6.094176]],[[-36.250041,-6.098825],[-36.251537,-6.099754],[-36.251598,-6.101118],[-36.25059,-6.101087],[-36.250074,-6.101821],[-36.249522,-6.101696],[-36.249268,-6.099423],[-36.250041,-6.098825]],[[-36.265276,-6.114277],[-36.257695,-6.113653],[-36.257259,-6.112563],[-36.257787,-6.112064],[-36.262743,-6.112077],[-36.267013,-6.113151],[-36.266854,-6.113927],[-36.265276,-6.114277]],[[-36.250271,-6.117087],[-36.257554,-6.137092],[-36.257889,-6.139413],[-36.257067,-6.13905],[-36.254567,-6.133734],[-36.251622,-6.123908],[-36.2489,-6.117998],[-36.248811,-6.116792],[-36.249166,-6.116488],[-36.249977,-6.116626],[-36.250271,-6.117087]],[[-36.250505,-6.14659],[-36.256025,-6.157891],[-36.25793,-6.163651],[-36.258215,-6.16627],[-36.257633,-6.168084],[-36.256713,-6.168116],[-36.255534,-6.167344],[-36.253444,-6.163714],[-36.249244,-6.148006],[-36.249276,-6.1465],[-36.250505,-6.14659]],[[-36.249721,-6.165873],[-36.24843,-6.163198],[-36.247727,-6.160541],[-36.247756,-6.154975],[-36.24721,-6.149751],[-36.247847,-6.148435],[-36.248446,-6.149026],[-36.248965,-6.15118],[-36.250064,-6.163322],[-36.250067,-6.165402],[-36.249721,-6.165873]],[[-36.245873,-6.16772],[-36.247044,-6.174076],[-36.2466,-6.175078],[-36.245347,-6.175329],[-36.244651,-6.174895],[-36.244483,-6.174225],[-36.244166,-6.168906],[-36.24442,-6.167904],[-36.245196,-6.167544],[-36.245873,-6.16772]],[[-36.282424,-6.149067],[-36.283044,-6.149376],[-36.286387,-6.157054],[-36.287636,-6.161402],[-36.288952,-6.163761],[-36.288738,-6.165429],[-36.287866,-6.165037],[-36.287113,-6.163742],[-36.282219,-6.14986],[-36.282424,-6.149067]],[[-36.247636,-6.062721],[-36.244422,-6.055006],[-36.24451,-6.054134],[-36.246252,-6.054514],[-36.24784,-6.059136],[-36.249827,-6.063016],[-36.249583,-6.064055],[-36.248795,-6.064047],[-36.247636,-6.062721]],[[-36.234577,-6.007553],[-36.23636,-6.007696],[-36.235932,-6.009335],[-36.236698,-6.011082],[-36.235896,-6.011118],[-36.234934,-6.010155],[-36.234577,-6.007553]]]]}},{"type":"Feature","id":89,"properties":{"sigla":"NP3ssa","unidade":"Seridó, aluminoso-porfiroblástico","era":"Neoproterozóico","periodo":"Ediacarano","litotipo_secundario":"Xisto aluminoso, Xisto","grupo":"Grupo Seridó","fonte":"Folhas João Câmara, Lajes, Natal, Santa Cruz, São José do MIpibu, São José do Campestre - GEOSBG/CPRM (2014)"},"geometry":{"type":"Polygon","coordinates":[[[-36.115096,-5.93531],[-36.120569,-5.942441],[-36.121253,-5.942503],[-36.121511,-5.941975],[-36.12082,-5.939247],[-36.120849,-5.937385],[-36.121592,-5.937604],[-36.124024,-5.940518],[-36.124924,-5.94066],[-36.126143,-5.939647],[-36.125793,-5.937117],[-36.122845,-5.932253],[-36.122136,-5.933055],[-36.1205,-5.933496],[-36.119415,-5.934809],[-36.118387,-5.934942],[-36.116274,-5.934143],[-36.115589,-5.934409],[-36.115096,-5.93531]]]}},{"type":"Feature","id":90,"properties":{"sigla":"NP3ssa","unidade":"Seridó, aluminoso-porfiroblástico","era":"Neoproterozóico","periodo":"Ediacarano","litotipo_secundario":"Xisto aluminoso, Xisto","grupo":"Grupo Seridó","fonte":"Folhas João Câmara, Lajes, Natal, Santa Cruz, São José do MIpibu, São José do Campestre - GEOSBG/CPRM (2014)"},"geometry":{"type":"Polygon","coordinates":[[[-36.113762,-5.932392],[-36.117169,-5.931573],[-36.119453,-5.929879],[-36.119644,-5.928661],[-36.119035,-5.92729],[-36.119092,-5.925786],[-36.118006,-5.923901],[-36.117618,-5.922191],[-36.116374,-5.920636],[-36.116081,-5.919581],[-36.115326,-5.919898],[-36.113486,-5.916954],[-36.112689,-5.916004],[-36.112217,-5.915958],[-36.111813,-5.916372],[-36.111819,-5.918036],[-36.112764,-5.920785],[-36.111635,-5.921279],[-36.110617,-5.92054],[-36.109973,-5.920551],[-36.109351,-5.921551],[-36.112274,-5.930025],[-36.113762,-5.932392]]]}},{"type":"Feature","id":91,"properties":{"sigla":"NP3ss","unidade":"Seridó","era":"Neoproterozóico","periodo":"Ediacarano","litotipo_secundario":"Biotita-quartzo xisto, Clorita xisto, Xisto aluminoso, Filito, Mármore, Quartzito, Metavulcânica básica, Granada-biotita xisto","grupo":"Grupo Seridó","fonte":"Folhas João Câmara, Lajes, Natal, Santa Cruz, São José do MIpibu, São José do Campestre - GEOSBG/CPRM (2014)"},"geometry":{"type":"Polygon","coordinates":[[[-36.166988,-5.982525],[-36.168537,-5.983819],[-36.172419,-5.990572],[-36.171404,-5.988491],[-36.170278,-5.983825],[-36.169634,-5.98286],[-36.169071,-5.982377],[-36.166988,-5.982525]]]}},{"type":"Feature","id":92,"properties":{"sigla":"NP3ss","unidade":"Seridó","era":"Neoproterozóico","periodo":"Ediacarano","litotipo_secundario":"Biotita-quartzo xisto, Clorita xisto, Xisto aluminoso, Filito, Mármore, Quartzito, Metavulcânica básica, Granada-biotita xisto","grupo":"Grupo Seridó","fonte":"Folhas João Câmara, Lajes, Natal, Santa Cruz, São José do MIpibu, São José do Campestre - GEOSBG/CPRM (2014)"},"geometry":{"type":"Polygon","coordinates":[[[-36.148753,-5.94293],[-36.161322,-5.969059],[-36.165627,-5.979291],[-36.167098,-5.979118],[-36.167826,-5.979518],[-36.168483,-5.980603],[-36.171852,-5.981816],[-36.173977,-5.989661],[-36.174786,-5.990506],[-36.177773,-5.992029],[-36.179414,-5.992005],[-36.181577,-5.988467],[-36.174306,-5.975953],[-36.169677,-5.967078],[-36.160837,-5.948901],[-36.156049,-5.93755],[-36.154342,-5.938258],[-36.148753,-5.94293]]]}},{"type":"Feature","id":93,"properties":{"sigla":"NP3ss","unidade":"Seridó","era":"Neoproterozóico","periodo":"Ediacarano","litotipo_secundario":"Biotita-quartzo xisto, Clorita xisto, Xisto aluminoso, Filito, Mármore, Quartzito, Metavulcânica básica, Granada-biotita xisto","grupo":"Grupo Seridó","fonte":"Folhas João Câmara, Lajes, Natal, Santa Cruz, São José do MIpibu, São José do Campestre - GEOSBG/CPRM (2014)"},"geometry":{"type":"Polygon","coordinates":[[[-36.117277,-5.891928],[-36.11795,-5.89186],[-36.118819,-5.892825],[-36.120831,-5.897024],[-36.120753,-5.898343],[-36.122245,-5.900735],[-36.125194,-5.904545],[-36.132062,-5.915338],[-36.140688,-5.927766],[-36.148005,-5.941485],[-36.150329,-5.939076],[-36.153133,-5.936974],[-36.15535,-5.936295],[-36.151443,-5.929194],[-36.145608,-5.920537],[-36.133639,-5.906425],[-36.125734,-5.893416],[-36.125256,-5.89431],[-36.124339,-5.894286],[-36.122205,-5.892656],[-36.114937,-5.875603],[-36.113764,-5.874019],[-36.112762,-5.873799],[-36.111612,-5.87469],[-36.111775,-5.877846],[-36.114765,-5.884448],[-36.11645,-5.890276],[-36.117277,-5.891928]]]}},{"type":"Feature","id":94,"properties":{"sigla":"NP3sju","unidade":"Jucurutu","era":"Neoproterozóico","periodo":"Ediacarano","litotipo_secundario":"Biotita gnaisse, Biotita xisto, Xisto, Gnaisse, Mármore, Rocha calcissilicática, Muscovita quartzito","grupo":"Formação Jucurutu","fonte":"Folhas João Câmara, Lajes, Natal, Santa Cruz, São José do MIpibu, São José do Campestre - GEOSBG/CPRM (2014)"},"geometry":{"type":"Polygon","coordinates":[[[-36.373111,-5.967118],[-36.374867,-5.969249],[-36.375913,-5.971759],[-36.376947,-5.966353],[-36.373111,-5.967118]]]}},{"type":"Feature","id":95,"properties":{"sigla":"NP3sjum","unidade":"Jucurutu, mármore","era":"Neoproterozóico","periodo":"Ediacarano","litotipo_principal":"Mármore","litotipo_secundario":"Rocha calcissilicática","grupo":"Formação Jucurutu","fonte":"Folhas João Câmara, Lajes, Natal, Santa Cruz, São José do MIpibu, São José do Campestre - GEOSBG/CPRM (2014)"},"geometry":{"type":"Polygon","coordinates":[[[-36.273716,-5.877252],[-36.27871,-5.886834],[-36.279145,-5.887274],[-36.27976,-5.887181],[-36.280049,-5.886758],[-36.279813,-5.885363],[-36.275217,-5.877859],[-36.274177,-5.875297],[-36.272034,-5.869309],[-36.270447,-5.863112],[-36.268985,-5.862559],[-36.270827,-5.869734],[-36.273716,-5.877252]]]}},{"type":"Feature","id":96,"properties":{"sigla":"NP3sjum","unidade":"Jucurutu, mármore","era":"Neoproterozóico","periodo":"Ediacarano","litotipo_principal":"Mármore","litotipo_secundario":"Rocha calcissilicática","grupo":"Formação Jucurutu","fonte":"Folhas João Câmara, Lajes, Natal, Santa Cruz, São José do MIpibu, São José do Campestre - GEOSBG/CPRM (2014)"},"geometry":{"type":"Polygon","coordinates":[[[-36.256527,-5.832984],[-36.262299,-5.842552],[-36.265554,-5.850744],[-36.268646,-5.861056],[-36.270076,-5.861733],[-36.267041,-5.850326],[-36.265215,-5.845243],[-36.262424,-5.839509],[-36.257837,-5.832359],[-36.25725,-5.832282],[-36.256527,-5.832984]]]}},{"type":"Feature","id":97,"properties":{"sigla":"PP2_gamma_cai","unidade":"Caicó, ortognaisse","era":"Paleoproterozóico","periodo":"Riaciano","litotipo_secundario":"Migmatito, Metagranito, Ortognaisse granodiorítico, Augen gnaisse","grupo":"Complexo Caicó","fonte":"Folhas João Câmara, Lajes, Natal, Santa Cruz, São José do MIpibu, São José do Campestre - GEOSBG/CPRM (2014)"},"geometry":{"type":"Polygon","coordinates":[[[-36.182555,-5.990069],[-36.188841,-6.0],[-36.194279,-6.012259],[-36.20067,-6.023432],[-36.208262,-6.033082],[-36.226308,-6.058109],[-36.227522,-6.058952],[-36.22862,-6.059173],[-36.232321,-6.059216],[-36.234093,-6.058364],[-36.234646,-6.05765],[-36.234987,-6.056265],[-36.234059,-6.050905],[-36.234062,-6.04555],[-36.23539,-6.042735],[-36.237091,-6.041716],[-36.238906,-6.041821],[-36.241546,-6.043938],[-36.246435,-6.050012],[-36.248351,-6.053608],[-36.25002,-6.058924],[-36.252646,-6.063934],[-36.256825,-6.068593],[-36.258258,-6.068696],[-36.25855,-6.067693],[-36.257826,-6.064438],[-36.250099,-6.047926],[-36.245486,-6.039296],[-36.233944,-6.021785],[-36.222066,-6.000056],[-36.217646,-5.990685],[-36.216732,-5.990729],[-36.216518,-5.991257],[-36.217561,-5.994663],[-36.219064,-5.997251],[-36.218874,-5.997561],[-36.21532,-5.991983],[-36.213151,-5.992088],[-36.212544,-5.99398],[-36.211842,-5.993968],[-36.211295,-5.993599],[-36.210272,-5.991532],[-36.207708,-5.989242],[-36.207208,-5.989266],[-36.20571,-5.990922],[-36.202525,-5.991037],[-36.201878,-5.991931],[-36.200545,-5.991627],[-36.200507,-5.992502],[-36.200126,-5.992693],[-36.195098,-5.990334],[-36.192086,-5.98985],[-36.190451,-5.988843],[-36.188171,-5.988317],[-36.18519,-5.988317],[-36.183699,-5.988668],[-36.182555,-5.990069]],[[-36.198626,-6.000055],[-36.200001,-6.00158],[-36.201606,-6.005281],[-36.20154,-6.006524],[-36.200905,-6.006843],[-36.199819,-6.006718],[-36.198702,-6.005601],[-36.196935,-6.001546],[-36.196978,-6.000171],[-36.198626,-6.000055]],[[-36.202722,-6.000293],[-36.20368,-6.000906],[-36.204517,-6.002839],[-36.204815,-6.004483],[-36.204344,-6.005453],[-36.203307,-6.0048],[-36.201801,-6.001755],[-36.201889,-6.000713],[-36.202722,-6.000293]],[[-36.202836,-6.021915],[-36.2093,-6.022155],[-36.210093,-6.022473],[-36.209668,-6.023031],[-36.207101,-6.023237],[-36.202924,-6.022795],[-36.202409,-6.022363],[-36.202836,-6.021915]],[[-36.233075,-6.053003],[-36.227229,-6.053056],[-36.226682,-6.05262],[-36.227099,-6.052235],[-36.230313,-6.051829],[-36.233397,-6.052303],[-36.233075,-6.053003]]]}},{"type":"Feature","id":98,"properties":{"sigla":"PP2_gamma_cai","unidade":"Caicó, ortognaisse","era":"Paleoproterozóico","periodo":"Riaciano","litotipo_secundario":"Migmatito, Metagranito, Ortognaisse granodiorítico, Augen gnaisse","grupo":"Complexo Caicó","fonte":"Folhas João Câmara, Lajes, Natal, Santa Cruz, São José do MIpibu, São José do Campestre - GEOSBG/CPRM (2014)"},"geometry":{"type":"Polygon","coordinates":[[[-36.163224,-5.981122],[-36.160932,-5.981538],[-36.158613,-5.983744],[-36.157525,-5.98565],[-36.156535,-5.986354],[-36.18251,-6.039245],[-36.1958,-6.069706],[-36.205626,-6.087831],[-36.214808,-6.102177],[-36.216342,-6.10574],[-36.223189,-6.118135],[-36.232972,-6.139528],[-36.23808,-6.138369],[-36.239349,-6.136864],[-36.24221,-6.130606],[-36.246235,-6.128102],[-36.247041,-6.122827],[-36.247065,-6.118279],[-36.246413,-6.113944],[-36.24517,-6.109321],[-36.245001,-6.114341],[-36.244413,-6.11725],[-36.241059,-6.125711],[-36.240225,-6.126337],[-36.236826,-6.121113],[-36.23174,-6.109683],[-36.229097,-6.105294],[-36.228268,-6.102191],[-36.22799,-6.0976],[-36.226518,-6.091381],[-36.224849,-6.087012],[-36.221728,-6.082283],[-36.221097,-6.079612],[-36.218195,-6.075366],[-36.212151,-6.063601],[-36.210251,-6.056964],[-36.209618,-6.051775],[-36.210321,-6.050273],[-36.211655,-6.04995],[-36.212581,-6.050239],[-36.197062,-6.033105],[-36.190646,-6.025077],[-36.185515,-6.016062],[-36.172188,-5.996719],[-36.167299,-5.989006],[-36.163224,-5.981122]],[[-36.171517,-6.009422],[-36.169971,-6.009474],[-36.169651,-6.008628],[-36.168879,-6.005672],[-36.168911,-6.00413],[-36.169343,-6.00369],[-36.171025,-6.003914],[-36.1716,-6.003487],[-36.171797,-6.002316],[-36.171133,-6.000606],[-36.172288,-6.000253],[-36.1744,-6.003305],[-36.173429,-6.004103],[-36.172985,-6.005457],[-36.171754,-6.006555],[-36.171517,-6.009422]],[[-36.186238,-6.034825],[-36.184822,-6.033802],[-36.18308,-6.031343],[-36.179149,-6.022584],[-36.179026,-6.020875],[-36.179871,-6.021441],[-36.184204,-6.028635],[-36.186434,-6.033918],[-36.186238,-6.034825]],[[-36.192062,-6.05003],[-36.192894,-6.051746],[-36.192566,-6.05228],[-36.191936,-6.05219],[-36.190586,-6.050902],[-36.187512,-6.046908],[-36.18746,-6.045894],[-36.188644,-6.045919],[-36.192062,-6.05003]]]}},{"type":"Feature","id":99,"properties":{"sigla":"PP2_gamma_cai","unidade":"Caicó, ortognaisse","era":"Paleoproterozóico","periodo":"Riaciano","litotipo_secundario":"Migmatito, Metagranito, Ortognaisse granodiorítico, Augen gnaisse","grupo":"Complexo Caicó","fonte":"Folhas João Câmara, Lajes, Natal, Santa Cruz, São José do MIpibu, São José do Campestre - GEOSBG/CPRM (2014)"},"geometry":{"type":"Polygon","coordinates":[[[-36.141705,-5.958915],[-36.155288,-5.984232],[-36.15996,-5.980246],[-36.162208,-5.979121],[-36.158114,-5.96991],[-36.153005,-5.960531],[-36.14649,-5.945768],[-36.143444,-5.951369],[-36.143354,-5.953091],[-36.144153,-5.956603],[-36.143553,-5.957873],[-36.141705,-5.958915]]]}},{"type":"Feature","id":100,"properties":{"sigla":"PP2_gamma_cai","unidade":"Caicó, ortognaisse","era":"Paleoproterozóico","periodo":"Riaciano","litotipo_secundario":"Migmatito, Metagranito, Ortognaisse granodiorítico, Augen gnaisse","grupo":"Complexo Caicó","fonte":"Folhas João Câmara, Lajes, Natal, Santa Cruz, São José do MIpibu, São José do Campestre - GEOSBG/CPRM (2014)"},"geometry":{"type":"MultiPolygon","coordinates":[[[[-36.088193,-5.836145],[-36.085582,-5.837963],[-36.088434,-5.847118],[-36.093372,-5.859542],[-36.101694,-5.876455],[-36.114028,-5.896974],[-36.118046,-5.906243],[-36.120552,-5.913356],[-36.128654,-5.932009],[-36.140856,-5.956867],[-36.143099,-5.955283],[-36.142576,-5.952975],[-36.142778,-5.950072],[-36.145742,-5.94435],[-36.143413,-5.940664],[-36.138624,-5.930547],[-36.135595,-5.925272],[-36.130708,-5.919223],[-36.123847,-5.908774],[-36.113682,-5.891142],[-36.108272,-5.878597],[-36.106784,-5.87094],[-36.102302,-5.860494],[-36.091569,-5.842531],[-36.088193,-5.836145]],[[-36.09221,-5.853428],[-36.090481,-5.85067],[-36.090354,-5.849809],[-36.09081,-5.849417],[-36.091477,-5.849671],[-36.092304,-5.851289],[-36.092678,-5.852893],[-36.09221,-5.853428]]],[[[-36.098547,-5.829751],[-36.09788,-5.831099],[-36.096998,-5.831081],[-36.094866,-5.832094],[-36.097988,-5.834002],[-36.098557,-5.834794],[-36.105186,-5.85321],[-36.109099,-5.86086],[-36.116937,-5.874269],[-36.125734,-5.893416],[-36.133639,-5.906425],[-36.145608,-5.920537],[-36.151443,-5.929194],[-36.15535,-5.936295],[-36.156812,-5.93566],[-36.160509,-5.935314],[-36.163284,-5.935844],[-36.16555,-5.935692],[-36.168119,-5.937862],[-36.169623,-5.93691],[-36.171165,-5.937595],[-36.171869,-5.938395],[-36.173011,-5.938642],[-36.174268,-5.938395],[-36.174553,-5.936491],[-36.175277,-5.936149],[-36.176286,-5.937672],[-36.178665,-5.938224],[-36.178798,-5.938852],[-36.178227,-5.939137],[-36.177751,-5.940337],[-36.178322,-5.942564],[-36.177561,-5.942925],[-36.176438,-5.941212],[-36.17463,-5.942545],[-36.172421,-5.941003],[-36.170765,-5.941022],[-36.167339,-5.939766],[-36.163094,-5.939366],[-36.162066,-5.938814],[-36.161171,-5.937032],[-36.158232,-5.93689],[-36.156049,-5.93755],[-36.160837,-5.948901],[-36.169677,-5.967078],[-36.174306,-5.975953],[-36.181577,-5.988467],[-36.183959,-5.986972],[-36.189051,-5.986663],[-36.190158,-5.985783],[-36.190975,-5.986931],[-36.192716,-5.988055],[-36.194048,-5.98815],[-36.195321,-5.987222],[-36.195845,-5.987246],[-36.196665,-5.989066],[-36.198046,-5.98959],[-36.19889,-5.989495],[-36.200026,-5.988153],[-36.203603,-5.988054],[-36.206671,-5.986497],[-36.207384,-5.985581],[-36.208379,-5.985682],[-36.209593,-5.987139],[-36.212334,-5.988052],[-36.214361,-5.988038],[-36.215518,-5.987524],[-36.215762,-5.987045],[-36.214303,-5.984105],[-36.206961,-5.97308],[-36.201518,-5.963537],[-36.195209,-5.953908],[-36.189528,-5.94424],[-36.185565,-5.935651],[-36.17668,-5.921205],[-36.173798,-5.914129],[-36.172819,-5.913653],[-36.170928,-5.911266],[-36.170781,-5.910473],[-36.171376,-5.910177],[-36.168172,-5.905417],[-36.167344,-5.904887],[-36.158436,-5.891359],[-36.154405,-5.886079],[-36.151329,-5.880574],[-36.146212,-5.873548],[-36.143686,-5.869411],[-36.138277,-5.858084],[-36.134123,-5.859561],[-36.129018,-5.857506],[-36.125802,-5.855552],[-36.121904,-5.853882],[-36.12079,-5.851377],[-36.117026,-5.848027],[-36.11704,-5.845452],[-36.115345,-5.841437],[-36.112963,-5.840629],[-36.111968,-5.839622],[-36.110771,-5.839455],[-36.108027,-5.837553],[-36.106807,-5.833666],[-36.106038,-5.833373],[-36.105572,-5.832298],[-36.104763,-5.832101],[-36.102175,-5.829835],[-36.10163,-5.828816],[-36.100023,-5.829038],[-36.099738,-5.828742],[-36.098547,-5.829751]],[[-36.146573,-5.881747],[-36.14581,-5.88159],[-36.144707,-5.880609],[-36.143677,-5.880451],[-36.143664,-5.879265],[-36.144965,-5.878679],[-36.146395,-5.879107],[-36.147131,-5.88087],[-36.146573,-5.881747]],[[-36.145509,-5.887488],[-36.144021,-5.887156],[-36.143183,-5.886539],[-36.142921,-5.885524],[-36.143174,-5.88455],[-36.144952,-5.884196],[-36.146859,-5.884894],[-36.14735,-5.885853],[-36.147194,-5.886636],[-36.145509,-5.887488]],[[-36.163265,-5.918225],[-36.162638,-5.917932],[-36.161619,-5.91565],[-36.161911,-5.915047],[-36.162689,-5.915316],[-36.163959,-5.917637],[-36.163265,-5.918225]],[[-36.180219,-5.981948],[-36.179229,-5.981629],[-36.178214,-5.97996],[-36.178432,-5.9793],[-36.180325,-5.981609],[-36.180219,-5.981948]]]]}},{"type":"Feature","id":101,"properties":{"sigla":"NP3sju","unidade":"Jucurutu","era":"Neoproterozóico","periodo":"Ediacarano","litotipo_secundario":"Biotita gnaisse, Biotita xisto, Xisto, Gnaisse, Mármore, Rocha calcissilicática, Muscovita quartzito","grupo":"Formação Jucurutu","fonte":"Folhas João Câmara, Lajes, Natal, Santa Cruz, São José do MIpibu, São José do Campestre - GEOSBG/CPRM (2014)"},"geometry":{"type":"Polygon","coordinates":[[[-36.146333,-5.983176],[-36.150406,-5.993979],[-36.152271,-6.0],[-36.152643,-6.0],[-36.152674,-6.001331],[-36.156854,-6.013115],[-36.169223,-6.037438],[-36.16942,-6.036291],[-36.170722,-6.035839],[-36.173727,-6.03836],[-36.186329,-6.058297],[-36.1958,-6.069706],[-36.187614,-6.050799],[-36.187297,-6.051643],[-36.186444,-6.051927],[-36.185215,-6.051575],[-36.184524,-6.050752],[-36.184462,-6.049825],[-36.185172,-6.049304],[-36.185985,-6.049285],[-36.187277,-6.050053],[-36.185457,-6.045755],[-36.156535,-5.986354],[-36.154422,-5.986411],[-36.148425,-5.983537],[-36.146333,-5.983176]],[[-36.168019,-6.032007],[-36.166876,-6.031294],[-36.165307,-6.02813],[-36.163588,-6.023435],[-36.16387,-6.021967],[-36.165171,-6.022153],[-36.168633,-6.029187],[-36.169063,-6.031353],[-36.168834,-6.031794],[-36.168019,-6.032007]]]}},{"type":"Feature","id":102,"properties":{"sigla":"NP3sju","unidade":"Jucurutu","era":"Neoproterozóico","periodo":"Ediacarano","litotipo_secundario":"Biotita gnaisse, Biotita xisto, Xisto, Gnaisse, Mármore, Rocha calcissilicática, Muscovita quartzito","grupo":"Formação Jucurutu","fonte":"Folhas João Câmara, Lajes, Natal, Santa Cruz, São José do MIpibu, São José do Campestre - GEOSBG/CPRM (2014)"},"geometry":{"type":"Polygon","coordinates":[[[-36.136266,-5.96295],[-36.143725,-5.976623],[-36.145619,-5.981279],[-36.148025,-5.981402],[-36.153832,-5.984603],[-36.155288,-5.984232],[-36.145781,-5.967173],[-36.141705,-5.958915],[-36.140127,-5.960843],[-36.1374,-5.961731],[-36.136266,-5.96295]],[[-36.145523,-5.973073],[-36.140988,-5.966923],[-36.140906,-5.965518],[-36.14177,-5.965672],[-36.14284,-5.966604],[-36.146213,-5.97221],[-36.14624,-5.972867],[-36.145523,-5.973073]]]}},{"type":"Feature","id":103,"properties":{"sigla":"NP3sju","unidade":"Jucurutu","era":"Neoproterozóico","periodo":"Ediacarano","litotipo_secundario":"Biotita gnaisse, Biotita xisto, Xisto, Gnaisse, Mármore, Rocha calcissilicática, Muscovita quartzito","grupo":"Formação Jucurutu","fonte":"Folhas João Câmara, Lajes, Natal, Santa Cruz, São José do MIpibu, São José do Campestre - GEOSBG/CPRM (2014)"},"geometry":{"type":"Polygon","coordinates":[[[-36.125778,-5.931588],[-36.130949,-5.94137],[-36.130732,-5.941871],[-36.129802,-5.941615],[-36.129126,-5.940643],[-36.124406,-5.931572],[-36.123369,-5.931634],[-36.122845,-5.932253],[-36.126482,-5.938347],[-36.130327,-5.949627],[-36.133929,-5.957505],[-36.137614,-5.958716],[-36.138628,-5.958473],[-36.140856,-5.956867],[-36.13502,-5.945392],[-36.126702,-5.927372],[-36.126173,-5.92868],[-36.126744,-5.930697],[-36.126459,-5.931307],[-36.125778,-5.931588]]]}},{"type":"Feature","id":104,"properties":{"sigla":"NP3sju","unidade":"Jucurutu","era":"Neoproterozóico","periodo":"Ediacarano","litotipo_secundario":"Biotita gnaisse, Biotita xisto, Xisto, Gnaisse, Mármore, Rocha calcissilicática, Muscovita quartzito","grupo":"Formação Jucurutu","fonte":"Folhas João Câmara, Lajes, Natal, Santa Cruz, São José do MIpibu, São José do Campestre - GEOSBG/CPRM (2014)"},"geometry":{"type":"MultiPolygon","coordinates":[[[[-36.08058,-5.840946],[-36.079051,-5.840031],[-36.076752,-5.840032],[-36.076015,-5.839472],[-36.075324,-5.840512],[-36.081862,-5.851191],[-36.085335,-5.858094],[-36.089914,-5.865755],[-36.094192,-5.87632],[-36.098122,-5.882916],[-36.103394,-5.890564],[-36.110935,-5.905802],[-36.111943,-5.906023],[-36.112332,-5.908121],[-36.112876,-5.908665],[-36.11342,-5.908588],[-36.113731,-5.907655],[-36.114353,-5.907655],[-36.114975,-5.908432],[-36.117141,-5.913256],[-36.117164,-5.914279],[-36.116139,-5.915205],[-36.117094,-5.917547],[-36.119472,-5.919133],[-36.121352,-5.92551],[-36.122397,-5.926963],[-36.121793,-5.925258],[-36.121903,-5.924721],[-36.122404,-5.924759],[-36.124274,-5.928543],[-36.124574,-5.928527],[-36.125412,-5.927557],[-36.126553,-5.926986],[-36.120552,-5.913356],[-36.118046,-5.906243],[-36.114028,-5.896974],[-36.099418,-5.872319],[-36.093372,-5.859542],[-36.090379,-5.852299],[-36.08984,-5.852745],[-36.089127,-5.852144],[-36.084197,-5.841749],[-36.083851,-5.840352],[-36.083548,-5.840552],[-36.082499,-5.839449],[-36.08058,-5.840946]],[[-36.086032,-5.852893],[-36.085341,-5.853649],[-36.084585,-5.852943],[-36.081879,-5.847249],[-36.08193,-5.845686],[-36.08269,-5.845546],[-36.085515,-5.850409],[-36.086032,-5.852893]],[[-36.09922,-5.877349],[-36.098554,-5.87704],[-36.096601,-5.874295],[-36.093766,-5.868466],[-36.093315,-5.867152],[-36.093491,-5.866331],[-36.093967,-5.866524],[-36.097622,-5.872529],[-36.099264,-5.876297],[-36.09922,-5.877349]],[[-36.116853,-5.90622],[-36.116448,-5.906098],[-36.115289,-5.904012],[-36.11203,-5.897039],[-36.111846,-5.895675],[-36.112726,-5.896469],[-36.115563,-5.901671],[-36.117097,-5.905169],[-36.116853,-5.90622]]],[[[-36.086999,-5.842421],[-36.086539,-5.840744],[-36.085582,-5.837963],[-36.084904,-5.839657],[-36.086999,-5.842421]]]]}},{"type":"Feature","id":105,"properties":{"sigla":"NP3sjucs","unidade":"Jucurutu, rochas calcissilicáticas","era":"Neoproterozóico","periodo":"Ediacarano","litotipo_principal":"Rocha calcissilicática","grupo":"Formação Jucurutu","fonte":"Folhas João Câmara, Lajes, Natal, Santa Cruz, São José do MIpibu, São José do Campestre - GEOSBG/CPRM (2014)"},"geometry":{"type":"Polygon","coordinates":[[[-36.125697,-5.931592],[-36.124406,-5.931572],[-36.129126,-5.940643],[-36.129802,-5.941615],[-36.130732,-5.941871],[-36.130949,-5.94137],[-36.125697,-5.931592]]]}},{"type":"Feature","id":106,"properties":{"sigla":"NP3sjucs","unidade":"Jucurutu, rochas calcissilicáticas","era":"Neoproterozóico","periodo":"Ediacarano","litotipo_principal":"Rocha calcissilicática","grupo":"Formação Jucurutu","fonte":"Folhas João Câmara, Lajes, Natal, Santa Cruz, São José do MIpibu, São José do Campestre - GEOSBG/CPRM (2014)"},"geometry":{"type":"Polygon","coordinates":[[[-36.122403,-5.926971],[-36.123184,-5.928147],[-36.124274,-5.928543],[-36.122404,-5.924759],[-36.121903,-5.924721],[-36.122403,-5.926971]]]}},{"type":"Feature","id":107,"properties":{"sigla":"PP2cai","unidade":"Caicó","era":"Paleoproterozóico","periodo":"Riaciano","litotipo_secundario":"Anfibolito, Migmatito, Metamáfica, Rocha metaultramáfica, Ortognaisse, Paragnaisse, Augen gnaisse","grupo":"Complexo Caicó","fonte":"Folhas João Câmara, Lajes, Natal, Santa Cruz, São José do MIpibu, São José do Campestre - GEOSBG/CPRM (2014)"},"geometry":{"type":"Polygon","coordinates":[[[-36.150388,-5.859949],[-36.148851,-5.859611],[-36.146179,-5.85737],[-36.154695,-5.873453],[-36.177954,-5.914651],[-36.196811,-5.94396],[-36.204078,-5.956135],[-36.206485,-5.956804],[-36.206771,-5.957984],[-36.208141,-5.959335],[-36.20915,-5.961372],[-36.214309,-5.964856],[-36.214842,-5.966931],[-36.21376,-5.969518],[-36.213951,-5.97028],[-36.218043,-5.970565],[-36.218995,-5.970984],[-36.219338,-5.972849],[-36.218538,-5.97422],[-36.218671,-5.974772],[-36.220956,-5.974905],[-36.221584,-5.975457],[-36.226133,-5.976181],[-36.228265,-5.974201],[-36.228532,-5.973401],[-36.228589,-5.972507],[-36.22758,-5.96948],[-36.228189,-5.967405],[-36.228932,-5.967767],[-36.230131,-5.971726],[-36.229484,-5.975077],[-36.229465,-5.977475],[-36.230911,-5.978808],[-36.231635,-5.980292],[-36.223757,-5.98104],[-36.222326,-5.981587],[-36.222041,-5.982101],[-36.222231,-5.982672],[-36.225705,-5.984761],[-36.226716,-5.986129],[-36.228394,-5.986117],[-36.230262,-5.985273],[-36.231356,-5.985582],[-36.230773,-5.986439],[-36.228144,-5.987485],[-36.228251,-5.988116],[-36.229346,-5.98927],[-36.228944,-5.990347],[-36.229157,-5.99222],[-36.228648,-5.993214],[-36.227613,-5.99375],[-36.227541,-5.995106],[-36.24779,-6.015242],[-36.254102,-6.020785],[-36.255388,-6.02158],[-36.258894,-6.022542],[-36.261486,-6.022364],[-36.263676,-6.021323],[-36.264833,-6.019273],[-36.263711,-6.014258],[-36.260069,-6.007271],[-36.256807,-6.002796],[-36.255514,-6.001668],[-36.257363,-6.007313],[-36.25765,-6.011082],[-36.257089,-6.012418],[-36.256398,-6.012988],[-36.253683,-6.013549],[-36.251203,-6.01279],[-36.247567,-6.010113],[-36.244357,-6.006387],[-36.241138,-6.000766],[-36.238399,-5.991414],[-36.238042,-5.987488],[-36.238446,-5.982343],[-36.238088,-5.977464],[-36.237625,-5.974592],[-36.236448,-5.971182],[-36.228825,-5.958042],[-36.221445,-5.942493],[-36.220562,-5.940978],[-36.220347,-5.941518],[-36.219824,-5.941573],[-36.218913,-5.940356],[-36.218661,-5.939294],[-36.219227,-5.93868],[-36.21335,-5.928054],[-36.200367,-5.899944],[-36.20023,-5.900819],[-36.199397,-5.901009],[-36.196735,-5.89547],[-36.195723,-5.892661],[-36.195838,-5.891912],[-36.196678,-5.891833],[-36.19468,-5.888701],[-36.190403,-5.884735],[-36.188338,-5.882214],[-36.182441,-5.878014],[-36.18041,-5.876103],[-36.177198,-5.873935],[-36.16618,-5.868493],[-36.164944,-5.867482],[-36.161053,-5.862633],[-36.155229,-5.84936],[-36.154534,-5.848813],[-36.151619,-5.848776],[-36.150749,-5.851061],[-36.151706,-5.858374],[-36.150388,-5.859949]],[[-36.198543,-5.901176],[-36.197682,-5.901473],[-36.196188,-5.899357],[-36.195965,-5.898137],[-36.196529,-5.897135],[-36.197244,-5.897383],[-36.198451,-5.89944],[-36.198543,-5.901176]],[[-36.223538,-5.96558],[-36.222752,-5.965288],[-36.222246,-5.964448],[-36.222026,-5.961576],[-36.222934,-5.959752],[-36.224145,-5.959489],[-36.225141,-5.959974],[-36.225901,-5.961593],[-36.225141,-5.963839],[-36.223538,-5.96558]]]}},{"type":"Feature","id":108,"properties":{"sigla":"PP2cai","unidade":"Caicó","era":"Paleoproterozóico","periodo":"Riaciano","litotipo_secundario":"Anfibolito, Migmatito, Metamáfica, Rocha metaultramáfica, Ortognaisse, Paragnaisse, Augen gnaisse","grupo":"Complexo Caicó","fonte":"Folhas João Câmara, Lajes, Natal, Santa Cruz, São José do MIpibu, São José do Campestre - GEOSBG/CPRM (2014)"},"geometry":{"type":"MultiPolygon","coordinates":[[[[-36.342133,-5.911511],[-36.345255,-5.908994],[-36.346252,-5.906456],[-36.346406,-5.904725],[-36.341569,-5.905488],[-36.342523,-5.908576],[-36.342133,-5.911511]]],[[[-36.264407,-5.837469],[-36.264413,-5.837392],[-36.264331,-5.837349],[-36.264407,-5.837469]]],[[[-36.27549,-5.836512],[-36.272863,-5.838754],[-36.26961,-5.842341],[-36.267701,-5.843155],[-36.273787,-5.856251],[-36.27631,-5.863742],[-36.278919,-5.869263],[-36.283917,-5.881868],[-36.289518,-5.89868],[-36.293725,-5.913245],[-36.294464,-5.918413],[-36.294583,-5.923338],[-36.295829,-5.932239],[-36.296089,-5.937835],[-36.294995,-5.9542],[-36.295922,-5.952041],[-36.29765,-5.950906],[-36.299517,-5.947968],[-36.301113,-5.946578],[-36.304103,-5.945546],[-36.304556,-5.944502],[-36.304931,-5.941007],[-36.306375,-5.938743],[-36.309569,-5.936523],[-36.312478,-5.93592],[-36.314039,-5.936405],[-36.315644,-5.934661],[-36.316053,-5.933454],[-36.315893,-5.929738],[-36.314925,-5.929173],[-36.313671,-5.92929],[-36.313303,-5.928547],[-36.311501,-5.918347],[-36.308665,-5.895459],[-36.308591,-5.889422],[-36.309987,-5.882077],[-36.31208,-5.878895],[-36.314336,-5.876904],[-36.312362,-5.877216],[-36.312888,-5.874189],[-36.314694,-5.874973],[-36.316384,-5.874731],[-36.317232,-5.875336],[-36.318275,-5.875341],[-36.322591,-5.877603],[-36.325969,-5.881555],[-36.328787,-5.883883],[-36.332043,-5.889675],[-36.333629,-5.887915],[-36.332428,-5.885757],[-36.331548,-5.884912],[-36.330774,-5.884766],[-36.330614,-5.883292],[-36.330978,-5.882585],[-36.330306,-5.881611],[-36.330322,-5.880286],[-36.331111,-5.879021],[-36.330502,-5.879033],[-36.329749,-5.876303],[-36.328729,-5.874928],[-36.329804,-5.873755],[-36.329735,-5.873108],[-36.328122,-5.872007],[-36.326899,-5.869037],[-36.325903,-5.869076],[-36.324882,-5.868152],[-36.324646,-5.865654],[-36.319676,-5.866094],[-36.314446,-5.864171],[-36.309497,-5.864719],[-36.301716,-5.861221],[-36.297504,-5.858865],[-36.293292,-5.855653],[-36.291365,-5.851727],[-36.292079,-5.848514],[-36.293845,-5.846011],[-36.294675,-5.845687],[-36.295975,-5.843778],[-36.296666,-5.843647],[-36.297457,-5.842757],[-36.297456,-5.841979],[-36.296025,-5.840854],[-36.294787,-5.840574],[-36.293132,-5.841248],[-36.291671,-5.840605],[-36.289881,-5.84084],[-36.288949,-5.840496],[-36.287876,-5.839004],[-36.282692,-5.835005],[-36.278931,-5.834526],[-36.27549,-5.836512]],[[-36.291528,-5.863066],[-36.291725,-5.863772],[-36.291224,-5.863918],[-36.287331,-5.863127],[-36.285415,-5.863461],[-36.284868,-5.863066],[-36.285081,-5.861971],[-36.284685,-5.861637],[-36.282891,-5.862427],[-36.281188,-5.860876],[-36.281735,-5.858626],[-36.283986,-5.857561],[-36.285142,-5.85598],[-36.287027,-5.854368],[-36.288122,-5.854307],[-36.2885,-5.854515],[-36.287301,-5.857409],[-36.285263,-5.858869],[-36.285385,-5.860268],[-36.286176,-5.86115],[-36.290555,-5.862336],[-36.291528,-5.863066]],[[-36.303975,-5.86281],[-36.304412,-5.862812],[-36.304844,-5.863833],[-36.305865,-5.863329],[-36.306446,-5.86355],[-36.306659,-5.86457],[-36.308471,-5.86618],[-36.30832,-5.867344],[-36.305636,-5.865439],[-36.30389,-5.865503],[-36.303377,-5.866228],[-36.302796,-5.865862],[-36.302732,-5.864114],[-36.303975,-5.86281]],[[-36.31294,-5.929538],[-36.312719,-5.931794],[-36.311663,-5.93286],[-36.311168,-5.932495],[-36.311003,-5.931117],[-36.311558,-5.926816],[-36.312075,-5.926722],[-36.312588,-5.927261],[-36.31294,-5.929538]]],[[[-36.2616,-5.833596],[-36.262236,-5.832187],[-36.260606,-5.832492],[-36.2616,-5.833596]]]]}},{"type":"Feature","id":109,"properties":{"sigla":"NP3sju","unidade":"Jucurutu","era":"Neoproterozóico","periodo":"Ediacarano","litotipo_secundario":"Biotita gnaisse, Biotita xisto, Xisto, Gnaisse, Mármore, Rocha calcissilicática, Muscovita quartzito","grupo":"Formação Jucurutu","fonte":"Folhas João Câmara, Lajes, Natal, Santa Cruz, São José do MIpibu, São José do Campestre - GEOSBG/CPRM (2014)"},"geometry":{"type":"Polygon","coordinates":[[[-36.109111,-5.969523],[-36.110094,-5.973443],[-36.113869,-5.97325],[-36.113392,-5.971148],[-36.113499,-5.967922],[-36.114548,-5.966941],[-36.116341,-5.966592],[-36.117326,-5.966507],[-36.119054,-5.967174],[-36.123335,-5.97022],[-36.124768,-5.969995],[-36.126881,-5.970966],[-36.129079,-5.971223],[-36.130664,-5.972636],[-36.133458,-5.978716],[-36.134861,-5.980346],[-36.136736,-5.981308],[-36.132738,-5.974888],[-36.127176,-5.967632],[-36.126577,-5.968069],[-36.125547,-5.967835],[-36.122676,-5.965372],[-36.12224,-5.964624],[-36.122743,-5.964207],[-36.122125,-5.963929],[-36.116633,-5.96218],[-36.112956,-5.962324],[-36.111578,-5.962833],[-36.109502,-5.965404],[-36.109111,-5.969523]],[[-36.121,-5.967104],[-36.118413,-5.965723],[-36.118387,-5.964949],[-36.11901,-5.96477],[-36.119994,-5.96517],[-36.121078,-5.966755],[-36.121,-5.967104]],[[-36.113215,-5.9648],[-36.113644,-5.963952],[-36.114708,-5.963578],[-36.116826,-5.964621],[-36.116506,-5.965015],[-36.114912,-5.965128],[-36.113215,-5.9648]],[[-36.111602,-5.968619],[-36.1119,-5.966646],[-36.113378,-5.965439],[-36.113708,-5.966185],[-36.113386,-5.966897],[-36.1123,-5.968486],[-36.111602,-5.968619]]]}},{"type":"Feature","id":110,"properties":{"sigla":"NP3sju","unidade":"Jucurutu","era":"Neoproterozóico","periodo":"Ediacarano","litotipo_secundario":"Biotita gnaisse, Biotita xisto, Xisto, Gnaisse, Mármore, Rocha calcissilicática, Muscovita quartzito","grupo":"Formação Jucurutu","fonte":"Folhas João Câmara, Lajes, Natal, Santa Cruz, São José do MIpibu, São José do Campestre - GEOSBG/CPRM (2014)"},"geometry":{"type":"Polygon","coordinates":[[[-36.126143,-5.974421],[-36.126484,-5.973826],[-36.126837,-5.973911],[-36.128636,-5.976245],[-36.129158,-5.977883],[-36.128545,-5.979004],[-36.129932,-5.982687],[-36.131893,-5.98632],[-36.136105,-5.991111],[-36.137206,-5.993501],[-36.139758,-6.003119],[-36.140635,-6.008028],[-36.140779,-6.01952],[-36.139519,-6.02142],[-36.140474,-6.021521],[-36.140682,-6.021952],[-36.140558,-6.023683],[-36.139214,-6.024919],[-36.137836,-6.025428],[-36.137246,-6.024975],[-36.137398,-6.023284],[-36.139098,-6.021629],[-36.136357,-6.022742],[-36.134024,-6.023019],[-36.128828,-6.022131],[-36.12644,-6.021301],[-36.125712,-6.020767],[-36.123523,-6.017356],[-36.12127,-6.01299],[-36.121305,-6.013436],[-36.124577,-6.02249],[-36.127018,-6.026041],[-36.132881,-6.037128],[-36.13401,-6.03821],[-36.135847,-6.038494],[-36.140002,-6.036317],[-36.142126,-6.03426],[-36.143208,-6.032903],[-36.14732,-6.025084],[-36.1484,-6.019543],[-36.147411,-6.009987],[-36.144674,-6.0],[-36.138473,-5.984698],[-36.136966,-5.984584],[-36.133597,-5.982585],[-36.130457,-5.978113],[-36.128666,-5.974628],[-36.125982,-5.97242],[-36.124592,-5.971925],[-36.126143,-5.974421]],[[-36.133708,-5.986723],[-36.130261,-5.982394],[-36.130336,-5.981278],[-36.130824,-5.981281],[-36.131877,-5.982333],[-36.133397,-5.984908],[-36.133708,-5.986723]],[[-36.139552,-5.992951],[-36.138122,-5.990923],[-36.138043,-5.98953],[-36.139827,-5.991979],[-36.139935,-5.992645],[-36.139552,-5.992951]],[[-36.13961,-5.996019],[-36.140213,-5.998388],[-36.139707,-5.998632],[-36.138924,-5.997728],[-36.138452,-5.996247],[-36.138615,-5.995632],[-36.13961,-5.996019]],[[-36.142327,-5.99672],[-36.143864,-5.998653],[-36.144186,-5.999741],[-36.143403,-5.999684],[-36.142718,-5.998775],[-36.141963,-5.997141],[-36.142327,-5.99672]],[[-36.136377,-6.036002],[-36.133755,-6.036089],[-36.132873,-6.034822],[-36.132997,-6.032958],[-36.133865,-6.031471],[-36.136269,-6.029318],[-36.139446,-6.027341],[-36.140095,-6.026412],[-36.142966,-6.020015],[-36.142829,-6.016085],[-36.143361,-6.012846],[-36.144312,-6.011933],[-36.145444,-6.011838],[-36.146155,-6.012789],[-36.147638,-6.016913],[-36.148055,-6.019382],[-36.147646,-6.020987],[-36.144816,-6.025002],[-36.140922,-6.03267],[-36.136377,-6.036002]],[[-36.129248,-6.028373],[-36.128291,-6.027794],[-36.127794,-6.026959],[-36.124827,-6.021665],[-36.124945,-6.021121],[-36.127747,-6.022255],[-36.128858,-6.02358],[-36.130415,-6.027212],[-36.130085,-6.028081],[-36.129248,-6.028373]]]}},{"type":"Feature","id":111,"properties":{"sigla":"NP3ssa","unidade":"Seridó, aluminoso-porfiroblástico","era":"Neoproterozóico","periodo":"Ediacarano","litotipo_secundario":"Xisto aluminoso, Xisto","grupo":"Grupo Seridó","fonte":"Folhas João Câmara, Lajes, Natal, Santa Cruz, São José do MIpibu, São José do Campestre - GEOSBG/CPRM (2014)"},"geometry":{"type":"Polygon","coordinates":[[[-36.001582,-5.944148],[-36.006091,-5.949073],[-36.025641,-5.967461],[-36.029136,-5.964798],[-36.031586,-5.963513],[-36.034703,-5.962799],[-36.039558,-5.962942],[-36.040842,-5.964298],[-36.041532,-5.966392],[-36.041199,-5.96958],[-36.041461,-5.972555],[-36.04396,-5.974791],[-36.045958,-5.975934],[-36.051693,-5.977171],[-36.058141,-5.977076],[-36.061044,-5.976624],[-36.062948,-5.975838],[-36.06387,-5.97532],[-36.060169,-5.967756],[-36.056195,-5.960778],[-36.046119,-5.948887],[-36.039525,-5.940094],[-36.037768,-5.935663],[-36.037873,-5.933486],[-36.038528,-5.932516],[-36.039262,-5.932175],[-36.040416,-5.932175],[-36.041675,-5.932805],[-36.044218,-5.935086],[-36.047601,-5.939072],[-36.05017,-5.940881],[-36.050852,-5.940881],[-36.05101,-5.938547],[-36.049594,-5.934457],[-36.049594,-5.933145],[-36.050328,-5.933224],[-36.053055,-5.935689],[-36.053999,-5.93561],[-36.054471,-5.934325],[-36.05388,-5.930852],[-36.052026,-5.926767],[-36.051313,-5.923341],[-36.052205,-5.923127],[-36.054596,-5.925518],[-36.055272,-5.92555],[-36.055653,-5.924807],[-36.054632,-5.9202],[-36.052812,-5.91506],[-36.053347,-5.912919],[-36.054239,-5.91249],[-36.055524,-5.91274],[-36.060106,-5.915807],[-36.065519,-5.918272],[-36.068315,-5.918272],[-36.071825,-5.915744],[-36.075534,-5.910962],[-36.076547,-5.907973],[-36.077206,-5.902602],[-36.075648,-5.888062],[-36.075679,-5.882423],[-36.073923,-5.87597],[-36.07046,-5.870331],[-36.05546,-5.852895],[-36.052932,-5.850106],[-36.050655,-5.850459],[-36.050485,-5.849763],[-36.049607,-5.849337],[-36.047255,-5.846154],[-36.044836,-5.845824],[-36.043819,-5.846386],[-36.043147,-5.845808],[-36.042181,-5.845828],[-36.03786,-5.842245],[-36.033673,-5.83977],[-36.029104,-5.835202],[-36.02444,-5.833584],[-36.021497,-5.830272],[-36.016754,-5.829214],[-36.009496,-5.829333],[-36.007593,-5.825883],[-36.001644,-5.81944],[-36.001378,-5.817654],[-35.999973,-5.816011],[-36.0,-5.906746],[-36.001623,-5.907579],[-36.000799,-5.909128],[-36.000899,-5.910763],[-36.001945,-5.911782],[-36.002795,-5.911719],[-36.003058,-5.913522],[-36.004693,-5.912851],[-36.005755,-5.911293],[-36.006538,-5.911025],[-36.006637,-5.911604],[-36.005849,-5.912687],[-36.005673,-5.913774],[-36.006724,-5.914392],[-36.008017,-5.914059],[-36.008183,-5.914672],[-36.007329,-5.915483],[-36.007427,-5.916266],[-36.010278,-5.916961],[-36.011015,-5.919073],[-36.011013,-5.919447],[-36.010503,-5.919478],[-36.009288,-5.917874],[-36.006843,-5.917453],[-36.004203,-5.915466],[-36.003421,-5.91553],[-36.002325,-5.916986],[-35.999983,-5.915391],[-35.999987,-5.943376],[-36.001582,-5.944148]],[[-36.006328,-5.853033],[-36.004661,-5.851499],[-36.003062,-5.846806],[-36.002918,-5.84103],[-36.004298,-5.837452],[-36.006386,-5.835192],[-36.00992,-5.83502],[-36.012562,-5.836348],[-36.013245,-5.837411],[-36.014834,-5.844575],[-36.014341,-5.849873],[-36.013473,-5.851541],[-36.011268,-5.853274],[-36.00833,-5.853593],[-36.006328,-5.853033]],[[-36.028732,-5.858866],[-36.029612,-5.856701],[-36.028779,-5.852441],[-36.029136,-5.850776],[-36.031611,-5.854559],[-36.031611,-5.855558],[-36.031278,-5.857533],[-36.02866,-5.861269],[-36.029065,-5.866623],[-36.029803,-5.867836],[-36.03261,-5.869788],[-36.033348,-5.871144],[-36.033205,-5.876117],[-36.033586,-5.877045],[-36.035561,-5.876902],[-36.038797,-5.875284],[-36.039344,-5.87557],[-36.03963,-5.877354],[-36.040724,-5.877568],[-36.041391,-5.877473],[-36.043199,-5.876046],[-36.046364,-5.875617],[-36.046863,-5.874285],[-36.045578,-5.871334],[-36.045769,-5.870954],[-36.04684,-5.871477],[-36.047958,-5.874356],[-36.048981,-5.87419],[-36.049671,-5.873024],[-36.051075,-5.87319],[-36.051813,-5.872881],[-36.053339,-5.871566],[-36.05493,-5.868979],[-36.056405,-5.868122],[-36.057285,-5.864386],[-36.059356,-5.864124],[-36.060617,-5.861031],[-36.061211,-5.86165],[-36.061759,-5.86579],[-36.062901,-5.866575],[-36.063853,-5.869335],[-36.06528,-5.869859],[-36.06647,-5.868955],[-36.067017,-5.86974],[-36.066779,-5.870597],[-36.065542,-5.871858],[-36.062354,-5.872548],[-36.061188,-5.872334],[-36.059944,-5.87048],[-36.058094,-5.870549],[-36.057309,-5.871287],[-36.057285,-5.872429],[-36.059094,-5.875689],[-36.054787,-5.873309],[-36.053692,-5.876069],[-36.048672,-5.878187],[-36.044056,-5.878592],[-36.043657,-5.880072],[-36.042933,-5.880705],[-36.040344,-5.881495],[-36.039463,-5.882399],[-36.036965,-5.882946],[-36.034514,-5.884635],[-36.033253,-5.886777],[-36.033229,-5.888038],[-36.034252,-5.891536],[-36.034395,-5.895438],[-36.035299,-5.897675],[-36.03518,-5.898294],[-36.034395,-5.89758],[-36.032777,-5.893868],[-36.03204,-5.887747],[-36.03392,-5.881251],[-36.033506,-5.879725],[-36.031421,-5.878229],[-36.030589,-5.876397],[-36.030517,-5.875421],[-36.031445,-5.87397],[-36.031421,-5.872947],[-36.029922,-5.871234],[-36.028994,-5.871257],[-36.028281,-5.871924],[-36.027733,-5.871781],[-36.027567,-5.86983],[-36.026496,-5.867236],[-36.016897,-5.858085],[-36.017846,-5.857926],[-36.019975,-5.859294],[-36.02571,-5.864577],[-36.027257,-5.865338],[-36.027399,-5.863553],[-36.026923,-5.861507],[-36.026019,-5.860079],[-36.023592,-5.857985],[-36.023378,-5.857343],[-36.024306,-5.857224],[-36.027685,-5.859437],[-36.028732,-5.858866]],[[-36.051184,-5.889723],[-36.049264,-5.887274],[-36.04899,-5.884871],[-36.049318,-5.883725],[-36.050041,-5.882402],[-36.051516,-5.881119],[-36.052591,-5.880945],[-36.055416,-5.881642],[-36.05752,-5.88341],[-36.057908,-5.884416],[-36.058005,-5.886424],[-36.057605,-5.887569],[-36.056452,-5.888998],[-36.05444,-5.890278],[-36.05222,-5.890266],[-36.051184,-5.889723]],[[-36.034479,-5.958226],[-36.037238,-5.958482],[-36.037687,-5.960056],[-36.036862,-5.960795],[-36.034759,-5.959038],[-36.034479,-5.958226]]]}},{"type":"Feature","id":112,"properties":{"sigla":"NP3ss","unidade":"Seridó","era":"Neoproterozóico","periodo":"Ediacarano","litotipo_secundario":"Biotita-quartzo xisto, Clorita xisto, Xisto aluminoso, Filito, Mármore, Quartzito, Metavulcânica básica, Granada-biotita xisto","grupo":"Grupo Seridó","fonte":"Folhas João Câmara, Lajes, Natal, Santa Cruz, São José do MIpibu, São José do Campestre - GEOSBG/CPRM (2014)"},"geometry":{"type":"Polygon","coordinates":[[[-36.095092,-5.92288],[-36.094949,-5.921778],[-36.09494,-5.921364],[-36.095092,-5.92288]]]}},{"type":"Feature","id":113,"properties":{"sigla":"NP3ss","unidade":"Seridó","era":"Neoproterozóico","periodo":"Ediacarano","litotipo_secundario":"Biotita-quartzo xisto, Clorita xisto, Xisto aluminoso, Filito, Mármore, Quartzito, Metavulcânica básica, Granada-biotita xisto","grupo":"Grupo Seridó","fonte":"Folhas João Câmara, Lajes, Natal, Santa Cruz, São José do MIpibu, São José do Campestre - GEOSBG/CPRM (2014)"},"geometry":{"type":"Polygon","coordinates":[[[-36.052932,-5.850106],[-36.07046,-5.870331],[-36.073923,-5.87597],[-36.075679,-5.882423],[-36.075648,-5.888062],[-36.077206,-5.902602],[-36.076547,-5.907973],[-36.075534,-5.910962],[-36.074369,-5.912634],[-36.071022,-5.916547],[-36.068315,-5.918272],[-36.065519,-5.918272],[-36.060106,-5.915807],[-36.055524,-5.91274],[-36.054239,-5.91249],[-36.053347,-5.912919],[-36.052812,-5.91506],[-36.054632,-5.9202],[-36.055653,-5.924807],[-36.055272,-5.92555],[-36.054596,-5.925518],[-36.052205,-5.923127],[-36.051313,-5.923341],[-36.052026,-5.926767],[-36.05388,-5.930852],[-36.054471,-5.934325],[-36.053999,-5.93561],[-36.053055,-5.935689],[-36.050328,-5.933224],[-36.049594,-5.933145],[-36.049594,-5.934457],[-36.05101,-5.938547],[-36.050852,-5.940881],[-36.05017,-5.940881],[-36.047601,-5.939072],[-36.044218,-5.935086],[-36.041675,-5.932805],[-36.040416,-5.932175],[-36.039262,-5.932175],[-36.038082,-5.932962],[-36.037768,-5.935663],[-36.040192,-5.9411],[-36.046119,-5.948887],[-36.056195,-5.960778],[-36.060169,-5.967756],[-36.06387,-5.97532],[-36.066503,-5.97385],[-36.070526,-5.970069],[-36.073502,-5.968138],[-36.076337,-5.968058],[-36.079474,-5.969264],[-36.082512,-5.969264],[-36.087077,-5.968281],[-36.08994,-5.966892],[-36.093855,-5.965805],[-36.096912,-5.965564],[-36.100497,-5.965825],[-36.103195,-5.963784],[-36.10755,-5.962342],[-36.107515,-5.958625],[-36.107786,-5.958089],[-36.108776,-5.957836],[-36.108678,-5.954547],[-36.10942,-5.953733],[-36.109939,-5.953904],[-36.110353,-5.954932],[-36.111497,-5.955403],[-36.116416,-5.954618],[-36.118348,-5.95389],[-36.118519,-5.95449],[-36.118019,-5.956189],[-36.122131,-5.95843],[-36.123354,-5.958516],[-36.126053,-5.957245],[-36.128622,-5.957473],[-36.130107,-5.95676],[-36.131525,-5.956817],[-36.13271,-5.957588],[-36.133948,-5.957505],[-36.130327,-5.949627],[-36.127438,-5.94054],[-36.125793,-5.937117],[-36.126282,-5.939138],[-36.125827,-5.940116],[-36.124924,-5.94066],[-36.124024,-5.940518],[-36.121592,-5.937604],[-36.120712,-5.937502],[-36.121511,-5.941975],[-36.121253,-5.942503],[-36.120569,-5.942441],[-36.119478,-5.941337],[-36.115105,-5.935291],[-36.114142,-5.936827],[-36.111573,-5.936408],[-36.107765,-5.940082],[-36.107937,-5.939111],[-36.109783,-5.936408],[-36.109764,-5.935114],[-36.108946,-5.933629],[-36.109174,-5.931725],[-36.110427,-5.931003],[-36.111078,-5.931154],[-36.111972,-5.933762],[-36.113,-5.933477],[-36.113663,-5.932535],[-36.112274,-5.930025],[-36.109351,-5.921551],[-36.109469,-5.92095],[-36.110617,-5.92054],[-36.111635,-5.921279],[-36.112764,-5.920785],[-36.111819,-5.918036],[-36.111813,-5.916372],[-36.112217,-5.915958],[-36.112689,-5.916004],[-36.113486,-5.916954],[-36.115326,-5.919898],[-36.116081,-5.919581],[-36.116004,-5.919237],[-36.112817,-5.915506],[-36.110019,-5.909909],[-36.106987,-5.907655],[-36.105977,-5.90509],[-36.102945,-5.901048],[-36.101779,-5.90027],[-36.101313,-5.896928],[-36.102849,-5.89685],[-36.103004,-5.898016],[-36.10487,-5.898716],[-36.10658,-5.901359],[-36.106346,-5.903224],[-36.107279,-5.904623],[-36.109378,-5.906023],[-36.110939,-5.90581],[-36.103394,-5.890564],[-36.098122,-5.882916],[-36.094192,-5.87632],[-36.089914,-5.865755],[-36.085335,-5.858094],[-36.081862,-5.851191],[-36.075324,-5.840512],[-36.074962,-5.840988],[-36.075167,-5.841461],[-36.066663,-5.841098],[-36.064435,-5.843881],[-36.065146,-5.846436],[-36.064429,-5.84698],[-36.06462,-5.848476],[-36.06539,-5.850452],[-36.064586,-5.85332],[-36.063338,-5.852053],[-36.06008,-5.851831],[-36.059539,-5.850464],[-36.056349,-5.851709],[-36.055232,-5.84953],[-36.0542,-5.849018],[-36.052932,-5.850106]],[[-36.094958,-5.921262],[-36.096005,-5.920624],[-36.097866,-5.92205],[-36.099714,-5.924699],[-36.100061,-5.926593],[-36.099288,-5.928215],[-36.09813,-5.928245],[-36.09701,-5.926852],[-36.096792,-5.927972],[-36.095959,-5.928567],[-36.094893,-5.928757],[-36.090487,-5.928186],[-36.089553,-5.929532],[-36.089106,-5.931541],[-36.089725,-5.934016],[-36.089059,-5.936681],[-36.089321,-5.938299],[-36.089676,-5.938679],[-36.091605,-5.93837],[-36.092152,-5.93868],[-36.093604,-5.941583],[-36.093275,-5.942915],[-36.090872,-5.940298],[-36.088635,-5.940131],[-36.087707,-5.939108],[-36.087327,-5.938013],[-36.087446,-5.934111],[-36.086684,-5.931517],[-36.084685,-5.929971],[-36.08442,-5.927442],[-36.084067,-5.926973],[-36.081164,-5.925854],[-36.080379,-5.924712],[-36.081183,-5.924403],[-36.084847,-5.92514],[-36.087274,-5.926164],[-36.087921,-5.925997],[-36.08785,-5.924784],[-36.087279,-5.923713],[-36.087422,-5.922809],[-36.090467,-5.92238],[-36.090943,-5.921238],[-36.090872,-5.920072],[-36.087208,-5.917626],[-36.086484,-5.916636],[-36.086465,-5.915627],[-36.087507,-5.915228],[-36.088702,-5.91686],[-36.090692,-5.917359],[-36.093918,-5.916908],[-36.094679,-5.91636],[-36.094879,-5.915608],[-36.094346,-5.913381],[-36.093128,-5.911421],[-36.092328,-5.911363],[-36.090158,-5.912353],[-36.087931,-5.911934],[-36.086427,-5.906928],[-36.084619,-5.904815],[-36.086732,-5.900703],[-36.086541,-5.899295],[-36.085323,-5.897753],[-36.085266,-5.89703],[-36.08736,-5.895202],[-36.085019,-5.889453],[-36.085285,-5.888216],[-36.086789,-5.887226],[-36.085513,-5.884276],[-36.085532,-5.883286],[-36.085989,-5.882848],[-36.08736,-5.882962],[-36.088045,-5.88498],[-36.089549,-5.885665],[-36.089987,-5.886941],[-36.091338,-5.88774],[-36.091015,-5.888483],[-36.088673,-5.888806],[-36.088464,-5.890291],[-36.089359,-5.892175],[-36.09151,-5.892385],[-36.092861,-5.894936],[-36.092804,-5.896344],[-36.090882,-5.897144],[-36.090044,-5.898457],[-36.090063,-5.904282],[-36.090577,-5.904986],[-36.091956,-5.90529],[-36.093984,-5.904244],[-36.096173,-5.903882],[-36.097013,-5.90431],[-36.098305,-5.906604],[-36.098058,-5.908584],[-36.095545,-5.910335],[-36.095012,-5.91123],[-36.095751,-5.914303],[-36.097839,-5.917027],[-36.095531,-5.919668],[-36.09515,-5.920501],[-36.094958,-5.921262]],[[-36.097439,-5.929336],[-36.098448,-5.929545],[-36.099136,-5.930373],[-36.098497,-5.931553],[-36.097399,-5.931571],[-36.096555,-5.930993],[-36.096501,-5.929881],[-36.097439,-5.929336]]]}},{"type":"Feature","id":114,"properties":{"sigla":"NP3sju","unidade":"Jucurutu","era":"Neoproterozóico","periodo":"Ediacarano","litotipo_secundario":"Biotita gnaisse, Biotita xisto, Xisto, Gnaisse, Mármore, Rocha calcissilicática, Muscovita quartzito","grupo":"Formação Jucurutu","fonte":"Folhas João Câmara, Lajes, Natal, Santa Cruz, São José do MIpibu, São José do Campestre - GEOSBG/CPRM (2014)"},"geometry":{"type":"MultiPolygon","coordinates":[[[[-36.260906,-5.850848],[-36.263192,-5.860557],[-36.264095,-5.862516],[-36.264799,-5.86124],[-36.263618,-5.860248],[-36.262663,-5.858024],[-36.263417,-5.85575],[-36.265125,-5.85678],[-36.266143,-5.856943],[-36.266444,-5.857547],[-36.265967,-5.859255],[-36.266344,-5.860235],[-36.267625,-5.860964],[-36.268646,-5.861056],[-36.265554,-5.850744],[-36.262299,-5.842552],[-36.258088,-5.83499],[-36.256527,-5.832984],[-36.252119,-5.835627],[-36.258128,-5.844986],[-36.260906,-5.850848]]],[[[-36.257837,-5.832359],[-36.262424,-5.839509],[-36.265215,-5.845243],[-36.267041,-5.850326],[-36.270076,-5.861733],[-36.270754,-5.862559],[-36.270447,-5.863112],[-36.272034,-5.869309],[-36.274177,-5.875297],[-36.275217,-5.877859],[-36.279813,-5.885363],[-36.280049,-5.886758],[-36.279145,-5.887274],[-36.276199,-5.881544],[-36.276042,-5.882726],[-36.277955,-5.88758],[-36.279582,-5.889008],[-36.279011,-5.890093],[-36.279126,-5.89192],[-36.279625,-5.892463],[-36.282152,-5.892649],[-36.282495,-5.893063],[-36.282095,-5.893705],[-36.280596,-5.893819],[-36.28034,-5.895036],[-36.281567,-5.897417],[-36.281296,-5.898702],[-36.282309,-5.900144],[-36.28201,-5.901729],[-36.283194,-5.902271],[-36.283451,-5.902814],[-36.28288,-5.904869],[-36.283023,-5.908653],[-36.282566,-5.909167],[-36.28191,-5.907805],[-36.280967,-5.907191],[-36.280065,-5.90729],[-36.280341,-5.909627],[-36.284473,-5.928163],[-36.288421,-5.943456],[-36.288855,-5.948321],[-36.290501,-5.953919],[-36.292331,-5.962416],[-36.293101,-5.97393],[-36.293513,-5.973452],[-36.2941,-5.973825],[-36.295303,-5.977223],[-36.295291,-5.979524],[-36.294938,-5.980042],[-36.296553,-5.981914],[-36.298933,-5.983552],[-36.302438,-5.985134],[-36.299428,-5.979043],[-36.295221,-5.965626],[-36.294747,-5.956921],[-36.296089,-5.937835],[-36.29596,-5.934869],[-36.294583,-5.923338],[-36.294464,-5.918413],[-36.292741,-5.909319],[-36.283917,-5.881868],[-36.278919,-5.869263],[-36.27631,-5.863742],[-36.273787,-5.856251],[-36.269732,-5.847031],[-36.267701,-5.843155],[-36.266587,-5.84363],[-36.265268,-5.840873],[-36.264407,-5.837469],[-36.263173,-5.836737],[-36.261531,-5.834344],[-36.2616,-5.833596],[-36.260606,-5.832492],[-36.259545,-5.832421],[-36.259117,-5.831462],[-36.257837,-5.832359]],[[-36.281022,-5.883878],[-36.279535,-5.881327],[-36.278299,-5.877073],[-36.278533,-5.876276],[-36.279716,-5.877554],[-36.280745,-5.879723],[-36.281514,-5.882812],[-36.281022,-5.883878]],[[-36.292847,-5.934362],[-36.292314,-5.933996],[-36.291376,-5.926456],[-36.289818,-5.918921],[-36.289656,-5.915393],[-36.28898,-5.913179],[-36.283572,-5.901209],[-36.283718,-5.895844],[-36.280813,-5.887139],[-36.280634,-5.88596],[-36.281045,-5.885209],[-36.28199,-5.885905],[-36.28271,-5.888822],[-36.28516,-5.895125],[-36.285336,-5.903708],[-36.290113,-5.913414],[-36.291007,-5.919844],[-36.292716,-5.924534],[-36.293252,-5.933465],[-36.292847,-5.934362]],[[-36.28678,-5.924605],[-36.285856,-5.924212],[-36.285012,-5.921678],[-36.282084,-5.916688],[-36.282143,-5.915509],[-36.283381,-5.915784],[-36.284456,-5.917102],[-36.286839,-5.922955],[-36.28678,-5.924605]],[[-36.29369,-5.947288],[-36.293049,-5.9464],[-36.292823,-5.943984],[-36.293256,-5.94315],[-36.293874,-5.943894],[-36.29405,-5.946883],[-36.29369,-5.947288]]]]}},{"type":"Feature","id":115,"properties":{"sigla":"NP3ss","unidade":"Seridó","era":"Neoproterozóico","periodo":"Ediacarano","litotipo_secundario":"Biotita-quartzo xisto, Clorita xisto, Xisto aluminoso, Filito, Mármore, Quartzito, Metavulcânica básica, Granada-biotita xisto","grupo":"Grupo Seridó","fonte":"Folhas João Câmara, Lajes, Natal, Santa Cruz, São José do MIpibu, São José do Campestre - GEOSBG/CPRM (2014)"},"geometry":{"type":"Polygon","coordinates":[[[-36.138277,-5.858084],[-36.143686,-5.869411],[-36.145177,-5.87146],[-36.145824,-5.870309],[-36.145748,-5.86911],[-36.144891,-5.867835],[-36.143349,-5.867302],[-36.14295,-5.866769],[-36.142702,-5.863438],[-36.143578,-5.8618],[-36.144434,-5.861705],[-36.145005,-5.8626],[-36.146528,-5.868006],[-36.147214,-5.868044],[-36.147918,-5.866864],[-36.14847,-5.867092],[-36.148679,-5.868139],[-36.147918,-5.870062],[-36.147975,-5.870957],[-36.148603,-5.872441],[-36.149879,-5.873831],[-36.149212,-5.873907],[-36.145378,-5.8718],[-36.146212,-5.873548],[-36.151357,-5.880671],[-36.151493,-5.88024],[-36.152161,-5.880387],[-36.153582,-5.882641],[-36.156059,-5.885222],[-36.164623,-5.89905],[-36.168278,-5.90341],[-36.168797,-5.904655],[-36.168698,-5.905229],[-36.168172,-5.905417],[-36.169401,-5.907424],[-36.171376,-5.910177],[-36.174012,-5.912508],[-36.17428,-5.913794],[-36.181925,-5.92677],[-36.182015,-5.927918],[-36.181084,-5.927866],[-36.180612,-5.927258],[-36.181358,-5.929089],[-36.185565,-5.935651],[-36.189528,-5.94424],[-36.195209,-5.953908],[-36.201832,-5.964075],[-36.201964,-5.963631],[-36.203582,-5.962888],[-36.204211,-5.962184],[-36.201096,-5.952664],[-36.202044,-5.953419],[-36.203447,-5.955874],[-36.204074,-5.956125],[-36.203265,-5.954452],[-36.177954,-5.914651],[-36.154695,-5.873453],[-36.146179,-5.85737],[-36.143272,-5.855441],[-36.143067,-5.85656],[-36.141982,-5.85679],[-36.140909,-5.855198],[-36.140571,-5.85628],[-36.138277,-5.858084]],[[-36.1606,-5.889454],[-36.159235,-5.887535],[-36.159086,-5.886635],[-36.159414,-5.886025],[-36.160164,-5.885933],[-36.160869,-5.886358],[-36.162519,-5.88868],[-36.162455,-5.88998],[-36.161609,-5.890129],[-36.1606,-5.889454]]]}},{"type":"Feature","id":116,"properties":{"sigla":"NP3sju","unidade":"Jucurutu","era":"Neoproterozóico","periodo":"Ediacarano","litotipo_secundario":"Biotita gnaisse, Biotita xisto, Xisto, Gnaisse, Mármore, Rocha calcissilicática, Muscovita quartzito","grupo":"Formação Jucurutu","fonte":"Folhas João Câmara, Lajes, Natal, Santa Cruz, São José do MIpibu, São José do Campestre - GEOSBG/CPRM (2014)"},"geometry":{"type":"Polygon","coordinates":[[[-36.14649,-5.945768],[-36.153005,-5.960531],[-36.158114,-5.96991],[-36.162208,-5.979121],[-36.165385,-5.979432],[-36.165627,-5.979291],[-36.161322,-5.969059],[-36.148677,-5.943011],[-36.14649,-5.945768]],[[-36.157678,-5.96653],[-36.15226,-5.955304],[-36.149339,-5.950412],[-36.148443,-5.948089],[-36.148686,-5.947349],[-36.149779,-5.948454],[-36.15233,-5.953703],[-36.155809,-5.959552],[-36.159371,-5.966993],[-36.158843,-5.967492],[-36.157678,-5.96653]]]}},{"type":"Feature","id":117,"properties":{"sigla":"NP3sju","unidade":"Jucurutu","era":"Neoproterozóico","periodo":"Ediacarano","litotipo_secundario":"Biotita gnaisse, Biotita xisto, Xisto, Gnaisse, Mármore, Rocha calcissilicática, Muscovita quartzito","grupo":"Formação Jucurutu","fonte":"Folhas João Câmara, Lajes, Natal, Santa Cruz, São José do MIpibu, São José do Campestre - GEOSBG/CPRM (2014)"},"geometry":{"type":"Polygon","coordinates":[[[-36.09133,-5.834536],[-36.096753,-5.842635],[-36.096007,-5.842728],[-36.094134,-5.841228],[-36.090466,-5.835437],[-36.08974,-5.836153],[-36.092557,-5.840754],[-36.092693,-5.841974],[-36.09219,-5.842402],[-36.091725,-5.84222],[-36.090872,-5.841032],[-36.102302,-5.860494],[-36.104616,-5.86543],[-36.106784,-5.87094],[-36.108272,-5.878597],[-36.113682,-5.891142],[-36.114899,-5.893275],[-36.114452,-5.891093],[-36.1151,-5.891326],[-36.117282,-5.894168],[-36.118132,-5.896008],[-36.118201,-5.897423],[-36.117666,-5.897516],[-36.116735,-5.896574],[-36.117939,-5.898875],[-36.123847,-5.908774],[-36.130708,-5.919223],[-36.135595,-5.925272],[-36.138624,-5.930547],[-36.143413,-5.940664],[-36.145742,-5.94435],[-36.148005,-5.941485],[-36.142581,-5.931075],[-36.125194,-5.904545],[-36.120753,-5.898343],[-36.119696,-5.897778],[-36.11795,-5.894599],[-36.114765,-5.884448],[-36.111775,-5.877846],[-36.111612,-5.87469],[-36.112762,-5.873799],[-36.113764,-5.874019],[-36.114937,-5.875603],[-36.122205,-5.892656],[-36.124339,-5.894286],[-36.125256,-5.89431],[-36.125734,-5.893416],[-36.116937,-5.874269],[-36.109099,-5.86086],[-36.105186,-5.85321],[-36.098557,-5.834794],[-36.097988,-5.834002],[-36.094866,-5.832094],[-36.092442,-5.834378],[-36.09133,-5.834536]],[[-36.104537,-5.860244],[-36.101104,-5.852576],[-36.100607,-5.850422],[-36.100848,-5.850065],[-36.101444,-5.850277],[-36.10207,-5.851209],[-36.103542,-5.854716],[-36.1057,-5.858399],[-36.105803,-5.860523],[-36.105143,-5.860785],[-36.104537,-5.860244]]]}},{"type":"Feature","id":118,"properties":{"sigla":"A34sc1","unidade":"Serra Caiada, migmatito","era":"Mesoarqueano","litotipo_secundario":"Anfibolito, Migmatito","grupo":"Complexo Serra Caiada","fonte":"Folhas João Câmara, Lajes, Natal, Santa Cruz, São José do MIpibu, São José do Campestre - GEOSBG/CPRM (2014)"},"geometry":{"type":"Polygon","coordinates":[[[-35.758542,-5.999739],[-35.751859,-6.006847],[-35.749312,-6.011661],[-35.745489,-6.016574],[-35.745027,-6.01779],[-35.745264,-6.019077],[-35.747529,-6.019044],[-35.750782,-6.018001],[-35.755612,-6.01479],[-35.765917,-6.009922],[-35.76911,-6.007554],[-35.770769,-6.005703],[-35.771371,-6.004387],[-35.771123,-6.002225],[-35.769916,-6.00006],[-35.768269,-5.998686],[-35.766076,-5.997979],[-35.763586,-5.997803],[-35.761159,-5.998269],[-35.758542,-5.999739]],[[-35.758114,-6.012376],[-35.755377,-6.011527],[-35.754848,-6.010847],[-35.754849,-6.008752],[-35.755918,-6.007004],[-35.758736,-6.004635],[-35.762625,-6.002286],[-35.764742,-6.001646],[-35.766542,-6.001607],[-35.767284,-6.001974],[-35.767639,-6.002677],[-35.767469,-6.003983],[-35.766316,-6.006418],[-35.763492,-6.00843],[-35.761053,-6.009213],[-35.759205,-6.011602],[-35.758114,-6.012376]]]}},{"type":"Feature","id":119,"properties":{"sigla":"A23j","unidade":"Presidente Juscelino","era":"Paleoarqueano","litotipo_secundario":"Migmatito estromático, Metagabronorito, Metatonalito, Metatrondhjemito","grupo":"Complexo Presidente Juscelino","fonte":"Folhas João Câmara, Lajes, Natal, Santa Cruz, São José do MIpibu, São José do Campestre - GEOSBG/CPRM (2014)"},"geometry":{"type":"Polygon","coordinates":[[[-35.599527,-5.996272],[-35.599998,-5.998948],[-35.604807,-5.997714],[-35.605785,-5.997119],[-35.606059,-5.996305],[-35.605633,-5.995844],[-35.604289,-5.995756],[-35.599527,-5.996272]]]}},{"type":"Feature","id":120,"properties":{"sigla":"N23c","unidade":"Depósitos colúvio-eluviais","era":"Cenozóico","periodo":"Neogeno","litotipo_secundario":"Areia, Argila, Cascalho","grupo":"Depósitos colúvio-eluviais","fonte":"Folhas João Câmara, Lajes, Natal, Santa Cruz, São José do MIpibu, São José do Campestre - GEOSBG/CPRM (2014)"},"geometry":{"type":"Polygon","coordinates":[[[-35.621194,-5.990466],[-35.622249,-5.992284],[-35.622231,-5.994011],[-35.625459,-5.994373],[-35.628217,-5.995915],[-35.633172,-5.996033],[-35.633094,-5.994826],[-35.633444,-5.994291],[-35.634306,-5.994143],[-35.634668,-5.993482],[-35.636185,-5.993342],[-35.636628,-5.992713],[-35.63614,-5.991748],[-35.635196,-5.991222],[-35.632344,-5.991205],[-35.631259,-5.990375],[-35.62978,-5.99011],[-35.626886,-5.990876],[-35.623791,-5.98935],[-35.621816,-5.989748],[-35.621194,-5.990466]]]}},{"type":"Feature","id":121,"properties":{"sigla":"A34sc5","unidade":"Serra Caiada, anfibolito","era":"Mesoarqueano","litotipo_principal":"Anfibolito","litotipo_secundario":"Gabro, Biotita-hornblenda gnaisse","grupo":"Complexo Serra Caiada","fonte":"Folhas João Câmara, Lajes, Natal, Santa Cruz, São José do MIpibu, São José do Campestre - GEOSBG/CPRM (2014)"},"geometry":{"type":"Polygon","coordinates":[[[-35.839923,-6.0],[-35.841154,-5.994199],[-35.840797,-5.990005],[-35.840059,-5.989045],[-35.839329,-5.989459],[-35.839717,-5.995181],[-35.838979,-6.0],[-35.839923,-6.0]]]}},{"type":"Feature","id":122,"properties":{"sigla":"A3_delta_esa","unidade":"Senador Elói de Souza, anfibolito-granulito","era":"Mesoarqueano","litotipo_secundario":"Granulito félsico, Granulito máfico, Hornblenda gnaisse, Rocha calcissilicática","grupo":"Complexo Senador Elói de Souza","fonte":"Folhas João Câmara, Lajes, Natal, Santa Cruz, São José do MIpibu, São José do Campestre - GEOSBG/CPRM (2014)"},"geometry":{"type":"Polygon","coordinates":[[[-35.710142,-6.01708],[-35.718473,-6.009488],[-35.720244,-6.005414],[-35.72147,-5.998259],[-35.721466,-5.991944],[-35.72086,-5.987906],[-35.719335,-5.983496],[-35.71965,-5.98913],[-35.718579,-5.994558],[-35.716553,-6.000035],[-35.712346,-6.008673],[-35.714787,-6.010355],[-35.715047,-6.011465],[-35.714651,-6.012133],[-35.712905,-6.012955],[-35.712639,-6.014247],[-35.710833,-6.01584],[-35.710142,-6.01708]]]}},{"type":"Feature","id":123,"properties":{"sigla":"N23c","unidade":"Depósitos colúvio-eluviais","era":"Cenozóico","periodo":"Neogeno","litotipo_secundario":"Areia, Argila, Cascalho","grupo":"Depósitos colúvio-eluviais","fonte":"Folhas João Câmara, Lajes, Natal, Santa Cruz, São José do MIpibu, São José do Campestre - GEOSBG/CPRM (2014)"},"geometry":{"type":"Polygon","coordinates":[[[-35.584975,-5.982631],[-35.583575,-5.98406],[-35.582153,-5.984724],[-35.579176,-5.984227],[-35.578331,-5.984544],[-35.576233,-5.986809],[-35.576056,-5.988954],[-35.578777,-5.991699],[-35.579588,-5.994269],[-35.581015,-5.994383],[-35.582695,-5.99352],[-35.584125,-5.994115],[-35.584968,-5.992962],[-35.585577,-5.992789],[-35.586585,-5.994616],[-35.588086,-5.996263],[-35.589083,-5.996317],[-35.590644,-5.994896],[-35.592395,-5.99232],[-35.596164,-5.98976],[-35.596774,-5.988377],[-35.596634,-5.987013],[-35.595552,-5.985272],[-35.592193,-5.984948],[-35.591965,-5.983597],[-35.59154,-5.98322],[-35.590114,-5.984352],[-35.587156,-5.982602],[-35.584975,-5.982631]]]}},{"type":"Feature","id":124,"properties":{"sigla":"A2gt","unidade":"Gnaisse Teixeira","era":"Paleoarqueano","litotipo_secundario":"Paragnaisse, Granada gnaisse","grupo":"Gnaisse Teixeira","fonte":"Folhas João Câmara, Lajes, Natal, Santa Cruz, São José do MIpibu, São José do Campestre - GEOSBG/CPRM (2014)"},"geometry":{"type":"Polygon","coordinates":[[[-35.798149,-6.009508],[-35.800017,-6.009229],[-35.802005,-6.00832],[-35.803648,-6.007003],[-35.80488,-6.005325],[-35.80619,-6.000796],[-35.805821,-5.998527],[-35.804974,-5.996499],[-35.800042,-5.990034],[-35.795519,-5.986125],[-35.78958,-5.982999],[-35.785536,-5.982174],[-35.782775,-5.982332],[-35.781499,-5.984033],[-35.782531,-5.986096],[-35.784106,-5.98719],[-35.78886,-5.988737],[-35.790835,-5.990327],[-35.792104,-5.99195],[-35.793145,-5.995361],[-35.793647,-6.003958],[-35.794682,-6.007165],[-35.796066,-6.008893],[-35.798149,-6.009508]]]}},{"type":"Feature","id":125,"properties":{"sigla":"A34sc5","unidade":"Serra Caiada, anfibolito","era":"Mesoarqueano","litotipo_principal":"Anfibolito","litotipo_secundario":"Gabro, Biotita-hornblenda gnaisse","grupo":"Complexo Serra Caiada","fonte":"Folhas João Câmara, Lajes, Natal, Santa Cruz, São José do MIpibu, São José do Campestre - GEOSBG/CPRM (2014)"},"geometry":{"type":"Polygon","coordinates":[[[-35.830858,-5.979547],[-35.833774,-5.982533],[-35.835418,-5.98525],[-35.835138,-5.983503],[-35.833887,-5.981619],[-35.830037,-5.977857],[-35.830858,-5.979547]]]}},{"type":"Feature","id":126,"properties":{"sigla":"A34sc5","unidade":"Serra Caiada, anfibolito","era":"Mesoarqueano","litotipo_principal":"Anfibolito","litotipo_secundario":"Gabro, Biotita-hornblenda gnaisse","grupo":"Complexo Serra Caiada","fonte":"Folhas João Câmara, Lajes, Natal, Santa Cruz, São José do MIpibu, São José do Campestre - GEOSBG/CPRM (2014)"},"geometry":{"type":"Polygon","coordinates":[[[-35.844566,-5.992938],[-35.844952,-5.992664],[-35.844741,-5.988744],[-35.844165,-5.98686],[-35.840294,-5.979041],[-35.838963,-5.977735],[-35.837486,-5.977155],[-35.841688,-5.983584],[-35.843394,-5.988828],[-35.844029,-5.992573],[-35.844566,-5.992938]]]}},{"type":"Feature","id":127,"properties":{"sigla":"A34sc1","unidade":"Serra Caiada, migmatito","era":"Mesoarqueano","litotipo_secundario":"Anfibolito, Migmatito","grupo":"Complexo Serra Caiada","fonte":"Folhas João Câmara, Lajes, Natal, Santa Cruz, São José do MIpibu, São José do Campestre - GEOSBG/CPRM (2014)"},"geometry":{"type":"Polygon","coordinates":[[[-35.869393,-5.975978],[-35.86727,-5.977204],[-35.867169,-5.979513],[-35.869255,-5.98332],[-35.870341,-5.986789],[-35.871469,-5.988974],[-35.876282,-5.992321],[-35.87849,-5.995885],[-35.883657,-6.001285],[-35.887357,-6.006511],[-35.888343,-6.008558],[-35.896698,-6.0137],[-35.900437,-6.018519],[-35.901715,-6.021322],[-35.902878,-6.022758],[-35.907093,-6.026412],[-35.908334,-6.026677],[-35.909728,-6.026041],[-35.910426,-6.025012],[-35.910479,-6.023545],[-35.910026,-6.018988],[-35.908189,-6.012111],[-35.908416,-6.005671],[-35.907996,-6.001683],[-35.90838,-5.997726],[-35.908033,-5.993975],[-35.9073,-5.99131],[-35.904733,-5.988608],[-35.904035,-5.985676],[-35.900578,-5.983284],[-35.897933,-5.980527],[-35.896716,-5.979965],[-35.883205,-5.979085],[-35.878878,-5.979731],[-35.876766,-5.97905],[-35.875482,-5.977256],[-35.874149,-5.976558],[-35.869393,-5.975978]]]}},{"type":"Feature","id":128,"properties":{"sigla":"A2bj","unidade":"Metatonalito Bom Jesus","era":"Paleoarqueano","litotipo_principal":"Ortognaisse, hornblenda e biotita","litotipo_secundario":"anfibolitos, metaquartzodioritos e gabros","grupo":"Metatonalito Bom Jesus","fonte":"Folhas João Câmara, Lajes, Natal, Santa Cruz, São José do MIpibu, São José do Campestre - GEOSBG/CPRM (2014)"},"geometry":{"type":"Polygon","coordinates":[[[-35.616953,-5.982051],[-35.619669,-5.980235],[-35.620782,-5.978747],[-35.621116,-5.974703],[-35.620778,-5.974117],[-35.619091,-5.974254],[-35.617129,-5.976328],[-35.615667,-5.980386],[-35.615913,-5.981655],[-35.616953,-5.982051]]]}},{"type":"Feature","id":129,"properties":{"sigla":"A34sc5","unidade":"Serra Caiada, anfibolito","era":"Mesoarqueano","litotipo_principal":"Anfibolito","litotipo_secundario":"Gabro, Biotita-hornblenda gnaisse","grupo":"Complexo Serra Caiada","fonte":"Folhas João Câmara, Lajes, Natal, Santa Cruz, São José do MIpibu, São José do Campestre - GEOSBG/CPRM (2014)"},"geometry":{"type":"Polygon","coordinates":[[[-35.965112,-5.968441],[-35.965762,-5.968498],[-35.967635,-5.96994],[-35.9689,-5.969907],[-35.968475,-5.968732],[-35.966834,-5.96732],[-35.96517,-5.966502],[-35.963505,-5.966265],[-35.96365,-5.966908],[-35.965112,-5.968441]]]}},{"type":"Feature","id":130,"properties":{"sigla":"A34sc1","unidade":"Serra Caiada, migmatito","era":"Mesoarqueano","litotipo_secundario":"Anfibolito, Migmatito","grupo":"Complexo Serra Caiada","fonte":"Folhas João Câmara, Lajes, Natal, Santa Cruz, São José do MIpibu, São José do Campestre - GEOSBG/CPRM (2014)"},"geometry":{"type":"Polygon","coordinates":[[[-35.539675,-5.966609],[-35.535561,-5.974886],[-35.532759,-5.9885],[-35.531531,-5.99674],[-35.535238,-5.999817],[-35.537192,-6.000525],[-35.538384,-6.001433],[-35.539907,-6.001604],[-35.541025,-6.002744],[-35.543173,-6.003361],[-35.54541,-6.006704],[-35.546456,-6.006873],[-35.54688,-6.006556],[-35.546988,-6.005688],[-35.54632,-6.003515],[-35.54356,-6.001179],[-35.54238,-5.998429],[-35.541174,-5.99783],[-35.5392,-5.997934],[-35.538993,-5.997565],[-35.53929,-5.996278],[-35.540198,-5.996134],[-35.539374,-5.995184],[-35.539064,-5.993555],[-35.540658,-5.985624],[-35.541219,-5.978706],[-35.544158,-5.969777],[-35.54282,-5.970047],[-35.541421,-5.968694],[-35.541518,-5.968164],[-35.543049,-5.96716],[-35.542384,-5.966073],[-35.542799,-5.965529],[-35.542564,-5.965119],[-35.541402,-5.965185],[-35.539675,-5.966609]]]}},{"type":"Feature","id":131,"properties":{"sigla":"A34sc3","unidade":"Serra Caiada, formação ferrífera","era":"Mesoarqueano","litotipo_principal":"Formação ferrífera bandada","litotipo_secundario":"Anfibolito, Mármore, Rocha calcissilicática, Metabasito, Metaultramafito, Quartzito micáceo","grupo":"Complexo Serra Caiada","fonte":"Folhas João Câmara, Lajes, Natal, Santa Cruz, São José do MIpibu, São José do Campestre - GEOSBG/CPRM (2014)"},"geometry":{"type":"Polygon","coordinates":[[[-35.890284,-5.974175],[-35.89076,-5.973937],[-35.89076,-5.973045],[-35.887072,-5.970427],[-35.886239,-5.969178],[-35.883978,-5.967334],[-35.878803,-5.963527],[-35.876542,-5.962754],[-35.87565,-5.962932],[-35.875769,-5.963824],[-35.88035,-5.967632],[-35.888559,-5.97364],[-35.890284,-5.974175]]]}},{"type":"Feature","id":132,"properties":{"sigla":"NP3_gamma_2it","unidade":"Itaporanga","era":"Neoproterozóico","periodo":"Ediacarano","litotipo_principal":"Biotita granito porfirítico","litotipo_secundario":"Diorito, Granito, Granodiorito, Monzonito","grupo":"Suíte Intrusiva Itaporanga","fonte":"Folhas João Câmara, Lajes, Natal, Santa Cruz, São José do MIpibu, São José do Campestre - GEOSBG/CPRM (2014)"},"geometry":{"type":"Polygon","coordinates":[[[-35.952392,-5.977304],[-35.937686,-5.962736],[-35.936611,-5.962653],[-35.935931,-5.963074],[-35.935436,-5.964143],[-35.935535,-5.965241],[-35.938294,-5.968441],[-35.939483,-5.971823],[-35.940591,-5.973331],[-35.947697,-5.979935],[-35.951685,-5.982441],[-35.953205,-5.982658],[-35.954236,-5.982108],[-35.954401,-5.981367],[-35.952392,-5.977304]]]}},{"type":"Feature","id":133,"properties":{"sigla":"A34sc5","unidade":"Serra Caiada, anfibolito","era":"Mesoarqueano","litotipo_principal":"Anfibolito","litotipo_secundario":"Gabro, Biotita-hornblenda gnaisse","grupo":"Complexo Serra Caiada","fonte":"Folhas João Câmara, Lajes, Natal, Santa Cruz, São José do MIpibu, São José do Campestre - GEOSBG/CPRM (2014)"},"geometry":{"type":"Polygon","coordinates":[[[-35.968676,-5.976319],[-35.969029,-5.975653],[-35.966526,-5.972997],[-35.963813,-5.970363],[-35.962595,-5.970239],[-35.962651,-5.971197],[-35.964739,-5.972589],[-35.96473,-5.973167],[-35.965738,-5.973781],[-35.966971,-5.975433],[-35.968676,-5.976319]]]}},{"type":"Feature","id":134,"properties":{"sigla":"A2gt","unidade":"Gnaisse Teixeira","era":"Paleoarqueano","litotipo_secundario":"Paragnaisse, Granada gnaisse","grupo":"Gnaisse Teixeira","fonte":"Folhas João Câmara, Lajes, Natal, Santa Cruz, São José do MIpibu, São José do Campestre - GEOSBG/CPRM (2014)"},"geometry":{"type":"Polygon","coordinates":[[[-35.544092,-5.969955],[-35.541337,-5.978112],[-35.540658,-5.985624],[-35.539071,-5.99345],[-35.539676,-5.995679],[-35.541577,-5.996495],[-35.543362,-5.995817],[-35.544482,-5.99318],[-35.545585,-5.981051],[-35.547429,-5.974405],[-35.547521,-5.969904],[-35.546989,-5.967825],[-35.544092,-5.969955]]]}},{"type":"Feature","id":135,"properties":{"sigla":"N23c","unidade":"Depósitos colúvio-eluviais","era":"Cenozóico","periodo":"Neogeno","litotipo_secundario":"Areia, Argila, Cascalho","grupo":"Depósitos colúvio-eluviais","fonte":"Folhas João Câmara, Lajes, Natal, Santa Cruz, São José do MIpibu, São José do Campestre - GEOSBG/CPRM (2014)"},"geometry":{"type":"Polygon","coordinates":[[[-35.595485,-5.967206],[-35.596618,-5.968287],[-35.598973,-5.96788],[-35.599438,-5.969554],[-35.600997,-5.969588],[-35.600982,-5.971226],[-35.602877,-5.97019],[-35.60482,-5.970682],[-35.605336,-5.969956],[-35.605085,-5.968864],[-35.60311,-5.966458],[-35.599778,-5.965033],[-35.598137,-5.962785],[-35.598239,-5.962181],[-35.597703,-5.961276],[-35.597018,-5.960692],[-35.596028,-5.961024],[-35.595788,-5.961946],[-35.593942,-5.962514],[-35.593465,-5.963179],[-35.595762,-5.965303],[-35.595485,-5.967206]]]}},{"type":"Feature","id":136,"properties":{"sigla":"A34sc5","unidade":"Serra Caiada, anfibolito","era":"Mesoarqueano","litotipo_principal":"Anfibolito","litotipo_secundario":"Gabro, Biotita-hornblenda gnaisse","grupo":"Complexo Serra Caiada","fonte":"Folhas João Câmara, Lajes, Natal, Santa Cruz, São José do MIpibu, São José do Campestre - GEOSBG/CPRM (2014)"},"geometry":{"type":"Polygon","coordinates":[[[-35.811686,-5.961793],[-35.811438,-5.961132],[-35.80689,-5.958908],[-35.80585,-5.957996],[-35.803364,-5.956801],[-35.80279,-5.956914],[-35.807182,-5.959695],[-35.811686,-5.961793]]]}},{"type":"Feature","id":137,"properties":{"sigla":"NP3_gamma_3di","unidade":"Dona Inês","era":"Neoproterozóico","periodo":"Ediacarano","litotipo_secundario":"Sienogranito, Monzogranito, Leucogranito, Biotita leucogranito","grupo":"Suíte Intrusiva Dona Inês","fonte":"Folhas João Câmara, Lajes, Natal, Santa Cruz, São José do MIpibu, São José do Campestre - GEOSBG/CPRM (2014)"},"geometry":{"type":"Polygon","coordinates":[[[-35.944988,-5.963335],[-35.945393,-5.963038],[-35.944836,-5.960325],[-35.945188,-5.959886],[-35.944046,-5.957046],[-35.943301,-5.95671],[-35.943055,-5.958142],[-35.944988,-5.963335]]]}},{"type":"Feature","id":138,"properties":{"sigla":"A23j","unidade":"Presidente Juscelino","era":"Paleoarqueano","litotipo_secundario":"Migmatito estromático, Metagabronorito, Metatonalito, Metatrondhjemito","grupo":"Complexo Presidente Juscelino","fonte":"Folhas João Câmara, Lajes, Natal, Santa Cruz, São José do MIpibu, São José do Campestre - GEOSBG/CPRM (2014)"},"geometry":{"type":"Polygon","coordinates":[[[-35.54868,-5.991867],[-35.551432,-5.991729],[-35.552416,-5.98986],[-35.553638,-5.989062],[-35.558677,-5.98864],[-35.560403,-5.976943],[-35.564254,-5.960506],[-35.563922,-5.956212],[-35.563072,-5.955009],[-35.561788,-5.954226],[-35.560051,-5.954269],[-35.557208,-5.957551],[-35.553901,-5.962975],[-35.551671,-5.968182],[-35.549603,-5.976339],[-35.548542,-5.986941],[-35.54868,-5.991867]]]}},{"type":"Feature","id":139,"properties":{"sigla":"N23c","unidade":"Depósitos colúvio-eluviais","era":"Cenozóico","periodo":"Neogeno","litotipo_secundario":"Areia, Argila, Cascalho","grupo":"Depósitos colúvio-eluviais","fonte":"Folhas João Câmara, Lajes, Natal, Santa Cruz, São José do MIpibu, São José do Campestre - GEOSBG/CPRM (2014)"},"geometry":{"type":"Polygon","coordinates":[[[-35.609228,-5.959486],[-35.611257,-5.961616],[-35.612518,-5.961565],[-35.613435,-5.960021],[-35.615323,-5.95935],[-35.616326,-5.957388],[-35.617057,-5.957641],[-35.617587,-5.959141],[-35.618883,-5.959105],[-35.620603,-5.95768],[-35.620729,-5.955901],[-35.620261,-5.955149],[-35.617918,-5.956069],[-35.616065,-5.955139],[-35.614397,-5.955931],[-35.613288,-5.955915],[-35.611433,-5.954297],[-35.609628,-5.954339],[-35.607384,-5.951328],[-35.606589,-5.951492],[-35.60588,-5.952267],[-35.603185,-5.952044],[-35.60229,-5.952365],[-35.602308,-5.953826],[-35.60414,-5.956203],[-35.603639,-5.959707],[-35.604367,-5.960736],[-35.604325,-5.962255],[-35.604845,-5.963241],[-35.605885,-5.963398],[-35.606864,-5.962274],[-35.606305,-5.960476],[-35.606637,-5.959879],[-35.608351,-5.960522],[-35.609228,-5.959486]]]}},{"type":"Feature","id":140,"properties":{"sigla":"NP3_gamma_3di","unidade":"Dona Inês","era":"Neoproterozóico","periodo":"Ediacarano","litotipo_secundario":"Sienogranito, Monzogranito, Leucogranito, Biotita leucogranito","grupo":"Suíte Intrusiva Dona Inês","fonte":"Folhas João Câmara, Lajes, Natal, Santa Cruz, São José do MIpibu, São José do Campestre - GEOSBG/CPRM (2014)"},"geometry":{"type":"Polygon","coordinates":[[[-35.956169,-5.955269],[-35.956615,-5.955378],[-35.956597,-5.958214],[-35.957414,-5.959357],[-35.95778,-5.95901],[-35.957805,-5.957758],[-35.957349,-5.95274],[-35.95673,-5.950903],[-35.956204,-5.951312],[-35.956493,-5.953796],[-35.956169,-5.955269]]]}},{"type":"Feature","id":141,"properties":{"sigla":"A3_mu_p2","unidade":"Riacho das Telhas, talco xisto","era":"Mesoarqueano","litotipo_principal":"Tremolita-clorita xisto, Talco-clorita-serpentina xisto, Talco xisto","grupo":"Complexo Riacho das Telhas","fonte":"Folhas João Câmara, Lajes, Natal, Santa Cruz, São José do MIpibu, São José do Campestre - GEOSBG/CPRM (2014)"},"geometry":{"type":"Polygon","coordinates":[[[-35.73534,-5.983182],[-35.737641,-5.982131],[-35.739363,-5.979761],[-35.740257,-5.976907],[-35.740848,-5.969385],[-35.742152,-5.964705],[-35.743595,-5.961906],[-35.746467,-5.958637],[-35.748904,-5.95478],[-35.748929,-5.952125],[-35.747506,-5.950877],[-35.744678,-5.950666],[-35.740534,-5.952932],[-35.73557,-5.958337],[-35.728995,-5.963295],[-35.72783,-5.964959],[-35.726492,-5.968158],[-35.726084,-5.970251],[-35.726535,-5.974451],[-35.728377,-5.978609],[-35.730782,-5.981223],[-35.73419,-5.98297],[-35.73534,-5.983182]]]}},{"type":"Feature","id":142,"properties":{"sigla":"A34sc5","unidade":"Serra Caiada, anfibolito","era":"Mesoarqueano","litotipo_principal":"Anfibolito","litotipo_secundario":"Gabro, Biotita-hornblenda gnaisse","grupo":"Complexo Serra Caiada","fonte":"Folhas João Câmara, Lajes, Natal, Santa Cruz, São José do MIpibu, São José do Campestre - GEOSBG/CPRM (2014)"},"geometry":{"type":"Polygon","coordinates":[[[-35.752057,-5.958839],[-35.762004,-5.951206],[-35.764748,-5.947984],[-35.75355,-5.956578],[-35.752448,-5.957715],[-35.752057,-5.958839]]]}},{"type":"Feature","id":143,"properties":{"sigla":"NP3_gamma_3di","unidade":"Dona Inês","era":"Neoproterozóico","periodo":"Ediacarano","litotipo_secundario":"Sienogranito, Monzogranito, Leucogranito, Biotita leucogranito","grupo":"Suíte Intrusiva Dona Inês","fonte":"Folhas João Câmara, Lajes, Natal, Santa Cruz, São José do MIpibu, São José do Campestre - GEOSBG/CPRM (2014)"},"geometry":{"type":"Polygon","coordinates":[[[-35.957086,-5.947588],[-35.961284,-5.952662],[-35.962259,-5.953355],[-35.962422,-5.952516],[-35.960317,-5.950033],[-35.960544,-5.949661],[-35.958143,-5.946683],[-35.957056,-5.946376],[-35.956809,-5.946756],[-35.957086,-5.947588]]]}},{"type":"Feature","id":144,"properties":{"sigla":"N23c","unidade":"Depósitos colúvio-eluviais","era":"Cenozóico","periodo":"Neogeno","litotipo_secundario":"Areia, Argila, Cascalho","grupo":"Depósitos colúvio-eluviais","fonte":"Folhas João Câmara, Lajes, Natal, Santa Cruz, São José do MIpibu, São José do Campestre - GEOSBG/CPRM (2014)"},"geometry":{"type":"Polygon","coordinates":[[[-35.665318,-5.946657],[-35.663299,-5.946997],[-35.662543,-5.947433],[-35.662015,-5.949635],[-35.660861,-5.950588],[-35.660577,-5.951613],[-35.659885,-5.952293],[-35.656067,-5.952924],[-35.653895,-5.95375],[-35.648891,-5.95352],[-35.647075,-5.95109],[-35.644739,-5.951794],[-35.64124,-5.951141],[-35.640645,-5.95139],[-35.639401,-5.954389],[-35.638066,-5.954172],[-35.63642,-5.955116],[-35.634542,-5.954566],[-35.632136,-5.955094],[-35.631581,-5.953861],[-35.631946,-5.950451],[-35.631351,-5.950007],[-35.630419,-5.951415],[-35.626893,-5.952021],[-35.625667,-5.953811],[-35.623025,-5.954603],[-35.622893,-5.955621],[-35.625147,-5.956295],[-35.625584,-5.956928],[-35.625505,-5.957621],[-35.62427,-5.959263],[-35.620802,-5.960322],[-35.619872,-5.96141],[-35.620323,-5.961944],[-35.623395,-5.963052],[-35.625209,-5.965248],[-35.628039,-5.9661],[-35.629221,-5.965892],[-35.629462,-5.96492],[-35.628887,-5.964076],[-35.62718,-5.963161],[-35.62706,-5.962436],[-35.628964,-5.962615],[-35.630252,-5.961869],[-35.630858,-5.962523],[-35.632028,-5.962182],[-35.63265,-5.962458],[-35.633574,-5.960933],[-35.634655,-5.960296],[-35.635941,-5.960546],[-35.637729,-5.962987],[-35.64003,-5.963956],[-35.640181,-5.964839],[-35.639668,-5.965694],[-35.635952,-5.966693],[-35.634855,-5.967513],[-35.634861,-5.970973],[-35.633249,-5.972912],[-35.633369,-5.974306],[-35.631375,-5.978385],[-35.631285,-5.980133],[-35.631832,-5.980532],[-35.63522,-5.979249],[-35.637127,-5.979684],[-35.640744,-5.97923],[-35.641911,-5.975216],[-35.64407,-5.972924],[-35.643807,-5.971637],[-35.642159,-5.969855],[-35.641901,-5.96874],[-35.645498,-5.9639],[-35.646222,-5.963873],[-35.646765,-5.964418],[-35.646243,-5.967851],[-35.647429,-5.969138],[-35.648335,-5.968999],[-35.650295,-5.967147],[-35.651703,-5.966549],[-35.652877,-5.966728],[-35.65352,-5.967552],[-35.655441,-5.96666],[-35.656342,-5.967243],[-35.657918,-5.967256],[-35.659055,-5.967815],[-35.659764,-5.970323],[-35.658951,-5.972184],[-35.653896,-5.973124],[-35.651789,-5.973926],[-35.650425,-5.974939],[-35.649612,-5.976795],[-35.650626,-5.978591],[-35.650186,-5.980186],[-35.650475,-5.981304],[-35.651164,-5.981199],[-35.652229,-5.980304],[-35.65326,-5.980889],[-35.654987,-5.980186],[-35.657359,-5.982258],[-35.65809,-5.983805],[-35.658661,-5.986923],[-35.658456,-5.990173],[-35.657457,-5.991039],[-35.65615,-5.990976],[-35.652574,-5.988767],[-35.649484,-5.987627],[-35.647065,-5.988096],[-35.646475,-5.989048],[-35.647707,-5.989723],[-35.648188,-5.991322],[-35.651613,-5.991204],[-35.653597,-5.992851],[-35.656042,-5.992658],[-35.656937,-5.992961],[-35.657878,-5.994522],[-35.659179,-5.995656],[-35.659284,-5.997099],[-35.66101,-5.99756],[-35.662745,-5.998879],[-35.664799,-5.997749],[-35.666179,-5.998014],[-35.66916,-6.001074],[-35.669335,-6.002091],[-35.668934,-6.003521],[-35.66924,-6.005564],[-35.669819,-6.006623],[-35.670722,-6.007182],[-35.672122,-6.007015],[-35.67311,-6.006298],[-35.674084,-6.003372],[-35.675376,-6.002022],[-35.676714,-5.999422],[-35.681481,-5.996557],[-35.682705,-5.996727],[-35.684403,-5.998755],[-35.685434,-6.00112],[-35.687933,-6.00392],[-35.690006,-6.004662],[-35.690565,-6.005997],[-35.689605,-6.007103],[-35.686826,-6.007452],[-35.685431,-6.007201],[-35.683904,-6.006013],[-35.683082,-6.006046],[-35.681813,-6.007681],[-35.679141,-6.008881],[-35.678782,-6.009486],[-35.678958,-6.010296],[-35.680185,-6.013029],[-35.681525,-6.014236],[-35.685507,-6.016267],[-35.687418,-6.017832],[-35.68999,-6.018081],[-35.691805,-6.018985],[-35.692621,-6.020085],[-35.693491,-6.022715],[-35.693167,-6.024924],[-35.688531,-6.032564],[-35.688508,-6.035169],[-35.691325,-6.037212],[-35.692807,-6.041895],[-35.69464,-6.043498],[-35.696355,-6.043937],[-35.699987,-6.043336],[-35.702233,-6.044517],[-35.703958,-6.044573],[-35.705228,-6.045098],[-35.706471,-6.044865],[-35.70777,-6.043555],[-35.707775,-6.038303],[-35.706451,-6.035551],[-35.704805,-6.027408],[-35.706717,-6.024812],[-35.707198,-6.020607],[-35.709696,-6.018866],[-35.710532,-6.016227],[-35.712571,-6.014344],[-35.712939,-6.012918],[-35.71477,-6.012024],[-35.715096,-6.010854],[-35.713602,-6.00936],[-35.710752,-6.00774],[-35.709247,-6.005886],[-35.709246,-6.000764],[-35.709702,-5.997377],[-35.708943,-5.995367],[-35.706377,-5.994152],[-35.701351,-5.993271],[-35.698672,-5.992193],[-35.697721,-5.991309],[-35.696328,-5.988932],[-35.694483,-5.988132],[-35.692703,-5.986784],[-35.6916,-5.984457],[-35.692337,-5.983627],[-35.695609,-5.983162],[-35.69755,-5.980304],[-35.696817,-5.976648],[-35.69462,-5.970498],[-35.694251,-5.966752],[-35.694526,-5.965479],[-35.695112,-5.965002],[-35.700103,-5.964209],[-35.701858,-5.962986],[-35.702477,-5.960669],[-35.702007,-5.959118],[-35.701013,-5.957733],[-35.700866,-5.956332],[-35.701647,-5.955334],[-35.703589,-5.954996],[-35.704503,-5.954408],[-35.704933,-5.952097],[-35.705895,-5.950508],[-35.706836,-5.949859],[-35.706933,-5.948478],[-35.705972,-5.947978],[-35.704486,-5.947965],[-35.6987,-5.950092],[-35.697882,-5.94965],[-35.697043,-5.947665],[-35.696493,-5.947657],[-35.696119,-5.948121],[-35.695066,-5.947999],[-35.69409,-5.949222],[-35.69319,-5.949471],[-35.69192,-5.949032],[-35.690881,-5.947409],[-35.689936,-5.94724],[-35.689597,-5.948419],[-35.688234,-5.948302],[-35.687296,-5.94919],[-35.689032,-5.954221],[-35.688984,-5.955619],[-35.688028,-5.956265],[-35.687261,-5.95605],[-35.686354,-5.954957],[-35.683703,-5.949769],[-35.68219,-5.948913],[-35.681015,-5.949825],[-35.681297,-5.952352],[-35.679341,-5.953854],[-35.678562,-5.955359],[-35.678758,-5.956895],[-35.680298,-5.958793],[-35.679823,-5.960704],[-35.678124,-5.961076],[-35.675307,-5.962939],[-35.674642,-5.962825],[-35.673944,-5.962035],[-35.673793,-5.960883],[-35.675184,-5.958278],[-35.674363,-5.957679],[-35.673295,-5.958439],[-35.671146,-5.958557],[-35.669667,-5.960783],[-35.667178,-5.961283],[-35.665963,-5.962757],[-35.664693,-5.963104],[-35.663701,-5.962186],[-35.663689,-5.960883],[-35.663169,-5.959689],[-35.661758,-5.958112],[-35.66203,-5.954914],[-35.663172,-5.953681],[-35.666774,-5.952342],[-35.668626,-5.94981],[-35.668453,-5.949227],[-35.667533,-5.949172],[-35.66695,-5.948656],[-35.666479,-5.945831],[-35.665925,-5.945846],[-35.665318,-5.946657]]]}},{"type":"Feature","id":145,"properties":{"sigla":"A23j","unidade":"Presidente Juscelino","era":"Paleoarqueano","litotipo_secundario":"Migmatito estromático, Metagabronorito, Metatonalito, Metatrondhjemito","grupo":"Complexo Presidente Juscelino","fonte":"Folhas João Câmara, Lajes, Natal, Santa Cruz, São José do MIpibu, São José do Campestre - GEOSBG/CPRM (2014)"},"geometry":{"type":"Polygon","coordinates":[[[-35.564605,-5.946671],[-35.566973,-5.947454],[-35.568526,-5.948571],[-35.569305,-5.947491],[-35.569394,-5.946193],[-35.568877,-5.945443],[-35.567662,-5.945298],[-35.565077,-5.945884],[-35.564605,-5.946671]]]}},{"type":"Feature","id":146,"properties":{"sigla":"E3_beta_m","unidade":"Basalto Macau","era":"Cenozóico","periodo":"Paleogeno","litotipo_secundario":"Basalto, Basanito","grupo":"Basalto Macau","fonte":"Folhas João Câmara, Lajes, Natal, Santa Cruz, São José do MIpibu, São José do Campestre - GEOSBG/CPRM (2014)"},"geometry":{"type":"Polygon","coordinates":[[[-35.779309,-5.950291],[-35.780895,-5.949967],[-35.781867,-5.949116],[-35.781533,-5.946365],[-35.780208,-5.944224],[-35.777336,-5.943661],[-35.775793,-5.945605],[-35.775789,-5.948212],[-35.777233,-5.949662],[-35.779309,-5.950291]]]}},{"type":"Feature","id":147,"properties":{"sigla":"A34sc1","unidade":"Serra Caiada, migmatito","era":"Mesoarqueano","litotipo_secundario":"Anfibolito, Migmatito","grupo":"Complexo Serra Caiada","fonte":"Folhas João Câmara, Lajes, Natal, Santa Cruz, São José do MIpibu, São José do Campestre - GEOSBG/CPRM (2014)"},"geometry":{"type":"Polygon","coordinates":[[[-35.546991,-5.949774],[-35.547472,-5.950065],[-35.548353,-5.949792],[-35.548716,-5.950914],[-35.549816,-5.951025],[-35.550183,-5.951941],[-35.551191,-5.952215],[-35.549635,-5.955859],[-35.548933,-5.956628],[-35.549094,-5.95856],[-35.548786,-5.95874],[-35.54751,-5.958011],[-35.546174,-5.959071],[-35.544694,-5.96137],[-35.544602,-5.962698],[-35.545685,-5.963375],[-35.546106,-5.964914],[-35.547845,-5.965923],[-35.546989,-5.967825],[-35.547527,-5.970001],[-35.547367,-5.974979],[-35.545585,-5.981051],[-35.544482,-5.99318],[-35.548504,-5.991882],[-35.54856,-5.986647],[-35.54976,-5.975295],[-35.551033,-5.970134],[-35.552996,-5.964833],[-35.556059,-5.959272],[-35.559139,-5.955183],[-35.560377,-5.954093],[-35.562049,-5.954328],[-35.563282,-5.955217],[-35.563955,-5.956303],[-35.564254,-5.960506],[-35.560403,-5.976943],[-35.558677,-5.98864],[-35.5609,-5.989276],[-35.56315,-5.993403],[-35.565049,-5.994098],[-35.565524,-5.999706],[-35.566562,-6.001665],[-35.565296,-6.004276],[-35.566154,-6.005176],[-35.567461,-6.005144],[-35.569101,-6.003909],[-35.56821,-5.978749],[-35.566845,-5.970068],[-35.567452,-5.965542],[-35.569968,-5.957771],[-35.568422,-5.956118],[-35.569292,-5.95293],[-35.568233,-5.949751],[-35.568526,-5.948571],[-35.566973,-5.947454],[-35.56445,-5.946602],[-35.563171,-5.948888],[-35.562923,-5.950484],[-35.562357,-5.95082],[-35.561499,-5.949122],[-35.560034,-5.949468],[-35.559848,-5.947362],[-35.559375,-5.947087],[-35.558898,-5.947446],[-35.557862,-5.950026],[-35.557305,-5.950232],[-35.55629,-5.949665],[-35.555675,-5.949933],[-35.554959,-5.952627],[-35.552698,-5.952414],[-35.551942,-5.950455],[-35.552061,-5.94988],[-35.557416,-5.94374],[-35.55512,-5.943374],[-35.553155,-5.943804],[-35.548836,-5.946641],[-35.547384,-5.948536],[-35.546991,-5.949774]]]}},{"type":"Feature","id":148,"properties":{"sigla":"A34sc5","unidade":"Serra Caiada, anfibolito","era":"Mesoarqueano","litotipo_principal":"Anfibolito","litotipo_secundario":"Gabro, Biotita-hornblenda gnaisse","grupo":"Complexo Serra Caiada","fonte":"Folhas João Câmara, Lajes, Natal, Santa Cruz, São José do MIpibu, São José do Campestre - GEOSBG/CPRM (2014)"},"geometry":{"type":"Polygon","coordinates":[[[-35.776182,-5.941444],[-35.770668,-5.942709],[-35.769638,-5.943643],[-35.775334,-5.942075],[-35.7797,-5.942158],[-35.776182,-5.941444]]]}},{"type":"Feature","id":149,"properties":{"sigla":"A3_gamma_es","unidade":"Senador Elói de Souza","era":"Mesoarqueano","litotipo_secundario":"Anfibolito, Metagabro, Metanorito, Metanortosito, Ortognaisse","grupo":"Complexo Senador Elói de Souza","fonte":"Folhas João Câmara, Lajes, Natal, Santa Cruz, São José do MIpibu, São José do Campestre - GEOSBG/CPRM (2014)"},"geometry":{"type":"Polygon","coordinates":[[[-35.712346,-6.008673],[-35.717724,-5.997196],[-35.719622,-5.989464],[-35.719335,-5.983496],[-35.716259,-5.97656],[-35.715967,-5.970834],[-35.716229,-5.969266],[-35.717784,-5.966091],[-35.721361,-5.961349],[-35.731854,-5.952718],[-35.736531,-5.947288],[-35.737609,-5.944979],[-35.737737,-5.94264],[-35.736895,-5.941394],[-35.734688,-5.939955],[-35.731979,-5.939787],[-35.729342,-5.941073],[-35.723648,-5.945208],[-35.719265,-5.949104],[-35.711359,-5.959052],[-35.705808,-5.968986],[-35.705065,-5.972759],[-35.704991,-5.978078],[-35.70422,-5.985468],[-35.703449,-5.989658],[-35.702239,-5.993454],[-35.706377,-5.994152],[-35.70839,-5.994937],[-35.709129,-5.995616],[-35.709706,-5.997535],[-35.709254,-6.000642],[-35.709185,-6.005684],[-35.710676,-6.007672],[-35.712346,-6.008673]]]}},{"type":"Feature","id":150,"properties":{"sigla":"A23j","unidade":"Presidente Juscelino","era":"Paleoarqueano","litotipo_secundario":"Migmatito estromático, Metagabronorito, Metatonalito, Metatrondhjemito","grupo":"Complexo Presidente Juscelino","fonte":"Folhas João Câmara, Lajes, Natal, Santa Cruz, São José do MIpibu, São José do Campestre - GEOSBG/CPRM (2014)"},"geometry":{"type":"Polygon","coordinates":[[[-35.520037,-5.936099],[-35.515113,-5.950167],[-35.513802,-5.958722],[-35.511824,-5.966281],[-35.511209,-5.971427],[-35.511217,-5.985418],[-35.510708,-5.992536],[-35.511784,-5.993053],[-35.512532,-5.994426],[-35.514609,-5.995935],[-35.515461,-6.0],[-35.516719,-5.999732],[-35.518274,-5.998735],[-35.520936,-5.993803],[-35.523154,-5.992616],[-35.524999,-5.992595],[-35.528075,-5.993401],[-35.530945,-5.995668],[-35.531531,-5.99674],[-35.532759,-5.9885],[-35.535621,-5.974659],[-35.539675,-5.966609],[-35.537656,-5.968754],[-35.535105,-5.970408],[-35.534081,-5.97011],[-35.533801,-5.969209],[-35.540144,-5.963597],[-35.540977,-5.962285],[-35.540335,-5.95904],[-35.539441,-5.958444],[-35.537132,-5.959896],[-35.534587,-5.960068],[-35.533464,-5.962647],[-35.530211,-5.962084],[-35.527944,-5.963331],[-35.527322,-5.962156],[-35.526058,-5.961668],[-35.52592,-5.958905],[-35.528303,-5.958021],[-35.529405,-5.958151],[-35.530476,-5.957214],[-35.532262,-5.956871],[-35.533472,-5.955737],[-35.533844,-5.954757],[-35.533489,-5.952971],[-35.533688,-5.951778],[-35.534783,-5.949928],[-35.535941,-5.949579],[-35.535979,-5.948962],[-35.537699,-5.946199],[-35.537792,-5.945052],[-35.536653,-5.944014],[-35.534676,-5.943493],[-35.532995,-5.943659],[-35.532462,-5.942597],[-35.530826,-5.942291],[-35.530492,-5.940275],[-35.528846,-5.939616],[-35.529947,-5.936483],[-35.529151,-5.93551],[-35.525711,-5.934829],[-35.525014,-5.935553],[-35.524186,-5.93771],[-35.52203,-5.937372],[-35.520384,-5.938705],[-35.519995,-5.938307],[-35.520844,-5.936224],[-35.520037,-5.936099]]]}},{"type":"Feature","id":151,"properties":{"sigla":"NP3_gamma_2it","unidade":"Itaporanga","era":"Neoproterozóico","periodo":"Ediacarano","litotipo_principal":"Biotita granito porfirítico","litotipo_secundario":"Diorito, Granito, Granodiorito, Monzonito","grupo":"Suíte Intrusiva Itaporanga","fonte":"Folhas João Câmara, Lajes, Natal, Santa Cruz, São José do MIpibu, São José do Campestre - GEOSBG/CPRM (2014)"},"geometry":{"type":"Polygon","coordinates":[[[-35.92452,-5.951637],[-35.916765,-5.943859],[-35.910913,-5.942089],[-35.904226,-5.939218],[-35.900549,-5.936967],[-35.897349,-5.933941],[-35.894526,-5.933659],[-35.891733,-5.934276],[-35.889896,-5.935474],[-35.888618,-5.937504],[-35.888494,-5.939789],[-35.889974,-5.942862],[-35.891861,-5.944935],[-35.895144,-5.947173],[-35.89561,-5.948038],[-35.895619,-5.949535],[-35.893847,-5.951511],[-35.892383,-5.954585],[-35.8925,-5.955995],[-35.894242,-5.957132],[-35.908848,-5.958703],[-35.923094,-5.952653],[-35.92452,-5.951637]]]}},{"type":"Feature","id":152,"properties":{"sigla":"A23j","unidade":"Presidente Juscelino","era":"Paleoarqueano","litotipo_secundario":"Migmatito estromático, Metagabronorito, Metatonalito, Metatrondhjemito","grupo":"Complexo Presidente Juscelino","fonte":"Folhas João Câmara, Lajes, Natal, Santa Cruz, São José do MIpibu, São José do Campestre - GEOSBG/CPRM (2014)"},"geometry":{"type":"Polygon","coordinates":[[[-35.575053,-5.938375],[-35.576779,-5.939412],[-35.576228,-5.941077],[-35.574204,-5.942487],[-35.571411,-5.943244],[-35.571053,-5.944455],[-35.572667,-5.945914],[-35.573314,-5.947825],[-35.576571,-5.950795],[-35.576922,-5.952579],[-35.573645,-5.956301],[-35.571449,-5.957516],[-35.569968,-5.957771],[-35.567623,-5.964867],[-35.566844,-5.969809],[-35.567062,-5.972972],[-35.56821,-5.978749],[-35.569101,-6.003909],[-35.570464,-6.003604],[-35.571812,-6.004426],[-35.57439,-6.004714],[-35.575835,-6.0041],[-35.577121,-6.002817],[-35.577802,-6.003002],[-35.579152,-6.004473],[-35.579047,-6.006017],[-35.579558,-6.0071],[-35.581206,-6.009595],[-35.583078,-6.011272],[-35.584116,-6.013778],[-35.584076,-6.014977],[-35.58311,-6.017181],[-35.583126,-6.018807],[-35.58205,-6.021162],[-35.580598,-6.022204],[-35.577083,-6.023419],[-35.577126,-6.025377],[-35.575513,-6.027559],[-35.57436,-6.029974],[-35.574563,-6.030443],[-35.575385,-6.030657],[-35.577103,-6.030031],[-35.578849,-6.030288],[-35.581065,-6.029673],[-35.584882,-6.027155],[-35.585772,-6.025576],[-35.586165,-6.02339],[-35.585281,-6.018464],[-35.586305,-6.01193],[-35.584118,-6.009055],[-35.583126,-6.006839],[-35.582137,-6.006056],[-35.581968,-6.004953],[-35.582741,-6.003643],[-35.587929,-6.003125],[-35.589256,-5.999311],[-35.589919,-5.995667],[-35.589083,-5.996317],[-35.588164,-5.996328],[-35.585533,-5.99278],[-35.584968,-5.992962],[-35.584125,-5.994115],[-35.582695,-5.99352],[-35.581015,-5.994383],[-35.579664,-5.994308],[-35.578777,-5.991699],[-35.576039,-5.988901],[-35.576233,-5.986809],[-35.578331,-5.984544],[-35.579176,-5.984227],[-35.582153,-5.984724],[-35.583635,-5.984017],[-35.584316,-5.983165],[-35.582746,-5.980308],[-35.580627,-5.96754],[-35.580622,-5.956879],[-35.582126,-5.950147],[-35.580847,-5.949966],[-35.57955,-5.951551],[-35.578878,-5.949929],[-35.577842,-5.9495],[-35.576217,-5.947393],[-35.576456,-5.946021],[-35.57795,-5.945682],[-35.578944,-5.944204],[-35.58032,-5.943437],[-35.579762,-5.941419],[-35.580386,-5.939972],[-35.579727,-5.939162],[-35.580767,-5.936706],[-35.578566,-5.933114],[-35.57756,-5.933108],[-35.576803,-5.934492],[-35.575615,-5.935105],[-35.576327,-5.936762],[-35.575053,-5.938375]]]}},{"type":"Feature","id":153,"properties":{"sigla":"NP3_gamma_3di","unidade":"Dona Inês","era":"Neoproterozóico","periodo":"Ediacarano","litotipo_secundario":"Sienogranito, Monzogranito, Leucogranito, Biotita leucogranito","grupo":"Suíte Intrusiva Dona Inês","fonte":"Folhas João Câmara, Lajes, Natal, Santa Cruz, São José do MIpibu, São José do Campestre - GEOSBG/CPRM (2014)"},"geometry":{"type":"Polygon","coordinates":[[[-35.935386,-5.925786],[-35.93591,-5.925437],[-35.935695,-5.924123],[-35.933762,-5.917568],[-35.93313,-5.916689],[-35.932738,-5.917527],[-35.933116,-5.921702],[-35.93425,-5.92453],[-35.935386,-5.925786]]]}},{"type":"Feature","id":154,"properties":{"sigla":"NP3_gamma_2it","unidade":"Itaporanga","era":"Neoproterozóico","periodo":"Ediacarano","litotipo_principal":"Biotita granito porfirítico","litotipo_secundario":"Diorito, Granito, Granodiorito, Monzonito","grupo":"Suíte Intrusiva Itaporanga","fonte":"Folhas João Câmara, Lajes, Natal, Santa Cruz, São José do MIpibu, São José do Campestre - GEOSBG/CPRM (2014)"},"geometry":{"type":"Polygon","coordinates":[[[-35.861091,-5.942269],[-35.86305,-5.941209],[-35.864069,-5.939842],[-35.864263,-5.938614],[-35.863844,-5.935716],[-35.863045,-5.933645],[-35.856049,-5.923165],[-35.852518,-5.920182],[-35.8457,-5.916522],[-35.842661,-5.915623],[-35.8393,-5.915289],[-35.836915,-5.916148],[-35.836279,-5.917253],[-35.836214,-5.91869],[-35.836573,-5.920072],[-35.837482,-5.921433],[-35.84325,-5.925001],[-35.847134,-5.929476],[-35.849639,-5.933093],[-35.85264,-5.936114],[-35.855446,-5.940285],[-35.861091,-5.942269]]]}},{"type":"Feature","id":155,"properties":{"sigla":"NP3_gamma_3di","unidade":"Dona Inês","era":"Neoproterozóico","periodo":"Ediacarano","litotipo_secundario":"Sienogranito, Monzogranito, Leucogranito, Biotita leucogranito","grupo":"Suíte Intrusiva Dona Inês","fonte":"Folhas João Câmara, Lajes, Natal, Santa Cruz, São José do MIpibu, São José do Campestre - GEOSBG/CPRM (2014)"},"geometry":{"type":"Polygon","coordinates":[[[-35.947409,-5.915029],[-35.949069,-5.920912],[-35.949472,-5.921439],[-35.95007,-5.921371],[-35.950389,-5.920559],[-35.948695,-5.915799],[-35.948914,-5.915181],[-35.947858,-5.914023],[-35.947409,-5.915029]]]}},{"type":"Feature","id":156,"properties":{"sigla":"N23c","unidade":"Depósitos colúvio-eluviais","era":"Cenozóico","periodo":"Neogeno","litotipo_secundario":"Areia, Argila, Cascalho","grupo":"Depósitos colúvio-eluviais","fonte":"Folhas João Câmara, Lajes, Natal, Santa Cruz, São José do MIpibu, São José do Campestre - GEOSBG/CPRM (2014)"},"geometry":{"type":"Polygon","coordinates":[[[-35.500001,-5.914125],[-35.500001,-5.933795],[-35.501218,-5.93414],[-35.502655,-5.933872],[-35.503409,-5.933197],[-35.504519,-5.930261],[-35.506381,-5.929727],[-35.507913,-5.929935],[-35.508737,-5.93069],[-35.510485,-5.92861],[-35.510719,-5.929189],[-35.510066,-5.930518],[-35.512164,-5.930458],[-35.510932,-5.932238],[-35.509429,-5.933182],[-35.509842,-5.933913],[-35.509426,-5.936424],[-35.510186,-5.937073],[-35.511732,-5.937302],[-35.513159,-5.936403],[-35.514936,-5.936538],[-35.516464,-5.935983],[-35.517549,-5.936414],[-35.520624,-5.936123],[-35.520844,-5.936487],[-35.519989,-5.938352],[-35.520333,-5.938712],[-35.52203,-5.937372],[-35.524186,-5.93771],[-35.525014,-5.935553],[-35.525711,-5.934829],[-35.529482,-5.935697],[-35.529931,-5.936174],[-35.52988,-5.937104],[-35.528846,-5.939616],[-35.530492,-5.940275],[-35.530826,-5.942291],[-35.532462,-5.942597],[-35.532995,-5.943659],[-35.534758,-5.943501],[-35.537022,-5.944177],[-35.537691,-5.94477],[-35.537825,-5.945691],[-35.535941,-5.949579],[-35.534783,-5.949928],[-35.533688,-5.951778],[-35.533489,-5.952971],[-35.533844,-5.954757],[-35.533472,-5.955737],[-35.532262,-5.956871],[-35.530476,-5.957214],[-35.529405,-5.958151],[-35.528303,-5.958021],[-35.52592,-5.958905],[-35.525968,-5.96154],[-35.527322,-5.962156],[-35.527944,-5.963331],[-35.530211,-5.962084],[-35.533464,-5.962647],[-35.534626,-5.960042],[-35.537132,-5.959896],[-35.539127,-5.958505],[-35.539919,-5.958497],[-35.540414,-5.959316],[-35.540832,-5.962719],[-35.536678,-5.966851],[-35.534073,-5.968701],[-35.533892,-5.969917],[-35.534881,-5.970466],[-35.536358,-5.969677],[-35.54082,-5.96558],[-35.542076,-5.964933],[-35.54276,-5.965377],[-35.542374,-5.966023],[-35.543079,-5.967047],[-35.541385,-5.968551],[-35.542744,-5.970012],[-35.543859,-5.969977],[-35.547253,-5.967635],[-35.547817,-5.965767],[-35.546201,-5.965026],[-35.545685,-5.963375],[-35.544616,-5.962725],[-35.544732,-5.961195],[-35.545639,-5.960316],[-35.546174,-5.959071],[-35.54751,-5.958011],[-35.549074,-5.958588],[-35.548933,-5.956628],[-35.549635,-5.955859],[-35.551193,-5.952174],[-35.550183,-5.951941],[-35.549816,-5.951025],[-35.548716,-5.950914],[-35.548353,-5.949792],[-35.547112,-5.949909],[-35.546446,-5.948222],[-35.545046,-5.948093],[-35.544402,-5.94749],[-35.544937,-5.944533],[-35.545819,-5.942821],[-35.545604,-5.942068],[-35.544625,-5.941535],[-35.544341,-5.940889],[-35.545619,-5.939665],[-35.545029,-5.938004],[-35.546194,-5.937052],[-35.545854,-5.935798],[-35.544406,-5.935092],[-35.542926,-5.936872],[-35.541222,-5.93641],[-35.539711,-5.938327],[-35.538188,-5.938565],[-35.53768,-5.937784],[-35.537257,-5.933603],[-35.535267,-5.932331],[-35.534616,-5.931297],[-35.534859,-5.927716],[-35.53358,-5.927842],[-35.53308,-5.926952],[-35.532006,-5.927783],[-35.531314,-5.927601],[-35.530171,-5.924345],[-35.529552,-5.923614],[-35.528355,-5.923844],[-35.526854,-5.925917],[-35.52544,-5.926974],[-35.521632,-5.927588],[-35.52096,-5.92673],[-35.521341,-5.925082],[-35.521097,-5.924349],[-35.51911,-5.922553],[-35.516555,-5.921218],[-35.515967,-5.918065],[-35.513577,-5.918532],[-35.512598,-5.917874],[-35.51086,-5.915671],[-35.508202,-5.915279],[-35.506003,-5.913927],[-35.504596,-5.915056],[-35.504717,-5.916413],[-35.504254,-5.916685],[-35.503401,-5.916031],[-35.502149,-5.915795],[-35.50126,-5.914216],[-35.500001,-5.914125]]]}},{"type":"Feature","id":157,"properties":{"sigla":"A34sc3","unidade":"Serra Caiada, formação ferrífera","era":"Mesoarqueano","litotipo_principal":"Formação ferrífera bandada","litotipo_secundario":"Anfibolito, Mármore, Rocha calcissilicática, Metabasito, Metaultramafito, Quartzito micáceo","grupo":"Complexo Serra Caiada","fonte":"Folhas João Câmara, Lajes, Natal, Santa Cruz, São José do MIpibu, São José do Campestre - GEOSBG/CPRM (2014)"},"geometry":{"type":"Polygon","coordinates":[[[-35.617505,-5.925861],[-35.618626,-5.925081],[-35.620734,-5.921926],[-35.627368,-5.916491],[-35.628956,-5.914116],[-35.628955,-5.913136],[-35.626587,-5.913212],[-35.624758,-5.914612],[-35.623428,-5.916656],[-35.618115,-5.922192],[-35.616953,-5.924511],[-35.616887,-5.925516],[-35.617505,-5.925861]]]}},{"type":"Feature","id":158,"properties":{"sigla":"A34sc3","unidade":"Serra Caiada, formação ferrífera","era":"Mesoarqueano","litotipo_principal":"Formação ferrífera bandada","litotipo_secundario":"Anfibolito, Mármore, Rocha calcissilicática, Metabasito, Metaultramafito, Quartzito micáceo","grupo":"Complexo Serra Caiada","fonte":"Folhas João Câmara, Lajes, Natal, Santa Cruz, São José do MIpibu, São José do Campestre - GEOSBG/CPRM (2014)"},"geometry":{"type":"Polygon","coordinates":[[[-35.634641,-5.949978],[-35.635677,-5.94922],[-35.636351,-5.947107],[-35.638676,-5.943803],[-35.639456,-5.941425],[-35.640605,-5.93978],[-35.640972,-5.938228],[-35.644774,-5.933326],[-35.644995,-5.932095],[-35.644589,-5.931045],[-35.643193,-5.931149],[-35.642074,-5.932265],[-35.640042,-5.935099],[-35.636406,-5.941757],[-35.634037,-5.948563],[-35.634092,-5.949727],[-35.634641,-5.949978]]]}},{"type":"Feature","id":159,"properties":{"sigla":"A34sc3","unidade":"Serra Caiada, formação ferrífera","era":"Mesoarqueano","litotipo_principal":"Formação ferrífera bandada","litotipo_secundario":"Anfibolito, Mármore, Rocha calcissilicática, Metabasito, Metaultramafito, Quartzito micáceo","grupo":"Complexo Serra Caiada","fonte":"Folhas João Câmara, Lajes, Natal, Santa Cruz, São José do MIpibu, São José do Campestre - GEOSBG/CPRM (2014)"},"geometry":{"type":"Polygon","coordinates":[[[-35.597908,-5.94453],[-35.598688,-5.94404],[-35.606707,-5.933871],[-35.607541,-5.931893],[-35.607334,-5.930671],[-35.60665,-5.930888],[-35.60023,-5.936857],[-35.598326,-5.939318],[-35.597307,-5.942247],[-35.597373,-5.943836],[-35.597908,-5.94453]]]}},{"type":"Feature","id":160,"properties":{"sigla":"A34sc5","unidade":"Serra Caiada, anfibolito","era":"Mesoarqueano","litotipo_principal":"Anfibolito","litotipo_secundario":"Gabro, Biotita-hornblenda gnaisse","grupo":"Complexo Serra Caiada","fonte":"Folhas João Câmara, Lajes, Natal, Santa Cruz, São José do MIpibu, São José do Campestre - GEOSBG/CPRM (2014)"},"geometry":{"type":"Polygon","coordinates":[[[-35.925044,-5.936631],[-35.925601,-5.935858],[-35.924686,-5.934695],[-35.918997,-5.930763],[-35.916582,-5.929931],[-35.916644,-5.930526],[-35.918512,-5.932274],[-35.925044,-5.936631]]]}},{"type":"Feature","id":161,"properties":{"sigla":"A34sc1","unidade":"Serra Caiada, migmatito","era":"Mesoarqueano","litotipo_secundario":"Anfibolito, Migmatito","grupo":"Complexo Serra Caiada","fonte":"Folhas João Câmara, Lajes, Natal, Santa Cruz, São José do MIpibu, São José do Campestre - GEOSBG/CPRM (2014)"},"geometry":{"type":"Polygon","coordinates":[[[-35.48912,-5.938732],[-35.488495,-5.94409],[-35.487406,-5.949054],[-35.482888,-5.955956],[-35.482191,-5.958186],[-35.4821,-5.960514],[-35.483076,-5.964887],[-35.484317,-5.965612],[-35.484889,-5.966813],[-35.484832,-5.967785],[-35.48163,-5.968299],[-35.481173,-5.970929],[-35.481744,-5.97173],[-35.483746,-5.972244],[-35.485061,-5.973388],[-35.485975,-5.972244],[-35.488263,-5.972713],[-35.489406,-5.974429],[-35.493008,-5.976601],[-35.493523,-5.978374],[-35.492951,-5.980432],[-35.492779,-5.985921],[-35.493751,-5.98878],[-35.496676,-5.991888],[-35.49781,-5.992309],[-35.498943,-5.990657],[-35.505368,-5.989677],[-35.50667,-5.989976],[-35.507444,-5.991193],[-35.509121,-5.992348],[-35.510708,-5.992536],[-35.511217,-5.985418],[-35.51107,-5.974056],[-35.51171,-5.966942],[-35.513802,-5.958722],[-35.515349,-5.949258],[-35.520037,-5.936099],[-35.518905,-5.936428],[-35.516545,-5.935979],[-35.514936,-5.936538],[-35.513325,-5.936368],[-35.511629,-5.937315],[-35.509845,-5.936889],[-35.509423,-5.936398],[-35.509842,-5.933971],[-35.509429,-5.933182],[-35.510932,-5.932238],[-35.512164,-5.930458],[-35.510066,-5.930518],[-35.510728,-5.929144],[-35.510442,-5.928609],[-35.508737,-5.93069],[-35.507913,-5.929935],[-35.506381,-5.929727],[-35.50457,-5.930227],[-35.503023,-5.93364],[-35.501455,-5.934134],[-35.499465,-5.933876],[-35.497622,-5.936926],[-35.496256,-5.93699],[-35.49469,-5.935642],[-35.496374,-5.931862],[-35.495516,-5.928177],[-35.49469,-5.927922],[-35.492633,-5.930136],[-35.492383,-5.931927],[-35.48912,-5.938732]]]}},{"type":"Feature","id":162,"properties":{"sigla":"A34sc5","unidade":"Serra Caiada, anfibolito","era":"Mesoarqueano","litotipo_principal":"Anfibolito","litotipo_secundario":"Gabro, Biotita-hornblenda gnaisse","grupo":"Complexo Serra Caiada","fonte":"Folhas João Câmara, Lajes, Natal, Santa Cruz, São José do MIpibu, São José do Campestre - GEOSBG/CPRM (2014)"},"geometry":{"type":"Polygon","coordinates":[[[-35.941757,-5.946212],[-35.942188,-5.945889],[-35.942133,-5.945265],[-35.940104,-5.942818],[-35.934673,-5.938841],[-35.924585,-5.929689],[-35.922988,-5.928634],[-35.921942,-5.928595],[-35.922568,-5.929941],[-35.927514,-5.933819],[-35.936362,-5.942419],[-35.940287,-5.945731],[-35.941757,-5.946212]]]}},{"type":"Feature","id":163,"properties":{"sigla":"A3_mu_p1","unidade":"Riacho da Telhas, piroxenito","era":"Mesoarqueano","litotipo_principal":"Piroxenito","litotipo_secundario":"Gabro, Gabronorito","grupo":"Complexo Riacho das Telhas","fonte":"Folhas João Câmara, Lajes, Natal, Santa Cruz, São José do MIpibu, São José do Campestre - GEOSBG/CPRM (2014)"},"geometry":{"type":"Polygon","coordinates":[[[-35.84909,-5.938611],[-35.849927,-5.937542],[-35.849657,-5.935338],[-35.843343,-5.927987],[-35.84224,-5.927574],[-35.84052,-5.92783],[-35.840356,-5.930117],[-35.8413,-5.93221],[-35.847017,-5.937785],[-35.84909,-5.938611]]]}},{"type":"Feature","id":164,"properties":{"sigla":"NP3_gamma_3di","unidade":"Dona Inês","era":"Neoproterozóico","periodo":"Ediacarano","litotipo_secundario":"Sienogranito, Monzogranito, Leucogranito, Biotita leucogranito","grupo":"Suíte Intrusiva Dona Inês","fonte":"Folhas João Câmara, Lajes, Natal, Santa Cruz, São José do MIpibu, São José do Campestre - GEOSBG/CPRM (2014)"},"geometry":{"type":"Polygon","coordinates":[[[-35.942747,-5.927102],[-35.943046,-5.92647],[-35.941326,-5.921081],[-35.940892,-5.920536],[-35.94007,-5.92039],[-35.941673,-5.924465],[-35.941484,-5.925004],[-35.942019,-5.926372],[-35.942747,-5.927102]]]}},{"type":"Feature","id":165,"properties":{"sigla":"N23c","unidade":"Depósitos colúvio-eluviais","era":"Cenozóico","periodo":"Neogeno","litotipo_secundario":"Areia, Argila, Cascalho","grupo":"Depósitos colúvio-eluviais","fonte":"Folhas João Câmara, Lajes, Natal, Santa Cruz, São José do MIpibu, São José do Campestre - GEOSBG/CPRM (2014)"},"geometry":{"type":"Polygon","coordinates":[[[-35.866245,-5.92087],[-35.866563,-5.921734],[-35.870683,-5.922308],[-35.870881,-5.922876],[-35.870044,-5.924611],[-35.870284,-5.925174],[-35.87101,-5.925391],[-35.874211,-5.92391],[-35.87573,-5.924916],[-35.876671,-5.924986],[-35.877866,-5.923251],[-35.879898,-5.923438],[-35.880897,-5.921517],[-35.881954,-5.920904],[-35.886924,-5.921447],[-35.888662,-5.922037],[-35.890784,-5.921853],[-35.891593,-5.921013],[-35.891441,-5.919999],[-35.888503,-5.918099],[-35.885589,-5.91377],[-35.881169,-5.912878],[-35.878932,-5.913342],[-35.876317,-5.916297],[-35.874932,-5.917304],[-35.868916,-5.918795],[-35.867176,-5.919734],[-35.866245,-5.92087]]]}},{"type":"Feature","id":166,"properties":{"sigla":"A3_mu_p1","unidade":"Riacho da Telhas, piroxenito","era":"Mesoarqueano","litotipo_principal":"Piroxenito","litotipo_secundario":"Gabro, Gabronorito","grupo":"Complexo Riacho das Telhas","fonte":"Folhas João Câmara, Lajes, Natal, Santa Cruz, São José do MIpibu, São José do Campestre - GEOSBG/CPRM (2014)"},"geometry":{"type":"Polygon","coordinates":[[[-35.682359,-5.923489],[-35.684464,-5.923186],[-35.686128,-5.922439],[-35.68912,-5.920429],[-35.690274,-5.918778],[-35.690586,-5.917421],[-35.690373,-5.9161],[-35.688667,-5.913137],[-35.687118,-5.912013],[-35.684359,-5.911829],[-35.680314,-5.913039],[-35.678843,-5.914146],[-35.67715,-5.916505],[-35.676875,-5.919097],[-35.677927,-5.921548],[-35.679724,-5.923042],[-35.682359,-5.923489]]]}},{"type":"Feature","id":167,"properties":{"sigla":"A34sc1","unidade":"Serra Caiada, migmatito","era":"Mesoarqueano","litotipo_secundario":"Anfibolito, Migmatito","grupo":"Complexo Serra Caiada","fonte":"Folhas João Câmara, Lajes, Natal, Santa Cruz, São José do MIpibu, São José do Campestre - GEOSBG/CPRM (2014)"},"geometry":{"type":"Polygon","coordinates":[[[-35.702594,-5.912414],[-35.703878,-5.911946],[-35.703965,-5.910693],[-35.702594,-5.912414]]]}},{"type":"Feature","id":168,"properties":{"sigla":"N23c","unidade":"Depósitos colúvio-eluviais","era":"Cenozóico","periodo":"Neogeno","litotipo_secundario":"Areia, Argila, Cascalho","grupo":"Depósitos colúvio-eluviais","fonte":"Folhas João Câmara, Lajes, Natal, Santa Cruz, São José do MIpibu, São José do Campestre - GEOSBG/CPRM (2014)"},"geometry":{"type":"Polygon","coordinates":[[[-35.550149,-5.918806],[-35.54844,-5.919811],[-35.546232,-5.924764],[-35.545831,-5.926594],[-35.544115,-5.92935],[-35.545121,-5.931166],[-35.548672,-5.933651],[-35.5515,-5.934268],[-35.552616,-5.933838],[-35.554224,-5.934034],[-35.555905,-5.932849],[-35.556595,-5.933294],[-35.55547,-5.935955],[-35.556923,-5.938612],[-35.556672,-5.940765],[-35.557503,-5.943496],[-35.552061,-5.94988],[-35.552618,-5.952365],[-35.554937,-5.952644],[-35.555675,-5.949933],[-35.55629,-5.949665],[-35.557305,-5.950232],[-35.557862,-5.950026],[-35.558914,-5.947415],[-35.55943,-5.947076],[-35.559904,-5.94757],[-35.560034,-5.949468],[-35.561461,-5.949101],[-35.562149,-5.950705],[-35.562683,-5.950792],[-35.563171,-5.948888],[-35.56475,-5.946108],[-35.568463,-5.945297],[-35.569234,-5.945722],[-35.56941,-5.946789],[-35.568221,-5.949269],[-35.56929,-5.952824],[-35.568502,-5.955255],[-35.568509,-5.956412],[-35.569375,-5.957447],[-35.570337,-5.957817],[-35.573769,-5.956206],[-35.576524,-5.953353],[-35.576919,-5.95158],[-35.575857,-5.949987],[-35.573314,-5.947825],[-35.572702,-5.945968],[-35.571062,-5.944324],[-35.571411,-5.943244],[-35.574575,-5.942312],[-35.576452,-5.940767],[-35.576742,-5.939311],[-35.575056,-5.938396],[-35.576327,-5.936762],[-35.575585,-5.935182],[-35.576803,-5.934492],[-35.57754,-5.933124],[-35.578121,-5.932994],[-35.578921,-5.93338],[-35.579597,-5.935254],[-35.580753,-5.936624],[-35.579727,-5.939162],[-35.580386,-5.939972],[-35.579762,-5.941419],[-35.58033,-5.943373],[-35.578944,-5.944204],[-35.577979,-5.945662],[-35.576426,-5.946055],[-35.576353,-5.947859],[-35.577889,-5.949541],[-35.578824,-5.949862],[-35.579525,-5.951539],[-35.580011,-5.951372],[-35.580941,-5.949922],[-35.582406,-5.95027],[-35.583735,-5.949901],[-35.584982,-5.950681],[-35.587799,-5.953889],[-35.589367,-5.954291],[-35.590577,-5.95597],[-35.591567,-5.956093],[-35.592384,-5.955731],[-35.593015,-5.952785],[-35.594302,-5.950968],[-35.594646,-5.949281],[-35.59419,-5.948903],[-35.593205,-5.948912],[-35.592741,-5.94784],[-35.591669,-5.947519],[-35.591341,-5.946187],[-35.590463,-5.945706],[-35.590986,-5.944395],[-35.590627,-5.943592],[-35.586404,-5.942421],[-35.585719,-5.941887],[-35.586157,-5.939469],[-35.586031,-5.937844],[-35.582888,-5.935022],[-35.582247,-5.930639],[-35.581795,-5.929719],[-35.579917,-5.928546],[-35.579439,-5.927051],[-35.578396,-5.925991],[-35.577112,-5.925553],[-35.575596,-5.925738],[-35.574988,-5.925329],[-35.57499,-5.924193],[-35.576563,-5.921978],[-35.5759,-5.919389],[-35.575357,-5.919178],[-35.574831,-5.919595],[-35.573834,-5.921758],[-35.573172,-5.921881],[-35.572233,-5.921114],[-35.57137,-5.922658],[-35.570169,-5.922593],[-35.567829,-5.924895],[-35.56599,-5.92411],[-35.564823,-5.924253],[-35.564941,-5.927444],[-35.562713,-5.927459],[-35.561472,-5.928028],[-35.56108,-5.927825],[-35.560227,-5.925494],[-35.560245,-5.921772],[-35.55941,-5.921371],[-35.556851,-5.922418],[-35.555502,-5.922233],[-35.554278,-5.918453],[-35.554676,-5.917578],[-35.556913,-5.917239],[-35.557941,-5.915772],[-35.558623,-5.912756],[-35.557875,-5.910355],[-35.557105,-5.910282],[-35.556362,-5.910737],[-35.555471,-5.913171],[-35.55474,-5.914058],[-35.551571,-5.915127],[-35.550537,-5.916895],[-35.550149,-5.918806]]]}},{"type":"Feature","id":169,"properties":{"sigla":"A23j","unidade":"Presidente Juscelino","era":"Paleoarqueano","litotipo_secundario":"Migmatito estromático, Metagabronorito, Metatonalito, Metatrondhjemito","grupo":"Complexo Presidente Juscelino","fonte":"Folhas João Câmara, Lajes, Natal, Santa Cruz, São José do MIpibu, São José do Campestre - GEOSBG/CPRM (2014)"},"geometry":{"type":"Polygon","coordinates":[[[-35.527606,-5.913671],[-35.525252,-5.922525],[-35.523371,-5.927499],[-35.525956,-5.92668],[-35.528086,-5.924069],[-35.529419,-5.923547],[-35.530171,-5.924345],[-35.531314,-5.927601],[-35.532006,-5.927783],[-35.53308,-5.926952],[-35.53358,-5.927842],[-35.534859,-5.927716],[-35.534616,-5.931297],[-35.535267,-5.932331],[-35.537257,-5.933603],[-35.53766,-5.937668],[-35.538098,-5.938508],[-35.539653,-5.938368],[-35.541222,-5.93641],[-35.542926,-5.936872],[-35.544406,-5.935092],[-35.545698,-5.935643],[-35.546214,-5.936987],[-35.545026,-5.938071],[-35.545619,-5.939665],[-35.544336,-5.940963],[-35.545631,-5.942104],[-35.545809,-5.94309],[-35.544937,-5.944533],[-35.544367,-5.947304],[-35.545011,-5.948078],[-35.546446,-5.948222],[-35.546919,-5.949418],[-35.548627,-5.94682],[-35.553052,-5.943858],[-35.555301,-5.943368],[-35.557416,-5.94374],[-35.556663,-5.940671],[-35.556923,-5.938612],[-35.55547,-5.935955],[-35.556548,-5.933865],[-35.556471,-5.93311],[-35.555879,-5.932855],[-35.553805,-5.934124],[-35.552659,-5.933835],[-35.5514,-5.934266],[-35.548752,-5.933675],[-35.546161,-5.932106],[-35.544225,-5.929801],[-35.544183,-5.928923],[-35.545831,-5.926594],[-35.546232,-5.924764],[-35.54844,-5.919811],[-35.550163,-5.918753],[-35.548682,-5.918143],[-35.546571,-5.916485],[-35.545365,-5.913771],[-35.545156,-5.912224],[-35.542908,-5.912411],[-35.541531,-5.913244],[-35.541583,-5.914278],[-35.543165,-5.915826],[-35.542865,-5.916739],[-35.541939,-5.916886],[-35.540167,-5.916298],[-35.538025,-5.917852],[-35.537022,-5.91789],[-35.536679,-5.917489],[-35.536931,-5.916662],[-35.538655,-5.91509],[-35.538782,-5.914157],[-35.538287,-5.913618],[-35.537292,-5.913539],[-35.536298,-5.916172],[-35.535542,-5.917035],[-35.534701,-5.917339],[-35.533364,-5.917007],[-35.533282,-5.91489],[-35.531159,-5.913539],[-35.53117,-5.912854],[-35.532509,-5.912763],[-35.5331,-5.912278],[-35.532545,-5.91146],[-35.533534,-5.910069],[-35.533195,-5.909206],[-35.532293,-5.909374],[-35.531358,-5.910845],[-35.529639,-5.911971],[-35.529079,-5.913377],[-35.527606,-5.913671]]]}},{"type":"Feature","id":170,"properties":{"sigla":"A34sc5","unidade":"Serra Caiada, anfibolito","era":"Mesoarqueano","litotipo_principal":"Anfibolito","litotipo_secundario":"Gabro, Biotita-hornblenda gnaisse","grupo":"Complexo Serra Caiada","fonte":"Folhas João Câmara, Lajes, Natal, Santa Cruz, São José do MIpibu, São José do Campestre - GEOSBG/CPRM (2014)"},"geometry":{"type":"Polygon","coordinates":[[[-35.90744,-5.912853],[-35.908078,-5.913012],[-35.909398,-5.915447],[-35.91034,-5.915492],[-35.910506,-5.914558],[-35.909469,-5.913286],[-35.908276,-5.91061],[-35.907264,-5.909275],[-35.906548,-5.909143],[-35.906006,-5.910245],[-35.907293,-5.912043],[-35.90744,-5.912853]]]}},{"type":"Feature","id":171,"properties":{"sigla":"A3_mu_p1","unidade":"Riacho da Telhas, piroxenito","era":"Mesoarqueano","litotipo_principal":"Piroxenito","litotipo_secundario":"Gabro, Gabronorito","grupo":"Complexo Riacho das Telhas","fonte":"Folhas João Câmara, Lajes, Natal, Santa Cruz, São José do MIpibu, São José do Campestre - GEOSBG/CPRM (2014)"},"geometry":{"type":"Polygon","coordinates":[[[-35.825662,-5.910377],[-35.820877,-5.916419],[-35.820007,-5.921112],[-35.820136,-5.922849],[-35.821151,-5.924231],[-35.822202,-5.925041],[-35.824232,-5.925479],[-35.825008,-5.925231],[-35.825793,-5.924332],[-35.826841,-5.920413],[-35.829454,-5.915748],[-35.831919,-5.912713],[-35.832492,-5.910678],[-35.831923,-5.908629],[-35.829204,-5.907734],[-35.825662,-5.910377]]]}},{"type":"Feature","id":172,"properties":{"sigla":"A34sc1","unidade":"Serra Caiada, migmatito","era":"Mesoarqueano","litotipo_secundario":"Anfibolito, Migmatito","grupo":"Complexo Serra Caiada","fonte":"Folhas João Câmara, Lajes, Natal, Santa Cruz, São José do MIpibu, São José do Campestre - GEOSBG/CPRM (2014)"},"geometry":{"type":"Polygon","coordinates":[[[-35.500001,-5.914124],[-35.501224,-5.914195],[-35.502175,-5.915814],[-35.504592,-5.91657],[-35.504536,-5.915155],[-35.505596,-5.914008],[-35.506335,-5.914142],[-35.509096,-5.908691],[-35.507785,-5.908585],[-35.506006,-5.90739],[-35.504977,-5.907628],[-35.504257,-5.908361],[-35.503071,-5.908455],[-35.502087,-5.909358],[-35.500001,-5.908705],[-35.500001,-5.914124]]]}},{"type":"Feature","id":173,"properties":{"sigla":"NP3_gamma_3di","unidade":"Dona Inês","era":"Neoproterozóico","periodo":"Ediacarano","litotipo_secundario":"Sienogranito, Monzogranito, Leucogranito, Biotita leucogranito","grupo":"Suíte Intrusiva Dona Inês","fonte":"Folhas João Câmara, Lajes, Natal, Santa Cruz, São José do MIpibu, São José do Campestre - GEOSBG/CPRM (2014)"},"geometry":{"type":"Polygon","coordinates":[[[-35.931138,-5.913972],[-35.931283,-5.91528],[-35.931683,-5.915537],[-35.932198,-5.914684],[-35.933263,-5.908762],[-35.933206,-5.906648],[-35.932521,-5.906955],[-35.931138,-5.913972]]]}},{"type":"Feature","id":174,"properties":{"sigla":"A34sc2","unidade":"Serra Caiada, paragnaisse","era":"Mesoarqueano","litotipo_principal":"Biotita gnaisse, Gnaisse quartzo-feldspático, Granada gnaisse","litotipo_secundario":"Anfibolito","grupo":"Complexo Serra Caiada","fonte":"Folhas João Câmara, Lajes, Natal, Santa Cruz, São José do MIpibu, São José do Campestre - GEOSBG/CPRM (2014)"},"geometry":{"type":"Polygon","coordinates":[[[-35.834748,-5.897594],[-35.835315,-5.896777],[-35.835558,-5.896422],[-35.834792,-5.896757],[-35.834748,-5.897594]]]}},{"type":"Feature","id":175,"properties":{"sigla":"NP3_gamma_3di","unidade":"Dona Inês","era":"Neoproterozóico","periodo":"Ediacarano","litotipo_secundario":"Sienogranito, Monzogranito, Leucogranito, Biotita leucogranito","grupo":"Suíte Intrusiva Dona Inês","fonte":"Folhas João Câmara, Lajes, Natal, Santa Cruz, São José do MIpibu, São José do Campestre - GEOSBG/CPRM (2014)"},"geometry":{"type":"Polygon","coordinates":[[[-35.921701,-5.89585],[-35.921548,-5.899013],[-35.922036,-5.899296],[-35.922095,-5.903066],[-35.922757,-5.901277],[-35.922985,-5.896208],[-35.922366,-5.895306],[-35.921701,-5.89585]]]}},{"type":"Feature","id":176,"properties":{"sigla":"NP3_gamma_3di","unidade":"Dona Inês","era":"Neoproterozóico","periodo":"Ediacarano","litotipo_secundario":"Sienogranito, Monzogranito, Leucogranito, Biotita leucogranito","grupo":"Suíte Intrusiva Dona Inês","fonte":"Folhas João Câmara, Lajes, Natal, Santa Cruz, São José do MIpibu, São José do Campestre - GEOSBG/CPRM (2014)"},"geometry":{"type":"Polygon","coordinates":[[[-35.927387,-5.897059],[-35.927883,-5.897246],[-35.928064,-5.899348],[-35.929707,-5.90563],[-35.930479,-5.905917],[-35.930687,-5.904906],[-35.928119,-5.89416],[-35.927302,-5.895803],[-35.927387,-5.897059]]]}},{"type":"Feature","id":177,"properties":{"sigla":"A34sc1","unidade":"Serra Caiada, migmatito","era":"Mesoarqueano","litotipo_secundario":"Anfibolito, Migmatito","grupo":"Complexo Serra Caiada","fonte":"Folhas João Câmara, Lajes, Natal, Santa Cruz, São José do MIpibu, São José do Campestre - GEOSBG/CPRM (2014)"},"geometry":{"type":"Polygon","coordinates":[[[-35.701736,-5.90578],[-35.705192,-5.908473],[-35.706398,-5.908352],[-35.706425,-5.908297],[-35.701736,-5.90578]]]}},{"type":"Feature","id":178,"properties":{"sigla":"A34sc1","unidade":"Serra Caiada, migmatito","era":"Mesoarqueano","litotipo_secundario":"Anfibolito, Migmatito","grupo":"Complexo Serra Caiada","fonte":"Folhas João Câmara, Lajes, Natal, Santa Cruz, São José do MIpibu, São José do Campestre - GEOSBG/CPRM (2014)"},"geometry":{"type":"Polygon","coordinates":[[[-35.509096,-5.908691],[-35.506335,-5.914142],[-35.508202,-5.915279],[-35.51086,-5.915671],[-35.512598,-5.917874],[-35.513577,-5.918532],[-35.515967,-5.918065],[-35.516555,-5.921218],[-35.51911,-5.922553],[-35.521097,-5.924349],[-35.521341,-5.925082],[-35.520955,-5.926672],[-35.521238,-5.927301],[-35.522025,-5.92767],[-35.523371,-5.927499],[-35.525252,-5.922525],[-35.527606,-5.913671],[-35.52626,-5.914496],[-35.525436,-5.914453],[-35.524824,-5.913785],[-35.524314,-5.911906],[-35.520678,-5.913563],[-35.51983,-5.913353],[-35.519466,-5.912514],[-35.520652,-5.910074],[-35.521793,-5.909556],[-35.522916,-5.908435],[-35.525622,-5.908285],[-35.524336,-5.906094],[-35.523611,-5.90551],[-35.522722,-5.905601],[-35.52177,-5.905057],[-35.518857,-5.904934],[-35.518863,-5.906006],[-35.517875,-5.907276],[-35.518475,-5.908725],[-35.518661,-5.911802],[-35.518166,-5.912961],[-35.515124,-5.910515],[-35.511491,-5.9111],[-35.510746,-5.910199],[-35.511305,-5.908608],[-35.510763,-5.908123],[-35.509096,-5.908691]]]}},{"type":"Feature","id":179,"properties":{"sigla":"N23c","unidade":"Depósitos colúvio-eluviais","era":"Cenozóico","periodo":"Neogeno","litotipo_secundario":"Areia, Argila, Cascalho","grupo":"Depósitos colúvio-eluviais","fonte":"Folhas João Câmara, Lajes, Natal, Santa Cruz, São José do MIpibu, São José do Campestre - GEOSBG/CPRM (2014)"},"geometry":{"type":"Polygon","coordinates":[[[-35.717108,-5.911135],[-35.715583,-5.910597],[-35.715007,-5.909883],[-35.714416,-5.906586],[-35.713811,-5.906462],[-35.713273,-5.907649],[-35.712863,-5.907685],[-35.712104,-5.906153],[-35.710402,-5.905602],[-35.707514,-5.903739],[-35.706543,-5.904698],[-35.704261,-5.904661],[-35.704394,-5.905297],[-35.705684,-5.906028],[-35.706482,-5.907157],[-35.706581,-5.908059],[-35.705843,-5.908632],[-35.704439,-5.907983],[-35.700406,-5.904933],[-35.698722,-5.904256],[-35.697526,-5.904391],[-35.697679,-5.905224],[-35.699884,-5.906546],[-35.700632,-5.908035],[-35.703753,-5.910149],[-35.704162,-5.91137],[-35.703878,-5.911946],[-35.702877,-5.912381],[-35.700872,-5.912391],[-35.70015,-5.91139],[-35.699564,-5.908667],[-35.698844,-5.90781],[-35.698413,-5.907669],[-35.697842,-5.908102],[-35.697563,-5.909538],[-35.696557,-5.908969],[-35.696562,-5.909973],[-35.696135,-5.910549],[-35.695416,-5.910122],[-35.693842,-5.910416],[-35.692256,-5.908272],[-35.689098,-5.90714],[-35.688669,-5.907285],[-35.688826,-5.91001],[-35.690403,-5.91029],[-35.693852,-5.912425],[-35.694431,-5.913713],[-35.69416,-5.917014],[-35.696025,-5.917435],[-35.69717,-5.917143],[-35.696583,-5.914276],[-35.696868,-5.913988],[-35.701219,-5.91588],[-35.702129,-5.915074],[-35.703436,-5.915396],[-35.704577,-5.914575],[-35.706613,-5.914658],[-35.709663,-5.913913],[-35.711023,-5.914293],[-35.711332,-5.915151],[-35.710648,-5.916037],[-35.708815,-5.916793],[-35.709164,-5.918532],[-35.707479,-5.919924],[-35.708442,-5.920677],[-35.709976,-5.92124],[-35.711922,-5.921373],[-35.714913,-5.920328],[-35.71595,-5.92122],[-35.719568,-5.920489],[-35.722437,-5.920462],[-35.722524,-5.921836],[-35.721601,-5.92288],[-35.718867,-5.922918],[-35.713585,-5.925505],[-35.710211,-5.926474],[-35.710016,-5.927005],[-35.711186,-5.9282],[-35.711414,-5.930379],[-35.712087,-5.930527],[-35.714365,-5.929217],[-35.716281,-5.928677],[-35.717819,-5.929346],[-35.719911,-5.931516],[-35.721252,-5.931069],[-35.721934,-5.931651],[-35.722929,-5.930682],[-35.723916,-5.93091],[-35.725146,-5.930188],[-35.72642,-5.931036],[-35.727478,-5.931039],[-35.727921,-5.931757],[-35.726751,-5.933223],[-35.727412,-5.933906],[-35.729481,-5.933642],[-35.73096,-5.932401],[-35.731677,-5.932312],[-35.731939,-5.933616],[-35.730867,-5.935228],[-35.732741,-5.935995],[-35.733502,-5.936795],[-35.73424,-5.936809],[-35.736157,-5.9356],[-35.737508,-5.93647],[-35.738977,-5.936286],[-35.739494,-5.936887],[-35.74114,-5.936987],[-35.741756,-5.937868],[-35.743103,-5.937754],[-35.744059,-5.940008],[-35.74611,-5.940037],[-35.746196,-5.942243],[-35.747224,-5.943175],[-35.745442,-5.944882],[-35.745463,-5.945519],[-35.74692,-5.945412],[-35.749163,-5.944374],[-35.750932,-5.944288],[-35.752052,-5.94233],[-35.754809,-5.941664],[-35.758273,-5.940018],[-35.759421,-5.940604],[-35.760002,-5.941996],[-35.75872,-5.945213],[-35.760023,-5.945236],[-35.763879,-5.942635],[-35.764974,-5.942494],[-35.766425,-5.94291],[-35.768315,-5.941608],[-35.772611,-5.9413],[-35.775789,-5.939419],[-35.778295,-5.936017],[-35.779923,-5.935238],[-35.781261,-5.935691],[-35.781968,-5.937541],[-35.779618,-5.939675],[-35.779358,-5.941072],[-35.779879,-5.941334],[-35.781219,-5.941015],[-35.781777,-5.941903],[-35.783722,-5.942183],[-35.784894,-5.943549],[-35.786078,-5.943093],[-35.786891,-5.943827],[-35.787897,-5.943634],[-35.789543,-5.94097],[-35.791594,-5.938866],[-35.7942,-5.938523],[-35.795384,-5.939146],[-35.795711,-5.939879],[-35.794862,-5.941223],[-35.795607,-5.942789],[-35.795441,-5.944341],[-35.794622,-5.945832],[-35.794719,-5.946621],[-35.798507,-5.947394],[-35.800082,-5.949095],[-35.800851,-5.949354],[-35.805743,-5.947032],[-35.807462,-5.947094],[-35.807818,-5.947781],[-35.807491,-5.948539],[-35.803993,-5.950439],[-35.80369,-5.95109],[-35.804742,-5.951321],[-35.805826,-5.95103],[-35.806907,-5.951823],[-35.809502,-5.951681],[-35.810123,-5.952828],[-35.809805,-5.953487],[-35.808624,-5.953903],[-35.80565,-5.954077],[-35.805394,-5.954531],[-35.806035,-5.955904],[-35.807259,-5.956803],[-35.810568,-5.957306],[-35.813519,-5.960052],[-35.816723,-5.96058],[-35.817711,-5.961653],[-35.818596,-5.964067],[-35.82086,-5.964396],[-35.82404,-5.965977],[-35.831302,-5.962176],[-35.834423,-5.961211],[-35.834794,-5.961722],[-35.834698,-5.962562],[-35.832884,-5.964466],[-35.832813,-5.965398],[-35.832071,-5.966457],[-35.832161,-5.967785],[-35.834552,-5.969921],[-35.837842,-5.971664],[-35.838302,-5.971353],[-35.838311,-5.969256],[-35.83878,-5.96871],[-35.839761,-5.968499],[-35.841257,-5.969192],[-35.842379,-5.969059],[-35.842826,-5.972499],[-35.843503,-5.97306],[-35.844835,-5.973063],[-35.846661,-5.975501],[-35.848515,-5.976372],[-35.851839,-5.97583],[-35.852008,-5.976879],[-35.852745,-5.977873],[-35.851298,-5.97887],[-35.85114,-5.979468],[-35.853152,-5.981836],[-35.852588,-5.984044],[-35.853073,-5.984923],[-35.853959,-5.985064],[-35.856104,-5.984336],[-35.857924,-5.985248],[-35.859924,-5.985257],[-35.861,-5.984417],[-35.861525,-5.982731],[-35.864012,-5.981356],[-35.864477,-5.977752],[-35.862801,-5.977272],[-35.862146,-5.977654],[-35.861377,-5.979096],[-35.860803,-5.97886],[-35.859848,-5.975744],[-35.859872,-5.97275],[-35.858431,-5.970741],[-35.856458,-5.970093],[-35.855994,-5.969377],[-35.857552,-5.968126],[-35.857196,-5.967118],[-35.85748,-5.966542],[-35.860209,-5.967819],[-35.860212,-5.968536],[-35.86408,-5.968516],[-35.864922,-5.965069],[-35.863603,-5.959339],[-35.862597,-5.95877],[-35.860595,-5.959498],[-35.860449,-5.958925],[-35.860445,-5.958064],[-35.862628,-5.953848],[-35.862321,-5.953747],[-35.86217,-5.95217],[-35.861486,-5.951528],[-35.859775,-5.953115],[-35.859202,-5.953118],[-35.858904,-5.950967],[-35.858042,-5.950542],[-35.85732,-5.949398],[-35.855454,-5.94869],[-35.850723,-5.947854],[-35.850003,-5.947284],[-35.849288,-5.947431],[-35.848291,-5.948584],[-35.847431,-5.948588],[-35.846708,-5.947158],[-35.845704,-5.94702],[-35.844544,-5.9443],[-35.841537,-5.944459],[-35.841245,-5.943457],[-35.841806,-5.941159],[-35.83908,-5.940312],[-35.839248,-5.938231],[-35.838101,-5.93795],[-35.837953,-5.937091],[-35.838525,-5.936801],[-35.842539,-5.937354],[-35.842967,-5.937065],[-35.843246,-5.935629],[-35.842668,-5.934628],[-35.839653,-5.933352],[-35.838789,-5.932496],[-35.838135,-5.930783],[-35.839117,-5.926618],[-35.834944,-5.923054],[-35.832939,-5.923207],[-35.831087,-5.925225],[-35.82766,-5.927394],[-35.827234,-5.928113],[-35.827825,-5.931553],[-35.82626,-5.933713],[-35.822809,-5.931292],[-35.820381,-5.932595],[-35.817815,-5.93519],[-35.817242,-5.935193],[-35.815946,-5.933765],[-35.816084,-5.93276],[-35.818839,-5.925895],[-35.818788,-5.924885],[-35.817296,-5.924705],[-35.815872,-5.923562],[-35.81524,-5.923786],[-35.814646,-5.924735],[-35.813107,-5.925137],[-35.810769,-5.92334],[-35.809616,-5.923192],[-35.806788,-5.923742],[-35.803542,-5.921786],[-35.802721,-5.921942],[-35.801903,-5.923161],[-35.801272,-5.923055],[-35.800162,-5.921653],[-35.798985,-5.921355],[-35.798388,-5.920551],[-35.798921,-5.918485],[-35.798954,-5.916163],[-35.797651,-5.913474],[-35.797771,-5.910958],[-35.797308,-5.910599],[-35.794742,-5.911223],[-35.791062,-5.910385],[-35.79021,-5.912405],[-35.78798,-5.9145],[-35.787826,-5.915573],[-35.788362,-5.917116],[-35.790739,-5.92084],[-35.790775,-5.922431],[-35.790143,-5.923485],[-35.789321,-5.923859],[-35.788445,-5.923567],[-35.785648,-5.920396],[-35.784566,-5.919989],[-35.78382,-5.920657],[-35.783972,-5.922956],[-35.783158,-5.923807],[-35.782034,-5.924204],[-35.779713,-5.921899],[-35.779032,-5.921751],[-35.77807,-5.92251],[-35.777133,-5.922445],[-35.775569,-5.920743],[-35.774117,-5.920062],[-35.766297,-5.920898],[-35.765195,-5.918297],[-35.761577,-5.917433],[-35.760977,-5.916194],[-35.762971,-5.914804],[-35.763593,-5.913686],[-35.763143,-5.910514],[-35.760586,-5.908076],[-35.757034,-5.905587],[-35.7557,-5.9051],[-35.754993,-5.905265],[-35.754894,-5.907535],[-35.753692,-5.906966],[-35.751492,-5.907695],[-35.75029,-5.905724],[-35.749692,-5.905369],[-35.748807,-5.906266],[-35.747476,-5.905659],[-35.746333,-5.906592],[-35.74412,-5.905593],[-35.742707,-5.906931],[-35.740771,-5.907101],[-35.739269,-5.906057],[-35.73785,-5.902028],[-35.735529,-5.901029],[-35.734088,-5.901193],[-35.732932,-5.902609],[-35.732697,-5.904106],[-35.733288,-5.906635],[-35.733112,-5.907548],[-35.732639,-5.907794],[-35.730408,-5.907262],[-35.729805,-5.907652],[-35.731641,-5.909562],[-35.730229,-5.910226],[-35.729388,-5.913379],[-35.727972,-5.913033],[-35.7268,-5.910317],[-35.726182,-5.909972],[-35.725196,-5.910125],[-35.723985,-5.911544],[-35.722585,-5.911141],[-35.719605,-5.912128],[-35.718082,-5.912043],[-35.717108,-5.911135]]]}},{"type":"Feature","id":180,"properties":{"sigla":"A3_mu_p2","unidade":"Riacho das Telhas, talco xisto","era":"Mesoarqueano","litotipo_principal":"Tremolita-clorita xisto, Talco-clorita-serpentina xisto, Talco xisto","grupo":"Complexo Riacho das Telhas","fonte":"Folhas João Câmara, Lajes, Natal, Santa Cruz, São José do MIpibu, São José do Campestre - GEOSBG/CPRM (2014)"},"geometry":{"type":"Polygon","coordinates":[[[-35.711136,-5.905965],[-35.712168,-5.906207],[-35.7125,-5.907361],[-35.712983,-5.907724],[-35.713811,-5.906462],[-35.714519,-5.906679],[-35.714646,-5.909082],[-35.715658,-5.910636],[-35.717162,-5.911163],[-35.719981,-5.910232],[-35.721919,-5.907598],[-35.72285,-5.90491],[-35.725068,-5.902872],[-35.725824,-5.901634],[-35.726398,-5.899235],[-35.726319,-5.896608],[-35.725926,-5.895601],[-35.724513,-5.894598],[-35.722011,-5.894164],[-35.719976,-5.895129],[-35.714957,-5.896442],[-35.711828,-5.89798],[-35.710438,-5.899698],[-35.709819,-5.901859],[-35.709728,-5.904636],[-35.711136,-5.905965]]]}},{"type":"Feature","id":181,"properties":{"sigla":"N23c","unidade":"Depósitos colúvio-eluviais","era":"Cenozóico","periodo":"Neogeno","litotipo_secundario":"Areia, Argila, Cascalho","grupo":"Depósitos colúvio-eluviais","fonte":"Folhas João Câmara, Lajes, Natal, Santa Cruz, São José do MIpibu, São José do Campestre - GEOSBG/CPRM (2014)"},"geometry":{"type":"Polygon","coordinates":[[[-35.834403,-5.898149],[-35.835034,-5.896524],[-35.837164,-5.896209],[-35.837224,-5.894203],[-35.837928,-5.893042],[-35.837808,-5.891677],[-35.834806,-5.891782],[-35.832136,-5.890856],[-35.831314,-5.891306],[-35.830303,-5.892895],[-35.826565,-5.892768],[-35.825227,-5.89342],[-35.826508,-5.89489],[-35.826336,-5.896999],[-35.826608,-5.897388],[-35.827362,-5.897385],[-35.828322,-5.896753],[-35.829058,-5.896852],[-35.830703,-5.895549],[-35.831443,-5.897492],[-35.833889,-5.898312],[-35.834403,-5.898149]]]}},{"type":"Feature","id":182,"properties":{"sigla":"A3_mu_p2","unidade":"Riacho das Telhas, talco xisto","era":"Mesoarqueano","litotipo_principal":"Tremolita-clorita xisto, Talco-clorita-serpentina xisto, Talco xisto","grupo":"Complexo Riacho das Telhas","fonte":"Folhas João Câmara, Lajes, Natal, Santa Cruz, São José do MIpibu, São José do Campestre - GEOSBG/CPRM (2014)"},"geometry":{"type":"Polygon","coordinates":[[[-35.596473,-5.909779],[-35.602539,-5.908702],[-35.609264,-5.906615],[-35.612643,-5.904892],[-35.616163,-5.903749],[-35.619815,-5.90141],[-35.621985,-5.899209],[-35.62487,-5.894486],[-35.62515,-5.890501],[-35.624311,-5.888213],[-35.62237,-5.886855],[-35.617542,-5.88688],[-35.601811,-5.893639],[-35.599912,-5.895666],[-35.593971,-5.904754],[-35.593892,-5.906344],[-35.594399,-5.90804],[-35.595436,-5.909409],[-35.596473,-5.909779]]]}},{"type":"Feature","id":183,"properties":{"sigla":"A34sc5","unidade":"Serra Caiada, anfibolito","era":"Mesoarqueano","litotipo_principal":"Anfibolito","litotipo_secundario":"Gabro, Biotita-hornblenda gnaisse","grupo":"Complexo Serra Caiada","fonte":"Folhas João Câmara, Lajes, Natal, Santa Cruz, São José do MIpibu, São José do Campestre - GEOSBG/CPRM (2014)"},"geometry":{"type":"Polygon","coordinates":[[[-35.892937,-5.887248],[-35.893421,-5.887546],[-35.893713,-5.890326],[-35.894387,-5.891617],[-35.894768,-5.891684],[-35.89482,-5.888815],[-35.894125,-5.885119],[-35.893418,-5.884084],[-35.892911,-5.884457],[-35.892937,-5.887248]]]}},{"type":"Feature","id":184,"properties":{"sigla":"A34sc3","unidade":"Serra Caiada, formação ferrífera","era":"Mesoarqueano","litotipo_principal":"Formação ferrífera bandada","litotipo_secundario":"Anfibolito, Mármore, Rocha calcissilicática, Metabasito, Metaultramafito, Quartzito micáceo","grupo":"Complexo Serra Caiada","fonte":"Folhas João Câmara, Lajes, Natal, Santa Cruz, São José do MIpibu, São José do Campestre - GEOSBG/CPRM (2014)"},"geometry":{"type":"Polygon","coordinates":[[[-35.594725,-5.893976],[-35.598828,-5.89051],[-35.601034,-5.887709],[-35.60426,-5.884899],[-35.605398,-5.883027],[-35.605211,-5.881816],[-35.604336,-5.881674],[-35.603529,-5.882029],[-35.598769,-5.887909],[-35.594652,-5.89198],[-35.594109,-5.893451],[-35.594725,-5.893976]]]}},{"type":"Feature","id":185,"properties":{"sigla":"N23c","unidade":"Depósitos colúvio-eluviais","era":"Cenozóico","periodo":"Neogeno","litotipo_secundario":"Areia, Argila, Cascalho","grupo":"Depósitos colúvio-eluviais","fonte":"Folhas João Câmara, Lajes, Natal, Santa Cruz, São José do MIpibu, São José do Campestre - GEOSBG/CPRM (2014)"},"geometry":{"type":"Polygon","coordinates":[[[-35.745584,-5.875664],[-35.744578,-5.875095],[-35.744019,-5.877823],[-35.740151,-5.877986],[-35.739997,-5.875691],[-35.739564,-5.875119],[-35.738996,-5.875983],[-35.737852,-5.876419],[-35.735272,-5.876145],[-35.734702,-5.876721],[-35.734848,-5.877438],[-35.735424,-5.877865],[-35.737432,-5.878429],[-35.737276,-5.880636],[-35.738216,-5.881335],[-35.739587,-5.87971],[-35.740879,-5.880277],[-35.745172,-5.879395],[-35.748039,-5.880102],[-35.749753,-5.878656],[-35.752903,-5.878497],[-35.75304,-5.877205],[-35.752752,-5.876919],[-35.749456,-5.876649],[-35.748875,-5.87493],[-35.745584,-5.875664]]]}},{"type":"Feature","id":186,"properties":{"sigla":"A34sc5","unidade":"Serra Caiada, anfibolito","era":"Mesoarqueano","litotipo_principal":"Anfibolito","litotipo_secundario":"Gabro, Biotita-hornblenda gnaisse","grupo":"Complexo Serra Caiada","fonte":"Folhas João Câmara, Lajes, Natal, Santa Cruz, São José do MIpibu, São José do Campestre - GEOSBG/CPRM (2014)"},"geometry":{"type":"Polygon","coordinates":[[[-35.894227,-5.882134],[-35.894632,-5.874614],[-35.894377,-5.872377],[-35.893406,-5.871849],[-35.892949,-5.872473],[-35.892979,-5.874177],[-35.893443,-5.878935],[-35.894227,-5.882134]]]}},{"type":"Feature","id":187,"properties":{"sigla":"N23c","unidade":"Depósitos colúvio-eluviais","era":"Cenozóico","periodo":"Neogeno","litotipo_secundario":"Areia, Argila, Cascalho","grupo":"Depósitos colúvio-eluviais","fonte":"Folhas João Câmara, Lajes, Natal, Santa Cruz, São José do MIpibu, São José do Campestre - GEOSBG/CPRM (2014)"},"geometry":{"type":"Polygon","coordinates":[[[-35.673644,-5.879617],[-35.669365,-5.880383],[-35.669082,-5.881],[-35.670435,-5.88174],[-35.672358,-5.881777],[-35.672752,-5.883011],[-35.673672,-5.883211],[-35.673793,-5.883997],[-35.679367,-5.882608],[-35.681283,-5.883103],[-35.682937,-5.884443],[-35.683429,-5.884129],[-35.683831,-5.882868],[-35.685347,-5.882497],[-35.685628,-5.881229],[-35.686169,-5.88071],[-35.686618,-5.880954],[-35.686712,-5.881754],[-35.685575,-5.883501],[-35.689642,-5.883095],[-35.690676,-5.882463],[-35.694478,-5.88168],[-35.695644,-5.880631],[-35.696853,-5.877444],[-35.698405,-5.874688],[-35.699171,-5.874118],[-35.700739,-5.874298],[-35.702133,-5.875703],[-35.702823,-5.87565],[-35.703801,-5.874576],[-35.704573,-5.874396],[-35.70665,-5.875519],[-35.70776,-5.875582],[-35.709542,-5.874524],[-35.712841,-5.87406],[-35.713446,-5.872681],[-35.712675,-5.872206],[-35.710177,-5.872795],[-35.709185,-5.872636],[-35.707386,-5.871762],[-35.707088,-5.870457],[-35.706411,-5.870093],[-35.704297,-5.870928],[-35.705937,-5.872345],[-35.705963,-5.873572],[-35.703017,-5.873403],[-35.700933,-5.871706],[-35.699859,-5.871554],[-35.699126,-5.872497],[-35.695852,-5.872864],[-35.693912,-5.876577],[-35.692954,-5.877103],[-35.690879,-5.875029],[-35.689502,-5.875699],[-35.68808,-5.875811],[-35.686342,-5.875377],[-35.684025,-5.874093],[-35.682585,-5.873859],[-35.682275,-5.87441],[-35.68426,-5.875883],[-35.684111,-5.876283],[-35.682516,-5.876748],[-35.682115,-5.877279],[-35.683108,-5.879619],[-35.682704,-5.880563],[-35.681833,-5.880505],[-35.679947,-5.879444],[-35.678014,-5.880607],[-35.673644,-5.879617]]]}},{"type":"Feature","id":188,"properties":{"sigla":"A34sc5","unidade":"Serra Caiada, anfibolito","era":"Mesoarqueano","litotipo_principal":"Anfibolito","litotipo_secundario":"Gabro, Biotita-hornblenda gnaisse","grupo":"Complexo Serra Caiada","fonte":"Folhas João Câmara, Lajes, Natal, Santa Cruz, São José do MIpibu, São José do Campestre - GEOSBG/CPRM (2014)"},"geometry":{"type":"Polygon","coordinates":[[[-35.898876,-5.865774],[-35.89895,-5.872546],[-35.899601,-5.873006],[-35.900081,-5.87274],[-35.900277,-5.87189],[-35.899594,-5.865252],[-35.898876,-5.865774]]]}},{"type":"Feature","id":189,"properties":{"sigla":"NP3_gamma_3di","unidade":"Dona Inês","era":"Neoproterozóico","periodo":"Ediacarano","litotipo_secundario":"Sienogranito, Monzogranito, Leucogranito, Biotita leucogranito","grupo":"Suíte Intrusiva Dona Inês","fonte":"Folhas João Câmara, Lajes, Natal, Santa Cruz, São José do MIpibu, São José do Campestre - GEOSBG/CPRM (2014)"},"geometry":{"type":"Polygon","coordinates":[[[-35.90064,-5.869088],[-35.901258,-5.869311],[-35.901101,-5.872349],[-35.901806,-5.873297],[-35.901969,-5.867778],[-35.901452,-5.8651],[-35.900722,-5.865744],[-35.901088,-5.867818],[-35.90064,-5.869088]]]}},{"type":"Feature","id":190,"properties":{"sigla":"A23j","unidade":"Presidente Juscelino","era":"Paleoarqueano","litotipo_secundario":"Migmatito estromático, Metagabronorito, Metatonalito, Metatrondhjemito","grupo":"Complexo Presidente Juscelino","fonte":"Folhas João Câmara, Lajes, Natal, Santa Cruz, São José do MIpibu, São José do Campestre - GEOSBG/CPRM (2014)"},"geometry":{"type":"Polygon","coordinates":[[[-35.645182,-5.872069],[-35.64755,-5.867187],[-35.649341,-5.864641],[-35.647177,-5.864602],[-35.645866,-5.865921],[-35.644728,-5.869622],[-35.644801,-5.871101],[-35.645182,-5.872069]]]}},{"type":"Feature","id":191,"properties":{"sigla":"NP3_gamma_2it","unidade":"Itaporanga","era":"Neoproterozóico","periodo":"Ediacarano","litotipo_principal":"Biotita granito porfirítico","litotipo_secundario":"Diorito, Granito, Granodiorito, Monzonito","grupo":"Suíte Intrusiva Itaporanga","fonte":"Folhas João Câmara, Lajes, Natal, Santa Cruz, São José do MIpibu, São José do Campestre - GEOSBG/CPRM (2014)"},"geometry":{"type":"Polygon","coordinates":[[[-35.55104,-5.896291],[-35.551443,-5.897838],[-35.550661,-5.899566],[-35.551316,-5.902401],[-35.550465,-5.904414],[-35.550373,-5.9057],[-35.549709,-5.906069],[-35.54821,-5.905693],[-35.547869,-5.906384],[-35.545992,-5.907102],[-35.546432,-5.908227],[-35.54877,-5.909802],[-35.549303,-5.911008],[-35.547889,-5.91219],[-35.546266,-5.91194],[-35.545156,-5.912224],[-35.545365,-5.913771],[-35.546571,-5.916485],[-35.548682,-5.918143],[-35.550163,-5.918753],[-35.550537,-5.916895],[-35.551571,-5.915127],[-35.55474,-5.914058],[-35.555471,-5.913171],[-35.556362,-5.910737],[-35.557849,-5.910337],[-35.558623,-5.912756],[-35.557941,-5.915772],[-35.556913,-5.917239],[-35.554676,-5.917578],[-35.554278,-5.918453],[-35.555355,-5.922135],[-35.556649,-5.922457],[-35.559683,-5.92137],[-35.560364,-5.921965],[-35.560394,-5.922823],[-35.566806,-5.918505],[-35.567843,-5.917368],[-35.569745,-5.914469],[-35.569193,-5.914191],[-35.570265,-5.911995],[-35.57044,-5.907857],[-35.570127,-5.906129],[-35.568888,-5.904808],[-35.5648,-5.902131],[-35.560309,-5.900223],[-35.559949,-5.898834],[-35.560475,-5.896749],[-35.563668,-5.891994],[-35.566494,-5.890319],[-35.57158,-5.885969],[-35.573751,-5.88486],[-35.578279,-5.883939],[-35.582941,-5.882249],[-35.58793,-5.878244],[-35.589065,-5.876138],[-35.589776,-5.872465],[-35.589762,-5.868732],[-35.588797,-5.866393],[-35.587352,-5.86525],[-35.584094,-5.864508],[-35.582754,-5.864473],[-35.581578,-5.865107],[-35.576422,-5.870352],[-35.566561,-5.882334],[-35.561123,-5.887689],[-35.552903,-5.894323],[-35.55104,-5.896291]]]}},{"type":"Feature","id":192,"properties":{"sigla":"NP3_gamma_3di","unidade":"Dona Inês","era":"Neoproterozóico","periodo":"Ediacarano","litotipo_secundario":"Sienogranito, Monzogranito, Leucogranito, Biotita leucogranito","grupo":"Suíte Intrusiva Dona Inês","fonte":"Folhas João Câmara, Lajes, Natal, Santa Cruz, São José do MIpibu, São José do Campestre - GEOSBG/CPRM (2014)"},"geometry":{"type":"Polygon","coordinates":[[[-35.90619,-5.866652],[-35.906539,-5.866801],[-35.905539,-5.869539],[-35.90632,-5.869232],[-35.906976,-5.868067],[-35.907897,-5.864114],[-35.907272,-5.864261],[-35.90619,-5.866652]]]}},{"type":"Feature","id":193,"properties":{"sigla":"A34sc3","unidade":"Serra Caiada, formação ferrífera","era":"Mesoarqueano","litotipo_principal":"Formação ferrífera bandada","litotipo_secundario":"Anfibolito, Mármore, Rocha calcissilicática, Metabasito, Metaultramafito, Quartzito micáceo","grupo":"Complexo Serra Caiada","fonte":"Folhas João Câmara, Lajes, Natal, Santa Cruz, São José do MIpibu, São José do Campestre - GEOSBG/CPRM (2014)"},"geometry":{"type":"Polygon","coordinates":[[[-35.769103,-5.873881],[-35.782647,-5.866752],[-35.786211,-5.863426],[-35.786211,-5.862238],[-35.785261,-5.862238],[-35.783201,-5.863663],[-35.780667,-5.864693],[-35.775756,-5.868495],[-35.769103,-5.871663],[-35.768152,-5.872376],[-35.767994,-5.873089],[-35.768152,-5.873643],[-35.769103,-5.873881]]]}},{"type":"Feature","id":194,"properties":{"sigla":"N23c","unidade":"Depósitos colúvio-eluviais","era":"Cenozóico","periodo":"Neogeno","litotipo_secundario":"Areia, Argila, Cascalho","grupo":"Depósitos colúvio-eluviais","fonte":"Folhas João Câmara, Lajes, Natal, Santa Cruz, São José do MIpibu, São José do Campestre - GEOSBG/CPRM (2014)"},"geometry":{"type":"Polygon","coordinates":[[[-35.82657,-5.864481],[-35.825615,-5.874096],[-35.822188,-5.876265],[-35.821907,-5.87727],[-35.821771,-5.878705],[-35.822936,-5.882429],[-35.823804,-5.884146],[-35.824521,-5.884286],[-35.825375,-5.883134],[-35.826503,-5.879685],[-35.827215,-5.878821],[-35.830934,-5.877798],[-35.832214,-5.875927],[-35.832674,-5.872911],[-35.831743,-5.867897],[-35.832445,-5.865025],[-35.830998,-5.86202],[-35.830425,-5.862023],[-35.82657,-5.864481]]]}},{"type":"Feature","id":195,"properties":{"sigla":"A34sc5","unidade":"Serra Caiada, anfibolito","era":"Mesoarqueano","litotipo_principal":"Anfibolito","litotipo_secundario":"Gabro, Biotita-hornblenda gnaisse","grupo":"Complexo Serra Caiada","fonte":"Folhas João Câmara, Lajes, Natal, Santa Cruz, São José do MIpibu, São José do Campestre - GEOSBG/CPRM (2014)"},"geometry":{"type":"Polygon","coordinates":[[[-35.895535,-5.858549],[-35.895832,-5.859626],[-35.896369,-5.859809],[-35.896873,-5.859322],[-35.897156,-5.857934],[-35.896649,-5.85531],[-35.896031,-5.853965],[-35.895546,-5.853758],[-35.89521,-5.853919],[-35.895137,-5.854827],[-35.895927,-5.857506],[-35.895535,-5.858549]]]}},{"type":"Feature","id":196,"properties":{"sigla":"A23j","unidade":"Presidente Juscelino","era":"Paleoarqueano","litotipo_secundario":"Migmatito estromático, Metagabronorito, Metatonalito, Metatrondhjemito","grupo":"Complexo Presidente Juscelino","fonte":"Folhas João Câmara, Lajes, Natal, Santa Cruz, São José do MIpibu, São José do Campestre - GEOSBG/CPRM (2014)"},"geometry":{"type":"Polygon","coordinates":[[[-35.628472,-5.858747],[-35.630045,-5.853468],[-35.624405,-5.85486],[-35.624142,-5.855837],[-35.624764,-5.857009],[-35.626845,-5.857507],[-35.628472,-5.858747]]]}},{"type":"Feature","id":197,"properties":{"sigla":"N23c","unidade":"Depósitos colúvio-eluviais","era":"Cenozóico","periodo":"Neogeno","litotipo_secundario":"Areia, Argila, Cascalho","grupo":"Depósitos colúvio-eluviais","fonte":"Folhas João Câmara, Lajes, Natal, Santa Cruz, São José do MIpibu, São José do Campestre - GEOSBG/CPRM (2014)"},"geometry":{"type":"Polygon","coordinates":[[[-35.619591,-5.868468],[-35.624946,-5.868199],[-35.626389,-5.867648],[-35.634451,-5.868635],[-35.63514,-5.869777],[-35.63477,-5.870871],[-35.632925,-5.870743],[-35.631455,-5.871509],[-35.629668,-5.87157],[-35.628976,-5.87229],[-35.629236,-5.873648],[-35.631132,-5.874417],[-35.631119,-5.876335],[-35.631707,-5.877148],[-35.633437,-5.876967],[-35.635435,-5.874761],[-35.639223,-5.873997],[-35.640398,-5.874388],[-35.641467,-5.875644],[-35.642377,-5.875824],[-35.643135,-5.875307],[-35.643979,-5.873565],[-35.64515,-5.872635],[-35.644794,-5.869099],[-35.645343,-5.867001],[-35.646337,-5.865236],[-35.647485,-5.864531],[-35.654297,-5.86438],[-35.656321,-5.861191],[-35.657102,-5.860751],[-35.657248,-5.85913],[-35.65825,-5.858842],[-35.65839,-5.858348],[-35.657938,-5.857915],[-35.655929,-5.857974],[-35.655077,-5.855822],[-35.653043,-5.854779],[-35.652187,-5.853815],[-35.650603,-5.853824],[-35.649547,-5.85318],[-35.647701,-5.852954],[-35.646968,-5.850569],[-35.646183,-5.850032],[-35.645295,-5.850223],[-35.644208,-5.8514],[-35.642891,-5.850724],[-35.640152,-5.850581],[-35.63964,-5.85115],[-35.63938,-5.852602],[-35.638431,-5.852775],[-35.637594,-5.854195],[-35.636552,-5.854669],[-35.635802,-5.854421],[-35.634986,-5.853164],[-35.634263,-5.853061],[-35.632557,-5.854788],[-35.630093,-5.858769],[-35.628968,-5.859061],[-35.626845,-5.857507],[-35.624869,-5.857093],[-35.624127,-5.855529],[-35.624811,-5.854558],[-35.628468,-5.854065],[-35.630271,-5.853373],[-35.630935,-5.852648],[-35.631633,-5.85118],[-35.631479,-5.849635],[-35.63097,-5.848752],[-35.629119,-5.848207],[-35.627991,-5.848701],[-35.625285,-5.85142],[-35.623181,-5.851892],[-35.621724,-5.852727],[-35.620033,-5.852374],[-35.618344,-5.850898],[-35.617502,-5.85101],[-35.616559,-5.851763],[-35.614914,-5.85115],[-35.613711,-5.851297],[-35.610233,-5.854864],[-35.607777,-5.854429],[-35.606294,-5.857271],[-35.603772,-5.857939],[-35.60028,-5.859574],[-35.600478,-5.86032],[-35.601599,-5.860798],[-35.601982,-5.861467],[-35.602593,-5.861452],[-35.603011,-5.862305],[-35.603784,-5.862637],[-35.603971,-5.864707],[-35.604809,-5.865529],[-35.608024,-5.864668],[-35.608913,-5.863423],[-35.610948,-5.863438],[-35.612489,-5.860756],[-35.614022,-5.860138],[-35.614633,-5.860843],[-35.614673,-5.861906],[-35.61302,-5.864261],[-35.613089,-5.86525],[-35.614145,-5.865402],[-35.616853,-5.864142],[-35.617735,-5.864339],[-35.617588,-5.865075],[-35.616815,-5.866134],[-35.611436,-5.867172],[-35.61085,-5.867638],[-35.61091,-5.868284],[-35.611876,-5.868522],[-35.617406,-5.867588],[-35.619591,-5.868468]]]}},{"type":"Feature","id":198,"properties":{"sigla":"A3_mu_p2","unidade":"Riacho das Telhas, talco xisto","era":"Mesoarqueano","litotipo_principal":"Tremolita-clorita xisto, Talco-clorita-serpentina xisto, Talco xisto","grupo":"Complexo Riacho das Telhas","fonte":"Folhas João Câmara, Lajes, Natal, Santa Cruz, São José do MIpibu, São José do Campestre - GEOSBG/CPRM (2014)"},"geometry":{"type":"Polygon","coordinates":[[[-35.580238,-5.856696],[-35.584083,-5.85581],[-35.584951,-5.854914],[-35.58555,-5.853182],[-35.585917,-5.849717],[-35.585771,-5.848321],[-35.585038,-5.847207],[-35.58392,-5.847248],[-35.582652,-5.847914],[-35.579085,-5.851945],[-35.578507,-5.853727],[-35.578521,-5.855523],[-35.579237,-5.856368],[-35.580238,-5.856696]]]}},{"type":"Feature","id":199,"properties":{"sigla":"ENb","unidade":"Barreiras","era":"Cenozóico","periodo":"Paleogeno","litotipo_principal":"Arenito conglomerático, Argilito arenoso","litotipo_secundario":"Arenito, Argilito, Conglomerado, Siltito","grupo":"Grupo Barreiras","fonte":"Folhas João Câmara, Lajes, Natal, Santa Cruz, São José do MIpibu, São José do Campestre - GEOSBG/CPRM (2014)"},"geometry":{"type":"Polygon","coordinates":[[[-35.55185,-5.84894],[-35.551973,-5.850187],[-35.552872,-5.85012],[-35.553322,-5.851183],[-35.554199,-5.851575],[-35.555157,-5.852724],[-35.555868,-5.851618],[-35.557893,-5.851532],[-35.558215,-5.850372],[-35.557501,-5.847984],[-35.55588,-5.848318],[-35.553664,-5.846496],[-35.553158,-5.847183],[-35.551356,-5.847097],[-35.550869,-5.847559],[-35.55185,-5.84894]]]}},{"type":"Feature","id":200,"properties":{"sigla":"A3_mu_p1","unidade":"Riacho da Telhas, piroxenito","era":"Mesoarqueano","litotipo_principal":"Piroxenito","litotipo_secundario":"Gabro, Gabronorito","grupo":"Complexo Riacho das Telhas","fonte":"Folhas João Câmara, Lajes, Natal, Santa Cruz, São José do MIpibu, São José do Campestre - GEOSBG/CPRM (2014)"},"geometry":{"type":"Polygon","coordinates":[[[-35.803404,-5.855539],[-35.805059,-5.854546],[-35.806273,-5.853001],[-35.806825,-5.851236],[-35.806715,-5.849691],[-35.806273,-5.847925],[-35.804839,-5.846822],[-35.80208,-5.846491],[-35.800535,-5.847153],[-35.799321,-5.848256],[-35.798439,-5.849801],[-35.798218,-5.853443],[-35.79899,-5.854546],[-35.800425,-5.855208],[-35.803404,-5.855539]]]}},{"type":"Feature","id":201,"properties":{"sigla":"A34sc5","unidade":"Serra Caiada, anfibolito","era":"Mesoarqueano","litotipo_principal":"Anfibolito","litotipo_secundario":"Gabro, Biotita-hornblenda gnaisse","grupo":"Complexo Serra Caiada","fonte":"Folhas João Câmara, Lajes, Natal, Santa Cruz, São José do MIpibu, São José do Campestre - GEOSBG/CPRM (2014)"},"geometry":{"type":"Polygon","coordinates":[[[-35.832244,-5.845405],[-35.835673,-5.849863],[-35.83609,-5.84992],[-35.835904,-5.848431],[-35.833069,-5.844937],[-35.832244,-5.845405]]]}},{"type":"Feature","id":202,"properties":{"sigla":"PP2_gamma_sc1","unidade":"Santa Cruz, ortognaisse trondhjemítico","era":"Paleoproterozóico","periodo":"Riaciano","litotipo_principal":"Ortognaisse","grupo":"Complexo Santa Cruz","fonte":"Folhas João Câmara, Lajes, Natal, Santa Cruz, São José do MIpibu, São José do Campestre - GEOSBG/CPRM (2014)"},"geometry":{"type":"Polygon","coordinates":[[[-35.926907,-5.867977],[-35.927842,-5.868161],[-35.9288,-5.869103],[-35.935425,-5.880264],[-35.939216,-5.885028],[-35.940587,-5.890211],[-35.941483,-5.892028],[-35.942957,-5.893416],[-35.944225,-5.893374],[-35.944772,-5.892089],[-35.944419,-5.889212],[-35.943127,-5.887455],[-35.942203,-5.8803],[-35.940479,-5.874054],[-35.93824,-5.871537],[-35.935004,-5.869676],[-35.932026,-5.866931],[-35.927788,-5.864132],[-35.926725,-5.863019],[-35.922923,-5.857088],[-35.9191,-5.846087],[-35.918186,-5.843921],[-35.917458,-5.843361],[-35.916541,-5.844374],[-35.916724,-5.846903],[-35.920365,-5.857721],[-35.923106,-5.863401],[-35.926231,-5.866568],[-35.926907,-5.867977]]]}},{"type":"Feature","id":203,"properties":{"sigla":"A34sc5","unidade":"Serra Caiada, anfibolito","era":"Mesoarqueano","litotipo_principal":"Anfibolito","litotipo_secundario":"Gabro, Biotita-hornblenda gnaisse","grupo":"Complexo Serra Caiada","fonte":"Folhas João Câmara, Lajes, Natal, Santa Cruz, São José do MIpibu, São José do Campestre - GEOSBG/CPRM (2014)"},"geometry":{"type":"Polygon","coordinates":[[[-35.828538,-5.842811],[-35.828964,-5.842092],[-35.829676,-5.841946],[-35.828192,-5.841379],[-35.824504,-5.841516],[-35.822605,-5.842658],[-35.820058,-5.844936],[-35.819768,-5.846606],[-35.822849,-5.843849],[-35.826116,-5.8427],[-35.828538,-5.842811]]]}},{"type":"Feature","id":204,"properties":{"sigla":"N23c","unidade":"Depósitos colúvio-eluviais","era":"Cenozóico","periodo":"Neogeno","litotipo_secundario":"Areia, Argila, Cascalho","grupo":"Depósitos colúvio-eluviais","fonte":"Folhas João Câmara, Lajes, Natal, Santa Cruz, São José do MIpibu, São José do Campestre - GEOSBG/CPRM (2014)"},"geometry":{"type":"Polygon","coordinates":[[[-35.828964,-5.842092],[-35.828538,-5.842811],[-35.829127,-5.846107],[-35.830989,-5.846098],[-35.833561,-5.844794],[-35.835567,-5.845071],[-35.836711,-5.844635],[-35.839851,-5.842467],[-35.84071,-5.842463],[-35.841862,-5.843605],[-35.843436,-5.84331],[-35.845007,-5.842441],[-35.844999,-5.840863],[-35.845946,-5.838788],[-35.844555,-5.837997],[-35.843832,-5.83671],[-35.843258,-5.836426],[-35.841406,-5.8383],[-35.838972,-5.838599],[-35.836119,-5.840765],[-35.834546,-5.841347],[-35.828964,-5.842092]]]}},{"type":"Feature","id":205,"properties":{"sigla":"A34sc5","unidade":"Serra Caiada, anfibolito","era":"Mesoarqueano","litotipo_principal":"Anfibolito","litotipo_secundario":"Gabro, Biotita-hornblenda gnaisse","grupo":"Complexo Serra Caiada","fonte":"Folhas João Câmara, Lajes, Natal, Santa Cruz, São José do MIpibu, São José do Campestre - GEOSBG/CPRM (2014)"},"geometry":{"type":"Polygon","coordinates":[[[-35.822503,-5.835928],[-35.82028,-5.838103],[-35.820266,-5.838975],[-35.825027,-5.836271],[-35.82854,-5.83587],[-35.831465,-5.837092],[-35.833439,-5.83873],[-35.834721,-5.840488],[-35.83522,-5.840058],[-35.835022,-5.838722],[-35.834002,-5.837141],[-35.831731,-5.835474],[-35.829429,-5.834485],[-35.826253,-5.834356],[-35.822503,-5.835928]]]}},{"type":"Feature","id":206,"properties":{"sigla":"A4_gamma_jc","unidade":"Granitóide São José do Campestre","era":"Neoarqueano","litotipo_principal":"Metamonzogranito, Metassienogranito","grupo":"Granitóide São José do Campestre","fonte":"Folhas João Câmara, Lajes, Natal, Santa Cruz, São José do MIpibu, São José do Campestre - GEOSBG/CPRM (2014)"},"geometry":{"type":"Polygon","coordinates":[[[-35.713839,-5.847911],[-35.713526,-5.855983],[-35.71425,-5.858702],[-35.716195,-5.861813],[-35.717044,-5.862181],[-35.718211,-5.86208],[-35.722116,-5.860274],[-35.725275,-5.855897],[-35.731692,-5.844469],[-35.732971,-5.841155],[-35.73321,-5.838125],[-35.732661,-5.836502],[-35.730005,-5.834227],[-35.728258,-5.833573],[-35.722726,-5.833179],[-35.720209,-5.834937],[-35.717582,-5.838622],[-35.714485,-5.844778],[-35.713839,-5.847911]]]}},{"type":"Feature","id":207,"properties":{"sigla":"ENb","unidade":"Barreiras","era":"Cenozóico","periodo":"Paleogeno","litotipo_principal":"Arenito conglomerático, Argilito arenoso","litotipo_secundario":"Arenito, Argilito, Conglomerado, Siltito","grupo":"Grupo Barreiras","fonte":"Folhas João Câmara, Lajes, Natal, Santa Cruz, São José do MIpibu, São José do Campestre - GEOSBG/CPRM (2014)"},"geometry":{"type":"Polygon","coordinates":[[[-35.459627,-5.829365],[-35.461014,-5.829716],[-35.46109,-5.830753],[-35.460556,-5.831804],[-35.460968,-5.832216],[-35.462295,-5.830982],[-35.46327,-5.832125],[-35.464178,-5.828705],[-35.464611,-5.82938],[-35.464659,-5.83079],[-35.465115,-5.831104],[-35.467037,-5.829569],[-35.46777,-5.82987],[-35.467533,-5.831257],[-35.467815,-5.831703],[-35.469093,-5.830097],[-35.46965,-5.830244],[-35.470034,-5.831182],[-35.469202,-5.831305],[-35.469061,-5.83215],[-35.467793,-5.833607],[-35.467651,-5.834641],[-35.47015,-5.835323],[-35.470562,-5.83593],[-35.467764,-5.836321],[-35.465771,-5.838558],[-35.465609,-5.837423],[-35.46421,-5.836697],[-35.462532,-5.836906],[-35.459736,-5.838081],[-35.45822,-5.83798],[-35.454676,-5.840414],[-35.453707,-5.841764],[-35.453091,-5.844496],[-35.453207,-5.846464],[-35.454329,-5.848614],[-35.454411,-5.850655],[-35.458288,-5.851652],[-35.461283,-5.850748],[-35.462902,-5.849306],[-35.463934,-5.849354],[-35.464781,-5.848812],[-35.466167,-5.846699],[-35.469465,-5.846901],[-35.470053,-5.846243],[-35.46987,-5.845139],[-35.470434,-5.844481],[-35.471844,-5.844975],[-35.472242,-5.84709],[-35.47303,-5.848625],[-35.474485,-5.849613],[-35.475615,-5.851091],[-35.477188,-5.849894],[-35.47801,-5.849989],[-35.478903,-5.852125],[-35.47996,-5.852287],[-35.481087,-5.851231],[-35.481384,-5.849712],[-35.483391,-5.851891],[-35.484236,-5.851986],[-35.485065,-5.851334],[-35.486048,-5.851862],[-35.486633,-5.853087],[-35.484178,-5.856769],[-35.484407,-5.857705],[-35.484969,-5.857851],[-35.485857,-5.857262],[-35.489319,-5.8538],[-35.490611,-5.853894],[-35.493619,-5.855842],[-35.49419,-5.85654],[-35.494507,-5.858191],[-35.495904,-5.859968],[-35.496793,-5.862063],[-35.496729,-5.863586],[-35.494825,-5.864285],[-35.496539,-5.867141],[-35.496539,-5.86949],[-35.496285,-5.870379],[-35.494317,-5.87076],[-35.49419,-5.871077],[-35.496094,-5.875203],[-35.496094,-5.876536],[-35.494952,-5.877869],[-35.496158,-5.880726],[-35.496094,-5.881678],[-35.494888,-5.883011],[-35.495269,-5.884344],[-35.494905,-5.8859],[-35.494323,-5.886509],[-35.491068,-5.886403],[-35.490417,-5.885405],[-35.490362,-5.882579],[-35.488897,-5.881427],[-35.487627,-5.881348],[-35.485668,-5.882115],[-35.483895,-5.882221],[-35.480719,-5.881533],[-35.478126,-5.880342],[-35.476723,-5.878648],[-35.475941,-5.876654],[-35.474466,-5.875009],[-35.473672,-5.874498],[-35.471003,-5.874384],[-35.467938,-5.871035],[-35.465328,-5.86956],[-35.463057,-5.866608],[-35.462442,-5.864881],[-35.461928,-5.864577],[-35.46008,-5.865136],[-35.457877,-5.864594],[-35.457079,-5.865583],[-35.456057,-5.865807],[-35.453423,-5.86453],[-35.451666,-5.864849],[-35.449432,-5.864402],[-35.448953,-5.864019],[-35.448347,-5.862039],[-35.446974,-5.861976],[-35.443618,-5.863666],[-35.441852,-5.864146],[-35.439494,-5.864156],[-35.437022,-5.864993],[-35.433375,-5.866898],[-35.432078,-5.867022],[-35.427489,-5.869167],[-35.42572,-5.869175],[-35.422111,-5.868271],[-35.42181,-5.867525],[-35.422104,-5.866478],[-35.427258,-5.861845],[-35.428894,-5.85939],[-35.429148,-5.858318],[-35.428698,-5.857189],[-35.430164,-5.855045],[-35.430136,-5.853369],[-35.429346,-5.853764],[-35.426525,-5.858158],[-35.422603,-5.863208],[-35.421436,-5.862995],[-35.420958,-5.862438],[-35.419746,-5.865315],[-35.41725,-5.865692],[-35.409454,-5.864557],[-35.406971,-5.864735],[-35.405153,-5.86322],[-35.402733,-5.864431],[-35.395063,-5.866146],[-35.39123,-5.865845],[-35.388908,-5.865238],[-35.386084,-5.865238],[-35.384098,-5.865995],[-35.380843,-5.86906],[-35.376995,-5.870984],[-35.374182,-5.873329],[-35.369996,-5.874239],[-35.368011,-5.87548],[-35.368075,-5.876453],[-35.370134,-5.879927],[-35.372374,-5.884995],[-35.374306,-5.887101],[-35.377121,-5.887503],[-35.377976,-5.888006],[-35.380329,-5.891355],[-35.381708,-5.895311],[-35.382816,-5.896345],[-35.383651,-5.89653],[-35.385009,-5.895535],[-35.385342,-5.894433],[-35.385042,-5.893274],[-35.381913,-5.890576],[-35.379881,-5.887812],[-35.378185,-5.886589],[-35.376385,-5.886032],[-35.373184,-5.88319],[-35.372515,-5.881851],[-35.372515,-5.880647],[-35.373117,-5.87991],[-35.374215,-5.879546],[-35.374965,-5.880189],[-35.375983,-5.880403],[-35.381882,-5.880097],[-35.384163,-5.878711],[-35.384804,-5.877786],[-35.386303,-5.877423],[-35.38736,-5.876548],[-35.388137,-5.876647],[-35.388956,-5.877668],[-35.391718,-5.877622],[-35.392777,-5.878589],[-35.393237,-5.878451],[-35.39448,-5.876471],[-35.395816,-5.87555],[-35.398808,-5.875734],[-35.399414,-5.87498],[-35.40134,-5.874998],[-35.401939,-5.874123],[-35.401939,-5.873202],[-35.402491,-5.873156],[-35.403458,-5.875182],[-35.40424,-5.87532],[-35.405438,-5.874169],[-35.406911,-5.874491],[-35.408051,-5.873695],[-35.410593,-5.873635],[-35.4119,-5.875893],[-35.412042,-5.877779],[-35.413244,-5.879829],[-35.413527,-5.882233],[-35.414352,-5.883483],[-35.413738,-5.884872],[-35.415035,-5.885769],[-35.414989,-5.886972],[-35.416567,-5.886807],[-35.417345,-5.888031],[-35.417511,-5.889513],[-35.416639,-5.890998],[-35.417299,-5.891658],[-35.417204,-5.892199],[-35.41539,-5.893232],[-35.414057,-5.895273],[-35.415157,-5.896908],[-35.416554,-5.897332],[-35.415315,-5.895583],[-35.415518,-5.894363],[-35.418838,-5.892195],[-35.41877,-5.888611],[-35.420073,-5.888005],[-35.419985,-5.886681],[-35.42056,-5.885217],[-35.422576,-5.883453],[-35.42222,-5.881201],[-35.420139,-5.880171],[-35.419608,-5.877573],[-35.418388,-5.875499],[-35.418031,-5.873074],[-35.418547,-5.872379],[-35.419586,-5.872374],[-35.421322,-5.87358],[-35.425999,-5.874773],[-35.429829,-5.874756],[-35.429467,-5.87345],[-35.428638,-5.872402],[-35.428595,-5.87153],[-35.428987,-5.871138],[-35.432478,-5.870963],[-35.434199,-5.871796],[-35.435841,-5.871611],[-35.43632,-5.870417],[-35.438178,-5.869156],[-35.438684,-5.869185],[-35.440104,-5.871433],[-35.44104,-5.870894],[-35.442771,-5.870887],[-35.443285,-5.869845],[-35.443105,-5.868113],[-35.444661,-5.867932],[-35.445875,-5.868447],[-35.446571,-5.86931],[-35.446575,-5.87035],[-35.448141,-5.872077],[-35.450737,-5.872065],[-35.45282,-5.873442],[-35.453685,-5.873439],[-35.454202,-5.872916],[-35.454534,-5.869796],[-35.458515,-5.869951],[-35.462505,-5.872013],[-35.465338,-5.874503],[-35.466576,-5.876957],[-35.469908,-5.876942],[-35.472185,-5.876229],[-35.473257,-5.877165],[-35.473783,-5.878549],[-35.474142,-5.881666],[-35.476051,-5.882698],[-35.476749,-5.884254],[-35.478659,-5.88546],[-35.484545,-5.885607],[-35.4875,-5.88854],[-35.489751,-5.888876],[-35.492005,-5.889733],[-35.494444,-5.893361],[-35.494595,-5.89489],[-35.492502,-5.898447],[-35.492123,-5.899981],[-35.490383,-5.899906],[-35.492363,-5.902002],[-35.492782,-5.905074],[-35.4939,-5.906903],[-35.496907,-5.908571],[-35.498185,-5.908902],[-35.499994,-5.908702],[-35.501876,-5.909386],[-35.503071,-5.908455],[-35.504257,-5.908361],[-35.504977,-5.907628],[-35.50595,-5.907393],[-35.508042,-5.90865],[-35.509609,-5.908684],[-35.510689,-5.908104],[-35.511305,-5.908608],[-35.510746,-5.910199],[-35.511491,-5.9111],[-35.515124,-5.910515],[-35.518166,-5.912961],[-35.518661,-5.911802],[-35.518475,-5.908725],[-35.517875,-5.907276],[-35.518863,-5.906006],[-35.518811,-5.905007],[-35.52177,-5.905057],[-35.522688,-5.905592],[-35.523915,-5.905691],[-35.525723,-5.908097],[-35.525246,-5.908481],[-35.523123,-5.908324],[-35.520721,-5.91],[-35.519503,-5.912275],[-35.51983,-5.913353],[-35.521093,-5.913479],[-35.524352,-5.911912],[-35.524995,-5.914078],[-35.52626,-5.914496],[-35.527737,-5.91361],[-35.528983,-5.913457],[-35.529881,-5.9117],[-35.531358,-5.910845],[-35.532327,-5.909347],[-35.533103,-5.909179],[-35.533545,-5.909441],[-35.533547,-5.910015],[-35.532545,-5.91146],[-35.5331,-5.912278],[-35.532509,-5.912763],[-35.53117,-5.912854],[-35.531142,-5.913505],[-35.533282,-5.91489],[-35.533364,-5.917007],[-35.534605,-5.917337],[-35.536149,-5.916383],[-35.537314,-5.913516],[-35.538361,-5.913668],[-35.538771,-5.914116],[-35.538709,-5.914942],[-35.536851,-5.916786],[-35.536691,-5.917668],[-35.537172,-5.917915],[-35.538511,-5.917712],[-35.540167,-5.916298],[-35.541939,-5.916886],[-35.542942,-5.916664],[-35.543139,-5.915772],[-35.541463,-5.913915],[-35.541551,-5.91321],[-35.542265,-5.912661],[-35.546087,-5.911947],[-35.54775,-5.912224],[-35.54906,-5.911445],[-35.549148,-5.910239],[-35.54656,-5.908364],[-35.546,-5.907042],[-35.547839,-5.906403],[-35.548269,-5.905675],[-35.549709,-5.906069],[-35.550352,-5.905741],[-35.550465,-5.904414],[-35.551316,-5.902401],[-35.550666,-5.89935],[-35.551457,-5.897457],[-35.549703,-5.894518],[-35.549116,-5.891364],[-35.547963,-5.889935],[-35.547246,-5.889795],[-35.544116,-5.891783],[-35.544888,-5.894396],[-35.543779,-5.896346],[-35.543663,-5.8986],[-35.54414,-5.899852],[-35.543742,-5.900822],[-35.540954,-5.901783],[-35.539853,-5.903169],[-35.537546,-5.903095],[-35.535422,-5.90477],[-35.534418,-5.904631],[-35.533982,-5.903198],[-35.531962,-5.900743],[-35.531021,-5.898442],[-35.530805,-5.895912],[-35.52968,-5.894993],[-35.529813,-5.894015],[-35.531167,-5.892547],[-35.531006,-5.89178],[-35.529193,-5.89137],[-35.527982,-5.891671],[-35.526364,-5.893684],[-35.525319,-5.89351],[-35.524792,-5.892848],[-35.52451,-5.891113],[-35.524881,-5.888925],[-35.529203,-5.886058],[-35.530125,-5.883479],[-35.532942,-5.88098],[-35.53273,-5.876707],[-35.531444,-5.875607],[-35.531059,-5.87466],[-35.531095,-5.873808],[-35.532052,-5.872098],[-35.531238,-5.87145],[-35.531149,-5.870919],[-35.531733,-5.870052],[-35.531803,-5.867474],[-35.535241,-5.861017],[-35.535725,-5.859417],[-35.535076,-5.858885],[-35.533892,-5.859132],[-35.530001,-5.862765],[-35.529111,-5.864838],[-35.528619,-5.868621],[-35.527802,-5.868972],[-35.527336,-5.869979],[-35.525115,-5.870342],[-35.524246,-5.869851],[-35.523755,-5.868836],[-35.524003,-5.867511],[-35.525926,-5.86605],[-35.526584,-5.862729],[-35.527891,-5.8619],[-35.528459,-5.860889],[-35.527878,-5.860255],[-35.526723,-5.860042],[-35.524353,-5.860141],[-35.521998,-5.860818],[-35.521476,-5.860477],[-35.521448,-5.856233],[-35.522159,-5.855313],[-35.523343,-5.854893],[-35.522922,-5.853905],[-35.523509,-5.852599],[-35.52323,-5.851402],[-35.525807,-5.848962],[-35.526803,-5.843945],[-35.526142,-5.843414],[-35.523312,-5.84486],[-35.522249,-5.84461],[-35.521455,-5.843759],[-35.521374,-5.842461],[-35.522154,-5.841302],[-35.522309,-5.839416],[-35.523101,-5.838136],[-35.522765,-5.836933],[-35.521706,-5.83703],[-35.520284,-5.839334],[-35.519366,-5.839131],[-35.516804,-5.833421],[-35.515715,-5.833325],[-35.515898,-5.836135],[-35.514315,-5.837688],[-35.514074,-5.839357],[-35.514946,-5.841541],[-35.515168,-5.844339],[-35.516379,-5.845328],[-35.516834,-5.846778],[-35.517458,-5.847293],[-35.517717,-5.848782],[-35.518995,-5.850485],[-35.519135,-5.851941],[-35.518748,-5.853123],[-35.517873,-5.853622],[-35.516799,-5.853635],[-35.515426,-5.852924],[-35.514409,-5.851526],[-35.514048,-5.849057],[-35.512946,-5.84822],[-35.512675,-5.847107],[-35.512184,-5.84689],[-35.51128,-5.850499],[-35.51251,-5.852914],[-35.51289,-5.855712],[-35.51351,-5.856011],[-35.51509,-5.855263],[-35.51573,-5.856135],[-35.516899,-5.856288],[-35.517189,-5.856763],[-35.516607,-5.857467],[-35.516376,-5.859276],[-35.51459,-5.858895],[-35.51252,-5.861609],[-35.510903,-5.861049],[-35.510421,-5.863078],[-35.50963,-5.861898],[-35.509469,-5.860124],[-35.511205,-5.856798],[-35.510298,-5.853878],[-35.509524,-5.852699],[-35.507035,-5.852188],[-35.5048,-5.855803],[-35.503576,-5.856568],[-35.502692,-5.856538],[-35.501752,-5.855226],[-35.500744,-5.850589],[-35.498913,-5.849873],[-35.497892,-5.847529],[-35.49712,-5.847384],[-35.496228,-5.847963],[-35.495794,-5.849965],[-35.494732,-5.847336],[-35.493742,-5.846516],[-35.491741,-5.846684],[-35.490656,-5.847215],[-35.489426,-5.849579],[-35.488895,-5.852064],[-35.488106,-5.852295],[-35.487736,-5.846153],[-35.486922,-5.84366],[-35.486076,-5.842815],[-35.484075,-5.842767],[-35.482628,-5.843361],[-35.481711,-5.844374],[-35.480626,-5.847196],[-35.479396,-5.847582],[-35.477249,-5.847847],[-35.475922,-5.846834],[-35.473269,-5.842806],[-35.469528,-5.841696],[-35.466633,-5.843795],[-35.459734,-5.847799],[-35.458166,-5.847799],[-35.456598,-5.84681],[-35.455971,-5.845749],[-35.456161,-5.843683],[-35.458839,-5.842333],[-35.461468,-5.84185],[-35.463423,-5.840885],[-35.468319,-5.83992],[-35.471502,-5.837847],[-35.472637,-5.836037],[-35.472381,-5.82977],[-35.470884,-5.827744],[-35.469799,-5.826948],[-35.468305,-5.826755],[-35.467243,-5.828709],[-35.466664,-5.828854],[-35.464469,-5.827744],[-35.463987,-5.827841],[-35.46295,-5.829626],[-35.462081,-5.829843],[-35.46143,-5.828588],[-35.460972,-5.826249],[-35.459729,-5.824753],[-35.458081,-5.826337],[-35.459627,-5.829365]]]}},{"type":"Feature","id":208,"properties":{"sigla":"ENb","unidade":"Barreiras","era":"Cenozóico","periodo":"Paleogeno","litotipo_principal":"Arenito conglomerático, Argilito arenoso","litotipo_secundario":"Arenito, Argilito, Conglomerado, Siltito","grupo":"Grupo Barreiras","fonte":"Folhas João Câmara, Lajes, Natal, Santa Cruz, São José do MIpibu, São José do Campestre - GEOSBG/CPRM (2014)"},"geometry":{"type":"Polygon","coordinates":[[[-35.560393,-5.837355],[-35.562141,-5.837822],[-35.562832,-5.837147],[-35.565554,-5.837551],[-35.56625,-5.836981],[-35.566731,-5.835553],[-35.565592,-5.834355],[-35.564871,-5.832663],[-35.560731,-5.833595],[-35.559602,-5.834525],[-35.559418,-5.83515],[-35.560393,-5.837355]]]}},{"type":"Feature","id":209,"properties":{"sigla":"NP3_gamma_2it","unidade":"Itaporanga","era":"Neoproterozóico","periodo":"Ediacarano","litotipo_principal":"Biotita granito porfirítico","litotipo_secundario":"Diorito, Granito, Granodiorito, Monzonito","grupo":"Suíte Intrusiva Itaporanga","fonte":"Folhas João Câmara, Lajes, Natal, Santa Cruz, São José do MIpibu, São José do Campestre - GEOSBG/CPRM (2014)"},"geometry":{"type":"Polygon","coordinates":[[[-35.886031,-5.890861],[-35.885387,-5.867744],[-35.884033,-5.859606],[-35.8819,-5.852786],[-35.878979,-5.84597],[-35.874489,-5.840212],[-35.864478,-5.832119],[-35.865939,-5.845178],[-35.869207,-5.856935],[-35.876911,-5.877655],[-35.88735,-5.899301],[-35.886031,-5.890861]]]}},{"type":"Feature","id":210,"properties":{"sigla":"A23j","unidade":"Presidente Juscelino","era":"Paleoarqueano","litotipo_secundario":"Migmatito estromático, Metagabronorito, Metatonalito, Metatrondhjemito","grupo":"Complexo Presidente Juscelino","fonte":"Folhas João Câmara, Lajes, Natal, Santa Cruz, São José do MIpibu, São José do Campestre - GEOSBG/CPRM (2014)"},"geometry":{"type":"Polygon","coordinates":[[[-35.715902,-5.827896],[-35.710787,-5.831075],[-35.706173,-5.830161],[-35.704063,-5.830231],[-35.701543,-5.831362],[-35.700514,-5.832621],[-35.700003,-5.834462],[-35.700229,-5.837389],[-35.702675,-5.842446],[-35.703143,-5.845559],[-35.70187,-5.853326],[-35.700417,-5.855981],[-35.699054,-5.857542],[-35.69674,-5.858454],[-35.694341,-5.858645],[-35.692286,-5.858121],[-35.689439,-5.856738],[-35.689035,-5.856291],[-35.689122,-5.853874],[-35.6884,-5.851434],[-35.686712,-5.850143],[-35.683112,-5.85118],[-35.680022,-5.854206],[-35.678278,-5.857088],[-35.676053,-5.862578],[-35.674038,-5.872972],[-35.671717,-5.880087],[-35.673644,-5.879617],[-35.678014,-5.880607],[-35.679947,-5.879444],[-35.681833,-5.880505],[-35.682704,-5.880563],[-35.683108,-5.879619],[-35.682115,-5.877279],[-35.682516,-5.876748],[-35.684111,-5.876283],[-35.68426,-5.875883],[-35.682275,-5.87441],[-35.682536,-5.873869],[-35.684025,-5.874093],[-35.686342,-5.875377],[-35.68808,-5.875811],[-35.689502,-5.875699],[-35.690879,-5.875029],[-35.692074,-5.876546],[-35.693002,-5.8771],[-35.693869,-5.876638],[-35.695519,-5.873302],[-35.696193,-5.872679],[-35.699126,-5.872497],[-35.699607,-5.871668],[-35.700358,-5.871517],[-35.703017,-5.873403],[-35.705775,-5.873637],[-35.70614,-5.873291],[-35.70597,-5.872406],[-35.704297,-5.870928],[-35.706466,-5.870085],[-35.707088,-5.870457],[-35.707604,-5.871864],[-35.708851,-5.86648],[-35.7135,-5.853493],[-35.713839,-5.847911],[-35.714485,-5.844778],[-35.717582,-5.838622],[-35.720209,-5.834937],[-35.722726,-5.833179],[-35.725235,-5.83333],[-35.724102,-5.829672],[-35.722407,-5.828284],[-35.71973,-5.827517],[-35.715902,-5.827896]]]}},{"type":"Feature","id":211,"properties":{"sigla":"A34sc3","unidade":"Serra Caiada, formação ferrífera","era":"Mesoarqueano","litotipo_principal":"Formação ferrífera bandada","litotipo_secundario":"Anfibolito, Mármore, Rocha calcissilicática, Metabasito, Metaultramafito, Quartzito micáceo","grupo":"Complexo Serra Caiada","fonte":"Folhas João Câmara, Lajes, Natal, Santa Cruz, São José do MIpibu, São José do Campestre - GEOSBG/CPRM (2014)"},"geometry":{"type":"Polygon","coordinates":[[[-35.801418,-5.843512],[-35.802742,-5.842298],[-35.804066,-5.840091],[-35.807046,-5.834022],[-35.808811,-5.828394],[-35.80848,-5.826077],[-35.807046,-5.825966],[-35.806384,-5.826518],[-35.80539,-5.828504],[-35.804949,-5.834132],[-35.803846,-5.837001],[-35.801528,-5.841415],[-35.800756,-5.842187],[-35.800977,-5.843291],[-35.801418,-5.843512]]]}},{"type":"Feature","id":212,"properties":{"sigla":"NP3_gamma_2it","unidade":"Itaporanga","era":"Neoproterozóico","periodo":"Ediacarano","litotipo_principal":"Biotita granito porfirítico","litotipo_secundario":"Diorito, Granito, Granodiorito, Monzonito","grupo":"Suíte Intrusiva Itaporanga","fonte":"Folhas João Câmara, Lajes, Natal, Santa Cruz, São José do MIpibu, São José do Campestre - GEOSBG/CPRM (2014)"},"geometry":{"type":"Polygon","coordinates":[[[-35.608133,-5.825693],[-35.604744,-5.828344],[-35.602781,-5.831127],[-35.599143,-5.839122],[-35.595868,-5.842433],[-35.595445,-5.844924],[-35.596712,-5.846632],[-35.59808,-5.846853],[-35.599321,-5.846284],[-35.601656,-5.842477],[-35.604306,-5.839684],[-35.605606,-5.836393],[-35.608915,-5.834077],[-35.611434,-5.830281],[-35.611822,-5.828429],[-35.61087,-5.825931],[-35.608133,-5.825693]]]}},{"type":"Feature","id":213,"properties":{"sigla":"NP3_gamma_3di","unidade":"Dona Inês","era":"Neoproterozóico","periodo":"Ediacarano","litotipo_secundario":"Sienogranito, Monzogranito, Leucogranito, Biotita leucogranito","grupo":"Suíte Intrusiva Dona Inês","fonte":"Folhas João Câmara, Lajes, Natal, Santa Cruz, São José do MIpibu, São José do Campestre - GEOSBG/CPRM (2014)"},"geometry":{"type":"Polygon","coordinates":[[[-35.518141,-5.822866],[-35.515418,-5.824497],[-35.507953,-5.82712],[-35.506115,-5.828353],[-35.505713,-5.829289],[-35.506804,-5.829384],[-35.509226,-5.828193],[-35.519528,-5.825279],[-35.522413,-5.824865],[-35.522309,-5.824004],[-35.521773,-5.823619],[-35.518141,-5.822866]]]}},{"type":"Feature","id":214,"properties":{"sigla":"NP3_gamma_3di","unidade":"Dona Inês","era":"Neoproterozóico","periodo":"Ediacarano","litotipo_secundario":"Sienogranito, Monzogranito, Leucogranito, Biotita leucogranito","grupo":"Suíte Intrusiva Dona Inês","fonte":"Folhas João Câmara, Lajes, Natal, Santa Cruz, São José do MIpibu, São José do Campestre - GEOSBG/CPRM (2014)"},"geometry":{"type":"Polygon","coordinates":[[[-35.922186,-5.83011],[-35.923003,-5.834586],[-35.924088,-5.837845],[-35.926709,-5.844757],[-35.927659,-5.845161],[-35.928192,-5.844339],[-35.928172,-5.842055],[-35.926153,-5.835339],[-35.923773,-5.830556],[-35.923764,-5.829937],[-35.924453,-5.829801],[-35.924444,-5.829333],[-35.923184,-5.828034],[-35.9225,-5.825631],[-35.921084,-5.822958],[-35.920402,-5.822141],[-35.919717,-5.822122],[-35.919086,-5.822736],[-35.922186,-5.83011]]]}},{"type":"Feature","id":215,"properties":{"sigla":"NP3_gamma_3di","unidade":"Dona Inês","era":"Neoproterozóico","periodo":"Ediacarano","litotipo_secundario":"Sienogranito, Monzogranito, Leucogranito, Biotita leucogranito","grupo":"Suíte Intrusiva Dona Inês","fonte":"Folhas João Câmara, Lajes, Natal, Santa Cruz, São José do MIpibu, São José do Campestre - GEOSBG/CPRM (2014)"},"geometry":{"type":"Polygon","coordinates":[[[-35.52505,-5.820491],[-35.526913,-5.822831],[-35.530594,-5.820755],[-35.531417,-5.819411],[-35.530014,-5.81897],[-35.527849,-5.8192],[-35.525867,-5.819699],[-35.52505,-5.820491]]]}},{"type":"Feature","id":216,"properties":{"sigla":"Q2a","unidade":"Depósitos aluvionares","era":"Cenozóico","periodo":"Neogeno","litotipo_principal":"Areia, Areia arcoseana","grupo":"Depósitos aluvionares","fonte":"Folhas João Câmara, Lajes, Natal, Santa Cruz, São José do MIpibu, São José do Campestre - GEOSBG/CPRM (2014)"},"geometry":{"type":"Polygon","coordinates":[[[-35.403046,-5.787897],[-35.401992,-5.787402],[-35.400492,-5.787731],[-35.398464,-5.788904],[-35.396786,-5.788132],[-35.387823,-5.790774],[-35.386912,-5.789498],[-35.386246,-5.789565],[-35.38581,-5.790136],[-35.386246,-5.791714],[-35.386044,-5.792217],[-35.384064,-5.794097],[-35.382436,-5.796883],[-35.379344,-5.796616],[-35.376898,-5.797991],[-35.373608,-5.798729],[-35.371175,-5.798148],[-35.369731,-5.799625],[-35.368792,-5.800028],[-35.366907,-5.798685],[-35.366789,-5.794992],[-35.367226,-5.792341],[-35.368401,-5.790169],[-35.367768,-5.789935],[-35.36525,-5.793157],[-35.362716,-5.794422],[-35.361239,-5.798148],[-35.359493,-5.798283],[-35.354164,-5.802122],[-35.351708,-5.802639],[-35.349316,-5.802575],[-35.344726,-5.801217],[-35.338801,-5.797681],[-35.336734,-5.797141],[-35.334476,-5.795588],[-35.332198,-5.794839],[-35.329243,-5.794992],[-35.32812,-5.795612],[-35.327577,-5.793711],[-35.32867,-5.789477],[-35.327909,-5.787954],[-35.326995,-5.787574],[-35.323112,-5.789477],[-35.319686,-5.789553],[-35.314318,-5.790695],[-35.312187,-5.791228],[-35.30975,-5.792599],[-35.30503,-5.792751],[-35.303787,-5.79478],[-35.298451,-5.798409],[-35.296379,-5.802602],[-35.296511,-5.805557],[-35.297445,-5.808706],[-35.297946,-5.81363],[-35.298709,-5.814048],[-35.302917,-5.814181],[-35.303279,-5.814642],[-35.303321,-5.818557],[-35.301972,-5.820228],[-35.300503,-5.820508],[-35.297599,-5.820263],[-35.295745,-5.824636],[-35.294355,-5.825279],[-35.291045,-5.825793],[-35.290708,-5.826363],[-35.291586,-5.827705],[-35.293585,-5.828999],[-35.293165,-5.829631],[-35.29348,-5.830538],[-35.295039,-5.83157],[-35.295587,-5.832877],[-35.296767,-5.833467],[-35.298917,-5.831107],[-35.299044,-5.829589],[-35.299634,-5.829505],[-35.300519,-5.830137],[-35.301868,-5.829821],[-35.301981,-5.82809],[-35.304102,-5.824805],[-35.307495,-5.823104],[-35.309056,-5.823157],[-35.309913,-5.822604],[-35.310078,-5.820891],[-35.30925,-5.819759],[-35.308984,-5.818351],[-35.313473,-5.819939],[-35.31444,-5.819352],[-35.312437,-5.815692],[-35.312782,-5.814587],[-35.31368,-5.813931],[-35.316305,-5.814207],[-35.318377,-5.816728],[-35.319862,-5.817418],[-35.320155,-5.816451],[-35.322503,-5.816279],[-35.326785,-5.818005],[-35.328391,-5.818213],[-35.328909,-5.816175],[-35.331706,-5.815933],[-35.334469,-5.816935],[-35.335677,-5.816589],[-35.33958,-5.816831],[-35.341375,-5.817695],[-35.344328,-5.817695],[-35.348662,-5.819525],[-35.349905,-5.819283],[-35.351545,-5.819767],[-35.353652,-5.819732],[-35.354964,-5.819387],[-35.356069,-5.817522],[-35.356932,-5.816969],[-35.358141,-5.81728],[-35.358417,-5.818627],[-35.359263,-5.819145],[-35.360472,-5.816831],[-35.36206,-5.816348],[-35.362492,-5.816451],[-35.362699,-5.817487],[-35.36339,-5.817729],[-35.364357,-5.817487],[-35.364978,-5.816244],[-35.365531,-5.817349],[-35.366304,-5.816628],[-35.369347,-5.817073],[-35.372606,-5.815463],[-35.374419,-5.816067],[-35.375023,-5.815377],[-35.376232,-5.815031],[-35.37722,-5.813205],[-35.379224,-5.813149],[-35.379224,-5.812596],[-35.378419,-5.812269],[-35.378595,-5.808977],[-35.379374,-5.808399],[-35.380932,-5.808098],[-35.38249,-5.808399],[-35.383144,-5.809078],[-35.38337,-5.811264],[-35.384777,-5.812018],[-35.384576,-5.81434],[-35.386385,-5.814149],[-35.387315,-5.815448],[-35.389564,-5.815523],[-35.390092,-5.816177],[-35.390318,-5.818277],[-35.392667,-5.819217],[-35.395733,-5.818061],[-35.397392,-5.820021],[-35.400815,-5.820332],[-35.403181,-5.822811],[-35.406975,-5.824142],[-35.407478,-5.823866],[-35.407402,-5.823338],[-35.406246,-5.822886],[-35.405715,-5.821486],[-35.404573,-5.820648],[-35.402502,-5.819971],[-35.400241,-5.817157],[-35.400918,-5.816537],[-35.403811,-5.816309],[-35.404914,-5.812312],[-35.405543,-5.811709],[-35.406812,-5.812136],[-35.40754,-5.81294],[-35.408093,-5.816383],[-35.411044,-5.817146],[-35.412114,-5.818117],[-35.412262,-5.816842],[-35.40975,-5.815167],[-35.409086,-5.814272],[-35.409293,-5.81235],[-35.409978,-5.811834],[-35.417014,-5.812161],[-35.422115,-5.813845],[-35.428171,-5.814257],[-35.43233,-5.817228],[-35.434563,-5.817255],[-35.435851,-5.816125],[-35.436997,-5.816282],[-35.439944,-5.820309],[-35.44027,-5.819343],[-35.440107,-5.817946],[-35.441206,-5.813329],[-35.445698,-5.812167],[-35.448023,-5.812041],[-35.450284,-5.810439],[-35.451504,-5.810908],[-35.451926,-5.811883],[-35.451472,-5.814124],[-35.45014,-5.816641],[-35.449687,-5.818493],[-35.449876,-5.819561],[-35.451352,-5.821194],[-35.453739,-5.821446],[-35.455341,-5.820001],[-35.456849,-5.820064],[-35.461713,-5.817144],[-35.462679,-5.817584],[-35.462727,-5.818609],[-35.463159,-5.818897],[-35.466761,-5.818769],[-35.467749,-5.818179],[-35.46822,-5.818304],[-35.46935,-5.819058],[-35.470324,-5.820597],[-35.471879,-5.820767],[-35.473364,-5.821746],[-35.473867,-5.822751],[-35.474152,-5.825645],[-35.474492,-5.825531],[-35.475809,-5.822399],[-35.476651,-5.821869],[-35.478409,-5.822318],[-35.480018,-5.82432],[-35.481746,-5.824635],[-35.484141,-5.828404],[-35.486045,-5.830053],[-35.486529,-5.831432],[-35.488685,-5.831937],[-35.488972,-5.833752],[-35.489506,-5.834247],[-35.489862,-5.832176],[-35.49044,-5.831313],[-35.492604,-5.830909],[-35.494528,-5.831614],[-35.494856,-5.830577],[-35.497695,-5.828036],[-35.499861,-5.826847],[-35.500975,-5.826911],[-35.502406,-5.827923],[-35.504795,-5.82674],[-35.507483,-5.826785],[-35.513382,-5.823887],[-35.517791,-5.822715],[-35.522215,-5.82387],[-35.522529,-5.826184],[-35.52393,-5.829272],[-35.527817,-5.832027],[-35.528631,-5.834755],[-35.528039,-5.836841],[-35.528218,-5.837995],[-35.529539,-5.836313],[-35.529721,-5.832969],[-35.530683,-5.832327],[-35.534899,-5.834254],[-35.536671,-5.835544],[-35.538017,-5.83743],[-35.538427,-5.839346],[-35.539256,-5.838543],[-35.538326,-5.836578],[-35.538253,-5.834787],[-35.535345,-5.832451],[-35.535164,-5.831853],[-35.535487,-5.831387],[-35.539667,-5.832678],[-35.544773,-5.835982],[-35.545144,-5.835805],[-35.545199,-5.834851],[-35.544402,-5.833517],[-35.543606,-5.830111],[-35.544106,-5.829915],[-35.547542,-5.830686],[-35.54888,-5.831483],[-35.55004,-5.834006],[-35.553583,-5.837283],[-35.554917,-5.836741],[-35.555424,-5.836099],[-35.555341,-5.834126],[-35.554499,-5.832756],[-35.554742,-5.832168],[-35.557575,-5.831099],[-35.558979,-5.830993],[-35.558489,-5.830037],[-35.557724,-5.82953],[-35.555417,-5.829856],[-35.553785,-5.830979],[-35.552984,-5.830831],[-35.550971,-5.827807],[-35.548755,-5.825897],[-35.547351,-5.825714],[-35.547229,-5.825192],[-35.548011,-5.824705],[-35.546503,-5.824142],[-35.545628,-5.824483],[-35.542956,-5.827462],[-35.540555,-5.827899],[-35.537769,-5.828971],[-35.534003,-5.829127],[-35.529048,-5.827719],[-35.527892,-5.82717],[-35.527128,-5.826203],[-35.527082,-5.82318],[-35.525893,-5.82143],[-35.524216,-5.819611],[-35.521688,-5.818741],[-35.519701,-5.819605],[-35.5138,-5.820476],[-35.507146,-5.823516],[-35.505856,-5.823474],[-35.505553,-5.822635],[-35.504722,-5.822725],[-35.497652,-5.825821],[-35.496267,-5.826773],[-35.491767,-5.8281],[-35.487729,-5.825936],[-35.484475,-5.822593],[-35.483218,-5.820496],[-35.479528,-5.820321],[-35.476975,-5.81814],[-35.474227,-5.818376],[-35.47216,-5.816313],[-35.467805,-5.813715],[-35.466865,-5.813806],[-35.465726,-5.814905],[-35.460532,-5.815525],[-35.456573,-5.817276],[-35.453614,-5.816947],[-35.453427,-5.816046],[-35.453967,-5.815023],[-35.454949,-5.814434],[-35.456598,-5.814434],[-35.456943,-5.813926],[-35.457187,-5.811607],[-35.457874,-5.810007],[-35.460936,-5.807416],[-35.465687,-5.80502],[-35.466787,-5.801487],[-35.469425,-5.798585],[-35.46981,-5.797164],[-35.471427,-5.796314],[-35.472378,-5.795155],[-35.475227,-5.793932],[-35.475419,-5.793484],[-35.474956,-5.793002],[-35.471155,-5.79284],[-35.470463,-5.793741],[-35.469015,-5.794043],[-35.468176,-5.793472],[-35.467203,-5.791727],[-35.464774,-5.791066],[-35.46427,-5.791536],[-35.464472,-5.793248],[-35.465797,-5.795184],[-35.464992,-5.799615],[-35.462347,-5.802979],[-35.461396,-5.803574],[-35.460813,-5.804563],[-35.458007,-5.804532],[-35.457104,-5.806577],[-35.452472,-5.809443],[-35.450223,-5.808839],[-35.448439,-5.80998],[-35.448439,-5.808201],[-35.446459,-5.807563],[-35.444478,-5.807899],[-35.443069,-5.807464],[-35.440177,-5.808162],[-35.437854,-5.807899],[-35.435466,-5.808973],[-35.429827,-5.808201],[-35.428081,-5.808302],[-35.425302,-5.80723],[-35.422509,-5.807161],[-35.421435,-5.805784],[-35.418784,-5.805234],[-35.417575,-5.804529],[-35.415007,-5.801025],[-35.412288,-5.799649],[-35.410174,-5.796728],[-35.409603,-5.794478],[-35.410061,-5.793133],[-35.410598,-5.792563],[-35.412713,-5.792428],[-35.413115,-5.791992],[-35.414055,-5.79216],[-35.414626,-5.791589],[-35.413753,-5.790347],[-35.414156,-5.789609],[-35.413887,-5.788938],[-35.408445,-5.788904],[-35.407455,-5.787931],[-35.405911,-5.787998],[-35.404837,-5.787394],[-35.403046,-5.787897]]]}},{"type":"Feature","id":217,"properties":{"sigla":"C_cortado_gamma_q","unidade":"Dique de quartzo","era":"Paleozóico","periodo":"Cambriano","litotipo_principal":"Pegmatito","grupo":"Dique de quartzo","fonte":"Folhas João Câmara, Lajes, Natal, Santa Cruz, São José do MIpibu, São José do Campestre - GEOSBG/CPRM (2014)"},"geometry":{"type":"Polygon","coordinates":[[[-35.581796,-5.823247],[-35.582486,-5.822988],[-35.584757,-5.820156],[-35.585397,-5.818604],[-35.585205,-5.817732],[-35.583891,-5.818023],[-35.581174,-5.822341],[-35.580985,-5.822947],[-35.581796,-5.823247]]]}},{"type":"Feature","id":218,"properties":{"sigla":"NP3_gamma_3di","unidade":"Dona Inês","era":"Neoproterozóico","periodo":"Ediacarano","litotipo_secundario":"Sienogranito, Monzogranito, Leucogranito, Biotita leucogranito","grupo":"Suíte Intrusiva Dona Inês","fonte":"Folhas João Câmara, Lajes, Natal, Santa Cruz, São José do MIpibu, São José do Campestre - GEOSBG/CPRM (2014)"},"geometry":{"type":"Polygon","coordinates":[[[-35.868707,-5.818637],[-35.869281,-5.818829],[-35.870007,-5.821975],[-35.870953,-5.822947],[-35.87152,-5.821392],[-35.871211,-5.819079],[-35.870058,-5.816628],[-35.868666,-5.81545],[-35.868285,-5.816005],[-35.868707,-5.818637]]]}},{"type":"Feature","id":219,"properties":{"sigla":"NP3_gamma_3di","unidade":"Dona Inês","era":"Neoproterozóico","periodo":"Ediacarano","litotipo_secundario":"Sienogranito, Monzogranito, Leucogranito, Biotita leucogranito","grupo":"Suíte Intrusiva Dona Inês","fonte":"Folhas João Câmara, Lajes, Natal, Santa Cruz, São José do MIpibu, São José do Campestre - GEOSBG/CPRM (2014)"},"geometry":{"type":"Polygon","coordinates":[[[-35.841314,-5.820678],[-35.84158,-5.81944],[-35.840599,-5.817192],[-35.841109,-5.816781],[-35.840995,-5.815862],[-35.840222,-5.814013],[-35.839417,-5.81366],[-35.838891,-5.814424],[-35.839391,-5.818782],[-35.84014,-5.820245],[-35.841314,-5.820678]]]}},{"type":"Feature","id":220,"properties":{"sigla":"NP3_gamma_3di","unidade":"Dona Inês","era":"Neoproterozóico","periodo":"Ediacarano","litotipo_secundario":"Sienogranito, Monzogranito, Leucogranito, Biotita leucogranito","grupo":"Suíte Intrusiva Dona Inês","fonte":"Folhas João Câmara, Lajes, Natal, Santa Cruz, São José do MIpibu, São José do Campestre - GEOSBG/CPRM (2014)"},"geometry":{"type":"Polygon","coordinates":[[[-35.907715,-5.814315],[-35.912372,-5.827766],[-35.913394,-5.835745],[-35.914559,-5.837226],[-35.915924,-5.837744],[-35.917464,-5.839009],[-35.918327,-5.839042],[-35.918888,-5.837938],[-35.918372,-5.834762],[-35.913762,-5.824263],[-35.913953,-5.822839],[-35.915405,-5.82231],[-35.914256,-5.818268],[-35.913697,-5.818154],[-35.912161,-5.81953],[-35.911219,-5.819325],[-35.910192,-5.818125],[-35.908824,-5.814322],[-35.907845,-5.813558],[-35.907715,-5.814315]]]}},{"type":"Feature","id":221,"properties":{"sigla":"A4_gamma_jc","unidade":"Granitóide São José do Campestre","era":"Neoarqueano","litotipo_principal":"Metamonzogranito, Metassienogranito","grupo":"Granitóide São José do Campestre","fonte":"Folhas João Câmara, Lajes, Natal, Santa Cruz, São José do MIpibu, São José do Campestre - GEOSBG/CPRM (2014)"},"geometry":{"type":"Polygon","coordinates":[[[-35.692381,-5.819668],[-35.688014,-5.829289],[-35.68698,-5.834026],[-35.686872,-5.840388],[-35.688517,-5.843285],[-35.689728,-5.844057],[-35.691445,-5.844088],[-35.69318,-5.843505],[-35.697368,-5.840152],[-35.699997,-5.834609],[-35.700421,-5.832806],[-35.701472,-5.831411],[-35.704901,-5.830099],[-35.709853,-5.831073],[-35.711271,-5.830932],[-35.713319,-5.829625],[-35.716053,-5.826709],[-35.717271,-5.82595],[-35.71764,-5.824631],[-35.717723,-5.822279],[-35.714595,-5.816368],[-35.713556,-5.81515],[-35.708382,-5.81367],[-35.708096,-5.81273],[-35.706871,-5.81189],[-35.70424,-5.81162],[-35.701538,-5.812034],[-35.698548,-5.813316],[-35.694797,-5.816241],[-35.692381,-5.819668]]]}},{"type":"Feature","id":222,"properties":{"sigla":"A34sc3","unidade":"Serra Caiada, formação ferrífera","era":"Mesoarqueano","litotipo_principal":"Formação ferrífera bandada","litotipo_secundario":"Anfibolito, Mármore, Rocha calcissilicática, Metabasito, Metaultramafito, Quartzito micáceo","grupo":"Complexo Serra Caiada","fonte":"Folhas João Câmara, Lajes, Natal, Santa Cruz, São José do MIpibu, São José do Campestre - GEOSBG/CPRM (2014)"},"geometry":{"type":"Polygon","coordinates":[[[-35.764342,-5.818242],[-35.762466,-5.818242],[-35.761804,-5.818794],[-35.761693,-5.819787],[-35.762576,-5.82067],[-35.76699,-5.82067],[-35.774714,-5.81438],[-35.776038,-5.811732],[-35.774494,-5.811621],[-35.772728,-5.812725],[-35.767652,-5.817359],[-35.764342,-5.818242]]]}},{"type":"Feature","id":223,"properties":{"sigla":"NP3_gamma_3di","unidade":"Dona Inês","era":"Neoproterozóico","periodo":"Ediacarano","litotipo_secundario":"Sienogranito, Monzogranito, Leucogranito, Biotita leucogranito","grupo":"Suíte Intrusiva Dona Inês","fonte":"Folhas João Câmara, Lajes, Natal, Santa Cruz, São José do MIpibu, São José do Campestre - GEOSBG/CPRM (2014)"},"geometry":{"type":"Polygon","coordinates":[[[-35.458939,-5.81349],[-35.466454,-5.814332],[-35.466865,-5.813806],[-35.467805,-5.813715],[-35.470005,-5.814959],[-35.491399,-5.817978],[-35.502863,-5.818106],[-35.51074,-5.816494],[-35.516837,-5.813732],[-35.520667,-5.812986],[-35.521836,-5.811857],[-35.521219,-5.811002],[-35.519842,-5.810923],[-35.508039,-5.814744],[-35.503669,-5.81532],[-35.50082,-5.815103],[-35.499482,-5.814805],[-35.493069,-5.809106],[-35.486598,-5.804514],[-35.483049,-5.802844],[-35.480858,-5.802322],[-35.47877,-5.802322],[-35.473238,-5.803157],[-35.468228,-5.805244],[-35.463427,-5.806706],[-35.461548,-5.807749],[-35.459252,-5.809419],[-35.458,-5.811194],[-35.458104,-5.812446],[-35.458939,-5.81349]]]}},{"type":"Feature","id":224,"properties":{"sigla":"NP3_gamma_3di","unidade":"Dona Inês","era":"Neoproterozóico","periodo":"Ediacarano","litotipo_secundario":"Sienogranito, Monzogranito, Leucogranito, Biotita leucogranito","grupo":"Suíte Intrusiva Dona Inês","fonte":"Folhas João Câmara, Lajes, Natal, Santa Cruz, São José do MIpibu, São José do Campestre - GEOSBG/CPRM (2014)"},"geometry":{"type":"Polygon","coordinates":[[[-35.910719,-5.80801],[-35.911273,-5.815085],[-35.912167,-5.816265],[-35.912627,-5.815404],[-35.912579,-5.812785],[-35.911866,-5.810403],[-35.912145,-5.809408],[-35.911628,-5.809053],[-35.911362,-5.807801],[-35.910719,-5.80801]]]}},{"type":"Feature","id":225,"properties":{"sigla":"A34sc3","unidade":"Serra Caiada, formação ferrífera","era":"Mesoarqueano","litotipo_principal":"Formação ferrífera bandada","litotipo_secundario":"Anfibolito, Mármore, Rocha calcissilicática, Metabasito, Metaultramafito, Quartzito micáceo","grupo":"Complexo Serra Caiada","fonte":"Folhas João Câmara, Lajes, Natal, Santa Cruz, São José do MIpibu, São José do Campestre - GEOSBG/CPRM (2014)"},"geometry":{"type":"Polygon","coordinates":[[[-35.808921,-5.818353],[-35.809694,-5.817801],[-35.811349,-5.813939],[-35.811901,-5.810628],[-35.811901,-5.805221],[-35.811459,-5.805111],[-35.810687,-5.805221],[-35.810135,-5.805883],[-35.810246,-5.810187],[-35.808039,-5.817028],[-35.808259,-5.817911],[-35.808921,-5.818353]]]}},{"type":"Feature","id":226,"properties":{"sigla":"NP3_gamma_3di","unidade":"Dona Inês","era":"Neoproterozóico","periodo":"Ediacarano","litotipo_secundario":"Sienogranito, Monzogranito, Leucogranito, Biotita leucogranito","grupo":"Suíte Intrusiva Dona Inês","fonte":"Folhas João Câmara, Lajes, Natal, Santa Cruz, São José do MIpibu, São José do Campestre - GEOSBG/CPRM (2014)"},"geometry":{"type":"Polygon","coordinates":[[[-35.558781,-5.81112],[-35.567282,-5.808805],[-35.569905,-5.806819],[-35.57059,-5.805953],[-35.570515,-5.805385],[-35.569889,-5.804753],[-35.568839,-5.80487],[-35.560452,-5.809477],[-35.558303,-5.810199],[-35.558128,-5.81069],[-35.558781,-5.81112]]]}},{"type":"Feature","id":227,"properties":{"sigla":"NP3_gamma_3di","unidade":"Dona Inês","era":"Neoproterozóico","periodo":"Ediacarano","litotipo_secundario":"Sienogranito, Monzogranito, Leucogranito, Biotita leucogranito","grupo":"Suíte Intrusiva Dona Inês","fonte":"Folhas João Câmara, Lajes, Natal, Santa Cruz, São José do MIpibu, São José do Campestre - GEOSBG/CPRM (2014)"},"geometry":{"type":"Polygon","coordinates":[[[-35.508658,-5.804462],[-35.508291,-5.805663],[-35.508997,-5.807304],[-35.512932,-5.810487],[-35.521835,-5.810669],[-35.526103,-5.810365],[-35.531896,-5.811565],[-35.533918,-5.811459],[-35.536075,-5.810627],[-35.540031,-5.806802],[-35.537132,-5.806972],[-35.532893,-5.807868],[-35.528387,-5.805337],[-35.526253,-5.80503],[-35.525428,-5.804528],[-35.516924,-5.804145],[-35.508658,-5.804462]]]}},{"type":"Feature","id":228,"properties":{"sigla":"NP3_gamma_3di","unidade":"Dona Inês","era":"Neoproterozóico","periodo":"Ediacarano","litotipo_secundario":"Sienogranito, Monzogranito, Leucogranito, Biotita leucogranito","grupo":"Suíte Intrusiva Dona Inês","fonte":"Folhas João Câmara, Lajes, Natal, Santa Cruz, São José do MIpibu, São José do Campestre - GEOSBG/CPRM (2014)"},"geometry":{"type":"Polygon","coordinates":[[[-35.932842,-5.810467],[-35.9341,-5.81296],[-35.935047,-5.813421],[-35.935702,-5.813086],[-35.936013,-5.811978],[-35.932842,-5.810467]]]}},{"type":"Feature","id":229,"properties":{"sigla":"NP3_gamma_3di","unidade":"Dona Inês","era":"Neoproterozóico","periodo":"Ediacarano","litotipo_secundario":"Sienogranito, Monzogranito, Leucogranito, Biotita leucogranito","grupo":"Suíte Intrusiva Dona Inês","fonte":"Folhas João Câmara, Lajes, Natal, Santa Cruz, São José do MIpibu, São José do Campestre - GEOSBG/CPRM (2014)"},"geometry":{"type":"Polygon","coordinates":[[[-35.865778,-5.802661],[-35.866175,-5.802825],[-35.867972,-5.808804],[-35.868918,-5.809359],[-35.869165,-5.807986],[-35.867876,-5.804221],[-35.867453,-5.801666],[-35.866327,-5.800254],[-35.865771,-5.800633],[-35.865778,-5.802661]]]}},{"type":"Feature","id":230,"properties":{"sigla":"NP3_gamma_3di","unidade":"Dona Inês","era":"Neoproterozóico","periodo":"Ediacarano","litotipo_secundario":"Sienogranito, Monzogranito, Leucogranito, Biotita leucogranito","grupo":"Suíte Intrusiva Dona Inês","fonte":"Folhas João Câmara, Lajes, Natal, Santa Cruz, São José do MIpibu, São José do Campestre - GEOSBG/CPRM (2014)"},"geometry":{"type":"Polygon","coordinates":[[[-35.91064,-5.798938],[-35.910261,-5.804173],[-35.910434,-5.805647],[-35.910921,-5.806146],[-35.911592,-5.805335],[-35.911725,-5.804324],[-35.911256,-5.799249],[-35.91064,-5.798938]]]}},{"type":"Feature","id":231,"properties":{"sigla":"A34sc1","unidade":"Serra Caiada, migmatito","era":"Mesoarqueano","litotipo_secundario":"Anfibolito, Migmatito","grupo":"Complexo Serra Caiada","fonte":"Folhas João Câmara, Lajes, Natal, Santa Cruz, São José do MIpibu, São José do Campestre - GEOSBG/CPRM (2014)"},"geometry":{"type":"Polygon","coordinates":[[[-35.911256,-5.799249],[-35.911183,-5.79872],[-35.91071,-5.798687],[-35.91064,-5.798938],[-35.911256,-5.799249]]]}},{"type":"Feature","id":232,"properties":{"sigla":"A34sc3","unidade":"Serra Caiada, formação ferrífera","era":"Mesoarqueano","litotipo_principal":"Formação ferrífera bandada","litotipo_secundario":"Anfibolito, Mármore, Rocha calcissilicática, Metabasito, Metaultramafito, Quartzito micáceo","grupo":"Complexo Serra Caiada","fonte":"Folhas João Câmara, Lajes, Natal, Santa Cruz, São José do MIpibu, São José do Campestre - GEOSBG/CPRM (2014)"},"geometry":{"type":"Polygon","coordinates":[[[-35.783763,-5.810297],[-35.784866,-5.810187],[-35.78928,-5.803677],[-35.794687,-5.800146],[-35.795239,-5.799152],[-35.795239,-5.798049],[-35.793694,-5.797497],[-35.791487,-5.79838],[-35.785859,-5.802904],[-35.784314,-5.806656],[-35.783542,-5.809635],[-35.783763,-5.810297]]]}},{"type":"Feature","id":233,"properties":{"sigla":"NP3_gamma_3di","unidade":"Dona Inês","era":"Neoproterozóico","periodo":"Ediacarano","litotipo_secundario":"Sienogranito, Monzogranito, Leucogranito, Biotita leucogranito","grupo":"Suíte Intrusiva Dona Inês","fonte":"Folhas João Câmara, Lajes, Natal, Santa Cruz, São José do MIpibu, São José do Campestre - GEOSBG/CPRM (2014)"},"geometry":{"type":"Polygon","coordinates":[[[-35.905963,-5.804769],[-35.906241,-5.804464],[-35.905595,-5.799418],[-35.904734,-5.797465],[-35.903793,-5.797152],[-35.903159,-5.797837],[-35.903374,-5.799649],[-35.90407,-5.800418],[-35.90487,-5.80363],[-35.905963,-5.804769]]]}},{"type":"Feature","id":234,"properties":{"sigla":"NP3_gamma_3di","unidade":"Dona Inês","era":"Neoproterozóico","periodo":"Ediacarano","litotipo_secundario":"Sienogranito, Monzogranito, Leucogranito, Biotita leucogranito","grupo":"Suíte Intrusiva Dona Inês","fonte":"Folhas João Câmara, Lajes, Natal, Santa Cruz, São José do MIpibu, São José do Campestre - GEOSBG/CPRM (2014)"},"geometry":{"type":"Polygon","coordinates":[[[-35.895917,-5.794156],[-35.896905,-5.797249],[-35.896589,-5.798412],[-35.897747,-5.798922],[-35.899021,-5.802572],[-35.899956,-5.803402],[-35.902088,-5.802721],[-35.901701,-5.798277],[-35.900657,-5.795945],[-35.899808,-5.795229],[-35.898266,-5.795625],[-35.896363,-5.793669],[-35.895917,-5.794156]]]}},{"type":"Feature","id":235,"properties":{"sigla":"NP3_gamma_3di","unidade":"Dona Inês","era":"Neoproterozóico","periodo":"Ediacarano","litotipo_secundario":"Sienogranito, Monzogranito, Leucogranito, Biotita leucogranito","grupo":"Suíte Intrusiva Dona Inês","fonte":"Folhas João Câmara, Lajes, Natal, Santa Cruz, São José do MIpibu, São José do Campestre - GEOSBG/CPRM (2014)"},"geometry":{"type":"Polygon","coordinates":[[[-35.55044,-5.802755],[-35.550279,-5.803507],[-35.55089,-5.803858],[-35.553429,-5.802553],[-35.553631,-5.802804],[-35.552757,-5.804281],[-35.548996,-5.808256],[-35.544273,-5.811672],[-35.543083,-5.812902],[-35.543283,-5.813323],[-35.54425,-5.813555],[-35.5467,-5.812517],[-35.547206,-5.81198],[-35.547024,-5.811422],[-35.550491,-5.811956],[-35.553482,-5.811571],[-35.556332,-5.809535],[-35.56051,-5.808554],[-35.563988,-5.806517],[-35.567452,-5.802771],[-35.568665,-5.797846],[-35.569743,-5.795758],[-35.569616,-5.794346],[-35.568129,-5.793031],[-35.566084,-5.793127],[-35.562669,-5.794691],[-35.556182,-5.798702],[-35.557707,-5.796063],[-35.557599,-5.795404],[-35.556939,-5.795393],[-35.553686,-5.798249],[-35.55044,-5.802755]]]}},{"type":"Feature","id":236,"properties":{"sigla":"NP3_gamma_2it","unidade":"Itaporanga","era":"Neoproterozóico","periodo":"Ediacarano","litotipo_principal":"Biotita granito porfirítico","litotipo_secundario":"Diorito, Granito, Granodiorito, Monzonito","grupo":"Suíte Intrusiva Itaporanga","fonte":"Folhas João Câmara, Lajes, Natal, Santa Cruz, São José do MIpibu, São José do Campestre - GEOSBG/CPRM (2014)"},"geometry":{"type":"Polygon","coordinates":[[[-35.998106,-5.815258],[-35.994754,-5.814089],[-35.993857,-5.811469],[-35.992908,-5.810504],[-35.992249,-5.808583],[-35.990219,-5.806601],[-35.990085,-5.804936],[-35.987962,-5.804572],[-35.98589,-5.803532],[-35.985584,-5.802756],[-35.984142,-5.802147],[-35.981495,-5.799009],[-35.979262,-5.797574],[-35.978825,-5.803773],[-35.979671,-5.809447],[-35.981201,-5.81394],[-35.983737,-5.817989],[-35.985556,-5.82362],[-35.986929,-5.825774],[-35.987952,-5.826442],[-35.991812,-5.827497],[-35.993681,-5.827431],[-35.995695,-5.826478],[-35.99672,-5.824506],[-35.997674,-5.820323],[-35.998164,-5.816311],[-35.998106,-5.815258]]]}},{"type":"Feature","id":237,"properties":{"sigla":"NP3_gamma_3di","unidade":"Dona Inês","era":"Neoproterozóico","periodo":"Ediacarano","litotipo_secundario":"Sienogranito, Monzogranito, Leucogranito, Biotita leucogranito","grupo":"Suíte Intrusiva Dona Inês","fonte":"Folhas João Câmara, Lajes, Natal, Santa Cruz, São José do MIpibu, São José do Campestre - GEOSBG/CPRM (2014)"},"geometry":{"type":"Polygon","coordinates":[[[-35.914474,-5.7925],[-35.917651,-5.797791],[-35.91808,-5.797502],[-35.918216,-5.79621],[-35.917513,-5.794612],[-35.915907,-5.792779],[-35.914471,-5.791926],[-35.914474,-5.7925]]]}},{"type":"Feature","id":238,"properties":{"sigla":"NP3_gamma_3di","unidade":"Dona Inês","era":"Neoproterozóico","periodo":"Ediacarano","litotipo_secundario":"Sienogranito, Monzogranito, Leucogranito, Biotita leucogranito","grupo":"Suíte Intrusiva Dona Inês","fonte":"Folhas João Câmara, Lajes, Natal, Santa Cruz, São José do MIpibu, São José do Campestre - GEOSBG/CPRM (2014)"},"geometry":{"type":"Polygon","coordinates":[[[-35.862314,-5.791016],[-35.865066,-5.79717],[-35.866358,-5.797737],[-35.866496,-5.796876],[-35.865917,-5.795588],[-35.863312,-5.790151],[-35.862738,-5.79001],[-35.862314,-5.791016]]]}},{"type":"Feature","id":239,"properties":{"sigla":"A4_gamma_jc","unidade":"Granitóide São José do Campestre","era":"Neoarqueano","litotipo_principal":"Metamonzogranito, Metassienogranito","grupo":"Granitóide São José do Campestre","fonte":"Folhas João Câmara, Lajes, Natal, Santa Cruz, São José do MIpibu, São José do Campestre - GEOSBG/CPRM (2014)"},"geometry":{"type":"Polygon","coordinates":[[[-35.756599,-5.802311],[-35.765081,-5.811054],[-35.767691,-5.81262],[-35.768996,-5.81275],[-35.771149,-5.811967],[-35.772453,-5.810793],[-35.77702,-5.801398],[-35.777086,-5.79794],[-35.776107,-5.795787],[-35.774867,-5.794645],[-35.773824,-5.794254],[-35.771671,-5.79582],[-35.771605,-5.796472],[-35.77017,-5.798429],[-35.768017,-5.80006],[-35.764168,-5.79993],[-35.762993,-5.799343],[-35.760971,-5.796994],[-35.75947,-5.793667],[-35.757839,-5.791579],[-35.756273,-5.790013],[-35.754316,-5.789948],[-35.752489,-5.791611],[-35.752032,-5.793438],[-35.752163,-5.794939],[-35.75399,-5.798919],[-35.756599,-5.802311]]]}},{"type":"Feature","id":240,"properties":{"sigla":"NP3_gamma_3di","unidade":"Dona Inês","era":"Neoproterozóico","periodo":"Ediacarano","litotipo_secundario":"Sienogranito, Monzogranito, Leucogranito, Biotita leucogranito","grupo":"Suíte Intrusiva Dona Inês","fonte":"Folhas João Câmara, Lajes, Natal, Santa Cruz, São José do MIpibu, São José do Campestre - GEOSBG/CPRM (2014)"},"geometry":{"type":"Polygon","coordinates":[[[-35.843863,-5.789639],[-35.845294,-5.79433],[-35.846082,-5.79558],[-35.847181,-5.796357],[-35.847327,-5.79432],[-35.845585,-5.789943],[-35.844953,-5.788693],[-35.844483,-5.788539],[-35.843863,-5.789639]]]}},{"type":"Feature","id":241,"properties":{"sigla":"NP3_gamma_3di","unidade":"Dona Inês","era":"Neoproterozóico","periodo":"Ediacarano","litotipo_secundario":"Sienogranito, Monzogranito, Leucogranito, Biotita leucogranito","grupo":"Suíte Intrusiva Dona Inês","fonte":"Folhas João Câmara, Lajes, Natal, Santa Cruz, São José do MIpibu, São José do Campestre - GEOSBG/CPRM (2014)"},"geometry":{"type":"Polygon","coordinates":[[[-35.890955,-5.786838],[-35.892904,-5.795991],[-35.897995,-5.815271],[-35.898209,-5.819731],[-35.900172,-5.825019],[-35.900835,-5.828504],[-35.901851,-5.829757],[-35.902278,-5.833149],[-35.903824,-5.838237],[-35.903864,-5.830699],[-35.904522,-5.825924],[-35.903522,-5.819703],[-35.900845,-5.813254],[-35.899796,-5.809338],[-35.895282,-5.798816],[-35.89323,-5.78882],[-35.892508,-5.786708],[-35.891679,-5.786182],[-35.890955,-5.786838]]]}},{"type":"Feature","id":242,"properties":{"sigla":"NP3_gamma_3di","unidade":"Dona Inês","era":"Neoproterozóico","periodo":"Ediacarano","litotipo_secundario":"Sienogranito, Monzogranito, Leucogranito, Biotita leucogranito","grupo":"Suíte Intrusiva Dona Inês","fonte":"Folhas João Câmara, Lajes, Natal, Santa Cruz, São José do MIpibu, São José do Campestre - GEOSBG/CPRM (2014)"},"geometry":{"type":"Polygon","coordinates":[[[-35.831687,-5.785133],[-35.833748,-5.796454],[-35.834328,-5.797886],[-35.834903,-5.798313],[-35.835189,-5.798168],[-35.833931,-5.78799],[-35.833116,-5.784695],[-35.832396,-5.783838],[-35.831824,-5.783985],[-35.831687,-5.785133]]]}},{"type":"Feature","id":243,"properties":{"sigla":"A4_gamma_jc","unidade":"Granitóide São José do Campestre","era":"Neoarqueano","litotipo_principal":"Metamonzogranito, Metassienogranito","grupo":"Granitóide São José do Campestre","fonte":"Folhas João Câmara, Lajes, Natal, Santa Cruz, São José do MIpibu, São José do Campestre - GEOSBG/CPRM (2014)"},"geometry":{"type":"Polygon","coordinates":[[[-35.734331,-5.8088],[-35.738113,-5.807818],[-35.740149,-5.806243],[-35.740314,-5.805318],[-35.738565,-5.795644],[-35.73572,-5.788432],[-35.734027,-5.786273],[-35.728385,-5.782829],[-35.725479,-5.783114],[-35.724012,-5.783907],[-35.722266,-5.785691],[-35.721436,-5.787959],[-35.721959,-5.791972],[-35.725288,-5.803545],[-35.730659,-5.807854],[-35.734331,-5.8088]]]}},{"type":"Feature","id":244,"properties":{"sigla":"PP2_gamma_sc1","unidade":"Santa Cruz, ortognaisse trondhjemítico","era":"Paleoproterozóico","periodo":"Riaciano","litotipo_principal":"Ortognaisse","grupo":"Complexo Santa Cruz","fonte":"Folhas João Câmara, Lajes, Natal, Santa Cruz, São José do MIpibu, São José do Campestre - GEOSBG/CPRM (2014)"},"geometry":{"type":"Polygon","coordinates":[[[-35.890588,-5.809572],[-35.896205,-5.833041],[-35.90048,-5.840213],[-35.902629,-5.847768],[-35.907983,-5.858624],[-35.912907,-5.87194],[-35.915325,-5.8815],[-35.917857,-5.88792],[-35.918559,-5.896715],[-35.919962,-5.89791],[-35.921653,-5.898482],[-35.921701,-5.89585],[-35.922415,-5.89532],[-35.922977,-5.895975],[-35.92283,-5.898748],[-35.924389,-5.898523],[-35.925863,-5.897784],[-35.926355,-5.896606],[-35.926183,-5.89453],[-35.924719,-5.889259],[-35.924998,-5.888455],[-35.92671,-5.88884],[-35.927202,-5.888317],[-35.926105,-5.883689],[-35.92377,-5.878841],[-35.919591,-5.872907],[-35.917967,-5.872942],[-35.917063,-5.872311],[-35.91579,-5.868924],[-35.914648,-5.863694],[-35.912977,-5.858524],[-35.910864,-5.849238],[-35.903592,-5.83773],[-35.902278,-5.833149],[-35.901851,-5.829757],[-35.900835,-5.828504],[-35.900172,-5.825019],[-35.898209,-5.819731],[-35.897995,-5.815271],[-35.892904,-5.795991],[-35.890549,-5.785202],[-35.882403,-5.781722],[-35.886079,-5.786047],[-35.889015,-5.791927],[-35.890588,-5.809572]]]}},{"type":"Feature","id":245,"properties":{"sigla":"NP3_gamma_2it","unidade":"Itaporanga","era":"Neoproterozóico","periodo":"Ediacarano","litotipo_principal":"Biotita granito porfirítico","litotipo_secundario":"Diorito, Granito, Granodiorito, Monzonito","grupo":"Suíte Intrusiva Itaporanga","fonte":"Folhas João Câmara, Lajes, Natal, Santa Cruz, São José do MIpibu, São José do Campestre - GEOSBG/CPRM (2014)"},"geometry":{"type":"Polygon","coordinates":[[[-35.893452,-5.821234],[-35.890547,-5.809297],[-35.889015,-5.791927],[-35.886079,-5.786047],[-35.882403,-5.781722],[-35.877429,-5.779127],[-35.873104,-5.777829],[-35.870941,-5.776748],[-35.87332,-5.78064],[-35.874401,-5.784533],[-35.875266,-5.788425],[-35.876564,-5.798373],[-35.879019,-5.805909],[-35.88716,-5.816322],[-35.893452,-5.821234]]]}},{"type":"Feature","id":246,"properties":{"sigla":"NP3_gamma_3di","unidade":"Dona Inês","era":"Neoproterozóico","periodo":"Ediacarano","litotipo_secundario":"Sienogranito, Monzogranito, Leucogranito, Biotita leucogranito","grupo":"Suíte Intrusiva Dona Inês","fonte":"Folhas João Câmara, Lajes, Natal, Santa Cruz, São José do MIpibu, São José do Campestre - GEOSBG/CPRM (2014)"},"geometry":{"type":"Polygon","coordinates":[[[-35.853807,-5.776745],[-35.856025,-5.782373],[-35.857911,-5.784243],[-35.858378,-5.783927],[-35.857895,-5.78111],[-35.856631,-5.77861],[-35.854431,-5.776429],[-35.853807,-5.776745]]]}},{"type":"Feature","id":247,"properties":{"sigla":"A34sc3","unidade":"Serra Caiada, formação ferrífera","era":"Mesoarqueano","litotipo_principal":"Formação ferrífera bandada","litotipo_secundario":"Anfibolito, Mármore, Rocha calcissilicática, Metabasito, Metaultramafito, Quartzito micáceo","grupo":"Complexo Serra Caiada","fonte":"Folhas João Câmara, Lajes, Natal, Santa Cruz, São José do MIpibu, São José do Campestre - GEOSBG/CPRM (2014)"},"geometry":{"type":"Polygon","coordinates":[[[-35.767815,-5.78894],[-35.76984,-5.787808],[-35.771957,-5.784593],[-35.775755,-5.779998],[-35.77761,-5.776623],[-35.777351,-5.775366],[-35.775884,-5.775662],[-35.772287,-5.780725],[-35.77019,-5.782845],[-35.768866,-5.785469],[-35.76717,-5.78762],[-35.767145,-5.788461],[-35.767815,-5.78894]]]}},{"type":"Feature","id":248,"properties":{"sigla":"A4_gamma_jc","unidade":"Granitóide São José do Campestre","era":"Neoarqueano","litotipo_principal":"Metamonzogranito, Metassienogranito","grupo":"Granitóide São José do Campestre","fonte":"Folhas João Câmara, Lajes, Natal, Santa Cruz, São José do MIpibu, São José do Campestre - GEOSBG/CPRM (2014)"},"geometry":{"type":"Polygon","coordinates":[[[-35.631362,-5.849374],[-35.631605,-5.851307],[-35.630045,-5.853468],[-35.628472,-5.858747],[-35.629058,-5.859087],[-35.630093,-5.858769],[-35.632557,-5.854788],[-35.63413,-5.853141],[-35.634986,-5.853164],[-35.636124,-5.854648],[-35.637112,-5.854489],[-35.638431,-5.852775],[-35.639477,-5.852484],[-35.639972,-5.850702],[-35.641622,-5.850839],[-35.644159,-5.848762],[-35.651104,-5.841548],[-35.65408,-5.837067],[-35.654415,-5.834389],[-35.653281,-5.830429],[-35.653269,-5.828547],[-35.653968,-5.826984],[-35.656376,-5.824524],[-35.657142,-5.823135],[-35.657756,-5.82106],[-35.658507,-5.815096],[-35.661841,-5.808839],[-35.662773,-5.80466],[-35.662686,-5.799312],[-35.661151,-5.794168],[-35.660726,-5.790089],[-35.661175,-5.785476],[-35.662956,-5.777455],[-35.661947,-5.774147],[-35.660891,-5.773435],[-35.659486,-5.773228],[-35.658388,-5.773882],[-35.65544,-5.778029],[-35.654318,-5.780995],[-35.653547,-5.786767],[-35.653373,-5.801106],[-35.65228,-5.805971],[-35.649036,-5.81288],[-35.643929,-5.819761],[-35.637935,-5.830509],[-35.633782,-5.839482],[-35.631362,-5.849374]]]}},{"type":"Feature","id":249,"properties":{"sigla":"C_cortado_gamma_q","unidade":"Dique de quartzo","era":"Paleozóico","periodo":"Cambriano","litotipo_principal":"Pegmatito","grupo":"Dique de quartzo","fonte":"Folhas João Câmara, Lajes, Natal, Santa Cruz, São José do MIpibu, São José do Campestre - GEOSBG/CPRM (2014)"},"geometry":{"type":"Polygon","coordinates":[[[-35.61585,-5.781607],[-35.616782,-5.781124],[-35.619902,-5.777152],[-35.620658,-5.7738],[-35.620448,-5.773024],[-35.619771,-5.773058],[-35.618937,-5.773828],[-35.615627,-5.779467],[-35.615237,-5.780936],[-35.61585,-5.781607]]]}},{"type":"Feature","id":250,"properties":{"sigla":"C_cortado_gamma_q","unidade":"Dique de quartzo","era":"Paleozóico","periodo":"Cambriano","litotipo_principal":"Pegmatito","grupo":"Dique de quartzo","fonte":"Folhas João Câmara, Lajes, Natal, Santa Cruz, São José do MIpibu, São José do Campestre - GEOSBG/CPRM (2014)"},"geometry":{"type":"Polygon","coordinates":[[[-35.596002,-5.774865],[-35.597131,-5.774364],[-35.600656,-5.771172],[-35.601326,-5.770311],[-35.601227,-5.769729],[-35.6007,-5.769527],[-35.599763,-5.769967],[-35.596691,-5.772411],[-35.595675,-5.773845],[-35.595644,-5.774641],[-35.596002,-5.774865]]]}},{"type":"Feature","id":251,"properties":{"sigla":"N23c","unidade":"Depósitos colúvio-eluviais","era":"Cenozóico","periodo":"Neogeno","litotipo_secundario":"Areia, Argila, Cascalho","grupo":"Depósitos colúvio-eluviais","fonte":"Folhas João Câmara, Lajes, Natal, Santa Cruz, São José do MIpibu, São José do Campestre - GEOSBG/CPRM (2014)"},"geometry":{"type":"Polygon","coordinates":[[[-35.526617,-5.769241],[-35.526589,-5.777289],[-35.527487,-5.780171],[-35.527237,-5.781989],[-35.525543,-5.783181],[-35.52606,-5.783494],[-35.525662,-5.783996],[-35.519718,-5.7882],[-35.518751,-5.790378],[-35.51905,-5.791543],[-35.51977,-5.792401],[-35.520773,-5.792396],[-35.521679,-5.79182],[-35.522301,-5.792055],[-35.522367,-5.794042],[-35.523008,-5.794399],[-35.524113,-5.792916],[-35.525438,-5.79246],[-35.526299,-5.79049],[-35.526976,-5.790447],[-35.527177,-5.791],[-35.526646,-5.793739],[-35.527238,-5.794692],[-35.529806,-5.794221],[-35.530491,-5.791666],[-35.531171,-5.790745],[-35.534164,-5.789352],[-35.535864,-5.787057],[-35.537345,-5.785874],[-35.54025,-5.785514],[-35.540956,-5.784235],[-35.540753,-5.783669],[-35.539711,-5.783466],[-35.537523,-5.781991],[-35.536565,-5.780548],[-35.536165,-5.772507],[-35.535555,-5.772196],[-35.534539,-5.773079],[-35.533645,-5.773274],[-35.533553,-5.771748],[-35.531597,-5.77117],[-35.530389,-5.769487],[-35.527824,-5.768106],[-35.527198,-5.768337],[-35.526617,-5.769241]]]}},{"type":"Feature","id":252,"properties":{"sigla":"C_cortado_gamma_q","unidade":"Dique de quartzo","era":"Paleozóico","periodo":"Cambriano","litotipo_principal":"Pegmatito","grupo":"Dique de quartzo","fonte":"Folhas João Câmara, Lajes, Natal, Santa Cruz, São José do MIpibu, São José do Campestre - GEOSBG/CPRM (2014)"},"geometry":{"type":"Polygon","coordinates":[[[-35.622608,-5.728928],[-35.624523,-5.728879],[-35.630632,-5.726564],[-35.631654,-5.725785],[-35.631685,-5.725125],[-35.630792,-5.724899],[-35.625227,-5.726838],[-35.622886,-5.728172],[-35.622608,-5.728928]]]}},{"type":"Feature","id":253,"properties":{"sigla":"PP2_gamma_sc1","unidade":"Santa Cruz, ortognaisse trondhjemítico","era":"Paleoproterozóico","periodo":"Riaciano","litotipo_principal":"Ortognaisse","grupo":"Complexo Santa Cruz","fonte":"Folhas João Câmara, Lajes, Natal, Santa Cruz, São José do MIpibu, São José do Campestre - GEOSBG/CPRM (2014)"},"geometry":{"type":"Polygon","coordinates":[[[-35.900452,-5.776432],[-35.897725,-5.771655],[-35.896948,-5.771403],[-35.896962,-5.770452],[-35.893006,-5.767105],[-35.892587,-5.765737],[-35.889382,-5.763194],[-35.889025,-5.761726],[-35.887503,-5.760651],[-35.885102,-5.756828],[-35.88563,-5.755315],[-35.883299,-5.752381],[-35.881906,-5.752187],[-35.880984,-5.750403],[-35.880861,-5.74877],[-35.876566,-5.745408],[-35.877118,-5.744878],[-35.877244,-5.743699],[-35.87464,-5.738955],[-35.871714,-5.736605],[-35.863776,-5.727326],[-35.864964,-5.729351],[-35.868374,-5.733441],[-35.878762,-5.748908],[-35.881935,-5.754404],[-35.892208,-5.768718],[-35.899043,-5.777018],[-35.909545,-5.792843],[-35.910442,-5.793762],[-35.910933,-5.793721],[-35.911185,-5.79236],[-35.909877,-5.789308],[-35.900452,-5.776432]]]}},{"type":"Feature","id":254,"properties":{"sigla":"A34sc3","unidade":"Serra Caiada, formação ferrífera","era":"Mesoarqueano","litotipo_principal":"Formação ferrífera bandada","litotipo_secundario":"Anfibolito, Mármore, Rocha calcissilicática, Metabasito, Metaultramafito, Quartzito micáceo","grupo":"Complexo Serra Caiada","fonte":"Folhas João Câmara, Lajes, Natal, Santa Cruz, São José do MIpibu, São José do Campestre - GEOSBG/CPRM (2014)"},"geometry":{"type":"Polygon","coordinates":[[[-35.846739,-5.728405],[-35.847655,-5.728462],[-35.848013,-5.727278],[-35.846424,-5.72755],[-35.846739,-5.728405]]]}},{"type":"Feature","id":255,"properties":{"sigla":"A34sc3","unidade":"Serra Caiada, formação ferrífera","era":"Mesoarqueano","litotipo_principal":"Formação ferrífera bandada","litotipo_secundario":"Anfibolito, Mármore, Rocha calcissilicática, Metabasito, Metaultramafito, Quartzito micáceo","grupo":"Complexo Serra Caiada","fonte":"Folhas João Câmara, Lajes, Natal, Santa Cruz, São José do MIpibu, São José do Campestre - GEOSBG/CPRM (2014)"},"geometry":{"type":"Polygon","coordinates":[[[-35.781118,-5.757618],[-35.782607,-5.746491],[-35.782563,-5.743162],[-35.782388,-5.742329],[-35.782037,-5.742242],[-35.781424,-5.742286],[-35.780855,-5.743162],[-35.780899,-5.746184],[-35.779891,-5.751704],[-35.779803,-5.754902],[-35.780241,-5.757574],[-35.781118,-5.757618]]]}},{"type":"Feature","id":256,"properties":{"sigla":"A34sc3","unidade":"Serra Caiada, formação ferrífera","era":"Mesoarqueano","litotipo_principal":"Formação ferrífera bandada","litotipo_secundario":"Anfibolito, Mármore, Rocha calcissilicática, Metabasito, Metaultramafito, Quartzito micáceo","grupo":"Complexo Serra Caiada","fonte":"Folhas João Câmara, Lajes, Natal, Santa Cruz, São José do MIpibu, São José do Campestre - GEOSBG/CPRM (2014)"},"geometry":{"type":"Polygon","coordinates":[[[-35.693071,-5.760104],[-35.695047,-5.758345],[-35.696143,-5.755835],[-35.698554,-5.752764],[-35.701017,-5.748341],[-35.7021,-5.744968],[-35.702435,-5.742444],[-35.702048,-5.74159],[-35.701434,-5.741684],[-35.700744,-5.742586],[-35.699242,-5.746248],[-35.696927,-5.749751],[-35.695639,-5.753312],[-35.692751,-5.758931],[-35.693071,-5.760104]]]}},{"type":"Feature","id":257,"properties":{"sigla":"C_cortado_gamma_q","unidade":"Dique de quartzo","era":"Paleozóico","periodo":"Cambriano","litotipo_principal":"Pegmatito","grupo":"Dique de quartzo","fonte":"Folhas João Câmara, Lajes, Natal, Santa Cruz, São José do MIpibu, São José do Campestre - GEOSBG/CPRM (2014)"},"geometry":{"type":"Polygon","coordinates":[[[-35.611397,-5.762773],[-35.605873,-5.766586],[-35.604902,-5.767925],[-35.605043,-5.7686],[-35.606016,-5.768484],[-35.60951,-5.766334],[-35.612275,-5.762973],[-35.611397,-5.762773]]]}},{"type":"Feature","id":258,"properties":{"sigla":"A34sc3","unidade":"Serra Caiada, formação ferrífera","era":"Mesoarqueano","litotipo_principal":"Formação ferrífera bandada","litotipo_secundario":"Anfibolito, Mármore, Rocha calcissilicática, Metabasito, Metaultramafito, Quartzito micáceo","grupo":"Complexo Serra Caiada","fonte":"Folhas João Câmara, Lajes, Natal, Santa Cruz, São José do MIpibu, São José do Campestre - GEOSBG/CPRM (2014)"},"geometry":{"type":"Polygon","coordinates":[[[-35.755183,-5.778518],[-35.755855,-5.778226],[-35.75592,-5.776694],[-35.755092,-5.77359],[-35.753207,-5.77018],[-35.752137,-5.766166],[-35.74793,-5.759941],[-35.747351,-5.75787],[-35.747208,-5.755209],[-35.746084,-5.752668],[-35.745246,-5.751792],[-35.744502,-5.751694],[-35.743868,-5.753325],[-35.744556,-5.758319],[-35.746617,-5.761263],[-35.747016,-5.763582],[-35.748952,-5.766937],[-35.752304,-5.774516],[-35.754192,-5.778077],[-35.755183,-5.778518]]]}},{"type":"Feature","id":259,"properties":{"sigla":"PP2_gamma_sc1","unidade":"Santa Cruz, ortognaisse trondhjemítico","era":"Paleoproterozóico","periodo":"Riaciano","litotipo_principal":"Ortognaisse","grupo":"Complexo Santa Cruz","fonte":"Folhas João Câmara, Lajes, Natal, Santa Cruz, São José do MIpibu, São José do Campestre - GEOSBG/CPRM (2014)"},"geometry":{"type":"Polygon","coordinates":[[[-35.881115,-5.766261],[-35.890216,-5.777555],[-35.891427,-5.778507],[-35.892192,-5.77841],[-35.892232,-5.777018],[-35.891312,-5.77513],[-35.884098,-5.76721],[-35.88385,-5.76674],[-35.884144,-5.766279],[-35.882585,-5.765382],[-35.879016,-5.759326],[-35.873861,-5.752673],[-35.871286,-5.749732],[-35.870874,-5.749705],[-35.870761,-5.750936],[-35.872428,-5.754163],[-35.881115,-5.766261]]]}},{"type":"Feature","id":260,"properties":{"sigla":"NP3_gamma_3di","unidade":"Dona Inês","era":"Neoproterozóico","periodo":"Ediacarano","litotipo_secundario":"Sienogranito, Monzogranito, Leucogranito, Biotita leucogranito","grupo":"Suíte Intrusiva Dona Inês","fonte":"Folhas João Câmara, Lajes, Natal, Santa Cruz, São José do MIpibu, São José do Campestre - GEOSBG/CPRM (2014)"},"geometry":{"type":"Polygon","coordinates":[[[-35.837912,-5.750876],[-35.838749,-5.749808],[-35.838161,-5.746799],[-35.833227,-5.733627],[-35.832361,-5.732197],[-35.831643,-5.731913],[-35.830501,-5.732636],[-35.83022,-5.733642],[-35.830659,-5.735648],[-35.836453,-5.748959],[-35.837912,-5.750876]]]}},{"type":"Feature","id":261,"properties":{"sigla":"NP3_gamma_3di","unidade":"Dona Inês","era":"Neoproterozóico","periodo":"Ediacarano","litotipo_secundario":"Sienogranito, Monzogranito, Leucogranito, Biotita leucogranito","grupo":"Suíte Intrusiva Dona Inês","fonte":"Folhas João Câmara, Lajes, Natal, Santa Cruz, São José do MIpibu, São José do Campestre - GEOSBG/CPRM (2014)"},"geometry":{"type":"Polygon","coordinates":[[[-35.803482,-5.733673],[-35.803029,-5.737277],[-35.803954,-5.740245],[-35.803938,-5.743763],[-35.806892,-5.747728],[-35.808199,-5.748341],[-35.809223,-5.748286],[-35.812697,-5.745765],[-35.813808,-5.744519],[-35.814431,-5.741637],[-35.814099,-5.739739],[-35.813262,-5.738361],[-35.810377,-5.735354],[-35.808623,-5.735928],[-35.8052,-5.734764],[-35.803482,-5.733673]]]}},{"type":"Feature","id":262,"properties":{"sigla":"A34sc3","unidade":"Serra Caiada, formação ferrífera","era":"Mesoarqueano","litotipo_principal":"Formação ferrífera bandada","litotipo_secundario":"Anfibolito, Mármore, Rocha calcissilicática, Metabasito, Metaultramafito, Quartzito micáceo","grupo":"Complexo Serra Caiada","fonte":"Folhas João Câmara, Lajes, Natal, Santa Cruz, São José do MIpibu, São José do Campestre - GEOSBG/CPRM (2014)"},"geometry":{"type":"Polygon","coordinates":[[[-35.730865,-5.752275],[-35.731338,-5.75206],[-35.731353,-5.751279],[-35.729141,-5.74766],[-35.724049,-5.733012],[-35.722351,-5.729904],[-35.721264,-5.729117],[-35.720458,-5.729122],[-35.719625,-5.730002],[-35.719519,-5.73203],[-35.720292,-5.735561],[-35.721901,-5.739689],[-35.725317,-5.743906],[-35.727765,-5.749713],[-35.729335,-5.751696],[-35.730865,-5.752275]]]}},{"type":"Feature","id":263,"properties":{"sigla":"A34sc3","unidade":"Serra Caiada, formação ferrífera","era":"Mesoarqueano","litotipo_principal":"Formação ferrífera bandada","litotipo_secundario":"Anfibolito, Mármore, Rocha calcissilicática, Metabasito, Metaultramafito, Quartzito micáceo","grupo":"Complexo Serra Caiada","fonte":"Folhas João Câmara, Lajes, Natal, Santa Cruz, São José do MIpibu, São José do Campestre - GEOSBG/CPRM (2014)"},"geometry":{"type":"Polygon","coordinates":[[[-35.738569,-5.751772],[-35.739088,-5.750914],[-35.738468,-5.746917],[-35.735885,-5.740626],[-35.733679,-5.737884],[-35.732855,-5.736246],[-35.732759,-5.734601],[-35.730777,-5.728171],[-35.729633,-5.726035],[-35.728433,-5.725857],[-35.727596,-5.726876],[-35.727558,-5.728362],[-35.730996,-5.738302],[-35.7351,-5.744752],[-35.737638,-5.751041],[-35.738569,-5.751772]]]}},{"type":"Feature","id":264,"properties":{"sigla":"A34sc3","unidade":"Serra Caiada, formação ferrífera","era":"Mesoarqueano","litotipo_principal":"Formação ferrífera bandada","litotipo_secundario":"Anfibolito, Mármore, Rocha calcissilicática, Metabasito, Metaultramafito, Quartzito micáceo","grupo":"Complexo Serra Caiada","fonte":"Folhas João Câmara, Lajes, Natal, Santa Cruz, São José do MIpibu, São José do Campestre - GEOSBG/CPRM (2014)"},"geometry":{"type":"Polygon","coordinates":[[[-35.732864,-5.704619],[-35.734074,-5.709882],[-35.735319,-5.712594],[-35.739799,-5.718511],[-35.741209,-5.71884],[-35.74109,-5.715509],[-35.740142,-5.713672],[-35.734782,-5.706436],[-35.733925,-5.704487],[-35.732864,-5.704619]]]}},{"type":"Feature","id":265,"properties":{"sigla":"N23c","unidade":"Depósitos colúvio-eluviais","era":"Cenozóico","periodo":"Neogeno","litotipo_secundario":"Areia, Argila, Cascalho","grupo":"Depósitos colúvio-eluviais","fonte":"Folhas João Câmara, Lajes, Natal, Santa Cruz, São José do MIpibu, São José do Campestre - GEOSBG/CPRM (2014)"},"geometry":{"type":"Polygon","coordinates":[[[-35.500001,-5.730449],[-35.500001,-5.743389],[-35.501759,-5.743023],[-35.502907,-5.741366],[-35.502658,-5.738357],[-35.501654,-5.73563],[-35.501847,-5.734855],[-35.503039,-5.7349],[-35.506915,-5.738623],[-35.50877,-5.736781],[-35.510426,-5.735852],[-35.511375,-5.733727],[-35.513795,-5.730273],[-35.512671,-5.726439],[-35.512906,-5.724852],[-35.513968,-5.724852],[-35.51565,-5.726685],[-35.517253,-5.7266],[-35.518606,-5.728023],[-35.519097,-5.726321],[-35.520172,-5.72626],[-35.521758,-5.727977],[-35.523785,-5.728285],[-35.525937,-5.73046],[-35.526631,-5.730411],[-35.528151,-5.729421],[-35.530276,-5.72997],[-35.530894,-5.729344],[-35.530957,-5.727493],[-35.53235,-5.726469],[-35.532918,-5.723454],[-35.533624,-5.723248],[-35.534641,-5.723839],[-35.535998,-5.72334],[-35.537406,-5.720246],[-35.53721,-5.719403],[-35.5351,-5.718367],[-35.533465,-5.718781],[-35.532912,-5.718523],[-35.531631,-5.720138],[-35.529946,-5.721268],[-35.528502,-5.721391],[-35.528771,-5.722139],[-35.528261,-5.723104],[-35.528266,-5.724187],[-35.52775,-5.724447],[-35.52768,-5.725655],[-35.525742,-5.725299],[-35.521074,-5.721495],[-35.521167,-5.721057],[-35.520445,-5.720553],[-35.519952,-5.72127],[-35.516964,-5.72172],[-35.51764,-5.720337],[-35.517303,-5.718812],[-35.516187,-5.719213],[-35.515249,-5.717896],[-35.514152,-5.717768],[-35.513892,-5.717201],[-35.512412,-5.717345],[-35.511945,-5.717594],[-35.51226,-5.718032],[-35.512026,-5.719899],[-35.510499,-5.720362],[-35.509739,-5.723657],[-35.508349,-5.724285],[-35.506567,-5.727109],[-35.504291,-5.72853],[-35.503069,-5.730106],[-35.502369,-5.73012],[-35.501776,-5.729417],[-35.500944,-5.72962],[-35.500001,-5.730449]]]}},{"type":"Feature","id":266,"properties":{"sigla":"A34sc3","unidade":"Serra Caiada, formação ferrífera","era":"Mesoarqueano","litotipo_principal":"Formação ferrífera bandada","litotipo_secundario":"Anfibolito, Mármore, Rocha calcissilicática, Metabasito, Metaultramafito, Quartzito micáceo","grupo":"Complexo Serra Caiada","fonte":"Folhas João Câmara, Lajes, Natal, Santa Cruz, São José do MIpibu, São José do Campestre - GEOSBG/CPRM (2014)"},"geometry":{"type":"Polygon","coordinates":[[[-35.711228,-5.727377],[-35.716113,-5.71748],[-35.717474,-5.712594],[-35.720515,-5.705952],[-35.722623,-5.699353],[-35.723911,-5.696276],[-35.724311,-5.69492],[-35.724359,-5.694648],[-35.724145,-5.695441],[-35.722949,-5.695548],[-35.72196,-5.694489],[-35.721211,-5.694791],[-35.720629,-5.694193],[-35.72097,-5.693728],[-35.720624,-5.693056],[-35.719943,-5.69307],[-35.719679,-5.691787],[-35.718973,-5.698514],[-35.716117,-5.704448],[-35.715499,-5.708109],[-35.713682,-5.711758],[-35.711918,-5.718984],[-35.709282,-5.725056],[-35.709013,-5.726717],[-35.70928,-5.728777],[-35.71028,-5.728513],[-35.711228,-5.727377]]]}},{"type":"Feature","id":267,"properties":{"sigla":"A34sc3","unidade":"Serra Caiada, formação ferrífera","era":"Mesoarqueano","litotipo_principal":"Formação ferrífera bandada","litotipo_secundario":"Anfibolito, Mármore, Rocha calcissilicática, Metabasito, Metaultramafito, Quartzito micáceo","grupo":"Complexo Serra Caiada","fonte":"Folhas João Câmara, Lajes, Natal, Santa Cruz, São José do MIpibu, São José do Campestre - GEOSBG/CPRM (2014)"},"geometry":{"type":"Polygon","coordinates":[[[-35.793864,-5.7286],[-35.794717,-5.73162],[-35.79559,-5.731911],[-35.795964,-5.729055],[-35.793864,-5.7286]]]}},{"type":"Feature","id":268,"properties":{"sigla":"C_cortado_gamma_q","unidade":"Dique de quartzo","era":"Paleozóico","periodo":"Cambriano","litotipo_principal":"Pegmatito","grupo":"Dique de quartzo","fonte":"Folhas João Câmara, Lajes, Natal, Santa Cruz, São José do MIpibu, São José do Campestre - GEOSBG/CPRM (2014)"},"geometry":{"type":"Polygon","coordinates":[[[-35.660887,-5.727603],[-35.662787,-5.726321],[-35.66633,-5.721087],[-35.665788,-5.72095],[-35.664402,-5.721781],[-35.660939,-5.725833],[-35.660422,-5.726974],[-35.660887,-5.727603]]]}},{"type":"Feature","id":269,"properties":{"sigla":"NP3_gamma_2it","unidade":"Itaporanga","era":"Neoproterozóico","periodo":"Ediacarano","litotipo_principal":"Biotita granito porfirítico","litotipo_secundario":"Diorito, Granito, Granodiorito, Monzonito","grupo":"Suíte Intrusiva Itaporanga","fonte":"Folhas João Câmara, Lajes, Natal, Santa Cruz, São José do MIpibu, São José do Campestre - GEOSBG/CPRM (2014)"},"geometry":{"type":"MultiPolygon","coordinates":[[[[-35.695161,-5.707498],[-35.694829,-5.709198],[-35.69693,-5.707431],[-35.698675,-5.704248],[-35.696203,-5.706111],[-35.695767,-5.707185],[-35.695161,-5.707498]]],[[[-35.699552,-5.701921],[-35.699633,-5.70167],[-35.699785,-5.701177],[-35.69954,-5.701343],[-35.699552,-5.701921]]]]}},{"type":"Feature","id":270,"properties":{"sigla":"C_cortado_gamma_q","unidade":"Dique de quartzo","era":"Paleozóico","periodo":"Cambriano","litotipo_principal":"Pegmatito","grupo":"Dique de quartzo","fonte":"Folhas João Câmara, Lajes, Natal, Santa Cruz, São José do MIpibu, São José do Campestre - GEOSBG/CPRM (2014)"},"geometry":{"type":"Polygon","coordinates":[[[-35.651635,-5.715124],[-35.653263,-5.714286],[-35.655098,-5.712596],[-35.657681,-5.709318],[-35.657592,-5.708682],[-35.656543,-5.708903],[-35.651955,-5.713027],[-35.651265,-5.714376],[-35.651635,-5.715124]]]}},{"type":"Feature","id":271,"properties":{"sigla":"A34sc3","unidade":"Serra Caiada, formação ferrífera","era":"Mesoarqueano","litotipo_principal":"Formação ferrífera bandada","litotipo_secundario":"Anfibolito, Mármore, Rocha calcissilicática, Metabasito, Metaultramafito, Quartzito micáceo","grupo":"Complexo Serra Caiada","fonte":"Folhas João Câmara, Lajes, Natal, Santa Cruz, São José do MIpibu, São José do Campestre - GEOSBG/CPRM (2014)"},"geometry":{"type":"Polygon","coordinates":[[[-35.765856,-5.716567],[-35.765726,-5.726757],[-35.765147,-5.732216],[-35.765673,-5.733307],[-35.766677,-5.733585],[-35.767378,-5.732882],[-35.767367,-5.728217],[-35.768597,-5.717645],[-35.767294,-5.716815],[-35.765856,-5.716567]]]}},{"type":"Feature","id":272,"properties":{"sigla":"C_cortado_gamma_q","unidade":"Dique de quartzo","era":"Paleozóico","periodo":"Cambriano","litotipo_principal":"Pegmatito","grupo":"Dique de quartzo","fonte":"Folhas João Câmara, Lajes, Natal, Santa Cruz, São José do MIpibu, São José do Campestre - GEOSBG/CPRM (2014)"},"geometry":{"type":"Polygon","coordinates":[[[-35.65204,-5.701279],[-35.64907,-5.7038],[-35.648637,-5.704479],[-35.648841,-5.705184],[-35.650131,-5.704857],[-35.65323,-5.702341],[-35.65204,-5.701279]]]}},{"type":"Feature","id":273,"properties":{"sigla":"NP3_gamma_2it","unidade":"Itaporanga","era":"Neoproterozóico","periodo":"Ediacarano","litotipo_principal":"Biotita granito porfirítico","litotipo_secundario":"Diorito, Granito, Granodiorito, Monzonito","grupo":"Suíte Intrusiva Itaporanga","fonte":"Folhas João Câmara, Lajes, Natal, Santa Cruz, São José do MIpibu, São José do Campestre - GEOSBG/CPRM (2014)"},"geometry":{"type":"Polygon","coordinates":[[[-35.916605,-5.97391],[-35.91546,-5.974379],[-35.915011,-5.975476],[-35.91519,-5.977045],[-35.915957,-5.978577],[-35.917414,-5.980276],[-35.929635,-5.990646],[-35.930901,-5.992831],[-35.931328,-5.99524],[-35.93041,-6.001299],[-35.93031,-6.010064],[-35.929535,-6.015387],[-35.92777,-6.020253],[-35.924124,-6.026986],[-35.918267,-6.042944],[-35.916167,-6.050397],[-35.915189,-6.056604],[-35.914914,-6.073401],[-35.915477,-6.082073],[-35.916963,-6.090375],[-35.920858,-6.103604],[-35.92615,-6.111196],[-35.931919,-6.117414],[-35.932898,-6.11832],[-35.941865,-6.123338],[-35.949437,-6.126619],[-35.959533,-6.130069],[-35.967105,-6.131751],[-35.97434,-6.132509],[-35.98447,-6.132075],[-35.983443,-6.125688],[-35.983471,-6.120711],[-35.985458,-6.120757],[-35.988426,-6.118467],[-35.989208,-6.116034],[-35.988786,-6.115412],[-35.989321,-6.113706],[-35.988881,-6.113283],[-35.989892,-6.113036],[-35.989094,-6.112171],[-35.988733,-6.110436],[-35.990228,-6.109662],[-35.988753,-6.107599],[-35.989863,-6.106653],[-35.990001,-6.105691],[-35.987974,-6.104199],[-35.988029,-6.094248],[-35.98869,-6.094643],[-35.99066,-6.094382],[-35.991293,-6.094679],[-35.992125,-6.094174],[-35.992268,-6.092866],[-35.99409,-6.091718],[-35.994629,-6.08743],[-35.998762,-6.08688],[-35.999983,-6.087088],[-36.001273,-6.088069],[-36.003655,-6.08718],[-36.004408,-6.086303],[-36.005226,-6.086103],[-36.01208,-6.087122],[-36.018743,-6.092364],[-36.021955,-6.091935],[-36.023669,-6.088723],[-36.022955,-6.086867],[-36.021741,-6.085225],[-36.021884,-6.083583],[-36.023092,-6.080203],[-36.022414,-6.078977],[-36.022978,-6.077704],[-36.021992,-6.075601],[-36.023561,-6.075382],[-36.023863,-6.073455],[-36.024862,-6.072133],[-36.025089,-6.070971],[-36.02679,-6.072295],[-36.028758,-6.072696],[-36.030231,-6.070993],[-36.031778,-6.07149],[-36.034104,-6.074349],[-36.035159,-6.074132],[-36.035688,-6.073583],[-36.035444,-6.075982],[-36.036792,-6.077266],[-36.037919,-6.075205],[-36.039799,-6.069777],[-36.040947,-6.061716],[-36.040594,-6.05529],[-36.038802,-6.048952],[-36.033601,-6.037199],[-36.026843,-6.02696],[-36.026158,-6.026646],[-36.022601,-6.027449],[-36.021245,-6.027404],[-36.019473,-6.026667],[-36.006776,-6.014663],[-36.00422,-6.012707],[-36.0,-6.010353],[-36.0,-6.038195],[-35.99577,-6.034522],[-35.98808,-6.026677],[-35.973941,-6.009071],[-35.971666,-6.005051],[-35.941065,-5.978808],[-35.936845,-5.977916],[-35.926949,-5.978003],[-35.923548,-5.976651],[-35.919674,-5.974099],[-35.916605,-5.97391]]]}},{"type":"Feature","id":274,"properties":{"sigla":"N23c","unidade":"Depósitos colúvio-eluviais","era":"Cenozóico","periodo":"Neogeno","litotipo_secundario":"Areia, Argila, Cascalho","grupo":"Depósitos colúvio-eluviais","fonte":"Folhas João Câmara, Lajes, Natal, Santa Cruz, São José do MIpibu, São José do Campestre - GEOSBG/CPRM (2014)"},"geometry":{"type":"Polygon","coordinates":[[[-35.600162,-5.990803],[-35.597428,-5.991284],[-35.59534,-5.993406],[-35.595211,-5.994476],[-35.595768,-5.996013],[-35.597176,-5.996446],[-35.605122,-5.995771],[-35.605948,-5.995984],[-35.606041,-5.9965],[-35.605762,-5.997143],[-35.604692,-5.99776],[-35.597804,-5.999651],[-35.597529,-6.000878],[-35.598405,-6.002348],[-35.600229,-6.002502],[-35.60858,-6.000809],[-35.610802,-6.000965],[-35.612431,-6.00155],[-35.614056,-6.003551],[-35.6153,-6.004078],[-35.615737,-6.005214],[-35.615525,-6.00676],[-35.613395,-6.009515],[-35.613726,-6.010723],[-35.618767,-6.011039],[-35.622302,-6.010064],[-35.624265,-6.010495],[-35.62462,-6.01127],[-35.62444,-6.014057],[-35.624932,-6.015176],[-35.626191,-6.015697],[-35.628144,-6.017754],[-35.630837,-6.018443],[-35.634785,-6.020286],[-35.63497,-6.023079],[-35.637779,-6.025053],[-35.63848,-6.026953],[-35.641108,-6.027602],[-35.644455,-6.026115],[-35.646893,-6.026594],[-35.64727,-6.028177],[-35.645536,-6.030009],[-35.645358,-6.030689],[-35.645886,-6.032691],[-35.647034,-6.034168],[-35.64899,-6.034293],[-35.653218,-6.032845],[-35.656965,-6.032645],[-35.657514,-6.033398],[-35.656372,-6.034922],[-35.656285,-6.036066],[-35.656712,-6.037772],[-35.657566,-6.03883],[-35.662018,-6.038693],[-35.665434,-6.039264],[-35.668146,-6.039004],[-35.669376,-6.039876],[-35.670118,-6.041673],[-35.67175,-6.042319],[-35.673995,-6.04215],[-35.676173,-6.040665],[-35.67619,-6.039354],[-35.673637,-6.037553],[-35.673156,-6.036492],[-35.673263,-6.035327],[-35.674569,-6.034843],[-35.675457,-6.033624],[-35.675316,-6.031197],[-35.674385,-6.02931],[-35.669971,-6.024918],[-35.666855,-6.020469],[-35.665131,-6.018819],[-35.663681,-6.015474],[-35.65997,-6.01158],[-35.659172,-6.011278],[-35.657981,-6.01159],[-35.655453,-6.011445],[-35.653631,-6.010495],[-35.651863,-6.008938],[-35.651554,-6.005171],[-35.65364,-6.002789],[-35.653558,-6.001042],[-35.652795,-5.99997],[-35.649438,-5.998857],[-35.647215,-5.997383],[-35.645902,-5.997242],[-35.64501,-5.998051],[-35.644316,-6.001257],[-35.643067,-6.002584],[-35.63739,-5.997122],[-35.635425,-5.9968],[-35.633826,-5.997784],[-35.633757,-5.999715],[-35.634914,-6.001721],[-35.637076,-6.002969],[-35.639377,-6.005101],[-35.645122,-6.007878],[-35.647511,-6.009784],[-35.648001,-6.011227],[-35.647732,-6.012733],[-35.646888,-6.013663],[-35.645546,-6.013721],[-35.642366,-6.012335],[-35.638385,-6.008415],[-35.631639,-6.005008],[-35.623451,-6.004757],[-35.622207,-6.004285],[-35.62098,-6.002957],[-35.618436,-6.002141],[-35.617302,-6.001163],[-35.61587,-5.998898],[-35.613339,-5.996762],[-35.611415,-5.993408],[-35.60916,-5.994295],[-35.603285,-5.991009],[-35.600162,-5.990803]]]}},{"type":"Feature","id":275,"properties":{"sigla":"ENb","unidade":"Barreiras","era":"Cenozóico","periodo":"Paleogeno","litotipo_principal":"Arenito conglomerático, Argilito arenoso","litotipo_secundario":"Arenito, Argilito, Conglomerado, Siltito","grupo":"Grupo Barreiras","fonte":"Folhas João Câmara, Lajes, Natal, Santa Cruz, São José do MIpibu, São José do Campestre - GEOSBG/CPRM (2014)"},"geometry":{"type":"MultiPolygon","coordinates":[[[[-35.439701,-5.974056],[-35.439026,-5.978172],[-35.437353,-5.981228],[-35.437031,-5.981228],[-35.435385,-5.977819],[-35.434355,-5.976917],[-35.431944,-5.976017],[-35.428856,-5.976822],[-35.428148,-5.977465],[-35.427731,-5.97888],[-35.427795,-5.98155],[-35.42519,-5.983479],[-35.422745,-5.983479],[-35.414061,-5.982161],[-35.413328,-5.98171],[-35.412491,-5.980038],[-35.411753,-5.97949],[-35.409307,-5.97888],[-35.408247,-5.979008],[-35.40712,-5.97978],[-35.405384,-5.981968],[-35.402811,-5.983479],[-35.402399,-5.984754],[-35.404027,-5.986137],[-35.404651,-5.986006],[-35.407793,-5.982586],[-35.410114,-5.981981],[-35.410921,-5.982183],[-35.411829,-5.983494],[-35.412927,-5.983821],[-35.412999,-5.983292],[-35.414743,-5.983368],[-35.415663,-5.984402],[-35.421616,-5.985312],[-35.425955,-5.985109],[-35.428175,-5.9841],[-35.429285,-5.982788],[-35.430193,-5.979559],[-35.432615,-5.979256],[-35.434633,-5.979963],[-35.437458,-5.984907],[-35.43988,-5.986622],[-35.442806,-5.987431],[-35.44331,-5.986723],[-35.44311,-5.985411],[-35.440485,-5.983595],[-35.439678,-5.982586],[-35.439274,-5.98077],[-35.441545,-5.976835],[-35.442486,-5.976297],[-35.445044,-5.976297],[-35.445984,-5.976835],[-35.447062,-5.978853],[-35.447868,-5.981544],[-35.448002,-5.984369],[-35.448675,-5.985312],[-35.451202,-5.987143],[-35.45446,-5.990828],[-35.455807,-5.993114],[-35.460379,-5.994551],[-35.461655,-5.995888],[-35.461857,-5.997412],[-35.458771,-5.999054],[-35.455744,-5.999281],[-35.449068,-5.998846],[-35.451335,-6.004509],[-35.455968,-6.006162],[-35.460007,-6.006203],[-35.464075,-6.00809],[-35.466477,-6.010016],[-35.467768,-6.010125],[-35.472501,-6.009175],[-35.478141,-6.005078],[-35.480096,-6.004232],[-35.482673,-6.003742],[-35.484465,-6.003853],[-35.486191,-6.005256],[-35.489611,-6.006125],[-35.491287,-6.006955],[-35.492799,-6.008717],[-35.493415,-6.012756],[-35.49233,-6.015702],[-35.488948,-6.017846],[-35.488759,-6.018468],[-35.488987,-6.021313],[-35.490146,-6.023914],[-35.49044,-6.025563],[-35.490136,-6.026951],[-35.488512,-6.02962],[-35.489309,-6.029027],[-35.495455,-6.032334],[-35.495397,-6.033435],[-35.496361,-6.034104],[-35.496152,-6.036526],[-35.495684,-6.03699],[-35.495808,-6.037886],[-35.496183,-6.037189],[-35.497239,-6.036983],[-35.497715,-6.036092],[-35.498731,-6.03643],[-35.499253,-6.035917],[-35.49965,-6.03632],[-35.500382,-6.035186],[-35.50279,-6.035987],[-35.502935,-6.036432],[-35.503617,-6.036544],[-35.503813,-6.037148],[-35.504748,-6.037339],[-35.506528,-6.037607],[-35.50849,-6.036657],[-35.509397,-6.03711],[-35.509535,-6.037677],[-35.510189,-6.03745],[-35.511186,-6.03794],[-35.512337,-6.04006],[-35.513248,-6.039873],[-35.51411,-6.040397],[-35.514808,-6.039998],[-35.515056,-6.04051],[-35.515856,-6.040399],[-35.516527,-6.039719],[-35.517105,-6.041761],[-35.516536,-6.0426],[-35.517002,-6.043003],[-35.517434,-6.042665],[-35.518308,-6.043304],[-35.517957,-6.044006],[-35.519069,-6.044759],[-35.520036,-6.045156],[-35.521498,-6.044338],[-35.52322,-6.045663],[-35.522882,-6.047289],[-35.524126,-6.048558],[-35.525598,-6.048689],[-35.525262,-6.049682],[-35.52628,-6.050364],[-35.526596,-6.051337],[-35.527302,-6.051616],[-35.528146,-6.053088],[-35.530235,-6.054222],[-35.530659,-6.053801],[-35.53205,-6.053631],[-35.531844,-6.051738],[-35.530928,-6.050494],[-35.531174,-6.048787],[-35.532047,-6.048794],[-35.533839,-6.047291],[-35.534535,-6.047649],[-35.534847,-6.046934],[-35.534284,-6.04637],[-35.534442,-6.046063],[-35.533131,-6.045682],[-35.532744,-6.045112],[-35.534218,-6.044245],[-35.536456,-6.044317],[-35.536625,-6.043821],[-35.536028,-6.042482],[-35.536252,-6.041756],[-35.538965,-6.039945],[-35.541222,-6.040847],[-35.542613,-6.040775],[-35.542828,-6.041657],[-35.544429,-6.041901],[-35.545286,-6.04262],[-35.546823,-6.041826],[-35.547219,-6.041008],[-35.548637,-6.040835],[-35.548491,-6.039263],[-35.54975,-6.03696],[-35.550578,-6.036676],[-35.552749,-6.037019],[-35.552988,-6.037483],[-35.552573,-6.037897],[-35.552691,-6.038631],[-35.555951,-6.040049],[-35.557668,-6.039601],[-35.558695,-6.040119],[-35.559998,-6.039649],[-35.56038,-6.039281],[-35.560391,-6.037562],[-35.56118,-6.038134],[-35.56174,-6.037942],[-35.561884,-6.038824],[-35.563379,-6.040443],[-35.564924,-6.038931],[-35.565068,-6.038339],[-35.56798,-6.038468],[-35.56821,-6.039946],[-35.570132,-6.038801],[-35.571498,-6.038582],[-35.571942,-6.039263],[-35.573407,-6.038812],[-35.573876,-6.039492],[-35.575443,-6.039681],[-35.575851,-6.040506],[-35.577894,-6.039776],[-35.578528,-6.039981],[-35.579432,-6.041889],[-35.580296,-6.041376],[-35.580888,-6.039266],[-35.582063,-6.039473],[-35.583327,-6.038728],[-35.583982,-6.040053],[-35.585199,-6.03971],[-35.585716,-6.040737],[-35.586456,-6.040282],[-35.588477,-6.040863],[-35.588642,-6.04183],[-35.58793,-6.042246],[-35.589061,-6.04311],[-35.589546,-6.044066],[-35.589237,-6.044829],[-35.58942,-6.045954],[-35.590654,-6.045952],[-35.5913,-6.045279],[-35.591786,-6.045269],[-35.592215,-6.046153],[-35.593337,-6.045769],[-35.596031,-6.047548],[-35.596695,-6.049259],[-35.597448,-6.048895],[-35.597936,-6.049265],[-35.599545,-6.048977],[-35.600117,-6.048119],[-35.601247,-6.047739],[-35.601749,-6.047982],[-35.601973,-6.049004],[-35.603417,-6.049423],[-35.605514,-6.050833],[-35.605486,-6.052174],[-35.606147,-6.052515],[-35.606854,-6.052529],[-35.607001,-6.052074],[-35.608312,-6.052289],[-35.609016,-6.052965],[-35.608428,-6.0539],[-35.608432,-6.055137],[-35.609027,-6.05626],[-35.610351,-6.056287],[-35.610821,-6.055922],[-35.611139,-6.057689],[-35.611726,-6.058073],[-35.611544,-6.058636],[-35.61071,-6.058639],[-35.609887,-6.060719],[-35.613803,-6.062084],[-35.614892,-6.063628],[-35.617054,-6.064081],[-35.617273,-6.064532],[-35.618074,-6.064761],[-35.618293,-6.065666],[-35.61988,-6.065478],[-35.62013,-6.06586],[-35.622457,-6.064734],[-35.622845,-6.06559],[-35.623837,-6.065727],[-35.62701,-6.064523],[-35.627522,-6.064877],[-35.629853,-6.064828],[-35.630573,-6.065316],[-35.631137,-6.065026],[-35.631899,-6.065785],[-35.632686,-6.065321],[-35.633652,-6.066575],[-35.634316,-6.065404],[-35.637172,-6.06297],[-35.639877,-6.062326],[-35.640755,-6.061513],[-35.641086,-6.058335],[-35.639745,-6.054161],[-35.640152,-6.049897],[-35.63912,-6.046658],[-35.638486,-6.047142],[-35.63622,-6.047384],[-35.633662,-6.05172],[-35.631449,-6.052733],[-35.630689,-6.053476],[-35.62952,-6.056613],[-35.629643,-6.060152],[-35.628943,-6.061707],[-35.625268,-6.061523],[-35.623551,-6.061928],[-35.622282,-6.061146],[-35.622087,-6.060355],[-35.623069,-6.057126],[-35.624686,-6.054073],[-35.622555,-6.05207],[-35.6221,-6.050494],[-35.624096,-6.046176],[-35.627026,-6.0436],[-35.626924,-6.041546],[-35.626063,-6.040177],[-35.625352,-6.037606],[-35.622549,-6.034909],[-35.618146,-6.034823],[-35.61573,-6.034182],[-35.614256,-6.032876],[-35.613721,-6.030303],[-35.613763,-6.028246],[-35.614753,-6.02593],[-35.614928,-6.024302],[-35.612057,-6.020056],[-35.607295,-6.019452],[-35.604959,-6.022919],[-35.603704,-6.024096],[-35.60278,-6.024478],[-35.601839,-6.024185],[-35.601911,-6.022585],[-35.603866,-6.019995],[-35.604908,-6.017168],[-35.605203,-6.015828],[-35.604911,-6.01517],[-35.602488,-6.01511],[-35.600842,-6.013581],[-35.599528,-6.013169],[-35.59671,-6.019138],[-35.594374,-6.019585],[-35.592657,-6.01903],[-35.592763,-6.018548],[-35.596491,-6.015299],[-35.597409,-6.012644],[-35.597083,-6.011963],[-35.596345,-6.01178],[-35.591106,-6.012129],[-35.593199,-6.008823],[-35.593953,-6.005657],[-35.593718,-6.004014],[-35.591154,-6.001734],[-35.587276,-6.003325],[-35.582741,-6.003643],[-35.582019,-6.004698],[-35.582137,-6.006056],[-35.583126,-6.006839],[-35.584118,-6.009055],[-35.586305,-6.01193],[-35.58528,-6.018538],[-35.585962,-6.021122],[-35.586168,-6.024296],[-35.585263,-6.026647],[-35.580847,-6.02977],[-35.578849,-6.030288],[-35.577151,-6.030023],[-35.575122,-6.030636],[-35.57437,-6.029934],[-35.575513,-6.027559],[-35.577126,-6.025377],[-35.577139,-6.023329],[-35.580598,-6.022204],[-35.582131,-6.021025],[-35.583108,-6.018865],[-35.58312,-6.017133],[-35.584099,-6.014892],[-35.583904,-6.013011],[-35.582866,-6.010977],[-35.580515,-6.008658],[-35.579073,-6.006129],[-35.579103,-6.004372],[-35.577551,-6.002866],[-35.577019,-6.002871],[-35.575903,-6.004051],[-35.574455,-6.004706],[-35.571966,-6.004467],[-35.570746,-6.003683],[-35.569859,-6.003591],[-35.567252,-6.005213],[-35.565611,-6.004816],[-35.565303,-6.003994],[-35.566562,-6.001665],[-35.565524,-5.999706],[-35.565113,-5.994246],[-35.56315,-5.993403],[-35.561617,-5.990133],[-35.560224,-5.988853],[-35.558841,-5.988632],[-35.553558,-5.989088],[-35.552416,-5.98986],[-35.551918,-5.991312],[-35.551277,-5.991808],[-35.547812,-5.991912],[-35.544482,-5.99318],[-35.543577,-5.995502],[-35.542935,-5.996136],[-35.541693,-5.996498],[-35.539917,-5.99608],[-35.53929,-5.996278],[-35.539101,-5.997874],[-35.541098,-5.997819],[-35.542185,-5.998241],[-35.54356,-6.001179],[-35.54621,-6.003314],[-35.546973,-6.006159],[-35.546721,-6.006754],[-35.545891,-6.006929],[-35.545336,-6.006616],[-35.543173,-6.003361],[-35.541025,-6.002744],[-35.539907,-6.001604],[-35.538384,-6.001433],[-35.537192,-6.000525],[-35.534847,-5.99958],[-35.532013,-5.997397],[-35.530916,-5.995642],[-35.527366,-5.993155],[-35.524169,-5.99253],[-35.5218,-5.993138],[-35.520859,-5.993915],[-35.518438,-5.998565],[-35.516873,-5.99966],[-35.515461,-6.0],[-35.515073,-5.999355],[-35.514674,-5.996043],[-35.512532,-5.994426],[-35.511736,-5.993015],[-35.50908,-5.992324],[-35.507479,-5.991225],[-35.506388,-5.989836],[-35.502686,-5.989855],[-35.498943,-5.990657],[-35.49781,-5.992309],[-35.496446,-5.991657],[-35.497281,-5.993275],[-35.497324,-5.995343],[-35.496958,-5.997163],[-35.49605,-5.997844],[-35.493551,-5.998753],[-35.489693,-5.998677],[-35.486014,-5.997461],[-35.478392,-5.989695],[-35.476915,-5.98863],[-35.477736,-5.990417],[-35.4771,-5.991488],[-35.475532,-5.991587],[-35.474243,-5.990677],[-35.47286,-5.990419],[-35.471477,-5.990902],[-35.469837,-5.992317],[-35.467932,-5.991964],[-35.467688,-5.991156],[-35.46855,-5.98943],[-35.468262,-5.988239],[-35.466684,-5.986921],[-35.465994,-5.985628],[-35.465286,-5.98077],[-35.463871,-5.97971],[-35.463228,-5.979645],[-35.461298,-5.980675],[-35.460848,-5.981832],[-35.461716,-5.983665],[-35.461813,-5.984308],[-35.461458,-5.984341],[-35.458682,-5.98208],[-35.458532,-5.980005],[-35.456892,-5.978012],[-35.455637,-5.975342],[-35.454222,-5.975342],[-35.452871,-5.977112],[-35.451811,-5.9774],[-35.450941,-5.978783],[-35.450459,-5.983608],[-35.449945,-5.983576],[-35.449638,-5.980585],[-35.448738,-5.978205],[-35.449125,-5.975472],[-35.448448,-5.973927],[-35.446777,-5.972801],[-35.4443,-5.971676],[-35.442499,-5.971676],[-35.439701,-5.974056]],[[-35.5,-6.0],[-35.500002,-5.999998],[-35.500002,-6.0],[-35.5,-6.0]],[[-35.497481,-6.00294],[-35.5,-6.003532],[-35.5,-6.005341],[-35.498414,-6.005553],[-35.497356,-6.005242],[-35.496859,-6.0035],[-35.497481,-6.00294]]],[[[-35.399088,-5.957273],[-35.397573,-5.959955],[-35.397573,-5.961569],[-35.399187,-5.964439],[-35.399727,-5.966232],[-35.399548,-5.968027],[-35.396498,-5.972691],[-35.395906,-5.974243],[-35.395962,-5.976103],[-35.398182,-5.979937],[-35.398283,-5.982938],[-35.398676,-5.982922],[-35.398283,-5.984139],[-35.398283,-5.986474],[-35.400875,-5.985888],[-35.40056,-5.985376],[-35.400881,-5.983416],[-35.400366,-5.978525],[-35.3985,-5.976139],[-35.39847,-5.975304],[-35.399048,-5.974146],[-35.399305,-5.974016],[-35.400753,-5.975529],[-35.401751,-5.975239],[-35.403519,-5.972795],[-35.405384,-5.971668],[-35.406639,-5.971443],[-35.408632,-5.969065],[-35.410625,-5.968067],[-35.413843,-5.965397],[-35.414261,-5.964659],[-35.414036,-5.963951],[-35.413296,-5.963629],[-35.412041,-5.963982],[-35.411495,-5.963049],[-35.409758,-5.962921],[-35.4095,-5.961378],[-35.408375,-5.960316],[-35.406317,-5.959576],[-35.404676,-5.957903],[-35.402218,-5.958452],[-35.402168,-5.957422],[-35.400578,-5.956495],[-35.399088,-5.957273]]]]}},{"type":"Feature","id":276,"properties":{"sigla":"A23j","unidade":"Presidente Juscelino","era":"Paleoarqueano","litotipo_secundario":"Migmatito estromático, Metagabronorito, Metatonalito, Metatrondhjemito","grupo":"Complexo Presidente Juscelino","fonte":"Folhas João Câmara, Lajes, Natal, Santa Cruz, São José do MIpibu, São José do Campestre - GEOSBG/CPRM (2014)"},"geometry":{"type":"Polygon","coordinates":[[[-35.655222,-5.70486],[-35.644185,-5.713763],[-35.632038,-5.726022],[-35.625132,-5.734509],[-35.617485,-5.745803],[-35.613785,-5.752798],[-35.609075,-5.764158],[-35.611573,-5.762713],[-35.612047,-5.762718],[-35.612287,-5.763175],[-35.609838,-5.766057],[-35.607879,-5.767279],[-35.600344,-5.786545],[-35.5902,-5.805616],[-35.588567,-5.81299],[-35.586621,-5.818516],[-35.584124,-5.823245],[-35.580465,-5.828707],[-35.57653,-5.833497],[-35.572733,-5.836873],[-35.554991,-5.8476],[-35.556105,-5.848378],[-35.557533,-5.848019],[-35.558212,-5.849789],[-35.557893,-5.851532],[-35.555868,-5.851618],[-35.555039,-5.852699],[-35.554199,-5.851575],[-35.553268,-5.85112],[-35.552888,-5.850134],[-35.551973,-5.850187],[-35.551726,-5.849831],[-35.545655,-5.854645],[-35.540011,-5.86275],[-35.538624,-5.865535],[-35.537855,-5.868435],[-35.536587,-5.883251],[-35.537689,-5.883202],[-35.538357,-5.886019],[-35.540158,-5.88992],[-35.540258,-5.891868],[-35.53967,-5.893195],[-35.538747,-5.893466],[-35.535761,-5.889341],[-35.535301,-5.889227],[-35.534767,-5.894902],[-35.532608,-5.901666],[-35.533982,-5.903198],[-35.534514,-5.904707],[-35.535746,-5.904659],[-35.537655,-5.903053],[-35.539977,-5.903117],[-35.540954,-5.901783],[-35.543197,-5.901231],[-35.543941,-5.900526],[-35.543758,-5.896469],[-35.544888,-5.894396],[-35.544081,-5.89192],[-35.546702,-5.890109],[-35.54641,-5.88758],[-35.547049,-5.882628],[-35.552161,-5.871925],[-35.554391,-5.868858],[-35.559665,-5.863481],[-35.57,-5.854722],[-35.58639,-5.839263],[-35.591532,-5.83403],[-35.596237,-5.827886],[-35.60137,-5.81687],[-35.60466,-5.803183],[-35.606146,-5.800364],[-35.610239,-5.794542],[-35.610917,-5.794131],[-35.612048,-5.79416],[-35.613159,-5.795356],[-35.614017,-5.797869],[-35.613926,-5.802637],[-35.613162,-5.80647],[-35.611083,-5.811551],[-35.608684,-5.821201],[-35.606396,-5.826882],[-35.608133,-5.825693],[-35.610319,-5.82578],[-35.623369,-5.807275],[-35.625059,-5.804013],[-35.628348,-5.801191],[-35.637274,-5.791005],[-35.640986,-5.784404],[-35.646473,-5.776021],[-35.648277,-5.772698],[-35.649177,-5.769919],[-35.652869,-5.750129],[-35.652821,-5.747705],[-35.652249,-5.746652],[-35.651358,-5.746019],[-35.649062,-5.745949],[-35.648188,-5.746311],[-35.645823,-5.749414],[-35.643756,-5.754024],[-35.641655,-5.756638],[-35.640663,-5.758573],[-35.639675,-5.759399],[-35.638515,-5.759628],[-35.637681,-5.759265],[-35.636212,-5.757463],[-35.635781,-5.755032],[-35.636411,-5.751492],[-35.638155,-5.745982],[-35.642745,-5.736826],[-35.644991,-5.730688],[-35.646585,-5.72837],[-35.655023,-5.721028],[-35.659343,-5.717941],[-35.662153,-5.716409],[-35.6708,-5.712873],[-35.668485,-5.706523],[-35.666209,-5.704794],[-35.662845,-5.704578],[-35.655897,-5.705125],[-35.655222,-5.70486]],[[-35.651584,-5.715119],[-35.651274,-5.714323],[-35.651955,-5.713027],[-35.656543,-5.708903],[-35.657592,-5.708682],[-35.657681,-5.709318],[-35.654905,-5.712804],[-35.653107,-5.7144],[-35.651584,-5.715119]],[[-35.615725,-5.781594],[-35.615236,-5.780702],[-35.615932,-5.778899],[-35.618937,-5.773828],[-35.619771,-5.773058],[-35.620448,-5.773024],[-35.620658,-5.7738],[-35.619902,-5.777152],[-35.616782,-5.781124],[-35.615725,-5.781594]]]}},{"type":"Feature","id":277,"properties":{"sigla":"NP3ss","unidade":"Seridó","era":"Neoproterozóico","periodo":"Ediacarano","litotipo_secundario":"Biotita-quartzo xisto, Clorita xisto, Xisto aluminoso, Filito, Mármore, Quartzito, Metavulcânica básica, Granada-biotita xisto","grupo":"Grupo Seridó","fonte":"Folhas João Câmara, Lajes, Natal, Santa Cruz, São José do MIpibu, São José do Campestre - GEOSBG/CPRM (2014)"},"geometry":{"type":"Polygon","coordinates":[[[-35.554172,-5.717592],[-35.553946,-5.718327],[-35.552233,-5.718321],[-35.551733,-5.71918],[-35.550283,-5.719898],[-35.549155,-5.719325],[-35.548428,-5.719617],[-35.547889,-5.719241],[-35.547149,-5.721506],[-35.545889,-5.721974],[-35.543527,-5.722088],[-35.543434,-5.722881],[-35.542731,-5.723035],[-35.539444,-5.722557],[-35.537406,-5.720246],[-35.535858,-5.723456],[-35.534641,-5.723839],[-35.533624,-5.723248],[-35.532941,-5.723424],[-35.53235,-5.726469],[-35.530957,-5.727493],[-35.530884,-5.729377],[-35.530217,-5.72998],[-35.528151,-5.729421],[-35.526606,-5.730423],[-35.525899,-5.730448],[-35.523785,-5.728285],[-35.521758,-5.727977],[-35.520172,-5.72626],[-35.519097,-5.726321],[-35.518555,-5.728012],[-35.517282,-5.726616],[-35.51565,-5.726685],[-35.51402,-5.724889],[-35.513092,-5.724754],[-35.512674,-5.725166],[-35.512658,-5.726347],[-35.513783,-5.730321],[-35.510043,-5.73629],[-35.50881,-5.736752],[-35.506872,-5.738616],[-35.503039,-5.7349],[-35.501847,-5.734855],[-35.501654,-5.73563],[-35.502623,-5.738206],[-35.502939,-5.741112],[-35.502407,-5.742379],[-35.501375,-5.743212],[-35.499783,-5.743341],[-35.495378,-5.741105],[-35.493895,-5.741349],[-35.49387,-5.742021],[-35.495332,-5.741784],[-35.495907,-5.742161],[-35.49592,-5.742793],[-35.495576,-5.743488],[-35.494436,-5.74326],[-35.494106,-5.743941],[-35.492773,-5.743201],[-35.492354,-5.747501],[-35.495135,-5.748793],[-35.495587,-5.749958],[-35.49405,-5.749954],[-35.492737,-5.748717],[-35.49198,-5.749305],[-35.492071,-5.750027],[-35.490401,-5.750199],[-35.489829,-5.751387],[-35.489256,-5.756319],[-35.488684,-5.757288],[-35.488656,-5.758092],[-35.489081,-5.758508],[-35.488635,-5.7588],[-35.488992,-5.761123],[-35.489829,-5.763061],[-35.490842,-5.764734],[-35.491999,-5.765751],[-35.492427,-5.7672],[-35.492295,-5.768477],[-35.493175,-5.769534],[-35.493175,-5.770547],[-35.490533,-5.772176],[-35.486196,-5.772123],[-35.484919,-5.773224],[-35.481748,-5.774193],[-35.480245,-5.774017],[-35.478176,-5.772696],[-35.476156,-5.772841],[-35.475936,-5.773854],[-35.47642,-5.776452],[-35.476046,-5.780873],[-35.475673,-5.781508],[-35.474807,-5.780433],[-35.474064,-5.780574],[-35.473926,-5.780301],[-35.474851,-5.775721],[-35.473794,-5.773651],[-35.472964,-5.773123],[-35.47107,-5.774048],[-35.469529,-5.773783],[-35.467948,-5.776937],[-35.465918,-5.777337],[-35.465169,-5.778438],[-35.465784,-5.77969],[-35.467672,-5.780198],[-35.468039,-5.781184],[-35.467813,-5.781776],[-35.467063,-5.781945],[-35.465512,-5.78093],[-35.463755,-5.78128],[-35.463445,-5.781674],[-35.463395,-5.78377],[-35.462761,-5.784299],[-35.462197,-5.785884],[-35.461222,-5.786198],[-35.460157,-5.785461],[-35.460298,-5.783594],[-35.458088,-5.783624],[-35.457334,-5.785511],[-35.456262,-5.785992],[-35.456194,-5.786646],[-35.459105,-5.791707],[-35.457811,-5.792979],[-35.457529,-5.794881],[-35.45686,-5.795938],[-35.455768,-5.796572],[-35.453117,-5.796479],[-35.452287,-5.797199],[-35.45304,-5.798983],[-35.453995,-5.799937],[-35.457621,-5.801272],[-35.457402,-5.80281],[-35.456105,-5.802776],[-35.456884,-5.803429],[-35.45646,-5.804694],[-35.454576,-5.803689],[-35.452262,-5.803705],[-35.451081,-5.80471],[-35.450368,-5.806986],[-35.449444,-5.804526],[-35.448397,-5.804753],[-35.447031,-5.805755],[-35.446462,-5.805505],[-35.446143,-5.804731],[-35.445824,-5.804708],[-35.445528,-5.80555],[-35.444891,-5.80571],[-35.44357,-5.804617],[-35.442327,-5.805869],[-35.4421,-5.804981],[-35.441462,-5.80464],[-35.440597,-5.805824],[-35.440041,-5.805144],[-35.439253,-5.805664],[-35.438866,-5.804958],[-35.438206,-5.805778],[-35.435675,-5.805058],[-35.43433,-5.806099],[-35.432681,-5.803669],[-35.430077,-5.801408],[-35.427994,-5.800367],[-35.427343,-5.798978],[-35.420414,-5.798405],[-35.415489,-5.800518],[-35.414336,-5.800555],[-35.417575,-5.804529],[-35.418784,-5.805234],[-35.421435,-5.805784],[-35.422509,-5.807161],[-35.425302,-5.80723],[-35.428081,-5.808302],[-35.429827,-5.808201],[-35.435466,-5.808973],[-35.437854,-5.807899],[-35.440177,-5.808162],[-35.443069,-5.807464],[-35.444478,-5.807899],[-35.446459,-5.807563],[-35.448439,-5.808201],[-35.448439,-5.80998],[-35.450223,-5.808839],[-35.452472,-5.809443],[-35.457104,-5.806577],[-35.458007,-5.804532],[-35.460813,-5.804563],[-35.461396,-5.803574],[-35.462347,-5.802979],[-35.464992,-5.799615],[-35.465797,-5.795184],[-35.464472,-5.793248],[-35.46427,-5.791536],[-35.464774,-5.791066],[-35.467203,-5.791727],[-35.468176,-5.793472],[-35.469015,-5.794043],[-35.470463,-5.793741],[-35.471155,-5.79284],[-35.475326,-5.79317],[-35.475227,-5.793932],[-35.472378,-5.795155],[-35.471427,-5.796314],[-35.46981,-5.797164],[-35.469425,-5.798585],[-35.466787,-5.801487],[-35.465687,-5.80502],[-35.460936,-5.807416],[-35.457874,-5.810007],[-35.456598,-5.814434],[-35.454949,-5.814434],[-35.453535,-5.815612],[-35.453614,-5.816947],[-35.455812,-5.817428],[-35.460532,-5.815525],[-35.466315,-5.814591],[-35.466454,-5.814332],[-35.460818,-5.814116],[-35.458939,-5.81349],[-35.458104,-5.812446],[-35.458,-5.811194],[-35.458417,-5.810254],[-35.460087,-5.808689],[-35.463427,-5.806706],[-35.468228,-5.805244],[-35.473238,-5.803157],[-35.480858,-5.802322],[-35.485531,-5.803959],[-35.5,-5.803913],[-35.505966,-5.804582],[-35.518971,-5.804175],[-35.531586,-5.805017],[-35.535032,-5.804703],[-35.540689,-5.803514],[-35.548177,-5.801035],[-35.558343,-5.791886],[-35.56175,-5.787505],[-35.562363,-5.785249],[-35.562323,-5.780553],[-35.561568,-5.775483],[-35.555911,-5.751125],[-35.556242,-5.744381],[-35.555552,-5.736525],[-35.555919,-5.731845],[-35.554753,-5.728818],[-35.554244,-5.725373],[-35.554287,-5.721482],[-35.554932,-5.717762],[-35.554172,-5.717592]],[[-35.533484,-5.7717],[-35.533718,-5.773292],[-35.535555,-5.772196],[-35.536234,-5.77258],[-35.536513,-5.780418],[-35.537583,-5.78204],[-35.539711,-5.783466],[-35.540789,-5.783699],[-35.540851,-5.784807],[-35.540038,-5.785612],[-35.537191,-5.785966],[-35.535786,-5.787142],[-35.534164,-5.789352],[-35.531227,-5.790696],[-35.530519,-5.791596],[-35.529763,-5.794247],[-35.526949,-5.794555],[-35.526646,-5.793668],[-35.527185,-5.790775],[-35.526585,-5.79035],[-35.525364,-5.792537],[-35.524091,-5.792935],[-35.523238,-5.794336],[-35.522554,-5.794287],[-35.522347,-5.792102],[-35.521711,-5.791817],[-35.520773,-5.792396],[-35.51968,-5.792353],[-35.51894,-5.7913],[-35.518776,-5.789952],[-35.519718,-5.7882],[-35.525662,-5.783996],[-35.52606,-5.783494],[-35.525543,-5.783181],[-35.52726,-5.781935],[-35.527487,-5.780171],[-35.526648,-5.777615],[-35.526447,-5.775357],[-35.526721,-5.768983],[-35.527425,-5.768196],[-35.528534,-5.768235],[-35.530448,-5.769541],[-35.531377,-5.771012],[-35.533484,-5.7717]]]}},{"type":"Feature","id":278,"properties":{"sigla":"NP3_gamma_3di","unidade":"Dona Inês","era":"Neoproterozóico","periodo":"Ediacarano","litotipo_secundario":"Sienogranito, Monzogranito, Leucogranito, Biotita leucogranito","grupo":"Suíte Intrusiva Dona Inês","fonte":"Folhas João Câmara, Lajes, Natal, Santa Cruz, São José do MIpibu, São José do Campestre - GEOSBG/CPRM (2014)"},"geometry":{"type":"Polygon","coordinates":[[[-35.554891,-5.717919],[-35.554186,-5.723931],[-35.55495,-5.729487],[-35.556838,-5.733462],[-35.560487,-5.738445],[-35.562983,-5.744078],[-35.56543,-5.750962],[-35.570357,-5.768153],[-35.573385,-5.775223],[-35.575261,-5.776869],[-35.577142,-5.777099],[-35.579224,-5.776493],[-35.582526,-5.774395],[-35.585002,-5.774021],[-35.586147,-5.774516],[-35.590784,-5.778695],[-35.595638,-5.779468],[-35.59878,-5.778035],[-35.601645,-5.775417],[-35.603546,-5.772997],[-35.606738,-5.767974],[-35.605278,-5.768671],[-35.604902,-5.767925],[-35.606649,-5.765811],[-35.609075,-5.764158],[-35.614258,-5.751783],[-35.618528,-5.744111],[-35.628657,-5.72991],[-35.639204,-5.71863],[-35.647947,-5.704167],[-35.649536,-5.700794],[-35.645951,-5.700099],[-35.643404,-5.700342],[-35.640906,-5.703483],[-35.63905,-5.706695],[-35.636725,-5.707675],[-35.636719,-5.708633],[-35.634103,-5.708218],[-35.633612,-5.709149],[-35.63284,-5.708893],[-35.630537,-5.709802],[-35.630061,-5.71104],[-35.629113,-5.711818],[-35.62815,-5.710922],[-35.62673,-5.711864],[-35.626254,-5.71456],[-35.625216,-5.716861],[-35.624735,-5.717167],[-35.625251,-5.718691],[-35.625011,-5.724327],[-35.622251,-5.726897],[-35.617016,-5.728039],[-35.614256,-5.727849],[-35.612162,-5.728515],[-35.610639,-5.731085],[-35.607927,-5.732465],[-35.6055,-5.735178],[-35.601359,-5.738033],[-35.598857,-5.742484],[-35.597969,-5.741975],[-35.596802,-5.742001],[-35.595065,-5.743272],[-35.591124,-5.74382],[-35.590157,-5.74483],[-35.588249,-5.745606],[-35.587638,-5.744628],[-35.584938,-5.744059],[-35.583619,-5.744506],[-35.582991,-5.745168],[-35.581408,-5.745275],[-35.581074,-5.744428],[-35.57682,-5.743379],[-35.575926,-5.742879],[-35.575784,-5.74212],[-35.575146,-5.7419],[-35.572536,-5.741788],[-35.571944,-5.740963],[-35.570964,-5.740487],[-35.571162,-5.739182],[-35.570452,-5.738067],[-35.570525,-5.736848],[-35.569577,-5.736373],[-35.569446,-5.735269],[-35.570234,-5.734593],[-35.570141,-5.733174],[-35.569574,-5.732667],[-35.570744,-5.730607],[-35.567797,-5.72938],[-35.566695,-5.729918],[-35.563681,-5.72948],[-35.563519,-5.728446],[-35.562816,-5.728193],[-35.561956,-5.728609],[-35.560717,-5.727457],[-35.560179,-5.724917],[-35.55893,-5.724026],[-35.558863,-5.722899],[-35.560026,-5.722582],[-35.560233,-5.722004],[-35.560031,-5.721564],[-35.559156,-5.721293],[-35.559581,-5.720253],[-35.559358,-5.718939],[-35.55839,-5.718476],[-35.557808,-5.717643],[-35.557801,-5.716748],[-35.556063,-5.716919],[-35.554891,-5.717919]],[[-35.622578,-5.728892],[-35.622929,-5.728139],[-35.62536,-5.726782],[-35.6309,-5.724871],[-35.631701,-5.725164],[-35.631654,-5.725785],[-35.630632,-5.726564],[-35.624523,-5.728879],[-35.622578,-5.728892]],[[-35.595925,-5.774859],[-35.595692,-5.773785],[-35.596691,-5.772411],[-35.599763,-5.769967],[-35.6007,-5.769527],[-35.601227,-5.769729],[-35.601326,-5.770311],[-35.600656,-5.771172],[-35.597131,-5.774364],[-35.595925,-5.774859]]]}},{"type":"Feature","id":279,"properties":{"sigla":"A23j","unidade":"Presidente Juscelino","era":"Paleoarqueano","litotipo_secundario":"Migmatito estromático, Metagabronorito, Metatonalito, Metatrondhjemito","grupo":"Complexo Presidente Juscelino","fonte":"Folhas João Câmara, Lajes, Natal, Santa Cruz, São José do MIpibu, São José do Campestre - GEOSBG/CPRM (2014)"},"geometry":{"type":"Polygon","coordinates":[[[-35.709224,-5.69905],[-35.695899,-5.721845],[-35.692178,-5.729173],[-35.684899,-5.741824],[-35.678871,-5.750192],[-35.674094,-5.760163],[-35.670495,-5.773151],[-35.670912,-5.778799],[-35.673696,-5.789593],[-35.67266,-5.794345],[-35.670655,-5.796988],[-35.674277,-5.797046],[-35.674799,-5.797701],[-35.670298,-5.810762],[-35.668663,-5.813496],[-35.662488,-5.820646],[-35.659812,-5.822638],[-35.656809,-5.823869],[-35.653968,-5.826984],[-35.653165,-5.829316],[-35.654428,-5.834544],[-35.653753,-5.837775],[-35.650756,-5.841938],[-35.64468,-5.848285],[-35.641622,-5.850839],[-35.642891,-5.850724],[-35.644208,-5.8514],[-35.645295,-5.850223],[-35.646554,-5.850094],[-35.647701,-5.852954],[-35.649547,-5.85318],[-35.650603,-5.853824],[-35.652187,-5.853815],[-35.653043,-5.854779],[-35.655051,-5.855796],[-35.655804,-5.857337],[-35.660551,-5.852785],[-35.663671,-5.850676],[-35.666199,-5.849627],[-35.682017,-5.845116],[-35.685272,-5.843138],[-35.686763,-5.840755],[-35.686898,-5.834892],[-35.687541,-5.830827],[-35.692453,-5.819519],[-35.698062,-5.795569],[-35.699118,-5.787604],[-35.699448,-5.778941],[-35.702117,-5.755648],[-35.704228,-5.748261],[-35.70911,-5.73667],[-35.712367,-5.726073],[-35.712839,-5.724072],[-35.710715,-5.728062],[-35.709894,-5.728748],[-35.7092,-5.728704],[-35.709282,-5.725056],[-35.711918,-5.718984],[-35.713682,-5.711758],[-35.715499,-5.708109],[-35.716117,-5.704448],[-35.718997,-5.698426],[-35.71974,-5.693115],[-35.719159,-5.690566],[-35.717961,-5.689661],[-35.717449,-5.690008],[-35.716998,-5.691895],[-35.717347,-5.69306],[-35.716753,-5.692948],[-35.715365,-5.693647],[-35.715984,-5.695225],[-35.715309,-5.697256],[-35.714164,-5.698732],[-35.71293,-5.698706],[-35.712126,-5.699863],[-35.710869,-5.69952],[-35.709692,-5.699858],[-35.709224,-5.69905]],[[-35.693018,-5.760101],[-35.692751,-5.758931],[-35.695639,-5.753312],[-35.696927,-5.749751],[-35.699242,-5.746248],[-35.700744,-5.742586],[-35.701434,-5.741684],[-35.702048,-5.74159],[-35.702435,-5.742444],[-35.7021,-5.744968],[-35.701017,-5.748341],[-35.698554,-5.752764],[-35.696143,-5.755835],[-35.695047,-5.758345],[-35.693959,-5.759627],[-35.693018,-5.760101]]]}},{"type":"Feature","id":280,"properties":{"sigla":"PP2jc","unidade":"João Câmara","era":"Paleoproterozóico","periodo":"Riaciano","litotipo_principal":"Migmatitos, nebuliticos com mesossomas granodioriticos","grupo":"Complexo João Câmara","fonte":"Folhas João Câmara, Lajes, Natal, Santa Cruz, São José do MIpibu, São José do Campestre - GEOSBG/CPRM (2014)"},"geometry":{"type":"Polygon","coordinates":[[[-35.639204,-5.71863],[-35.646185,-5.711993],[-35.655305,-5.704796],[-35.653969,-5.704054],[-35.65323,-5.702341],[-35.650131,-5.704857],[-35.648826,-5.705169],[-35.648637,-5.704479],[-35.64907,-5.7038],[-35.651991,-5.70127],[-35.649536,-5.700794],[-35.647947,-5.704167],[-35.639204,-5.71863]]]}},{"type":"Feature","id":281,"properties":{"sigla":"NP3ss","unidade":"Seridó","era":"Neoproterozóico","periodo":"Ediacarano","litotipo_secundario":"Biotita-quartzo xisto, Clorita xisto, Xisto aluminoso, Filito, Mármore, Quartzito, Metavulcânica básica, Granada-biotita xisto","grupo":"Grupo Seridó","fonte":"Folhas João Câmara, Lajes, Natal, Santa Cruz, São José do MIpibu, São José do Campestre - GEOSBG/CPRM (2014)"},"geometry":{"type":"Polygon","coordinates":[[[-35.999987,-5.943376],[-35.999973,-5.816011],[-35.998106,-5.815258],[-35.99725,-5.822466],[-35.996301,-5.825572],[-35.995414,-5.826727],[-35.993418,-5.82749],[-35.991569,-5.827472],[-35.987952,-5.826442],[-35.986929,-5.825774],[-35.985556,-5.82362],[-35.983737,-5.817989],[-35.98167,-5.81489],[-35.980441,-5.811945],[-35.979431,-5.808449],[-35.978876,-5.804613],[-35.979262,-5.797574],[-35.977455,-5.797079],[-35.976499,-5.793972],[-35.973784,-5.795398],[-35.973449,-5.797086],[-35.970007,-5.797023],[-35.969257,-5.797431],[-35.966865,-5.800481],[-35.965775,-5.800614],[-35.965293,-5.801866],[-35.963138,-5.804518],[-35.96201,-5.804701],[-35.960934,-5.805604],[-35.959619,-5.805589],[-35.957462,-5.804685],[-35.956279,-5.805689],[-35.953719,-5.806248],[-35.95182,-5.807374],[-35.948712,-5.80708],[-35.947505,-5.807629],[-35.94614,-5.810926],[-35.945465,-5.811369],[-35.943585,-5.815056],[-35.940611,-5.815294],[-35.938707,-5.813271],[-35.936013,-5.811978],[-35.935342,-5.813362],[-35.934044,-5.812905],[-35.932838,-5.810454],[-35.926576,-5.803812],[-35.926586,-5.802095],[-35.925711,-5.800468],[-35.926195,-5.798768],[-35.925378,-5.797564],[-35.923708,-5.796636],[-35.923389,-5.796852],[-35.920347,-5.792906],[-35.916663,-5.789889],[-35.925993,-5.805363],[-35.932692,-5.819886],[-35.939383,-5.832831],[-35.95263,-5.860156],[-35.961295,-5.887217],[-35.966406,-5.898879],[-35.970495,-5.90696],[-35.975727,-5.914462],[-35.999987,-5.943376]]]}},{"type":"Feature","id":282,"properties":{"sigla":"A34sc1","unidade":"Serra Caiada, migmatito","era":"Mesoarqueano","litotipo_secundario":"Anfibolito, Migmatito","grupo":"Complexo Serra Caiada","fonte":"Folhas João Câmara, Lajes, Natal, Santa Cruz, São José do MIpibu, São José do Campestre - GEOSBG/CPRM (2014)"},"geometry":{"type":"Polygon","coordinates":[[[-35.699757,-5.70127],[-35.699423,-5.703644],[-35.698675,-5.704248],[-35.697211,-5.707069],[-35.694829,-5.709198],[-35.693313,-5.711873],[-35.691725,-5.713002],[-35.691741,-5.713786],[-35.69084,-5.714546],[-35.690612,-5.715917],[-35.689855,-5.716946],[-35.686408,-5.720072],[-35.67774,-5.723233],[-35.674266,-5.720996],[-35.6708,-5.712873],[-35.662153,-5.716409],[-35.659006,-5.718157],[-35.654703,-5.721291],[-35.646166,-5.728822],[-35.644991,-5.730688],[-35.642745,-5.736826],[-35.637799,-5.746941],[-35.635891,-5.753753],[-35.636133,-5.757307],[-35.638098,-5.759527],[-35.639262,-5.759561],[-35.640333,-5.75893],[-35.643689,-5.754142],[-35.646208,-5.748801],[-35.648593,-5.746058],[-35.651118,-5.745977],[-35.652014,-5.746406],[-35.652859,-5.747856],[-35.652894,-5.749957],[-35.648568,-5.772004],[-35.637652,-5.790461],[-35.628348,-5.801191],[-35.624998,-5.804094],[-35.623369,-5.807275],[-35.610319,-5.82578],[-35.611061,-5.82614],[-35.611806,-5.828323],[-35.611279,-5.830551],[-35.609985,-5.832017],[-35.608915,-5.834077],[-35.605606,-5.836393],[-35.604306,-5.839684],[-35.601656,-5.842477],[-35.599321,-5.846284],[-35.598354,-5.8468],[-35.597131,-5.846787],[-35.596196,-5.846244],[-35.595486,-5.845097],[-35.595809,-5.842569],[-35.599143,-5.839122],[-35.602912,-5.830904],[-35.604857,-5.828211],[-35.606396,-5.826882],[-35.60866,-5.821272],[-35.611235,-5.811032],[-35.613358,-5.805779],[-35.614031,-5.801455],[-35.613932,-5.79742],[-35.612505,-5.794389],[-35.611339,-5.794087],[-35.610307,-5.794469],[-35.606146,-5.800364],[-35.60466,-5.803183],[-35.60137,-5.81687],[-35.596135,-5.828029],[-35.589421,-5.83625],[-35.571857,-5.853029],[-35.557875,-5.865174],[-35.554626,-5.868574],[-35.552161,-5.871925],[-35.547049,-5.882628],[-35.54641,-5.88758],[-35.546702,-5.890109],[-35.547963,-5.889935],[-35.548683,-5.890649],[-35.549703,-5.894518],[-35.550138,-5.89552],[-35.550996,-5.89623],[-35.561123,-5.887689],[-35.566049,-5.882856],[-35.569951,-5.878596],[-35.576422,-5.870352],[-35.581842,-5.864906],[-35.583563,-5.864433],[-35.587579,-5.865352],[-35.589105,-5.866818],[-35.589762,-5.868732],[-35.58952,-5.87446],[-35.588757,-5.876953],[-35.587729,-5.87845],[-35.582941,-5.882249],[-35.578279,-5.883939],[-35.573751,-5.88486],[-35.57158,-5.885969],[-35.566494,-5.890319],[-35.563668,-5.891994],[-35.560421,-5.89686],[-35.559943,-5.898977],[-35.560309,-5.900223],[-35.5648,-5.902131],[-35.568888,-5.904808],[-35.570081,-5.906046],[-35.570437,-5.907566],[-35.570265,-5.911995],[-35.569193,-5.914191],[-35.569728,-5.914361],[-35.569639,-5.914685],[-35.56707,-5.91829],[-35.560394,-5.922823],[-35.560208,-5.925385],[-35.56122,-5.927972],[-35.562713,-5.927459],[-35.564887,-5.927493],[-35.564783,-5.924277],[-35.565909,-5.924093],[-35.567259,-5.924909],[-35.567862,-5.92488],[-35.570169,-5.922593],[-35.57137,-5.922658],[-35.572233,-5.921114],[-35.573172,-5.921881],[-35.573864,-5.921737],[-35.574549,-5.919991],[-35.575432,-5.91917],[-35.576199,-5.919879],[-35.576569,-5.921912],[-35.57499,-5.924193],[-35.574963,-5.925285],[-35.575596,-5.925738],[-35.578076,-5.925814],[-35.579647,-5.927452],[-35.58688,-5.919333],[-35.588686,-5.916713],[-35.590963,-5.911789],[-35.59307,-5.904448],[-35.59684,-5.897683],[-35.599683,-5.894268],[-35.604873,-5.889743],[-35.609962,-5.884548],[-35.613957,-5.879654],[-35.617638,-5.874321],[-35.620949,-5.868565],[-35.619486,-5.86844],[-35.617471,-5.86759],[-35.611802,-5.868529],[-35.610809,-5.868106],[-35.610965,-5.867469],[-35.611829,-5.867009],[-35.616863,-5.866117],[-35.617575,-5.865106],[-35.617735,-5.864339],[-35.616853,-5.864142],[-35.614145,-5.865402],[-35.613089,-5.86525],[-35.61302,-5.864261],[-35.614657,-5.861981],[-35.614678,-5.860988],[-35.614238,-5.860281],[-35.613447,-5.86012],[-35.612588,-5.860656],[-35.610948,-5.863438],[-35.608913,-5.863423],[-35.608024,-5.864668],[-35.604809,-5.865529],[-35.603971,-5.864707],[-35.603784,-5.862637],[-35.603011,-5.862305],[-35.602593,-5.861452],[-35.601982,-5.861467],[-35.601599,-5.860798],[-35.600478,-5.86032],[-35.60028,-5.859574],[-35.603772,-5.857939],[-35.606294,-5.857271],[-35.607777,-5.854429],[-35.610233,-5.854864],[-35.613785,-5.85127],[-35.614914,-5.85115],[-35.616559,-5.851763],[-35.617502,-5.85101],[-35.618344,-5.850898],[-35.619893,-5.852295],[-35.621483,-5.852763],[-35.623181,-5.851892],[-35.625285,-5.85142],[-35.628696,-5.848276],[-35.630359,-5.848499],[-35.631293,-5.849247],[-35.633782,-5.839482],[-35.637935,-5.830509],[-35.643929,-5.819761],[-35.64917,-5.81265],[-35.652363,-5.805752],[-35.653373,-5.801106],[-35.653547,-5.786767],[-35.654219,-5.781419],[-35.655652,-5.777681],[-35.658351,-5.773926],[-35.659394,-5.773248],[-35.660615,-5.773334],[-35.66186,-5.774012],[-35.662939,-5.777262],[-35.662863,-5.778996],[-35.661099,-5.785916],[-35.660726,-5.790089],[-35.661151,-5.794168],[-35.662647,-5.799056],[-35.662856,-5.803608],[-35.661894,-5.808706],[-35.658449,-5.815288],[-35.657727,-5.821221],[-35.656809,-5.823869],[-35.659596,-5.822757],[-35.66213,-5.820984],[-35.669463,-5.812371],[-35.671737,-5.80713],[-35.674799,-5.797701],[-35.674277,-5.797046],[-35.670655,-5.796988],[-35.67266,-5.794345],[-35.673696,-5.789593],[-35.670912,-5.778799],[-35.670495,-5.773151],[-35.674094,-5.760163],[-35.678871,-5.750192],[-35.684899,-5.741824],[-35.692178,-5.729173],[-35.695899,-5.721845],[-35.709257,-5.698984],[-35.709078,-5.698614],[-35.707377,-5.698238],[-35.707141,-5.700279],[-35.70587,-5.700435],[-35.705155,-5.701558],[-35.703583,-5.700267],[-35.701589,-5.701109],[-35.700776,-5.700831],[-35.699757,-5.70127]],[[-35.660827,-5.727593],[-35.660421,-5.727021],[-35.660754,-5.726097],[-35.664036,-5.722153],[-35.665686,-5.720994],[-35.66633,-5.721087],[-35.662724,-5.726397],[-35.660827,-5.727593]],[[-35.580006,-5.856682],[-35.578511,-5.855477],[-35.578507,-5.853727],[-35.579085,-5.851945],[-35.582652,-5.847914],[-35.58392,-5.847248],[-35.585038,-5.847207],[-35.585771,-5.848321],[-35.585917,-5.849717],[-35.58555,-5.853182],[-35.584951,-5.854914],[-35.584083,-5.85581],[-35.580006,-5.856682]],[[-35.594661,-5.89397],[-35.594108,-5.893409],[-35.594652,-5.89198],[-35.598769,-5.887909],[-35.603529,-5.882029],[-35.604336,-5.881674],[-35.605211,-5.881816],[-35.605398,-5.883027],[-35.60426,-5.884899],[-35.601034,-5.887709],[-35.598828,-5.89051],[-35.594661,-5.89397]]]}},{"type":"Feature","id":283,"properties":{"sigla":"A34sc1","unidade":"Serra Caiada, migmatito","era":"Mesoarqueano","litotipo_secundario":"Anfibolito, Migmatito","grupo":"Complexo Serra Caiada","fonte":"Folhas João Câmara, Lajes, Natal, Santa Cruz, São José do MIpibu, São José do Campestre - GEOSBG/CPRM (2014)"},"geometry":{"type":"Polygon","coordinates":[[[-35.724342,-5.69475],[-35.720515,-5.705952],[-35.717474,-5.712594],[-35.716113,-5.71748],[-35.712839,-5.724072],[-35.709431,-5.735768],[-35.704951,-5.746278],[-35.702581,-5.753715],[-35.70175,-5.757741],[-35.701359,-5.763795],[-35.699448,-5.778941],[-35.699212,-5.786397],[-35.698372,-5.793717],[-35.692453,-5.819519],[-35.694928,-5.816108],[-35.698548,-5.813316],[-35.701538,-5.812034],[-35.70424,-5.81162],[-35.706871,-5.81189],[-35.708096,-5.81273],[-35.708382,-5.81367],[-35.713556,-5.81515],[-35.714595,-5.816368],[-35.717723,-5.822279],[-35.717271,-5.82595],[-35.716053,-5.826709],[-35.714371,-5.828715],[-35.716019,-5.82787],[-35.719809,-5.827513],[-35.722733,-5.828432],[-35.724137,-5.829736],[-35.725235,-5.83333],[-35.728258,-5.833573],[-35.730005,-5.834227],[-35.732661,-5.836502],[-35.73321,-5.838125],[-35.732971,-5.841155],[-35.731022,-5.845873],[-35.725037,-5.856283],[-35.722003,-5.86037],[-35.718211,-5.86208],[-35.716243,-5.861849],[-35.714332,-5.858935],[-35.713526,-5.855983],[-35.7135,-5.853493],[-35.713277,-5.854045],[-35.708851,-5.86648],[-35.707604,-5.871864],[-35.709905,-5.872804],[-35.713083,-5.872257],[-35.713418,-5.873291],[-35.712702,-5.874122],[-35.709622,-5.874502],[-35.708066,-5.875508],[-35.70716,-5.875535],[-35.706565,-5.889438],[-35.707656,-5.903802],[-35.710402,-5.905602],[-35.709658,-5.904327],[-35.709865,-5.901504],[-35.710438,-5.899698],[-35.711548,-5.898205],[-35.715495,-5.896248],[-35.719976,-5.895129],[-35.721739,-5.894223],[-35.722968,-5.894174],[-35.725118,-5.894878],[-35.72607,-5.89584],[-35.726211,-5.900423],[-35.72524,-5.902662],[-35.72278,-5.90502],[-35.721977,-5.907487],[-35.720338,-5.909889],[-35.717162,-5.911163],[-35.718143,-5.912065],[-35.719909,-5.912076],[-35.722585,-5.911141],[-35.723955,-5.911552],[-35.725196,-5.910125],[-35.725969,-5.909939],[-35.7268,-5.910317],[-35.728015,-5.913077],[-35.729424,-5.913357],[-35.730229,-5.910226],[-35.731641,-5.909562],[-35.729778,-5.907707],[-35.730349,-5.907264],[-35.732639,-5.907794],[-35.733154,-5.907499],[-35.733281,-5.906584],[-35.732704,-5.904285],[-35.732884,-5.902748],[-35.733868,-5.901342],[-35.735198,-5.900976],[-35.737804,-5.901976],[-35.739269,-5.906057],[-35.740771,-5.907101],[-35.742707,-5.906931],[-35.74412,-5.905593],[-35.746333,-5.906592],[-35.747476,-5.905659],[-35.748807,-5.906266],[-35.749692,-5.905369],[-35.75029,-5.905724],[-35.751492,-5.907695],[-35.753692,-5.906966],[-35.754865,-5.907537],[-35.755025,-5.905239],[-35.755814,-5.905122],[-35.75753,-5.905862],[-35.763046,-5.910315],[-35.763647,-5.912417],[-35.763548,-5.913865],[-35.762924,-5.914849],[-35.761061,-5.916079],[-35.760956,-5.916685],[-35.76196,-5.917631],[-35.765265,-5.918351],[-35.766297,-5.920898],[-35.774117,-5.920062],[-35.775569,-5.920743],[-35.777133,-5.922445],[-35.777991,-5.922531],[-35.778955,-5.921773],[-35.779667,-5.921875],[-35.782094,-5.924203],[-35.783925,-5.923031],[-35.783835,-5.920585],[-35.784793,-5.919999],[-35.7857,-5.920445],[-35.788294,-5.923462],[-35.789657,-5.923781],[-35.790674,-5.922758],[-35.790757,-5.920919],[-35.788606,-5.917639],[-35.787807,-5.91502],[-35.788273,-5.914066],[-35.79025,-5.912351],[-35.791233,-5.910353],[-35.794678,-5.91122],[-35.796716,-5.910599],[-35.797718,-5.910815],[-35.797587,-5.91323],[-35.798964,-5.916251],[-35.798893,-5.918708],[-35.798363,-5.920304],[-35.798636,-5.920903],[-35.799828,-5.91869],[-35.803116,-5.907776],[-35.811978,-5.891577],[-35.814767,-5.883879],[-35.817563,-5.877728],[-35.818291,-5.872698],[-35.817977,-5.864511],[-35.818724,-5.858946],[-35.819481,-5.857106],[-35.822446,-5.852089],[-35.827235,-5.849124],[-35.829288,-5.848896],[-35.832252,-5.850264],[-35.834305,-5.853685],[-35.835445,-5.85665],[-35.838794,-5.871714],[-35.837866,-5.879504],[-35.837612,-5.891613],[-35.837928,-5.893042],[-35.837224,-5.894203],[-35.837164,-5.896209],[-35.835558,-5.896422],[-35.834935,-5.89732],[-35.832282,-5.901444],[-35.829204,-5.907734],[-35.832029,-5.908737],[-35.832473,-5.910132],[-35.832385,-5.911433],[-35.831871,-5.912796],[-35.829454,-5.915748],[-35.826898,-5.920302],[-35.82551,-5.924744],[-35.824381,-5.925481],[-35.821907,-5.924886],[-35.820243,-5.923094],[-35.819994,-5.921291],[-35.820919,-5.91634],[-35.826058,-5.909912],[-35.823437,-5.911415],[-35.819395,-5.915405],[-35.817119,-5.918009],[-35.815799,-5.920202],[-35.814423,-5.924832],[-35.81524,-5.923786],[-35.815928,-5.923562],[-35.817261,-5.924689],[-35.818591,-5.924755],[-35.818927,-5.925246],[-35.817074,-5.930317],[-35.822242,-5.9285],[-35.824535,-5.927497],[-35.8274,-5.924202],[-35.832986,-5.914604],[-35.839576,-5.91088],[-35.843444,-5.907012],[-35.845879,-5.903431],[-35.848171,-5.89899],[-35.849461,-5.89397],[-35.848926,-5.88363],[-35.84964,-5.879529],[-35.850709,-5.866159],[-35.850531,-5.860276],[-35.849283,-5.851451],[-35.84621,-5.83444],[-35.845539,-5.819005],[-35.843756,-5.808843],[-35.843043,-5.800107],[-35.840904,-5.790837],[-35.839121,-5.7854],[-35.835734,-5.777021],[-35.822335,-5.738126],[-35.819662,-5.732781],[-35.817018,-5.7335],[-35.816158,-5.732611],[-35.814802,-5.734086],[-35.811777,-5.734895],[-35.811314,-5.734657],[-35.810377,-5.735354],[-35.81334,-5.738457],[-35.814229,-5.740112],[-35.814431,-5.741637],[-35.814114,-5.743733],[-35.813113,-5.745395],[-35.809727,-5.747995],[-35.80883,-5.748394],[-35.807795,-5.748219],[-35.806477,-5.747311],[-35.803873,-5.743566],[-35.803954,-5.740245],[-35.803029,-5.737277],[-35.803497,-5.733614],[-35.79837,-5.729577],[-35.795964,-5.729055],[-35.795797,-5.731537],[-35.795091,-5.731869],[-35.794426,-5.731038],[-35.793864,-5.7286],[-35.785816,-5.726074],[-35.779781,-5.725006],[-35.779007,-5.724404],[-35.777031,-5.72427],[-35.774976,-5.722945],[-35.77503,-5.721603],[-35.775728,-5.720389],[-35.774794,-5.719461],[-35.774119,-5.719475],[-35.773718,-5.718238],[-35.771784,-5.718666],[-35.771124,-5.719255],[-35.768597,-5.717645],[-35.767367,-5.728217],[-35.767371,-5.732942],[-35.766835,-5.733555],[-35.765911,-5.733447],[-35.765147,-5.732216],[-35.765726,-5.726757],[-35.765856,-5.716567],[-35.764999,-5.716168],[-35.765519,-5.714639],[-35.765971,-5.714352],[-35.765962,-5.713344],[-35.765068,-5.713198],[-35.764372,-5.711046],[-35.764022,-5.710739],[-35.760966,-5.7117],[-35.759942,-5.711306],[-35.7596,-5.711663],[-35.759727,-5.712791],[-35.758863,-5.713653],[-35.757505,-5.712956],[-35.757305,-5.714183],[-35.756171,-5.714017],[-35.755309,-5.71277],[-35.755874,-5.711526],[-35.754512,-5.710501],[-35.752743,-5.710768],[-35.752522,-5.711219],[-35.750638,-5.7112],[-35.749886,-5.711983],[-35.749237,-5.713597],[-35.745446,-5.712328],[-35.74511,-5.711297],[-35.745332,-5.710029],[-35.742544,-5.708395],[-35.74152,-5.708104],[-35.740845,-5.708354],[-35.740351,-5.707102],[-35.741485,-5.704506],[-35.741019,-5.703476],[-35.741368,-5.702434],[-35.740577,-5.701785],[-35.73899,-5.701557],[-35.73712,-5.702564],[-35.736335,-5.702296],[-35.734685,-5.704393],[-35.733925,-5.704487],[-35.734782,-5.706436],[-35.741019,-5.715269],[-35.741247,-5.718779],[-35.740078,-5.718721],[-35.735055,-5.712128],[-35.732654,-5.704838],[-35.732298,-5.704958],[-35.73085,-5.703725],[-35.729691,-5.7036],[-35.729803,-5.701373],[-35.729223,-5.700427],[-35.728337,-5.700654],[-35.727649,-5.700314],[-35.727495,-5.699428],[-35.728188,-5.698676],[-35.727318,-5.697461],[-35.728363,-5.695712],[-35.728181,-5.69536],[-35.726807,-5.695529],[-35.724342,-5.69475]],[[-35.738472,-5.751768],[-35.737606,-5.750982],[-35.735051,-5.744662],[-35.730996,-5.738302],[-35.727558,-5.728362],[-35.727596,-5.726876],[-35.728433,-5.725857],[-35.729633,-5.726035],[-35.730777,-5.728171],[-35.732759,-5.734601],[-35.732855,-5.736246],[-35.733679,-5.737884],[-35.735885,-5.740626],[-35.738468,-5.746917],[-35.739089,-5.750998],[-35.738903,-5.751653],[-35.738472,-5.751768]],[[-35.755086,-5.778514],[-35.754192,-5.778077],[-35.752204,-5.774325],[-35.748952,-5.766937],[-35.747016,-5.763582],[-35.746617,-5.761263],[-35.744556,-5.758319],[-35.743868,-5.753325],[-35.744502,-5.751694],[-35.745322,-5.75184],[-35.746154,-5.752807],[-35.747208,-5.755209],[-35.747886,-5.75984],[-35.751983,-5.765828],[-35.753289,-5.770391],[-35.75513,-5.773685],[-35.756002,-5.777421],[-35.755769,-5.778374],[-35.755086,-5.778514]],[[-35.767664,-5.788927],[-35.767112,-5.788378],[-35.767193,-5.787562],[-35.768866,-5.785469],[-35.77019,-5.782845],[-35.772287,-5.780725],[-35.775884,-5.775662],[-35.777351,-5.775366],[-35.77761,-5.776623],[-35.775755,-5.779998],[-35.771957,-5.784593],[-35.76984,-5.787808],[-35.767664,-5.788927]],[[-35.831824,-5.783985],[-35.832827,-5.784123],[-35.833553,-5.786128],[-35.835189,-5.798168],[-35.834903,-5.798313],[-35.834328,-5.797886],[-35.833748,-5.796454],[-35.831687,-5.785133],[-35.831824,-5.783985]],[[-35.731803,-5.80833],[-35.728729,-5.806539],[-35.725288,-5.803545],[-35.721823,-5.791356],[-35.721436,-5.787959],[-35.721792,-5.786377],[-35.72414,-5.783805],[-35.726565,-5.78283],[-35.728775,-5.783002],[-35.732606,-5.785134],[-35.734769,-5.787046],[-35.735862,-5.788749],[-35.739157,-5.797699],[-35.740314,-5.805318],[-35.739851,-5.806726],[-35.738113,-5.807818],[-35.735652,-5.808553],[-35.734331,-5.8088],[-35.731803,-5.80833]],[[-35.75262,-5.796244],[-35.752032,-5.793438],[-35.752489,-5.791611],[-35.754316,-5.789948],[-35.756273,-5.790013],[-35.75947,-5.793667],[-35.760971,-5.796994],[-35.762993,-5.799343],[-35.764168,-5.79993],[-35.768017,-5.80006],[-35.77017,-5.798429],[-35.771605,-5.796472],[-35.771671,-5.79582],[-35.773824,-5.794254],[-35.774867,-5.794645],[-35.776694,-5.796635],[-35.777216,-5.798984],[-35.77702,-5.801398],[-35.772453,-5.810793],[-35.77017,-5.812489],[-35.767691,-5.81262],[-35.765081,-5.811054],[-35.756599,-5.802311],[-35.75399,-5.798919],[-35.75262,-5.796244]],[[-35.767652,-5.817359],[-35.772728,-5.812725],[-35.774494,-5.811621],[-35.776038,-5.811732],[-35.774714,-5.81438],[-35.76699,-5.82067],[-35.762576,-5.82067],[-35.761693,-5.819787],[-35.761804,-5.818794],[-35.762466,-5.818242],[-35.765666,-5.818132],[-35.767652,-5.817359]],[[-35.841515,-5.820622],[-35.839967,-5.820047],[-35.839293,-5.818386],[-35.838891,-5.814342],[-35.839469,-5.813648],[-35.840247,-5.814049],[-35.841012,-5.815926],[-35.841109,-5.816781],[-35.840604,-5.817232],[-35.841619,-5.820189],[-35.841515,-5.820622]],[[-35.808259,-5.817911],[-35.808149,-5.816366],[-35.810246,-5.810187],[-35.810135,-5.805883],[-35.810687,-5.805221],[-35.811901,-5.805221],[-35.811901,-5.810628],[-35.811349,-5.813939],[-35.809694,-5.817801],[-35.808921,-5.818353],[-35.808259,-5.817911]],[[-35.783652,-5.809194],[-35.785859,-5.802904],[-35.791487,-5.79838],[-35.793694,-5.797497],[-35.795239,-5.798049],[-35.795239,-5.799152],[-35.794687,-5.800146],[-35.78928,-5.803677],[-35.784866,-5.810187],[-35.783763,-5.810297],[-35.783652,-5.809194]],[[-35.780241,-5.757574],[-35.779803,-5.754902],[-35.779891,-5.751704],[-35.780899,-5.746184],[-35.780855,-5.743162],[-35.781424,-5.742286],[-35.782037,-5.742242],[-35.782388,-5.742329],[-35.782563,-5.743162],[-35.782432,-5.748594],[-35.781556,-5.753106],[-35.781293,-5.757355],[-35.780241,-5.757574]],[[-35.730752,-5.752269],[-35.729335,-5.751696],[-35.727765,-5.749713],[-35.725317,-5.743906],[-35.721901,-5.739689],[-35.720292,-5.735561],[-35.719519,-5.73203],[-35.719625,-5.730002],[-35.720458,-5.729122],[-35.721264,-5.729117],[-35.722351,-5.729904],[-35.724049,-5.733012],[-35.729141,-5.74766],[-35.731353,-5.751279],[-35.731323,-5.752087],[-35.730752,-5.752269]],[[-35.801418,-5.843512],[-35.800756,-5.842187],[-35.801528,-5.841415],[-35.803846,-5.837001],[-35.804949,-5.834132],[-35.80539,-5.828504],[-35.806384,-5.826518],[-35.807046,-5.825966],[-35.80848,-5.826077],[-35.808811,-5.828394],[-35.807046,-5.834022],[-35.802742,-5.842298],[-35.801418,-5.843512]],[[-35.829679,-5.841945],[-35.834546,-5.841347],[-35.836119,-5.840765],[-35.838972,-5.838599],[-35.841406,-5.8383],[-35.843258,-5.836426],[-35.843832,-5.83671],[-35.844555,-5.837997],[-35.845946,-5.838788],[-35.844999,-5.840863],[-35.845007,-5.842441],[-35.843436,-5.84331],[-35.841862,-5.843605],[-35.84071,-5.842463],[-35.839851,-5.842467],[-35.835567,-5.845071],[-35.833069,-5.844937],[-35.835904,-5.848431],[-35.83609,-5.84992],[-35.835673,-5.849863],[-35.832244,-5.845405],[-35.830989,-5.846098],[-35.829127,-5.846107],[-35.82856,-5.842921],[-35.827961,-5.842691],[-35.826116,-5.8427],[-35.822849,-5.843849],[-35.819768,-5.846606],[-35.820058,-5.844936],[-35.822605,-5.842658],[-35.824504,-5.841516],[-35.828192,-5.841379],[-35.829679,-5.841945]],[[-35.800425,-5.855208],[-35.79899,-5.854546],[-35.798218,-5.853443],[-35.798439,-5.849801],[-35.799321,-5.848256],[-35.800535,-5.847153],[-35.80208,-5.846491],[-35.804839,-5.846822],[-35.806273,-5.847925],[-35.806715,-5.849691],[-35.806825,-5.851236],[-35.806273,-5.853001],[-35.805059,-5.854546],[-35.803404,-5.855539],[-35.800425,-5.855208]],[[-35.82282,-5.835724],[-35.826253,-5.834356],[-35.829514,-5.834514],[-35.831731,-5.835474],[-35.834085,-5.837221],[-35.835022,-5.838722],[-35.83522,-5.840058],[-35.834721,-5.840488],[-35.833439,-5.83873],[-35.831465,-5.837092],[-35.82854,-5.83587],[-35.825027,-5.836271],[-35.820249,-5.838963],[-35.820336,-5.838032],[-35.82282,-5.835724]],[[-35.768152,-5.873643],[-35.768152,-5.872376],[-35.769974,-5.871109],[-35.775756,-5.868495],[-35.780667,-5.864693],[-35.783201,-5.863663],[-35.785261,-5.862238],[-35.786211,-5.862238],[-35.786211,-5.863426],[-35.784785,-5.864931],[-35.780667,-5.86802],[-35.770212,-5.873406],[-35.769103,-5.873881],[-35.768152,-5.873643]],[[-35.745584,-5.875664],[-35.748875,-5.87493],[-35.749456,-5.876649],[-35.752752,-5.876919],[-35.75304,-5.877205],[-35.752903,-5.878497],[-35.749753,-5.878656],[-35.748039,-5.880102],[-35.745172,-5.879395],[-35.740879,-5.880277],[-35.739587,-5.87971],[-35.738216,-5.881335],[-35.737276,-5.880636],[-35.737432,-5.878429],[-35.735424,-5.877865],[-35.734848,-5.877438],[-35.734702,-5.876721],[-35.735272,-5.876145],[-35.737852,-5.876419],[-35.738996,-5.875983],[-35.739564,-5.875119],[-35.739997,-5.875691],[-35.740151,-5.877986],[-35.744019,-5.877823],[-35.744578,-5.875095],[-35.745584,-5.875664]]]}},{"type":"Feature","id":284,"properties":{"sigla":"A23j","unidade":"Presidente Juscelino","era":"Paleoarqueano","litotipo_secundario":"Migmatito estromático, Metagabronorito, Metatonalito, Metatrondhjemito","grupo":"Complexo Presidente Juscelino","fonte":"Folhas João Câmara, Lajes, Natal, Santa Cruz, São José do MIpibu, São José do Campestre - GEOSBG/CPRM (2014)"},"geometry":{"type":"Polygon","coordinates":[[[-35.698639,-5.874424],[-35.696273,-5.8786],[-35.69569,-5.880552],[-35.694978,-5.881303],[-35.693635,-5.882083],[-35.690739,-5.882447],[-35.689642,-5.883095],[-35.685513,-5.883477],[-35.686691,-5.88185],[-35.686651,-5.881028],[-35.686228,-5.880702],[-35.685628,-5.881229],[-35.685347,-5.882497],[-35.683831,-5.882868],[-35.683429,-5.884129],[-35.682867,-5.884451],[-35.681283,-5.883103],[-35.679367,-5.882608],[-35.673856,-5.884016],[-35.673672,-5.883211],[-35.672752,-5.883011],[-35.672413,-5.881818],[-35.671264,-5.881828],[-35.669881,-5.885621],[-35.663005,-5.898081],[-35.657453,-5.902688],[-35.644067,-5.91586],[-35.641427,-5.919033],[-35.638049,-5.924217],[-35.631684,-5.931546],[-35.626842,-5.940504],[-35.616761,-5.94949],[-35.614043,-5.953105],[-35.612651,-5.955378],[-35.613014,-5.955792],[-35.61432,-5.955949],[-35.616128,-5.95514],[-35.617971,-5.956067],[-35.620261,-5.955149],[-35.620852,-5.956275],[-35.620784,-5.957287],[-35.619725,-5.958593],[-35.618109,-5.95931],[-35.617327,-5.958895],[-35.617016,-5.95759],[-35.61617,-5.957425],[-35.615323,-5.95935],[-35.613435,-5.960021],[-35.612372,-5.961612],[-35.611215,-5.961596],[-35.609685,-5.960211],[-35.606871,-5.965631],[-35.604829,-5.975892],[-35.600162,-5.990803],[-35.603285,-5.991009],[-35.60916,-5.994295],[-35.611415,-5.993408],[-35.613339,-5.996762],[-35.61587,-5.998898],[-35.617302,-6.001163],[-35.618436,-6.002141],[-35.62098,-6.002957],[-35.622207,-6.004285],[-35.623451,-6.004757],[-35.631639,-6.005008],[-35.638385,-6.008415],[-35.642366,-6.012335],[-35.645546,-6.013721],[-35.646888,-6.013663],[-35.647732,-6.012733],[-35.648001,-6.011227],[-35.647511,-6.009784],[-35.645122,-6.007878],[-35.639377,-6.005101],[-35.637076,-6.002969],[-35.634914,-6.001721],[-35.633757,-5.999715],[-35.633826,-5.997784],[-35.635425,-5.9968],[-35.63739,-5.997122],[-35.643067,-6.002584],[-35.644316,-6.001257],[-35.64501,-5.998051],[-35.645902,-5.997242],[-35.647215,-5.997383],[-35.649438,-5.998857],[-35.652795,-5.99997],[-35.653558,-6.001042],[-35.65364,-6.002789],[-35.651554,-6.005171],[-35.651819,-6.008861],[-35.653631,-6.010495],[-35.655453,-6.011445],[-35.657981,-6.01159],[-35.659172,-6.011278],[-35.65997,-6.01158],[-35.663681,-6.015474],[-35.665131,-6.018819],[-35.666855,-6.020469],[-35.669971,-6.024918],[-35.674452,-6.029398],[-35.675284,-6.031079],[-35.675504,-6.033284],[-35.674605,-6.034815],[-35.673207,-6.035413],[-35.673167,-6.036553],[-35.673637,-6.037553],[-35.688097,-6.024283],[-35.689996,-6.021791],[-35.691464,-6.01884],[-35.68999,-6.018081],[-35.687418,-6.017832],[-35.685507,-6.016267],[-35.681014,-6.013871],[-35.67995,-6.012561],[-35.67883,-6.009943],[-35.678892,-6.009182],[-35.68006,-6.008218],[-35.681813,-6.007681],[-35.682616,-6.00635],[-35.683374,-6.00596],[-35.686094,-6.007407],[-35.689605,-6.007103],[-35.690537,-6.006089],[-35.690368,-6.005089],[-35.689409,-6.004225],[-35.68787,-6.003863],[-35.685241,-6.000866],[-35.683917,-5.998074],[-35.68264,-5.996668],[-35.6819,-5.99644],[-35.678996,-5.997825],[-35.676654,-5.999476],[-35.675376,-6.002022],[-35.674084,-6.003372],[-35.673055,-6.006368],[-35.67193,-6.007081],[-35.670591,-6.007147],[-35.66924,-6.005564],[-35.668934,-6.003521],[-35.669335,-6.002091],[-35.66916,-6.001074],[-35.666096,-5.997952],[-35.664715,-5.997772],[-35.662774,-5.99889],[-35.66101,-5.99756],[-35.659284,-5.997099],[-35.659179,-5.995656],[-35.657878,-5.994522],[-35.656805,-5.992886],[-35.653597,-5.992851],[-35.651613,-5.991204],[-35.648021,-5.991182],[-35.647707,-5.989723],[-35.646846,-5.98944],[-35.646418,-5.98877],[-35.647065,-5.988096],[-35.648905,-5.987638],[-35.652237,-5.988604],[-35.656252,-5.991005],[-35.657523,-5.991015],[-35.658513,-5.990065],[-35.658661,-5.986923],[-35.65809,-5.983805],[-35.657359,-5.982258],[-35.654987,-5.980186],[-35.65326,-5.980889],[-35.652229,-5.980304],[-35.651164,-5.981199],[-35.650475,-5.981304],[-35.650186,-5.980186],[-35.650626,-5.978591],[-35.649612,-5.976795],[-35.650425,-5.974939],[-35.651789,-5.973926],[-35.653896,-5.973124],[-35.658951,-5.972184],[-35.659764,-5.970137],[-35.659395,-5.968326],[-35.65873,-5.967566],[-35.656342,-5.967243],[-35.655401,-5.96666],[-35.65352,-5.967552],[-35.652877,-5.966728],[-35.651703,-5.966549],[-35.650295,-5.967147],[-35.648335,-5.968999],[-35.647429,-5.969138],[-35.646243,-5.967851],[-35.646765,-5.964418],[-35.646222,-5.963873],[-35.645498,-5.9639],[-35.641901,-5.96874],[-35.642159,-5.969855],[-35.643807,-5.971637],[-35.64407,-5.972924],[-35.641911,-5.975216],[-35.640744,-5.97923],[-35.637127,-5.979684],[-35.63522,-5.979249],[-35.631832,-5.980532],[-35.631285,-5.980133],[-35.631375,-5.978385],[-35.633369,-5.974306],[-35.633249,-5.972912],[-35.634861,-5.970973],[-35.634855,-5.967513],[-35.635952,-5.966693],[-35.639668,-5.965694],[-35.640181,-5.964839],[-35.64003,-5.963956],[-35.637729,-5.962987],[-35.635941,-5.960546],[-35.634655,-5.960296],[-35.633574,-5.960933],[-35.63265,-5.962458],[-35.632028,-5.962182],[-35.630858,-5.962523],[-35.630252,-5.961869],[-35.628964,-5.962615],[-35.62706,-5.962436],[-35.62718,-5.963161],[-35.628887,-5.964076],[-35.629462,-5.96492],[-35.629221,-5.965892],[-35.628039,-5.9661],[-35.625106,-5.965187],[-35.623395,-5.963052],[-35.620276,-5.961921],[-35.619847,-5.961234],[-35.620892,-5.960279],[-35.62427,-5.959263],[-35.62548,-5.957674],[-35.625597,-5.956977],[-35.62518,-5.956321],[-35.622893,-5.955621],[-35.623025,-5.954603],[-35.625667,-5.953811],[-35.626893,-5.952021],[-35.630419,-5.951415],[-35.631351,-5.950007],[-35.631946,-5.950451],[-35.631581,-5.953861],[-35.632136,-5.955094],[-35.634542,-5.954566],[-35.63642,-5.955116],[-35.638066,-5.954172],[-35.639401,-5.954389],[-35.640645,-5.95139],[-35.64124,-5.951141],[-35.644739,-5.951794],[-35.647075,-5.95109],[-35.648891,-5.95352],[-35.653977,-5.953742],[-35.656067,-5.952924],[-35.659885,-5.952293],[-35.660577,-5.951613],[-35.660861,-5.950588],[-35.662015,-5.949635],[-35.662592,-5.947381],[-35.664882,-5.946906],[-35.666206,-5.945778],[-35.666734,-5.946347],[-35.666971,-5.948694],[-35.667591,-5.949194],[-35.668453,-5.949227],[-35.668621,-5.949909],[-35.666774,-5.952342],[-35.663172,-5.953681],[-35.662047,-5.954865],[-35.661691,-5.957854],[-35.663476,-5.96031],[-35.663749,-5.962281],[-35.66452,-5.963076],[-35.665683,-5.962905],[-35.667108,-5.961318],[-35.669693,-5.960762],[-35.671099,-5.958584],[-35.67316,-5.958462],[-35.676748,-5.951486],[-35.681527,-5.944187],[-35.686937,-5.939546],[-35.690897,-5.934542],[-35.700475,-5.915629],[-35.696868,-5.913988],[-35.696583,-5.914276],[-35.69717,-5.917143],[-35.696025,-5.917435],[-35.69416,-5.917014],[-35.694431,-5.913713],[-35.693852,-5.912425],[-35.690403,-5.91029],[-35.688826,-5.91001],[-35.688669,-5.907285],[-35.689098,-5.90714],[-35.692256,-5.908272],[-35.693842,-5.910416],[-35.695416,-5.910122],[-35.696135,-5.910549],[-35.696562,-5.909973],[-35.696557,-5.908969],[-35.697563,-5.909538],[-35.697842,-5.908102],[-35.698413,-5.907669],[-35.698844,-5.90781],[-35.699564,-5.908667],[-35.70015,-5.91139],[-35.700872,-5.912391],[-35.701589,-5.912531],[-35.702594,-5.912414],[-35.703965,-5.910693],[-35.70383,-5.91028],[-35.700632,-5.908035],[-35.699884,-5.906546],[-35.697679,-5.905224],[-35.697567,-5.904343],[-35.699114,-5.904366],[-35.706425,-5.908297],[-35.706598,-5.908009],[-35.706124,-5.906521],[-35.704435,-5.90534],[-35.704246,-5.904796],[-35.704666,-5.904482],[-35.706543,-5.904698],[-35.707196,-5.903835],[-35.707656,-5.903802],[-35.706565,-5.889438],[-35.70716,-5.875535],[-35.704445,-5.874399],[-35.703801,-5.874576],[-35.702823,-5.87565],[-35.702133,-5.875703],[-35.700827,-5.874355],[-35.699739,-5.873992],[-35.698639,-5.874424]],[[-35.690582,-5.91751],[-35.690066,-5.919207],[-35.688905,-5.920606],[-35.685433,-5.922812],[-35.682955,-5.923462],[-35.680589,-5.923316],[-35.678896,-5.922534],[-35.677514,-5.920922],[-35.676836,-5.918764],[-35.677215,-5.91636],[-35.679369,-5.913627],[-35.680841,-5.91284],[-35.684818,-5.911773],[-35.686818,-5.911907],[-35.688423,-5.912868],[-35.690373,-5.9161],[-35.690582,-5.91751]],[[-35.638753,-5.943651],[-35.636325,-5.947157],[-35.635632,-5.949282],[-35.634837,-5.949933],[-35.634184,-5.94986],[-35.634065,-5.948443],[-35.635328,-5.945502],[-35.636014,-5.942612],[-35.639943,-5.935269],[-35.642909,-5.931356],[-35.644589,-5.931045],[-35.644995,-5.932095],[-35.644813,-5.933249],[-35.640972,-5.938228],[-35.638753,-5.943651]],[[-35.620355,-5.979445],[-35.617467,-5.981885],[-35.616652,-5.982024],[-35.61585,-5.981554],[-35.615701,-5.980042],[-35.617628,-5.975531],[-35.619193,-5.974193],[-35.620364,-5.973989],[-35.621108,-5.974531],[-35.621007,-5.978054],[-35.620355,-5.979445]],[[-35.624724,-5.989561],[-35.627046,-5.990897],[-35.62978,-5.99011],[-35.631259,-5.990375],[-35.632344,-5.991205],[-35.635124,-5.991205],[-35.63614,-5.991748],[-35.636618,-5.992757],[-35.636147,-5.99336],[-35.634668,-5.993482],[-35.634306,-5.994143],[-35.633444,-5.994291],[-35.633055,-5.996057],[-35.628104,-5.995897],[-35.625459,-5.994373],[-35.622206,-5.993992],[-35.622249,-5.992284],[-35.621154,-5.990691],[-35.621473,-5.990044],[-35.623453,-5.989328],[-35.624724,-5.989561]]]}},{"type":"Feature","id":285,"properties":{"sigla":"A23j","unidade":"Presidente Juscelino","era":"Paleoarqueano","litotipo_secundario":"Migmatito estromático, Metagabronorito, Metatonalito, Metatrondhjemito","grupo":"Complexo Presidente Juscelino","fonte":"Folhas João Câmara, Lajes, Natal, Santa Cruz, São José do MIpibu, São José do Campestre - GEOSBG/CPRM (2014)"},"geometry":{"type":"Polygon","coordinates":[[[-35.620949,-5.868565],[-35.616433,-5.87617],[-35.611327,-5.882966],[-35.605989,-5.888677],[-35.59954,-5.894414],[-35.596621,-5.897992],[-35.59307,-5.904448],[-35.590963,-5.911789],[-35.588686,-5.916713],[-35.58688,-5.919333],[-35.579647,-5.927452],[-35.579917,-5.928546],[-35.581254,-5.929145],[-35.58212,-5.930207],[-35.58291,-5.93506],[-35.585978,-5.937699],[-35.586146,-5.93959],[-35.585602,-5.941646],[-35.598441,-5.928417],[-35.609387,-5.919389],[-35.620718,-5.906267],[-35.629382,-5.893932],[-35.632597,-5.891384],[-35.637282,-5.889051],[-35.641158,-5.884552],[-35.642079,-5.881545],[-35.642896,-5.876485],[-35.644452,-5.873301],[-35.642441,-5.875806],[-35.641531,-5.87568],[-35.640398,-5.874388],[-35.639223,-5.873997],[-35.635435,-5.874761],[-35.633476,-5.876943],[-35.631908,-5.877199],[-35.63114,-5.87642],[-35.631132,-5.874417],[-35.629259,-5.87367],[-35.628949,-5.872385],[-35.62973,-5.871552],[-35.631455,-5.871509],[-35.633048,-5.870719],[-35.634793,-5.870855],[-35.635125,-5.869691],[-35.634344,-5.868552],[-35.626306,-5.867649],[-35.624946,-5.868199],[-35.620949,-5.868565]],[[-35.596297,-5.909775],[-35.59533,-5.909314],[-35.594345,-5.907928],[-35.593878,-5.906228],[-35.593971,-5.904754],[-35.599912,-5.895666],[-35.601811,-5.893639],[-35.617542,-5.88688],[-35.62237,-5.886855],[-35.624311,-5.888213],[-35.62515,-5.890501],[-35.62487,-5.894486],[-35.621985,-5.899209],[-35.619815,-5.90141],[-35.616163,-5.903749],[-35.612643,-5.904892],[-35.609066,-5.906686],[-35.602216,-5.908782],[-35.596297,-5.909775]]]}},{"type":"Feature","id":286,"properties":{"sigla":"A34sc2","unidade":"Serra Caiada, paragnaisse","era":"Mesoarqueano","litotipo_principal":"Biotita gnaisse, Gnaisse quartzo-feldspático, Granada gnaisse","litotipo_secundario":"Anfibolito","grupo":"Complexo Serra Caiada","fonte":"Folhas João Câmara, Lajes, Natal, Santa Cruz, São José do MIpibu, São José do Campestre - GEOSBG/CPRM (2014)"},"geometry":{"type":"Polygon","coordinates":[[[-35.798673,-5.920985],[-35.800022,-5.921539],[-35.801614,-5.923214],[-35.802232,-5.92289],[-35.802721,-5.921942],[-35.803542,-5.921786],[-35.806649,-5.923708],[-35.810279,-5.923218],[-35.811307,-5.923621],[-35.812836,-5.925053],[-35.814423,-5.924832],[-35.815704,-5.920432],[-35.817119,-5.918009],[-35.823346,-5.911491],[-35.829054,-5.907927],[-35.832155,-5.901676],[-35.834369,-5.898158],[-35.833889,-5.898312],[-35.831443,-5.897492],[-35.830703,-5.895549],[-35.829058,-5.896852],[-35.828322,-5.896753],[-35.827362,-5.897385],[-35.826608,-5.897388],[-35.826336,-5.896999],[-35.826508,-5.89489],[-35.825253,-5.893375],[-35.826565,-5.892768],[-35.830303,-5.892895],[-35.831314,-5.891306],[-35.832136,-5.890856],[-35.834806,-5.891782],[-35.837612,-5.891613],[-35.837931,-5.878184],[-35.838794,-5.871714],[-35.835445,-5.85665],[-35.834305,-5.853685],[-35.832252,-5.850264],[-35.831112,-5.84958],[-35.829288,-5.848896],[-35.827235,-5.849124],[-35.824955,-5.850264],[-35.822446,-5.852089],[-35.819481,-5.857106],[-35.818724,-5.858946],[-35.817977,-5.864511],[-35.818291,-5.872698],[-35.817563,-5.877728],[-35.814767,-5.883879],[-35.811978,-5.891577],[-35.803116,-5.907776],[-35.799874,-5.918557],[-35.798673,-5.920985]],[[-35.826585,-5.867493],[-35.82657,-5.864481],[-35.830425,-5.862023],[-35.830998,-5.86202],[-35.832445,-5.865025],[-35.831743,-5.867897],[-35.832674,-5.872911],[-35.832214,-5.875927],[-35.830934,-5.877798],[-35.827215,-5.878821],[-35.826503,-5.879685],[-35.825375,-5.883134],[-35.824521,-5.884286],[-35.823804,-5.884146],[-35.822936,-5.882429],[-35.821771,-5.878705],[-35.821907,-5.87727],[-35.822188,-5.876265],[-35.825615,-5.874096],[-35.826585,-5.867493]]]}},{"type":"Feature","id":287,"properties":{"sigla":"A34sc1","unidade":"Serra Caiada, migmatito","era":"Mesoarqueano","litotipo_secundario":"Anfibolito, Migmatito","grupo":"Complexo Serra Caiada","fonte":"Folhas João Câmara, Lajes, Natal, Santa Cruz, São José do MIpibu, São José do Campestre - GEOSBG/CPRM (2014)"},"geometry":{"type":"Polygon","coordinates":[[[-35.69076,-5.844146],[-35.688795,-5.843596],[-35.686872,-5.840388],[-35.685621,-5.842788],[-35.683056,-5.844641],[-35.679958,-5.845861],[-35.665118,-5.849992],[-35.662309,-5.851485],[-35.659899,-5.85337],[-35.655804,-5.857337],[-35.656092,-5.858066],[-35.657971,-5.85792],[-35.65839,-5.858569],[-35.657248,-5.85913],[-35.657192,-5.860587],[-35.656321,-5.861191],[-35.654669,-5.864065],[-35.653878,-5.864529],[-35.649341,-5.864641],[-35.647706,-5.866919],[-35.645076,-5.872799],[-35.643149,-5.875765],[-35.641654,-5.883211],[-35.64024,-5.88594],[-35.637164,-5.889141],[-35.632597,-5.891384],[-35.629382,-5.893932],[-35.620718,-5.906267],[-35.609387,-5.919389],[-35.598441,-5.928417],[-35.585602,-5.941646],[-35.586358,-5.942405],[-35.590627,-5.943592],[-35.590986,-5.944395],[-35.590463,-5.945706],[-35.591341,-5.946187],[-35.591669,-5.947519],[-35.592741,-5.94784],[-35.593205,-5.948912],[-35.59419,-5.948903],[-35.59466,-5.949326],[-35.594302,-5.950968],[-35.593015,-5.952785],[-35.592627,-5.955346],[-35.591444,-5.956104],[-35.590536,-5.955939],[-35.588979,-5.954015],[-35.587705,-5.953813],[-35.584425,-5.95022],[-35.583338,-5.94983],[-35.582126,-5.950147],[-35.580935,-5.954638],[-35.580527,-5.958762],[-35.580802,-5.969479],[-35.583285,-5.981763],[-35.584316,-5.983165],[-35.584975,-5.982631],[-35.587156,-5.982602],[-35.590058,-5.984348],[-35.591563,-5.983228],[-35.591965,-5.983597],[-35.592193,-5.984948],[-35.595552,-5.985272],[-35.596718,-5.987283],[-35.596748,-5.9885],[-35.596164,-5.98976],[-35.592395,-5.99232],[-35.589919,-5.995667],[-35.589256,-5.999311],[-35.587929,-6.003125],[-35.589999,-6.002468],[-35.590879,-6.001717],[-35.591512,-6.001962],[-35.593837,-6.004264],[-35.593926,-6.006285],[-35.593505,-6.007921],[-35.598147,-6.002116],[-35.597551,-6.000974],[-35.597608,-5.99984],[-35.599998,-5.998948],[-35.599516,-5.996046],[-35.597176,-5.996446],[-35.596032,-5.996201],[-35.595386,-5.995304],[-35.595201,-5.993679],[-35.597313,-5.991349],[-35.600162,-5.990803],[-35.604829,-5.975892],[-35.606871,-5.965631],[-35.609685,-5.960211],[-35.609228,-5.959486],[-35.608351,-5.960522],[-35.606637,-5.959879],[-35.606305,-5.960476],[-35.606864,-5.962274],[-35.605885,-5.963398],[-35.604885,-5.963282],[-35.604334,-5.962302],[-35.604367,-5.960736],[-35.603639,-5.959707],[-35.60414,-5.956203],[-35.602342,-5.953891],[-35.602139,-5.95254],[-35.603105,-5.95205],[-35.60588,-5.952267],[-35.606589,-5.951492],[-35.607421,-5.951337],[-35.609628,-5.954339],[-35.611311,-5.954251],[-35.612651,-5.955378],[-35.616604,-5.94965],[-35.626842,-5.940504],[-35.631539,-5.931756],[-35.638049,-5.924217],[-35.643453,-5.916554],[-35.656934,-5.903176],[-35.663005,-5.898081],[-35.670461,-5.884349],[-35.671264,-5.881828],[-35.669583,-5.881408],[-35.669119,-5.880657],[-35.671717,-5.880087],[-35.673968,-5.87325],[-35.676534,-5.861208],[-35.679142,-5.85546],[-35.682069,-5.852018],[-35.683373,-5.851033],[-35.685252,-5.85033],[-35.687395,-5.850402],[-35.688308,-5.85125],[-35.688913,-5.852892],[-35.689117,-5.856476],[-35.693402,-5.858484],[-35.695343,-5.858657],[-35.697347,-5.858295],[-35.698922,-5.857632],[-35.699948,-5.856623],[-35.70196,-5.853028],[-35.703159,-5.845001],[-35.702627,-5.842316],[-35.700381,-5.837976],[-35.699997,-5.834609],[-35.697286,-5.84024],[-35.693369,-5.843397],[-35.69076,-5.844146]],[[-35.617505,-5.925861],[-35.616887,-5.925516],[-35.616953,-5.924511],[-35.618115,-5.922192],[-35.623428,-5.916656],[-35.624758,-5.914612],[-35.626587,-5.913212],[-35.628955,-5.913136],[-35.628956,-5.914116],[-35.627368,-5.916491],[-35.620734,-5.921926],[-35.618626,-5.925081],[-35.617505,-5.925861]],[[-35.597908,-5.94453],[-35.597373,-5.943836],[-35.597307,-5.942247],[-35.598326,-5.939318],[-35.60023,-5.936857],[-35.60665,-5.930888],[-35.607334,-5.930671],[-35.607541,-5.931893],[-35.606707,-5.933871],[-35.598688,-5.94404],[-35.597908,-5.94453]],[[-35.598754,-5.963566],[-35.600114,-5.965325],[-35.60323,-5.966581],[-35.605151,-5.968988],[-35.605349,-5.969856],[-35.605002,-5.970577],[-35.602877,-5.97019],[-35.600934,-5.971208],[-35.600997,-5.969588],[-35.599438,-5.969554],[-35.598973,-5.96788],[-35.596682,-5.968285],[-35.596,-5.968023],[-35.595489,-5.967254],[-35.595762,-5.965303],[-35.593458,-5.963236],[-35.593888,-5.962543],[-35.595788,-5.961946],[-35.596028,-5.961024],[-35.596934,-5.960682],[-35.597703,-5.961276],[-35.598754,-5.963566]]]}},{"type":"Feature","id":288,"properties":{"sigla":"A34sc1","unidade":"Serra Caiada, migmatito","era":"Mesoarqueano","litotipo_secundario":"Anfibolito, Migmatito","grupo":"Complexo Serra Caiada","fonte":"Folhas João Câmara, Lajes, Natal, Santa Cruz, São José do MIpibu, São José do Campestre - GEOSBG/CPRM (2014)"},"geometry":{"type":"Polygon","coordinates":[[[-35.566436,-5.835112],[-35.566701,-5.836036],[-35.565764,-5.837499],[-35.562685,-5.837188],[-35.562141,-5.837822],[-35.561469,-5.837825],[-35.548785,-5.844792],[-35.540653,-5.847472],[-35.535895,-5.84968],[-35.52946,-5.854644],[-35.52613,-5.858528],[-35.525416,-5.860123],[-35.527669,-5.860182],[-35.528457,-5.860923],[-35.527891,-5.8619],[-35.526584,-5.862729],[-35.525926,-5.86605],[-35.523987,-5.867549],[-35.523866,-5.869245],[-35.525043,-5.870336],[-35.527101,-5.870142],[-35.527802,-5.868972],[-35.528608,-5.868643],[-35.529159,-5.864646],[-35.530459,-5.862257],[-35.533892,-5.859132],[-35.535028,-5.858879],[-35.535722,-5.859357],[-35.535241,-5.861017],[-35.531803,-5.867474],[-35.531733,-5.870052],[-35.531149,-5.870919],[-35.531238,-5.87145],[-35.532052,-5.872098],[-35.531095,-5.873808],[-35.531059,-5.87466],[-35.531444,-5.875607],[-35.53273,-5.876707],[-35.532942,-5.88098],[-35.530125,-5.883479],[-35.529203,-5.886058],[-35.524941,-5.888848],[-35.524524,-5.890776],[-35.524857,-5.893009],[-35.525788,-5.893679],[-35.526789,-5.893509],[-35.528057,-5.891643],[-35.529233,-5.891372],[-35.531052,-5.891837],[-35.531156,-5.892571],[-35.530201,-5.893424],[-35.529621,-5.894756],[-35.529933,-5.895432],[-35.530805,-5.895912],[-35.531164,-5.898956],[-35.532608,-5.901666],[-35.534714,-5.895146],[-35.535342,-5.88916],[-35.538747,-5.893466],[-35.539636,-5.893231],[-35.540228,-5.892048],[-35.540158,-5.88992],[-35.538357,-5.886019],[-35.537689,-5.883202],[-35.536587,-5.883251],[-35.537855,-5.868435],[-35.538624,-5.865535],[-35.540011,-5.86275],[-35.545655,-5.854645],[-35.551726,-5.849831],[-35.55185,-5.84894],[-35.550844,-5.847677],[-35.551186,-5.847177],[-35.553097,-5.847201],[-35.553729,-5.846503],[-35.554991,-5.8476],[-35.571053,-5.838062],[-35.574447,-5.835496],[-35.577545,-5.832385],[-35.582668,-5.825538],[-35.586272,-5.819276],[-35.588408,-5.813546],[-35.5902,-5.805616],[-35.586034,-5.811634],[-35.580061,-5.817496],[-35.573357,-5.828209],[-35.566436,-5.835112]],[[-35.581638,-5.823239],[-35.58098,-5.822708],[-35.583866,-5.818055],[-35.585205,-5.817732],[-35.585397,-5.818604],[-35.584757,-5.820156],[-35.58244,-5.823036],[-35.581638,-5.823239]]]}},{"type":"Feature","id":289,"properties":{"sigla":"PP2_gamma_sc3","unidade":"Santa Cruz, ortognaisse granítico","era":"Paleoproterozóico","periodo":"Riaciano","litotipo_principal":"Ortognaisse granítico","grupo":"Complexo Santa Cruz","fonte":"Folhas João Câmara, Lajes, Natal, Santa Cruz, São José do MIpibu, São José do Campestre - GEOSBG/CPRM (2014)"},"geometry":{"type":"Polygon","coordinates":[[[-36.036135,-6.010101],[-36.037206,-6.009695],[-36.037118,-6.008347],[-36.033493,-6.00412],[-36.03066,-6.001657],[-36.028432,-6.000507],[-36.026952,-6.000289],[-36.026129,-6.00059],[-36.02614,-6.00211],[-36.027629,-6.004079],[-36.033418,-6.009187],[-36.036135,-6.010101]]]}},{"type":"Feature","id":290,"properties":{"sigla":"PP2_gamma_sc3","unidade":"Santa Cruz, ortognaisse granítico","era":"Paleoproterozóico","periodo":"Riaciano","litotipo_principal":"Ortognaisse granítico","grupo":"Complexo Santa Cruz","fonte":"Folhas João Câmara, Lajes, Natal, Santa Cruz, São José do MIpibu, São José do Campestre - GEOSBG/CPRM (2014)"},"geometry":{"type":"Polygon","coordinates":[[[-36.081526,-6.089942],[-36.082316,-6.089635],[-36.082559,-6.088848],[-36.082119,-6.086216],[-36.078876,-6.083127],[-36.077138,-6.082304],[-36.076325,-6.082467],[-36.075891,-6.083182],[-36.075994,-6.084103],[-36.078658,-6.088097],[-36.079822,-6.089311],[-36.081526,-6.089942]]]}},{"type":"Feature","id":291,"properties":{"sigla":"NP3sjucs","unidade":"Jucurutu, rochas calcissilicáticas","era":"Neoproterozóico","periodo":"Ediacarano","litotipo_principal":"Rocha calcissilicática","grupo":"Formação Jucurutu","fonte":"Folhas João Câmara, Lajes, Natal, Santa Cruz, São José do MIpibu, São José do Campestre - GEOSBG/CPRM (2014)"},"geometry":{"type":"Polygon","coordinates":[[[-36.198327,-6.0],[-36.197154,-6.00005],[-36.196743,-6.000678],[-36.198028,-6.004414],[-36.199819,-6.006718],[-36.201208,-6.006728],[-36.201723,-6.0057],[-36.200568,-6.00264],[-36.199468,-6.000752],[-36.198327,-6.0]]]}},{"type":"Feature","id":292,"properties":{"sigla":"ENsm","unidade":"Serra dos Martins","era":"Cenozóico","periodo":"Paleogeno","litotipo_secundario":"Arenito, Arenito conglomerático, Arenito síltico-argiloso, Laterita","grupo":"Formação Serra dos Martins","fonte":"Folhas João Câmara, Lajes, Natal, Santa Cruz, São José do MIpibu, São José do Campestre - GEOSBG/CPRM (2014)"},"geometry":{"type":"Polygon","coordinates":[[[-36.261621,-6.031552],[-36.262339,-6.032268],[-36.264216,-6.031839],[-36.265879,-6.032866],[-36.267068,-6.032804],[-36.268609,-6.035461],[-36.270172,-6.036758],[-36.271157,-6.036614],[-36.271223,-6.03571],[-36.269653,-6.033548],[-36.269398,-6.031928],[-36.268324,-6.031014],[-36.267542,-6.030936],[-36.266345,-6.031512],[-36.265387,-6.03014],[-36.263476,-6.029998],[-36.261677,-6.030537],[-36.261621,-6.031552]]]}},{"type":"Feature","id":293,"properties":{"sigla":"Q2a","unidade":"Depósitos aluvionares","era":"Cenozóico","periodo":"Neogeno","litotipo_principal":"Areia, Areia arcoseana","grupo":"Depósitos aluvionares","fonte":"Folhas João Câmara, Lajes, Natal, Santa Cruz, São José do MIpibu, São José do Campestre - GEOSBG/CPRM (2014)"},"geometry":{"type":"Polygon","coordinates":[[[-36.339889,-6.007307],[-36.340139,-6.006976],[-36.339237,-6.006046],[-36.339132,-6.004921],[-36.340796,-6.002838],[-36.33892,-6.000762],[-36.338374,-6.001308],[-36.338357,-6.003041],[-36.336921,-6.00346],[-36.336729,-6.004004],[-36.33771,-6.005897],[-36.339889,-6.007307]]]}},{"type":"Feature","id":294,"properties":{"sigla":"Q2a","unidade":"Depósitos aluvionares","era":"Cenozóico","periodo":"Neogeno","litotipo_principal":"Areia, Areia arcoseana","grupo":"Depósitos aluvionares","fonte":"Folhas João Câmara, Lajes, Natal, Santa Cruz, São José do MIpibu, São José do Campestre - GEOSBG/CPRM (2014)"},"geometry":{"type":"Polygon","coordinates":[[[-36.308625,-6.074989],[-36.309727,-6.076751],[-36.312175,-6.076589],[-36.31545,-6.077675],[-36.317269,-6.080199],[-36.318641,-6.080519],[-36.317643,-6.077434],[-36.315309,-6.076393],[-36.314299,-6.075169],[-36.310164,-6.074918],[-36.308019,-6.072789],[-36.306725,-6.072617],[-36.306018,-6.072942],[-36.306062,-6.07403],[-36.308625,-6.074989]]]}},{"type":"Feature","id":295,"properties":{"sigla":"Q2a","unidade":"Depósitos aluvionares","era":"Cenozóico","periodo":"Neogeno","litotipo_principal":"Areia, Areia arcoseana","grupo":"Depósitos aluvionares","fonte":"Folhas João Câmara, Lajes, Natal, Santa Cruz, São José do MIpibu, São José do Campestre - GEOSBG/CPRM (2014)"},"geometry":{"type":"Polygon","coordinates":[[[-36.28639,-6.031651],[-36.284615,-6.031191],[-36.283493,-6.032146],[-36.283557,-6.033523],[-36.284973,-6.035618],[-36.284421,-6.037064],[-36.284539,-6.037925],[-36.285379,-6.038934],[-36.286451,-6.039412],[-36.289589,-6.039449],[-36.291501,-6.041102],[-36.292133,-6.042331],[-36.292003,-6.0454],[-36.294209,-6.04709],[-36.294739,-6.051303],[-36.295137,-6.05195],[-36.295825,-6.051982],[-36.296373,-6.051361],[-36.296465,-6.048636],[-36.296014,-6.047178],[-36.294032,-6.045116],[-36.294373,-6.042887],[-36.294157,-6.041602],[-36.291579,-6.03984],[-36.289949,-6.03773],[-36.28755,-6.037574],[-36.287066,-6.035356],[-36.286159,-6.034813],[-36.285778,-6.033685],[-36.286274,-6.033293],[-36.288381,-6.033117],[-36.288594,-6.032042],[-36.288069,-6.031114],[-36.287076,-6.030457],[-36.28639,-6.031651]]]}},{"type":"Feature","id":296,"properties":{"sigla":"NP3sju","unidade":"Jucurutu","era":"Neoproterozóico","periodo":"Ediacarano","litotipo_secundario":"Biotita gnaisse, Biotita xisto, Xisto, Gnaisse, Mármore, Rocha calcissilicática, Muscovita quartzito","grupo":"Formação Jucurutu","fonte":"Folhas João Câmara, Lajes, Natal, Santa Cruz, São José do MIpibu, São José do Campestre - GEOSBG/CPRM (2014)"},"geometry":{"type":"Polygon","coordinates":[[[-36.279811,-6.030687],[-36.280126,-6.030393],[-36.280016,-6.02957],[-36.277529,-6.022725],[-36.276433,-6.020446],[-36.275524,-6.019964],[-36.275207,-6.021593],[-36.275644,-6.024149],[-36.277572,-6.028233],[-36.279811,-6.030687]]]}},{"type":"Feature","id":297,"properties":{"sigla":"ENsm","unidade":"Serra dos Martins","era":"Cenozóico","periodo":"Paleogeno","litotipo_secundario":"Arenito, Arenito conglomerático, Arenito síltico-argiloso, Laterita","grupo":"Formação Serra dos Martins","fonte":"Folhas João Câmara, Lajes, Natal, Santa Cruz, São José do MIpibu, São José do Campestre - GEOSBG/CPRM (2014)"},"geometry":{"type":"Polygon","coordinates":[[[-36.398423,-6.024468],[-36.399783,-6.021246],[-36.399556,-6.019318],[-36.397938,-6.018273],[-36.398083,-6.017279],[-36.39718,-6.016372],[-36.395438,-6.016217],[-36.393779,-6.014892],[-36.392515,-6.010883],[-36.391711,-6.009782],[-36.392272,-6.005265],[-36.391422,-6.0032],[-36.390009,-6.002017],[-36.38793,-6.00226],[-36.387985,-6.002787],[-36.390339,-6.003032],[-36.391485,-6.005151],[-36.391551,-6.007768],[-36.39098,-6.01025],[-36.392438,-6.012588],[-36.392786,-6.014778],[-36.391972,-6.01864],[-36.392802,-6.018938],[-36.39467,-6.017914],[-36.395894,-6.018042],[-36.396594,-6.018569],[-36.397032,-6.019855],[-36.395695,-6.022295],[-36.395694,-6.023566],[-36.396262,-6.024523],[-36.397091,-6.024957],[-36.397452,-6.025956],[-36.398528,-6.025493],[-36.398423,-6.024468]]]}},{"type":"Feature","id":298,"properties":{"sigla":"Q2a","unidade":"Depósitos aluvionares","era":"Cenozóico","periodo":"Neogeno","litotipo_principal":"Areia, Areia arcoseana","grupo":"Depósitos aluvionares","fonte":"Folhas João Câmara, Lajes, Natal, Santa Cruz, São José do MIpibu, São José do Campestre - GEOSBG/CPRM (2014)"},"geometry":{"type":"Polygon","coordinates":[[[-36.379392,-6.006493],[-36.377495,-6.007584],[-36.376264,-6.009376],[-36.376498,-6.012371],[-36.37716,-6.013713],[-36.378093,-6.01431],[-36.378976,-6.013593],[-36.377949,-6.011493],[-36.378643,-6.010224],[-36.380778,-6.010292],[-36.383064,-6.011594],[-36.383779,-6.011105],[-36.383663,-6.010225],[-36.383031,-6.009562],[-36.381273,-6.008592],[-36.379468,-6.008555],[-36.37928,-6.007884],[-36.382885,-6.00816],[-36.384929,-6.009169],[-36.385603,-6.009105],[-36.38607,-6.00839],[-36.385619,-6.007766],[-36.384645,-6.007723],[-36.382251,-6.006413],[-36.379392,-6.006493]]]}},{"type":"Feature","id":299,"properties":{"sigla":"K1_beta_cm","unidade":"Basalto Rio Ceará-Mirim","era":"Mesozóico","periodo":"Cretáceo","litotipo_secundario":"Riolito, Basalto, Diabásio","grupo":"Basalto Rio Ceará-Mirim","fonte":"Folhas João Câmara, Lajes, Natal, Santa Cruz, São José do MIpibu, São José do Campestre - GEOSBG/CPRM (2014)"},"geometry":{"type":"Polygon","coordinates":[[[-36.241435,-6.094088],[-36.24986,-6.094361],[-36.250064,-6.09386],[-36.249866,-6.093357],[-36.248878,-6.093065],[-36.241844,-6.092584],[-36.24104,-6.092867],[-36.241036,-6.0938],[-36.241435,-6.094088]]]}},{"type":"Feature","id":300,"properties":{"sigla":"NP3_gamma_3di","unidade":"Dona Inês","era":"Neoproterozóico","periodo":"Ediacarano","litotipo_secundario":"Sienogranito, Monzogranito, Leucogranito, Biotita leucogranito","grupo":"Suíte Intrusiva Dona Inês","fonte":"Folhas João Câmara, Lajes, Natal, Santa Cruz, São José do MIpibu, São José do Campestre - GEOSBG/CPRM (2014)"},"geometry":{"type":"Polygon","coordinates":[[[-36.201897,-6.106242],[-36.202483,-6.116835],[-36.201884,-6.11963],[-36.201342,-6.126261],[-36.201571,-6.130934],[-36.202484,-6.132645],[-36.203861,-6.132078],[-36.205972,-6.133003],[-36.206887,-6.128726],[-36.206989,-6.126426],[-36.209023,-6.123179],[-36.207875,-6.119769],[-36.208458,-6.117916],[-36.208169,-6.114606],[-36.20909,-6.113961],[-36.211075,-6.114334],[-36.211702,-6.115103],[-36.211793,-6.116021],[-36.211638,-6.116422],[-36.209953,-6.117064],[-36.209755,-6.118382],[-36.210122,-6.123529],[-36.211465,-6.124863],[-36.211806,-6.125797],[-36.21159,-6.128354],[-36.212433,-6.129326],[-36.215754,-6.131531],[-36.216114,-6.133362],[-36.217313,-6.134779],[-36.22093,-6.135192],[-36.221679,-6.135794],[-36.221768,-6.137025],[-36.221072,-6.137607],[-36.219578,-6.137898],[-36.217713,-6.137609],[-36.219455,-6.142559],[-36.223033,-6.144319],[-36.22496,-6.148173],[-36.225103,-6.155098],[-36.227173,-6.158096],[-36.227593,-6.16193],[-36.229945,-6.160747],[-36.232465,-6.158549],[-36.233728,-6.156912],[-36.23473,-6.15363],[-36.234821,-6.150496],[-36.233672,-6.140839],[-36.231454,-6.136538],[-36.229616,-6.131604],[-36.226636,-6.12597],[-36.223189,-6.118135],[-36.215355,-6.103537],[-36.214912,-6.1043],[-36.210568,-6.105597],[-36.208821,-6.107137],[-36.206264,-6.106416],[-36.203871,-6.107284],[-36.202993,-6.107145],[-36.201897,-6.106242]]]}},{"type":"Feature","id":301,"properties":{"sigla":"PP2_beta_i","unidade":"Inharé","era":"Paleoproterozóico","periodo":"Riaciano","litotipo_principal":"Hornblendito","grupo":"Suíte Inharé","fonte":"Folhas João Câmara, Lajes, Natal, Santa Cruz, São José do MIpibu, São José do Campestre - GEOSBG/CPRM (2014)"},"geometry":{"type":"Polygon","coordinates":[[[-36.044138,-6.026578],[-36.04456,-6.026399],[-36.044621,-6.025643],[-36.043526,-6.023218],[-36.039181,-6.019523],[-36.038268,-6.018983],[-36.037255,-6.018939],[-36.037354,-6.020144],[-36.037931,-6.021075],[-36.043176,-6.026133],[-36.044138,-6.026578]]]}},{"type":"Feature","id":302,"properties":{"sigla":"NP3sjucs","unidade":"Jucurutu, rochas calcissilicáticas","era":"Neoproterozóico","periodo":"Ediacarano","litotipo_principal":"Rocha calcissilicática","grupo":"Formação Jucurutu","fonte":"Folhas João Câmara, Lajes, Natal, Santa Cruz, São José do MIpibu, São José do Campestre - GEOSBG/CPRM (2014)"},"geometry":{"type":"Polygon","coordinates":[[[-36.05796,-6.001327],[-36.0651,-6.007533],[-36.07547,-6.016835],[-36.075301,-6.016241],[-36.067929,-6.008925],[-36.062235,-6.003807],[-36.061041,-6.002156],[-36.059517,-6.001326],[-36.05796,-6.001327]]]}},{"type":"Feature","id":303,"properties":{"sigla":"NP3sjucs","unidade":"Jucurutu, rochas calcissilicáticas","era":"Neoproterozóico","periodo":"Ediacarano","litotipo_principal":"Rocha calcissilicática","grupo":"Formação Jucurutu","fonte":"Folhas João Câmara, Lajes, Natal, Santa Cruz, São José do MIpibu, São José do Campestre - GEOSBG/CPRM (2014)"},"geometry":{"type":"Polygon","coordinates":[[[-36.157629,-6.10652],[-36.145024,-6.091096],[-36.136831,-6.083346],[-36.135156,-6.082151],[-36.129534,-6.079387],[-36.136413,-6.086499],[-36.14813,-6.096372],[-36.157629,-6.10652]]]}},{"type":"Feature","id":304,"properties":{"sigla":"Q2a","unidade":"Depósitos aluvionares","era":"Cenozóico","periodo":"Neogeno","litotipo_principal":"Areia, Areia arcoseana","grupo":"Depósitos aluvionares","fonte":"Folhas João Câmara, Lajes, Natal, Santa Cruz, São José do MIpibu, São José do Campestre - GEOSBG/CPRM (2014)"},"geometry":{"type":"Polygon","coordinates":[[[-36.171025,-6.003914],[-36.169343,-6.00369],[-36.168861,-6.004453],[-36.169863,-6.009311],[-36.170577,-6.009649],[-36.171517,-6.009422],[-36.171754,-6.006555],[-36.172985,-6.005457],[-36.173429,-6.004103],[-36.1744,-6.003305],[-36.172553,-6.000319],[-36.171169,-6.000456],[-36.171819,-6.002795],[-36.171025,-6.003914]]]}},{"type":"Feature","id":305,"properties":{"sigla":"K1_beta_cm","unidade":"Basalto Rio Ceará-Mirim","era":"Mesozóico","periodo":"Cretáceo","litotipo_secundario":"Riolito, Basalto, Diabásio","grupo":"Basalto Rio Ceará-Mirim","fonte":"Folhas João Câmara, Lajes, Natal, Santa Cruz, São José do MIpibu, São José do Campestre - GEOSBG/CPRM (2014)"},"geometry":{"type":"Polygon","coordinates":[[[-36.226796,-6.052946],[-36.232587,-6.053233],[-36.233444,-6.052436],[-36.232478,-6.051938],[-36.229944,-6.051851],[-36.227001,-6.052263],[-36.226796,-6.052946]]]}},{"type":"Feature","id":306,"properties":{"sigla":"Q2a","unidade":"Depósitos aluvionares","era":"Cenozóico","periodo":"Neogeno","litotipo_principal":"Areia, Areia arcoseana","grupo":"Depósitos aluvionares","fonte":"Folhas João Câmara, Lajes, Natal, Santa Cruz, São José do MIpibu, São José do Campestre - GEOSBG/CPRM (2014)"},"geometry":{"type":"Polygon","coordinates":[[[-36.365018,-6.01785],[-36.365614,-6.018986],[-36.366733,-6.01882],[-36.367037,-6.018125],[-36.366308,-6.016293],[-36.366561,-6.015777],[-36.367092,-6.015737],[-36.36914,-6.017332],[-36.369459,-6.021186],[-36.369822,-6.021675],[-36.370387,-6.021778],[-36.371655,-6.021166],[-36.373083,-6.022109],[-36.373741,-6.020928],[-36.375723,-6.022925],[-36.376599,-6.022628],[-36.37648,-6.020454],[-36.373779,-6.019013],[-36.371804,-6.018466],[-36.370745,-6.017498],[-36.370699,-6.016457],[-36.371451,-6.015163],[-36.371102,-6.014587],[-36.364877,-6.014335],[-36.364782,-6.014879],[-36.365408,-6.015779],[-36.365018,-6.01785]]]}},{"type":"Feature","id":307,"properties":{"sigla":"Q2a","unidade":"Depósitos aluvionares","era":"Cenozóico","periodo":"Neogeno","litotipo_principal":"Areia, Areia arcoseana","grupo":"Depósitos aluvionares","fonte":"Folhas João Câmara, Lajes, Natal, Santa Cruz, São José do MIpibu, São José do Campestre - GEOSBG/CPRM (2014)"},"geometry":{"type":"Polygon","coordinates":[[[-36.371381,-6.040328],[-36.36724,-6.0417],[-36.364496,-6.04165],[-36.36201,-6.041481],[-36.360494,-6.040906],[-36.359221,-6.041818],[-36.359024,-6.042571],[-36.362514,-6.044037],[-36.363824,-6.044208],[-36.364858,-6.043818],[-36.365382,-6.045026],[-36.366125,-6.045575],[-36.366699,-6.045341],[-36.367345,-6.04368],[-36.368084,-6.043468],[-36.36932,-6.044141],[-36.369813,-6.042974],[-36.370272,-6.042905],[-36.371107,-6.046301],[-36.371666,-6.04674],[-36.372219,-6.046043],[-36.37199,-6.042856],[-36.372511,-6.042306],[-36.375573,-6.043232],[-36.379188,-6.042518],[-36.37988,-6.043088],[-36.380202,-6.044603],[-36.38149,-6.045082],[-36.384192,-6.045052],[-36.385114,-6.043923],[-36.384874,-6.043219],[-36.380922,-6.042512],[-36.380026,-6.041094],[-36.378826,-6.040385],[-36.37567,-6.040987],[-36.371381,-6.040328]]]}},{"type":"Feature","id":308,"properties":{"sigla":"NP3se","unidade":"Equador","era":"Neoproterozóico","periodo":"Ediacarano","litotipo_principal":"Muscovita quartzito","litotipo_secundario":"Metaconglomerado","grupo":"Formação Equador","fonte":"Folhas João Câmara, Lajes, Natal, Santa Cruz, São José do MIpibu, São José do Campestre - GEOSBG/CPRM (2014)"},"geometry":{"type":"Polygon","coordinates":[[[-36.343595,-6.055003],[-36.338853,-6.0511],[-36.336572,-6.048674],[-36.330764,-6.039751],[-36.326622,-6.03447],[-36.322605,-6.026867],[-36.326725,-6.036474],[-36.336033,-6.051544],[-36.338293,-6.054319],[-36.340379,-6.055649],[-36.342851,-6.055986],[-36.343595,-6.055003]]]}},{"type":"Feature","id":309,"properties":{"sigla":"PP2_beta_i","unidade":"Inharé","era":"Paleoproterozóico","periodo":"Riaciano","litotipo_principal":"Hornblendito","grupo":"Suíte Inharé","fonte":"Folhas João Câmara, Lajes, Natal, Santa Cruz, São José do MIpibu, São José do Campestre - GEOSBG/CPRM (2014)"},"geometry":{"type":"Polygon","coordinates":[[[-36.070912,-6.080776],[-36.07139,-6.080645],[-36.071386,-6.079593],[-36.06985,-6.077405],[-36.067658,-6.074859],[-36.0666,-6.074404],[-36.065806,-6.074572],[-36.065694,-6.075852],[-36.066262,-6.076783],[-36.069512,-6.079999],[-36.070912,-6.080776]]]}},{"type":"Feature","id":310,"properties":{"sigla":"NP3sjucs","unidade":"Jucurutu, rochas calcissilicáticas","era":"Neoproterozóico","periodo":"Ediacarano","litotipo_principal":"Rocha calcissilicática","grupo":"Formação Jucurutu","fonte":"Folhas João Câmara, Lajes, Natal, Santa Cruz, São José do MIpibu, São José do Campestre - GEOSBG/CPRM (2014)"},"geometry":{"type":"Polygon","coordinates":[[[-36.192298,-6.052298],[-36.192786,-6.052214],[-36.192894,-6.051746],[-36.192062,-6.05003],[-36.188644,-6.045919],[-36.187652,-6.045742],[-36.187382,-6.046219],[-36.187929,-6.04756],[-36.190586,-6.050902],[-36.192298,-6.052298]]]}},{"type":"Feature","id":311,"properties":{"sigla":"E3_beta_m","unidade":"Basalto Macau","era":"Cenozóico","periodo":"Paleogeno","litotipo_secundario":"Basalto, Basanito","grupo":"Basalto Macau","fonte":"Folhas João Câmara, Lajes, Natal, Santa Cruz, São José do MIpibu, São José do Campestre - GEOSBG/CPRM (2014)"},"geometry":{"type":"Polygon","coordinates":[[[-36.181492,-6.058666],[-36.179929,-6.056119],[-36.178085,-6.055421],[-36.175416,-6.05601],[-36.174621,-6.057368],[-36.175139,-6.059694],[-36.177095,-6.061024],[-36.178298,-6.061317],[-36.179387,-6.061208],[-36.180912,-6.060097],[-36.181492,-6.058666]]]}},{"type":"Feature","id":312,"properties":{"sigla":"NP3sjucs","unidade":"Jucurutu, rochas calcissilicáticas","era":"Neoproterozóico","periodo":"Ediacarano","litotipo_principal":"Rocha calcissilicática","grupo":"Formação Jucurutu","fonte":"Folhas João Câmara, Lajes, Natal, Santa Cruz, São José do MIpibu, São José do Campestre - GEOSBG/CPRM (2014)"},"geometry":{"type":"Polygon","coordinates":[[[-36.186238,-6.034825],[-36.186434,-6.033918],[-36.184204,-6.028635],[-36.179871,-6.021441],[-36.179026,-6.020875],[-36.179149,-6.022584],[-36.18308,-6.031343],[-36.184822,-6.033802],[-36.186238,-6.034825]]]}},{"type":"Feature","id":313,"properties":{"sigla":"PP2_gamma_acai","unidade":"Caicó, augen gnaisse","era":"Paleoproterozóico","periodo":"Riaciano","litotipo_principal":"Augen gnaisse","grupo":"Complexo Caicó","fonte":"Folhas João Câmara, Lajes, Natal, Santa Cruz, São José do MIpibu, São José do Campestre - GEOSBG/CPRM (2014)"},"geometry":{"type":"Polygon","coordinates":[[[-36.244786,-6.107455],[-36.238066,-6.087625],[-36.235667,-6.0822],[-36.230832,-6.073954],[-36.22799,-6.069349],[-36.222029,-6.061706],[-36.21859,-6.05794],[-36.213826,-6.051316],[-36.212063,-6.050016],[-36.210321,-6.050273],[-36.209664,-6.051245],[-36.20964,-6.053246],[-36.210251,-6.056964],[-36.212151,-6.063601],[-36.218195,-6.075366],[-36.221097,-6.079612],[-36.221728,-6.082283],[-36.224849,-6.087012],[-36.226518,-6.091381],[-36.22799,-6.0976],[-36.228268,-6.102191],[-36.229097,-6.105294],[-36.23174,-6.109683],[-36.236826,-6.121113],[-36.240225,-6.126337],[-36.241059,-6.125711],[-36.244413,-6.11725],[-36.245216,-6.111631],[-36.244786,-6.107455]],[[-36.228965,-6.082903],[-36.22981,-6.084212],[-36.230864,-6.084687],[-36.229804,-6.086425],[-36.230848,-6.089666],[-36.230327,-6.089489],[-36.228664,-6.087354],[-36.228965,-6.082903]]]}},{"type":"Feature","id":314,"properties":{"sigla":"ENsm","unidade":"Serra dos Martins","era":"Cenozóico","periodo":"Paleogeno","litotipo_secundario":"Arenito, Arenito conglomerático, Arenito síltico-argiloso, Laterita","grupo":"Formação Serra dos Martins","fonte":"Folhas João Câmara, Lajes, Natal, Santa Cruz, São José do MIpibu, São José do Campestre - GEOSBG/CPRM (2014)"},"geometry":{"type":"Polygon","coordinates":[[[-36.205972,-6.133003],[-36.209031,-6.133339],[-36.20953,-6.133098],[-36.210756,-6.133621],[-36.211489,-6.133177],[-36.21202,-6.133435],[-36.212948,-6.132942],[-36.21342,-6.133186],[-36.214043,-6.132526],[-36.215858,-6.133775],[-36.2162,-6.134915],[-36.216817,-6.135065],[-36.217713,-6.137609],[-36.220438,-6.137795],[-36.221768,-6.137025],[-36.221418,-6.135446],[-36.217909,-6.134937],[-36.21673,-6.134345],[-36.216114,-6.133362],[-36.215754,-6.131531],[-36.212433,-6.129326],[-36.21159,-6.128354],[-36.211702,-6.125282],[-36.210052,-6.12323],[-36.20976,-6.117445],[-36.210241,-6.116778],[-36.211638,-6.116422],[-36.211813,-6.115677],[-36.211075,-6.114334],[-36.209854,-6.113926],[-36.208497,-6.114149],[-36.208169,-6.114606],[-36.208458,-6.117916],[-36.207875,-6.119769],[-36.209023,-6.123179],[-36.206989,-6.126426],[-36.206887,-6.128726],[-36.206005,-6.131919],[-36.205972,-6.133003]]]}},{"type":"Feature","id":315,"properties":{"sigla":"NP3sjucs","unidade":"Jucurutu, rochas calcissilicáticas","era":"Neoproterozóico","periodo":"Ediacarano","litotipo_principal":"Rocha calcissilicática","grupo":"Formação Jucurutu","fonte":"Folhas João Câmara, Lajes, Natal, Santa Cruz, São José do MIpibu, São José do Campestre - GEOSBG/CPRM (2014)"},"geometry":{"type":"Polygon","coordinates":[[[-36.168019,-6.032007],[-36.168834,-6.031794],[-36.169063,-6.031353],[-36.168633,-6.029187],[-36.165171,-6.022153],[-36.16387,-6.021967],[-36.163588,-6.023435],[-36.165307,-6.02813],[-36.166876,-6.031294],[-36.168019,-6.032007]]]}},{"type":"Feature","id":316,"properties":{"sigla":"PP2_gamma_sc3","unidade":"Santa Cruz, ortognaisse granítico","era":"Paleoproterozóico","periodo":"Riaciano","litotipo_principal":"Ortognaisse granítico","grupo":"Complexo Santa Cruz","fonte":"Folhas João Câmara, Lajes, Natal, Santa Cruz, São José do MIpibu, São José do Campestre - GEOSBG/CPRM (2014)"},"geometry":{"type":"Polygon","coordinates":[[[-36.048961,-6.090152],[-36.052083,-6.091273],[-36.057774,-6.085958],[-36.061061,-6.085403],[-36.061876,-6.084857],[-36.06271,-6.082818],[-36.062526,-6.081634],[-36.061688,-6.079908],[-36.06011,-6.077999],[-36.058622,-6.077166],[-36.055815,-6.076724],[-36.053463,-6.077208],[-36.052638,-6.077873],[-36.051461,-6.080047],[-36.052525,-6.085902],[-36.049316,-6.089613],[-36.048961,-6.090152]]]}},{"type":"Feature","id":317,"properties":{"sigla":"K1_beta_cm","unidade":"Basalto Rio Ceará-Mirim","era":"Mesozóico","periodo":"Cretáceo","litotipo_secundario":"Riolito, Basalto, Diabásio","grupo":"Basalto Rio Ceará-Mirim","fonte":"Folhas João Câmara, Lajes, Natal, Santa Cruz, São José do MIpibu, São José do Campestre - GEOSBG/CPRM (2014)"},"geometry":{"type":"Polygon","coordinates":[[[-36.068482,-6.040728],[-36.067965,-6.043594],[-36.06846,-6.044791],[-36.069056,-6.04495],[-36.069568,-6.043005],[-36.069269,-6.040876],[-36.068482,-6.040728]]]}},{"type":"Feature","id":318,"properties":{"sigla":"NP3sjucs","unidade":"Jucurutu, rochas calcissilicáticas","era":"Neoproterozóico","periodo":"Ediacarano","litotipo_principal":"Rocha calcissilicática","grupo":"Formação Jucurutu","fonte":"Folhas João Câmara, Lajes, Natal, Santa Cruz, São José do MIpibu, São José do Campestre - GEOSBG/CPRM (2014)"},"geometry":{"type":"Polygon","coordinates":[[[-36.12504,-6.074903],[-36.124138,-6.071611],[-36.121551,-6.068609],[-36.117804,-6.066031],[-36.115848,-6.065555],[-36.12504,-6.074903]]]}},{"type":"Feature","id":319,"properties":{"sigla":"NP3ssa","unidade":"Seridó, aluminoso-porfiroblástico","era":"Neoproterozóico","periodo":"Ediacarano","litotipo_secundario":"Xisto aluminoso, Xisto","grupo":"Grupo Seridó","fonte":"Folhas João Câmara, Lajes, Natal, Santa Cruz, São José do MIpibu, São José do Campestre - GEOSBG/CPRM (2014)"},"geometry":{"type":"Polygon","coordinates":[[[-36.345659,-6.090185],[-36.344362,-6.083675],[-36.340282,-6.075091],[-36.333324,-6.061959],[-36.330181,-6.057652],[-36.325934,-6.054785],[-36.32587,-6.058156],[-36.327918,-6.064287],[-36.334238,-6.075915],[-36.338407,-6.083012],[-36.345659,-6.090185]]]}},{"type":"Feature","id":320,"properties":{"sigla":"ENsm","unidade":"Serra dos Martins","era":"Cenozóico","periodo":"Paleogeno","litotipo_secundario":"Arenito, Arenito conglomerático, Arenito síltico-argiloso, Laterita","grupo":"Formação Serra dos Martins","fonte":"Folhas João Câmara, Lajes, Natal, Santa Cruz, São José do MIpibu, São José do Campestre - GEOSBG/CPRM (2014)"},"geometry":{"type":"Polygon","coordinates":[[[-36.302495,-6.114253],[-36.303036,-6.11354],[-36.304749,-6.113655],[-36.30526,-6.113303],[-36.307136,-6.114762],[-36.30823,-6.114897],[-36.308996,-6.114518],[-36.309076,-6.113888],[-36.308326,-6.112822],[-36.303911,-6.109329],[-36.303508,-6.109585],[-36.303214,-6.110989],[-36.302275,-6.111577],[-36.301988,-6.113632],[-36.302495,-6.114253]]]}},{"type":"Feature","id":321,"properties":{"sigla":"NP3ssa","unidade":"Seridó, aluminoso-porfiroblástico","era":"Neoproterozóico","periodo":"Ediacarano","litotipo_secundario":"Xisto aluminoso, Xisto","grupo":"Grupo Seridó","fonte":"Folhas João Câmara, Lajes, Natal, Santa Cruz, São José do MIpibu, São José do Campestre - GEOSBG/CPRM (2014)"},"geometry":{"type":"Polygon","coordinates":[[[-36.360013,-6.010926],[-36.359841,-6.014913],[-36.360469,-6.018302],[-36.365179,-6.028209],[-36.367581,-6.032281],[-36.368897,-6.035888],[-36.371542,-6.040176],[-36.363988,-6.014018],[-36.361349,-6.009998],[-36.361045,-6.010642],[-36.360013,-6.010926]]]}},{"type":"Feature","id":322,"properties":{"sigla":"ENsm","unidade":"Serra dos Martins","era":"Cenozóico","periodo":"Paleogeno","litotipo_secundario":"Arenito, Arenito conglomerático, Arenito síltico-argiloso, Laterita","grupo":"Formação Serra dos Martins","fonte":"Folhas João Câmara, Lajes, Natal, Santa Cruz, São José do MIpibu, São José do Campestre - GEOSBG/CPRM (2014)"},"geometry":{"type":"Polygon","coordinates":[[[-36.255894,-6.026173],[-36.256245,-6.025438],[-36.25574,-6.024393],[-36.252379,-6.021985],[-36.251432,-6.021886],[-36.251374,-6.022802],[-36.251886,-6.023701],[-36.255894,-6.026173]]]}},{"type":"Feature","id":323,"properties":{"sigla":"NP3sju","unidade":"Jucurutu","era":"Neoproterozóico","periodo":"Ediacarano","litotipo_secundario":"Biotita gnaisse, Biotita xisto, Xisto, Gnaisse, Mármore, Rocha calcissilicática, Muscovita quartzito","grupo":"Formação Jucurutu","fonte":"Folhas João Câmara, Lajes, Natal, Santa Cruz, São José do MIpibu, São José do Campestre - GEOSBG/CPRM (2014)"},"geometry":{"type":"Polygon","coordinates":[[[-36.232972,-6.139528],[-36.234467,-6.142328],[-36.236601,-6.143544],[-36.23922,-6.143367],[-36.241713,-6.141696],[-36.243415,-6.137842],[-36.246235,-6.128102],[-36.24221,-6.130606],[-36.238829,-6.13778],[-36.237199,-6.138766],[-36.232972,-6.139528]]]}},{"type":"Feature","id":324,"properties":{"sigla":"NP3sjucs","unidade":"Jucurutu, rochas calcissilicáticas","era":"Neoproterozóico","periodo":"Ediacarano","litotipo_principal":"Rocha calcissilicática","grupo":"Formação Jucurutu","fonte":"Folhas João Câmara, Lajes, Natal, Santa Cruz, São José do MIpibu, São José do Campestre - GEOSBG/CPRM (2014)"},"geometry":{"type":"Polygon","coordinates":[[[-36.139098,-6.021629],[-36.137398,-6.023284],[-36.137246,-6.024975],[-36.137645,-6.025369],[-36.139214,-6.024919],[-36.140558,-6.023683],[-36.140766,-6.022297],[-36.140474,-6.021521],[-36.139098,-6.021629]]]}},{"type":"Feature","id":325,"properties":{"sigla":"C_cortado_12p","unidade":"Diques de pegmatito","era":"Paleozóico","periodo":"Cambriano","litotipo_principal":"Pegmatito","grupo":"Diques de pegmatito","fonte":"Folhas João Câmara, Lajes, Natal, Santa Cruz, São José do MIpibu, São José do Campestre - GEOSBG/CPRM (2014)"},"geometry":{"type":"Polygon","coordinates":[[[-36.249302,-6.064113],[-36.249763,-6.063894],[-36.249827,-6.063016],[-36.24784,-6.059136],[-36.246252,-6.054514],[-36.24451,-6.054134],[-36.244422,-6.055006],[-36.247636,-6.062721],[-36.248262,-6.063661],[-36.249302,-6.064113]]]}},{"type":"Feature","id":326,"properties":{"sigla":"K1_beta_cm","unidade":"Basalto Rio Ceará-Mirim","era":"Mesozóico","periodo":"Cretáceo","litotipo_secundario":"Riolito, Basalto, Diabásio","grupo":"Basalto Rio Ceará-Mirim","fonte":"Folhas João Câmara, Lajes, Natal, Santa Cruz, São José do MIpibu, São José do Campestre - GEOSBG/CPRM (2014)"},"geometry":{"type":"Polygon","coordinates":[[[-36.265276,-6.114277],[-36.266854,-6.113927],[-36.267013,-6.113151],[-36.262743,-6.112077],[-36.257787,-6.112064],[-36.257259,-6.112563],[-36.257695,-6.113653],[-36.265276,-6.114277]]]}},{"type":"Feature","id":327,"properties":{"sigla":"Q2a","unidade":"Depósitos aluvionares","era":"Cenozóico","periodo":"Neogeno","litotipo_principal":"Areia, Areia arcoseana","grupo":"Depósitos aluvionares","fonte":"Folhas João Câmara, Lajes, Natal, Santa Cruz, São José do MIpibu, São José do Campestre - GEOSBG/CPRM (2014)"},"geometry":{"type":"Polygon","coordinates":[[[-36.293445,-6.055417],[-36.293598,-6.056485],[-36.295731,-6.057989],[-36.29636,-6.057909],[-36.296992,-6.057061],[-36.300523,-6.05618],[-36.300901,-6.057186],[-36.302043,-6.058314],[-36.301426,-6.059149],[-36.301464,-6.059742],[-36.302501,-6.06054],[-36.303407,-6.060379],[-36.304349,-6.059234],[-36.305821,-6.059451],[-36.306354,-6.059056],[-36.305969,-6.057831],[-36.304125,-6.057509],[-36.303837,-6.055812],[-36.302948,-6.055058],[-36.300815,-6.055244],[-36.299322,-6.054539],[-36.297925,-6.055359],[-36.296992,-6.055398],[-36.295394,-6.054174],[-36.294687,-6.054052],[-36.293806,-6.054545],[-36.293445,-6.055417]]]}},{"type":"Feature","id":328,"properties":{"sigla":"Q2a","unidade":"Depósitos aluvionares","era":"Cenozóico","periodo":"Neogeno","litotipo_principal":"Areia, Areia arcoseana","grupo":"Depósitos aluvionares","fonte":"Folhas João Câmara, Lajes, Natal, Santa Cruz, São José do MIpibu, São José do Campestre - GEOSBG/CPRM (2014)"},"geometry":{"type":"Polygon","coordinates":[[[-36.370976,-6.007505],[-36.373583,-6.007711],[-36.373527,-6.005946],[-36.370989,-6.004923],[-36.369742,-6.003324],[-36.365896,-6.00309],[-36.365434,-6.002392],[-36.365347,-6.001087],[-36.363989,-6.001804],[-36.361598,-6.001434],[-36.359019,-6.002849],[-36.35918,-6.003603],[-36.361018,-6.004315],[-36.363376,-6.007088],[-36.363878,-6.007055],[-36.364023,-6.006639],[-36.362659,-6.00428],[-36.363149,-6.003615],[-36.365593,-6.004954],[-36.366853,-6.006753],[-36.368015,-6.006372],[-36.368238,-6.004737],[-36.369777,-6.00501],[-36.370976,-6.007505]]]}},{"type":"Feature","id":329,"properties":{"sigla":"NP3ssa","unidade":"Seridó, aluminoso-porfiroblástico","era":"Neoproterozóico","periodo":"Ediacarano","litotipo_secundario":"Xisto aluminoso, Xisto","grupo":"Grupo Seridó","fonte":"Folhas João Câmara, Lajes, Natal, Santa Cruz, São José do MIpibu, São José do Campestre - GEOSBG/CPRM (2014)"},"geometry":{"type":"Polygon","coordinates":[[[-36.356414,-6.020347],[-36.356422,-6.019814],[-36.35697,-6.019434],[-36.358421,-6.019582],[-36.35458,-6.007178],[-36.352265,-6.005813],[-36.351283,-6.004522],[-36.351715,-6.007706],[-36.352983,-6.01204],[-36.356414,-6.020347]]]}},{"type":"Feature","id":330,"properties":{"sigla":"NP3ssa","unidade":"Seridó, aluminoso-porfiroblástico","era":"Neoproterozóico","periodo":"Ediacarano","litotipo_secundario":"Xisto aluminoso, Xisto","grupo":"Grupo Seridó","fonte":"Folhas João Câmara, Lajes, Natal, Santa Cruz, São José do MIpibu, São José do Campestre - GEOSBG/CPRM (2014)"},"geometry":{"type":"Polygon","coordinates":[[[-36.312403,-6.000054],[-36.317827,-6.01497],[-36.318206,-6.013143],[-36.319643,-6.012266],[-36.322161,-6.012696],[-36.323838,-6.013924],[-36.320068,-6.004884],[-36.315347,-6.003509],[-36.312403,-6.000054]]]}},{"type":"Feature","id":331,"properties":{"sigla":"C_cortado_12p","unidade":"Diques de pegmatito","era":"Paleozóico","periodo":"Cambriano","litotipo_principal":"Pegmatito","grupo":"Diques de pegmatito","fonte":"Folhas João Câmara, Lajes, Natal, Santa Cruz, São José do MIpibu, São José do Campestre - GEOSBG/CPRM (2014)"},"geometry":{"type":"Polygon","coordinates":[[[-36.324689,-6.036392],[-36.32528,-6.035639],[-36.323894,-6.032552],[-36.320307,-6.028644],[-36.31939,-6.028233],[-36.319254,-6.029116],[-36.320615,-6.032129],[-36.323416,-6.035592],[-36.324689,-6.036392]]]}},{"type":"Feature","id":332,"properties":{"sigla":"C_cortado_12p","unidade":"Diques de pegmatito","era":"Paleozóico","periodo":"Cambriano","litotipo_principal":"Pegmatito","grupo":"Diques de pegmatito","fonte":"Folhas João Câmara, Lajes, Natal, Santa Cruz, São José do MIpibu, São José do Campestre - GEOSBG/CPRM (2014)"},"geometry":{"type":"Polygon","coordinates":[[[-36.32903,-6.055109],[-36.329478,-6.055001],[-36.329826,-6.054037],[-36.329713,-6.050449],[-36.328372,-6.047485],[-36.326862,-6.040165],[-36.326099,-6.039793],[-36.32552,-6.040826],[-36.325741,-6.044716],[-36.327603,-6.049705],[-36.328127,-6.053564],[-36.32903,-6.055109]]]}},{"type":"Feature","id":333,"properties":{"sigla":"C_cortado_12p","unidade":"Diques de pegmatito","era":"Paleozóico","periodo":"Cambriano","litotipo_principal":"Pegmatito","grupo":"Diques de pegmatito","fonte":"Folhas João Câmara, Lajes, Natal, Santa Cruz, São José do MIpibu, São José do Campestre - GEOSBG/CPRM (2014)"},"geometry":{"type":"Polygon","coordinates":[[[-36.291462,-6.159412],[-36.286555,-6.133231],[-36.285683,-6.1308],[-36.284336,-6.130351],[-36.283792,-6.131508],[-36.284994,-6.134754],[-36.287266,-6.146086],[-36.287426,-6.158481],[-36.289135,-6.162853],[-36.289488,-6.164853],[-36.290689,-6.165792],[-36.291169,-6.165496],[-36.291425,-6.164409],[-36.291462,-6.159412]]]}},{"type":"Feature","id":334,"properties":{"sigla":"C_cortado_12p","unidade":"Diques de pegmatito","era":"Paleozóico","periodo":"Cambriano","litotipo_principal":"Pegmatito","grupo":"Diques de pegmatito","fonte":"Folhas João Câmara, Lajes, Natal, Santa Cruz, São José do MIpibu, São José do Campestre - GEOSBG/CPRM (2014)"},"geometry":{"type":"Polygon","coordinates":[[[-36.288738,-6.165429],[-36.288952,-6.163761],[-36.287636,-6.161402],[-36.286387,-6.157054],[-36.283044,-6.149376],[-36.282281,-6.149076],[-36.282219,-6.14986],[-36.287113,-6.163742],[-36.287866,-6.165037],[-36.288738,-6.165429]]]}},{"type":"Feature","id":335,"properties":{"sigla":"K1_beta_cm","unidade":"Basalto Rio Ceará-Mirim","era":"Mesozóico","periodo":"Cretáceo","litotipo_secundario":"Riolito, Basalto, Diabásio","grupo":"Basalto Rio Ceará-Mirim","fonte":"Folhas João Câmara, Lajes, Natal, Santa Cruz, São José do MIpibu, São José do Campestre - GEOSBG/CPRM (2014)"},"geometry":{"type":"Polygon","coordinates":[[[-36.254326,-6.176334],[-36.254161,-6.174375],[-36.2494,-6.174654],[-36.246321,-6.175528],[-36.243324,-6.175828],[-36.242361,-6.176246],[-36.242229,-6.176805],[-36.24267,-6.17756],[-36.243386,-6.1777],[-36.250588,-6.176346],[-36.254326,-6.176334]]]}},{"type":"Feature","id":336,"properties":{"sigla":"C_cortado_12p","unidade":"Diques de pegmatito","era":"Paleozóico","periodo":"Cambriano","litotipo_principal":"Pegmatito","grupo":"Diques de pegmatito","fonte":"Folhas João Câmara, Lajes, Natal, Santa Cruz, São José do MIpibu, São José do Campestre - GEOSBG/CPRM (2014)"},"geometry":{"type":"Polygon","coordinates":[[[-36.257733,-6.139436],[-36.257976,-6.138648],[-36.256182,-6.132667],[-36.250271,-6.117087],[-36.249977,-6.116626],[-36.249166,-6.116488],[-36.248811,-6.116792],[-36.2489,-6.117998],[-36.251622,-6.123908],[-36.254567,-6.133734],[-36.257067,-6.13905],[-36.257733,-6.139436]]]}},{"type":"Feature","id":337,"properties":{"sigla":"E3_beta_m","unidade":"Basalto Macau","era":"Cenozóico","periodo":"Paleogeno","litotipo_secundario":"Basalto, Basanito","grupo":"Basalto Macau","fonte":"Folhas João Câmara, Lajes, Natal, Santa Cruz, São José do MIpibu, São José do Campestre - GEOSBG/CPRM (2014)"},"geometry":{"type":"Polygon","coordinates":[[[-36.187607,-6.05072],[-36.187241,-6.050023],[-36.185771,-6.049224],[-36.184828,-6.049444],[-36.184402,-6.050015],[-36.184805,-6.051239],[-36.18594,-6.051863],[-36.187146,-6.051768],[-36.187607,-6.05072]]]}},{"type":"Feature","id":338,"properties":{"sigla":"NP3sjucs","unidade":"Jucurutu, rochas calcissilicáticas","era":"Neoproterozóico","periodo":"Ediacarano","litotipo_principal":"Rocha calcissilicática","grupo":"Formação Jucurutu","fonte":"Folhas João Câmara, Lajes, Natal, Santa Cruz, São José do MIpibu, São José do Campestre - GEOSBG/CPRM (2014)"},"geometry":{"type":"Polygon","coordinates":[[[-36.129248,-6.028373],[-36.130085,-6.028081],[-36.130415,-6.027212],[-36.128858,-6.02358],[-36.127747,-6.022255],[-36.124945,-6.021121],[-36.124827,-6.021665],[-36.127794,-6.026959],[-36.128291,-6.027794],[-36.129248,-6.028373]]]}},{"type":"Feature","id":339,"properties":{"sigla":"NP3sjucs","unidade":"Jucurutu, rochas calcissilicáticas","era":"Neoproterozóico","periodo":"Ediacarano","litotipo_principal":"Rocha calcissilicática","grupo":"Formação Jucurutu","fonte":"Folhas João Câmara, Lajes, Natal, Santa Cruz, São José do MIpibu, São José do Campestre - GEOSBG/CPRM (2014)"},"geometry":{"type":"Polygon","coordinates":[[[-36.133755,-6.036089],[-36.136377,-6.036002],[-36.140922,-6.03267],[-36.144816,-6.025002],[-36.147646,-6.020987],[-36.148055,-6.019382],[-36.147638,-6.016913],[-36.146155,-6.012789],[-36.145444,-6.011838],[-36.144312,-6.011933],[-36.143361,-6.012846],[-36.142829,-6.016085],[-36.142966,-6.020015],[-36.140095,-6.026412],[-36.139446,-6.027341],[-36.136269,-6.029318],[-36.133865,-6.031471],[-36.132997,-6.032958],[-36.132873,-6.034822],[-36.133755,-6.036089]]]}},{"type":"Feature","id":340,"properties":{"sigla":"C_cortado_12p","unidade":"Diques de pegmatito","era":"Paleozóico","periodo":"Cambriano","litotipo_principal":"Pegmatito","grupo":"Diques de pegmatito","fonte":"Folhas João Câmara, Lajes, Natal, Santa Cruz, São José do MIpibu, São José do Campestre - GEOSBG/CPRM (2014)"},"geometry":{"type":"Polygon","coordinates":[[[-36.347883,-6.088947],[-36.348537,-6.088429],[-36.349744,-6.085884],[-36.35024,-6.082811],[-36.34846,-6.076676],[-36.347603,-6.075611],[-36.347098,-6.075931],[-36.346996,-6.076584],[-36.348808,-6.084759],[-36.348539,-6.086306],[-36.347403,-6.08815],[-36.347436,-6.088745],[-36.347883,-6.088947]]]}},{"type":"Feature","id":341,"properties":{"sigla":"NP3sscs","unidade":"Seridó, Calcissilicática","era":"Neoproterozóico","periodo":"Ediacarano","litotipo_secundario":"Rocha calcissilicática","grupo":"Grupo Seridó","fonte":"Folhas João Câmara, Lajes, Natal, Santa Cruz, São José do MIpibu, São José do Campestre - GEOSBG/CPRM (2014)"},"geometry":{"type":"Polygon","coordinates":[[[-36.259056,-6.024432],[-36.253784,-6.02051],[-36.257094,-6.024306],[-36.25896,-6.02553],[-36.260544,-6.02594],[-36.263782,-6.025985],[-36.265685,-6.025545],[-36.267995,-6.023969],[-36.268537,-6.022681],[-36.268613,-6.020692],[-36.268016,-6.017916],[-36.264379,-6.01159],[-36.266037,-6.01717],[-36.266216,-6.019619],[-36.265874,-6.0211],[-36.264478,-6.02335],[-36.262389,-6.024554],[-36.259056,-6.024432]]]}},{"type":"Feature","id":342,"properties":{"sigla":"PP2_gamma_sc1","unidade":"Santa Cruz, ortognaisse trondhjemítico","era":"Paleoproterozóico","periodo":"Riaciano","litotipo_principal":"Ortognaisse","grupo":"Complexo Santa Cruz","fonte":"Folhas João Câmara, Lajes, Natal, Santa Cruz, São José do MIpibu, São José do Campestre - GEOSBG/CPRM (2014)"},"geometry":{"type":"Polygon","coordinates":[[[-36.026843,-6.02696],[-36.033601,-6.037199],[-36.038802,-6.048952],[-36.040594,-6.05529],[-36.040947,-6.061716],[-36.040014,-6.068703],[-36.039251,-6.071776],[-36.036792,-6.077266],[-36.039659,-6.081775],[-36.045465,-6.086248],[-36.048961,-6.090152],[-36.052525,-6.085902],[-36.051461,-6.080047],[-36.052638,-6.077873],[-36.054573,-6.07687],[-36.058622,-6.077166],[-36.06011,-6.077999],[-36.062173,-6.08064],[-36.06271,-6.082818],[-36.062128,-6.084452],[-36.061061,-6.085403],[-36.057774,-6.085958],[-36.052083,-6.091273],[-36.062029,-6.091596],[-36.063338,-6.09254],[-36.06765,-6.099033],[-36.069684,-6.100142],[-36.069665,-6.101027],[-36.071712,-6.101022],[-36.074431,-6.102163],[-36.07499,-6.101818],[-36.077259,-6.101936],[-36.077828,-6.101362],[-36.080649,-6.104375],[-36.082272,-6.103727],[-36.083507,-6.101918],[-36.083302,-6.099439],[-36.084054,-6.097321],[-36.084878,-6.097325],[-36.085103,-6.097788],[-36.086498,-6.097334],[-36.087502,-6.098335],[-36.090365,-6.09968],[-36.091883,-6.099522],[-36.092673,-6.100121],[-36.094418,-6.099894],[-36.095464,-6.100528],[-36.095746,-6.099521],[-36.096539,-6.099214],[-36.099259,-6.099918],[-36.053638,-6.049218],[-36.02623,-6.020413],[-36.027434,-6.0239],[-36.027119,-6.0256],[-36.026158,-6.026646],[-36.026843,-6.02696]],[[-36.069911,-6.080293],[-36.066262,-6.076783],[-36.065694,-6.075852],[-36.065806,-6.074572],[-36.0666,-6.074404],[-36.067658,-6.074859],[-36.071216,-6.079277],[-36.07139,-6.080645],[-36.069911,-6.080293]],[[-36.081526,-6.089942],[-36.079287,-6.088902],[-36.076206,-6.084534],[-36.075891,-6.083182],[-36.0766,-6.082313],[-36.078876,-6.083127],[-36.082321,-6.086564],[-36.082316,-6.089635],[-36.081526,-6.089942]]]}},{"type":"Feature","id":343,"properties":{"sigla":"PP2_gamma_sc3","unidade":"Santa Cruz, ortognaisse granítico","era":"Paleoproterozóico","periodo":"Riaciano","litotipo_principal":"Ortognaisse granítico","grupo":"Complexo Santa Cruz","fonte":"Folhas João Câmara, Lajes, Natal, Santa Cruz, São José do MIpibu, São José do Campestre - GEOSBG/CPRM (2014)"},"geometry":{"type":"Polygon","coordinates":[[[-36.068132,-6.041511],[-36.068745,-6.04061],[-36.069269,-6.040876],[-36.069554,-6.042761],[-36.070706,-6.044739],[-36.071742,-6.045682],[-36.072429,-6.045685],[-36.072783,-6.04388],[-36.070691,-6.040312],[-36.065937,-6.036309],[-36.064419,-6.036272],[-36.064393,-6.037543],[-36.065207,-6.038791],[-36.068132,-6.041511]]]}},{"type":"Feature","id":344,"properties":{"sigla":"E3_beta_m","unidade":"Basalto Macau","era":"Cenozóico","periodo":"Paleogeno","litotipo_secundario":"Basalto, Basanito","grupo":"Basalto Macau","fonte":"Folhas João Câmara, Lajes, Natal, Santa Cruz, São José do MIpibu, São José do Campestre - GEOSBG/CPRM (2014)"},"geometry":{"type":"Polygon","coordinates":[[[-36.100455,-6.042774],[-36.101314,-6.042519],[-36.101635,-6.041617],[-36.101332,-6.040844],[-36.100475,-6.040549],[-36.099837,-6.0407],[-36.099587,-6.04133],[-36.099848,-6.042437],[-36.100455,-6.042774]]]}},{"type":"Feature","id":345,"properties":{"sigla":"NP3sscs","unidade":"Seridó, Calcissilicática","era":"Neoproterozóico","periodo":"Ediacarano","litotipo_secundario":"Rocha calcissilicática","grupo":"Grupo Seridó","fonte":"Folhas João Câmara, Lajes, Natal, Santa Cruz, São José do MIpibu, São José do Campestre - GEOSBG/CPRM (2014)"},"geometry":{"type":"Polygon","coordinates":[[[-36.245834,-6.175332],[-36.246849,-6.174869],[-36.247028,-6.173531],[-36.24627,-6.168583],[-36.245873,-6.16772],[-36.245196,-6.167544],[-36.24442,-6.167904],[-36.244166,-6.168906],[-36.244419,-6.173689],[-36.244651,-6.174895],[-36.245834,-6.175332]]]}},{"type":"Feature","id":346,"properties":{"sigla":"E3_beta_m","unidade":"Basalto Macau","era":"Cenozóico","periodo":"Paleogeno","litotipo_secundario":"Basalto, Basanito","grupo":"Basalto Macau","fonte":"Folhas João Câmara, Lajes, Natal, Santa Cruz, São José do MIpibu, São José do Campestre - GEOSBG/CPRM (2014)"},"geometry":{"type":"Polygon","coordinates":[[[-36.201741,-6.105341],[-36.202117,-6.106624],[-36.202993,-6.107145],[-36.204617,-6.107154],[-36.206264,-6.106416],[-36.208821,-6.107137],[-36.210568,-6.105597],[-36.214912,-6.1043],[-36.215355,-6.103537],[-36.21424,-6.101217],[-36.213383,-6.100563],[-36.212009,-6.10023],[-36.21112,-6.102234],[-36.209394,-6.103487],[-36.206507,-6.103855],[-36.203548,-6.103247],[-36.202226,-6.103947],[-36.201741,-6.105341]]]}},{"type":"Feature","id":347,"properties":{"sigla":"Q2a","unidade":"Depósitos aluvionares","era":"Cenozóico","periodo":"Neogeno","litotipo_principal":"Areia, Areia arcoseana","grupo":"Depósitos aluvionares","fonte":"Folhas João Câmara, Lajes, Natal, Santa Cruz, São José do MIpibu, São José do Campestre - GEOSBG/CPRM (2014)"},"geometry":{"type":"Polygon","coordinates":[[[-36.357397,-6.046061],[-36.358368,-6.04823],[-36.358568,-6.050598],[-36.359561,-6.050935],[-36.360341,-6.052823],[-36.362679,-6.056196],[-36.362287,-6.061162],[-36.363058,-6.061769],[-36.364032,-6.060941],[-36.365014,-6.061257],[-36.365612,-6.064191],[-36.3669,-6.066412],[-36.366765,-6.068606],[-36.367494,-6.069131],[-36.368221,-6.068957],[-36.368663,-6.06839],[-36.368494,-6.066783],[-36.36658,-6.063421],[-36.367393,-6.061441],[-36.365921,-6.059463],[-36.364654,-6.058845],[-36.364189,-6.056184],[-36.36143,-6.052665],[-36.361521,-6.050724],[-36.362119,-6.050584],[-36.363296,-6.051187],[-36.364756,-6.053547],[-36.366412,-6.054808],[-36.370579,-6.05655],[-36.371831,-6.05647],[-36.372005,-6.055906],[-36.36974,-6.054155],[-36.36708,-6.05309],[-36.363752,-6.049621],[-36.360757,-6.04864],[-36.359482,-6.047534],[-36.359423,-6.045994],[-36.358569,-6.044814],[-36.35766,-6.045048],[-36.357397,-6.046061]]]}},{"type":"Feature","id":348,"properties":{"sigla":"K1_beta_cm","unidade":"Basalto Rio Ceará-Mirim","era":"Mesozóico","periodo":"Cretáceo","litotipo_secundario":"Riolito, Basalto, Diabásio","grupo":"Basalto Rio Ceará-Mirim","fonte":"Folhas João Câmara, Lajes, Natal, Santa Cruz, São José do MIpibu, São José do Campestre - GEOSBG/CPRM (2014)"},"geometry":{"type":"Polygon","coordinates":[[[-36.270858,-6.013762],[-36.268165,-6.014095],[-36.267771,-6.015275],[-36.268427,-6.01555],[-36.272748,-6.015211],[-36.27632,-6.015546],[-36.277155,-6.014963],[-36.276865,-6.014347],[-36.27598,-6.013993],[-36.270858,-6.013762]]]}},{"type":"Feature","id":349,"properties":{"sigla":"Q2a","unidade":"Depósitos aluvionares","era":"Cenozóico","periodo":"Neogeno","litotipo_principal":"Areia, Areia arcoseana","grupo":"Depósitos aluvionares","fonte":"Folhas João Câmara, Lajes, Natal, Santa Cruz, São José do MIpibu, São José do Campestre - GEOSBG/CPRM (2014)"},"geometry":{"type":"Polygon","coordinates":[[[-36.351334,-6.00479],[-36.352932,-6.006333],[-36.356529,-6.008196],[-36.357178,-6.01137],[-36.358316,-6.011131],[-36.35884,-6.010259],[-36.360524,-6.01075],[-36.361242,-6.0105],[-36.361255,-6.009854],[-36.359739,-6.009067],[-36.35363,-6.004232],[-36.352956,-6.001187],[-36.351851,-6.000704],[-36.350398,-6.000835],[-36.350019,-6.002101],[-36.350145,-6.002814],[-36.351416,-6.003628],[-36.351334,-6.00479]]]}},{"type":"Feature","id":350,"properties":{"sigla":"NP3ssa","unidade":"Seridó, aluminoso-porfiroblástico","era":"Neoproterozóico","periodo":"Ediacarano","litotipo_secundario":"Xisto aluminoso, Xisto","grupo":"Grupo Seridó","fonte":"Folhas João Câmara, Lajes, Natal, Santa Cruz, São José do MIpibu, São José do Campestre - GEOSBG/CPRM (2014)"},"geometry":{"type":"Polygon","coordinates":[[[-36.370677,-6.00726],[-36.372477,-6.018569],[-36.37648,-6.020454],[-36.373784,-6.007219],[-36.373583,-6.007711],[-36.372723,-6.007771],[-36.370677,-6.00726]]]}},{"type":"Feature","id":351,"properties":{"sigla":"ENsm","unidade":"Serra dos Martins","era":"Cenozóico","periodo":"Paleogeno","litotipo_secundario":"Arenito, Arenito conglomerático, Arenito síltico-argiloso, Laterita","grupo":"Formação Serra dos Martins","fonte":"Folhas João Câmara, Lajes, Natal, Santa Cruz, São José do MIpibu, São José do Campestre - GEOSBG/CPRM (2014)"},"geometry":{"type":"Polygon","coordinates":[[[-36.335319,-6.101386],[-36.338061,-6.100569],[-36.3396,-6.098908],[-36.342087,-6.097661],[-36.344255,-6.097402],[-36.348507,-6.095874],[-36.35318,-6.091227],[-36.353549,-6.089997],[-36.354554,-6.089126],[-36.356546,-6.088528],[-36.35717,-6.087841],[-36.356918,-6.086881],[-36.357264,-6.086561],[-36.358548,-6.086752],[-36.358882,-6.086391],[-36.35802,-6.084465],[-36.359591,-6.082103],[-36.360573,-6.082325],[-36.362352,-6.083685],[-36.363652,-6.082791],[-36.365876,-6.082705],[-36.366482,-6.082077],[-36.367695,-6.081933],[-36.367835,-6.081492],[-36.369317,-6.081751],[-36.36994,-6.079905],[-36.370679,-6.080099],[-36.371756,-6.079688],[-36.372027,-6.076918],[-36.372867,-6.076639],[-36.373035,-6.07574],[-36.372699,-6.075107],[-36.374404,-6.074402],[-36.374298,-6.072856],[-36.376461,-6.072569],[-36.377596,-6.071783],[-36.378461,-6.069862],[-36.37959,-6.069582],[-36.380587,-6.070313],[-36.381325,-6.069858],[-36.381306,-6.068112],[-36.380391,-6.067118],[-36.380179,-6.065541],[-36.381765,-6.064424],[-36.382104,-6.062929],[-36.383558,-6.062782],[-36.384145,-6.061704],[-36.383941,-6.060113],[-36.384707,-6.058641],[-36.385636,-6.058537],[-36.386013,-6.058944],[-36.388299,-6.056847],[-36.388904,-6.05706],[-36.38978,-6.05585],[-36.390285,-6.055699],[-36.39071,-6.056157],[-36.392531,-6.054679],[-36.392629,-6.053953],[-36.395432,-6.053849],[-36.395871,-6.052788],[-36.396545,-6.052627],[-36.395984,-6.051381],[-36.395024,-6.050496],[-36.39594,-6.050371],[-36.396709,-6.049734],[-36.397137,-6.04996],[-36.397286,-6.051052],[-36.398648,-6.052197],[-36.399688,-6.05127],[-36.399657,-6.050484],[-36.400115,-6.050339],[-36.400633,-6.048582],[-36.401707,-6.04924],[-36.404028,-6.049272],[-36.404716,-6.050014],[-36.405605,-6.048674],[-36.40538,-6.048031],[-36.406367,-6.047756],[-36.406797,-6.046406],[-36.408283,-6.045386],[-36.408494,-6.044307],[-36.408995,-6.043832],[-36.411178,-6.04346],[-36.411445,-6.044025],[-36.412769,-6.044391],[-36.413563,-6.044001],[-36.413379,-6.043105],[-36.412707,-6.042433],[-36.411782,-6.042663],[-36.411255,-6.042392],[-36.411115,-6.041519],[-36.411653,-6.040437],[-36.412024,-6.040628],[-36.41201,-6.039957],[-36.410022,-6.039621],[-36.41055,-6.037904],[-36.409403,-6.035743],[-36.407529,-6.035871],[-36.406424,-6.035032],[-36.405782,-6.035866],[-36.4058,-6.036761],[-36.404429,-6.037577],[-36.404507,-6.038307],[-36.403276,-6.03894],[-36.402098,-6.038767],[-36.401558,-6.037609],[-36.400238,-6.037455],[-36.399656,-6.036772],[-36.399102,-6.037058],[-36.398421,-6.036772],[-36.39807,-6.035851],[-36.397057,-6.034938],[-36.395692,-6.035073],[-36.395136,-6.03393],[-36.395819,-6.032681],[-36.395833,-6.031449],[-36.396439,-6.031761],[-36.397517,-6.031391],[-36.398321,-6.030299],[-36.398324,-6.029116],[-36.396565,-6.028682],[-36.394267,-6.02585],[-36.393238,-6.025194],[-36.392207,-6.025161],[-36.391363,-6.025683],[-36.390872,-6.02657],[-36.390557,-6.030394],[-36.389818,-6.031089],[-36.387646,-6.03192],[-36.38629,-6.033797],[-36.387555,-6.036893],[-36.385825,-6.03896],[-36.385721,-6.040901],[-36.386366,-6.041736],[-36.388502,-6.042617],[-36.388468,-6.043669],[-36.387939,-6.04446],[-36.383339,-6.047403],[-36.381224,-6.046168],[-36.379524,-6.045998],[-36.378089,-6.046469],[-36.377091,-6.04744],[-36.376478,-6.055681],[-36.374176,-6.059438],[-36.37416,-6.062651],[-36.375067,-6.06475],[-36.374411,-6.068047],[-36.373296,-6.071408],[-36.372674,-6.071625],[-36.371435,-6.071131],[-36.368913,-6.073003],[-36.368795,-6.073624],[-36.369537,-6.074316],[-36.36978,-6.075437],[-36.368852,-6.077527],[-36.368458,-6.078003],[-36.367081,-6.078321],[-36.36268,-6.081504],[-36.357576,-6.0819],[-36.352809,-6.085692],[-36.351634,-6.087485],[-36.35019,-6.091686],[-36.347271,-6.094732],[-36.345479,-6.095775],[-36.341228,-6.095553],[-36.337994,-6.096513],[-36.334695,-6.098945],[-36.334132,-6.100778],[-36.334468,-6.102175],[-36.335319,-6.101386]]]}},{"type":"Feature","id":352,"properties":{"sigla":"C_cortado_12p","unidade":"Diques de pegmatito","era":"Paleozóico","periodo":"Cambriano","litotipo_principal":"Pegmatito","grupo":"Diques de pegmatito","fonte":"Folhas João Câmara, Lajes, Natal, Santa Cruz, São José do MIpibu, São José do Campestre - GEOSBG/CPRM (2014)"},"geometry":{"type":"Polygon","coordinates":[[[-36.249721,-6.165873],[-36.250067,-6.165402],[-36.250064,-6.163322],[-36.248965,-6.15118],[-36.248446,-6.149026],[-36.247847,-6.148435],[-36.24721,-6.149751],[-36.247756,-6.154975],[-36.247727,-6.160541],[-36.24843,-6.163198],[-36.249721,-6.165873]]]}},{"type":"Feature","id":353,"properties":{"sigla":"C_cortado_12p","unidade":"Diques de pegmatito","era":"Paleozóico","periodo":"Cambriano","litotipo_principal":"Pegmatito","grupo":"Diques de pegmatito","fonte":"Folhas João Câmara, Lajes, Natal, Santa Cruz, São José do MIpibu, São José do Campestre - GEOSBG/CPRM (2014)"},"geometry":{"type":"Polygon","coordinates":[[[-36.25719,-6.168166],[-36.25803,-6.167537],[-36.258195,-6.165481],[-36.256296,-6.158586],[-36.251015,-6.14731],[-36.250505,-6.14659],[-36.249503,-6.146358],[-36.249142,-6.146822],[-36.249244,-6.148006],[-36.252919,-6.162307],[-36.254609,-6.16612],[-36.255534,-6.167344],[-36.25719,-6.168166]]]}},{"type":"Feature","id":354,"properties":{"sigla":"NP3sju","unidade":"Jucurutu","era":"Neoproterozóico","periodo":"Ediacarano","litotipo_secundario":"Biotita gnaisse, Biotita xisto, Xisto, Gnaisse, Mármore, Rocha calcissilicática, Muscovita quartzito","grupo":"Formação Jucurutu","fonte":"Folhas João Câmara, Lajes, Natal, Santa Cruz, São José do MIpibu, São José do Campestre - GEOSBG/CPRM (2014)"},"geometry":{"type":"Polygon","coordinates":[[[-36.180685,-6.07469],[-36.181073,-6.073723],[-36.180324,-6.070743],[-36.172836,-6.05954],[-36.172215,-6.059465],[-36.172865,-6.063114],[-36.174257,-6.066325],[-36.180685,-6.07469]]]}},{"type":"Feature","id":355,"properties":{"sigla":"K1_beta_cm","unidade":"Basalto Rio Ceará-Mirim","era":"Mesozóico","periodo":"Cretáceo","litotipo_secundario":"Riolito, Basalto, Diabásio","grupo":"Basalto Rio Ceará-Mirim","fonte":"Folhas João Câmara, Lajes, Natal, Santa Cruz, São José do MIpibu, São José do Campestre - GEOSBG/CPRM (2014)"},"geometry":{"type":"Polygon","coordinates":[[[-36.202575,-6.022044],[-36.202433,-6.022465],[-36.202871,-6.022783],[-36.206843,-6.023229],[-36.209668,-6.023031],[-36.210093,-6.022473],[-36.209134,-6.022143],[-36.202575,-6.022044]]]}},{"type":"Feature","id":356,"properties":{"sigla":"NP3sjucs","unidade":"Jucurutu, rochas calcissilicáticas","era":"Neoproterozóico","periodo":"Ediacarano","litotipo_principal":"Rocha calcissilicática","grupo":"Formação Jucurutu","fonte":"Folhas João Câmara, Lajes, Natal, Santa Cruz, São José do MIpibu, São José do Campestre - GEOSBG/CPRM (2014)"},"geometry":{"type":"Polygon","coordinates":[[[-36.204231,-6.005466],[-36.204818,-6.004366],[-36.204256,-6.00213],[-36.203359,-6.000527],[-36.202201,-6.000382],[-36.201759,-6.001018],[-36.201849,-6.001888],[-36.203307,-6.0048],[-36.204231,-6.005466]]]}},{"type":"Feature","id":357,"properties":{"sigla":"C_cortado_12p","unidade":"Diques de pegmatito","era":"Paleozóico","periodo":"Cambriano","litotipo_principal":"Pegmatito","grupo":"Diques de pegmatito","fonte":"Folhas João Câmara, Lajes, Natal, Santa Cruz, São José do MIpibu, São José do Campestre - GEOSBG/CPRM (2014)"},"geometry":{"type":"Polygon","coordinates":[[[-36.253197,-6.082422],[-36.253584,-6.081953],[-36.253355,-6.080746],[-36.250915,-6.075407],[-36.250192,-6.07441],[-36.249265,-6.074439],[-36.249089,-6.075582],[-36.249552,-6.077132],[-36.251673,-6.081178],[-36.253197,-6.082422]]]}},{"type":"Feature","id":358,"properties":{"sigla":"C_cortado_12p","unidade":"Diques de pegmatito","era":"Paleozóico","periodo":"Cambriano","litotipo_principal":"Pegmatito","grupo":"Diques de pegmatito","fonte":"Folhas João Câmara, Lajes, Natal, Santa Cruz, São José do MIpibu, São José do Campestre - GEOSBG/CPRM (2014)"},"geometry":{"type":"Polygon","coordinates":[[[-36.25922,-6.08179],[-36.259759,-6.081377],[-36.259806,-6.08066],[-36.257407,-6.073318],[-36.256101,-6.070715],[-36.255879,-6.072206],[-36.256973,-6.076845],[-36.258102,-6.080336],[-36.25922,-6.08179]]]}},{"type":"Feature","id":359,"properties":{"sigla":"NP3_gamma_3di","unidade":"Dona Inês","era":"Neoproterozóico","periodo":"Ediacarano","litotipo_secundario":"Sienogranito, Monzogranito, Leucogranito, Biotita leucogranito","grupo":"Suíte Intrusiva Dona Inês","fonte":"Folhas João Câmara, Lajes, Natal, Santa Cruz, São José do MIpibu, São José do Campestre - GEOSBG/CPRM (2014)"},"geometry":{"type":"Polygon","coordinates":[[[-36.169167,-6.037131],[-36.173867,-6.046862],[-36.184967,-6.063874],[-36.191717,-6.079329],[-36.199203,-6.091106],[-36.20076,-6.094963],[-36.201201,-6.097237],[-36.201764,-6.104672],[-36.202764,-6.103472],[-36.203548,-6.103247],[-36.206507,-6.103855],[-36.209394,-6.103487],[-36.21112,-6.102234],[-36.212009,-6.10023],[-36.213383,-6.100563],[-36.21424,-6.101217],[-36.205626,-6.087831],[-36.195898,-6.069821],[-36.186329,-6.058297],[-36.173727,-6.03836],[-36.170722,-6.035839],[-36.169804,-6.035968],[-36.169167,-6.037131]]]}},{"type":"Feature","id":360,"properties":{"sigla":"ENsm","unidade":"Serra dos Martins","era":"Cenozóico","periodo":"Paleogeno","litotipo_secundario":"Arenito, Arenito conglomerático, Arenito síltico-argiloso, Laterita","grupo":"Formação Serra dos Martins","fonte":"Folhas João Câmara, Lajes, Natal, Santa Cruz, São José do MIpibu, São José do Campestre - GEOSBG/CPRM (2014)"},"geometry":{"type":"Polygon","coordinates":[[[-36.326635,-6.110825],[-36.32893,-6.109361],[-36.328408,-6.108877],[-36.328154,-6.106913],[-36.328618,-6.106012],[-36.328287,-6.104958],[-36.328858,-6.103509],[-36.332178,-6.103427],[-36.331999,-6.101878],[-36.329712,-6.100867],[-36.328083,-6.101014],[-36.326608,-6.102311],[-36.324541,-6.107899],[-36.324477,-6.109339],[-36.325255,-6.110513],[-36.326635,-6.110825]]]}},{"type":"Feature","id":361,"properties":{"sigla":"NP3_gamma_3di","unidade":"Dona Inês","era":"Neoproterozóico","periodo":"Ediacarano","litotipo_secundario":"Sienogranito, Monzogranito, Leucogranito, Biotita leucogranito","grupo":"Suíte Intrusiva Dona Inês","fonte":"Folhas João Câmara, Lajes, Natal, Santa Cruz, São José do MIpibu, São José do Campestre - GEOSBG/CPRM (2014)"},"geometry":{"type":"MultiPolygon","coordinates":[[[[-36.3552,-6.041212],[-36.355147,-6.041045],[-36.355119,-6.04116],[-36.3552,-6.041212]]],[[[-36.321024,-6.024198],[-36.326622,-6.03447],[-36.330764,-6.039751],[-36.336572,-6.048674],[-36.338853,-6.0511],[-36.34455,-6.05573],[-36.349957,-6.058757],[-36.353817,-6.060701],[-36.355667,-6.060961],[-36.356409,-6.06057],[-36.356894,-6.059245],[-36.357267,-6.05376],[-36.358547,-6.050742],[-36.358368,-6.04823],[-36.355739,-6.042966],[-36.354805,-6.043239],[-36.354177,-6.045788],[-36.350608,-6.046024],[-36.347823,-6.045278],[-36.347196,-6.044023],[-36.345941,-6.042925],[-36.34645,-6.040493],[-36.349,-6.043435],[-36.350922,-6.043513],[-36.351785,-6.044102],[-36.352569,-6.043945],[-36.353079,-6.042847],[-36.354334,-6.041905],[-36.35453,-6.040689],[-36.355,-6.040723],[-36.352422,-6.035828],[-36.35023,-6.033421],[-36.348069,-6.029949],[-36.344812,-6.025935],[-36.341958,-6.02353],[-36.340156,-6.022642],[-36.338008,-6.022411],[-36.334345,-6.023302],[-36.332409,-6.02267],[-36.327081,-6.019272],[-36.323838,-6.013924],[-36.322161,-6.012696],[-36.319643,-6.012266],[-36.318206,-6.013143],[-36.317827,-6.01497],[-36.319158,-6.02004],[-36.321024,-6.024198]]]]}},{"type":"Feature","id":362,"properties":{"sigla":"ENsm","unidade":"Serra dos Martins","era":"Cenozóico","periodo":"Paleogeno","litotipo_secundario":"Arenito, Arenito conglomerático, Arenito síltico-argiloso, Laterita","grupo":"Formação Serra dos Martins","fonte":"Folhas João Câmara, Lajes, Natal, Santa Cruz, São José do MIpibu, São José do Campestre - GEOSBG/CPRM (2014)"},"geometry":{"type":"Polygon","coordinates":[[[-36.272202,-6.038896],[-36.272437,-6.040409],[-36.274247,-6.041888],[-36.274769,-6.043156],[-36.275878,-6.044029],[-36.277569,-6.044605],[-36.278207,-6.0465],[-36.279254,-6.047845],[-36.28062,-6.04856],[-36.282326,-6.048829],[-36.284452,-6.050281],[-36.285263,-6.050063],[-36.285541,-6.048502],[-36.284659,-6.045544],[-36.283286,-6.044032],[-36.280724,-6.043552],[-36.280141,-6.041609],[-36.278495,-6.041021],[-36.278056,-6.03884],[-36.276791,-6.038748],[-36.274847,-6.03951],[-36.272641,-6.038681],[-36.272202,-6.038896]]]}},{"type":"Feature","id":363,"properties":{"sigla":"Q1a","unidade":"Depósitos aluvionares antigos","era":"Cenozóico","periodo":"Neogeno","litotipo_secundario":"Areia, Argila, Cascalho","grupo":"Depósitos aluvionares","fonte":"Folhas João Câmara, Lajes, Natal, Santa Cruz, São José do MIpibu, São José do Campestre - GEOSBG/CPRM (2014)"},"geometry":{"type":"Polygon","coordinates":[[[-35.308581,-5.823251],[-35.308422,-5.824884],[-35.305524,-5.825648],[-35.30429,-5.826716],[-35.303241,-5.828545],[-35.303338,-5.831104],[-35.30073,-5.831605],[-35.298253,-5.834871],[-35.299386,-5.835504],[-35.300229,-5.835477],[-35.301241,-5.834447],[-35.301176,-5.835487],[-35.303056,-5.836543],[-35.304205,-5.836564],[-35.304971,-5.835952],[-35.305077,-5.835118],[-35.304652,-5.832969],[-35.305268,-5.83314],[-35.305906,-5.834926],[-35.307587,-5.833395],[-35.308195,-5.830613],[-35.309138,-5.829944],[-35.311452,-5.829655],[-35.312746,-5.83186],[-35.314691,-5.832012],[-35.314811,-5.832619],[-35.313981,-5.832922],[-35.313862,-5.83348],[-35.314073,-5.833989],[-35.314959,-5.834347],[-35.314073,-5.834537],[-35.313394,-5.833797],[-35.312225,-5.833407],[-35.311575,-5.833602],[-35.311224,-5.834692],[-35.313458,-5.836509],[-35.313968,-5.838062],[-35.314904,-5.838934],[-35.318254,-5.839574],[-35.319743,-5.839],[-35.321955,-5.840446],[-35.322688,-5.841401],[-35.321636,-5.844277],[-35.322551,-5.844745],[-35.323572,-5.844341],[-35.323997,-5.844958],[-35.324699,-5.845128],[-35.326273,-5.844617],[-35.327848,-5.84583],[-35.329382,-5.845801],[-35.329837,-5.847816],[-35.330975,-5.848888],[-35.334333,-5.850279],[-35.337452,-5.850519],[-35.339886,-5.853814],[-35.342789,-5.855302],[-35.344673,-5.855832],[-35.343627,-5.854577],[-35.341272,-5.852851],[-35.340906,-5.851281],[-35.341848,-5.850182],[-35.34258,-5.85013],[-35.344307,-5.851909],[-35.349016,-5.854839],[-35.351024,-5.858477],[-35.350697,-5.858987],[-35.350562,-5.862288],[-35.351542,-5.862982],[-35.353094,-5.862183],[-35.353871,-5.862548],[-35.35314,-5.864466],[-35.353112,-5.866279],[-35.356549,-5.869217],[-35.356271,-5.871546],[-35.35677,-5.872599],[-35.359562,-5.875167],[-35.361013,-5.875094],[-35.363191,-5.875747],[-35.366021,-5.875965],[-35.366529,-5.876473],[-35.367109,-5.878432],[-35.369214,-5.881915],[-35.369214,-5.884238],[-35.369773,-5.885246],[-35.372012,-5.887177],[-35.373378,-5.890443],[-35.374221,-5.890886],[-35.376305,-5.891019],[-35.377059,-5.892438],[-35.378966,-5.893148],[-35.37896,-5.895703],[-35.379993,-5.894861],[-35.381708,-5.89531],[-35.380329,-5.891355],[-35.377574,-5.887654],[-35.374306,-5.887101],[-35.373451,-5.886498],[-35.368075,-5.876453],[-35.368011,-5.87548],[-35.36855,-5.874973],[-35.369996,-5.874239],[-35.374182,-5.873329],[-35.375913,-5.872066],[-35.373147,-5.872668],[-35.37002,-5.871946],[-35.368001,-5.870432],[-35.367119,-5.868578],[-35.367694,-5.865805],[-35.370381,-5.86401],[-35.371223,-5.861845],[-35.372064,-5.861244],[-35.374469,-5.860763],[-35.37495,-5.859199],[-35.372185,-5.857636],[-35.370381,-5.857877],[-35.368818,-5.858598],[-35.367374,-5.862085],[-35.366172,-5.863048],[-35.363166,-5.863649],[-35.360881,-5.865212],[-35.359318,-5.865092],[-35.358356,-5.864491],[-35.357995,-5.862927],[-35.358957,-5.85956],[-35.356552,-5.858117],[-35.356311,-5.856915],[-35.358356,-5.85451],[-35.357875,-5.853668],[-35.356431,-5.853427],[-35.352102,-5.854389],[-35.35102,-5.853908],[-35.349818,-5.851744],[-35.3509,-5.851503],[-35.351621,-5.85006],[-35.350419,-5.849579],[-35.347653,-5.851263],[-35.345128,-5.851263],[-35.344286,-5.850902],[-35.343685,-5.84982],[-35.342482,-5.846453],[-35.341761,-5.845972],[-35.337071,-5.846212],[-35.335988,-5.845731],[-35.333944,-5.843326],[-35.333944,-5.841522],[-35.335026,-5.84056],[-35.338514,-5.841161],[-35.338514,-5.839839],[-35.33659,-5.836231],[-35.337071,-5.835149],[-35.338634,-5.834427],[-35.342242,-5.834668],[-35.34633,-5.835991],[-35.352944,-5.836712],[-35.353906,-5.837193],[-35.357538,-5.842123],[-35.360424,-5.844168],[-35.361266,-5.84525],[-35.363671,-5.846693],[-35.364633,-5.848016],[-35.368,-5.84994],[-35.370044,-5.849218],[-35.370525,-5.847535],[-35.368481,-5.843085],[-35.366797,-5.841402],[-35.361025,-5.839358],[-35.359101,-5.837554],[-35.359101,-5.836592],[-35.359582,-5.83563],[-35.360424,-5.83563],[-35.362829,-5.836953],[-35.364873,-5.83551],[-35.366557,-5.835269],[-35.36788,-5.83551],[-35.369462,-5.838399],[-35.370299,-5.839032],[-35.372385,-5.838564],[-35.375215,-5.834067],[-35.380386,-5.829497],[-35.380747,-5.828415],[-35.379905,-5.827453],[-35.37738,-5.827453],[-35.370044,-5.829858],[-35.368721,-5.829497],[-35.367519,-5.828535],[-35.367519,-5.826972],[-35.369443,-5.823845],[-35.372209,-5.822282],[-35.375095,-5.82156],[-35.37762,-5.823003],[-35.38255,-5.824687],[-35.383753,-5.824566],[-35.384234,-5.823244],[-35.383633,-5.821921],[-35.380386,-5.820598],[-35.380025,-5.819275],[-35.380626,-5.818554],[-35.381949,-5.818434],[-35.383031,-5.819155],[-35.383993,-5.820478],[-35.389686,-5.822911],[-35.390304,-5.823852],[-35.390392,-5.826707],[-35.391128,-5.827737],[-35.393747,-5.828385],[-35.397397,-5.827796],[-35.399999,-5.829582],[-35.400832,-5.829721],[-35.401665,-5.829666],[-35.403332,-5.828054],[-35.407499,-5.828665],[-35.408528,-5.829803],[-35.408181,-5.831817],[-35.409164,-5.832165],[-35.409998,-5.832083],[-35.411665,-5.830832],[-35.413332,-5.828808],[-35.416168,-5.829838],[-35.419777,-5.828943],[-35.423332,-5.825499],[-35.424791,-5.828333],[-35.425831,-5.828749],[-35.429045,-5.828356],[-35.429958,-5.826519],[-35.432096,-5.825495],[-35.434391,-5.825682],[-35.436996,-5.825062],[-35.440468,-5.82531],[-35.44146,-5.824566],[-35.441709,-5.821713],[-35.442222,-5.820515],[-35.4407,-5.820008],[-35.439667,-5.820114],[-35.436997,-5.816282],[-35.435851,-5.816125],[-35.434563,-5.817255],[-35.43233,-5.817228],[-35.428171,-5.814257],[-35.422115,-5.813845],[-35.417014,-5.812161],[-35.409978,-5.811834],[-35.409293,-5.81235],[-35.409086,-5.814272],[-35.40975,-5.815167],[-35.412262,-5.816842],[-35.412114,-5.818117],[-35.411044,-5.817146],[-35.408093,-5.816383],[-35.40754,-5.81294],[-35.406812,-5.812136],[-35.405543,-5.811709],[-35.404914,-5.812312],[-35.403811,-5.816309],[-35.400918,-5.816537],[-35.400241,-5.817157],[-35.402502,-5.819971],[-35.404573,-5.820648],[-35.405715,-5.821486],[-35.406246,-5.822886],[-35.407402,-5.823338],[-35.407478,-5.823866],[-35.406975,-5.824142],[-35.403181,-5.822811],[-35.400815,-5.820332],[-35.397392,-5.820021],[-35.395733,-5.818061],[-35.392667,-5.819217],[-35.390318,-5.818277],[-35.390092,-5.816177],[-35.389564,-5.815523],[-35.387315,-5.815448],[-35.386385,-5.814149],[-35.384576,-5.81434],[-35.384777,-5.812018],[-35.38337,-5.811264],[-35.383144,-5.809078],[-35.38249,-5.808399],[-35.380932,-5.808098],[-35.379374,-5.808399],[-35.378595,-5.808977],[-35.378419,-5.812269],[-35.379224,-5.812596],[-35.379224,-5.813149],[-35.37722,-5.813205],[-35.376232,-5.815031],[-35.375023,-5.815377],[-35.374419,-5.816067],[-35.372606,-5.815463],[-35.369347,-5.817073],[-35.366304,-5.816628],[-35.365531,-5.817349],[-35.364978,-5.816244],[-35.364357,-5.817487],[-35.36339,-5.817729],[-35.362699,-5.817487],[-35.362492,-5.816451],[-35.36206,-5.816348],[-35.360472,-5.816831],[-35.359263,-5.819145],[-35.358417,-5.818627],[-35.358141,-5.81728],[-35.356932,-5.816969],[-35.356069,-5.817522],[-35.354964,-5.819387],[-35.353652,-5.819732],[-35.351545,-5.819767],[-35.349905,-5.819283],[-35.348662,-5.819525],[-35.344328,-5.817695],[-35.341375,-5.817695],[-35.33958,-5.816831],[-35.335677,-5.816589],[-35.334469,-5.816935],[-35.331706,-5.815933],[-35.328909,-5.816175],[-35.328391,-5.818213],[-35.326785,-5.818005],[-35.322503,-5.816279],[-35.320155,-5.816451],[-35.319862,-5.817418],[-35.318377,-5.816728],[-35.316305,-5.814207],[-35.313956,-5.813861],[-35.312782,-5.814587],[-35.312437,-5.815692],[-35.31444,-5.819352],[-35.313473,-5.819939],[-35.308984,-5.818351],[-35.310134,-5.821748],[-35.309913,-5.822604],[-35.309056,-5.823157],[-35.308185,-5.82304],[-35.308581,-5.823251]]]}},{"type":"Feature","id":364,"properties":{"sigla":"Q1a","unidade":"Depósitos aluvionares antigos","era":"Cenozóico","periodo":"Neogeno","litotipo_secundario":"Areia, Argila, Cascalho","grupo":"Depósitos aluvionares","fonte":"Folhas João Câmara, Lajes, Natal, Santa Cruz, São José do MIpibu, São José do Campestre - GEOSBG/CPRM (2014)"},"geometry":{"type":"Polygon","coordinates":[[[-35.421177,-5.86231],[-35.422319,-5.863321],[-35.423477,-5.862333],[-35.429092,-5.854103],[-35.430136,-5.853369],[-35.430164,-5.855045],[-35.428698,-5.857189],[-35.429148,-5.858318],[-35.428894,-5.85939],[-35.427258,-5.861845],[-35.422104,-5.866478],[-35.42181,-5.867525],[-35.422111,-5.868271],[-35.42572,-5.869175],[-35.427489,-5.869167],[-35.432078,-5.867022],[-35.433375,-5.866898],[-35.437022,-5.864993],[-35.439494,-5.864156],[-35.441852,-5.864146],[-35.446974,-5.861976],[-35.448155,-5.861976],[-35.448793,-5.862709],[-35.449145,-5.864274],[-35.450422,-5.864753],[-35.453423,-5.86453],[-35.456185,-5.865807],[-35.457302,-5.865424],[-35.457877,-5.864594],[-35.459345,-5.865136],[-35.46142,-5.864498],[-35.462122,-5.864626],[-35.463057,-5.866608],[-35.465328,-5.86956],[-35.467938,-5.871035],[-35.471003,-5.874384],[-35.473672,-5.874498],[-35.474466,-5.875009],[-35.476397,-5.877679],[-35.476383,-5.876405],[-35.475698,-5.874874],[-35.475713,-5.872499],[-35.474619,-5.87121],[-35.473749,-5.870796],[-35.47117,-5.87105],[-35.468748,-5.869461],[-35.467765,-5.868644],[-35.464738,-5.864407],[-35.462997,-5.863271],[-35.460803,-5.86259],[-35.455883,-5.862665],[-35.453084,-5.860017],[-35.449792,-5.85805],[-35.448127,-5.857671],[-35.444267,-5.858881],[-35.441088,-5.860849],[-35.438515,-5.863045],[-35.432991,-5.865919],[-35.42845,-5.867811],[-35.424061,-5.868191],[-35.423532,-5.867812],[-35.423683,-5.866601],[-35.428072,-5.862893],[-35.429434,-5.860698],[-35.431175,-5.856763],[-35.43231,-5.852828],[-35.432234,-5.851314],[-35.43178,-5.850935],[-35.430418,-5.851314],[-35.429661,-5.852146],[-35.424666,-5.858126],[-35.423002,-5.860773],[-35.421177,-5.86231]]]}},{"type":"Feature","id":365,"properties":{"sigla":"Q1a","unidade":"Depósitos aluvionares antigos","era":"Cenozóico","periodo":"Neogeno","litotipo_secundario":"Areia, Argila, Cascalho","grupo":"Depósitos aluvionares","fonte":"Folhas João Câmara, Lajes, Natal, Santa Cruz, São José do MIpibu, São José do Campestre - GEOSBG/CPRM (2014)"},"geometry":{"type":"Polygon","coordinates":[[[-35.383651,-5.89653],[-35.3846,-5.897327],[-35.384969,-5.900246],[-35.385908,-5.901957],[-35.388762,-5.9032],[-35.391197,-5.905952],[-35.391515,-5.909371],[-35.390084,-5.912551],[-35.389845,-5.914856],[-35.392086,-5.917519],[-35.39535,-5.918562],[-35.398806,-5.919027],[-35.400243,-5.920263],[-35.402094,-5.920503],[-35.403191,-5.920195],[-35.407202,-5.91584],[-35.40799,-5.915531],[-35.409019,-5.915874],[-35.410596,-5.917795],[-35.412035,-5.917349],[-35.413315,-5.914824],[-35.414743,-5.91464],[-35.416395,-5.91382],[-35.421953,-5.914454],[-35.423511,-5.915821],[-35.423938,-5.917614],[-35.423599,-5.920596],[-35.423021,-5.921289],[-35.421407,-5.921592],[-35.41737,-5.920986],[-35.416664,-5.921188],[-35.415523,-5.922329],[-35.414444,-5.923912],[-35.413334,-5.924316],[-35.409803,-5.923912],[-35.404253,-5.924215],[-35.40173,-5.925325],[-35.401428,-5.926435],[-35.402033,-5.929663],[-35.403244,-5.931883],[-35.404554,-5.932892],[-35.414847,-5.93824],[-35.419388,-5.939653],[-35.421507,-5.939653],[-35.424332,-5.938139],[-35.42524,-5.936323],[-35.425039,-5.933297],[-35.425442,-5.93259],[-35.42635,-5.93269],[-35.429579,-5.936222],[-35.431597,-5.935516],[-35.432766,-5.933477],[-35.434183,-5.9335],[-35.434959,-5.934467],[-35.435207,-5.936205],[-35.434835,-5.940546],[-35.433347,-5.944018],[-35.433099,-5.94563],[-35.434091,-5.947584],[-35.439393,-5.951397],[-35.439765,-5.9527],[-35.438463,-5.953816],[-35.435486,-5.953816],[-35.433719,-5.953351],[-35.428882,-5.946468],[-35.426371,-5.946654],[-35.425627,-5.947863],[-35.425534,-5.951304],[-35.426608,-5.95609],[-35.430576,-5.957909],[-35.430576,-5.9589],[-35.42975,-5.959396],[-35.423962,-5.957247],[-35.421812,-5.957577],[-35.42115,-5.95923],[-35.42297,-5.962043],[-35.428097,-5.965184],[-35.43405,-5.966838],[-35.437853,-5.967003],[-35.443806,-5.967996],[-35.45009,-5.967996],[-35.456539,-5.969319],[-35.458935,-5.97077],[-35.461275,-5.974714],[-35.467221,-5.978774],[-35.468536,-5.97946],[-35.471681,-5.979289],[-35.472195,-5.979574],[-35.472195,-5.981003],[-35.473632,-5.98575],[-35.47479,-5.987036],[-35.478392,-5.989695],[-35.486014,-5.997461],[-35.489012,-5.998526],[-35.491888,-5.998904],[-35.495066,-5.998298],[-35.496958,-5.997163],[-35.497324,-5.995343],[-35.497107,-5.992721],[-35.493751,-5.98878],[-35.492779,-5.985921],[-35.492951,-5.980432],[-35.493523,-5.978374],[-35.493008,-5.976601],[-35.489406,-5.974429],[-35.488263,-5.972713],[-35.485975,-5.972244],[-35.485061,-5.973388],[-35.483746,-5.972244],[-35.481744,-5.97173],[-35.481173,-5.970929],[-35.48163,-5.968299],[-35.484832,-5.967785],[-35.484889,-5.966813],[-35.484317,-5.965612],[-35.483345,-5.964926],[-35.481458,-5.964583],[-35.47957,-5.962696],[-35.476713,-5.961724],[-35.475226,-5.959379],[-35.472882,-5.958007],[-35.471224,-5.958179],[-35.470709,-5.95755],[-35.469737,-5.957264],[-35.468136,-5.958007],[-35.469507,-5.955833],[-35.469336,-5.954176],[-35.468594,-5.953719],[-35.467507,-5.953891],[-35.46705,-5.954119],[-35.46682,-5.95492],[-35.466421,-5.953776],[-35.465506,-5.953376],[-35.464705,-5.954805],[-35.464418,-5.954519],[-35.464705,-5.952061],[-35.463505,-5.951318],[-35.461161,-5.95086],[-35.460417,-5.951432],[-35.460246,-5.952118],[-35.461275,-5.953719],[-35.459217,-5.953033],[-35.457901,-5.952061],[-35.456262,-5.952398],[-35.452648,-5.950849],[-35.451601,-5.949732],[-35.45153,-5.949104],[-35.452368,-5.945406],[-35.450974,-5.943524],[-35.449438,-5.942686],[-35.449228,-5.941639],[-35.449997,-5.93857],[-35.452995,-5.933407],[-35.452856,-5.932081],[-35.449788,-5.929292],[-35.449717,-5.928385],[-35.450275,-5.927547],[-35.453886,-5.92621],[-35.458046,-5.927366],[-35.459255,-5.928341],[-35.459659,-5.930392],[-35.460768,-5.931131],[-35.461775,-5.930796],[-35.46423,-5.928341],[-35.46574,-5.928072],[-35.46591,-5.929048],[-35.46312,-5.931511],[-35.463188,-5.932486],[-35.463993,-5.932619],[-35.466009,-5.931644],[-35.467825,-5.931612],[-35.468262,-5.930771],[-35.468395,-5.92852],[-35.46937,-5.92684],[-35.471218,-5.925798],[-35.472563,-5.923613],[-35.473841,-5.923042],[-35.474916,-5.923647],[-35.475487,-5.924847],[-35.477907,-5.925361],[-35.478176,-5.926359],[-35.481368,-5.927065],[-35.481738,-5.927401],[-35.481335,-5.928913],[-35.482578,-5.929047],[-35.483183,-5.930426],[-35.484259,-5.930795],[-35.48446,-5.931905],[-35.484128,-5.932353],[-35.482713,-5.933959],[-35.481728,-5.934372],[-35.481124,-5.935642],[-35.480298,-5.935833],[-35.480044,-5.936278],[-35.481278,-5.937467],[-35.481537,-5.938597],[-35.482458,-5.938152],[-35.482681,-5.937008],[-35.483507,-5.936563],[-35.484301,-5.934847],[-35.485508,-5.933958],[-35.485794,-5.932434],[-35.486748,-5.932274],[-35.488716,-5.934212],[-35.489765,-5.934212],[-35.490591,-5.933451],[-35.492338,-5.930368],[-35.49469,-5.927922],[-35.495516,-5.928177],[-35.496374,-5.931862],[-35.49469,-5.935642],[-35.495589,-5.936704],[-35.497622,-5.936926],[-35.499465,-5.933876],[-35.500001,-5.933795],[-35.500001,-5.914125],[-35.497269,-5.912719],[-35.494888,-5.91373],[-35.48951,-5.909461],[-35.487981,-5.907461],[-35.488334,-5.902978],[-35.487236,-5.901527],[-35.484843,-5.900401],[-35.483706,-5.900676],[-35.482569,-5.901656],[-35.481824,-5.901696],[-35.479157,-5.900284],[-35.476921,-5.900127],[-35.476607,-5.900911],[-35.479392,-5.903029],[-35.479863,-5.904559],[-35.477608,-5.907186],[-35.475137,-5.905931],[-35.474529,-5.902519],[-35.47245,-5.900951],[-35.471313,-5.90197],[-35.471176,-5.903617],[-35.470156,-5.904166],[-35.46854,-5.903165],[-35.46686,-5.903125],[-35.465136,-5.901288],[-35.464116,-5.900739],[-35.460547,-5.900699],[-35.45843,-5.90117],[-35.455506,-5.903032],[-35.453234,-5.906958],[-35.450955,-5.907862],[-35.44852,-5.90798],[-35.447302,-5.907587],[-35.445455,-5.906055],[-35.44518,-5.903972],[-35.444709,-5.903383],[-35.439523,-5.903147],[-35.43913,-5.90354],[-35.439091,-5.908137],[-35.439602,-5.908726],[-35.441762,-5.909551],[-35.44302,-5.911594],[-35.442863,-5.914894],[-35.44408,-5.917723],[-35.444237,-5.920119],[-35.441841,-5.918194],[-35.441154,-5.914525],[-35.440132,-5.913071],[-35.439307,-5.91256],[-35.434015,-5.912208],[-35.432632,-5.913276],[-35.429898,-5.912962],[-35.428892,-5.910888],[-35.429741,-5.910165],[-35.429772,-5.909536],[-35.427541,-5.908279],[-35.425404,-5.908468],[-35.425844,-5.906393],[-35.425215,-5.905168],[-35.423958,-5.90567],[-35.423518,-5.904853],[-35.423078,-5.904822],[-35.422041,-5.90611],[-35.421224,-5.906268],[-35.420752,-5.905859],[-35.420595,-5.904451],[-35.419086,-5.903351],[-35.418552,-5.903225],[-35.417546,-5.903791],[-35.417075,-5.902597],[-35.415724,-5.902534],[-35.415818,-5.900459],[-35.416824,-5.899925],[-35.417138,-5.898982],[-35.416509,-5.897254],[-35.415157,-5.896908],[-35.414057,-5.895273],[-35.41539,-5.893232],[-35.417204,-5.892199],[-35.417299,-5.891658],[-35.416639,-5.890998],[-35.417511,-5.889513],[-35.417511,-5.888829],[-35.416945,-5.88716],[-35.416403,-5.886736],[-35.414989,-5.886972],[-35.415035,-5.885769],[-35.413738,-5.884872],[-35.414423,-5.883766],[-35.413527,-5.882233],[-35.413244,-5.879829],[-35.412042,-5.877779],[-35.4119,-5.875893],[-35.410593,-5.873635],[-35.408051,-5.873695],[-35.406911,-5.874491],[-35.405438,-5.874169],[-35.40424,-5.87532],[-35.403458,-5.875182],[-35.402491,-5.873156],[-35.401939,-5.873202],[-35.401939,-5.874123],[-35.40134,-5.874998],[-35.399414,-5.87498],[-35.398808,-5.875734],[-35.395816,-5.87555],[-35.39448,-5.876471],[-35.393237,-5.878451],[-35.392777,-5.878589],[-35.391718,-5.877622],[-35.388956,-5.877668],[-35.388137,-5.876647],[-35.38736,-5.876548],[-35.386303,-5.877423],[-35.384804,-5.877786],[-35.384163,-5.878711],[-35.381882,-5.880097],[-35.375983,-5.880403],[-35.374965,-5.880189],[-35.374215,-5.879546],[-35.372649,-5.880312],[-35.372515,-5.881851],[-35.373985,-5.884062],[-35.376385,-5.886032],[-35.378185,-5.886589],[-35.379881,-5.887812],[-35.381913,-5.890576],[-35.385042,-5.893274],[-35.385342,-5.894433],[-35.385009,-5.895535],[-35.383651,-5.89653]],[[-35.405498,-5.877389],[-35.408084,-5.877527],[-35.409054,-5.878214],[-35.410252,-5.883036],[-35.412644,-5.88782],[-35.412883,-5.893081],[-35.411927,-5.89643],[-35.412166,-5.898104],[-35.414141,-5.90349],[-35.41566,-5.905256],[-35.419915,-5.907418],[-35.422287,-5.908186],[-35.42445,-5.910279],[-35.427171,-5.911325],[-35.429194,-5.913837],[-35.431228,-5.914703],[-35.436965,-5.913658],[-35.439088,-5.914601],[-35.439559,-5.91696],[-35.440974,-5.920026],[-35.442861,-5.921441],[-35.445691,-5.921913],[-35.446163,-5.920498],[-35.44604,-5.917251],[-35.444739,-5.914344],[-35.444381,-5.911295],[-35.443663,-5.90986],[-35.440434,-5.907169],[-35.440434,-5.905555],[-35.440972,-5.904658],[-35.442407,-5.904299],[-35.443663,-5.904478],[-35.445457,-5.907887],[-35.449224,-5.909142],[-35.451018,-5.909322],[-35.455144,-5.908066],[-35.459808,-5.904837],[-35.461422,-5.90412],[-35.463575,-5.90394],[-35.465548,-5.904299],[-35.466086,-5.905555],[-35.466086,-5.907169],[-35.465368,-5.908425],[-35.461781,-5.911833],[-35.460884,-5.914524],[-35.460884,-5.916138],[-35.461422,-5.916676],[-35.462678,-5.917215],[-35.464292,-5.917215],[-35.467521,-5.916318],[-35.468777,-5.915421],[-35.469315,-5.913986],[-35.469315,-5.910577],[-35.470032,-5.908784],[-35.472544,-5.907348],[-35.478956,-5.907947],[-35.48016,-5.906628],[-35.480657,-5.904837],[-35.480359,-5.902748],[-35.480657,-5.902151],[-35.482747,-5.902151],[-35.484936,-5.901554],[-35.48613,-5.901554],[-35.487025,-5.902051],[-35.487324,-5.902748],[-35.487025,-5.909414],[-35.487722,-5.910409],[-35.488916,-5.911603],[-35.492697,-5.913693],[-35.494985,-5.914887],[-35.497771,-5.915185],[-35.498766,-5.91628],[-35.498375,-5.921161],[-35.495505,-5.923672],[-35.490482,-5.929951],[-35.488688,-5.931027],[-35.487433,-5.930848],[-35.47954,-5.924211],[-35.475414,-5.921699],[-35.472364,-5.921699],[-35.468418,-5.925287],[-35.467342,-5.925646],[-35.460346,-5.926004],[-35.451915,-5.925466],[-35.45063,-5.925021],[-35.449701,-5.92545],[-35.447342,-5.926865],[-35.446414,-5.928504],[-35.446344,-5.930318],[-35.448019,-5.933317],[-35.448298,-5.935968],[-35.447321,-5.938829],[-35.446135,-5.940503],[-35.444182,-5.942038],[-35.443275,-5.945107],[-35.444112,-5.946502],[-35.446275,-5.946433],[-35.448437,-5.945456],[-35.449414,-5.945875],[-35.449763,-5.946921],[-35.449205,-5.948595],[-35.445507,-5.952223],[-35.443414,-5.952781],[-35.441321,-5.952293],[-35.43874,-5.948735],[-35.438601,-5.947688],[-35.440484,-5.943154],[-35.441182,-5.940363],[-35.440973,-5.936108],[-35.439926,-5.930945],[-35.438322,-5.928573],[-35.436229,-5.927178],[-35.433369,-5.927109],[-35.429881,-5.930945],[-35.425803,-5.931083],[-35.424338,-5.931711],[-35.423152,-5.932827],[-35.422216,-5.934227],[-35.4221,-5.935213],[-35.421232,-5.935957],[-35.418007,-5.935833],[-35.415899,-5.935089],[-35.41069,-5.932112],[-35.406101,-5.930252],[-35.404985,-5.929136],[-35.404764,-5.926864],[-35.405977,-5.926159],[-35.411806,-5.926407],[-35.417537,-5.927818],[-35.420432,-5.927804],[-35.423292,-5.927316],[-35.428263,-5.925702],[-35.428686,-5.924036],[-35.427093,-5.92292],[-35.424827,-5.919683],[-35.424395,-5.916544],[-35.423179,-5.914072],[-35.421099,-5.913248],[-35.416704,-5.912856],[-35.413407,-5.913837],[-35.410918,-5.915397],[-35.407901,-5.91489],[-35.406952,-5.91522],[-35.404189,-5.918066],[-35.402085,-5.919345],[-35.394662,-5.917076],[-35.392366,-5.914724],[-35.392366,-5.914082],[-35.393033,-5.913248],[-35.395617,-5.911664],[-35.397034,-5.911247],[-35.40437,-5.91083],[-35.405121,-5.910247],[-35.404787,-5.90933],[-35.398618,-5.909246],[-35.398285,-5.908329],[-35.398285,-5.905745],[-35.397701,-5.902911],[-35.397868,-5.900994],[-35.399035,-5.900077],[-35.402453,-5.89991],[-35.40337,-5.899493],[-35.403453,-5.898743],[-35.402703,-5.898326],[-35.401036,-5.898659],[-35.397118,-5.897992],[-35.396117,-5.898993],[-35.39495,-5.902327],[-35.39345,-5.901994],[-35.392533,-5.90116],[-35.390365,-5.897409],[-35.389949,-5.895075],[-35.390032,-5.89249],[-35.391116,-5.892157],[-35.394533,-5.892907],[-35.397049,-5.892175],[-35.400617,-5.892129],[-35.401163,-5.891666],[-35.401108,-5.89076],[-35.400632,-5.890339],[-35.393283,-5.890573],[-35.391866,-5.890073],[-35.389865,-5.888239],[-35.387614,-5.885071],[-35.386781,-5.88332],[-35.386843,-5.882238],[-35.387744,-5.880671],[-35.388322,-5.880447],[-35.393032,-5.879927],[-35.399011,-5.878013],[-35.405498,-5.877389]],[[-35.488254,-5.997076],[-35.48359,-5.990977],[-35.478747,-5.985775],[-35.476595,-5.982726],[-35.475698,-5.979497],[-35.473007,-5.974653],[-35.470137,-5.971783],[-35.465293,-5.969451],[-35.464755,-5.968195],[-35.464355,-5.964105],[-35.463334,-5.961607],[-35.459912,-5.959226],[-35.457939,-5.956894],[-35.457221,-5.955459],[-35.458118,-5.954742],[-35.459194,-5.954742],[-35.461167,-5.955639],[-35.465114,-5.960123],[-35.470316,-5.961917],[-35.473904,-5.964428],[-35.475159,-5.96694],[-35.476415,-5.971066],[-35.478209,-5.973577],[-35.480362,-5.975371],[-35.485384,-5.976447],[-35.486461,-5.977344],[-35.486999,-5.978779],[-35.486999,-5.982187],[-35.488075,-5.986493],[-35.490586,-5.989722],[-35.493815,-5.992412],[-35.495071,-5.994206],[-35.49525,-5.995641],[-35.49525,-5.996897],[-35.493457,-5.997794],[-35.490228,-5.997973],[-35.488254,-5.997076]],[[-35.442965,-5.956446],[-35.44681,-5.957686],[-35.447926,-5.957686],[-35.44991,-5.95657],[-35.450654,-5.956942],[-35.453507,-5.961531],[-35.456607,-5.963267],[-35.456483,-5.965375],[-35.455491,-5.966864],[-35.453383,-5.967608],[-35.452142,-5.966864],[-35.451274,-5.965127],[-35.445197,-5.964631],[-35.443337,-5.962027],[-35.441849,-5.957934],[-35.442097,-5.95657],[-35.442965,-5.956446]]]}},{"type":"Feature","id":366,"properties":{"sigla":"ENb","unidade":"Barreiras","era":"Cenozóico","periodo":"Paleogeno","litotipo_principal":"Arenito conglomerático, Argilito arenoso","litotipo_secundario":"Arenito, Argilito, Conglomerado, Siltito","grupo":"Grupo Barreiras","fonte":"Folhas João Câmara, Lajes, Natal, Santa Cruz, São José do MIpibu, São José do Campestre - GEOSBG/CPRM (2014)"},"geometry":{"type":"Polygon","coordinates":[[[-35.279491,-5.835068],[-35.278947,-5.841452],[-35.277092,-5.844572],[-35.275562,-5.845631],[-35.275562,-5.846279],[-35.278446,-5.845718],[-35.279094,-5.846402],[-35.27927,-5.847755],[-35.280094,-5.847786],[-35.282175,-5.841019],[-35.282673,-5.837032],[-35.286829,-5.83781],[-35.287672,-5.836708],[-35.28936,-5.836708],[-35.289684,-5.83794],[-35.291307,-5.838394],[-35.291567,-5.839693],[-35.293255,-5.841705],[-35.301739,-5.845465],[-35.303556,-5.845932],[-35.304283,-5.846867],[-35.306328,-5.846933],[-35.306433,-5.848328],[-35.306822,-5.848717],[-35.30747,-5.84853],[-35.307869,-5.847368],[-35.30834,-5.847151],[-35.310408,-5.847387],[-35.311419,-5.84915],[-35.312939,-5.848814],[-35.313646,-5.849896],[-35.317509,-5.852844],[-35.319754,-5.853344],[-35.324198,-5.85297],[-35.325819,-5.853966],[-35.327396,-5.854174],[-35.329666,-5.858254],[-35.329804,-5.859205],[-35.329363,-5.860701],[-35.330187,-5.861982],[-35.330743,-5.861919],[-35.33173,-5.860952],[-35.332932,-5.858594],[-35.333272,-5.856893],[-35.333657,-5.85669],[-35.335205,-5.857212],[-35.335788,-5.857846],[-35.335884,-5.860806],[-35.336866,-5.863003],[-35.336945,-5.866417],[-35.337651,-5.86732],[-35.338827,-5.86773],[-35.338136,-5.860438],[-35.337789,-5.860138],[-35.337521,-5.857916],[-35.33469,-5.85622],[-35.333834,-5.855127],[-35.333912,-5.853031],[-35.332888,-5.853173],[-35.331819,-5.855024],[-35.331392,-5.855022],[-35.330994,-5.854013],[-35.330091,-5.855609],[-35.329424,-5.855614],[-35.329021,-5.855049],[-35.32962,-5.853786],[-35.32972,-5.852356],[-35.329174,-5.850903],[-35.328426,-5.850806],[-35.32832,-5.851465],[-35.327809,-5.851742],[-35.326958,-5.851444],[-35.325766,-5.851828],[-35.322895,-5.851657],[-35.322874,-5.850572],[-35.323703,-5.84853],[-35.323235,-5.84753],[-35.322598,-5.847509],[-35.321619,-5.848956],[-35.321044,-5.849126],[-35.320065,-5.847607],[-35.319343,-5.847522],[-35.318363,-5.849947],[-35.317661,-5.849266],[-35.316237,-5.849032],[-35.314854,-5.847755],[-35.313492,-5.845095],[-35.314365,-5.844179],[-35.314025,-5.843436],[-35.312281,-5.842968],[-35.312068,-5.843606],[-35.311153,-5.843776],[-35.309973,-5.842606],[-35.309675,-5.843202],[-35.308803,-5.843372],[-35.308971,-5.844451],[-35.307422,-5.844195],[-35.306623,-5.844655],[-35.304257,-5.844587],[-35.303133,-5.844093],[-35.302275,-5.842873],[-35.299876,-5.842788],[-35.298496,-5.841852],[-35.29591,-5.841444],[-35.292095,-5.837616],[-35.289071,-5.835828],[-35.286387,-5.83553],[-35.284054,-5.836265],[-35.281621,-5.836265],[-35.281468,-5.839903],[-35.280493,-5.843959],[-35.27997,-5.844412],[-35.279655,-5.843285],[-35.280411,-5.839256],[-35.279491,-5.835068]]]}},{"type":"Feature","id":367,"properties":{"sigla":"Q2ar","unidade":"Sedimentos Aluvionares","era":"Cenozóico","periodo":"Neogeno","litotipo_principal":"Areia, Areia arcoseana","grupo":"Sedimentos Aluvionares","fonte":"Folhas João Câmara, Lajes, Natal, Santa Cruz, São José do MIpibu, São José do Campestre - GEOSBG/CPRM (2014)"},"geometry":{"type":"Polygon","coordinates":[[[-35.441849,-5.957934],[-35.443337,-5.962027],[-35.445197,-5.964631],[-35.451274,-5.965127],[-35.452142,-5.966864],[-35.453383,-5.967608],[-35.455491,-5.966864],[-35.456483,-5.965375],[-35.456607,-5.963267],[-35.453507,-5.961531],[-35.450654,-5.956942],[-35.44991,-5.95657],[-35.447926,-5.957686],[-35.44681,-5.957686],[-35.442965,-5.956446],[-35.442097,-5.95657],[-35.441849,-5.957934]]]}},{"type":"Feature","id":368,"properties":{"sigla":"Q2ar","unidade":"Sedimentos Aluvionares","era":"Cenozóico","periodo":"Neogeno","litotipo_principal":"Areia, Areia arcoseana","grupo":"Sedimentos Aluvionares","fonte":"Folhas João Câmara, Lajes, Natal, Santa Cruz, São José do MIpibu, São José do Campestre - GEOSBG/CPRM (2014)"},"geometry":{"type":"Polygon","coordinates":[[[-35.490228,-5.997973],[-35.493457,-5.997794],[-35.49525,-5.996897],[-35.495071,-5.994206],[-35.49256,-5.991157],[-35.490586,-5.989722],[-35.488075,-5.986493],[-35.486999,-5.982187],[-35.486999,-5.978779],[-35.486461,-5.977344],[-35.485384,-5.976447],[-35.480362,-5.975371],[-35.478209,-5.973577],[-35.476415,-5.971066],[-35.475159,-5.96694],[-35.473904,-5.964428],[-35.470316,-5.961917],[-35.465114,-5.960123],[-35.461167,-5.955639],[-35.459194,-5.954742],[-35.458118,-5.954742],[-35.457221,-5.955459],[-35.457939,-5.956894],[-35.459912,-5.959226],[-35.463334,-5.961607],[-35.464355,-5.964105],[-35.464755,-5.968195],[-35.465293,-5.969451],[-35.470137,-5.971783],[-35.473007,-5.974653],[-35.475698,-5.979497],[-35.476595,-5.982726],[-35.478747,-5.985775],[-35.48359,-5.990977],[-35.488254,-5.997076],[-35.490228,-5.997973]]]}},{"type":"Feature","id":369,"properties":{"sigla":"Q1mc","unidade":"Depósitos Marinhos e Continentais Antigos","era":"Cenozóico","periodo":"Neogeno","litotipo_principal":"Sedimento siliciclástico","grupo":"Depósitos Marinhos e Continentais Antigos","fonte":"Folhas João Câmara, Lajes, Natal, Santa Cruz, São José do MIpibu, São José do Campestre - GEOSBG/CPRM (2014)"},"geometry":{"type":"Polygon","coordinates":[[[-35.297987,-5.763678],[-35.297911,-5.761864],[-35.298317,-5.760984],[-35.299534,-5.76058],[-35.301563,-5.762608],[-35.302105,-5.764368],[-35.30136,-5.765788],[-35.299803,-5.766567],[-35.301401,-5.766336],[-35.302612,-5.76664],[-35.303318,-5.766943],[-35.305033,-5.769161],[-35.306042,-5.769062],[-35.307051,-5.765631],[-35.304729,-5.763916],[-35.304932,-5.761393],[-35.303217,-5.76008],[-35.302309,-5.757256],[-35.301098,-5.757256],[-35.299887,-5.758163],[-35.297768,-5.758265],[-35.294741,-5.756146],[-35.291916,-5.757357],[-35.29141,-5.758568],[-35.291916,-5.759476],[-35.296053,-5.761393],[-35.297987,-5.763678]]]}},{"type":"Feature","id":370,"properties":{"sigla":"Q1a","unidade":"Depósitos aluvionares antigos","era":"Cenozóico","periodo":"Neogeno","litotipo_secundario":"Areia, Argila, Cascalho","grupo":"Depósitos aluvionares","fonte":"Folhas João Câmara, Lajes, Natal, Santa Cruz, São José do MIpibu, São José do Campestre - GEOSBG/CPRM (2014)"},"geometry":{"type":"MultiPolygon","coordinates":[[[[-35.489443,-5.770974],[-35.487051,-5.770974],[-35.482267,-5.772409],[-35.477254,-5.771454],[-35.469799,-5.771262],[-35.467585,-5.771886],[-35.465145,-5.77444],[-35.461569,-5.781592],[-35.460093,-5.782273],[-35.457823,-5.782386],[-35.456461,-5.782954],[-35.455439,-5.784429],[-35.455113,-5.788011],[-35.452917,-5.788693],[-35.449924,-5.788693],[-35.448427,-5.787838],[-35.448,-5.786127],[-35.449516,-5.781191],[-35.453579,-5.779053],[-35.454861,-5.777771],[-35.454434,-5.776702],[-35.447593,-5.779481],[-35.446096,-5.781191],[-35.44461,-5.78461],[-35.442694,-5.785951],[-35.440651,-5.785791],[-35.439238,-5.784953],[-35.438137,-5.781218],[-35.437706,-5.780787],[-35.436852,-5.780747],[-35.435319,-5.783471],[-35.43391,-5.787605],[-35.431559,-5.789529],[-35.429849,-5.790384],[-35.427069,-5.790384],[-35.426001,-5.788888],[-35.426855,-5.785894],[-35.428352,-5.783329],[-35.429634,-5.782259],[-35.431131,-5.779053],[-35.430918,-5.776916],[-35.427069,-5.772427],[-35.424931,-5.77093],[-35.423863,-5.772213],[-35.42258,-5.776061],[-35.419919,-5.775937],[-35.419058,-5.776938],[-35.419156,-5.779598],[-35.418168,-5.782562],[-35.418658,-5.78323],[-35.418614,-5.784491],[-35.416882,-5.78642],[-35.416545,-5.787809],[-35.415864,-5.788337],[-35.41521,-5.78852],[-35.41487,-5.786009],[-35.414347,-5.786715],[-35.413693,-5.786742],[-35.413641,-5.787265],[-35.41453,-5.787997],[-35.413753,-5.790347],[-35.414626,-5.791589],[-35.414055,-5.79216],[-35.413115,-5.791992],[-35.412713,-5.792428],[-35.410598,-5.792563],[-35.410061,-5.793133],[-35.409603,-5.794478],[-35.410174,-5.796728],[-35.412288,-5.799649],[-35.413598,-5.800488],[-35.415489,-5.800518],[-35.420414,-5.798405],[-35.427343,-5.798978],[-35.427994,-5.800367],[-35.430077,-5.801408],[-35.432681,-5.803669],[-35.43433,-5.806099],[-35.435675,-5.805058],[-35.438206,-5.805778],[-35.438866,-5.804958],[-35.439253,-5.805664],[-35.440041,-5.805144],[-35.440597,-5.805824],[-35.441462,-5.80464],[-35.4421,-5.804981],[-35.442327,-5.805869],[-35.44357,-5.804617],[-35.444891,-5.80571],[-35.445528,-5.80555],[-35.445824,-5.804708],[-35.446143,-5.804731],[-35.446462,-5.805505],[-35.447031,-5.805755],[-35.448397,-5.804753],[-35.449444,-5.804526],[-35.449803,-5.804851],[-35.450055,-5.80686],[-35.450525,-5.806955],[-35.450931,-5.805011],[-35.452061,-5.803831],[-35.453794,-5.803529],[-35.45646,-5.804694],[-35.456884,-5.803429],[-35.456105,-5.802776],[-35.45726,-5.802901],[-35.457621,-5.802371],[-35.457621,-5.801272],[-35.453392,-5.79946],[-35.452287,-5.797199],[-35.453117,-5.796479],[-35.455768,-5.796572],[-35.45686,-5.795938],[-35.457529,-5.794881],[-35.457811,-5.792979],[-35.459105,-5.791707],[-35.456194,-5.786646],[-35.456262,-5.785992],[-35.457334,-5.785511],[-35.458088,-5.783624],[-35.460298,-5.783594],[-35.460157,-5.785461],[-35.461222,-5.786198],[-35.462197,-5.785884],[-35.462761,-5.784299],[-35.463395,-5.78377],[-35.463445,-5.781674],[-35.463755,-5.78128],[-35.465512,-5.78093],[-35.467063,-5.781945],[-35.467813,-5.781776],[-35.468039,-5.781184],[-35.467672,-5.780198],[-35.465784,-5.77969],[-35.465169,-5.778438],[-35.465918,-5.777337],[-35.467948,-5.776937],[-35.469529,-5.773783],[-35.47107,-5.774048],[-35.472964,-5.773123],[-35.473794,-5.773651],[-35.474851,-5.775721],[-35.473926,-5.780301],[-35.474064,-5.780574],[-35.474807,-5.780433],[-35.475673,-5.781508],[-35.476046,-5.780873],[-35.47642,-5.776452],[-35.475936,-5.773854],[-35.476156,-5.772841],[-35.478176,-5.772696],[-35.480245,-5.774017],[-35.481748,-5.774193],[-35.484919,-5.773224],[-35.486196,-5.772123],[-35.490533,-5.772176],[-35.493175,-5.770547],[-35.493175,-5.769534],[-35.492295,-5.768477],[-35.492427,-5.7672],[-35.491999,-5.765751],[-35.490093,-5.763589],[-35.488656,-5.759777],[-35.488663,-5.76013],[-35.487791,-5.760271],[-35.487077,-5.761724],[-35.487414,-5.762734],[-35.488649,-5.763849],[-35.491004,-5.768417],[-35.489443,-5.770974]]],[[[-35.489921,-5.747056],[-35.488432,-5.750681],[-35.488698,-5.751005],[-35.488103,-5.754248],[-35.48762,-5.754565],[-35.487295,-5.756069],[-35.488641,-5.756952],[-35.487978,-5.757114],[-35.488656,-5.758092],[-35.489829,-5.753105],[-35.489829,-5.751387],[-35.490401,-5.750199],[-35.492071,-5.750027],[-35.49198,-5.749305],[-35.492737,-5.748717],[-35.49405,-5.749954],[-35.495587,-5.749958],[-35.495135,-5.748793],[-35.492354,-5.747501],[-35.492403,-5.744522],[-35.492811,-5.743154],[-35.492472,-5.742923],[-35.490692,-5.743715],[-35.490245,-5.744501],[-35.489921,-5.747056]]],[[[-35.497609,-5.731362],[-35.497382,-5.733858],[-35.499664,-5.735142],[-35.499003,-5.73649],[-35.498164,-5.736485],[-35.497511,-5.737139],[-35.496608,-5.737135],[-35.495518,-5.737775],[-35.495305,-5.737554],[-35.494082,-5.739728],[-35.493299,-5.740404],[-35.493371,-5.740923],[-35.493777,-5.741547],[-35.49416,-5.741172],[-35.495821,-5.741238],[-35.497857,-5.742589],[-35.500001,-5.74339],[-35.500001,-5.73176],[-35.499043,-5.73163],[-35.498671,-5.730865],[-35.497609,-5.731362]]],[[[-35.500001,-5.730449],[-35.499855,-5.73052],[-35.500001,-5.73088],[-35.500001,-5.730449]]]]}},{"type":"Feature","id":371,"properties":{"sigla":"Q2eln","unidade":"Depósitos eólicos litorâneos não vegetados","era":"Cenozóico","periodo":"Neogeno","litotipo_secundario":"Areia","grupo":"Depósitos eólicos litorâneos não vegetados","fonte":"Folhas João Câmara, Lajes, Natal, Santa Cruz, São José do MIpibu, São José do Campestre - GEOSBG/CPRM (2014)"},"geometry":{"type":"Polygon","coordinates":[[[-35.218392,-5.741416],[-35.219418,-5.740719],[-35.219486,-5.739984],[-35.218102,-5.741126],[-35.218392,-5.741416]]]}},{"type":"Feature","id":372,"properties":{"sigla":"Q1a","unidade":"Depósitos aluvionares antigos","era":"Cenozóico","periodo":"Neogeno","litotipo_secundario":"Areia, Argila, Cascalho","grupo":"Depósitos aluvionares","fonte":"Folhas João Câmara, Lajes, Natal, Santa Cruz, São José do MIpibu, São José do Campestre - GEOSBG/CPRM (2014)"},"geometry":{"type":"Polygon","coordinates":[[[-35.420073,-5.888005],[-35.42248,-5.888467],[-35.423527,-5.890398],[-35.42373,-5.892481],[-35.424441,-5.893345],[-35.424594,-5.898117],[-35.425153,-5.899387],[-35.426169,-5.900099],[-35.427643,-5.900353],[-35.429167,-5.900353],[-35.431353,-5.899692],[-35.434536,-5.89837],[-35.436079,-5.897083],[-35.438824,-5.897898],[-35.442173,-5.897604],[-35.442681,-5.896994],[-35.442884,-5.893233],[-35.443393,-5.893335],[-35.444206,-5.894657],[-35.444714,-5.896689],[-35.445629,-5.897198],[-35.450101,-5.896893],[-35.452439,-5.895673],[-35.453151,-5.894555],[-35.452744,-5.892319],[-35.453049,-5.891404],[-35.453862,-5.891404],[-35.45681,-5.894148],[-35.458131,-5.894352],[-35.459453,-5.894148],[-35.460978,-5.89181],[-35.461892,-5.89181],[-35.462604,-5.89242],[-35.463925,-5.895876],[-35.465145,-5.895978],[-35.465958,-5.896893],[-35.469211,-5.897808],[-35.477038,-5.898011],[-35.480392,-5.897198],[-35.482527,-5.897808],[-35.48578,-5.897604],[-35.488095,-5.898248],[-35.490383,-5.899906],[-35.491501,-5.900169],[-35.492123,-5.899981],[-35.492502,-5.898447],[-35.494595,-5.89489],[-35.494444,-5.893361],[-35.492005,-5.889733],[-35.489751,-5.888876],[-35.4875,-5.88854],[-35.484545,-5.885607],[-35.478659,-5.88546],[-35.476749,-5.884254],[-35.476051,-5.882698],[-35.474142,-5.881666],[-35.473783,-5.878549],[-35.473257,-5.877165],[-35.472185,-5.876229],[-35.469908,-5.876942],[-35.466576,-5.876957],[-35.465338,-5.874503],[-35.462505,-5.872013],[-35.458515,-5.869951],[-35.454534,-5.869796],[-35.454202,-5.872916],[-35.453685,-5.873439],[-35.45282,-5.873442],[-35.450737,-5.872065],[-35.448141,-5.872077],[-35.446575,-5.87035],[-35.446571,-5.86931],[-35.445875,-5.868447],[-35.444661,-5.867932],[-35.443105,-5.868113],[-35.443285,-5.869845],[-35.442771,-5.870887],[-35.44104,-5.870894],[-35.440104,-5.871433],[-35.438684,-5.869185],[-35.438178,-5.869156],[-35.43632,-5.870417],[-35.435841,-5.871611],[-35.434199,-5.871796],[-35.432478,-5.870963],[-35.428987,-5.871138],[-35.428595,-5.87153],[-35.428638,-5.872402],[-35.429467,-5.87345],[-35.429829,-5.874756],[-35.425999,-5.874773],[-35.421322,-5.87358],[-35.419586,-5.872374],[-35.418547,-5.872379],[-35.418031,-5.873074],[-35.418388,-5.875499],[-35.419608,-5.877573],[-35.420139,-5.880171],[-35.42222,-5.881201],[-35.422571,-5.882413],[-35.422576,-5.883453],[-35.420246,-5.885792],[-35.419985,-5.887362],[-35.420073,-5.888005]],[[-35.434335,-5.874011],[-35.436129,-5.873114],[-35.437564,-5.872935],[-35.44456,-5.873114],[-35.44743,-5.874549],[-35.451018,-5.875625],[-35.45317,-5.875805],[-35.456758,-5.873652],[-35.458552,-5.873293],[-35.459987,-5.873652],[-35.463036,-5.875625],[-35.464292,-5.87724],[-35.466086,-5.878496],[-35.469674,-5.879751],[-35.471109,-5.880648],[-35.475773,-5.88585],[-35.478464,-5.886927],[-35.480616,-5.887285],[-35.487791,-5.890694],[-35.489944,-5.890694],[-35.491379,-5.891949],[-35.491379,-5.893384],[-35.489944,-5.894281],[-35.471288,-5.893923],[-35.468597,-5.892846],[-35.464472,-5.889438],[-35.462678,-5.88872],[-35.460884,-5.88872],[-35.457117,-5.889976],[-35.454247,-5.8889],[-35.451735,-5.889438],[-35.450659,-5.890514],[-35.449045,-5.893743],[-35.446354,-5.892846],[-35.44456,-5.890514],[-35.443842,-5.889976],[-35.443125,-5.889976],[-35.441331,-5.890694],[-35.441152,-5.892667],[-35.440255,-5.894461],[-35.439178,-5.89482],[-35.436308,-5.893743],[-35.433438,-5.895358],[-35.431465,-5.895358],[-35.430209,-5.89464],[-35.428954,-5.890873],[-35.425545,-5.886568],[-35.424469,-5.883339],[-35.420522,-5.87724],[-35.420343,-5.876164],[-35.420702,-5.875267],[-35.422137,-5.875267],[-35.428415,-5.876522],[-35.430568,-5.877419],[-35.432541,-5.876881],[-35.434335,-5.874011]]]}},{"type":"Feature","id":373,"properties":{"sigla":"PP2jc","unidade":"João Câmara","era":"Paleoproterozóico","periodo":"Riaciano","litotipo_principal":"Migmatitos, nebuliticos com mesossomas granodioriticos","grupo":"Complexo João Câmara","fonte":"Folhas João Câmara, Lajes, Natal, Santa Cruz, São José do MIpibu, São José do Campestre - GEOSBG/CPRM (2014)"},"geometry":{"type":"Polygon","coordinates":[[[-35.483076,-5.964888],[-35.4821,-5.960514],[-35.482191,-5.958186],[-35.482888,-5.955956],[-35.487406,-5.949054],[-35.488495,-5.94409],[-35.489078,-5.938824],[-35.492383,-5.931927],[-35.492633,-5.930136],[-35.489765,-5.934212],[-35.488716,-5.934212],[-35.486748,-5.932274],[-35.485794,-5.932434],[-35.485508,-5.933958],[-35.484301,-5.934847],[-35.483507,-5.936563],[-35.482681,-5.937008],[-35.482046,-5.938629],[-35.481537,-5.938597],[-35.481278,-5.937467],[-35.480044,-5.936278],[-35.480298,-5.935833],[-35.481124,-5.935642],[-35.481728,-5.934372],[-35.482713,-5.933959],[-35.484128,-5.932353],[-35.48446,-5.931905],[-35.484259,-5.930795],[-35.483183,-5.930426],[-35.482578,-5.929047],[-35.481335,-5.928913],[-35.481738,-5.927401],[-35.481368,-5.927065],[-35.478176,-5.926359],[-35.477907,-5.925361],[-35.475487,-5.924847],[-35.474916,-5.923647],[-35.474211,-5.923143],[-35.472563,-5.923613],[-35.471218,-5.925798],[-35.46937,-5.92684],[-35.468395,-5.92852],[-35.468262,-5.930771],[-35.467825,-5.931612],[-35.466009,-5.931644],[-35.463993,-5.932619],[-35.463188,-5.932486],[-35.46312,-5.931511],[-35.46591,-5.929048],[-35.46574,-5.928072],[-35.46423,-5.928341],[-35.461775,-5.930796],[-35.460768,-5.931131],[-35.459659,-5.930392],[-35.459255,-5.928341],[-35.458046,-5.927366],[-35.453886,-5.92621],[-35.450275,-5.927547],[-35.449717,-5.928385],[-35.449788,-5.929292],[-35.452856,-5.932081],[-35.452995,-5.933407],[-35.449997,-5.93857],[-35.449228,-5.941639],[-35.449438,-5.942686],[-35.450974,-5.943524],[-35.452368,-5.945406],[-35.451601,-5.948267],[-35.451601,-5.949732],[-35.452648,-5.950849],[-35.454462,-5.951756],[-35.456262,-5.952398],[-35.457901,-5.952061],[-35.459217,-5.953033],[-35.461275,-5.953719],[-35.460246,-5.952118],[-35.460417,-5.951432],[-35.461161,-5.95086],[-35.463505,-5.951318],[-35.464705,-5.952061],[-35.464418,-5.954519],[-35.464705,-5.954805],[-35.465506,-5.953376],[-35.466421,-5.953776],[-35.46682,-5.95492],[-35.46705,-5.954119],[-35.467507,-5.953891],[-35.468594,-5.953719],[-35.469336,-5.954176],[-35.469507,-5.955833],[-35.468136,-5.958007],[-35.469737,-5.957264],[-35.470709,-5.95755],[-35.471224,-5.958179],[-35.472882,-5.958007],[-35.475226,-5.959379],[-35.476713,-5.961724],[-35.47957,-5.962696],[-35.481458,-5.964583],[-35.483076,-5.964888]]]}},{"type":"Feature","id":374,"properties":{"sigla":"PP2jc","unidade":"João Câmara","era":"Paleoproterozóico","periodo":"Riaciano","litotipo_principal":"Migmatitos, nebuliticos com mesossomas granodioriticos","grupo":"Complexo João Câmara","fonte":"Folhas João Câmara, Lajes, Natal, Santa Cruz, São José do MIpibu, São José do Campestre - GEOSBG/CPRM (2014)"},"geometry":{"type":"Polygon","coordinates":[[[-35.378904,-5.895944],[-35.379121,-5.899514],[-35.378814,-5.901923],[-35.376318,-5.906916],[-35.374597,-5.912501],[-35.375326,-5.913134],[-35.376322,-5.915129],[-35.376387,-5.917057],[-35.378187,-5.919277],[-35.378542,-5.920628],[-35.378187,-5.92127],[-35.375776,-5.922718],[-35.375294,-5.923876],[-35.372946,-5.926102],[-35.372398,-5.92771],[-35.373009,-5.92861],[-35.373716,-5.928804],[-35.378963,-5.929285],[-35.381889,-5.928965],[-35.382694,-5.929092],[-35.383432,-5.929962],[-35.383369,-5.930798],[-35.382437,-5.931858],[-35.379671,-5.933596],[-35.376776,-5.934626],[-35.37565,-5.935738],[-35.375683,-5.939791],[-35.378609,-5.942652],[-35.382114,-5.944357],[-35.382887,-5.945997],[-35.384752,-5.94677],[-35.387293,-5.946865],[-35.389898,-5.94841],[-35.390188,-5.94783],[-35.389318,-5.945837],[-35.386938,-5.942814],[-35.385235,-5.939886],[-35.385363,-5.938021],[-35.38697,-5.936798],[-35.3871,-5.934355],[-35.387871,-5.93355],[-35.388966,-5.930977],[-35.390123,-5.930721],[-35.390541,-5.931171],[-35.391121,-5.931847],[-35.391184,-5.93384],[-35.391634,-5.934],[-35.392986,-5.931622],[-35.394369,-5.931622],[-35.396973,-5.93429],[-35.397167,-5.93503],[-35.3972,-5.935995],[-35.395847,-5.937861],[-35.395847,-5.940111],[-35.399418,-5.942877],[-35.399708,-5.94632],[-35.401541,-5.94664],[-35.401911,-5.947535],[-35.402328,-5.952488],[-35.40056,-5.956444],[-35.400688,-5.956829],[-35.402168,-5.957422],[-35.402134,-5.958326],[-35.402578,-5.958567],[-35.403969,-5.957935],[-35.405384,-5.95829],[-35.406317,-5.959576],[-35.408375,-5.960316],[-35.4095,-5.961378],[-35.409758,-5.962921],[-35.411495,-5.963049],[-35.412041,-5.963982],[-35.413296,-5.963629],[-35.414036,-5.963951],[-35.414261,-5.964659],[-35.413843,-5.965397],[-35.410625,-5.968067],[-35.408632,-5.969065],[-35.406639,-5.971443],[-35.405384,-5.971668],[-35.403519,-5.972795],[-35.401751,-5.975239],[-35.400753,-5.975529],[-35.399305,-5.974016],[-35.399048,-5.974146],[-35.39847,-5.975304],[-35.3985,-5.976139],[-35.400366,-5.978525],[-35.400881,-5.983416],[-35.40056,-5.985376],[-35.400875,-5.985888],[-35.401283,-5.985904],[-35.401716,-5.984781],[-35.402399,-5.984754],[-35.402811,-5.983479],[-35.405384,-5.981968],[-35.40712,-5.97978],[-35.408247,-5.979008],[-35.409307,-5.97888],[-35.411753,-5.97949],[-35.412491,-5.980038],[-35.413328,-5.98171],[-35.414061,-5.982161],[-35.422745,-5.983479],[-35.42519,-5.983479],[-35.427795,-5.98155],[-35.427731,-5.97888],[-35.428148,-5.977465],[-35.428856,-5.976822],[-35.431944,-5.976017],[-35.434355,-5.976917],[-35.435385,-5.977819],[-35.437031,-5.981228],[-35.437353,-5.981228],[-35.439154,-5.977787],[-35.439701,-5.974056],[-35.442499,-5.971676],[-35.4443,-5.971676],[-35.448448,-5.973927],[-35.449125,-5.975472],[-35.448738,-5.978205],[-35.449638,-5.980585],[-35.449945,-5.983576],[-35.450651,-5.983253],[-35.450941,-5.978783],[-35.451811,-5.9774],[-35.452871,-5.977112],[-35.454222,-5.975342],[-35.455637,-5.975342],[-35.456892,-5.978012],[-35.458532,-5.980005],[-35.458682,-5.98208],[-35.461458,-5.984341],[-35.461813,-5.984308],[-35.461716,-5.983665],[-35.460848,-5.981832],[-35.461298,-5.980675],[-35.463228,-5.979645],[-35.463871,-5.97971],[-35.465286,-5.98077],[-35.465994,-5.985628],[-35.466684,-5.986921],[-35.468262,-5.988239],[-35.46855,-5.98943],[-35.467688,-5.991156],[-35.467932,-5.991964],[-35.469837,-5.992317],[-35.471477,-5.990902],[-35.47286,-5.990419],[-35.474243,-5.990677],[-35.476078,-5.991663],[-35.47761,-5.991059],[-35.477605,-5.989906],[-35.476916,-5.988631],[-35.473632,-5.98575],[-35.472195,-5.981003],[-35.472195,-5.979574],[-35.471681,-5.979289],[-35.468536,-5.97946],[-35.467221,-5.978774],[-35.461275,-5.974714],[-35.458935,-5.97077],[-35.456539,-5.969319],[-35.45009,-5.967996],[-35.443806,-5.967996],[-35.437853,-5.967003],[-35.43405,-5.966838],[-35.428097,-5.965184],[-35.42297,-5.962043],[-35.42115,-5.95923],[-35.421812,-5.957577],[-35.423962,-5.957247],[-35.42975,-5.959396],[-35.430576,-5.9589],[-35.430576,-5.957909],[-35.426608,-5.95609],[-35.425534,-5.951304],[-35.425627,-5.947863],[-35.426371,-5.946654],[-35.428882,-5.946468],[-35.433719,-5.953351],[-35.435486,-5.953816],[-35.438463,-5.953816],[-35.439765,-5.9527],[-35.439393,-5.951397],[-35.434091,-5.947584],[-35.433099,-5.94563],[-35.433347,-5.944018],[-35.434835,-5.940546],[-35.435207,-5.936205],[-35.434959,-5.934467],[-35.434183,-5.9335],[-35.432766,-5.933477],[-35.431597,-5.935516],[-35.429579,-5.936222],[-35.42635,-5.93269],[-35.425442,-5.93259],[-35.425039,-5.933297],[-35.42524,-5.936323],[-35.424332,-5.938139],[-35.421507,-5.939653],[-35.418379,-5.939552],[-35.414847,-5.93824],[-35.411114,-5.936121],[-35.408289,-5.935011],[-35.403244,-5.931883],[-35.401629,-5.928554],[-35.401428,-5.926435],[-35.40173,-5.925325],[-35.403546,-5.924316],[-35.409803,-5.923912],[-35.413334,-5.924316],[-35.414444,-5.923912],[-35.415523,-5.922329],[-35.416664,-5.921188],[-35.41737,-5.920986],[-35.421407,-5.921592],[-35.423021,-5.921289],[-35.423599,-5.920596],[-35.423938,-5.917614],[-35.423511,-5.915821],[-35.421953,-5.914454],[-35.416395,-5.91382],[-35.414743,-5.91464],[-35.413315,-5.914824],[-35.412035,-5.917349],[-35.410596,-5.917795],[-35.409019,-5.915874],[-35.40799,-5.915531],[-35.407202,-5.91584],[-35.403191,-5.920195],[-35.402094,-5.920503],[-35.400243,-5.920263],[-35.398806,-5.919027],[-35.39535,-5.918562],[-35.392086,-5.917519],[-35.389845,-5.914856],[-35.390084,-5.912551],[-35.391515,-5.909371],[-35.391197,-5.905952],[-35.388762,-5.9032],[-35.385908,-5.901957],[-35.384969,-5.900246],[-35.3846,-5.897327],[-35.383949,-5.896584],[-35.382816,-5.896345],[-35.381602,-5.895146],[-35.380772,-5.894887],[-35.37924,-5.895198],[-35.378904,-5.895944]]]}},{"type":"Feature","id":375,"properties":{"sigla":"Q1mc","unidade":"Depósitos Marinhos e Continentais Antigos","era":"Cenozóico","periodo":"Neogeno","litotipo_principal":"Sedimento siliciclástico","grupo":"Depósitos Marinhos e Continentais Antigos","fonte":"Folhas João Câmara, Lajes, Natal, Santa Cruz, São José do MIpibu, São José do Campestre - GEOSBG/CPRM (2014)"},"geometry":{"type":"Polygon","coordinates":[[[-35.336899,-5.884298],[-35.333845,-5.884939],[-35.332025,-5.884014],[-35.330877,-5.882385],[-35.33099,-5.880636],[-35.329552,-5.882677],[-35.329193,-5.883932],[-35.329014,-5.886444],[-35.329552,-5.887878],[-35.332062,-5.888058],[-35.336899,-5.884298]]]}},{"type":"Feature","id":376,"properties":{"sigla":"Q2ar","unidade":"Sedimentos Aluvionares","era":"Cenozóico","periodo":"Neogeno","litotipo_principal":"Areia, Areia arcoseana","grupo":"Sedimentos Aluvionares","fonte":"Folhas João Câmara, Lajes, Natal, Santa Cruz, São José do MIpibu, São José do Campestre - GEOSBG/CPRM (2014)"},"geometry":{"type":"Polygon","coordinates":[[[-35.434335,-5.874011],[-35.432541,-5.876881],[-35.430568,-5.877419],[-35.428415,-5.876522],[-35.422137,-5.875267],[-35.420702,-5.875267],[-35.420343,-5.876164],[-35.420522,-5.87724],[-35.424469,-5.883339],[-35.425545,-5.886568],[-35.428954,-5.890873],[-35.430209,-5.89464],[-35.431465,-5.895358],[-35.433438,-5.895358],[-35.436308,-5.893743],[-35.439178,-5.89482],[-35.440255,-5.894461],[-35.441152,-5.892667],[-35.441331,-5.890694],[-35.443125,-5.889976],[-35.443842,-5.889976],[-35.44456,-5.890514],[-35.446354,-5.892846],[-35.449045,-5.893743],[-35.450659,-5.890514],[-35.451735,-5.889438],[-35.454247,-5.8889],[-35.457117,-5.889976],[-35.460884,-5.88872],[-35.462678,-5.88872],[-35.464472,-5.889438],[-35.468597,-5.892846],[-35.471288,-5.893923],[-35.489944,-5.894281],[-35.491379,-5.893384],[-35.491379,-5.891949],[-35.489944,-5.890694],[-35.487791,-5.890694],[-35.480616,-5.887285],[-35.478464,-5.886927],[-35.475773,-5.88585],[-35.471109,-5.880648],[-35.469674,-5.879751],[-35.466086,-5.878496],[-35.464292,-5.87724],[-35.463036,-5.875625],[-35.459987,-5.873652],[-35.458552,-5.873293],[-35.456758,-5.873652],[-35.452632,-5.875805],[-35.44743,-5.874549],[-35.44456,-5.873114],[-35.437564,-5.872935],[-35.436129,-5.873114],[-35.434335,-5.874011]]]}},{"type":"Feature","id":377,"properties":{"sigla":"Q2ar","unidade":"Sedimentos Aluvionares","era":"Cenozóico","periodo":"Neogeno","litotipo_principal":"Areia, Areia arcoseana","grupo":"Sedimentos Aluvionares","fonte":"Folhas João Câmara, Lajes, Natal, Santa Cruz, São José do MIpibu, São José do Campestre - GEOSBG/CPRM (2014)"},"geometry":{"type":"Polygon","coordinates":[[[-35.442413,-5.82024],[-35.441709,-5.821713],[-35.44146,-5.824566],[-35.440468,-5.82531],[-35.436996,-5.825062],[-35.434391,-5.825682],[-35.432096,-5.825495],[-35.429958,-5.826519],[-35.429045,-5.828356],[-35.425831,-5.828749],[-35.424791,-5.828333],[-35.423332,-5.825499],[-35.419777,-5.828943],[-35.416168,-5.829838],[-35.413332,-5.828808],[-35.411665,-5.830832],[-35.409998,-5.832083],[-35.408181,-5.831817],[-35.408528,-5.829803],[-35.407499,-5.828665],[-35.403332,-5.828054],[-35.401665,-5.829666],[-35.399999,-5.829582],[-35.398486,-5.828544],[-35.396472,-5.831138],[-35.395832,-5.831388],[-35.393862,-5.831135],[-35.391069,-5.832737],[-35.389254,-5.833157],[-35.386488,-5.830383],[-35.385832,-5.828333],[-35.384998,-5.828054],[-35.384582,-5.828333],[-35.383092,-5.830298],[-35.381248,-5.831665],[-35.381248,-5.832499],[-35.381998,-5.833666],[-35.381388,-5.833887],[-35.380832,-5.834999],[-35.381181,-5.835837],[-35.380833,-5.836041],[-35.380332,-5.835499],[-35.379564,-5.835455],[-35.378295,-5.837489],[-35.375898,-5.839996],[-35.376014,-5.841015],[-35.377267,-5.842021],[-35.378865,-5.842377],[-35.385646,-5.842323],[-35.392573,-5.844055],[-35.395407,-5.84311],[-35.3995,-5.843005],[-35.400234,-5.842323],[-35.401074,-5.842166],[-35.402648,-5.842796],[-35.40354,-5.844212],[-35.405797,-5.84437],[-35.408106,-5.843793],[-35.411726,-5.841956],[-35.416239,-5.83949],[-35.418076,-5.837758],[-35.419807,-5.837915],[-35.420498,-5.838846],[-35.420595,-5.840224],[-35.420094,-5.842308],[-35.418118,-5.844409],[-35.413952,-5.846014],[-35.409559,-5.846227],[-35.408166,-5.846974],[-35.40795,-5.851257],[-35.407239,-5.852154],[-35.40591,-5.852895],[-35.404815,-5.852882],[-35.402601,-5.851917],[-35.400841,-5.851803],[-35.398115,-5.852501],[-35.39596,-5.85379],[-35.394655,-5.853733],[-35.393804,-5.85328],[-35.392839,-5.849363],[-35.391761,-5.848228],[-35.390148,-5.847827],[-35.388603,-5.849619],[-35.386996,-5.849805],[-35.386198,-5.849192],[-35.385517,-5.847774],[-35.383077,-5.846582],[-35.381884,-5.846809],[-35.379898,-5.848228],[-35.37916,-5.850101],[-35.375073,-5.850544],[-35.374619,-5.851736],[-35.374903,-5.852814],[-35.380238,-5.857071],[-35.382592,-5.860123],[-35.384165,-5.860832],[-35.38409,-5.861916],[-35.383635,-5.86237],[-35.380746,-5.861969],[-35.379131,-5.862963],[-35.379166,-5.86361],[-35.380554,-5.864999],[-35.380646,-5.866016],[-35.381361,-5.866597],[-35.383287,-5.866303],[-35.382837,-5.867104],[-35.384098,-5.865995],[-35.386084,-5.865238],[-35.388908,-5.865238],[-35.39123,-5.865845],[-35.395063,-5.866146],[-35.402733,-5.864431],[-35.405153,-5.86322],[-35.406971,-5.864735],[-35.409454,-5.864557],[-35.41725,-5.865692],[-35.419746,-5.865315],[-35.420958,-5.862438],[-35.423002,-5.860773],[-35.424666,-5.858126],[-35.430418,-5.851315],[-35.43178,-5.850935],[-35.432234,-5.851314],[-35.43231,-5.852828],[-35.431175,-5.856763],[-35.429434,-5.860698],[-35.428072,-5.862893],[-35.423683,-5.866601],[-35.423532,-5.867812],[-35.424061,-5.868191],[-35.42845,-5.867811],[-35.432991,-5.865919],[-35.438515,-5.863045],[-35.441088,-5.860849],[-35.445402,-5.858427],[-35.448127,-5.857671],[-35.449791,-5.858049],[-35.453084,-5.860017],[-35.455883,-5.862665],[-35.460803,-5.86259],[-35.462997,-5.863271],[-35.464738,-5.864407],[-35.467765,-5.868644],[-35.468748,-5.869461],[-35.47117,-5.87105],[-35.473749,-5.870796],[-35.474619,-5.87121],[-35.475713,-5.872499],[-35.475698,-5.874874],[-35.476383,-5.876405],[-35.476723,-5.878648],[-35.478126,-5.880342],[-35.480719,-5.881533],[-35.483895,-5.882221],[-35.485668,-5.882115],[-35.487627,-5.881348],[-35.488897,-5.881427],[-35.490362,-5.882579],[-35.490417,-5.885405],[-35.491068,-5.886403],[-35.493202,-5.886658],[-35.49472,-5.886218],[-35.495333,-5.8839],[-35.494888,-5.883011],[-35.496158,-5.881488],[-35.494952,-5.877869],[-35.496094,-5.876536],[-35.496094,-5.875203],[-35.49419,-5.871077],[-35.494317,-5.87076],[-35.496285,-5.870379],[-35.496539,-5.867141],[-35.494825,-5.864285],[-35.496729,-5.863586],[-35.496793,-5.862063],[-35.495904,-5.859968],[-35.494507,-5.858191],[-35.493936,-5.856159],[-35.489883,-5.853704],[-35.488726,-5.854082],[-35.485857,-5.857262],[-35.484969,-5.857851],[-35.484407,-5.857705],[-35.484178,-5.856769],[-35.486633,-5.853087],[-35.486048,-5.851862],[-35.485065,-5.851334],[-35.484236,-5.851986],[-35.483391,-5.851891],[-35.481384,-5.849712],[-35.481087,-5.851231],[-35.47996,-5.852287],[-35.478903,-5.852125],[-35.47801,-5.849989],[-35.477188,-5.849894],[-35.475615,-5.851091],[-35.474485,-5.849613],[-35.47303,-5.848625],[-35.472242,-5.84709],[-35.471844,-5.844975],[-35.470434,-5.844481],[-35.46987,-5.845139],[-35.470053,-5.846243],[-35.469465,-5.846901],[-35.466167,-5.846699],[-35.464781,-5.848812],[-35.463934,-5.849354],[-35.462902,-5.849306],[-35.461283,-5.850748],[-35.458288,-5.851652],[-35.454411,-5.850655],[-35.454329,-5.848614],[-35.453091,-5.846024],[-35.453707,-5.841764],[-35.454353,-5.840736],[-35.45822,-5.83798],[-35.459736,-5.838081],[-35.462532,-5.836906],[-35.46421,-5.836697],[-35.465609,-5.837423],[-35.465771,-5.838558],[-35.467764,-5.836321],[-35.470297,-5.836134],[-35.470562,-5.83593],[-35.47015,-5.835323],[-35.467793,-5.83485],[-35.467604,-5.834169],[-35.469061,-5.83215],[-35.469202,-5.831305],[-35.470034,-5.831182],[-35.470034,-5.83086],[-35.469093,-5.830097],[-35.467815,-5.831703],[-35.467533,-5.831257],[-35.46777,-5.82987],[-35.467037,-5.829569],[-35.465115,-5.831104],[-35.464659,-5.83079],[-35.464373,-5.82867],[-35.464026,-5.828857],[-35.46327,-5.832125],[-35.462295,-5.830982],[-35.460968,-5.832216],[-35.460556,-5.831804],[-35.46109,-5.830753],[-35.461014,-5.829716],[-35.459734,-5.829533],[-35.45808,-5.826336],[-35.457605,-5.826996],[-35.457003,-5.826803],[-35.454712,-5.827309],[-35.453409,-5.828491],[-35.451938,-5.827648],[-35.451118,-5.827648],[-35.449381,-5.828901],[-35.448151,-5.828564],[-35.447596,-5.829432],[-35.448053,-5.831217],[-35.447018,-5.83182],[-35.444846,-5.824859],[-35.44478,-5.821604],[-35.443264,-5.820208],[-35.442413,-5.82024]]]}},{"type":"Feature","id":378,"properties":{"sigla":"Q1a","unidade":"Depósitos aluvionares antigos","era":"Cenozóico","periodo":"Neogeno","litotipo_secundario":"Areia, Argila, Cascalho","grupo":"Depósitos aluvionares","fonte":"Folhas João Câmara, Lajes, Natal, Santa Cruz, São José do MIpibu, São José do Campestre - GEOSBG/CPRM (2014)"},"geometry":{"type":"Polygon","coordinates":[[[-35.297707,-5.765247],[-35.293852,-5.767208],[-35.287426,-5.772552],[-35.285059,-5.775866],[-35.283392,-5.779181],[-35.278719,-5.780788],[-35.271914,-5.779264],[-35.268064,-5.779571],[-35.267804,-5.780415],[-35.268924,-5.782221],[-35.269666,-5.782035],[-35.270467,-5.780623],[-35.271505,-5.780186],[-35.272489,-5.780514],[-35.273153,-5.782907],[-35.273756,-5.782749],[-35.274511,-5.781334],[-35.275112,-5.780966],[-35.277162,-5.7817],[-35.278419,-5.78323],[-35.278692,-5.783777],[-35.278036,-5.784542],[-35.278091,-5.786345],[-35.27749,-5.787657],[-35.276287,-5.788914],[-35.276277,-5.789992],[-35.276973,-5.792115],[-35.278034,-5.792866],[-35.278748,-5.794362],[-35.28268,-5.796624],[-35.285568,-5.796415],[-35.286745,-5.797207],[-35.292301,-5.796787],[-35.299024,-5.797674],[-35.301406,-5.796554],[-35.303787,-5.79478],[-35.30503,-5.792751],[-35.30975,-5.792599],[-35.312187,-5.791228],[-35.314318,-5.790695],[-35.319686,-5.789553],[-35.323112,-5.789477],[-35.326995,-5.787574],[-35.327909,-5.787954],[-35.32867,-5.789477],[-35.327577,-5.793711],[-35.32812,-5.795612],[-35.329243,-5.794992],[-35.332068,-5.794847],[-35.330854,-5.792908],[-35.331479,-5.789361],[-35.331114,-5.787193],[-35.329672,-5.785574],[-35.326317,-5.784367],[-35.321648,-5.785103],[-35.319117,-5.786898],[-35.317616,-5.787428],[-35.315144,-5.787016],[-35.311142,-5.785309],[-35.309435,-5.785574],[-35.308876,-5.786722],[-35.309307,-5.787745],[-35.311336,-5.789841],[-35.311607,-5.790789],[-35.309984,-5.791939],[-35.308903,-5.792209],[-35.305385,-5.791939],[-35.304031,-5.792885],[-35.303389,-5.794103],[-35.300955,-5.794779],[-35.300007,-5.795591],[-35.293446,-5.795929],[-35.287764,-5.79505],[-35.286411,-5.794508],[-35.285329,-5.790816],[-35.285329,-5.786216],[-35.287832,-5.779858],[-35.287832,-5.775258],[-35.29277,-5.769847],[-35.294664,-5.768764],[-35.29534,-5.76775],[-35.296761,-5.76687],[-35.299602,-5.766667],[-35.30136,-5.765788],[-35.302105,-5.764368],[-35.301563,-5.762608],[-35.299534,-5.76058],[-35.298317,-5.760984],[-35.297911,-5.761864],[-35.297707,-5.765247]]]}},{"type":"Feature","id":379,"properties":{"sigla":"Q1mc","unidade":"Depósitos Marinhos e Continentais Antigos","era":"Cenozóico","periodo":"Neogeno","litotipo_principal":"Sedimento siliciclástico","grupo":"Depósitos Marinhos e Continentais Antigos","fonte":"Folhas João Câmara, Lajes, Natal, Santa Cruz, São José do MIpibu, São José do Campestre - GEOSBG/CPRM (2014)"},"geometry":{"type":"MultiPolygon","coordinates":[[[[-35.487077,-5.761724],[-35.486958,-5.761865],[-35.487414,-5.762734],[-35.487077,-5.761724]]],[[[-35.43561,-5.760206],[-35.433159,-5.76261],[-35.432756,-5.764896],[-35.433294,-5.768125],[-35.432488,-5.769606],[-35.428586,-5.769739],[-35.428317,-5.767453],[-35.427375,-5.764762],[-35.4248,-5.763493],[-35.420632,-5.765087],[-35.412972,-5.765734],[-35.413918,-5.767864],[-35.413918,-5.770735],[-35.412243,-5.773365],[-35.410109,-5.773054],[-35.404848,-5.777838],[-35.40102,-5.780468],[-35.399345,-5.781185],[-35.396715,-5.780708],[-35.393366,-5.778793],[-35.391214,-5.778555],[-35.390257,-5.77688],[-35.388582,-5.775925],[-35.386431,-5.775684],[-35.384119,-5.777423],[-35.382459,-5.779404],[-35.380508,-5.784043],[-35.379677,-5.78473],[-35.377631,-5.784814],[-35.375959,-5.783758],[-35.372622,-5.783241],[-35.371787,-5.782865],[-35.369427,-5.780294],[-35.367833,-5.779769],[-35.366786,-5.779911],[-35.365889,-5.780708],[-35.365444,-5.783146],[-35.364548,-5.78476],[-35.362394,-5.785837],[-35.347147,-5.785837],[-35.345274,-5.786518],[-35.344217,-5.788391],[-35.344595,-5.789223],[-35.346563,-5.790056],[-35.353676,-5.789904],[-35.355492,-5.789148],[-35.356855,-5.789223],[-35.359655,-5.790207],[-35.36359,-5.790207],[-35.364195,-5.790586],[-35.363894,-5.791948],[-35.360798,-5.792875],[-35.35965,-5.793633],[-35.358033,-5.796735],[-35.358369,-5.798591],[-35.358133,-5.799457],[-35.359493,-5.798283],[-35.361239,-5.798148],[-35.362716,-5.794422],[-35.36525,-5.793157],[-35.367466,-5.790136],[-35.3683,-5.790002],[-35.368299,-5.790628],[-35.367226,-5.792341],[-35.366722,-5.796402],[-35.367075,-5.799021],[-35.368792,-5.800028],[-35.369731,-5.799625],[-35.371175,-5.798148],[-35.373608,-5.798729],[-35.376898,-5.797991],[-35.379344,-5.796616],[-35.381626,-5.796916],[-35.382772,-5.796681],[-35.384064,-5.794097],[-35.386246,-5.791714],[-35.38581,-5.790136],[-35.386563,-5.789203],[-35.386997,-5.785539],[-35.387651,-5.784661],[-35.388536,-5.784313],[-35.390018,-5.784716],[-35.391701,-5.784389],[-35.392461,-5.783123],[-35.393449,-5.779856],[-35.393967,-5.779907],[-35.396754,-5.783908],[-35.400058,-5.784035],[-35.402021,-5.782227],[-35.403945,-5.781188],[-35.40715,-5.777122],[-35.410662,-5.775391],[-35.412986,-5.775143],[-35.414709,-5.774191],[-35.415723,-5.772822],[-35.416281,-5.769983],[-35.416636,-5.76973],[-35.417446,-5.770185],[-35.417902,-5.771048],[-35.420691,-5.771452],[-35.420616,-5.775056],[-35.419919,-5.775937],[-35.42258,-5.776061],[-35.423863,-5.772213],[-35.424931,-5.77093],[-35.427069,-5.772427],[-35.430918,-5.776916],[-35.431131,-5.779053],[-35.429634,-5.782259],[-35.428352,-5.783329],[-35.426855,-5.785894],[-35.426001,-5.788887],[-35.427069,-5.790384],[-35.429848,-5.790384],[-35.431559,-5.789529],[-35.43391,-5.787605],[-35.435319,-5.783471],[-35.436852,-5.780747],[-35.437706,-5.780787],[-35.438137,-5.781218],[-35.439238,-5.784953],[-35.440651,-5.785791],[-35.442694,-5.785951],[-35.44461,-5.78461],[-35.446096,-5.781191],[-35.447593,-5.779481],[-35.454434,-5.776702],[-35.454861,-5.777771],[-35.453579,-5.779053],[-35.449516,-5.781191],[-35.448,-5.786127],[-35.448427,-5.787838],[-35.449924,-5.788693],[-35.452917,-5.788693],[-35.455113,-5.788011],[-35.455439,-5.784429],[-35.456461,-5.782954],[-35.457823,-5.782386],[-35.460093,-5.782273],[-35.461569,-5.781592],[-35.465145,-5.77444],[-35.467585,-5.771886],[-35.469799,-5.771262],[-35.477254,-5.771454],[-35.482267,-5.772409],[-35.487051,-5.770974],[-35.489443,-5.770974],[-35.49007,-5.769511],[-35.487435,-5.769916],[-35.479493,-5.768172],[-35.47541,-5.766494],[-35.473981,-5.765469],[-35.473657,-5.764755],[-35.469591,-5.761885],[-35.467676,-5.761644],[-35.464329,-5.762602],[-35.454159,-5.773906],[-35.451412,-5.775278],[-35.450023,-5.775352],[-35.4495,-5.77504],[-35.449261,-5.770734],[-35.450696,-5.765233],[-35.450696,-5.76332],[-35.450255,-5.762763],[-35.447854,-5.76222],[-35.445195,-5.764755],[-35.442564,-5.765232],[-35.440172,-5.763798],[-35.438399,-5.760865],[-35.437546,-5.760322],[-35.43561,-5.760206]]],[[[-35.430855,-5.759254],[-35.430873,-5.759246],[-35.430873,-5.759228],[-35.430855,-5.759254]]],[[[-35.488661,-5.750054],[-35.488586,-5.750153],[-35.488599,-5.750178],[-35.488661,-5.750054]]],[[[-35.488983,-5.749402],[-35.489921,-5.747056],[-35.490069,-5.745427],[-35.489213,-5.745566],[-35.487752,-5.74801],[-35.48886,-5.748685],[-35.488983,-5.749402]]],[[[-35.490628,-5.743801],[-35.490692,-5.743715],[-35.490653,-5.743724],[-35.490628,-5.743801]]],[[[-35.493299,-5.740404],[-35.495011,-5.738286],[-35.495129,-5.737371],[-35.494438,-5.738844],[-35.493135,-5.739233],[-35.493299,-5.740404]]]]}},{"type":"Feature","id":380,"properties":{"sigla":"Q2elv","unidade":"Depósitos eólicos litorâneos vegetados","era":"Cenozóico","periodo":"Neogeno","litotipo_secundario":"Areia","grupo":"Depósitos eólicos litorâneos vegetados","fonte":"Folhas João Câmara, Lajes, Natal, Santa Cruz, São José do MIpibu, São José do Campestre - GEOSBG/CPRM (2014)"},"geometry":{"type":"MultiPolygon","coordinates":[[[[-35.210086,-5.739164],[-35.210736,-5.739149],[-35.211368,-5.738758],[-35.210086,-5.739164]]],[[[-35.212381,-5.738439],[-35.212672,-5.738786],[-35.213009,-5.73824],[-35.212381,-5.738439]]],[[[-35.213503,-5.738084],[-35.213035,-5.739134],[-35.215739,-5.737377],[-35.213503,-5.738084]]],[[[-35.215984,-5.7373],[-35.21618,-5.737909],[-35.216835,-5.737031],[-35.215984,-5.7373]]],[[[-35.221167,-5.735766],[-35.22139,-5.735876],[-35.221521,-5.735718],[-35.221167,-5.735766]]],[[[-35.219076,-5.738674],[-35.218879,-5.738462],[-35.219635,-5.737252],[-35.219424,-5.736859],[-35.215539,-5.740496],[-35.215142,-5.739929],[-35.214405,-5.740459],[-35.213479,-5.740326],[-35.212156,-5.741385],[-35.211891,-5.740685],[-35.211419,-5.740629],[-35.210247,-5.741933],[-35.210133,-5.742689],[-35.209831,-5.742708],[-35.209396,-5.741385],[-35.209773,-5.739263],[-35.207564,-5.739961],[-35.204999,-5.742102],[-35.204237,-5.746595],[-35.204352,-5.748114],[-35.203894,-5.749689],[-35.202547,-5.751637],[-35.203178,-5.753843],[-35.202752,-5.75408],[-35.203393,-5.754395],[-35.203836,-5.75407],[-35.204525,-5.754677],[-35.204116,-5.753541],[-35.204461,-5.752334],[-35.206011,-5.750573],[-35.211124,-5.74645],[-35.211843,-5.746395],[-35.211432,-5.747215],[-35.213651,-5.746167],[-35.219801,-5.745651],[-35.22161,-5.746315],[-35.22268,-5.74794],[-35.223599,-5.753514],[-35.223575,-5.759122],[-35.225412,-5.759754],[-35.226258,-5.760586],[-35.228446,-5.761104],[-35.228478,-5.758999],[-35.229647,-5.754094],[-35.231209,-5.752987],[-35.231476,-5.752066],[-35.233268,-5.751057],[-35.236255,-5.746793],[-35.236112,-5.744437],[-35.234185,-5.743438],[-35.232186,-5.743866],[-35.23033,-5.743081],[-35.229901,-5.741511],[-35.231044,-5.740654],[-35.231186,-5.739797],[-35.230473,-5.737941],[-35.228117,-5.735372],[-35.221737,-5.735907],[-35.220981,-5.736315],[-35.219076,-5.738674]],[[-35.218615,-5.741426],[-35.218102,-5.741126],[-35.219486,-5.739984],[-35.219505,-5.740593],[-35.218615,-5.741426]],[[-35.216678,-5.743365],[-35.214591,-5.745225],[-35.214077,-5.745271],[-35.214486,-5.744303],[-35.215045,-5.744121],[-35.216179,-5.742654],[-35.216678,-5.743365]]]]}},{"type":"Feature","id":381,"properties":{"sigla":"Q2elv","unidade":"Depósitos eólicos litorâneos vegetados","era":"Cenozóico","periodo":"Neogeno","litotipo_secundario":"Areia","grupo":"Depósitos eólicos litorâneos vegetados","fonte":"Folhas João Câmara, Lajes, Natal, Santa Cruz, São José do MIpibu, São José do Campestre - GEOSBG/CPRM (2014)"},"geometry":{"type":"Polygon","coordinates":[[[-35.260154,-5.850564],[-35.271095,-5.841969],[-35.271379,-5.842911],[-35.269663,-5.844992],[-35.270283,-5.846989],[-35.271605,-5.846482],[-35.273826,-5.844457],[-35.275739,-5.843389],[-35.277426,-5.841561],[-35.278298,-5.838327],[-35.275373,-5.838974],[-35.274164,-5.838467],[-35.275907,-5.837258],[-35.276714,-5.835207],[-35.278812,-5.832276],[-35.280353,-5.827858],[-35.280155,-5.824215],[-35.279347,-5.821295],[-35.278178,-5.82066],[-35.276361,-5.820508],[-35.272027,-5.820901],[-35.270503,-5.821461],[-35.270028,-5.822154],[-35.268447,-5.820621],[-35.266118,-5.819559],[-35.262319,-5.818557],[-35.259005,-5.819337],[-35.256405,-5.817517],[-35.25582,-5.817907],[-35.253805,-5.821351],[-35.252766,-5.822066],[-35.251336,-5.821481],[-35.250621,-5.820766],[-35.249906,-5.818817],[-35.250166,-5.816152],[-35.249646,-5.814787],[-35.247501,-5.814462],[-35.247371,-5.813617],[-35.245682,-5.812513],[-35.245704,-5.81176],[-35.243089,-5.808646],[-35.243192,-5.806774],[-35.242517,-5.805942],[-35.239842,-5.805426],[-35.238357,-5.804533],[-35.237993,-5.803805],[-35.239137,-5.802817],[-35.239033,-5.800894],[-35.240385,-5.800581],[-35.242049,-5.800997],[-35.24457,-5.799313],[-35.246286,-5.796921],[-35.246598,-5.795153],[-35.246286,-5.79453],[-35.244934,-5.793698],[-35.243478,-5.79375],[-35.234276,-5.796729],[-35.231391,-5.796482],[-35.228244,-5.795637],[-35.225645,-5.795429],[-35.224345,-5.795897],[-35.223799,-5.79364],[-35.222551,-5.792601],[-35.218496,-5.792549],[-35.216052,-5.790989],[-35.215688,-5.789585],[-35.214179,-5.788115],[-35.213329,-5.788366],[-35.213729,-5.787685],[-35.213571,-5.787077],[-35.211973,-5.786312],[-35.211906,-5.785682],[-35.207759,-5.780621],[-35.205844,-5.776113],[-35.20593,-5.774916],[-35.203791,-5.768963],[-35.2034,-5.761904],[-35.201332,-5.75914],[-35.197687,-5.757433],[-35.196883,-5.757443],[-35.199565,-5.759839],[-35.200271,-5.764065],[-35.199176,-5.771891],[-35.196922,-5.778273],[-35.196922,-5.780486],[-35.20369,-5.784557],[-35.204126,-5.788654],[-35.201881,-5.793218],[-35.202072,-5.7995],[-35.203404,-5.80483],[-35.202452,-5.809494],[-35.202738,-5.814634],[-35.205022,-5.815585],[-35.206069,-5.817108],[-35.212732,-5.818631],[-35.22263,-5.815205],[-35.227008,-5.814253],[-35.236519,-5.822185],[-35.240103,-5.828011],[-35.243639,-5.84109],[-35.247977,-5.842569],[-35.253054,-5.841878],[-35.257937,-5.848422],[-35.260154,-5.850564]]]}},{"type":"Feature","id":382,"properties":{"sigla":"Q2lp","unidade":"Depósitos litorâneos praiais","era":"Cenozóico","periodo":"Neogeno","litotipo_secundario":"Areia, Argila","grupo":"Depósitos litorâneos praiais","fonte":"Folhas João Câmara, Lajes, Natal, Santa Cruz, São José do MIpibu, São José do Campestre - GEOSBG/CPRM (2014)"},"geometry":{"type":"Polygon","coordinates":[[[-35.203594,-5.754548],[-35.204706,-5.756461],[-35.206232,-5.757935],[-35.206981,-5.759693],[-35.207861,-5.760469],[-35.206077,-5.756901],[-35.204784,-5.755996],[-35.204655,-5.754833],[-35.203836,-5.75407],[-35.203594,-5.754548]]]}},{"type":"Feature","id":383,"properties":{"sigla":"Q2eln","unidade":"Depósitos eólicos litorâneos não vegetados","era":"Cenozóico","periodo":"Neogeno","litotipo_secundario":"Areia","grupo":"Depósitos eólicos litorâneos não vegetados","fonte":"Folhas João Câmara, Lajes, Natal, Santa Cruz, São José do MIpibu, São José do Campestre - GEOSBG/CPRM (2014)"},"geometry":{"type":"Polygon","coordinates":[[[-35.204662,-5.7545],[-35.20854,-5.751042],[-35.209035,-5.750327],[-35.208991,-5.749624],[-35.211629,-5.747047],[-35.211843,-5.746395],[-35.210951,-5.746563],[-35.206011,-5.750573],[-35.204461,-5.752334],[-35.204116,-5.753307],[-35.204662,-5.7545]]]}},{"type":"Feature","id":384,"properties":{"sigla":"Q2eln","unidade":"Depósitos eólicos litorâneos não vegetados","era":"Cenozóico","periodo":"Neogeno","litotipo_secundario":"Areia","grupo":"Depósitos eólicos litorâneos não vegetados","fonte":"Folhas João Câmara, Lajes, Natal, Santa Cruz, São José do MIpibu, São José do Campestre - GEOSBG/CPRM (2014)"},"geometry":{"type":"Polygon","coordinates":[[[-35.216043,-5.74273],[-35.214486,-5.744303],[-35.214077,-5.745271],[-35.214894,-5.744998],[-35.216557,-5.743516],[-35.216648,-5.742987],[-35.216043,-5.74273]]]}},{"type":"Feature","id":385,"properties":{"sigla":"Q2eln","unidade":"Depósitos eólicos litorâneos não vegetados","era":"Cenozóico","periodo":"Neogeno","litotipo_secundario":"Areia","grupo":"Depósitos eólicos litorâneos não vegetados","fonte":"Folhas João Câmara, Lajes, Natal, Santa Cruz, São José do MIpibu, São José do Campestre - GEOSBG/CPRM (2014)"},"geometry":{"type":"Polygon","coordinates":[[[-35.222486,-5.735668],[-35.216835,-5.737031],[-35.21618,-5.737909],[-35.215739,-5.737377],[-35.213171,-5.739194],[-35.213503,-5.738084],[-35.212672,-5.738786],[-35.212381,-5.738439],[-35.209773,-5.739263],[-35.209377,-5.741177],[-35.209831,-5.742708],[-35.211419,-5.740629],[-35.211891,-5.740685],[-35.212156,-5.741385],[-35.213479,-5.740326],[-35.214405,-5.740459],[-35.215142,-5.739929],[-35.215539,-5.740496],[-35.219424,-5.736859],[-35.219635,-5.737252],[-35.218879,-5.738462],[-35.219076,-5.738674],[-35.220981,-5.736315],[-35.222486,-5.735668]]]}},{"type":"Feature","id":386,"properties":{"sigla":"PP2jc","unidade":"João Câmara","era":"Paleoproterozóico","periodo":"Riaciano","litotipo_principal":"Migmatitos, nebuliticos com mesossomas granodioriticos","grupo":"Complexo João Câmara","fonte":"Folhas João Câmara, Lajes, Natal, Santa Cruz, São José do MIpibu, São José do Campestre - GEOSBG/CPRM (2014)"},"geometry":{"type":"Polygon","coordinates":[[[-35.561897,-5.777341],[-35.56241,-5.784006],[-35.561801,-5.787416],[-35.557974,-5.792281],[-35.548858,-5.800583],[-35.544147,-5.802558],[-35.53531,-5.804656],[-35.530421,-5.805023],[-35.525428,-5.804528],[-35.526253,-5.80503],[-35.528387,-5.805337],[-35.532697,-5.807847],[-35.540031,-5.806802],[-35.541918,-5.805269],[-35.548,-5.803868],[-35.550437,-5.8027],[-35.553686,-5.798249],[-35.55688,-5.795419],[-35.557599,-5.795404],[-35.557707,-5.796063],[-35.556182,-5.798702],[-35.565154,-5.793468],[-35.567319,-5.792889],[-35.568941,-5.793475],[-35.569683,-5.794509],[-35.569743,-5.795758],[-35.568665,-5.797846],[-35.567537,-5.802575],[-35.566451,-5.804164],[-35.564653,-5.806019],[-35.56213,-5.807701],[-35.560133,-5.808688],[-35.556416,-5.809496],[-35.553774,-5.811467],[-35.550666,-5.811958],[-35.547024,-5.811422],[-35.547218,-5.811935],[-35.54676,-5.812484],[-35.54429,-5.813544],[-35.543565,-5.813485],[-35.54307,-5.812928],[-35.544273,-5.811672],[-35.539975,-5.813938],[-35.536242,-5.814739],[-35.534863,-5.815873],[-35.532996,-5.816439],[-35.530327,-5.816702],[-35.524143,-5.816216],[-35.521372,-5.816422],[-35.517683,-5.817153],[-35.511825,-5.819156],[-35.504453,-5.821014],[-35.500556,-5.821006],[-35.498344,-5.821531],[-35.491236,-5.820105],[-35.484718,-5.817146],[-35.470005,-5.814959],[-35.47216,-5.816313],[-35.474227,-5.818376],[-35.476975,-5.81814],[-35.479528,-5.820321],[-35.483218,-5.820496],[-35.484475,-5.822593],[-35.487729,-5.825936],[-35.491767,-5.8281],[-35.496267,-5.826773],[-35.497652,-5.825821],[-35.504634,-5.822753],[-35.505506,-5.822616],[-35.505671,-5.823393],[-35.507146,-5.823516],[-35.514833,-5.820206],[-35.519701,-5.819605],[-35.521638,-5.818742],[-35.524048,-5.819518],[-35.52488,-5.82032],[-35.526958,-5.819365],[-35.53088,-5.819109],[-35.531417,-5.819425],[-35.530733,-5.820632],[-35.526913,-5.822831],[-35.526968,-5.825758],[-35.527892,-5.82717],[-35.533624,-5.829061],[-35.53698,-5.829107],[-35.542748,-5.827569],[-35.54586,-5.824288],[-35.547423,-5.824389],[-35.548102,-5.82484],[-35.547239,-5.825178],[-35.547374,-5.825742],[-35.548755,-5.825897],[-35.550971,-5.827807],[-35.553044,-5.830863],[-35.553849,-5.830962],[-35.555417,-5.829856],[-35.557689,-5.829531],[-35.55884,-5.830542],[-35.558874,-5.83111],[-35.557575,-5.831099],[-35.554676,-5.832257],[-35.554503,-5.832776],[-35.555317,-5.834041],[-35.555453,-5.835867],[-35.555274,-5.83647],[-35.554412,-5.837019],[-35.553541,-5.837281],[-35.552889,-5.836895],[-35.552058,-5.835654],[-35.549959,-5.833905],[-35.548499,-5.83115],[-35.543943,-5.829907],[-35.543487,-5.83055],[-35.544438,-5.833615],[-35.545165,-5.8347],[-35.544874,-5.835968],[-35.544115,-5.835843],[-35.542363,-5.834292],[-35.539298,-5.832504],[-35.535824,-5.831401],[-35.535232,-5.831659],[-35.535396,-5.832506],[-35.538196,-5.834649],[-35.538326,-5.836578],[-35.539231,-5.838311],[-35.538914,-5.839176],[-35.538266,-5.839257],[-35.538017,-5.83743],[-35.536551,-5.835437],[-35.531028,-5.832289],[-35.52974,-5.832931],[-35.529539,-5.836313],[-35.528902,-5.837523],[-35.528201,-5.837989],[-35.528039,-5.836841],[-35.528634,-5.834838],[-35.528066,-5.832471],[-35.527228,-5.831446],[-35.523968,-5.829325],[-35.522529,-5.826184],[-35.522429,-5.825737],[-35.522493,-5.825017],[-35.522467,-5.8248],[-35.522403,-5.824645],[-35.52215,-5.825011],[-35.519528,-5.825279],[-35.509075,-5.828238],[-35.506804,-5.829384],[-35.505713,-5.829289],[-35.506024,-5.828442],[-35.507848,-5.827175],[-35.51559,-5.824423],[-35.518291,-5.822785],[-35.517884,-5.822716],[-35.513382,-5.823887],[-35.507483,-5.826785],[-35.504795,-5.82674],[-35.502406,-5.827923],[-35.500975,-5.826911],[-35.499861,-5.826847],[-35.497695,-5.828036],[-35.494856,-5.830577],[-35.494528,-5.831614],[-35.492604,-5.830909],[-35.49044,-5.831313],[-35.489862,-5.832176],[-35.489506,-5.834247],[-35.488972,-5.833752],[-35.488685,-5.831937],[-35.486529,-5.831432],[-35.486045,-5.830053],[-35.484141,-5.828404],[-35.481746,-5.824635],[-35.480018,-5.82432],[-35.478409,-5.822318],[-35.476991,-5.821856],[-35.476108,-5.822059],[-35.474152,-5.825645],[-35.473799,-5.822506],[-35.472563,-5.821094],[-35.470324,-5.820597],[-35.46935,-5.819058],[-35.467749,-5.818179],[-35.466761,-5.818769],[-35.463159,-5.818897],[-35.462727,-5.818609],[-35.462679,-5.817584],[-35.461713,-5.817144],[-35.456849,-5.820064],[-35.455341,-5.820001],[-35.454399,-5.8211],[-35.453143,-5.82154],[-35.450944,-5.82088],[-35.449876,-5.819561],[-35.449721,-5.818279],[-35.447869,-5.820508],[-35.444822,-5.822176],[-35.444846,-5.824859],[-35.446776,-5.831652],[-35.447355,-5.831797],[-35.448053,-5.831217],[-35.447596,-5.829432],[-35.448151,-5.828564],[-35.449381,-5.828901],[-35.451118,-5.827648],[-35.451938,-5.827648],[-35.453409,-5.828491],[-35.454712,-5.827309],[-35.457003,-5.826803],[-35.457605,-5.826996],[-35.459729,-5.824753],[-35.460972,-5.826249],[-35.46143,-5.828588],[-35.462081,-5.829843],[-35.46295,-5.829626],[-35.463987,-5.827841],[-35.464469,-5.827744],[-35.466664,-5.828854],[-35.467243,-5.828709],[-35.468305,-5.826755],[-35.469799,-5.826948],[-35.470884,-5.827744],[-35.472381,-5.82977],[-35.472733,-5.832491],[-35.472372,-5.8343],[-35.472733,-5.835241],[-35.471962,-5.837242],[-35.468319,-5.83992],[-35.463423,-5.840885],[-35.461468,-5.84185],[-35.458839,-5.842333],[-35.456161,-5.843683],[-35.455971,-5.845749],[-35.456598,-5.84681],[-35.458166,-5.847799],[-35.459734,-5.847799],[-35.466633,-5.843795],[-35.469528,-5.841696],[-35.473269,-5.842806],[-35.475922,-5.846834],[-35.477249,-5.847847],[-35.479396,-5.847582],[-35.480626,-5.847196],[-35.481711,-5.844374],[-35.482628,-5.843361],[-35.484075,-5.842767],[-35.486076,-5.842815],[-35.486922,-5.84366],[-35.487736,-5.846153],[-35.488106,-5.852295],[-35.488895,-5.852064],[-35.489426,-5.849579],[-35.490656,-5.847215],[-35.491741,-5.846684],[-35.493742,-5.846516],[-35.494732,-5.847336],[-35.495794,-5.849965],[-35.496228,-5.847963],[-35.49712,-5.847384],[-35.497892,-5.847529],[-35.498913,-5.849873],[-35.500744,-5.850589],[-35.501752,-5.855226],[-35.502692,-5.856538],[-35.503576,-5.856568],[-35.5048,-5.855803],[-35.507035,-5.852188],[-35.509524,-5.852699],[-35.510298,-5.853878],[-35.511205,-5.856798],[-35.509469,-5.860124],[-35.50963,-5.861898],[-35.510421,-5.863078],[-35.510903,-5.861049],[-35.51252,-5.861609],[-35.51459,-5.858895],[-35.516376,-5.859276],[-35.516607,-5.857467],[-35.517189,-5.856763],[-35.516899,-5.856288],[-35.51573,-5.856135],[-35.51509,-5.855263],[-35.51351,-5.856011],[-35.51289,-5.855712],[-35.51251,-5.852914],[-35.51128,-5.850499],[-35.512184,-5.84689],[-35.512675,-5.847107],[-35.512946,-5.84822],[-35.514048,-5.849057],[-35.514409,-5.851526],[-35.515426,-5.852924],[-35.516704,-5.853606],[-35.517763,-5.853647],[-35.5187,-5.853181],[-35.519107,-5.852092],[-35.519025,-5.850568],[-35.517717,-5.848782],[-35.517458,-5.847293],[-35.516834,-5.846778],[-35.516379,-5.845328],[-35.515168,-5.844339],[-35.514946,-5.841541],[-35.514066,-5.839298],[-35.514347,-5.837631],[-35.515898,-5.836135],[-35.515703,-5.83335],[-35.516564,-5.833241],[-35.519319,-5.839105],[-35.520245,-5.839359],[-35.521706,-5.83703],[-35.522824,-5.837009],[-35.523085,-5.838211],[-35.522324,-5.839373],[-35.522206,-5.841151],[-35.521331,-5.842701],[-35.52188,-5.844323],[-35.523695,-5.844842],[-35.526093,-5.843429],[-35.526782,-5.843732],[-35.525827,-5.84892],[-35.523283,-5.851291],[-35.523502,-5.852654],[-35.522921,-5.853855],[-35.523369,-5.854827],[-35.521822,-5.855609],[-35.5213,-5.856975],[-35.521629,-5.860763],[-35.525416,-5.860123],[-35.526531,-5.857821],[-35.52819,-5.855863],[-35.535071,-5.850196],[-35.540455,-5.847548],[-35.548785,-5.844792],[-35.558346,-5.839743],[-35.561469,-5.837825],[-35.560447,-5.837436],[-35.559418,-5.83515],[-35.560173,-5.833897],[-35.564768,-5.832623],[-35.565619,-5.834396],[-35.566377,-5.83506],[-35.572687,-5.829004],[-35.575211,-5.82556],[-35.579871,-5.817752],[-35.586261,-5.811366],[-35.590918,-5.804357],[-35.600413,-5.786394],[-35.607879,-5.767279],[-35.606738,-5.767974],[-35.601521,-5.775549],[-35.598511,-5.778247],[-35.596256,-5.779325],[-35.594464,-5.779522],[-35.590861,-5.778734],[-35.586147,-5.774516],[-35.584848,-5.773997],[-35.582353,-5.774467],[-35.578076,-5.776918],[-35.576149,-5.777129],[-35.574825,-5.776612],[-35.572992,-5.774544],[-35.57071,-5.769164],[-35.565289,-5.750511],[-35.561945,-5.741566],[-35.560276,-5.738076],[-35.555919,-5.731845],[-35.555552,-5.736525],[-35.556242,-5.744381],[-35.555911,-5.751125],[-35.561897,-5.777341]],[[-35.558781,-5.81112],[-35.558128,-5.81069],[-35.558303,-5.810199],[-35.560452,-5.809477],[-35.568839,-5.80487],[-35.569889,-5.804753],[-35.570515,-5.805385],[-35.57059,-5.805953],[-35.569905,-5.806819],[-35.567282,-5.808805],[-35.558781,-5.81112]]]}},{"type":"Feature","id":387,"properties":{"sigla":"Q12fm","unidade":"Depósitos flúvio-marinhos","era":"Cenozóico","periodo":"Neogeno","litotipo_secundario":"Areia, Argila, Silte, Lama","grupo":"Depósitos flúvio-marinhos","fonte":"Folhas João Câmara, Lajes, Natal, Santa Cruz, São José do MIpibu, São José do Campestre - GEOSBG/CPRM (2014)"},"geometry":{"type":"Polygon","coordinates":[[[-35.211302,-5.747325],[-35.209439,-5.748995],[-35.20854,-5.751042],[-35.204525,-5.754677],[-35.204784,-5.755996],[-35.206077,-5.756901],[-35.207861,-5.760469],[-35.202005,-5.752705],[-35.200672,-5.752691],[-35.198371,-5.755724],[-35.19834,-5.757745],[-35.201332,-5.75914],[-35.2034,-5.761904],[-35.203791,-5.768963],[-35.20593,-5.774916],[-35.205844,-5.776113],[-35.207759,-5.780621],[-35.211906,-5.785682],[-35.211973,-5.786312],[-35.213571,-5.787077],[-35.213729,-5.787685],[-35.213329,-5.788366],[-35.214179,-5.788115],[-35.215688,-5.789585],[-35.216052,-5.790989],[-35.218496,-5.792549],[-35.222551,-5.792601],[-35.223799,-5.79364],[-35.224345,-5.795897],[-35.225645,-5.795429],[-35.228244,-5.795637],[-35.231391,-5.796482],[-35.234276,-5.796729],[-35.243478,-5.79375],[-35.244934,-5.793698],[-35.246286,-5.79453],[-35.246598,-5.795153],[-35.246286,-5.796921],[-35.24457,-5.799313],[-35.242049,-5.800997],[-35.240385,-5.800581],[-35.239033,-5.800894],[-35.239137,-5.802817],[-35.237993,-5.803805],[-35.238357,-5.804533],[-35.239842,-5.805426],[-35.242517,-5.805942],[-35.243192,-5.806774],[-35.243089,-5.808646],[-35.245704,-5.81176],[-35.245682,-5.812513],[-35.247371,-5.813617],[-35.247501,-5.814462],[-35.249646,-5.814787],[-35.250166,-5.816152],[-35.249906,-5.818817],[-35.250621,-5.820766],[-35.251336,-5.821481],[-35.252766,-5.822066],[-35.253805,-5.821351],[-35.25582,-5.817907],[-35.256405,-5.817517],[-35.259005,-5.819337],[-35.262319,-5.818557],[-35.266118,-5.819559],[-35.268447,-5.820621],[-35.270028,-5.822154],[-35.270503,-5.821461],[-35.272027,-5.820901],[-35.276361,-5.820508],[-35.278178,-5.82066],[-35.279209,-5.821164],[-35.280155,-5.824215],[-35.280409,-5.827512],[-35.278463,-5.83277],[-35.279489,-5.835057],[-35.280411,-5.839256],[-35.279655,-5.843285],[-35.27997,-5.844412],[-35.280493,-5.843959],[-35.281468,-5.839903],[-35.281621,-5.836265],[-35.284054,-5.836265],[-35.286387,-5.83553],[-35.289071,-5.835828],[-35.292095,-5.837616],[-35.29591,-5.841444],[-35.298496,-5.841852],[-35.299876,-5.842788],[-35.302275,-5.842873],[-35.303133,-5.844093],[-35.304257,-5.844587],[-35.306623,-5.844655],[-35.307422,-5.844195],[-35.308971,-5.844451],[-35.308803,-5.843372],[-35.309675,-5.843202],[-35.309973,-5.842606],[-35.311153,-5.843776],[-35.312068,-5.843606],[-35.312281,-5.842968],[-35.314025,-5.843436],[-35.314365,-5.844179],[-35.313492,-5.845095],[-35.314854,-5.847755],[-35.316237,-5.849032],[-35.317661,-5.849266],[-35.318363,-5.849947],[-35.319343,-5.847522],[-35.320065,-5.847607],[-35.321044,-5.849126],[-35.321619,-5.848956],[-35.322598,-5.847509],[-35.323235,-5.84753],[-35.323703,-5.84853],[-35.322874,-5.850572],[-35.322895,-5.851657],[-35.325766,-5.851828],[-35.326958,-5.851444],[-35.327809,-5.851742],[-35.32832,-5.851465],[-35.328426,-5.850806],[-35.329174,-5.850903],[-35.32972,-5.852789],[-35.329018,-5.855352],[-35.329851,-5.855688],[-35.330824,-5.854056],[-35.331579,-5.85513],[-35.332888,-5.853173],[-35.333912,-5.853031],[-35.333834,-5.855127],[-35.33469,-5.85622],[-35.337379,-5.857649],[-35.337995,-5.860388],[-35.338451,-5.860312],[-35.338514,-5.857916],[-35.338955,-5.857207],[-35.340436,-5.85716],[-35.341913,-5.856501],[-35.344744,-5.8571],[-35.345679,-5.856933],[-35.345691,-5.856333],[-35.345043,-5.855901],[-35.342789,-5.855302],[-35.339886,-5.853814],[-35.338435,-5.852246],[-35.337715,-5.850663],[-35.334333,-5.850279],[-35.330975,-5.848888],[-35.329837,-5.847816],[-35.329382,-5.845801],[-35.327848,-5.84583],[-35.326273,-5.844617],[-35.324699,-5.845128],[-35.323997,-5.844958],[-35.323572,-5.844341],[-35.322551,-5.844745],[-35.321636,-5.844277],[-35.322688,-5.841401],[-35.320084,-5.839149],[-35.319467,-5.838957],[-35.318254,-5.839574],[-35.314649,-5.838764],[-35.313968,-5.838062],[-35.313458,-5.836509],[-35.311224,-5.834692],[-35.311575,-5.833602],[-35.312225,-5.833407],[-35.313394,-5.833797],[-35.314073,-5.834537],[-35.314895,-5.834516],[-35.314073,-5.833989],[-35.313841,-5.833182],[-35.314874,-5.832303],[-35.312746,-5.83186],[-35.311452,-5.829655],[-35.309138,-5.829944],[-35.308195,-5.830613],[-35.307587,-5.833395],[-35.305906,-5.834926],[-35.305268,-5.83314],[-35.304652,-5.832969],[-35.305077,-5.835118],[-35.304971,-5.835952],[-35.304205,-5.836564],[-35.303056,-5.836543],[-35.301176,-5.835487],[-35.301241,-5.834447],[-35.300229,-5.835477],[-35.298411,-5.835029],[-35.298411,-5.834292],[-35.30073,-5.831605],[-35.303338,-5.831104],[-35.303241,-5.828545],[-35.304813,-5.826122],[-35.308422,-5.824884],[-35.308712,-5.823488],[-35.308185,-5.82304],[-35.306749,-5.823436],[-35.303711,-5.825149],[-35.301981,-5.82809],[-35.301868,-5.829821],[-35.300519,-5.830137],[-35.299634,-5.829505],[-35.299044,-5.829589],[-35.298917,-5.831107],[-35.296767,-5.833467],[-35.295587,-5.832877],[-35.295039,-5.83157],[-35.29348,-5.830538],[-35.293165,-5.829631],[-35.293585,-5.828999],[-35.290898,-5.826889],[-35.290708,-5.826363],[-35.291045,-5.825793],[-35.295508,-5.824818],[-35.2962,-5.824076],[-35.296235,-5.823236],[-35.297599,-5.820263],[-35.300503,-5.820508],[-35.301972,-5.820228],[-35.302461,-5.819983],[-35.303403,-5.818174],[-35.303279,-5.814642],[-35.302917,-5.814181],[-35.298208,-5.813971],[-35.297615,-5.812456],[-35.297445,-5.808706],[-35.296511,-5.805557],[-35.296379,-5.802602],[-35.297709,-5.799508],[-35.299444,-5.797502],[-35.298137,-5.797721],[-35.292301,-5.796787],[-35.286264,-5.797166],[-35.285568,-5.796415],[-35.28268,-5.796624],[-35.279485,-5.79491],[-35.278748,-5.794362],[-35.278034,-5.792866],[-35.276973,-5.792115],[-35.276277,-5.789992],[-35.276287,-5.788914],[-35.277818,-5.787001],[-35.278036,-5.784542],[-35.278692,-5.783777],[-35.277162,-5.7817],[-35.275738,-5.78107],[-35.274511,-5.781334],[-35.273377,-5.782972],[-35.272965,-5.782788],[-35.272489,-5.780514],[-35.271505,-5.780186],[-35.270467,-5.780623],[-35.269666,-5.782035],[-35.268924,-5.782221],[-35.267078,-5.779694],[-35.261393,-5.778616],[-35.260628,-5.778179],[-35.259699,-5.778179],[-35.258059,-5.778999],[-35.255306,-5.779221],[-35.252758,-5.780256],[-35.251119,-5.779984],[-35.250299,-5.778235],[-35.249096,-5.777523],[-35.248823,-5.776377],[-35.249424,-5.769375],[-35.248604,-5.766314],[-35.246692,-5.763855],[-35.243248,-5.761995],[-35.239504,-5.76123],[-35.235624,-5.761177],[-35.231853,-5.761833],[-35.226258,-5.760586],[-35.225412,-5.759754],[-35.223575,-5.759122],[-35.223599,-5.753514],[-35.22268,-5.74794],[-35.22161,-5.746315],[-35.219801,-5.745651],[-35.216457,-5.745761],[-35.213651,-5.746167],[-35.211302,-5.747325]]]}},{"type":"Feature","id":388,"properties":{"sigla":"NP3_gamma_3di","unidade":"Dona Inês","era":"Neoproterozóico","periodo":"Ediacarano","litotipo_secundario":"Sienogranito, Monzogranito, Leucogranito, Biotita leucogranito","grupo":"Suíte Intrusiva Dona Inês","fonte":"Folhas João Câmara, Lajes, Natal, Santa Cruz, São José do MIpibu, São José do Campestre - GEOSBG/CPRM (2014)"},"geometry":{"type":"Polygon","coordinates":[[[-35.440453,-5.819978],[-35.441706,-5.820468],[-35.443594,-5.820317],[-35.444448,-5.821],[-35.444822,-5.822176],[-35.447869,-5.820508],[-35.449721,-5.818279],[-35.451472,-5.814124],[-35.451926,-5.811883],[-35.451504,-5.810908],[-35.450284,-5.810439],[-35.448023,-5.812041],[-35.445698,-5.812167],[-35.441206,-5.813329],[-35.440107,-5.817946],[-35.440453,-5.819978]]]}},{"type":"Feature","id":389,"properties":{"sigla":"A34sc1","unidade":"Serra Caiada, migmatito","era":"Mesoarqueano","litotipo_secundario":"Anfibolito, Migmatito","grupo":"Complexo Serra Caiada","fonte":"Folhas João Câmara, Lajes, Natal, Santa Cruz, São José do MIpibu, São José do Campestre - GEOSBG/CPRM (2014)"},"geometry":{"type":"Polygon","coordinates":[[[-35.498262,-5.908902],[-35.497389,-5.911646],[-35.497524,-5.912798],[-35.499196,-5.913989],[-35.500001,-5.914125],[-35.500001,-5.908706],[-35.498262,-5.908902]]]}},{"type":"Feature","id":390,"properties":{"sigla":"PP2_gamma_sc4","unidade":"Santa Cruz, augen gnaisse granítico","era":"Paleoproterozóico","periodo":"Riaciano","litotipo_principal":"Augen gnaisse","grupo":"Complexo Santa Cruz","fonte":"Folhas João Câmara, Lajes, Natal, Santa Cruz, São José do MIpibu, São José do Campestre - GEOSBG/CPRM (2014)"},"geometry":{"type":"Polygon","coordinates":[[[-35.55089,-5.803858],[-35.550311,-5.80356],[-35.550437,-5.8027],[-35.550077,-5.802707],[-35.548077,-5.803844],[-35.541869,-5.805289],[-35.5358,-5.810824],[-35.532555,-5.811596],[-35.526103,-5.810365],[-35.521835,-5.810669],[-35.512834,-5.810467],[-35.508997,-5.807304],[-35.508291,-5.805663],[-35.508723,-5.804418],[-35.505043,-5.804549],[-35.5,-5.803913],[-35.485531,-5.803959],[-35.488686,-5.805766],[-35.493069,-5.809106],[-35.499482,-5.814805],[-35.50082,-5.815103],[-35.503669,-5.81532],[-35.508039,-5.814744],[-35.519842,-5.810923],[-35.521219,-5.811002],[-35.521834,-5.811936],[-35.520667,-5.812986],[-35.516837,-5.813732],[-35.51074,-5.816494],[-35.503013,-5.818091],[-35.491399,-5.817978],[-35.484718,-5.817146],[-35.491236,-5.820105],[-35.498344,-5.821531],[-35.500556,-5.821006],[-35.504453,-5.821014],[-35.511825,-5.819156],[-35.517683,-5.817153],[-35.521372,-5.816422],[-35.524143,-5.816216],[-35.530327,-5.816702],[-35.532996,-5.816439],[-35.534863,-5.815873],[-35.536242,-5.814739],[-35.540127,-5.813874],[-35.545801,-5.810841],[-35.54913,-5.808116],[-35.552859,-5.804161],[-35.553616,-5.802627],[-35.55089,-5.803858]]]}},{"type":"Feature","id":391,"properties":{"sigla":"PP2jc","unidade":"João Câmara","era":"Paleoproterozóico","periodo":"Riaciano","litotipo_principal":"Migmatitos, nebuliticos com mesossomas granodioriticos","grupo":"Complexo João Câmara","fonte":"Folhas João Câmara, Lajes, Natal, Santa Cruz, São José do MIpibu, São José do Campestre - GEOSBG/CPRM (2014)"},"geometry":{"type":"Polygon","coordinates":[[[-35.416635,-5.897474],[-35.417138,-5.899391],[-35.415818,-5.900459],[-35.415724,-5.902534],[-35.417075,-5.902597],[-35.417546,-5.903791],[-35.418552,-5.903225],[-35.419086,-5.903351],[-35.420595,-5.904451],[-35.420752,-5.905859],[-35.421224,-5.906268],[-35.422041,-5.90611],[-35.423078,-5.904822],[-35.423518,-5.904853],[-35.423958,-5.90567],[-35.425215,-5.905168],[-35.425844,-5.906393],[-35.425404,-5.908468],[-35.427541,-5.908279],[-35.429772,-5.909536],[-35.429741,-5.910165],[-35.428892,-5.910888],[-35.429898,-5.912962],[-35.432632,-5.913276],[-35.434015,-5.912208],[-35.439307,-5.91256],[-35.440132,-5.913071],[-35.441154,-5.914525],[-35.441841,-5.918194],[-35.444237,-5.920119],[-35.44408,-5.917723],[-35.442863,-5.914894],[-35.44302,-5.911594],[-35.441762,-5.909551],[-35.439602,-5.908726],[-35.439091,-5.908137],[-35.43913,-5.90354],[-35.439523,-5.903147],[-35.444709,-5.903383],[-35.44518,-5.903972],[-35.445455,-5.906055],[-35.447302,-5.907587],[-35.44852,-5.90798],[-35.450955,-5.907862],[-35.453234,-5.906958],[-35.455506,-5.903032],[-35.45843,-5.90117],[-35.460547,-5.900699],[-35.464116,-5.900739],[-35.465136,-5.901288],[-35.46686,-5.903125],[-35.46854,-5.903165],[-35.470156,-5.904166],[-35.471176,-5.903617],[-35.471313,-5.90197],[-35.47245,-5.900951],[-35.474529,-5.902519],[-35.475137,-5.905931],[-35.477608,-5.907186],[-35.479863,-5.904559],[-35.479392,-5.903029],[-35.477255,-5.901578],[-35.476607,-5.900401],[-35.478529,-5.900127],[-35.480922,-5.901499],[-35.482177,-5.901735],[-35.483706,-5.900676],[-35.484843,-5.900401],[-35.486373,-5.900899],[-35.488138,-5.902507],[-35.488177,-5.907775],[-35.48951,-5.909461],[-35.490922,-5.910284],[-35.494173,-5.913253],[-35.495524,-5.91373],[-35.497524,-5.912798],[-35.497389,-5.911646],[-35.498309,-5.909561],[-35.498262,-5.908902],[-35.496907,-5.908571],[-35.4939,-5.906903],[-35.492782,-5.905074],[-35.492224,-5.901783],[-35.488095,-5.898248],[-35.48578,-5.897604],[-35.482527,-5.897808],[-35.480392,-5.897198],[-35.477038,-5.898011],[-35.469211,-5.897808],[-35.465958,-5.896893],[-35.465145,-5.895978],[-35.463925,-5.895876],[-35.462604,-5.89242],[-35.461892,-5.89181],[-35.460978,-5.89181],[-35.459453,-5.894148],[-35.458131,-5.894352],[-35.45681,-5.894148],[-35.453862,-5.891404],[-35.453049,-5.891404],[-35.452744,-5.892319],[-35.453151,-5.894555],[-35.452439,-5.895673],[-35.450101,-5.896893],[-35.447458,-5.897198],[-35.445629,-5.897198],[-35.444714,-5.896689],[-35.444206,-5.894657],[-35.443393,-5.893335],[-35.442884,-5.893233],[-35.442681,-5.896994],[-35.442173,-5.897604],[-35.438824,-5.897898],[-35.436079,-5.897083],[-35.434536,-5.89837],[-35.431353,-5.899692],[-35.429167,-5.900353],[-35.427643,-5.900353],[-35.426169,-5.900099],[-35.424899,-5.898879],[-35.424441,-5.893345],[-35.42373,-5.892481],[-35.423527,-5.890398],[-35.422886,-5.889635],[-35.422785,-5.888772],[-35.419888,-5.887959],[-35.41877,-5.888611],[-35.418635,-5.889078],[-35.418838,-5.892195],[-35.415924,-5.893957],[-35.415247,-5.895108],[-35.416635,-5.897474]]]}},{"type":"Feature","id":392,"properties":{"sigla":"K2j","unidade":"Jandaíra","era":"Mesozóico","periodo":"Cretáceo","litotipo_principal":"calcários calcíferos","grupo":"Formação Jandaíra","fonte":"Folhas João Câmara, Lajes, Natal, Santa Cruz, São José do MIpibu, São José do Campestre - GEOSBG/CPRM (2014)"},"geometry":{"type":"Polygon","coordinates":[[[-35.386582,-5.789498],[-35.387282,-5.789834],[-35.387823,-5.790774],[-35.396786,-5.788132],[-35.398464,-5.788904],[-35.400492,-5.787731],[-35.401992,-5.787402],[-35.402638,-5.787897],[-35.404837,-5.787394],[-35.405911,-5.787998],[-35.407455,-5.787931],[-35.408445,-5.788904],[-35.413082,-5.788703],[-35.414156,-5.789206],[-35.41453,-5.787997],[-35.413588,-5.786977],[-35.414425,-5.786663],[-35.414713,-5.786009],[-35.415053,-5.786402],[-35.41521,-5.78852],[-35.415864,-5.788337],[-35.416545,-5.787809],[-35.416882,-5.78642],[-35.418614,-5.784491],[-35.418658,-5.78323],[-35.418168,-5.782562],[-35.419156,-5.779598],[-35.418929,-5.777327],[-35.420616,-5.775056],[-35.420691,-5.771452],[-35.417902,-5.771048],[-35.417446,-5.770185],[-35.416636,-5.76973],[-35.416281,-5.769983],[-35.415723,-5.772822],[-35.414709,-5.774191],[-35.412986,-5.775143],[-35.410662,-5.775391],[-35.40715,-5.777122],[-35.403945,-5.781188],[-35.402021,-5.782227],[-35.400058,-5.784035],[-35.396754,-5.783908],[-35.393967,-5.779907],[-35.393449,-5.779856],[-35.392461,-5.783123],[-35.391701,-5.784389],[-35.390018,-5.784716],[-35.388536,-5.784313],[-35.387651,-5.784661],[-35.386997,-5.785539],[-35.386582,-5.789498]]]}},{"type":"Feature","id":393,"properties":{"sigla":"NP3_gamma_3di","unidade":"Dona Inês","era":"Neoproterozóico","periodo":"Ediacarano","litotipo_secundario":"Sienogranito, Monzogranito, Leucogranito, Biotita leucogranito","grupo":"Suíte Intrusiva Dona Inês","fonte":"Folhas João Câmara, Lajes, Natal, Santa Cruz, São José do MIpibu, São José do Campestre - GEOSBG/CPRM (2014)"},"geometry":{"type":"Polygon","coordinates":[[[-35.341272,-5.852851],[-35.345691,-5.856333],[-35.345679,-5.856933],[-35.344744,-5.8571],[-35.341601,-5.856525],[-35.340436,-5.85716],[-35.338955,-5.857207],[-35.338577,-5.857712],[-35.338514,-5.860091],[-35.337992,-5.860521],[-35.338076,-5.86244],[-35.339491,-5.873279],[-35.339105,-5.874855],[-35.337368,-5.877364],[-35.334689,-5.877956],[-35.333949,-5.879467],[-35.334206,-5.880754],[-35.335171,-5.881236],[-35.336361,-5.881108],[-35.339706,-5.879017],[-35.340768,-5.878149],[-35.341121,-5.87728],[-35.341314,-5.866931],[-35.33932,-5.863232],[-35.338806,-5.860273],[-35.339642,-5.859816],[-35.34244,-5.861617],[-35.34408,-5.863418],[-35.344659,-5.864448],[-35.345495,-5.868146],[-35.347136,-5.868918],[-35.349644,-5.869368],[-35.350802,-5.870269],[-35.35122,-5.871813],[-35.351059,-5.872874],[-35.35003,-5.874],[-35.347329,-5.874321],[-35.34646,-5.875048],[-35.34601,-5.87775],[-35.346332,-5.879069],[-35.347296,-5.879487],[-35.350159,-5.879036],[-35.35077,-5.879422],[-35.351059,-5.880355],[-35.350673,-5.882285],[-35.351027,-5.882381],[-35.352893,-5.880934],[-35.355594,-5.881609],[-35.356752,-5.882767],[-35.356559,-5.8846],[-35.357363,-5.886209],[-35.357331,-5.887463],[-35.356463,-5.888846],[-35.350931,-5.888524],[-35.348261,-5.885147],[-35.346846,-5.884954],[-35.345463,-5.886209],[-35.345142,-5.88846],[-35.346364,-5.891805],[-35.347039,-5.891933],[-35.347586,-5.891547],[-35.347875,-5.889714],[-35.348905,-5.889264],[-35.350288,-5.889521],[-35.351124,-5.890229],[-35.351992,-5.892062],[-35.351349,-5.893992],[-35.350127,-5.89486],[-35.348679,-5.894957],[-35.348326,-5.895343],[-35.348615,-5.898642],[-35.350352,-5.898675],[-35.351863,-5.897806],[-35.354822,-5.892918],[-35.35553,-5.892789],[-35.358039,-5.893979],[-35.358135,-5.895458],[-35.357331,-5.897066],[-35.359164,-5.895876],[-35.359775,-5.894429],[-35.35984,-5.891149],[-35.359261,-5.889508],[-35.359454,-5.887804],[-35.360451,-5.887064],[-35.361576,-5.887675],[-35.362059,-5.889347],[-35.363136,-5.889991],[-35.364101,-5.891213],[-35.364712,-5.891277],[-35.366996,-5.890152],[-35.368797,-5.890698],[-35.369569,-5.892242],[-35.369504,-5.892982],[-35.367703,-5.894944],[-35.366288,-5.895394],[-35.365838,-5.896005],[-35.36616,-5.89787],[-35.366031,-5.898932],[-35.365484,-5.899639],[-35.358634,-5.903724],[-35.357444,-5.906586],[-35.360885,-5.906458],[-35.365581,-5.904882],[-35.366899,-5.903885],[-35.367639,-5.902566],[-35.368732,-5.898739],[-35.37063,-5.895233],[-35.371273,-5.894764],[-35.372753,-5.8956],[-35.374554,-5.898494],[-35.37613,-5.899749],[-35.376291,-5.902354],[-35.37465,-5.902869],[-35.371852,-5.902965],[-35.371305,-5.904644],[-35.370148,-5.906252],[-35.371498,-5.908149],[-35.372688,-5.908664],[-35.372817,-5.910755],[-35.372431,-5.911462],[-35.371016,-5.913263],[-35.370083,-5.913521],[-35.36854,-5.914968],[-35.365999,-5.916512],[-35.363651,-5.917123],[-35.3623,-5.918699],[-35.36156,-5.920275],[-35.361882,-5.920468],[-35.368475,-5.918634],[-35.369247,-5.918281],[-35.373235,-5.912845],[-35.374597,-5.912501],[-35.376318,-5.906916],[-35.378989,-5.901222],[-35.379143,-5.893414],[-35.377059,-5.892438],[-35.376571,-5.891152],[-35.374221,-5.890886],[-35.373378,-5.890443],[-35.372012,-5.887177],[-35.369395,-5.884659],[-35.369214,-5.881915],[-35.366021,-5.875965],[-35.363191,-5.875747],[-35.361013,-5.875094],[-35.359562,-5.875167],[-35.35677,-5.872599],[-35.356271,-5.871546],[-35.356549,-5.869217],[-35.353112,-5.866279],[-35.35314,-5.864466],[-35.353871,-5.862548],[-35.353094,-5.862183],[-35.351542,-5.862982],[-35.350562,-5.862288],[-35.350697,-5.858987],[-35.351024,-5.858477],[-35.349486,-5.855467],[-35.349016,-5.854839],[-35.344307,-5.851909],[-35.34258,-5.85013],[-35.341848,-5.850182],[-35.340906,-5.851281],[-35.341272,-5.852851]]]}},{"type":"Feature","id":394,"properties":{"sigla":"Q2lp","unidade":"Depósitos litorâneos praiais","era":"Cenozóico","periodo":"Neogeno","litotipo_secundario":"Areia, Argila","grupo":"Depósitos litorâneos praiais","fonte":"Folhas João Câmara, Lajes, Natal, Santa Cruz, São José do MIpibu, São José do Campestre - GEOSBG/CPRM (2014)"},"geometry":{"type":"Polygon","coordinates":[[[-35.200801,-5.752705],[-35.202005,-5.752705],[-35.202752,-5.75408],[-35.203178,-5.753843],[-35.202547,-5.751637],[-35.203894,-5.749689],[-35.204352,-5.748114],[-35.204237,-5.746595],[-35.204999,-5.742102],[-35.20372,-5.74317],[-35.203267,-5.749129],[-35.202273,-5.751092],[-35.200801,-5.752705]]]}},{"type":"Feature","id":395,"properties":{"sigla":"Q2ar","unidade":"Sedimentos Aluvionares","era":"Cenozóico","periodo":"Neogeno","litotipo_principal":"Areia, Areia arcoseana","grupo":"Sedimentos Aluvionares","fonte":"Folhas João Câmara, Lajes, Natal, Santa Cruz, São José do MIpibu, São José do Campestre - GEOSBG/CPRM (2014)"},"geometry":{"type":"MultiPolygon","coordinates":[[[[-35.415413,-5.984325],[-35.416953,-5.987012],[-35.418512,-5.986798],[-35.418708,-5.985972],[-35.420256,-5.985753],[-35.422478,-5.985887],[-35.422645,-5.98676],[-35.423838,-5.986118],[-35.423966,-5.985312],[-35.421616,-5.985312],[-35.415413,-5.984325]]],[[[-35.397663,-5.985985],[-35.398283,-5.986474],[-35.398283,-5.984139],[-35.397663,-5.985985]]],[[[-35.404651,-5.986006],[-35.405616,-5.986845],[-35.406598,-5.986554],[-35.407638,-5.987473],[-35.408825,-5.986344],[-35.410214,-5.987247],[-35.410978,-5.986711],[-35.411616,-5.984783],[-35.412846,-5.984418],[-35.412927,-5.983821],[-35.411324,-5.983192],[-35.410921,-5.982183],[-35.409204,-5.982082],[-35.407793,-5.982586],[-35.404651,-5.986006]]],[[[-35.442806,-5.987431],[-35.43988,-5.986622],[-35.437458,-5.984907],[-35.434633,-5.979963],[-35.433523,-5.979357],[-35.430899,-5.979256],[-35.430193,-5.979559],[-35.429791,-5.980265],[-35.429791,-5.981678],[-35.428175,-5.9841],[-35.425955,-5.985109],[-35.424283,-5.985312],[-35.425161,-5.985995],[-35.425377,-5.98668],[-35.426861,-5.985837],[-35.427473,-5.986351],[-35.429091,-5.986572],[-35.428645,-5.987475],[-35.429194,-5.989015],[-35.42984,-5.989338],[-35.429586,-5.990533],[-35.431414,-5.989971],[-35.432552,-5.990661],[-35.433268,-5.99041],[-35.434341,-5.99132],[-35.435824,-5.990949],[-35.436212,-5.991368],[-35.436832,-5.991058],[-35.43727,-5.991531],[-35.438992,-5.991507],[-35.438797,-5.992892],[-35.440841,-5.993208],[-35.441748,-5.992848],[-35.442424,-5.993893],[-35.443079,-5.994123],[-35.444664,-5.993788],[-35.447836,-5.995769],[-35.449068,-5.998846],[-35.457483,-5.999281],[-35.459829,-5.998753],[-35.461857,-5.997412],[-35.461464,-5.99538],[-35.460379,-5.994551],[-35.455807,-5.993114],[-35.45446,-5.990828],[-35.451202,-5.987143],[-35.448675,-5.985312],[-35.448002,-5.984369],[-35.447868,-5.981544],[-35.447062,-5.978853],[-35.445984,-5.976835],[-35.445044,-5.976297],[-35.442486,-5.976297],[-35.441545,-5.976835],[-35.439274,-5.98077],[-35.439678,-5.982586],[-35.440485,-5.983595],[-35.44311,-5.985411],[-35.44331,-5.986723],[-35.442806,-5.987431]]],[[[-35.286829,-5.83781],[-35.284086,-5.837332],[-35.283538,-5.839622],[-35.284149,-5.841869],[-35.283082,-5.849178],[-35.282514,-5.849649],[-35.280337,-5.84995],[-35.278844,-5.851573],[-35.278519,-5.851507],[-35.278519,-5.850729],[-35.278973,-5.848911],[-35.276702,-5.847289],[-35.274949,-5.847354],[-35.271314,-5.849106],[-35.266705,-5.848911],[-35.266769,-5.848392],[-35.26742,-5.848002],[-35.269886,-5.847288],[-35.270966,-5.846795],[-35.270086,-5.846848],[-35.269663,-5.844992],[-35.271379,-5.842911],[-35.271095,-5.841969],[-35.260154,-5.850564],[-35.263157,-5.853466],[-35.275522,-5.853303],[-35.286152,-5.850543],[-35.305901,-5.862441],[-35.310185,-5.873148],[-35.315029,-5.88083],[-35.318837,-5.887968],[-35.322943,-5.903995],[-35.328722,-5.906935],[-35.33596,-5.908434],[-35.348997,-5.90997],[-35.355417,-5.914481],[-35.354878,-5.915345],[-35.355479,-5.916388],[-35.357425,-5.917251],[-35.357284,-5.918248],[-35.356743,-5.9188],[-35.357003,-5.919896],[-35.356411,-5.92048],[-35.356518,-5.920844],[-35.357156,-5.920992],[-35.357636,-5.922124],[-35.359669,-5.922492],[-35.360791,-5.923294],[-35.361278,-5.923922],[-35.359195,-5.92464],[-35.359238,-5.925717],[-35.360078,-5.925848],[-35.360769,-5.927543],[-35.361455,-5.927397],[-35.362966,-5.92904],[-35.363062,-5.930651],[-35.361868,-5.930979],[-35.361966,-5.932174],[-35.361171,-5.933086],[-35.362104,-5.933721],[-35.362814,-5.933467],[-35.364223,-5.934075],[-35.364338,-5.935236],[-35.365444,-5.935885],[-35.365691,-5.937033],[-35.366312,-5.937542],[-35.367599,-5.937113],[-35.369765,-5.937289],[-35.370432,-5.936823],[-35.37104,-5.936932],[-35.371993,-5.938367],[-35.372877,-5.938556],[-35.373774,-5.938183],[-35.373504,-5.939978],[-35.374965,-5.943154],[-35.376651,-5.943431],[-35.376707,-5.944321],[-35.378063,-5.944637],[-35.378163,-5.946002],[-35.381437,-5.948942],[-35.382171,-5.947522],[-35.383592,-5.948306],[-35.384689,-5.948],[-35.385411,-5.949088],[-35.384905,-5.950975],[-35.385762,-5.951548],[-35.387002,-5.955295],[-35.387879,-5.956263],[-35.388476,-5.958354],[-35.389563,-5.960066],[-35.388734,-5.962804],[-35.38905,-5.963565],[-35.386609,-5.964527],[-35.386634,-5.965661],[-35.387627,-5.966552],[-35.388238,-5.965946],[-35.390342,-5.966413],[-35.390586,-5.967186],[-35.391541,-5.967302],[-35.392443,-5.968426],[-35.391905,-5.969193],[-35.392256,-5.969358],[-35.391748,-5.970368],[-35.391569,-5.97241],[-35.392896,-5.972728],[-35.393688,-5.973853],[-35.393662,-5.974801],[-35.394375,-5.975462],[-35.394472,-5.977892],[-35.395016,-5.978634],[-35.396407,-5.97859],[-35.396745,-5.98057],[-35.39712,-5.980555],[-35.397429,-5.981438],[-35.396855,-5.982267],[-35.398283,-5.982938],[-35.398182,-5.979937],[-35.395962,-5.976103],[-35.395906,-5.974243],[-35.396498,-5.972691],[-35.399548,-5.968027],[-35.399727,-5.966232],[-35.399187,-5.964439],[-35.397573,-5.961569],[-35.397573,-5.959955],[-35.399088,-5.957273],[-35.400946,-5.955929],[-35.402328,-5.95178],[-35.401541,-5.94664],[-35.399708,-5.94632],[-35.399418,-5.942877],[-35.395847,-5.940111],[-35.395847,-5.937861],[-35.3972,-5.935995],[-35.396973,-5.93429],[-35.393789,-5.931397],[-35.392504,-5.9322],[-35.391956,-5.933712],[-35.391184,-5.93384],[-35.391121,-5.931847],[-35.390123,-5.930721],[-35.389448,-5.930656],[-35.388578,-5.931524],[-35.387871,-5.93355],[-35.387293,-5.93397],[-35.38697,-5.936798],[-35.385363,-5.938021],[-35.385235,-5.939886],[-35.386938,-5.942814],[-35.389318,-5.945837],[-35.390188,-5.94783],[-35.389898,-5.94841],[-35.387293,-5.946865],[-35.384752,-5.94677],[-35.382887,-5.945997],[-35.382114,-5.944357],[-35.378031,-5.942202],[-35.375683,-5.939791],[-35.37565,-5.935738],[-35.376776,-5.934626],[-35.379671,-5.933596],[-35.382437,-5.931858],[-35.383369,-5.930798],[-35.383432,-5.929962],[-35.382694,-5.929092],[-35.374907,-5.928997],[-35.373009,-5.92861],[-35.372559,-5.928127],[-35.372946,-5.926102],[-35.375294,-5.923876],[-35.375776,-5.922718],[-35.378187,-5.92127],[-35.378542,-5.920628],[-35.378187,-5.919277],[-35.376387,-5.917057],[-35.376322,-5.915129],[-35.375326,-5.913134],[-35.374264,-5.912427],[-35.373235,-5.912845],[-35.369247,-5.918281],[-35.361881,-5.920467],[-35.361204,-5.919651],[-35.361689,-5.918343],[-35.363144,-5.916887],[-35.36586,-5.915676],[-35.36804,-5.914028],[-35.370029,-5.911554],[-35.370611,-5.909373],[-35.369883,-5.90719],[-35.369173,-5.906286],[-35.367104,-5.905769],[-35.35857,-5.907708],[-35.356825,-5.907385],[-35.356308,-5.90648],[-35.356308,-5.90551],[-35.357916,-5.90237],[-35.3601,-5.900877],[-35.362972,-5.899727],[-35.364008,-5.898693],[-35.364008,-5.897314],[-35.363204,-5.89651],[-35.361939,-5.89628],[-35.350216,-5.900302],[-35.346538,-5.899958],[-35.346062,-5.89881],[-35.345461,-5.898531],[-35.343183,-5.890032],[-35.343723,-5.886444],[-35.343363,-5.883932],[-35.34175,-5.881242],[-35.33888,-5.88178],[-35.335829,-5.885366],[-35.332062,-5.888058],[-35.329552,-5.887878],[-35.329014,-5.886444],[-35.329552,-5.882677],[-35.332781,-5.877653],[-35.334932,-5.876398],[-35.336906,-5.874065],[-35.336811,-5.87047],[-35.335056,-5.865996],[-35.334673,-5.86529],[-35.333055,-5.864701],[-35.330788,-5.865408],[-35.327492,-5.867321],[-35.322842,-5.870764],[-35.321783,-5.870911],[-35.320311,-5.870234],[-35.31987,-5.868822],[-35.320429,-5.867056],[-35.322018,-5.865524],[-35.329611,-5.863258],[-35.330288,-5.862581],[-35.329363,-5.860701],[-35.329804,-5.859205],[-35.329666,-5.858254],[-35.328056,-5.855782],[-35.327854,-5.854589],[-35.327396,-5.854174],[-35.325819,-5.853966],[-35.324198,-5.85297],[-35.319754,-5.853344],[-35.317509,-5.852844],[-35.313646,-5.849896],[-35.312939,-5.848814],[-35.311419,-5.84915],[-35.310408,-5.847387],[-35.30834,-5.847151],[-35.307869,-5.847368],[-35.30747,-5.84853],[-35.306822,-5.848717],[-35.306433,-5.848328],[-35.306328,-5.846933],[-35.304283,-5.846867],[-35.303556,-5.845932],[-35.301739,-5.845465],[-35.293255,-5.841705],[-35.291567,-5.839693],[-35.291307,-5.838394],[-35.289684,-5.83794],[-35.28936,-5.836708],[-35.287672,-5.836708],[-35.286829,-5.83781]]]]}},{"type":"Feature","id":396,"properties":{"sigla":"Q2ar","unidade":"Sedimentos Aluvionares","era":"Cenozóico","periodo":"Neogeno","litotipo_principal":"Areia, Areia arcoseana","grupo":"Sedimentos Aluvionares","fonte":"Folhas João Câmara, Lajes, Natal, Santa Cruz, São José do MIpibu, São José do Campestre - GEOSBG/CPRM (2014)"},"geometry":{"type":"Polygon","coordinates":[[[-35.231209,-5.752987],[-35.229647,-5.754094],[-35.228478,-5.758999],[-35.228447,-5.76103],[-35.231853,-5.761833],[-35.235624,-5.761177],[-35.239504,-5.76123],[-35.243248,-5.761995],[-35.246692,-5.763855],[-35.248604,-5.766314],[-35.249424,-5.769375],[-35.248823,-5.776377],[-35.249096,-5.777523],[-35.250299,-5.778235],[-35.251119,-5.779984],[-35.252758,-5.780256],[-35.255306,-5.779221],[-35.258059,-5.778999],[-35.259699,-5.778179],[-35.266203,-5.779382],[-35.267804,-5.780415],[-35.268314,-5.779419],[-35.271914,-5.779264],[-35.278719,-5.780788],[-35.283392,-5.779181],[-35.285059,-5.775866],[-35.287426,-5.772552],[-35.293852,-5.767208],[-35.297707,-5.765247],[-35.297987,-5.763678],[-35.296053,-5.761393],[-35.291916,-5.759476],[-35.29141,-5.758568],[-35.291916,-5.757357],[-35.294741,-5.756146],[-35.297768,-5.758265],[-35.299887,-5.758163],[-35.301098,-5.757256],[-35.302309,-5.757256],[-35.303217,-5.76008],[-35.304932,-5.761393],[-35.304729,-5.763916],[-35.307051,-5.765631],[-35.306042,-5.769062],[-35.305033,-5.769161],[-35.303318,-5.766943],[-35.301401,-5.766336],[-35.296761,-5.76687],[-35.29534,-5.76775],[-35.294664,-5.768764],[-35.29277,-5.769847],[-35.287832,-5.775258],[-35.287832,-5.779858],[-35.285329,-5.786216],[-35.285329,-5.790816],[-35.286411,-5.794508],[-35.287764,-5.79505],[-35.293446,-5.795929],[-35.300007,-5.795591],[-35.300955,-5.794779],[-35.303389,-5.794103],[-35.304031,-5.792885],[-35.305385,-5.791939],[-35.308903,-5.792209],[-35.309984,-5.791939],[-35.311607,-5.790789],[-35.311336,-5.789841],[-35.309307,-5.787745],[-35.308876,-5.786722],[-35.309435,-5.785574],[-35.311142,-5.785309],[-35.315144,-5.787016],[-35.317616,-5.787428],[-35.319117,-5.786898],[-35.321648,-5.785103],[-35.326317,-5.784367],[-35.329672,-5.785574],[-35.331114,-5.787193],[-35.331479,-5.789361],[-35.330854,-5.792908],[-35.332068,-5.794847],[-35.334476,-5.795588],[-35.336734,-5.797141],[-35.338801,-5.797681],[-35.344726,-5.801217],[-35.349316,-5.802575],[-35.353001,-5.802575],[-35.358133,-5.799457],[-35.358369,-5.798591],[-35.358033,-5.796735],[-35.35965,-5.793633],[-35.360798,-5.792875],[-35.363894,-5.791948],[-35.364195,-5.790586],[-35.36359,-5.790207],[-35.359655,-5.790207],[-35.356855,-5.789223],[-35.355492,-5.789148],[-35.353676,-5.789904],[-35.346563,-5.790056],[-35.344595,-5.789223],[-35.344217,-5.788391],[-35.345274,-5.786518],[-35.34894,-5.785656],[-35.354143,-5.785656],[-35.355936,-5.786017],[-35.362394,-5.785837],[-35.364548,-5.78476],[-35.365444,-5.783146],[-35.365889,-5.780708],[-35.366786,-5.779911],[-35.367833,-5.779769],[-35.369427,-5.780294],[-35.371787,-5.782865],[-35.372622,-5.783241],[-35.375959,-5.783758],[-35.377631,-5.784814],[-35.379677,-5.78473],[-35.380508,-5.784043],[-35.382459,-5.779404],[-35.384119,-5.777423],[-35.386431,-5.775684],[-35.388582,-5.775925],[-35.390257,-5.77688],[-35.391214,-5.778555],[-35.393366,-5.778793],[-35.396715,-5.780708],[-35.399345,-5.781185],[-35.40102,-5.780468],[-35.404848,-5.777838],[-35.410109,-5.773054],[-35.412243,-5.773365],[-35.413918,-5.770735],[-35.413918,-5.767864],[-35.412972,-5.765734],[-35.410073,-5.765979],[-35.401378,-5.764348],[-35.395951,-5.762539],[-35.38992,-5.757564],[-35.386905,-5.754096],[-35.379668,-5.749724],[-35.376261,-5.751408],[-35.375072,-5.755584],[-35.375145,-5.759373],[-35.370321,-5.764499],[-35.361727,-5.76676],[-35.345144,-5.765856],[-35.3266,-5.760881],[-35.321191,-5.757031],[-35.317485,-5.755254],[-35.316854,-5.753466],[-35.315873,-5.753079],[-35.312367,-5.754022],[-35.308429,-5.75268],[-35.30701,-5.748558],[-35.30576,-5.747428],[-35.304866,-5.746943],[-35.304716,-5.747278],[-35.302962,-5.746259],[-35.300552,-5.74624],[-35.300669,-5.745294],[-35.299664,-5.744568],[-35.298896,-5.744905],[-35.298731,-5.74579],[-35.298129,-5.746117],[-35.296932,-5.745903],[-35.296262,-5.74633],[-35.295877,-5.747634],[-35.29301,-5.748503],[-35.281826,-5.757605],[-35.280875,-5.761233],[-35.2812,-5.764214],[-35.280738,-5.765941],[-35.277312,-5.767312],[-35.276055,-5.766512],[-35.27123,-5.760007],[-35.271508,-5.757289],[-35.269989,-5.756831],[-35.26981,-5.756177],[-35.267669,-5.75444],[-35.262577,-5.753583],[-35.261665,-5.753911],[-35.258981,-5.756212],[-35.258124,-5.755052],[-35.255266,-5.753117],[-35.251438,-5.753092],[-35.250475,-5.754045],[-35.246106,-5.754788],[-35.244678,-5.756358],[-35.242465,-5.7575],[-35.237682,-5.757286],[-35.231115,-5.755288],[-35.230687,-5.754788],[-35.231209,-5.752987]]]}},{"type":"Feature","id":397,"properties":{"sigla":"Q1mc","unidade":"Depósitos Marinhos e Continentais Antigos","era":"Cenozóico","periodo":"Neogeno","litotipo_principal":"Sedimento siliciclástico","grupo":"Depósitos Marinhos e Continentais Antigos","fonte":"Folhas João Câmara, Lajes, Natal, Santa Cruz, São José do MIpibu, São José do Campestre - GEOSBG/CPRM (2014)"},"geometry":{"type":"Polygon","coordinates":[[[-35.375979,-5.872],[-35.376995,-5.870984],[-35.380843,-5.86906],[-35.383421,-5.86657],[-35.383027,-5.866277],[-35.381139,-5.86652],[-35.380646,-5.866016],[-35.380554,-5.864999],[-35.379166,-5.86361],[-35.379131,-5.862963],[-35.380746,-5.861969],[-35.383635,-5.86237],[-35.384277,-5.861327],[-35.384165,-5.860832],[-35.382592,-5.860123],[-35.380238,-5.857071],[-35.378252,-5.855255],[-35.374903,-5.852814],[-35.374619,-5.851736],[-35.375073,-5.850544],[-35.37916,-5.850101],[-35.379898,-5.848228],[-35.381884,-5.846809],[-35.383077,-5.846582],[-35.385517,-5.847774],[-35.386198,-5.849192],[-35.386996,-5.849805],[-35.388603,-5.849619],[-35.390148,-5.847827],[-35.391761,-5.848228],[-35.392839,-5.849363],[-35.393804,-5.85328],[-35.394655,-5.853733],[-35.39596,-5.85379],[-35.398115,-5.852501],[-35.400841,-5.851803],[-35.402601,-5.851917],[-35.404815,-5.852882],[-35.40591,-5.852895],[-35.407239,-5.852154],[-35.40795,-5.851257],[-35.40805,-5.847434],[-35.408599,-5.846634],[-35.409559,-5.846227],[-35.415031,-5.84573],[-35.418118,-5.844409],[-35.419466,-5.843177],[-35.420409,-5.84134],[-35.420625,-5.839353],[-35.420332,-5.838493],[-35.41944,-5.837706],[-35.418076,-5.837758],[-35.416239,-5.83949],[-35.411726,-5.841956],[-35.408106,-5.843793],[-35.405797,-5.84437],[-35.40354,-5.844212],[-35.402648,-5.842796],[-35.401074,-5.842166],[-35.400234,-5.842323],[-35.3995,-5.843005],[-35.395407,-5.84311],[-35.392573,-5.844055],[-35.385646,-5.842323],[-35.378865,-5.842377],[-35.377267,-5.842021],[-35.376014,-5.841015],[-35.375898,-5.839996],[-35.378295,-5.837489],[-35.379564,-5.835455],[-35.380332,-5.835499],[-35.380833,-5.836041],[-35.381181,-5.835837],[-35.380832,-5.834999],[-35.381388,-5.833887],[-35.381998,-5.833666],[-35.381248,-5.832499],[-35.381248,-5.831665],[-35.383092,-5.830298],[-35.384998,-5.828054],[-35.385832,-5.828333],[-35.386488,-5.830383],[-35.389254,-5.833157],[-35.391069,-5.832737],[-35.393862,-5.831135],[-35.396248,-5.831249],[-35.398449,-5.82877],[-35.397397,-5.827796],[-35.393747,-5.828385],[-35.391128,-5.827737],[-35.390392,-5.826707],[-35.390304,-5.823852],[-35.389686,-5.822911],[-35.383993,-5.820478],[-35.383031,-5.819155],[-35.381949,-5.818434],[-35.380626,-5.818554],[-35.380025,-5.819275],[-35.380386,-5.820598],[-35.383633,-5.821921],[-35.384234,-5.823244],[-35.383753,-5.824566],[-35.38255,-5.824687],[-35.37762,-5.823003],[-35.375095,-5.82156],[-35.372209,-5.822282],[-35.369443,-5.823845],[-35.367519,-5.826972],[-35.367519,-5.828535],[-35.368721,-5.829497],[-35.370044,-5.829858],[-35.37738,-5.827453],[-35.379905,-5.827453],[-35.380747,-5.828415],[-35.380386,-5.829497],[-35.375215,-5.834067],[-35.372385,-5.838564],[-35.370299,-5.839032],[-35.369462,-5.838399],[-35.36788,-5.83551],[-35.366557,-5.835269],[-35.364873,-5.83551],[-35.362829,-5.836953],[-35.360424,-5.83563],[-35.359582,-5.83563],[-35.359101,-5.836592],[-35.359101,-5.837554],[-35.361025,-5.839358],[-35.366797,-5.841402],[-35.368481,-5.843085],[-35.370525,-5.847535],[-35.370044,-5.849218],[-35.369443,-5.849579],[-35.368,-5.84994],[-35.364633,-5.848016],[-35.363671,-5.846693],[-35.361266,-5.84525],[-35.360424,-5.844168],[-35.357538,-5.842123],[-35.353906,-5.837193],[-35.352944,-5.836712],[-35.34633,-5.835991],[-35.342242,-5.834668],[-35.338634,-5.834427],[-35.337071,-5.835149],[-35.33659,-5.836231],[-35.338514,-5.839839],[-35.338514,-5.841161],[-35.335026,-5.84056],[-35.333944,-5.841522],[-35.333944,-5.843326],[-35.335988,-5.845731],[-35.337071,-5.846212],[-35.341761,-5.845972],[-35.342482,-5.846453],[-35.343685,-5.84982],[-35.344286,-5.850902],[-35.345128,-5.851263],[-35.347653,-5.851263],[-35.350419,-5.849579],[-35.351621,-5.85006],[-35.3509,-5.851503],[-35.349818,-5.851744],[-35.35102,-5.853908],[-35.352102,-5.854389],[-35.356431,-5.853427],[-35.357875,-5.853668],[-35.358356,-5.85451],[-35.356311,-5.856915],[-35.356552,-5.858117],[-35.358957,-5.85956],[-35.357995,-5.862927],[-35.358356,-5.864491],[-35.359318,-5.865092],[-35.360881,-5.865212],[-35.363166,-5.863649],[-35.366172,-5.863048],[-35.367374,-5.862085],[-35.368818,-5.858598],[-35.370381,-5.857877],[-35.372185,-5.857636],[-35.37495,-5.859199],[-35.374469,-5.860763],[-35.372064,-5.861244],[-35.371223,-5.861845],[-35.370381,-5.86401],[-35.367694,-5.865805],[-35.367119,-5.868578],[-35.368001,-5.870432],[-35.37002,-5.871946],[-35.373147,-5.872668],[-35.375979,-5.872]]]}},{"type":"Feature","id":398,"properties":{"sigla":"Q1a","unidade":"Depósitos aluvionares antigos","era":"Cenozóico","periodo":"Neogeno","litotipo_secundario":"Areia, Argila, Cascalho","grupo":"Depósitos aluvionares","fonte":"Folhas João Câmara, Lajes, Natal, Santa Cruz, São José do MIpibu, São José do Campestre - GEOSBG/CPRM (2014)"},"geometry":{"type":"Polygon","coordinates":[[[-35.278391,-5.832878],[-35.276714,-5.835207],[-35.275907,-5.837258],[-35.274164,-5.838467],[-35.275373,-5.838974],[-35.278298,-5.838327],[-35.277426,-5.841561],[-35.275739,-5.843389],[-35.273826,-5.844457],[-35.271605,-5.846482],[-35.266769,-5.848392],[-35.266899,-5.849106],[-35.271314,-5.849106],[-35.274949,-5.847354],[-35.276702,-5.847289],[-35.278973,-5.848911],[-35.278519,-5.850729],[-35.278519,-5.851507],[-35.278844,-5.851573],[-35.280337,-5.84995],[-35.282514,-5.849649],[-35.283082,-5.849178],[-35.284149,-5.841869],[-35.283538,-5.839622],[-35.284086,-5.837332],[-35.283129,-5.836902],[-35.282478,-5.837486],[-35.282175,-5.841019],[-35.280094,-5.847786],[-35.27927,-5.847755],[-35.279094,-5.846402],[-35.278446,-5.845718],[-35.275886,-5.846279],[-35.275444,-5.845955],[-35.278152,-5.843159],[-35.279153,-5.840569],[-35.279491,-5.835066],[-35.278391,-5.832878]]]}},{"type":"Feature","id":399,"properties":{"sigla":"Q2ar","unidade":"Sedimentos Aluvionares","era":"Cenozóico","periodo":"Neogeno","litotipo_principal":"Areia, Areia arcoseana","grupo":"Sedimentos Aluvionares","fonte":"Folhas João Câmara, Lajes, Natal, Santa Cruz, São José do MIpibu, São José do Campestre - GEOSBG/CPRM (2014)"},"geometry":{"type":"Polygon","coordinates":[[[-35.406512,-5.877239],[-35.399011,-5.878013],[-35.393032,-5.879927],[-35.388322,-5.880447],[-35.387744,-5.880671],[-35.386843,-5.882238],[-35.386781,-5.88332],[-35.387614,-5.885071],[-35.389865,-5.888239],[-35.391866,-5.890073],[-35.393283,-5.890573],[-35.400632,-5.890339],[-35.401108,-5.89076],[-35.401163,-5.891666],[-35.400617,-5.892129],[-35.397049,-5.892175],[-35.394533,-5.892907],[-35.391116,-5.892157],[-35.390032,-5.89249],[-35.389949,-5.895075],[-35.390365,-5.897409],[-35.392533,-5.90116],[-35.39345,-5.901994],[-35.39495,-5.902327],[-35.396117,-5.898993],[-35.397118,-5.897992],[-35.401036,-5.898659],[-35.402703,-5.898326],[-35.403453,-5.898743],[-35.40337,-5.899493],[-35.402453,-5.89991],[-35.399035,-5.900077],[-35.397868,-5.900994],[-35.397701,-5.902911],[-35.398285,-5.905745],[-35.398285,-5.908329],[-35.398618,-5.909246],[-35.404787,-5.90933],[-35.405121,-5.910247],[-35.40437,-5.91083],[-35.397034,-5.911247],[-35.395617,-5.911664],[-35.393033,-5.913248],[-35.392366,-5.914082],[-35.392366,-5.914724],[-35.394662,-5.917076],[-35.402085,-5.919345],[-35.404189,-5.918066],[-35.406952,-5.91522],[-35.407901,-5.91489],[-35.410918,-5.915397],[-35.413407,-5.913837],[-35.416704,-5.912856],[-35.421099,-5.913248],[-35.423179,-5.914072],[-35.424395,-5.916544],[-35.424827,-5.919683],[-35.427093,-5.92292],[-35.428686,-5.924036],[-35.428263,-5.925702],[-35.423292,-5.927316],[-35.420432,-5.927804],[-35.417537,-5.927818],[-35.411806,-5.926407],[-35.405977,-5.926159],[-35.404764,-5.926864],[-35.404985,-5.929136],[-35.406101,-5.930252],[-35.41069,-5.932112],[-35.415899,-5.935089],[-35.418007,-5.935833],[-35.421232,-5.935957],[-35.4221,-5.935213],[-35.422216,-5.934227],[-35.423152,-5.932827],[-35.424338,-5.931711],[-35.425803,-5.931083],[-35.429881,-5.930945],[-35.433369,-5.927109],[-35.436229,-5.927178],[-35.438322,-5.928573],[-35.439926,-5.930945],[-35.440973,-5.936108],[-35.441182,-5.940363],[-35.440484,-5.943154],[-35.438601,-5.947688],[-35.43874,-5.948735],[-35.441321,-5.952293],[-35.442368,-5.952781],[-35.445507,-5.952223],[-35.446554,-5.951525],[-35.449205,-5.948595],[-35.449763,-5.946921],[-35.449414,-5.945875],[-35.448437,-5.945456],[-35.446275,-5.946433],[-35.444112,-5.946502],[-35.443275,-5.945107],[-35.444182,-5.942038],[-35.446135,-5.940503],[-35.447321,-5.938829],[-35.448298,-5.935968],[-35.448019,-5.933317],[-35.446344,-5.930318],[-35.446414,-5.928504],[-35.447342,-5.926865],[-35.449701,-5.92545],[-35.45063,-5.925021],[-35.451915,-5.925466],[-35.460346,-5.926004],[-35.467342,-5.925646],[-35.468418,-5.925287],[-35.472364,-5.921699],[-35.475414,-5.921699],[-35.47954,-5.924211],[-35.487433,-5.930848],[-35.488688,-5.931027],[-35.490482,-5.929951],[-35.495505,-5.923672],[-35.498375,-5.921161],[-35.498766,-5.91628],[-35.497771,-5.915185],[-35.494985,-5.914887],[-35.492697,-5.913693],[-35.488916,-5.911603],[-35.487722,-5.910409],[-35.487025,-5.909414],[-35.487324,-5.902748],[-35.487025,-5.902051],[-35.48613,-5.901554],[-35.484936,-5.901554],[-35.482747,-5.902151],[-35.480657,-5.902151],[-35.480359,-5.902748],[-35.480657,-5.904837],[-35.48016,-5.906628],[-35.478956,-5.907947],[-35.472544,-5.907348],[-35.470032,-5.908784],[-35.469315,-5.910577],[-35.469315,-5.913986],[-35.468777,-5.915421],[-35.467521,-5.916318],[-35.464292,-5.917215],[-35.462678,-5.917215],[-35.461422,-5.916676],[-35.460884,-5.916138],[-35.460884,-5.914524],[-35.461781,-5.911833],[-35.465368,-5.908425],[-35.466086,-5.907169],[-35.466086,-5.905555],[-35.465548,-5.904299],[-35.463575,-5.90394],[-35.461422,-5.90412],[-35.459808,-5.904837],[-35.455144,-5.908066],[-35.451018,-5.909322],[-35.449224,-5.909142],[-35.445457,-5.907887],[-35.443663,-5.904478],[-35.442407,-5.904299],[-35.440972,-5.904658],[-35.440434,-5.905555],[-35.440434,-5.907169],[-35.443663,-5.90986],[-35.444381,-5.911295],[-35.444739,-5.914344],[-35.44604,-5.917251],[-35.446163,-5.920498],[-35.445691,-5.921913],[-35.442861,-5.921441],[-35.440974,-5.920026],[-35.439559,-5.91696],[-35.439088,-5.914601],[-35.436965,-5.913658],[-35.431228,-5.914703],[-35.429194,-5.913837],[-35.427171,-5.911325],[-35.42445,-5.910279],[-35.422287,-5.908186],[-35.419915,-5.907418],[-35.41566,-5.905256],[-35.414079,-5.903366],[-35.412166,-5.898104],[-35.411927,-5.89643],[-35.412883,-5.893081],[-35.412644,-5.88782],[-35.410252,-5.883036],[-35.409054,-5.878214],[-35.408084,-5.877527],[-35.406512,-5.877239]]]}},{"type":"Feature","id":400,"properties":{"sigla":"Q1a","unidade":"Depósitos aluvionares antigos","era":"Cenozóico","periodo":"Neogeno","litotipo_secundario":"Areia, Argila, Cascalho","grupo":"Depósitos aluvionares","fonte":"Folhas João Câmara, Lajes, Natal, Santa Cruz, São José do MIpibu, São José do Campestre - GEOSBG/CPRM (2014)"},"geometry":{"type":"Polygon","coordinates":[[[-35.330187,-5.861982],[-35.329611,-5.863258],[-35.322018,-5.865524],[-35.320429,-5.867056],[-35.31987,-5.868822],[-35.320311,-5.870234],[-35.321783,-5.870911],[-35.322842,-5.870764],[-35.327492,-5.867321],[-35.330788,-5.865408],[-35.333055,-5.864701],[-35.334673,-5.86529],[-35.336811,-5.87047],[-35.336906,-5.874065],[-35.334932,-5.876398],[-35.332781,-5.877653],[-35.330989,-5.880637],[-35.330877,-5.882385],[-35.332025,-5.884014],[-35.333845,-5.884939],[-35.336113,-5.884525],[-35.336899,-5.884299],[-35.33888,-5.88178],[-35.34175,-5.881242],[-35.343363,-5.883932],[-35.343723,-5.886444],[-35.343183,-5.890032],[-35.345461,-5.898531],[-35.346062,-5.89881],[-35.346538,-5.899958],[-35.350216,-5.900302],[-35.359066,-5.897429],[-35.360445,-5.896625],[-35.361939,-5.89628],[-35.363204,-5.89651],[-35.364008,-5.897314],[-35.364008,-5.898693],[-35.362972,-5.899727],[-35.3601,-5.900877],[-35.357916,-5.90237],[-35.356308,-5.90551],[-35.356308,-5.90648],[-35.356825,-5.907385],[-35.357601,-5.907708],[-35.360315,-5.907515],[-35.367104,-5.905769],[-35.369173,-5.906286],[-35.369883,-5.90719],[-35.370611,-5.909373],[-35.370029,-5.911554],[-35.36804,-5.914028],[-35.36586,-5.915676],[-35.363144,-5.916887],[-35.361689,-5.918343],[-35.361204,-5.919651],[-35.36156,-5.920275],[-35.3623,-5.918699],[-35.363651,-5.917123],[-35.365999,-5.916512],[-35.36854,-5.914968],[-35.370083,-5.913521],[-35.371016,-5.913263],[-35.372431,-5.911462],[-35.372817,-5.910755],[-35.372688,-5.908664],[-35.371498,-5.908149],[-35.370148,-5.906252],[-35.371305,-5.904644],[-35.371852,-5.902965],[-35.37465,-5.902869],[-35.376291,-5.902354],[-35.37613,-5.899749],[-35.374554,-5.898494],[-35.372753,-5.8956],[-35.371273,-5.894764],[-35.37063,-5.895233],[-35.368732,-5.898739],[-35.367639,-5.902566],[-35.366899,-5.903885],[-35.365581,-5.904882],[-35.360885,-5.906458],[-35.357444,-5.906586],[-35.358634,-5.903724],[-35.359824,-5.903274],[-35.361657,-5.901666],[-35.364616,-5.900315],[-35.366031,-5.898932],[-35.365838,-5.896005],[-35.36899,-5.893754],[-35.369569,-5.892242],[-35.369183,-5.891277],[-35.368797,-5.890698],[-35.366996,-5.890152],[-35.364712,-5.891277],[-35.364101,-5.891213],[-35.363136,-5.889991],[-35.362059,-5.889347],[-35.361576,-5.887675],[-35.36103,-5.887225],[-35.360001,-5.887193],[-35.359454,-5.887804],[-35.359325,-5.888737],[-35.35984,-5.891149],[-35.359775,-5.894429],[-35.359164,-5.895876],[-35.357331,-5.897066],[-35.358135,-5.895458],[-35.358039,-5.893979],[-35.35553,-5.892789],[-35.354822,-5.892918],[-35.351863,-5.897806],[-35.350352,-5.898675],[-35.348808,-5.898803],[-35.348326,-5.895343],[-35.348679,-5.894957],[-35.350127,-5.89486],[-35.351349,-5.893992],[-35.351992,-5.892062],[-35.351124,-5.890229],[-35.350288,-5.889521],[-35.348905,-5.889264],[-35.347875,-5.889714],[-35.347586,-5.891547],[-35.347039,-5.891933],[-35.346364,-5.891805],[-35.345142,-5.88846],[-35.345077,-5.887527],[-35.345914,-5.885533],[-35.346846,-5.884954],[-35.348261,-5.885147],[-35.350931,-5.888524],[-35.351638,-5.888782],[-35.356463,-5.888846],[-35.357331,-5.887463],[-35.357363,-5.886209],[-35.356559,-5.8846],[-35.356752,-5.882767],[-35.356334,-5.882188],[-35.355594,-5.881609],[-35.352893,-5.880934],[-35.351027,-5.882381],[-35.350673,-5.882285],[-35.351059,-5.880355],[-35.35077,-5.879422],[-35.350159,-5.879036],[-35.347296,-5.879487],[-35.346074,-5.87865],[-35.346621,-5.874759],[-35.347329,-5.874321],[-35.35003,-5.874],[-35.351059,-5.872874],[-35.35122,-5.871813],[-35.350802,-5.870269],[-35.349644,-5.869368],[-35.347136,-5.868918],[-35.345495,-5.868146],[-35.344659,-5.864448],[-35.34408,-5.863418],[-35.340768,-5.860299],[-35.339095,-5.859881],[-35.338773,-5.860852],[-35.33932,-5.863232],[-35.341314,-5.866931],[-35.341121,-5.87728],[-35.340768,-5.878149],[-35.339706,-5.879017],[-35.336361,-5.881108],[-35.335171,-5.881236],[-35.334206,-5.880754],[-35.333917,-5.879853],[-35.334689,-5.877956],[-35.337368,-5.877364],[-35.339105,-5.874855],[-35.339491,-5.873279],[-35.338827,-5.86773],[-35.337651,-5.86732],[-35.336945,-5.866417],[-35.336866,-5.863003],[-35.335884,-5.860806],[-35.335606,-5.857506],[-35.334111,-5.856803],[-35.333272,-5.856893],[-35.332932,-5.858594],[-35.33173,-5.860952],[-35.330743,-5.861919],[-35.330187,-5.861982]]]}},{"type":"Feature","id":401,"properties":{"sigla":"Q2ar","unidade":"Sedimentos Aluvionares","era":"Cenozóico","periodo":"Neogeno","litotipo_principal":"Areia, Areia arcoseana","grupo":"Sedimentos Aluvionares","fonte":"Folhas João Câmara, Lajes, Natal, Santa Cruz, São José do MIpibu, São José do Campestre - GEOSBG/CPRM (2014)"},"geometry":{"type":"Polygon","coordinates":[[[-35.432678,-5.756015],[-35.429109,-5.761815],[-35.4248,-5.763493],[-35.427375,-5.764762],[-35.428317,-5.767453],[-35.428586,-5.769739],[-35.432488,-5.769606],[-35.433294,-5.768125],[-35.432756,-5.764896],[-35.433159,-5.76261],[-35.43561,-5.760206],[-35.437546,-5.760322],[-35.438399,-5.760865],[-35.440172,-5.763798],[-35.442564,-5.765232],[-35.445195,-5.764755],[-35.447854,-5.76222],[-35.450255,-5.762763],[-35.450696,-5.76332],[-35.450696,-5.765233],[-35.449261,-5.770734],[-35.4495,-5.77504],[-35.450023,-5.775352],[-35.451412,-5.775278],[-35.454159,-5.773906],[-35.464329,-5.762602],[-35.466242,-5.761885],[-35.469591,-5.761885],[-35.473657,-5.764755],[-35.473981,-5.765469],[-35.47541,-5.766494],[-35.479134,-5.767849],[-35.477708,-5.766566],[-35.475923,-5.762818],[-35.468128,-5.759095],[-35.462512,-5.757858],[-35.459657,-5.757953],[-35.457182,-5.760808],[-35.452614,-5.760903],[-35.44573,-5.757015],[-35.439733,-5.754802],[-35.436378,-5.752589],[-35.433499,-5.752958],[-35.432678,-5.756015]]]}},{"type":"Feature","id":402,"properties":{"sigla":"Q2da","unidade":"Depósitos arenosos e areno-argilosos","era":"Cenozóico","periodo":"Neogeno","litotipo_principal":"Areia, Argila","grupo":"Depósitos arenosos e areno-argilosos","fonte":"Folhas João Câmara, Lajes, Natal, Santa Cruz, São José do MIpibu, São José do Campestre - GEOSBG/CPRM (2014)"},"geometry":{"type":"Polygon","coordinates":[[[-35.463579,-6.008879],[-35.464608,-6.009605],[-35.463948,-6.01048],[-35.46429,-6.010797],[-35.463962,-6.01224],[-35.463103,-6.012444],[-35.462591,-6.013547],[-35.461597,-6.013376],[-35.460697,-6.013726],[-35.460301,-6.014961],[-35.459309,-6.016235],[-35.458683,-6.018809],[-35.460183,-6.018266],[-35.461891,-6.018975],[-35.462474,-6.018987],[-35.4634,-6.018232],[-35.4644,-6.018754],[-35.465988,-6.018722],[-35.465756,-6.0201],[-35.466516,-6.020615],[-35.469628,-6.019856],[-35.470408,-6.020569],[-35.470742,-6.019332],[-35.471647,-6.019087],[-35.472351,-6.021358],[-35.473239,-6.020791],[-35.474209,-6.020786],[-35.47513,-6.02141],[-35.476863,-6.020341],[-35.478351,-6.020453],[-35.479516,-6.02182],[-35.480511,-6.021502],[-35.482915,-6.025132],[-35.486266,-6.027173],[-35.486155,-6.027876],[-35.484919,-6.028486],[-35.485167,-6.03029],[-35.488036,-6.029974],[-35.488785,-6.029301],[-35.490136,-6.026951],[-35.49044,-6.025563],[-35.490146,-6.023914],[-35.488987,-6.021313],[-35.488759,-6.018468],[-35.488948,-6.017846],[-35.49233,-6.015702],[-35.493415,-6.012756],[-35.492799,-6.008717],[-35.491287,-6.006955],[-35.489611,-6.006125],[-35.486191,-6.005256],[-35.484465,-6.003853],[-35.482673,-6.003742],[-35.480096,-6.004232],[-35.478141,-6.005078],[-35.472501,-6.009175],[-35.467768,-6.010125],[-35.466477,-6.010016],[-35.464075,-6.00809],[-35.460007,-6.006203],[-35.455968,-6.006162],[-35.463579,-6.008879]],[[-35.483866,-6.008758],[-35.486118,-6.011159],[-35.486018,-6.01166],[-35.484667,-6.01231],[-35.483816,-6.010809],[-35.483866,-6.008758]]]}},{"type":"Feature","id":403,"properties":{"sigla":"A34sc2","unidade":"Serra Caiada, paragnaisse","era":"Mesoarqueano","litotipo_principal":"Biotita gnaisse, Gnaisse quartzo-feldspático, Granada gnaisse","litotipo_secundario":"Anfibolito","grupo":"Complexo Serra Caiada","fonte":"Folhas João Câmara, Lajes, Natal, Santa Cruz, São José do MIpibu, São José do Campestre - GEOSBG/CPRM (2014)"},"geometry":{"type":"Polygon","coordinates":[[[-35.843292,-6.063858],[-35.841712,-6.06361],[-35.84159,-6.064401],[-35.842399,-6.065136],[-35.846831,-6.066101],[-35.849133,-6.06769],[-35.851057,-6.067897],[-35.851868,-6.068876],[-35.851804,-6.070605],[-35.850713,-6.074146],[-35.850717,-6.07595],[-35.851767,-6.077267],[-35.854314,-6.078778],[-35.855114,-6.08087],[-35.854189,-6.085258],[-35.852023,-6.091052],[-35.857949,-6.084926],[-35.858861,-6.082771],[-35.858454,-6.07965],[-35.854848,-6.076201],[-35.853968,-6.074876],[-35.854265,-6.072918],[-35.855846,-6.068868],[-35.85586,-6.067366],[-35.854272,-6.064975],[-35.852097,-6.063645],[-35.848791,-6.063275],[-35.843292,-6.063858]]]}},{"type":"Feature","id":404,"properties":{"sigla":"A3_mu_p1","unidade":"Riacho da Telhas, piroxenito","era":"Mesoarqueano","litotipo_principal":"Piroxenito","litotipo_secundario":"Gabro, Gabronorito","grupo":"Complexo Riacho das Telhas","fonte":"Folhas João Câmara, Lajes, Natal, Santa Cruz, São José do MIpibu, São José do Campestre - GEOSBG/CPRM (2014)"},"geometry":{"type":"Polygon","coordinates":[[[-35.664872,-6.065558],[-35.663671,-6.067037],[-35.663016,-6.068999],[-35.662838,-6.071577],[-35.663565,-6.073141],[-35.665945,-6.07331],[-35.667679,-6.071504],[-35.669571,-6.070886],[-35.670678,-6.07112],[-35.672058,-6.072327],[-35.674086,-6.072322],[-35.68433,-6.066881],[-35.69092,-6.061753],[-35.691605,-6.060895],[-35.691605,-6.059799],[-35.690979,-6.05858],[-35.689061,-6.056759],[-35.687717,-6.056263],[-35.680006,-6.059953],[-35.66985,-6.06308],[-35.664872,-6.065558]]]}},{"type":"Feature","id":405,"properties":{"sigla":"A3_mu_p1","unidade":"Riacho da Telhas, piroxenito","era":"Mesoarqueano","litotipo_principal":"Piroxenito","litotipo_secundario":"Gabro, Gabronorito","grupo":"Complexo Riacho das Telhas","fonte":"Folhas João Câmara, Lajes, Natal, Santa Cruz, São José do MIpibu, São José do Campestre - GEOSBG/CPRM (2014)"},"geometry":{"type":"Polygon","coordinates":[[[-35.687512,-6.043983],[-35.671455,-6.057097],[-35.670528,-6.058426],[-35.670327,-6.059775],[-35.670973,-6.060076],[-35.671798,-6.05984],[-35.674921,-6.058066],[-35.688075,-6.048318],[-35.690093,-6.046195],[-35.690715,-6.043853],[-35.689901,-6.043461],[-35.687512,-6.043983]]]}},{"type":"Feature","id":406,"properties":{"sigla":"NP3_gamma_2it","unidade":"Itaporanga","era":"Neoproterozóico","periodo":"Ediacarano","litotipo_principal":"Biotita granito porfirítico","litotipo_secundario":"Diorito, Granito, Granodiorito, Monzonito","grupo":"Suíte Intrusiva Itaporanga","fonte":"Folhas João Câmara, Lajes, Natal, Santa Cruz, São José do MIpibu, São José do Campestre - GEOSBG/CPRM (2014)"},"geometry":{"type":"Polygon","coordinates":[[[-35.717594,-6.032659],[-35.721149,-6.03188],[-35.725925,-6.029428],[-35.727662,-6.028125],[-35.728416,-6.026772],[-35.729003,-6.023675],[-35.728399,-6.021321],[-35.724027,-6.015618],[-35.722961,-6.014983],[-35.719247,-6.014802],[-35.716499,-6.015949],[-35.71437,-6.017889],[-35.712178,-6.021765],[-35.711638,-6.027117],[-35.712108,-6.029053],[-35.713112,-6.030498],[-35.714613,-6.031723],[-35.716169,-6.032513],[-35.717594,-6.032659]]]}},{"type":"Feature","id":407,"properties":{"sigla":"A2gt","unidade":"Gnaisse Teixeira","era":"Paleoarqueano","litotipo_secundario":"Paragnaisse, Granada gnaisse","grupo":"Gnaisse Teixeira","fonte":"Folhas João Câmara, Lajes, Natal, Santa Cruz, São José do MIpibu, São José do Campestre - GEOSBG/CPRM (2014)"},"geometry":{"type":"Polygon","coordinates":[[[-35.718053,-6.009895],[-35.710142,-6.01708],[-35.709612,-6.018957],[-35.707278,-6.020492],[-35.706717,-6.024812],[-35.704829,-6.027331],[-35.706451,-6.035551],[-35.707725,-6.037961],[-35.707731,-6.041221],[-35.717564,-6.03266],[-35.716169,-6.032513],[-35.714613,-6.031723],[-35.713112,-6.030498],[-35.712108,-6.029053],[-35.711638,-6.027117],[-35.712178,-6.021765],[-35.714216,-6.018101],[-35.715995,-6.016293],[-35.718803,-6.014893],[-35.721756,-6.014784],[-35.724327,-6.011043],[-35.725753,-6.00797],[-35.72595,-6.005414],[-35.725646,-6.004484],[-35.724742,-6.003887],[-35.723302,-6.004255],[-35.718053,-6.009895]]]}},{"type":"Feature","id":408,"properties":{"sigla":"NP3_gamma_3di","unidade":"Dona Inês","era":"Neoproterozóico","periodo":"Ediacarano","litotipo_secundario":"Sienogranito, Monzogranito, Leucogranito, Biotita leucogranito","grupo":"Suíte Intrusiva Dona Inês","fonte":"Folhas João Câmara, Lajes, Natal, Santa Cruz, São José do MIpibu, São José do Campestre - GEOSBG/CPRM (2014)"},"geometry":{"type":"Polygon","coordinates":[[[-35.833614,-6.169021],[-35.834738,-6.168568],[-35.835392,-6.168893],[-35.836391,-6.168681],[-35.838652,-6.167543],[-35.842619,-6.164203],[-35.845232,-6.159968],[-35.84554,-6.158354],[-35.845168,-6.154234],[-35.846401,-6.147698],[-35.845994,-6.146776],[-35.844965,-6.145971],[-35.843362,-6.145621],[-35.841718,-6.146035],[-35.836675,-6.148859],[-35.834113,-6.151793],[-35.832285,-6.155581],[-35.829354,-6.160045],[-35.828439,-6.162949],[-35.829009,-6.167529],[-35.830268,-6.168841],[-35.833614,-6.169021]]]}},{"type":"Feature","id":409,"properties":{"sigla":"A3_gamma_es","unidade":"Senador Elói de Souza","era":"Mesoarqueano","litotipo_secundario":"Anfibolito, Metagabro, Metanorito, Metanortosito, Ortognaisse","grupo":"Complexo Senador Elói de Souza","fonte":"Folhas João Câmara, Lajes, Natal, Santa Cruz, São José do MIpibu, São José do Campestre - GEOSBG/CPRM (2014)"},"geometry":{"type":"Polygon","coordinates":[[[-35.794778,-6.031484],[-35.790963,-6.033598],[-35.789152,-6.035412],[-35.788415,-6.03884],[-35.788809,-6.040234],[-35.78972,-6.041228],[-35.790926,-6.041788],[-35.794493,-6.041818],[-35.806028,-6.044011],[-35.813371,-6.044696],[-35.827212,-6.04335],[-35.839069,-6.042803],[-35.844837,-6.041722],[-35.851413,-6.039802],[-35.85647,-6.037588],[-35.858667,-6.035589],[-35.859286,-6.03337],[-35.858865,-6.0321],[-35.857399,-6.030987],[-35.852858,-6.030635],[-35.8465,-6.031684],[-35.840393,-6.033772],[-35.827155,-6.037445],[-35.812481,-6.039911],[-35.802563,-6.040513],[-35.797644,-6.039428],[-35.796954,-6.038563],[-35.797211,-6.0372],[-35.80081,-6.033501],[-35.801201,-6.032158],[-35.801022,-6.03118],[-35.799573,-6.030634],[-35.794778,-6.031484]]]}},{"type":"Feature","id":410,"properties":{"sigla":"A34sc2","unidade":"Serra Caiada, paragnaisse","era":"Mesoarqueano","litotipo_principal":"Biotita gnaisse, Gnaisse quartzo-feldspático, Granada gnaisse","litotipo_secundario":"Anfibolito","grupo":"Complexo Serra Caiada","fonte":"Folhas João Câmara, Lajes, Natal, Santa Cruz, São José do MIpibu, São José do Campestre - GEOSBG/CPRM (2014)"},"geometry":{"type":"Polygon","coordinates":[[[-35.759387,-6.080157],[-35.763729,-6.078516],[-35.771267,-6.073442],[-35.779378,-6.069832],[-35.788314,-6.067278],[-35.794098,-6.064898],[-35.797634,-6.064144],[-35.800216,-6.063083],[-35.801326,-6.0619],[-35.80133,-6.061079],[-35.800834,-6.060312],[-35.799765,-6.0601],[-35.791819,-6.0607],[-35.774208,-6.066819],[-35.761374,-6.073695],[-35.760026,-6.075365],[-35.759087,-6.077542],[-35.758739,-6.07961],[-35.759387,-6.080157]]]}},{"type":"Feature","id":411,"properties":{"sigla":"A3_gamma_es","unidade":"Senador Elói de Souza","era":"Mesoarqueano","litotipo_secundario":"Anfibolito, Metagabro, Metanorito, Metanortosito, Ortognaisse","grupo":"Complexo Senador Elói de Souza","fonte":"Folhas João Câmara, Lajes, Natal, Santa Cruz, São José do MIpibu, São José do Campestre - GEOSBG/CPRM (2014)"},"geometry":{"type":"Polygon","coordinates":[[[-35.673761,-6.037609],[-35.676231,-6.039418],[-35.67632,-6.040357],[-35.675712,-6.04111],[-35.674224,-6.042058],[-35.672944,-6.042356],[-35.670553,-6.041976],[-35.669964,-6.041473],[-35.669764,-6.040627],[-35.668132,-6.041592],[-35.653146,-6.05364],[-35.647688,-6.059511],[-35.645348,-6.062621],[-35.644145,-6.065103],[-35.644367,-6.068531],[-35.64572,-6.070366],[-35.648112,-6.071348],[-35.652081,-6.070904],[-35.662373,-6.063143],[-35.661258,-6.062785],[-35.661023,-6.061585],[-35.661813,-6.059096],[-35.66267,-6.057967],[-35.674127,-6.049772],[-35.689831,-6.036168],[-35.688489,-6.035126],[-35.688423,-6.032882],[-35.692827,-6.025579],[-35.693495,-6.023799],[-35.693331,-6.022043],[-35.691993,-6.019153],[-35.691478,-6.018752],[-35.690112,-6.021604],[-35.688097,-6.024283],[-35.673761,-6.037609]]]}},{"type":"Feature","id":412,"properties":{"sigla":"A34sc2","unidade":"Serra Caiada, paragnaisse","era":"Mesoarqueano","litotipo_principal":"Biotita gnaisse, Gnaisse quartzo-feldspático, Granada gnaisse","litotipo_secundario":"Anfibolito","grupo":"Complexo Serra Caiada","fonte":"Folhas João Câmara, Lajes, Natal, Santa Cruz, São José do MIpibu, São José do Campestre - GEOSBG/CPRM (2014)"},"geometry":{"type":"Polygon","coordinates":[[[-35.768168,-6.129005],[-35.768215,-6.129575],[-35.770809,-6.132302],[-35.772258,-6.132766],[-35.781153,-6.131482],[-35.79075,-6.132415],[-35.795503,-6.132079],[-35.804139,-6.132328],[-35.81302,-6.130721],[-35.816437,-6.128841],[-35.818517,-6.128255],[-35.821516,-6.128099],[-35.824729,-6.128628],[-35.825515,-6.129173],[-35.825945,-6.130144],[-35.825773,-6.133221],[-35.820311,-6.138856],[-35.818342,-6.14311],[-35.818063,-6.146668],[-35.818875,-6.149419],[-35.818837,-6.151075],[-35.819446,-6.151298],[-35.820452,-6.150799],[-35.820076,-6.147155],[-35.82172,-6.143449],[-35.825432,-6.138409],[-35.827612,-6.134373],[-35.829963,-6.132561],[-35.833324,-6.131005],[-35.834054,-6.129486],[-35.834305,-6.127554],[-35.833886,-6.125569],[-35.832881,-6.124582],[-35.828655,-6.123461],[-35.825668,-6.12317],[-35.821464,-6.123897],[-35.815439,-6.126103],[-35.809683,-6.127074],[-35.799348,-6.127457],[-35.785009,-6.126359],[-35.782107,-6.126734],[-35.77774,-6.128354],[-35.771381,-6.12803],[-35.768168,-6.129005]]]}},{"type":"Feature","id":413,"properties":{"sigla":"E3_beta_m","unidade":"Basalto Macau","era":"Cenozóico","periodo":"Paleogeno","litotipo_secundario":"Basalto, Basanito","grupo":"Basalto Macau","fonte":"Folhas João Câmara, Lajes, Natal, Santa Cruz, São José do MIpibu, São José do Campestre - GEOSBG/CPRM (2014)"},"geometry":{"type":"Polygon","coordinates":[[[-35.778253,-6.015943],[-35.780313,-6.015267],[-35.781622,-6.013607],[-35.782023,-6.012358],[-35.781505,-6.008658],[-35.780569,-6.007408],[-35.779263,-6.006812],[-35.777439,-6.007044],[-35.775794,-6.007934],[-35.774649,-6.009223],[-35.774149,-6.010907],[-35.774269,-6.012723],[-35.774976,-6.014265],[-35.776548,-6.015504],[-35.778253,-6.015943]]]}},{"type":"Feature","id":414,"properties":{"sigla":"N23c","unidade":"Depósitos colúvio-eluviais","era":"Cenozóico","periodo":"Neogeno","litotipo_secundario":"Areia, Argila, Cascalho","grupo":"Depósitos colúvio-eluviais","fonte":"Folhas João Câmara, Lajes, Natal, Santa Cruz, São José do MIpibu, São José do Campestre - GEOSBG/CPRM (2014)"},"geometry":{"type":"Polygon","coordinates":[[[-35.705567,-6.083071],[-35.705892,-6.084901],[-35.707091,-6.086519],[-35.708159,-6.087138],[-35.709132,-6.086552],[-35.709452,-6.086729],[-35.710871,-6.091049],[-35.717736,-6.089209],[-35.720066,-6.085851],[-35.720521,-6.083715],[-35.724727,-6.08297],[-35.726014,-6.081253],[-35.725867,-6.080629],[-35.724878,-6.079773],[-35.724916,-6.078762],[-35.7239,-6.078041],[-35.724172,-6.075691],[-35.72371,-6.073759],[-35.721115,-6.072416],[-35.720288,-6.070801],[-35.720286,-6.068804],[-35.717825,-6.067435],[-35.71826,-6.065844],[-35.717611,-6.06412],[-35.717774,-6.062102],[-35.717189,-6.061454],[-35.71576,-6.061465],[-35.715314,-6.061056],[-35.71544,-6.059429],[-35.716892,-6.056596],[-35.717263,-6.054523],[-35.716946,-6.053455],[-35.715794,-6.053077],[-35.71535,-6.052501],[-35.715344,-6.049734],[-35.714162,-6.049455],[-35.713774,-6.048991],[-35.713686,-6.047883],[-35.714649,-6.046327],[-35.714468,-6.04556],[-35.713762,-6.045254],[-35.709549,-6.045261],[-35.707361,-6.047],[-35.705878,-6.046547],[-35.704831,-6.046857],[-35.704112,-6.05086],[-35.702451,-6.052531],[-35.701924,-6.053617],[-35.701902,-6.055021],[-35.702424,-6.05617],[-35.70618,-6.059572],[-35.706909,-6.063051],[-35.705344,-6.071661],[-35.707701,-6.074085],[-35.70842,-6.076423],[-35.705966,-6.080483],[-35.705567,-6.083071]]]}},{"type":"Feature","id":415,"properties":{"sigla":"A34sc2","unidade":"Serra Caiada, paragnaisse","era":"Mesoarqueano","litotipo_principal":"Biotita gnaisse, Gnaisse quartzo-feldspático, Granada gnaisse","litotipo_secundario":"Anfibolito","grupo":"Complexo Serra Caiada","fonte":"Folhas João Câmara, Lajes, Natal, Santa Cruz, São José do MIpibu, São José do Campestre - GEOSBG/CPRM (2014)"},"geometry":{"type":"Polygon","coordinates":[[[-35.883342,-6.059563],[-35.886508,-6.069324],[-35.892207,-6.082677],[-35.893152,-6.087947],[-35.893285,-6.09276],[-35.893972,-6.097601],[-35.896125,-6.104231],[-35.897694,-6.110684],[-35.899871,-6.115784],[-35.900914,-6.119697],[-35.901049,-6.125954],[-35.900335,-6.13067],[-35.899073,-6.134481],[-35.894807,-6.143879],[-35.89161,-6.157164],[-35.892156,-6.156675],[-35.895053,-6.158024],[-35.898397,-6.154246],[-35.89957,-6.153829],[-35.900587,-6.154759],[-35.902346,-6.153964],[-35.902984,-6.154311],[-35.904221,-6.154015],[-35.90483,-6.15444],[-35.910487,-6.136264],[-35.911713,-6.130273],[-35.912041,-6.124898],[-35.910665,-6.11783],[-35.908251,-6.111146],[-35.904084,-6.105086],[-35.902777,-6.102209],[-35.897187,-6.083306],[-35.895811,-6.075902],[-35.894008,-6.07287],[-35.891596,-6.065032],[-35.890541,-6.059454],[-35.887978,-6.052972],[-35.88029,-6.036239],[-35.877124,-6.031867],[-35.874712,-6.031114],[-35.871999,-6.032772],[-35.87215,-6.036842],[-35.883342,-6.059563]]]}},{"type":"Feature","id":416,"properties":{"sigla":"A34sc1","unidade":"Serra Caiada, migmatito","era":"Mesoarqueano","litotipo_secundario":"Anfibolito, Migmatito","grupo":"Complexo Serra Caiada","fonte":"Folhas João Câmara, Lajes, Natal, Santa Cruz, São José do MIpibu, São José do Campestre - GEOSBG/CPRM (2014)"},"geometry":{"type":"MultiPolygon","coordinates":[[[[-35.752161,-6.171519],[-35.753722,-6.171285],[-35.754563,-6.171575],[-35.756767,-6.173361],[-35.756129,-6.171737],[-35.754673,-6.170229],[-35.752594,-6.16998],[-35.752885,-6.170512],[-35.752161,-6.171519]]],[[[-35.889376,-6.159145],[-35.89161,-6.157164],[-35.894711,-6.144173],[-35.898084,-6.136474],[-35.890129,-6.146245],[-35.88022,-6.157362],[-35.889376,-6.159145]]]]}},{"type":"Feature","id":417,"properties":{"sigla":"A3_mu_p1","unidade":"Riacho da Telhas, piroxenito","era":"Mesoarqueano","litotipo_principal":"Piroxenito","litotipo_secundario":"Gabro, Gabronorito","grupo":"Complexo Riacho das Telhas","fonte":"Folhas João Câmara, Lajes, Natal, Santa Cruz, São José do MIpibu, São José do Campestre - GEOSBG/CPRM (2014)"},"geometry":{"type":"MultiPolygon","coordinates":[[[[-35.846009,-6.164741],[-35.843028,-6.167504],[-35.845522,-6.166182],[-35.846009,-6.164741]]],[[[-35.849522,-6.161554],[-35.851628,-6.161203],[-35.850477,-6.160705],[-35.849522,-6.161554]]]]}},{"type":"Feature","id":418,"properties":{"sigla":"A3_delta_esa","unidade":"Senador Elói de Souza, anfibolito-granulito","era":"Mesoarqueano","litotipo_secundario":"Granulito félsico, Granulito máfico, Hornblenda gnaisse, Rocha calcissilicática","grupo":"Complexo Senador Elói de Souza","fonte":"Folhas João Câmara, Lajes, Natal, Santa Cruz, São José do MIpibu, São José do Campestre - GEOSBG/CPRM (2014)"},"geometry":{"type":"Polygon","coordinates":[[[-35.662626,-6.062959],[-35.671013,-6.057446],[-35.692419,-6.039848],[-35.691239,-6.037106],[-35.689831,-6.036168],[-35.674127,-6.049772],[-35.662846,-6.057804],[-35.661842,-6.059032],[-35.661023,-6.061585],[-35.661329,-6.062858],[-35.662626,-6.062959]]]}},{"type":"Feature","id":419,"properties":{"sigla":"A3_mu_p1","unidade":"Riacho da Telhas, piroxenito","era":"Mesoarqueano","litotipo_principal":"Piroxenito","litotipo_secundario":"Gabro, Gabronorito","grupo":"Complexo Riacho das Telhas","fonte":"Folhas João Câmara, Lajes, Natal, Santa Cruz, São José do MIpibu, São José do Campestre - GEOSBG/CPRM (2014)"},"geometry":{"type":"Polygon","coordinates":[[[-35.916351,-6.158453],[-35.919827,-6.161086],[-35.919053,-6.157153],[-35.917719,-6.154586],[-35.917425,-6.155128],[-35.916098,-6.155775],[-35.915909,-6.15764],[-35.916351,-6.158453]]]}},{"type":"Feature","id":420,"properties":{"sigla":"A34sc2","unidade":"Serra Caiada, paragnaisse","era":"Mesoarqueano","litotipo_principal":"Biotita gnaisse, Gnaisse quartzo-feldspático, Granada gnaisse","litotipo_secundario":"Anfibolito","grupo":"Complexo Serra Caiada","fonte":"Folhas João Câmara, Lajes, Natal, Santa Cruz, São José do MIpibu, São José do Campestre - GEOSBG/CPRM (2014)"},"geometry":{"type":"Polygon","coordinates":[[[-35.764076,-6.179968],[-35.767012,-6.183238],[-35.768982,-6.183018],[-35.767922,-6.180572],[-35.76593,-6.177492],[-35.764076,-6.179968]]]}},{"type":"Feature","id":421,"properties":{"sigla":"A23j","unidade":"Presidente Juscelino","era":"Paleoarqueano","litotipo_secundario":"Migmatito estromático, Metagabronorito, Metatonalito, Metatrondhjemito","grupo":"Complexo Presidente Juscelino","fonte":"Folhas João Câmara, Lajes, Natal, Santa Cruz, São José do MIpibu, São José do Campestre - GEOSBG/CPRM (2014)"},"geometry":{"type":"Polygon","coordinates":[[[-35.819662,-5.732781],[-35.822335,-5.738126],[-35.835734,-5.777021],[-35.840904,-5.790837],[-35.843043,-5.800107],[-35.843756,-5.808843],[-35.845539,-5.819005],[-35.84621,-5.83444],[-35.849283,-5.851451],[-35.850531,-5.860276],[-35.850709,-5.866159],[-35.84964,-5.879529],[-35.848926,-5.88363],[-35.849461,-5.89397],[-35.848171,-5.89899],[-35.845879,-5.903431],[-35.843444,-5.907012],[-35.839576,-5.91088],[-35.832986,-5.914604],[-35.8274,-5.924202],[-35.824535,-5.927497],[-35.817074,-5.930317],[-35.815946,-5.933765],[-35.816668,-5.934909],[-35.817815,-5.93519],[-35.820381,-5.932595],[-35.822809,-5.931292],[-35.82626,-5.933713],[-35.827825,-5.931553],[-35.827234,-5.928113],[-35.82766,-5.927394],[-35.831087,-5.925225],[-35.832939,-5.923207],[-35.834944,-5.923054],[-35.839117,-5.926618],[-35.838135,-5.930783],[-35.838789,-5.932496],[-35.839653,-5.933352],[-35.842668,-5.934628],[-35.843246,-5.935629],[-35.842967,-5.937065],[-35.842539,-5.937354],[-35.838525,-5.936801],[-35.837953,-5.937091],[-35.838101,-5.93795],[-35.839248,-5.938231],[-35.83908,-5.940312],[-35.841806,-5.941159],[-35.841245,-5.943457],[-35.841537,-5.944459],[-35.844544,-5.9443],[-35.845704,-5.94702],[-35.846708,-5.947158],[-35.847431,-5.948588],[-35.848291,-5.948584],[-35.849288,-5.947431],[-35.850003,-5.947284],[-35.850723,-5.947854],[-35.855454,-5.94869],[-35.85732,-5.949398],[-35.858042,-5.950542],[-35.858904,-5.950967],[-35.859202,-5.953118],[-35.859775,-5.953115],[-35.861486,-5.951528],[-35.86217,-5.95217],[-35.862321,-5.953747],[-35.862628,-5.953848],[-35.860445,-5.958064],[-35.860449,-5.958925],[-35.860595,-5.959498],[-35.862597,-5.95877],[-35.863603,-5.959339],[-35.864922,-5.965069],[-35.86408,-5.968516],[-35.860212,-5.968536],[-35.860209,-5.967819],[-35.85748,-5.966542],[-35.857196,-5.967118],[-35.857535,-5.968159],[-35.855994,-5.969264],[-35.856458,-5.970093],[-35.858431,-5.970741],[-35.859895,-5.972796],[-35.859848,-5.975744],[-35.860803,-5.97886],[-35.861377,-5.979096],[-35.862146,-5.977654],[-35.862801,-5.977272],[-35.863811,-5.977315],[-35.864542,-5.977893],[-35.863992,-5.981392],[-35.861525,-5.982731],[-35.861043,-5.984336],[-35.860406,-5.98503],[-35.858212,-5.985301],[-35.855994,-5.984333],[-35.853959,-5.985064],[-35.853022,-5.984887],[-35.852588,-5.984044],[-35.853152,-5.981836],[-35.85114,-5.979468],[-35.851298,-5.97887],[-35.85274,-5.977898],[-35.852008,-5.976879],[-35.851915,-5.975905],[-35.851153,-5.975755],[-35.848887,-5.976377],[-35.847665,-5.976128],[-35.845861,-5.974821],[-35.844835,-5.973063],[-35.843503,-5.97306],[-35.842868,-5.972556],[-35.842403,-5.969072],[-35.841257,-5.969192],[-35.839552,-5.968491],[-35.838327,-5.969192],[-35.838327,-5.971211],[-35.842454,-5.975315],[-35.849771,-5.985665],[-35.85102,-5.988878],[-35.852627,-5.996373],[-35.852627,-6.000478],[-35.849236,-6.006724],[-35.844774,-6.011542],[-35.843525,-6.014219],[-35.843704,-6.016182],[-35.844774,-6.018502],[-35.846916,-6.018502],[-35.851913,-6.016539],[-35.861014,-6.014754],[-35.868153,-6.014397],[-35.872257,-6.01529],[-35.876719,-6.01761],[-35.882429,-6.02332],[-35.885463,-6.026711],[-35.88846,-6.032521],[-35.890693,-6.03797],[-35.892301,-6.043419],[-35.89239,-6.060303],[-35.897027,-6.082691],[-35.903059,-6.10299],[-35.904796,-6.106224],[-35.908167,-6.110972],[-35.910089,-6.116044],[-35.91205,-6.124963],[-35.911713,-6.130273],[-35.910487,-6.136264],[-35.90483,-6.15444],[-35.906153,-6.154028],[-35.906865,-6.153046],[-35.908519,-6.152853],[-35.910976,-6.150274],[-35.915659,-6.151558],[-35.916414,-6.153351],[-35.917821,-6.154399],[-35.918744,-6.156285],[-35.919827,-6.161086],[-35.920825,-6.162361],[-35.922336,-6.161821],[-35.923251,-6.162331],[-35.92318,-6.164104],[-35.921952,-6.167003],[-35.922795,-6.170164],[-35.923234,-6.170432],[-35.922815,-6.167085],[-35.923633,-6.161582],[-35.930073,-6.151385],[-35.931075,-6.148097],[-35.931244,-6.144497],[-35.929532,-6.136731],[-35.922346,-6.115067],[-35.921322,-6.109477],[-35.920858,-6.103604],[-35.916296,-6.087325],[-35.915018,-6.076756],[-35.91496,-6.059747],[-35.915909,-6.051638],[-35.918002,-6.043737],[-35.924124,-6.026986],[-35.927857,-6.020067],[-35.929604,-6.015123],[-35.93031,-6.010064],[-35.93041,-6.001299],[-35.931321,-5.995051],[-35.930852,-5.9927],[-35.929635,-5.990646],[-35.916383,-5.979156],[-35.915141,-5.976872],[-35.915263,-5.974656],[-35.916605,-5.97391],[-35.91947,-5.974031],[-35.923792,-5.97678],[-35.927188,-5.978048],[-35.936562,-5.9779],[-35.941065,-5.978808],[-35.971666,-6.005051],[-35.973941,-6.009071],[-35.98808,-6.026677],[-35.99577,-6.034522],[-36.0,-6.038195],[-36.0,-6.018571],[-35.981291,-6.001271],[-35.952632,-5.977541],[-35.954401,-5.981367],[-35.954267,-5.982072],[-35.953465,-5.982593],[-35.951685,-5.982441],[-35.94718,-5.979517],[-35.940142,-5.972801],[-35.938294,-5.968441],[-35.935558,-5.965286],[-35.935436,-5.964143],[-35.935931,-5.963074],[-35.936611,-5.962653],[-35.937686,-5.962736],[-35.930829,-5.957452],[-35.92452,-5.951637],[-35.923094,-5.952653],[-35.908848,-5.958703],[-35.89499,-5.957338],[-35.8925,-5.955995],[-35.89268,-5.953615],[-35.894146,-5.951082],[-35.895568,-5.949629],[-35.895731,-5.948695],[-35.895144,-5.947173],[-35.890489,-5.943577],[-35.888578,-5.940094],[-35.888368,-5.93854],[-35.888769,-5.93715],[-35.889896,-5.935474],[-35.891228,-5.934506],[-35.894105,-5.933695],[-35.897268,-5.933911],[-35.900549,-5.936967],[-35.904226,-5.939218],[-35.910913,-5.942089],[-35.916765,-5.943859],[-35.911404,-5.938863],[-35.909135,-5.936206],[-35.9022,-5.922703],[-35.894057,-5.911136],[-35.891558,-5.905743],[-35.885987,-5.896774],[-35.878978,-5.882286],[-35.87477,-5.872428],[-35.868444,-5.854637],[-35.866028,-5.845636],[-35.864985,-5.838031],[-35.86372,-5.820816],[-35.862075,-5.809726],[-35.847803,-5.765395],[-35.836774,-5.739228],[-35.831866,-5.729148],[-35.83135,-5.730029],[-35.831576,-5.731505],[-35.830365,-5.731758],[-35.826652,-5.731451],[-35.819662,-5.732781]],[[-35.837912,-5.750876],[-35.836453,-5.748959],[-35.830659,-5.735648],[-35.83022,-5.733642],[-35.830501,-5.732636],[-35.831643,-5.731913],[-35.832361,-5.732197],[-35.833227,-5.733627],[-35.838161,-5.746799],[-35.838749,-5.749808],[-35.837912,-5.750876]],[[-35.844953,-5.788693],[-35.847327,-5.79432],[-35.847181,-5.796357],[-35.846082,-5.79558],[-35.845294,-5.79433],[-35.843863,-5.789639],[-35.844171,-5.788697],[-35.844953,-5.788693]],[[-35.891584,-5.921083],[-35.890695,-5.921883],[-35.888574,-5.922035],[-35.886924,-5.921447],[-35.881954,-5.920904],[-35.880897,-5.921517],[-35.879898,-5.923438],[-35.877866,-5.923251],[-35.876671,-5.924986],[-35.87573,-5.924916],[-35.874211,-5.92391],[-35.87101,-5.925391],[-35.870284,-5.925174],[-35.870044,-5.924611],[-35.870887,-5.922854],[-35.870645,-5.922273],[-35.866592,-5.921742],[-35.866187,-5.921128],[-35.867046,-5.919845],[-35.868638,-5.918913],[-35.874932,-5.917304],[-35.876317,-5.916297],[-35.878932,-5.913342],[-35.88106,-5.912878],[-35.885589,-5.91377],[-35.888503,-5.918099],[-35.891441,-5.919999],[-35.891584,-5.921083]],[[-35.854813,-5.921937],[-35.857536,-5.92505],[-35.863626,-5.934964],[-35.864174,-5.939552],[-35.863279,-5.941003],[-35.86148,-5.942203],[-35.859315,-5.941862],[-35.855323,-5.940172],[-35.85264,-5.936114],[-35.849639,-5.933093],[-35.847134,-5.929476],[-35.84325,-5.925001],[-35.8389,-5.922591],[-35.837362,-5.921297],[-35.836374,-5.919548],[-35.836261,-5.917319],[-35.836993,-5.916083],[-35.838898,-5.915324],[-35.843276,-5.915759],[-35.848641,-5.917869],[-35.854813,-5.921937]],[[-35.84909,-5.938611],[-35.847017,-5.937785],[-35.8413,-5.93221],[-35.840356,-5.930117],[-35.84052,-5.92783],[-35.84224,-5.927574],[-35.843343,-5.927987],[-35.849657,-5.935338],[-35.849927,-5.937542],[-35.84909,-5.938611]],[[-35.89076,-5.973937],[-35.889808,-5.974116],[-35.888559,-5.97364],[-35.884633,-5.970903],[-35.875769,-5.963824],[-35.87565,-5.962932],[-35.876542,-5.962754],[-35.878803,-5.963527],[-35.886239,-5.969178],[-35.887072,-5.970427],[-35.890165,-5.972509],[-35.89076,-5.973045],[-35.89076,-5.973937]],[[-35.869239,-5.975985],[-35.874537,-5.976701],[-35.875543,-5.977319],[-35.876694,-5.978999],[-35.878755,-5.979715],[-35.880662,-5.979713],[-35.883285,-5.979086],[-35.896863,-5.980003],[-35.898046,-5.980619],[-35.900799,-5.983466],[-35.904069,-5.985719],[-35.904674,-5.988483],[-35.907357,-5.991408],[-35.908082,-5.994321],[-35.90838,-5.997726],[-35.907996,-6.001683],[-35.908416,-6.005671],[-35.908189,-6.012111],[-35.910026,-6.018988],[-35.910479,-6.023545],[-35.910402,-6.025087],[-35.909629,-6.026121],[-35.90824,-6.026685],[-35.906918,-6.026325],[-35.902719,-6.022603],[-35.901674,-6.021247],[-35.900549,-6.018684],[-35.896698,-6.0137],[-35.888343,-6.008558],[-35.887357,-6.006511],[-35.883657,-6.001285],[-35.87849,-5.995885],[-35.876282,-5.992321],[-35.871415,-5.988905],[-35.869255,-5.98332],[-35.86737,-5.980119],[-35.86701,-5.978532],[-35.867674,-5.97661],[-35.869239,-5.975985]]]}},{"type":"Feature","id":422,"properties":{"sigla":"PP2_gamma_sc1","unidade":"Santa Cruz, ortognaisse trondhjemítico","era":"Paleoproterozóico","periodo":"Riaciano","litotipo_principal":"Ortognaisse","grupo":"Complexo Santa Cruz","fonte":"Folhas João Câmara, Lajes, Natal, Santa Cruz, São José do MIpibu, São José do Campestre - GEOSBG/CPRM (2014)"},"geometry":{"type":"Polygon","coordinates":[[[-35.938401,-6.168048],[-35.940685,-6.16624],[-35.951825,-6.170607],[-35.953153,-6.171951],[-35.955247,-6.172331],[-35.956493,-6.168335],[-35.957462,-6.168188],[-35.958299,-6.169126],[-35.959277,-6.169257],[-35.96154,-6.171741],[-35.964806,-6.173007],[-35.965191,-6.175542],[-35.966054,-6.175256],[-35.966544,-6.175599],[-35.967717,-6.174862],[-35.968357,-6.175258],[-35.970127,-6.175279],[-35.971999,-6.173606],[-35.971973,-6.171247],[-35.970479,-6.169678],[-35.968737,-6.169307],[-35.9695,-6.168752],[-35.971925,-6.169251],[-35.972391,-6.164366],[-35.968299,-6.156371],[-35.965729,-6.154277],[-35.965919,-6.152088],[-35.968679,-6.150185],[-35.975938,-6.149196],[-35.980673,-6.147308],[-35.981126,-6.149368],[-35.982721,-6.149256],[-35.983173,-6.147978],[-35.984915,-6.148201],[-35.984912,-6.146648],[-35.986715,-6.145487],[-35.985136,-6.143794],[-35.985036,-6.143213],[-35.986798,-6.140811],[-35.985806,-6.138304],[-35.986148,-6.137037],[-35.985526,-6.135809],[-35.984758,-6.135791],[-35.98447,-6.132075],[-35.97434,-6.132509],[-35.967105,-6.131751],[-35.959533,-6.130069],[-35.949437,-6.126619],[-35.941865,-6.123338],[-35.932898,-6.11832],[-35.931919,-6.117414],[-35.92615,-6.111196],[-35.920858,-6.103604],[-35.921322,-6.109477],[-35.922259,-6.114726],[-35.929708,-6.137315],[-35.930922,-6.142083],[-35.931274,-6.145124],[-35.931014,-6.148435],[-35.929983,-6.151581],[-35.923633,-6.161582],[-35.922815,-6.167085],[-35.923234,-6.170432],[-35.925472,-6.1718],[-35.929041,-6.171949],[-35.936477,-6.170313],[-35.938401,-6.168048]]]}},{"type":"Feature","id":423,"properties":{"sigla":"A34sc1","unidade":"Serra Caiada, migmatito","era":"Mesoarqueano","litotipo_secundario":"Anfibolito, Migmatito","grupo":"Complexo Serra Caiada","fonte":"Folhas João Câmara, Lajes, Natal, Santa Cruz, São José do MIpibu, São José do Campestre - GEOSBG/CPRM (2014)"},"geometry":{"type":"Polygon","coordinates":[[[-35.76194,-6.177341],[-35.763363,-6.178556],[-35.764076,-6.179968],[-35.76593,-6.177492],[-35.764649,-6.176506],[-35.762977,-6.176061],[-35.76194,-6.177341]]]}},{"type":"Feature","id":424,"properties":{"sigla":"A34sc1","unidade":"Serra Caiada, migmatito","era":"Mesoarqueano","litotipo_secundario":"Anfibolito, Migmatito","grupo":"Complexo Serra Caiada","fonte":"Folhas João Câmara, Lajes, Natal, Santa Cruz, São José do MIpibu, São José do Campestre - GEOSBG/CPRM (2014)"},"geometry":{"type":"Polygon","coordinates":[[[-35.76288,-6.176058],[-35.761659,-6.176508],[-35.761688,-6.177091],[-35.761865,-6.17724],[-35.76288,-6.176058]]]}},{"type":"Feature","id":425,"properties":{"sigla":"PP2_beta_i","unidade":"Inharé","era":"Paleoproterozóico","periodo":"Riaciano","litotipo_principal":"Hornblendito","grupo":"Suíte Inharé","fonte":"Folhas João Câmara, Lajes, Natal, Santa Cruz, São José do MIpibu, São José do Campestre - GEOSBG/CPRM (2014)"},"geometry":{"type":"Polygon","coordinates":[[[-35.970127,-6.175279],[-35.971481,-6.17559],[-35.971999,-6.173606],[-35.970127,-6.175279]]]}},{"type":"Feature","id":426,"properties":{"sigla":"A34sc5","unidade":"Serra Caiada, anfibolito","era":"Mesoarqueano","litotipo_principal":"Anfibolito","litotipo_secundario":"Gabro, Biotita-hornblenda gnaisse","grupo":"Complexo Serra Caiada","fonte":"Folhas João Câmara, Lajes, Natal, Santa Cruz, São José do MIpibu, São José do Campestre - GEOSBG/CPRM (2014)"},"geometry":{"type":"Polygon","coordinates":[[[-35.838979,-6.0],[-35.838295,-6.002951],[-35.837227,-6.005052],[-35.837889,-6.006384],[-35.838797,-6.004827],[-35.839923,-6.0],[-35.838979,-6.0]]]}},{"type":"Feature","id":427,"properties":{"sigla":"A2gt","unidade":"Gnaisse Teixeira","era":"Paleoarqueano","litotipo_secundario":"Paragnaisse, Granada gnaisse","grupo":"Gnaisse Teixeira","fonte":"Folhas João Câmara, Lajes, Natal, Santa Cruz, São José do MIpibu, São José do Campestre - GEOSBG/CPRM (2014)"},"geometry":{"type":"Polygon","coordinates":[[[-35.68697,-6.044201],[-35.689901,-6.043461],[-35.690751,-6.043985],[-35.690032,-6.046296],[-35.687889,-6.048462],[-35.675806,-6.057475],[-35.670906,-6.060068],[-35.670303,-6.059747],[-35.670263,-6.059244],[-35.671455,-6.057097],[-35.662879,-6.062777],[-35.652081,-6.070904],[-35.656966,-6.068609],[-35.663761,-6.066065],[-35.669297,-6.06329],[-35.680006,-6.059953],[-35.68851,-6.055869],[-35.69594,-6.051156],[-35.703958,-6.044573],[-35.702171,-6.0445],[-35.699987,-6.043336],[-35.696669,-6.043921],[-35.695068,-6.0437],[-35.692922,-6.042083],[-35.692419,-6.039848],[-35.68697,-6.044201]]]}},{"type":"Feature","id":428,"properties":{"sigla":"A3_mu_p2","unidade":"Riacho das Telhas, talco xisto","era":"Mesoarqueano","litotipo_principal":"Tremolita-clorita xisto, Talco-clorita-serpentina xisto, Talco xisto","grupo":"Complexo Riacho das Telhas","fonte":"Folhas João Câmara, Lajes, Natal, Santa Cruz, São José do MIpibu, São José do Campestre - GEOSBG/CPRM (2014)"},"geometry":{"type":"Polygon","coordinates":[[[-35.758114,-6.012376],[-35.759205,-6.011602],[-35.761053,-6.009213],[-35.763492,-6.00843],[-35.766316,-6.006418],[-35.767469,-6.003983],[-35.767639,-6.002677],[-35.767284,-6.001974],[-35.766542,-6.001607],[-35.764742,-6.001646],[-35.762625,-6.002286],[-35.758736,-6.004635],[-35.755918,-6.007004],[-35.754849,-6.008752],[-35.754848,-6.010847],[-35.755377,-6.011527],[-35.758114,-6.012376]]]}},{"type":"Feature","id":429,"properties":{"sigla":"A3_mu_p1","unidade":"Riacho da Telhas, piroxenito","era":"Mesoarqueano","litotipo_principal":"Piroxenito","litotipo_secundario":"Gabro, Gabronorito","grupo":"Complexo Riacho das Telhas","fonte":"Folhas João Câmara, Lajes, Natal, Santa Cruz, São José do MIpibu, São José do Campestre - GEOSBG/CPRM (2014)"},"geometry":{"type":"Polygon","coordinates":[[[-35.711665,-6.090693],[-35.708702,-6.092086],[-35.70484,-6.095396],[-35.703884,-6.09688],[-35.70363,-6.098421],[-35.705375,-6.098028],[-35.710019,-6.094745],[-35.712708,-6.091271],[-35.712694,-6.090745],[-35.711665,-6.090693]]]}},{"type":"Feature","id":430,"properties":{"sigla":"A3_mu_p1","unidade":"Riacho da Telhas, piroxenito","era":"Mesoarqueano","litotipo_principal":"Piroxenito","litotipo_secundario":"Gabro, Gabronorito","grupo":"Complexo Riacho das Telhas","fonte":"Folhas João Câmara, Lajes, Natal, Santa Cruz, São José do MIpibu, São José do Campestre - GEOSBG/CPRM (2014)"},"geometry":{"type":"Polygon","coordinates":[[[-35.708599,-6.087054],[-35.707663,-6.086955],[-35.706396,-6.085731],[-35.705778,-6.084594],[-35.705563,-6.08289],[-35.704631,-6.083272],[-35.700697,-6.085299],[-35.69653,-6.088197],[-35.694152,-6.091059],[-35.693465,-6.09348],[-35.695441,-6.093812],[-35.700115,-6.092878],[-35.708599,-6.087054]]]}},{"type":"Feature","id":431,"properties":{"sigla":"A34sc2","unidade":"Serra Caiada, paragnaisse","era":"Mesoarqueano","litotipo_principal":"Biotita gnaisse, Gnaisse quartzo-feldspático, Granada gnaisse","litotipo_secundario":"Anfibolito","grupo":"Complexo Serra Caiada","fonte":"Folhas João Câmara, Lajes, Natal, Santa Cruz, São José do MIpibu, São José do Campestre - GEOSBG/CPRM (2014)"},"geometry":{"type":"Polygon","coordinates":[[[-35.850274,-6.15918],[-35.853533,-6.158423],[-35.859252,-6.154254],[-35.863149,-6.150598],[-35.867755,-6.144603],[-35.874386,-6.137417],[-35.874226,-6.134543],[-35.87321,-6.132496],[-35.872587,-6.132452],[-35.867429,-6.134679],[-35.853586,-6.145283],[-35.849825,-6.152575],[-35.848799,-6.155823],[-35.848792,-6.158194],[-35.849342,-6.158939],[-35.850274,-6.15918]]]}},{"type":"Feature","id":432,"properties":{"sigla":"E3_beta_m","unidade":"Basalto Macau","era":"Cenozóico","periodo":"Paleogeno","litotipo_secundario":"Basalto, Basanito","grupo":"Basalto Macau","fonte":"Folhas João Câmara, Lajes, Natal, Santa Cruz, São José do MIpibu, São José do Campestre - GEOSBG/CPRM (2014)"},"geometry":{"type":"Polygon","coordinates":[[[-35.786222,-6.114807],[-35.788633,-6.114248],[-35.789147,-6.112721],[-35.789098,-6.111038],[-35.788549,-6.10962],[-35.787578,-6.10849],[-35.786191,-6.1078],[-35.784742,-6.107727],[-35.783078,-6.108522],[-35.782206,-6.109419],[-35.782268,-6.112824],[-35.782737,-6.113898],[-35.783696,-6.114749],[-35.786222,-6.114807]]]}},{"type":"Feature","id":433,"properties":{"sigla":"NP3_gamma_2it","unidade":"Itaporanga","era":"Neoproterozóico","periodo":"Ediacarano","litotipo_principal":"Biotita granito porfirítico","litotipo_secundario":"Diorito, Granito, Granodiorito, Monzonito","grupo":"Suíte Intrusiva Itaporanga","fonte":"Folhas João Câmara, Lajes, Natal, Santa Cruz, São José do MIpibu, São José do Campestre - GEOSBG/CPRM (2014)"},"geometry":{"type":"Polygon","coordinates":[[[-35.735579,-6.077104],[-35.737862,-6.07663],[-35.739492,-6.075146],[-35.740175,-6.073111],[-35.740147,-6.070035],[-35.738059,-6.066937],[-35.736524,-6.066316],[-35.73439,-6.066089],[-35.732545,-6.066837],[-35.730998,-6.068225],[-35.730262,-6.069719],[-35.730123,-6.071482],[-35.731477,-6.075569],[-35.733481,-6.076697],[-35.735579,-6.077104]]]}},{"type":"Feature","id":434,"properties":{"sigla":"A3_gamma_es","unidade":"Senador Elói de Souza","era":"Mesoarqueano","litotipo_secundario":"Anfibolito, Metagabro, Metanorito, Metanortosito, Ortognaisse","grupo":"Complexo Senador Elói de Souza","fonte":"Folhas João Câmara, Lajes, Natal, Santa Cruz, São José do MIpibu, São José do Campestre - GEOSBG/CPRM (2014)"},"geometry":{"type":"Polygon","coordinates":[[[-35.761196,-6.052321],[-35.756179,-6.051173],[-35.751621,-6.051021],[-35.747637,-6.051653],[-35.741011,-6.053709],[-35.737448,-6.055521],[-35.734757,-6.057576],[-35.730682,-6.064237],[-35.73611,-6.059521],[-35.738756,-6.058051],[-35.747868,-6.057463],[-35.750513,-6.055406],[-35.753158,-6.05423],[-35.761196,-6.052321]]]}},{"type":"Feature","id":435,"properties":{"sigla":"N23c","unidade":"Depósitos colúvio-eluviais","era":"Cenozóico","periodo":"Neogeno","litotipo_secundario":"Areia, Argila, Cascalho","grupo":"Depósitos colúvio-eluviais","fonte":"Folhas João Câmara, Lajes, Natal, Santa Cruz, São José do MIpibu, São José do Campestre - GEOSBG/CPRM (2014)"},"geometry":{"type":"MultiPolygon","coordinates":[[[[-35.72032,-6.146838],[-35.712139,-6.14755],[-35.712131,-6.147943],[-35.713708,-6.148345],[-35.713885,-6.149074],[-35.714926,-6.148692],[-35.715531,-6.149643],[-35.716751,-6.149278],[-35.717344,-6.149847],[-35.716439,-6.150507],[-35.717003,-6.151103],[-35.716854,-6.151977],[-35.717506,-6.153434],[-35.71807,-6.153005],[-35.719612,-6.153154],[-35.720101,-6.15378],[-35.721034,-6.153147],[-35.72217,-6.153292],[-35.723494,-6.152839],[-35.724207,-6.153581],[-35.724775,-6.153288],[-35.727306,-6.157262],[-35.727819,-6.15761],[-35.729348,-6.157333],[-35.729606,-6.158261],[-35.73265,-6.159936],[-35.73264,-6.163033],[-35.734667,-6.165171],[-35.735138,-6.165162],[-35.737177,-6.166756],[-35.737398,-6.166302],[-35.738198,-6.166413],[-35.738717,-6.167312],[-35.739998,-6.1675],[-35.741426,-6.167062],[-35.741874,-6.166304],[-35.744148,-6.166133],[-35.744941,-6.165444],[-35.746259,-6.165638],[-35.749469,-6.167447],[-35.752594,-6.16998],[-35.754955,-6.170366],[-35.75625,-6.17193],[-35.756767,-6.173361],[-35.759361,-6.175511],[-35.75946,-6.175798],[-35.758828,-6.176003],[-35.758634,-6.178495],[-35.761194,-6.179019],[-35.762125,-6.17965],[-35.76284,-6.178592],[-35.763558,-6.179392],[-35.763363,-6.178556],[-35.761542,-6.176664],[-35.762709,-6.176068],[-35.764465,-6.176421],[-35.766089,-6.177707],[-35.768982,-6.183018],[-35.775347,-6.182308],[-35.777342,-6.176439],[-35.781723,-6.174353],[-35.782594,-6.173562],[-35.783629,-6.173721],[-35.784171,-6.172599],[-35.786168,-6.170699],[-35.791509,-6.167831],[-35.793572,-6.164243],[-35.796227,-6.161244],[-35.797115,-6.158305],[-35.796925,-6.157172],[-35.795885,-6.156206],[-35.79341,-6.15559],[-35.791535,-6.155728],[-35.78955,-6.156999],[-35.785816,-6.162004],[-35.78302,-6.162098],[-35.781945,-6.159335],[-35.779221,-6.155628],[-35.778507,-6.15392],[-35.778746,-6.152492],[-35.780535,-6.150609],[-35.780433,-6.149179],[-35.778226,-6.147767],[-35.772569,-6.146934],[-35.771002,-6.144505],[-35.76979,-6.14392],[-35.768754,-6.144041],[-35.768138,-6.145547],[-35.766508,-6.146318],[-35.765709,-6.147685],[-35.764794,-6.148172],[-35.761683,-6.147672],[-35.759536,-6.145641],[-35.758465,-6.145242],[-35.753335,-6.145735],[-35.7508,-6.145501],[-35.748403,-6.146685],[-35.748168,-6.147946],[-35.748445,-6.149268],[-35.749283,-6.15018],[-35.751544,-6.151141],[-35.751731,-6.153023],[-35.75248,-6.153816],[-35.75498,-6.154534],[-35.757503,-6.156368],[-35.759941,-6.157164],[-35.762608,-6.15738],[-35.764237,-6.158159],[-35.763266,-6.15945],[-35.761062,-6.160178],[-35.759271,-6.160077],[-35.757484,-6.159242],[-35.754366,-6.158739],[-35.752761,-6.156947],[-35.751152,-6.155987],[-35.745657,-6.153479],[-35.74327,-6.153169],[-35.741545,-6.15172],[-35.73818,-6.150331],[-35.736109,-6.148141],[-35.732601,-6.146569],[-35.731622,-6.145545],[-35.7311,-6.143755],[-35.729178,-6.142546],[-35.72654,-6.142599],[-35.724026,-6.144964],[-35.72032,-6.146838]]],[[[-35.682214,-6.104089],[-35.682989,-6.104073],[-35.684014,-6.104663],[-35.684709,-6.104311],[-35.685669,-6.106249],[-35.685389,-6.106793],[-35.686633,-6.10733],[-35.686119,-6.108222],[-35.686807,-6.109601],[-35.687654,-6.110312],[-35.688673,-6.112247],[-35.689321,-6.111808],[-35.693679,-6.11816],[-35.696044,-6.114609],[-35.696019,-6.113731],[-35.695187,-6.112302],[-35.690444,-6.109815],[-35.688702,-6.108443],[-35.686484,-6.105213],[-35.685162,-6.100964],[-35.683492,-6.09975],[-35.681914,-6.099791],[-35.681649,-6.101254],[-35.681083,-6.101438],[-35.681536,-6.101591],[-35.682214,-6.104089]]]]}},{"type":"Feature","id":436,"properties":{"sigla":"A34sc5","unidade":"Serra Caiada, anfibolito","era":"Mesoarqueano","litotipo_principal":"Anfibolito","litotipo_secundario":"Gabro, Biotita-hornblenda gnaisse","grupo":"Complexo Serra Caiada","fonte":"Folhas João Câmara, Lajes, Natal, Santa Cruz, São José do MIpibu, São José do Campestre - GEOSBG/CPRM (2014)"},"geometry":{"type":"Polygon","coordinates":[[[-35.840366,-6.048922],[-35.842778,-6.048919],[-35.847091,-6.047507],[-35.846559,-6.047242],[-35.840366,-6.048922]]]}},{"type":"Feature","id":437,"properties":{"sigla":"A3_mu_p2","unidade":"Riacho das Telhas, talco xisto","era":"Mesoarqueano","litotipo_principal":"Tremolita-clorita xisto, Talco-clorita-serpentina xisto, Talco xisto","grupo":"Complexo Riacho das Telhas","fonte":"Folhas João Câmara, Lajes, Natal, Santa Cruz, São José do MIpibu, São José do Campestre - GEOSBG/CPRM (2014)"},"geometry":{"type":"Polygon","coordinates":[[[-35.773868,-6.047018],[-35.772669,-6.047838],[-35.772425,-6.0496],[-35.773424,-6.050082],[-35.776648,-6.05049],[-35.781124,-6.050513],[-35.790886,-6.051739],[-35.808636,-6.052807],[-35.81305,-6.05267],[-35.815668,-6.051085],[-35.813763,-6.049593],[-35.811343,-6.048884],[-35.808751,-6.049014],[-35.801399,-6.047961],[-35.78869,-6.04703],[-35.776475,-6.046628],[-35.773868,-6.047018]]]}},{"type":"Feature","id":438,"properties":{"sigla":"A34sc1","unidade":"Serra Caiada, migmatito","era":"Mesoarqueano","litotipo_secundario":"Anfibolito, Migmatito","grupo":"Complexo Serra Caiada","fonte":"Folhas João Câmara, Lajes, Natal, Santa Cruz, São José do MIpibu, São José do Campestre - GEOSBG/CPRM (2014)"},"geometry":{"type":"MultiPolygon","coordinates":[[[[-35.835392,-6.168893],[-35.836223,-6.168795],[-35.836391,-6.168681],[-35.835392,-6.168893]]],[[[-35.706241,-5.914684],[-35.704729,-5.914543],[-35.703465,-5.915391],[-35.702188,-5.915065],[-35.70141,-5.915852],[-35.700475,-5.915629],[-35.690897,-5.934542],[-35.686937,-5.939546],[-35.681527,-5.944187],[-35.676748,-5.951486],[-35.67316,-5.958462],[-35.674363,-5.957679],[-35.675148,-5.958126],[-35.673777,-5.961057],[-35.674077,-5.962283],[-35.674923,-5.962949],[-35.67821,-5.961035],[-35.679918,-5.960622],[-35.680298,-5.958793],[-35.678758,-5.956895],[-35.678562,-5.955359],[-35.679341,-5.953854],[-35.681297,-5.952352],[-35.681015,-5.949825],[-35.68219,-5.948913],[-35.683703,-5.949769],[-35.686354,-5.954957],[-35.687261,-5.95605],[-35.688028,-5.956265],[-35.688984,-5.955619],[-35.689032,-5.954221],[-35.687296,-5.94919],[-35.688234,-5.948302],[-35.689597,-5.948419],[-35.689936,-5.94724],[-35.690881,-5.947409],[-35.69192,-5.949032],[-35.69319,-5.949471],[-35.69409,-5.949222],[-35.695066,-5.947999],[-35.696119,-5.948121],[-35.696493,-5.947657],[-35.697043,-5.947665],[-35.697882,-5.94965],[-35.6987,-5.950092],[-35.704486,-5.947965],[-35.705905,-5.947964],[-35.706879,-5.948393],[-35.706867,-5.949794],[-35.705942,-5.950455],[-35.705058,-5.95182],[-35.704503,-5.954408],[-35.703589,-5.954996],[-35.701647,-5.955334],[-35.700866,-5.956332],[-35.701013,-5.957733],[-35.702007,-5.959118],[-35.702477,-5.960669],[-35.701858,-5.962986],[-35.700103,-5.964209],[-35.695112,-5.965002],[-35.694526,-5.965479],[-35.694251,-5.966752],[-35.69462,-5.970498],[-35.696817,-5.976648],[-35.69755,-5.980304],[-35.695609,-5.983162],[-35.692398,-5.983609],[-35.691608,-5.984293],[-35.692615,-5.986686],[-35.694178,-5.98795],[-35.696328,-5.988932],[-35.698188,-5.991844],[-35.699895,-5.992802],[-35.702239,-5.993454],[-35.703449,-5.989658],[-35.70422,-5.985468],[-35.705557,-5.969839],[-35.706629,-5.96714],[-35.711359,-5.959052],[-35.719265,-5.949104],[-35.72323,-5.945544],[-35.728631,-5.941523],[-35.731259,-5.940012],[-35.73308,-5.939693],[-35.735133,-5.940138],[-35.73724,-5.941725],[-35.737789,-5.942911],[-35.737671,-5.944718],[-35.735841,-5.948282],[-35.731532,-5.953011],[-35.723466,-5.959342],[-35.721103,-5.961634],[-35.717409,-5.966692],[-35.71601,-5.97017],[-35.716361,-5.977063],[-35.720258,-5.985889],[-35.721449,-5.991573],[-35.721259,-5.999846],[-35.720244,-6.005414],[-35.718473,-6.009488],[-35.722585,-6.00477],[-35.723872,-6.003982],[-35.725313,-6.004065],[-35.72595,-6.005414],[-35.725753,-6.00797],[-35.724327,-6.011043],[-35.721756,-6.014784],[-35.723765,-6.015369],[-35.725139,-6.017344],[-35.728904,-6.013566],[-35.731989,-6.009127],[-35.735429,-6.000375],[-35.739754,-5.991335],[-35.7425,-5.982608],[-35.744398,-5.971807],[-35.746664,-5.964435],[-35.747935,-5.962125],[-35.751209,-5.957117],[-35.756946,-5.95139],[-35.762965,-5.946838],[-35.771286,-5.943327],[-35.775119,-5.942427],[-35.777871,-5.942422],[-35.780543,-5.943133],[-35.783905,-5.944913],[-35.798108,-5.954943],[-35.811492,-5.962404],[-35.816354,-5.965615],[-35.825566,-5.973363],[-35.830691,-5.979321],[-35.830037,-5.977857],[-35.833371,-5.980919],[-35.834567,-5.982615],[-35.835495,-5.984663],[-35.836562,-5.989672],[-35.836685,-5.994665],[-35.83465,-6.001368],[-35.831201,-6.007326],[-35.826906,-6.012766],[-35.821896,-6.017595],[-35.819189,-6.019676],[-35.813713,-6.022812],[-35.79525,-6.031293],[-35.799687,-6.030633],[-35.800734,-6.030933],[-35.801224,-6.03152],[-35.800677,-6.033715],[-35.797141,-6.037314],[-35.797029,-6.038827],[-35.797644,-6.039428],[-35.802286,-6.040499],[-35.813427,-6.039784],[-35.828144,-6.037238],[-35.8465,-6.031684],[-35.85422,-6.030542],[-35.857399,-6.030987],[-35.859201,-6.032681],[-35.85887,-6.035236],[-35.856698,-6.037456],[-35.849848,-6.04033],[-35.832058,-6.045248],[-35.828741,-6.045666],[-35.822511,-6.045544],[-35.814052,-6.046692],[-35.807604,-6.046606],[-35.799097,-6.045487],[-35.781819,-6.044646],[-35.775196,-6.042601],[-35.773537,-6.039728],[-35.774063,-6.036516],[-35.777395,-6.034606],[-35.794728,-6.027307],[-35.803013,-6.022369],[-35.81197,-6.01494],[-35.816472,-6.010313],[-35.818795,-6.006405],[-35.819416,-6.000984],[-35.818867,-5.997326],[-35.817245,-5.99361],[-35.815375,-5.991118],[-35.812332,-5.988792],[-35.799513,-5.981034],[-35.789982,-5.976082],[-35.78223,-5.973332],[-35.774668,-5.972466],[-35.770094,-5.973264],[-35.763689,-5.975514],[-35.761188,-5.976825],[-35.75854,-5.979327],[-35.755262,-5.983782],[-35.754448,-5.985462],[-35.754481,-5.986875],[-35.755306,-5.988472],[-35.757472,-5.989282],[-35.764661,-5.987599],[-35.77108,-5.987565],[-35.775024,-5.988389],[-35.779586,-5.990595],[-35.781018,-5.992185],[-35.781935,-5.995047],[-35.781925,-5.998135],[-35.781002,-6.000808],[-35.775099,-6.007834],[-35.770003,-6.012777],[-35.766028,-6.015986],[-35.760697,-6.019259],[-35.748599,-6.024656],[-35.74205,-6.028871],[-35.740193,-6.031222],[-35.738739,-6.03445],[-35.738181,-6.037749],[-35.738415,-6.041057],[-35.740281,-6.045409],[-35.74147,-6.046757],[-35.742936,-6.04768],[-35.750375,-6.050234],[-35.762513,-6.0526],[-35.801114,-6.05415],[-35.822621,-6.055838],[-35.833455,-6.055581],[-35.839474,-6.05625],[-35.84421,-6.056164],[-35.851324,-6.058276],[-35.857367,-6.061215],[-35.863283,-6.069821],[-35.86709,-6.07449],[-35.872977,-6.083483],[-35.87746,-6.092602],[-35.879265,-6.097449],[-35.880293,-6.102197],[-35.88157,-6.111093],[-35.881708,-6.114932],[-35.881318,-6.117494],[-35.878951,-6.122513],[-35.877341,-6.124538],[-35.871949,-6.127857],[-35.867704,-6.129472],[-35.864425,-6.129863],[-35.862694,-6.130934],[-35.860223,-6.133582],[-35.858757,-6.138723],[-35.857794,-6.140533],[-35.856679,-6.141539],[-35.853525,-6.141738],[-35.847879,-6.140563],[-35.843722,-6.1409],[-35.83914,-6.142583],[-35.83454,-6.143461],[-35.828708,-6.147507],[-35.827796,-6.148693],[-35.826683,-6.152315],[-35.826765,-6.155651],[-35.826125,-6.159908],[-35.826212,-6.16525],[-35.825301,-6.172029],[-35.826853,-6.172817],[-35.833523,-6.169073],[-35.830349,-6.168867],[-35.829091,-6.167686],[-35.828432,-6.163549],[-35.82886,-6.161193],[-35.835163,-6.150441],[-35.83773,-6.148063],[-35.842157,-6.145886],[-35.843362,-6.145621],[-35.844744,-6.145875],[-35.846371,-6.147445],[-35.845168,-6.154234],[-35.845467,-6.159244],[-35.842687,-6.164124],[-35.838556,-6.167617],[-35.836972,-6.168488],[-35.837522,-6.168771],[-35.838046,-6.168501],[-35.839841,-6.168763],[-35.842831,-6.167638],[-35.846009,-6.164741],[-35.846087,-6.163703],[-35.847791,-6.161842],[-35.849522,-6.161554],[-35.850435,-6.160717],[-35.851628,-6.161203],[-35.85522,-6.160605],[-35.857491,-6.161174],[-35.858591,-6.159148],[-35.859247,-6.15871],[-35.861299,-6.158478],[-35.865196,-6.158901],[-35.86865,-6.15778],[-35.871102,-6.156482],[-35.874215,-6.153901],[-35.8784,-6.149518],[-35.883062,-6.145662],[-35.884928,-6.143557],[-35.891579,-6.133537],[-35.892574,-6.130894],[-35.893178,-6.12746],[-35.893413,-6.122886],[-35.893025,-6.119303],[-35.889605,-6.108039],[-35.886436,-6.095299],[-35.880366,-6.079881],[-35.875538,-6.071413],[-35.874118,-6.065913],[-35.874864,-6.061588],[-35.876543,-6.058367],[-35.880562,-6.057748],[-35.883154,-6.058851],[-35.87215,-6.036842],[-35.871999,-6.032772],[-35.874712,-6.031114],[-35.877124,-6.031867],[-35.88029,-6.036239],[-35.88632,-6.048902],[-35.890541,-6.059454],[-35.891596,-6.065032],[-35.894008,-6.07287],[-35.895811,-6.075902],[-35.89239,-6.060303],[-35.892301,-6.043419],[-35.890693,-6.03797],[-35.88846,-6.032521],[-35.885463,-6.026711],[-35.876719,-6.01761],[-35.872257,-6.01529],[-35.868153,-6.014397],[-35.864048,-6.014397],[-35.857445,-6.01529],[-35.851913,-6.016539],[-35.846916,-6.018502],[-35.844774,-6.018502],[-35.843704,-6.016182],[-35.843525,-6.014219],[-35.844774,-6.011542],[-35.849236,-6.006724],[-35.852627,-6.000478],[-35.852627,-5.996373],[-35.85102,-5.988878],[-35.849771,-5.985665],[-35.84531,-5.979062],[-35.842454,-5.975315],[-35.838327,-5.971211],[-35.837758,-5.971645],[-35.834656,-5.969985],[-35.832053,-5.967619],[-35.832071,-5.966457],[-35.832813,-5.965398],[-35.83291,-5.964413],[-35.834698,-5.962562],[-35.834458,-5.961228],[-35.831302,-5.962176],[-35.82404,-5.965977],[-35.82086,-5.964396],[-35.818632,-5.964088],[-35.817669,-5.961574],[-35.816723,-5.96058],[-35.813519,-5.960052],[-35.810568,-5.957306],[-35.807259,-5.956803],[-35.806035,-5.955904],[-35.805394,-5.954531],[-35.80565,-5.954077],[-35.808624,-5.953903],[-35.809805,-5.953487],[-35.810123,-5.952828],[-35.809502,-5.951681],[-35.806907,-5.951823],[-35.805826,-5.95103],[-35.804742,-5.951321],[-35.80369,-5.95109],[-35.803993,-5.950439],[-35.807491,-5.948539],[-35.807818,-5.947781],[-35.807462,-5.947094],[-35.805743,-5.947032],[-35.800851,-5.949354],[-35.800082,-5.949095],[-35.798507,-5.947394],[-35.794765,-5.946662],[-35.794608,-5.945895],[-35.795441,-5.944341],[-35.795607,-5.942789],[-35.794862,-5.941223],[-35.795705,-5.939823],[-35.79535,-5.939116],[-35.793979,-5.938467],[-35.791594,-5.938866],[-35.789444,-5.941099],[-35.788242,-5.943333],[-35.787416,-5.943807],[-35.786811,-5.943794],[-35.786101,-5.943094],[-35.784786,-5.943515],[-35.783722,-5.942183],[-35.781777,-5.941903],[-35.781158,-5.940989],[-35.779583,-5.941296],[-35.779232,-5.940642],[-35.779556,-5.939762],[-35.781962,-5.937585],[-35.781541,-5.936073],[-35.780574,-5.935219],[-35.778428,-5.9359],[-35.775892,-5.93933],[-35.772611,-5.9413],[-35.768315,-5.941608],[-35.766425,-5.94291],[-35.764974,-5.942494],[-35.763879,-5.942635],[-35.759748,-5.945317],[-35.758703,-5.945037],[-35.759854,-5.94293],[-35.759923,-5.94156],[-35.759259,-5.940435],[-35.758273,-5.940018],[-35.754809,-5.941664],[-35.752052,-5.94233],[-35.750932,-5.944288],[-35.749163,-5.944374],[-35.74692,-5.945412],[-35.745508,-5.945536],[-35.745442,-5.944882],[-35.747224,-5.943175],[-35.746196,-5.942243],[-35.74611,-5.940037],[-35.744059,-5.940008],[-35.743103,-5.937754],[-35.741756,-5.937868],[-35.74114,-5.936987],[-35.739494,-5.936887],[-35.738977,-5.936286],[-35.737508,-5.93647],[-35.736157,-5.9356],[-35.73424,-5.936809],[-35.733502,-5.936795],[-35.732741,-5.935995],[-35.730867,-5.935228],[-35.731939,-5.933616],[-35.731677,-5.932312],[-35.73096,-5.932401],[-35.729481,-5.933642],[-35.727412,-5.933906],[-35.726751,-5.933223],[-35.727921,-5.931757],[-35.727478,-5.931039],[-35.72642,-5.931036],[-35.725146,-5.930188],[-35.723916,-5.93091],[-35.722929,-5.930682],[-35.721934,-5.931651],[-35.721252,-5.931069],[-35.719911,-5.931516],[-35.717819,-5.929346],[-35.716281,-5.928677],[-35.714365,-5.929217],[-35.712087,-5.930527],[-35.711454,-5.930414],[-35.711186,-5.9282],[-35.710016,-5.927005],[-35.710211,-5.926474],[-35.713585,-5.925505],[-35.718867,-5.922918],[-35.72153,-5.922913],[-35.722454,-5.92201],[-35.722582,-5.920673],[-35.721623,-5.920319],[-35.715896,-5.921218],[-35.714966,-5.920327],[-35.712508,-5.921339],[-35.709217,-5.921017],[-35.707606,-5.920226],[-35.707498,-5.919818],[-35.709164,-5.918532],[-35.708845,-5.91674],[-35.710736,-5.915967],[-35.711305,-5.91524],[-35.71123,-5.914558],[-35.709458,-5.913904],[-35.706241,-5.914684]],[[-35.770346,-5.942865],[-35.775486,-5.941458],[-35.779699,-5.942138],[-35.779446,-5.942389],[-35.77748,-5.941964],[-35.775334,-5.942075],[-35.769649,-5.943655],[-35.770346,-5.942865]],[[-35.803525,-5.956888],[-35.811376,-5.961093],[-35.811761,-5.961763],[-35.807182,-5.959695],[-35.802781,-5.956962],[-35.803525,-5.956888]],[[-35.844566,-5.992938],[-35.844029,-5.992573],[-35.843394,-5.988828],[-35.841688,-5.983584],[-35.837486,-5.977155],[-35.838963,-5.977735],[-35.840294,-5.979041],[-35.844165,-5.98686],[-35.844741,-5.988744],[-35.844952,-5.992664],[-35.844566,-5.992938]],[[-35.841073,-5.99309],[-35.840772,-5.997142],[-35.838797,-6.004827],[-35.837889,-6.006384],[-35.837212,-6.005159],[-35.838411,-6.002574],[-35.839542,-5.997173],[-35.839719,-5.993748],[-35.839322,-5.989588],[-35.839636,-5.989118],[-35.840325,-5.9891],[-35.840684,-5.989654],[-35.841073,-5.99309]],[[-35.77626,-6.046632],[-35.789952,-6.047102],[-35.801399,-6.047961],[-35.808751,-6.049014],[-35.811505,-6.048903],[-35.813763,-6.049593],[-35.815668,-6.051085],[-35.814838,-6.051874],[-35.812884,-6.052709],[-35.808128,-6.052794],[-35.790086,-6.051672],[-35.781124,-6.050513],[-35.776648,-6.05049],[-35.77333,-6.050061],[-35.772341,-6.049448],[-35.772669,-6.047838],[-35.773616,-6.047093],[-35.77626,-6.046632]],[[-35.764704,-6.047531],[-35.763272,-6.047137],[-35.760244,-6.044233],[-35.757647,-6.042496],[-35.756762,-6.040205],[-35.757084,-6.037723],[-35.759343,-6.034633],[-35.76289,-6.031731],[-35.766046,-6.030627],[-35.770737,-6.030309],[-35.771652,-6.031314],[-35.770603,-6.033403],[-35.765107,-6.037422],[-35.764228,-6.038623],[-35.764199,-6.04027],[-35.76485,-6.042404],[-35.768229,-6.045795],[-35.767575,-6.047096],[-35.764704,-6.047531]],[[-35.84036,-6.049021],[-35.846559,-6.047242],[-35.847091,-6.047507],[-35.842778,-6.048919],[-35.840847,-6.049153],[-35.84036,-6.049021]],[[-35.853394,-6.158509],[-35.851577,-6.159061],[-35.849703,-6.159097],[-35.848899,-6.158416],[-35.848634,-6.157104],[-35.849732,-6.152796],[-35.853358,-6.145568],[-35.855118,-6.14386],[-35.867174,-6.134847],[-35.869081,-6.13381],[-35.873177,-6.13247],[-35.874226,-6.134543],[-35.874361,-6.137456],[-35.867755,-6.144603],[-35.862188,-6.151636],[-35.858114,-6.155158],[-35.853394,-6.158509]],[[-35.778948,-6.006798],[-35.78034,-6.007234],[-35.781451,-6.008555],[-35.782007,-6.012488],[-35.781509,-6.013794],[-35.780206,-6.01536],[-35.777766,-6.015909],[-35.776175,-6.015294],[-35.774856,-6.014105],[-35.774233,-6.012559],[-35.774168,-6.010746],[-35.774649,-6.009223],[-35.775684,-6.008024],[-35.777192,-6.007131],[-35.778948,-6.006798]],[[-35.794554,-6.006769],[-35.793647,-6.003958],[-35.793145,-5.995361],[-35.792262,-5.992258],[-35.791042,-5.99054],[-35.788992,-5.988818],[-35.783971,-5.987133],[-35.782531,-5.986096],[-35.781503,-5.98399],[-35.781982,-5.982989],[-35.782931,-5.98225],[-35.785692,-5.982191],[-35.789851,-5.983083],[-35.795812,-5.986315],[-35.800286,-5.990307],[-35.805284,-5.997101],[-35.806104,-5.99975],[-35.806075,-6.001843],[-35.804965,-6.005162],[-35.80321,-6.007426],[-35.800328,-6.009122],[-35.797739,-6.009493],[-35.795716,-6.008629],[-35.794554,-6.006769]],[[-35.73534,-5.983182],[-35.73419,-5.98297],[-35.730782,-5.981223],[-35.728377,-5.978609],[-35.726535,-5.974451],[-35.726084,-5.970251],[-35.726492,-5.968158],[-35.72783,-5.964959],[-35.728995,-5.963295],[-35.73557,-5.958337],[-35.740534,-5.952932],[-35.744678,-5.950666],[-35.747506,-5.950877],[-35.748929,-5.952125],[-35.748904,-5.95478],[-35.746467,-5.958637],[-35.743595,-5.961906],[-35.742152,-5.964705],[-35.740848,-5.969385],[-35.740257,-5.976907],[-35.739363,-5.979761],[-35.737641,-5.982131],[-35.73534,-5.983182]]]]}},{"type":"Feature","id":439,"properties":{"sigla":"A34sc2","unidade":"Serra Caiada, paragnaisse","era":"Mesoarqueano","litotipo_principal":"Biotita gnaisse, Gnaisse quartzo-feldspático, Granada gnaisse","litotipo_secundario":"Anfibolito","grupo":"Complexo Serra Caiada","fonte":"Folhas João Câmara, Lajes, Natal, Santa Cruz, São José do MIpibu, São José do Campestre - GEOSBG/CPRM (2014)"},"geometry":{"type":"Polygon","coordinates":[[[-35.744785,-6.105902],[-35.738282,-6.105455],[-35.735088,-6.105848],[-35.725989,-6.111777],[-35.72488,-6.11399],[-35.72518,-6.11587],[-35.725816,-6.116709],[-35.726621,-6.116945],[-35.737322,-6.116089],[-35.74672,-6.11297],[-35.751981,-6.109911],[-35.763587,-6.10732],[-35.765415,-6.106012],[-35.768812,-6.101668],[-35.769049,-6.099669],[-35.768625,-6.098924],[-35.767685,-6.098542],[-35.76524,-6.098223],[-35.763562,-6.098446],[-35.757246,-6.100716],[-35.754219,-6.102464],[-35.7504,-6.103612],[-35.746984,-6.105541],[-35.744785,-6.105902]]]}},{"type":"Feature","id":440,"properties":{"sigla":"NP3_gamma_2it","unidade":"Itaporanga","era":"Neoproterozóico","periodo":"Ediacarano","litotipo_principal":"Biotita granito porfirítico","litotipo_secundario":"Diorito, Granito, Granodiorito, Monzonito","grupo":"Suíte Intrusiva Itaporanga","fonte":"Folhas João Câmara, Lajes, Natal, Santa Cruz, São José do MIpibu, São José do Campestre - GEOSBG/CPRM (2014)"},"geometry":{"type":"Polygon","coordinates":[[[-35.834679,-6.068382],[-35.82908,-6.07396],[-35.828315,-6.075682],[-35.828236,-6.080654],[-35.828882,-6.089011],[-35.831277,-6.091076],[-35.834362,-6.092419],[-35.838195,-6.092791],[-35.842183,-6.092334],[-35.844055,-6.091133],[-35.8448,-6.08992],[-35.84799,-6.082207],[-35.847444,-6.076014],[-35.846625,-6.073463],[-35.845648,-6.071967],[-35.844162,-6.070777],[-35.837785,-6.068179],[-35.834679,-6.068382]]]}},{"type":"Feature","id":441,"properties":{"sigla":"A34sc2","unidade":"Serra Caiada, paragnaisse","era":"Mesoarqueano","litotipo_principal":"Biotita gnaisse, Gnaisse quartzo-feldspático, Granada gnaisse","litotipo_secundario":"Anfibolito","grupo":"Complexo Serra Caiada","fonte":"Folhas João Câmara, Lajes, Natal, Santa Cruz, São José do MIpibu, São José do Campestre - GEOSBG/CPRM (2014)"},"geometry":{"type":"Polygon","coordinates":[[[-35.799813,-6.075974],[-35.802492,-6.075488],[-35.804939,-6.074456],[-35.806703,-6.073257],[-35.8091,-6.070746],[-35.811569,-6.069168],[-35.81295,-6.068784],[-35.817069,-6.069294],[-35.818853,-6.071228],[-35.822394,-6.072549],[-35.823102,-6.074272],[-35.822826,-6.075969],[-35.821952,-6.076925],[-35.816276,-6.077897],[-35.8135,-6.078812],[-35.811977,-6.080661],[-35.810906,-6.083529],[-35.809414,-6.084652],[-35.806808,-6.085504],[-35.804538,-6.086935],[-35.802346,-6.089519],[-35.800139,-6.09317],[-35.787365,-6.099523],[-35.785301,-6.101224],[-35.782673,-6.104489],[-35.780053,-6.106818],[-35.77675,-6.108406],[-35.780326,-6.107605],[-35.786856,-6.105289],[-35.790885,-6.103513],[-35.794922,-6.101126],[-35.802659,-6.098365],[-35.805767,-6.096208],[-35.810641,-6.090779],[-35.816668,-6.08664],[-35.818915,-6.084025],[-35.825652,-6.081968],[-35.828306,-6.081846],[-35.828492,-6.074998],[-35.832257,-6.070569],[-35.829705,-6.067381],[-35.826463,-6.065573],[-35.817077,-6.064179],[-35.811973,-6.064364],[-35.809159,-6.065951],[-35.805468,-6.070289],[-35.80385,-6.07286],[-35.799813,-6.075974]]]}},{"type":"Feature","id":442,"properties":{"sigla":"A34sc2","unidade":"Serra Caiada, paragnaisse","era":"Mesoarqueano","litotipo_principal":"Biotita gnaisse, Gnaisse quartzo-feldspático, Granada gnaisse","litotipo_secundario":"Anfibolito","grupo":"Complexo Serra Caiada","fonte":"Folhas João Câmara, Lajes, Natal, Santa Cruz, São José do MIpibu, São José do Campestre - GEOSBG/CPRM (2014)"},"geometry":{"type":"Polygon","coordinates":[[[-35.815457,-6.097675],[-35.810796,-6.101233],[-35.808,-6.103928],[-35.806346,-6.106487],[-35.806794,-6.108352],[-35.807363,-6.108463],[-35.808329,-6.107879],[-35.814896,-6.102048],[-35.819027,-6.099915],[-35.823389,-6.098412],[-35.828261,-6.097401],[-35.83043,-6.097305],[-35.832317,-6.097972],[-35.834944,-6.099706],[-35.836281,-6.101468],[-35.83681,-6.104291],[-35.836907,-6.1093],[-35.83763,-6.1113],[-35.838721,-6.112652],[-35.841502,-6.114426],[-35.843057,-6.116798],[-35.843359,-6.119481],[-35.842953,-6.121996],[-35.840677,-6.12596],[-35.841965,-6.127162],[-35.843059,-6.126846],[-35.844985,-6.124233],[-35.846392,-6.121296],[-35.847443,-6.117545],[-35.847554,-6.114618],[-35.846355,-6.111066],[-35.842025,-6.106639],[-35.840623,-6.104568],[-35.839946,-6.102187],[-35.839698,-6.09704],[-35.839002,-6.095665],[-35.836802,-6.094251],[-35.834738,-6.093599],[-35.830408,-6.093176],[-35.826826,-6.093304],[-35.820447,-6.094727],[-35.815457,-6.097675]]]}},{"type":"Feature","id":443,"properties":{"sigla":"A3_mu_p2","unidade":"Riacho das Telhas, talco xisto","era":"Mesoarqueano","litotipo_principal":"Tremolita-clorita xisto, Talco-clorita-serpentina xisto, Talco xisto","grupo":"Complexo Riacho das Telhas","fonte":"Folhas João Câmara, Lajes, Natal, Santa Cruz, São José do MIpibu, São José do Campestre - GEOSBG/CPRM (2014)"},"geometry":{"type":"Polygon","coordinates":[[[-35.764704,-6.047531],[-35.767575,-6.047096],[-35.768229,-6.045795],[-35.76485,-6.042404],[-35.764199,-6.04027],[-35.764228,-6.038623],[-35.765107,-6.037422],[-35.770603,-6.033403],[-35.771652,-6.031314],[-35.770737,-6.030309],[-35.766046,-6.030627],[-35.76289,-6.031731],[-35.759343,-6.034633],[-35.757084,-6.037723],[-35.756762,-6.040205],[-35.757647,-6.042496],[-35.760244,-6.044233],[-35.763272,-6.047137],[-35.764704,-6.047531]]]}},{"type":"Feature","id":444,"properties":{"sigla":"A34sc3","unidade":"Serra Caiada, formação ferrífera","era":"Mesoarqueano","litotipo_principal":"Formação ferrífera bandada","litotipo_secundario":"Anfibolito, Mármore, Rocha calcissilicática, Metabasito, Metaultramafito, Quartzito micáceo","grupo":"Complexo Serra Caiada","fonte":"Folhas João Câmara, Lajes, Natal, Santa Cruz, São José do MIpibu, São José do Campestre - GEOSBG/CPRM (2014)"},"geometry":{"type":"Polygon","coordinates":[[[-35.810203,-6.165364],[-35.81046,-6.161882],[-35.809548,-6.158951],[-35.807281,-6.156268],[-35.806031,-6.156013],[-35.804729,-6.156383],[-35.803649,-6.157475],[-35.802818,-6.159193],[-35.802587,-6.163693],[-35.801704,-6.166358],[-35.810203,-6.165364]]]}},{"type":"Feature","id":445,"properties":{"sigla":"A3_gamma_es","unidade":"Senador Elói de Souza","era":"Mesoarqueano","litotipo_secundario":"Anfibolito, Metagabro, Metanorito, Metanortosito, Ortognaisse","grupo":"Complexo Senador Elói de Souza","fonte":"Folhas João Câmara, Lajes, Natal, Santa Cruz, São José do MIpibu, São José do Campestre - GEOSBG/CPRM (2014)"},"geometry":{"type":"Polygon","coordinates":[[[-35.768252,-6.128927],[-35.771501,-6.128022],[-35.77774,-6.128354],[-35.782107,-6.126734],[-35.785009,-6.126359],[-35.799348,-6.127457],[-35.809022,-6.127141],[-35.815439,-6.126103],[-35.821028,-6.124025],[-35.825177,-6.123192],[-35.828897,-6.12351],[-35.83333,-6.124863],[-35.834,-6.125835],[-35.8343,-6.127428],[-35.833591,-6.130614],[-35.832828,-6.13144],[-35.829461,-6.132867],[-35.827301,-6.134729],[-35.825505,-6.138296],[-35.821337,-6.144085],[-35.820076,-6.147155],[-35.820563,-6.153183],[-35.819767,-6.162629],[-35.819293,-6.164811],[-35.817714,-6.168098],[-35.825301,-6.172029],[-35.826212,-6.16525],[-35.826125,-6.159908],[-35.826765,-6.155651],[-35.826683,-6.152315],[-35.827796,-6.148693],[-35.828786,-6.147434],[-35.83454,-6.143461],[-35.83914,-6.142583],[-35.843722,-6.1409],[-35.848087,-6.140574],[-35.853525,-6.141738],[-35.856535,-6.141615],[-35.857746,-6.140597],[-35.858671,-6.138916],[-35.860223,-6.133582],[-35.862916,-6.130735],[-35.864425,-6.129863],[-35.867966,-6.129402],[-35.872557,-6.127586],[-35.87825,-6.123625],[-35.880853,-6.118813],[-35.881695,-6.11522],[-35.881414,-6.109534],[-35.879496,-6.098258],[-35.87648,-6.090337],[-35.872977,-6.083483],[-35.866953,-6.074296],[-35.86151,-6.06735],[-35.858485,-6.062429],[-35.85691,-6.060855],[-35.854717,-6.059672],[-35.849622,-6.057665],[-35.844443,-6.056187],[-35.839474,-6.05625],[-35.833455,-6.055581],[-35.822339,-6.055826],[-35.802429,-6.054225],[-35.794183,-6.055581],[-35.78531,-6.057673],[-35.765971,-6.064446],[-35.759989,-6.067186],[-35.751689,-6.075981],[-35.74281,-6.086375],[-35.720874,-6.098192],[-35.714419,-6.103497],[-35.709178,-6.106933],[-35.706661,-6.111191],[-35.706491,-6.114532],[-35.70687,-6.116015],[-35.709015,-6.120582],[-35.711576,-6.122688],[-35.723035,-6.122364],[-35.731868,-6.122812],[-35.748102,-6.126016],[-35.753308,-6.126139],[-35.768252,-6.128927]],[[-35.816397,-6.096996],[-35.821586,-6.094325],[-35.828288,-6.093203],[-35.835162,-6.093688],[-35.837256,-6.094482],[-35.839122,-6.095796],[-35.839713,-6.097126],[-35.839946,-6.102187],[-35.840623,-6.104568],[-35.842025,-6.106639],[-35.846355,-6.111066],[-35.847554,-6.114618],[-35.847443,-6.117545],[-35.846299,-6.121546],[-35.844985,-6.124233],[-35.842973,-6.126925],[-35.841858,-6.127119],[-35.840677,-6.12596],[-35.842953,-6.121996],[-35.843359,-6.119481],[-35.843057,-6.116798],[-35.841502,-6.114426],[-35.838721,-6.112652],[-35.83763,-6.1113],[-35.836907,-6.1093],[-35.83681,-6.104291],[-35.836281,-6.101468],[-35.834944,-6.099706],[-35.832317,-6.097972],[-35.83043,-6.097305],[-35.828261,-6.097401],[-35.823389,-6.098412],[-35.819027,-6.099915],[-35.814896,-6.102048],[-35.808329,-6.107879],[-35.807363,-6.108463],[-35.806794,-6.108352],[-35.806346,-6.106487],[-35.808089,-6.103823],[-35.81104,-6.101031],[-35.816397,-6.096996]],[[-35.787341,-6.114732],[-35.783696,-6.114749],[-35.782865,-6.114058],[-35.782307,-6.112992],[-35.782006,-6.110815],[-35.782556,-6.108933],[-35.785131,-6.107677],[-35.7866,-6.107934],[-35.787905,-6.108775],[-35.78883,-6.110177],[-35.789198,-6.111825],[-35.788633,-6.114248],[-35.787341,-6.114732]],[[-35.780326,-6.107605],[-35.766664,-6.110946],[-35.760024,-6.111598],[-35.749378,-6.116246],[-35.73233,-6.119487],[-35.728128,-6.119709],[-35.72365,-6.119046],[-35.721746,-6.117438],[-35.720903,-6.115145],[-35.721187,-6.112362],[-35.722352,-6.110349],[-35.725343,-6.107216],[-35.730735,-6.102913],[-35.732905,-6.101647],[-35.736884,-6.100652],[-35.739344,-6.099462],[-35.755353,-6.088582],[-35.762001,-6.08458],[-35.771809,-6.079776],[-35.781243,-6.076313],[-35.785441,-6.075975],[-35.792471,-6.07615],[-35.796737,-6.075689],[-35.799659,-6.075956],[-35.80385,-6.07286],[-35.805468,-6.070289],[-35.809159,-6.065951],[-35.811793,-6.06441],[-35.817077,-6.064179],[-35.826463,-6.065573],[-35.829705,-6.067381],[-35.832257,-6.070569],[-35.834759,-6.068348],[-35.838149,-6.068265],[-35.844162,-6.070777],[-35.845648,-6.071967],[-35.846548,-6.073306],[-35.847444,-6.076014],[-35.848006,-6.082138],[-35.8448,-6.08992],[-35.844055,-6.091133],[-35.842183,-6.092334],[-35.839032,-6.092769],[-35.835683,-6.09266],[-35.833429,-6.092127],[-35.831078,-6.090952],[-35.829437,-6.089755],[-35.828763,-6.088706],[-35.828306,-6.081846],[-35.825652,-6.081968],[-35.818705,-6.084166],[-35.816668,-6.08664],[-35.810641,-6.090779],[-35.805767,-6.096208],[-35.802792,-6.098293],[-35.794922,-6.101126],[-35.79057,-6.103675],[-35.786413,-6.10546],[-35.780326,-6.107605]],[[-35.843486,-6.063855],[-35.848791,-6.063275],[-35.852097,-6.063645],[-35.854272,-6.064975],[-35.85586,-6.067366],[-35.855846,-6.068868],[-35.854265,-6.072918],[-35.853968,-6.074876],[-35.854848,-6.076201],[-35.858454,-6.07965],[-35.858861,-6.082771],[-35.857949,-6.084926],[-35.852023,-6.091052],[-35.854189,-6.085258],[-35.855114,-6.08087],[-35.854314,-6.078778],[-35.851767,-6.077267],[-35.850717,-6.07595],[-35.850713,-6.074146],[-35.851804,-6.070605],[-35.851868,-6.068876],[-35.851057,-6.067897],[-35.849133,-6.06769],[-35.846831,-6.066101],[-35.842399,-6.065136],[-35.841578,-6.064358],[-35.841712,-6.06361],[-35.843486,-6.063855]],[[-35.759212,-6.080144],[-35.75873,-6.079473],[-35.759171,-6.077275],[-35.760026,-6.075365],[-35.761374,-6.073695],[-35.774208,-6.066819],[-35.791819,-6.0607],[-35.799765,-6.0601],[-35.800834,-6.060312],[-35.80133,-6.061079],[-35.801326,-6.0619],[-35.800216,-6.063083],[-35.797634,-6.064144],[-35.794098,-6.064898],[-35.788314,-6.067278],[-35.779378,-6.069832],[-35.771267,-6.073442],[-35.763729,-6.078516],[-35.759212,-6.080144]]]}},{"type":"Feature","id":446,"properties":{"sigla":"A23j","unidade":"Presidente Juscelino","era":"Paleoarqueano","litotipo_secundario":"Migmatito estromático, Metagabronorito, Metatonalito, Metatrondhjemito","grupo":"Complexo Presidente Juscelino","fonte":"Folhas João Câmara, Lajes, Natal, Santa Cruz, São José do MIpibu, São José do Campestre - GEOSBG/CPRM (2014)"},"geometry":{"type":"Polygon","coordinates":[[[-35.801051,-6.075863],[-35.796737,-6.075689],[-35.792471,-6.07615],[-35.785441,-6.075975],[-35.781243,-6.076313],[-35.772515,-6.079479],[-35.764085,-6.083452],[-35.755838,-6.088267],[-35.739344,-6.099462],[-35.736884,-6.100652],[-35.732786,-6.101696],[-35.730078,-6.103416],[-35.72491,-6.107607],[-35.72176,-6.111164],[-35.720866,-6.114013],[-35.721439,-6.116939],[-35.722867,-6.118622],[-35.724645,-6.119315],[-35.729126,-6.119727],[-35.734431,-6.119195],[-35.749378,-6.116246],[-35.760024,-6.111598],[-35.766829,-6.110912],[-35.778772,-6.107651],[-35.782395,-6.104768],[-35.784908,-6.101628],[-35.787197,-6.099633],[-35.800253,-6.093077],[-35.802346,-6.089519],[-35.804538,-6.086935],[-35.806808,-6.085504],[-35.809414,-6.084652],[-35.810906,-6.083529],[-35.811977,-6.080661],[-35.8135,-6.078812],[-35.816276,-6.077897],[-35.821952,-6.076925],[-35.822826,-6.075969],[-35.823102,-6.074272],[-35.822394,-6.072549],[-35.818853,-6.071228],[-35.817069,-6.069294],[-35.81295,-6.068784],[-35.811569,-6.069168],[-35.8091,-6.070746],[-35.806595,-6.073352],[-35.804577,-6.074648],[-35.801051,-6.075863]],[[-35.745249,-6.105893],[-35.746984,-6.105541],[-35.7504,-6.103612],[-35.754219,-6.102464],[-35.757246,-6.100716],[-35.763562,-6.098446],[-35.76524,-6.098223],[-35.767685,-6.098542],[-35.768625,-6.098924],[-35.769049,-6.099669],[-35.768812,-6.101668],[-35.765415,-6.106012],[-35.763587,-6.10732],[-35.751981,-6.109911],[-35.74672,-6.11297],[-35.737322,-6.116089],[-35.726621,-6.116945],[-35.725816,-6.116709],[-35.72518,-6.11587],[-35.72488,-6.11399],[-35.725989,-6.111777],[-35.735088,-6.105848],[-35.738282,-6.105455],[-35.745249,-6.105893]]]}},{"type":"Feature","id":447,"properties":{"sigla":"A23j","unidade":"Presidente Juscelino","era":"Paleoarqueano","litotipo_secundario":"Migmatito estromático, Metagabronorito, Metatonalito, Metatrondhjemito","grupo":"Complexo Presidente Juscelino","fonte":"Folhas João Câmara, Lajes, Natal, Santa Cruz, São José do MIpibu, São José do Campestre - GEOSBG/CPRM (2014)"},"geometry":{"type":"MultiPolygon","coordinates":[[[[-35.62979,-6.064814],[-35.627522,-6.064877],[-35.6285,-6.065554],[-35.628684,-6.066121],[-35.629815,-6.065971],[-35.630198,-6.065214],[-35.630573,-6.065316],[-35.62979,-6.064814]]],[[[-35.620279,-6.065761],[-35.620521,-6.066455],[-35.621511,-6.066458],[-35.622305,-6.06706],[-35.623771,-6.065785],[-35.624884,-6.065899],[-35.625602,-6.065214],[-35.623259,-6.065727],[-35.622342,-6.06474],[-35.620279,-6.065761]]],[[[-35.870216,-6.157036],[-35.864956,-6.158944],[-35.861299,-6.158478],[-35.859247,-6.15871],[-35.858591,-6.159148],[-35.857491,-6.161174],[-35.85975,-6.161739],[-35.877909,-6.156944],[-35.88022,-6.157362],[-35.890129,-6.146245],[-35.897734,-6.137014],[-35.899782,-6.132562],[-35.900948,-6.127233],[-35.900785,-6.118887],[-35.897694,-6.110684],[-35.896125,-6.104231],[-35.893972,-6.097601],[-35.893285,-6.09276],[-35.893152,-6.087947],[-35.892207,-6.082677],[-35.886508,-6.069324],[-35.883154,-6.058851],[-35.88067,-6.057758],[-35.877089,-6.058105],[-35.876102,-6.058876],[-35.874267,-6.063721],[-35.874319,-6.067303],[-35.875896,-6.072214],[-35.880502,-6.080188],[-35.886436,-6.095299],[-35.889605,-6.108039],[-35.893025,-6.119303],[-35.893413,-6.122886],[-35.893178,-6.12746],[-35.892574,-6.130894],[-35.891579,-6.133537],[-35.88473,-6.143816],[-35.882862,-6.145847],[-35.878131,-6.149768],[-35.873909,-6.154186],[-35.870216,-6.157036]]],[[[-35.77038,-5.943631],[-35.762806,-5.94693],[-35.756946,-5.95139],[-35.751131,-5.957213],[-35.746664,-5.964435],[-35.744398,-5.971807],[-35.742324,-5.983322],[-35.739754,-5.991335],[-35.735429,-6.000375],[-35.731989,-6.009127],[-35.728904,-6.013566],[-35.725139,-6.017344],[-35.727541,-6.019806],[-35.728827,-6.022496],[-35.728898,-6.02482],[-35.727917,-6.027818],[-35.726154,-6.029294],[-35.722105,-6.031466],[-35.719845,-6.03232],[-35.717564,-6.03266],[-35.707731,-6.041221],[-35.707785,-6.043465],[-35.70724,-6.044413],[-35.705472,-6.045103],[-35.703958,-6.044573],[-35.695419,-6.051535],[-35.687717,-6.056263],[-35.688926,-6.056646],[-35.691159,-6.058806],[-35.691666,-6.060188],[-35.691363,-6.061306],[-35.684159,-6.066997],[-35.674702,-6.072144],[-35.672105,-6.07234],[-35.670678,-6.07112],[-35.669571,-6.070886],[-35.667679,-6.071504],[-35.665945,-6.07331],[-35.663617,-6.073178],[-35.662838,-6.071577],[-35.663016,-6.068999],[-35.663671,-6.067037],[-35.664971,-6.065475],[-35.652081,-6.070904],[-35.650626,-6.071163],[-35.648193,-6.071354],[-35.646595,-6.07094],[-35.644957,-6.069563],[-35.644285,-6.068172],[-35.644287,-6.06461],[-35.647512,-6.059718],[-35.653358,-6.053456],[-35.666491,-6.042764],[-35.669764,-6.040627],[-35.668808,-6.03932],[-35.668019,-6.03898],[-35.665333,-6.03926],[-35.661863,-6.038686],[-35.657482,-6.038789],[-35.656664,-6.037664],[-35.656285,-6.036066],[-35.656372,-6.034922],[-35.657514,-6.033398],[-35.656965,-6.032645],[-35.653218,-6.032845],[-35.64899,-6.034293],[-35.646899,-6.034094],[-35.645841,-6.032594],[-35.645358,-6.030689],[-35.645536,-6.030009],[-35.64727,-6.028177],[-35.646893,-6.026594],[-35.644455,-6.026115],[-35.641108,-6.027602],[-35.63848,-6.026953],[-35.637779,-6.025053],[-35.63497,-6.023079],[-35.634785,-6.020286],[-35.630837,-6.018443],[-35.628144,-6.017754],[-35.626191,-6.015697],[-35.624932,-6.015176],[-35.62444,-6.014057],[-35.62462,-6.01127],[-35.624265,-6.010495],[-35.622302,-6.010064],[-35.618767,-6.011039],[-35.613726,-6.010723],[-35.613395,-6.009515],[-35.615573,-6.00667],[-35.615702,-6.005023],[-35.615266,-6.004041],[-35.614056,-6.003551],[-35.613148,-6.002113],[-35.611615,-6.001173],[-35.60858,-6.000809],[-35.600117,-6.002519],[-35.598868,-6.002533],[-35.598147,-6.002116],[-35.593505,-6.007921],[-35.591991,-6.011123],[-35.591079,-6.01203],[-35.591712,-6.012274],[-35.596269,-6.011776],[-35.597325,-6.012309],[-35.597364,-6.013163],[-35.596491,-6.015299],[-35.592617,-6.018725],[-35.592729,-6.019085],[-35.593986,-6.019522],[-35.596777,-6.01907],[-35.599528,-6.013169],[-35.600842,-6.013581],[-35.602488,-6.01511],[-35.605051,-6.015286],[-35.60512,-6.016421],[-35.604046,-6.019621],[-35.601723,-6.023088],[-35.601696,-6.023933],[-35.602194,-6.024408],[-35.603312,-6.024344],[-35.604661,-6.023254],[-35.607295,-6.019452],[-35.6088,-6.019405],[-35.612216,-6.020163],[-35.614928,-6.024302],[-35.614753,-6.02593],[-35.613763,-6.028246],[-35.613721,-6.030303],[-35.614256,-6.032876],[-35.61573,-6.034182],[-35.618146,-6.034823],[-35.622549,-6.034909],[-35.625249,-6.037427],[-35.626103,-6.040275],[-35.626924,-6.041546],[-35.627026,-6.0436],[-35.624096,-6.046176],[-35.622089,-6.05054],[-35.622704,-6.052273],[-35.624685,-6.054039],[-35.623147,-6.05692],[-35.622106,-6.060263],[-35.622144,-6.060942],[-35.622839,-6.061629],[-35.623599,-6.06193],[-35.625268,-6.061523],[-35.628943,-6.061707],[-35.629643,-6.060152],[-35.62952,-6.056613],[-35.630689,-6.053476],[-35.631449,-6.052733],[-35.633662,-6.05172],[-35.63622,-6.047384],[-35.63938,-6.046803],[-35.64017,-6.050208],[-35.639734,-6.054086],[-35.641102,-6.058482],[-35.640811,-6.061355],[-35.639877,-6.062326],[-35.637172,-6.06297],[-35.633442,-6.066565],[-35.634466,-6.068234],[-35.638779,-6.072053],[-35.63901,-6.074147],[-35.639717,-6.074561],[-35.639381,-6.07609],[-35.638359,-6.076696],[-35.639761,-6.077484],[-35.640737,-6.078802],[-35.640172,-6.079547],[-35.640392,-6.080967],[-35.643562,-6.07995],[-35.644886,-6.080383],[-35.64573,-6.079716],[-35.646168,-6.080619],[-35.648071,-6.080334],[-35.648321,-6.078966],[-35.650032,-6.078476],[-35.65037,-6.077566],[-35.651395,-6.077796],[-35.652385,-6.076676],[-35.662334,-6.076738],[-35.671021,-6.075374],[-35.672306,-6.076731],[-35.674073,-6.081304],[-35.681371,-6.079895],[-35.681728,-6.081037],[-35.680943,-6.084107],[-35.681942,-6.08789],[-35.680882,-6.090794],[-35.680845,-6.0926],[-35.681481,-6.093017],[-35.6821,-6.094441],[-35.681121,-6.096825],[-35.681307,-6.098539],[-35.681914,-6.099791],[-35.683573,-6.099775],[-35.68502,-6.10075],[-35.686555,-6.10536],[-35.688817,-6.108562],[-35.691045,-6.110164],[-35.6946,-6.111738],[-35.695503,-6.112757],[-35.696084,-6.113961],[-35.695944,-6.114927],[-35.693679,-6.11816],[-35.699694,-6.126579],[-35.702157,-6.132851],[-35.703828,-6.13382],[-35.703517,-6.13423],[-35.704538,-6.135006],[-35.705797,-6.134961],[-35.707136,-6.1358],[-35.707031,-6.136724],[-35.708486,-6.139203],[-35.709929,-6.139209],[-35.70964,-6.139771],[-35.710091,-6.140337],[-35.70993,-6.141102],[-35.710542,-6.14169],[-35.710539,-6.142306],[-35.712153,-6.143473],[-35.712691,-6.144798],[-35.713037,-6.146343],[-35.712139,-6.14755],[-35.713255,-6.147726],[-35.71983,-6.147019],[-35.724068,-6.144936],[-35.726479,-6.142628],[-35.728883,-6.142464],[-35.731026,-6.143671],[-35.731622,-6.145545],[-35.732601,-6.146569],[-35.736109,-6.148141],[-35.73818,-6.150331],[-35.741545,-6.15172],[-35.74327,-6.153169],[-35.745657,-6.153479],[-35.751152,-6.155987],[-35.752761,-6.156947],[-35.754366,-6.158739],[-35.757484,-6.159242],[-35.759271,-6.160077],[-35.761062,-6.160178],[-35.763266,-6.15945],[-35.764237,-6.158159],[-35.762608,-6.15738],[-35.759941,-6.157164],[-35.757503,-6.156368],[-35.75498,-6.154534],[-35.75248,-6.153816],[-35.751731,-6.153023],[-35.751544,-6.151141],[-35.749283,-6.15018],[-35.748445,-6.149268],[-35.748168,-6.147946],[-35.748403,-6.146685],[-35.7508,-6.145501],[-35.753335,-6.145735],[-35.758465,-6.145242],[-35.759536,-6.145641],[-35.761683,-6.147672],[-35.76472,-6.148181],[-35.765656,-6.14774],[-35.766508,-6.146318],[-35.768138,-6.145547],[-35.768754,-6.144041],[-35.77025,-6.144037],[-35.771033,-6.14454],[-35.772569,-6.146934],[-35.778226,-6.147767],[-35.780433,-6.149179],[-35.780535,-6.150609],[-35.778746,-6.152492],[-35.778507,-6.15392],[-35.779221,-6.155628],[-35.781945,-6.159335],[-35.78302,-6.162098],[-35.785012,-6.162269],[-35.785883,-6.161955],[-35.789463,-6.157097],[-35.791241,-6.15582],[-35.792922,-6.155558],[-35.794994,-6.15589],[-35.796282,-6.156448],[-35.797023,-6.157353],[-35.797075,-6.15855],[-35.79636,-6.161006],[-35.793572,-6.164243],[-35.791965,-6.167349],[-35.790903,-6.168316],[-35.789313,-6.168813],[-35.786087,-6.17076],[-35.784086,-6.1727],[-35.78374,-6.173779],[-35.784202,-6.173347],[-35.78416,-6.172704],[-35.786191,-6.171591],[-35.801704,-6.166358],[-35.802571,-6.163795],[-35.802936,-6.158854],[-35.804091,-6.156897],[-35.805624,-6.156055],[-35.807458,-6.156391],[-35.809814,-6.15944],[-35.810487,-6.162218],[-35.810203,-6.165364],[-35.812432,-6.165104],[-35.817714,-6.168098],[-35.819621,-6.163613],[-35.820563,-6.153183],[-35.820492,-6.150452],[-35.820128,-6.151184],[-35.818825,-6.151031],[-35.81889,-6.149504],[-35.818037,-6.14638],[-35.818243,-6.143565],[-35.819002,-6.14117],[-35.820311,-6.138856],[-35.825739,-6.133296],[-35.826054,-6.130881],[-35.825398,-6.129047],[-35.823145,-6.128239],[-35.818794,-6.128208],[-35.816556,-6.128789],[-35.812887,-6.130759],[-35.803943,-6.132343],[-35.795503,-6.132079],[-35.79075,-6.132415],[-35.781153,-6.131482],[-35.771864,-6.132744],[-35.770715,-6.132209],[-35.768215,-6.129575],[-35.768207,-6.128966],[-35.753452,-6.126161],[-35.74826,-6.126041],[-35.741809,-6.12452],[-35.731162,-6.122744],[-35.723035,-6.122364],[-35.711576,-6.122688],[-35.710165,-6.121842],[-35.708944,-6.120475],[-35.706495,-6.114612],[-35.706738,-6.110928],[-35.708221,-6.108073],[-35.709311,-6.106812],[-35.714297,-6.103588],[-35.721856,-6.097556],[-35.742577,-6.086562],[-35.74488,-6.084286],[-35.751689,-6.075981],[-35.760387,-6.066924],[-35.765971,-6.064446],[-35.783732,-6.058129],[-35.793162,-6.055787],[-35.802429,-6.054225],[-35.765895,-6.052925],[-35.761196,-6.052321],[-35.753158,-6.05423],[-35.750513,-6.055406],[-35.747868,-6.057463],[-35.738756,-6.058051],[-35.73611,-6.059521],[-35.730682,-6.064237],[-35.734149,-6.058254],[-35.738164,-6.055097],[-35.741341,-6.053583],[-35.747355,-6.051725],[-35.753907,-6.05097],[-35.748144,-6.049627],[-35.743381,-6.047887],[-35.741397,-6.046694],[-35.739865,-6.044758],[-35.738415,-6.041057],[-35.738216,-6.037212],[-35.739088,-6.033442],[-35.741168,-6.029816],[-35.743502,-6.027703],[-35.748269,-6.024836],[-35.760697,-6.019259],[-35.766552,-6.0156],[-35.770093,-6.012696],[-35.775778,-6.007123],[-35.780191,-6.002101],[-35.781571,-5.999517],[-35.782013,-5.995759],[-35.780946,-5.99205],[-35.77984,-5.990743],[-35.775644,-5.988632],[-35.771933,-5.987639],[-35.765857,-5.987507],[-35.757855,-5.989313],[-35.756092,-5.988912],[-35.75504,-5.988211],[-35.754376,-5.986086],[-35.755038,-5.984129],[-35.758955,-5.978851],[-35.76233,-5.976132],[-35.770612,-5.973104],[-35.774668,-5.972466],[-35.781837,-5.973241],[-35.788356,-5.975402],[-35.799513,-5.981034],[-35.813954,-5.989901],[-35.815731,-5.99149],[-35.817141,-5.993433],[-35.81921,-5.998726],[-35.819382,-6.002229],[-35.818741,-6.006564],[-35.816664,-6.010057],[-35.814306,-6.012731],[-35.803332,-6.022117],[-35.799112,-6.024979],[-35.793635,-6.027809],[-35.777213,-6.034689],[-35.774163,-6.036432],[-35.773747,-6.037105],[-35.773522,-6.039642],[-35.775196,-6.042601],[-35.781819,-6.044646],[-35.798868,-6.045471],[-35.806826,-6.046545],[-35.812294,-6.046753],[-35.82286,-6.045517],[-35.830935,-6.045455],[-35.843888,-6.041953],[-35.838856,-6.042823],[-35.827212,-6.04335],[-35.813371,-6.044696],[-35.805658,-6.043956],[-35.794265,-6.041786],[-35.790926,-6.041788],[-35.789039,-6.040586],[-35.78841,-6.038767],[-35.788774,-6.036552],[-35.789332,-6.035109],[-35.790576,-6.033876],[-35.793397,-6.032093],[-35.803974,-6.027466],[-35.817169,-6.02093],[-35.821347,-6.018075],[-35.827561,-6.012075],[-35.832231,-6.005747],[-35.835088,-6.00032],[-35.836723,-5.994378],[-35.836516,-5.989418],[-35.83575,-5.986126],[-35.834688,-5.983842],[-35.82836,-5.976262],[-35.825112,-5.972949],[-35.814957,-5.964611],[-35.798538,-5.955215],[-35.790875,-5.949596],[-35.781012,-5.943343],[-35.778849,-5.942587],[-35.776228,-5.942331],[-35.77038,-5.943631]],[[-35.779309,-5.950291],[-35.777233,-5.949662],[-35.775789,-5.948212],[-35.775793,-5.945605],[-35.777336,-5.943661],[-35.780208,-5.944224],[-35.781533,-5.946365],[-35.781867,-5.949116],[-35.780895,-5.949967],[-35.779309,-5.950291]],[[-35.764748,-5.947984],[-35.761853,-5.95133],[-35.752045,-5.958832],[-35.752448,-5.957715],[-35.75355,-5.956578],[-35.764748,-5.947984]],[[-35.745839,-6.019196],[-35.745027,-6.018603],[-35.745428,-6.01667],[-35.749312,-6.011661],[-35.752047,-6.006598],[-35.757963,-6.00017],[-35.760978,-5.998338],[-35.764075,-5.99779],[-35.767825,-5.998476],[-35.770055,-6.00023],[-35.771182,-6.002417],[-35.771334,-6.004554],[-35.770333,-6.006263],[-35.767941,-6.008589],[-35.765698,-6.010039],[-35.755612,-6.01479],[-35.751222,-6.017796],[-35.74813,-6.018907],[-35.745839,-6.019196]],[[-35.713877,-6.049207],[-35.715344,-6.049734],[-35.71535,-6.052501],[-35.715794,-6.053077],[-35.716946,-6.053455],[-35.717263,-6.054523],[-35.716892,-6.056596],[-35.71544,-6.059429],[-35.715314,-6.061056],[-35.71576,-6.061465],[-35.717189,-6.061454],[-35.717774,-6.062102],[-35.717611,-6.06412],[-35.71826,-6.065844],[-35.717825,-6.067435],[-35.720286,-6.068804],[-35.720288,-6.070801],[-35.721115,-6.072416],[-35.72371,-6.073759],[-35.724172,-6.075691],[-35.7239,-6.078041],[-35.724916,-6.078762],[-35.724878,-6.079773],[-35.725867,-6.080629],[-35.726014,-6.081253],[-35.724727,-6.08297],[-35.720558,-6.083681],[-35.720066,-6.085851],[-35.718087,-6.088938],[-35.716235,-6.08985],[-35.711745,-6.090662],[-35.712716,-6.090759],[-35.712708,-6.091271],[-35.710085,-6.094681],[-35.705514,-6.097946],[-35.703756,-6.098479],[-35.703782,-6.097145],[-35.704758,-6.095478],[-35.708473,-6.092248],[-35.710755,-6.09104],[-35.709295,-6.086567],[-35.700115,-6.092878],[-35.695342,-6.093819],[-35.6938,-6.093744],[-35.693435,-6.093287],[-35.694218,-6.090947],[-35.69653,-6.088197],[-35.701051,-6.085085],[-35.705563,-6.08289],[-35.705966,-6.080483],[-35.70839,-6.076652],[-35.707777,-6.074208],[-35.705344,-6.071661],[-35.706936,-6.063961],[-35.706402,-6.060109],[-35.705764,-6.059005],[-35.7038,-6.057724],[-35.702424,-6.05617],[-35.701902,-6.055021],[-35.701924,-6.053617],[-35.702451,-6.052531],[-35.704112,-6.05086],[-35.704646,-6.047013],[-35.705819,-6.046546],[-35.707361,-6.047],[-35.709233,-6.045337],[-35.71296,-6.045166],[-35.714408,-6.045497],[-35.714621,-6.046529],[-35.713647,-6.048169],[-35.713877,-6.049207]],[[-35.734559,-6.066081],[-35.737989,-6.066889],[-35.740106,-6.069788],[-35.740202,-6.072831],[-35.739737,-6.074688],[-35.738546,-6.076196],[-35.736863,-6.076962],[-35.734503,-6.076989],[-35.731906,-6.075914],[-35.731098,-6.075017],[-35.730308,-6.072631],[-35.73011,-6.070532],[-35.730773,-6.068541],[-35.732449,-6.066897],[-35.734559,-6.066081]]]]}},{"type":"Feature","id":448,"properties":{"sigla":"Q2a","unidade":"Depósitos aluvionares","era":"Cenozóico","periodo":"Neogeno","litotipo_principal":"Areia, Areia arcoseana","grupo":"Depósitos aluvionares","fonte":"Folhas João Câmara, Lajes, Natal, Santa Cruz, São José do MIpibu, São José do Campestre - GEOSBG/CPRM (2014)"},"geometry":{"type":"Polygon","coordinates":[[[-35.999982,-5.906748],[-35.999983,-5.915391],[-36.002325,-5.916986],[-36.003421,-5.91553],[-36.004203,-5.915466],[-36.006843,-5.917453],[-36.009288,-5.917874],[-36.010503,-5.919478],[-36.011013,-5.919447],[-36.010278,-5.916961],[-36.007427,-5.916266],[-36.007329,-5.915483],[-36.008183,-5.914672],[-36.008017,-5.914059],[-36.006724,-5.914392],[-36.005673,-5.913774],[-36.006707,-5.911162],[-36.006028,-5.91109],[-36.004693,-5.912851],[-36.003058,-5.913522],[-36.002795,-5.911719],[-36.001945,-5.911782],[-36.000899,-5.910763],[-36.000799,-5.909128],[-36.001623,-5.907579],[-35.999982,-5.906748]]]}}]}