{"type":"FeatureCollection","features":[{"type":"Feature","id":1,"properties":{"unidade":"LAd - Latossolo Amarelo Distrofico","ordem":"LATOSSOLO","subordem":"AMARELO","textura":"midia","relevo":"plano","fator_k":0.041,"fonte":"Folhas SB.24 e SB.25 - RADAMBRASIL (1981)"},"geometry":{"type":"Polygon","coordinates":[[[-36.373411,-6.059874],[-36.373906,-6.061388],[-36.375245,-6.062911],[-36.376402,-6.065258],[-36.375446,-6.068919],[-36.373354,-6.070608],[-36.37238,-6.070798],[-36.370815,-6.071961],[-36.36982,-6.075957],[-36.368744,-6.07683],[-36.365717,-6.078181],[-36.362295,-6.081509],[-36.359366,-6.081272],[-36.353607,-6.083195],[-36.352134,-6.085528],[-36.349962,-6.091176],[-36.347512,-6.093993],[-36.348188,-6.095461],[-36.349124,-6.095305],[-36.35105,-6.093091],[-36.351529,-6.092977],[-36.35318,-6.091227],[-36.353549,-6.089997],[-36.354554,-6.089126],[-36.356546,-6.088528],[-36.35717,-6.087841],[-36.356918,-6.086881],[-36.357264,-6.086561],[-36.358548,-6.086752],[-36.358882,-6.086391],[-36.35802,-6.084465],[-36.359591,-6.082103],[-36.360573,-6.082325],[-36.362352,-6.083685],[-36.363652,-6.082791],[-36.365876,-6.082705],[-36.366482,-6.082077],[-36.367695,-6.081933],[-36.367835,-6.081492],[-36.369317,-6.081751],[-36.369939,-6.079905],[-36.370679,-6.080099],[-36.371756,-6.079688],[-36.372027,-6.076918],[-36.372867,-6.076639],[-36.373035,-6.07574],[-36.372699,-6.075107],[-36.374404,-6.074402],[-36.374298,-6.072856],[-36.376461,-6.072569],[-36.377596,-6.071783],[-36.378461,-6.069862],[-36.37959,-6.069582],[-36.380587,-6.070313],[-36.381325,-6.069858],[-36.381306,-6.068112],[-36.380391,-6.067118],[-36.380179,-6.065541],[-36.381765,-6.064424],[-36.382104,-6.062929],[-36.383558,-6.062782],[-36.384145,-6.061704],[-36.383941,-6.060113],[-36.384707,-6.058641],[-36.385636,-6.058537],[-36.386013,-6.058944],[-36.388299,-6.056847],[-36.388904,-6.05706],[-36.38978,-6.05585],[-36.390285,-6.055699],[-36.39071,-6.056157],[-36.392531,-6.054679],[-36.392629,-6.053953],[-36.395432,-6.053849],[-36.395871,-6.052788],[-36.396545,-6.052627],[-36.395984,-6.051381],[-36.395024,-6.050496],[-36.39594,-6.050371],[-36.396709,-6.049734],[-36.397137,-6.04996],[-36.397286,-6.051052],[-36.398648,-6.052197],[-36.399688,-6.05127],[-36.399657,-6.050484],[-36.400115,-6.050339],[-36.400633,-6.048582],[-36.401707,-6.04924],[-36.404028,-6.049272],[-36.404716,-6.050014],[-36.405605,-6.048674],[-36.40538,-6.048031],[-36.406367,-6.047756],[-36.406797,-6.046406],[-36.408283,-6.045386],[-36.408494,-6.044307],[-36.408995,-6.043832],[-36.411178,-6.04346],[-36.411445,-6.044025],[-36.412769,-6.044391],[-36.413563,-6.044001],[-36.413379,-6.043105],[-36.412707,-6.042433],[-36.411782,-6.042663],[-36.411255,-6.042392],[-36.411115,-6.041519],[-36.411653,-6.040437],[-36.412024,-6.040628],[-36.41201,-6.039957],[-36.410022,-6.039621],[-36.41055,-6.037904],[-36.409403,-6.035743],[-36.407529,-6.035871],[-36.406424,-6.035032],[-36.405782,-6.035866],[-36.4058,-6.036761],[-36.404429,-6.037577],[-36.404507,-6.038307],[-36.403276,-6.03894],[-36.402098,-6.038767],[-36.401558,-6.037609],[-36.400238,-6.037455],[-36.399656,-6.036772],[-36.399102,-6.037058],[-36.398421,-6.036772],[-36.39807,-6.035851],[-36.397057,-6.034938],[-36.395692,-6.035073],[-36.395136,-6.03393],[-36.395819,-6.032681],[-36.395833,-6.031449],[-36.396439,-6.031761],[-36.397517,-6.031391],[-36.397951,-6.030757],[-36.396758,-6.029246],[-36.395881,-6.028851],[-36.395296,-6.028849],[-36.394119,-6.030599],[-36.393336,-6.031083],[-36.391293,-6.03078],[-36.390112,-6.032921],[-36.389214,-6.0376],[-36.387745,-6.038958],[-36.38774,-6.039738],[-36.38803,-6.040422],[-36.388808,-6.040817],[-36.39144,-6.04044],[-36.392409,-6.041907],[-36.392106,-6.043955],[-36.389759,-6.045602],[-36.386934,-6.045491],[-36.385075,-6.04714],[-36.383511,-6.047912],[-36.380393,-6.047898],[-36.379027,-6.048477],[-36.378436,-6.049449],[-36.379104,-6.052575],[-36.378511,-6.054132],[-36.376358,-6.055975],[-36.374394,-6.059186],[-36.373411,-6.059874]]]}},{"type":"Feature","id":2,"properties":{"unidade":"LAd - Latossolo Amarelo Distrofico","ordem":"LATOSSOLO","subordem":"AMARELO","textura":"midia","relevo":"plano","fator_k":0.041,"fonte":"Folhas SB.24 e SB.25 - RADAMBRASIL (1981)"},"geometry":{"type":"Polygon","coordinates":[[[-36.363551,-5.920092],[-36.362878,-5.920427],[-36.361788,-5.917849],[-36.361802,-5.914896],[-36.360925,-5.913051],[-36.359406,-5.911865],[-36.35111,-5.909576],[-36.349344,-5.910938],[-36.347574,-5.913276],[-36.347371,-5.914842],[-36.348339,-5.916901],[-36.349705,-5.917299],[-36.352645,-5.915551],[-36.353914,-5.915852],[-36.354493,-5.917322],[-36.356346,-5.918212],[-36.357902,-5.919785],[-36.358479,-5.921842],[-36.359642,-5.923708],[-36.36101,-5.923909],[-36.363219,-5.922549],[-36.363551,-5.920092]]]}},{"type":"Feature","id":3,"properties":{"unidade":"PVe - Argissolo Vermelho Eutrofico","ordem":"ARGISSOLO","subordem":"VERMELHO","textura":"arenosa/argilosa","relevo":"suave ondulado","fator_k":0.045,"fonte":"Folhas SB.24 e SB.25 - RADAMBRASIL (1981)"},"geometry":{"type":"MultiPolygon","coordinates":[[[[-36.249618,-6.176468],[-36.247565,-6.177629],[-36.24609,-6.180352],[-36.244522,-6.182002],[-36.24247,-6.183064],[-36.239629,-6.18588],[-36.238065,-6.186748],[-36.2367,-6.186741],[-36.234947,-6.186342],[-36.233686,-6.185165],[-36.229916,-6.179097],[-36.229343,-6.176949],[-36.227882,-6.175719],[-36.228952,-6.180451],[-36.233306,-6.185091],[-36.235106,-6.189286],[-36.237516,-6.191372],[-36.243194,-6.191371],[-36.249746,-6.178878],[-36.251673,-6.177724],[-36.254557,-6.177463],[-36.254295,-6.176047],[-36.251773,-6.174334],[-36.250702,-6.174328],[-36.249618,-6.176468]]],[[[-36.224824,-6.173448],[-36.225595,-6.173432],[-36.226533,-6.173869],[-36.223989,-6.17254],[-36.224824,-6.173448]]]]}},{"type":"Feature","id":4,"properties":{"unidade":"PVe - Argissolo Vermelho Eutrofico","ordem":"ARGISSOLO","subordem":"VERMELHO","textura":"arenosa/argilosa","relevo":"suave ondulado","fator_k":0.045,"fonte":"Folhas SB.24 e SB.25 - RADAMBRASIL (1981)"},"geometry":{"type":"MultiPolygon","coordinates":[[[[-36.140834,-6.096315],[-36.14163,-6.096152],[-36.141999,-6.096206],[-36.140672,-6.095423],[-36.140834,-6.096315]]],[[[-36.139895,-6.095597],[-36.140643,-6.095405],[-36.138873,-6.094001],[-36.139362,-6.095248],[-36.139895,-6.095597]]],[[[-36.127081,-6.088738],[-36.126879,-6.091089],[-36.127105,-6.090852],[-36.128031,-6.091168],[-36.129588,-6.090601],[-36.131329,-6.091167],[-36.133365,-6.092646],[-36.135582,-6.091715],[-36.136769,-6.091908],[-36.138228,-6.092865],[-36.136717,-6.090448],[-36.134672,-6.090241],[-36.13184,-6.091494],[-36.129032,-6.08826],[-36.127961,-6.088157],[-36.127081,-6.088738]]]]}},{"type":"Feature","id":5,"properties":{"unidade":"RLe - Neossolo Litilico Eutrtfico","ordem":"NEOSSOLO","subordem":"LITSLICO","textura":"arenosa e madia","relevo":"forte ondulado e ondulado","fator_k":0.053,"fonte":"Folhas SB.24 e SB.25 - RADAMBRASIL (1981)"},"geometry":{"type":"Polygon","coordinates":[[[-36.237359,-6.191134],[-36.236924,-6.191132],[-36.237516,-6.191372],[-36.237359,-6.191134]]]}},{"type":"Feature","id":6,"properties":{"unidade":"SXe - Planossolo H plico Eutrafico","ordem":"PLANOSSOLO","subordem":"HLPLICO","textura":"arenosa/argilosa","relevo":"plano e suave ondulado","fator_k":0.031,"fonte":"Folhas SB.24 e SB.25 - RADAMBRASIL (1981)"},"geometry":{"type":"Polygon","coordinates":[[[-36.064435,-5.843881],[-36.065707,-5.848937],[-36.067645,-5.85198],[-36.071839,-5.853078],[-36.073213,-5.851813],[-36.074387,-5.851721],[-36.075272,-5.850551],[-36.075086,-5.84879],[-36.074119,-5.847024],[-36.074029,-5.845262],[-36.072966,-5.843007],[-36.071441,-5.841302],[-36.066663,-5.841098],[-36.064435,-5.843881]]]}},{"type":"Feature","id":7,"properties":{"unidade":"TCo - Luvissolo CrEmico irtico","ordem":"LUVISSOLO","subordem":"CRVMICO","textura":"mrdia/argilosa","relevo":"plano e suave ondulado","fator_k":0.039,"fonte":"Folhas SB.24 e SB.25 - RADAMBRASIL (1981)"},"geometry":{"type":"Polygon","coordinates":[[[-36.280697,-5.841409],[-36.280004,-5.84307],[-36.277656,-5.84394],[-36.276967,-5.844817],[-36.276569,-5.846381],[-36.277341,-5.848438],[-36.279572,-5.851579],[-36.279956,-5.853147],[-36.279952,-5.854126],[-36.27877,-5.855686],[-36.276915,-5.855579],[-36.276429,-5.855185],[-36.273224,-5.850963],[-36.272541,-5.850763],[-36.270483,-5.852025],[-36.270479,-5.852906],[-36.271834,-5.855457],[-36.272312,-5.857612],[-36.271614,-5.860642],[-36.272484,-5.862504],[-36.273152,-5.86564],[-36.274221,-5.867113],[-36.275294,-5.867314],[-36.276472,-5.86634],[-36.279985,-5.867238],[-36.280568,-5.867828],[-36.283856,-5.875086],[-36.286094,-5.877052],[-36.287063,-5.878918],[-36.2892,-5.881275],[-36.288604,-5.883328],[-36.288987,-5.884895],[-36.293247,-5.893234],[-36.297246,-5.894818],[-36.29822,-5.895508],[-36.298991,-5.897664],[-36.299864,-5.898843],[-36.301033,-5.899729],[-36.302888,-5.900031],[-36.304067,-5.898765],[-36.305068,-5.893877],[-36.305753,-5.893391],[-36.308099,-5.893304],[-36.308396,-5.892621],[-36.308617,-5.887338],[-36.309511,-5.884212],[-36.309516,-5.883233],[-36.308068,-5.879509],[-36.308561,-5.87863],[-36.311102,-5.878544],[-36.313158,-5.877674],[-36.31365,-5.876893],[-36.316195,-5.875926],[-36.317759,-5.875934],[-36.319027,-5.876429],[-36.321841,-5.880846],[-36.32321,-5.880657],[-36.324483,-5.879978],[-36.32812,-5.875397],[-36.32907,-5.875627],[-36.328729,-5.874928],[-36.329804,-5.873755],[-36.329735,-5.873108],[-36.328122,-5.872007],[-36.326899,-5.869037],[-36.325903,-5.869076],[-36.324882,-5.868152],[-36.324646,-5.865654],[-36.319676,-5.866094],[-36.314446,-5.864171],[-36.309497,-5.864719],[-36.301716,-5.861221],[-36.297504,-5.858865],[-36.293292,-5.855653],[-36.291365,-5.851727],[-36.292079,-5.848514],[-36.293219,-5.846686],[-36.294675,-5.845687],[-36.295975,-5.843778],[-36.296666,-5.843647],[-36.297457,-5.842757],[-36.297456,-5.841979],[-36.296025,-5.840854],[-36.294787,-5.840574],[-36.293132,-5.841248],[-36.291671,-5.840605],[-36.289881,-5.84084],[-36.288949,-5.840496],[-36.287876,-5.839004],[-36.282692,-5.835005],[-36.278931,-5.834526],[-36.276731,-5.835796],[-36.278467,-5.83768],[-36.279539,-5.838273],[-36.280697,-5.841409]]]}},{"type":"Feature","id":8,"properties":{"unidade":"TCo - Luvissolo CrEmico irtico","ordem":"LUVISSOLO","subordem":"CRVMICO","textura":"mrdia/argilosa","relevo":"suave ondulado","fator_k":0.039,"fonte":"Folhas SB.24 e SB.25 - RADAMBRASIL (1981)"},"geometry":{"type":"Polygon","coordinates":[[[-36.203065,-5.951296],[-36.201794,-5.95129],[-36.200672,-5.950698],[-36.198781,-5.951913],[-36.200681,-5.959062],[-36.198621,-5.960519],[-36.197832,-5.961787],[-36.198119,-5.962963],[-36.199189,-5.964143],[-36.20533,-5.967108],[-36.206497,-5.968485],[-36.206589,-5.969463],[-36.209116,-5.972118],[-36.212107,-5.979863],[-36.212198,-5.981233],[-36.211801,-5.982307],[-36.210821,-5.98289],[-36.210032,-5.984352],[-36.210027,-5.985331],[-36.210993,-5.987488],[-36.216169,-5.988202],[-36.222194,-5.994982],[-36.22659,-5.9952],[-36.228147,-5.996774],[-36.230486,-5.998058],[-36.232445,-5.997089],[-36.234788,-5.997589],[-36.236353,-5.997206],[-36.236661,-5.994567],[-36.236082,-5.9929],[-36.235111,-5.991819],[-36.231009,-5.991211],[-36.229655,-5.988221],[-36.229665,-5.986362],[-36.230736,-5.985248],[-36.232338,-5.984722],[-36.234038,-5.985478],[-36.23553,-5.985059],[-36.236389,-5.983942],[-36.236287,-5.982982],[-36.237808,-5.980238],[-36.237325,-5.978964],[-36.236351,-5.978079],[-36.234399,-5.977971],[-36.23323,-5.977183],[-36.232842,-5.976397],[-36.229826,-5.97374],[-36.22778,-5.972556],[-36.22613,-5.970297],[-36.224956,-5.970389],[-36.222797,-5.97253],[-36.221431,-5.971839],[-36.220458,-5.97105],[-36.219297,-5.968501],[-36.217644,-5.967124],[-36.21601,-5.961733],[-36.213963,-5.96045],[-36.212412,-5.957997],[-36.21085,-5.957695],[-36.206856,-5.955131],[-36.20628,-5.95327],[-36.206486,-5.951216],[-36.206098,-5.95053],[-36.205319,-5.950037],[-36.204145,-5.950031],[-36.203065,-5.951296]]]}},{"type":"Feature","id":9,"properties":{"unidade":"TCo - Luvissolo CrEmico irtico","ordem":"LUVISSOLO","subordem":"CRVMICO","textura":"mrdia/argilosa","relevo":"suave ondulado","fator_k":0.039,"fonte":"Folhas SB.24 e SB.25 - RADAMBRASIL (1981)"},"geometry":{"type":"Polygon","coordinates":[[[-36.263323,-5.907764],[-36.262346,-5.90776],[-36.259917,-5.904811],[-36.25943,-5.904809],[-36.259126,-5.906862],[-36.260091,-5.909313],[-36.259685,-5.912442],[-36.260357,-5.9145],[-36.262299,-5.91725],[-36.262578,-5.920285],[-36.260111,-5.923953],[-36.259904,-5.927414],[-36.26214,-5.929775],[-36.262422,-5.932123],[-36.264265,-5.934774],[-36.268545,-5.939002],[-36.270008,-5.939109],[-36.275673,-5.935969],[-36.276416,-5.936719],[-36.278256,-5.931614],[-36.277211,-5.925249],[-36.275184,-5.920151],[-36.27472,-5.91506],[-36.271141,-5.907411],[-36.269714,-5.899772],[-36.268078,-5.894479],[-36.266043,-5.891142],[-36.265106,-5.89055],[-36.264349,-5.892679],[-36.262121,-5.893863],[-36.260647,-5.895519],[-36.261109,-5.900903],[-36.262274,-5.902377],[-36.26382,-5.906004],[-36.263913,-5.907082],[-36.263323,-5.907764]]]}},{"type":"Feature","id":10,"properties":{"unidade":"TCo - Luvissolo CrEmico irtico","ordem":"LUVISSOLO","subordem":"CRVMICO","textura":"mrdia/argilosa","relevo":"suave ondulado","fator_k":0.039,"fonte":"Folhas SB.24 e SB.25 - RADAMBRASIL (1981)"},"geometry":{"type":"Polygon","coordinates":[[[-36.333612,-5.905004],[-36.332244,-5.904997],[-36.329811,-5.902931],[-36.325411,-5.9033],[-36.322476,-5.903971],[-36.321002,-5.905922],[-36.321181,-5.909347],[-36.321668,-5.909546],[-36.321665,-5.910229],[-36.323708,-5.912001],[-36.327514,-5.913193],[-36.328882,-5.913102],[-36.336125,-5.910984],[-36.342843,-5.916105],[-36.34303,-5.917965],[-36.342146,-5.918841],[-36.342335,-5.920407],[-36.34311,-5.921781],[-36.342795,-5.926281],[-36.34415,-5.929028],[-36.346094,-5.93119],[-36.349389,-5.93698],[-36.350268,-5.936984],[-36.351436,-5.938261],[-36.351227,-5.941],[-36.35307,-5.943944],[-36.352966,-5.945314],[-36.35208,-5.946484],[-36.349399,-5.946917],[-36.348966,-5.948195],[-36.347962,-5.948989],[-36.345504,-5.949369],[-36.344964,-5.952713],[-36.342994,-5.955932],[-36.342016,-5.956221],[-36.339188,-5.955131],[-36.336439,-5.957467],[-36.334975,-5.957166],[-36.333994,-5.95765],[-36.33321,-5.958136],[-36.332708,-5.96097],[-36.331241,-5.961257],[-36.329874,-5.960957],[-36.328008,-5.962808],[-36.326637,-5.963388],[-36.32615,-5.962897],[-36.325853,-5.963971],[-36.326427,-5.96642],[-36.325738,-5.967395],[-36.321344,-5.966396],[-36.319675,-5.968149],[-36.319276,-5.969516],[-36.319952,-5.971477],[-36.321613,-5.971486],[-36.323455,-5.974724],[-36.326387,-5.974737],[-36.326866,-5.976794],[-36.327643,-5.977679],[-36.330085,-5.978083],[-36.331054,-5.979654],[-36.331835,-5.979852],[-36.333503,-5.978589],[-36.336441,-5.977331],[-36.337607,-5.978804],[-36.339558,-5.979498],[-36.340336,-5.980285],[-36.340717,-5.982439],[-36.338754,-5.984093],[-36.338551,-5.985757],[-36.337364,-5.98849],[-36.334916,-5.98936],[-36.333353,-5.989058],[-36.332088,-5.988074],[-36.330916,-5.98797],[-36.32758,-5.990497],[-36.326409,-5.9901],[-36.324858,-5.987647],[-36.322421,-5.986264],[-36.321635,-5.986946],[-36.321038,-5.989193],[-36.32035,-5.990071],[-36.319079,-5.990065],[-36.318108,-5.988885],[-36.316738,-5.989173],[-36.316039,-5.9923],[-36.317692,-5.993874],[-36.319646,-5.99408],[-36.322765,-5.995953],[-36.324278,-5.999234],[-36.327248,-6.00181],[-36.327038,-6.003217],[-36.327334,-6.004326],[-36.329849,-6.003936],[-36.330948,-6.00525],[-36.331082,-6.008442],[-36.332333,-6.011472],[-36.331255,-6.012735],[-36.330564,-6.014488],[-36.332102,-6.018983],[-36.331998,-6.020347],[-36.329046,-6.026186],[-36.330487,-6.030486],[-36.330376,-6.032924],[-36.331537,-6.034784],[-36.332609,-6.034984],[-36.335424,-6.037046],[-36.335215,-6.040069],[-36.336376,-6.041635],[-36.33803,-6.042033],[-36.342715,-6.040691],[-36.343883,-6.040892],[-36.344561,-6.041676],[-36.344337,-6.047625],[-36.346462,-6.051537],[-36.346734,-6.055636],[-36.347803,-6.056226],[-36.34946,-6.056235],[-36.349847,-6.056627],[-36.35209,-6.056541],[-36.354434,-6.055478],[-36.356782,-6.053637],[-36.35883,-6.053354],[-36.361843,-6.05493],[-36.364087,-6.054355],[-36.365451,-6.05446],[-36.367881,-6.055837],[-36.369523,-6.058772],[-36.370786,-6.059753],[-36.373419,-6.059861],[-36.374394,-6.059186],[-36.376358,-6.055975],[-36.378511,-6.054132],[-36.379104,-6.052575],[-36.378436,-6.049449],[-36.379027,-6.048477],[-36.380393,-6.047898],[-36.383511,-6.047912],[-36.385075,-6.04714],[-36.386934,-6.045491],[-36.389759,-6.045602],[-36.392106,-6.043955],[-36.392409,-6.041907],[-36.39144,-6.04044],[-36.388808,-6.040817],[-36.38803,-6.040422],[-36.38774,-6.039738],[-36.387745,-6.038958],[-36.389214,-6.0376],[-36.39031,-6.032336],[-36.391293,-6.03078],[-36.393729,-6.030889],[-36.395296,-6.028849],[-36.396758,-6.029246],[-36.397951,-6.030757],[-36.398321,-6.030299],[-36.398536,-6.02758],[-36.39889,-6.02724],[-36.398423,-6.024468],[-36.398725,-6.023753],[-36.395876,-6.021966],[-36.393571,-6.022791],[-36.392007,-6.023954],[-36.389864,-6.023749],[-36.389284,-6.022966],[-36.388605,-6.02189],[-36.388065,-6.018665],[-36.385664,-6.016135],[-36.386177,-6.013923],[-36.38528,-6.012207],[-36.38388,-6.010891],[-36.383387,-6.008675],[-36.38458,-6.007725],[-36.385847,-6.00773],[-36.387995,-6.00704],[-36.388802,-6.00644],[-36.388809,-6.004929],[-36.387912,-6.003213],[-36.386608,-6.002905],[-36.385971,-6.002311],[-36.382298,-6.005786],[-36.38055,-6.0065],[-36.378943,-6.00625],[-36.377944,-6.005644],[-36.377266,-6.002824],[-36.378,-5.998219],[-36.378489,-5.997673],[-36.377955,-5.995166],[-36.378362,-5.994379],[-36.376358,-5.993326],[-36.375985,-5.992121],[-36.375248,-5.991722],[-36.373955,-5.992007],[-36.373102,-5.988227],[-36.372783,-5.984169],[-36.375457,-5.973571],[-36.375363,-5.972723],[-36.376125,-5.97092],[-36.376054,-5.967424],[-36.376886,-5.966899],[-36.378636,-5.951165],[-36.378529,-5.941467],[-36.379204,-5.941277],[-36.379721,-5.941815],[-36.379965,-5.941562],[-36.379929,-5.939795],[-36.380406,-5.93909],[-36.3796,-5.937352],[-36.379597,-5.936443],[-36.379323,-5.936832],[-36.377988,-5.936185],[-36.378488,-5.934602],[-36.379332,-5.934021],[-36.379375,-5.933202],[-36.38013,-5.932482],[-36.380855,-5.930472],[-36.382283,-5.930097],[-36.382043,-5.929396],[-36.382358,-5.928421],[-36.381587,-5.927356],[-36.379169,-5.927551],[-36.378606,-5.926966],[-36.378477,-5.925255],[-36.377218,-5.924797],[-36.374958,-5.922533],[-36.373478,-5.922202],[-36.372913,-5.922426],[-36.36861,-5.920276],[-36.366631,-5.920372],[-36.365429,-5.919484],[-36.363857,-5.91982],[-36.363219,-5.922549],[-36.36101,-5.923909],[-36.360423,-5.923906],[-36.359156,-5.923118],[-36.357902,-5.919785],[-36.356346,-5.918212],[-36.354493,-5.917322],[-36.353914,-5.915852],[-36.352645,-5.915551],[-36.349705,-5.917299],[-36.348339,-5.916901],[-36.347371,-5.914842],[-36.347574,-5.913276],[-36.349344,-5.910938],[-36.35111,-5.909576],[-36.359406,-5.911865],[-36.360925,-5.913051],[-36.360151,-5.911422],[-36.358364,-5.909488],[-36.356454,-5.906398],[-36.353639,-5.904973],[-36.34793,-5.904484],[-36.340762,-5.905615],[-36.33514,-5.902402],[-36.334707,-5.901734],[-36.33489,-5.903444],[-36.333612,-5.905004]]]}},{"type":"Feature","id":11,"properties":{"unidade":"TCo - Luvissolo CrEmico irtico","ordem":"LUVISSOLO","subordem":"CRVMICO","textura":"mrdia/argilosa","relevo":"suave ondulado","fator_k":0.039,"fonte":"Folhas SB.24 e SB.25 - RADAMBRASIL (1981)"},"geometry":{"type":"Polygon","coordinates":[[[-35.878784,-5.851054],[-35.88336,-5.852917],[-35.884476,-5.853841],[-35.884568,-5.855576],[-35.883339,-5.856691],[-35.881605,-5.857192],[-35.88078,-5.858821],[-35.881185,-5.859335],[-35.88098,-5.859537],[-35.886282,-5.859158],[-35.886991,-5.859877],[-35.887389,-5.861614],[-35.886258,-5.86324],[-35.886757,-5.865285],[-35.886445,-5.866304],[-35.885625,-5.867421],[-35.883123,-5.868178],[-35.883346,-5.870119],[-35.880503,-5.871986],[-35.877553,-5.870744],[-35.876428,-5.871656],[-35.876624,-5.873188],[-35.877923,-5.877483],[-35.880667,-5.879232],[-35.881982,-5.880668],[-35.882479,-5.883121],[-35.881879,-5.889611],[-35.882878,-5.890522],[-35.883451,-5.891801],[-35.883228,-5.894862],[-35.884036,-5.896295],[-35.88668,-5.897433],[-35.886874,-5.899169],[-35.886767,-5.900189],[-35.886255,-5.900697],[-35.886141,-5.902839],[-35.886948,-5.904272],[-35.887238,-5.906928],[-35.885802,-5.908654],[-35.884578,-5.908649],[-35.882746,-5.908332],[-35.882239,-5.907717],[-35.878679,-5.906369],[-35.875621,-5.906556],[-35.875083,-5.911553],[-35.874257,-5.913591],[-35.873127,-5.915013],[-35.869154,-5.914685],[-35.868234,-5.915394],[-35.867511,-5.916818],[-35.864432,-5.920476],[-35.864019,-5.921493],[-35.864116,-5.922514],[-35.864927,-5.923132],[-35.866559,-5.92314],[-35.870344,-5.920611],[-35.873507,-5.919915],[-35.875234,-5.921149],[-35.878793,-5.922494],[-35.880016,-5.9224],[-35.882855,-5.925172],[-35.885609,-5.924881],[-35.887245,-5.924073],[-35.888365,-5.924182],[-35.889585,-5.924598],[-35.891919,-5.926754],[-35.893037,-5.927168],[-35.894771,-5.926872],[-35.895781,-5.928612],[-35.896172,-5.931575],[-35.897085,-5.932396],[-35.900753,-5.93262],[-35.904935,-5.932338],[-35.906255,-5.93306],[-35.907163,-5.934595],[-35.909304,-5.93471],[-35.910524,-5.935328],[-35.911333,-5.936559],[-35.911124,-5.937475],[-35.910304,-5.938288],[-35.908364,-5.938787],[-35.907696,-5.939994],[-35.908452,-5.94144],[-35.911297,-5.942988],[-35.914253,-5.942902],[-35.915269,-5.943623],[-35.916278,-5.945466],[-35.92116,-5.947431],[-35.922064,-5.949683],[-35.921037,-5.951106],[-35.919401,-5.95181],[-35.917976,-5.951599],[-35.915944,-5.950465],[-35.914415,-5.950456],[-35.912673,-5.95121],[-35.91137,-5.950599],[-35.909131,-5.947466],[-35.906074,-5.947245],[-35.905357,-5.947853],[-35.905757,-5.949182],[-35.906974,-5.950313],[-35.907269,-5.952356],[-35.907832,-5.95332],[-35.909969,-5.953983],[-35.91088,-5.955214],[-35.911092,-5.956547],[-35.908326,-5.957771],[-35.907,-5.95795],[-35.902244,-5.957737],[-35.897924,-5.960575],[-35.897624,-5.963118],[-35.89802,-5.964227],[-35.897106,-5.965158],[-35.893938,-5.966159],[-35.892188,-5.969417],[-35.890452,-5.969917],[-35.886291,-5.966729],[-35.88507,-5.966314],[-35.883233,-5.96661],[-35.882105,-5.967624],[-35.881691,-5.968949],[-35.880568,-5.969249],[-35.873205,-5.968494],[-35.872393,-5.969897],[-35.869747,-5.972045],[-35.86964,-5.972962],[-35.871768,-5.975119],[-35.872584,-5.975123],[-35.874719,-5.976156],[-35.875622,-5.978508],[-35.877451,-5.97964],[-35.88368,-5.977839],[-35.883586,-5.97641],[-35.8841,-5.975698],[-35.885222,-5.975399],[-35.887562,-5.976228],[-35.889892,-5.978793],[-35.890605,-5.978898],[-35.892246,-5.977276],[-35.892959,-5.977279],[-35.894683,-5.978718],[-35.89507,-5.982497],[-35.895878,-5.98393],[-35.896796,-5.984036],[-35.898009,-5.985677],[-35.897901,-5.986697],[-35.896874,-5.988019],[-35.896559,-5.989649],[-35.898183,-5.991087],[-35.900316,-5.992018],[-35.901285,-5.991928],[-35.902867,-5.995208],[-35.903994,-5.996149],[-35.906066,-5.996027],[-35.909336,-5.994427],[-35.912595,-5.99516],[-35.915252,-5.993949],[-35.916067,-5.993954],[-35.917489,-5.994983],[-35.918598,-5.997131],[-35.919918,-5.99816],[-35.921851,-5.998783],[-35.922174,-6.003213],[-35.924062,-6.006042],[-35.924056,-6.007051],[-35.923134,-6.009968],[-35.922524,-6.010872],[-35.921111,-6.01177],[-35.924119,-6.015338],[-35.924117,-6.015833],[-35.921532,-6.018196],[-35.921415,-6.021365],[-35.920026,-6.022248],[-35.918441,-6.022634],[-35.917743,-6.023323],[-35.917141,-6.025103],[-35.917137,-6.025895],[-35.919007,-6.027688],[-35.921161,-6.031365],[-35.925512,-6.031488],[-35.928274,-6.032989],[-35.929559,-6.033194],[-35.930551,-6.032705],[-35.93294,-6.029847],[-35.934424,-6.029855],[-35.937554,-6.031069],[-35.939672,-6.030174],[-35.936518,-6.026896],[-35.936326,-6.025807],[-35.936827,-6.024818],[-35.937819,-6.024131],[-35.941282,-6.02415],[-35.942287,-6.021283],[-35.945752,-6.020511],[-35.94872,-6.020627],[-35.950114,-6.019148],[-35.950517,-6.017765],[-35.95231,-6.015597],[-35.952321,-6.013419],[-35.95075,-6.01123],[-35.946602,-6.010316],[-35.945817,-6.009222],[-35.946228,-6.006451],[-35.94416,-6.004659],[-35.944372,-6.003289],[-35.946187,-6.002594],[-35.947996,-6.002906],[-35.948504,-6.002255],[-35.946017,-5.998102],[-35.946231,-5.996369],[-35.947051,-5.995455],[-35.946453,-5.993002],[-35.945436,-5.992485],[-35.943004,-5.989818],[-35.940758,-5.990317],[-35.939648,-5.988269],[-35.93833,-5.987343],[-35.936595,-5.987333],[-35.934568,-5.985178],[-35.933651,-5.98507],[-35.933331,-5.987723],[-35.932104,-5.988431],[-35.932801,-5.99119],[-35.930329,-5.992282],[-35.928718,-5.99229],[-35.927802,-5.992183],[-35.924041,-5.990223],[-35.922525,-5.987561],[-35.921308,-5.986635],[-35.920085,-5.986833],[-35.918762,-5.986111],[-35.916009,-5.986198],[-35.912186,-5.984227],[-35.911783,-5.983408],[-35.912198,-5.982185],[-35.915264,-5.980875],[-35.914887,-5.97526],[-35.916832,-5.974046],[-35.917347,-5.97313],[-35.917768,-5.970683],[-35.91889,-5.970383],[-35.920604,-5.973863],[-35.921623,-5.974073],[-35.922541,-5.973772],[-35.924368,-5.97511],[-35.925998,-5.975527],[-35.927637,-5.974004],[-35.928861,-5.974012],[-35.930688,-5.975247],[-35.932624,-5.975462],[-35.933963,-5.973019],[-35.935188,-5.972822],[-35.937221,-5.973751],[-35.938335,-5.975187],[-35.939554,-5.975806],[-35.940274,-5.974995],[-35.940904,-5.971527],[-35.941313,-5.971223],[-35.944578,-5.970731],[-35.945297,-5.969919],[-35.947641,-5.970034],[-35.950579,-5.973214],[-35.952924,-5.973227],[-35.953735,-5.974048],[-35.953815,-5.977721],[-35.955026,-5.979975],[-35.955521,-5.982735],[-35.954498,-5.983544],[-35.952356,-5.983838],[-35.952045,-5.984449],[-35.951627,-5.986488],[-35.952733,-5.989353],[-35.955674,-5.992023],[-35.957798,-5.994995],[-35.95841,-5.995099],[-35.959642,-5.993475],[-35.960985,-5.99001],[-35.962006,-5.989913],[-35.963532,-5.990433],[-35.965053,-5.991972],[-35.96616,-5.994633],[-35.96667,-5.994636],[-35.968193,-5.995868],[-35.969924,-5.996081],[-35.971955,-5.997829],[-35.972787,-6.001068],[-35.971148,-6.003409],[-35.971232,-6.004901],[-35.972316,-6.005501],[-35.97469,-6.005514],[-35.975967,-6.007006],[-35.976355,-6.008593],[-35.975063,-6.009676],[-35.970702,-6.011138],[-35.969596,-6.014399],[-35.966026,-6.016062],[-35.965708,-6.019626],[-35.966692,-6.020819],[-35.967678,-6.02132],[-35.969259,-6.021428],[-35.971432,-6.022232],[-35.972808,-6.023825],[-35.97338,-6.027789],[-35.975435,-6.031563],[-35.975027,-6.033838],[-35.972842,-6.035312],[-35.97263,-6.037886],[-35.976568,-6.041571],[-35.976757,-6.043058],[-35.976352,-6.04464],[-35.976743,-6.045632],[-35.978814,-6.046833],[-35.981485,-6.046649],[-35.983543,-6.050226],[-35.985421,-6.050435],[-35.987305,-6.049752],[-35.988888,-6.04976],[-35.992039,-6.052351],[-35.99283,-6.052554],[-35.994316,-6.051969],[-35.994715,-6.051278],[-35.995028,-6.048408],[-35.993955,-6.045529],[-35.994166,-6.043253],[-35.995064,-6.041873],[-35.995385,-6.037716],[-35.994797,-6.036721],[-35.992137,-6.034627],[-35.990859,-6.033035],[-35.990578,-6.03026],[-35.987921,-6.027573],[-35.986848,-6.02509],[-35.99034,-6.019563],[-35.992426,-6.017991],[-35.994294,-6.017553],[-35.99665,-6.019401],[-35.997959,-6.019106],[-35.999675,-6.017808],[-36.00033,-6.015687],[-36.001092,-6.015601],[-36.001795,-6.015907],[-36.002432,-6.017521],[-36.003402,-6.018501],[-36.006024,-6.019686],[-36.007973,-6.019891],[-36.008855,-6.018824],[-36.010025,-6.018733],[-36.011186,-6.01991],[-36.013817,-6.019827],[-36.015861,-6.020325],[-36.016344,-6.020913],[-36.018353,-6.027847],[-36.020003,-6.028735],[-36.020686,-6.028738],[-36.022551,-6.026213],[-36.023918,-6.025538],[-36.025573,-6.025742],[-36.027704,-6.028094],[-36.031397,-6.02948],[-36.031871,-6.032212],[-36.031757,-6.035138],[-36.0332,-6.038266],[-36.033083,-6.04207],[-36.036675,-6.044528],[-36.039074,-6.050977],[-36.038674,-6.053121],[-36.036708,-6.056231],[-36.037182,-6.058574],[-36.038153,-6.059165],[-36.040408,-6.056642],[-36.041676,-6.056258],[-36.042852,-6.055192],[-36.043063,-6.05217],[-36.043555,-6.051197],[-36.046777,-6.049752],[-36.04814,-6.050052],[-36.054548,-6.05428],[-36.058155,-6.05391],[-36.062161,-6.051786],[-36.063135,-6.051694],[-36.064105,-6.052479],[-36.065274,-6.052485],[-36.066055,-6.052392],[-36.067718,-6.050938],[-36.069373,-6.051044],[-36.070351,-6.050464],[-36.070457,-6.049002],[-36.071246,-6.046959],[-36.074563,-6.046391],[-36.074864,-6.044832],[-36.072644,-6.040822],[-36.07314,-6.039264],[-36.073824,-6.038779],[-36.074311,-6.038879],[-36.074794,-6.03976],[-36.07838,-6.043193],[-36.080621,-6.043108],[-36.084433,-6.040885],[-36.08598,-6.042941],[-36.088221,-6.043051],[-36.089764,-6.045986],[-36.091222,-6.04648],[-36.0919,-6.047362],[-36.092562,-6.051072],[-36.095572,-6.053039],[-36.096576,-6.056507],[-36.097451,-6.056804],[-36.099695,-6.056231],[-36.100858,-6.057311],[-36.102303,-6.060634],[-36.103761,-6.061228],[-36.105904,-6.061336],[-36.106191,-6.062312],[-36.107545,-6.064077],[-36.109291,-6.065647],[-36.109671,-6.067403],[-36.111225,-6.068485],[-36.112883,-6.068006],[-36.113087,-6.066446],[-36.111053,-6.063997],[-36.111061,-6.062534],[-36.111948,-6.060783],[-36.113313,-6.060596],[-36.114769,-6.061579],[-36.116213,-6.064902],[-36.117379,-6.065397],[-36.119017,-6.069014],[-36.119987,-6.0698],[-36.120572,-6.069705],[-36.121265,-6.06766],[-36.12108,-6.065709],[-36.124207,-6.064262],[-36.124422,-6.060361],[-36.126964,-6.058619],[-36.127172,-6.056183],[-36.126806,-6.051694],[-36.127204,-6.050135],[-36.128378,-6.049167],[-36.12799,-6.048871],[-36.128964,-6.048876],[-36.12974,-6.049369],[-36.134197,-6.054367],[-36.135655,-6.054862],[-36.137001,-6.058479],[-36.138171,-6.058192],[-36.138958,-6.056732],[-36.139642,-6.056346],[-36.141198,-6.056939],[-36.14372,-6.059294],[-36.145862,-6.059402],[-36.147033,-6.059018],[-36.148018,-6.057073],[-36.147828,-6.056096],[-36.145602,-6.053354],[-36.145418,-6.051207],[-36.144351,-6.050225],[-36.143981,-6.046517],[-36.142335,-6.044655],[-36.13601,-6.042964],[-36.133008,-6.039536],[-36.131742,-6.03943],[-36.126691,-6.036381],[-36.124173,-6.033734],[-36.120964,-6.032449],[-36.119995,-6.031468],[-36.11971,-6.030004],[-36.120302,-6.028836],[-36.120606,-6.026594],[-36.118394,-6.021023],[-36.118207,-6.019462],[-36.11831,-6.018486],[-36.1188,-6.018003],[-36.122319,-6.01568],[-36.121944,-6.012849],[-36.12146,-6.012165],[-36.120197,-6.01167],[-36.11348,-6.010464],[-36.109994,-6.006544],[-36.109804,-6.005763],[-36.11099,-6.002782],[-36.110511,-5.999223],[-36.110809,-5.998245],[-36.111204,-5.997661],[-36.113458,-5.9964],[-36.114542,-5.994548],[-36.116693,-5.994461],[-36.117878,-5.992217],[-36.116642,-5.985655],[-36.116057,-5.985359],[-36.115574,-5.984084],[-36.116076,-5.981641],[-36.116766,-5.980568],[-36.117078,-5.976951],[-36.12139,-5.974331],[-36.124999,-5.97572],[-36.125674,-5.977484],[-36.126552,-5.977881],[-36.127809,-5.980235],[-36.127506,-5.982191],[-36.127886,-5.984344],[-36.129232,-5.985947],[-36.130284,-5.988299],[-36.132058,-5.990237],[-36.13292,-5.993371],[-36.133792,-5.994942],[-36.134067,-5.998466],[-36.134646,-5.999937],[-36.135912,-6.000726],[-36.137376,-6.000929],[-36.13942,-6.002603],[-36.140711,-6.005632],[-36.142053,-6.007433],[-36.141686,-6.010073],[-36.144303,-6.012623],[-36.145451,-6.016726],[-36.148083,-6.017831],[-36.151991,-6.01442],[-36.152096,-6.013054],[-36.150644,-6.011291],[-36.150356,-6.010314],[-36.15017,-6.008753],[-36.15066,-6.00778],[-36.155725,-6.008293],[-36.1567,-6.008006],[-36.15729,-6.007034],[-36.156552,-6.005444],[-36.156144,-6.001922],[-36.14895,-5.992771],[-36.148876,-5.98827],[-36.151033,-5.986911],[-36.15201,-5.986819],[-36.153276,-5.987705],[-36.154341,-5.989571],[-36.155318,-5.989869],[-36.155904,-5.989774],[-36.157296,-5.988342],[-36.157622,-5.987277],[-36.159326,-5.987179],[-36.161555,-5.988577],[-36.164834,-5.982581],[-36.165424,-5.982094],[-36.166888,-5.982298],[-36.168935,-5.983384],[-36.171062,-5.9877],[-36.17213,-5.988977],[-36.173178,-5.992296],[-36.173635,-5.992369],[-36.173868,-5.993291],[-36.175815,-5.994769],[-36.177377,-5.994777],[-36.17884,-5.995665],[-36.179909,-5.996649],[-36.180384,-5.999098],[-36.184189,-6.000878],[-36.184472,-6.002739],[-36.183853,-6.00415],[-36.184591,-6.005541],[-36.188133,-6.0079],[-36.189107,-6.00927],[-36.190272,-6.010057],[-36.190753,-6.011425],[-36.190638,-6.015033],[-36.1918,-6.016014],[-36.192085,-6.017479],[-36.191297,-6.019231],[-36.191288,-6.020986],[-36.192838,-6.022653],[-36.195366,-6.023739],[-36.196141,-6.024718],[-36.196807,-6.027745],[-36.197583,-6.028529],[-36.199531,-6.028443],[-36.201093,-6.027865],[-36.202361,-6.027871],[-36.203333,-6.028365],[-36.204751,-6.030262],[-36.205534,-6.032316],[-36.206136,-6.032768],[-36.207361,-6.040675],[-36.208815,-6.042146],[-36.210975,-6.043462],[-36.211789,-6.044667],[-36.214895,-6.046851],[-36.216348,-6.048516],[-36.217021,-6.050275],[-36.216147,-6.055324],[-36.216333,-6.058043],[-36.216831,-6.05885],[-36.218529,-6.060038],[-36.221644,-6.060736],[-36.222713,-6.061523],[-36.224026,-6.066449],[-36.224705,-6.067135],[-36.225668,-6.069392],[-36.225562,-6.070951],[-36.226831,-6.076864],[-36.229254,-6.081544],[-36.231685,-6.083108],[-36.232801,-6.084569],[-36.234117,-6.08517],[-36.235892,-6.086767],[-36.239083,-6.095615],[-36.239678,-6.100488],[-36.240966,-6.103004],[-36.241062,-6.104412],[-36.248727,-6.107797],[-36.253976,-6.10641],[-36.255089,-6.104906],[-36.25591,-6.101789],[-36.257766,-6.098199],[-36.25793,-6.096097],[-36.254437,-6.092116],[-36.25077,-6.084977],[-36.250686,-6.082245],[-36.248662,-6.077748],[-36.247903,-6.073842],[-36.246548,-6.071884],[-36.245478,-6.071489],[-36.24422,-6.069824],[-36.243941,-6.067189],[-36.242781,-6.065428],[-36.24221,-6.062693],[-36.241052,-6.060736],[-36.236386,-6.058273],[-36.236307,-6.054761],[-36.235245,-6.052707],[-36.2334,-6.051431],[-36.232438,-6.048987],[-36.22826,-6.046625],[-36.226322,-6.044567],[-36.225355,-6.043294],[-36.225072,-6.041146],[-36.223133,-6.039478],[-36.22236,-6.038108],[-36.221888,-6.035082],[-36.221116,-6.033712],[-36.217719,-6.031159],[-36.215982,-6.027833],[-36.212008,-6.023619],[-36.212134,-6.018059],[-36.21175,-6.016887],[-36.210105,-6.01483],[-36.209841,-6.008976],[-36.207802,-6.007796],[-36.206931,-6.006523],[-36.206743,-6.005157],[-36.205482,-6.003979],[-36.198887,-6.000895],[-36.196916,-5.999402],[-36.195982,-5.99664],[-36.19443,-5.994478],[-36.194535,-5.993109],[-36.195814,-5.991454],[-36.197771,-5.990876],[-36.200124,-5.98942],[-36.201297,-5.989329],[-36.203763,-5.98484],[-36.203771,-5.98347],[-36.202895,-5.982683],[-36.200454,-5.982279],[-36.198407,-5.981193],[-36.196551,-5.981183],[-36.19548,-5.980395],[-36.194111,-5.98029],[-36.192846,-5.979501],[-36.191575,-5.979298],[-36.190989,-5.979295],[-36.189124,-5.98095],[-36.18717,-5.980842],[-36.185811,-5.979171],[-36.185329,-5.977896],[-36.183993,-5.971334],[-36.182441,-5.969468],[-36.181659,-5.969366],[-36.17913,-5.967102],[-36.177959,-5.966705],[-36.176976,-5.967678],[-36.176184,-5.969632],[-36.174135,-5.969229],[-36.170838,-5.964223],[-36.168885,-5.963919],[-36.167214,-5.965671],[-36.165162,-5.965857],[-36.164173,-5.967809],[-36.162513,-5.967702],[-36.162218,-5.968092],[-36.163862,-5.971427],[-36.163074,-5.972792],[-36.1619,-5.972885],[-36.158714,-5.971214],[-36.157659,-5.969182],[-36.158019,-5.967483],[-36.156081,-5.964538],[-36.154484,-5.962998],[-36.154232,-5.961842],[-36.155311,-5.960966],[-36.157263,-5.961367],[-36.158537,-5.960787],[-36.159233,-5.958442],[-36.161186,-5.958844],[-36.162549,-5.959634],[-36.163528,-5.959541],[-36.165682,-5.958475],[-36.166374,-5.957013],[-36.166478,-5.95574],[-36.164061,-5.950738],[-36.164365,-5.948685],[-36.166428,-5.946347],[-36.166061,-5.941747],[-36.166272,-5.938716],[-36.167641,-5.938526],[-36.168517,-5.939216],[-36.169972,-5.941475],[-36.171045,-5.941871],[-36.172608,-5.941683],[-36.173885,-5.940613],[-36.175746,-5.939839],[-36.178108,-5.936329],[-36.178111,-5.935743],[-36.176552,-5.934951],[-36.175289,-5.933575],[-36.173239,-5.932978],[-36.172462,-5.932289],[-36.17227,-5.931408],[-36.170127,-5.930125],[-36.169443,-5.930122],[-36.167965,-5.932364],[-36.163265,-5.934492],[-36.161221,-5.932819],[-36.159475,-5.930266],[-36.157819,-5.929181],[-36.15694,-5.929177],[-36.154285,-5.932685],[-36.1535,-5.932974],[-36.150377,-5.932372],[-36.149215,-5.930507],[-36.147656,-5.92952],[-36.14707,-5.929517],[-36.146185,-5.930491],[-36.145293,-5.932933],[-36.144314,-5.93322],[-36.143532,-5.933217],[-36.14039,-5.9306],[-36.139518,-5.930633],[-36.138241,-5.931996],[-36.137741,-5.934048],[-36.138417,-5.935617],[-36.138411,-5.936889],[-36.137626,-5.937471],[-36.134789,-5.938142],[-36.132939,-5.936762],[-36.131489,-5.933819],[-36.12916,-5.930579],[-36.129268,-5.928721],[-36.128695,-5.926272],[-36.127525,-5.925581],[-36.126059,-5.925574],[-36.12537,-5.926744],[-36.123803,-5.927617],[-36.12234,-5.926827],[-36.121565,-5.925648],[-36.119439,-5.921137],[-36.118491,-5.915555],[-36.11617,-5.910847],[-36.116186,-5.907716],[-36.114536,-5.905458],[-36.112293,-5.904663],[-36.110532,-5.905045],[-36.109559,-5.904552],[-36.108101,-5.902978],[-36.106638,-5.902383],[-36.104778,-5.903254],[-36.104378,-5.90472],[-36.107967,-5.909825],[-36.111173,-5.913463],[-36.112237,-5.915522],[-36.112414,-5.919045],[-36.111526,-5.920899],[-36.111517,-5.922367],[-36.111125,-5.922952],[-36.109558,-5.923433],[-36.108287,-5.923328],[-36.106632,-5.922536],[-36.105272,-5.920574],[-36.105095,-5.917442],[-36.104231,-5.914306],[-36.104433,-5.913182],[-36.102302,-5.909453],[-36.097334,-5.906885],[-36.096168,-5.905509],[-36.095596,-5.902571],[-36.093647,-5.901582],[-36.090811,-5.902155],[-36.089844,-5.900193],[-36.090244,-5.898629],[-36.089178,-5.896863],[-36.088496,-5.896664],[-36.086164,-5.894304],[-36.085187,-5.894201],[-36.083806,-5.896444],[-36.084475,-5.89948],[-36.083487,-5.901529],[-36.08308,-5.904657],[-36.081303,-5.90817],[-36.078941,-5.911484],[-36.077357,-5.91539],[-36.076476,-5.915678],[-36.074817,-5.915278],[-36.073066,-5.913899],[-36.06972,-5.918478],[-36.06864,-5.919355],[-36.065213,-5.920706],[-36.064139,-5.9207],[-36.063361,-5.92011],[-36.062492,-5.917855],[-36.06094,-5.915987],[-36.060365,-5.913637],[-36.058611,-5.912943],[-36.056459,-5.913224],[-36.055389,-5.912534],[-36.053752,-5.907927],[-36.052582,-5.907627],[-36.051016,-5.907815],[-36.047325,-5.903883],[-36.044588,-5.904162],[-36.044095,-5.905136],[-36.044189,-5.905822],[-36.045058,-5.907588],[-36.044854,-5.909347],[-36.043963,-5.911495],[-36.044641,-5.912673],[-36.049128,-5.913871],[-36.0501,-5.914951],[-36.05184,-5.918384],[-36.050746,-5.922097],[-36.052202,-5.923669],[-36.052389,-5.925432],[-36.048942,-5.930696],[-36.051842,-5.936385],[-36.052029,-5.938147],[-36.050943,-5.940294],[-36.049575,-5.940287],[-36.045975,-5.937332],[-36.044802,-5.937327],[-36.043623,-5.938494],[-36.043221,-5.940644],[-36.040674,-5.941901],[-36.036966,-5.941002],[-36.035011,-5.941187],[-36.033938,-5.94079],[-36.032295,-5.937554],[-36.032399,-5.93638],[-36.031719,-5.935593],[-36.028309,-5.933717],[-36.024507,-5.932425],[-36.022758,-5.930556],[-36.021906,-5.925269],[-36.02252,-5.920087],[-36.020864,-5.919393],[-36.020373,-5.919781],[-36.018908,-5.919676],[-36.017742,-5.918594],[-36.017647,-5.91781],[-36.014634,-5.915153],[-36.012696,-5.912013],[-36.012994,-5.911035],[-36.015056,-5.909286],[-36.016812,-5.90959],[-36.018956,-5.910677],[-36.019938,-5.909605],[-36.021114,-5.909319],[-36.022373,-5.911086],[-36.022368,-5.912064],[-36.021777,-5.91304],[-36.022159,-5.914509],[-36.023709,-5.916963],[-36.024784,-5.916871],[-36.026657,-5.914043],[-36.027167,-5.909938],[-36.028341,-5.909357],[-36.029905,-5.909463],[-36.031659,-5.910256],[-36.034298,-5.910073],[-36.035584,-5.907146],[-36.036194,-5.902551],[-36.037471,-5.901188],[-36.038255,-5.900899],[-36.03826,-5.899823],[-36.037678,-5.899135],[-36.037699,-5.895221],[-36.035173,-5.892666],[-36.033817,-5.89031],[-36.033822,-5.889429],[-36.034906,-5.887577],[-36.035985,-5.886701],[-36.039012,-5.887109],[-36.039399,-5.887894],[-36.040275,-5.888387],[-36.042598,-5.892607],[-36.045034,-5.893891],[-36.046296,-5.895463],[-36.047163,-5.897425],[-36.047943,-5.89782],[-36.054194,-5.898341],[-36.055664,-5.897371],[-36.056543,-5.897376],[-36.057418,-5.898261],[-36.058491,-5.898463],[-36.059572,-5.89749],[-36.059582,-5.895436],[-36.060376,-5.892994],[-36.061462,-5.891239],[-36.061274,-5.889477],[-36.061782,-5.885958],[-36.06091,-5.884583],[-36.058861,-5.883888],[-36.058379,-5.882809],[-36.05888,-5.880267],[-36.059864,-5.879099],[-36.062115,-5.878329],[-36.063683,-5.877261],[-36.06467,-5.875309],[-36.066438,-5.873655],[-36.066642,-5.871895],[-36.065581,-5.869347],[-36.064608,-5.868657],[-36.062167,-5.868253],[-36.060611,-5.867168],[-36.060231,-5.865013],[-36.060533,-5.863254],[-36.059955,-5.861588],[-36.058695,-5.859821],[-36.058117,-5.857958],[-36.05695,-5.857268],[-36.055771,-5.858632],[-36.054877,-5.861268],[-36.054164,-5.866841],[-36.053084,-5.867912],[-36.050838,-5.867703],[-36.046351,-5.86631],[-36.04527,-5.867673],[-36.042819,-5.869129],[-36.041064,-5.868435],[-36.039705,-5.86696],[-36.035016,-5.866837],[-36.033263,-5.865947],[-36.03211,-5.862126],[-36.030168,-5.859866],[-36.02919,-5.860057],[-36.028104,-5.8623],[-36.028388,-5.864063],[-36.027891,-5.865528],[-36.027499,-5.865819],[-36.024082,-5.865507],[-36.023101,-5.866284],[-36.024938,-5.869718],[-36.026397,-5.870803],[-36.026877,-5.872467],[-36.025989,-5.874225],[-36.026546,-5.879706],[-36.028674,-5.88363],[-36.028471,-5.884998],[-36.026113,-5.887725],[-36.025905,-5.889876],[-36.027943,-5.892724],[-36.029888,-5.894202],[-36.030954,-5.895968],[-36.031045,-5.896947],[-36.030356,-5.898215],[-36.023502,-5.900918],[-36.022029,-5.90228],[-36.020076,-5.902073],[-36.018327,-5.900499],[-36.016273,-5.900879],[-36.015874,-5.902344],[-36.016057,-5.904596],[-36.015079,-5.904982],[-36.014201,-5.904585],[-36.01246,-5.90125],[-36.011877,-5.900855],[-36.007968,-5.901031],[-36.004468,-5.897881],[-36.00222,-5.897967],[-36.000947,-5.898645],[-36.000356,-5.899424],[-35.999281,-5.899614],[-35.997793,-5.899232],[-35.995672,-5.897833],[-35.994867,-5.895687],[-35.994056,-5.89507],[-35.993243,-5.894656],[-35.990592,-5.894745],[-35.989575,-5.894127],[-35.988773,-5.891672],[-35.987557,-5.890441],[-35.985118,-5.889204],[-35.983706,-5.886338],[-35.98371,-5.885624],[-35.982191,-5.88388],[-35.979237,-5.883252],[-35.978612,-5.885799],[-35.977686,-5.887428],[-35.979,-5.889681],[-35.979697,-5.892542],[-35.983448,-5.896338],[-35.984656,-5.899101],[-35.985165,-5.899105],[-35.987194,-5.901055],[-35.988705,-5.904328],[-35.988599,-5.905348],[-35.988999,-5.906372],[-35.991538,-5.908121],[-35.992848,-5.911088],[-35.994575,-5.912118],[-35.995077,-5.913549],[-35.995073,-5.914367],[-35.994357,-5.914567],[-35.994145,-5.916096],[-35.992507,-5.917618],[-35.991692,-5.917615],[-35.989764,-5.915664],[-35.988643,-5.915658],[-35.987213,-5.916467],[-35.986903,-5.917383],[-35.987,-5.918201],[-35.988516,-5.920454],[-35.989421,-5.922704],[-35.992069,-5.92323],[-35.992678,-5.923743],[-35.993066,-5.92742],[-35.99102,-5.928736],[-35.989593,-5.928626],[-35.986563,-5.923506],[-35.983708,-5.923594],[-35.982896,-5.922771],[-35.98179,-5.920112],[-35.980774,-5.919597],[-35.979855,-5.919693],[-35.979136,-5.920812],[-35.979111,-5.925304],[-35.979921,-5.926328],[-35.982562,-5.927975],[-35.983467,-5.930227],[-35.984784,-5.931867],[-35.98824,-5.933621],[-35.988022,-5.936171],[-35.987204,-5.936676],[-35.984959,-5.936868],[-35.983433,-5.936553],[-35.982422,-5.934915],[-35.980696,-5.933783],[-35.978654,-5.934385],[-35.976922,-5.934273],[-35.974094,-5.929357],[-35.973076,-5.928944],[-35.971139,-5.929138],[-35.968196,-5.926775],[-35.967582,-5.926974],[-35.966854,-5.92993],[-35.965934,-5.930231],[-35.965723,-5.931455],[-35.966023,-5.932682],[-35.96806,-5.932897],[-35.969065,-5.935555],[-35.97099,-5.937812],[-35.971083,-5.939446],[-35.969244,-5.940151],[-35.965068,-5.939515],[-35.963547,-5.938078],[-35.962235,-5.935518],[-35.960917,-5.934288],[-35.957148,-5.933755],[-35.956082,-5.928214],[-35.953354,-5.92645],[-35.952448,-5.924403],[-35.952451,-5.923689],[-35.953787,-5.92186],[-35.954703,-5.922068],[-35.955726,-5.921359],[-35.956149,-5.918605],[-35.955239,-5.917478],[-35.952998,-5.917159],[-35.950981,-5.912963],[-35.949252,-5.912342],[-35.945906,-5.908956],[-35.94602,-5.906812],[-35.946842,-5.905591],[-35.946956,-5.903551],[-35.946349,-5.902732],[-35.942685,-5.90169],[-35.940768,-5.898005],[-35.939548,-5.897488],[-35.938534,-5.896361],[-35.936213,-5.892468],[-35.931321,-5.892034],[-35.927062,-5.888337],[-35.925019,-5.889039],[-35.924911,-5.890264],[-35.92582,-5.891391],[-35.926718,-5.89507],[-35.928857,-5.897868],[-35.927888,-5.900484],[-35.928181,-5.902527],[-35.929504,-5.905013],[-35.930721,-5.906245],[-35.932246,-5.906865],[-35.933261,-5.90779],[-35.934971,-5.911984],[-35.938926,-5.91568],[-35.939731,-5.917522],[-35.93901,-5.918742],[-35.93656,-5.919647],[-35.934529,-5.918105],[-35.933607,-5.919019],[-35.933191,-5.920446],[-35.933684,-5.92351],[-35.933065,-5.924833],[-35.931123,-5.925844],[-35.929901,-5.925735],[-35.929391,-5.925425],[-35.929103,-5.922566],[-35.928494,-5.92195],[-35.926867,-5.921329],[-35.925437,-5.921627],[-35.923809,-5.921414],[-35.92239,-5.919875],[-35.922102,-5.916505],[-35.917926,-5.916074],[-35.917015,-5.914947],[-35.917335,-5.912294],[-35.917543,-5.911683],[-35.92,-5.909554],[-35.919707,-5.907204],[-35.917881,-5.905664],[-35.917618,-5.904972],[-35.918348,-5.903548],[-35.918254,-5.901813],[-35.918993,-5.896452],[-35.918565,-5.895153],[-35.917046,-5.893104],[-35.913076,-5.892368],[-35.91258,-5.889813],[-35.910958,-5.888375],[-35.910266,-5.884595],[-35.912112,-5.882463],[-35.912021,-5.880523],[-35.911311,-5.879907],[-35.911516,-5.879703],[-35.910091,-5.879288],[-35.908671,-5.878054],[-35.90919,-5.876322],[-35.91195,-5.874908],[-35.912264,-5.873176],[-35.912071,-5.871541],[-35.911056,-5.870514],[-35.910464,-5.867246],[-35.909957,-5.866733],[-35.908123,-5.866417],[-35.904848,-5.868848],[-35.903931,-5.868945],[-35.902614,-5.867509],[-35.902723,-5.866284],[-35.904267,-5.863435],[-35.904176,-5.861598],[-35.903164,-5.860061],[-35.901535,-5.859847],[-35.898155,-5.862788],[-35.896631,-5.862066],[-35.895719,-5.860939],[-35.895521,-5.859282],[-35.896067,-5.858198],[-35.896075,-5.856769],[-35.897622,-5.853914],[-35.897325,-5.852484],[-35.896922,-5.851766],[-35.894374,-5.85165],[-35.893055,-5.850724],[-35.891651,-5.846533],[-35.890535,-5.845608],[-35.889006,-5.845395],[-35.887407,-5.844343],[-35.886511,-5.84279],[-35.883009,-5.842605],[-35.881778,-5.844232],[-35.881971,-5.84607],[-35.881456,-5.847395],[-35.880634,-5.848308],[-35.879103,-5.848912],[-35.878686,-5.850338],[-35.878784,-5.851054]]]}},{"type":"Feature","id":12,"properties":{"unidade":"PVe - Argissolo Vermelho Eutrofico","ordem":"ARGISSOLO","subordem":"VERMELHO","textura":"arenosa/m dia","relevo":"suave ondulado","fator_k":0.045,"fonte":"Folhas SB.24 e SB.25 - RADAMBRASIL (1981)"},"geometry":{"type":"Polygon","coordinates":[[[-35.911199,-6.008929],[-35.907931,-6.009504],[-35.907134,-6.010589],[-35.907412,-6.013957],[-35.904728,-6.016318],[-35.90442,-6.018298],[-35.905675,-6.023652],[-35.907346,-6.025642],[-35.907937,-6.025844],[-35.90832,-6.028024],[-35.907222,-6.029899],[-35.902255,-6.033733],[-35.90195,-6.035117],[-35.90194,-6.036899],[-35.905085,-6.040482],[-35.905572,-6.041673],[-35.905268,-6.043157],[-35.90477,-6.04365],[-35.903877,-6.044237],[-35.89992,-6.044216],[-35.896946,-6.045288],[-35.892578,-6.043698],[-35.891304,-6.04171],[-35.890245,-6.036752],[-35.886408,-6.033067],[-35.887427,-6.027824],[-35.885956,-6.025836],[-35.883093,-6.024532],[-35.879626,-6.025601],[-35.878229,-6.027673],[-35.877038,-6.028459],[-35.873179,-6.028634],[-35.872093,-6.028332],[-35.86953,-6.026831],[-35.86975,-6.022971],[-35.870655,-6.020302],[-35.869971,-6.018712],[-35.868593,-6.017715],[-35.865632,-6.016709],[-35.863952,-6.0165],[-35.862664,-6.016791],[-35.859034,-6.019813],[-35.860084,-6.021283],[-35.859876,-6.02249],[-35.85807,-6.024388],[-35.856188,-6.024774],[-35.855592,-6.025365],[-35.858438,-6.02944],[-35.858628,-6.030531],[-35.861091,-6.03213],[-35.861376,-6.03421],[-35.858784,-6.03776],[-35.858778,-6.038948],[-35.85966,-6.040141],[-35.862916,-6.041745],[-35.863101,-6.043924],[-35.862798,-6.044911],[-35.860713,-6.046287],[-35.860107,-6.048362],[-35.860385,-6.051829],[-35.859384,-6.053804],[-35.851962,-6.054455],[-35.851169,-6.054748],[-35.851156,-6.056826],[-35.852134,-6.058812],[-35.855007,-6.061197],[-35.860919,-6.061734],[-35.862297,-6.063229],[-35.863761,-6.066504],[-35.863306,-6.069343],[-35.863867,-6.070192],[-35.865968,-6.070896],[-35.867033,-6.074864],[-35.868311,-6.076157],[-35.871972,-6.075981],[-35.873154,-6.076879],[-35.87413,-6.079261],[-35.874112,-6.082231],[-35.874699,-6.083224],[-35.87588,-6.084519],[-35.876669,-6.084821],[-35.879044,-6.084835],[-35.880317,-6.086822],[-35.881403,-6.087224],[-35.88219,-6.088119],[-35.881782,-6.090197],[-35.882562,-6.092183],[-35.882554,-6.093568],[-35.881259,-6.095047],[-35.876508,-6.094945],[-35.875693,-6.095631],[-35.875285,-6.096736],[-35.875697,-6.098306],[-35.880142,-6.09972],[-35.882308,-6.101515],[-35.884071,-6.104297],[-35.884063,-6.105882],[-35.880979,-6.108834],[-35.879683,-6.110609],[-35.879867,-6.112986],[-35.880354,-6.114276],[-35.883994,-6.117665],[-35.885737,-6.120923],[-35.887137,-6.122443],[-35.891081,-6.123844],[-35.894519,-6.12832],[-35.895098,-6.130699],[-35.894284,-6.134656],[-35.894909,-6.136456],[-35.901615,-6.140201],[-35.904026,-6.138904],[-35.904229,-6.138115],[-35.904924,-6.137622],[-35.908885,-6.137151],[-35.910872,-6.135577],[-35.913751,-6.134109],[-35.914281,-6.13209],[-35.913097,-6.127851],[-35.913307,-6.126441],[-35.915026,-6.125039],[-35.915334,-6.124135],[-35.915035,-6.123427],[-35.916453,-6.122126],[-35.918061,-6.122035],[-35.920759,-6.125577],[-35.923195,-6.125944],[-35.92428,-6.126544],[-35.925555,-6.128531],[-35.925537,-6.1317],[-35.926522,-6.1323],[-35.92973,-6.13195],[-35.931267,-6.133219],[-35.930957,-6.135495],[-35.928733,-6.138563],[-35.928435,-6.143898],[-35.927934,-6.144785],[-35.927341,-6.144882],[-35.929794,-6.14836],[-35.930074,-6.151234],[-35.931056,-6.152725],[-35.935888,-6.155329],[-35.938264,-6.155143],[-35.939944,-6.155549],[-35.943985,-6.158147],[-35.951111,-6.15799],[-35.953475,-6.159686],[-35.95466,-6.16009],[-35.956344,-6.159901],[-35.958413,-6.1613],[-35.959402,-6.161206],[-35.96089,-6.16062],[-35.961195,-6.159433],[-35.961198,-6.158741],[-35.960215,-6.157546],[-35.960218,-6.157051],[-35.956173,-6.154948],[-35.953996,-6.155233],[-35.953502,-6.154933],[-35.952124,-6.153836],[-35.951739,-6.151755],[-35.954517,-6.150286],[-35.956397,-6.150494],[-35.957795,-6.148224],[-35.961655,-6.148048],[-35.963845,-6.145683],[-35.965233,-6.145098],[-35.969785,-6.145023],[-35.97019,-6.143343],[-35.969503,-6.142448],[-35.969509,-6.14126],[-35.970021,-6.138391],[-35.968142,-6.138083],[-35.966948,-6.139067],[-35.965073,-6.138263],[-35.963894,-6.13707],[-35.960532,-6.136752],[-35.956202,-6.13247],[-35.953135,-6.132353],[-35.951858,-6.13096],[-35.948302,-6.12985],[-35.948207,-6.129354],[-35.946039,-6.12756],[-35.943863,-6.127548],[-35.941892,-6.126249],[-35.941894,-6.125852],[-35.939827,-6.124058],[-35.935191,-6.121456],[-35.933968,-6.118579],[-35.935024,-6.116109],[-35.936019,-6.115125],[-35.939874,-6.115642],[-35.941663,-6.114265],[-35.943347,-6.113879],[-35.945223,-6.114583],[-35.947599,-6.114201],[-35.948489,-6.114404],[-35.950359,-6.115999],[-35.950944,-6.117586],[-35.952713,-6.119578],[-35.956275,-6.119597],[-35.95895,-6.118919],[-35.961809,-6.120716],[-35.962999,-6.120428],[-35.964292,-6.119048],[-35.963625,-6.114489],[-35.964718,-6.113605],[-35.966602,-6.11302],[-35.968778,-6.113133],[-35.971363,-6.110869],[-35.97167,-6.109089],[-35.969704,-6.1068],[-35.969325,-6.103727],[-35.967054,-6.102724],[-35.965177,-6.102516],[-35.963405,-6.100724],[-35.960539,-6.10031],[-35.959846,-6.100406],[-35.958951,-6.101291],[-35.958344,-6.103566],[-35.957445,-6.105144],[-35.954968,-6.105726],[-35.951703,-6.105904],[-35.949935,-6.103718],[-35.948454,-6.103015],[-35.945278,-6.10478],[-35.938363,-6.103156],[-35.937175,-6.103347],[-35.936479,-6.103938],[-35.930051,-6.103505],[-35.925708,-6.101697],[-35.923937,-6.100004],[-35.923168,-6.096038],[-35.921107,-6.093254],[-35.920034,-6.090475],[-35.919851,-6.087999],[-35.923341,-6.083067],[-35.923453,-6.08079],[-35.922473,-6.079201],[-35.922097,-6.075633],[-35.923799,-6.072078],[-35.924221,-6.067426],[-35.927495,-6.065861],[-35.928689,-6.06458],[-35.930076,-6.064092],[-35.932845,-6.064406],[-35.933631,-6.065302],[-35.934118,-6.066591],[-35.933894,-6.071146],[-35.935559,-6.074125],[-35.936837,-6.07552],[-35.938124,-6.075427],[-35.939317,-6.074345],[-35.938551,-6.069884],[-35.939547,-6.068701],[-35.940239,-6.068607],[-35.942513,-6.069015],[-35.943695,-6.069815],[-35.944678,-6.071008],[-35.944771,-6.071998],[-35.945951,-6.073293],[-35.945948,-6.073788],[-35.947825,-6.074294],[-35.954949,-6.074137],[-35.958111,-6.074946],[-35.960872,-6.076249],[-35.966805,-6.076778],[-35.967597,-6.076783],[-35.967994,-6.076388],[-35.968696,-6.074708],[-35.967324,-6.072522],[-35.964662,-6.070922],[-35.961503,-6.069617],[-35.959326,-6.069704],[-35.957944,-6.069202],[-35.956467,-6.068005],[-35.956078,-6.066913],[-35.9562,-6.062755],[-35.955065,-6.06189],[-35.954055,-6.062388],[-35.952351,-6.06117],[-35.950645,-6.060556],[-35.949851,-6.058636],[-35.948906,-6.057961],[-35.946338,-6.057154],[-35.94405,-6.059518],[-35.942565,-6.059708],[-35.940788,-6.059102],[-35.938203,-6.061465],[-35.936421,-6.061554],[-35.93386,-6.059758],[-35.932006,-6.055291],[-35.931118,-6.05489],[-35.929437,-6.054781],[-35.925175,-6.056142],[-35.9232,-6.055637],[-35.922514,-6.054643],[-35.922621,-6.053058],[-35.923318,-6.052369],[-35.925202,-6.05139],[-35.93065,-6.050134],[-35.931248,-6.049344],[-35.931453,-6.048157],[-35.930766,-6.047263],[-35.925921,-6.046839],[-35.924841,-6.045348],[-35.925144,-6.04426],[-35.927226,-6.043281],[-35.930685,-6.043895],[-35.932576,-6.041925],[-35.935549,-6.040754],[-35.936045,-6.040756],[-35.937813,-6.042846],[-35.93949,-6.043846],[-35.94028,-6.04385],[-35.942365,-6.042475],[-35.942768,-6.041289],[-35.942088,-6.039008],[-35.939138,-6.036021],[-35.939344,-6.034437],[-35.940739,-6.032861],[-35.940258,-6.030284],[-35.939672,-6.030174],[-35.937554,-6.031069],[-35.934424,-6.029855],[-35.93294,-6.029847],[-35.930551,-6.032705],[-35.929559,-6.033194],[-35.928274,-6.032989],[-35.925512,-6.031488],[-35.921161,-6.031365],[-35.919007,-6.027688],[-35.917137,-6.025895],[-35.917141,-6.025103],[-35.917743,-6.023323],[-35.918441,-6.022634],[-35.920026,-6.022248],[-35.921415,-6.021365],[-35.921532,-6.018196],[-35.924117,-6.015833],[-35.924119,-6.015338],[-35.921111,-6.01177],[-35.915536,-6.011331],[-35.912976,-6.009434],[-35.911199,-6.008929]]]}},{"type":"Feature","id":13,"properties":{"unidade":"RQo - Neossolo Quartzaronico prtico","ordem":"NEOSSOLO","subordem":"QUARTZAR","textura":"arenosa","relevo":"plano e suave ondulado","fator_k":0.016,"fonte":"Folhas SB.24 e SB.25 - RADAMBRASIL (1981)"},"geometry":{"type":"MultiPolygon","coordinates":[[[[-35.244678,-5.756358],[-35.242465,-5.7575],[-35.237682,-5.757286],[-35.233781,-5.756099],[-35.233294,-5.756756],[-35.233473,-5.758145],[-35.234816,-5.75913],[-35.234817,-5.76007],[-35.235399,-5.760296],[-35.237639,-5.758368],[-35.241715,-5.760653],[-35.24364,-5.759936],[-35.244357,-5.758996],[-35.246775,-5.760519],[-35.246238,-5.762848],[-35.249284,-5.764818],[-35.251121,-5.76867],[-35.251438,-5.771026],[-35.248882,-5.778332],[-35.250269,-5.778031],[-35.251299,-5.779599],[-35.252778,-5.780316],[-35.268142,-5.775165],[-35.269395,-5.777718],[-35.271276,-5.776733],[-35.27201,-5.779213],[-35.273455,-5.780086],[-35.273286,-5.782909],[-35.273589,-5.783815],[-35.275,-5.782438],[-35.27631,-5.781867],[-35.27844,-5.781824],[-35.280408,-5.779113],[-35.283784,-5.777265],[-35.284208,-5.777303],[-35.285855,-5.779227],[-35.287971,-5.777933],[-35.290085,-5.777243],[-35.292211,-5.77424],[-35.293032,-5.77163],[-35.294344,-5.770431],[-35.297761,-5.76975],[-35.300589,-5.767154],[-35.303701,-5.766871],[-35.307413,-5.767198],[-35.309936,-5.765102],[-35.311765,-5.761593],[-35.312903,-5.758164],[-35.312914,-5.756531],[-35.311904,-5.755198],[-35.309354,-5.755795],[-35.30802,-5.75752],[-35.307,-5.757717],[-35.306287,-5.757713],[-35.304054,-5.756576],[-35.302729,-5.756669],[-35.301913,-5.756969],[-35.299144,-5.759706],[-35.294567,-5.759064],[-35.293239,-5.75977],[-35.290982,-5.762102],[-35.289658,-5.762296],[-35.287478,-5.761553],[-35.287894,-5.75928],[-35.28726,-5.757632],[-35.284995,-5.755112],[-35.281826,-5.757605],[-35.280875,-5.761233],[-35.2812,-5.764214],[-35.280738,-5.765941],[-35.277312,-5.767312],[-35.276055,-5.766512],[-35.27123,-5.760007],[-35.271508,-5.757289],[-35.269989,-5.756831],[-35.26981,-5.756177],[-35.267669,-5.75444],[-35.262577,-5.753583],[-35.261665,-5.753911],[-35.258981,-5.756212],[-35.258124,-5.755052],[-35.255266,-5.753117],[-35.251438,-5.753092],[-35.250475,-5.754045],[-35.246106,-5.754788],[-35.244678,-5.756358]]],[[[-35.203632,-5.743243],[-35.203267,-5.749129],[-35.202033,-5.751176],[-35.200157,-5.752526],[-35.202112,-5.752355],[-35.202926,-5.753896],[-35.203569,-5.75394],[-35.204133,-5.754666],[-35.207573,-5.751084],[-35.20772,-5.748682],[-35.210562,-5.746282],[-35.213305,-5.745498],[-35.221419,-5.744956],[-35.222589,-5.747082],[-35.223709,-5.75053],[-35.22353,-5.757204],[-35.224515,-5.75698],[-35.227337,-5.751695],[-35.23102,-5.753638],[-35.231476,-5.752066],[-35.233268,-5.751057],[-35.236255,-5.746793],[-35.236112,-5.744437],[-35.234185,-5.743438],[-35.232186,-5.743866],[-35.23033,-5.743081],[-35.229901,-5.741511],[-35.231044,-5.740654],[-35.231186,-5.739797],[-35.230473,-5.737941],[-35.228117,-5.735372],[-35.220051,-5.736014],[-35.207564,-5.739961],[-35.203632,-5.743243]]]]}},{"type":"Feature","id":14,"properties":{"unidade":"RQo - Neossolo Quartzaronico prtico","ordem":"NEOSSOLO","subordem":"QUARTZAR","textura":"arenosa","relevo":"plano e suave ondulado","fator_k":0.016,"fonte":"Folhas SB.24 e SB.25 - RADAMBRASIL (1981)"},"geometry":{"type":"Polygon","coordinates":[[[-35.201881,-5.793218],[-35.202072,-5.7995],[-35.203404,-5.80483],[-35.202452,-5.809494],[-35.202738,-5.814634],[-35.205022,-5.815585],[-35.206069,-5.817108],[-35.212732,-5.818631],[-35.22263,-5.815205],[-35.227008,-5.814253],[-35.236519,-5.822185],[-35.240103,-5.828011],[-35.243639,-5.84109],[-35.247977,-5.842569],[-35.253054,-5.841878],[-35.257937,-5.848422],[-35.263157,-5.853466],[-35.275522,-5.853303],[-35.27701,-5.852791],[-35.278126,-5.850659],[-35.274776,-5.849948],[-35.267589,-5.847227],[-35.268369,-5.845375],[-35.271087,-5.844789],[-35.273825,-5.841082],[-35.274932,-5.840988],[-35.277231,-5.839648],[-35.277224,-5.835671],[-35.277748,-5.832552],[-35.276767,-5.825314],[-35.275593,-5.823877],[-35.274891,-5.823823],[-35.274188,-5.822085],[-35.27287,-5.821259],[-35.270936,-5.821246],[-35.269371,-5.822142],[-35.267365,-5.819085],[-35.264624,-5.817664],[-35.261883,-5.817969],[-35.253152,-5.820912],[-35.250512,-5.817461],[-35.251629,-5.815532],[-35.251121,-5.8134],[-35.249802,-5.813298],[-35.24838,-5.813908],[-35.247162,-5.811674],[-35.247302,-5.809986],[-35.246844,-5.809073],[-35.245626,-5.808615],[-35.245474,-5.807017],[-35.246464,-5.80595],[-35.246616,-5.80458],[-35.245627,-5.804047],[-35.244713,-5.804961],[-35.2422,-5.80496],[-35.24022,-5.803439],[-35.241667,-5.801534],[-35.243799,-5.800772],[-35.246768,-5.79689],[-35.247225,-5.79491],[-35.246616,-5.792854],[-35.243497,-5.791683],[-35.23885,-5.794453],[-35.235119,-5.7959],[-35.231158,-5.796052],[-35.219356,-5.792702],[-35.216312,-5.790798],[-35.216447,-5.788133],[-35.212421,-5.785305],[-35.208094,-5.779952],[-35.205139,-5.771642],[-35.204163,-5.7662],[-35.199802,-5.767418],[-35.199176,-5.771891],[-35.196922,-5.778273],[-35.196922,-5.780486],[-35.20369,-5.784557],[-35.204126,-5.788654],[-35.201881,-5.793218]]]}},{"type":"Feature","id":15,"properties":{"unidade":"GJo - Gleissolo Tiom rfico irtico","ordem":"GLEISSOLO","subordem":"TIOMSRFICO","textura":"indiscriminada","relevo":"plano","fator_k":0.051,"fonte":"Folhas SB.24 e SB.25 - RADAMBRASIL (1981)"},"geometry":{"type":"Polygon","coordinates":[[[-35.204133,-5.754666],[-35.203569,-5.75394],[-35.202926,-5.753896],[-35.202112,-5.752355],[-35.200157,-5.752526],[-35.195213,-5.754715],[-35.194836,-5.755614],[-35.199565,-5.759839],[-35.200271,-5.764065],[-35.199802,-5.767418],[-35.204163,-5.7662],[-35.205139,-5.771642],[-35.208094,-5.779952],[-35.212421,-5.785305],[-35.216447,-5.788133],[-35.216312,-5.790798],[-35.219356,-5.792702],[-35.231158,-5.796052],[-35.235119,-5.7959],[-35.23885,-5.794453],[-35.243497,-5.791683],[-35.246616,-5.792854],[-35.247225,-5.79491],[-35.246768,-5.79689],[-35.243799,-5.800772],[-35.241667,-5.801534],[-35.24022,-5.803439],[-35.2422,-5.80496],[-35.244713,-5.804961],[-35.245627,-5.804047],[-35.246616,-5.80458],[-35.246464,-5.80595],[-35.245474,-5.807017],[-35.245626,-5.808615],[-35.246844,-5.809073],[-35.247302,-5.809986],[-35.247162,-5.811674],[-35.24838,-5.813908],[-35.249802,-5.813298],[-35.251121,-5.8134],[-35.251629,-5.815532],[-35.250512,-5.817461],[-35.253152,-5.820912],[-35.261883,-5.817969],[-35.264624,-5.817664],[-35.267365,-5.819085],[-35.269371,-5.822142],[-35.270936,-5.821246],[-35.27287,-5.821259],[-35.274188,-5.822085],[-35.274891,-5.823823],[-35.275593,-5.823877],[-35.277012,-5.825978],[-35.277748,-5.832552],[-35.277224,-5.835671],[-35.277231,-5.839648],[-35.279163,-5.840385],[-35.280393,-5.842253],[-35.281775,-5.842803],[-35.284241,-5.842662],[-35.28732,-5.839113],[-35.289565,-5.838517],[-35.291393,-5.839344],[-35.292384,-5.843328],[-35.292889,-5.844045],[-35.296038,-5.845495],[-35.297454,-5.846932],[-35.299487,-5.847557],[-35.302338,-5.847678],[-35.304469,-5.849018],[-35.30578,-5.85076],[-35.30639,-5.850969],[-35.314974,-5.851998],[-35.316816,-5.852597],[-35.318828,-5.852005],[-35.324092,-5.854043],[-35.328181,-5.85203],[-35.331034,-5.851946],[-35.333349,-5.856042],[-35.335079,-5.856359],[-35.33814,-5.855665],[-35.340763,-5.857355],[-35.341474,-5.856773],[-35.344663,-5.857122],[-35.346177,-5.855926],[-35.345604,-5.854069],[-35.344044,-5.853534],[-35.341551,-5.851104],[-35.339749,-5.850388],[-35.33674,-5.849966],[-35.335339,-5.849052],[-35.332955,-5.845315],[-35.327159,-5.841153],[-35.324349,-5.840933],[-35.322649,-5.840017],[-35.322157,-5.838505],[-35.320556,-5.83769],[-35.316061,-5.836344],[-35.313617,-5.836226],[-35.310569,-5.83488],[-35.30629,-5.83526],[-35.302803,-5.835034],[-35.300203,-5.833508],[-35.300059,-5.832535],[-35.301294,-5.831203],[-35.303164,-5.830888],[-35.303159,-5.830005],[-35.302503,-5.830823],[-35.30092,-5.830631],[-35.300195,-5.830877],[-35.299741,-5.831582],[-35.29482,-5.829269],[-35.293201,-5.827627],[-35.293216,-5.82546],[-35.291569,-5.824646],[-35.288692,-5.823975],[-35.287258,-5.822244],[-35.282646,-5.814143],[-35.278587,-5.812076],[-35.278797,-5.810956],[-35.282371,-5.809551],[-35.282986,-5.808944],[-35.283455,-5.806986],[-35.287892,-5.806222],[-35.290539,-5.806341],[-35.293622,-5.802239],[-35.295034,-5.801243],[-35.296381,-5.800974],[-35.298207,-5.802006],[-35.300124,-5.804567],[-35.302265,-5.804275],[-35.305028,-5.802254],[-35.306655,-5.802673],[-35.308286,-5.802377],[-35.310728,-5.803007],[-35.313568,-5.804656],[-35.317442,-5.803967],[-35.321503,-5.806033],[-35.323438,-5.805842],[-35.325164,-5.806874],[-35.325669,-5.80759],[-35.326584,-5.807801],[-35.328932,-5.806999],[-35.332087,-5.807225],[-35.333093,-5.809272],[-35.331598,-5.813783],[-35.332445,-5.81498],[-35.332737,-5.817123],[-35.334464,-5.817746],[-35.336094,-5.817553],[-35.337722,-5.817971],[-35.340153,-5.820027],[-35.342894,-5.82127],[-35.346374,-5.820962],[-35.3496,-5.819471],[-35.34951,-5.817558],[-35.348612,-5.816846],[-35.346803,-5.816734],[-35.344378,-5.813671],[-35.340107,-5.812482],[-35.338792,-5.811046],[-35.339363,-5.805678],[-35.337465,-5.803652],[-35.337372,-5.802645],[-35.336078,-5.800622],[-35.332169,-5.798985],[-35.326777,-5.794648],[-35.323416,-5.794829],[-35.320191,-5.796273],[-35.31832,-5.795205],[-35.316499,-5.793357],[-35.31477,-5.793141],[-35.312322,-5.793737],[-35.308154,-5.792588],[-35.302945,-5.794798],[-35.301525,-5.793972],[-35.300919,-5.793153],[-35.296954,-5.792209],[-35.295111,-5.793624],[-35.291744,-5.794419],[-35.290211,-5.795428],[-35.288478,-5.795621],[-35.286553,-5.794079],[-35.28584,-5.794074],[-35.281634,-5.795676],[-35.28063,-5.795571],[-35.278718,-5.79311],[-35.277296,-5.792489],[-35.273209,-5.794399],[-35.271578,-5.794592],[-35.270055,-5.793971],[-35.268638,-5.792635],[-35.268338,-5.791817],[-35.269467,-5.790498],[-35.273234,-5.79083],[-35.274053,-5.790019],[-35.27327,-5.788599],[-35.273651,-5.787601],[-35.277133,-5.786265],[-35.278764,-5.78597],[-35.282115,-5.787623],[-35.284567,-5.786314],[-35.285494,-5.78479],[-35.285917,-5.782345],[-35.287279,-5.780513],[-35.287542,-5.778195],[-35.285855,-5.779227],[-35.284208,-5.777303],[-35.283784,-5.777265],[-35.280408,-5.779113],[-35.27844,-5.781824],[-35.27631,-5.781867],[-35.275,-5.782438],[-35.273589,-5.783815],[-35.273286,-5.782909],[-35.273455,-5.780086],[-35.27201,-5.779213],[-35.271276,-5.776733],[-35.269395,-5.777718],[-35.268142,-5.775165],[-35.252778,-5.780316],[-35.251299,-5.779599],[-35.250269,-5.778031],[-35.248882,-5.778332],[-35.251438,-5.771026],[-35.251121,-5.76867],[-35.249284,-5.764818],[-35.246238,-5.762848],[-35.246775,-5.760519],[-35.244357,-5.758996],[-35.24364,-5.759936],[-35.241715,-5.760653],[-35.237639,-5.758368],[-35.235399,-5.760296],[-35.234817,-5.76007],[-35.234816,-5.75913],[-35.233473,-5.758145],[-35.233294,-5.756756],[-35.233781,-5.756099],[-35.231115,-5.755288],[-35.230687,-5.754788],[-35.23102,-5.753638],[-35.227337,-5.751695],[-35.224515,-5.75698],[-35.22353,-5.757204],[-35.223709,-5.75053],[-35.222589,-5.747082],[-35.221419,-5.744956],[-35.213305,-5.745498],[-35.210562,-5.746282],[-35.20772,-5.748682],[-35.207573,-5.751084],[-35.204133,-5.754666]]]}},{"type":"Feature","id":16,"properties":{"unidade":"LAd - Latossolo Amarelo Distrofico","ordem":"LATOSSOLO","subordem":"AMARELO","textura":"midia","relevo":"plano e suave ondulado","fator_k":0.041,"fonte":"Folhas SB.24 e SB.25 - RADAMBRASIL (1981)"},"geometry":{"type":"Polygon","coordinates":[[[-35.717394,-5.898092],[-35.716359,-5.900741],[-35.714307,-5.903074],[-35.714608,-5.903995],[-35.714398,-5.904912],[-35.712244,-5.907348],[-35.713041,-5.910516],[-35.715673,-5.913491],[-35.716575,-5.916047],[-35.714322,-5.917871],[-35.711056,-5.918566],[-35.709722,-5.920396],[-35.710826,-5.923155],[-35.713361,-5.925213],[-35.711298,-5.929385],[-35.711187,-5.930811],[-35.711791,-5.932346],[-35.715935,-5.936053],[-35.719713,-5.936883],[-35.722162,-5.936388],[-35.723992,-5.937011],[-35.724684,-5.93846],[-35.725683,-5.939373],[-35.727645,-5.939787],[-35.728654,-5.941323],[-35.729265,-5.941532],[-35.732532,-5.940835],[-35.73662,-5.938717],[-35.739367,-5.939652],[-35.742324,-5.939262],[-35.74752,-5.939395],[-35.750493,-5.936758],[-35.754165,-5.93627],[-35.754779,-5.935763],[-35.757729,-5.936903],[-35.759243,-5.939259],[-35.761683,-5.940192],[-35.763008,-5.940199],[-35.765363,-5.938376],[-35.767914,-5.93778],[-35.769031,-5.938399],[-35.770957,-5.94045],[-35.776359,-5.940481],[-35.777779,-5.941306],[-35.77829,-5.941207],[-35.780723,-5.943671],[-35.782043,-5.944393],[-35.78449,-5.944305],[-35.785708,-5.944925],[-35.786927,-5.945952],[-35.787834,-5.947692],[-35.789864,-5.949031],[-35.79282,-5.948946],[-35.793837,-5.94936],[-35.794953,-5.950285],[-35.797778,-5.955302],[-35.799919,-5.955008],[-35.80309,-5.952986],[-35.804721,-5.953198],[-35.807867,-5.955462],[-35.8098,-5.956188],[-35.811618,-5.959056],[-35.814358,-5.961419],[-35.817208,-5.961742],[-35.819748,-5.96339],[-35.824341,-5.962294],[-35.826576,-5.963532],[-35.828496,-5.966399],[-35.828375,-5.969665],[-35.831102,-5.974273],[-35.830987,-5.976415],[-35.832299,-5.978565],[-35.836468,-5.980427],[-35.8385,-5.981766],[-35.839697,-5.98616],[-35.842328,-5.989543],[-35.841904,-5.992195],[-35.842103,-5.993217],[-35.843316,-5.995162],[-35.843408,-5.996898],[-35.840441,-5.998514],[-35.839722,-5.999632],[-35.839285,-5.999429],[-35.837975,-6.000127],[-35.835663,-6.000213],[-35.834115,-5.9996],[-35.832997,-5.99888],[-35.832087,-5.997649],[-35.831497,-5.994176],[-35.830078,-5.992636],[-35.827428,-5.992519],[-35.826208,-5.9919],[-35.825203,-5.989443],[-35.823073,-5.987596],[-35.822786,-5.984328],[-35.82097,-5.981256],[-35.820268,-5.979109],[-35.821303,-5.976359],[-35.820702,-5.974518],[-35.819587,-5.973594],[-35.816939,-5.97317],[-35.815516,-5.972447],[-35.812274,-5.968959],[-35.810852,-5.968237],[-35.807693,-5.968218],[-35.806975,-5.968928],[-35.806554,-5.971272],[-35.804604,-5.973507],[-35.804592,-5.975446],[-35.805396,-5.977491],[-35.805281,-5.979839],[-35.803312,-5.985133],[-35.803406,-5.986665],[-35.803605,-5.987381],[-35.805839,-5.989128],[-35.80971,-5.989354],[-35.810521,-5.989971],[-35.810515,-5.991094],[-35.81031,-5.991501],[-35.806941,-5.992503],[-35.80571,-5.993618],[-35.80447,-5.996467],[-35.804246,-5.998427],[-35.80243,-5.999824],[-35.800067,-5.999811],[-35.796301,-5.998869],[-35.795794,-5.99856],[-35.795495,-5.997436],[-35.795415,-5.993558],[-35.794514,-5.990899],[-35.794727,-5.989267],[-35.795754,-5.987845],[-35.795972,-5.985397],[-35.795467,-5.98468],[-35.7914,-5.982818],[-35.790392,-5.980975],[-35.788163,-5.978616],[-35.788274,-5.976984],[-35.789718,-5.973931],[-35.790034,-5.972196],[-35.788209,-5.970758],[-35.786171,-5.970541],[-35.783945,-5.967979],[-35.782721,-5.967869],[-35.780267,-5.969182],[-35.777819,-5.969678],[-35.776188,-5.969667],[-35.773645,-5.968734],[-35.772537,-5.966584],[-35.771017,-5.965044],[-35.770316,-5.962999],[-35.767982,-5.961046],[-35.76676,-5.960835],[-35.764917,-5.96256],[-35.76298,-5.962549],[-35.761957,-5.962951],[-35.759078,-5.967322],[-35.755509,-5.967606],[-35.754584,-5.968826],[-35.753139,-5.972082],[-35.754026,-5.976986],[-35.75371,-5.978821],[-35.752173,-5.980343],[-35.750849,-5.980233],[-35.74901,-5.980733],[-35.747562,-5.984295],[-35.746334,-5.985206],[-35.746221,-5.987246],[-35.74743,-5.989192],[-35.747825,-5.991441],[-35.747207,-5.992661],[-35.745052,-5.994994],[-35.744316,-5.998971],[-35.74392,-5.999048],[-35.745684,-6.002131],[-35.745681,-6.002786],[-35.747288,-6.003098],[-35.748089,-6.003707],[-35.748186,-6.004413],[-35.747267,-6.006725],[-35.743821,-6.01055],[-35.743911,-6.011937],[-35.747156,-6.015125],[-35.750518,-6.015046],[-35.752698,-6.014366],[-35.754968,-6.015172],[-35.755849,-6.016562],[-35.755637,-6.019334],[-35.75592,-6.021315],[-35.757391,-6.0236],[-35.75937,-6.023415],[-35.761931,-6.025113],[-35.762623,-6.025117],[-35.765704,-6.022561],[-35.767687,-6.021781],[-35.769962,-6.021695],[-35.773707,-6.023994],[-35.776573,-6.024309],[-35.780745,-6.021165],[-35.783117,-6.021377],[-35.785486,-6.02238],[-35.786173,-6.023078],[-35.78862,-6.027549],[-35.790398,-6.027856],[-35.793762,-6.027579],[-35.79475,-6.02798],[-35.796822,-6.028982],[-35.799866,-6.032465],[-35.801251,-6.032375],[-35.803137,-6.031198],[-35.803637,-6.030409],[-35.804429,-6.030216],[-35.806207,-6.030622],[-35.806498,-6.031516],[-35.805689,-6.03448],[-35.804294,-6.036452],[-35.80409,-6.037441],[-35.806451,-6.039436],[-35.808921,-6.039846],[-35.810896,-6.04065],[-35.813069,-6.040861],[-35.814854,-6.040276],[-35.816447,-6.038306],[-35.817451,-6.036036],[-35.817266,-6.033558],[-35.819257,-6.03149],[-35.821236,-6.031304],[-35.823604,-6.032407],[-35.827562,-6.031935],[-35.830618,-6.033834],[-35.832496,-6.033944],[-35.834583,-6.032372],[-35.835384,-6.030495],[-35.836479,-6.029314],[-35.838663,-6.027742],[-35.841832,-6.027464],[-35.844993,-6.027977],[-35.846975,-6.027394],[-35.848565,-6.026018],[-35.848211,-6.018885],[-35.84901,-6.017505],[-35.851589,-6.016232],[-35.855532,-6.016366],[-35.85794,-6.017589],[-35.859034,-6.019813],[-35.862664,-6.016791],[-35.863952,-6.0165],[-35.865632,-6.016709],[-35.868593,-6.017715],[-35.869971,-6.018712],[-35.870655,-6.020302],[-35.86975,-6.022971],[-35.86953,-6.026831],[-35.871106,-6.027929],[-35.873179,-6.028634],[-35.877038,-6.028459],[-35.878229,-6.027673],[-35.879626,-6.025601],[-35.883093,-6.024532],[-35.885956,-6.025836],[-35.887427,-6.027824],[-35.886408,-6.033067],[-35.890245,-6.036752],[-35.891304,-6.04171],[-35.892578,-6.043698],[-35.896946,-6.045288],[-35.89992,-6.044216],[-35.903877,-6.044237],[-35.905268,-6.043157],[-35.905572,-6.041673],[-35.905085,-6.040482],[-35.90194,-6.036899],[-35.90195,-6.035117],[-35.902255,-6.033733],[-35.907222,-6.029899],[-35.90832,-6.028024],[-35.907937,-6.025844],[-35.907346,-6.025642],[-35.905675,-6.023652],[-35.905099,-6.02048],[-35.904512,-6.019288],[-35.904728,-6.016318],[-35.907412,-6.013957],[-35.907134,-6.010589],[-35.907931,-6.009504],[-35.90922,-6.009017],[-35.911199,-6.008929],[-35.912976,-6.009434],[-35.914945,-6.011029],[-35.916525,-6.011534],[-35.921111,-6.01177],[-35.922524,-6.010872],[-35.923746,-6.00856],[-35.924062,-6.006042],[-35.922174,-6.003213],[-35.921851,-5.998783],[-35.919918,-5.99816],[-35.918598,-5.997131],[-35.917489,-5.994983],[-35.916067,-5.993954],[-35.915252,-5.993949],[-35.912595,-5.99516],[-35.909336,-5.994427],[-35.906066,-5.996027],[-35.903994,-5.996149],[-35.902867,-5.995208],[-35.901285,-5.991928],[-35.900316,-5.992018],[-35.898183,-5.991087],[-35.896559,-5.989649],[-35.896874,-5.988019],[-35.897901,-5.986697],[-35.898009,-5.985677],[-35.896796,-5.984036],[-35.895878,-5.98393],[-35.89507,-5.982497],[-35.894683,-5.978718],[-35.892959,-5.977279],[-35.892246,-5.977276],[-35.890605,-5.978898],[-35.889892,-5.978793],[-35.887562,-5.976228],[-35.885222,-5.975399],[-35.8841,-5.975698],[-35.883586,-5.97641],[-35.88368,-5.977839],[-35.877451,-5.97964],[-35.875622,-5.978508],[-35.874719,-5.976156],[-35.871158,-5.974706],[-35.86974,-5.973371],[-35.869747,-5.972045],[-35.872393,-5.969897],[-35.873205,-5.968494],[-35.871628,-5.966449],[-35.869471,-5.96694],[-35.868044,-5.966728],[-35.867034,-5.965192],[-35.866939,-5.96417],[-35.869718,-5.959083],[-35.870245,-5.956024],[-35.869032,-5.954181],[-35.868423,-5.953871],[-35.867094,-5.954475],[-35.864755,-5.953646],[-35.864453,-5.952929],[-35.865184,-5.949873],[-35.864174,-5.948234],[-35.859996,-5.947904],[-35.857458,-5.946052],[-35.852969,-5.946843],[-35.852163,-5.945308],[-35.850944,-5.944382],[-35.849722,-5.944477],[-35.848998,-5.946004],[-35.847667,-5.947119],[-35.846648,-5.947112],[-35.843495,-5.945973],[-35.842569,-5.947396],[-35.841345,-5.947694],[-35.839622,-5.945951],[-35.839324,-5.944417],[-35.839947,-5.94238],[-35.842413,-5.939129],[-35.843135,-5.9375],[-35.841931,-5.934227],[-35.841637,-5.932083],[-35.843689,-5.929951],[-35.843695,-5.928929],[-35.842379,-5.927188],[-35.838715,-5.926249],[-35.835882,-5.922559],[-35.834359,-5.921529],[-35.83273,-5.921214],[-35.830583,-5.922425],[-35.829952,-5.92579],[-35.829129,-5.927112],[-35.826374,-5.927708],[-35.825144,-5.928824],[-35.824832,-5.929843],[-35.823914,-5.929939],[-35.821986,-5.928805],[-35.820559,-5.928491],[-35.818941,-5.926544],[-35.81864,-5.925521],[-35.819168,-5.92236],[-35.818258,-5.921131],[-35.816833,-5.920612],[-35.812547,-5.921709],[-35.810213,-5.91986],[-35.809717,-5.917305],[-35.808808,-5.915973],[-35.806061,-5.915344],[-35.804018,-5.915945],[-35.803093,-5.917165],[-35.801765,-5.917974],[-35.798707,-5.917854],[-35.797797,-5.916624],[-35.797816,-5.913461],[-35.796904,-5.912436],[-35.796089,-5.912329],[-35.794574,-5.910278],[-35.792033,-5.908836],[-35.790503,-5.909031],[-35.788548,-5.912489],[-35.785787,-5.913799],[-35.784762,-5.914712],[-35.783622,-5.918175],[-35.78199,-5.91837],[-35.777633,-5.914161],[-35.775593,-5.914455],[-35.773644,-5.916383],[-35.77079,-5.916467],[-35.769664,-5.917379],[-35.765593,-5.916335],[-35.764681,-5.915514],[-35.766538,-5.911748],[-35.766342,-5.910012],[-35.765636,-5.908784],[-35.763294,-5.908567],[-35.761667,-5.907945],[-35.760044,-5.906711],[-35.757498,-5.90639],[-35.756373,-5.906995],[-35.755151,-5.906988],[-35.753117,-5.90616],[-35.752108,-5.904317],[-35.749981,-5.902365],[-35.749063,-5.90236],[-35.746305,-5.903568],[-35.742332,-5.903136],[-35.740696,-5.904148],[-35.739065,-5.904241],[-35.734183,-5.902578],[-35.731837,-5.902667],[-35.731633,-5.902972],[-35.728069,-5.902338],[-35.723813,-5.898232],[-35.72157,-5.898525],[-35.718517,-5.897691],[-35.717394,-5.898092]]]}},{"type":"Feature","id":17,"properties":{"unidade":"LAd - Latossolo Amarelo Distrofico","ordem":"LATOSSOLO","subordem":"AMARELO","textura":"midia","relevo":"plano e suave ondulado","fator_k":0.041,"fonte":"Folhas SB.24 e SB.25 - RADAMBRASIL (1981)"},"geometry":{"type":"Polygon","coordinates":[[[-35.54983,-5.921463],[-35.547683,-5.922469],[-35.547169,-5.923282],[-35.547058,-5.924711],[-35.547256,-5.925527],[-35.548671,-5.927373],[-35.549064,-5.929824],[-35.550069,-5.932279],[-35.552604,-5.934131],[-35.554027,-5.93465],[-35.555445,-5.935985],[-35.55614,-5.938949],[-35.55685,-5.939463],[-35.55704,-5.941811],[-35.55611,-5.943743],[-35.553952,-5.946588],[-35.553843,-5.947913],[-35.55292,-5.948724],[-35.55289,-5.953519],[-35.552988,-5.954233],[-35.553697,-5.95485],[-35.555423,-5.955983],[-35.556135,-5.955987],[-35.559822,-5.953154],[-35.562469,-5.953578],[-35.564814,-5.953388],[-35.568265,-5.955757],[-35.570175,-5.959748],[-35.570986,-5.960467],[-35.571797,-5.961084],[-35.57546,-5.962128],[-35.5776,-5.961937],[-35.57873,-5.960617],[-35.57905,-5.95817],[-35.577545,-5.954488],[-35.578476,-5.952453],[-35.579602,-5.951338],[-35.583671,-5.952486],[-35.585292,-5.954026],[-35.589973,-5.955075],[-35.593347,-5.953362],[-35.594175,-5.951325],[-35.593875,-5.950406],[-35.592054,-5.948355],[-35.59248,-5.945194],[-35.592185,-5.94356],[-35.590463,-5.941814],[-35.588225,-5.941189],[-35.586907,-5.94016],[-35.585199,-5.935967],[-35.581234,-5.934717],[-35.579712,-5.933484],[-35.579413,-5.932563],[-35.580955,-5.930328],[-35.581165,-5.929411],[-35.581171,-5.928392],[-35.580057,-5.927159],[-35.577206,-5.926836],[-35.575889,-5.925502],[-35.574264,-5.924777],[-35.570693,-5.925469],[-35.569677,-5.924954],[-35.568159,-5.923311],[-35.566122,-5.923197],[-35.565302,-5.924007],[-35.563363,-5.924506],[-35.562349,-5.923684],[-35.558271,-5.923862],[-35.555027,-5.921393],[-35.553909,-5.920977],[-35.54983,-5.921463]]]}},{"type":"Feature","id":18,"properties":{"unidade":"LAd - Latossolo Amarelo Distrofico","ordem":"LATOSSOLO","subordem":"AMARELO","textura":"midia","relevo":"plano e suave ondulado","fator_k":0.041,"fonte":"Folhas SB.24 e SB.25 - RADAMBRASIL (1981)"},"geometry":{"type":"Polygon","coordinates":[[[-35.66734,-5.940681],[-35.664899,-5.939749],[-35.661329,-5.940339],[-35.660304,-5.94115],[-35.659068,-5.943592],[-35.657428,-5.945112],[-35.654781,-5.944688],[-35.653757,-5.945395],[-35.652927,-5.94784],[-35.652312,-5.948345],[-35.65058,-5.948539],[-35.649662,-5.948534],[-35.648753,-5.947201],[-35.646623,-5.945556],[-35.643465,-5.945333],[-35.640425,-5.94256],[-35.637983,-5.941728],[-35.634301,-5.944053],[-35.629997,-5.948312],[-35.628669,-5.948508],[-35.62705,-5.946763],[-35.625524,-5.946345],[-35.624702,-5.947361],[-35.62499,-5.950219],[-35.622329,-5.952245],[-35.621078,-5.956623],[-35.621066,-5.958562],[-35.621971,-5.960608],[-35.623393,-5.961433],[-35.627059,-5.961864],[-35.62878,-5.963712],[-35.62979,-5.965247],[-35.629458,-5.969635],[-35.630469,-5.970863],[-35.630466,-5.971475],[-35.632401,-5.971488],[-35.634632,-5.973441],[-35.635842,-5.975693],[-35.636737,-5.979167],[-35.638353,-5.981525],[-35.640075,-5.983167],[-35.641298,-5.983175],[-35.642938,-5.981553],[-35.643155,-5.979615],[-35.642569,-5.975531],[-35.642778,-5.974512],[-35.645342,-5.971771],[-35.647384,-5.971273],[-35.649162,-5.972203],[-35.649566,-5.972817],[-35.649653,-5.975369],[-35.651062,-5.97803],[-35.654928,-5.97938],[-35.65604,-5.980918],[-35.656335,-5.982551],[-35.65765,-5.984192],[-35.657945,-5.985929],[-35.657123,-5.98725],[-35.654562,-5.989172],[-35.650969,-5.993335],[-35.64903,-5.994038],[-35.646891,-5.993616],[-35.646374,-5.994939],[-35.646458,-5.997797],[-35.644919,-5.99942],[-35.643593,-5.999719],[-35.642569,-6.000528],[-35.642003,-6.002034],[-35.639873,-6.002577],[-35.637586,-6.004544],[-35.637281,-6.006026],[-35.637465,-6.008106],[-35.640316,-6.010993],[-35.641096,-6.012682],[-35.640691,-6.014066],[-35.638218,-6.014445],[-35.632595,-6.012135],[-35.630633,-6.009449],[-35.628567,-6.007952],[-35.622044,-6.007219],[-35.618475,-6.008781],[-35.617169,-6.012039],[-35.61903,-6.015021],[-35.621595,-6.016125],[-35.62356,-6.017919],[-35.627315,-6.018438],[-35.628302,-6.018939],[-35.630937,-6.0244],[-35.634292,-6.025707],[-35.635176,-6.026603],[-35.637721,-6.030777],[-35.638498,-6.03296],[-35.640666,-6.03436],[-35.644317,-6.03557],[-35.645992,-6.036669],[-35.647743,-6.041332],[-35.648919,-6.043022],[-35.649493,-6.046093],[-35.64939,-6.046886],[-35.647599,-6.048558],[-35.646598,-6.050631],[-35.646885,-6.052117],[-35.648069,-6.05262],[-35.652121,-6.052942],[-35.65556,-6.056626],[-35.659026,-6.055955],[-35.661706,-6.05409],[-35.666453,-6.054218],[-35.668236,-6.053833],[-35.669131,-6.053147],[-35.67053,-6.050679],[-35.670445,-6.048302],[-35.66868,-6.046015],[-35.667397,-6.045414],[-35.666721,-6.042835],[-35.670007,-6.039094],[-35.670221,-6.03652],[-35.669352,-6.032951],[-35.669461,-6.031467],[-35.669959,-6.030777],[-35.67105,-6.030288],[-35.673224,-6.030401],[-35.674514,-6.029913],[-35.675308,-6.029226],[-35.675024,-6.027144],[-35.677403,-6.026366],[-35.677113,-6.025079],[-35.678328,-6.020531],[-35.677447,-6.019042],[-35.674889,-6.016749],[-35.674635,-6.009916],[-35.675133,-6.009128],[-35.677905,-6.008748],[-35.680274,-6.009356],[-35.681261,-6.009858],[-35.684013,-6.012745],[-35.686581,-6.013059],[-35.688366,-6.012277],[-35.690046,-6.012485],[-35.690737,-6.012787],[-35.691123,-6.014075],[-35.692698,-6.015372],[-35.695462,-6.016281],[-35.696551,-6.016187],[-35.697847,-6.014512],[-35.698452,-6.012338],[-35.698365,-6.010456],[-35.698966,-6.009174],[-35.702438,-6.007412],[-35.707978,-6.006316],[-35.710005,-6.003909],[-35.712886,-6.002064],[-35.712656,-5.997791],[-35.711849,-5.996358],[-35.707898,-5.992457],[-35.707093,-5.990615],[-35.707214,-5.987554],[-35.706613,-5.985714],[-35.703363,-5.983858],[-35.699492,-5.983426],[-35.69594,-5.980956],[-35.693798,-5.981046],[-35.692886,-5.980223],[-35.692905,-5.977162],[-35.689655,-5.975306],[-35.687533,-5.972232],[-35.684894,-5.970481],[-35.684192,-5.968437],[-35.682574,-5.966386],[-35.682279,-5.964751],[-35.682802,-5.962408],[-35.682499,-5.961793],[-35.681589,-5.960869],[-35.677611,-5.961254],[-35.676595,-5.960534],[-35.676507,-5.958389],[-35.677948,-5.956154],[-35.67816,-5.954726],[-35.676963,-5.950332],[-35.679017,-5.947997],[-35.679024,-5.946568],[-35.678928,-5.945547],[-35.67711,-5.942884],[-35.677023,-5.940434],[-35.676319,-5.938696],[-35.675407,-5.938078],[-35.67347,-5.938168],[-35.670916,-5.939072],[-35.668564,-5.940484],[-35.66734,-5.940681]]]}},{"type":"Feature","id":19,"properties":{"unidade":"LAd - Latossolo Amarelo Distrofico","ordem":"LATOSSOLO","subordem":"AMARELO","textura":"midia","relevo":"plano","fator_k":0.041,"fonte":"Folhas SB.24 e SB.25 - RADAMBRASIL (1981)"},"geometry":{"type":"Polygon","coordinates":[[[-35.4197,-5.828723],[-35.419493,-5.829232],[-35.417152,-5.829115],[-35.41156,-5.827448],[-35.408698,-5.82896],[-35.407669,-5.830585],[-35.406543,-5.831292],[-35.402664,-5.832696],[-35.401129,-5.833807],[-35.399196,-5.833692],[-35.398181,-5.832973],[-35.396757,-5.83276],[-35.395734,-5.833263],[-35.392254,-5.835995],[-35.390709,-5.838536],[-35.390201,-5.838532],[-35.38897,-5.839544],[-35.387136,-5.839941],[-35.383035,-5.843995],[-35.381903,-5.845822],[-35.380982,-5.846429],[-35.377618,-5.846918],[-35.37639,-5.847624],[-35.375875,-5.848539],[-35.37594,-5.854251],[-35.374489,-5.858118],[-35.374683,-5.85965],[-35.376306,-5.860681],[-35.380176,-5.860909],[-35.381695,-5.862041],[-35.38312,-5.862459],[-35.385571,-5.861454],[-35.3873,-5.861873],[-35.387807,-5.862183],[-35.388607,-5.864535],[-35.38942,-5.864743],[-35.391968,-5.864658],[-35.394114,-5.86355],[-35.395131,-5.863761],[-35.396348,-5.864685],[-35.397978,-5.864594],[-35.399924,-5.862975],[-35.402786,-5.861566],[-35.404922,-5.861987],[-35.407763,-5.863943],[-35.411221,-5.864782],[-35.412953,-5.864589],[-35.414586,-5.863886],[-35.416329,-5.862366],[-35.419701,-5.860756],[-35.420316,-5.860045],[-35.420839,-5.858009],[-35.422272,-5.856998],[-35.423197,-5.85578],[-35.42362,-5.853334],[-35.425263,-5.8511],[-35.428831,-5.85092],[-35.430777,-5.848993],[-35.432106,-5.848288],[-35.433126,-5.847988],[-35.435062,-5.848204],[-35.437008,-5.846482],[-35.439968,-5.845584],[-35.441383,-5.847326],[-35.441167,-5.849365],[-35.438403,-5.851184],[-35.438093,-5.851997],[-35.437376,-5.852503],[-35.435239,-5.852489],[-35.434421,-5.852892],[-35.43278,-5.854514],[-35.431844,-5.857569],[-35.430816,-5.858887],[-35.430497,-5.860825],[-35.431103,-5.861951],[-35.433444,-5.862273],[-35.435486,-5.861672],[-35.438756,-5.859958],[-35.44234,-5.856819],[-35.442967,-5.854477],[-35.442979,-5.85264],[-35.444212,-5.850813],[-35.446972,-5.849503],[-35.449011,-5.849211],[-35.450855,-5.847489],[-35.451877,-5.847188],[-35.452589,-5.847396],[-35.453904,-5.848731],[-35.453691,-5.85026],[-35.451124,-5.853508],[-35.451014,-5.854528],[-35.451919,-5.856574],[-35.453339,-5.857502],[-35.456904,-5.857626],[-35.458937,-5.858251],[-35.461575,-5.860002],[-35.462592,-5.860213],[-35.465655,-5.859211],[-35.466572,-5.859216],[-35.467993,-5.860043],[-35.469209,-5.86107],[-35.469906,-5.863625],[-35.473762,-5.865893],[-35.474259,-5.867937],[-35.475266,-5.869678],[-35.479426,-5.872561],[-35.480638,-5.8742],[-35.482264,-5.874925],[-35.484912,-5.875044],[-35.485824,-5.875765],[-35.486831,-5.87781],[-35.488554,-5.879047],[-35.49161,-5.87886],[-35.493237,-5.879687],[-35.493535,-5.880913],[-35.495157,-5.882045],[-35.49872,-5.882476],[-35.500043,-5.882994],[-35.500953,-5.88402],[-35.50319,-5.884544],[-35.504617,-5.884655],[-35.507284,-5.881816],[-35.508509,-5.881313],[-35.510542,-5.88204],[-35.514522,-5.881147],[-35.51564,-5.88146],[-35.516347,-5.882485],[-35.516335,-5.884218],[-35.51398,-5.886245],[-35.507546,-5.888754],[-35.506,-5.891397],[-35.502831,-5.893215],[-35.501098,-5.893408],[-35.498654,-5.892984],[-35.495405,-5.891331],[-35.490101,-5.89242],[-35.489083,-5.892109],[-35.487064,-5.889136],[-35.482068,-5.889818],[-35.480045,-5.887358],[-35.478316,-5.887143],[-35.476079,-5.88621],[-35.47406,-5.883544],[-35.471012,-5.882098],[-35.470406,-5.881175],[-35.470517,-5.879748],[-35.468997,-5.878412],[-35.46544,-5.877266],[-35.463215,-5.874498],[-35.459864,-5.872743],[-35.45752,-5.873035],[-35.456404,-5.872211],[-35.455181,-5.872101],[-35.45303,-5.87423],[-35.451497,-5.874833],[-35.450882,-5.875543],[-35.44964,-5.878493],[-35.448821,-5.879101],[-35.446783,-5.879495],[-35.444748,-5.878769],[-35.441812,-5.875996],[-35.439978,-5.876086],[-35.437623,-5.877804],[-35.436603,-5.878104],[-35.433765,-5.875842],[-35.431319,-5.875928],[-35.428681,-5.874381],[-35.427461,-5.873965],[-35.426238,-5.87406],[-35.42542,-5.874462],[-35.424905,-5.875377],[-35.423459,-5.878428],[-35.423351,-5.879448],[-35.423752,-5.880471],[-35.425571,-5.882624],[-35.425861,-5.882478],[-35.427659,-5.883795],[-35.428503,-5.886315],[-35.430823,-5.889799],[-35.432246,-5.890216],[-35.435713,-5.889729],[-35.440583,-5.893024],[-35.442414,-5.893443],[-35.44425,-5.893149],[-35.447218,-5.890923],[-35.449765,-5.89094],[-35.451095,-5.89003],[-35.452538,-5.887387],[-35.453456,-5.887393],[-35.457925,-5.889563],[-35.459756,-5.889881],[-35.461796,-5.889384],[-35.464442,-5.889911],[-35.469001,-5.893919],[-35.471956,-5.893938],[-35.473589,-5.893437],[-35.476841,-5.894786],[-35.478673,-5.894899],[-35.481434,-5.893488],[-35.483776,-5.893809],[-35.485301,-5.894225],[-35.486821,-5.895458],[-35.488036,-5.896794],[-35.488939,-5.89884],[-35.489954,-5.899561],[-35.491481,-5.899673],[-35.493818,-5.900809],[-35.494707,-5.904998],[-35.495616,-5.906636],[-35.495295,-5.908776],[-35.493147,-5.910191],[-35.491823,-5.91008],[-35.490006,-5.907519],[-35.488987,-5.907409],[-35.487246,-5.908828],[-35.484901,-5.909016],[-35.481248,-5.906851],[-35.478808,-5.905918],[-35.477686,-5.906216],[-35.476041,-5.908552],[-35.475316,-5.910384],[-35.474085,-5.9116],[-35.471336,-5.911582],[-35.470422,-5.911068],[-35.46777,-5.911459],[-35.467051,-5.91227],[-35.466086,-5.912494],[-35.464378,-5.912104],[-35.46258,-5.910507],[-35.462587,-5.909283],[-35.465659,-5.907056],[-35.465665,-5.906038],[-35.46405,-5.903578],[-35.462826,-5.903775],[-35.461085,-5.905091],[-35.459045,-5.905486],[-35.456787,-5.908123],[-35.453938,-5.907696],[-35.448814,-5.912256],[-35.446165,-5.912341],[-35.442515,-5.909359],[-35.441297,-5.908739],[-35.439565,-5.908931],[-35.439357,-5.909338],[-35.440356,-5.912609],[-35.440347,-5.914139],[-35.438912,-5.915354],[-35.438199,-5.91535],[-35.435553,-5.914619],[-35.435455,-5.914209],[-35.432705,-5.91409],[-35.430775,-5.913159],[-35.429567,-5.91101],[-35.429471,-5.910091],[-35.424392,-5.907712],[-35.421062,-5.902691],[-35.416294,-5.899703],[-35.415588,-5.898576],[-35.415395,-5.896738],[-35.415817,-5.894497],[-35.417356,-5.892876],[-35.41757,-5.891245],[-35.413931,-5.886834],[-35.414976,-5.882658],[-35.414886,-5.881026],[-35.414409,-5.879894],[-35.411433,-5.879065],[-35.410632,-5.877121],[-35.409521,-5.875686],[-35.407288,-5.874448],[-35.406167,-5.874441],[-35.404427,-5.875653],[-35.402794,-5.876153],[-35.401478,-5.875023],[-35.400358,-5.874812],[-35.398208,-5.876428],[-35.39627,-5.876824],[-35.394012,-5.87936],[-35.392991,-5.87966],[-35.391771,-5.87955],[-35.389232,-5.878207],[-35.388213,-5.8782],[-35.387291,-5.879011],[-35.386772,-5.880437],[-35.386864,-5.882069],[-35.388069,-5.884729],[-35.388364,-5.886363],[-35.388048,-5.887993],[-35.387434,-5.888295],[-35.38591,-5.887877],[-35.383885,-5.885926],[-35.382879,-5.883879],[-35.38125,-5.883767],[-35.380532,-5.88468],[-35.380984,-5.887292],[-35.38066,-5.89071],[-35.386382,-5.893796],[-35.387069,-5.897576],[-35.388387,-5.898502],[-35.392155,-5.89873],[-35.393269,-5.899757],[-35.394287,-5.899866],[-35.396746,-5.897842],[-35.398378,-5.897546],[-35.399289,-5.898165],[-35.400297,-5.900111],[-35.403146,-5.900434],[-35.404159,-5.90146],[-35.404148,-5.903194],[-35.403013,-5.905227],[-35.402492,-5.907264],[-35.402688,-5.908286],[-35.405422,-5.910956],[-35.40602,-5.912999],[-35.406116,-5.914021],[-35.404667,-5.91748],[-35.405647,-5.9233],[-35.408488,-5.925154],[-35.40981,-5.925572],[-35.412053,-5.925383],[-35.414087,-5.925804],[-35.415203,-5.926729],[-35.415898,-5.92959],[-35.417111,-5.930924],[-35.418743,-5.930629],[-35.420382,-5.929313],[-35.424564,-5.928421],[-35.426715,-5.926701],[-35.429486,-5.923455],[-35.431219,-5.923262],[-35.435087,-5.924633],[-35.43914,-5.92833],[-35.440865,-5.929362],[-35.443817,-5.929789],[-35.446876,-5.929401],[-35.450969,-5.926774],[-35.45351,-5.927607],[-35.456548,-5.930483],[-35.458447,-5.930899],[-35.460011,-5.930709],[-35.461546,-5.929597],[-35.462577,-5.927868],[-35.464106,-5.927675],[-35.466036,-5.928401],[-35.467567,-5.928105],[-35.469516,-5.926179],[-35.470963,-5.922822],[-35.474326,-5.922639],[-35.476655,-5.925102],[-35.477672,-5.925211],[-35.479305,-5.92471],[-35.482869,-5.925244],[-35.486513,-5.92894],[-35.487832,-5.929662],[-35.488255,-5.93054],[-35.492256,-5.932109],[-35.493129,-5.930003],[-35.495379,-5.928588],[-35.496213,-5.925532],[-35.495003,-5.92379],[-35.49297,-5.922757],[-35.493085,-5.920819],[-35.494728,-5.918892],[-35.495863,-5.916655],[-35.49791,-5.915137],[-35.49884,-5.912898],[-35.50028,-5.910867],[-35.503033,-5.910477],[-35.50508,-5.909264],[-35.506505,-5.909274],[-35.508437,-5.909796],[-35.510566,-5.911544],[-35.512878,-5.912451],[-35.513886,-5.912055],[-35.516182,-5.909743],[-35.518034,-5.906898],[-35.519366,-5.905683],[-35.521513,-5.904573],[-35.523853,-5.904996],[-35.52497,-5.905819],[-35.525779,-5.906844],[-35.526075,-5.908173],[-35.527693,-5.910018],[-35.528509,-5.909921],[-35.530149,-5.908403],[-35.532595,-5.908214],[-35.53513,-5.910167],[-35.536251,-5.910174],[-35.538365,-5.909326],[-35.539679,-5.908025],[-35.541387,-5.903575],[-35.543634,-5.902772],[-35.545684,-5.90054],[-35.545593,-5.898907],[-35.543367,-5.896445],[-35.543379,-5.894507],[-35.54247,-5.893379],[-35.541043,-5.893268],[-35.539612,-5.893871],[-35.537277,-5.892735],[-35.536247,-5.89436],[-35.535329,-5.894763],[-35.535224,-5.89517],[-35.530741,-5.89504],[-35.529735,-5.893096],[-35.530466,-5.890243],[-35.531284,-5.889738],[-35.531809,-5.887293],[-35.530392,-5.885753],[-35.526522,-5.885322],[-35.525722,-5.883073],[-35.523592,-5.879968],[-35.523697,-5.879163],[-35.52541,-5.878168],[-35.526772,-5.877875],[-35.529316,-5.878605],[-35.530843,-5.878614],[-35.531665,-5.8776],[-35.532187,-5.87546],[-35.532801,-5.874954],[-35.534739,-5.874762],[-35.535652,-5.875279],[-35.536774,-5.875285],[-35.538439,-5.872573],[-35.53886,-5.869558],[-35.539882,-5.867823],[-35.538952,-5.865768],[-35.536848,-5.86475],[-35.53615,-5.86394],[-35.535164,-5.861117],[-35.534366,-5.860106],[-35.532356,-5.860496],[-35.530652,-5.859983],[-35.529661,-5.857863],[-35.524362,-5.854209],[-35.523767,-5.852898],[-35.523878,-5.851188],[-35.525403,-5.84828],[-35.524617,-5.845559],[-35.522203,-5.845946],[-35.521404,-5.845539],[-35.520607,-5.844227],[-35.520874,-5.842417],[-35.520472,-5.841598],[-35.521198,-5.839665],[-35.520799,-5.838133],[-35.51856,-5.837608],[-35.516936,-5.836577],[-35.516121,-5.836573],[-35.514791,-5.837789],[-35.513756,-5.84023],[-35.512684,-5.840903],[-35.513113,-5.845634],[-35.513518,-5.845841],[-35.513406,-5.847574],[-35.512273,-5.849404],[-35.512468,-5.851038],[-35.51215,-5.852769],[-35.510304,-5.854696],[-35.509085,-5.854383],[-35.508073,-5.853254],[-35.507672,-5.852027],[-35.506862,-5.851411],[-35.504421,-5.850682],[-35.503297,-5.85098],[-35.501037,-5.85423],[-35.499059,-5.856053],[-35.499049,-5.857461],[-35.498543,-5.858263],[-35.497235,-5.858657],[-35.494632,-5.857535],[-35.493792,-5.85592],[-35.4934,-5.853571],[-35.492283,-5.852747],[-35.491797,-5.853021],[-35.490951,-5.852614],[-35.487925,-5.85501],[-35.487157,-5.858122],[-35.485827,-5.859033],[-35.4841,-5.859266],[-35.483096,-5.85916],[-35.4822,-5.857847],[-35.482234,-5.852516],[-35.479135,-5.850382],[-35.478642,-5.848771],[-35.477742,-5.848463],[-35.475325,-5.849252],[-35.473628,-5.847834],[-35.473033,-5.846723],[-35.467225,-5.844171],[-35.463395,-5.846562],[-35.460532,-5.847652],[-35.457789,-5.846512],[-35.457392,-5.845686],[-35.457908,-5.84386],[-35.459957,-5.841934],[-35.461998,-5.841335],[-35.463026,-5.839913],[-35.463237,-5.838792],[-35.46202,-5.837765],[-35.461206,-5.837659],[-35.461143,-5.837138],[-35.459994,-5.836222],[-35.459477,-5.833199],[-35.458779,-5.83239],[-35.456472,-5.832074],[-35.455679,-5.830359],[-35.453177,-5.829237],[-35.447742,-5.831214],[-35.44482,-5.832806],[-35.442423,-5.83098],[-35.440338,-5.827144],[-35.439339,-5.826434],[-35.433917,-5.826399],[-35.430702,-5.826881],[-35.425187,-5.825739],[-35.422572,-5.826629],[-35.4197,-5.828723]]]}},{"type":"Feature","id":20,"properties":{"unidade":"LAd - Latossolo Amarelo Distrofico","ordem":"LATOSSOLO","subordem":"AMARELO","textura":"midia","relevo":"plano","fator_k":0.041,"fonte":"Folhas SB.24 e SB.25 - RADAMBRASIL (1981)"},"geometry":{"type":"MultiPolygon","coordinates":[[[[-35.432389,-5.986392],[-35.431018,-5.98759],[-35.428807,-5.98717],[-35.429194,-5.989015],[-35.42984,-5.989338],[-35.429586,-5.990533],[-35.431414,-5.989971],[-35.432552,-5.990661],[-35.433268,-5.99041],[-35.434341,-5.99132],[-35.435824,-5.990949],[-35.436212,-5.991368],[-35.436832,-5.991058],[-35.43727,-5.991531],[-35.438992,-5.991507],[-35.438797,-5.992892],[-35.440841,-5.993208],[-35.441748,-5.992848],[-35.442424,-5.993893],[-35.443079,-5.994123],[-35.444664,-5.993788],[-35.447836,-5.995769],[-35.451335,-6.004509],[-35.463579,-6.008879],[-35.464608,-6.009605],[-35.463948,-6.01048],[-35.46429,-6.010797],[-35.463962,-6.01224],[-35.463103,-6.012444],[-35.462591,-6.013547],[-35.461597,-6.013376],[-35.460437,-6.014104],[-35.460301,-6.014961],[-35.459309,-6.016235],[-35.458683,-6.018809],[-35.460183,-6.018266],[-35.461891,-6.018975],[-35.462474,-6.018987],[-35.4634,-6.018232],[-35.4644,-6.018754],[-35.465988,-6.018722],[-35.465756,-6.0201],[-35.466516,-6.020615],[-35.469628,-6.019856],[-35.470408,-6.020569],[-35.470742,-6.019332],[-35.471647,-6.019087],[-35.472351,-6.021358],[-35.473239,-6.020791],[-35.474209,-6.020786],[-35.47513,-6.02141],[-35.476863,-6.020341],[-35.477691,-6.020324],[-35.478351,-6.020453],[-35.479516,-6.02182],[-35.480511,-6.021502],[-35.482915,-6.025132],[-35.486276,-6.027188],[-35.486155,-6.027876],[-35.484919,-6.028486],[-35.485167,-6.03029],[-35.488036,-6.029974],[-35.489309,-6.029027],[-35.495455,-6.032334],[-35.495397,-6.033435],[-35.496361,-6.034104],[-35.496152,-6.036526],[-35.495684,-6.03699],[-35.495808,-6.037886],[-35.496183,-6.037189],[-35.497239,-6.036983],[-35.497715,-6.036092],[-35.498731,-6.03643],[-35.499253,-6.035917],[-35.49965,-6.03632],[-35.500382,-6.035186],[-35.50279,-6.035987],[-35.502935,-6.036432],[-35.503617,-6.036544],[-35.503813,-6.037148],[-35.504748,-6.037339],[-35.506528,-6.037607],[-35.50849,-6.036657],[-35.509397,-6.03711],[-35.509535,-6.037677],[-35.510189,-6.03745],[-35.511186,-6.03794],[-35.512337,-6.04006],[-35.513248,-6.039873],[-35.51411,-6.040397],[-35.514808,-6.039998],[-35.515056,-6.04051],[-35.515856,-6.040399],[-35.516527,-6.039719],[-35.517105,-6.041761],[-35.516536,-6.0426],[-35.517002,-6.043003],[-35.517434,-6.042665],[-35.518308,-6.043304],[-35.517957,-6.044006],[-35.519069,-6.044759],[-35.520036,-6.045156],[-35.521498,-6.044338],[-35.52322,-6.045663],[-35.522882,-6.047289],[-35.524126,-6.048558],[-35.525598,-6.048689],[-35.525262,-6.049682],[-35.52628,-6.050364],[-35.526596,-6.051337],[-35.527302,-6.051616],[-35.528146,-6.053088],[-35.530235,-6.054222],[-35.530659,-6.053801],[-35.53205,-6.053631],[-35.531844,-6.051738],[-35.530928,-6.050494],[-35.531174,-6.048787],[-35.532047,-6.048794],[-35.533839,-6.047291],[-35.534535,-6.047649],[-35.534847,-6.046934],[-35.534284,-6.04637],[-35.534442,-6.046063],[-35.533131,-6.045682],[-35.532744,-6.045112],[-35.534218,-6.044245],[-35.536456,-6.044317],[-35.536625,-6.043821],[-35.536028,-6.042482],[-35.536252,-6.041756],[-35.538965,-6.039945],[-35.541222,-6.040847],[-35.542613,-6.040775],[-35.542828,-6.041657],[-35.544429,-6.041901],[-35.545286,-6.04262],[-35.546823,-6.041826],[-35.547219,-6.041008],[-35.548637,-6.040835],[-35.548491,-6.039263],[-35.54975,-6.03696],[-35.550578,-6.036676],[-35.552749,-6.037019],[-35.552988,-6.037483],[-35.552573,-6.037897],[-35.552691,-6.038631],[-35.555951,-6.040049],[-35.557668,-6.039601],[-35.558695,-6.040119],[-35.559998,-6.039649],[-35.56038,-6.039281],[-35.560391,-6.037562],[-35.56118,-6.038134],[-35.56174,-6.037942],[-35.561884,-6.038824],[-35.563379,-6.040443],[-35.564924,-6.038931],[-35.565068,-6.038339],[-35.56798,-6.038468],[-35.56821,-6.039946],[-35.570132,-6.038801],[-35.571498,-6.038582],[-35.571942,-6.039263],[-35.573407,-6.038812],[-35.573876,-6.039492],[-35.575443,-6.039681],[-35.575851,-6.040506],[-35.577894,-6.039776],[-35.578528,-6.039981],[-35.579432,-6.041889],[-35.580296,-6.041376],[-35.580888,-6.039266],[-35.582063,-6.039473],[-35.583327,-6.038728],[-35.583982,-6.040053],[-35.585199,-6.03971],[-35.585716,-6.040737],[-35.586456,-6.040282],[-35.588477,-6.040863],[-35.588642,-6.04183],[-35.58793,-6.042246],[-35.589061,-6.04311],[-35.589546,-6.044066],[-35.589237,-6.044829],[-35.58942,-6.045954],[-35.590654,-6.045952],[-35.5913,-6.045279],[-35.591786,-6.045269],[-35.592215,-6.046153],[-35.593337,-6.045769],[-35.596031,-6.047548],[-35.596695,-6.049259],[-35.597448,-6.048895],[-35.597936,-6.049265],[-35.599545,-6.048977],[-35.600117,-6.048119],[-35.601247,-6.047739],[-35.601749,-6.047982],[-35.601973,-6.049004],[-35.603417,-6.049423],[-35.605514,-6.050833],[-35.605486,-6.052174],[-35.606147,-6.052515],[-35.606854,-6.052529],[-35.607001,-6.052074],[-35.608312,-6.052289],[-35.609016,-6.052965],[-35.608428,-6.0539],[-35.608432,-6.055137],[-35.609027,-6.05626],[-35.610351,-6.056287],[-35.610821,-6.055922],[-35.611139,-6.057689],[-35.611726,-6.058073],[-35.611544,-6.058636],[-35.61071,-6.058639],[-35.609887,-6.060719],[-35.613803,-6.062084],[-35.614892,-6.063628],[-35.617054,-6.064081],[-35.617273,-6.064532],[-35.618074,-6.064761],[-35.618293,-6.065666],[-35.61988,-6.065478],[-35.620521,-6.066455],[-35.621511,-6.066458],[-35.622305,-6.06706],[-35.623771,-6.065785],[-35.624884,-6.065899],[-35.626313,-6.064537],[-35.62701,-6.064523],[-35.6285,-6.065554],[-35.628684,-6.066121],[-35.629815,-6.065971],[-35.630198,-6.065214],[-35.631137,-6.065026],[-35.631899,-6.065785],[-35.632686,-6.065321],[-35.634466,-6.068234],[-35.638779,-6.072053],[-35.63901,-6.074147],[-35.639717,-6.074561],[-35.639381,-6.07609],[-35.638359,-6.076696],[-35.639761,-6.077484],[-35.640737,-6.078802],[-35.640172,-6.079547],[-35.640392,-6.080967],[-35.643562,-6.07995],[-35.644886,-6.080383],[-35.64573,-6.079716],[-35.646168,-6.080619],[-35.648071,-6.080334],[-35.648321,-6.078966],[-35.650032,-6.078476],[-35.65037,-6.077566],[-35.651395,-6.077796],[-35.652385,-6.076676],[-35.662334,-6.076738],[-35.664802,-6.07635],[-35.662141,-6.075547],[-35.66106,-6.074352],[-35.661384,-6.0698],[-35.660113,-6.067416],[-35.658736,-6.066319],[-35.657052,-6.066605],[-35.654274,-6.068072],[-35.652596,-6.067765],[-35.651318,-6.06647],[-35.649833,-6.06656],[-35.648345,-6.067343],[-35.646056,-6.069705],[-35.64378,-6.06979],[-35.642598,-6.069386],[-35.641908,-6.068688],[-35.641521,-6.067498],[-35.639847,-6.066202],[-35.638265,-6.066093],[-35.637279,-6.065592],[-35.633541,-6.062401],[-35.626818,-6.062161],[-35.62564,-6.060866],[-35.625854,-6.058195],[-35.626855,-6.056222],[-35.626675,-6.053251],[-35.625797,-6.051561],[-35.624713,-6.050664],[-35.622244,-6.050254],[-35.621264,-6.048861],[-35.620778,-6.047571],[-35.620904,-6.043217],[-35.619333,-6.041325],[-35.619243,-6.039939],[-35.619248,-6.039048],[-35.620839,-6.03787],[-35.622225,-6.037383],[-35.625406,-6.034731],[-35.625618,-6.032652],[-35.62375,-6.030662],[-35.620288,-6.030837],[-35.612782,-6.029504],[-35.611208,-6.028009],[-35.610234,-6.025727],[-35.608461,-6.024527],[-35.604504,-6.024898],[-35.603904,-6.025984],[-35.603592,-6.028358],[-35.602901,-6.028156],[-35.602105,-6.028744],[-35.600064,-6.028754],[-35.598764,-6.027437],[-35.598997,-6.022502],[-35.601828,-6.020001],[-35.602744,-6.018495],[-35.600744,-6.016568],[-35.59994,-6.016363],[-35.596711,-6.018156],[-35.595394,-6.019558],[-35.589348,-6.021333],[-35.586832,-6.02152],[-35.585215,-6.022819],[-35.583829,-6.026056],[-35.582536,-6.027335],[-35.57857,-6.029093],[-35.575706,-6.028579],[-35.574525,-6.027583],[-35.574633,-6.026098],[-35.575927,-6.024819],[-35.57555,-6.021846],[-35.577344,-6.019681],[-35.577356,-6.017702],[-35.573234,-6.012627],[-35.570568,-6.011916],[-35.569777,-6.01211],[-35.567889,-6.01378],[-35.5664,-6.014266],[-35.563437,-6.01395],[-35.561655,-6.014434],[-35.560554,-6.016704],[-35.559857,-6.017294],[-35.558273,-6.017481],[-35.555991,-6.018853],[-35.55518,-6.022115],[-35.553887,-6.023194],[-35.55171,-6.023577],[-35.548159,-6.022168],[-35.546971,-6.022161],[-35.546081,-6.022353],[-35.543793,-6.024617],[-35.53984,-6.024294],[-35.538235,-6.027947],[-35.53367,-6.030392],[-35.52725,-6.029361],[-35.525357,-6.031428],[-35.524367,-6.031916],[-35.522588,-6.03141],[-35.521509,-6.030413],[-35.51983,-6.029908],[-35.516074,-6.029685],[-35.5146,-6.028388],[-35.512923,-6.027785],[-35.506779,-6.029824],[-35.504703,-6.02981],[-35.503126,-6.028909],[-35.502539,-6.028114],[-35.502067,-6.024647],[-35.500501,-6.022063],[-35.49716,-6.018974],[-35.494199,-6.018063],[-35.490443,-6.015729],[-35.487421,-6.016515],[-35.484107,-6.015586],[-35.482865,-6.012447],[-35.48159,-6.010855],[-35.478822,-6.010838],[-35.477145,-6.010134],[-35.475386,-6.008487],[-35.472904,-6.008622],[-35.470716,-6.010587],[-35.469134,-6.010577],[-35.467755,-6.009975],[-35.466795,-6.006176],[-35.466001,-6.004459],[-35.464702,-6.00304],[-35.458897,-6.00003],[-35.454234,-5.996428],[-35.454243,-5.995001],[-35.456397,-5.992464],[-35.456302,-5.991546],[-35.454572,-5.991331],[-35.452346,-5.98897],[-35.450817,-5.988756],[-35.45009,-5.990791],[-35.448052,-5.990982],[-35.446737,-5.98975],[-35.445206,-5.989944],[-35.443569,-5.991056],[-35.441733,-5.99135],[-35.440105,-5.99093],[-35.435447,-5.98631],[-35.432389,-5.986392]]],[[[-35.404027,-5.986137],[-35.404169,-5.986107],[-35.403753,-5.985926],[-35.404027,-5.986137]]],[[[-35.423841,-5.98501],[-35.421093,-5.985803],[-35.422478,-5.985887],[-35.422645,-5.98676],[-35.423838,-5.986118],[-35.424186,-5.985206],[-35.425161,-5.985995],[-35.425377,-5.98668],[-35.426861,-5.985837],[-35.427832,-5.9864],[-35.427012,-5.985753],[-35.425875,-5.98533],[-35.423841,-5.98501]]],[[[-35.418512,-5.986798],[-35.416501,-5.985574],[-35.415458,-5.984479],[-35.416953,-5.987012],[-35.418512,-5.986798]]],[[[-35.408657,-5.986473],[-35.409629,-5.986656],[-35.410214,-5.987247],[-35.410978,-5.986711],[-35.411616,-5.984783],[-35.412846,-5.984418],[-35.412931,-5.983795],[-35.409164,-5.985678],[-35.408657,-5.986473]]],[[[-35.386527,-5.94942],[-35.385428,-5.949373],[-35.384905,-5.950975],[-35.385762,-5.951548],[-35.387002,-5.955295],[-35.387879,-5.956263],[-35.388476,-5.958354],[-35.389563,-5.960066],[-35.388734,-5.962804],[-35.38905,-5.963565],[-35.386609,-5.964527],[-35.386634,-5.965661],[-35.387627,-5.966552],[-35.388238,-5.965946],[-35.390342,-5.966413],[-35.390586,-5.967186],[-35.391541,-5.967302],[-35.392443,-5.968426],[-35.391905,-5.969193],[-35.392256,-5.969358],[-35.391748,-5.970368],[-35.391569,-5.97241],[-35.392896,-5.972728],[-35.393688,-5.973853],[-35.393662,-5.974801],[-35.394375,-5.975462],[-35.394472,-5.977892],[-35.395016,-5.978634],[-35.396407,-5.97859],[-35.396745,-5.98057],[-35.39712,-5.980555],[-35.397429,-5.981438],[-35.396855,-5.982267],[-35.397927,-5.982952],[-35.398676,-5.982922],[-35.397663,-5.985985],[-35.398159,-5.986521],[-35.401283,-5.985904],[-35.401716,-5.984781],[-35.402312,-5.984757],[-35.401642,-5.982773],[-35.400734,-5.981543],[-35.396272,-5.978251],[-35.395775,-5.976206],[-35.396494,-5.975497],[-35.39833,-5.975305],[-35.401583,-5.976346],[-35.403842,-5.97371],[-35.407916,-5.973839],[-35.409657,-5.972522],[-35.410177,-5.970997],[-35.411821,-5.968763],[-35.411934,-5.967131],[-35.410012,-5.964977],[-35.409421,-5.961811],[-35.408614,-5.960581],[-35.406378,-5.959751],[-35.403324,-5.959323],[-35.402411,-5.958602],[-35.402521,-5.957481],[-35.403656,-5.955143],[-35.40337,-5.95208],[-35.402865,-5.951464],[-35.400772,-5.952164],[-35.400163,-5.951854],[-35.400271,-5.951142],[-35.399668,-5.949812],[-35.397836,-5.949392],[-35.395487,-5.950193],[-35.394471,-5.950084],[-35.393154,-5.948648],[-35.391632,-5.947822],[-35.389898,-5.948013],[-35.386527,-5.94942]]],[[[-35.289565,-5.838517],[-35.28732,-5.839113],[-35.284241,-5.842662],[-35.283221,-5.842859],[-35.281083,-5.842713],[-35.279163,-5.840385],[-35.277231,-5.839648],[-35.274932,-5.840988],[-35.273825,-5.841082],[-35.271087,-5.844789],[-35.268369,-5.845375],[-35.267589,-5.847227],[-35.274776,-5.849948],[-35.278126,-5.850659],[-35.27701,-5.852791],[-35.276147,-5.853141],[-35.286152,-5.850543],[-35.305901,-5.862441],[-35.310185,-5.873148],[-35.315029,-5.88083],[-35.318837,-5.887968],[-35.322943,-5.903995],[-35.328722,-5.906935],[-35.33596,-5.908434],[-35.348997,-5.90997],[-35.355417,-5.914481],[-35.354878,-5.915345],[-35.355479,-5.916388],[-35.357425,-5.917251],[-35.357284,-5.918248],[-35.356743,-5.9188],[-35.357003,-5.919896],[-35.356411,-5.92048],[-35.356518,-5.920844],[-35.357156,-5.920992],[-35.357636,-5.922124],[-35.359669,-5.922492],[-35.360791,-5.923294],[-35.361278,-5.923922],[-35.359195,-5.92464],[-35.359238,-5.925717],[-35.360078,-5.925848],[-35.360769,-5.927543],[-35.361455,-5.927397],[-35.362966,-5.92904],[-35.363062,-5.930651],[-35.361868,-5.930979],[-35.361966,-5.932174],[-35.361171,-5.933086],[-35.362104,-5.933721],[-35.362814,-5.933467],[-35.364223,-5.934075],[-35.364338,-5.935236],[-35.365444,-5.935885],[-35.365691,-5.937033],[-35.366312,-5.937542],[-35.367599,-5.937113],[-35.369765,-5.937289],[-35.370432,-5.936823],[-35.37104,-5.936932],[-35.371993,-5.938367],[-35.372877,-5.938556],[-35.373774,-5.938183],[-35.373504,-5.939978],[-35.374965,-5.943154],[-35.376651,-5.943431],[-35.376707,-5.944321],[-35.378063,-5.944637],[-35.378163,-5.946002],[-35.381437,-5.948942],[-35.382171,-5.947522],[-35.383592,-5.948306],[-35.384016,-5.948188],[-35.383802,-5.945525],[-35.384731,-5.943492],[-35.384342,-5.940836],[-35.384142,-5.940224],[-35.382217,-5.938476],[-35.382027,-5.936333],[-35.382544,-5.935521],[-35.382446,-5.934703],[-35.380422,-5.93265],[-35.37707,-5.931098],[-35.375861,-5.928947],[-35.375669,-5.927314],[-35.37608,-5.926705],[-35.376404,-5.924056],[-35.375712,-5.920684],[-35.374287,-5.920369],[-35.371225,-5.921165],[-35.369698,-5.921155],[-35.367977,-5.919411],[-35.368198,-5.916962],[-35.371678,-5.914333],[-35.372215,-5.909951],[-35.370805,-5.907596],[-35.368671,-5.906765],[-35.367759,-5.906046],[-35.367156,-5.904715],[-35.365734,-5.904196],[-35.364924,-5.903374],[-35.366382,-5.898488],[-35.365691,-5.895016],[-35.365285,-5.895012],[-35.362552,-5.89224],[-35.362456,-5.891321],[-35.36391,-5.887251],[-35.363718,-5.88521],[-35.362606,-5.883876],[-35.361894,-5.883871],[-35.360576,-5.882844],[-35.359475,-5.87998],[-35.358153,-5.879563],[-35.356837,-5.878126],[-35.355822,-5.87761],[-35.352764,-5.877998],[-35.350921,-5.879311],[-35.349186,-5.879913],[-35.347053,-5.878776],[-35.346551,-5.877958],[-35.346458,-5.876427],[-35.347999,-5.874499],[-35.348423,-5.871747],[-35.346894,-5.870074],[-35.344753,-5.869033],[-35.344247,-5.868171],[-35.345574,-5.864066],[-35.344503,-5.862852],[-35.343004,-5.86271],[-35.339201,-5.864648],[-35.338477,-5.866276],[-35.334304,-5.865941],[-35.333169,-5.868078],[-35.333159,-5.869505],[-35.330801,-5.871836],[-35.327233,-5.872424],[-35.32571,-5.871699],[-35.32398,-5.871485],[-35.321628,-5.872795],[-35.318674,-5.872673],[-35.316855,-5.870621],[-35.316661,-5.868988],[-35.317585,-5.867975],[-35.321575,-5.865348],[-35.322909,-5.863726],[-35.323228,-5.861688],[-35.322629,-5.859847],[-35.320808,-5.858001],[-35.317258,-5.855631],[-35.316816,-5.852597],[-35.314974,-5.851998],[-35.30639,-5.850969],[-35.30578,-5.85076],[-35.304469,-5.849018],[-35.302338,-5.847678],[-35.299487,-5.847557],[-35.297454,-5.846932],[-35.296038,-5.845495],[-35.292889,-5.844045],[-35.292384,-5.843328],[-35.291393,-5.839344],[-35.289565,-5.838517]]]]}},{"type":"Feature","id":21,"properties":{"unidade":"LAd - Latossolo Amarelo Distrofico","ordem":"LATOSSOLO","subordem":"AMARELO","textura":"midia","relevo":"plano","fator_k":0.041,"fonte":"Folhas SB.24 e SB.25 - RADAMBRASIL (1981)"},"geometry":{"type":"MultiPolygon","coordinates":[[[[-35.298731,-5.74579],[-35.298129,-5.746117],[-35.296932,-5.745903],[-35.296262,-5.74633],[-35.295877,-5.747634],[-35.29301,-5.748503],[-35.284995,-5.755112],[-35.28726,-5.757632],[-35.287894,-5.75928],[-35.287478,-5.761553],[-35.289658,-5.762296],[-35.290982,-5.762102],[-35.293239,-5.75977],[-35.294567,-5.759064],[-35.299144,-5.759706],[-35.301913,-5.756969],[-35.302729,-5.756669],[-35.304054,-5.756576],[-35.306287,-5.757713],[-35.307,-5.757717],[-35.30802,-5.75752],[-35.309354,-5.755795],[-35.311904,-5.755198],[-35.312914,-5.756531],[-35.312903,-5.758164],[-35.311765,-5.761593],[-35.309936,-5.765102],[-35.307413,-5.767198],[-35.303701,-5.766871],[-35.300589,-5.767154],[-35.297761,-5.76975],[-35.294344,-5.770431],[-35.293032,-5.77163],[-35.291297,-5.775844],[-35.293791,-5.778273],[-35.295327,-5.783039],[-35.296538,-5.784679],[-35.297856,-5.785606],[-35.298469,-5.785405],[-35.299689,-5.785822],[-35.302238,-5.785022],[-35.304186,-5.783301],[-35.306552,-5.783077],[-35.307882,-5.78227],[-35.310222,-5.782692],[-35.313269,-5.783936],[-35.315104,-5.783743],[-35.317757,-5.782741],[-35.319082,-5.78275],[-35.322201,-5.784079],[-35.329767,-5.7844],[-35.333693,-5.785042],[-35.337014,-5.78667],[-35.339919,-5.789209],[-35.342973,-5.789127],[-35.348078,-5.787323],[-35.352564,-5.786739],[-35.354085,-5.787566],[-35.356506,-5.791253],[-35.359249,-5.792292],[-35.362304,-5.792413],[-35.364345,-5.791916],[-35.368641,-5.788884],[-35.371696,-5.789006],[-35.37624,-5.790152],[-35.378564,-5.787551],[-35.381989,-5.785863],[-35.384007,-5.784065],[-35.384387,-5.781136],[-35.385205,-5.780631],[-35.386018,-5.781146],[-35.386602,-5.785333],[-35.38792,-5.786258],[-35.390162,-5.785968],[-35.390775,-5.785665],[-35.392237,-5.779963],[-35.392649,-5.779454],[-35.393871,-5.779359],[-35.394989,-5.779878],[-35.395282,-5.781817],[-35.394452,-5.784259],[-35.39464,-5.786608],[-35.396057,-5.787841],[-35.397687,-5.787954],[-35.399422,-5.787557],[-35.400856,-5.786137],[-35.400681,-5.781545],[-35.401501,-5.780735],[-35.405065,-5.780962],[-35.405984,-5.780559],[-35.405911,-5.775967],[-35.406732,-5.774953],[-35.407957,-5.774451],[-35.410302,-5.774363],[-35.414395,-5.771125],[-35.415925,-5.770829],[-35.417655,-5.771904],[-35.417866,-5.773769],[-35.41628,-5.775446],[-35.415348,-5.777888],[-35.415446,-5.778603],[-35.416864,-5.779938],[-35.417263,-5.781369],[-35.417257,-5.782185],[-35.415708,-5.78544],[-35.415597,-5.787071],[-35.416197,-5.788707],[-35.418223,-5.790455],[-35.420567,-5.790367],[-35.421386,-5.789659],[-35.42181,-5.786907],[-35.42397,-5.783759],[-35.424182,-5.782433],[-35.423586,-5.779981],[-35.421668,-5.777112],[-35.42138,-5.774356],[-35.422096,-5.773748],[-35.425149,-5.774175],[-35.427777,-5.777457],[-35.429505,-5.778183],[-35.429904,-5.77951],[-35.430616,-5.779719],[-35.430815,-5.780333],[-35.429165,-5.783485],[-35.425681,-5.786829],[-35.42537,-5.787847],[-35.425559,-5.789991],[-35.426973,-5.792141],[-35.428597,-5.792765],[-35.430227,-5.792876],[-35.432375,-5.791462],[-35.433621,-5.787593],[-35.435471,-5.785055],[-35.435583,-5.783525],[-35.433861,-5.781984],[-35.434092,-5.777599],[-35.434815,-5.776073],[-35.438294,-5.773238],[-35.438302,-5.772015],[-35.439329,-5.770694],[-35.441367,-5.770503],[-35.442886,-5.772145],[-35.444816,-5.772972],[-35.445014,-5.77379],[-35.442653,-5.776734],[-35.442547,-5.777448],[-35.442438,-5.778467],[-35.443963,-5.778987],[-35.445289,-5.778587],[-35.447449,-5.775438],[-35.44949,-5.774636],[-35.451938,-5.77414],[-35.453565,-5.774558],[-35.45458,-5.775175],[-35.454567,-5.777217],[-35.45487,-5.777627],[-35.458237,-5.776831],[-35.461495,-5.776953],[-35.462824,-5.776146],[-35.463852,-5.774724],[-35.466609,-5.773517],[-35.46946,-5.773636],[-35.470281,-5.772826],[-35.471096,-5.772627],[-35.473534,-5.773968],[-35.474449,-5.774076],[-35.475791,-5.771228],[-35.477016,-5.770827],[-35.478032,-5.771446],[-35.479866,-5.771049],[-35.481916,-5.769123],[-35.483137,-5.769234],[-35.485875,-5.771188],[-35.487201,-5.770993],[-35.488225,-5.770081],[-35.489245,-5.76978],[-35.492505,-5.769902],[-35.493735,-5.768584],[-35.494049,-5.767157],[-35.493346,-5.765522],[-35.491623,-5.764287],[-35.490707,-5.764076],[-35.488787,-5.761513],[-35.488311,-5.760187],[-35.487791,-5.760271],[-35.486958,-5.761865],[-35.488649,-5.763849],[-35.491004,-5.768417],[-35.490219,-5.769488],[-35.487435,-5.769916],[-35.479493,-5.768172],[-35.477708,-5.766566],[-35.475923,-5.762818],[-35.468128,-5.759095],[-35.462512,-5.757858],[-35.459657,-5.757953],[-35.45904,-5.758665],[-35.459473,-5.759559],[-35.459157,-5.761189],[-35.45854,-5.762001],[-35.456707,-5.76199],[-35.455398,-5.760845],[-35.452614,-5.760903],[-35.44573,-5.757015],[-35.439733,-5.754802],[-35.436378,-5.752589],[-35.433499,-5.752958],[-35.432678,-5.756015],[-35.429109,-5.761815],[-35.420632,-5.765087],[-35.410073,-5.765979],[-35.401378,-5.764348],[-35.395951,-5.762539],[-35.38992,-5.757564],[-35.386905,-5.754096],[-35.379668,-5.749724],[-35.376261,-5.751408],[-35.375072,-5.755584],[-35.375145,-5.759373],[-35.370321,-5.764499],[-35.361727,-5.76676],[-35.345144,-5.765856],[-35.3266,-5.760881],[-35.321191,-5.757031],[-35.317485,-5.755254],[-35.316854,-5.753466],[-35.315873,-5.753079],[-35.312367,-5.754022],[-35.308429,-5.75268],[-35.30701,-5.748558],[-35.304866,-5.746943],[-35.304716,-5.747278],[-35.302962,-5.746259],[-35.300552,-5.74624],[-35.300669,-5.745294],[-35.300166,-5.744642],[-35.298896,-5.744905],[-35.298731,-5.74579]]],[[[-35.488967,-5.758396],[-35.491668,-5.756839],[-35.49301,-5.753888],[-35.492742,-5.747766],[-35.493154,-5.746952],[-35.493324,-5.743501],[-35.492472,-5.742923],[-35.490653,-5.743724],[-35.490256,-5.745287],[-35.489213,-5.745566],[-35.487752,-5.74801],[-35.48886,-5.748685],[-35.489014,-5.749588],[-35.488432,-5.750681],[-35.488698,-5.751005],[-35.488103,-5.754248],[-35.48762,-5.754565],[-35.487295,-5.756069],[-35.488641,-5.756952],[-35.487978,-5.757114],[-35.488147,-5.757593],[-35.488967,-5.758396]]],[[[-35.493869,-5.74202],[-35.494818,-5.741556],[-35.495031,-5.739823],[-35.49466,-5.738505],[-35.493135,-5.739233],[-35.493869,-5.74202]]],[[[-35.494665,-5.738306],[-35.49493,-5.737612],[-35.494658,-5.73794],[-35.494665,-5.738306]]],[[[-35.519952,-5.72127],[-35.51827,-5.721523],[-35.519295,-5.722098],[-35.520928,-5.721701],[-35.521167,-5.721057],[-35.520445,-5.720553],[-35.519952,-5.72127]]],[[[-35.512026,-5.719899],[-35.510499,-5.720362],[-35.509739,-5.723657],[-35.508349,-5.724285],[-35.506567,-5.727109],[-35.504291,-5.72853],[-35.503069,-5.730106],[-35.502369,-5.73012],[-35.501776,-5.729417],[-35.500944,-5.72962],[-35.499855,-5.73052],[-35.500215,-5.731409],[-35.49997,-5.731811],[-35.499043,-5.73163],[-35.498671,-5.730865],[-35.497609,-5.731362],[-35.497382,-5.733858],[-35.499651,-5.735102],[-35.499416,-5.735647],[-35.501969,-5.737926],[-35.504006,-5.738143],[-35.505643,-5.736724],[-35.507476,-5.736838],[-35.508701,-5.736436],[-35.512791,-5.732202],[-35.514601,-5.731711],[-35.515585,-5.732322],[-35.517206,-5.730757],[-35.51732,-5.728718],[-35.516715,-5.727592],[-35.514382,-5.726149],[-35.513885,-5.724309],[-35.514205,-5.721762],[-35.514924,-5.720847],[-35.516047,-5.720344],[-35.517335,-5.720932],[-35.517684,-5.719597],[-35.517303,-5.718812],[-35.516187,-5.719213],[-35.515249,-5.717896],[-35.514152,-5.717768],[-35.513892,-5.717201],[-35.511945,-5.717594],[-35.51226,-5.718032],[-35.512026,-5.719899]]]]}},{"type":"Feature","id":22,"properties":{"unidade":"PAd - Argissolo Amarelo Distrifico","ordem":"ARGISSOLO","subordem":"AMARELO","textura":"arenosa/m dia","relevo":"suave ondulado e plano","fator_k":0.031,"fonte":"Folhas SB.24 e SB.25 - RADAMBRASIL (1981)"},"geometry":{"type":"MultiPolygon","coordinates":[[[[-35.79492,-6.168613],[-35.801439,-6.166389],[-35.802793,-6.16623],[-35.801472,-6.166123],[-35.800097,-6.16453],[-35.795727,-6.167177],[-35.795873,-6.16753],[-35.79492,-6.168613]]],[[[-35.290539,-5.806341],[-35.287892,-5.806222],[-35.285658,-5.806806],[-35.283861,-5.80677],[-35.283455,-5.806986],[-35.283192,-5.808639],[-35.282371,-5.809551],[-35.279411,-5.810552],[-35.278591,-5.811362],[-35.278587,-5.812076],[-35.28031,-5.813211],[-35.282139,-5.813732],[-35.283456,-5.815067],[-35.284657,-5.818134],[-35.288692,-5.823975],[-35.291569,-5.824646],[-35.293216,-5.82546],[-35.293201,-5.827627],[-35.29482,-5.829269],[-35.297154,-5.830508],[-35.299741,-5.831582],[-35.300195,-5.830877],[-35.30092,-5.830631],[-35.302503,-5.830823],[-35.303159,-5.830005],[-35.303164,-5.830888],[-35.301294,-5.831203],[-35.300059,-5.832535],[-35.300203,-5.833508],[-35.302803,-5.835034],[-35.30629,-5.83526],[-35.310569,-5.83488],[-35.313617,-5.836226],[-35.316061,-5.836344],[-35.320556,-5.83769],[-35.322157,-5.838505],[-35.322649,-5.840017],[-35.324349,-5.840933],[-35.327159,-5.841153],[-35.332955,-5.845315],[-35.335339,-5.849052],[-35.33674,-5.849966],[-35.339749,-5.850388],[-35.341551,-5.851104],[-35.344044,-5.853534],[-35.345604,-5.854069],[-35.346177,-5.855926],[-35.344663,-5.857122],[-35.341474,-5.856773],[-35.340763,-5.857355],[-35.33814,-5.855665],[-35.335079,-5.856359],[-35.333349,-5.856042],[-35.331034,-5.851946],[-35.328181,-5.85203],[-35.324602,-5.854046],[-35.322871,-5.853831],[-35.318828,-5.852005],[-35.316816,-5.852597],[-35.317258,-5.855631],[-35.320808,-5.858001],[-35.322629,-5.859847],[-35.323228,-5.861688],[-35.322909,-5.863726],[-35.321575,-5.865348],[-35.317585,-5.867975],[-35.316661,-5.868988],[-35.316855,-5.870621],[-35.318166,-5.872364],[-35.319591,-5.872781],[-35.321628,-5.872795],[-35.32398,-5.871485],[-35.32571,-5.871699],[-35.327233,-5.872424],[-35.329781,-5.872134],[-35.331107,-5.871633],[-35.332748,-5.870114],[-35.333584,-5.866855],[-35.334304,-5.865941],[-35.338477,-5.866276],[-35.339714,-5.864245],[-35.343004,-5.86271],[-35.344503,-5.862852],[-35.345574,-5.864066],[-35.344247,-5.868171],[-35.344753,-5.869033],[-35.346894,-5.870074],[-35.348423,-5.871747],[-35.347999,-5.874499],[-35.346458,-5.876427],[-35.346551,-5.877958],[-35.347053,-5.878776],[-35.349186,-5.879913],[-35.350921,-5.879311],[-35.352764,-5.877998],[-35.355822,-5.87761],[-35.356837,-5.878126],[-35.358153,-5.879563],[-35.359475,-5.87998],[-35.360576,-5.882844],[-35.361894,-5.883871],[-35.362606,-5.883876],[-35.363718,-5.88521],[-35.36391,-5.887251],[-35.362456,-5.891321],[-35.362552,-5.89224],[-35.365285,-5.895012],[-35.365691,-5.895016],[-35.366382,-5.898488],[-35.364924,-5.903374],[-35.365734,-5.904196],[-35.367156,-5.904715],[-35.367759,-5.906046],[-35.368671,-5.906765],[-35.370805,-5.907596],[-35.372215,-5.909951],[-35.371678,-5.914333],[-35.368198,-5.916962],[-35.367977,-5.919411],[-35.369698,-5.921155],[-35.371225,-5.921165],[-35.374287,-5.920369],[-35.375712,-5.920684],[-35.376404,-5.924056],[-35.37608,-5.926705],[-35.375669,-5.927314],[-35.375861,-5.928947],[-35.37707,-5.931098],[-35.380422,-5.93265],[-35.382446,-5.934703],[-35.382544,-5.935521],[-35.382027,-5.936333],[-35.382217,-5.938476],[-35.384142,-5.940224],[-35.384342,-5.940836],[-35.384731,-5.943492],[-35.383802,-5.945525],[-35.384016,-5.948188],[-35.384689,-5.948],[-35.385428,-5.949373],[-35.386527,-5.94942],[-35.389898,-5.948013],[-35.391632,-5.947822],[-35.393154,-5.948648],[-35.394471,-5.950084],[-35.395487,-5.950193],[-35.397836,-5.949392],[-35.399668,-5.949812],[-35.400271,-5.951142],[-35.400163,-5.951854],[-35.400772,-5.952164],[-35.402865,-5.951464],[-35.40337,-5.95208],[-35.403656,-5.955143],[-35.402521,-5.957481],[-35.402411,-5.958602],[-35.403324,-5.959323],[-35.406378,-5.959751],[-35.408614,-5.960581],[-35.409421,-5.961811],[-35.410012,-5.964977],[-35.411934,-5.967131],[-35.411821,-5.968763],[-35.410177,-5.970997],[-35.409657,-5.972522],[-35.407916,-5.973839],[-35.403842,-5.97371],[-35.401583,-5.976346],[-35.39833,-5.975305],[-35.396494,-5.975497],[-35.395775,-5.976206],[-35.396272,-5.978251],[-35.400734,-5.981543],[-35.402926,-5.985471],[-35.404169,-5.986107],[-35.404863,-5.985962],[-35.405616,-5.986845],[-35.406598,-5.986554],[-35.407638,-5.987473],[-35.409164,-5.985678],[-35.410389,-5.98533],[-35.412931,-5.983795],[-35.412999,-5.983292],[-35.413509,-5.983272],[-35.414743,-5.983368],[-35.416501,-5.985574],[-35.418549,-5.986643],[-35.418708,-5.985972],[-35.421093,-5.985803],[-35.423026,-5.985004],[-35.425875,-5.98533],[-35.427832,-5.9864],[-35.429091,-5.986572],[-35.428811,-5.987173],[-35.431018,-5.98759],[-35.432084,-5.98639],[-35.435447,-5.98631],[-35.440105,-5.99093],[-35.441733,-5.99135],[-35.443569,-5.991056],[-35.445206,-5.989944],[-35.446737,-5.98975],[-35.448052,-5.990982],[-35.45009,-5.990791],[-35.450817,-5.988756],[-35.452346,-5.98897],[-35.454572,-5.991331],[-35.456302,-5.991546],[-35.456397,-5.992464],[-35.454243,-5.995001],[-35.454234,-5.996428],[-35.458897,-6.00003],[-35.464702,-6.00304],[-35.466001,-6.004459],[-35.466795,-6.006176],[-35.467755,-6.009975],[-35.469134,-6.010577],[-35.470716,-6.010587],[-35.472904,-6.008622],[-35.475386,-6.008487],[-35.477145,-6.010134],[-35.478822,-6.010838],[-35.48159,-6.010855],[-35.482865,-6.012447],[-35.484107,-6.015586],[-35.487421,-6.016515],[-35.490443,-6.015729],[-35.494199,-6.018063],[-35.49716,-6.018974],[-35.500501,-6.022063],[-35.502067,-6.024647],[-35.502539,-6.028114],[-35.503126,-6.028909],[-35.504703,-6.02981],[-35.506779,-6.029824],[-35.512923,-6.027785],[-35.5146,-6.028388],[-35.516074,-6.029685],[-35.51983,-6.029908],[-35.521509,-6.030413],[-35.522588,-6.03141],[-35.524367,-6.031916],[-35.525357,-6.031428],[-35.52725,-6.029361],[-35.53367,-6.030392],[-35.538235,-6.027947],[-35.53984,-6.024294],[-35.543793,-6.024617],[-35.546081,-6.022353],[-35.546971,-6.022161],[-35.548159,-6.022168],[-35.55171,-6.023577],[-35.553887,-6.023194],[-35.55518,-6.022115],[-35.555991,-6.018853],[-35.558273,-6.017481],[-35.559857,-6.017294],[-35.560554,-6.016704],[-35.561655,-6.014434],[-35.563437,-6.01395],[-35.5664,-6.014266],[-35.567889,-6.01378],[-35.569777,-6.01211],[-35.570568,-6.011916],[-35.573234,-6.012627],[-35.577356,-6.017702],[-35.577344,-6.019681],[-35.57555,-6.021846],[-35.575927,-6.024819],[-35.574633,-6.026098],[-35.574525,-6.027583],[-35.575706,-6.028579],[-35.57857,-6.029093],[-35.582536,-6.027335],[-35.583829,-6.026056],[-35.585215,-6.022819],[-35.586832,-6.02152],[-35.589348,-6.021333],[-35.595394,-6.019558],[-35.596711,-6.018156],[-35.59994,-6.016363],[-35.600744,-6.016568],[-35.602744,-6.018495],[-35.601828,-6.020001],[-35.598997,-6.022502],[-35.598764,-6.027437],[-35.600064,-6.028754],[-35.602105,-6.028744],[-35.602901,-6.028156],[-35.603592,-6.028358],[-35.603904,-6.025984],[-35.604504,-6.024898],[-35.608461,-6.024527],[-35.610234,-6.025727],[-35.611208,-6.028009],[-35.612782,-6.029504],[-35.620288,-6.030837],[-35.62375,-6.030662],[-35.625618,-6.032652],[-35.625406,-6.034731],[-35.622225,-6.037383],[-35.620839,-6.03787],[-35.619248,-6.039048],[-35.619243,-6.039939],[-35.619333,-6.041325],[-35.620904,-6.043217],[-35.620778,-6.047571],[-35.621264,-6.048861],[-35.622244,-6.050254],[-35.624713,-6.050664],[-35.625797,-6.051561],[-35.626675,-6.053251],[-35.626855,-6.056222],[-35.625854,-6.058195],[-35.62564,-6.060866],[-35.626818,-6.062161],[-35.633541,-6.062401],[-35.637279,-6.065592],[-35.638265,-6.066093],[-35.639847,-6.066202],[-35.641521,-6.067498],[-35.641908,-6.068688],[-35.642598,-6.069386],[-35.64378,-6.06979],[-35.646056,-6.069705],[-35.648345,-6.067343],[-35.649833,-6.06656],[-35.651318,-6.06647],[-35.652596,-6.067765],[-35.654274,-6.068072],[-35.657052,-6.066605],[-35.658736,-6.066319],[-35.660113,-6.067416],[-35.661384,-6.0698],[-35.66106,-6.074352],[-35.662141,-6.075547],[-35.664802,-6.07635],[-35.671021,-6.075374],[-35.672306,-6.076731],[-35.674073,-6.081304],[-35.681371,-6.079895],[-35.681728,-6.081037],[-35.680943,-6.084107],[-35.681942,-6.08789],[-35.680882,-6.090794],[-35.680845,-6.0926],[-35.681481,-6.093017],[-35.6821,-6.094441],[-35.681121,-6.096825],[-35.681307,-6.098539],[-35.681987,-6.099942],[-35.681649,-6.101254],[-35.681083,-6.101438],[-35.681536,-6.101591],[-35.681647,-6.102954],[-35.682214,-6.104089],[-35.682989,-6.104073],[-35.684014,-6.104663],[-35.684709,-6.104311],[-35.685669,-6.106249],[-35.685389,-6.106793],[-35.686633,-6.10733],[-35.686119,-6.108222],[-35.686807,-6.109601],[-35.687654,-6.110312],[-35.688102,-6.111564],[-35.688673,-6.112247],[-35.689321,-6.111808],[-35.691002,-6.11465],[-35.699694,-6.126579],[-35.702157,-6.132851],[-35.703828,-6.13382],[-35.703517,-6.13423],[-35.704538,-6.135006],[-35.705797,-6.134961],[-35.707136,-6.1358],[-35.707031,-6.136724],[-35.708486,-6.139203],[-35.709929,-6.139209],[-35.70964,-6.139771],[-35.710091,-6.140337],[-35.70993,-6.141102],[-35.710542,-6.14169],[-35.710539,-6.142306],[-35.712153,-6.143473],[-35.712691,-6.144798],[-35.713037,-6.146343],[-35.712131,-6.147943],[-35.713708,-6.148345],[-35.713885,-6.149074],[-35.714926,-6.148692],[-35.715531,-6.149643],[-35.716751,-6.149278],[-35.717344,-6.149847],[-35.716439,-6.150507],[-35.717003,-6.151103],[-35.716854,-6.151977],[-35.717506,-6.153434],[-35.71807,-6.153005],[-35.719612,-6.153154],[-35.720101,-6.15378],[-35.721034,-6.153147],[-35.72217,-6.153292],[-35.723494,-6.152839],[-35.724207,-6.153581],[-35.724775,-6.153288],[-35.727306,-6.157262],[-35.727819,-6.15761],[-35.729348,-6.157333],[-35.729606,-6.158261],[-35.73265,-6.159936],[-35.73264,-6.163033],[-35.734667,-6.165171],[-35.735138,-6.165162],[-35.737177,-6.166756],[-35.737398,-6.166302],[-35.738198,-6.166413],[-35.738717,-6.167312],[-35.739998,-6.1675],[-35.741426,-6.167062],[-35.741874,-6.166304],[-35.744148,-6.166133],[-35.744941,-6.165444],[-35.746259,-6.165638],[-35.749469,-6.167447],[-35.752739,-6.170097],[-35.752885,-6.170512],[-35.752161,-6.171519],[-35.753722,-6.171285],[-35.754563,-6.171575],[-35.759361,-6.175511],[-35.75946,-6.175798],[-35.758828,-6.176003],[-35.758634,-6.178495],[-35.761194,-6.179019],[-35.762125,-6.17965],[-35.76284,-6.178592],[-35.767012,-6.183238],[-35.775347,-6.182308],[-35.777342,-6.176439],[-35.781723,-6.174353],[-35.782594,-6.173562],[-35.78374,-6.173779],[-35.784202,-6.173347],[-35.78416,-6.172704],[-35.786191,-6.171591],[-35.793774,-6.169004],[-35.790739,-6.167902],[-35.788713,-6.170006],[-35.784693,-6.169276],[-35.782572,-6.170573],[-35.78086,-6.170766],[-35.779562,-6.171402],[-35.777018,-6.169143],[-35.777037,-6.165876],[-35.776751,-6.164389],[-35.775963,-6.163495],[-35.775175,-6.162895],[-35.772403,-6.163472],[-35.771018,-6.163365],[-35.770331,-6.16247],[-35.771151,-6.157821],[-35.769578,-6.156228],[-35.76613,-6.153929],[-35.763755,-6.154113],[-35.762075,-6.153706],[-35.761487,-6.152713],[-35.761795,-6.151032],[-35.763974,-6.15055],[-35.76507,-6.149171],[-35.769715,-6.150189],[-35.773879,-6.148333],[-35.775264,-6.148341],[-35.777843,-6.147267],[-35.779243,-6.144703],[-35.778364,-6.142716],[-35.7762,-6.140922],[-35.770416,-6.142133],[-35.767907,-6.14101],[-35.764919,-6.141546],[-35.764718,-6.141941],[-35.763729,-6.141836],[-35.762749,-6.140444],[-35.76296,-6.138267],[-35.762287,-6.135094],[-35.762788,-6.13391],[-35.761907,-6.13232],[-35.758937,-6.133094],[-35.757948,-6.132692],[-35.757557,-6.132096],[-35.755975,-6.131888],[-35.755379,-6.132182],[-35.754876,-6.133762],[-35.753782,-6.134747],[-35.75081,-6.135321],[-35.747848,-6.134512],[-35.74667,-6.133119],[-35.746873,-6.131932],[-35.748867,-6.129667],[-35.749471,-6.127888],[-35.749278,-6.127095],[-35.746814,-6.125496],[-35.746325,-6.124701],[-35.74683,-6.123021],[-35.747426,-6.12253],[-35.750689,-6.122648],[-35.753273,-6.120684],[-35.754065,-6.120689],[-35.755447,-6.121192],[-35.756034,-6.122186],[-35.757707,-6.123583],[-35.760081,-6.123497],[-35.762363,-6.122423],[-35.764533,-6.123524],[-35.765521,-6.123628],[-35.768692,-6.122659],[-35.772051,-6.123471],[-35.773342,-6.122489],[-35.773451,-6.120707],[-35.775634,-6.119729],[-35.77723,-6.117461],[-35.780407,-6.1156],[-35.781207,-6.114219],[-35.781115,-6.113174],[-35.779542,-6.111581],[-35.776969,-6.111664],[-35.775689,-6.110963],[-35.774699,-6.110957],[-35.772812,-6.112133],[-35.77083,-6.112716],[-35.767864,-6.112698],[-35.766876,-6.112297],[-35.765794,-6.111399],[-35.765208,-6.110208],[-35.765416,-6.108526],[-35.764737,-6.106344],[-35.762769,-6.104648],[-35.760195,-6.10493],[-35.758221,-6.104224],[-35.753064,-6.106273],[-35.750104,-6.105166],[-35.748917,-6.105258],[-35.746733,-6.106333],[-35.742978,-6.105914],[-35.740314,-6.104808],[-35.73905,-6.101238],[-35.736793,-6.098253],[-35.736403,-6.097259],[-35.736813,-6.095086],[-35.737511,-6.094],[-35.739301,-6.092526],[-35.742273,-6.091555],[-35.744445,-6.09236],[-35.746209,-6.095141],[-35.747194,-6.095741],[-35.7497,-6.095567],[-35.751979,-6.094689],[-35.754663,-6.092626],[-35.755661,-6.091048],[-35.755872,-6.088773],[-35.753512,-6.086481],[-35.750249,-6.086264],[-35.749658,-6.085864],[-35.74968,-6.0822],[-35.749193,-6.081108],[-35.747519,-6.079811],[-35.747227,-6.079116],[-35.747942,-6.075358],[-35.747283,-6.069712],[-35.748883,-6.066651],[-35.750876,-6.064287],[-35.751979,-6.061819],[-35.750699,-6.060921],[-35.746547,-6.060598],[-35.745173,-6.058708],[-35.744301,-6.055733],[-35.745105,-6.05356],[-35.747394,-6.051098],[-35.748583,-6.05061],[-35.752837,-6.050636],[-35.753233,-6.050341],[-35.753741,-6.048463],[-35.753482,-6.042659],[-35.75175,-6.040597],[-35.750959,-6.040591],[-35.749171,-6.041868],[-35.748264,-6.044833],[-35.74737,-6.045422],[-35.746103,-6.045947],[-35.74398,-6.04511],[-35.743808,-6.042911],[-35.742947,-6.040841],[-35.740973,-6.040135],[-35.739792,-6.03904],[-35.740599,-6.036471],[-35.743385,-6.033714],[-35.743983,-6.032926],[-35.743888,-6.032332],[-35.741524,-6.030535],[-35.741133,-6.029939],[-35.741244,-6.02796],[-35.740359,-6.026964],[-35.737392,-6.026947],[-35.736406,-6.026545],[-35.734361,-6.021187],[-35.735457,-6.019808],[-35.73774,-6.018434],[-35.73953,-6.016761],[-35.739935,-6.015279],[-35.739767,-6.010228],[-35.740067,-6.009536],[-35.740665,-6.008947],[-35.743494,-6.008384],[-35.745403,-6.008798],[-35.747876,-6.00572],[-35.748089,-6.003707],[-35.747288,-6.003098],[-35.745681,-6.002786],[-35.745684,-6.002131],[-35.74392,-5.999048],[-35.744316,-5.998971],[-35.745052,-5.994994],[-35.747207,-5.992661],[-35.747825,-5.991441],[-35.74743,-5.989192],[-35.746221,-5.987246],[-35.74623,-5.985716],[-35.746949,-5.984496],[-35.747562,-5.984295],[-35.74901,-5.980733],[-35.750849,-5.980233],[-35.752173,-5.980343],[-35.75371,-5.978821],[-35.754026,-5.976986],[-35.753139,-5.972082],[-35.754584,-5.968826],[-35.755509,-5.967606],[-35.759078,-5.967322],[-35.761957,-5.962951],[-35.76298,-5.962549],[-35.764917,-5.96256],[-35.76676,-5.960835],[-35.767982,-5.961046],[-35.770316,-5.962999],[-35.771017,-5.965044],[-35.772537,-5.966584],[-35.773645,-5.968734],[-35.776188,-5.969667],[-35.777819,-5.969678],[-35.780267,-5.969182],[-35.782721,-5.967869],[-35.783945,-5.967979],[-35.786171,-5.970541],[-35.788209,-5.970758],[-35.790034,-5.972196],[-35.789718,-5.973931],[-35.788274,-5.976984],[-35.788163,-5.978616],[-35.790392,-5.980975],[-35.7914,-5.982818],[-35.795467,-5.98468],[-35.795972,-5.985397],[-35.795754,-5.987845],[-35.794727,-5.989267],[-35.794514,-5.990899],[-35.795415,-5.993558],[-35.795495,-5.997436],[-35.795794,-5.99856],[-35.796301,-5.998869],[-35.800067,-5.999811],[-35.80243,-5.999824],[-35.804246,-5.998427],[-35.80447,-5.996467],[-35.80571,-5.993618],[-35.806941,-5.992503],[-35.81031,-5.991501],[-35.810515,-5.991094],[-35.810521,-5.989971],[-35.80971,-5.989354],[-35.806856,-5.989338],[-35.805126,-5.988818],[-35.803605,-5.987381],[-35.803309,-5.985848],[-35.805281,-5.979839],[-35.805396,-5.977491],[-35.804592,-5.975446],[-35.804604,-5.973507],[-35.806554,-5.971272],[-35.806975,-5.968928],[-35.807693,-5.968218],[-35.810037,-5.968028],[-35.812274,-5.968959],[-35.816329,-5.972963],[-35.819587,-5.973594],[-35.820702,-5.974518],[-35.821303,-5.976359],[-35.820268,-5.979109],[-35.82097,-5.981256],[-35.822786,-5.984328],[-35.823073,-5.987596],[-35.825203,-5.989443],[-35.826208,-5.9919],[-35.827428,-5.992519],[-35.830078,-5.992636],[-35.831698,-5.994585],[-35.831686,-5.996626],[-35.832288,-5.998058],[-35.834115,-5.9996],[-35.835663,-6.000213],[-35.837975,-6.000127],[-35.839285,-5.999429],[-35.839722,-5.999632],[-35.840441,-5.998514],[-35.843408,-5.996898],[-35.843316,-5.995162],[-35.842103,-5.993217],[-35.841904,-5.992195],[-35.842328,-5.989543],[-35.839697,-5.98616],[-35.8385,-5.981766],[-35.836468,-5.980427],[-35.832299,-5.978565],[-35.830987,-5.976415],[-35.831102,-5.974273],[-35.828375,-5.969665],[-35.828496,-5.966399],[-35.826576,-5.963532],[-35.824341,-5.962294],[-35.819748,-5.96339],[-35.817208,-5.961742],[-35.814358,-5.961419],[-35.811618,-5.959056],[-35.8098,-5.956188],[-35.807867,-5.955462],[-35.804721,-5.953198],[-35.80309,-5.952986],[-35.799919,-5.955008],[-35.797778,-5.955302],[-35.794953,-5.950285],[-35.793837,-5.94936],[-35.79282,-5.948946],[-35.789864,-5.949031],[-35.787834,-5.947692],[-35.786927,-5.945952],[-35.785708,-5.944925],[-35.78449,-5.944305],[-35.782043,-5.944393],[-35.780723,-5.943671],[-35.779002,-5.94162],[-35.776359,-5.940481],[-35.770957,-5.94045],[-35.769031,-5.938399],[-35.767914,-5.93778],[-35.765363,-5.938376],[-35.763008,-5.940199],[-35.761683,-5.940192],[-35.759243,-5.939259],[-35.757729,-5.936903],[-35.754779,-5.935763],[-35.754165,-5.93627],[-35.750493,-5.936758],[-35.74752,-5.939395],[-35.742324,-5.939262],[-35.739367,-5.939652],[-35.73662,-5.938717],[-35.732532,-5.940835],[-35.729265,-5.941532],[-35.728654,-5.941323],[-35.727645,-5.939787],[-35.725683,-5.939373],[-35.724684,-5.93846],[-35.723992,-5.937011],[-35.722162,-5.936388],[-35.719713,-5.936883],[-35.715935,-5.936053],[-35.716613,-5.937791],[-35.716203,-5.939197],[-35.714289,-5.940292],[-35.706928,-5.940214],[-35.705303,-5.939558],[-35.70259,-5.937087],[-35.702093,-5.935044],[-35.702108,-5.932595],[-35.701407,-5.930345],[-35.699782,-5.929213],[-35.698662,-5.929207],[-35.698048,-5.929713],[-35.69783,-5.932161],[-35.697216,-5.932668],[-35.694264,-5.931936],[-35.693038,-5.932337],[-35.692318,-5.933556],[-35.690885,-5.934567],[-35.68956,-5.934559],[-35.688341,-5.934043],[-35.688053,-5.930878],[-35.688678,-5.92884],[-35.685842,-5.925967],[-35.685049,-5.921982],[-35.683636,-5.919832],[-35.679968,-5.919503],[-35.678334,-5.92031],[-35.677612,-5.921733],[-35.676588,-5.922441],[-35.674142,-5.922631],[-35.672404,-5.923539],[-35.670159,-5.923933],[-35.668738,-5.923007],[-35.667335,-5.919224],[-35.664383,-5.918594],[-35.663066,-5.916953],[-35.661435,-5.917453],[-35.658872,-5.919785],[-35.652357,-5.918623],[-35.651038,-5.917594],[-35.650941,-5.916777],[-35.651767,-5.915149],[-35.650255,-5.912284],[-35.647506,-5.912062],[-35.646088,-5.910727],[-35.644053,-5.910103],[-35.64283,-5.910096],[-35.642012,-5.910601],[-35.640678,-5.912226],[-35.637309,-5.913124],[-35.634331,-5.916983],[-35.633209,-5.917179],[-35.631581,-5.916762],[-35.630662,-5.917063],[-35.628917,-5.919196],[-35.627488,-5.919493],[-35.62393,-5.91794],[-35.622912,-5.917933],[-35.621573,-5.920272],[-35.620932,-5.925166],[-35.619907,-5.925977],[-35.617563,-5.926065],[-35.616448,-5.925343],[-35.616678,-5.920854],[-35.616378,-5.919935],[-35.613843,-5.917981],[-35.612225,-5.91593],[-35.612236,-5.914296],[-35.614233,-5.912141],[-35.6145,-5.910434],[-35.6141,-5.909002],[-35.611775,-5.907155],[-35.611378,-5.906348],[-35.611794,-5.903835],[-35.609197,-5.901505],[-35.60906,-5.900096],[-35.609695,-5.896324],[-35.610308,-5.895921],[-35.611135,-5.894088],[-35.611243,-5.892967],[-35.610839,-5.892557],[-35.610158,-5.892249],[-35.607981,-5.893049],[-35.603387,-5.897512],[-35.601535,-5.897601],[-35.60074,-5.894229],[-35.599929,-5.893613],[-35.598196,-5.893601],[-35.595424,-5.896068],[-35.594307,-5.897973],[-35.592695,-5.898668],[-35.590963,-5.898202],[-35.590165,-5.897392],[-35.589835,-5.894774],[-35.591062,-5.893965],[-35.591067,-5.893149],[-35.589155,-5.889159],[-35.589882,-5.88702],[-35.589686,-5.88559],[-35.588066,-5.884051],[-35.587353,-5.884045],[-35.586329,-5.884957],[-35.58485,-5.887182],[-35.583844,-5.887578],[-35.581133,-5.88746],[-35.579086,-5.886343],[-35.574522,-5.882744],[-35.573402,-5.882736],[-35.571457,-5.884152],[-35.570933,-5.886496],[-35.570219,-5.886697],[-35.569119,-5.886087],[-35.56706,-5.886779],[-35.565417,-5.888809],[-35.564496,-5.889313],[-35.561977,-5.888803],[-35.560778,-5.887789],[-35.560187,-5.885773],[-35.560462,-5.882657],[-35.562522,-5.878996],[-35.562231,-5.876851],[-35.561219,-5.875417],[-35.561137,-5.872355],[-35.560636,-5.871127],[-35.558712,-5.868975],[-35.554335,-5.868335],[-35.552125,-5.866668],[-35.55081,-5.868269],[-35.54894,-5.86769],[-35.547319,-5.866149],[-35.546504,-5.865939],[-35.545791,-5.865936],[-35.542186,-5.868541],[-35.540685,-5.867726],[-35.539882,-5.867823],[-35.53886,-5.869558],[-35.538439,-5.872573],[-35.536774,-5.875285],[-35.535652,-5.875279],[-35.534739,-5.874762],[-35.532394,-5.875157],[-35.531665,-5.8776],[-35.530843,-5.878614],[-35.529316,-5.878605],[-35.526772,-5.877875],[-35.52541,-5.878168],[-35.523697,-5.879163],[-35.523592,-5.879968],[-35.525722,-5.883073],[-35.526522,-5.885322],[-35.530392,-5.885753],[-35.531809,-5.887293],[-35.531284,-5.889738],[-35.530466,-5.890243],[-35.529735,-5.893096],[-35.530741,-5.89504],[-35.535224,-5.89517],[-35.535329,-5.894763],[-35.536247,-5.89436],[-35.537277,-5.892735],[-35.539612,-5.893871],[-35.541043,-5.893268],[-35.54247,-5.893379],[-35.543379,-5.894507],[-35.543367,-5.896445],[-35.545593,-5.898907],[-35.545684,-5.90054],[-35.543634,-5.902772],[-35.541387,-5.903575],[-35.539679,-5.908025],[-35.537681,-5.909673],[-35.53513,-5.910167],[-35.532595,-5.908214],[-35.530966,-5.908203],[-35.529535,-5.908805],[-35.528509,-5.909921],[-35.527693,-5.910018],[-35.526075,-5.908173],[-35.525779,-5.906844],[-35.52497,-5.905819],[-35.523853,-5.904996],[-35.521513,-5.904573],[-35.519366,-5.905683],[-35.518034,-5.906898],[-35.516182,-5.909743],[-35.513886,-5.912055],[-35.512878,-5.912451],[-35.510566,-5.911544],[-35.508437,-5.909796],[-35.506505,-5.909274],[-35.50508,-5.909264],[-35.503033,-5.910477],[-35.50028,-5.910867],[-35.49884,-5.912898],[-35.49791,-5.915137],[-35.495863,-5.916655],[-35.494728,-5.918892],[-35.493085,-5.920819],[-35.49297,-5.922757],[-35.495003,-5.92379],[-35.496213,-5.925532],[-35.495379,-5.928588],[-35.493129,-5.930003],[-35.492256,-5.932109],[-35.488255,-5.93054],[-35.487832,-5.929662],[-35.486513,-5.92894],[-35.482869,-5.925244],[-35.479305,-5.92471],[-35.477672,-5.925211],[-35.476655,-5.925102],[-35.474326,-5.922639],[-35.470963,-5.922822],[-35.469516,-5.926179],[-35.467567,-5.928105],[-35.466036,-5.928401],[-35.464106,-5.927675],[-35.462577,-5.927868],[-35.461546,-5.929597],[-35.460011,-5.930709],[-35.458447,-5.930899],[-35.456548,-5.930483],[-35.45351,-5.927607],[-35.450969,-5.926774],[-35.446876,-5.929401],[-35.443817,-5.929789],[-35.440865,-5.929362],[-35.43914,-5.92833],[-35.435087,-5.924633],[-35.431219,-5.923262],[-35.429486,-5.923455],[-35.426715,-5.926701],[-35.424564,-5.928421],[-35.420382,-5.929313],[-35.418743,-5.930629],[-35.417111,-5.930924],[-35.415898,-5.92959],[-35.415203,-5.926729],[-35.414087,-5.925804],[-35.412053,-5.925383],[-35.40981,-5.925572],[-35.408488,-5.925154],[-35.405647,-5.9233],[-35.404667,-5.91748],[-35.406116,-5.914021],[-35.40602,-5.912999],[-35.405422,-5.910956],[-35.402688,-5.908286],[-35.402492,-5.907264],[-35.403013,-5.905227],[-35.404148,-5.903194],[-35.404159,-5.90146],[-35.403146,-5.900434],[-35.400297,-5.900111],[-35.399289,-5.898165],[-35.398378,-5.897546],[-35.396746,-5.897842],[-35.394287,-5.899866],[-35.393269,-5.899757],[-35.392155,-5.89873],[-35.388387,-5.898502],[-35.387069,-5.897576],[-35.386382,-5.893796],[-35.38066,-5.89071],[-35.380984,-5.887292],[-35.380532,-5.88468],[-35.38125,-5.883767],[-35.382879,-5.883879],[-35.383885,-5.885926],[-35.38591,-5.887877],[-35.387434,-5.888295],[-35.388048,-5.887993],[-35.388364,-5.886363],[-35.388069,-5.884729],[-35.386864,-5.882069],[-35.386772,-5.880437],[-35.387291,-5.879011],[-35.388213,-5.8782],[-35.389232,-5.878207],[-35.391771,-5.87955],[-35.392991,-5.87966],[-35.394012,-5.87936],[-35.39627,-5.876824],[-35.398208,-5.876428],[-35.400358,-5.874812],[-35.401478,-5.875023],[-35.402794,-5.876153],[-35.404427,-5.875653],[-35.406167,-5.874441],[-35.407288,-5.874448],[-35.409521,-5.875686],[-35.410632,-5.877121],[-35.411433,-5.879065],[-35.414409,-5.879894],[-35.414886,-5.881026],[-35.414976,-5.882658],[-35.413931,-5.886834],[-35.41757,-5.891245],[-35.417356,-5.892876],[-35.415817,-5.894497],[-35.415395,-5.896738],[-35.415588,-5.898576],[-35.416294,-5.899703],[-35.421062,-5.902691],[-35.424392,-5.907712],[-35.429471,-5.910091],[-35.429567,-5.91101],[-35.430775,-5.913159],[-35.432705,-5.91409],[-35.435455,-5.914209],[-35.435553,-5.914619],[-35.438199,-5.91535],[-35.438912,-5.915354],[-35.440347,-5.914139],[-35.440356,-5.912609],[-35.439357,-5.909338],[-35.439565,-5.908931],[-35.441297,-5.908739],[-35.442515,-5.909359],[-35.446165,-5.912341],[-35.448814,-5.912256],[-35.453938,-5.907696],[-35.456787,-5.908123],[-35.459045,-5.905486],[-35.461085,-5.905091],[-35.462826,-5.903775],[-35.46405,-5.903578],[-35.465665,-5.906038],[-35.465659,-5.907056],[-35.462587,-5.909283],[-35.46258,-5.910507],[-35.464378,-5.912104],[-35.466086,-5.912494],[-35.467051,-5.91227],[-35.46777,-5.911459],[-35.470422,-5.911068],[-35.471336,-5.911582],[-35.474085,-5.9116],[-35.475316,-5.910384],[-35.476041,-5.908552],[-35.477686,-5.906216],[-35.478808,-5.905918],[-35.481248,-5.906851],[-35.484901,-5.909016],[-35.487246,-5.908828],[-35.488987,-5.907409],[-35.490006,-5.907519],[-35.491823,-5.91008],[-35.493147,-5.910191],[-35.495295,-5.908776],[-35.495616,-5.906636],[-35.494707,-5.904998],[-35.493818,-5.900809],[-35.491481,-5.899673],[-35.489954,-5.899561],[-35.488939,-5.89884],[-35.488036,-5.896794],[-35.486821,-5.895458],[-35.485301,-5.894225],[-35.483776,-5.893809],[-35.481434,-5.893488],[-35.478673,-5.894899],[-35.476841,-5.894786],[-35.473589,-5.893437],[-35.471956,-5.893938],[-35.469001,-5.893919],[-35.464442,-5.889911],[-35.461796,-5.889384],[-35.459756,-5.889881],[-35.457925,-5.889563],[-35.453456,-5.887393],[-35.452538,-5.887387],[-35.451095,-5.89003],[-35.449765,-5.89094],[-35.447218,-5.890923],[-35.44425,-5.893149],[-35.442414,-5.893443],[-35.440583,-5.893024],[-35.435713,-5.889729],[-35.432246,-5.890216],[-35.430823,-5.889799],[-35.428503,-5.886315],[-35.427659,-5.883795],[-35.425861,-5.882478],[-35.425571,-5.882624],[-35.423752,-5.880471],[-35.423351,-5.879448],[-35.423459,-5.878428],[-35.424905,-5.875377],[-35.42542,-5.874462],[-35.426238,-5.87406],[-35.427461,-5.873965],[-35.428681,-5.874381],[-35.431319,-5.875928],[-35.433765,-5.875842],[-35.436603,-5.878104],[-35.437623,-5.877804],[-35.439978,-5.876086],[-35.441812,-5.875996],[-35.444748,-5.878769],[-35.446783,-5.879495],[-35.448821,-5.879101],[-35.44964,-5.878493],[-35.450882,-5.875543],[-35.451497,-5.874833],[-35.45303,-5.87423],[-35.455181,-5.872101],[-35.456404,-5.872211],[-35.45752,-5.873035],[-35.459864,-5.872743],[-35.463215,-5.874498],[-35.46544,-5.877266],[-35.468997,-5.878412],[-35.470517,-5.879748],[-35.470406,-5.881175],[-35.471012,-5.882098],[-35.47406,-5.883544],[-35.476079,-5.88621],[-35.478316,-5.887143],[-35.480045,-5.887358],[-35.482068,-5.889818],[-35.487064,-5.889136],[-35.489083,-5.892109],[-35.490101,-5.89242],[-35.495405,-5.891331],[-35.498654,-5.892984],[-35.501098,-5.893408],[-35.502831,-5.893215],[-35.506,-5.891397],[-35.507853,-5.888553],[-35.514287,-5.886042],[-35.516335,-5.884218],[-35.516347,-5.882485],[-35.51564,-5.88146],[-35.514522,-5.881147],[-35.510542,-5.88204],[-35.508509,-5.881313],[-35.507284,-5.881816],[-35.504617,-5.884655],[-35.50319,-5.884544],[-35.500953,-5.88402],[-35.500043,-5.882994],[-35.49872,-5.882476],[-35.495157,-5.882045],[-35.493535,-5.880913],[-35.493237,-5.879687],[-35.49161,-5.87886],[-35.488554,-5.879047],[-35.486831,-5.87781],[-35.485824,-5.875765],[-35.484912,-5.875044],[-35.482264,-5.874925],[-35.480638,-5.8742],[-35.479426,-5.872561],[-35.475266,-5.869678],[-35.474259,-5.867937],[-35.473762,-5.865893],[-35.469906,-5.863625],[-35.469209,-5.86107],[-35.467993,-5.860043],[-35.466572,-5.859216],[-35.465655,-5.859211],[-35.462592,-5.860213],[-35.461575,-5.860002],[-35.458937,-5.858251],[-35.456904,-5.857626],[-35.453339,-5.857502],[-35.451919,-5.856574],[-35.451014,-5.854528],[-35.451124,-5.853508],[-35.453691,-5.85026],[-35.453904,-5.848731],[-35.452589,-5.847396],[-35.451877,-5.847188],[-35.450855,-5.847489],[-35.449011,-5.849211],[-35.446972,-5.849503],[-35.444212,-5.850813],[-35.442979,-5.85264],[-35.442967,-5.854477],[-35.44234,-5.856819],[-35.438756,-5.859958],[-35.435486,-5.861672],[-35.433444,-5.862273],[-35.431103,-5.861951],[-35.430497,-5.860825],[-35.430816,-5.858887],[-35.431844,-5.857569],[-35.43278,-5.854514],[-35.434421,-5.852892],[-35.435239,-5.852489],[-35.437376,-5.852503],[-35.438093,-5.851997],[-35.438403,-5.851184],[-35.441167,-5.849365],[-35.441383,-5.847326],[-35.439968,-5.845584],[-35.437008,-5.846482],[-35.435062,-5.848204],[-35.433126,-5.847988],[-35.432106,-5.848288],[-35.430777,-5.848993],[-35.428831,-5.85092],[-35.425263,-5.8511],[-35.42362,-5.853334],[-35.423197,-5.85578],[-35.422272,-5.856998],[-35.420839,-5.858009],[-35.420316,-5.860045],[-35.419701,-5.860756],[-35.416329,-5.862366],[-35.414586,-5.863886],[-35.412953,-5.864589],[-35.411221,-5.864782],[-35.407763,-5.863943],[-35.404922,-5.861987],[-35.402786,-5.861566],[-35.399924,-5.862975],[-35.397978,-5.864594],[-35.396348,-5.864685],[-35.395131,-5.863761],[-35.394114,-5.86355],[-35.391968,-5.864658],[-35.38942,-5.864743],[-35.388607,-5.864535],[-35.387807,-5.862183],[-35.3873,-5.861873],[-35.385571,-5.861454],[-35.38312,-5.862459],[-35.381695,-5.862041],[-35.380176,-5.860909],[-35.376306,-5.860681],[-35.374683,-5.85965],[-35.374489,-5.858118],[-35.37594,-5.854251],[-35.375875,-5.848539],[-35.37639,-5.847624],[-35.377618,-5.846918],[-35.380982,-5.846429],[-35.381903,-5.845822],[-35.383035,-5.843995],[-35.387136,-5.839941],[-35.38897,-5.839544],[-35.390201,-5.838532],[-35.390709,-5.838536],[-35.392254,-5.835995],[-35.395734,-5.833263],[-35.396757,-5.83276],[-35.398181,-5.832973],[-35.399196,-5.833692],[-35.401129,-5.833807],[-35.402664,-5.832696],[-35.406543,-5.831292],[-35.407669,-5.830585],[-35.408698,-5.82896],[-35.41156,-5.827448],[-35.407664,-5.825543],[-35.406529,-5.823375],[-35.404593,-5.82286],[-35.404025,-5.821632],[-35.404103,-5.820768],[-35.404853,-5.820415],[-35.403315,-5.81819],[-35.402706,-5.81788],[-35.401385,-5.817463],[-35.400263,-5.81766],[-35.39617,-5.820593],[-35.394536,-5.821195],[-35.392907,-5.82098],[-35.389047,-5.819426],[-35.387313,-5.819924],[-35.384856,-5.821745],[-35.379263,-5.820484],[-35.376408,-5.820773],[-35.373544,-5.822588],[-35.36856,-5.821639],[-35.367435,-5.822348],[-35.364252,-5.826406],[-35.36251,-5.827926],[-35.361079,-5.828527],[-35.358637,-5.828409],[-35.353151,-5.826129],[-35.352335,-5.826229],[-35.349368,-5.828451],[-35.348244,-5.828751],[-35.34591,-5.827512],[-35.344698,-5.825872],[-35.344098,-5.824235],[-35.343027,-5.823484],[-35.342894,-5.82127],[-35.340153,-5.820027],[-35.337722,-5.817971],[-35.336094,-5.817553],[-35.334464,-5.817746],[-35.332737,-5.817123],[-35.332445,-5.81498],[-35.331598,-5.813783],[-35.333093,-5.809272],[-35.332087,-5.807225],[-35.328932,-5.806999],[-35.326584,-5.807801],[-35.325669,-5.80759],[-35.325164,-5.806874],[-35.323438,-5.805842],[-35.321503,-5.806033],[-35.317442,-5.803967],[-35.313568,-5.804656],[-35.310728,-5.803007],[-35.308286,-5.802377],[-35.306655,-5.802673],[-35.305028,-5.802254],[-35.302265,-5.804275],[-35.300124,-5.804567],[-35.298207,-5.802006],[-35.296381,-5.800974],[-35.295034,-5.801243],[-35.293622,-5.802239],[-35.290539,-5.806341]],[[-35.548196,-5.922167],[-35.54983,-5.921463],[-35.553909,-5.920977],[-35.555027,-5.921393],[-35.558271,-5.923862],[-35.562349,-5.923684],[-35.563363,-5.924506],[-35.565302,-5.924007],[-35.566122,-5.923197],[-35.568159,-5.923311],[-35.569677,-5.924954],[-35.570693,-5.925469],[-35.574264,-5.924777],[-35.575889,-5.925502],[-35.577206,-5.926836],[-35.580057,-5.927159],[-35.581171,-5.928392],[-35.581165,-5.929411],[-35.580955,-5.930328],[-35.579413,-5.932563],[-35.579712,-5.933484],[-35.581234,-5.934717],[-35.585199,-5.935967],[-35.586907,-5.94016],[-35.588225,-5.941189],[-35.590463,-5.941814],[-35.592185,-5.94356],[-35.59248,-5.945194],[-35.592054,-5.948355],[-35.593875,-5.950406],[-35.594175,-5.951325],[-35.593347,-5.953362],[-35.589973,-5.955075],[-35.585292,-5.954026],[-35.583671,-5.952486],[-35.579602,-5.951338],[-35.578476,-5.952453],[-35.577545,-5.954488],[-35.57905,-5.95817],[-35.57873,-5.960617],[-35.5776,-5.961937],[-35.57546,-5.962128],[-35.571797,-5.961084],[-35.570986,-5.960467],[-35.570175,-5.959748],[-35.568265,-5.955757],[-35.564814,-5.953388],[-35.562469,-5.953578],[-35.559822,-5.953154],[-35.556135,-5.955987],[-35.555423,-5.955983],[-35.553697,-5.95485],[-35.552988,-5.954233],[-35.55289,-5.953519],[-35.55292,-5.948724],[-35.553843,-5.947913],[-35.553952,-5.946588],[-35.55611,-5.943743],[-35.55704,-5.941811],[-35.55685,-5.939463],[-35.55614,-5.938949],[-35.555445,-5.935985],[-35.554027,-5.93465],[-35.552604,-5.934131],[-35.550069,-5.932279],[-35.549064,-5.929824],[-35.548671,-5.927373],[-35.547256,-5.925527],[-35.547058,-5.924711],[-35.547169,-5.923282],[-35.548196,-5.922167]],[[-35.621499,-5.954586],[-35.622329,-5.952245],[-35.62499,-5.950219],[-35.624702,-5.947361],[-35.625524,-5.946345],[-35.62705,-5.946763],[-35.628669,-5.948508],[-35.629997,-5.948312],[-35.634301,-5.944053],[-35.637983,-5.941728],[-35.640425,-5.94256],[-35.643465,-5.945333],[-35.646623,-5.945556],[-35.648753,-5.947201],[-35.649662,-5.948534],[-35.651801,-5.948445],[-35.652927,-5.94784],[-35.653757,-5.945395],[-35.654781,-5.944688],[-35.657428,-5.945112],[-35.658144,-5.944504],[-35.659068,-5.943592],[-35.660304,-5.94115],[-35.661329,-5.940339],[-35.664899,-5.939749],[-35.66734,-5.940681],[-35.668054,-5.940584],[-35.672244,-5.938467],[-35.675407,-5.938078],[-35.676723,-5.939411],[-35.67711,-5.942884],[-35.678928,-5.945547],[-35.679024,-5.946568],[-35.679017,-5.947997],[-35.676963,-5.950332],[-35.67816,-5.954726],[-35.677948,-5.956154],[-35.676507,-5.958389],[-35.676595,-5.960534],[-35.677611,-5.961254],[-35.681589,-5.960869],[-35.682499,-5.961793],[-35.682802,-5.962408],[-35.682279,-5.964751],[-35.682574,-5.966386],[-35.684192,-5.968437],[-35.684894,-5.970481],[-35.687533,-5.972232],[-35.689655,-5.975306],[-35.692905,-5.977162],[-35.692886,-5.980223],[-35.693798,-5.981046],[-35.69594,-5.980956],[-35.699492,-5.983426],[-35.703363,-5.983858],[-35.706613,-5.985714],[-35.707214,-5.987554],[-35.707093,-5.990615],[-35.707898,-5.992457],[-35.711849,-5.996358],[-35.712656,-5.997791],[-35.712886,-6.002064],[-35.710005,-6.003909],[-35.707978,-6.006316],[-35.702438,-6.007412],[-35.698966,-6.009174],[-35.698365,-6.010456],[-35.698452,-6.012338],[-35.697847,-6.014512],[-35.696551,-6.016187],[-35.695462,-6.016281],[-35.692698,-6.015372],[-35.691123,-6.014075],[-35.690737,-6.012787],[-35.690046,-6.012485],[-35.688366,-6.012277],[-35.686581,-6.013059],[-35.684013,-6.012745],[-35.681261,-6.009858],[-35.680274,-6.009356],[-35.677905,-6.008748],[-35.675133,-6.009128],[-35.674635,-6.009916],[-35.674889,-6.016749],[-35.677447,-6.019042],[-35.678328,-6.020531],[-35.677113,-6.025079],[-35.677403,-6.026366],[-35.675024,-6.027144],[-35.675308,-6.029226],[-35.673224,-6.030401],[-35.67105,-6.030288],[-35.669959,-6.030777],[-35.669461,-6.031467],[-35.669352,-6.032951],[-35.670221,-6.03652],[-35.670007,-6.039094],[-35.666721,-6.042835],[-35.667397,-6.045414],[-35.66868,-6.046015],[-35.670445,-6.048302],[-35.67053,-6.050679],[-35.669131,-6.053147],[-35.668236,-6.053833],[-35.666453,-6.054218],[-35.661706,-6.05409],[-35.659026,-6.055955],[-35.65556,-6.056626],[-35.652121,-6.052942],[-35.648069,-6.05262],[-35.646885,-6.052117],[-35.646598,-6.050631],[-35.647599,-6.048558],[-35.64939,-6.046886],[-35.649493,-6.046093],[-35.648919,-6.043022],[-35.647743,-6.041332],[-35.645992,-6.036669],[-35.644317,-6.03557],[-35.640666,-6.03436],[-35.638498,-6.03296],[-35.637721,-6.030777],[-35.635176,-6.026603],[-35.634292,-6.025707],[-35.630937,-6.0244],[-35.628302,-6.018939],[-35.627315,-6.018438],[-35.62356,-6.017919],[-35.621595,-6.016125],[-35.61903,-6.015021],[-35.617169,-6.012039],[-35.618475,-6.008781],[-35.622044,-6.007219],[-35.628567,-6.007952],[-35.630633,-6.009449],[-35.632595,-6.012135],[-35.638218,-6.014445],[-35.640691,-6.014066],[-35.641096,-6.012682],[-35.640316,-6.010993],[-35.637465,-6.008106],[-35.637281,-6.006026],[-35.637586,-6.004544],[-35.639873,-6.002577],[-35.642003,-6.002034],[-35.642569,-6.000528],[-35.643593,-5.999719],[-35.644919,-5.99942],[-35.646458,-5.997797],[-35.646374,-5.994939],[-35.646891,-5.993616],[-35.64903,-5.994038],[-35.650969,-5.993335],[-35.654562,-5.989172],[-35.657123,-5.98725],[-35.657945,-5.985929],[-35.65765,-5.984192],[-35.656335,-5.982551],[-35.65604,-5.980918],[-35.655333,-5.97979],[-35.654116,-5.978968],[-35.651062,-5.97803],[-35.649653,-5.975369],[-35.649566,-5.972817],[-35.649162,-5.972203],[-35.647384,-5.971273],[-35.645342,-5.971771],[-35.642778,-5.974512],[-35.642569,-5.975531],[-35.643155,-5.979615],[-35.642938,-5.981553],[-35.641298,-5.983175],[-35.640075,-5.983167],[-35.638353,-5.981525],[-35.636737,-5.979167],[-35.635842,-5.975693],[-35.634632,-5.973441],[-35.632401,-5.971488],[-35.630466,-5.971475],[-35.630469,-5.970863],[-35.629458,-5.969635],[-35.62979,-5.965247],[-35.62878,-5.963712],[-35.627059,-5.961864],[-35.623393,-5.961433],[-35.621971,-5.960608],[-35.621066,-5.958562],[-35.621499,-5.954586]]]]}},{"type":"Feature","id":23,"properties":{"unidade":"PAd - Argissolo Amarelo Distrifico","ordem":"ARGISSOLO","subordem":"AMARELO","textura":"arenosa/m dia","relevo":"suave ondulado e plano","fator_k":0.031,"fonte":"Folhas SB.24 e SB.25 - RADAMBRASIL (1981)"},"geometry":{"type":"Polygon","coordinates":[[[-35.455535,-5.760927],[-35.456707,-5.76199],[-35.45854,-5.762001],[-35.459469,-5.760273],[-35.45904,-5.758665],[-35.457182,-5.760808],[-35.455535,-5.760927]]]}},{"type":"Feature","id":24,"properties":{"unidade":"TCo - Luvissolo CrEmico irtico","ordem":"LUVISSOLO","subordem":"CRVMICO","textura":"media/argilosa","relevo":"suave ondulado","fator_k":0.039,"fonte":"Folhas SB.24 e SB.25 - RADAMBRASIL (1981)"},"geometry":{"type":"Polygon","coordinates":[[[-35.795163,-6.168433],[-35.795873,-6.16753],[-35.795727,-6.167177],[-35.800097,-6.16453],[-35.801472,-6.166123],[-35.802461,-6.166229],[-35.812432,-6.165104],[-35.826853,-6.172817],[-35.834738,-6.168568],[-35.835416,-6.168906],[-35.836803,-6.168401],[-35.837522,-6.168771],[-35.838046,-6.168501],[-35.839841,-6.168763],[-35.844262,-6.167099],[-35.845522,-6.166182],[-35.846087,-6.163703],[-35.847791,-6.161842],[-35.85522,-6.160605],[-35.85975,-6.161739],[-35.870409,-6.158772],[-35.871763,-6.157629],[-35.875037,-6.156262],[-35.877267,-6.153364],[-35.879312,-6.152722],[-35.882676,-6.152544],[-35.884765,-6.151018],[-35.88862,-6.151291],[-35.88971,-6.150903],[-35.890825,-6.146453],[-35.892518,-6.144481],[-35.891457,-6.141777],[-35.889957,-6.140156],[-35.890066,-6.138747],[-35.891685,-6.137243],[-35.894909,-6.136456],[-35.894284,-6.134656],[-35.895098,-6.130699],[-35.894811,-6.129115],[-35.891573,-6.124342],[-35.891081,-6.123844],[-35.887137,-6.122443],[-35.885737,-6.120923],[-35.883994,-6.117665],[-35.880354,-6.114276],[-35.879683,-6.110609],[-35.880979,-6.108834],[-35.884063,-6.105882],[-35.884071,-6.104297],[-35.882308,-6.101515],[-35.880142,-6.09972],[-35.875697,-6.098306],[-35.875285,-6.096736],[-35.875693,-6.095631],[-35.876508,-6.094945],[-35.875093,-6.094621],[-35.874552,-6.089571],[-35.872483,-6.087975],[-35.869125,-6.087065],[-35.867942,-6.086266],[-35.867257,-6.085172],[-35.867465,-6.083292],[-35.867072,-6.082796],[-35.865394,-6.082389],[-35.864004,-6.083173],[-35.863015,-6.083168],[-35.861835,-6.081873],[-35.860451,-6.081865],[-35.859456,-6.082949],[-35.859048,-6.085026],[-35.857462,-6.08571],[-35.855284,-6.085797],[-35.853697,-6.086678],[-35.852707,-6.086672],[-35.848165,-6.085557],[-35.847079,-6.085054],[-35.845214,-6.082469],[-35.842841,-6.082257],[-35.841455,-6.082448],[-35.836192,-6.08618],[-35.836188,-6.086576],[-35.834802,-6.086864],[-35.832438,-6.085166],[-35.829891,-6.080895],[-35.829101,-6.08089],[-35.82514,-6.081462],[-35.818881,-6.085979],[-35.817397,-6.086167],[-35.812142,-6.088218],[-35.81046,-6.088108],[-35.809771,-6.087706],[-35.809092,-6.085227],[-35.811478,-6.083262],[-35.811584,-6.082273],[-35.809962,-6.080678],[-35.80977,-6.079391],[-35.811363,-6.07752],[-35.81434,-6.075853],[-35.815239,-6.074471],[-35.815147,-6.073283],[-35.814168,-6.071693],[-35.81298,-6.071588],[-35.811399,-6.071777],[-35.809116,-6.072753],[-35.807022,-6.07571],[-35.803061,-6.076579],[-35.799886,-6.078045],[-35.798504,-6.07764],[-35.797718,-6.076844],[-35.79554,-6.077326],[-35.794446,-6.078112],[-35.792948,-6.080577],[-35.792326,-6.085326],[-35.790935,-6.086211],[-35.784607,-6.086172],[-35.783826,-6.08445],[-35.785847,-6.08252],[-35.787806,-6.081505],[-35.788308,-6.080319],[-35.787823,-6.078732],[-35.783485,-6.076429],[-35.782798,-6.075335],[-35.782713,-6.073157],[-35.786289,-6.070504],[-35.786596,-6.068823],[-35.78562,-6.06664],[-35.785832,-6.064264],[-35.78633,-6.063575],[-35.789204,-6.0627],[-35.790395,-6.061916],[-35.791978,-6.061827],[-35.792965,-6.062228],[-35.793049,-6.064705],[-35.794525,-6.065999],[-35.800058,-6.067023],[-35.806394,-6.065971],[-35.808582,-6.064004],[-35.811754,-6.063032],[-35.813039,-6.063039],[-35.815216,-6.065782],[-35.81612,-6.06609],[-35.81807,-6.065346],[-35.820059,-6.063477],[-35.822435,-6.063294],[-35.823224,-6.063395],[-35.824603,-6.064593],[-35.829577,-6.064505],[-35.831802,-6.068298],[-35.832687,-6.068997],[-35.83427,-6.069105],[-35.837644,-6.067441],[-35.840018,-6.067158],[-35.841105,-6.067362],[-35.840905,-6.067559],[-35.842379,-6.069153],[-35.845542,-6.069764],[-35.846325,-6.071056],[-35.847813,-6.070669],[-35.8501,-6.068504],[-35.852474,-6.068321],[-35.855255,-6.066455],[-35.858024,-6.066569],[-35.861303,-6.068945],[-35.863313,-6.06926],[-35.863761,-6.066504],[-35.861806,-6.062631],[-35.860625,-6.061634],[-35.855007,-6.061197],[-35.852134,-6.058812],[-35.851062,-6.056133],[-35.851169,-6.054748],[-35.851962,-6.054455],[-35.859384,-6.053804],[-35.860385,-6.051829],[-35.860107,-6.048362],[-35.860713,-6.046287],[-35.862798,-6.044911],[-35.863101,-6.043924],[-35.862916,-6.041745],[-35.85966,-6.040141],[-35.858778,-6.038948],[-35.858784,-6.03776],[-35.861376,-6.03421],[-35.861091,-6.03213],[-35.858628,-6.030531],[-35.858438,-6.02944],[-35.855592,-6.025365],[-35.856188,-6.024774],[-35.85807,-6.024388],[-35.859876,-6.02249],[-35.860084,-6.021283],[-35.85794,-6.017589],[-35.855532,-6.016366],[-35.851589,-6.016232],[-35.84901,-6.017505],[-35.848211,-6.018885],[-35.848565,-6.026018],[-35.846975,-6.027394],[-35.844993,-6.027977],[-35.841832,-6.027464],[-35.838663,-6.027742],[-35.836479,-6.029314],[-35.835384,-6.030495],[-35.834583,-6.032372],[-35.832496,-6.033944],[-35.830618,-6.033834],[-35.827562,-6.031935],[-35.823604,-6.032407],[-35.821236,-6.031304],[-35.819257,-6.03149],[-35.817266,-6.033558],[-35.817451,-6.036036],[-35.816447,-6.038306],[-35.814854,-6.040276],[-35.811884,-6.040853],[-35.806451,-6.039436],[-35.80409,-6.037441],[-35.804294,-6.036452],[-35.805689,-6.03448],[-35.806498,-6.031516],[-35.806207,-6.030622],[-35.804429,-6.030216],[-35.803637,-6.030409],[-35.803137,-6.031198],[-35.801251,-6.032375],[-35.799866,-6.032465],[-35.796822,-6.028982],[-35.79475,-6.02798],[-35.793762,-6.027579],[-35.790398,-6.027856],[-35.78862,-6.027549],[-35.78686,-6.024072],[-35.785486,-6.02238],[-35.781242,-6.020969],[-35.779753,-6.021654],[-35.776573,-6.024309],[-35.773707,-6.023994],[-35.771243,-6.022296],[-35.769962,-6.021695],[-35.768875,-6.021689],[-35.765704,-6.022561],[-35.762623,-6.025117],[-35.761931,-6.025113],[-35.75937,-6.023415],[-35.757391,-6.0236],[-35.75592,-6.021315],[-35.755637,-6.019334],[-35.755849,-6.016562],[-35.754968,-6.015172],[-35.752698,-6.014366],[-35.750518,-6.015046],[-35.747156,-6.015125],[-35.743911,-6.011937],[-35.743821,-6.01055],[-35.745403,-6.008798],[-35.743494,-6.008384],[-35.740665,-6.008947],[-35.739767,-6.010228],[-35.739935,-6.015279],[-35.739329,-6.017156],[-35.735457,-6.019808],[-35.734361,-6.021187],[-35.736406,-6.026545],[-35.737392,-6.026947],[-35.740359,-6.026964],[-35.741244,-6.02796],[-35.741133,-6.029939],[-35.741524,-6.030535],[-35.743888,-6.032332],[-35.743983,-6.032926],[-35.743385,-6.033714],[-35.740599,-6.036471],[-35.739792,-6.03904],[-35.740973,-6.040135],[-35.742947,-6.040841],[-35.743808,-6.042911],[-35.74398,-6.04511],[-35.746103,-6.045947],[-35.74737,-6.045422],[-35.748264,-6.044833],[-35.749171,-6.041868],[-35.750959,-6.040591],[-35.75175,-6.040597],[-35.753482,-6.042659],[-35.753741,-6.048463],[-35.753233,-6.050341],[-35.752837,-6.050636],[-35.748583,-6.05061],[-35.747394,-6.051098],[-35.745105,-6.05356],[-35.744301,-6.055733],[-35.745173,-6.058708],[-35.746547,-6.060598],[-35.750699,-6.060921],[-35.751979,-6.061819],[-35.750876,-6.064287],[-35.748883,-6.066651],[-35.747283,-6.069712],[-35.747942,-6.075358],[-35.747227,-6.079116],[-35.747519,-6.079811],[-35.749193,-6.081108],[-35.74968,-6.0822],[-35.749658,-6.085864],[-35.750249,-6.086264],[-35.753512,-6.086481],[-35.755872,-6.088773],[-35.755864,-6.090059],[-35.75536,-6.09174],[-35.754264,-6.09302],[-35.751979,-6.094689],[-35.7497,-6.095567],[-35.747194,-6.095741],[-35.746209,-6.095141],[-35.744445,-6.09236],[-35.742273,-6.091555],[-35.741283,-6.091647],[-35.739301,-6.092526],[-35.737511,-6.094],[-35.736813,-6.095086],[-35.736403,-6.097259],[-35.73905,-6.101238],[-35.74002,-6.10441],[-35.741794,-6.105511],[-35.746733,-6.106333],[-35.748917,-6.105258],[-35.750104,-6.105166],[-35.753064,-6.106273],[-35.758221,-6.104224],[-35.760195,-6.10493],[-35.762769,-6.104648],[-35.764737,-6.106344],[-35.765416,-6.108526],[-35.765208,-6.110208],[-35.765794,-6.111399],[-35.766876,-6.112297],[-35.767864,-6.112698],[-35.77083,-6.112716],[-35.772812,-6.112133],[-35.774699,-6.110957],[-35.775689,-6.110963],[-35.776969,-6.111664],[-35.779542,-6.111581],[-35.781115,-6.113174],[-35.781207,-6.114219],[-35.780407,-6.1156],[-35.77723,-6.117461],[-35.775634,-6.119729],[-35.773451,-6.120707],[-35.773342,-6.122489],[-35.772051,-6.123471],[-35.768692,-6.122659],[-35.765521,-6.123628],[-35.764533,-6.123524],[-35.762363,-6.122423],[-35.760081,-6.123497],[-35.757707,-6.123583],[-35.756034,-6.122186],[-35.755447,-6.121192],[-35.754065,-6.120689],[-35.753273,-6.120684],[-35.750689,-6.122648],[-35.747426,-6.12253],[-35.74683,-6.123021],[-35.746325,-6.124701],[-35.746814,-6.125496],[-35.749278,-6.127095],[-35.749471,-6.127888],[-35.748867,-6.129667],[-35.746873,-6.131932],[-35.74667,-6.133119],[-35.747848,-6.134512],[-35.75081,-6.135321],[-35.753782,-6.134747],[-35.754876,-6.133762],[-35.755379,-6.132182],[-35.755975,-6.131888],[-35.757557,-6.132096],[-35.757948,-6.132692],[-35.758937,-6.133094],[-35.761907,-6.13232],[-35.762788,-6.13391],[-35.762287,-6.135094],[-35.76296,-6.138267],[-35.762749,-6.140444],[-35.763729,-6.141836],[-35.764718,-6.141941],[-35.764919,-6.141546],[-35.767907,-6.14101],[-35.770416,-6.142133],[-35.7762,-6.140922],[-35.778364,-6.142716],[-35.77924,-6.145197],[-35.777247,-6.147759],[-35.773879,-6.148333],[-35.769715,-6.150189],[-35.76507,-6.149171],[-35.763974,-6.15055],[-35.761795,-6.151032],[-35.761487,-6.152713],[-35.762371,-6.154006],[-35.76613,-6.153929],[-35.769578,-6.156228],[-35.771151,-6.157821],[-35.770136,-6.162172],[-35.771018,-6.163365],[-35.772403,-6.163472],[-35.775175,-6.162895],[-35.775963,-6.163495],[-35.776751,-6.164389],[-35.777037,-6.165876],[-35.777018,-6.169143],[-35.779562,-6.171402],[-35.78086,-6.170766],[-35.782572,-6.170573],[-35.784693,-6.169276],[-35.788713,-6.170006],[-35.790739,-6.167902],[-35.793774,-6.169004],[-35.795163,-6.168433]]]}},{"type":"Feature","id":25,"properties":{"unidade":"PAd - Argissolo Amarelo Distrifico","ordem":"ARGISSOLO","subordem":"AMARELO","textura":"arenosa/m dia","relevo":"suave ondulado e plano","fator_k":0.031,"fonte":"Folhas SB.24 e SB.25 - RADAMBRASIL (1981)"},"geometry":{"type":"Polygon","coordinates":[[[-35.284875,-5.78601],[-35.282115,-5.787623],[-35.278764,-5.78597],[-35.274717,-5.787043],[-35.273651,-5.787601],[-35.27327,-5.788599],[-35.274053,-5.790019],[-35.273234,-5.79083],[-35.269467,-5.790498],[-35.268338,-5.791817],[-35.268638,-5.792635],[-35.270055,-5.793971],[-35.271578,-5.794592],[-35.273209,-5.794399],[-35.277296,-5.792489],[-35.27811,-5.792595],[-35.28063,-5.795571],[-35.281634,-5.795676],[-35.28584,-5.794074],[-35.286553,-5.794079],[-35.288478,-5.795621],[-35.290211,-5.795428],[-35.291744,-5.794419],[-35.295111,-5.793624],[-35.296954,-5.792209],[-35.300919,-5.793153],[-35.301525,-5.793972],[-35.302945,-5.794798],[-35.308154,-5.792588],[-35.312322,-5.793737],[-35.31365,-5.793235],[-35.316499,-5.793357],[-35.31832,-5.795205],[-35.320191,-5.796273],[-35.323416,-5.794829],[-35.326777,-5.794648],[-35.332169,-5.798985],[-35.336078,-5.800622],[-35.337372,-5.802645],[-35.337465,-5.803652],[-35.339363,-5.805678],[-35.33943,-5.806971],[-35.338591,-5.810738],[-35.340107,-5.812482],[-35.344378,-5.813671],[-35.345553,-5.812219],[-35.347672,-5.811856],[-35.351125,-5.813409],[-35.352238,-5.813161],[-35.356747,-5.810487],[-35.358387,-5.808865],[-35.361757,-5.807359],[-35.364099,-5.807373],[-35.365317,-5.808197],[-35.367045,-5.808615],[-35.368165,-5.808623],[-35.370106,-5.80782],[-35.37204,-5.807934],[-35.375287,-5.809189],[-35.376813,-5.809253],[-35.377384,-5.808722],[-35.37763,-5.8075],[-35.379338,-5.806527],[-35.381743,-5.803711],[-35.383984,-5.803726],[-35.385727,-5.801901],[-35.38636,-5.798436],[-35.387333,-5.797467],[-35.391723,-5.796892],[-35.392948,-5.79639],[-35.395715,-5.793654],[-35.398325,-5.792804],[-35.398837,-5.791699],[-35.398035,-5.79129],[-35.395616,-5.792082],[-35.393405,-5.792168],[-35.390596,-5.791243],[-35.38414,-5.794929],[-35.382635,-5.794216],[-35.380941,-5.791987],[-35.379437,-5.791273],[-35.377628,-5.791463],[-35.37624,-5.790152],[-35.369661,-5.788788],[-35.368029,-5.789084],[-35.365674,-5.791108],[-35.363324,-5.792317],[-35.359249,-5.792292],[-35.356506,-5.791253],[-35.354085,-5.787566],[-35.352564,-5.786739],[-35.348078,-5.787323],[-35.342973,-5.789127],[-35.339919,-5.789209],[-35.337014,-5.78667],[-35.333693,-5.785042],[-35.329767,-5.7844],[-35.322201,-5.784079],[-35.319082,-5.78275],[-35.317757,-5.782741],[-35.315104,-5.783743],[-35.313269,-5.783936],[-35.310222,-5.782692],[-35.307882,-5.78227],[-35.306552,-5.783077],[-35.304186,-5.783301],[-35.301525,-5.785323],[-35.299689,-5.785822],[-35.298469,-5.785405],[-35.297856,-5.785606],[-35.296538,-5.784679],[-35.295327,-5.783039],[-35.293791,-5.778273],[-35.291297,-5.775844],[-35.290085,-5.777243],[-35.287542,-5.778195],[-35.287279,-5.780513],[-35.285917,-5.782345],[-35.285494,-5.78479],[-35.284875,-5.78601]]]}},{"type":"Feature","id":26,"properties":{"unidade":"PVe - Argissolo Vermelho Eutrofico","ordem":"ARGISSOLO","subordem":"VERMELHO","textura":"mbdia/argilosa","relevo":"suave ondulado","fator_k":0.045,"fonte":"Folhas SB.24 e SB.25 - RADAMBRASIL (1981)"},"geometry":{"type":"Polygon","coordinates":[[[-35.528548,-5.73687],[-35.528744,-5.738095],[-35.525886,-5.739302],[-35.525777,-5.740424],[-35.529119,-5.743606],[-35.529108,-5.745341],[-35.528189,-5.745846],[-35.52605,-5.745629],[-35.524213,-5.746229],[-35.523385,-5.748571],[-35.526102,-5.753995],[-35.526298,-5.75522],[-35.525371,-5.756949],[-35.52129,-5.758149],[-35.520566,-5.759777],[-35.521005,-5.761087],[-35.523002,-5.762909],[-35.523298,-5.763817],[-35.523392,-5.764924],[-35.522565,-5.766114],[-35.519403,-5.76691],[-35.517982,-5.765985],[-35.516969,-5.76506],[-35.516174,-5.761892],[-35.516488,-5.760364],[-35.515982,-5.759647],[-35.512628,-5.758708],[-35.51228,-5.757095],[-35.512891,-5.75569],[-35.514593,-5.753721],[-35.516432,-5.752813],[-35.516952,-5.751082],[-35.516651,-5.750264],[-35.513512,-5.747389],[-35.513724,-5.745962],[-35.516575,-5.745979],[-35.518523,-5.744052],[-35.518536,-5.741909],[-35.516417,-5.738632],[-35.516641,-5.735369],[-35.515628,-5.734342],[-35.515585,-5.732322],[-35.514601,-5.731711],[-35.512791,-5.732202],[-35.508701,-5.736436],[-35.507476,-5.736838],[-35.505643,-5.736724],[-35.504006,-5.738143],[-35.501969,-5.737926],[-35.499416,-5.735647],[-35.499003,-5.73649],[-35.498164,-5.736485],[-35.497511,-5.737139],[-35.496608,-5.737135],[-35.495518,-5.737775],[-35.495129,-5.737371],[-35.49493,-5.737612],[-35.49466,-5.738505],[-35.495031,-5.739823],[-35.4945,-5.741778],[-35.495907,-5.742161],[-35.49592,-5.742793],[-35.495576,-5.743488],[-35.494436,-5.74326],[-35.494106,-5.743941],[-35.493324,-5.743501],[-35.493154,-5.746952],[-35.492742,-5.747766],[-35.49301,-5.753888],[-35.491668,-5.756839],[-35.48983,-5.757644],[-35.488635,-5.7588],[-35.488663,-5.76013],[-35.488284,-5.760389],[-35.490707,-5.764076],[-35.491623,-5.764287],[-35.493851,-5.766239],[-35.493735,-5.768584],[-35.492505,-5.769902],[-35.489245,-5.76978],[-35.488225,-5.770081],[-35.487201,-5.770993],[-35.485875,-5.771188],[-35.483137,-5.769234],[-35.481916,-5.769123],[-35.479866,-5.771049],[-35.478032,-5.771446],[-35.477016,-5.770827],[-35.475791,-5.771228],[-35.474449,-5.774076],[-35.472822,-5.773657],[-35.471707,-5.772835],[-35.470485,-5.772725],[-35.46946,-5.773636],[-35.467728,-5.773728],[-35.467425,-5.773421],[-35.464977,-5.774017],[-35.461495,-5.776953],[-35.458237,-5.776831],[-35.455175,-5.777629],[-35.454567,-5.777217],[-35.45458,-5.775175],[-35.452752,-5.774144],[-35.451938,-5.77414],[-35.447449,-5.775438],[-35.445289,-5.778587],[-35.443963,-5.778987],[-35.442438,-5.778467],[-35.442547,-5.777448],[-35.442653,-5.776734],[-35.445014,-5.77379],[-35.444816,-5.772972],[-35.442886,-5.772145],[-35.441367,-5.770503],[-35.439329,-5.770694],[-35.438302,-5.772015],[-35.438294,-5.773238],[-35.434815,-5.776073],[-35.434092,-5.777599],[-35.433861,-5.781984],[-35.435583,-5.783525],[-35.435471,-5.785055],[-35.433621,-5.787593],[-35.432375,-5.791462],[-35.430227,-5.792876],[-35.428597,-5.792765],[-35.426973,-5.792141],[-35.425559,-5.789991],[-35.42537,-5.787847],[-35.425681,-5.786829],[-35.429165,-5.783485],[-35.430815,-5.780333],[-35.430616,-5.779719],[-35.429904,-5.77951],[-35.429505,-5.778183],[-35.427777,-5.777457],[-35.425959,-5.774895],[-35.424438,-5.773967],[-35.422096,-5.773748],[-35.42138,-5.774356],[-35.421668,-5.777112],[-35.423586,-5.779981],[-35.424182,-5.782433],[-35.42397,-5.783759],[-35.42181,-5.786907],[-35.421386,-5.789659],[-35.420567,-5.790367],[-35.419037,-5.790562],[-35.418223,-5.790455],[-35.416399,-5.789014],[-35.415602,-5.786255],[-35.417257,-5.782185],[-35.417263,-5.781369],[-35.416864,-5.779938],[-35.415446,-5.778603],[-35.415348,-5.777888],[-35.41628,-5.775446],[-35.417866,-5.773769],[-35.417655,-5.771904],[-35.415925,-5.770829],[-35.41511,-5.770824],[-35.410302,-5.774363],[-35.407957,-5.774451],[-35.406732,-5.774953],[-35.405911,-5.775967],[-35.405984,-5.780559],[-35.405065,-5.780962],[-35.401501,-5.780735],[-35.400681,-5.781545],[-35.400856,-5.786137],[-35.399422,-5.787557],[-35.396057,-5.787841],[-35.394741,-5.786813],[-35.394345,-5.785076],[-35.395282,-5.781817],[-35.394989,-5.779878],[-35.393871,-5.779359],[-35.392649,-5.779454],[-35.391825,-5.780775],[-35.390775,-5.785665],[-35.388736,-5.786264],[-35.387208,-5.785948],[-35.386301,-5.784412],[-35.386018,-5.781146],[-35.385205,-5.780631],[-35.384387,-5.781136],[-35.384007,-5.784065],[-35.381989,-5.785863],[-35.378564,-5.787551],[-35.37624,-5.790152],[-35.377628,-5.791463],[-35.379437,-5.791273],[-35.380941,-5.791987],[-35.382635,-5.794216],[-35.38414,-5.794929],[-35.390596,-5.791243],[-35.393405,-5.792168],[-35.395616,-5.792082],[-35.398035,-5.79129],[-35.398837,-5.791699],[-35.401659,-5.790307],[-35.403067,-5.790215],[-35.404065,-5.79123],[-35.406171,-5.792048],[-35.407889,-5.790749],[-35.409094,-5.790959],[-35.409282,-5.790679],[-35.409787,-5.791192],[-35.411313,-5.791508],[-35.413356,-5.790602],[-35.41539,-5.79082],[-35.416506,-5.791745],[-35.4167,-5.793275],[-35.415162,-5.794899],[-35.411699,-5.794877],[-35.410679,-5.795075],[-35.409529,-5.795929],[-35.409214,-5.797941],[-35.410314,-5.799056],[-35.411515,-5.79987],[-35.413923,-5.800589],[-35.415532,-5.80092],[-35.417978,-5.800629],[-35.4195,-5.801559],[-35.419795,-5.803293],[-35.419075,-5.804411],[-35.41917,-5.805533],[-35.419881,-5.805742],[-35.422513,-5.808105],[-35.424246,-5.808117],[-35.426701,-5.8065],[-35.427719,-5.806405],[-35.429546,-5.80764],[-35.431994,-5.806942],[-35.433418,-5.807257],[-35.434632,-5.80859],[-35.435851,-5.809107],[-35.436463,-5.809111],[-35.438406,-5.807798],[-35.441361,-5.807715],[-35.443098,-5.806909],[-35.445647,-5.806516],[-35.447986,-5.807246],[-35.448492,-5.807759],[-35.454307,-5.808143],[-35.456235,-5.807261],[-35.457248,-5.806113],[-35.458496,-5.805477],[-35.460858,-5.80527],[-35.460948,-5.804568],[-35.464011,-5.79955],[-35.464741,-5.795121],[-35.467778,-5.791816],[-35.469186,-5.791724],[-35.471084,-5.79365],[-35.473294,-5.793866],[-35.473888,-5.795279],[-35.469528,-5.799322],[-35.468805,-5.801051],[-35.468995,-5.803091],[-35.468583,-5.803907],[-35.46469,-5.807351],[-35.464376,-5.808778],[-35.463966,-5.80908],[-35.464162,-5.810306],[-35.465171,-5.811842],[-35.466594,-5.812463],[-35.46821,-5.814718],[-35.468206,-5.815431],[-35.475538,-5.81558],[-35.477469,-5.816408],[-35.478986,-5.818254],[-35.479494,-5.818359],[-35.482453,-5.81746],[-35.483675,-5.817569],[-35.485401,-5.8186],[-35.486708,-5.821465],[-35.487722,-5.822083],[-35.494242,-5.822021],[-35.497916,-5.821025],[-35.500664,-5.821348],[-35.502794,-5.822993],[-35.504017,-5.822898],[-35.506778,-5.820978],[-35.509427,-5.821096],[-35.510706,-5.820034],[-35.512166,-5.819651],[-35.51731,-5.81991],[-35.519765,-5.818395],[-35.52272,-5.818107],[-35.524952,-5.819754],[-35.526857,-5.824663],[-35.529294,-5.8258],[-35.531018,-5.827341],[-35.532749,-5.827454],[-35.53377,-5.826847],[-35.534611,-5.822772],[-35.535433,-5.821655],[-35.537875,-5.821976],[-35.539813,-5.821681],[-35.54154,-5.822611],[-35.543864,-5.825584],[-35.544883,-5.82559],[-35.545497,-5.825083],[-35.547635,-5.825505],[-35.548041,-5.825814],[-35.549035,-5.8298],[-35.549639,-5.830822],[-35.553696,-5.833704],[-35.555215,-5.835448],[-35.555952,-5.837878],[-35.557353,-5.838693],[-35.55775,-5.839398],[-35.558044,-5.840508],[-35.556527,-5.842209],[-35.552566,-5.840753],[-35.551862,-5.841151],[-35.550257,-5.84094],[-35.548557,-5.83952],[-35.547861,-5.83831],[-35.544961,-5.836381],[-35.541045,-5.836557],[-35.53813,-5.837143],[-35.534987,-5.837042],[-35.531469,-5.837726],[-35.5252,-5.837283],[-35.523221,-5.834873],[-35.522709,-5.832618],[-35.521372,-5.831498],[-35.520709,-5.830022],[-35.518936,-5.828883],[-35.513751,-5.829665],[-35.511611,-5.831187],[-35.51,-5.831781],[-35.506607,-5.831762],[-35.505684,-5.832674],[-35.50496,-5.834405],[-35.502403,-5.836225],[-35.500263,-5.836007],[-35.497634,-5.833135],[-35.495704,-5.832205],[-35.490297,-5.833293],[-35.486631,-5.833168],[-35.484504,-5.831012],[-35.483397,-5.828966],[-35.482179,-5.828141],[-35.478109,-5.827783],[-35.475165,-5.825852],[-35.469173,-5.825842],[-35.465816,-5.825115],[-35.46278,-5.821933],[-35.461559,-5.821823],[-35.460331,-5.82253],[-35.45707,-5.822917],[-35.455428,-5.824845],[-35.453388,-5.825138],[-35.452066,-5.824722],[-35.451259,-5.823696],[-35.450666,-5.820633],[-35.450061,-5.819609],[-35.448438,-5.81868],[-35.44609,-5.819278],[-35.444047,-5.820387],[-35.442824,-5.820481],[-35.437945,-5.818818],[-35.433049,-5.8195],[-35.432034,-5.819188],[-35.429603,-5.817133],[-35.427973,-5.816919],[-35.425934,-5.817313],[-35.424612,-5.816999],[-35.423898,-5.817096],[-35.421848,-5.819226],[-35.421733,-5.821265],[-35.421216,-5.822283],[-35.419174,-5.823188],[-35.417341,-5.823074],[-35.416024,-5.821841],[-35.412772,-5.822276],[-35.411866,-5.822772],[-35.41036,-5.822663],[-35.40656,-5.820325],[-35.404103,-5.820768],[-35.404025,-5.821632],[-35.404593,-5.82286],[-35.406529,-5.823375],[-35.407664,-5.825543],[-35.408595,-5.826125],[-35.41156,-5.827448],[-35.417152,-5.829115],[-35.419493,-5.829232],[-35.4197,-5.828723],[-35.422572,-5.826629],[-35.425187,-5.825739],[-35.430702,-5.826881],[-35.433917,-5.826399],[-35.439339,-5.826434],[-35.440338,-5.827144],[-35.442423,-5.83098],[-35.44482,-5.832806],[-35.447742,-5.831214],[-35.453177,-5.829237],[-35.455679,-5.830359],[-35.456472,-5.832074],[-35.458779,-5.83239],[-35.459477,-5.833199],[-35.459994,-5.836222],[-35.461143,-5.837138],[-35.461206,-5.837659],[-35.46202,-5.837765],[-35.463237,-5.838792],[-35.463026,-5.839913],[-35.461998,-5.841335],[-35.459957,-5.841934],[-35.457908,-5.84386],[-35.457392,-5.845686],[-35.457789,-5.846512],[-35.460532,-5.847652],[-35.463395,-5.846562],[-35.467225,-5.844171],[-35.473033,-5.846723],[-35.473628,-5.847834],[-35.475325,-5.849252],[-35.477742,-5.848463],[-35.478642,-5.848771],[-35.479135,-5.850382],[-35.482234,-5.852516],[-35.482007,-5.856639],[-35.4822,-5.857847],[-35.483096,-5.85916],[-35.485827,-5.859033],[-35.487157,-5.858122],[-35.487925,-5.85501],[-35.490951,-5.852614],[-35.491797,-5.853021],[-35.492283,-5.852747],[-35.4934,-5.853571],[-35.493792,-5.85592],[-35.494632,-5.857535],[-35.497235,-5.858657],[-35.498543,-5.858263],[-35.499049,-5.857461],[-35.499059,-5.856053],[-35.501037,-5.85423],[-35.503297,-5.85098],[-35.504421,-5.850682],[-35.506862,-5.851411],[-35.507672,-5.852027],[-35.508073,-5.853254],[-35.509085,-5.854383],[-35.510304,-5.854696],[-35.51215,-5.852769],[-35.512468,-5.851038],[-35.512273,-5.849404],[-35.513406,-5.847574],[-35.513518,-5.845841],[-35.513113,-5.845634],[-35.512684,-5.840903],[-35.513756,-5.84023],[-35.514791,-5.837789],[-35.516121,-5.836573],[-35.516936,-5.836577],[-35.51856,-5.837608],[-35.520799,-5.838133],[-35.521198,-5.839665],[-35.520472,-5.841598],[-35.520874,-5.842417],[-35.520607,-5.844227],[-35.521404,-5.845539],[-35.522203,-5.845946],[-35.524617,-5.845559],[-35.525403,-5.84828],[-35.523878,-5.851188],[-35.523767,-5.852898],[-35.524362,-5.854209],[-35.529661,-5.857863],[-35.530652,-5.859983],[-35.532356,-5.860496],[-35.534366,-5.860106],[-35.535164,-5.861117],[-35.53615,-5.86394],[-35.536848,-5.86475],[-35.538952,-5.865768],[-35.539882,-5.867823],[-35.540685,-5.867726],[-35.542186,-5.868541],[-35.545791,-5.865936],[-35.546504,-5.865939],[-35.547319,-5.866149],[-35.549345,-5.867896],[-35.55081,-5.868269],[-35.552125,-5.866668],[-35.554335,-5.868335],[-35.558712,-5.868975],[-35.559421,-5.869489],[-35.561038,-5.871742],[-35.561219,-5.875417],[-35.562231,-5.876851],[-35.562525,-5.878689],[-35.560462,-5.882657],[-35.560187,-5.885773],[-35.560778,-5.887789],[-35.561977,-5.888803],[-35.564496,-5.889313],[-35.565417,-5.888809],[-35.56706,-5.886779],[-35.569119,-5.886087],[-35.570219,-5.886697],[-35.570933,-5.886496],[-35.571457,-5.884152],[-35.573402,-5.882736],[-35.574522,-5.882744],[-35.579086,-5.886343],[-35.581133,-5.88746],[-35.583844,-5.887578],[-35.58485,-5.887182],[-35.586329,-5.884957],[-35.587353,-5.884045],[-35.588066,-5.884051],[-35.589686,-5.88559],[-35.589882,-5.88702],[-35.589155,-5.889159],[-35.591067,-5.893149],[-35.591062,-5.893965],[-35.589835,-5.894774],[-35.590165,-5.897392],[-35.590963,-5.898202],[-35.592695,-5.898668],[-35.594307,-5.897973],[-35.595424,-5.896068],[-35.598196,-5.893601],[-35.599929,-5.893613],[-35.60074,-5.894229],[-35.601535,-5.897601],[-35.603387,-5.897512],[-35.607981,-5.893049],[-35.610158,-5.892249],[-35.610839,-5.892557],[-35.611243,-5.892967],[-35.611135,-5.894088],[-35.610308,-5.895921],[-35.609695,-5.896324],[-35.60906,-5.900096],[-35.609197,-5.901505],[-35.611794,-5.903835],[-35.611378,-5.906348],[-35.611775,-5.907155],[-35.6141,-5.909002],[-35.6145,-5.910434],[-35.614233,-5.912141],[-35.612236,-5.914296],[-35.612225,-5.91593],[-35.613843,-5.917981],[-35.616378,-5.919935],[-35.616678,-5.920854],[-35.616448,-5.925343],[-35.617563,-5.926065],[-35.619907,-5.925977],[-35.620932,-5.925166],[-35.621573,-5.920272],[-35.622912,-5.917933],[-35.62393,-5.91794],[-35.627488,-5.919493],[-35.628917,-5.919196],[-35.630662,-5.917063],[-35.631581,-5.916762],[-35.633209,-5.917179],[-35.634331,-5.916983],[-35.637309,-5.913124],[-35.640678,-5.912226],[-35.642012,-5.910601],[-35.64283,-5.910096],[-35.644053,-5.910103],[-35.646088,-5.910727],[-35.647506,-5.912062],[-35.650255,-5.912284],[-35.651767,-5.915149],[-35.650941,-5.916777],[-35.651038,-5.917594],[-35.652357,-5.918623],[-35.658872,-5.919785],[-35.661435,-5.917453],[-35.663066,-5.916953],[-35.664383,-5.918594],[-35.667335,-5.919224],[-35.668738,-5.923007],[-35.670159,-5.923933],[-35.672404,-5.923539],[-35.674142,-5.922631],[-35.676588,-5.922441],[-35.677612,-5.921733],[-35.678334,-5.92031],[-35.679968,-5.919503],[-35.683636,-5.919832],[-35.685049,-5.921982],[-35.685842,-5.925967],[-35.688678,-5.92884],[-35.688053,-5.930878],[-35.688341,-5.934043],[-35.68956,-5.934559],[-35.690885,-5.934567],[-35.692318,-5.933556],[-35.693038,-5.932337],[-35.694264,-5.931936],[-35.697216,-5.932668],[-35.69783,-5.932161],[-35.698048,-5.929713],[-35.698662,-5.929207],[-35.699782,-5.929213],[-35.701407,-5.930345],[-35.702108,-5.932595],[-35.702093,-5.935044],[-35.70259,-5.937087],[-35.705303,-5.939558],[-35.706928,-5.940214],[-35.714289,-5.940292],[-35.716203,-5.939197],[-35.716613,-5.937791],[-35.715935,-5.936053],[-35.711791,-5.932346],[-35.711187,-5.930811],[-35.711298,-5.929385],[-35.713361,-5.925213],[-35.710826,-5.923155],[-35.709722,-5.920396],[-35.711056,-5.918566],[-35.714322,-5.917871],[-35.716575,-5.916047],[-35.715673,-5.913491],[-35.713041,-5.910516],[-35.712244,-5.907348],[-35.714398,-5.904912],[-35.714608,-5.903995],[-35.714307,-5.903074],[-35.716359,-5.900741],[-35.717394,-5.898092],[-35.719128,-5.897694],[-35.72157,-5.898525],[-35.723813,-5.898232],[-35.727664,-5.902031],[-35.729291,-5.902652],[-35.731633,-5.902972],[-35.731837,-5.902667],[-35.734183,-5.902578],[-35.739065,-5.904241],[-35.740696,-5.904148],[-35.742332,-5.903136],[-35.746305,-5.903568],[-35.749063,-5.90236],[-35.749981,-5.902365],[-35.752108,-5.904317],[-35.753117,-5.90616],[-35.755151,-5.906988],[-35.756373,-5.906995],[-35.757498,-5.90639],[-35.760044,-5.906711],[-35.761667,-5.907945],[-35.763294,-5.908567],[-35.765636,-5.908784],[-35.766342,-5.910012],[-35.766538,-5.911748],[-35.764681,-5.915514],[-35.765593,-5.916335],[-35.769664,-5.917379],[-35.77079,-5.916467],[-35.773644,-5.916383],[-35.775593,-5.914455],[-35.777633,-5.914161],[-35.78199,-5.91837],[-35.783622,-5.918175],[-35.784762,-5.914712],[-35.785787,-5.913799],[-35.788548,-5.912489],[-35.790503,-5.909031],[-35.792033,-5.908836],[-35.794574,-5.910278],[-35.796089,-5.912329],[-35.796904,-5.912436],[-35.797816,-5.913461],[-35.797797,-5.916624],[-35.798707,-5.917854],[-35.801765,-5.917974],[-35.803093,-5.917165],[-35.804018,-5.915945],[-35.806061,-5.915344],[-35.808808,-5.915973],[-35.809717,-5.917305],[-35.810213,-5.91986],[-35.812547,-5.921709],[-35.816833,-5.920612],[-35.818258,-5.921131],[-35.819168,-5.92236],[-35.81864,-5.925521],[-35.818941,-5.926544],[-35.820559,-5.928491],[-35.821986,-5.928805],[-35.823914,-5.929939],[-35.824832,-5.929843],[-35.825144,-5.928824],[-35.826374,-5.927708],[-35.829129,-5.927112],[-35.829952,-5.92579],[-35.830583,-5.922425],[-35.831198,-5.921817],[-35.83273,-5.921214],[-35.834359,-5.921529],[-35.835882,-5.922559],[-35.838715,-5.926249],[-35.842379,-5.927188],[-35.843695,-5.928929],[-35.843689,-5.929951],[-35.841637,-5.932083],[-35.841931,-5.934227],[-35.843135,-5.9375],[-35.842413,-5.939129],[-35.839947,-5.94238],[-35.839324,-5.944417],[-35.839622,-5.945951],[-35.841345,-5.947694],[-35.842569,-5.947396],[-35.843495,-5.945973],[-35.846648,-5.947112],[-35.847667,-5.947119],[-35.848998,-5.946004],[-35.849722,-5.944477],[-35.850944,-5.944382],[-35.852163,-5.945308],[-35.852969,-5.946843],[-35.857458,-5.946052],[-35.859996,-5.947904],[-35.864174,-5.948234],[-35.865184,-5.949873],[-35.864453,-5.952929],[-35.864755,-5.953646],[-35.867094,-5.954475],[-35.868423,-5.953871],[-35.869032,-5.954181],[-35.870245,-5.956024],[-35.869718,-5.959083],[-35.866939,-5.96417],[-35.867034,-5.965192],[-35.868044,-5.966728],[-35.869471,-5.96694],[-35.871628,-5.966449],[-35.873205,-5.968494],[-35.880568,-5.969249],[-35.881691,-5.968949],[-35.882105,-5.967624],[-35.883233,-5.96661],[-35.88507,-5.966314],[-35.886291,-5.966729],[-35.890758,-5.969919],[-35.892188,-5.969417],[-35.893938,-5.966159],[-35.897106,-5.965158],[-35.89802,-5.964227],[-35.897624,-5.963118],[-35.897924,-5.960575],[-35.894501,-5.956773],[-35.894307,-5.955139],[-35.895439,-5.953104],[-35.895546,-5.952187],[-35.896264,-5.951477],[-35.899625,-5.952006],[-35.900345,-5.950887],[-35.900248,-5.949968],[-35.898525,-5.948325],[-35.896791,-5.94777],[-35.892735,-5.944824],[-35.889273,-5.943783],[-35.887044,-5.941423],[-35.887157,-5.939689],[-35.888179,-5.939082],[-35.890728,-5.939097],[-35.891545,-5.938693],[-35.894008,-5.935747],[-35.895436,-5.935448],[-35.896354,-5.935556],[-35.897064,-5.936171],[-35.900301,-5.940375],[-35.902947,-5.941309],[-35.904173,-5.940906],[-35.905782,-5.94099],[-35.907696,-5.939994],[-35.908364,-5.938787],[-35.910917,-5.937883],[-35.911333,-5.936559],[-35.910524,-5.935328],[-35.909304,-5.93471],[-35.907163,-5.934595],[-35.906255,-5.93306],[-35.904935,-5.932338],[-35.900753,-5.93262],[-35.897085,-5.932396],[-35.896172,-5.931575],[-35.895781,-5.928612],[-35.894771,-5.926872],[-35.893037,-5.927168],[-35.891919,-5.926754],[-35.889585,-5.924598],[-35.888365,-5.924182],[-35.887245,-5.924073],[-35.885609,-5.924881],[-35.882855,-5.925172],[-35.880016,-5.9224],[-35.878793,-5.922494],[-35.875234,-5.921149],[-35.873507,-5.919915],[-35.870344,-5.920611],[-35.866559,-5.92314],[-35.864927,-5.923132],[-35.864116,-5.922514],[-35.864019,-5.921493],[-35.864432,-5.920476],[-35.867511,-5.916818],[-35.868234,-5.915394],[-35.869154,-5.914685],[-35.873127,-5.915013],[-35.874257,-5.913591],[-35.875083,-5.911553],[-35.875621,-5.906556],[-35.878679,-5.906369],[-35.882239,-5.907717],[-35.882746,-5.908332],[-35.884578,-5.908649],[-35.885802,-5.908654],[-35.887033,-5.907335],[-35.886948,-5.904272],[-35.886141,-5.902839],[-35.886255,-5.900697],[-35.886767,-5.900189],[-35.886874,-5.899169],[-35.88668,-5.897433],[-35.884036,-5.896295],[-35.883228,-5.894862],[-35.883451,-5.891801],[-35.882878,-5.890522],[-35.881879,-5.889611],[-35.880791,-5.889368],[-35.879705,-5.889916],[-35.877227,-5.888935],[-35.874172,-5.888406],[-35.872635,-5.889827],[-35.871084,-5.893798],[-35.869653,-5.894505],[-35.867821,-5.894189],[-35.865881,-5.89479],[-35.86465,-5.896007],[-35.86312,-5.896306],[-35.861292,-5.895376],[-35.85966,-5.895367],[-35.857509,-5.89709],[-35.857096,-5.898313],[-35.857995,-5.901379],[-35.857987,-5.902909],[-35.855635,-5.904326],[-35.853389,-5.904722],[-35.849831,-5.903375],[-35.847992,-5.904079],[-35.847069,-5.905195],[-35.84615,-5.905394],[-35.845739,-5.905903],[-35.843499,-5.905685],[-35.842589,-5.904456],[-35.840451,-5.903934],[-35.839808,-5.904023],[-35.838012,-5.905438],[-35.836192,-5.905345],[-35.833415,-5.900818],[-35.83148,-5.900704],[-35.829946,-5.901818],[-35.828907,-5.905078],[-35.827986,-5.905889],[-35.827371,-5.906293],[-35.824928,-5.905973],[-35.822689,-5.905144],[-35.822282,-5.904545],[-35.821996,-5.901773],[-35.820981,-5.900849],[-35.81905,-5.90002],[-35.81733,-5.897868],[-35.817444,-5.895726],[-35.817856,-5.895116],[-35.820102,-5.894108],[-35.821024,-5.893398],[-35.821643,-5.892178],[-35.824815,-5.889951],[-35.827076,-5.886493],[-35.827079,-5.885984],[-35.825763,-5.884649],[-35.825978,-5.882405],[-35.825582,-5.880668],[-35.822535,-5.878711],[-35.821532,-5.875848],[-35.820721,-5.875027],[-35.819091,-5.875017],[-35.818063,-5.876543],[-35.816837,-5.877148],[-35.812976,-5.875187],[-35.810325,-5.875274],[-35.805818,-5.87933],[-35.804594,-5.879426],[-35.802867,-5.878599],[-35.801542,-5.878592],[-35.799392,-5.880416],[-35.796844,-5.880503],[-35.795507,-5.882537],[-35.792644,-5.884255],[-35.791606,-5.887413],[-35.789861,-5.889342],[-35.78925,-5.889645],[-35.787314,-5.889531],[-35.785588,-5.888297],[-35.785186,-5.887376],[-35.784861,-5.885805],[-35.78543,-5.884071],[-35.785316,-5.882838],[-35.78355,-5.881766],[-35.781787,-5.881332],[-35.775619,-5.885076],[-35.773172,-5.885368],[-35.772667,-5.884752],[-35.771445,-5.884337],[-35.768303,-5.88136],[-35.767595,-5.880335],[-35.767203,-5.877679],[-35.766696,-5.877269],[-35.765579,-5.876548],[-35.762628,-5.875816],[-35.760903,-5.874683],[-35.759985,-5.874576],[-35.757651,-5.87293],[-35.758073,-5.870687],[-35.758792,-5.869772],[-35.761039,-5.868867],[-35.761552,-5.868054],[-35.76187,-5.866016],[-35.761367,-5.864685],[-35.76086,-5.864376],[-35.75627,-5.865065],[-35.754138,-5.863726],[-35.752303,-5.864021],[-35.749438,-5.866045],[-35.747603,-5.865831],[-35.746379,-5.866435],[-35.743912,-5.869992],[-35.742077,-5.870083],[-35.741166,-5.868752],[-35.738009,-5.868734],[-35.736991,-5.868524],[-35.735469,-5.867188],[-35.73333,-5.867176],[-35.72877,-5.86276],[-35.725101,-5.862842],[-35.723747,-5.860614],[-35.723759,-5.858472],[-35.721933,-5.857135],[-35.721327,-5.856315],[-35.721131,-5.854784],[-35.719814,-5.853551],[-35.718692,-5.85375],[-35.717566,-5.854661],[-35.714915,-5.854952],[-35.711162,-5.851869],[-35.710347,-5.851762],[-35.703914,-5.854377],[-35.702576,-5.856512],[-35.699106,-5.857309],[-35.697164,-5.858419],[-35.695828,-5.860452],[-35.695704,-5.864124],[-35.693557,-5.865235],[-35.690586,-5.868176],[-35.688648,-5.868368],[-35.687834,-5.868057],[-35.686717,-5.867336],[-35.686323,-5.865089],[-35.685309,-5.864369],[-35.683172,-5.863745],[-35.68154,-5.86404],[-35.679291,-5.865353],[-35.677258,-5.864423],[-35.675221,-5.86431],[-35.672357,-5.866333],[-35.66949,-5.86693],[-35.667341,-5.868447],[-35.666221,-5.868236],[-35.665309,-5.867314],[-35.662659,-5.867399],[-35.660305,-5.869324],[-35.657453,-5.869204],[-35.654688,-5.871331],[-35.65255,-5.871114],[-35.651635,-5.870599],[-35.650422,-5.869061],[-35.648696,-5.868234],[-35.644599,-5.871373],[-35.64236,-5.871258],[-35.637245,-5.874491],[-35.635413,-5.874072],[-35.633673,-5.875388],[-35.632142,-5.87589],[-35.630316,-5.874552],[-35.62675,-5.87453],[-35.625941,-5.873301],[-35.62565,-5.870953],[-35.625044,-5.870031],[-35.621488,-5.868479],[-35.620786,-5.866587],[-35.618453,-5.864838],[-35.618159,-5.862896],[-35.617245,-5.862279],[-35.614802,-5.861856],[-35.610306,-5.864278],[-35.606841,-5.864053],[-35.604188,-5.865057],[-35.600829,-5.864221],[-35.600532,-5.862892],[-35.601252,-5.861672],[-35.604118,-5.859546],[-35.605456,-5.85731],[-35.604864,-5.854145],[-35.606104,-5.851397],[-35.606717,-5.850992],[-35.607547,-5.848548],[-35.607551,-5.847936],[-35.606339,-5.8465],[-35.603893,-5.846486],[-35.600416,-5.848301],[-35.598377,-5.848696],[-35.593902,-5.847445],[-35.591959,-5.848556],[-35.5899,-5.85191],[-35.588573,-5.852515],[-35.587146,-5.852607],[-35.585016,-5.850962],[-35.58474,-5.846063],[-35.583524,-5.845035],[-35.583246,-5.840341],[-35.582235,-5.83911],[-35.580709,-5.838691],[-35.578566,-5.839291],[-35.576918,-5.842239],[-35.575794,-5.842641],[-35.574369,-5.842632],[-35.571724,-5.841801],[-35.570509,-5.840671],[-35.570518,-5.839344],[-35.571242,-5.837308],[-35.57084,-5.836489],[-35.573107,-5.832218],[-35.573527,-5.830283],[-35.572719,-5.828951],[-35.571195,-5.828433],[-35.566409,-5.828199],[-35.565191,-5.827273],[-35.564484,-5.826145],[-35.563805,-5.82053],[-35.563921,-5.818286],[-35.56772,-5.813413],[-35.567627,-5.81188],[-35.570393,-5.809449],[-35.571936,-5.806908],[-35.574701,-5.804783],[-35.576128,-5.80469],[-35.578465,-5.805316],[-35.580506,-5.805124],[-35.581426,-5.804517],[-35.582147,-5.803093],[-35.582777,-5.799734],[-35.584874,-5.798518],[-35.587416,-5.799453],[-35.589242,-5.800686],[-35.590567,-5.800592],[-35.591698,-5.798969],[-35.594357,-5.797045],[-35.598941,-5.797276],[-35.600763,-5.799022],[-35.601554,-5.803107],[-35.602263,-5.803929],[-35.603788,-5.804346],[-35.608069,-5.804066],[-35.610806,-5.806326],[-35.611926,-5.806536],[-35.616621,-5.804934],[-35.619372,-5.80495],[-35.619775,-5.805564],[-35.620067,-5.807913],[-35.620773,-5.80914],[-35.622091,-5.810271],[-35.627373,-5.812853],[-35.628494,-5.81286],[-35.630029,-5.81185],[-35.631576,-5.808593],[-35.634137,-5.806363],[-35.634859,-5.804736],[-35.635492,-5.801065],[-35.63743,-5.800668],[-35.638852,-5.801392],[-35.640766,-5.800906],[-35.642915,-5.799491],[-35.643933,-5.799496],[-35.644742,-5.800725],[-35.646163,-5.801652],[-35.648403,-5.801767],[-35.649196,-5.805548],[-35.650513,-5.806575],[-35.651125,-5.806579],[-35.651821,-5.809543],[-35.655689,-5.810076],[-35.656193,-5.810895],[-35.658124,-5.811724],[-35.659563,-5.809691],[-35.661296,-5.809701],[-35.662207,-5.810421],[-35.663518,-5.812978],[-35.665546,-5.814521],[-35.666446,-5.817487],[-35.669189,-5.818828],[-35.670903,-5.821798],[-35.67233,-5.82201],[-35.674879,-5.821414],[-35.676017,-5.818358],[-35.675826,-5.816317],[-35.674107,-5.814062],[-35.674017,-5.81202],[-35.67535,-5.810804],[-35.679121,-5.810622],[-35.683394,-5.811566],[-35.684816,-5.812492],[-35.688179,-5.812104],[-35.688889,-5.812618],[-35.690301,-5.815177],[-35.691723,-5.816002],[-35.69535,-5.814391],[-35.696074,-5.812661],[-35.693154,-5.80652],[-35.691831,-5.806105],[-35.689181,-5.806394],[-35.688474,-5.80527],[-35.68818,-5.803227],[-35.687168,-5.802098],[-35.686051,-5.801582],[-35.683709,-5.801363],[-35.682797,-5.80044],[-35.682399,-5.798703],[-35.682715,-5.797276],[-35.68364,-5.795853],[-35.685073,-5.794739],[-35.687422,-5.793733],[-35.688351,-5.791596],[-35.690607,-5.789158],[-35.694085,-5.786832],[-35.695218,-5.784493],[-35.696753,-5.783378],[-35.699917,-5.782274],[-35.700439,-5.780236],[-35.70136,-5.77963],[-35.70391,-5.779237],[-35.705151,-5.775774],[-35.707701,-5.775483],[-35.708933,-5.773755],[-35.710157,-5.773661],[-35.714431,-5.774502],[-35.715962,-5.773898],[-35.716884,-5.772984],[-35.717307,-5.770333],[-35.720478,-5.768312],[-35.7211,-5.766273],[-35.720701,-5.764842],[-35.719588,-5.763408],[-35.719495,-5.76198],[-35.720228,-5.758616],[-35.719517,-5.758305],[-35.719222,-5.756264],[-35.721683,-5.753624],[-35.723317,-5.752817],[-35.725966,-5.752832],[-35.726471,-5.753652],[-35.726659,-5.756306],[-35.727166,-5.75682],[-35.730222,-5.756735],[-35.731536,-5.758477],[-35.73429,-5.75839],[-35.735097,-5.759314],[-35.736423,-5.759322],[-35.737783,-5.757516],[-35.737791,-5.756008],[-35.737197,-5.754696],[-35.735144,-5.752973],[-35.732734,-5.752959],[-35.732238,-5.75185],[-35.732209,-5.74797],[-35.731601,-5.747252],[-35.730483,-5.746632],[-35.727226,-5.746512],[-35.725806,-5.74528],[-35.725194,-5.745275],[-35.722942,-5.747101],[-35.721516,-5.747194],[-35.716125,-5.74553],[-35.714595,-5.745929],[-35.712649,-5.747653],[-35.710406,-5.748151],[-35.708971,-5.749572],[-35.707923,-5.754463],[-35.706896,-5.755987],[-35.705055,-5.7571],[-35.702614,-5.756474],[-35.700977,-5.757585],[-35.698305,-5.761755],[-35.696675,-5.76195],[-35.69524,-5.763063],[-35.694518,-5.764794],[-35.69277,-5.767233],[-35.691749,-5.76794],[-35.688998,-5.767822],[-35.685717,-5.771477],[-35.681526,-5.773902],[-35.679269,-5.776541],[-35.677634,-5.77745],[-35.675184,-5.778047],[-35.67181,-5.78007],[-35.672402,-5.783542],[-35.67117,-5.785066],[-35.669333,-5.785565],[-35.665852,-5.788605],[-35.660335,-5.791329],[-35.65952,-5.791222],[-35.655062,-5.787216],[-35.653538,-5.786288],[-35.648947,-5.787384],[-35.646808,-5.787269],[-35.644253,-5.788478],[-35.642832,-5.787755],[-35.642235,-5.785405],[-35.640202,-5.784474],[-35.639592,-5.784369],[-35.63612,-5.785879],[-35.634489,-5.785971],[-35.63286,-5.785451],[-35.631645,-5.784322],[-35.629015,-5.781143],[-35.628721,-5.779203],[-35.629143,-5.77696],[-35.63284,-5.77188],[-35.63285,-5.769839],[-35.629923,-5.765639],[-35.629729,-5.763699],[-35.630553,-5.762378],[-35.630667,-5.760338],[-35.629359,-5.757574],[-35.628548,-5.756754],[-35.627937,-5.756649],[-35.627323,-5.757155],[-35.626599,-5.758987],[-35.623642,-5.759582],[-35.622612,-5.761413],[-35.622075,-5.766001],[-35.62115,-5.767526],[-35.620126,-5.768235],[-35.617679,-5.768832],[-35.615316,-5.771981],[-35.613784,-5.772584],[-35.612058,-5.77186],[-35.610336,-5.770216],[-35.609844,-5.767051],[-35.611289,-5.763896],[-35.610237,-5.762683],[-35.607942,-5.761428],[-35.606415,-5.761521],[-35.605493,-5.76233],[-35.605072,-5.764369],[-35.604353,-5.765385],[-35.60323,-5.765888],[-35.601193,-5.765773],[-35.600172,-5.766278],[-35.59896,-5.767086],[-35.597617,-5.770139],[-35.596089,-5.770028],[-35.591107,-5.768569],[-35.590811,-5.766935],[-35.587056,-5.764566],[-35.586255,-5.762317],[-35.585666,-5.758334],[-35.584139,-5.758325],[-35.583315,-5.759748],[-35.580858,-5.761877],[-35.581148,-5.764632],[-35.580623,-5.767078],[-35.577956,-5.770123],[-35.578251,-5.771961],[-35.577731,-5.773693],[-35.575279,-5.775004],[-35.573842,-5.776628],[-35.571096,-5.775796],[-35.56907,-5.77415],[-35.568459,-5.774146],[-35.567954,-5.773225],[-35.567764,-5.77098],[-35.568388,-5.768738],[-35.567143,-5.766014],[-35.565747,-5.764496],[-35.565422,-5.762414],[-35.56619,-5.761584],[-35.566866,-5.757643],[-35.56517,-5.755722],[-35.560128,-5.753488],[-35.559844,-5.749812],[-35.557788,-5.748694],[-35.556793,-5.747179],[-35.556919,-5.742853],[-35.555925,-5.741339],[-35.554824,-5.740727],[-35.55224,-5.743951],[-35.552133,-5.744868],[-35.55326,-5.748597],[-35.552913,-5.75028],[-35.551276,-5.751801],[-35.550347,-5.753734],[-35.550641,-5.755674],[-35.550325,-5.757407],[-35.55164,-5.758945],[-35.553061,-5.75977],[-35.553868,-5.761101],[-35.552728,-5.764359],[-35.553422,-5.767424],[-35.552699,-5.769051],[-35.549492,-5.771267],[-35.548,-5.769898],[-35.544745,-5.770432],[-35.543834,-5.769508],[-35.543839,-5.768794],[-35.543946,-5.767774],[-35.545697,-5.764725],[-35.545507,-5.762683],[-35.545305,-5.761966],[-35.54399,-5.760633],[-35.54186,-5.759193],[-35.540442,-5.757654],[-35.540657,-5.755818],[-35.542409,-5.752462],[-35.542119,-5.749807],[-35.541517,-5.748375],[-35.541834,-5.746337],[-35.541333,-5.745007],[-35.5389,-5.743257],[-35.538301,-5.741214],[-35.538922,-5.739586],[-35.540667,-5.737249],[-35.540883,-5.735312],[-35.540279,-5.734288],[-35.537631,-5.733967],[-35.533853,-5.735677],[-35.53072,-5.731475],[-35.527669,-5.730742],[-35.526336,-5.732163],[-35.526431,-5.733184],[-35.52663,-5.734103],[-35.528548,-5.73687]]]}},{"type":"Feature","id":27,"properties":{"unidade":"RLe - Neossolo Litilico Eutrtfico","ordem":"NEOSSOLO","subordem":"LITSLICO","textura":"arenosa e modia","relevo":"ondulado e forte ondulado","fator_k":0.053,"fonte":"Folhas SB.24 e SB.25 - RADAMBRASIL (1981)"},"geometry":{"type":"MultiPolygon","coordinates":[[[[-36.388802,-6.00644],[-36.386237,-6.007634],[-36.38458,-6.007725],[-36.383387,-6.008675],[-36.38388,-6.010891],[-36.38588,-6.013015],[-36.386177,-6.013923],[-36.385664,-6.016135],[-36.388065,-6.018665],[-36.388605,-6.02189],[-36.389864,-6.023749],[-36.390935,-6.024047],[-36.392007,-6.023954],[-36.393571,-6.022791],[-36.395876,-6.021966],[-36.398725,-6.023753],[-36.399783,-6.021246],[-36.399556,-6.019318],[-36.397938,-6.018273],[-36.398083,-6.017279],[-36.39718,-6.016372],[-36.395438,-6.016217],[-36.394203,-6.015101],[-36.393901,-6.012194],[-36.393083,-6.010785],[-36.393321,-6.008881],[-36.39287,-6.007622],[-36.39358,-6.00694],[-36.393207,-6.00572],[-36.39344,-6.005497],[-36.39267,-6.004661],[-36.392517,-6.003096],[-36.391841,-6.002446],[-36.392074,-6.001746],[-36.390888,-6.000534],[-36.390028,-6.000395],[-36.388337,-6.001755],[-36.386015,-6.002329],[-36.386608,-6.002905],[-36.387912,-6.003213],[-36.388809,-6.004929],[-36.388802,-6.00644]]],[[[-36.375928,-5.971702],[-36.375363,-5.972723],[-36.375457,-5.973571],[-36.375928,-5.971702]]],[[[-36.376054,-5.967424],[-36.376125,-5.97092],[-36.376686,-5.968697],[-36.376886,-5.966899],[-36.376054,-5.967424]]],[[[-36.245203,-5.8493],[-36.244529,-5.849518],[-36.24357,-5.849109],[-36.242714,-5.850373],[-36.241595,-5.851045],[-36.241354,-5.850575],[-36.239656,-5.849785],[-36.238972,-5.849902],[-36.238979,-5.851725],[-36.238506,-5.852179],[-36.23777,-5.852391],[-36.236694,-5.851708],[-36.235891,-5.851724],[-36.235172,-5.852212],[-36.234896,-5.853189],[-36.233291,-5.852152],[-36.23251,-5.852168],[-36.231359,-5.853755],[-36.229225,-5.853744],[-36.228242,-5.852402],[-36.227657,-5.852213],[-36.227523,-5.850848],[-36.225724,-5.85036],[-36.22474,-5.851208],[-36.223371,-5.851642],[-36.223075,-5.852829],[-36.221524,-5.853528],[-36.218531,-5.853044],[-36.217897,-5.855005],[-36.216516,-5.855565],[-36.215092,-5.855227],[-36.213918,-5.855815],[-36.213079,-5.854325],[-36.21071,-5.853701],[-36.209819,-5.854598],[-36.207579,-5.855688],[-36.206806,-5.855672],[-36.206087,-5.855092],[-36.205194,-5.856141],[-36.200899,-5.856513],[-36.195212,-5.853527],[-36.189719,-5.853527],[-36.185382,-5.852757],[-36.17633,-5.853001],[-36.173047,-5.850057],[-36.170057,-5.848905],[-36.166431,-5.84986],[-36.162148,-5.852906],[-36.157199,-5.850907],[-36.154534,-5.848813],[-36.151619,-5.848776],[-36.150749,-5.851061],[-36.151706,-5.858374],[-36.150388,-5.859949],[-36.148851,-5.859611],[-36.14295,-5.855233],[-36.142189,-5.853996],[-36.141046,-5.854757],[-36.140571,-5.85628],[-36.139238,-5.857613],[-36.134123,-5.859561],[-36.129018,-5.857506],[-36.125802,-5.855552],[-36.121904,-5.853882],[-36.12079,-5.851377],[-36.117026,-5.848027],[-36.11704,-5.845452],[-36.115345,-5.841437],[-36.112963,-5.840629],[-36.111968,-5.839622],[-36.110771,-5.839455],[-36.108027,-5.837553],[-36.106807,-5.833666],[-36.106038,-5.833373],[-36.105572,-5.832298],[-36.104763,-5.832101],[-36.102175,-5.829835],[-36.10163,-5.828816],[-36.100023,-5.829038],[-36.099738,-5.828742],[-36.098547,-5.829751],[-36.09788,-5.831099],[-36.096998,-5.831081],[-36.094727,-5.832139],[-36.092442,-5.834378],[-36.091149,-5.83463],[-36.089859,-5.836154],[-36.087924,-5.836144],[-36.086203,-5.83728],[-36.085461,-5.838089],[-36.085031,-5.839573],[-36.083548,-5.840552],[-36.082499,-5.839449],[-36.08058,-5.840946],[-36.079051,-5.840031],[-36.076752,-5.840032],[-36.076015,-5.839472],[-36.074962,-5.840988],[-36.075167,-5.841461],[-36.071441,-5.841302],[-36.072966,-5.843007],[-36.074029,-5.845262],[-36.074119,-5.847024],[-36.075086,-5.84879],[-36.075272,-5.850551],[-36.074387,-5.851721],[-36.073213,-5.851813],[-36.071839,-5.853078],[-36.067645,-5.85198],[-36.065707,-5.848937],[-36.065231,-5.846488],[-36.065133,-5.846389],[-36.064429,-5.84698],[-36.06539,-5.850452],[-36.064586,-5.85332],[-36.063338,-5.852053],[-36.06008,-5.851831],[-36.059539,-5.850464],[-36.056349,-5.851709],[-36.055232,-5.84953],[-36.0542,-5.849018],[-36.052546,-5.850359],[-36.050655,-5.850459],[-36.050485,-5.849763],[-36.049607,-5.849337],[-36.047255,-5.846154],[-36.044836,-5.845824],[-36.043819,-5.846386],[-36.043147,-5.845808],[-36.042181,-5.845828],[-36.03786,-5.842245],[-36.033673,-5.83977],[-36.029104,-5.835202],[-36.02444,-5.833584],[-36.021497,-5.830272],[-36.016754,-5.829214],[-36.009496,-5.829333],[-36.007593,-5.825883],[-36.001644,-5.81944],[-36.001378,-5.817654],[-35.999821,-5.81582],[-35.994754,-5.814089],[-35.993857,-5.811469],[-35.992908,-5.810504],[-35.992249,-5.808583],[-35.990219,-5.806601],[-35.990085,-5.804936],[-35.987962,-5.804572],[-35.98589,-5.803532],[-35.985584,-5.802756],[-35.984142,-5.802147],[-35.981495,-5.799009],[-35.980369,-5.798565],[-35.979983,-5.797771],[-35.977455,-5.797079],[-35.976499,-5.793972],[-35.973784,-5.795398],[-35.973449,-5.797086],[-35.970007,-5.797023],[-35.969257,-5.797431],[-35.966865,-5.800481],[-35.965775,-5.800614],[-35.965293,-5.801866],[-35.963138,-5.804518],[-35.96201,-5.804701],[-35.960934,-5.805604],[-35.959619,-5.805589],[-35.957462,-5.804685],[-35.956279,-5.805689],[-35.953719,-5.806248],[-35.95182,-5.807374],[-35.948712,-5.80708],[-35.947505,-5.807629],[-35.94614,-5.810926],[-35.945465,-5.811369],[-35.943585,-5.815056],[-35.940611,-5.815294],[-35.938707,-5.813271],[-35.932759,-5.810416],[-35.926576,-5.803812],[-35.926586,-5.802095],[-35.925711,-5.800468],[-35.926195,-5.798768],[-35.925378,-5.797564],[-35.923708,-5.796636],[-35.923389,-5.796852],[-35.920347,-5.792906],[-35.916933,-5.790026],[-35.913512,-5.78829],[-35.910668,-5.785699],[-35.90554,-5.782524],[-35.900723,-5.77688],[-35.897725,-5.771655],[-35.896948,-5.771403],[-35.896962,-5.770452],[-35.893006,-5.767105],[-35.892587,-5.765737],[-35.889382,-5.763194],[-35.889025,-5.761726],[-35.887503,-5.760651],[-35.885102,-5.756828],[-35.88563,-5.755315],[-35.883299,-5.752381],[-35.881906,-5.752187],[-35.880984,-5.750403],[-35.880861,-5.74877],[-35.876566,-5.745408],[-35.877118,-5.744878],[-35.877244,-5.743699],[-35.87464,-5.738955],[-35.871714,-5.736605],[-35.867336,-5.731846],[-35.861256,-5.724101],[-35.858307,-5.723777],[-35.85818,-5.7251],[-35.860715,-5.727564],[-35.860701,-5.730013],[-35.862012,-5.73247],[-35.863334,-5.73309],[-35.866084,-5.733207],[-35.868823,-5.735365],[-35.870419,-5.7416],[-35.87438,-5.744173],[-35.875784,-5.748263],[-35.878729,-5.750014],[-35.880344,-5.752777],[-35.880543,-5.753801],[-35.879836,-5.756154],[-35.878827,-5.757256],[-35.878182,-5.75695],[-35.874538,-5.752441],[-35.873214,-5.752432],[-35.872191,-5.752936],[-35.871575,-5.753955],[-35.871773,-5.755079],[-35.874813,-5.758055],[-35.875215,-5.759078],[-35.875402,-5.762345],[-35.874986,-5.763464],[-35.875082,-5.764792],[-35.877202,-5.768172],[-35.876783,-5.770517],[-35.877383,-5.772459],[-35.878395,-5.773894],[-35.879616,-5.774106],[-35.881046,-5.773705],[-35.881865,-5.772995],[-35.882279,-5.771773],[-35.882184,-5.770445],[-35.884432,-5.769334],[-35.884946,-5.768316],[-35.88293,-5.764427],[-35.883036,-5.763611],[-35.88365,-5.763104],[-35.885382,-5.763113],[-35.888817,-5.768746],[-35.888799,-5.771807],[-35.887628,-5.773054],[-35.887422,-5.773957],[-35.893158,-5.779248],[-35.89589,-5.779807],[-35.896498,-5.780423],[-35.896687,-5.783078],[-35.89709,-5.783897],[-35.899424,-5.785645],[-35.901132,-5.78994],[-35.906312,-5.793336],[-35.907626,-5.795282],[-35.90751,-5.797937],[-35.906387,-5.798338],[-35.904961,-5.798126],[-35.90334,-5.796382],[-35.901511,-5.795148],[-35.900291,-5.795141],[-35.899885,-5.79473],[-35.897029,-5.794918],[-35.895605,-5.7944],[-35.89439,-5.79327],[-35.89359,-5.790614],[-35.893306,-5.786734],[-35.892195,-5.784686],[-35.888638,-5.782624],[-35.888238,-5.781398],[-35.887021,-5.780474],[-35.884671,-5.781378],[-35.884156,-5.782498],[-35.884209,-5.783867],[-35.88515,-5.786892],[-35.887685,-5.789459],[-35.887784,-5.78997],[-35.887143,-5.795272],[-35.887946,-5.797522],[-35.887936,-5.799258],[-35.885075,-5.800568],[-35.883734,-5.803725],[-35.8823,-5.804943],[-35.878026,-5.803898],[-35.876597,-5.804298],[-35.876178,-5.806439],[-35.876779,-5.808177],[-35.877284,-5.808894],[-35.881756,-5.811368],[-35.882565,-5.81229],[-35.88276,-5.813823],[-35.881433,-5.814531],[-35.880208,-5.814728],[-35.878987,-5.814314],[-35.877456,-5.814815],[-35.87652,-5.818177],[-35.874471,-5.820309],[-35.873953,-5.821736],[-35.874148,-5.823268],[-35.87506,-5.824394],[-35.876075,-5.824911],[-35.877383,-5.827879],[-35.8785,-5.828802],[-35.880025,-5.829424],[-35.882072,-5.827904],[-35.884211,-5.828223],[-35.885668,-5.831614],[-35.885855,-5.834232],[-35.884544,-5.83523],[-35.883935,-5.836535],[-35.88702,-5.841483],[-35.886511,-5.84279],[-35.887407,-5.844343],[-35.889006,-5.845395],[-35.890535,-5.845608],[-35.891651,-5.846533],[-35.893055,-5.850724],[-35.894374,-5.85165],[-35.896922,-5.851766],[-35.897325,-5.852484],[-35.897622,-5.853914],[-35.896075,-5.856769],[-35.896067,-5.858198],[-35.895521,-5.859282],[-35.895719,-5.860939],[-35.897036,-5.862374],[-35.898155,-5.862788],[-35.901535,-5.859847],[-35.903164,-5.860061],[-35.904176,-5.861598],[-35.904267,-5.863435],[-35.902723,-5.866284],[-35.902614,-5.867509],[-35.903931,-5.868945],[-35.904848,-5.868848],[-35.908123,-5.866417],[-35.909957,-5.866733],[-35.910464,-5.867246],[-35.911056,-5.870514],[-35.912071,-5.871541],[-35.912264,-5.873176],[-35.91195,-5.874908],[-35.90919,-5.876322],[-35.908671,-5.878054],[-35.910091,-5.879288],[-35.911516,-5.879703],[-35.911311,-5.879907],[-35.912021,-5.880523],[-35.912112,-5.882463],[-35.910266,-5.884595],[-35.910958,-5.888375],[-35.91258,-5.889813],[-35.913076,-5.892368],[-35.917046,-5.893104],[-35.918565,-5.895153],[-35.918993,-5.896452],[-35.918254,-5.901813],[-35.918348,-5.903548],[-35.917618,-5.904972],[-35.917881,-5.905664],[-35.919707,-5.907204],[-35.92,-5.909554],[-35.917543,-5.911683],[-35.917335,-5.912294],[-35.917015,-5.914947],[-35.917926,-5.916074],[-35.922102,-5.916505],[-35.92239,-5.919875],[-35.9232,-5.920799],[-35.924216,-5.921519],[-35.926867,-5.921329],[-35.928189,-5.921745],[-35.929103,-5.922566],[-35.929391,-5.925425],[-35.931123,-5.925844],[-35.933065,-5.924833],[-35.933684,-5.92351],[-35.933191,-5.920446],[-35.933607,-5.919019],[-35.934529,-5.918105],[-35.936866,-5.919649],[-35.93901,-5.918742],[-35.939731,-5.917522],[-35.938926,-5.91568],[-35.934971,-5.911984],[-35.933261,-5.90779],[-35.932246,-5.906865],[-35.930721,-5.906245],[-35.929504,-5.905013],[-35.928181,-5.902527],[-35.927888,-5.900484],[-35.928857,-5.897868],[-35.926718,-5.89507],[-35.92582,-5.891391],[-35.924911,-5.890264],[-35.925019,-5.889039],[-35.927062,-5.888337],[-35.931321,-5.892034],[-35.936213,-5.892468],[-35.938534,-5.896361],[-35.939548,-5.897488],[-35.940768,-5.898005],[-35.942685,-5.90169],[-35.946349,-5.902732],[-35.946956,-5.903551],[-35.946842,-5.905591],[-35.94602,-5.906812],[-35.945906,-5.908956],[-35.949252,-5.912342],[-35.950981,-5.912963],[-35.952998,-5.917159],[-35.955239,-5.917478],[-35.956149,-5.918605],[-35.955726,-5.921359],[-35.954703,-5.922068],[-35.953787,-5.92186],[-35.952451,-5.923689],[-35.952448,-5.924403],[-35.953354,-5.92645],[-35.956082,-5.928214],[-35.957148,-5.933755],[-35.960917,-5.934288],[-35.962235,-5.935518],[-35.963547,-5.938078],[-35.965068,-5.939515],[-35.969244,-5.940151],[-35.970571,-5.939852],[-35.971083,-5.939446],[-35.97099,-5.937812],[-35.969065,-5.935555],[-35.96806,-5.932897],[-35.966023,-5.932682],[-35.965723,-5.931455],[-35.965934,-5.930231],[-35.966854,-5.92993],[-35.967582,-5.926974],[-35.968196,-5.926775],[-35.971139,-5.929138],[-35.973076,-5.928944],[-35.974094,-5.929357],[-35.976922,-5.934273],[-35.978654,-5.934385],[-35.980696,-5.933783],[-35.982422,-5.934915],[-35.983433,-5.936553],[-35.984959,-5.936868],[-35.987204,-5.936676],[-35.988022,-5.936171],[-35.98824,-5.933621],[-35.984784,-5.931867],[-35.983467,-5.930227],[-35.982562,-5.927975],[-35.979921,-5.926328],[-35.979111,-5.925304],[-35.979028,-5.921832],[-35.979446,-5.919895],[-35.980774,-5.919597],[-35.98179,-5.920112],[-35.982896,-5.922771],[-35.983708,-5.923594],[-35.986563,-5.923506],[-35.989593,-5.928626],[-35.991531,-5.928535],[-35.993066,-5.92742],[-35.992678,-5.923743],[-35.992069,-5.92323],[-35.989421,-5.922704],[-35.988516,-5.920454],[-35.987,-5.918201],[-35.986903,-5.917383],[-35.987213,-5.916467],[-35.988643,-5.915658],[-35.989764,-5.915664],[-35.991692,-5.917615],[-35.992507,-5.917618],[-35.994145,-5.916096],[-35.994357,-5.914567],[-35.995073,-5.914367],[-35.995077,-5.913549],[-35.994575,-5.912118],[-35.992848,-5.911088],[-35.991538,-5.908121],[-35.988999,-5.906372],[-35.988599,-5.905348],[-35.988705,-5.904328],[-35.987194,-5.901055],[-35.985165,-5.899105],[-35.984656,-5.899101],[-35.983448,-5.896338],[-35.979697,-5.892542],[-35.979,-5.889681],[-35.977686,-5.887428],[-35.978612,-5.885799],[-35.979237,-5.883252],[-35.982191,-5.88388],[-35.98371,-5.885624],[-35.983706,-5.886338],[-35.985118,-5.889204],[-35.987557,-5.890441],[-35.988773,-5.891672],[-35.989575,-5.894127],[-35.990592,-5.894745],[-35.993243,-5.894656],[-35.994056,-5.89507],[-35.994867,-5.895687],[-35.995672,-5.897833],[-35.997793,-5.899232],[-35.999281,-5.899614],[-36.000356,-5.899424],[-36.000947,-5.898645],[-36.00222,-5.897967],[-36.004468,-5.897881],[-36.007968,-5.901031],[-36.011877,-5.900855],[-36.01246,-5.90125],[-36.014201,-5.904585],[-36.015079,-5.904982],[-36.016057,-5.904596],[-36.015874,-5.902344],[-36.016273,-5.900879],[-36.018327,-5.900499],[-36.020076,-5.902073],[-36.022029,-5.90228],[-36.023502,-5.900918],[-36.030356,-5.898215],[-36.031045,-5.896947],[-36.030954,-5.895968],[-36.029888,-5.894202],[-36.027943,-5.892724],[-36.025905,-5.889876],[-36.026113,-5.887725],[-36.028471,-5.884998],[-36.028674,-5.88363],[-36.026546,-5.879706],[-36.025989,-5.874225],[-36.026877,-5.872467],[-36.026397,-5.870803],[-36.024938,-5.869718],[-36.023101,-5.866284],[-36.024082,-5.865507],[-36.027499,-5.865819],[-36.027891,-5.865528],[-36.028388,-5.864063],[-36.028104,-5.8623],[-36.02919,-5.860057],[-36.030168,-5.859866],[-36.03211,-5.862126],[-36.033263,-5.865947],[-36.035016,-5.866837],[-36.039705,-5.86696],[-36.041064,-5.868435],[-36.042819,-5.869129],[-36.04527,-5.867673],[-36.046351,-5.86631],[-36.050838,-5.867703],[-36.053084,-5.867912],[-36.054164,-5.866841],[-36.054877,-5.861268],[-36.055771,-5.858632],[-36.05695,-5.857268],[-36.057731,-5.857468],[-36.060533,-5.863254],[-36.060231,-5.865013],[-36.060611,-5.867168],[-36.062167,-5.868253],[-36.064608,-5.868657],[-36.065581,-5.869347],[-36.066642,-5.871895],[-36.066438,-5.873655],[-36.06467,-5.875309],[-36.063683,-5.877261],[-36.062115,-5.878329],[-36.059864,-5.879099],[-36.05888,-5.880267],[-36.058379,-5.882809],[-36.058861,-5.883888],[-36.06091,-5.884583],[-36.061782,-5.885958],[-36.061274,-5.889477],[-36.061462,-5.891239],[-36.060376,-5.892994],[-36.059582,-5.895436],[-36.059572,-5.89749],[-36.058491,-5.898463],[-36.057418,-5.898261],[-36.056543,-5.897376],[-36.055664,-5.897371],[-36.054194,-5.898341],[-36.047943,-5.89782],[-36.047163,-5.897425],[-36.046296,-5.895463],[-36.045034,-5.893891],[-36.042598,-5.892607],[-36.040275,-5.888387],[-36.039399,-5.887894],[-36.039012,-5.887109],[-36.036474,-5.886704],[-36.0353,-5.886991],[-36.033822,-5.889429],[-36.033817,-5.89031],[-36.035173,-5.892666],[-36.037699,-5.895221],[-36.037678,-5.899135],[-36.03826,-5.899823],[-36.038255,-5.900899],[-36.037471,-5.901188],[-36.036194,-5.902551],[-36.035584,-5.907146],[-36.034298,-5.910073],[-36.031659,-5.910256],[-36.029905,-5.909463],[-36.028341,-5.909357],[-36.027167,-5.909938],[-36.026657,-5.914043],[-36.024784,-5.916871],[-36.023709,-5.916963],[-36.022159,-5.914509],[-36.021777,-5.91304],[-36.022368,-5.912064],[-36.022373,-5.911086],[-36.021114,-5.909319],[-36.019938,-5.909605],[-36.018956,-5.910677],[-36.016812,-5.90959],[-36.015056,-5.909286],[-36.012994,-5.911035],[-36.012696,-5.912013],[-36.014634,-5.915153],[-36.017647,-5.91781],[-36.017742,-5.918594],[-36.018908,-5.919676],[-36.020373,-5.919781],[-36.020864,-5.919393],[-36.02252,-5.920087],[-36.021906,-5.925269],[-36.022375,-5.929183],[-36.023242,-5.931146],[-36.024507,-5.932425],[-36.028309,-5.933717],[-36.031719,-5.935593],[-36.032399,-5.93638],[-36.032295,-5.937554],[-36.03355,-5.940397],[-36.035011,-5.941187],[-36.036966,-5.941002],[-36.040674,-5.941901],[-36.043221,-5.940644],[-36.043623,-5.938494],[-36.044802,-5.937327],[-36.045975,-5.937332],[-36.049575,-5.940287],[-36.050943,-5.940294],[-36.052029,-5.938147],[-36.051842,-5.936385],[-36.048942,-5.930696],[-36.052389,-5.925432],[-36.052202,-5.923669],[-36.050746,-5.922097],[-36.05184,-5.918384],[-36.0501,-5.914951],[-36.049128,-5.913871],[-36.044641,-5.912673],[-36.043963,-5.911495],[-36.044854,-5.909347],[-36.045058,-5.907588],[-36.044189,-5.905822],[-36.044095,-5.905136],[-36.044588,-5.904162],[-36.047325,-5.903883],[-36.051016,-5.907815],[-36.052582,-5.907627],[-36.053752,-5.907927],[-36.055389,-5.912534],[-36.056459,-5.913224],[-36.058611,-5.912943],[-36.060365,-5.913637],[-36.06094,-5.915987],[-36.062492,-5.917855],[-36.063361,-5.92011],[-36.064139,-5.9207],[-36.065213,-5.920706],[-36.06864,-5.919355],[-36.06972,-5.918478],[-36.073066,-5.913899],[-36.074817,-5.915278],[-36.076476,-5.915678],[-36.077357,-5.91539],[-36.078941,-5.911484],[-36.081303,-5.90817],[-36.08308,-5.904657],[-36.083487,-5.901529],[-36.084475,-5.89948],[-36.083806,-5.896444],[-36.085187,-5.894201],[-36.086164,-5.894304],[-36.088496,-5.896664],[-36.089178,-5.896863],[-36.090244,-5.898629],[-36.089844,-5.900193],[-36.090811,-5.902155],[-36.093647,-5.901582],[-36.095596,-5.902571],[-36.096168,-5.905509],[-36.097334,-5.906885],[-36.102302,-5.909453],[-36.104433,-5.913182],[-36.104231,-5.914306],[-36.105095,-5.917442],[-36.105272,-5.920574],[-36.106632,-5.922536],[-36.108287,-5.923328],[-36.109558,-5.923433],[-36.111125,-5.922952],[-36.111517,-5.922367],[-36.111526,-5.920899],[-36.112414,-5.919045],[-36.112237,-5.915522],[-36.111173,-5.913463],[-36.107967,-5.909825],[-36.104378,-5.90472],[-36.104778,-5.903254],[-36.106638,-5.902383],[-36.108101,-5.902978],[-36.109559,-5.904552],[-36.110532,-5.905045],[-36.112293,-5.904663],[-36.114536,-5.905458],[-36.116186,-5.907716],[-36.11617,-5.910847],[-36.118491,-5.915555],[-36.119439,-5.921137],[-36.121565,-5.925648],[-36.12234,-5.926827],[-36.123803,-5.927617],[-36.12537,-5.926744],[-36.126059,-5.925574],[-36.127525,-5.925581],[-36.128695,-5.926272],[-36.129268,-5.928721],[-36.12916,-5.930579],[-36.131489,-5.933819],[-36.132939,-5.936762],[-36.134789,-5.938142],[-36.137626,-5.937471],[-36.138411,-5.936889],[-36.138417,-5.935617],[-36.137741,-5.934048],[-36.138241,-5.931996],[-36.139518,-5.930633],[-36.14039,-5.9306],[-36.143532,-5.933217],[-36.144314,-5.93322],[-36.145293,-5.932933],[-36.146185,-5.930491],[-36.14707,-5.929517],[-36.147656,-5.92952],[-36.149215,-5.930507],[-36.150377,-5.932372],[-36.1535,-5.932974],[-36.154285,-5.932685],[-36.15694,-5.929177],[-36.157819,-5.929181],[-36.159475,-5.930266],[-36.161221,-5.932819],[-36.163265,-5.934492],[-36.167965,-5.932364],[-36.169443,-5.930122],[-36.170127,-5.930125],[-36.17227,-5.931408],[-36.172462,-5.932289],[-36.173239,-5.932978],[-36.175289,-5.933575],[-36.176552,-5.934951],[-36.178111,-5.935743],[-36.178108,-5.936329],[-36.175746,-5.939839],[-36.173885,-5.940613],[-36.172608,-5.941683],[-36.171045,-5.941871],[-36.169972,-5.941475],[-36.168517,-5.939216],[-36.167641,-5.938526],[-36.166272,-5.938716],[-36.166061,-5.941747],[-36.166428,-5.946347],[-36.164365,-5.948685],[-36.164061,-5.950738],[-36.166478,-5.95574],[-36.166374,-5.957013],[-36.165682,-5.958475],[-36.163528,-5.959541],[-36.162549,-5.959634],[-36.161186,-5.958844],[-36.159233,-5.958442],[-36.158537,-5.960787],[-36.157263,-5.961367],[-36.155311,-5.960966],[-36.154232,-5.961842],[-36.154678,-5.963391],[-36.156081,-5.964538],[-36.158019,-5.967483],[-36.157659,-5.969182],[-36.158714,-5.971214],[-36.1619,-5.972885],[-36.163074,-5.972792],[-36.163862,-5.971427],[-36.162218,-5.968092],[-36.162513,-5.967702],[-36.164173,-5.967809],[-36.165162,-5.965857],[-36.167214,-5.965671],[-36.168885,-5.963919],[-36.170838,-5.964223],[-36.174135,-5.969229],[-36.176184,-5.969632],[-36.176976,-5.967678],[-36.177959,-5.966705],[-36.17913,-5.967102],[-36.181659,-5.969366],[-36.182441,-5.969468],[-36.183993,-5.971334],[-36.185329,-5.977896],[-36.185811,-5.979171],[-36.18717,-5.980842],[-36.189124,-5.98095],[-36.190989,-5.979295],[-36.191575,-5.979298],[-36.192846,-5.979501],[-36.194111,-5.98029],[-36.19548,-5.980395],[-36.196551,-5.981183],[-36.198407,-5.981193],[-36.200454,-5.982279],[-36.202895,-5.982683],[-36.203771,-5.98347],[-36.203763,-5.98484],[-36.201297,-5.989329],[-36.200124,-5.98942],[-36.197771,-5.990876],[-36.195814,-5.991454],[-36.194535,-5.993109],[-36.19443,-5.994478],[-36.195982,-5.99664],[-36.196916,-5.999402],[-36.198887,-6.000895],[-36.205482,-6.003979],[-36.206743,-6.005157],[-36.206931,-6.006523],[-36.207802,-6.007796],[-36.209841,-6.008976],[-36.210105,-6.01483],[-36.21175,-6.016887],[-36.212134,-6.018059],[-36.212008,-6.023619],[-36.215982,-6.027833],[-36.217719,-6.031159],[-36.221116,-6.033712],[-36.221888,-6.035082],[-36.22236,-6.038108],[-36.223133,-6.039478],[-36.225072,-6.041146],[-36.225355,-6.043294],[-36.226322,-6.044567],[-36.22826,-6.046625],[-36.232438,-6.048987],[-36.2334,-6.051431],[-36.235245,-6.052707],[-36.236307,-6.054761],[-36.236386,-6.058273],[-36.241052,-6.060736],[-36.241439,-6.061324],[-36.242403,-6.063084],[-36.242781,-6.065428],[-36.243941,-6.067189],[-36.24422,-6.069824],[-36.245478,-6.071489],[-36.246548,-6.071884],[-36.247903,-6.073842],[-36.248662,-6.077748],[-36.250686,-6.082245],[-36.25077,-6.084977],[-36.254437,-6.092116],[-36.25793,-6.096097],[-36.257766,-6.098199],[-36.25591,-6.101789],[-36.255089,-6.104906],[-36.253976,-6.10641],[-36.248727,-6.107797],[-36.241062,-6.104412],[-36.240966,-6.103004],[-36.239678,-6.100488],[-36.239083,-6.095615],[-36.235892,-6.086767],[-36.234117,-6.08517],[-36.232801,-6.084569],[-36.231685,-6.083108],[-36.229254,-6.081544],[-36.226831,-6.076864],[-36.225562,-6.070951],[-36.225668,-6.069392],[-36.224705,-6.067135],[-36.224026,-6.066449],[-36.222713,-6.061523],[-36.221644,-6.060736],[-36.218529,-6.060038],[-36.216831,-6.05885],[-36.216333,-6.058043],[-36.216147,-6.055324],[-36.217021,-6.050275],[-36.216348,-6.048516],[-36.214895,-6.046851],[-36.211789,-6.044667],[-36.210975,-6.043462],[-36.208815,-6.042146],[-36.207361,-6.040675],[-36.206136,-6.032768],[-36.205534,-6.032316],[-36.204751,-6.030262],[-36.203333,-6.028365],[-36.202361,-6.027871],[-36.201093,-6.027865],[-36.199531,-6.028443],[-36.197583,-6.028529],[-36.196807,-6.027745],[-36.196141,-6.024718],[-36.195366,-6.023739],[-36.192838,-6.022653],[-36.191288,-6.020986],[-36.191297,-6.019231],[-36.192085,-6.017479],[-36.1918,-6.016014],[-36.190638,-6.015033],[-36.190753,-6.011425],[-36.190272,-6.010057],[-36.189107,-6.00927],[-36.188133,-6.0079],[-36.184591,-6.005541],[-36.183853,-6.00415],[-36.184472,-6.002739],[-36.184189,-6.000878],[-36.180384,-5.999098],[-36.179909,-5.996649],[-36.17884,-5.995665],[-36.177377,-5.994777],[-36.175815,-5.994769],[-36.173868,-5.993291],[-36.173635,-5.992369],[-36.173178,-5.992296],[-36.17213,-5.988977],[-36.171062,-5.9877],[-36.168935,-5.983384],[-36.166888,-5.982298],[-36.165424,-5.982094],[-36.164834,-5.982581],[-36.161555,-5.988577],[-36.159326,-5.987179],[-36.157622,-5.987277],[-36.157296,-5.988342],[-36.155904,-5.989774],[-36.155318,-5.989869],[-36.154341,-5.989571],[-36.153276,-5.987705],[-36.15201,-5.986819],[-36.151033,-5.986911],[-36.148876,-5.98827],[-36.14895,-5.992771],[-36.156144,-6.001922],[-36.156552,-6.005444],[-36.15729,-6.007034],[-36.1567,-6.008006],[-36.155725,-6.008293],[-36.15066,-6.00778],[-36.15017,-6.008753],[-36.150356,-6.010314],[-36.150644,-6.011291],[-36.152096,-6.013054],[-36.151991,-6.01442],[-36.148083,-6.017831],[-36.145451,-6.016726],[-36.144303,-6.012623],[-36.141686,-6.010073],[-36.142053,-6.007433],[-36.140711,-6.005632],[-36.13942,-6.002603],[-36.137376,-6.000929],[-36.135912,-6.000726],[-36.134646,-5.999937],[-36.134067,-5.998466],[-36.133792,-5.994942],[-36.13292,-5.993371],[-36.132058,-5.990237],[-36.130284,-5.988299],[-36.129232,-5.985947],[-36.127886,-5.984344],[-36.127506,-5.982191],[-36.127809,-5.980235],[-36.126552,-5.977881],[-36.125674,-5.977484],[-36.124999,-5.97572],[-36.12139,-5.974331],[-36.117078,-5.976951],[-36.116766,-5.980568],[-36.116076,-5.981641],[-36.115574,-5.984084],[-36.116057,-5.985359],[-36.116642,-5.985655],[-36.117878,-5.992217],[-36.116693,-5.994461],[-36.114542,-5.994548],[-36.113458,-5.9964],[-36.111204,-5.997661],[-36.110809,-5.998245],[-36.110511,-5.999223],[-36.11099,-6.002782],[-36.109804,-6.005763],[-36.109994,-6.006544],[-36.11348,-6.010464],[-36.120197,-6.01167],[-36.12146,-6.012165],[-36.121944,-6.012849],[-36.122319,-6.01568],[-36.1188,-6.018003],[-36.11831,-6.018486],[-36.118207,-6.019462],[-36.118394,-6.021023],[-36.120606,-6.026594],[-36.120302,-6.028836],[-36.11971,-6.030004],[-36.119995,-6.031468],[-36.120964,-6.032449],[-36.124173,-6.033734],[-36.126691,-6.036381],[-36.131742,-6.03943],[-36.133008,-6.039536],[-36.13601,-6.042964],[-36.142335,-6.044655],[-36.143981,-6.046517],[-36.144351,-6.050225],[-36.145418,-6.051207],[-36.145602,-6.053354],[-36.147828,-6.056096],[-36.148018,-6.057073],[-36.147033,-6.059018],[-36.145862,-6.059402],[-36.14372,-6.059294],[-36.141198,-6.056939],[-36.139642,-6.056346],[-36.138958,-6.056732],[-36.138171,-6.058192],[-36.137001,-6.058479],[-36.135655,-6.054862],[-36.134197,-6.054367],[-36.12974,-6.049369],[-36.128964,-6.048876],[-36.12799,-6.048871],[-36.128378,-6.049167],[-36.127204,-6.050135],[-36.126806,-6.051694],[-36.127172,-6.056183],[-36.126964,-6.058619],[-36.124422,-6.060361],[-36.124207,-6.064262],[-36.12108,-6.065709],[-36.121265,-6.06766],[-36.120572,-6.069705],[-36.119987,-6.0698],[-36.119017,-6.069014],[-36.117379,-6.065397],[-36.116213,-6.064902],[-36.114769,-6.061579],[-36.114091,-6.060989],[-36.113313,-6.060596],[-36.111948,-6.060783],[-36.11126,-6.061755],[-36.111053,-6.063997],[-36.113087,-6.066446],[-36.112883,-6.068006],[-36.111225,-6.068485],[-36.109671,-6.067403],[-36.109291,-6.065647],[-36.107545,-6.064077],[-36.106191,-6.062312],[-36.105904,-6.061336],[-36.103761,-6.061228],[-36.102303,-6.060634],[-36.100858,-6.057311],[-36.099695,-6.056231],[-36.097451,-6.056804],[-36.096576,-6.056507],[-36.095572,-6.053039],[-36.092562,-6.051072],[-36.0919,-6.047362],[-36.091222,-6.04648],[-36.089764,-6.045986],[-36.088221,-6.043051],[-36.08598,-6.042941],[-36.084433,-6.040885],[-36.080621,-6.043108],[-36.07838,-6.043193],[-36.074794,-6.03976],[-36.074311,-6.038879],[-36.073824,-6.038779],[-36.07314,-6.039264],[-36.072644,-6.040822],[-36.074864,-6.044832],[-36.074563,-6.046391],[-36.071246,-6.046959],[-36.070457,-6.049002],[-36.070351,-6.050464],[-36.069373,-6.051044],[-36.067718,-6.050938],[-36.066055,-6.052392],[-36.065274,-6.052485],[-36.064105,-6.052479],[-36.063135,-6.051694],[-36.062161,-6.051786],[-36.058155,-6.05391],[-36.054548,-6.05428],[-36.04814,-6.050052],[-36.046777,-6.049752],[-36.043555,-6.051197],[-36.043063,-6.05217],[-36.042852,-6.055192],[-36.041676,-6.056258],[-36.040408,-6.056642],[-36.038153,-6.059165],[-36.037182,-6.058574],[-36.036708,-6.056231],[-36.038674,-6.053121],[-36.039074,-6.050977],[-36.036675,-6.044528],[-36.033083,-6.04207],[-36.0332,-6.038266],[-36.031757,-6.035138],[-36.031871,-6.032212],[-36.031397,-6.02948],[-36.027704,-6.028094],[-36.025573,-6.025742],[-36.023918,-6.025538],[-36.022551,-6.026213],[-36.020686,-6.028738],[-36.020003,-6.028735],[-36.018353,-6.027847],[-36.016344,-6.020913],[-36.015861,-6.020325],[-36.013817,-6.019827],[-36.011186,-6.01991],[-36.010025,-6.018733],[-36.008855,-6.018824],[-36.007973,-6.019891],[-36.006024,-6.019686],[-36.003402,-6.018501],[-36.002432,-6.017521],[-36.001795,-6.015907],[-36.001092,-6.015601],[-36.00033,-6.015687],[-35.999675,-6.017808],[-35.997959,-6.019106],[-35.99665,-6.019401],[-35.994294,-6.017553],[-35.992426,-6.017991],[-35.99034,-6.019563],[-35.986848,-6.02509],[-35.987921,-6.027573],[-35.990578,-6.03026],[-35.990859,-6.033035],[-35.992137,-6.034627],[-35.994797,-6.036721],[-35.995385,-6.037716],[-35.995064,-6.041873],[-35.994166,-6.043253],[-35.993955,-6.045529],[-35.995028,-6.048408],[-35.994715,-6.051278],[-35.994316,-6.051969],[-35.99283,-6.052554],[-35.992039,-6.052351],[-35.988888,-6.04976],[-35.987305,-6.049752],[-35.985421,-6.050435],[-35.983543,-6.050226],[-35.981485,-6.046649],[-35.978814,-6.046833],[-35.976743,-6.045632],[-35.976352,-6.04464],[-35.976757,-6.043058],[-35.976568,-6.041571],[-35.97263,-6.037886],[-35.972842,-6.035312],[-35.975027,-6.033838],[-35.975435,-6.031563],[-35.97338,-6.027789],[-35.972808,-6.023825],[-35.971432,-6.022232],[-35.969259,-6.021428],[-35.967678,-6.02132],[-35.966692,-6.020819],[-35.965708,-6.019626],[-35.966026,-6.016062],[-35.969596,-6.014399],[-35.970702,-6.011138],[-35.97417,-6.010067],[-35.976057,-6.008989],[-35.976357,-6.008],[-35.975967,-6.007006],[-35.97469,-6.005514],[-35.972316,-6.005501],[-35.971232,-6.004901],[-35.971148,-6.003409],[-35.972787,-6.001068],[-35.971955,-5.997829],[-35.969924,-5.996081],[-35.968193,-5.995868],[-35.96667,-5.994636],[-35.96616,-5.994633],[-35.965053,-5.991972],[-35.963532,-5.990433],[-35.962006,-5.989913],[-35.960985,-5.99001],[-35.959642,-5.993475],[-35.95841,-5.995099],[-35.957798,-5.994995],[-35.955674,-5.992023],[-35.952733,-5.989353],[-35.951627,-5.986488],[-35.952045,-5.984449],[-35.952356,-5.983838],[-35.954498,-5.983544],[-35.955521,-5.982735],[-35.955026,-5.979975],[-35.953815,-5.977721],[-35.953929,-5.975682],[-35.953432,-5.973535],[-35.952109,-5.97312],[-35.950579,-5.973214],[-35.947641,-5.970034],[-35.945297,-5.969919],[-35.944578,-5.970731],[-35.940904,-5.971527],[-35.940686,-5.973873],[-35.939554,-5.975806],[-35.938335,-5.975187],[-35.937221,-5.973751],[-35.935188,-5.972822],[-35.933963,-5.973019],[-35.932624,-5.975462],[-35.931502,-5.975558],[-35.929674,-5.974322],[-35.927637,-5.974004],[-35.925998,-5.975527],[-35.923657,-5.974799],[-35.922541,-5.973772],[-35.921623,-5.974073],[-35.920604,-5.973863],[-35.919799,-5.971818],[-35.91889,-5.970383],[-35.918483,-5.970381],[-35.917768,-5.970683],[-35.917347,-5.97313],[-35.916832,-5.974046],[-35.914887,-5.97526],[-35.915264,-5.980875],[-35.912198,-5.982185],[-35.911783,-5.983408],[-35.912186,-5.984227],[-35.916009,-5.986198],[-35.918762,-5.986111],[-35.920085,-5.986833],[-35.921308,-5.986635],[-35.922525,-5.987561],[-35.924041,-5.990223],[-35.927802,-5.992183],[-35.930329,-5.992282],[-35.932801,-5.99119],[-35.932104,-5.988431],[-35.933331,-5.987723],[-35.933651,-5.98507],[-35.934568,-5.985178],[-35.936595,-5.987333],[-35.938836,-5.987652],[-35.939648,-5.988269],[-35.940758,-5.990317],[-35.943004,-5.989818],[-35.946654,-5.993412],[-35.947051,-5.995455],[-35.946231,-5.996369],[-35.946017,-5.998102],[-35.948504,-6.002255],[-35.947996,-6.002906],[-35.945281,-6.002791],[-35.944372,-6.003289],[-35.944065,-6.004063],[-35.944258,-6.004857],[-35.946228,-6.006451],[-35.945817,-6.009222],[-35.946996,-6.010615],[-35.95075,-6.01123],[-35.952321,-6.013419],[-35.95231,-6.015597],[-35.950517,-6.017765],[-35.950114,-6.019148],[-35.94872,-6.020627],[-35.945752,-6.020511],[-35.942287,-6.021283],[-35.941282,-6.02415],[-35.937819,-6.024131],[-35.936827,-6.024818],[-35.936326,-6.025807],[-35.936518,-6.026896],[-35.939672,-6.030174],[-35.940258,-6.030284],[-35.940739,-6.032861],[-35.939344,-6.034437],[-35.939138,-6.036021],[-35.942088,-6.039008],[-35.942768,-6.041289],[-35.942365,-6.042475],[-35.94028,-6.04385],[-35.93949,-6.043846],[-35.937813,-6.042846],[-35.936045,-6.040756],[-35.935549,-6.040754],[-35.932576,-6.041925],[-35.930685,-6.043895],[-35.927226,-6.043281],[-35.925144,-6.04426],[-35.924841,-6.045348],[-35.925921,-6.046839],[-35.930766,-6.047263],[-35.931453,-6.048157],[-35.931248,-6.049344],[-35.93065,-6.050134],[-35.923912,-6.051976],[-35.922621,-6.053058],[-35.922514,-6.054643],[-35.9232,-6.055637],[-35.924384,-6.056137],[-35.926165,-6.05595],[-35.929437,-6.054781],[-35.932006,-6.055291],[-35.933369,-6.059061],[-35.93445,-6.060354],[-35.936421,-6.061554],[-35.938203,-6.061465],[-35.940788,-6.059102],[-35.942565,-6.059708],[-35.94405,-6.059518],[-35.946338,-6.057154],[-35.948906,-6.057961],[-35.949851,-6.058636],[-35.950645,-6.060556],[-35.952351,-6.06117],[-35.954055,-6.062388],[-35.955065,-6.06189],[-35.9562,-6.062755],[-35.956078,-6.066913],[-35.956467,-6.068005],[-35.957944,-6.069202],[-35.959326,-6.069704],[-35.961503,-6.069617],[-35.964662,-6.070922],[-35.967324,-6.072522],[-35.968696,-6.074708],[-35.967994,-6.076388],[-35.967597,-6.076783],[-35.966805,-6.076778],[-35.960872,-6.076249],[-35.958111,-6.074946],[-35.954949,-6.074137],[-35.947825,-6.074294],[-35.945948,-6.073788],[-35.945951,-6.073293],[-35.944771,-6.071998],[-35.944678,-6.071008],[-35.943695,-6.069815],[-35.942513,-6.069015],[-35.940239,-6.068607],[-35.939547,-6.068701],[-35.938551,-6.069884],[-35.939317,-6.074345],[-35.938124,-6.075427],[-35.936837,-6.07552],[-35.935559,-6.074125],[-35.933894,-6.071146],[-35.934118,-6.066591],[-35.933631,-6.065302],[-35.932845,-6.064406],[-35.930076,-6.064092],[-35.928689,-6.06458],[-35.927495,-6.065861],[-35.924221,-6.067426],[-35.923799,-6.072078],[-35.922097,-6.075633],[-35.922473,-6.079201],[-35.923453,-6.08079],[-35.923341,-6.083067],[-35.919851,-6.087999],[-35.920034,-6.090475],[-35.921107,-6.093254],[-35.923168,-6.096038],[-35.923937,-6.100004],[-35.925708,-6.101697],[-35.930051,-6.103505],[-35.936479,-6.103938],[-35.937175,-6.103347],[-35.938363,-6.103156],[-35.945278,-6.10478],[-35.948454,-6.103015],[-35.949935,-6.103718],[-35.951703,-6.105904],[-35.954968,-6.105726],[-35.957445,-6.105144],[-35.958344,-6.103566],[-35.958951,-6.101291],[-35.959846,-6.100406],[-35.960539,-6.10031],[-35.963405,-6.100724],[-35.965177,-6.102516],[-35.967054,-6.102724],[-35.969325,-6.103727],[-35.969704,-6.1068],[-35.97167,-6.109089],[-35.971363,-6.110869],[-35.968778,-6.113133],[-35.966602,-6.11302],[-35.964718,-6.113605],[-35.963625,-6.114489],[-35.964292,-6.119048],[-35.962999,-6.120428],[-35.961809,-6.120716],[-35.95895,-6.118919],[-35.956275,-6.119597],[-35.952713,-6.119578],[-35.950944,-6.117586],[-35.950359,-6.115999],[-35.948489,-6.114404],[-35.947599,-6.114201],[-35.945223,-6.114583],[-35.943347,-6.113879],[-35.941663,-6.114265],[-35.939874,-6.115642],[-35.936019,-6.115125],[-35.935024,-6.116109],[-35.933968,-6.118579],[-35.935191,-6.121456],[-35.939827,-6.124058],[-35.941894,-6.125852],[-35.941892,-6.126249],[-35.943863,-6.127548],[-35.946039,-6.12756],[-35.948207,-6.129354],[-35.948302,-6.12985],[-35.951858,-6.13096],[-35.953135,-6.132353],[-35.956202,-6.13247],[-35.960532,-6.136752],[-35.963894,-6.13707],[-35.965073,-6.138263],[-35.966948,-6.139067],[-35.968142,-6.138083],[-35.970021,-6.138391],[-35.969503,-6.142448],[-35.970094,-6.142847],[-35.970086,-6.144234],[-35.969785,-6.145023],[-35.965233,-6.145098],[-35.963845,-6.145683],[-35.961655,-6.148048],[-35.957795,-6.148224],[-35.956397,-6.150494],[-35.954517,-6.150286],[-35.951739,-6.151755],[-35.952124,-6.153836],[-35.953502,-6.154933],[-35.953996,-6.155233],[-35.956173,-6.154948],[-35.960218,-6.157051],[-35.960215,-6.157546],[-35.961198,-6.158741],[-35.961195,-6.159433],[-35.96089,-6.16062],[-35.959402,-6.161206],[-35.958413,-6.1613],[-35.956344,-6.159901],[-35.95466,-6.16009],[-35.953475,-6.159686],[-35.951111,-6.15799],[-35.943985,-6.158147],[-35.939451,-6.155349],[-35.935888,-6.155329],[-35.934703,-6.154924],[-35.931056,-6.152725],[-35.930074,-6.151234],[-35.929794,-6.14836],[-35.927341,-6.144882],[-35.927934,-6.144785],[-35.928435,-6.143898],[-35.928733,-6.138563],[-35.930957,-6.135495],[-35.931267,-6.133219],[-35.92973,-6.13195],[-35.926522,-6.1323],[-35.925537,-6.1317],[-35.925555,-6.128531],[-35.92428,-6.126544],[-35.923195,-6.125944],[-35.920759,-6.125577],[-35.918061,-6.122035],[-35.916453,-6.122126],[-35.915035,-6.123427],[-35.915334,-6.124135],[-35.915026,-6.125039],[-35.913307,-6.126441],[-35.913097,-6.127851],[-35.914281,-6.13209],[-35.913751,-6.134109],[-35.910872,-6.135577],[-35.908885,-6.137151],[-35.904924,-6.137622],[-35.904229,-6.138115],[-35.904026,-6.138904],[-35.901615,-6.140201],[-35.894909,-6.136456],[-35.891685,-6.137243],[-35.890066,-6.138747],[-35.889957,-6.140156],[-35.891457,-6.141777],[-35.892518,-6.144481],[-35.890825,-6.146453],[-35.88971,-6.150903],[-35.88862,-6.151291],[-35.884765,-6.151018],[-35.882676,-6.152544],[-35.879312,-6.152722],[-35.877267,-6.153364],[-35.875037,-6.156262],[-35.871763,-6.157629],[-35.870409,-6.158772],[-35.877909,-6.156944],[-35.889396,-6.159149],[-35.892156,-6.156675],[-35.895053,-6.158024],[-35.898397,-6.154246],[-35.89957,-6.153829],[-35.900587,-6.154759],[-35.902346,-6.153964],[-35.902984,-6.154311],[-35.904221,-6.154015],[-35.904859,-6.15446],[-35.906153,-6.154028],[-35.906865,-6.153046],[-35.908519,-6.152853],[-35.911268,-6.150276],[-35.915659,-6.151558],[-35.916414,-6.153351],[-35.917821,-6.154399],[-35.917425,-6.155128],[-35.916098,-6.155775],[-35.915909,-6.15764],[-35.916351,-6.158453],[-35.918919,-6.160704],[-35.919984,-6.161092],[-35.920825,-6.162361],[-35.922336,-6.161821],[-35.923251,-6.162331],[-35.92318,-6.164104],[-35.921952,-6.167003],[-35.922795,-6.170164],[-35.925472,-6.1718],[-35.929041,-6.171949],[-35.936477,-6.170313],[-35.938401,-6.168048],[-35.940685,-6.16624],[-35.951825,-6.170607],[-35.953153,-6.171951],[-35.955247,-6.172331],[-35.956493,-6.168335],[-35.957462,-6.168188],[-35.958299,-6.169126],[-35.959277,-6.169257],[-35.96154,-6.171741],[-35.964806,-6.173007],[-35.965191,-6.175542],[-35.966054,-6.175256],[-35.966544,-6.175599],[-35.967717,-6.174862],[-35.968357,-6.175258],[-35.971106,-6.175265],[-35.971481,-6.17559],[-35.972006,-6.173639],[-35.971973,-6.171247],[-35.970479,-6.169678],[-35.968737,-6.169307],[-35.9695,-6.168752],[-35.971925,-6.169251],[-35.972391,-6.164366],[-35.968299,-6.156371],[-35.965729,-6.154277],[-35.965919,-6.152088],[-35.968679,-6.150185],[-35.975938,-6.149196],[-35.980673,-6.147308],[-35.981126,-6.149368],[-35.982205,-6.149522],[-35.982721,-6.149256],[-35.983173,-6.147978],[-35.984915,-6.148201],[-35.984912,-6.146648],[-35.986715,-6.145487],[-35.985136,-6.143794],[-35.985036,-6.143213],[-35.986798,-6.140811],[-35.985806,-6.138304],[-35.986148,-6.137037],[-35.985526,-6.135809],[-35.984758,-6.135791],[-35.983443,-6.125688],[-35.983471,-6.120711],[-35.985458,-6.120757],[-35.988426,-6.118467],[-35.989208,-6.116034],[-35.988786,-6.115412],[-35.989321,-6.113706],[-35.988881,-6.113283],[-35.989892,-6.113036],[-35.989094,-6.112171],[-35.988733,-6.110436],[-35.990228,-6.109662],[-35.988753,-6.107599],[-35.989863,-6.106653],[-35.990001,-6.105691],[-35.987974,-6.104199],[-35.988029,-6.094248],[-35.98869,-6.094643],[-35.99066,-6.094382],[-35.991293,-6.094679],[-35.992125,-6.094174],[-35.992268,-6.092866],[-35.99409,-6.091718],[-35.994629,-6.08743],[-35.998762,-6.08688],[-35.999983,-6.087088],[-36.001273,-6.088069],[-36.003655,-6.08718],[-36.004408,-6.086303],[-36.005226,-6.086103],[-36.01208,-6.087122],[-36.018743,-6.092364],[-36.021955,-6.091935],[-36.023669,-6.088723],[-36.022955,-6.086867],[-36.021741,-6.085225],[-36.021884,-6.083583],[-36.023092,-6.080203],[-36.022414,-6.078977],[-36.022978,-6.077704],[-36.021992,-6.075601],[-36.023561,-6.075382],[-36.023863,-6.073455],[-36.024862,-6.072133],[-36.025089,-6.070971],[-36.02679,-6.072295],[-36.028758,-6.072696],[-36.030231,-6.070993],[-36.031778,-6.07149],[-36.034104,-6.074349],[-36.035159,-6.074132],[-36.035688,-6.073583],[-36.035444,-6.075982],[-36.036369,-6.0766],[-36.039659,-6.081775],[-36.045465,-6.086248],[-36.048858,-6.090115],[-36.052491,-6.091433],[-36.062077,-6.091619],[-36.063338,-6.09254],[-36.06765,-6.099033],[-36.069684,-6.100142],[-36.069665,-6.101027],[-36.071712,-6.101022],[-36.074431,-6.102163],[-36.07499,-6.101818],[-36.077259,-6.101936],[-36.077828,-6.101362],[-36.080649,-6.104375],[-36.082272,-6.103727],[-36.083507,-6.101918],[-36.083302,-6.099439],[-36.084054,-6.097321],[-36.084878,-6.097325],[-36.085103,-6.097788],[-36.086498,-6.097334],[-36.087502,-6.098335],[-36.090365,-6.09968],[-36.091883,-6.099522],[-36.092673,-6.100121],[-36.094418,-6.099894],[-36.095464,-6.100528],[-36.095746,-6.099521],[-36.096539,-6.099214],[-36.100045,-6.100245],[-36.107402,-6.100287],[-36.11025,-6.102363],[-36.112659,-6.105024],[-36.114613,-6.106238],[-36.1158,-6.104186],[-36.116473,-6.1042],[-36.11728,-6.103053],[-36.119034,-6.102085],[-36.117719,-6.099212],[-36.116304,-6.097789],[-36.117557,-6.096083],[-36.117717,-6.095577],[-36.117146,-6.09487],[-36.118835,-6.091006],[-36.121022,-6.089452],[-36.121002,-6.088559],[-36.122625,-6.088233],[-36.125664,-6.091519],[-36.12668,-6.091498],[-36.127081,-6.088738],[-36.127961,-6.088157],[-36.129032,-6.08826],[-36.13184,-6.091494],[-36.134672,-6.090241],[-36.136717,-6.090448],[-36.139619,-6.094755],[-36.144237,-6.097398],[-36.152911,-6.105367],[-36.156679,-6.107776],[-36.157613,-6.109071],[-36.159128,-6.106742],[-36.162376,-6.108109],[-36.163002,-6.110091],[-36.164155,-6.10964],[-36.164293,-6.11134],[-36.16575,-6.113301],[-36.165879,-6.115082],[-36.168486,-6.117119],[-36.168915,-6.117327],[-36.169476,-6.116947],[-36.16962,-6.116208],[-36.171213,-6.117801],[-36.172814,-6.118493],[-36.172904,-6.121757],[-36.173105,-6.12254],[-36.173656,-6.122902],[-36.17816,-6.123802],[-36.182115,-6.126343],[-36.183124,-6.125907],[-36.184258,-6.126976],[-36.185146,-6.126408],[-36.185625,-6.126772],[-36.187287,-6.126738],[-36.18841,-6.127427],[-36.190017,-6.12934],[-36.192991,-6.131244],[-36.201565,-6.130928],[-36.202484,-6.132645],[-36.203861,-6.132078],[-36.205868,-6.133006],[-36.209031,-6.133339],[-36.20953,-6.133098],[-36.210756,-6.133621],[-36.211489,-6.133177],[-36.21202,-6.133435],[-36.212948,-6.132942],[-36.21342,-6.133186],[-36.214043,-6.132526],[-36.215858,-6.133775],[-36.2162,-6.134915],[-36.216817,-6.135065],[-36.219455,-6.142559],[-36.223033,-6.144319],[-36.22496,-6.148173],[-36.225103,-6.155098],[-36.227173,-6.158096],[-36.227673,-6.162664],[-36.226102,-6.164092],[-36.223446,-6.165072],[-36.223111,-6.166427],[-36.223562,-6.167559],[-36.223105,-6.170347],[-36.223457,-6.171759],[-36.223989,-6.17254],[-36.227643,-6.174663],[-36.227882,-6.175719],[-36.229343,-6.176949],[-36.229916,-6.179097],[-36.231558,-6.182032],[-36.233686,-6.185165],[-36.234947,-6.186342],[-36.238065,-6.186748],[-36.239922,-6.185685],[-36.24247,-6.183064],[-36.245305,-6.181324],[-36.247565,-6.177629],[-36.248545,-6.176756],[-36.249618,-6.176468],[-36.250702,-6.174328],[-36.251773,-6.174334],[-36.254295,-6.176047],[-36.254156,-6.174076],[-36.256594,-6.174058],[-36.259375,-6.172649],[-36.260993,-6.171338],[-36.263066,-6.173133],[-36.264489,-6.173453],[-36.265151,-6.175482],[-36.266813,-6.17648],[-36.267048,-6.177221],[-36.266676,-6.177956],[-36.271922,-6.178133],[-36.272687,-6.178659],[-36.273673,-6.180485],[-36.274407,-6.180832],[-36.277195,-6.179767],[-36.280024,-6.179634],[-36.281146,-6.180277],[-36.284291,-6.18025],[-36.285549,-6.179217],[-36.286946,-6.178983],[-36.288531,-6.180004],[-36.290084,-6.179836],[-36.290793,-6.180211],[-36.292154,-6.178843],[-36.291559,-6.17727],[-36.291917,-6.176939],[-36.291865,-6.175619],[-36.29294,-6.175255],[-36.294716,-6.175608],[-36.295426,-6.175136],[-36.294155,-6.170251],[-36.293223,-6.169649],[-36.29289,-6.168943],[-36.293542,-6.166118],[-36.29127,-6.155672],[-36.289367,-6.149012],[-36.289521,-6.146672],[-36.290323,-6.14537],[-36.290288,-6.144492],[-36.289685,-6.144049],[-36.289362,-6.139671],[-36.290766,-6.139558],[-36.294636,-6.13796],[-36.295404,-6.13581],[-36.296623,-6.135115],[-36.29709,-6.134173],[-36.298136,-6.133768],[-36.299021,-6.131411],[-36.301419,-6.128906],[-36.300946,-6.127866],[-36.299584,-6.127073],[-36.29939,-6.124781],[-36.300978,-6.12367],[-36.303274,-6.120124],[-36.302411,-6.118337],[-36.30259,-6.117654],[-36.30204,-6.116936],[-36.301881,-6.115607],[-36.302214,-6.114625],[-36.303036,-6.11354],[-36.304749,-6.113655],[-36.30526,-6.113303],[-36.307648,-6.115194],[-36.309463,-6.115014],[-36.311454,-6.116495],[-36.311953,-6.115869],[-36.312992,-6.115534],[-36.313419,-6.116438],[-36.314687,-6.11706],[-36.317344,-6.11576],[-36.317677,-6.116763],[-36.321804,-6.116026],[-36.321253,-6.11422],[-36.323983,-6.113374],[-36.324108,-6.11195],[-36.325524,-6.111594],[-36.32893,-6.109361],[-36.328408,-6.108877],[-36.328154,-6.106913],[-36.328618,-6.106012],[-36.328287,-6.104958],[-36.328858,-6.103509],[-36.332921,-6.103409],[-36.335319,-6.101386],[-36.338061,-6.100569],[-36.3396,-6.098908],[-36.348507,-6.095874],[-36.348908,-6.095463],[-36.348188,-6.095461],[-36.347512,-6.093993],[-36.349962,-6.091176],[-36.352134,-6.085528],[-36.353607,-6.083195],[-36.359366,-6.081272],[-36.362295,-6.081509],[-36.365717,-6.078181],[-36.368744,-6.07683],[-36.36982,-6.075957],[-36.370815,-6.071961],[-36.37238,-6.070798],[-36.373354,-6.070608],[-36.375446,-6.068919],[-36.376402,-6.065258],[-36.375245,-6.062911],[-36.373906,-6.061388],[-36.373419,-6.059861],[-36.370786,-6.059753],[-36.369523,-6.058772],[-36.367881,-6.055837],[-36.365451,-6.05446],[-36.364087,-6.054355],[-36.361843,-6.05493],[-36.35883,-6.053354],[-36.357562,-6.053348],[-36.354434,-6.055478],[-36.35209,-6.056541],[-36.349847,-6.056627],[-36.34946,-6.056235],[-36.347803,-6.056226],[-36.346734,-6.055636],[-36.346462,-6.051537],[-36.344337,-6.047625],[-36.344561,-6.041676],[-36.343883,-6.040892],[-36.342715,-6.040691],[-36.33803,-6.042033],[-36.336376,-6.041635],[-36.335215,-6.040069],[-36.335424,-6.037046],[-36.332609,-6.034984],[-36.331537,-6.034784],[-36.330376,-6.032924],[-36.330487,-6.030486],[-36.329046,-6.026186],[-36.331998,-6.020347],[-36.332102,-6.018983],[-36.330564,-6.014488],[-36.331255,-6.012735],[-36.332333,-6.011472],[-36.331082,-6.008442],[-36.330948,-6.00525],[-36.329849,-6.003936],[-36.327334,-6.004326],[-36.327038,-6.003217],[-36.327248,-6.00181],[-36.324278,-5.999234],[-36.322765,-5.995953],[-36.319646,-5.99408],[-36.317692,-5.993874],[-36.316039,-5.9923],[-36.316738,-5.989173],[-36.318108,-5.988885],[-36.319079,-5.990065],[-36.32035,-5.990071],[-36.321038,-5.989193],[-36.321635,-5.986946],[-36.322421,-5.986264],[-36.324858,-5.987647],[-36.326409,-5.9901],[-36.32758,-5.990497],[-36.330916,-5.98797],[-36.332088,-5.988074],[-36.333353,-5.989058],[-36.334916,-5.98936],[-36.337364,-5.98849],[-36.338551,-5.985757],[-36.338754,-5.984093],[-36.340717,-5.982439],[-36.340336,-5.980285],[-36.339558,-5.979498],[-36.337607,-5.978804],[-36.336441,-5.977331],[-36.333503,-5.978589],[-36.331835,-5.979852],[-36.331054,-5.979654],[-36.330085,-5.978083],[-36.327643,-5.977679],[-36.326866,-5.976794],[-36.326387,-5.974737],[-36.323455,-5.974724],[-36.321613,-5.971486],[-36.319952,-5.971477],[-36.319276,-5.969516],[-36.319675,-5.968149],[-36.321344,-5.966396],[-36.325738,-5.967395],[-36.326427,-5.96642],[-36.325853,-5.963971],[-36.32615,-5.962897],[-36.326637,-5.963388],[-36.328008,-5.962808],[-36.329874,-5.960957],[-36.331241,-5.961257],[-36.332708,-5.96097],[-36.33321,-5.958136],[-36.333994,-5.95765],[-36.334975,-5.957166],[-36.336439,-5.957467],[-36.339188,-5.955131],[-36.342016,-5.956221],[-36.342994,-5.955932],[-36.344964,-5.952713],[-36.345504,-5.949369],[-36.347962,-5.948989],[-36.348966,-5.948195],[-36.349399,-5.946917],[-36.35208,-5.946484],[-36.352966,-5.945314],[-36.35307,-5.943944],[-36.351227,-5.941],[-36.351436,-5.938261],[-36.350268,-5.936984],[-36.349389,-5.93698],[-36.346094,-5.93119],[-36.34415,-5.929028],[-36.342795,-5.926281],[-36.34311,-5.921781],[-36.342335,-5.920407],[-36.342146,-5.918841],[-36.34303,-5.917965],[-36.342843,-5.916105],[-36.336125,-5.910984],[-36.328882,-5.913102],[-36.327514,-5.913193],[-36.323708,-5.912001],[-36.321665,-5.910229],[-36.321668,-5.909546],[-36.321181,-5.909347],[-36.321002,-5.905922],[-36.322476,-5.903971],[-36.325411,-5.9033],[-36.329811,-5.902931],[-36.332244,-5.904997],[-36.333612,-5.905004],[-36.33489,-5.903444],[-36.334707,-5.901734],[-36.333058,-5.89919],[-36.332225,-5.895799],[-36.333058,-5.894134],[-36.333033,-5.893064],[-36.331518,-5.890403],[-36.333629,-5.887915],[-36.332428,-5.885757],[-36.331548,-5.884912],[-36.330774,-5.884766],[-36.330614,-5.883292],[-36.330978,-5.882585],[-36.330306,-5.881611],[-36.330322,-5.880286],[-36.331111,-5.879021],[-36.330502,-5.879033],[-36.329749,-5.876303],[-36.328902,-5.8754],[-36.32812,-5.875397],[-36.324483,-5.879978],[-36.321841,-5.880846],[-36.319027,-5.876429],[-36.317759,-5.875934],[-36.316195,-5.875926],[-36.31365,-5.876893],[-36.313158,-5.877674],[-36.311102,-5.878544],[-36.308561,-5.87863],[-36.308068,-5.879509],[-36.309516,-5.883233],[-36.309511,-5.884212],[-36.308617,-5.887338],[-36.308396,-5.892621],[-36.308099,-5.893304],[-36.305753,-5.893391],[-36.305068,-5.893877],[-36.304067,-5.898765],[-36.302888,-5.900031],[-36.301033,-5.899729],[-36.298991,-5.897664],[-36.29822,-5.895508],[-36.293247,-5.893234],[-36.288987,-5.884895],[-36.288604,-5.883328],[-36.2892,-5.881275],[-36.287063,-5.878918],[-36.286094,-5.877052],[-36.283856,-5.875086],[-36.280568,-5.867828],[-36.279985,-5.867238],[-36.276472,-5.86634],[-36.275294,-5.867314],[-36.274221,-5.867113],[-36.273152,-5.86564],[-36.272484,-5.862504],[-36.271614,-5.860642],[-36.272312,-5.857612],[-36.271834,-5.855457],[-36.270479,-5.852906],[-36.270483,-5.852025],[-36.272541,-5.850763],[-36.273224,-5.850963],[-36.276915,-5.855579],[-36.27877,-5.855686],[-36.279459,-5.854907],[-36.279952,-5.854126],[-36.279572,-5.851579],[-36.277341,-5.848438],[-36.276569,-5.846381],[-36.276967,-5.844817],[-36.277656,-5.84394],[-36.280004,-5.84307],[-36.280595,-5.842094],[-36.280697,-5.841409],[-36.279539,-5.838273],[-36.278467,-5.83768],[-36.276731,-5.835796],[-36.272863,-5.838754],[-36.26961,-5.842341],[-36.266587,-5.84363],[-36.265268,-5.840873],[-36.264413,-5.837392],[-36.263173,-5.836737],[-36.261531,-5.834344],[-36.262236,-5.832187],[-36.259545,-5.832421],[-36.259117,-5.831462],[-36.251061,-5.836223],[-36.248478,-5.83363],[-36.246222,-5.833341],[-36.245815,-5.834287],[-36.246023,-5.835429],[-36.247571,-5.836377],[-36.247579,-5.837256],[-36.248719,-5.838316],[-36.248937,-5.839661],[-36.250054,-5.84087],[-36.250422,-5.843874],[-36.251295,-5.845123],[-36.249614,-5.846506],[-36.247064,-5.846284],[-36.24532,-5.846613],[-36.244631,-5.847312],[-36.245203,-5.8493]],[[-36.278256,-5.931614],[-36.276416,-5.936719],[-36.275673,-5.935969],[-36.270008,-5.939109],[-36.268545,-5.939002],[-36.264265,-5.934774],[-36.262422,-5.932123],[-36.26214,-5.929775],[-36.259904,-5.927414],[-36.260111,-5.923953],[-36.262578,-5.920285],[-36.262299,-5.91725],[-36.260357,-5.9145],[-36.259685,-5.912442],[-36.260091,-5.909313],[-36.259032,-5.906177],[-36.25943,-5.904809],[-36.259917,-5.904811],[-36.262346,-5.90776],[-36.263323,-5.907764],[-36.263913,-5.907082],[-36.263339,-5.904438],[-36.261109,-5.900903],[-36.260647,-5.895519],[-36.262121,-5.893863],[-36.264349,-5.892679],[-36.265106,-5.89055],[-36.266043,-5.891142],[-36.268078,-5.894479],[-36.269714,-5.899772],[-36.271141,-5.907411],[-36.27472,-5.91506],[-36.275184,-5.920151],[-36.277211,-5.925249],[-36.278256,-5.931614]],[[-36.217644,-5.967124],[-36.219297,-5.968501],[-36.220458,-5.97105],[-36.221431,-5.971839],[-36.222797,-5.97253],[-36.224956,-5.970389],[-36.22613,-5.970297],[-36.22778,-5.972556],[-36.229826,-5.97374],[-36.232842,-5.976397],[-36.23323,-5.977183],[-36.234399,-5.977971],[-36.236351,-5.978079],[-36.23781,-5.979651],[-36.236287,-5.982982],[-36.236389,-5.983942],[-36.23553,-5.985059],[-36.234038,-5.985478],[-36.232338,-5.984722],[-36.230736,-5.985248],[-36.229665,-5.986362],[-36.229655,-5.988221],[-36.231009,-5.991211],[-36.235111,-5.991819],[-36.236082,-5.9929],[-36.236661,-5.994567],[-36.236353,-5.997206],[-36.234788,-5.997589],[-36.232445,-5.997089],[-36.230486,-5.998058],[-36.228147,-5.996774],[-36.22659,-5.9952],[-36.222194,-5.994982],[-36.216169,-5.988202],[-36.210993,-5.987488],[-36.210027,-5.985331],[-36.210032,-5.984352],[-36.210821,-5.98289],[-36.211801,-5.982307],[-36.212198,-5.981233],[-36.212107,-5.979863],[-36.209116,-5.972118],[-36.206589,-5.969463],[-36.206497,-5.968485],[-36.20533,-5.967108],[-36.199189,-5.964143],[-36.198119,-5.962963],[-36.197832,-5.961787],[-36.198621,-5.960519],[-36.200681,-5.959062],[-36.198781,-5.951913],[-36.200672,-5.950698],[-36.201794,-5.95129],[-36.203065,-5.951296],[-36.204145,-5.950031],[-36.205319,-5.950037],[-36.206486,-5.951216],[-36.20628,-5.95327],[-36.207149,-5.955329],[-36.21085,-5.957695],[-36.212412,-5.957997],[-36.213963,-5.96045],[-36.21601,-5.961733],[-36.217644,-5.967124]]],[[[-36.379332,-5.934021],[-36.378488,-5.934602],[-36.377988,-5.936185],[-36.379323,-5.936832],[-36.379597,-5.936443],[-36.379332,-5.934021]]],[[[-36.382445,-5.928206],[-36.382131,-5.928],[-36.382358,-5.928421],[-36.382445,-5.928206]]]]}},{"type":"Feature","id":28,"properties":{"unidade":"RLe - Neossolo Litilico Eutrtfico","ordem":"NEOSSOLO","subordem":"LITSLICO","textura":"arenosa e modia","relevo":"forte ondulado e montanhoso","fator_k":0.053,"fonte":"Folhas SB.24 e SB.25 - RADAMBRASIL (1981)"},"geometry":{"type":"Polygon","coordinates":[[[-35.883123,-5.868178],[-35.885625,-5.867421],[-35.886445,-5.866304],[-35.886757,-5.865285],[-35.886258,-5.86324],[-35.886977,-5.862428],[-35.887393,-5.861001],[-35.88679,-5.859467],[-35.886282,-5.859158],[-35.88098,-5.859537],[-35.881185,-5.859335],[-35.88078,-5.858821],[-35.881605,-5.857192],[-35.883339,-5.856691],[-35.884568,-5.855576],[-35.884476,-5.853841],[-35.88336,-5.852917],[-35.878784,-5.851054],[-35.879103,-5.848912],[-35.880634,-5.848308],[-35.881456,-5.847395],[-35.881971,-5.84607],[-35.881778,-5.844232],[-35.880427,-5.843139],[-35.879857,-5.841364],[-35.877111,-5.840327],[-35.876308,-5.838181],[-35.874688,-5.836334],[-35.87214,-5.83632],[-35.870806,-5.837843],[-35.871399,-5.841113],[-35.871087,-5.842234],[-35.869252,-5.842529],[-35.868137,-5.841401],[-35.867424,-5.841396],[-35.866099,-5.841491],[-35.865074,-5.842505],[-35.865167,-5.843935],[-35.865874,-5.845368],[-35.867801,-5.84691],[-35.869633,-5.847328],[-35.869453,-5.848424],[-35.867264,-5.851842],[-35.867259,-5.852928],[-35.868066,-5.854056],[-35.869287,-5.85447],[-35.870706,-5.855805],[-35.869871,-5.859475],[-35.872302,-5.862141],[-35.8725,-5.863163],[-35.873109,-5.863779],[-35.878616,-5.863197],[-35.88024,-5.864431],[-35.881244,-5.867091],[-35.883123,-5.868178]]]}},{"type":"Feature","id":29,"properties":{"unidade":"RLe - Neossolo Litilico Eutrtfico","ordem":"NEOSSOLO","subordem":"LITSLICO","textura":"arenosa e modia","relevo":"forte ondulado e montanhoso","fator_k":0.053,"fonte":"Folhas SB.24 e SB.25 - RADAMBRASIL (1981)"},"geometry":{"type":"Polygon","coordinates":[[[-35.897924,-5.960575],[-35.902244,-5.957737],[-35.907,-5.95795],[-35.908326,-5.957771],[-35.911092,-5.956547],[-35.91088,-5.955214],[-35.909969,-5.953983],[-35.907832,-5.95332],[-35.907269,-5.952356],[-35.906974,-5.950313],[-35.905757,-5.949182],[-35.905357,-5.947853],[-35.906074,-5.947245],[-35.909131,-5.947466],[-35.91137,-5.950599],[-35.91217,-5.951105],[-35.914415,-5.950456],[-35.915944,-5.950465],[-35.918994,-5.951809],[-35.921037,-5.951106],[-35.922064,-5.949683],[-35.921765,-5.948455],[-35.92116,-5.947431],[-35.916278,-5.945466],[-35.915269,-5.943623],[-35.914253,-5.942902],[-35.912009,-5.943094],[-35.910585,-5.942678],[-35.908452,-5.94144],[-35.907696,-5.939994],[-35.905782,-5.94099],[-35.902133,-5.941201],[-35.900301,-5.940375],[-35.897773,-5.936891],[-35.896354,-5.935556],[-35.894008,-5.935747],[-35.891545,-5.938693],[-35.890728,-5.939097],[-35.888179,-5.939082],[-35.887157,-5.939689],[-35.887044,-5.941423],[-35.889883,-5.944194],[-35.892735,-5.944824],[-35.896791,-5.94777],[-35.898525,-5.948325],[-35.900248,-5.949968],[-35.900345,-5.950887],[-35.899625,-5.952006],[-35.896264,-5.951477],[-35.895546,-5.952187],[-35.895439,-5.953104],[-35.894307,-5.955139],[-35.894501,-5.956773],[-35.897924,-5.960575]]]}},{"type":"Feature","id":30,"properties":{"unidade":"RLe - Neossolo Litilico Eutrtfico","ordem":"NEOSSOLO","subordem":"LITSLICO","textura":"arenosa e modia","relevo":"forte ondulado e montanhoso","fator_k":0.053,"fonte":"Folhas SB.24 e SB.25 - RADAMBRASIL (1981)"},"geometry":{"type":"Polygon","coordinates":[[[-35.875093,-6.094621],[-35.881259,-6.095047],[-35.882554,-6.093568],[-35.882562,-6.092183],[-35.881782,-6.090197],[-35.882184,-6.089112],[-35.881797,-6.087524],[-35.880317,-6.086822],[-35.879044,-6.084835],[-35.876669,-6.084821],[-35.87588,-6.084519],[-35.874699,-6.083224],[-35.874112,-6.082231],[-35.87413,-6.079261],[-35.873154,-6.076879],[-35.871972,-6.075981],[-35.868311,-6.076157],[-35.867033,-6.074864],[-35.865968,-6.070896],[-35.863867,-6.070192],[-35.863313,-6.06926],[-35.861303,-6.068945],[-35.859599,-6.067964],[-35.859011,-6.06707],[-35.857234,-6.066368],[-35.855255,-6.066455],[-35.852474,-6.068321],[-35.8501,-6.068504],[-35.847813,-6.070669],[-35.846325,-6.071056],[-35.845542,-6.069764],[-35.842379,-6.069153],[-35.840905,-6.067559],[-35.841105,-6.067362],[-35.840018,-6.067158],[-35.837644,-6.067441],[-35.83427,-6.069105],[-35.832687,-6.068997],[-35.831802,-6.068298],[-35.829577,-6.064505],[-35.824603,-6.064593],[-35.823224,-6.063395],[-35.820059,-6.063477],[-35.81807,-6.065346],[-35.81612,-6.06609],[-35.815216,-6.065782],[-35.813039,-6.063039],[-35.811754,-6.063032],[-35.808582,-6.064004],[-35.806394,-6.065971],[-35.800058,-6.067023],[-35.794525,-6.065999],[-35.793049,-6.064705],[-35.792965,-6.062228],[-35.791385,-6.061822],[-35.78633,-6.063575],[-35.785526,-6.065847],[-35.786596,-6.068823],[-35.786289,-6.070504],[-35.782713,-6.073157],[-35.782798,-6.075335],[-35.783485,-6.076429],[-35.787823,-6.078732],[-35.788308,-6.080319],[-35.787806,-6.081505],[-35.785847,-6.08252],[-35.783826,-6.08445],[-35.784607,-6.086172],[-35.787179,-6.08599],[-35.78955,-6.0864],[-35.790935,-6.086211],[-35.792326,-6.085326],[-35.792948,-6.080577],[-35.794446,-6.078112],[-35.796333,-6.076936],[-35.797718,-6.076844],[-35.798504,-6.07764],[-35.799886,-6.078045],[-35.803061,-6.076579],[-35.807022,-6.07571],[-35.809116,-6.072753],[-35.811399,-6.071777],[-35.814168,-6.071693],[-35.815147,-6.073283],[-35.814939,-6.075064],[-35.81434,-6.075853],[-35.811363,-6.07752],[-35.80977,-6.079391],[-35.809962,-6.080678],[-35.811584,-6.082273],[-35.811478,-6.083262],[-35.809092,-6.085227],[-35.809771,-6.087706],[-35.81046,-6.088108],[-35.812142,-6.088218],[-35.817397,-6.086167],[-35.818881,-6.085979],[-35.82514,-6.081462],[-35.829101,-6.08089],[-35.829891,-6.080895],[-35.832438,-6.085166],[-35.834802,-6.086864],[-35.836188,-6.086576],[-35.836192,-6.08618],[-35.841455,-6.082448],[-35.842841,-6.082257],[-35.845214,-6.082469],[-35.847079,-6.085054],[-35.848165,-6.085557],[-35.853697,-6.086678],[-35.855284,-6.085797],[-35.857462,-6.08571],[-35.859048,-6.085026],[-35.859456,-6.082949],[-35.860251,-6.081963],[-35.861835,-6.081873],[-35.863015,-6.083168],[-35.864004,-6.083173],[-35.865394,-6.082389],[-35.867072,-6.082796],[-35.867465,-6.083292],[-35.867257,-6.085172],[-35.867942,-6.086266],[-35.869125,-6.087065],[-35.872483,-6.087975],[-35.874552,-6.089571],[-35.875093,-6.094621]]]}},{"type":"Feature","id":31,"properties":{"unidade":"RYve - Neossolo FlTvico Ta Eutrtfico","ordem":"NEOSSOLO","subordem":"FLOVICO","textura":"indiscriminada","relevo":"plano","fator_k":0.053,"fonte":"Folhas SB.24 e SB.25 - RADAMBRASIL (1981)"},"geometry":{"type":"Polygon","coordinates":[[[-35.398325,-5.792804],[-35.395715,-5.793654],[-35.392948,-5.79639],[-35.391723,-5.796892],[-35.387333,-5.797467],[-35.38636,-5.798436],[-35.385727,-5.801901],[-35.383984,-5.803726],[-35.381743,-5.803711],[-35.379338,-5.806527],[-35.37763,-5.8075],[-35.377384,-5.808722],[-35.376813,-5.809253],[-35.375287,-5.809189],[-35.37204,-5.807934],[-35.370106,-5.80782],[-35.368165,-5.808623],[-35.367045,-5.808615],[-35.365317,-5.808197],[-35.364099,-5.807373],[-35.361757,-5.807359],[-35.358387,-5.808865],[-35.356747,-5.810487],[-35.352238,-5.813161],[-35.351125,-5.813409],[-35.34808,-5.81186],[-35.345553,-5.812219],[-35.344378,-5.813671],[-35.346303,-5.816429],[-35.348612,-5.816846],[-35.34951,-5.817558],[-35.3496,-5.819471],[-35.346374,-5.820962],[-35.342894,-5.82127],[-35.343027,-5.823484],[-35.344098,-5.824235],[-35.344093,-5.824847],[-35.34591,-5.827512],[-35.34743,-5.828542],[-35.348855,-5.828755],[-35.351417,-5.82673],[-35.353151,-5.826129],[-35.358637,-5.828409],[-35.361079,-5.828527],[-35.36251,-5.827926],[-35.364252,-5.826406],[-35.367435,-5.822348],[-35.36856,-5.821639],[-35.373544,-5.822588],[-35.376408,-5.820773],[-35.379263,-5.820484],[-35.384856,-5.821745],[-35.387313,-5.819924],[-35.389047,-5.819426],[-35.392907,-5.82098],[-35.394536,-5.821195],[-35.39617,-5.820593],[-35.399344,-5.818063],[-35.401385,-5.817463],[-35.403315,-5.81819],[-35.404853,-5.820415],[-35.40656,-5.820325],[-35.41036,-5.822663],[-35.411866,-5.822772],[-35.412772,-5.822276],[-35.416024,-5.821841],[-35.417341,-5.823074],[-35.418155,-5.823283],[-35.420195,-5.822888],[-35.421216,-5.822283],[-35.421733,-5.821265],[-35.421848,-5.819226],[-35.423898,-5.817096],[-35.426952,-5.81732],[-35.428585,-5.816923],[-35.429603,-5.817133],[-35.432034,-5.819188],[-35.433049,-5.8195],[-35.437945,-5.818818],[-35.442824,-5.820481],[-35.444047,-5.820387],[-35.44609,-5.819278],[-35.448438,-5.81868],[-35.450061,-5.819609],[-35.450666,-5.820633],[-35.45166,-5.824413],[-35.453388,-5.825138],[-35.455428,-5.824845],[-35.45707,-5.822917],[-35.460331,-5.82253],[-35.461559,-5.821823],[-35.46278,-5.821933],[-35.465816,-5.825115],[-35.469173,-5.825842],[-35.475165,-5.825852],[-35.478109,-5.827783],[-35.482179,-5.828141],[-35.483397,-5.828966],[-35.484504,-5.831012],[-35.486631,-5.833168],[-35.490297,-5.833293],[-35.495704,-5.832205],[-35.497634,-5.833135],[-35.500263,-5.836007],[-35.501282,-5.836218],[-35.502403,-5.836225],[-35.504448,-5.834912],[-35.506607,-5.831762],[-35.51,-5.831781],[-35.511611,-5.831187],[-35.513751,-5.829665],[-35.518936,-5.828883],[-35.520709,-5.830022],[-35.521372,-5.831498],[-35.522709,-5.832618],[-35.523221,-5.834873],[-35.5252,-5.837283],[-35.531469,-5.837726],[-35.534987,-5.837042],[-35.53813,-5.837143],[-35.541045,-5.836557],[-35.544961,-5.836381],[-35.547861,-5.83831],[-35.548557,-5.83952],[-35.550257,-5.84094],[-35.551862,-5.841151],[-35.552566,-5.840753],[-35.556527,-5.842209],[-35.558044,-5.840508],[-35.557353,-5.838693],[-35.555952,-5.837878],[-35.555215,-5.835448],[-35.553292,-5.833294],[-35.549639,-5.830822],[-35.549035,-5.8298],[-35.548041,-5.825814],[-35.546414,-5.825089],[-35.543864,-5.825584],[-35.54154,-5.822611],[-35.539813,-5.821681],[-35.537875,-5.821976],[-35.535433,-5.821655],[-35.534611,-5.822772],[-35.53377,-5.826847],[-35.533258,-5.827356],[-35.531525,-5.827445],[-35.530611,-5.827135],[-35.529294,-5.8258],[-35.526857,-5.824663],[-35.524952,-5.819754],[-35.52272,-5.818107],[-35.519765,-5.818395],[-35.51731,-5.81991],[-35.512166,-5.819651],[-35.510706,-5.820034],[-35.509427,-5.821096],[-35.506778,-5.820978],[-35.504017,-5.822898],[-35.502794,-5.822993],[-35.500664,-5.821348],[-35.497916,-5.821025],[-35.494242,-5.822021],[-35.487722,-5.822083],[-35.486708,-5.821465],[-35.485401,-5.8186],[-35.483675,-5.817569],[-35.482453,-5.81746],[-35.479494,-5.818359],[-35.478986,-5.818254],[-35.477469,-5.816408],[-35.475538,-5.81558],[-35.468206,-5.815431],[-35.46821,-5.814718],[-35.466594,-5.812463],[-35.465171,-5.811842],[-35.464162,-5.810306],[-35.463966,-5.80908],[-35.464376,-5.808778],[-35.46469,-5.807351],[-35.468583,-5.803907],[-35.468995,-5.803091],[-35.468805,-5.801051],[-35.469528,-5.799322],[-35.473888,-5.795279],[-35.473294,-5.793866],[-35.471084,-5.79365],[-35.469186,-5.791724],[-35.467778,-5.791816],[-35.464741,-5.795121],[-35.464011,-5.79955],[-35.460948,-5.804568],[-35.460858,-5.80527],[-35.458496,-5.805477],[-35.457248,-5.806113],[-35.456235,-5.807261],[-35.454307,-5.808143],[-35.448492,-5.807759],[-35.447986,-5.807246],[-35.445647,-5.806516],[-35.443098,-5.806909],[-35.441361,-5.807715],[-35.438406,-5.807798],[-35.436463,-5.809111],[-35.434632,-5.80859],[-35.433418,-5.807257],[-35.431994,-5.806942],[-35.429546,-5.80764],[-35.427719,-5.806405],[-35.426701,-5.8065],[-35.424246,-5.808117],[-35.422513,-5.808105],[-35.419881,-5.805742],[-35.41917,-5.805533],[-35.419075,-5.804411],[-35.419795,-5.803293],[-35.4195,-5.801559],[-35.417978,-5.800629],[-35.415532,-5.80092],[-35.413923,-5.800589],[-35.411515,-5.79987],[-35.410314,-5.799056],[-35.409214,-5.797941],[-35.409529,-5.795929],[-35.410679,-5.795075],[-35.411699,-5.794877],[-35.415162,-5.794899],[-35.4167,-5.793275],[-35.416506,-5.791745],[-35.415697,-5.790923],[-35.413356,-5.790602],[-35.411313,-5.791508],[-35.409787,-5.791192],[-35.409282,-5.790679],[-35.409094,-5.790959],[-35.407889,-5.790749],[-35.406171,-5.792048],[-35.404065,-5.79123],[-35.403067,-5.790215],[-35.401659,-5.790307],[-35.398837,-5.791699],[-35.398325,-5.792804]]]}},{"type":"Feature","id":32,"properties":{"unidade":"SXe - Planossolo H plico Eutrafico","ordem":"PLANOSSOLO","subordem":"HLPLICO","textura":"arenosa/m dia e arenosa/argilosa","relevo":"plano e suave ondulado","fator_k":0.031,"fonte":"Folhas SB.24 e SB.25 - RADAMBRASIL (1981)"},"geometry":{"type":"Polygon","coordinates":[[[-35.717224,-5.693285],[-35.716753,-5.692948],[-35.715365,-5.693647],[-35.715984,-5.695225],[-35.715309,-5.697256],[-35.714164,-5.698732],[-35.71293,-5.698706],[-35.712126,-5.699863],[-35.710869,-5.69952],[-35.709692,-5.699858],[-35.709078,-5.698614],[-35.707377,-5.698238],[-35.707141,-5.700279],[-35.70587,-5.700435],[-35.705155,-5.701558],[-35.703583,-5.700267],[-35.701589,-5.701109],[-35.700776,-5.700831],[-35.69954,-5.701343],[-35.699423,-5.703644],[-35.696203,-5.706111],[-35.695767,-5.707185],[-35.695161,-5.707498],[-35.694792,-5.709389],[-35.693313,-5.711873],[-35.691725,-5.713002],[-35.691741,-5.713786],[-35.69084,-5.714546],[-35.690612,-5.715917],[-35.689855,-5.716946],[-35.686408,-5.720072],[-35.67774,-5.723233],[-35.674266,-5.720996],[-35.672244,-5.716832],[-35.668485,-5.706523],[-35.666209,-5.704794],[-35.662845,-5.704578],[-35.655897,-5.705125],[-35.653969,-5.704054],[-35.65347,-5.702555],[-35.65204,-5.701279],[-35.645951,-5.700099],[-35.643404,-5.700342],[-35.640906,-5.703483],[-35.63905,-5.706695],[-35.636725,-5.707675],[-35.636719,-5.708633],[-35.634103,-5.708218],[-35.633612,-5.709149],[-35.63284,-5.708893],[-35.630537,-5.709802],[-35.630061,-5.71104],[-35.629113,-5.711818],[-35.62815,-5.710922],[-35.62673,-5.711864],[-35.626254,-5.71456],[-35.625216,-5.716861],[-35.624735,-5.717167],[-35.625251,-5.718691],[-35.625011,-5.724327],[-35.622251,-5.726897],[-35.617016,-5.728039],[-35.614256,-5.727849],[-35.612162,-5.728515],[-35.610639,-5.731085],[-35.607927,-5.732465],[-35.6055,-5.735178],[-35.601359,-5.738033],[-35.598857,-5.742484],[-35.597969,-5.741975],[-35.596802,-5.742001],[-35.595065,-5.743272],[-35.591124,-5.74382],[-35.590157,-5.74483],[-35.588249,-5.745606],[-35.587638,-5.744628],[-35.584938,-5.744059],[-35.583619,-5.744506],[-35.582991,-5.745168],[-35.581408,-5.745275],[-35.581074,-5.744428],[-35.57682,-5.743379],[-35.575926,-5.742879],[-35.575784,-5.74212],[-35.575146,-5.7419],[-35.572536,-5.741788],[-35.571944,-5.740963],[-35.570964,-5.740487],[-35.571162,-5.739182],[-35.570452,-5.738067],[-35.570525,-5.736848],[-35.569577,-5.736373],[-35.569446,-5.735269],[-35.570234,-5.734593],[-35.570141,-5.733174],[-35.569574,-5.732667],[-35.570744,-5.730607],[-35.567797,-5.72938],[-35.566695,-5.729918],[-35.563681,-5.72948],[-35.563519,-5.728446],[-35.562816,-5.728193],[-35.561956,-5.728609],[-35.560717,-5.727457],[-35.560179,-5.724917],[-35.55893,-5.724026],[-35.558863,-5.722899],[-35.560026,-5.722582],[-35.560233,-5.722004],[-35.560031,-5.721564],[-35.559156,-5.721293],[-35.559581,-5.720253],[-35.559358,-5.718939],[-35.55839,-5.718476],[-35.557808,-5.717643],[-35.557801,-5.716748],[-35.556063,-5.716919],[-35.555213,-5.717745],[-35.554172,-5.717592],[-35.553946,-5.718327],[-35.552233,-5.718321],[-35.551733,-5.71918],[-35.550283,-5.719898],[-35.549155,-5.719325],[-35.548428,-5.719617],[-35.547889,-5.719241],[-35.547149,-5.721506],[-35.545889,-5.721974],[-35.543527,-5.722088],[-35.543434,-5.722881],[-35.542731,-5.723035],[-35.539444,-5.722557],[-35.53742,-5.720306],[-35.53721,-5.719403],[-35.535803,-5.718668],[-35.5351,-5.718367],[-35.533465,-5.718781],[-35.532912,-5.718523],[-35.531631,-5.720138],[-35.529946,-5.721268],[-35.528502,-5.721391],[-35.528771,-5.722139],[-35.528261,-5.723104],[-35.528266,-5.724187],[-35.52775,-5.724447],[-35.52768,-5.725655],[-35.525742,-5.725299],[-35.52116,-5.721553],[-35.519295,-5.722098],[-35.51827,-5.721523],[-35.516964,-5.72172],[-35.517335,-5.720932],[-35.515844,-5.720342],[-35.514205,-5.721762],[-35.513885,-5.724309],[-35.514382,-5.726149],[-35.516715,-5.727592],[-35.51732,-5.728718],[-35.517206,-5.730757],[-35.515585,-5.732322],[-35.515628,-5.734342],[-35.516641,-5.735369],[-35.516417,-5.738632],[-35.518536,-5.741909],[-35.518523,-5.744052],[-35.516575,-5.745979],[-35.513724,-5.745962],[-35.513512,-5.747389],[-35.516651,-5.750264],[-35.516952,-5.751082],[-35.516432,-5.752813],[-35.514593,-5.753721],[-35.512891,-5.75569],[-35.51228,-5.757095],[-35.512628,-5.758708],[-35.515982,-5.759647],[-35.516488,-5.760364],[-35.516174,-5.761892],[-35.516969,-5.76506],[-35.519403,-5.76691],[-35.522565,-5.766114],[-35.523392,-5.764924],[-35.523002,-5.762909],[-35.521005,-5.761087],[-35.520566,-5.759777],[-35.52129,-5.758149],[-35.525371,-5.756949],[-35.526298,-5.75522],[-35.526102,-5.753995],[-35.523385,-5.748571],[-35.524213,-5.746229],[-35.52605,-5.745629],[-35.528189,-5.745846],[-35.529108,-5.745341],[-35.529119,-5.743606],[-35.525777,-5.740424],[-35.525886,-5.739302],[-35.528744,-5.738095],[-35.528751,-5.737075],[-35.52663,-5.734103],[-35.526336,-5.732163],[-35.527669,-5.730742],[-35.5294,-5.730956],[-35.53072,-5.731475],[-35.533853,-5.735677],[-35.537631,-5.733967],[-35.540279,-5.734288],[-35.540883,-5.735312],[-35.540667,-5.737249],[-35.538922,-5.739586],[-35.538301,-5.741214],[-35.5389,-5.743257],[-35.541333,-5.745007],[-35.541834,-5.746337],[-35.541517,-5.748375],[-35.542119,-5.749807],[-35.542409,-5.752462],[-35.540657,-5.755818],[-35.540442,-5.757654],[-35.54186,-5.759193],[-35.54399,-5.760633],[-35.545305,-5.761966],[-35.545507,-5.762683],[-35.545697,-5.764725],[-35.543946,-5.767774],[-35.543839,-5.768794],[-35.543834,-5.769508],[-35.544745,-5.770432],[-35.548,-5.769898],[-35.549492,-5.771267],[-35.552699,-5.769051],[-35.553422,-5.767424],[-35.552728,-5.764359],[-35.553868,-5.761101],[-35.553061,-5.75977],[-35.55164,-5.758945],[-35.550325,-5.757407],[-35.550641,-5.755674],[-35.550347,-5.753734],[-35.551276,-5.751801],[-35.552913,-5.75028],[-35.55326,-5.748597],[-35.552133,-5.744868],[-35.55224,-5.743951],[-35.554824,-5.740727],[-35.555925,-5.741339],[-35.556919,-5.742853],[-35.556793,-5.747179],[-35.557788,-5.748694],[-35.559844,-5.749812],[-35.560128,-5.753488],[-35.56517,-5.755722],[-35.566866,-5.757643],[-35.56619,-5.761584],[-35.565422,-5.762414],[-35.565747,-5.764496],[-35.567143,-5.766014],[-35.568388,-5.768738],[-35.567764,-5.77098],[-35.567954,-5.773225],[-35.568459,-5.774146],[-35.56907,-5.77415],[-35.571096,-5.775796],[-35.573842,-5.776628],[-35.575279,-5.775004],[-35.577731,-5.773693],[-35.578251,-5.771961],[-35.577956,-5.770123],[-35.580623,-5.767078],[-35.581148,-5.764632],[-35.580858,-5.761877],[-35.583315,-5.759748],[-35.584139,-5.758325],[-35.585666,-5.758334],[-35.586255,-5.762317],[-35.587056,-5.764566],[-35.590811,-5.766935],[-35.591107,-5.768569],[-35.596089,-5.770028],[-35.597617,-5.770139],[-35.59896,-5.767086],[-35.600172,-5.766278],[-35.601193,-5.765773],[-35.60323,-5.765888],[-35.604353,-5.765385],[-35.605072,-5.764369],[-35.605493,-5.76233],[-35.606415,-5.761521],[-35.607942,-5.761428],[-35.610237,-5.762683],[-35.611289,-5.763896],[-35.609844,-5.767051],[-35.610336,-5.770216],[-35.612058,-5.77186],[-35.613784,-5.772584],[-35.615316,-5.771981],[-35.617679,-5.768832],[-35.620126,-5.768235],[-35.62115,-5.767526],[-35.622075,-5.766001],[-35.622612,-5.761413],[-35.623642,-5.759582],[-35.626599,-5.758987],[-35.627323,-5.757155],[-35.627937,-5.756649],[-35.628548,-5.756754],[-35.629359,-5.757574],[-35.630667,-5.760338],[-35.630553,-5.762378],[-35.629729,-5.763699],[-35.629923,-5.765639],[-35.63285,-5.769839],[-35.63284,-5.77188],[-35.629143,-5.77696],[-35.628721,-5.779203],[-35.629015,-5.781143],[-35.631645,-5.784322],[-35.63286,-5.785451],[-35.634489,-5.785971],[-35.63612,-5.785879],[-35.639592,-5.784369],[-35.640202,-5.784474],[-35.642235,-5.785405],[-35.642832,-5.787755],[-35.644253,-5.788478],[-35.646808,-5.787269],[-35.648947,-5.787384],[-35.653538,-5.786288],[-35.655062,-5.787216],[-35.65952,-5.791222],[-35.660335,-5.791329],[-35.665852,-5.788605],[-35.669333,-5.785565],[-35.67117,-5.785066],[-35.672402,-5.783542],[-35.67181,-5.78007],[-35.675184,-5.778047],[-35.677634,-5.77745],[-35.679269,-5.776541],[-35.681526,-5.773902],[-35.685717,-5.771477],[-35.688998,-5.767822],[-35.691749,-5.76794],[-35.69277,-5.767233],[-35.694518,-5.764794],[-35.69524,-5.763063],[-35.696675,-5.76195],[-35.698305,-5.761755],[-35.700977,-5.757585],[-35.702614,-5.756474],[-35.705055,-5.7571],[-35.706896,-5.755987],[-35.707923,-5.754463],[-35.708971,-5.749572],[-35.710406,-5.748151],[-35.712649,-5.747653],[-35.714595,-5.745929],[-35.716125,-5.74553],[-35.717653,-5.745742],[-35.721108,-5.747192],[-35.722942,-5.747101],[-35.725194,-5.745275],[-35.725806,-5.74528],[-35.727226,-5.746512],[-35.730483,-5.746632],[-35.732209,-5.74797],[-35.732238,-5.75185],[-35.732734,-5.752959],[-35.735144,-5.752973],[-35.737197,-5.754696],[-35.737791,-5.756008],[-35.737783,-5.757516],[-35.736423,-5.759322],[-35.735097,-5.759314],[-35.73429,-5.75839],[-35.731536,-5.758477],[-35.730222,-5.756735],[-35.727166,-5.75682],[-35.726659,-5.756306],[-35.726471,-5.753652],[-35.725966,-5.752832],[-35.723317,-5.752817],[-35.721683,-5.753624],[-35.719222,-5.756264],[-35.719517,-5.758305],[-35.720228,-5.758616],[-35.719495,-5.76198],[-35.719588,-5.763408],[-35.720701,-5.764842],[-35.7211,-5.766273],[-35.720478,-5.768312],[-35.717307,-5.770333],[-35.716884,-5.772984],[-35.715962,-5.773898],[-35.714431,-5.774502],[-35.710157,-5.773661],[-35.708933,-5.773755],[-35.707701,-5.775483],[-35.705151,-5.775774],[-35.70391,-5.779237],[-35.70136,-5.77963],[-35.700439,-5.780236],[-35.699917,-5.782274],[-35.696753,-5.783378],[-35.695218,-5.784493],[-35.694085,-5.786832],[-35.690607,-5.789158],[-35.688351,-5.791596],[-35.687422,-5.793733],[-35.685073,-5.794739],[-35.68364,-5.795853],[-35.682715,-5.797276],[-35.682399,-5.798703],[-35.682797,-5.80044],[-35.683709,-5.801363],[-35.686051,-5.801582],[-35.687168,-5.802098],[-35.68818,-5.803227],[-35.688474,-5.80527],[-35.689181,-5.806394],[-35.691831,-5.806105],[-35.693154,-5.80652],[-35.696074,-5.812661],[-35.69535,-5.814391],[-35.691723,-5.816002],[-35.690301,-5.815177],[-35.688889,-5.812618],[-35.688179,-5.812104],[-35.684816,-5.812492],[-35.683394,-5.811566],[-35.679121,-5.810622],[-35.67535,-5.810804],[-35.674017,-5.81202],[-35.674107,-5.814062],[-35.675826,-5.816317],[-35.676017,-5.818358],[-35.674879,-5.821414],[-35.67233,-5.82201],[-35.670903,-5.821798],[-35.669189,-5.818828],[-35.666446,-5.817487],[-35.665546,-5.814521],[-35.663518,-5.812978],[-35.662207,-5.810421],[-35.661296,-5.809701],[-35.659563,-5.809691],[-35.658124,-5.811724],[-35.656193,-5.810895],[-35.655689,-5.810076],[-35.651821,-5.809543],[-35.651125,-5.806579],[-35.650513,-5.806575],[-35.649196,-5.805548],[-35.648403,-5.801767],[-35.646163,-5.801652],[-35.644742,-5.800725],[-35.643933,-5.799496],[-35.642915,-5.799491],[-35.640766,-5.800906],[-35.638852,-5.801392],[-35.63743,-5.800668],[-35.635492,-5.801065],[-35.634859,-5.804736],[-35.634137,-5.806363],[-35.631576,-5.808593],[-35.630029,-5.81185],[-35.628494,-5.81286],[-35.627373,-5.812853],[-35.622091,-5.810271],[-35.620773,-5.80914],[-35.620067,-5.807913],[-35.619775,-5.805564],[-35.619372,-5.80495],[-35.616621,-5.804934],[-35.611926,-5.806536],[-35.610806,-5.806326],[-35.608069,-5.804066],[-35.603788,-5.804346],[-35.602263,-5.803929],[-35.601554,-5.803107],[-35.600763,-5.799022],[-35.598941,-5.797276],[-35.594357,-5.797045],[-35.591698,-5.798969],[-35.590567,-5.800592],[-35.589242,-5.800686],[-35.587416,-5.799453],[-35.584874,-5.798518],[-35.582777,-5.799734],[-35.582147,-5.803093],[-35.581426,-5.804517],[-35.580506,-5.805124],[-35.578465,-5.805316],[-35.576128,-5.80469],[-35.574701,-5.804783],[-35.571936,-5.806908],[-35.570393,-5.809449],[-35.567627,-5.81188],[-35.56772,-5.813413],[-35.563921,-5.818286],[-35.563805,-5.82053],[-35.564484,-5.826145],[-35.565191,-5.827273],[-35.566409,-5.828199],[-35.571195,-5.828433],[-35.572719,-5.828951],[-35.573527,-5.830283],[-35.573107,-5.832218],[-35.57084,-5.836489],[-35.571242,-5.837308],[-35.570518,-5.839344],[-35.570509,-5.840671],[-35.571724,-5.841801],[-35.574369,-5.842632],[-35.575794,-5.842641],[-35.576918,-5.842239],[-35.578566,-5.839291],[-35.580709,-5.838691],[-35.582235,-5.83911],[-35.583246,-5.840341],[-35.583524,-5.845035],[-35.58474,-5.846063],[-35.585016,-5.850962],[-35.587146,-5.852607],[-35.588573,-5.852515],[-35.5899,-5.85191],[-35.591959,-5.848556],[-35.593902,-5.847445],[-35.598377,-5.848696],[-35.600416,-5.848301],[-35.603893,-5.846486],[-35.606339,-5.8465],[-35.607551,-5.847936],[-35.607547,-5.848548],[-35.606717,-5.850992],[-35.606104,-5.851397],[-35.604864,-5.854145],[-35.605456,-5.85731],[-35.604118,-5.859546],[-35.601252,-5.861672],[-35.600532,-5.862892],[-35.600829,-5.864221],[-35.604188,-5.865057],[-35.606841,-5.864053],[-35.610306,-5.864278],[-35.614802,-5.861856],[-35.617245,-5.862279],[-35.618159,-5.862896],[-35.618453,-5.864838],[-35.620786,-5.866587],[-35.621488,-5.868479],[-35.625044,-5.870031],[-35.62565,-5.870953],[-35.625941,-5.873301],[-35.62675,-5.87453],[-35.630316,-5.874552],[-35.632142,-5.87589],[-35.633673,-5.875388],[-35.635413,-5.874072],[-35.637245,-5.874491],[-35.64236,-5.871258],[-35.644599,-5.871373],[-35.648696,-5.868234],[-35.650422,-5.869061],[-35.651635,-5.870599],[-35.65255,-5.871114],[-35.654688,-5.871331],[-35.657453,-5.869204],[-35.660305,-5.869324],[-35.662659,-5.867399],[-35.665309,-5.867314],[-35.666221,-5.868236],[-35.667341,-5.868447],[-35.66949,-5.86693],[-35.672357,-5.866333],[-35.675221,-5.86431],[-35.677258,-5.864423],[-35.679291,-5.865353],[-35.68154,-5.86404],[-35.683172,-5.863745],[-35.685309,-5.864369],[-35.686323,-5.865089],[-35.686717,-5.867336],[-35.687834,-5.868057],[-35.688648,-5.868368],[-35.690586,-5.868176],[-35.693557,-5.865235],[-35.695704,-5.864124],[-35.695828,-5.860452],[-35.697164,-5.858419],[-35.699106,-5.857309],[-35.702576,-5.856512],[-35.703914,-5.854377],[-35.710347,-5.851762],[-35.711162,-5.851869],[-35.714915,-5.854952],[-35.717566,-5.854661],[-35.718692,-5.85375],[-35.719814,-5.853551],[-35.721131,-5.854784],[-35.721327,-5.856315],[-35.721933,-5.857135],[-35.723759,-5.858472],[-35.723747,-5.860614],[-35.725101,-5.862842],[-35.72877,-5.86276],[-35.73333,-5.867176],[-35.735469,-5.867188],[-35.736991,-5.868524],[-35.738009,-5.868734],[-35.741166,-5.868752],[-35.742077,-5.870083],[-35.743912,-5.869992],[-35.746379,-5.866435],[-35.747603,-5.865831],[-35.749438,-5.866045],[-35.752303,-5.864021],[-35.754138,-5.863726],[-35.75627,-5.865065],[-35.76086,-5.864376],[-35.761367,-5.864685],[-35.76187,-5.866016],[-35.761552,-5.868054],[-35.761039,-5.868867],[-35.758792,-5.869772],[-35.758073,-5.870687],[-35.757651,-5.87293],[-35.759985,-5.874576],[-35.760903,-5.874683],[-35.762628,-5.875816],[-35.765579,-5.876548],[-35.766696,-5.877269],[-35.767203,-5.877679],[-35.767595,-5.880335],[-35.768303,-5.88136],[-35.771445,-5.884337],[-35.772667,-5.884752],[-35.773172,-5.885368],[-35.775619,-5.885076],[-35.781787,-5.881332],[-35.78355,-5.881766],[-35.785316,-5.882838],[-35.78543,-5.884071],[-35.784861,-5.885805],[-35.785186,-5.887376],[-35.785588,-5.888297],[-35.787314,-5.889531],[-35.78925,-5.889645],[-35.789861,-5.889342],[-35.791606,-5.887413],[-35.792644,-5.884255],[-35.795507,-5.882537],[-35.796844,-5.880503],[-35.799392,-5.880416],[-35.801542,-5.878592],[-35.802867,-5.878599],[-35.804594,-5.879426],[-35.805818,-5.87933],[-35.810325,-5.875274],[-35.812976,-5.875187],[-35.816837,-5.877148],[-35.818063,-5.876543],[-35.819091,-5.875017],[-35.820721,-5.875027],[-35.821532,-5.875848],[-35.822535,-5.878711],[-35.825582,-5.880668],[-35.825978,-5.882405],[-35.825763,-5.884649],[-35.827079,-5.885984],[-35.827076,-5.886493],[-35.824815,-5.889951],[-35.821643,-5.892178],[-35.821024,-5.893398],[-35.820102,-5.894108],[-35.817856,-5.895116],[-35.817444,-5.895726],[-35.81733,-5.897868],[-35.81905,-5.90002],[-35.820981,-5.900849],[-35.821996,-5.901773],[-35.822282,-5.904545],[-35.822689,-5.905144],[-35.824928,-5.905973],[-35.827371,-5.906293],[-35.827986,-5.905889],[-35.828907,-5.905078],[-35.829946,-5.901818],[-35.83148,-5.900704],[-35.833415,-5.900818],[-35.836192,-5.905345],[-35.838012,-5.905438],[-35.839808,-5.904023],[-35.840451,-5.903934],[-35.842589,-5.904456],[-35.843499,-5.905685],[-35.845739,-5.905903],[-35.84615,-5.905394],[-35.847069,-5.905195],[-35.847992,-5.904079],[-35.849831,-5.903375],[-35.853389,-5.904722],[-35.855635,-5.904326],[-35.857987,-5.902909],[-35.857995,-5.901379],[-35.857096,-5.898313],[-35.857509,-5.89709],[-35.85966,-5.895367],[-35.861292,-5.895376],[-35.86312,-5.896306],[-35.86465,-5.896007],[-35.865881,-5.89479],[-35.867821,-5.894189],[-35.869653,-5.894505],[-35.871084,-5.893798],[-35.872635,-5.889827],[-35.874172,-5.888406],[-35.877227,-5.888935],[-35.879705,-5.889916],[-35.880791,-5.889368],[-35.881879,-5.889611],[-35.882479,-5.883121],[-35.881982,-5.880668],[-35.880667,-5.879232],[-35.877923,-5.877483],[-35.877226,-5.87462],[-35.876721,-5.873902],[-35.876428,-5.871656],[-35.877553,-5.870744],[-35.880911,-5.871886],[-35.883346,-5.870119],[-35.883123,-5.868178],[-35.881244,-5.867091],[-35.88024,-5.864431],[-35.878616,-5.863197],[-35.873109,-5.863779],[-35.8725,-5.863163],[-35.872302,-5.862141],[-35.870577,-5.860602],[-35.869871,-5.859475],[-35.870706,-5.855805],[-35.869287,-5.85447],[-35.868066,-5.854056],[-35.867259,-5.852928],[-35.867264,-5.851842],[-35.869453,-5.848424],[-35.869633,-5.847328],[-35.867801,-5.84691],[-35.865874,-5.845368],[-35.865167,-5.843935],[-35.865074,-5.842505],[-35.866099,-5.841491],[-35.867424,-5.841396],[-35.868137,-5.841401],[-35.869252,-5.842529],[-35.871087,-5.842234],[-35.871399,-5.841113],[-35.870806,-5.837843],[-35.87214,-5.83632],[-35.873568,-5.836123],[-35.874688,-5.836334],[-35.876308,-5.838181],[-35.877111,-5.840327],[-35.879857,-5.841364],[-35.880427,-5.843139],[-35.881778,-5.844232],[-35.883009,-5.842605],[-35.886511,-5.84279],[-35.88702,-5.841483],[-35.883935,-5.836535],[-35.884544,-5.83523],[-35.885855,-5.834232],[-35.885668,-5.831614],[-35.884211,-5.828223],[-35.882072,-5.827904],[-35.880025,-5.829424],[-35.8785,-5.828802],[-35.877383,-5.827879],[-35.876075,-5.824911],[-35.87506,-5.824394],[-35.874148,-5.823268],[-35.873953,-5.821736],[-35.874471,-5.820309],[-35.87652,-5.818177],[-35.877456,-5.814815],[-35.878987,-5.814314],[-35.880208,-5.814728],[-35.881433,-5.814531],[-35.88276,-5.813823],[-35.882565,-5.81229],[-35.881756,-5.811368],[-35.877284,-5.808894],[-35.876779,-5.808177],[-35.876178,-5.806439],[-35.876597,-5.804298],[-35.878026,-5.803898],[-35.8823,-5.804943],[-35.883734,-5.803725],[-35.885075,-5.800568],[-35.887936,-5.799258],[-35.887946,-5.797522],[-35.887143,-5.795272],[-35.887881,-5.790991],[-35.887685,-5.789459],[-35.88515,-5.786892],[-35.884209,-5.783867],[-35.884467,-5.781582],[-35.887021,-5.780474],[-35.888238,-5.781398],[-35.888638,-5.782624],[-35.892195,-5.784686],[-35.893306,-5.786734],[-35.89359,-5.790614],[-35.89439,-5.79327],[-35.895605,-5.7944],[-35.897029,-5.794918],[-35.899885,-5.79473],[-35.900291,-5.795141],[-35.901511,-5.795148],[-35.90334,-5.796382],[-35.904961,-5.798126],[-35.906387,-5.798338],[-35.90751,-5.797937],[-35.907626,-5.795282],[-35.906312,-5.793336],[-35.901132,-5.78994],[-35.899424,-5.785645],[-35.89709,-5.783897],[-35.896687,-5.783078],[-35.896498,-5.780423],[-35.89589,-5.779807],[-35.893158,-5.779248],[-35.887422,-5.773957],[-35.887628,-5.773054],[-35.888799,-5.771807],[-35.888817,-5.768746],[-35.885382,-5.763113],[-35.88365,-5.763104],[-35.883036,-5.763611],[-35.88293,-5.764427],[-35.884946,-5.768316],[-35.884432,-5.769334],[-35.882184,-5.770445],[-35.882279,-5.771773],[-35.881865,-5.772995],[-35.881046,-5.773705],[-35.879616,-5.774106],[-35.878395,-5.773894],[-35.877383,-5.772459],[-35.876783,-5.770517],[-35.877202,-5.768172],[-35.875082,-5.764792],[-35.874986,-5.763464],[-35.875402,-5.762345],[-35.875215,-5.759078],[-35.874813,-5.758055],[-35.871773,-5.755079],[-35.871575,-5.753955],[-35.872191,-5.752936],[-35.873214,-5.752432],[-35.874538,-5.752441],[-35.878182,-5.75695],[-35.878827,-5.757256],[-35.879836,-5.756154],[-35.880543,-5.753801],[-35.880344,-5.752777],[-35.878729,-5.750014],[-35.875784,-5.748263],[-35.87438,-5.744173],[-35.870419,-5.7416],[-35.868823,-5.735365],[-35.866084,-5.733207],[-35.863334,-5.73309],[-35.862012,-5.73247],[-35.860701,-5.730013],[-35.860715,-5.727564],[-35.85818,-5.7251],[-35.858307,-5.723777],[-35.857247,-5.723661],[-35.852868,-5.724042],[-35.849489,-5.727026],[-35.846392,-5.727555],[-35.841809,-5.729532],[-35.835866,-5.729435],[-35.832361,-5.728305],[-35.83135,-5.730029],[-35.831576,-5.731505],[-35.830365,-5.731758],[-35.826652,-5.731451],[-35.821503,-5.732281],[-35.817018,-5.7335],[-35.816158,-5.732611],[-35.814802,-5.734086],[-35.811777,-5.734895],[-35.811314,-5.734657],[-35.810587,-5.735285],[-35.808623,-5.735928],[-35.8052,-5.734764],[-35.79837,-5.729577],[-35.790664,-5.727817],[-35.785816,-5.726074],[-35.779781,-5.725006],[-35.779007,-5.724404],[-35.777031,-5.72427],[-35.774976,-5.722945],[-35.77503,-5.721603],[-35.775728,-5.720389],[-35.774794,-5.719461],[-35.774119,-5.719475],[-35.773718,-5.718238],[-35.771784,-5.718666],[-35.771124,-5.719255],[-35.767294,-5.716815],[-35.765245,-5.716461],[-35.764999,-5.716168],[-35.765519,-5.714639],[-35.765971,-5.714352],[-35.765962,-5.713344],[-35.765068,-5.713198],[-35.764022,-5.710739],[-35.760966,-5.7117],[-35.759942,-5.711306],[-35.7596,-5.711663],[-35.759727,-5.712791],[-35.758863,-5.713653],[-35.757505,-5.712956],[-35.757305,-5.714183],[-35.756171,-5.714017],[-35.755309,-5.71277],[-35.755874,-5.711526],[-35.754512,-5.710501],[-35.752741,-5.710768],[-35.752522,-5.711219],[-35.750638,-5.7112],[-35.749886,-5.711983],[-35.749237,-5.713597],[-35.745446,-5.712328],[-35.74511,-5.711297],[-35.745332,-5.710029],[-35.742544,-5.708395],[-35.74152,-5.708104],[-35.740845,-5.708354],[-35.740351,-5.707102],[-35.741485,-5.704506],[-35.741019,-5.703476],[-35.741368,-5.702434],[-35.740577,-5.701785],[-35.73899,-5.701557],[-35.73712,-5.702564],[-35.736335,-5.702296],[-35.734685,-5.704393],[-35.732298,-5.704958],[-35.73085,-5.703725],[-35.729691,-5.7036],[-35.729803,-5.701373],[-35.729223,-5.700427],[-35.728337,-5.700654],[-35.727649,-5.700314],[-35.727495,-5.699428],[-35.728188,-5.698676],[-35.727318,-5.697461],[-35.728363,-5.695712],[-35.728181,-5.69536],[-35.726807,-5.695529],[-35.724339,-5.694648],[-35.724145,-5.695441],[-35.722949,-5.695548],[-35.72196,-5.694489],[-35.721211,-5.694791],[-35.720629,-5.694193],[-35.72097,-5.693728],[-35.720624,-5.693056],[-35.719943,-5.69307],[-35.719962,-5.692159],[-35.719159,-5.690566],[-35.717961,-5.689661],[-35.717117,-5.690679],[-35.717224,-5.693285]]]}}]}