{"type":"FeatureCollection","features":[{"type":"Feature","geometry":{"bbox":[122033.16789999977,9314544.1237,256934.10739999978,9370392.4046],"type":"Polygon","coordinates":[[[-36.25115725520777,-5.845083844871658],[-36.2512954241275,-5.845122634433311],[-36.25119604441368,-5.8452220141399245],[-36.25115725520777,-5.845083844871658],[-36.24961410163885,-5.846505928029599],[-36.24894743794015,-5.846492315551434],[-36.2477444781281,-5.846516828686555],[-36.24706420272721,-5.846283983636472],[-36.24600212219264,-5.846501501050946],[-36.24531996551117,-5.8466126118569575],[-36.24490523763671,-5.846893707897466],[-36.244631112622926,-5.8473118110939275],[-36.244642456013295,-5.84786819443931],[-36.24486888306251,-5.848085822985666],[-36.24509331754779,-5.848654655961885],[-36.245211123110614,-5.8488834620480175],[-36.245202657600196,-5.8492998496874575],[-36.244529409010156,-5.849518363612879],[-36.24384520461677,-5.849103413955394],[-36.24357047179988,-5.849109058402677],[-36.242942376107194,-5.849901219253963],[-36.242826838496676,-5.850012330028687],[-36.242711356667286,-5.850250265490926],[-36.24271387401069,-5.8503730503380575],[-36.24159472414261,-5.851044926525277],[-36.241568932141405,-5.85101807960941],[-36.24135373814441,-5.850574522559896],[-36.240900331711565,-5.8503545148101175],[-36.24066018238246,-5.850230843373639],[-36.239993740522564,-5.850014543268609],[-36.23965553952471,-5.849785350106877],[-36.23897150103634,-5.849902048737486],[-36.23898057543862,-5.850345827662248],[-36.23877711274966,-5.850740745840064],[-36.23897874951489,-5.851725192526375],[-36.23850636353638,-5.852179041349145],[-36.23805815858283,-5.8523965042470865],[-36.23776992380883,-5.852390638329616],[-36.23693620696961,-5.851825512941262],[-36.23669367852291,-5.851707817330044],[-36.23589067218874,-5.851724195974143],[-36.23517171835644,-5.852211577835396],[-36.234896044183124,-5.853188941039924],[-36.234556404766145,-5.852958752249792],[-36.23421421913769,-5.852847641600071],[-36.23387646101799,-5.852618780743189],[-36.233639244664126,-5.8525036307747405],[-36.2334231656753,-5.852278808402264],[-36.233291138612366,-5.852151927331438],[-36.232509823288225,-5.852167863872804],[-36.232288818746746,-5.852623373107631],[-36.232061064996564,-5.85261872526803],[-36.231630621622195,-5.853066764200607],[-36.231359309355305,-5.853754516707377],[-36.2292246308502,-5.853744057282214],[-36.229112705881334,-5.853399100095399],[-36.228774670693966,-5.8530742894034935],[-36.22824191505294,-5.852402369058659],[-36.22765686903872,-5.852212518315561],[-36.227523459293494,-5.8508484813154595],[-36.22673483982773,-5.850694486903515],[-36.226397081346974,-5.850578949290562],[-36.22572361149764,-5.850360380130745],[-36.22474021668613,-5.851208483638542],[-36.22389100657519,-5.851374264730898],[-36.22337086755719,-5.851642246842568],[-36.22322401091153,-5.852394346011555],[-36.22307538347344,-5.852828661683125],[-36.222490005590245,-5.852971368502099],[-36.22152415213975,-5.853527585583368],[-36.22071312158784,-5.85363869545085],[-36.22005082946106,-5.853411992885056],[-36.219711024224324,-5.853418909398955],[-36.21925767271501,-5.853185399676724],[-36.21853097237554,-5.8530435239039305],[-36.21834671008077,-5.8534233363661805],[-36.21836037789462,-5.854094204499587],[-36.21800889647816,-5.854431962993135],[-36.217897066043044,-5.855004558966116],[-36.21744227656608,-5.85522523075351],[-36.217174349806925,-5.855363234089627],[-36.21651570913156,-5.85556520225914],[-36.21563130735913,-5.855338555092811],[-36.21509246522251,-5.8552274446836625],[-36.2139666956253,-5.855714549278107],[-36.21391794340886,-5.855815037393868],[-36.213538241112886,-5.855622654455696],[-36.21325150467496,-5.85465861111821],[-36.21307947126185,-5.854324559831604],[-36.21165760940017,-5.854170067418185],[-36.21091630085243,-5.853916306177417],[-36.21070968333933,-5.853701278589898],[-36.21010665408155,-5.854158835066275],[-36.20981869674178,-5.854598076266328],[-36.20928295314123,-5.854771934835823],[-36.20883187036219,-5.855114119895022],[-36.20860300926314,-5.855225231059701],[-36.20837851927211,-5.8553408234062445],[-36.208256674496006,-5.855338333646905],[-36.207578722444005,-5.855687601841931],[-36.20680581841675,-5.855671831203035],[-36.20608730688047,-5.855091820469676],[-36.205318828973944,-5.856020711645316],[-36.205203291698176,-5.856131822050781],[-36.20519442480822,-5.856141047916648],[-36.204479451195425,-5.85619729259681],[-36.20089895788529,-5.856513006103148],[-36.19897134213162,-5.855260995067541],[-36.19714008621858,-5.854490528379809],[-36.195212467948906,-5.853527444068494],[-36.189718698119925,-5.853527424267682],[-36.18538152771539,-5.852756948176584],[-36.18089860388462,-5.852715740605136],[-36.17633003892351,-5.853001276297237],[-36.17304709371177,-5.850056897969974],[-36.170056856737794,-5.848904584991705],[-36.166431480863245,-5.849860388181721],[-36.1621484509253,-5.852906098187795],[-36.15719917238516,-5.850907350343508],[-36.15453417623875,-5.848813425348236],[-36.151619083602014,-5.848776027847795],[-36.15074905361587,-5.851061044834444],[-36.15170642419471,-5.858374099652466],[-36.15038820338482,-5.859949302068081],[-36.1488510712431,-5.859611419052667],[-36.14590053944357,-5.857136779590545],[-36.14295000820499,-5.855233210980303],[-36.14218858065912,-5.853995891371814],[-36.14104643922347,-5.854757318901293],[-36.140570547343444,-5.856280173835208],[-36.13923804913297,-5.857612671661063],[-36.13698583198658,-5.8587170602301635],[-36.13412279297773,-5.859561057316018],[-36.129017529186456,-5.8575058451332],[-36.12782923131382,-5.856912145913081],[-36.125802428891184,-5.855551661248881],[-36.12190353979491,-5.853881968272431],[-36.120789585886705,-5.851377452023815],[-36.117025703091436,-5.848026862621815],[-36.11703972531784,-5.845451836097933],[-36.11534474038074,-5.84143678377996],[-36.11296345201409,-5.840628545414853],[-36.11295384322316,-5.840569535008915],[-36.11196762601299,-5.839621996157535],[-36.11077147158285,-5.839454998891089],[-36.11014337631935,-5.838801283282723],[-36.10945662697637,-5.838468117427336],[-36.10901849269003,-5.838012055005774],[-36.10876462034772,-5.8378888820721535],[-36.108653509272266,-5.837773344532726],[-36.10848236134116,-5.837608836470596],[-36.10802737273824,-5.837553240362774],[-36.10793168976079,-5.83739170300414],[-36.10736869806979,-5.835671680235276],[-36.10680670837326,-5.833665655368793],[-36.1060382320771,-5.83337267342433],[-36.10603732056442,-5.833328036024643],[-36.10581819812398,-5.832902628169448],[-36.10570708754736,-5.832560443400306],[-36.10557190671927,-5.832297994479984],[-36.10476342191941,-5.832100894631255],[-36.103740739823294,-5.831036435918933],[-36.102871775325546,-5.830296178097509],[-36.10276066447517,-5.830180640651432],[-36.102630961747614,-5.83005597364236],[-36.10217517613083,-5.82983485909027],[-36.10185407368718,-5.8295006967705385],[-36.10162050855998,-5.829276262520133],[-36.101629915554874,-5.828815994193859],[-36.10115559288347,-5.828825678447102],[-36.100716462534514,-5.829051883148027],[-36.10002279641699,-5.829037773514609],[-36.09973848994877,-5.828741846804158],[-36.099299360306134,-5.828968052461649],[-36.09854731618522,-5.829750806705477],[-36.09811665197564,-5.830638418264],[-36.09787960130736,-5.831098575787126],[-36.09699818636731,-5.831080592413771],[-36.09613608356426,-5.831375687815257],[-36.095501735316304,-5.831887748013569],[-36.09472672755843,-5.832139241284176],[-36.093921397686245,-5.832789304092196],[-36.09335256479211,-5.833240386593814],[-36.09290148199628,-5.833809220104026],[-36.0924423210553,-5.834378108086154],[-36.091667922203904,-5.834362282796916],[-36.09114883478506,-5.834629711482387],[-36.090036677740464,-5.835787297968026],[-36.08985888539539,-5.836153746190671],[-36.087924471939054,-5.836143585980983],[-36.086309171792564,-5.837209802380692],[-36.086306505152244,-5.837208938071541],[-36.086299613189176,-5.837216111432556],[-36.086203442947266,-5.837279590884469],[-36.086164231507304,-5.8373570285685545],[-36.08546066994076,-5.838089356902874],[-36.08530722899369,-5.8390319153825505],[-36.08507991744046,-5.839473203650577],[-36.08503136784886,-5.839573203142393],[-36.08354806573223,-5.840552292109866],[-36.083172278743945,-5.840161170800662],[-36.082869491750515,-5.840014314355272],[-36.082498698885374,-5.839448690517241],[-36.08120725994099,-5.840491182649877],[-36.08057999367109,-5.8409464149359325],[-36.07998255299853,-5.840493119084255],[-36.079639206358124,-5.840326508089879],[-36.0793026099385,-5.840153146983132],[-36.07905095074648,-5.840031025036037],[-36.07788495335973,-5.84005481903354],[-36.07675232309898,-5.840031689375286],[-36.07601477651834,-5.8394720963895],[-36.07548794254165,-5.840182806463296],[-36.07533627138851,-5.840495332455244],[-36.07496221423649,-5.840988358234732],[-36.07516662160438,-5.841460854413811],[-36.07278099352706,-5.841269987295813],[-36.066663265649694,-5.8410981239170505],[-36.06443529427917,-5.8438809093569635],[-36.06514567733135,-5.84643639988066],[-36.064429174410364,-5.84698008463429],[-36.06462040887636,-5.848475871555751],[-36.06479720098727,-5.8489925245453325],[-36.064794877125856,-5.849107896504086],[-36.06510009854611,-5.849558259715198],[-36.06539005832939,-5.850451805376235],[-36.06458637584522,-5.853319814687363],[-36.06434611865297,-5.853069807652918],[-36.063941572125344,-5.852681086559925],[-36.06333804408509,-5.852052879581876],[-36.061281889669026,-5.851941049755812],[-36.061048767975336,-5.851820975546551],[-36.060716376642986,-5.85182778142706],[-36.06048972881763,-5.851823133343889],[-36.060080257495834,-5.851831488838838],[-36.05992421656466,-5.851032245104291],[-36.05953920222093,-5.850464186803883],[-36.05903986903779,-5.850474368306758],[-36.058338289480524,-5.851006736120041],[-36.0576759427182,-5.851168201105294],[-36.057204441533294,-5.851487754024715],[-36.056862256743564,-5.851598865023498],[-36.05663776661044,-5.851714457211209],[-36.0563494214793,-5.851708591795408],[-36.0561831427281,-5.851026435072938],[-36.055782248469455,-5.8506412554764795],[-36.05549556342623,-5.850342839534573],[-36.0552317311954,-5.849529817258377],[-36.054595777543554,-5.8492212754052435],[-36.05420025049372,-5.849017535932333],[-36.05380472394857,-5.84922127579417],[-36.05335131747817,-5.849441283260079],[-36.05307420481403,-5.850012440549096],[-36.05254570966177,-5.850358942023913],[-36.05156198294062,-5.850338855360423],[-36.05130290937101,-5.8504723761454835],[-36.050654893245905,-5.850459151567404],[-36.050485184621394,-5.849762828679105],[-36.04960725610147,-5.849336868253048],[-36.04916297971288,-5.848421257485063],[-36.04813343610379,-5.847432052342087],[-36.0481385822314,-5.847179231054629],[-36.047254511643985,-5.846154170117425],[-36.04666537038907,-5.8461661769163165],[-36.04621201928284,-5.845932667879233],[-36.04595576813647,-5.845808332184743],[-36.04530432107079,-5.845821612348073],[-36.04513433519166,-5.845818126261106],[-36.044836306951254,-5.845824213245886],[-36.044512160877645,-5.846161529036083],[-36.04381893696416,-5.846385963393455],[-36.04329669518696,-5.846116930265249],[-36.04314673985915,-5.845807834621289],[-36.042180697007424,-5.845827527244843],[-36.03786045985489,-5.8422450615672625],[-36.03367260906567,-5.839770421919419],[-36.02910404318014,-5.835201857410439],[-36.02444029989154,-5.833583823629815],[-36.0214967486302,-5.830272328286875],[-36.016753806315855,-5.8292138045729525],[-36.013065642317706,-5.829094831341371],[-36.00949645055362,-5.82933277731495],[-36.00759288169496,-5.825882558816672],[-36.00485650179574,-5.823027206424609],[-36.00164401068143,-5.81943968033458],[-36.001555914073485,-5.819168187398053],[-36.0015645460562,-5.818747262420186],[-36.001378070645536,-5.817654029690392],[-36.000816264710544,-5.816958094568855],[-36.0004269351247,-5.81658398124955],[-35.999821194598056,-5.815820040877776],[-35.9991986876696,-5.815518028086608],[-35.998252310593784,-5.815333268274752],[-35.997595994697676,-5.814995177636289],[-35.99736940285738,-5.814999770311557],[-35.99714275497991,-5.814763881467723],[-35.996631690107584,-5.814774339471831],[-35.996143700177534,-5.814764380076502],[-35.99521624760105,-5.814201965438114],[-35.994753766315014,-5.814089194579379],[-35.9947653861766,-5.813519863628336],[-35.99453409033736,-5.813297586779311],[-35.99442297964479,-5.81318204984759],[-35.994239658381765,-5.813005866353187],[-35.993969684709775,-5.812048810120208],[-35.99384960938153,-5.811815688740281],[-35.99385669251137,-5.811469408864989],[-35.99350952718599,-5.810795496540771],[-35.99290826834332,-5.810503775992729],[-35.99271210923964,-5.810099505639029],[-35.992725445386725,-5.8094453477314865],[-35.99238093606387,-5.808991277857292],[-35.9922485213771,-5.808583300253266],[-35.9910494347961,-5.807192978963392],[-35.99068107669478,-5.80695144671597],[-35.99021870614514,-5.806600629429425],[-35.99023209728826,-5.805943483087285],[-35.99008485378022,-5.804935796418763],[-35.98966116088951,-5.804798291896839],[-35.98932340262127,-5.804682754495876],[-35.988305369082894,-5.804395571454042],[-35.987962409221524,-5.804572252723373],[-35.98773686726205,-5.804456106376316],[-35.987089626242,-5.804142031128985],[-35.98671695181957,-5.803889487272408],[-35.986356727914284,-5.803772566528511],[-35.98588970949123,-5.803531973920095],[-35.985583712815234,-5.802756247703049],[-35.9850901889565,-5.802635896431332],[-35.98414159944584,-5.802147241994639],[-35.983997177393334,-5.801849655882447],[-35.98354166894154,-5.8015118977706654],[-35.983417000797424,-5.801382195218251],[-35.98320391056716,-5.8009430646811335],[-35.98297278030963,-5.800720899171405],[-35.98252850400043,-5.8002585839259915],[-35.98197084815415,-5.799722785314092],[-35.98173069873189,-5.799356529369933],[-35.98149503172363,-5.7990087554183205],[-35.981011136393924,-5.798774029306851],[-35.98036859801142,-5.7985654751067965],[-35.97998314220833,-5.797771046075997],[-35.97878206367103,-5.797432235668957],[-35.97839312104967,-5.7972319266068615],[-35.97745465715196,-5.7970791502071854],[-35.97731106579023,-5.79663675486282],[-35.977195528287,-5.796298996645492],[-35.97708441784304,-5.795843487570661],[-35.976962239959995,-5.795486473031428],[-35.97697114922652,-5.795050274970049],[-35.97673642243753,-5.7947039949689065],[-35.97649881851967,-5.793971705548531],[-35.97535749970729,-5.794663822748869],[-35.97460949619795,-5.794846203170771],[-35.974137995407,-5.795165757158895],[-35.97378380284004,-5.795398048753161],[-35.97356689360427,-5.795623756657808],[-35.97357143071696,-5.795845534860704],[-35.973451466488505,-5.796313659733863],[-35.97345810710117,-5.796637861364657],[-35.97344897695771,-5.79708551296807],[-35.97122316883386,-5.797230709245955],[-35.97000692820369,-5.79702326251875],[-35.96972417151939,-5.797317528997211],[-35.969257042428616,-5.797431406301939],[-35.968816307854226,-5.797890068776562],[-35.968141675560915,-5.798538251057621],[-35.96801850232968,-5.798792123012139],[-35.96789278400203,-5.798912972896582],[-35.9668649558651,-5.800480638375895],[-35.96577476554073,-5.800613882965018],[-35.965638699411514,-5.801171925556095],[-35.965523162280036,-5.8012830362098],[-35.965293083797654,-5.80186620077406],[-35.96468739830671,-5.802448203907282],[-35.963678494226954,-5.803607394734346],[-35.96348554516179,-5.804005024335218],[-35.96313815880312,-5.804517527357737],[-35.962009732882564,-5.8047012363443775],[-35.96093393016804,-5.805604341330868],[-35.96002805827108,-5.805585804663144],[-35.959744747962844,-5.805591614405931],[-35.95961869723313,-5.805589014092103],[-35.95917923563147,-5.80536269795662],[-35.95895037383737,-5.80525158774154],[-35.95831475251092,-5.804820812635488],[-35.95746161377681,-5.804684967587509],[-35.956921111841226,-5.805247548580189],[-35.95668389526737,-5.805362697787177],[-35.9562794144537,-5.80568916112436],[-35.955437178369316,-5.805684739347878],[-35.95371915985022,-5.806247740043152],[-35.951820440962145,-5.80737385609985],[-35.951699855135914,-5.807404742003648],[-35.95077998387564,-5.807515852943611],[-35.950125991893245,-5.80717892429605],[-35.94964043605641,-5.807060565578467],[-35.94871154540003,-5.807079544927968],[-35.94830013728157,-5.807291418132321],[-35.948071275990955,-5.807402529024446],[-35.94784684166393,-5.807518066296163],[-35.947504656282625,-5.8076291766700505],[-35.94734900219794,-5.807791139621229],[-35.94716385469828,-5.8085506530036595],[-35.94688021263352,-5.809101226313859],[-35.946713602080266,-5.809444573438892],[-35.94614471391259,-5.810349007044277],[-35.946148200002334,-5.810520044400039],[-35.94613989946569,-5.810926250450668],[-35.945464825787084,-5.811368867030648],[-35.94535371498072,-5.8117110521526465],[-35.94523364052167,-5.812062035001425],[-35.94499050724578,-5.812295632885025],[-35.9435853806364,-5.81505601129402],[-35.94061105470212,-5.8152939579215595],[-35.93870748569277,-5.8132714160244845],[-35.93561418604819,-5.811724766128141],[-35.9327588333043,-5.810416062933727],[-35.9299141839218,-5.807675909331733],[-35.92657592326438,-5.803811655965359],[-35.92658592905599,-5.802094641193031],[-35.92571077233446,-5.800468010926385],[-35.92608643165725,-5.799583177713716],[-35.92620650667861,-5.7993500552992145],[-35.926194609986,-5.798767776355722],[-35.92537832382913,-5.797563543626081],[-35.92463142598267,-5.797381439244779],[-35.92370784636977,-5.796635869472106],[-35.923388994080476,-5.79685197783625],[-35.922617915253866,-5.7957785753315],[-35.92034690364421,-5.7929055437556745],[-35.91693288272162,-5.790025509776904],[-35.913511857713466,-5.7882904873257],[-35.91066784167888,-5.785699457684355],[-35.905539806285454,-5.782524417649979],[-35.90072342223052,-5.7768796829283255],[-35.900724335278035,-5.776834891060377],[-35.90045153890728,-5.776432391842116],[-35.90013746333658,-5.7757851507169535],[-35.89968195427462,-5.775220743586558],[-35.899570844050075,-5.774991883081607],[-35.89945530646936,-5.774767447848695],[-35.899344196355386,-5.774425263357923],[-35.899228659165104,-5.774314152736444],[-35.89911754853115,-5.77408529105738],[-35.89861904502703,-5.7732196464906504],[-35.89819690201163,-5.772596862812104],[-35.89798430873927,-5.772158784480845],[-35.89772484808593,-5.77165502379498],[-35.89694751672203,-5.771402756772888],[-35.89696444866695,-5.770573355810533],[-35.89696195824091,-5.770452118911321],[-35.89661296757596,-5.770116795296117],[-35.89639561523515,-5.770121222149338],[-35.896020230052514,-5.76992783035638],[-35.894566496137955,-5.768629529143011],[-35.89413129511315,-5.767965798615095],[-35.8936878486496,-5.767539727459306],[-35.89356467562458,-5.767285854789177],[-35.893006355820745,-5.767104636056393],[-35.892884731146985,-5.7666059114118955],[-35.89258731132157,-5.765736946869124],[-35.89140410522412,-5.764690139200381],[-35.89095822423098,-5.764226108919303],[-35.890729363815815,-5.764114998442858],[-35.890164957004345,-5.763659489154363],[-35.889381594623266,-5.763194407347681],[-35.8892573140585,-5.762177534810954],[-35.88902485655714,-5.76172623170125],[-35.888358081745345,-5.761402748895529],[-35.88750312051112,-5.760650706596496],[-35.885102385981476,-5.756828385860225],[-35.885505948719356,-5.756408417261867],[-35.885629786342584,-5.755314575691504],[-35.88468235836688,-5.753997295556869],[-35.88404325133588,-5.7532358997145066],[-35.88357739449733,-5.752648364172012],[-35.883299175700095,-5.75238110141754],[-35.8819064754184,-5.75218665765825],[-35.88177898531009,-5.751533827273528],[-35.88157192569548,-5.751131770826718],[-35.88098350501408,-5.750402801772605],[-35.88086060823319,-5.748770394409623],[-35.880303560800506,-5.748589618226627],[-35.87969959065084,-5.748102126658145],[-35.87945700684232,-5.7478496378448485],[-35.87925907707931,-5.747659399699763],[-35.87860370228521,-5.7472297309415],[-35.87827048111792,-5.746883009089667],[-35.87792375852701,-5.746549787463617],[-35.87750875417818,-5.74611785094439],[-35.87677336572468,-5.745635726159359],[-35.87656608461289,-5.745407695026928],[-35.87711765337941,-5.7448778166110825],[-35.87724381451438,-5.7436989273932015],[-35.87690483870359,-5.7427085596519545],[-35.8759972510467,-5.741676858414093],[-35.87577514090243,-5.741219080494649],[-35.87554395556873,-5.740770266592366],[-35.875412592637716,-5.740097350486158],[-35.874806243389635,-5.739298217895893],[-35.87463957759566,-5.738954870280812],[-35.874086791583196,-5.73826994664017],[-35.87360837422439,-5.738279685736638],[-35.87309384843153,-5.7378425024288235],[-35.87257036661095,-5.737271431013496],[-35.87171376086906,-5.736605182581174],[-35.87085715526337,-5.73546304130953],[-35.86914394293309,-5.7335594721611445],[-35.867335552495696,-5.731846260708641],[-35.86571751912173,-5.729942691040777],[-35.86352841459838,-5.726992160072677],[-35.86125602951377,-5.724101115031291],[-35.857246638244405,-5.723660914378804],[-35.85286843004663,-5.724041627897872],[-35.84948866160549,-5.727026453117441],[-35.84639246262878,-5.727554800986967],[-35.841809415350184,-5.729531807792322],[-35.83809438133524,-5.7295117998823555],[-35.837696229542814,-5.7296624827962095],[-35.83759936028834,-5.729561655519003],[-35.83629513971415,-5.729434110627463],[-35.83605166988253,-5.729439089976222],[-35.83586630099002,-5.729435272719347],[-35.83424479473952,-5.728777572908815],[-35.83384284903965,-5.728984632856329],[-35.833644864371315,-5.728980593524965],[-35.83303818260227,-5.728520269795206],[-35.832360895424614,-5.728304634090469],[-35.83193858686282,-5.72874420673414],[-35.8318031287137,-5.729437873106472],[-35.831460943874,-5.729662307169371],[-35.83134983362186,-5.730028895232896],[-35.83158289967826,-5.731166505857433],[-35.831575932712035,-5.731504865963724],[-35.83036531038159,-5.731757807817941],[-35.82665228433452,-5.731450802058485],[-35.821503242632744,-5.732280803736481],[-35.81701846933507,-5.733500360264766],[-35.81673104533136,-5.733062026090463],[-35.81661550767354,-5.732950915454955],[-35.81628649225479,-5.732608452904217],[-35.81615767486764,-5.73261110908063],[-35.81590734363071,-5.733126987949327],[-35.814837738798566,-5.733828290712106],[-35.81480168717472,-5.734086423818877],[-35.812058166191186,-5.7348028177715475],[-35.81177665192141,-5.734895016424953],[-35.811314294016,-5.734656860937326],[-35.81061941039,-5.735184193726632],[-35.810586767048484,-5.735284716035764],[-35.808623136758186,-5.7359278242262235],[-35.80520011610885,-5.734763811358835],[-35.80178409890055,-5.732456788334405],[-35.798370083362904,-5.729576761093435],[-35.792947048158226,-5.728401746246384],[-35.79066403307229,-5.727816739427858],[-35.78581600315852,-5.726073720413364],[-35.782389980285124,-5.725481712762035],[-35.77978055369125,-5.725005850595613],[-35.77955171910272,-5.724668252446221],[-35.77900701155966,-5.724403977264064],[-35.77774550782598,-5.72456527583437],[-35.77763428642133,-5.724222758945031],[-35.77749429198491,-5.724111647763543],[-35.77703084580672,-5.724270286749997],[-35.77497555766335,-5.722944711935648],[-35.775141492168316,-5.722297357974399],[-35.77502551239516,-5.721845003638569],[-35.77503049208656,-5.721602696078859],[-35.77555561174502,-5.721098215738697],[-35.77572836359974,-5.720389443499515],[-35.775592242094426,-5.72025863399964],[-35.775203466252165,-5.719854087104643],[-35.77479432673002,-5.719460884340191],[-35.77411903153595,-5.719474662697019],[-35.77371774899173,-5.718238225219569],[-35.772620809306886,-5.718683165743625],[-35.77178404869349,-5.718666122614934],[-35.771124375407624,-5.719255257607461],[-35.77071091722698,-5.7188366476117185],[-35.767293897742455,-5.716814628711728],[-35.76524511444858,-5.716461003448475],[-35.76499922088216,-5.716168071341933],[-35.765355460589895,-5.715476341850352],[-35.76551891768489,-5.714639083858197],[-35.76584859686713,-5.714479113012452],[-35.76597099594981,-5.714351789525347],[-35.76595616588387,-5.713628077218578],[-35.76596203136185,-5.7133436603154175],[-35.76506849876706,-5.713198187853412],[-35.76494200584282,-5.71255039293197],[-35.764486496772676,-5.711985986735236],[-35.764371623196084,-5.711045918349695],[-35.7640221337738,-5.710739422975561],[-35.76358211818434,-5.710966071171582],[-35.7632399329567,-5.711077181852717],[-35.76301549894938,-5.711192719242077],[-35.762559989786205,-5.711303829936278],[-35.76199558291342,-5.711532690474477],[-35.76096559666133,-5.711700407642322],[-35.760635695809526,-5.711530477540555],[-35.759942471739855,-5.711306042872487],[-35.759599511921564,-5.711663057491256],[-35.759731207545045,-5.712564558731084],[-35.75972655930514,-5.712790597340795],[-35.75927127161966,-5.713228067999372],[-35.75886301713928,-5.713652977465658],[-35.75827393195868,-5.713349470794264],[-35.75791370802829,-5.7132325495252285],[-35.75750512251408,-5.712955603597502],[-35.75730536673448,-5.71418274429851],[-35.75617113122143,-5.71401701976753],[-35.755989414267674,-5.713456984249798],[-35.75564722924415,-5.713232550108477],[-35.7555361187371,-5.713117012981218],[-35.755420581189576,-5.713005902151448],[-35.75530947075722,-5.712770400855234],[-35.75573941592909,-5.712357332771841],[-35.75587387684868,-5.711525829881993],[-35.75550336104162,-5.711533409798132],[-35.754511776666625,-5.710501321054262],[-35.753891814838035,-5.710513993030486],[-35.753506911699446,-5.7105061352760496],[-35.752740647559826,-5.710768417905256],[-35.75252196754506,-5.711219168929489],[-35.75111537845748,-5.7111904505447555],[-35.75063828930064,-5.711200189522393],[-35.74988630073844,-5.71198288777653],[-35.74975659749286,-5.712779254409856],[-35.749641060352026,-5.712890364826197],[-35.74951633826549,-5.713020067702613],[-35.74923656703649,-5.713596850399547],[-35.747883767901385,-5.712985583346491],[-35.74544566051306,-5.712328491670874],[-35.74545493660737,-5.7118748208752805],[-35.745322909916865,-5.7117479950807635],[-35.74511031632737,-5.71129718926355],[-35.74535290074118,-5.711064122808241],[-35.74533176251928,-5.710029322291468],[-35.744232388220844,-5.709376658313613],[-35.74408829842214,-5.70937959113196],[-35.74384615695245,-5.709254924232016],[-35.7436371054634,-5.709037350893758],[-35.74340824359943,-5.708926240520071],[-35.7430715919054,-5.708752879268699],[-35.74272830050746,-5.70858626872505],[-35.742544370477205,-5.708394868266103],[-35.74193503305299,-5.708246297026369],[-35.74152047081364,-5.7081044205409075],[-35.741143978230475,-5.708359675669616],[-35.74084484321637,-5.708353588956326],[-35.74069068300141,-5.7075641398422],[-35.740461821874476,-5.70745302954174],[-35.740350710978255,-5.707101880128395],[-35.7408040063891,-5.706433113447581],[-35.74113778161784,-5.705924151831574],[-35.741255088864314,-5.704844364722918],[-35.74148450419576,-5.704505887265062],[-35.74135480054303,-5.704126904826879],[-35.74101936687615,-5.703475790888923],[-35.74103087626285,-5.70291105199196],[-35.741257302266355,-5.702693423946123],[-35.74136841284173,-5.702433520214981],[-35.740786300208015,-5.702002081038189],[-35.7405773593722,-5.701784618973585],[-35.739215258637714,-5.701673508054594],[-35.7389896066516,-5.701557306785836],[-35.738625398684476,-5.701804151750809],[-35.73826185402177,-5.702182525644876],[-35.737742047212386,-5.702351238363183],[-35.737119872058365,-5.7025641633035145],[-35.736335125680384,-5.702295572813618],[-35.735505226968165,-5.702992171572237],[-35.73536445736834,-5.703713338803258],[-35.735089779740534,-5.703846638576036],[-35.73468451458774,-5.704393337882676],[-35.733927434790075,-5.704377900314761],[-35.73355127493254,-5.704506606484526],[-35.732863805908764,-5.70461854704819],[-35.7325335726487,-5.704962337024892],[-35.732297960636956,-5.704957523512378],[-35.732041100481844,-5.7044280882769725],[-35.731621448055186,-5.704224458896908],[-35.7312847955702,-5.7040510976518295],[-35.731055934404985,-5.703939986578667],[-35.730849649502545,-5.703725402180567],[-35.72969139942809,-5.703599517042588],[-35.729704790287414,-5.70294309014703],[-35.72958117388392,-5.702460855301577],[-35.72981612207331,-5.702004792259482],[-35.72980317399301,-5.701372768181852],[-35.72946939974998,-5.70088024026909],[-35.72935828948215,-5.7006513793195],[-35.729222720868506,-5.700426944622899],[-35.72833693511113,-5.7006539803386485],[-35.72811172533247,-5.700538055198464],[-35.727649244715586,-5.700313620859704],[-35.727660753849015,-5.699749159743454],[-35.72749519486741,-5.6994278905527125],[-35.727924364898485,-5.69921966887014],[-35.728188197395454,-5.698676012648799],[-35.72771177191323,-5.698218290268799],[-35.72747682353065,-5.6979738247986464],[-35.72731845810853,-5.697460546661512],[-35.72765854091902,-5.696800523322948],[-35.727655331600346,-5.696644869222437],[-35.728362830881665,-5.695712491778234],[-35.72818133588849,-5.695360125358566],[-35.72741850210075,-5.695214043900523],[-35.72680739403678,-5.695528893558071],[-35.72619794603771,-5.695214873488286],[-35.72536694038873,-5.695012351809512],[-35.724815371343745,-5.694638404281387],[-35.72433861427388,-5.6946481433209515],[-35.72414538762215,-5.6954406921204725],[-35.723425604253755,-5.695557889077626],[-35.72294873603984,-5.695548150030073],[-35.722785501017256,-5.695211830175363],[-35.72253992846663,-5.695092696585716],[-35.721959917930675,-5.694488947377779],[-35.72165226090028,-5.694647423954829],[-35.721211139256305,-5.69479057281477],[-35.72108564119911,-5.694531886548803],[-35.72062880451774,-5.694193187704915],[-35.72085534184517,-5.6939755036651025],[-35.720970103977756,-5.693727552572727],[-35.72062437746265,-5.693056462097607],[-35.719942995549154,-5.693070351139081],[-35.71996158749998,-5.692158890289606],[-35.71927024509227,-5.691247706220396],[-35.719159134878524,-5.690565549125967],[-35.71904359758324,-5.69045443807116],[-35.71887693122483,-5.690281077120864],[-35.71870362572913,-5.690114466831944],[-35.718592515119475,-5.689998929492452],[-35.71842496407172,-5.6898378519828325],[-35.71796082230731,-5.6896611708283],[-35.71744931539039,-5.690007948689594],[-35.71723262743879,-5.690454438459728],[-35.717117090715305,-5.690678873031381],[-35.716998122422865,-5.691894836476275],[-35.717122734453724,-5.692625300425444],[-35.71734661595319,-5.693059837961658],[-35.71722377448591,-5.693285323810078],[-35.71700598026292,-5.6930586756629635],[-35.71675266057249,-5.692947565098387],[-35.71587274028744,-5.693400860946781],[-35.71536543834441,-5.693647041459314],[-35.71567929285223,-5.69425621347488],[-35.71598385120067,-5.695225110599315],[-35.71553022371064,-5.696105639461058],[-35.715536309613725,-5.69640283852072],[-35.71553033433298,-5.696694060857656],[-35.71530158348397,-5.6969139026204925],[-35.71530855543628,-5.697256032828919],[-35.714967919333105,-5.697583277560786],[-35.714852824869745,-5.6978204944284805],[-35.7145124105002,-5.698147628777537],[-35.7142862054417,-5.698613761977015],[-35.714163585174376,-5.698731567631675],[-35.71292963785502,-5.69870639090758],[-35.71258059135557,-5.699425953770779],[-35.71212618924775,-5.699862594268696],[-35.711892569243226,-5.699857779986372],[-35.711453107065765,-5.699631464193429],[-35.71086877989755,-5.699520353424185],[-35.71020654372433,-5.699747001189089],[-35.70969160567386,-5.699858111720016],[-35.709471044518004,-5.699403654129057],[-35.70929773912395,-5.699067057508547],[-35.70907773132086,-5.698613651416557],[-35.708770848830405,-5.698464747339078],[-35.70737665429211,-5.698237822616816],[-35.7072601210273,-5.698953733411696],[-35.707005031387546,-5.69983520323072],[-35.70714690800291,-5.699971435414966],[-35.707140600221635,-5.700278871706256],[-35.7066780076431,-5.70042899265478],[-35.70640908526906,-5.70042351453834],[-35.70587024272633,-5.700434525736318],[-35.705515552362755,-5.701333647425985],[-35.70515521730378,-5.701557970551079],[-35.70465367054066,-5.701217999050657],[-35.70440809856524,-5.701098865286947],[-35.70392049551207,-5.700591286393577],[-35.703583290630164,-5.700267251231549],[-35.70318045922968,-5.700540268921778],[-35.7028382740327,-5.700651379563542],[-35.702609412744856,-5.700769185177075],[-35.702162757478334,-5.700760111120428],[-35.70204722038078,-5.700880240814655],[-35.701818358955386,-5.700991351092846],[-35.70158949742745,-5.701109212486459],[-35.70077642032574,-5.700830938157094],[-35.7004606850739,-5.7009935644263505],[-35.69989185175001,-5.701104675621162],[-35.6995404815997,-5.701342832378588],[-35.699555310353034,-5.702069035208598],[-35.69954955641673,-5.7023523450356794],[-35.69956726293153,-5.703221697024725],[-35.699422619905675,-5.703644116167553],[-35.698834938765096,-5.704208830732569],[-35.69819908724695,-5.704362858166183],[-35.69620340996828,-5.7061114930753964],[-35.69576727112953,-5.707185462330723],[-35.695161462357035,-5.707497517566982],[-35.69502113542985,-5.708359620959301],[-35.694789839538785,-5.70926222823171],[-35.694792449750224,-5.709388704091234],[-35.693313297180865,-5.711873258595503],[-35.69331076339309,-5.711874488605765],[-35.69303907378338,-5.712157134820072],[-35.69286111963359,-5.712328227069512],[-35.692412472087454,-5.712319041396347],[-35.69213248223699,-5.7126104304143315],[-35.69172544577778,-5.713001530762816],[-35.691741492269436,-5.713786166356076],[-35.69161920406815,-5.714023604331832],[-35.691464047957304,-5.7143433234500405],[-35.69084032327537,-5.714545735198547],[-35.69071482642548,-5.714932409165394],[-35.6905992889736,-5.715270167614043],[-35.69048817857148,-5.715734640565784],[-35.690611646722935,-5.715916799287154],[-35.68985532891598,-5.716945571449971],[-35.68640829361676,-5.720071591821426],[-35.68240026104154,-5.721478598974057],[-35.67774009950788,-5.723232611743533],[-35.674266086893965,-5.720995918445351],[-35.672243545184145,-5.716831861407267],[-35.67105381430471,-5.713500615710003],[-35.66986408407448,-5.710407316790212],[-35.66848520436866,-5.706523478209803],[-35.66620919330945,-5.704794461975053],[-35.662844674151174,-5.7045776369621075],[-35.65589664792233,-5.7051249134502235],[-35.65396928431557,-5.704054155458446],[-35.65346959711207,-5.702555095284212],[-35.65204017484633,-5.701279434322071],[-35.64595107125377,-5.7000993792984875],[-35.64340447747825,-5.7003421962260825],[-35.640906043726545,-5.703483085077422],[-35.63905006384805,-5.706695357693514],[-35.636724987697626,-5.707675413640772],[-35.63671926147077,-5.708633255048784],[-35.636485780190824,-5.708371904612536],[-35.635724717715064,-5.708236668359479],[-35.63507166610836,-5.708275568008626],[-35.63410265813549,-5.708217854999547],[-35.6338218935001,-5.70846862859781],[-35.63361195627548,-5.709148572056903],[-35.633255273280156,-5.70904166716028],[-35.63283993717684,-5.7088925975400855],[-35.63222495513135,-5.709369133457138],[-35.63195525796871,-5.70938517968862],[-35.63157843358008,-5.709362714586417],[-35.63133518554769,-5.7094949627766125],[-35.63053693770437,-5.709801789789662],[-35.63006084486871,-5.711040329253824],[-35.62911297416131,-5.711818103556002],[-35.62876968162731,-5.711433864720347],[-35.62849566777899,-5.711308145919834],[-35.62815027382347,-5.710921527511919],[-35.62743912176308,-5.7112479423453175],[-35.62715813624886,-5.711860268305039],[-35.626912342129344,-5.711874930997501],[-35.62673018331539,-5.711864085604429],[-35.62644997200133,-5.712910063877507],[-35.626469228415864,-5.713231443045412],[-35.62622221698232,-5.713344766815381],[-35.62623914991165,-5.713628077302177],[-35.62621889740254,-5.7139680493058655],[-35.62625420038112,-5.714560288188275],[-35.62611586567756,-5.714814768735899],[-35.62600896056476,-5.715047835941732],[-35.62563191434806,-5.715657615391451],[-35.625322598192554,-5.7164013041748465],[-35.62521569310984,-5.71686101875586],[-35.62473484048334,-5.717166793649963],[-35.62520528988057,-5.717927801714088],[-35.62525077419877,-5.718690691459263],[-35.62510236913877,-5.719014173832715],[-35.62501124334107,-5.724327163662113],[-35.6222510690201,-5.72689698157835],[-35.61701625456252,-5.72803912221236],[-35.614256080173725,-5.7278487661518565],[-35.612162153925006,-5.728515015129962],[-35.61063929913033,-5.731084832988942],[-35.60792671341878,-5.732464920109376],[-35.605499663163634,-5.7351775054017455],[-35.60135940103066,-5.738032858524148],[-35.59885689805613,-5.7424842035512],[-35.59866956011652,-5.742517492133406],[-35.597968921494335,-5.7419745552200485],[-35.59716480836124,-5.742022474480445],[-35.5968023715138,-5.742000894375193],[-35.59617322419256,-5.742367149221952],[-35.59589268080938,-5.742681059377616],[-35.59520001068825,-5.743121628320927],[-35.595065438803566,-5.743272247203243],[-35.59463482951524,-5.7432465718837715],[-35.593992844747646,-5.743595452788977],[-35.59331179487558,-5.7436360119542345],[-35.592372556475226,-5.743580070109084],[-35.59195777299055,-5.743869798633126],[-35.59112400066705,-5.743820108099501],[-35.59075879651271,-5.7440523446370895],[-35.590651891214954,-5.74417208733495],[-35.59032431461862,-5.744464748987675],[-35.590156652902714,-5.744829953306985],[-35.58962588956434,-5.74499385221958],[-35.58877042617383,-5.745322702107272],[-35.58824884887527,-5.745606122832068],[-35.5878226668474,-5.745225313918666],[-35.58763840411584,-5.744628482254474],[-35.58724896452122,-5.744605297386431],[-35.586798545938585,-5.744632134313353],[-35.58661273422027,-5.744424188750366],[-35.586322563464584,-5.744266487747551],[-35.586000630014965,-5.74428568846752],[-35.584938439532465,-5.7440587637339435],[-35.58441265649782,-5.744165668810797],[-35.58407910306499,-5.744398735176954],[-35.583619389193,-5.744505640824369],[-35.58351248388242,-5.744738707412737],[-35.58327941651985,-5.744845612405025],[-35.582991127378584,-5.745168320226091],[-35.58259349712345,-5.744952185974739],[-35.5821823661288,-5.745412232012573],[-35.58140780157303,-5.745274838258551],[-35.58123958600816,-5.744965355548207],[-35.58107380590242,-5.744428339199377],[-35.57987969896586,-5.744172087663416],[-35.5794058190135,-5.744001991268528],[-35.57908908689328,-5.744174079525379],[-35.57863955465334,-5.743825697149767],[-35.57811996855692,-5.743665284123403],[-35.57761963856222,-5.743485725584805],[-35.576819952113176,-5.74337882006311],[-35.57668482739248,-5.7432275925772185],[-35.57592586621668,-5.742879209989623],[-35.575784211113415,-5.742120027699678],[-35.57557405341377,-5.742132589059231],[-35.57514610029721,-5.741900075492506],[-35.57253632973172,-5.74178841146608],[-35.57207063942104,-5.741372299872021],[-35.57194425677993,-5.740962884634583],[-35.57150014573596,-5.740652626931501],[-35.570964181847,-5.740487123041291],[-35.57091360634748,-5.739639462378542],[-35.57116249856957,-5.739181518441485],[-35.57095898017994,-5.7389996908244365],[-35.57045234258754,-5.73806725809892],[-35.57052494068075,-5.736848472641892],[-35.569888600446326,-5.736651982299412],[-35.56957684824974,-5.736373320362186],[-35.569446371226896,-5.735268577927334],[-35.570007125221856,-5.7350112195786105],[-35.570234326718534,-5.734593005830123],[-35.569974146779835,-5.734114200423369],[-35.57014125507933,-5.733174131973836],[-35.56957363882437,-5.732666997037015],[-35.56979386843226,-5.732266655803591],[-35.57040730012843,-5.731545654252356],[-35.57074406272961,-5.730606969020684],[-35.57014778410398,-5.730144819707617],[-35.5686428110151,-5.729943569869942],[-35.568207333008,-5.729666623405848],[-35.567797419478794,-5.729380270380561],[-35.56707088423857,-5.729713713109957],[-35.56669505603543,-5.729917950819954],[-35.56611404929066,-5.729883311778165],[-35.565737225311715,-5.729905776756097],[-35.56549397707496,-5.729773528950984],[-35.5652609104483,-5.729666623419167],[-35.56484834048405,-5.729442355171697],[-35.564584176763674,-5.729426640131165],[-35.563680683794715,-5.729480479815668],[-35.563519440195556,-5.728445790768485],[-35.56281603504762,-5.728193412310276],[-35.562477391149194,-5.728325107106753],[-35.5619557897573,-5.728608627633174],[-35.561180547876546,-5.727937263895817],[-35.56108408216901,-5.727624856106779],[-35.560717439392214,-5.727456641068828],[-35.56075905074679,-5.7267592113494805],[-35.5604949970493,-5.726273268712267],[-35.560179372574424,-5.724916756903766],[-35.5599411046637,-5.7247872755504],[-35.55943302832745,-5.724669082272813],[-35.559147836444474,-5.724220655877441],[-35.55892982101648,-5.7240258805194255],[-35.558862645520165,-5.722898949024659],[-35.559141417728334,-5.722747444245083],[-35.56002598663426,-5.72258238311975],[-35.56023337810928,-5.722004199258722],[-35.56003118852286,-5.721563740334048],[-35.559155694303904,-5.7212933792205165],[-35.55912858061163,-5.720837593174648],[-35.559581323224336,-5.720253377337001],[-35.55960721893461,-5.719818120336861],[-35.55948139033963,-5.719467469004617],[-35.55935843771297,-5.7189391409022345],[-35.559028094516236,-5.7187875255956415],[-35.55880786490183,-5.718667783105646],[-35.55838965101142,-5.718475829859223],[-35.55780787006043,-5.717643053715714],[-35.5577779896553,-5.717141119312236],[-35.55780145067888,-5.7167476946880385],[-35.55755488259483,-5.716854599518345],[-35.557424737256405,-5.717000349254471],[-35.55606341136275,-5.716919174592269],[-35.55550874440062,-5.717414855804577],[-35.555213371791424,-5.717745421358],[-35.554529443339526,-5.717786202176653],[-35.55417242911084,-5.717592201091617],[-35.55394555977459,-5.718326814730175],[-35.553591754971436,-5.71834789721299],[-35.552911810500596,-5.718307393059343],[-35.5524585147282,-5.718334396138115],[-35.55223264231835,-5.718320949979098],[-35.5517327552428,-5.719179621659356],[-35.5512151611358,-5.719580793223757],[-35.55086877096692,-5.7196876983045515],[-35.55028267298474,-5.719898022329206],[-35.54943241164987,-5.719635463250049],[-35.54915529930243,-5.719325315999883],[-35.548715616087854,-5.7194610504480785],[-35.54842798950227,-5.719617369080445],[-35.547888926445935,-5.719240821530874],[-35.547809024670094,-5.719461050096452],[-35.54767965365473,-5.720017322539684],[-35.547355728306385,-5.720480966321701],[-35.54724882341697,-5.720714032613946],[-35.547116575023516,-5.720957336308954],[-35.54714922207359,-5.721505640251482],[-35.546208987609454,-5.72161581014475],[-35.545888604320794,-5.721974429483517],[-35.54554575507735,-5.7219540112035014],[-35.545244959513646,-5.721971939653958],[-35.54463916312431,-5.721809644409953],[-35.544075752921465,-5.72196059555811],[-35.54352684057994,-5.722088251672269],[-35.54343398358516,-5.722880925522758],[-35.54273134411511,-5.723035307998922],[-35.53944374257969,-5.72255683470914],[-35.53942305267122,-5.722527215101065],[-35.539316147710835,-5.7222941486487695],[-35.53875439766407,-5.722036347673333],[-35.538742887823794,-5.721844062997712],[-35.53874986006389,-5.721728027567748],[-35.53840313775538,-5.721280652568892],[-35.538296232677716,-5.721047585634943],[-35.53804269173906,-5.720931273497399],[-35.53773592075796,-5.720587926810937],[-35.53742007474818,-5.720305667526324],[-35.53721002683166,-5.719402838897462],[-35.53648304932914,-5.7190077551411305],[-35.536133449281856,-5.718847341353359],[-35.535803106006654,-5.718667782600809],[-35.535456714892256,-5.718560877850725],[-35.53510036412818,-5.7183672090681],[-35.534096827773475,-5.718554458738266],[-35.53346513505633,-5.718781106821691],[-35.53319023675892,-5.718674202026284],[-35.532912348971976,-5.718523140347831],[-35.532515494472975,-5.718877775451013],[-35.53236897023602,-5.719352042662081],[-35.53200996285869,-5.719753933303283],[-35.53183034878134,-5.719914346389057],[-35.53163059353581,-5.720138006519179],[-35.53137705330453,-5.720254318357241],[-35.53090073880914,-5.720623505845547],[-35.53025786858184,-5.720918491077396],[-35.52994567440721,-5.7212679251910945],[-35.52850234401454,-5.72139115371021],[-35.528770602600005,-5.7221389372743054],[-35.52866369786699,-5.722527215495439],[-35.52826108776392,-5.723103574271338],[-35.52847755404781,-5.723502033393006],[-35.52826606819903,-5.724186957270389],[-35.527983754089654,-5.72434039875192],[-35.52775035524992,-5.724447469655012],[-35.52777846458725,-5.724919634551564],[-35.52768008367419,-5.725655429316134],[-35.52574223230973,-5.725299285798302],[-35.52253621390804,-5.722483257138479],[-35.52107371101029,-5.721494582089159],[-35.521167163962794,-5.721057269095267],[-35.52044472393597,-5.720552678280278],[-35.520167390050844,-5.720800519955357],[-35.51995203025323,-5.721269861892367],[-35.51982130904964,-5.721297790093438],[-35.51903072542513,-5.721414587594384],[-35.51836781913127,-5.721375051660841],[-35.51812457126142,-5.721507299867047],[-35.51786875756449,-5.721586251298194],[-35.51696377218789,-5.721719949542818],[-35.51688265564898,-5.721666274940511],[-35.5173313033609,-5.720940680635511],[-35.51743820930933,-5.720707613702489],[-35.51763973520591,-5.720336876228715],[-35.51768378148722,-5.719597449102017],[-35.51755153271511,-5.71935414556568],[-35.5173028621232,-5.718812370769243],[-35.51618721913882,-5.7192126566152],[-35.51593168686282,-5.718984404237788],[-35.51539837820844,-5.718220906054062],[-35.51524930824678,-5.7178961504859105],[-35.51415181497569,-5.717767610389895],[-35.513891745073735,-5.717200990371709],[-35.51241200444121,-5.717344858862188],[-35.51199865980615,-5.717534543426247],[-35.51194520731918,-5.717594414489795],[-35.512259615062234,-5.718031608722417],[-35.5120006522854,-5.718669940622957],[-35.51202577345426,-5.7198994613203915],[-35.51166300445314,-5.7201453102131055],[-35.51132081919376,-5.720256420451187],[-35.511091957664746,-5.720374226679855],[-35.51049888875005,-5.720362163734409],[-35.510303116923055,-5.721165225222023],[-35.509960931313174,-5.721616308102139],[-35.509849821219724,-5.722298465098811],[-35.509721335557494,-5.722799846381551],[-35.50973882103825,-5.723657300750296],[-35.50834894277226,-5.724285452383885],[-35.50808998012863,-5.724788215814385],[-35.50780821919529,-5.725368835424846],[-35.507030666594545,-5.726115954827286],[-35.506792398962325,-5.726607043198638],[-35.506561103313594,-5.726829209169174],[-35.50656685024874,-5.727108559010856],[-35.506177105419276,-5.727331255590862],[-35.505003829820396,-5.728335452895554],[-35.504883598896285,-5.728304633579952],[-35.50429130449404,-5.728530341082361],[-35.50410480483424,-5.729104920381746],[-35.50331808541901,-5.729778268372011],[-35.50306946484988,-5.730105897031378],[-35.502369334608055,-5.7301201960598185],[-35.50215154017529,-5.729671327197612],[-35.501776375471174,-5.729416957110212],[-35.50094360026334,-5.729619977463171],[-35.500672353187625,-5.729880599806004],[-35.50051808174213,-5.730198549360688],[-35.4998545168016,-5.730520481774599],[-35.50021507281535,-5.731409311448512],[-35.49996950056373,-5.73181120186979],[-35.49943763101523,-5.731822047405205],[-35.49904254645632,-5.731630314944679],[-35.49867103452491,-5.730864603719867],[-35.49851742719732,-5.731024408464726],[-35.49828856626195,-5.731135519031008],[-35.49806413135558,-5.731251055984183],[-35.49760862269,-5.731362166649018],[-35.49749751173707,-5.732044323700283],[-35.49727086397686,-5.733150947094366],[-35.49738197463687,-5.7338575066698985],[-35.49773622264679,-5.734089798671935],[-35.497948594603706,-5.734310802312397],[-35.498415723927224,-5.734424735445221],[-35.4987418622666,-5.734764098568052],[-35.49938439937676,-5.734972651568681],[-35.499650666628874,-5.735101856473098],[-35.49966369672174,-5.735141984812837],[-35.499002613435465,-5.736490234106673],[-35.49886846568425,-5.736350633089136],[-35.49816428646205,-5.73648548224575],[-35.49783527021852,-5.736801715677467],[-35.49751112407838,-5.737139031364909],[-35.49715643375373,-5.737146280539496],[-35.496607963059034,-5.737135047009712],[-35.49625094826973,-5.737257224941661],[-35.495908763509064,-5.737368335199552],[-35.495517662986856,-5.737775316957901],[-35.495128776322126,-5.737370548804803],[-35.49465766232715,-5.737940433162875],[-35.494668840557125,-5.738491337633298],[-35.49443776521544,-5.738843760271404],[-35.493409661010084,-5.738969423427393],[-35.493135204192356,-5.73923320018577],[-35.49337114835821,-5.7409233758893885],[-35.49364228457126,-5.7413368866945405],[-35.49375782236478,-5.741447996697278],[-35.49386970762381,-5.742021035120109],[-35.494343919504075,-5.741776791527334],[-35.49500327827136,-5.741790238087967],[-35.49533196205944,-5.741783541822335],[-35.495906992597725,-5.742160587579163],[-35.49591994088702,-5.742792778112305],[-35.495795439496305,-5.743034531935796],[-35.49557554252836,-5.743487661589244],[-35.4953693676738,-5.7434918674510955],[-35.4946621999595,-5.7433767172684105],[-35.49443599486473,-5.743260239778509],[-35.49410565128735,-5.74394112354773],[-35.493642284579465,-5.743716689005307],[-35.49247197111145,-5.742923421369672],[-35.49202763996873,-5.743183712657432],[-35.49182910207917,-5.743374504303423],[-35.49171799086917,-5.743490041366771],[-35.49065303342987,-5.74372382722586],[-35.49047142787646,-5.744283308631471],[-35.49024500156354,-5.744500937063784],[-35.49024256609721,-5.744622174044506],[-35.49025606770941,-5.745286900716353],[-35.49013145590379,-5.74541654797393],[-35.48921313386682,-5.745566060506177],[-35.48887448939951,-5.746223317369934],[-35.48865614250941,-5.746896233387369],[-35.48831373568057,-5.74722524900607],[-35.488091625472556,-5.747683026889577],[-35.4877516531607,-5.748009719069253],[-35.48796203331868,-5.748249591326997],[-35.488860324448986,-5.748685401832079],[-35.48901437420367,-5.749588341172646],[-35.48858575721251,-5.750153135128803],[-35.488772565006386,-5.7505156825335915],[-35.48843159682632,-5.7506810763462],[-35.48854270705321,-5.750856097639209],[-35.488698085105604,-5.751005444079316],[-35.4884711055296,-5.752631321155661],[-35.4880777918193,-5.7530092523760965],[-35.48810313474371,-5.754248345683752],[-35.487619626204825,-5.754565353408435],[-35.48741168175865,-5.755842350957853],[-35.48729514789093,-5.7560685562034],[-35.48763943608356,-5.756235608648139],[-35.487976088125784,-5.756408970108398],[-35.48820494879848,-5.756520080955853],[-35.488371614630815,-5.756693442099807],[-35.48864086992451,-5.75695223952986],[-35.48797830135336,-5.757113758974859],[-35.48814729069053,-5.757593282618072],[-35.488371614787695,-5.75782668155165],[-35.48908077489783,-5.758508063958715],[-35.48863544727346,-5.7588000055620965],[-35.488662560630125,-5.760129514385073],[-35.487791382611086,-5.760271335456038],[-35.48763832908816,-5.761055251386193],[-35.486958386132414,-5.761865230582452],[-35.48706949630442,-5.762188490711913],[-35.48729581196019,-5.762627953269336],[-35.488648585286654,-5.763848776250762],[-35.4899334936757,-5.766418594415685],[-35.49100425092127,-5.768417341538048],[-35.49021902922506,-5.769488098874187],[-35.48743505961116,-5.769916402353461],[-35.48365657106666,-5.769302387125816],[-35.4794925141702,-5.7681721434989],[-35.4777079183709,-5.766566007014249],[-35.47688710842651,-5.764442849293807],[-35.47592332269447,-5.762818355693386],[-35.47260110336043,-5.760998578942743],[-35.46812771615702,-5.759095010375027],[-35.46251218838701,-5.757857690109265],[-35.45965683566269,-5.757952868795081],[-35.457182195876655,-5.760808221708249],[-35.45261363103502,-5.760903400516427],[-35.44887050054247,-5.758513707869165],[-35.445729612127124,-5.757014647624281],[-35.43973337041091,-5.754801749020201],[-35.43637833070537,-5.752588849882377],[-35.43349918271487,-5.752957666375929],[-35.43267826859293,-5.756015273884299],[-35.43133982177434,-5.758543451261898],[-35.42910907738717,-5.76181520995898],[-35.42568860188132,-5.763153656614605],[-35.420632247633826,-5.765086968828669],[-35.41007338886485,-5.765979266877989],[-35.401378041031556,-5.7643481466139495],[-35.395950586359675,-5.762538994372905],[-35.38992007990996,-5.757563827052887],[-35.386904826618256,-5.754096286384196],[-35.38283423578529,-5.75153332057471],[-35.37966821965439,-5.749724169319792],[-35.376261146318456,-5.7514082030191505],[-35.37507197591284,-5.755584012079793],[-35.37514534066484,-5.7593729791384725],[-35.37032093562446,-5.7644989087897],[-35.361727464852116,-5.766760348821936],[-35.34514357315041,-5.765855773122143],[-35.32659976733235,-5.760880605358786],[-35.32119136175482,-5.757030886212065],[-35.31925442655803,-5.756370509508236],[-35.31748500397236,-5.75525365584229],[-35.31721022293567,-5.7541729367107814],[-35.316853842395034,-5.753465646599716],[-35.31629527323029,-5.753254908884672],[-35.31587301406019,-5.753078828853305],[-35.315438667344964,-5.753350087210079],[-35.31515313190655,-5.753302497524091],[-35.31444533779663,-5.753316774934103],[-35.31320197379858,-5.753778390207244],[-35.31236744362302,-5.754022468722986],[-35.31145783287966,-5.753712347352338],[-35.31077422257405,-5.753479278327821],[-35.3094132724118,-5.753015419451092],[-35.30842859581336,-5.752679807161443],[-35.3079018195943,-5.751651151665133],[-35.30742592806284,-5.750520907653095],[-35.30700952237081,-5.748557852203865],[-35.30576030486321,-5.747427608228515],[-35.30486596315343,-5.746942935612284],[-35.304716450803376,-5.747277927479164],[-35.30366897848571,-5.746812955979383],[-35.30296169985054,-5.746259063515161],[-35.30263589414755,-5.746378695084588],[-35.30255023714337,-5.7464896947343105],[-35.30201261233026,-5.746410235772145],[-35.301457280260365,-5.7464922959315],[-35.300552459543546,-5.746240305205987],[-35.30046315109977,-5.745635836980688],[-35.30066932543736,-5.745294039310905],[-35.300166339713094,-5.744642426302365],[-35.29966412893975,-5.744568168383159],[-35.29918681746308,-5.744856126034735],[-35.298896203812156,-5.744905483908833],[-35.29873119825543,-5.745789720171296],[-35.29812850075968,-5.746117186502868],[-35.29770630275884,-5.7460920100561745],[-35.29749348791213,-5.746104681507162],[-35.29693195951935,-5.745903210642905],[-35.29626164362771,-5.746329503142306],[-35.29612297712759,-5.74677853799657],[-35.29594336287477,-5.747278923158314],[-35.295877052442734,-5.747634264672126],[-35.29300986810518,-5.748503124578343],[-35.28384894310684,-5.756057914136466],[-35.281826401079364,-5.757604563277056],[-35.2808746169063,-5.761233241695454],[-35.28119965136682,-5.764213754127704],[-35.28073803577258,-5.765941243113984],[-35.27891060961573,-5.766797848575688],[-35.27731161235282,-5.767311812439446],[-35.276055256183426,-5.766512313413393],[-35.27410505005383,-5.764076697576082],[-35.27267737337799,-5.76207795015569],[-35.27122970989125,-5.7600068675074505],[-35.27153544524656,-5.758137215433004],[-35.27152371453335,-5.757992075175368],[-35.271647551448304,-5.75753966466613],[-35.27150777828248,-5.757289056971823],[-35.269988582550695,-5.756831238555235],[-35.26981012307454,-5.756176886670857],[-35.26766860840905,-5.754439880250374],[-35.26543667368329,-5.754116273606461],[-35.26361837337516,-5.753595736601651],[-35.26257656151242,-5.753583274289326],[-35.261665084503534,-5.753910531729145],[-35.26154678068227,-5.754303568819051],[-35.2608802277942,-5.7548255339654775],[-35.26006991740131,-5.755407370235105],[-35.25929369263948,-5.756072097457551],[-35.258980720941885,-5.7562117581571295],[-35.258123980004825,-5.755052485065376],[-35.25526595762671,-5.753117478570769],[-35.25143793993248,-5.7530924929394045],[-35.25047493878806,-5.754044505396187],[-35.24610562001184,-5.754787910565974],[-35.24467794397463,-5.756358355077733],[-35.24246504515417,-5.75750049590153],[-35.2376823280683,-5.7572863444927815],[-35.231115015490424,-5.755287597257744],[-35.23068671272966,-5.754787910416992],[-35.231475793443195,-5.752066116153559],[-35.233267844706496,-5.751056542382445],[-35.23482697533119,-5.748791668636877],[-35.2362546520415,-5.746792921693829],[-35.23611188382678,-5.74443725478682],[-35.23418452100218,-5.743437881452144],[-35.232185772959404,-5.743866184503901],[-35.230329793406526,-5.7430809624075305],[-35.22990149111387,-5.741510517744661],[-35.2310436324908,-5.740653912375582],[-35.23118639991302,-5.7397973058534895],[-35.23047256185729,-5.737941326576766],[-35.22811689503774,-5.73537150893964],[-35.22454770387531,-5.735514276126435],[-35.22133543102164,-5.7357284280813365],[-35.220050522065854,-5.736013963188368],[-35.21448258361026,-5.73765579158993],[-35.20756403766861,-5.73996131618198],[-35.20363212105205,-5.743243292668004],[-35.20353157334487,-5.747281790674066],[-35.203267175746625,-5.749128992263595],[-35.20203305929766,-5.751175625920201],[-35.200890437338224,-5.75220138578764],[-35.19607666617506,-5.754263639616605],[-35.19521328829512,-5.754714898389482],[-35.19490437818365,-5.755260233342816],[-35.1948360491856,-5.755614177013123],[-35.19515418763497,-5.755893957764294],[-35.19528413689676,-5.756008238173325],[-35.19592408714986,-5.756571028789193],[-35.19785015125989,-5.75842848575768],[-35.1995648472112,-5.7598389607641405],[-35.19984889864815,-5.761569374079096],[-35.200270817029114,-5.76406545430926],[-35.199175774997855,-5.771890863207322],[-35.19820706990005,-5.77520368638876],[-35.19692216091074,-5.778273190450754],[-35.19692216139667,-5.780486089420084],[-35.198587784025555,-5.781628230524908],[-35.20368956026971,-5.784557239901574],[-35.20412610513494,-5.788654105755099],[-35.20188116949234,-5.793218477997638],[-35.20207152705315,-5.799500255380198],[-35.20340402468315,-5.804830248108839],[-35.20245224063913,-5.809493991112921],[-35.20273777616716,-5.814633626796651],[-35.20502205810298,-5.815585411432155],[-35.206069020948206,-5.817108266859458],[-35.21273151233368,-5.818631121701133],[-35.2226300702087,-5.815204697526792],[-35.2270082778713,-5.81425291311295],[-35.23651915328664,-5.822185142783862],[-35.24010319178132,-5.828011173963598],[-35.24222822876525,-5.835278216761077],[-35.24363925391463,-5.841090232065888],[-35.24797727737463,-5.842569215171465],[-35.25305429495066,-5.841878184893198],[-35.25793719630466,-5.84842197866854],[-35.26315724670908,-5.853465755874613],[-35.275522230298506,-5.853302857618039],[-35.28615194895188,-5.850543370182317],[-35.29638363125109,-5.856729968986889],[-35.30590147575128,-5.862440675149587],[-35.31018450517962,-5.873148249404419],[-35.31502949653886,-5.880829557482498],[-35.3188366347113,-5.88796794065192],[-35.322942744217464,-5.9039951122190635],[-35.32872177255098,-5.906935100366638],[-35.335959795003205,-5.908434087768481],[-35.348996805161285,-5.909970115893754],[-35.35541689967569,-5.914481114358089],[-35.35542636707352,-5.914561268376598],[-35.35487822954362,-5.915344686939539],[-35.35526257886936,-5.91568814426353],[-35.355478713715435,-5.916387842682328],[-35.356740880399826,-5.916735505978064],[-35.35685818908719,-5.916991093329165],[-35.35742480835941,-5.9172511075698875],[-35.35728448202108,-5.918247948330523],[-35.35698423955001,-5.918583991894673],[-35.3567425410285,-5.91879996007182],[-35.35696155303032,-5.9192029021945345],[-35.357002831480756,-5.919896070084246],[-35.35675759189438,-5.920170526485234],[-35.35641131206414,-5.920479954124021],[-35.35651821736048,-5.920844107234984],[-35.35715555334905,-5.920992401900649],[-35.35731790367628,-5.921290983674298],[-35.357424808098294,-5.9215240510678955],[-35.357658871492745,-5.921733158039283],[-35.357635630718384,-5.922123925646262],[-35.35799142792189,-5.922317318485706],[-35.359669153547316,-5.922492118381351],[-35.36010363628856,-5.92297844871759],[-35.36079099423616,-5.923293906768387],[-35.36127782225201,-5.923922113860332],[-35.36115619793971,-5.9240301809430855],[-35.36082773608613,-5.92401059244583],[-35.36065774969276,-5.92402071880698],[-35.36034289966159,-5.924001960534194],[-35.35992435417629,-5.924470472752943],[-35.35919472010687,-5.924640182100062],[-35.35900968366447,-5.9248055754176745],[-35.35913108636237,-5.925143997791103],[-35.35923799170249,-5.925717036620826],[-35.36007773990926,-5.925847845481999],[-35.36037764969142,-5.926277237605854],[-35.360484554800735,-5.926963599314067],[-35.360604297673795,-5.927183828639192],[-35.360769303179545,-5.927543388464054],[-35.361455112727995,-5.927396864491436],[-35.361850860476366,-5.927750448512539],[-35.36195776598764,-5.927870191036993],[-35.36219083219753,-5.927977096292257],[-35.36241106178726,-5.928323486852813],[-35.36296639377233,-5.929040006421385],[-35.363062342169755,-5.930650500920827],[-35.361868125300546,-5.9309794609995015],[-35.36181367638215,-5.93189319055233],[-35.36196628769827,-5.932174011042679],[-35.36117091762832,-5.933085969694969],[-35.3616163556338,-5.933309297586728],[-35.361964184648166,-5.933416645851419],[-35.362104068566886,-5.933721480407069],[-35.36281422520761,-5.933466667488075],[-35.36307506960213,-5.933758609082317],[-35.36422258503676,-5.934074732065367],[-35.36423763594249,-5.934326445904092],[-35.36420830866471,-5.934817590830873],[-35.36433756882149,-5.935236246733115],[-35.36468395946669,-5.935456476495994],[-35.365017512326176,-5.935689542529302],[-35.365444247767364,-5.935885369547713],[-35.365728553791485,-5.936408497366417],[-35.36569136968628,-5.937032774630918],[-35.366311773952866,-5.937541847257816],[-35.366777463738295,-5.937288804682086],[-35.36759850894909,-5.9371133961297105],[-35.36853365346766,-5.937390287437695],[-35.36906751526973,-5.937247249075737],[-35.36976516525391,-5.9372888599222025],[-35.37043249325305,-5.936822782218142],[-35.37104017102095,-5.936931513759081],[-35.371387778303145,-5.937688758484413],[-35.371993463852554,-5.938366599252656],[-35.37287747920482,-5.938555509391712],[-35.373773999653324,-5.938182669924826],[-35.373947748391856,-5.938611728994654],[-35.37354082271129,-5.939360618617727],[-35.37350408123977,-5.939977537178919],[-35.37374987388005,-5.9403294053839515],[-35.37397010334883,-5.9406757963631645],[-35.37430011516528,-5.941148126904599],[-35.37459781150139,-5.94274346028146],[-35.37496456495641,-5.94315387221322],[-35.37538986229653,-5.943179214534929],[-35.375675495646135,-5.943162227128956],[-35.37600993451461,-5.943282246710179],[-35.376651365086474,-5.94343148227725],[-35.376439546916444,-5.944021896084632],[-35.37670658885724,-5.944320810070879],[-35.37748314516511,-5.94452881042481],[-35.37806326681507,-5.9446370433598705],[-35.378018778515035,-5.945381838314233],[-35.37816308878734,-5.946002021080921],[-35.378573556556546,-5.946190378295283],[-35.378736127986045,-5.94633557444754],[-35.378843032938676,-5.946455317107667],[-35.379225722460376,-5.946630946671616],[-35.37952939506393,-5.946902193853255],[-35.379680457089655,-5.947391456621329],[-35.380273415747816,-5.947663588900178],[-35.3804958576318,-5.947862293268533],[-35.38065621540273,-5.9480418520889105],[-35.381175801992484,-5.948372251597353],[-35.38143731000031,-5.948942024559631],[-35.381611390727045,-5.948800923058942],[-35.38181667905584,-5.947918789601365],[-35.38217092707871,-5.947522155653008],[-35.38304243706323,-5.947922109422342],[-35.38359245683893,-5.948306292841438],[-35.3844023241475,-5.948155176447793],[-35.38468862247483,-5.947999576958841],[-35.38507584897138,-5.9486084722392745],[-35.385410619938156,-5.949087719611694],[-35.38543994719514,-5.949579029573993],[-35.38524262599918,-5.950128772504077],[-35.385082267881785,-5.950648302297511],[-35.38490475660717,-5.950974828777689],[-35.385450128509575,-5.951101709267844],[-35.38576221147489,-5.951548475914588],[-35.385869116597625,-5.952234837725612],[-35.38610218350729,-5.9525683908554194],[-35.38620908873859,-5.953368077512534],[-35.38655547891481,-5.9538149538606],[-35.38666238447748,-5.954161344912865],[-35.386891467320254,-5.954582879027945],[-35.387002356305445,-5.955294583935873],[-35.38744845893777,-5.95557828170843],[-35.387682300233976,-5.956087852040538],[-35.38787851432456,-5.956263149787362],[-35.388059124020934,-5.957039374701204],[-35.38826441302554,-5.957222806398057],[-35.388475567690286,-5.958354330247052],[-35.38893528170295,-5.958914531085156],[-35.38904218749821,-5.959600893614988],[-35.389563211289456,-5.960066418401044],[-35.389310335095125,-5.961689473607437],[-35.38909563975606,-5.962084447827802],[-35.3889352821872,-5.962433992463503],[-35.38873397722946,-5.96280439780108],[-35.38905048724852,-5.9635654609656985],[-35.38892886325337,-5.963674137320757],[-35.388723131393945,-5.963904491908021],[-35.388135595256735,-5.964014108848704],[-35.38778367191301,-5.964259956990886],[-35.387289318078636,-5.964230464455109],[-35.38688903244202,-5.964354080571755],[-35.3866089316817,-5.964527275411673],[-35.38667190153997,-5.9647070558514015],[-35.38663416382648,-5.9656607921447415],[-35.38716548060433,-5.966234217396408],[-35.38762718708881,-5.966551945420657],[-35.38797313531937,-5.966231451278721],[-35.38823763134237,-5.9659459826394095],[-35.38961832412497,-5.966131794395516],[-35.39034153954826,-5.966413444265304],[-35.3905862260926,-5.9671863491474335],[-35.390801917858454,-5.96719487071449],[-35.391274912404675,-5.967176112608772],[-35.391540736884295,-5.967301554043951],[-35.39167464490697,-5.967724582563316],[-35.39198960588585,-5.968212461743026],[-35.39244290105167,-5.968426382776787],[-35.392231526045066,-5.9688905792669535],[-35.39190549776192,-5.969192703187121],[-35.39225631507641,-5.96935826241548],[-35.39209473984265,-5.970204760861711],[-35.39174834944468,-5.970368217107539],[-35.39142741288943,-5.97190218490945],[-35.39156917811571,-5.9724095972349325],[-35.39222079131355,-5.972754383145256],[-35.39289630814374,-5.972727601639401],[-35.39307149550849,-5.973281106888189],[-35.39368846901686,-5.973852762413782],[-35.39369389173553,-5.973989824751439],[-35.39366179764417,-5.974801130590951],[-35.39437527337226,-5.97546231650354],[-35.394147187026746,-5.975893533816156],[-35.39436940824268,-5.976485109154038],[-35.39449590213993,-5.9766023065567255],[-35.394482732161585,-5.976936247072802],[-35.394496122916124,-5.977276218911704],[-35.39447177627943,-5.977891919845795],[-35.395016040817644,-5.97863394845284],[-35.3953937505829,-5.978524940166228],[-35.39569576288185,-5.978365080289839],[-35.3964073576456,-5.9785903999510674],[-35.396418203179415,-5.9788627542133925],[-35.39640525519216,-5.979189445341908],[-35.39652698970716,-5.979653863490214],[-35.396745116660604,-5.980569584909492],[-35.39711961692795,-5.980554755189574],[-35.397429154704604,-5.981438051216855],[-35.39731018706084,-5.981845585791249],[-35.396854898810446,-5.982267397027293],[-35.39732025775256,-5.982486961938693],[-35.39792660689754,-5.982951988579378],[-35.398675717905924,-5.982922274014711],[-35.398521115287195,-5.983918395605754],[-35.398000864858325,-5.984400520557284],[-35.39798227260148,-5.984868923025572],[-35.39800805880825,-5.985520701191409],[-35.397886877021335,-5.985777672016228],[-35.397662996023655,-5.985985063606462],[-35.39815945215878,-5.986520918285805],[-35.39867571759196,-5.986339976082717],[-35.39902011650712,-5.986230968203864],[-35.39925849535115,-5.986104806112525],[-35.40000804892254,-5.986134520652926],[-35.40045713895579,-5.985896916758178],[-35.40077442390997,-5.9858843563765305],[-35.40128327502146,-5.985904497190727],[-35.40139549288185,-5.985433384619077],[-35.40151324355641,-5.985211052502427],[-35.401716097716054,-5.9847811627657155],[-35.40264294102174,-5.984744421688902],[-35.40292580816896,-5.985471011756196],[-35.403531494082614,-5.985756811305362],[-35.40402717533925,-5.98613701103407],[-35.404863050470404,-5.985962100599147],[-35.40502628560267,-5.986113327948269],[-35.40513518257049,-5.986344291448499],[-35.405252933185814,-5.986453299662826],[-35.405616034630185,-5.986845285536725],[-35.406132521873545,-5.9865719910225055],[-35.40659799120656,-5.986553564473418],[-35.407638380212745,-5.9874732156065535],[-35.407859383940114,-5.987364207514453],[-35.408066001015044,-5.986926184045315],[-35.40882485022511,-5.986344291556481],[-35.40962885264823,-5.986656154289973],[-35.40989921472972,-5.986906595658409],[-35.410214175362356,-5.9872465672007005],[-35.41097756261263,-5.986710823570488],[-35.41126341823765,-5.98589531196544],[-35.411615673395275,-5.98478271259632],[-35.41205236910987,-5.984644432424027],[-35.41238791483729,-5.984526793187674],[-35.41284563677043,-5.98441778502286],[-35.41299946528716,-5.983291904743872],[-35.41350942295761,-5.983271707879729],[-35.4137639592193,-5.983406390468359],[-35.4147431486978,-5.983367602100245],[-35.415350716000425,-5.984114222958496],[-35.41533378314537,-5.984542452467549],[-35.41556541164862,-5.98498008826674],[-35.415674308202824,-5.985211052525297],[-35.415850824396074,-5.985374564428278],[-35.416014280242265,-5.985551024337133],[-35.4161433192038,-5.985670490454441],[-35.416354252279504,-5.986117643689132],[-35.41680068699227,-5.986531264908329],[-35.41695296541982,-5.9870120069758235],[-35.417461484771,-5.987032203141007],[-35.4179407878191,-5.9869065955592315],[-35.41851183336567,-5.986797587855814],[-35.41870849106935,-5.98597183918451],[-35.41963467045372,-5.98600858105796],[-35.42025584975905,-5.9857533801373135],[-35.422478171859844,-5.98588668050635],[-35.4226448372796,-5.986759683737682],[-35.42366442060106,-5.986278499959046],[-35.42383805850755,-5.9861176443023005],[-35.42398192717876,-5.985214317288118],[-35.42418588806478,-5.985206238537873],[-35.424400251605405,-5.98543770054416],[-35.42516054082176,-5.9859953007411395],[-35.425377338894236,-5.986679947462429],[-35.425991213488345,-5.986570939336107],[-35.426124678893004,-5.986287962224951],[-35.42686050989981,-5.985837487827454],[-35.427205019613524,-5.986209387413006],[-35.42747261474414,-5.98635093180867],[-35.42909113268662,-5.986572102005125],[-35.42882431244735,-5.987137559829253],[-35.42864547302572,-5.98747537295283],[-35.42882431191856,-5.9878131870282],[-35.4289332095371,-5.9880441506900635],[-35.429050959630004,-5.988266482338216],[-35.429193943403945,-5.98901548334965],[-35.42949982944757,-5.989177390447159],[-35.429839800725794,-5.989337859146981],[-35.429730903613525,-5.989970657876837],[-35.42939093204931,-5.990285674338398],[-35.42958581839662,-5.990532961885765],[-35.429844227167635,-5.990423953866831],[-35.42996939334475,-5.990288828352423],[-35.4305948881309,-5.990313617847717],[-35.43120411492028,-5.990197305868089],[-35.43141405230132,-5.989970658254901],[-35.432224030302926,-5.9903063132720735],[-35.43255216045303,-5.990660561785283],[-35.43326796030774,-5.9904096778390645],[-35.43389113177144,-5.991082317409966],[-35.43434099631936,-5.991320308133684],[-35.434788759080284,-5.991338070965918],[-35.435170452420735,-5.9912172213566866],[-35.435823947107444,-5.9909487957853536],[-35.43621194825455,-5.991367507865372],[-35.43653033967744,-5.991217221028961],[-35.43683157830848,-5.991057803975373],[-35.43727015471352,-5.991531130613131],[-35.438615323447365,-5.991706539647546],[-35.43899247926413,-5.991506949363051],[-35.43914110641134,-5.9917877145401235],[-35.43913003946413,-5.992064992315285],[-35.43913734357933,-5.992248479702834],[-35.43879681896038,-5.992892124750541],[-35.44003209413045,-5.993030847301956],[-35.440472663089274,-5.9930134166567965],[-35.440841076633625,-5.993208357863091],[-35.4414032691592,-5.993030404056493],[-35.44174844266947,-5.992847746587927],[-35.44242351651485,-5.993893060708107],[-35.44307922425282,-5.994122917637852],[-35.443846705595284,-5.993716821923856],[-35.444319257556195,-5.993698064007126],[-35.4446640175682,-5.993788396116419],[-35.44783600688299,-5.995769378152569],[-35.45133451265307,-6.004509123256272],[-35.46357941462324,-6.008879013333044],[-35.464608174690866,-6.00960469917671],[-35.46438700206566,-6.010073372372193],[-35.46394798258302,-6.010480132348057],[-35.46429027810597,-6.010797307034832],[-35.463961594075315,-6.012239863246644],[-35.46310292236538,-6.0124443772105804],[-35.46283875815584,-6.013278757638483],[-35.46259064003936,-6.013546519480102],[-35.4621959988783,-6.013530914663452],[-35.46191080775506,-6.013542203243833],[-35.46159684249,-6.0133760354609676],[-35.46069744423837,-6.013726243793097],[-35.460437263766416,-6.014104340674141],[-35.46030092136881,-6.014960633302133],[-35.45965107937216,-6.015562777923098],[-35.45953509958778,-6.015808515386847],[-35.45930944708255,-6.0162348089007045],[-35.45908611926144,-6.017172718775514],[-35.458850729032804,-6.017617382925092],[-35.45874183151315,-6.0183016423520055],[-35.45850898696444,-6.018639954502612],[-35.45862850757447,-6.01875062169534],[-35.45868295658487,-6.018809442168362],[-35.45913835479162,-6.018661645241219],[-35.46018317079759,-6.018266283674365],[-35.46032504689483,-6.0184139148381375],[-35.46078055555831,-6.018525025415538],[-35.46189133010607,-6.018975499132346],[-35.46247388584654,-6.018987396434285],[-35.46300309938248,-6.018436602177107],[-35.46340017623417,-6.018232032569506],[-35.46412471887713,-6.018467201120976],[-35.46440039255151,-6.018754052641636],[-35.465988255985756,-6.018721626964008],[-35.46599356745498,-6.018980479385207],[-35.46576957612436,-6.019415293939491],[-35.46575552114964,-6.020100106801226],[-35.4665155887839,-6.020615320782407],[-35.46701337285968,-6.020453746118697],[-35.46789318210954,-6.02015267358189],[-35.46829878042198,-6.020361615262725],[-35.46871323144657,-6.020227097734224],[-35.46962790192015,-6.019856139328807],[-35.47015268873185,-6.020564137146371],[-35.470407778235504,-6.020569338047187],[-35.47074941006586,-6.020065301782638],[-35.47075306217933,-6.019886019442422],[-35.470741774191296,-6.019332293038559],[-35.470963884508244,-6.019101162262705],[-35.47164714857181,-6.019087218200412],[-35.47220602155262,-6.02017215140789],[-35.472350886010815,-6.0213581238838065],[-35.47256624518864,-6.0212470136050795],[-35.473238553467844,-6.020791337866676],[-35.473585054496304,-6.020798365844763],[-35.474209332435926,-6.020785638810199],[-35.47512986747572,-6.021409639611993],[-35.47540133617369,-6.021127104796619],[-35.47642800202003,-6.020793938934208],[-35.47686348012252,-6.02034064345487],[-35.47769127648579,-6.0203237662261095],[-35.478351299745796,-6.020452584248236],[-35.478681200403706,-6.0207959859431055],[-35.47912331946056,-6.021220729505634],[-35.479516079241236,-6.021819830659079],[-35.479931194593036,-6.021811364773446],[-35.48005104800877,-6.021813799410808],[-35.48051089133292,-6.021502072991543],[-35.48291548530611,-6.025131937665717],[-35.48626596106426,-6.027172963776773],[-35.48627622896528,-6.027188109668217],[-35.4861551577148,-6.027876463997705],[-35.48582514660747,-6.0280464499442035],[-35.484918554515104,-6.028486299578132],[-35.485166893453005,-6.030290296871308],[-35.48650940577439,-6.030317687089394],[-35.4868624366742,-6.0299502701433445],[-35.48803595874331,-6.029974229703987],[-35.488542707256904,-6.0296307715127115],[-35.4890401595794,-6.029389404432478],[-35.4893089861054,-6.029026697236112],[-35.49267141124009,-6.031075002446543],[-35.494438498303815,-6.03187441760314],[-35.49443776565667,-6.031877275120581],[-35.49477552405165,-6.0321261113620475],[-35.495161504204006,-6.032201499213446],[-35.49545505187142,-6.032334297906347],[-35.49545779147719,-6.032466027585386],[-35.49523103295064,-6.032906098766685],[-35.49539736688491,-6.03343503630997],[-35.4960220873429,-6.033939294533162],[-35.49636073115411,-6.034103636286263],[-35.4963643833006,-6.034279210649243],[-35.49624873531991,-6.034503701192079],[-35.49613762442749,-6.035299181974715],[-35.496021865967776,-6.035637604357457],[-35.49615167922882,-6.036526488549287],[-35.49596874571921,-6.036716892674305],[-35.495684328603936,-6.0369901877921395],[-35.49580838746389,-6.037886431854194],[-35.49602430051145,-6.0376789844700545],[-35.496183219951995,-6.037189278845152],[-35.49723932354185,-6.036983104946094],[-35.49743299229305,-6.036386327579803],[-35.49771530671144,-6.036092448944764],[-35.49829077975403,-6.03620355999743],[-35.49873079547975,-6.036430207903222],[-35.49901443720444,-6.036164936570979],[-35.49925292625669,-6.035916708349399],[-35.49942180543503,-6.036092449461158],[-35.49953734313093,-6.0362035602135125],[-35.499649560056,-6.036320314946668],[-35.499817333043794,-6.036145735489517],[-35.49999063874884,-6.035979125461632],[-35.50010174905086,-6.035750264005549],[-35.50021728617837,-6.035525829733744],[-35.50038229239549,-6.035185858038545],[-35.50078390653663,-6.035296968561251],[-35.50144116241659,-6.03574246226213],[-35.50180160833557,-6.035865801275324],[-35.50279020503467,-6.035986650438061],[-35.50293484776408,-6.036432421203354],[-35.50361700424894,-6.036543532138263],[-35.50381299783532,-6.037147557423459],[-35.50474803028981,-6.037339012283356],[-35.50622345519947,-6.037450123479368],[-35.50652812354034,-6.037607050478753],[-35.50689532019009,-6.037224858906827],[-35.50749613617338,-6.037078390048143],[-35.507696666433134,-6.036885717160622],[-35.50790516458391,-6.036668696792881],[-35.50848993383874,-6.036656800449279],[-35.50869898575194,-6.036874428318732],[-35.50894101596964,-6.036999040790943],[-35.50939652522872,-6.037110151695099],[-35.50953463924086,-6.037676770775429],[-35.509963144741114,-6.037565660262244],[-35.510188686324476,-6.037449514242981],[-35.510414227098394,-6.037565660338319],[-35.51118602576448,-6.037940160607235],[-35.51208907605317,-6.039801595179216],[-35.51233741427978,-6.040059949249734],[-35.513247879078136,-6.03987347356274],[-35.51411042492813,-6.040396545820554],[-35.51438277860431,-6.040285435058613],[-35.514807522535605,-6.0399975876850664],[-35.515055971516354,-6.040509869796955],[-35.515855989648884,-6.040398758498875],[-35.51600406322708,-6.040093592217835],[-35.51630928568371,-6.039945462803322],[-35.516527080115445,-6.039718815244191],[-35.51664936768388,-6.03994330548051],[-35.51663675178092,-6.040559006043558],[-35.51676036772056,-6.041192026463821],[-35.51710000806353,-6.0415184412336504],[-35.517104987476536,-6.041760749132176],[-35.51653593361474,-6.042600165354799],[-35.51700217746654,-6.043002996591866],[-35.51721587674746,-6.042891885614053],[-35.51743367132149,-6.042665237380078],[-35.518307505156976,-6.043303791500258],[-35.518122468894326,-6.043685152929787],[-35.51795746315325,-6.04400564748105],[-35.518582957882835,-6.04425238184989],[-35.51906945388033,-6.044758687321697],[-35.519595679492646,-6.044929502778682],[-35.52003569569971,-6.045156151196419],[-35.520481355383154,-6.045016045105834],[-35.520955567198016,-6.044705068934116],[-35.52149783971644,-6.044337540544036],[-35.52184323423142,-6.044697044916021],[-35.522097106515325,-6.044820218298832],[-35.52263428818721,-6.04537920192992],[-35.52321983268247,-6.045663286924902],[-35.523108721516024,-6.046404927568287],[-35.522882073874904,-6.0472893301431],[-35.52307253359195,-6.0475217327181205],[-35.52341173066924,-6.047686295746069],[-35.52366471774183,-6.048207763630807],[-35.524126423556126,-6.048558082320206],[-35.52559764311314,-6.04868894763825],[-35.52561103388988,-6.049346978435464],[-35.525261876278115,-6.049682468601291],[-35.525599635006294,-6.049917969951993],[-35.526280243008195,-6.05036423811707],[-35.52659597815907,-6.0513372299096275],[-35.52730170731163,-6.051615615663645],[-35.527435283515985,-6.052027079146296],[-35.527755003790446,-6.052182235330949],[-35.527866114250706,-6.052524420333072],[-35.52798165092279,-6.0527488549338395],[-35.52814599352299,-6.0530875543884815],[-35.528320516678384,-6.053091095257843],[-35.52844369015754,-6.053088549996388],[-35.52886278901604,-6.053524802954555],[-35.529232641497465,-6.053775521031941],[-35.52956818674315,-6.053768715217144],[-35.52977723786857,-6.053986343129524],[-35.53023484959547,-6.054222065915315],[-35.53036145392729,-6.054110955051179],[-35.53065892951572,-6.053801361619532],[-35.532050356904804,-6.05363132093402],[-35.53206374779501,-6.052973455112944],[-35.531827914221324,-6.052515732691681],[-35.5318438509874,-6.051737681755682],[-35.53150055857396,-6.051407836436624],[-35.53138136966704,-6.0511623199809295],[-35.53092829529209,-6.050493940834334],[-35.530923536303256,-6.050256834912541],[-35.53092929129141,-6.049973524837726],[-35.53092121236125,-6.049580155898588],[-35.53104139727085,-6.049464673979935],[-35.531173755944856,-6.048786667459563],[-35.53143692466822,-6.048781300049478],[-35.53204736855707,-6.048793749835332],[-35.53248030187597,-6.048377804044236],[-35.53285236746169,-6.047875925220611],[-35.53329039108952,-6.047663332363272],[-35.533839414559196,-6.047291211931735],[-35.53453451973441,-6.047649277782825],[-35.53484704514565,-6.046933920286075],[-35.534554439484275,-6.046629361897787],[-35.5342841888,-6.046369679899889],[-35.53444211170796,-6.046063019337398],[-35.53409893063979,-6.0459516319717554],[-35.53376117237529,-6.045836094268028],[-35.53313069739098,-6.04568237681096],[-35.53274413376939,-6.045112049569405],[-35.5334189867257,-6.044702855267463],[-35.533761171846066,-6.044591745095732],[-35.534218230879645,-6.044244966760336],[-35.53486917884569,-6.044258246818815],[-35.53544719750259,-6.0441101731914895],[-35.53645571460795,-6.044316734689462],[-35.53662525793055,-6.043821440905064],[-35.53648094644839,-6.043229644333583],[-35.53602765054725,-6.04248213800153],[-35.536252085279145,-6.041756432576372],[-35.53678417706009,-6.041626674481132],[-35.5373102917125,-6.041281778156693],[-35.53772529667664,-6.040849841687445],[-35.538186670653964,-6.04073734751253],[-35.538405240394255,-6.040509869657969],[-35.53863642585899,-6.040287703894145],[-35.538965219391905,-6.039945462784704],[-35.53942736894018,-6.04005657352685],[-35.53995691527409,-6.040458353850083],[-35.5404579082625,-6.040629833542652],[-35.54078714512658,-6.040623137717655],[-35.54122207011376,-6.040847129888644],[-35.541467200226236,-6.040852110230164],[-35.54168499438959,-6.040625407035827],[-35.542612723047014,-6.040774974419208],[-35.542827640528266,-6.0416568867586395],[-35.54361592754219,-6.041640840548902],[-35.54384478922167,-6.041758646239331],[-35.544429447495425,-6.041901241478736],[-35.54528590711629,-6.042620196055008],[-35.545880857622976,-6.042331573675837],[-35.54609588487685,-6.042107692866686],[-35.54633791613697,-6.0419830809906125],[-35.546822640974156,-6.041825766335973],[-35.54721949659578,-6.041007708969044],[-35.548636820418075,-6.040834569168856],[-35.5484908492906,-6.039263472483391],[-35.548926216440485,-6.038845203103117],[-35.549059903587505,-6.038585576130185],[-35.54920853045791,-6.03797623831883],[-35.549506449144715,-6.037689996003499],[-35.54962652349728,-6.037339012372475],[-35.54974958587034,-6.036960030172808],[-35.550577935008356,-6.036676443806857],[-35.550984197282965,-6.036885717259724],[-35.55274901833633,-6.037018573500343],[-35.55298817182039,-6.037482770276075],[-35.55279959394541,-6.037678984241174],[-35.55257294602998,-6.037896778549256],[-35.55269136089016,-6.0386310052132535],[-35.55371769426645,-6.039253345694557],[-35.554726100952124,-6.0393766305653385],[-35.554950534930576,-6.039492167106524],[-35.55529272034415,-6.039603278370444],[-35.55595053036485,-6.040049159016119],[-35.55653275459446,-6.040061056187412],[-35.556877041775074,-6.039943249628815],[-35.55721922691186,-6.039832139603547],[-35.557668096405365,-6.039600954048579],[-35.55789695788774,-6.039718815258911],[-35.558240248923376,-6.039885426152839],[-35.55869465223292,-6.04011948873733],[-35.55925684483353,-6.0398299254519365],[-35.559997544992136,-6.039649315929206],[-35.56038045611182,-6.039281400407425],[-35.56039240793129,-6.038696852746655],[-35.560249535987595,-6.038139694507298],[-35.56039052654588,-6.037561565810914],[-35.56070593080569,-6.037889807137858],[-35.5611802532523,-6.038134161696834],[-35.561740122402774,-6.037942485114453],[-35.561883657821326,-6.038824231262413],[-35.56208994280245,-6.039038871783982],[-35.56251966670288,-6.039247425141089],[-35.56288144049178,-6.039594922154203],[-35.56320503272673,-6.040261973183886],[-35.56337889191774,-6.040442970331972],[-35.56392891146841,-6.040082359727822],[-35.564243097977595,-6.039603277745939],[-35.56441640408422,-6.039436667486253],[-35.564638624884296,-6.03920548205962],[-35.56492381613962,-6.038931357529627],[-35.56506834864701,-6.0383387865346805],[-35.56605738777303,-6.038358983267436],[-35.56638562887914,-6.03835228813578],[-35.5667427544683,-6.038474520991777],[-35.56730395078167,-6.038463066240045],[-35.567757246926504,-6.038472307279275],[-35.5679796896006,-6.0384677700729945],[-35.568275283646805,-6.0389038572240255],[-35.56805073799402,-6.039780291507432],[-35.56821032121377,-6.039946459464828],[-35.56895710857156,-6.039379839919149],[-35.569287119571605,-6.039373088332353],[-35.569575852762085,-6.039379009536013],[-35.57013162705545,-6.038800603612345],[-35.57103810775213,-6.038819085344267],[-35.5714976007717,-6.038582422106768],[-35.57171107900278,-6.039022493249234],[-35.57194226428974,-6.039263085092661],[-35.57206897901123,-6.0392656857002915],[-35.5722935245645,-6.039032065521242],[-35.57273807732153,-6.039041140188935],[-35.57340684357644,-6.038812223394728],[-35.57376020586176,-6.039136702283165],[-35.57387563316111,-6.039492222736784],[-35.57460781144758,-6.039477282631789],[-35.575442579683994,-6.039680800691124],[-35.57557770509717,-6.039943250167644],[-35.575850833647664,-6.0405061624021545],[-35.57635514768176,-6.040516454150874],[-35.57659762101974,-6.040398758747675],[-35.576816853547456,-6.040170561392704],[-35.5776227375325,-6.040058122818126],[-35.5778942055137,-6.039775532412773],[-35.57852800122188,-6.039981264226481],[-35.57851737723351,-6.040505443160372],[-35.5787507755669,-6.040849841340386],[-35.57891290412168,-6.041349229899493],[-35.57943160478752,-6.041889123579522],[-35.58029581027874,-6.041376067283073],[-35.580448863414176,-6.040279569767985],[-35.580904040513126,-6.040058786997576],[-35.58088777255932,-6.03926585153114],[-35.58122708059293,-6.039258934755052],[-35.582062623098444,-6.0394731327388875],[-35.58271113762848,-6.039158504122975],[-35.58292616455804,-6.038934622774685],[-35.58332700430597,-6.038728171631364],[-35.58385035258448,-6.039376629885952],[-35.58398237924976,-6.040052644952838],[-35.58462513841113,-6.039721526919174],[-35.58519861959398,-6.03970985114628],[-35.585547444638664,-6.040044954047575],[-35.58571599262926,-6.040736516968094],[-35.58600350749981,-6.040625407112976],[-35.586456250159124,-6.040281948909408],[-35.5865679138775,-6.04051208300511],[-35.58725007104005,-6.0406231932982655],[-35.58758782941677,-6.040738730407954],[-35.58847693494543,-6.040862900151183],[-35.5886418308026,-6.0418296395112305],[-35.58838331047285,-6.042098617662608],[-35.58793001476125,-6.042245751033975],[-35.58815444880539,-6.042438590118809],[-35.588574876322504,-6.0426426060764244],[-35.58906115146593,-6.043109845668864],[-35.58921132736784,-6.0435726035525414],[-35.5895458766763,-6.04406618309761],[-35.58923667066878,-6.044828684542016],[-35.58941971550515,-6.045953623631188],[-35.5900820626023,-6.045940122657839],[-35.590654105272165,-6.04595179829067],[-35.59130029504673,-6.045279269142482],[-35.59178634880121,-6.045269308807382],[-35.59221507607117,-6.046152881375566],[-35.593337248069254,-6.045768753068131],[-35.593934080903246,-6.046058315896435],[-35.59404729368151,-6.0462916039925245],[-35.59451054938201,-6.046404595726177],[-35.5954071809439,-6.047084870950792],[-35.596031458361125,-6.04754768443709],[-35.59620266220231,-6.048215896986484],[-35.596374086886584,-6.049093991835395],[-35.596694802046244,-6.0492592193495724],[-35.5971092531672,-6.049124701819264],[-35.597448229295715,-6.048895010774354],[-35.59793616420247,-6.049265305312911],[-35.59835360372841,-6.049122489201691],[-35.59954516491507,-6.048976849582529],[-35.5998290277478,-6.048558082563136],[-35.60011720758121,-6.048118620638213],[-35.60050897154174,-6.047991463096626],[-35.60124668351955,-6.047738973733126],[-35.60174867353458,-6.047982499044135],[-35.60198461709393,-6.048440497443432],[-35.60197310824383,-6.049004461920403],[-35.60242695698686,-6.049238247004119],[-35.6026425382548,-6.049233820708093],[-35.603417213774804,-6.049422675305055],[-35.60366876165276,-6.049684515399894],[-35.604588633716105,-6.0502557279282625],[-35.60492639209782,-6.050484589817464],[-35.60551359542187,-6.050833193500575],[-35.60548626110626,-6.052174101221308],[-35.60614728034439,-6.05251468164012],[-35.60685367384479,-6.052529068719152],[-35.60700119344729,-6.0520744449198425],[-35.6078729245708,-6.052297827639812],[-35.6083121657924,-6.052288863909302],[-35.60901612472154,-6.052965266249377],[-35.60842814614914,-6.053899966841138],[-35.60844286418726,-6.0546198067628465],[-35.60843224078574,-6.055137400406398],[-35.60889494342301,-6.055581953624349],[-35.609027301625005,-6.056259960170914],[-35.610350668919445,-6.056286963453906],[-35.610699050840616,-6.055924360090858],[-35.61082144966771,-6.055921870168215],[-35.61113895658608,-6.057688627424678],[-35.611329194108755,-6.058080834540365],[-35.61172582801554,-6.058072755472799],[-35.611544221641644,-6.058636111312486],[-35.61104699139485,-6.05864629276902],[-35.61070967499882,-6.058639375224731],[-35.61059258886795,-6.058981671217037],[-35.61048147810249,-6.05966382864711],[-35.610252617232696,-6.059774939426454],[-35.61014150667996,-6.060343772247792],[-35.60988730167361,-6.060718825975052],[-35.61112124900708,-6.0613544464994815],[-35.61161471778078,-6.061474797880347],[-35.61195247628898,-6.061590335507114],[-35.612420711811005,-6.061704488961291],[-35.61285906703154,-6.06193030680531],[-35.61380295389974,-6.062084025314794],[-35.61410640584029,-6.062375579361454],[-35.61429775040746,-6.063160160073642],[-35.61456943992451,-6.063292020730303],[-35.61489203696466,-6.063627731227263],[-35.61501332902613,-6.063630221660083],[-35.61523455372261,-6.063625683886167],[-35.615916489875545,-6.063859082886377],[-35.61705426666072,-6.064081248697535],[-35.61727283596374,-6.064531777958886],[-35.61761867326448,-6.064650081255145],[-35.61807429256235,-6.06476119218262],[-35.61806532872278,-6.065196228194041],[-35.61829319338045,-6.065665791345311],[-35.6188746425172,-6.065814806366661],[-35.61932074567232,-6.065669996956029],[-35.619880392751156,-6.065478486714191],[-35.620520938804184,-6.066455462821286],[-35.62107615931281,-6.066466805911418],[-35.62151108406326,-6.066457897266216],[-35.62230468420194,-6.067060096617196],[-35.622957182473485,-6.066565024070848],[-35.62340040691651,-6.066349940427042],[-35.62377081213588,-6.0657850362208166],[-35.62427601187622,-6.06577474388261],[-35.624884463809835,-6.0658993565209745],[-35.625324700412115,-6.065441136245456],[-35.62576383073596,-6.065228044971712],[-35.62589353336884,-6.065103377342922],[-35.626313075733535,-6.064537477210952],[-35.627010394005815,-6.06452325595655],[-35.62719786574572,-6.0647033679057785],[-35.62745882031926,-6.064974892300603],[-35.62807225259849,-6.065346902187648],[-35.628499984299914,-6.065554459578763],[-35.6286839144107,-6.066121079266033],[-35.629814829855604,-6.065970847411253],[-35.630086519107294,-6.065443348979548],[-35.630197962393666,-6.065213768566034],[-35.630542913995285,-6.06533190653524],[-35.631136868426246,-6.065025910021172],[-35.63156426832735,-6.0654365987631875],[-35.631898816938836,-6.065784760178004],[-35.63219629277999,-6.065330910794799],[-35.63268644026299,-6.065320950610939],[-35.6328040809602,-6.06544334897659],[-35.632921942172985,-6.065556673173226],[-35.632915080456286,-6.065894431767085],[-35.63303294182076,-6.0660077558853285],[-35.63314405270738,-6.066236617008245],[-35.63371288578923,-6.066914347260703],[-35.63416396748378,-6.0674831802508455],[-35.634287331162234,-6.067498255090335],[-35.63446628490742,-6.068233967079903],[-35.635549361907806,-6.069174471433378],[-35.635553514394935,-6.069191505603104],[-35.635591515777016,-6.069211076888603],[-35.63706630071655,-6.070491727609076],[-35.63736924280352,-6.070782744009479],[-35.63820843688231,-6.071767964922914],[-35.63847027783885,-6.071902814088254],[-35.638779041067224,-6.0720526584760295],[-35.63903922153917,-6.072693923498723],[-35.63900956239739,-6.074146992929309],[-35.639376869185114,-6.074395940521577],[-35.63971684077669,-6.074560890868223],[-35.63960573026451,-6.074735912485235],[-35.63936104369631,-6.075096910579885],[-35.63938129605726,-6.0760899335998415],[-35.63881246305119,-6.076549095522885],[-35.6383591669001,-6.076696227806894],[-35.639036896997645,-6.077342362285167],[-35.6397613290745,-6.0774837967052395],[-35.6402856740944,-6.078133417063556],[-35.64039678434194,-6.078475601669559],[-35.64073675652773,-6.078802294202406],[-35.640512321498406,-6.079382193958167],[-35.640172349667694,-6.079547144584851],[-35.64028346053685,-6.079835489396891],[-35.640410174780705,-6.08008155939894],[-35.64039213608856,-6.080966515346929],[-35.64119226522647,-6.080855405187706],[-35.64130337609407,-6.080739867927137],[-35.64164556074528,-6.080628756987721],[-35.642209967199854,-6.080399895795244],[-35.64323707634852,-6.0802882869458585],[-35.643562218583064,-6.079949808968333],[-35.64447865933427,-6.0801732475569255],[-35.6448862495766,-6.080383184454119],[-35.64504516877027,-6.080055496741568],[-35.645498575377715,-6.079835489586252],[-35.645730203275924,-6.079716189584658],[-35.646168337141226,-6.080619350595288],[-35.64674071150447,-6.080631025849109],[-35.646969573145725,-6.080513219978037],[-35.648070607834136,-6.080333937467171],[-35.64834074797827,-6.079935533569382],[-35.64832093862097,-6.078966193226929],[-35.648784969577,-6.078815573518161],[-35.649229743611826,-6.0785864912446534],[-35.649549905548646,-6.078593020511052],[-35.65003153230466,-6.078475602464072],[-35.65014264305705,-6.078020092846898],[-35.650258180238396,-6.077795658048115],[-35.65036962247832,-6.077566077935395],[-35.65101824798109,-6.077788133185958],[-35.65139473934039,-6.077795824671828],[-35.65172419841252,-6.077116710653372],[-35.652071363572794,-6.076889066818445],[-35.65238545199222,-6.07667617510481],[-35.65400724221179,-6.076686114833647],[-35.66233425829833,-6.076738151686484],[-35.6710206577735,-6.075374289522987],[-35.67230556722916,-6.076730581851428],[-35.67301940519464,-6.078372410180914],[-35.673602911340886,-6.080513219761158],[-35.67407269650245,-6.081304494871269],[-35.674508395955556,-6.081313348692657],[-35.676303061118844,-6.081108790726582],[-35.67908703040899,-6.080394951746452],[-35.68137131304488,-6.079895264832097],[-35.68172823250811,-6.081037406048209],[-35.68094301026417,-6.084106910797282],[-35.68194238358534,-6.087890253871761],[-35.681527372478016,-6.089177639341986],[-35.68088176130663,-6.090793936745655],[-35.680844909262234,-6.092600313587952],[-35.68148113831478,-6.093017420673837],[-35.681762235312405,-6.093432148209802],[-35.68187334601168,-6.094000981258103],[-35.682099993398424,-6.0944409969535895],[-35.68198888325823,-6.095020897056068],[-35.68154942032716,-6.09560018820242],[-35.68142226356217,-6.096380784183546],[-35.681121025514145,-6.09682522637797],[-35.68130727974634,-6.09853891895184],[-35.68153558731603,-6.098758373786456],[-35.6816466978511,-6.099440530960931],[-35.68198666939378,-6.099942077511736],[-35.681875558699964,-6.100800418183175],[-35.68176002213454,-6.10091152884578],[-35.68164891095099,-6.1012537133984965],[-35.6810822913259,-6.101437588266791],[-35.681193402364194,-6.101480361292191],[-35.68153558753785,-6.101591472068489],[-35.68164669812015,-6.102953572485253],[-35.681762235535395,-6.103064683681471],[-35.68187334567803,-6.103293544911502],[-35.68198888286488,-6.10351797869348],[-35.682214202739544,-6.10408919147387],[-35.68298932104563,-6.10407336603071],[-35.684013994702966,-6.104663447375965],[-35.68452826851839,-6.104314843618327],[-35.68470865739056,-6.104311191670387],[-35.684819768385154,-6.104540107649329],[-35.685124105047386,-6.104989087545805],[-35.685669143866484,-6.106248820702584],[-35.68538860076829,-6.106793306189411],[-35.685601304428616,-6.107035835565359],[-35.68616604324331,-6.107024325762088],[-35.686632951354824,-6.107330433040451],[-35.68651929547255,-6.1078378457663325],[-35.68611945202521,-6.108222029240399],[-35.68645499749636,-6.108544405023283],[-35.68663516485196,-6.109070852166598],[-35.686807142481925,-6.109600895894706],[-35.68731510776626,-6.109977443482436],[-35.68742621837488,-6.110092980606309],[-35.68765364089602,-6.110311605335831],[-35.68781488477435,-6.110972845704065],[-35.68810173562902,-6.111564089677029],[-35.68851674047788,-6.111765449714725],[-35.68867311406149,-6.112247407961313],[-35.68932137213913,-6.111808053440063],[-35.691002050587834,-6.114649551761405],[-35.69786550521415,-6.123650045321159],[-35.697740910736535,-6.124014062633478],[-35.69785202102456,-6.124145148792215],[-35.69842085357902,-6.124596231304543],[-35.6985319642778,-6.124825092960341],[-35.69910079751526,-6.125842794783082],[-35.699313832956534,-6.126281925028408],[-35.69943855622177,-6.1264116280255605],[-35.699693537663876,-6.126578833774343],[-35.70215694559439,-6.13285073658593],[-35.70382844767869,-6.133819870715219],[-35.703516889530405,-6.134230425875043],[-35.70374707902784,-6.134342090465736],[-35.70453769025541,-6.135005765409718],[-35.705664842857786,-6.135028784427561],[-35.705796514412924,-6.134960952472757],[-35.706971168749725,-6.135642014649854],[-35.707135509315385,-6.135799918512953],[-35.70726089538498,-6.136043387494587],[-35.706920149339574,-6.136370854308171],[-35.70703126014269,-6.1367241058040864],[-35.70783127856007,-6.137975538767666],[-35.7078204327972,-6.138509953944196],[-35.708486321498,-6.139203067254907],[-35.709355507021165,-6.139220774333217],[-35.709929209532675,-6.139209043085196],[-35.70963992343509,-6.139770571979878],[-35.709751033996156,-6.140010500861694],[-35.71009067410704,-6.14033685977268],[-35.7100933299127,-6.140463685544688],[-35.70992965231368,-6.1411021287828165],[-35.71054153535759,-6.141689996241556],[-35.71054651576527,-6.14193590070798],[-35.710538989554685,-6.142306195662248],[-35.710997598074115,-6.142616951419808],[-35.71147833939822,-6.142772992944294],[-35.71171450483494,-6.143259931876038],[-35.71215285979403,-6.143472524330298],[-35.71269070573445,-6.144798436690888],[-35.712810780629866,-6.1459033452938145],[-35.71303742880375,-6.146343361016861],[-35.712926318278,-6.146583288672651],[-35.712724570216764,-6.1467771794197255],[-35.71213880538959,-6.147549198218049],[-35.71213072664157,-6.147943176035201],[-35.712473022152686,-6.148054286789602],[-35.71281078080862,-6.148169823694013],[-35.71370763320049,-6.1483449010117575],[-35.71388536647002,-6.149074202557554],[-35.71439952889628,-6.148963091555393],[-35.71492564464927,-6.14869206571328],[-35.71518626726864,-6.148963201817086],[-35.71530910915237,-6.148960767269798],[-35.71553055533957,-6.149643145434887],[-35.7157583099994,-6.149638498231406],[-35.71598606395605,-6.149643145649014],[-35.716200981202775,-6.149419486312928],[-35.716751333152004,-6.149278384694833],[-35.71734373870506,-6.149847438420223],[-35.71715272527863,-6.150275391257778],[-35.716439360350996,-6.150506908700417],[-35.716560430767956,-6.150677005024969],[-35.71700343468316,-6.1511026342673265],[-35.71700597989179,-6.151228463994919],[-35.717001442627215,-6.151455111264552],[-35.717006090598964,-6.151682755471082],[-35.716854475460536,-6.151977131801146],[-35.71710879072631,-6.153020287875788],[-35.717505756200566,-6.15343352186227],[-35.71807038355543,-6.153005015896847],[-35.718406924835236,-6.153178432577154],[-35.71961243069688,-6.153153753670176],[-35.719723540940635,-6.15326940080783],[-35.719839078283044,-6.1533805117324984],[-35.72010080812208,-6.153779580044595],[-35.72103373807257,-6.153147223525101],[-35.72216963378315,-6.153292419805186],[-35.723494107163084,-6.152839013517933],[-35.724207029601736,-6.153581042459735],[-35.72477530923986,-6.153288325437246],[-35.72494773019098,-6.153995825085489],[-35.72539195079981,-6.154287102938121],[-35.72550306186825,-6.154855936450106],[-35.726185219118776,-6.155646990669951],[-35.72629632894275,-6.155875851915035],[-35.72641186693587,-6.155986962364438],[-35.726800200659575,-6.156579257188236],[-35.7273060633126,-6.157261524595453],[-35.72781945148334,-6.15760957529791],[-35.72831513375952,-6.15735415390794],[-35.729347775995144,-6.157333126395479],[-35.72947161330238,-6.157573497324906],[-35.729605853618196,-6.158260744953664],[-35.73003601899002,-6.158482302744619],[-35.730984111087544,-6.158856249084323],[-35.73139369347537,-6.159282652950641],[-35.73195787817224,-6.159271143561732],[-35.73264977388459,-6.159935924921253],[-35.73249660920025,-6.160533642694036],[-35.73287199495568,-6.161087535333523],[-35.73264501521179,-6.161528215622656],[-35.73263206742179,-6.16216422363978],[-35.73264468315729,-6.162787505070715],[-35.732639703074135,-6.163032634356293],[-35.73351243063863,-6.1637545218164345],[-35.733777922771424,-6.164146285901778],[-35.733893017523826,-6.16438344694809],[-35.73411789474166,-6.1645995812215375],[-35.73466702819754,-6.165171071098014],[-35.73513781021897,-6.1651615532422746],[-35.735584355012136,-6.165626247989006],[-35.73593107739909,-6.165959468688035],[-35.7360421876235,-6.166075005746551],[-35.73661102110027,-6.166412764655501],[-35.73717719842749,-6.166756056451496],[-35.737397537916465,-6.166301654315989],[-35.7381975564678,-6.16641276448476],[-35.73839830787562,-6.166826551829963],[-35.7387169209862,-6.167312383929455],[-35.73999834416266,-6.167499634568801],[-35.740495242956875,-6.167243770357629],[-35.74142562828191,-6.167062053632764],[-35.74171059806636,-6.1666416258075385],[-35.7418744971203,-6.166303978316789],[-35.744148169899006,-6.166132775264432],[-35.74441985947835,-6.165850128744774],[-35.744665321079154,-6.165731050770946],[-35.74494088397798,-6.165444309873119],[-35.74601690759806,-6.1656194969513605],[-35.74612890349266,-6.165736030310635],[-35.7462587046463,-6.165637568395389],[-35.74946891329605,-6.167447235940199],[-35.7527385383989,-6.170096783938136],[-35.752700142962496,-6.170153450286488],[-35.75288506875592,-6.170512457190619],[-35.75216141127905,-6.171518649605375],[-35.75270191348168,-6.171507694204951],[-35.75326731566279,-6.171519203022264],[-35.75372193956554,-6.171285030302586],[-35.754224482555465,-6.171625665877058],[-35.75456293728803,-6.171575189110569],[-35.756781875788974,-6.173373310734744],[-35.75936137949871,-6.17551083061015],[-35.75945962779562,-6.175797956645172],[-35.75882804621632,-6.176002913609471],[-35.75880524893123,-6.177122983833713],[-35.758829373909684,-6.178307461844092],[-35.75863393443115,-6.178495265616264],[-35.75928167372967,-6.17865318864688],[-35.759500243192385,-6.178880610896003],[-35.761194015262355,-6.17901872456478],[-35.7621248434482,-6.179649752977604],[-35.76233555539643,-6.1794472306958355],[-35.76257127787983,-6.178849734783051],[-35.76283993318657,-6.178591584390107],[-35.76701180882464,-6.1832384262958655],[-35.775346879069126,-6.182308466134371],[-35.77734197087069,-6.176439443074056],[-35.78117179182456,-6.174341280623216],[-35.781722691508584,-6.174352523387681],[-35.78235759705385,-6.173691639106462],[-35.782594419873554,-6.173561895290756],[-35.78329174092074,-6.1735476353648995],[-35.78374049942846,-6.173778820881607],[-35.78420209526905,-6.173347216152496],[-35.784214158249306,-6.17275669221066],[-35.78415968518931,-6.172704366576238],[-35.78619109165796,-6.171591463335634],[-35.80143891545867,-6.166388672570164],[-35.81243202584643,-6.165103764119801],[-35.8190373368594,-6.1688486273182415],[-35.82685334302457,-6.172816694363399],[-35.833614138076896,-6.169021462992074],[-35.83405632791313,-6.169030503345289],[-35.83473837429141,-6.168568132693458],[-35.83497619903283,-6.1686792436667295],[-35.83541621491392,-6.168905891656533],[-35.836222762743304,-6.1687947804596375],[-35.836803215798525,-6.168401356122091],[-35.83752156133731,-6.168771319413568],[-35.838046126754435,-6.168501178564024],[-35.839841270817814,-6.168763462044161],[-35.8406423960013,-6.168568132644489],[-35.84086683110796,-6.168452595539554],[-35.84121012274362,-6.168285930105393],[-35.84220115377937,-6.167775418206694],[-35.84239781096073,-6.167771434534288],[-35.842626560938214,-6.1677760825460695],[-35.8432001527417,-6.167387306616355],[-35.843926687894815,-6.1670925978543245],[-35.84426212199304,-6.167099459228653],[-35.844606521081325,-6.166866060842556],[-35.845017651761225,-6.166666637259961],[-35.84552163385742,-6.166182353994154],[-35.84573975973904,-6.165732820972386],[-35.845968067993525,-6.165289596265757],[-35.8460874782452,-6.163703392784276],[-35.847140926511855,-6.162607006247105],[-35.847693380924156,-6.162244679305157],[-35.84779147324541,-6.161842409515214],[-35.855220438918465,-6.16060524092499],[-35.859749689827034,-6.161738788221247],[-35.86809377389773,-6.159336812734334],[-35.87790886826084,-6.156943847097112],[-35.883780163474775,-6.158007021219122],[-35.889395692082154,-6.159149162219564],[-35.89215586635336,-6.1566745235326845],[-35.89505298262483,-6.158023942160061],[-35.898396708343896,-6.154245910426214],[-35.89911965080582,-6.154178095062194],[-35.899569903161094,-6.153829159790823],[-35.90034712425644,-6.154490289676691],[-35.90058677493308,-6.154758548450486],[-35.901152122579404,-6.154724905732086],[-35.90171968277756,-6.154285000591673],[-35.90195274963704,-6.154178095549475],[-35.902346173418366,-6.153964285087344],[-35.90298417433858,-6.154311007705383],[-35.90347747625159,-6.154281570227673],[-35.90422116459258,-6.154014749524835],[-35.904858556500756,-6.154459966785382],[-35.90551288061922,-6.154225129161264],[-35.906152540879674,-6.15402758712676],[-35.906864689275295,-6.1530464056432805],[-35.90851889804952,-6.152852625599977],[-35.909179972795776,-6.152112700130534],[-35.90975428392294,-6.151599533230153],[-35.909992330413274,-6.151225254647779],[-35.9103514474914,-6.150904428135424],[-35.9106722736607,-6.150545310400035],[-35.910975631511526,-6.1502742795368075],[-35.91126817808599,-6.150275978371248],[-35.91565897224086,-6.151558173959687],[-35.91569078654777,-6.152112810717243],[-35.91641427809304,-6.153351295133001],[-35.917463686783655,-6.15428887355786],[-35.917821033172885,-6.15439921023461],[-35.9174253401204,-6.155127514998272],[-35.91655875558559,-6.155525256013864],[-35.9160981554627,-6.1557754763281665],[-35.91584660692673,-6.156590212956906],[-35.915909189515176,-6.157640008535113],[-35.91635097643747,-6.15845308572646],[-35.91789241444533,-6.159751441955857],[-35.918453942873406,-6.160108567109091],[-35.918718273471775,-6.160524235860172],[-35.918918969358714,-6.160703517746166],[-35.919546511621405,-6.161102586258665],[-35.91985472251312,-6.1610842151058645],[-35.91998398191879,-6.161091962490742],[-35.920191484575405,-6.161544151323431],[-35.92031122750815,-6.161764380308579],[-35.92041813209327,-6.161997447436765],[-35.920824836618955,-6.162360769796357],[-35.921406064858914,-6.162326130807822],[-35.92233628427554,-6.161820710854335],[-35.92279793559993,-6.162337418959937],[-35.923115386362106,-6.162483057696026],[-35.923251230492326,-6.162331000341675],[-35.92317953064649,-6.164104102797658],[-35.92195209180089,-6.167003131592634],[-35.9227947565359,-6.17016449173564],[-35.92547165043133,-6.171800371627814],[-35.92904084194333,-6.1719490876715515],[-35.93647665708492,-6.170313208553858],[-35.93840069100603,-6.168048346807507],[-35.94068497380913,-6.166239956437035],[-35.94344514829366,-6.167096562470293],[-35.946635313455154,-6.168769679844838],[-35.95182527077344,-6.170607306214558],[-35.95315334935404,-6.171950663259941],[-35.95524727514725,-6.1723313766692085],[-35.95591352429784,-6.170047093851567],[-35.95649343549492,-6.168334955303988],[-35.956540360279995,-6.1682824196995405],[-35.95673933231386,-6.168184311959672],[-35.957461818500676,-6.168188387869293],[-35.958299425746674,-6.169125788430065],[-35.95927728685382,-6.16925659744442],[-35.96062406027389,-6.170764005612565],[-35.96078823579789,-6.171121573909078],[-35.961249112341456,-6.171414732479271],[-35.961540279683675,-6.171740539495282],[-35.962127760526066,-6.171850211233675],[-35.962664776581455,-6.172225375383133],[-35.9633649173769,-6.172183653325387],[-35.96370787692773,-6.172423249390345],[-35.96415929108871,-6.1727103216108645],[-35.964806477140066,-6.173007354664687],[-35.96515618770436,-6.173769303140519],[-35.96533220510497,-6.175085255443681],[-35.96518075618298,-6.175363917170235],[-35.96519143506705,-6.175542424284408],[-35.965521059348546,-6.175363253377225],[-35.96605431287565,-6.175256347861447],[-35.96654446100542,-6.175598754177581],[-35.96711572878024,-6.175129964808543],[-35.967337451759676,-6.175143245687918],[-35.96747307541833,-6.1751350562647165],[-35.96771682144567,-6.174862259417721],[-35.96835653736735,-6.175257786425583],[-35.96881066303121,-6.175094772547757],[-35.969439257495466,-6.175320314097481],[-35.97073717067002,-6.175242956924264],[-35.97110580497934,-6.175264979949935],[-35.97130058057314,-6.175482995966284],[-35.97148124566432,-6.175589901038379],[-35.97164055225281,-6.1742300134923065],[-35.97200592269263,-6.173639046672531],[-35.97186625956857,-6.172985220812106],[-35.97198694332675,-6.172763221584171],[-35.972131752019365,-6.172140824885129],[-35.971972888212775,-6.171246960079719],[-35.97143271855052,-6.1707643372843135],[-35.97130699908572,-6.170490323333322],[-35.970852707880745,-6.17028182567781],[-35.970642825484504,-6.169824434832726],[-35.970479369705046,-6.169678463798989],[-35.96973197339288,-6.169723063539867],[-35.96926716811196,-6.169470408623832],[-35.968737013430896,-6.169306730781177],[-35.96928349168362,-6.168818463345769],[-35.96950037133733,-6.168751507965083],[-35.971925430530746,-6.169251395019911],[-35.97239129137169,-6.164366130637645],[-35.97042969529985,-6.160435455543213],[-35.968298618598325,-6.156371142324675],[-35.96572880089172,-6.154277215971555],[-35.96591915813682,-6.152088111974855],[-35.96867933216449,-6.15018454356903],[-35.974623474997784,-6.1494217224141625],[-35.97469803007199,-6.1494232485015035],[-35.975168700331885,-6.149180774907936],[-35.97593817452226,-6.149196490384086],[-35.97617561272525,-6.149074201679196],[-35.97650462857237,-6.148914508289465],[-35.97753771309549,-6.148623119477503],[-35.97778854167101,-6.148493970050985],[-35.978102119420036,-6.148167610603444],[-35.97822061988257,-6.148110110733735],[-35.98067299556228,-6.147307877940327],[-35.98071266500837,-6.1475111282648465],[-35.98070851481105,-6.14771641734069],[-35.980824107274174,-6.147940963065513],[-35.980935218406856,-6.148623119357803],[-35.98112612023167,-6.149368025314632],[-35.98163740628272,-6.14953391697099],[-35.98220496656603,-6.149522407560557],[-35.9827213428603,-6.1492563616793054],[-35.98288441222382,-6.148254596016364],[-35.98317253585709,-6.147977815229845],[-35.98491505741235,-6.14820058981968],[-35.984736328848506,-6.147678347778158],[-35.984912014093915,-6.146648472641596],[-35.98538113529236,-6.146340926001737],[-35.985694823253965,-6.1460144558504055],[-35.986085204344405,-6.145824992351958],[-35.986714739188656,-6.145487123314613],[-35.98591228606198,-6.144303308162902],[-35.985135729433544,-6.143794125974561],[-35.98503615301934,-6.143213018890175],[-35.985222989865036,-6.14296678807609],[-35.98558371330565,-6.142730275244205],[-35.98592147088399,-6.1421614422675574],[-35.98626365650118,-6.141597035821296],[-35.986374767344614,-6.14136817446445],[-35.9867976843306,-6.1408107396739],[-35.98655637326831,-6.14010567474452],[-35.986170750734125,-6.139536731175881],[-35.98602948316869,-6.138957495056533],[-35.985805878932865,-6.138304112208127],[-35.9858129065066,-6.137959381418945],[-35.9860370089513,-6.137744021846798],[-35.986148119593366,-6.137037407485665],[-35.98569482311405,-6.136157486346603],[-35.9855259437698,-6.135809435865325],[-35.984790445166006,-6.135824486832618],[-35.98475820658075,-6.135790932951654],[-35.98439291282171,-6.131086276903636],[-35.98344296235336,-6.125688247391445],[-35.98347093920619,-6.120710609369033],[-35.98393149595303,-6.120760648226848],[-35.984789338278595,-6.120743162258303],[-35.98545804913961,-6.120756829640791],[-35.98683298725787,-6.119492061868752],[-35.98722796164672,-6.119500140002626],[-35.98842616292287,-6.118466723448588],[-35.98864124549623,-6.118023443492718],[-35.98875678334974,-6.11791233279904],[-35.98887669166067,-6.117665210846957],[-35.98886783849087,-6.11723028632275],[-35.9889856998981,-6.116885942831528],[-35.988978893668374,-6.116552445354482],[-35.9890967548089,-6.116439121106479],[-35.989207865918054,-6.116034076755684],[-35.988785888971755,-6.1154116247067],[-35.98921007865069,-6.114852586196273],[-35.98933391586677,-6.114344675826553],[-35.989320913063644,-6.113705790148241],[-35.98888117374036,-6.113283315520096],[-35.989550050574046,-6.113152727262402],[-35.98989234629553,-6.113035585409673],[-35.98988758756127,-6.112803735536942],[-35.98966116122541,-6.112586107154389],[-35.989550050311145,-6.112470569706593],[-35.98909365583192,-6.112171324237665],[-35.98910129210084,-6.111799314072167],[-35.98898121759212,-6.111566192250887],[-35.988733100161475,-6.1104359409087845],[-35.989440267877505,-6.110263575238416],[-35.99022778070208,-6.1096617084021085],[-35.98919713087671,-6.108384987759254],[-35.98887010728991,-6.1077109651808055],[-35.988753297477594,-6.10759869200637],[-35.989863351157666,-6.106653090487138],[-35.99000113301085,-6.105690998325297],[-35.98918717043444,-6.1052078223606046],[-35.98824638265913,-6.104228632670295],[-35.98797404648288,-6.104199036604453],[-35.987996256538594,-6.100223158770906],[-35.988029140452845,-6.0942478049939215],[-35.98830127374251,-6.09445427767359],[-35.98868988461884,-6.094642855768086],[-35.98950058194639,-6.094435076176448],[-35.99000223970242,-6.094606777726574],[-35.99065999486163,-6.094381678792283],[-35.99102104822771,-6.094567600915661],[-35.99129345774784,-6.094678711633064],[-35.992125403462964,-6.0941741767957875],[-35.9922676115903,-6.092865528787646],[-35.992609796757016,-6.092754418042993],[-35.993694342815246,-6.092129864253758],[-35.994089703251454,-6.091718345227441],[-35.99407841555745,-6.091166776197146],[-35.99408422560865,-6.090883466749155],[-35.99407155437602,-6.090263450094252],[-35.994534920290775,-6.089818288295181],[-35.9946594770024,-6.088926028435395],[-35.994628932637426,-6.0874304615072266],[-35.99514940430022,-6.087303581115034],[-35.99519872263681,-6.0872283663690805],[-35.996399458289936,-6.087035155860048],[-35.99876190860381,-6.086879572071911],[-35.99894298946217,-6.086972850447724],[-35.99955454020373,-6.087092205554736],[-35.999861421985685,-6.08708595260836],[-35.99998265926014,-6.08708844283628],[-36.000200287803324,-6.087314869540785],[-36.00037364889876,-6.0874814801384325],[-36.00064522754078,-6.087764125364932],[-36.00127337899898,-6.0880689048876055],[-36.00218738474296,-6.087834676362683],[-36.002580090076854,-6.087425980082519],[-36.00326224726599,-6.087314869346737],[-36.00365511821744,-6.08718040811335],[-36.003939977482496,-6.086746036668981],[-36.00442116191499,-6.086430522294488],[-36.00440813302393,-6.086303047551066],[-36.00522554240458,-6.086103172069563],[-36.009632577032214,-6.086618168369596],[-36.01207959427808,-6.087122167097161],[-36.0187431920153,-6.092363640609256],[-36.021955464001806,-6.091935337486583],[-36.02366867607696,-6.08872306559589],[-36.02295483790385,-6.086867086172743],[-36.02174131290991,-6.085225258158695],[-36.021884080256164,-6.0835834298939515],[-36.02259791896919,-6.081798833843745],[-36.022843494978005,-6.080394472940086],[-36.02309172311209,-6.080203239085273],[-36.02252510341856,-6.079268869753007],[-36.02241399234565,-6.078977148931586],[-36.02275396442057,-6.078475602158552],[-36.022978398874955,-6.077704357117279],[-36.02237902128567,-6.076961831170785],[-36.022187344396635,-6.075980262296579],[-36.02199218215725,-6.075601335147844],[-36.023560512219156,-6.075382378779653],[-36.023544963129105,-6.0746214814653765],[-36.023550109276314,-6.074369878358701],[-36.023863354606654,-6.073454654676291],[-36.024567147617695,-6.072582757154285],[-36.02486229864365,-6.072132671303387],[-36.02508905714133,-6.070970935025113],[-36.02535820134052,-6.071109546543154],[-36.02558706280909,-6.07122065647991],[-36.0267903552111,-6.072295242171206],[-36.027546936167695,-6.072593658078092],[-36.028407323725226,-6.072576116942338],[-36.0287580304139,-6.072696136209067],[-36.02904798069649,-6.072690215864512],[-36.029219239292665,-6.072337240175254],[-36.03011299339917,-6.071478568397936],[-36.03023135217329,-6.070992957193416],[-36.0306717556431,-6.071219826502268],[-36.031778324198555,-6.071489580023022],[-36.03262449103056,-6.07237027504189],[-36.032944597192945,-6.073030021662265],[-36.033575846972084,-6.073636537564218],[-36.034103788292086,-6.074348740510933],[-36.035159449961554,-6.074132495312237],[-36.03568773017541,-6.073582650474142],[-36.035780559056775,-6.07399354828551],[-36.03577592524083,-6.074220587442982],[-36.03555730044883,-6.075073836969392],[-36.03556604375694,-6.0755039477701445],[-36.03544364517667,-6.075981755835427],[-36.03556421761782,-6.076215874148822],[-36.03601286512356,-6.0764335581683975],[-36.03623729961202,-6.076549094747498],[-36.0363694572751,-6.076600242953489],[-36.039658654169486,-6.081775038935643],[-36.04546453896506,-6.086248425780108],[-36.04885811948441,-6.090114640679826],[-36.0489115420574,-6.0901421577436885],[-36.049291796697155,-6.090265552334812],[-36.04949511779809,-6.090261387487818],[-36.05052865482751,-6.090665502587364],[-36.05074575157512,-6.090830235016071],[-36.05093981244429,-6.0908262664793025],[-36.05249074885649,-6.091432685739949],[-36.06015164220643,-6.091401446695055],[-36.06202905873387,-6.091595510331137],[-36.062077371236505,-6.091618965212918],[-36.0626417776325,-6.092074474589219],[-36.0628706383341,-6.09218558481017],[-36.06333765705766,-6.092539943802284],[-36.063665731782926,-6.093216069303498],[-36.063890553805535,-6.093432148249663],[-36.06434163679827,-6.0940009815087794],[-36.06491046908269,-6.094678711888413],[-36.06513490391665,-6.095020896766014],[-36.06570373713358,-6.095811951132347],[-36.066381467156084,-6.097060727836872],[-36.066836976264334,-6.097625134298278],[-36.06695765990174,-6.097873749861314],[-36.06741543711609,-6.098549156267496],[-36.06765021943022,-6.099033051760171],[-36.068380461692755,-6.099574383199055],[-36.06937060742533,-6.0998157504491175],[-36.06968357634124,-6.100141500734708],[-36.06966548226771,-6.101027176641092],[-36.069895615866116,-6.101022473361056],[-36.070802207951246,-6.101041010186805],[-36.07171167607083,-6.101022417609276],[-36.07261428380536,-6.101253713695652],[-36.073069793115806,-6.101364823872547],[-36.07329422748537,-6.101480361117891],[-36.07375200544665,-6.101702526951423],[-36.074430842687306,-6.102162629030981],[-36.07466313413557,-6.102157870498825],[-36.07498977028092,-6.101817953858509],[-36.07510851721611,-6.101820388946048],[-36.07522283739176,-6.101818064282744],[-36.07556070599024,-6.101933657324004],[-36.07635104154587,-6.102126329788739],[-36.07692706716988,-6.101929175651305],[-36.07725940330067,-6.101935981182073],[-36.07769244665886,-6.101642434480992],[-36.077828291746364,-6.101362445222743],[-36.07794853282716,-6.101610340626426],[-36.07834051785197,-6.101986944219723],[-36.078507128983254,-6.1021603055159614],[-36.078738258320435,-6.102382470982295],[-36.0789604242009,-6.102613600851976],[-36.07910058542096,-6.10274833894749],[-36.07975590551592,-6.103178007674937],[-36.07986701632206,-6.103406868443835],[-36.0806486083472,-6.104375157269235],[-36.08172269573699,-6.104099870538005],[-36.08227227223757,-6.103727307767409],[-36.08258452170407,-6.1034023868318865],[-36.08292493614618,-6.1030752520752936],[-36.08315114181401,-6.10260911915823],[-36.08350693852419,-6.101918440153823],[-36.08349332698599,-6.101252606638109],[-36.08349565064202,-6.101138342490236],[-36.083366888436196,-6.100509527327221],[-36.083495927608844,-6.100005877718863],[-36.08330209208287,-6.099439424226468],[-36.083495594939066,-6.09887391053397],[-36.083606705930094,-6.0984184016468195],[-36.083925318593096,-6.098112239350285],[-36.08405414762474,-6.097320877654351],[-36.084878421056914,-6.097325405327581],[-36.0851029911038,-6.097788314448875],[-36.08541988875264,-6.0976251339815395],[-36.085875398408454,-6.097514024059306],[-36.086402124380356,-6.097333774215726],[-36.08649814138647,-6.097334301430472],[-36.086835276376846,-6.097685171394312],[-36.08700863751267,-6.097851782478499],[-36.08711974775169,-6.097967319866674],[-36.08750188454328,-6.098334515269513],[-36.08827971332986,-6.0987118933161],[-36.088935144278054,-6.0988716974076365],[-36.08904625505593,-6.098987234982156],[-36.08924672937163,-6.0991799075703605],[-36.08984173577629,-6.0993249929509545],[-36.09036502863402,-6.099679628367511],[-36.09114385410014,-6.0996637481201255],[-36.091314780795486,-6.099667234192593],[-36.09188328223822,-6.099521539769388],[-36.09267295336177,-6.1001207509111754],[-36.093465888316324,-6.100004937047833],[-36.09441824113402,-6.099893826041669],[-36.095463886446666,-6.100527953531388],[-36.095619043387856,-6.099891612622233],[-36.09574597918941,-6.099520709612435],[-36.096538915400096,-6.099213883018183],[-36.096978930825806,-6.099440530215169],[-36.098033872788896,-6.099612287570076],[-36.098220714542734,-6.099485636748761],[-36.100045422037255,-6.100245343694161],[-36.10740190891049,-6.100287245586719],[-36.10943947339781,-6.10172980048044],[-36.10967121142673,-6.101933656922861],[-36.11025028149908,-6.102362993861886],[-36.11134013881844,-6.1034973397717724],[-36.11191124095315,-6.103920699782488],[-36.112390986561664,-6.104766755682785],[-36.112659023648355,-6.10502433554233],[-36.11333929913782,-6.105470327300997],[-36.113753086416224,-6.105671133442252],[-36.114090845450754,-6.10589999471979],[-36.11461253381097,-6.106237753141237],[-36.114997436677626,-6.1054444859753225],[-36.1151129741476,-6.105333375673525],[-36.115224084551606,-6.105104514327571],[-36.11556212012912,-6.104779703510699],[-36.11567738051839,-6.104424570262547],[-36.1158000002887,-6.104186468278544],[-36.116472861595234,-6.104200191083089],[-36.116590999368235,-6.103715576820634],[-36.117280293976805,-6.103053339625771],[-36.11771942461746,-6.102840248774592],[-36.1179438587708,-6.102724711500774],[-36.11852912676103,-6.102610447143719],[-36.119034325376255,-6.102084607975242],[-36.118850450633914,-6.101367037446577],[-36.11873933980673,-6.100911528778883],[-36.1183971549559,-6.1004604458160845],[-36.11771942490914,-6.099211669153872],[-36.117314877902466,-6.098822948145401],[-36.11692615724003,-6.0984184019020695],[-36.116695027339574,-6.098196236445389],[-36.116304147916516,-6.097789476018317],[-36.11647286155406,-6.097627347475201],[-36.11658502289715,-6.097053036118824],[-36.11710184202159,-6.096556469963655],[-36.117556853321,-6.096082866104272],[-36.11771721088759,-6.095577390372614],[-36.11714632702269,-6.094870177221538],[-36.118175714243556,-6.09281303561285],[-36.118834773372406,-6.09100579645388],[-36.11987036611619,-6.090032430601968],[-36.12043980764956,-6.089893597124354],[-36.12102169970449,-6.089452032992127],[-36.12123025338014,-6.089001448390557],[-36.12100249837242,-6.0885593851517],[-36.121572438900266,-6.0884481084462925],[-36.12262494540314,-6.088232583324621],[-36.1230963354387,-6.088475388015577],[-36.12376272274495,-6.089650792000173],[-36.12453335843657,-6.090108238034917],[-36.124856618900296,-6.090601263341743],[-36.12566405269376,-6.091519198505037],[-36.126679983755935,-6.091498447950884],[-36.126896450014364,-6.091052345512298],[-36.127105390927234,-6.09085153916108],[-36.128031238677444,-6.091168436461489],[-36.128616838142854,-6.090724049311222],[-36.12958844685898,-6.09060126331398],[-36.13063614057279,-6.09105455907796],[-36.131328866296926,-6.091167385223654],[-36.131656055258944,-6.091507855263541],[-36.13225006521563,-6.092078624597285],[-36.13256917665136,-6.092072095736911],[-36.13289426343396,-6.092410406837478],[-36.13313148025912,-6.092525557419114],[-36.133364601686296,-6.092645632055329],[-36.13389713610985,-6.0926347310214215],[-36.13452191146263,-6.0921606854031705],[-36.134715802253105,-6.091958937817132],[-36.13558194435231,-6.091714582367718],[-36.136302890307284,-6.091961371806123],[-36.13676908191674,-6.091908415831375],[-36.13849741847657,-6.093041764260945],[-36.13845394218316,-6.093211421275664],[-36.13868435331087,-6.093658796314586],[-36.138812949645974,-6.094055042699747],[-36.139250972583,-6.094905359510819],[-36.139362083433326,-6.095247544964477],[-36.139894727924265,-6.095596813164488],[-36.14066398024972,-6.0953996577609635],[-36.140841768696646,-6.095947519643596],[-36.14083424363278,-6.096314605305215],[-36.141629502546174,-6.096151701928175],[-36.14252403149571,-6.0962824009615115],[-36.14310177346675,-6.096720756415904],[-36.143443958468026,-6.096945190773535],[-36.14356713229788,-6.09707334388169],[-36.144237225884694,-6.097398486213453],[-36.14480163214834,-6.097853995775623],[-36.14538916805556,-6.098319851747067],[-36.146009904856584,-6.098965931475622],[-36.14673035271846,-6.099438317210538],[-36.147220058082965,-6.09980988469861],[-36.14752705073071,-6.100588101898995],[-36.14787775762792,-6.100925084951133],[-36.148515813158745,-6.101234623395185],[-36.149161173164984,-6.101626000688251],[-36.14967456209193,-6.1021603055845],[-36.14979009921073,-6.102271415886076],[-36.14990120971675,-6.1023869528589785],[-36.15010926490638,-6.102586874976774],[-36.150807801512315,-6.10340686861168],[-36.151149986628184,-6.103631303244373],[-36.15170531825644,-6.104209210955286],[-36.15291076774669,-6.1053674062306005],[-36.15330314128406,-6.105557810131681],[-36.15386754720082,-6.106013318950308],[-36.154663028211885,-6.106464401294222],[-36.155000786982455,-6.1066932629092205],[-36.15565992519629,-6.107084584541957],[-36.156679231727296,-6.107775539545078],[-36.15681397012005,-6.10805315010272],[-36.15692950712558,-6.108164260161393],[-36.157153941746124,-6.108506445490528],[-36.15761321360886,-6.109070852376879],[-36.15783388535226,-6.108390908198978],[-36.15807193235577,-6.108039648526576],[-36.1587426899052,-6.107599853977531],[-36.158868575011965,-6.107083478029407],[-36.15912761869409,-6.106742110645878],[-36.162376164113745,-6.108108866065383],[-36.162480166372056,-6.108959741490134],[-36.16265352789677,-6.109126352310202],[-36.16292709918515,-6.109969420179172],[-36.163001854932396,-6.1100907673891305],[-36.16384005366798,-6.109750795601134],[-36.16415473812641,-6.109639685367278],[-36.16429335015055,-6.111339543866732],[-36.16500682592202,-6.112166842436442],[-36.16575012665837,-6.113300579916378],[-36.16587988525043,-6.113832670980444],[-36.1660393021816,-6.114454845301595],[-36.1658785012149,-6.115082388322636],[-36.16623850387337,-6.115428280337638],[-36.1669020139223,-6.115643640050621],[-36.16746642021144,-6.1160991493123],[-36.167877053237035,-6.116368459525645],[-36.168154221460654,-6.116791101016625],[-36.16837522510437,-6.117003527469215],[-36.16848633513235,-6.117119065081014],[-36.168915339687565,-6.117327231580961],[-36.16947565100669,-6.11694741908866],[-36.169619906958374,-6.116208268500724],[-36.16978839913897,-6.1163836217376835],[-36.17007735295643,-6.116661287158885],[-36.17029951849166,-6.116892416747863],[-36.17041505606276,-6.117003527793343],[-36.170692721886645,-6.117292481407115],[-36.17098167576078,-6.117570147650014],[-36.171092786251705,-6.117685684368702],[-36.17121302696831,-6.117801277275986],[-36.17143491578577,-6.117796740250981],[-36.172309468921085,-6.118151485956108],[-36.17281356110574,-6.118493172640291],[-36.17301929304486,-6.11895000997813],[-36.172677052192924,-6.119614349734443],[-36.17268175582173,-6.119845646009682],[-36.172937730768425,-6.120091605361832],[-36.17290375535732,-6.1217568249358525],[-36.1731045075156,-6.122540243345222],[-36.17365607646209,-6.122901850922825],[-36.17431870056841,-6.122888348896852],[-36.17546306150211,-6.123034596272075],[-36.17629495264438,-6.123463158391961],[-36.17687451981386,-6.123576315994998],[-36.177098954751635,-6.123691853274133],[-36.17735979940815,-6.12381840211311],[-36.17815959567635,-6.123802078256768],[-36.178468525197005,-6.124273302189259],[-36.17936764670994,-6.124709555392333],[-36.17993205355004,-6.125051740965252],[-36.180387562038675,-6.12516285115137],[-36.18076505038342,-6.12529200039985],[-36.181438187669606,-6.125638778908909],[-36.18211453472558,-6.126342736750376],[-36.18242517954883,-6.126182767014512],[-36.18312426879414,-6.1259069823188845],[-36.183576679301666,-6.126669041390808],[-36.1842583381519,-6.126976034254754],[-36.184935902481996,-6.126626987546394],[-36.18514589488619,-6.126408418360786],[-36.18562497593889,-6.1267719629489195],[-36.18728720871305,-6.1267380425523115],[-36.18809403258194,-6.12743386752721],[-36.1884101317619,-6.127427404141318],[-36.1900167955722,-6.129340465189584],[-36.192991121344264,-6.131244033824983],[-36.1995173271316,-6.130921179159701],[-36.19967127889698,-6.131069142089498],[-36.20044479256892,-6.131053316927013],[-36.200672270655225,-6.131057964558408],[-36.2015649177593,-6.130927542548739],[-36.20182166722405,-6.1311947505145],[-36.20203022083975,-6.13162452860556],[-36.202247904543775,-6.132047169532448],[-36.20248351665817,-6.132644555340063],[-36.20261764638683,-6.132641788294164],[-36.203276784446516,-6.132302259004185],[-36.203861166483954,-6.132077824574092],[-36.204681879044465,-6.132358810613135],[-36.20531661549731,-6.132871092779025],[-36.20586829473997,-6.133005553811159],[-36.20767267983834,-6.1329688122999855],[-36.20800064400583,-6.133137801663555],[-36.20903057473879,-6.133338774837391],[-36.20928295285518,-6.133208850870483],[-36.20952957679192,-6.13309774044411],[-36.21018954489229,-6.133437712184961],[-36.21075566647456,-6.133621420472522],[-36.211489172757176,-6.133176646875229],[-36.211776079770345,-6.133324388134791],[-36.21202049009134,-6.133435499017836],[-36.21269589593616,-6.13320431372814],[-36.21294755510531,-6.132942362453479],[-36.21342038346097,-6.13318594272993],[-36.21391141715095,-6.132932955583891],[-36.214043444219385,-6.132526029996125],[-36.21419716190265,-6.132842872441717],[-36.21516058097312,-6.133310332844985],[-36.215515769992315,-6.133551035985657],[-36.21585795444696,-6.133775470279224],[-36.21608238959407,-6.134570951243281],[-36.216200084538976,-6.13491479655796],[-36.21681733612825,-6.135065323516059],[-36.21829930518854,-6.1394078029749215],[-36.219455356303975,-6.142558675293549],[-36.22303280800415,-6.144318675834104],[-36.22496017172613,-6.148173402829254],[-36.225102938998845,-6.151385675640685],[-36.225102939470965,-6.155097634187672],[-36.22717307015589,-6.15809575554555],[-36.227672756679894,-6.1626643205007055],[-36.22610231251529,-6.164091996768497],[-36.224243926614854,-6.164941767025624],[-36.223446453281156,-6.16507158066807],[-36.223455195999705,-6.165499643578006],[-36.223105928587636,-6.166177706393959],[-36.22311101926332,-6.166426598270786],[-36.223447726403194,-6.167080313755787],[-36.22356176966626,-6.1675592838172895],[-36.223335121632324,-6.167999300156095],[-36.22310542997326,-6.1703473411805705],[-36.22311373029977,-6.170754598453677],[-36.22345746464525,-6.171758799143447],[-36.22390257130022,-6.1721864201395995],[-36.224015065261135,-6.172647794934828],[-36.22434374915222,-6.1731327416435215],[-36.22482421339359,-6.173447702242144],[-36.22559484973451,-6.17343198746749],[-36.22605489582571,-6.173781033929052],[-36.22666423377617,-6.173929660575073],[-36.226848163737074,-6.174121006161139],[-36.22707298530454,-6.174337140568515],[-36.22718813499151,-6.174574301660543],[-36.22764341856113,-6.174663202595728],[-36.22895171720688,-6.180450791715706],[-36.23330613066444,-6.18509074024119],[-36.23510565402938,-6.189285511271507],[-36.23716085815466,-6.191372517448552],[-36.24319388397044,-6.191371240389052],[-36.245122730353536,-6.187693739850137],[-36.24520481566652,-6.187614854531272],[-36.24531996513062,-6.18737769355685],[-36.245435502702364,-6.187153259021029],[-36.245448695975504,-6.187072259810441],[-36.24974635681104,-6.178878424029576],[-36.24991827190365,-6.178881939045915],[-36.25076288982759,-6.178309453774914],[-36.25110385723291,-6.1783164258237075],[-36.251672635576455,-6.177724352976048],[-36.25324295731098,-6.177756446822547],[-36.2537167825456,-6.177396886151461],[-36.254556973297724,-6.177462955345352],[-36.254502469114676,-6.176837460579197],[-36.25432600867435,-6.176334031825604],[-36.25414954930784,-6.174675894732266],[-36.25416482087954,-6.174289884576641],[-36.25415635488321,-6.174075852842207],[-36.25463493821286,-6.174243625917178],[-36.25529357896176,-6.174217508140784],[-36.2557483680348,-6.1742355475147335],[-36.2565944799355,-6.174058478061622],[-36.25739654546551,-6.1734057591253695],[-36.25866867342743,-6.173002927931605],[-36.259028952353766,-6.172812357716425],[-36.25937539813604,-6.17264890094654],[-36.25957105890632,-6.172234228184671],[-36.26073528609644,-6.171515662242634],[-36.26099276648646,-6.171338436766399],[-36.26136586529834,-6.171440024790231],[-36.262132412552525,-6.172267318425099],[-36.26306622803054,-6.173132519631967],[-36.263694047094155,-6.1733244184383835],[-36.263905589590266,-6.173096110410466],[-36.26448853245506,-6.173453014159603],[-36.26470959199185,-6.173921471791544],[-36.26469299162875,-6.174340459816229],[-36.26481494742494,-6.174570981651718],[-36.2649585391567,-6.174875207487311],[-36.26515060297817,-6.175481999525496],[-36.265351355218144,-6.175667921969451],[-36.2665148060591,-6.176157517042501],[-36.266813222363304,-6.17647967109072],[-36.267048004812274,-6.177221146208495],[-36.26685046269474,-6.177404079570867],[-36.26667582808211,-6.177955648901698],[-36.26729922063091,-6.178153079984634],[-36.26765983209785,-6.17796228851191],[-36.26856681059255,-6.1779981455493544],[-36.269388796891185,-6.178213616019654],[-36.26981414862934,-6.1781966833507],[-36.27005385559276,-6.177938052774575],[-36.271922372629035,-6.1781327171078315],[-36.272686700034825,-6.178658722302015],[-36.272969954786824,-6.179674985843736],[-36.27367291776372,-6.18048540620807],[-36.27440681167517,-6.1808317971950855],[-36.27523643328002,-6.180350502116672],[-36.276156692731185,-6.18024038779202],[-36.27636967275519,-6.180010530107082],[-36.27694060915297,-6.179901633557872],[-36.277194813191215,-6.17976706075746],[-36.27818501381818,-6.179806348136037],[-36.27903494350092,-6.1797725948797755],[-36.279433181779794,-6.179788420329379],[-36.280023705721526,-6.179633705963829],[-36.28067598313969,-6.179901632976818],[-36.28102027059728,-6.180010530329326],[-36.281145988998034,-6.18027701921089],[-36.2823779997583,-6.180228214140056],[-36.28294461941008,-6.180250569245259],[-36.283624563020965,-6.180223677138963],[-36.284290562720244,-6.180250016247066],[-36.284620739838545,-6.180075381705697],[-36.285395581565844,-6.179542183938063],[-36.28554891170652,-6.179217262660162],[-36.2863464954048,-6.179108365527044],[-36.28694559631349,-6.178982978923348],[-36.28727466725361,-6.178996037499474],[-36.28768131670406,-6.1794349470868095],[-36.28804635483466,-6.1796705589982475],[-36.28853135697958,-6.180004333029336],[-36.289512704750464,-6.180138462567693],[-36.29008402777067,-6.179836118311215],[-36.29079285583094,-6.180211171078761],[-36.291403687384424,-6.179265292690614],[-36.29191115478053,-6.179104603363211],[-36.2921536278611,-6.178842873075948],[-36.29200837645999,-6.178428422412501],[-36.29189394581811,-6.177948012665378],[-36.29166840454851,-6.1775218302597965],[-36.291559396951435,-6.17727017199435],[-36.291916854378044,-6.1769389427438],[-36.291864563192895,-6.175619227611637],[-36.29208789111485,-6.175412278548284],[-36.29293992375098,-6.175255352150624],[-36.293599393484904,-6.1756042881556095],[-36.29410702724096,-6.1755841461417305],[-36.29471553506468,-6.175608271615879],[-36.29518144640294,-6.175250924987869],[-36.29542580155859,-6.1751356091136005],[-36.295388119081316,-6.174185193277069],[-36.29495479920173,-6.173555492838148],[-36.29483439185722,-6.17304996143537],[-36.29485824085491,-6.172448149395006],[-36.29461482684004,-6.17185563360725],[-36.29446260307237,-6.171374781541177],[-36.29427917105275,-6.170604643793125],[-36.294155112391834,-6.170250616929313],[-36.29322334424563,-6.169649026556757],[-36.29288998355675,-6.16894256264069],[-36.293542298953625,-6.166118201164565],[-36.291269785954505,-6.155672357665561],[-36.2902617838195,-6.152146971256466],[-36.290391518217895,-6.1521222176179435],[-36.2901733673498,-6.151837741496279],[-36.28987610681241,-6.150798103666183],[-36.28985953797016,-6.15065963024888],[-36.28978380587354,-6.150475290519919],[-36.28958536948632,-6.149781279318526],[-36.2895195656358,-6.149299743694968],[-36.28936728661095,-6.149012006472035],[-36.28953483811334,-6.148211324308775],[-36.28949721081718,-6.147262126132712],[-36.28952061710137,-6.146671712903205],[-36.29019369930438,-6.146048098647129],[-36.29032323638991,-6.145369593475728],[-36.290288486094084,-6.1444921081067125],[-36.28968495892376,-6.144049436679894],[-36.2897501426124,-6.142405796296651],[-36.289613301917484,-6.141751860420132],[-36.28964644650175,-6.140915984951108],[-36.28962707997875,-6.140427275412956],[-36.28936203032336,-6.139671081765754],[-36.29060455392562,-6.139552002862384],[-36.29076590797716,-6.139558421983089],[-36.29110178531146,-6.139327236441483],[-36.291358755780614,-6.139206055511078],[-36.29178189428393,-6.139222766454569],[-36.29189505241277,-6.139100588548476],[-36.292126016214254,-6.138991691515817],[-36.29245951402913,-6.138815176712521],[-36.29280596029312,-6.138651719420748],[-36.29302829225159,-6.138533969306672],[-36.29337473801387,-6.138370512737535],[-36.29370823562433,-6.1381939975720385],[-36.294279171519456,-6.1380851003967],[-36.29463557773797,-6.1379601558263275],[-36.295068122530736,-6.1364941382728375],[-36.29518576238701,-6.136271917229894],[-36.29540377827402,-6.135809878801445],[-36.29566705787253,-6.135565966409554],[-36.29662311726543,-6.135114773593231],[-36.296881305766355,-6.134567631130788],[-36.297090357260615,-6.134172546831476],[-36.29779221315288,-6.134005438272359],[-36.29813644558559,-6.133768498608367],[-36.29811099190533,-6.133126403016518],[-36.29824550929339,-6.1328721988201655],[-36.29835451716247,-6.1326411244686705],[-36.298585481370424,-6.132305579558391],[-36.298694489065404,-6.132074504370779],[-36.29881212880172,-6.131852283813739],[-36.29902051628032,-6.131410718856309],[-36.29971872024387,-6.130605664654498],[-36.29986734716835,-6.1302907036671765],[-36.301418745775166,-6.128905639750472],[-36.30140109429575,-6.128459814209579],[-36.30094569585125,-6.127865970444828],[-36.30027670771708,-6.127550234226993],[-36.29958370554357,-6.127073366907529],[-36.29960772010191,-6.1264671828882795],[-36.299600969722015,-6.126297196966808],[-36.29960556271503,-6.126181992348817],[-36.29935290721964,-6.125704570200978],[-36.299389538410274,-6.1247808258104515],[-36.29961436008214,-6.124355916368936],[-36.30005869225526,-6.124146200722236],[-36.300281023671474,-6.124028560855628],[-36.3007493151061,-6.123917007242519],[-36.30097823153793,-6.123669941200758],[-36.30119879332207,-6.122973286492727],[-36.30175484409638,-6.122458127740723],[-36.30195426721488,-6.121828095419443],[-36.302325171007986,-6.1216530736898935],[-36.30274736916053,-6.1213625156388565],[-36.30288747465051,-6.120628842391153],[-36.30327442524915,-6.12012425197307],[-36.30290031218106,-6.119580540669747],[-36.30277846653991,-6.118815659246161],[-36.30241121500605,-6.118336743545742],[-36.30259022014873,-6.117653590805726],[-36.30204025617846,-6.116936463093589],[-36.30188119870761,-6.115607383557379],[-36.30221409825689,-6.1146247235573],[-36.30303590100489,-6.1135404124683586],[-36.30348154000537,-6.113434266319093],[-36.304748797904296,-6.113654937710082],[-36.305259806833334,-6.113303290680148],[-36.30588358649711,-6.113633358188478],[-36.3065998844393,-6.114505033447829],[-36.306971452006316,-6.114622673294736],[-36.30764707987067,-6.115193609263837],[-36.30792159126629,-6.1153232014292],[-36.30895733241756,-6.115282143483916],[-36.30946319569196,-6.115014437720078],[-36.31019891571655,-6.115578622941689],[-36.3108244664981,-6.115982561327789],[-36.311453834572426,-6.116494731856959],[-36.311613417718895,-6.1163225330142135],[-36.311844382067235,-6.1162135245225535],[-36.31195338946242,-6.115869237080182],[-36.312411001067126,-6.115760228735641],[-36.31263333356149,-6.115642588786221],[-36.312992395588346,-6.115533581462867],[-36.3134191306223,-6.116437793095625],[-36.31377088903527,-6.116549180966997],[-36.31390081308818,-6.116689451799316],[-36.3146866103591,-6.1170602447063915],[-36.31546532507075,-6.116463081323062],[-36.316037367576676,-6.116326848659195],[-36.31682631931783,-6.115869237396687],[-36.317344300226054,-6.115760228860194],[-36.31750626273665,-6.11644017292262],[-36.31767724420641,-6.1167633229126634],[-36.31932044149273,-6.1165490694746545],[-36.3194915896676,-6.116555821094349],[-36.3199448856273,-6.116537836937536],[-36.3205821112787,-6.11620068741608],[-36.320909632468755,-6.116213690674716],[-36.32180416173693,-6.116026496377873],[-36.32150723940103,-6.114893422780342],[-36.321241525835354,-6.114507247052496],[-36.32125292447284,-6.114219565575686],[-36.321607449394726,-6.114052235959054],[-36.322201790924474,-6.1140758083956666],[-36.323295577440646,-6.1135984977379785],[-36.3235164702821,-6.113607239987495],[-36.32373907952539,-6.113489433809677],[-36.3239834337408,-6.113374118365684],[-36.3239454197434,-6.1124141845944955],[-36.3241081015732,-6.111949987918712],[-36.32476331038836,-6.111793891594485],[-36.32552437409602,-6.111594467220482],[-36.326232206068006,-6.110996307966224],[-36.32694335756626,-6.110826930672037],[-36.32759209262691,-6.1104296882700835],[-36.327823057171926,-6.1103206804553425],[-36.3289301236275,-6.109360525448702],[-36.32840810278934,-6.108876851557414],[-36.32826572871253,-6.107982986471893],[-36.32829743506355,-6.107183079100666],[-36.32815439664128,-6.10691277205158],[-36.3281639143567,-6.106671848154683],[-36.32861787421609,-6.106012101480482],[-36.328263348901544,-6.105549730814885],[-36.3282867556249,-6.104958100772393],[-36.32872964837681,-6.104314511642491],[-36.328858022838176,-6.103508517043469],[-36.32963408153495,-6.103539282856473],[-36.33292086380484,-6.103409026585983],[-36.33348493784745,-6.10306363237562],[-36.333730675717206,-6.1029476518681465],[-36.334319761594614,-6.10231192019112],[-36.33531936874399,-6.101385684945236],[-36.33586905677158,-6.10125476481695],[-36.33631803588474,-6.100910477276652],[-36.33688897193265,-6.1008014689641845],[-36.33724952817275,-6.100553351882774],[-36.33785006727952,-6.100577145255943],[-36.33806111140059,-6.100568789708732],[-36.33959994802877,-6.09890794134536],[-36.34006204263071,-6.098761638645721],[-36.340471679937835,-6.098618046427383],[-36.34085099414055,-6.09841735037716],[-36.3412578639412,-6.098288532803358],[-36.34185010365117,-6.098311994269703],[-36.34266417707602,-6.097624083065619],[-36.343235112285086,-6.097515075067475],[-36.34385225240567,-6.09738598059557],[-36.34425480679005,-6.0974019167267155],[-36.34487247178676,-6.0969768969785845],[-36.34561491523004,-6.096835131145157],[-36.34595057075674,-6.096604167605696],[-36.34731477469518,-6.096495159833954],[-36.34797075837344,-6.09604374516839],[-36.34850683323593,-6.095874035997172],[-36.348845034884775,-6.095509053409253],[-36.34935460532306,-6.095135272509736],[-36.34962712516305,-6.094841172556724],[-36.350032003672624,-6.094466008121511],[-36.3501435565621,-6.093997716599239],[-36.35045151821756,-6.093852354844729],[-36.35059685249384,-6.093544421312367],[-36.35083213213424,-6.093326405160118],[-36.35105014855848,-6.093091125146094],[-36.351529119022224,-6.092977026875727],[-36.35195242339769,-6.092520190101501],[-36.35219901944459,-6.0922917159458265],[-36.352491791098075,-6.09167131185039],[-36.35318036673845,-6.091226703389758],[-36.35331662660358,-6.090937970817451],[-36.35355625049027,-6.090589754124535],[-36.35354095075016,-6.090203522825691],[-36.353549140450916,-6.089996850536358],[-36.35416616922591,-6.089544274296024],[-36.35455364475697,-6.089126060139153],[-36.355360773572706,-6.089015779409365],[-36.355609860005565,-6.088883974200497],[-36.35626736499106,-6.088675808234063],[-36.35654599970352,-6.088528398345678],[-36.35716964065266,-6.087840929108452],[-36.35691817547955,-6.086881272421871],[-36.35726426169006,-6.086560611776952],[-36.35854795392437,-6.086752067252243],[-36.35888225408706,-6.086391234701599],[-36.358868808624116,-6.086052093344518],[-36.35856671219766,-6.0857721589180835],[-36.35842051983113,-6.085158449970592],[-36.35818955613766,-6.084822794110222],[-36.358020483621566,-6.084464561690996],[-36.358213681751955,-6.083727347251909],[-36.358548645720155,-6.083569258568136],[-36.35878210016614,-6.083317267978518],[-36.35908242517107,-6.082680872046054],[-36.359591054306385,-6.082103019707744],[-36.36045658856747,-6.082329832965882],[-36.3605734540028,-6.082325185668813],[-36.36102265475028,-6.0826696389082],[-36.36157353187541,-6.083025381542242],[-36.3619292466806,-6.0835762308182355],[-36.36235238516519,-6.083685239005208],[-36.36365187545745,-6.082791042091924],[-36.36464094218352,-6.082655860643587],[-36.365875663691654,-6.082704776138698],[-36.36612223218709,-6.082438674858114],[-36.36629869189944,-6.082275163477515],[-36.366482428400495,-6.082076846643635],[-36.367357009136754,-6.082111540970713],[-36.367695293496276,-6.081932535723765],[-36.36783476218694,-6.081492022091768],[-36.36889833616549,-6.081897841307202],[-36.36931727015551,-6.081751040014907],[-36.36929112431885,-6.081090739733568],[-36.36946479012015,-6.0805952243259975],[-36.36993950013298,-6.0799053765979085],[-36.370678789121406,-6.08009904469054],[-36.37175619670336,-6.0796879694427295],[-36.37190175294936,-6.078925633150617],[-36.3720437670981,-6.07852047785138],[-36.37200376063626,-6.077511242243609],[-36.372027277874615,-6.076917840533713],[-36.37247268889092,-6.076776794659903],[-36.37286710882525,-6.076638570357731],[-36.3730349923599,-6.075740223399475],[-36.37280834440155,-6.075530231342175],[-36.37269933612937,-6.075107148078379],[-36.373152632059494,-6.074963611371323],[-36.37365188242138,-6.07478864539198],[-36.37416845305866,-6.074392509886279],[-36.3744040651547,-6.074401860919582],[-36.37424796758638,-6.074106875559],[-36.37429751974251,-6.072856328211832],[-36.37496581520046,-6.072697133028359],[-36.375336442098444,-6.072567208713033],[-36.37592691050278,-6.072590614821569],[-36.37646063415953,-6.072569477057118],[-36.377020503645234,-6.071965230373754],[-36.377595838366716,-6.071783071302937],[-36.37802935166254,-6.071315166948866],[-36.37800743998607,-6.0707624365928945],[-36.378479355585675,-6.070325187002627],[-36.3784609568931,-6.069861543878435],[-36.379272125121425,-6.0697507100341594],[-36.379590157067305,-6.06958243961187],[-36.38010409863415,-6.070137106957498],[-36.38058694285124,-6.070313013465165],[-36.38108099207728,-6.069973042498773],[-36.38132534666091,-6.069857726253307],[-36.381289573537785,-6.068955284663039],[-36.38131427990019,-6.068332003284823],[-36.38130559271418,-6.068112327439052],[-36.38062769608499,-6.067484231187793],[-36.380390894468285,-6.0671175333676794],[-36.38017871620977,-6.06554106862359],[-36.38078030721415,-6.064983689903841],[-36.38108314949807,-6.064995697824598],[-36.38119431595346,-6.064760140951047],[-36.381765251400374,-6.064424485433738],[-36.381874259535216,-6.063966873098404],[-36.38199189945916,-6.063631217428885],[-36.38210378426424,-6.062928918711835],[-36.383198677169176,-6.062972355933664],[-36.38355751810028,-6.0627824496498235],[-36.383893837788435,-6.062069803933711],[-36.384145219980496,-6.061704489184393],[-36.384138414406884,-6.061532566827105],[-36.38415371425123,-6.061146336072838],[-36.383913924055385,-6.060797897674171],[-36.383941065264835,-6.060113140145101],[-36.384452185399134,-6.059446586959554],[-36.384707357698986,-6.0586406478197095],[-36.38498189710708,-6.058511056500921],[-36.38563555674135,-6.058537007464886],[-36.38601274086879,-6.058944099729775],[-36.38668800905582,-6.058215296317542],[-36.38697815247537,-6.058078344273549],[-36.38747458078224,-6.057736767785652],[-36.388298503904366,-6.056847495968429],[-36.38890405072346,-6.057059757162289],[-36.38906817139978,-6.0567119830321445],[-36.389279187350084,-6.0563131918394255],[-36.38977954504754,-6.055849603315702],[-36.39028518633809,-6.055698542140556],[-36.390710455019494,-6.05615748183078],[-36.39127057382487,-6.055727979929261],[-36.391451239012035,-6.055345179035174],[-36.39253102548297,-6.0546786268930735],[-36.392648167670295,-6.054430453436449],[-36.39262924365598,-6.053953364547669],[-36.39442297678836,-6.054024413378045],[-36.39543218463525,-6.053848727689334],[-36.395586455708475,-6.0532010993957375],[-36.395870651099514,-6.052788087009186],[-36.39654522745822,-6.05262739692008],[-36.395983670385895,-6.051381110058413],[-36.39513316004068,-6.050712288547813],[-36.39502415191865,-6.05049620943379],[-36.395940289131296,-6.050371044169539],[-36.39615307510915,-6.050141353353657],[-36.39670909836225,-6.049733541751218],[-36.39713702352316,-6.049959967828036],[-36.39728631528227,-6.051052260438747],[-36.39751727914795,-6.051161268333203],[-36.39804452873536,-6.051440261988297],[-36.398306230301,-6.051845528469397],[-36.39842387016436,-6.051954536091133],[-36.39864836023897,-6.052196843508412],[-36.398927354146544,-6.051895716287011],[-36.399162634381575,-6.051677700251678],[-36.39942466805283,-6.0513948878573105],[-36.39968825093875,-6.051270497394624],[-36.39965707090278,-6.050484202352936],[-36.400115208100665,-6.050339116055435],[-36.40023273682219,-6.049234761504543],[-36.40063252496544,-6.048581821067067],[-36.401707055578406,-6.049239741524143],[-36.40243563696299,-6.04908729600576],[-36.40402765093242,-6.049271724543261],[-36.40471561725424,-6.050014251008722],[-36.405218990525555,-6.049234761630092],[-36.4056050005674,-6.048673785327734],[-36.405379652413444,-6.04803091578634],[-36.4060165743602,-6.0478791902680875],[-36.40636747463473,-6.0477561827337425],[-36.40657887820002,-6.047308254075477],[-36.40669651812803,-6.047085922520923],[-36.40681365963018,-6.0468377495385734],[-36.40679653364773,-6.046405924055849],[-36.40712524541303,-6.046250767145626],[-36.40782544072774,-6.045495071830809],[-36.40828305295828,-6.045386063392072],[-36.40851717085536,-6.044889994432627],[-36.40849406938933,-6.044307328346612],[-36.408849672286834,-6.044139500631909],[-36.40899500743296,-6.043831566577879],[-36.4095136528371,-6.04358676900684],[-36.41117804223962,-6.043459556537822],[-36.41144480749853,-6.044024848580716],[-36.41205931842142,-6.044142156672643],[-36.41276914219848,-6.044390937842012],[-36.41303834181209,-6.044248507691106],[-36.413562714622316,-6.044000999795177],[-36.41343713388938,-6.043400736818564],[-36.413379476252196,-6.0431053636779675],[-36.41303936568228,-6.042778561552176],[-36.41270686382434,-6.042432503262093],[-36.41247501458412,-6.042551914101844],[-36.41178173612932,-6.0426630244773625],[-36.41125495680938,-6.042391611617739],[-36.41111512764908,-6.041518718462836],[-36.411341775492275,-6.041078702132244],[-36.41165322274757,-6.040436773534059],[-36.41202412591349,-6.040627841707517],[-36.41201045899914,-6.0399574709157395],[-36.41104086943074,-6.039822124169036],[-36.41043731465655,-6.039834408247275],[-36.4100223097911,-6.039620653215058],[-36.410321860381565,-6.038585575695238],[-36.410432915621016,-6.038016743270117],[-36.41054991931058,-6.037904303985893],[-36.41020394375817,-6.037677490406172],[-36.41021783206275,-6.0369968275328],[-36.409754382611666,-6.0365515554916325],[-36.40960442769597,-6.035936407947748],[-36.40940328858862,-6.0357431812427675],[-36.40752907223533,-6.03587078119416],[-36.406423500003704,-6.035031918764839],[-36.40609185621046,-6.035715459148902],[-36.405782013383494,-6.035865801593658],[-36.40580030157061,-6.036761492558873],[-36.40555771764091,-6.036994558381062],[-36.40533140154744,-6.037230059880819],[-36.40465339408786,-6.037450123110988],[-36.40442901539881,-6.037576726952655],[-36.404656243836975,-6.03801784943487],[-36.40450709189693,-6.038307412365784],[-36.40352015515661,-6.038696686096687],[-36.40340909967332,-6.038812223831952],[-36.40327649185247,-6.038939658014465],[-36.40209768495182,-6.038767402900587],[-36.40170478651372,-6.038237359654906],[-36.40171150986303,-6.037907790344103],[-36.401557764450075,-6.037609374099429],[-36.400870101289655,-6.037441712760234],[-36.40023816043746,-6.037454605125554],[-36.400000417615765,-6.0373321514909675],[-36.39978273380294,-6.036883503074202],[-36.39965607473037,-6.0367723930418205],[-36.39910165619638,-6.037058027188646],[-36.39876281824409,-6.0368835039202455],[-36.39842052229962,-6.0367723925704055],[-36.39842854587015,-6.036379134451778],[-36.39807039724349,-6.035850806341578],[-36.39732435734927,-6.035488811559912],[-36.39705723213992,-6.034938238618916],[-36.39623311640145,-6.035078786317653],[-36.3958152614373,-6.035070264994719],[-36.395692143215044,-6.0350728102507105],[-36.39527262907165,-6.0346361707067295],[-36.395136452777535,-6.033930440815685],[-36.39536310008652,-6.0337126462575545],[-36.395583107718345,-6.033034639399174],[-36.3957030723634,-6.032919378793049],[-36.39581852638948,-6.032681442986134],[-36.39581293789954,-6.032408314471304],[-36.3958325256215,-6.031448824083593],[-36.396438542949916,-6.031761017801827],[-36.39683404240767,-6.031557278428775],[-36.39751738933431,-6.031390668087908],[-36.39785395792396,-6.030877334483663],[-36.398320838796266,-6.030298928693958],[-36.398298234916766,-6.029190756180674],[-36.39853617030302,-6.028839717514065],[-36.3986799282064,-6.028103277235621],[-36.39853163288017,-6.027815430069018],[-36.398536447647174,-6.027579597127081],[-36.39888980955154,-6.027240068405983],[-36.398871190225,-6.0263280541944875],[-36.39854922917922,-6.025703111947607],[-36.398422846658406,-6.024468335226803],[-36.39881034995825,-6.023896679456695],[-36.398993367292675,-6.023145964089759],[-36.39951627293155,-6.0221309182578775],[-36.399667141035785,-6.021358123665978],[-36.399783315202185,-6.0212464602003894],[-36.399667141371886,-6.020907041401344],[-36.399532182187336,-6.020491206791816],[-36.399556141598076,-6.019318348231282],[-36.39933231590171,-6.01888386649292],[-36.39853390145392,-6.018753886748978],[-36.397937900254654,-6.018272813617626],[-36.39808317884032,-6.017278573146338],[-36.39785395863933,-6.017167351268651],[-36.3974695259378,-6.016969311018773],[-36.397179796679,-6.016372147284709],[-36.395438078106764,-6.016217267984212],[-36.394202553842426,-6.01510062837261],[-36.39386620601625,-6.013908071269874],[-36.393901204541685,-6.012193769933506],[-36.39354764842149,-6.01172780263206],[-36.393436593459555,-6.011498941768191],[-36.39332100080824,-6.011274506988947],[-36.39308347935307,-6.0107849670743105],[-36.39309664937125,-6.010140160780381],[-36.39308995400799,-6.009811920093464],[-36.393209945346854,-6.009461324076364],[-36.39332100084146,-6.008881423714212],[-36.39309435251282,-6.008441408643287],[-36.39286997407407,-6.007621525130351],[-36.3935796873981,-6.006939644558823],[-36.39343432450243,-6.00651490183931],[-36.39332326942443,-6.005946068717374],[-36.39320690237174,-6.005720139820701],[-36.393439525841906,-6.005496646323568],[-36.393094352622974,-6.005041690183137],[-36.3929832980315,-6.004812829228857],[-36.392670328763344,-6.0046609371164115],[-36.39251727488817,-6.003096259485874],[-36.39184087252712,-6.002446416850072],[-36.39196338249137,-6.002208592277237],[-36.39207443696624,-6.001746442735639],[-36.39178999312799,-6.001473148176613],[-36.39088771805326,-6.000534020137951],[-36.39002799406262,-6.000395409088714],[-36.38960759424135,-6.000832989684555],[-36.389241338882336,-6.001073138785932],[-36.38913028376847,-6.0011886765352775],[-36.388788043078094,-6.001413111321383],[-36.38833701629585,-6.001755295806114],[-36.38810810001681,-6.001866406552241],[-36.38777039675296,-6.002095267912137],[-36.38693679072848,-6.002330436801233],[-36.38596825227422,-6.002310627830438],[-36.385385060249405,-6.0027059885489225],[-36.38476000758174,-6.0032105186490075],[-36.3837975217602,-6.0045729317115075],[-36.382298461604925,-6.005786456421047],[-36.3805495578153,-6.006500294858516],[-36.37894342152915,-6.006250450919937],[-36.377944047865554,-6.005643689052481],[-36.377301593267454,-6.003930476509612],[-36.3772659017342,-6.0028240278911325],[-36.377694203915866,-6.001432042682792],[-36.37776558790822,-6.000004365959179],[-36.37811993496415,-5.998391238317836],[-36.37799974244267,-5.998219097715918],[-36.37802368026489,-5.998120906538975],[-36.37848939790587,-5.9976734205261675],[-36.37847537156294,-5.996986671156111],[-36.37813545511569,-5.996660034684415],[-36.37815792062277,-5.995559166291318],[-36.37795526013307,-5.995165796429183],[-36.37825118577641,-5.994729211572302],[-36.37836224127596,-5.99437916891184],[-36.37768229735426,-5.994049268040544],[-36.37723127012362,-5.993707083212342],[-36.37666238179383,-5.9934826483176264],[-36.37635818358562,-5.993325942642192],[-36.37621135488685,-5.992573844111856],[-36.376095762149454,-5.992349409350064],[-36.375984706609955,-5.992120547602555],[-36.375471345963696,-5.99195393754262],[-36.37524810134635,-5.991721590207013],[-36.374738143650845,-5.991896113902042],[-36.37436920487495,-5.992015855762756],[-36.373954574276745,-5.992007385807622],[-36.3737701877326,-5.991189892131355],[-36.37384430696149,-5.990537332588406],[-36.37356177525648,-5.990265880450798],[-36.373101930054496,-5.988227116228177],[-36.372782954227425,-5.984169077907323],[-36.37668602208874,-5.968696836349964],[-36.378635609736,-5.9511652852035075],[-36.378529239574796,-5.9414670019877756],[-36.37920381526997,-5.9412767230622],[-36.37972104914661,-5.941815066535514],[-36.37996457423292,-5.9415615820268775],[-36.37992852389675,-5.939794713275174],[-36.38040613908642,-5.939090146848648],[-36.38028194202982,-5.93872732183119],[-36.37994877603603,-5.938407215035154],[-36.37983772087649,-5.93795170522024],[-36.379722128597614,-5.937727270770939],[-36.3796002277468,-5.937351664217222],[-36.379617436443716,-5.936509481710108],[-36.3794524301696,-5.935703874808027],[-36.379262109569645,-5.935334464969164],[-36.37927342484712,-5.934779742026531],[-36.37926224726913,-5.934231272269697],[-36.37938882390603,-5.9338614196507535],[-36.37937537791323,-5.9332020605106095],[-36.379732337180855,-5.932675502892364],[-36.380130215971114,-5.932482442585642],[-36.380295110968625,-5.93180609512322],[-36.38028871995509,-5.931493347534784],[-36.38029129307662,-5.931367573791045],[-36.38068878425252,-5.930985658777293],[-36.380855367289634,-5.9304723260214125],[-36.38187868580478,-5.93030571501716],[-36.382283122117926,-5.930097383053759],[-36.382042972487326,-5.929395692554086],[-36.38237220941327,-5.929079403806062],[-36.38221472906807,-5.928773684344946],[-36.3824448907437,-5.928206289894809],[-36.38210193068651,-5.927981412636829],[-36.38198279714272,-5.927735895468912],[-36.3815873531152,-5.927355972906952],[-36.38105863703484,-5.9275369144548025],[-36.38045986799878,-5.927524685942902],[-36.379168622452916,-5.927551025039169],[-36.37860626352507,-5.926965757801183],[-36.37847747381274,-5.925254721030956],[-36.378080065833714,-5.92526285523451],[-36.37789964876147,-5.9252591479762025],[-36.37721776873697,-5.924796942986207],[-36.3767779742837,-5.924126185135656],[-36.37619478237071,-5.923431467416204],[-36.37549585921053,-5.923092380783736],[-36.37495820660317,-5.922532788230342],[-36.37417589543899,-5.922548724617369],[-36.373718227891885,-5.922313001796688],[-36.37347824506665,-5.922201891377441],[-36.37303820135557,-5.922428594412862],[-36.37291280502272,-5.922426039131967],[-36.3686100223863,-5.920276284190776],[-36.366631332868785,-5.920371799937907],[-36.36657995399219,-5.9203286713536105],[-36.36623657987385,-5.920162060779475],[-36.36542875909833,-5.919483943144489],[-36.36499228469545,-5.9197087646676625],[-36.363856776517416,-5.919819875160974],[-36.36374572184434,-5.919935412637113],[-36.363615963210215,-5.920060080191741],[-36.36317683281192,-5.920273171349043],[-36.36287808764394,-5.920427038494046],[-36.36286800494037,-5.920403191923105],[-36.362722707293855,-5.9198072040766325],[-36.36245226269211,-5.919282195853537],[-36.36238978835895,-5.9192721224041405],[-36.361788273591955,-5.917849430146571],[-36.361802295547065,-5.914896403749075],[-36.36015129793904,-5.91142236485761],[-36.35836428654818,-5.909488338418026],[-36.35645428332991,-5.90639830013227],[-36.35363925471199,-5.904973272595833],[-36.34792962782435,-5.90448433013552],[-36.34076150185572,-5.905614574483475],[-36.335140024870896,-5.902402302203116],[-36.333057997039234,-5.899190029499039],[-36.3322251858149,-5.895799298296629],[-36.33305799658653,-5.894133675322339],[-36.332995299139036,-5.8931832832334665],[-36.33303269383928,-5.8930643594630245],[-36.33280604527526,-5.892624343511516],[-36.332667212892744,-5.8920549017597565],[-36.33223942588603,-5.891491104226922],[-36.33201499087982,-5.8911489189266035],[-36.33178612991101,-5.8908111608061695],[-36.33151820321275,-5.890402519245967],[-36.33235496325364,-5.889451273852289],[-36.33246607379085,-5.889109088468559],[-36.33270412014543,-5.888757828628411],[-36.33346047977256,-5.888261981016654],[-36.333628695091846,-5.88791520320723],[-36.33347237737053,-5.887611696119799],[-36.33292219134534,-5.88708309138214],[-36.33275275930132,-5.886388151695048],[-36.332427506319924,-5.885756791610183],[-36.331547917399845,-5.884911675580222],[-36.33121962074754,-5.88491837094561],[-36.33077423797125,-5.884765926250304],[-36.330614046347335,-5.883291552916345],[-36.3309777564564,-5.882585491776633],[-36.33042624288243,-5.881858569987204],[-36.33030633432782,-5.881611448122724],[-36.33031867381147,-5.881007533414936],[-36.33031286347075,-5.880724223624146],[-36.33032182724377,-5.88028581234299],[-36.330881752135,-5.879592090733198],[-36.330992862476975,-5.8792499061584405],[-36.3311108349272,-5.879020822938321],[-36.3305022714561,-5.879033217966021],[-36.330315132564934,-5.878456638627775],[-36.330086271441544,-5.8778922319986675],[-36.32997516021624,-5.877436722806181],[-36.32985962320873,-5.877212287834298],[-36.329748512693136,-5.876303483467638],[-36.32923517944806,-5.8759668865631385],[-36.329068568486974,-5.875623539588096],[-36.32895303162691,-5.875399104906906],[-36.32872859684001,-5.874928047328198],[-36.329498292798874,-5.874188619992369],[-36.329746299205524,-5.873810356807056],[-36.32980406817684,-5.873754801258882],[-36.329735177139405,-5.873107725819688],[-36.32951860018285,-5.872907029857185],[-36.32929626814303,-5.872562742139625],[-36.3288491145847,-5.872351698192275],[-36.328644655323345,-5.872131026109511],[-36.328389399534224,-5.871995956447809],[-36.32812180496464,-5.872006580282417],[-36.32781874058628,-5.871433819052517],[-36.327600725169766,-5.870971890823272],[-36.32736544474268,-5.870753874942151],[-36.32721925291592,-5.8701401660108035],[-36.32702547320855,-5.869960607293497],[-36.32689920094,-5.869036751650696],[-36.32590269169576,-5.869076205092917],[-36.32569148235486,-5.868628719569063],[-36.32553566212678,-5.868460448875327],[-36.32488233535402,-5.868152161298781],[-36.324867421614734,-5.867926924930496],[-36.32489849160746,-5.867143390238782],[-36.32465535451109,-5.866918125602982],[-36.32464146512,-5.866568525790179],[-36.324800907259075,-5.866113664488451],[-36.32464567036996,-5.865654298044364],[-36.323863759385304,-5.865480999291227],[-36.32275968948737,-5.865979734086402],[-36.32120590182256,-5.866029702551508],[-36.319675908212204,-5.866093947819146],[-36.31444585251143,-5.864171343589973],[-36.309496574088534,-5.864718619613938],[-36.30171573619676,-5.861220811852345],[-36.297504090778915,-5.8588651458481165],[-36.29329244495194,-5.855652872779132],[-36.291365081162816,-5.851726762217864],[-36.292078919525174,-5.8485144901010395],[-36.29321908352672,-5.846686206034583],[-36.29384485533875,-5.846010799779282],[-36.29467508534779,-5.84568748355382],[-36.29568454296686,-5.844523588636149],[-36.295974713982595,-5.843778462181491],[-36.296665779810525,-5.843646545918188],[-36.29693951756331,-5.84339283968316],[-36.29745666849764,-5.842757384526559],[-36.297441119364606,-5.842364070809137],[-36.29745639126249,-5.8419787252850846],[-36.29723737996197,-5.841742338378474],[-36.29650741387469,-5.841511263314019],[-36.29602523442938,-5.840853840934635],[-36.295068122613316,-5.8407230313146385],[-36.29478697093675,-5.840574238299137],[-36.29447394719478,-5.840739908491701],[-36.293827314068395,-5.8407142890879875],[-36.293131877089884,-5.8412475975942],[-36.292560775065645,-5.840854616023504],[-36.29200837661114,-5.840723031765937],[-36.291671448250774,-5.840604948891726],[-36.290172562084024,-5.840828443099674],[-36.28988111785454,-5.840840007709087],[-36.28894862987734,-5.840496383435109],[-36.28883962254577,-5.8403787437715735],[-36.288608658548235,-5.840269735362169],[-36.28836977659642,-5.840105333050453],[-36.287876180297864,-5.839004443331964],[-36.28269194609082,-5.835005099869799],[-36.27893115461389,-5.8345263737599735],[-36.2754901147069,-5.836512378794417],[-36.27320201103085,-5.838780993504328],[-36.27286299402873,-5.838753751629795],[-36.27291628439041,-5.839064285916897],[-36.272904075647226,-5.839076391053698],[-36.26960960404823,-5.842341209180557],[-36.266586576077316,-5.843629877088482],[-36.266423228435386,-5.842910825818653],[-36.26623774917629,-5.842695631996885],[-36.26605514701147,-5.842538261497501],[-36.265950234027166,-5.842303203679137],[-36.265696085150715,-5.841944749466665],[-36.26549693818552,-5.841283287505438],[-36.265268243561565,-5.840873373570402],[-36.265134224344465,-5.840138649457585],[-36.264808584108444,-5.839251867810168],[-36.26470367087941,-5.83879016083014],[-36.26435135934071,-5.838158745716786],[-36.26441294629897,-5.83739231460376],[-36.2642503748593,-5.837203626089294],[-36.26385086383267,-5.837083330433998],[-36.26345710769179,-5.836863654476662],[-36.26317280126371,-5.836736773186575],[-36.26289746015665,-5.836243249523336],[-36.26273350563347,-5.835698763875039],[-36.26231545708265,-5.83551217759214],[-36.26198810137561,-5.834989603535981],[-36.261530600739576,-5.834344354562518],[-36.26191306869581,-5.833067191780917],[-36.26223621886522,-5.832187326703812],[-36.26129554178658,-5.832330697166405],[-36.260256425823286,-5.832557344273033],[-36.259545107323795,-5.832421056921255],[-36.259117154775296,-5.831462009266188],[-36.25827635566709,-5.8321820145501055],[-36.25778249987913,-5.832330696469556],[-36.25763807846402,-5.832498302818388],[-36.25725018691086,-5.832281891991488],[-36.25653593669123,-5.832897316688508],[-36.25643102373958,-5.833019051127187],[-36.25630928910139,-5.833123964287807],[-36.25594087476797,-5.833551585041989],[-36.255629344840756,-5.833690583781648],[-36.25508380761593,-5.833994976147217],[-36.25449610564114,-5.834257203577841],[-36.25427786897322,-5.834378938268705],[-36.25369254586481,-5.834511905430699],[-36.253031305397236,-5.835058882348087],[-36.25279624618848,-5.835163795403306],[-36.25225784702134,-5.835585439522159],[-36.25174102771291,-5.835741039043983],[-36.25106053093127,-5.836223495533562],[-36.25039901386153,-5.835842133770038],[-36.249963148054036,-5.835285529971227],[-36.249699038889396,-5.8346936225350445],[-36.24933400070909,-5.834269930758024],[-36.24892204006157,-5.8341459271123295],[-36.24847776376515,-5.833630214816161],[-36.2477008751811,-5.833567797735653],[-36.24738430904542,-5.8335932512501465],[-36.24656116099353,-5.833367931863229],[-36.24622196408595,-5.833340707582721],[-36.24624885603792,-5.8336750900292635],[-36.245814706158725,-5.834287360288757],[-36.24602292756893,-5.835428900439544],[-36.24678587281093,-5.836026340793026],[-36.247570840388725,-5.836376659669501],[-36.24761029306916,-5.836867859255339],[-36.247579139661326,-5.837255529631165],[-36.24816678668894,-5.837761834955258],[-36.248429069547704,-5.838066171662514],[-36.248718631924625,-5.838315672179689],[-36.24882990880959,-5.838685248416315],[-36.24896021994651,-5.838918812993654],[-36.24893377058058,-5.839247662618357],[-36.248951975670124,-5.839474310262159],[-36.24893698039924,-5.839661449606811],[-36.249169880767305,-5.839931811388484],[-36.24929161564688,-5.8400367241761],[-36.24941927102344,-5.840322745521909],[-36.25005400670232,-5.840869611106058],[-36.25019876019111,-5.841398492713871],[-36.250166832338266,-5.841795790457255],[-36.25031153098235,-5.842189879103131],[-36.25042230948433,-5.843874300175911],[-36.250878150633035,-5.844456358058497],[-36.25098306335352,-5.844691416528377],[-36.251104797904425,-5.844909653794064],[-36.25115725520777,-5.845083844871658]]]},"properties":{"OBJECTID":1,"Id":337110,"gridcode":241540,"Shape_Leng":457791.333834,"Shape_Area":4170154573.43,"Area":417015.457343}}],"fileName":"Limite_bacia_UTM"}