{"type":"FeatureCollection","name":"municipios_potengi_resultados","features":[{"type":"Feature","id":"mun-2401503","properties":{"kind":"municipality","code":"2401503","name":"Barcelona","sanitation":true,"recovery":false,"area_km2":152.626},"geometry":{"type":"Polygon","coordinates":[[[-35.91309628399994,-5.902734993999964],[-35.91257899499995,-5.90280257899996],[-35.90709899499995,-5.901129569000005],[-35.90651370200001,-5.900664954999932],[-35.90617552600001,-5.900133008999973],[-35.90603994099998,-5.899514251999932],[-35.906222224999965,-5.898927749999899],[-35.90693244499993,-5.897820608999957],[-35.9067312889999,-5.897486845999964],[-35.90612927099991,-5.897089817999884],[-35.90462343300002,-5.896512249999972],[-35.902535225999905,-5.896138168999926],[-35.90177007800001,-5.896376499999931],[-35.90165889599996,-5.896863484999898],[-35.90213204599994,-5.898733837999934],[-35.90188276299992,-5.899135524999949],[-35.89917444400001,-5.900603045999958],[-35.89805450699998,-5.900373549999891],[-35.89729494999993,-5.898908063999961],[-35.896991245999935,-5.898641810999955],[-35.896307773999965,-5.898545650999907],[-35.895775492999974,-5.898898908],[-35.895563644999946,-5.899585298999952],[-35.895715522999986,-5.900202806999971],[-35.89670521799999,-5.90121775799993],[-35.89684272299999,-5.901886538999932],[-35.89562706799995,-5.902328923999939],[-35.89474610199998,-5.90308333699992],[-35.89352834399994,-5.902887851999914],[-35.89223752799999,-5.9018265049999385],[-35.89166918499995,-5.901745965999936],[-35.8911029449999,-5.901899057999991],[-35.890550641999944,-5.9024447289999316],[-35.890491075999904,-5.9032237299999935],[-35.89096147199992,-5.903961425000013],[-35.89261293399996,-5.905207206999968],[-35.893032678999965,-5.905892492000007],[-35.89300305099991,-5.906856010999967],[-35.89174038899998,-5.907002129999981],[-35.88980005999993,-5.908197643999955],[-35.886992707999994,-5.909273124999942],[-35.88536091899989,-5.909002680999947],[-35.88327190699997,-5.906796150999988],[-35.882348737999976,-5.906545999999899],[-35.87929146399997,-5.906507955999949],[-35.878235526999994,-5.906014099999943],[-35.87767300299999,-5.9054106039999255],[-35.876865848,-5.904961536999984],[-35.87591985299998,-5.9048261649999745],[-35.87531363899991,-5.90503916699992],[-35.87456557699992,-5.904902182999955],[-35.87401224499997,-5.904509260999951],[-35.87371401999999,-5.903945870999969],[-35.873576794,-5.9018707339999565],[-35.87296340999996,-5.901194154999928],[-35.872622889999946,-5.90105327899991],[-35.87232855599993,-5.90118393299997],[-35.871130557999926,-5.902472165999981],[-35.868594485999964,-5.906365315999956],[-35.86152100299992,-5.911614969999995],[-35.86058966499996,-5.911741972999934],[-35.85990829299989,-5.911502759999948],[-35.859009591999964,-5.911438610999973],[-35.85706088800002,-5.911590832999956],[-35.853569940999925,-5.912436117999995],[-35.851097349999975,-5.913333735000009],[-35.849818075,-5.915366261999964],[-35.834772016999956,-5.947096351999953],[-35.92480412799991,-6.010632514999919],[-35.96793032799994,-6.034805389999995],[-36.031831995999944,-6.06938944799996],[-36.01119017299991,-6.049191971999917],[-36.00974967199992,-6.048313367999967],[-36.00827903799992,-6.047840885999953],[-36.00766181599992,-6.047309114999919],[-36.00635318799991,-6.04269870400001],[-36.00564661399998,-6.041474203999947],[-36.003084676999926,-6.039503846999899],[-36.000591792999984,-6.037920335999978],[-35.99889098999995,-6.037889974999949],[-35.99794623499994,-6.037660102999936],[-35.99446118099998,-6.034772497999938],[-35.9914320779999,-6.033621459000003],[-35.990666013999935,-6.03302815499994],[-35.989909010000005,-6.032116074999969],[-35.989675476999956,-6.03029693699991],[-35.988439074999974,-6.02814956199996],[-35.9884865239999,-6.025111332999927],[-35.988139969,-6.024725304999961],[-35.985078406,-6.023174154999964],[-35.98403310599993,-6.022314281999961],[-35.98297973299999,-6.020204678999939],[-35.98096451499996,-6.017969116999971],[-35.98029446299994,-6.017581555999882],[-35.978623548999984,-6.017259078999935],[-35.978084489999965,-6.016873057999966],[-35.976831119999915,-6.014398542999949],[-35.97702385399996,-6.0118669199999175],[-35.97689149099993,-6.010310658999934],[-35.97722253299997,-6.009425157999942],[-35.978331751,-6.008963344999927],[-35.97875382899993,-6.008536843999899],[-35.97890957099993,-6.008022641999986],[-35.97888198299996,-6.006254089999935],[-35.97952317299999,-6.005575777999944],[-35.9795833159999,-6.0051353129999185],[-35.97928667799996,-6.00223992599998],[-35.98073358099995,-6.001333371999934],[-35.98128294799993,-5.999951108999966],[-35.98191008499995,-5.999366314999982],[-35.98418006599992,-5.997985398999944],[-35.98395614899996,-5.9974196029999405],[-35.98236260399991,-5.995508792999935],[-35.98209272199996,-5.993205762999892],[-35.98106021099998,-5.991059067999998],[-35.979714787999946,-5.989745908999971],[-35.97847937399995,-5.989560620999917],[-35.97796611399994,-5.9891591049999136],[-35.97779322599994,-5.988607006999885],[-35.977860715999924,-5.98776150399992],[-35.978504789999924,-5.9863278739999615],[-35.978479998999916,-5.98585888099997],[-35.978178943999964,-5.985221719000009],[-35.97741403299992,-5.984378614999969],[-35.97719433699994,-5.983794017000008],[-35.97764019099998,-5.981887688999926],[-35.97764067199993,-5.981018532999954],[-35.977203035999956,-5.979663149999986],[-35.976243380999954,-5.978565648999954],[-35.97497839700001,-5.977892327999932],[-35.973154682000015,-5.976424652999995],[-35.97244193200002,-5.975534945999925],[-35.971789395999934,-5.974307402999962],[-35.97109746099997,-5.971999110999931],[-35.970831294999975,-5.971612270999991],[-35.970329379999924,-5.971462940999977],[-35.96849648199997,-5.971416878999989],[-35.96818698599994,-5.971028689999933],[-35.96821461099992,-5.970638963999924],[-35.96877826199993,-5.969870220000004],[-35.968651105999975,-5.96932735499994],[-35.96837035199993,-5.969051293999925],[-35.96773119399998,-5.968845088999913],[-35.966313553999925,-5.968838743999925],[-35.964239903999946,-5.967947968999937],[-35.96310432399996,-5.966466579999938],[-35.96270255099993,-5.9638329379998964],[-35.96275957499994,-5.96117913799997],[-35.96305949399998,-5.959145939999964],[-35.96667597999989,-5.901299239999922],[-35.91924362199991,-5.908572316999958],[-35.92007831099996,-5.904992459999967],[-35.92045850299998,-5.90248979099993],[-35.921670762999916,-5.899718925999906],[-35.922294746999945,-5.898865889999932],[-35.91698659299995,-5.896781981999908],[-35.91661589300001,-5.8964653720000015],[-35.91696193099995,-5.895385673999925],[-35.917039855000006,-5.893893411999912],[-35.916751709999964,-5.893458682999913],[-35.91623075299994,-5.89325810899993],[-35.91541017499999,-5.893398230999978],[-35.91415793399994,-5.894044766],[-35.912833969,-5.894431343999926],[-35.91186390099993,-5.8944754619999316],[-35.91112785499996,-5.894816433999992],[-35.910946972000005,-5.895604695999928],[-35.91115434999993,-5.89683250199991],[-35.91223109799994,-5.89999818799992],[-35.913325850000014,-5.902031845999964],[-35.913294784999934,-5.902500653999937],[-35.91309628399994,-5.902734993999964]]]}},{"type":"Feature","id":"mun-2401602","properties":{"kind":"municipality","code":"2401602","name":"Bento Fernandes","sanitation":true,"recovery":false,"area_km2":301.069},"geometry":{"type":"Polygon","coordinates":[[[-35.86073719199991,-5.611895353999913],[-35.85929294599996,-5.612101694999936],[-35.857976835999956,-5.6120283359999945],[-35.85744026799997,-5.611750540999921],[-35.85583294699994,-5.609372325999971],[-35.85515902899996,-5.608757892999932],[-35.85445839699998,-5.60864069499992],[-35.85367515799992,-5.608763171999925],[-35.85190958599995,-5.609813016999929],[-35.84849089099997,-5.610031640999985],[-35.84775059,-5.6101950039999124],[-35.84614290799994,-5.610965991999933],[-35.8409983939999,-5.611469533999944],[-35.83792657399993,-5.611401941999944],[-35.83262856899997,-5.610549101999901],[-35.83122942699994,-5.6107566919999385],[-35.829913469999944,-5.611243282999965],[-35.829133206999956,-5.611808607999933],[-35.82806939699996,-5.61341743699991],[-35.82711525899997,-5.616056408999945],[-35.82660271000002,-5.617031093999941],[-35.825823204999914,-5.617515423999961],[-35.82491733399992,-5.617800445999919],[-35.82240263799996,-5.617451976999952],[-35.82001312499995,-5.617424238999966],[-35.81676202499999,-5.6184408859999735],[-35.815074487999894,-5.618769893999925],[-35.80930442899996,-5.6188382619998976],[-35.805609057000005,-5.619402272999935],[-35.80304987599991,-5.620271295999899],[-35.802023666,-5.6209566599999405],[-35.799971499999934,-5.623050068999952],[-35.79911091099996,-5.623695528999981],[-35.79716701399997,-5.624666271999921],[-35.79471214399998,-5.626080910999995],[-35.79174792199994,-5.626737018000014],[-35.78659622199993,-5.6266415659999325],[-35.78486593199994,-5.626809752999989],[-35.782110456999945,-5.62754518699991],[-35.77968428299993,-5.628879511000001],[-35.77824669099991,-5.629885782999949],[-35.777386894,-5.631093552999964],[-35.77706581899999,-5.632818620999963],[-35.77658972799995,-5.633944780999975],[-35.775510787999934,-5.635029719999949],[-35.77439818699998,-5.635393616999949],[-35.77048477899993,-5.635655088],[-35.76929220799993,-5.636062225999936],[-35.765509450999936,-5.637844171999937],[-35.76415121699991,-5.638291118999966],[-35.76279158199995,-5.6384176399999575],[-35.76188489799998,-5.638220931999932],[-35.76142737599996,-5.6376225189998905],[-35.761257623999946,-5.636502182999919],[-35.76150341899994,-5.635657770999956],[-35.765559416999984,-5.631029863000023],[-35.765801243999924,-5.629746939000007],[-35.76583379499995,-5.6283440979999355],[-35.76624288899996,-5.627138492999926],[-35.767101076999914,-5.626092656999987],[-35.77281122399995,-5.622079411999934],[-35.773298057,-5.620392026999937],[-35.7728407129999,-5.61967392199994],[-35.772054368999946,-5.619076954999933],[-35.77106553399993,-5.618879625999945],[-35.76855475299993,-5.619533622999967],[-35.76728280299994,-5.620501739999959],[-35.764101889999914,-5.623682397999957],[-35.7617433359999,-5.625777313999919],[-35.758373209999945,-5.627678417999924],[-35.75709153599995,-5.6279649180000035],[-35.75553077799995,-5.627691937999977],[-35.75412363599996,-5.626463319000017],[-35.75395470399993,-5.625904549999966],[-35.754142369,-5.623386882999931],[-35.754104597999984,-5.622456546999963],[-35.75389468199994,-5.621936176999981],[-35.751870839999995,-5.620703899999988],[-35.74901677799993,-5.619649314999947],[-35.74779655499995,-5.619430444999956],[-35.74681190999993,-5.619692214999944],[-35.74656113399996,-5.623160331999927],[-35.74767886599998,-5.626363504999929],[-35.747769204999905,-5.627539083999942],[-35.74749631399989,-5.629308367999961],[-35.74623583299996,-5.632212469999992],[-35.745623607999924,-5.633021769999985],[-35.742524219999986,-5.634671380999961],[-35.73874944499995,-5.6359804269999145],[-35.73778519400001,-5.636140222999906],[-35.73719813199993,-5.635890197000002],[-35.73447149799993,-5.6339393539999705],[-35.72928008699991,-5.631632565999972],[-35.72817412599997,-5.631342960999994],[-35.72643718599996,-5.631352255999964],[-35.72331004199995,-5.632853563999923],[-35.71498703099999,-5.63408592499993],[-35.71233056499993,-5.63463076999998],[-35.71090426799996,-5.635198582999976],[-35.70945254899993,-5.636272742999942],[-35.70794219499992,-5.637679186999961],[-35.697218226,-5.665588274999905],[-35.632136294999945,-5.7144323879999845],[-35.65627757799998,-5.7179828769999475],[-35.777099942999975,-5.71638597299998],[-35.93963943200002,-5.7330119269999145],[-35.94159914999999,-5.727791660000001],[-35.94113604199995,-5.725807123000024],[-35.9340442349999,-5.71590434499992],[-35.94166522199995,-5.668778509999903],[-35.940960540999995,-5.6669292050000095],[-35.939674461999985,-5.664875583999915],[-35.93929319499997,-5.664429799999979],[-35.93741417699993,-5.663066313999963],[-35.936043683999955,-5.660968868999966],[-35.93419087999995,-5.656928853999915],[-35.933448578,-5.654334646999942],[-35.932782287999935,-5.653426175999918],[-35.931911728999935,-5.652889201999898],[-35.931076897999965,-5.65275928299998],[-35.92975674199998,-5.652865806000001],[-35.928783347,-5.652635234999934],[-35.925197295999936,-5.650627402999895],[-35.924290033999924,-5.649854913999924],[-35.923133832000005,-5.64760629999995],[-35.92281355199997,-5.646327166999981],[-35.922786417999944,-5.645030866999932],[-35.92336372799993,-5.640959777999974],[-35.92422633199989,-5.638328799999975],[-35.92437959199996,-5.636613753999917],[-35.92418766199998,-5.635696138999933],[-35.92367917400001,-5.634934657999985],[-35.92178613499996,-5.633752985999912],[-35.918386799999986,-5.6328525979999355],[-35.9151149529999,-5.632654133999942],[-35.913808843999924,-5.632125084999956],[-35.91295772999993,-5.631487970000002],[-35.911279476999894,-5.629661131000013],[-35.909293745,-5.627988988999952],[-35.90705789600001,-5.626937782999924],[-35.89837683199992,-5.624303366999911],[-35.89701846899997,-5.624590708999975],[-35.89632066499996,-5.625034600999932],[-35.89505018899992,-5.626443159999944],[-35.894327714,-5.627545592999944],[-35.89279581099999,-5.628938627000011],[-35.887983207999966,-5.631369490999965],[-35.885929901999894,-5.631980874999925],[-35.885311607999896,-5.631942743999971],[-35.883454186999955,-5.6309484139999455],[-35.880061088999966,-5.628161865999957],[-35.87266772100001,-5.624630541999984],[-35.87204652899995,-5.624033949999912],[-35.87046533099995,-5.621546817999921],[-35.869419569999934,-5.617394391999895],[-35.86928489499998,-5.6153912809999795],[-35.86964734599995,-5.6138259519999565],[-35.87042321699993,-5.61237881699995],[-35.87267859499993,-5.610072284999973],[-35.87329184899996,-5.60910717699997],[-35.87345285399996,-5.6083062289999575],[-35.87320044599995,-5.60738623099995],[-35.87237309599997,-5.6066267839999995],[-35.870061410999924,-5.60571756599991],[-35.86853658599997,-5.605364956999956],[-35.86779346899995,-5.605447296999927],[-35.8673012429999,-5.605732639999914],[-35.86713767299995,-5.606132803999984],[-35.8671048049999,-5.6080973299999926],[-35.86645399599996,-5.609503336999971],[-35.86473339399998,-5.611634284999987],[-35.863869478999995,-5.611879327999922],[-35.86073719199991,-5.611895353999913]]]}},{"type":"Feature","id":"mun-2401651","properties":{"kind":"municipality","code":"2401651","name":"Bodó","sanitation":true,"recovery":false,"area_km2":253.519},"geometry":{"type":"Polygon","coordinates":[[[-36.38265343899995,-5.859443396999936],[-36.38186625500001,-5.861044118999956],[-36.379854075999965,-5.864037098999972],[-36.377754147999944,-5.866780267999921],[-36.375797703999986,-5.868718126999944],[-36.37514697199997,-5.869032049999895],[-36.37421967999998,-5.870185223999918],[-36.37340427500001,-5.870812993999905],[-36.37212814499994,-5.871411335999937],[-36.37115032099995,-5.872143925999978],[-36.370604558000004,-5.873037258999908],[-36.36821465699997,-5.874658652999948],[-36.36691198700001,-5.87512741399992],[-36.365990897999914,-5.875280225999951],[-36.36496280699994,-5.875222461999968],[-36.36310103499991,-5.873765901999981],[-36.362182278000006,-5.873234541999977],[-36.358936738999965,-5.872323793999939],[-36.35763820799999,-5.872108427999976],[-36.35542268999991,-5.871307345999952],[-36.351119781999955,-5.870629113999968],[-36.34429200699999,-5.871387401999911],[-36.342693193999956,-5.871404851999934],[-36.341125530999925,-5.87118654199999],[-36.33841651599995,-5.871226654999937],[-36.335870607999894,-5.871529956999986],[-36.33359184499991,-5.8722032369999155],[-36.331938081999944,-5.872854752999999],[-36.330469130999994,-5.874268520999998],[-36.33002741299995,-5.875793613999974],[-36.329969094000006,-5.877002898999933],[-36.33017563399996,-5.878901721999924],[-36.33070697599995,-5.881008175999952],[-36.33207130399995,-5.884779332999962],[-36.33344187399993,-5.887747380999961],[-36.33404626999994,-5.889799957999969],[-36.33425617099989,-5.891425973999951],[-36.333416419999956,-5.894872242999988],[-36.33345802999994,-5.8960888969999345],[-36.33310849499997,-5.89832682699992],[-36.33329689399993,-5.899336293999951],[-36.33368028199994,-5.9002125979998965],[-36.33464770399996,-5.901382169999941],[-36.33595019799999,-5.902555864999975],[-36.33807508899995,-5.904995850999981],[-36.33853837299991,-5.905887566999951],[-36.33864739499996,-5.906698567999996],[-36.338517270999944,-5.907362371999945],[-36.372005200999986,-5.895604380999906],[-36.37369040399997,-5.911535579999999],[-36.363085643999966,-5.968924034999965],[-36.37044918799994,-5.969672135999957],[-36.372519058999956,-5.977544399999921],[-36.37962759499997,-5.98659096899997],[-36.39242820599994,-5.989763335999996],[-36.394676778999916,-6.012961155999946],[-36.41064383099996,-6.02121724699996],[-36.44873003699997,-6.011490704999964],[-36.44416749499994,-6.041420009999996],[-36.470662829999974,-6.045249510999945],[-36.521788552000004,-6.046670618999933],[-36.547439140999955,-6.056274613999918],[-36.54038276199999,-5.989741461999962],[-36.475008333999895,-5.92657309899996],[-36.435473110999986,-5.910886778999966],[-36.43387051599999,-5.910127946999971],[-36.432813742999954,-5.9091997939999175],[-36.43128369199992,-5.907154573999982],[-36.42998460799999,-5.904702382999943],[-36.429540328,-5.904305250999947],[-36.426777526999935,-5.904660886999977],[-36.42659378599992,-5.904337303999938],[-36.426638688999994,-5.902065740999923],[-36.42598383299999,-5.899973571000011],[-36.424420590999965,-5.897390801000007],[-36.42412812999993,-5.896380356999984],[-36.424065939999934,-5.893786702999968],[-36.422733713999925,-5.890876517999963],[-36.41482370999995,-5.85842888400002],[-36.407580341999974,-5.859057727999911],[-36.40560496099995,-5.859714847999925],[-36.403013998999896,-5.859850565999963],[-36.401134205999966,-5.8596178949999],[-36.398843410999966,-5.858851840999932],[-36.396512226999995,-5.857546260999911],[-36.38931346699998,-5.85231877699993],[-36.38844389699997,-5.851913387999957],[-36.387710401999946,-5.851910404999977],[-36.38605720999994,-5.852215092999963],[-36.385047063999934,-5.852609905999948],[-36.38408075599992,-5.8534095299999365],[-36.383549337000005,-5.854142700999937],[-36.38285080299994,-5.856859838999959],[-36.382886933999906,-5.858732402999998],[-36.38265343899995,-5.859443396999936]]]}},{"type":"Feature","id":"mun-2401701","properties":{"kind":"municipality","code":"2401701","name":"Bom Jesus","sanitation":true,"recovery":false,"area_km2":122.035},"geometry":{"type":"Polygon","coordinates":[[[-35.537401204999966,-5.995684375999893],[-35.570778640999926,-6.079544666999901],[-35.64748275699998,-6.016037921999967],[-35.65019289499995,-5.976435177999981],[-35.57222669199992,-5.932308102000015],[-35.55561650599996,-5.948495509999901],[-35.537401204999966,-5.995684375999893]]]}},{"type":"Feature","id":"mun-2401909","properties":{"kind":"municipality","code":"2401909","name":"Caiçara do Rio do Vento","sanitation":false,"recovery":false,"area_km2":261.194},"geometry":{"type":"Polygon","coordinates":[[[-35.930965848000014,-5.75330990799992],[-35.929783036999936,-5.75357160299999],[-35.92698159299996,-5.753499117999944],[-35.926553298999956,-5.753780126999928],[-35.92709091399994,-5.756072865],[-35.92710061999995,-5.75774024399994],[-35.92694502999995,-5.758217394999981],[-35.92513260799991,-5.760829609999938],[-35.924471623999935,-5.762398256999965],[-35.924023027999944,-5.763962971999931],[-35.92391514099999,-5.765107861999979],[-35.92449518199993,-5.7671760549999505],[-35.92596024999992,-5.770023563999921],[-35.92705874299995,-5.773803033999997],[-35.927733571000005,-5.775208700999954],[-35.92902001199995,-5.777301822999945],[-35.929698804999894,-5.778117161999901],[-35.93123200000001,-5.779433372000007],[-35.93244431499995,-5.780893310999922],[-35.93343472699992,-5.782701690999978],[-35.93441078299994,-5.78491997899993],[-35.93593194599995,-5.786161765000003],[-35.93660087299996,-5.788626801999946],[-35.938617916999966,-5.79350342299994],[-35.938545388,-5.79474946700001],[-35.9375887109999,-5.794860053999926],[-35.93651904899994,-5.7944499809999215],[-35.935670799000015,-5.79497246399999],[-35.93339300999993,-5.797624666999965],[-35.93116243999994,-5.799086066000001],[-35.92839797999991,-5.800134657999898],[-35.925522239,-5.800254040999917],[-35.925383075999946,-5.804345994999913],[-35.92566581699998,-5.807501746999982],[-35.93014343299991,-5.807789861999929],[-35.9332928539999,-5.808551274999957],[-35.93596026099989,-5.809986785999982],[-35.938531162999894,-5.812459882999974],[-35.93960404099993,-5.814006349999943],[-35.941469474,-5.814255443999947],[-35.943706337999984,-5.8136227439999075],[-35.945507682999995,-5.812059494999971],[-35.946244822999965,-5.810193974999983],[-35.94575063099993,-5.8074495659999315],[-35.946487052999935,-5.805686594999898],[-35.947762692999966,-5.8051624579999626],[-35.955485791999934,-5.804966289999896],[-35.95836109599998,-5.804640748999965],[-35.96059630799992,-5.804110365999954],[-35.96415740699996,-5.802487367999959],[-35.967792619,-5.799981080999977],[-35.97164212099992,-5.797632065999956],[-35.97562401099996,-5.794659257000006],[-35.977343646999955,-5.79775763199995],[-35.98105064099998,-5.803693648999939],[-35.98302740199994,-5.805422979999939],[-35.98548794899995,-5.806724693999996],[-35.9890103179999,-5.807740500999934],[-35.99167678099999,-5.808245723999988],[-35.99381373899996,-5.809580783999962],[-35.99526397799996,-5.8113882449999466],[-35.995693860999914,-5.8125205799999335],[-35.997198731,-5.8132139029999195],[-36.00120311199994,-5.816884070999926],[-36.003854212,-5.820635663999916],[-36.00592653599996,-5.822672621999963],[-36.00751683299991,-5.8248622479999455],[-36.00899671599997,-5.827881598000012],[-36.00930763399994,-5.829854685999933],[-36.01116212899999,-5.832305130999913],[-36.01168955799993,-5.8336553069999795],[-36.013925335999915,-5.835225718999979],[-36.023273117000016,-5.835225054999924],[-36.02695538099995,-5.8355027969999895],[-36.02908816599994,-5.836552680999901],[-36.037010343999945,-5.843498993999994],[-36.039138566,-5.844961988999984],[-36.04250182799992,-5.8461771679998975],[-36.04462902599998,-5.847122662999965],[-36.04622603799996,-5.848064081999965],[-36.04957738799996,-5.85104029799993],[-36.052452060999954,-5.8527168269999095],[-36.05671657699993,-5.854712683999935],[-36.06017870299995,-5.856547823999989],[-36.06379869999998,-5.858746678999935],[-36.06518797,-5.858754569999967],[-36.067119264000006,-5.857310789999964],[-36.06781961199996,-5.856016627999999],[-36.06517560799995,-5.8507076029999325],[-36.065449741999984,-5.849515179999948],[-36.06941356499995,-5.847250726999995],[-36.072360068999934,-5.845865299999936],[-36.073753861999975,-5.844937227999978],[-36.07493016799996,-5.844633995999935],[-36.07750436499996,-5.842672083999965],[-36.07863463699996,-5.840963837999929],[-36.079494476999955,-5.840034984999903],[-36.08205745699992,-5.8402569599999765],[-36.08397491899994,-5.841511813999972],[-36.08536278499994,-5.841313304999979],[-36.086702142,-5.840748384999955],[-36.087025433999926,-5.84022936199991],[-36.08702848199991,-5.839503043999947],[-36.0875682999999,-5.838882755999961],[-36.08980860399999,-5.8389991249999085],[-36.09072048899994,-5.838328007999976],[-36.09212341899994,-5.835740114999993],[-36.09213200499994,-5.8341822639999705],[-36.092991582999915,-5.833148899000001],[-36.096256942,-5.831867552999945],[-36.09957868599995,-5.829911442000011],[-36.10176757499996,-5.83007960299998],[-36.104534525999924,-5.832377404999939],[-36.10702314699996,-5.836388119999967],[-36.110643666999934,-5.838690381999939],[-36.111812791999945,-5.8401495249999655],[-36.111810206,-5.840669733999931],[-36.112496348000015,-5.842200516999938],[-36.115603378999964,-5.809178912999933],[-36.107639449999965,-5.78956946399996],[-36.09947544299993,-5.767470879000008],[-36.09182815099993,-5.74903029299994],[-36.08179309499999,-5.717615286999909],[-36.06253483999994,-5.655286793999942],[-36.06010827399999,-5.657781371999931],[-36.032286212999956,-5.688342682999945],[-36.02398732299996,-5.698012167999927],[-35.97063212800002,-5.714306865999994],[-35.96884627099996,-5.714592269999983],[-35.93421035499997,-5.714874913999921],[-35.9340442349999,-5.71590434499992],[-35.94113604199995,-5.725807123000024],[-35.94159914999999,-5.727791660000001],[-35.93963943200002,-5.7330119269999145],[-35.93830629099994,-5.740040524999884],[-35.938079361999904,-5.7430732239999],[-35.937401549999954,-5.744888076999963],[-35.93540225399991,-5.748171633999952],[-35.934639735999966,-5.7492020369999395],[-35.93352624199994,-5.750275291999927],[-35.93270447499998,-5.751626279999883],[-35.931919688999976,-5.752535298999959],[-35.930965848000014,-5.75330990799992]]]}},{"type":"Feature","id":"mun-2402105","properties":{"kind":"municipality","code":"2402105","name":"Campo Redondo","sanitation":false,"recovery":false,"area_km2":213.727},"geometry":{"type":"Polygon","coordinates":[[[-36.256848896999934,-6.158015173999992],[-36.233950908999915,-6.164802572999989],[-36.22619881799995,-6.164124190999907],[-36.157537999999896,-6.166043279999975],[-36.13375942199994,-6.210572781999929],[-36.15354218299995,-6.299806041999965],[-36.153763555999966,-6.299836570999915],[-36.18162037199994,-6.2979118690000035],[-36.18566533399996,-6.299525019999983],[-36.18772185199994,-6.302061883999919],[-36.18898065699991,-6.302625199999987],[-36.199890242,-6.300864607999884],[-36.20554019099995,-6.301350742999965],[-36.20715014699993,-6.302343368999935],[-36.21372926399992,-6.308266363999998],[-36.21912866,-6.308319636999968],[-36.22014874299994,-6.3062098219999285],[-36.22077862099992,-6.305809835999959],[-36.22313191899995,-6.305310522999946],[-36.224139386999994,-6.305744816000001],[-36.22931446799999,-6.3101200689999],[-36.23072687399997,-6.31030248699998],[-36.234163796999944,-6.30946108699991],[-36.23651970600001,-6.311974575999955],[-36.239759272,-6.310779585999931],[-36.240520861999954,-6.309925307999947],[-36.240676626999964,-6.308966685999948],[-36.23997941799992,-6.307319721999924],[-36.240136811999974,-6.3060053849999775],[-36.24186159099995,-6.304296428999976],[-36.243724631,-6.303671349999945],[-36.246214205999934,-6.302121894999999],[-36.25589791799994,-6.303310423999925],[-36.25881263699996,-6.305726451999902],[-36.26330022400001,-6.306405954999903],[-36.264656379999956,-6.307702267999957],[-36.26657530999992,-6.308216292999944],[-36.268943190999906,-6.30838303899997],[-36.27263441499996,-6.307172041999962],[-36.27913544199998,-6.317627088999927],[-36.27943249499996,-6.310300817999931],[-36.27987270099997,-6.308861518999947],[-36.292391095999946,-6.295254460999949],[-36.29497962599989,-6.292106845999932],[-36.295396582999935,-6.2858357699999345],[-36.293419085000004,-6.285419429999948],[-36.293772439999934,-6.2834813749999086],[-36.291883996999914,-6.282585967999985],[-36.29154529599995,-6.280967607000015],[-36.29207709899999,-6.278707972999925],[-36.29109480099989,-6.277004920999971],[-36.28903509299992,-6.275782745999919],[-36.283960134999944,-6.274707661999962],[-36.28181640999994,-6.273483678999945],[-36.281530001999954,-6.270492970999939],[-36.279147534999915,-6.264907530999913],[-36.278645591999954,-6.262156945999969],[-36.27474565099995,-6.259147463999923],[-36.271565993999936,-6.2578376119999035],[-36.26907923499997,-6.25612952299997],[-36.265619364999964,-6.251021150999989],[-36.26098294599995,-6.2484934989999275],[-36.25867280699994,-6.245813684999973],[-36.258254537999974,-6.243226749999984],[-36.25978196999996,-6.239597873000022],[-36.26203305799997,-6.23702505199995],[-36.267023263999945,-6.229296257999955],[-36.267119358999906,-6.227278479999896],[-36.26627804899993,-6.223635551000015],[-36.26423051299998,-6.22015176799998],[-36.26317041499993,-6.217237703000009],[-36.25894930599999,-6.200977803999891],[-36.257667715000004,-6.198790881999955],[-36.256848896999934,-6.158015173999992]]]}},{"type":"Feature","id":"mun-2402709","properties":{"kind":"municipality","code":"2402709","name":"Cerro Corá","sanitation":true,"recovery":true,"area_km2":393.573},"geometry":{"type":"Polygon","coordinates":[[[-36.257956243999985,-5.864840110999978],[-36.22417936599992,-5.899953397999944],[-36.25289350299995,-5.9820070349999455],[-36.28135712599995,-6.044041997999955],[-36.302216860999984,-6.115371668999941],[-36.295700304000015,-6.122166194999998],[-36.304546702000025,-6.120738868999936],[-36.3209840439999,-6.112460619999958],[-36.32892965499998,-6.106469638999954],[-36.335876350999925,-6.10207607199996],[-36.343371487999946,-6.097949814999964],[-36.411699791999936,-6.10420031699995],[-36.411774367999975,-6.102332485999945],[-36.411969696999975,-6.101577208999984],[-36.413922929999934,-6.099078329999905],[-36.41446164400001,-6.097060747999947],[-36.41476809799997,-6.094987519],[-36.41568792899996,-6.093623914999974],[-36.41814306399997,-6.091974524999927],[-36.41953417399996,-6.090733584999924],[-36.419961549999975,-6.090145376999928],[-36.426756019999935,-6.092566840999908],[-36.44416749499994,-6.041420009999996],[-36.44873003699997,-6.011490704999964],[-36.41064383099996,-6.02121724699996],[-36.394676778999916,-6.012961155999946],[-36.39242820599994,-5.989763335999996],[-36.37962759499997,-5.98659096899997],[-36.372519058999956,-5.977544399999921],[-36.37044918799994,-5.969672135999957],[-36.363085643999966,-5.968924034999965],[-36.37369040399997,-5.911535579999999],[-36.372005200999986,-5.895604380999906],[-36.338517270999944,-5.907362371999945],[-36.33864739499996,-5.906698567999996],[-36.33853837299991,-5.905887566999951],[-36.33807508899995,-5.904995850999981],[-36.33595019799999,-5.902555864999975],[-36.33464770399996,-5.901382169999941],[-36.33368028199994,-5.9002125979998965],[-36.33329689399993,-5.899336293999951],[-36.33310849499997,-5.89832682699992],[-36.33345802999994,-5.8960888969999345],[-36.333416419999956,-5.894872242999988],[-36.33425617099989,-5.891425973999951],[-36.33404626999994,-5.889799957999969],[-36.33234118499999,-5.894098528000008],[-36.32067084700001,-5.86557353099991],[-36.284752029999915,-5.859291488999894],[-36.27609110799998,-5.845546482999936],[-36.27238369799991,-5.844703378999988],[-36.26946407099993,-5.843220827999978],[-36.2659353029999,-5.837653696999965],[-36.26362004299992,-5.833219027999945],[-36.25916157699997,-5.830910670999998],[-36.256210752999976,-5.8303625579999405],[-36.25396357799994,-5.831043582999982],[-36.25319160500002,-5.832422602999948],[-36.252963016999935,-5.834121902999954],[-36.255993259999926,-5.841239983999955],[-36.25809951399994,-5.847261427999989],[-36.25917075300002,-5.851518750999993],[-36.259897162999906,-5.855403908999932],[-36.25994173499995,-5.859611300999973],[-36.25909907799995,-5.863068268999925],[-36.257956243999985,-5.864840110999978]]]}},{"type":"Feature","id":"mun-2403103","properties":{"kind":"municipality","code":"2403103","name":"Currais Novos","sanitation":true,"recovery":false,"area_km2":864.349},"geometry":{"type":"Polygon","coordinates":[[[-36.295700304000015,-6.122166194999998],[-36.256848896999934,-6.158015173999992],[-36.257667715000004,-6.198790881999955],[-36.25894930599999,-6.200977803999891],[-36.26317041499993,-6.217237703000009],[-36.26423051299998,-6.22015176799998],[-36.26627804899993,-6.223635551000015],[-36.267119358999906,-6.227278479999896],[-36.267023263999945,-6.229296257999955],[-36.26203305799997,-6.23702505199995],[-36.25978196999996,-6.239597873000022],[-36.258254537999974,-6.243226749999984],[-36.25867280699994,-6.245813684999973],[-36.26098294599995,-6.2484934989999275],[-36.265619364999964,-6.251021150999989],[-36.26907923499997,-6.25612952299997],[-36.271565993999936,-6.2578376119999035],[-36.27474565099995,-6.259147463999923],[-36.278645591999954,-6.262156945999969],[-36.279147534999915,-6.264907530999913],[-36.281530001999954,-6.270492970999939],[-36.28181640999994,-6.273483678999945],[-36.283960134999944,-6.274707661999962],[-36.28903509299992,-6.275782745999919],[-36.29109480099989,-6.277004920999971],[-36.29207709899999,-6.278707972999925],[-36.29154529599995,-6.280967607000015],[-36.291883996999914,-6.282585967999985],[-36.293772439999934,-6.2834813749999086],[-36.293419085000004,-6.285419429999948],[-36.295396582999935,-6.2858357699999345],[-36.29497962599989,-6.292106845999932],[-36.29740185999994,-6.289161303999933],[-36.30352388099995,-6.283033732999996],[-36.30488053100002,-6.2821947519999455],[-36.30759126799995,-6.281497949999931],[-36.31364000099994,-6.283356091999934],[-36.32949216799998,-6.294097190999942],[-36.354272109999926,-6.308522122999932],[-36.35757674399997,-6.309987261999922],[-36.36260481199997,-6.309978801999932],[-36.394561407999966,-6.293974775999942],[-36.415416908999916,-6.333059257999949],[-36.42848424799993,-6.359658945999996],[-36.430306046999945,-6.362255017999949],[-36.43260345799996,-6.363098080999983],[-36.444782303999915,-6.362175055999991],[-36.487062303,-6.3597985050000005],[-36.499848627999945,-6.35816492799993],[-36.50022105499994,-6.370389886999966],[-36.50363998799994,-6.380029108999935],[-36.50437751599995,-6.38645088799997],[-36.50587801899993,-6.385984265999994],[-36.50943365099996,-6.382793947999993],[-36.51197704999999,-6.382141481999923],[-36.51782838999999,-6.378212542],[-36.52729110799992,-6.376320970999899],[-36.538035336999926,-6.372611145999905],[-36.54076994399997,-6.373085348999972],[-36.54242500099995,-6.372902792999966],[-36.54364341599995,-6.3670560009999875],[-36.54583844699994,-6.363804999999942],[-36.5489263109999,-6.362910989999953],[-36.55085677999993,-6.361855028999983],[-36.550857709999924,-6.350793199999899],[-36.550016970999906,-6.347762382999953],[-36.54798402499992,-6.344374066999912],[-36.548766081999965,-6.342606370999931],[-36.55323216799992,-6.339877820999945],[-36.55352662599995,-6.3359459899999635],[-36.55325683699992,-6.334727337999944],[-36.55482419399993,-6.3308026619999325],[-36.557620037999975,-6.330235131999956],[-36.55817434799992,-6.329739177999954],[-36.55730820400002,-6.32902809099992],[-36.557641707999906,-6.328614994999931],[-36.559332206999976,-6.328264487999974],[-36.55994229799992,-6.3274364549999405],[-36.560750115999966,-6.323764857999912],[-36.56169788799996,-6.321694363999924],[-36.56191469599996,-6.317797924999944],[-36.562660249000004,-6.316029692999919],[-36.56353907699998,-6.315456719999943],[-36.56385051899999,-6.314266174999936],[-36.564403909999946,-6.314240648999956],[-36.56476572699995,-6.313660621999922],[-36.56443631199996,-6.312855202999984],[-36.56496631099994,-6.312275366999884],[-36.56684914699994,-6.312008689000024],[-36.567018774999944,-6.311206262999974],[-36.56768383899999,-6.310878973999898],[-36.56999255899997,-6.311478740999959],[-36.570908371999984,-6.311012423999927],[-36.57086063199994,-6.309747193999954],[-36.57584911799995,-6.307813501999924],[-36.584753082999924,-6.3063758609999],[-36.58581336199999,-6.3044686289999206],[-36.585637569999925,-6.303374819999924],[-36.58409721000002,-6.301177804999952],[-36.58424022399995,-6.300542260999947],[-36.58476941699995,-6.299878385999911],[-36.58945798400001,-6.2972702799999425],[-36.59249051099992,-6.296988970999934],[-36.595269354999985,-6.291609544999993],[-36.596058767999935,-6.288233273999971],[-36.60427224799997,-6.290489645999969],[-36.60682179099998,-6.289418486999985],[-36.60790421799992,-6.287066959999926],[-36.60678572399993,-6.2783214970000145],[-36.60490145999999,-6.274669751999937],[-36.59642379999994,-6.262256807999975],[-36.591645953999944,-6.2477345029999185],[-36.591879134999964,-6.245294707999932],[-36.59293318599996,-6.244636019999966],[-36.595868474999996,-6.244649262999907],[-36.59745133099996,-6.243462285999932],[-36.59856674399997,-6.241584035999956],[-36.59901948999995,-6.238506617999967],[-36.59867865899999,-6.234409317999976],[-36.59947079699998,-6.231956787999913],[-36.60190067599995,-6.23116924699994],[-36.60617809999992,-6.230767808999943],[-36.60684657999999,-6.2297187709999235],[-36.606658682999985,-6.228301883999926],[-36.605556082999975,-6.2273570560000024],[-36.600972795999915,-6.226248893999973],[-36.59918235799992,-6.216071294999956],[-36.599847925999924,-6.214625104999932],[-36.603365435999905,-6.213084352999907],[-36.60414816599992,-6.212102022999986],[-36.60781364599998,-6.203642503999923],[-36.613587343999946,-6.198088924999965],[-36.616045023999995,-6.196895993999938],[-36.61767804999993,-6.195412447999935],[-36.61886641399993,-6.192368948000002],[-36.615661499999966,-6.1746469719999695],[-36.616716525999955,-6.170771320999933],[-36.61821635199997,-6.16829197699996],[-36.625394848,-6.160398191999903],[-36.62684052199997,-6.158368574999926],[-36.62794349299993,-6.155341971999967],[-36.62732082199992,-6.151475224999956],[-36.62286974299997,-6.140851272999953],[-36.622307169999964,-6.131764597999961],[-36.61032847899996,-6.131597128999964],[-36.608509368999904,-6.127899580000005],[-36.60596640999991,-6.124465989999948],[-36.604884488,-6.124003375999948],[-36.60264825399999,-6.125681431999972],[-36.60148714099993,-6.124883315000012],[-36.59956991999992,-6.125127476999964],[-36.597789763999984,-6.127141396999974],[-36.594318971999954,-6.127755966999935],[-36.59255139599999,-6.130149058999962],[-36.59219908899997,-6.133982191999948],[-36.59264581499998,-6.137111825999995],[-36.59107089399997,-6.1397936639999315],[-36.58865744999994,-6.139574997999958],[-36.58871076899992,-6.136739490999915],[-36.586507215000026,-6.133679003999909],[-36.58350925799995,-6.131316140999985],[-36.58174219999994,-6.130744844999967],[-36.58007484199992,-6.13157095299993],[-36.57981867899995,-6.132446103999953],[-36.58036506599995,-6.136188440999973],[-36.581518371999984,-6.138487046000002],[-36.58138309399989,-6.140987756999969],[-36.58063443099994,-6.141317353999973],[-36.5783216629999,-6.14141228599992],[-36.57778199900001,-6.14103480199995],[-36.57438581599994,-6.137016120999888],[-36.575624064999985,-6.134914809999934],[-36.57247290799994,-6.132026552999967],[-36.57149137599999,-6.133291669999927],[-36.57024504599999,-6.132286797999917],[-36.56762159899991,-6.132482827999972],[-36.564107009999894,-6.131486983999906],[-36.56289368999996,-6.13289790599994],[-36.560410736999955,-6.13424247799999],[-36.55846123199994,-6.1326691539999345],[-36.556919518000015,-6.132684301999944],[-36.55407639699996,-6.13131583899996],[-36.553159439999945,-6.131353890999911],[-36.552734400999945,-6.133059083999953],[-36.55279170099989,-6.13515203599993],[-36.552198215999994,-6.136622790999944],[-36.550283083999986,-6.136613284999953],[-36.549864896999935,-6.137196116999952],[-36.549987164999926,-6.13778195299993],[-36.55135482599993,-6.138994684999908],[-36.55128566099998,-6.140517221999936],[-36.55069885099992,-6.14122192299989],[-36.54825773399992,-6.141504704999932],[-36.54798106999994,-6.143794754999959],[-36.54723320099997,-6.143749803999974],[-36.54693266999997,-6.1430624159999425],[-36.547145589999914,-6.139978222999929],[-36.545697689999926,-6.137843710999974],[-36.545156897999945,-6.137931494999954],[-36.54429005599999,-6.141027259999952],[-36.54229715299994,-6.139725857000009],[-36.53988536299996,-6.138919901999934],[-36.53889167999999,-6.137877125999985],[-36.53858510099994,-6.136561758999953],[-36.53984280899991,-6.13453155400002],[-36.537079064999936,-6.133573736999907],[-36.53575789899996,-6.131190794999917],[-36.53356720199998,-6.130531055999953],[-36.53028778099998,-6.130395156999988],[-36.528821294999965,-6.126954537999971],[-36.52746071999992,-6.125773324999933],[-36.527132415000025,-6.12372927900001],[-36.52277272499999,-6.116852345999973],[-36.52285833799997,-6.116266147999966],[-36.52360891999999,-6.116228960999912],[-36.52643710499996,-6.117447953999964],[-36.527496569999954,-6.116851385999986],[-36.52630509599996,-6.113803400999949],[-36.521041997999966,-6.11317286299991],[-36.520556342999924,-6.112208336999956],[-36.52292762799993,-6.110306202999958],[-36.5221254159999,-6.108238868999969],[-36.521336759999926,-6.107901354999932],[-36.51850163999992,-6.1088898149999125],[-36.51694099599993,-6.11031040299995],[-36.51469486299989,-6.108391077999947],[-36.515871412999985,-6.106103411999939],[-36.515838610999936,-6.104354037999968],[-36.51836166499997,-6.102262037999893],[-36.516160429999914,-6.102081308999949],[-36.515717305999935,-6.10154702599997],[-36.51620611699997,-6.100335234999896],[-36.51571183499993,-6.099871135999955],[-36.51285139899995,-6.101754645999918],[-36.510802607999985,-6.103746300999951],[-36.50993057799995,-6.103658693999897],[-36.50930650100001,-6.103238119999915],[-36.510375537,-6.101596506999982],[-36.51006245799994,-6.100930525999942],[-36.50632768199992,-6.099306671999969],[-36.50657311799998,-6.100725357999934],[-36.505777974999916,-6.101095801999939],[-36.50498800299992,-6.100716779000024],[-36.50391679499993,-6.098502961999905],[-36.50267078399995,-6.098408947999943],[-36.50230270799996,-6.098793511999965],[-36.50210187499995,-6.0994746379999185],[-36.50351029399996,-6.101064291999911],[-36.50292388499993,-6.101895991999889],[-36.50460848899996,-6.102173113999903],[-36.50535429799994,-6.102845606999949],[-36.50468562599995,-6.103677349999934],[-36.50555343099999,-6.10451272899995],[-36.50503575399996,-6.10482952399996],[-36.505090865999904,-6.10572179499998],[-36.50365201799996,-6.10606875099991],[-36.50310348399996,-6.107982379999974],[-36.50223353599992,-6.107022420999947],[-36.50328409599998,-6.104773366999936],[-36.503434629000004,-6.103921213999946],[-36.50293792099994,-6.10304376499991],[-36.50193923699991,-6.1031216799999655],[-36.498316928999955,-6.104836877999951],[-36.49496673099996,-6.10344452199994],[-36.49437870899989,-6.104107528999997],[-36.495579264999925,-6.105613766000012],[-36.49471631199994,-6.107549520999953],[-36.494134524999936,-6.1072971269999385],[-36.49352048399994,-6.105416610999953],[-36.49302053299996,-6.1051226749999685],[-36.4925614549999,-6.105578724999958],[-36.492523613999964,-6.1093531069999685],[-36.49176900599997,-6.1102659499999135],[-36.49044237099998,-6.109718033999961],[-36.49002819899991,-6.10859073299995],[-36.48928354599993,-6.108127505999988],[-36.48717780599996,-6.111865976999958],[-36.488699263999905,-6.111941011999953],[-36.48928302799989,-6.112484835000004],[-36.4904735919999,-6.111510368999937],[-36.491847787000005,-6.111475332999966],[-36.49213195199998,-6.112894283999957],[-36.491789574999984,-6.1149369649999485],[-36.49579571599998,-6.115933215999952],[-36.4943208399999,-6.1122577969999625],[-36.494469796999965,-6.111697000999925],[-36.4950529339999,-6.111450588999965],[-36.49571693599995,-6.111785094999931],[-36.49687640699996,-6.113706839999949],[-36.49791723000001,-6.113046701999956],[-36.498165654999966,-6.1135904809999175],[-36.49742566500002,-6.11590010799997],[-36.50025110899994,-6.116956437999974],[-36.503083620000005,-6.1168855459999705],[-36.50367390099999,-6.119661187999945],[-36.50508697299994,-6.120084769999906],[-36.50633857299994,-6.119797787999964],[-36.509046530999996,-6.121958986999992],[-36.50917346799993,-6.122917505999986],[-36.507259095999984,-6.126738338999935],[-36.50329865799994,-6.137426045999966],[-36.50184798999991,-6.137501775000018],[-36.4988293769999,-6.135174202999991],[-36.49455344899996,-6.135075220999973],[-36.49204333799993,-6.136602308999933],[-36.48397687399997,-6.13079120699998],[-36.482081453,-6.130760529999932],[-36.47851414899998,-6.128327006999932],[-36.47794380799995,-6.125530665999932],[-36.473483513999945,-6.123416915999918],[-36.47045289499992,-6.121098014999987],[-36.46872617299996,-6.120943845999932],[-36.467473527999964,-6.121771802999959],[-36.459902927,-6.115301180999971],[-36.45790667599994,-6.116120607000006],[-36.457158569999955,-6.1159494479999665],[-36.45595544399997,-6.114901409999938],[-36.45560695599991,-6.113920670999967],[-36.45502428500002,-6.114125509999951],[-36.448852071999944,-6.112199838999963],[-36.446641003999964,-6.113440370000021],[-36.44779629099998,-6.115319268999961],[-36.447628038999916,-6.1157799129998835],[-36.44462526599998,-6.11701554899998],[-36.43653920899991,-6.1152063229999385],[-36.43633536399992,-6.114414285999956],[-36.435937797999976,-6.115054432999983],[-36.435941081999985,-6.114285287999941],[-36.43535144099996,-6.114831273999904],[-36.43515093999998,-6.113966742999963],[-36.43431588699998,-6.114714225999904],[-36.43382050599994,-6.113587245999916],[-36.431966230999905,-6.114108417999958],[-36.428977279999955,-6.1126771249999265],[-36.42848483499998,-6.119838808999894],[-36.42911784899995,-6.122325298999925],[-36.42882167199996,-6.123281448999904],[-36.42702691399997,-6.124689393999958],[-36.42934588099999,-6.125830237999935],[-36.43135804799994,-6.129607999999962],[-36.427203053999975,-6.131363749999927],[-36.42703318999995,-6.132030843999964],[-36.42756945099991,-6.132907615999947],[-36.43320816699999,-6.13668417199996],[-36.43403078799993,-6.138770496999918],[-36.43325825099996,-6.140953737999908],[-36.432143430999915,-6.142137446999882],[-36.42906727999994,-6.141789408999948],[-36.427622583999955,-6.140778656999899],[-36.42588786299996,-6.136233400999963],[-36.42382514999999,-6.132805823999959],[-36.424208422999996,-6.130931986999904],[-36.413413990000016,-6.129555737999986],[-36.41279137899993,-6.129335721999993],[-36.41114184599996,-6.1283679459999405],[-36.408771558999945,-6.125589548999919],[-36.40713594699997,-6.123138418999972],[-36.40571427399994,-6.122516606999945],[-36.40476801299998,-6.120369707999949],[-36.401977187999904,-6.118801983999994],[-36.39942104799997,-6.1186640509999535],[-36.398882038999965,-6.118243609999979],[-36.398573780999946,-6.117494236999974],[-36.398748331,-6.115508674999909],[-36.39926320799997,-6.1147150689999705],[-36.402159765,-6.113281296999915],[-36.404751786999974,-6.11310484399997],[-36.40548285799998,-6.112359443999935],[-36.40566064099994,-6.1108388439999715],[-36.40755407399993,-6.109933589999947],[-36.407964692999975,-6.108718395999944],[-36.410860084,-6.107477114999909],[-36.411699791999936,-6.10420031699995],[-36.343371487999946,-6.097949814999964],[-36.335876350999925,-6.10207607199996],[-36.32892965499998,-6.106469638999954],[-36.3209840439999,-6.112460619999958],[-36.304546702000025,-6.120738868999936],[-36.295700304000015,-6.122166194999998]]]}},{"type":"Feature","id":"mun-2403756","properties":{"kind":"municipality","code":"2403756","name":"Fernando Pedroza","sanitation":false,"recovery":false,"area_km2":322.628},"geometry":{"type":"Polygon","coordinates":[[[-36.5233277149999,-5.69107101399991],[-36.523835989999945,-5.699627973999952],[-36.520233334999936,-5.699393780999934],[-36.51116964299998,-5.699320123999968],[-36.50099521899996,-5.698720454999915],[-36.494068795000004,-5.698201184999938],[-36.48902043000001,-5.697265304999952],[-36.48730648599995,-5.697199094999981],[-36.485504787999915,-5.697310997999999],[-36.48512865599997,-5.697584468999892],[-36.4834800589999,-5.701177525999995],[-36.48297397899995,-5.701938198999962],[-36.482470237000015,-5.7023929309999275],[-36.48126784499991,-5.702950086999934],[-36.47920396399994,-5.703675798999939],[-36.477824970999976,-5.703699643999954],[-36.47656365899998,-5.703484013999969],[-36.47072379799995,-5.701836862999926],[-36.463986324999915,-5.7013400009999415],[-36.46131447499991,-5.701290755999949],[-36.45801445399998,-5.700910329999914],[-36.446025343,-5.698674527000023],[-36.44420841399995,-5.69858013399994],[-36.435709802999945,-5.70128130799997],[-36.42502292299998,-5.705124671999911],[-36.42316895799997,-5.705547583999909],[-36.41209139499992,-5.705606110999959],[-36.40516340999992,-5.7058254209998935],[-36.40250515799998,-5.705515315999904],[-36.399127187,-5.704828184999897],[-36.39638845799997,-5.705210417999993],[-36.394899402999954,-5.705890097999919],[-36.39382304199998,-5.706169684999956],[-36.39241624699993,-5.706272848999966],[-36.39056338800001,-5.706229040999986],[-36.38623219199994,-5.7055252289999245],[-36.38482391299995,-5.705589451999998],[-36.38259803199998,-5.70611963799999],[-36.3784470429999,-5.706605570999962],[-36.37518208299994,-5.7076357619999385],[-36.374327469999926,-5.708100605999938],[-36.370809480999995,-5.709019645999952],[-36.36686176399994,-5.708270775999985],[-36.36443850199999,-5.707297019999977],[-36.36351463099993,-5.7072941530000065],[-36.36188043099999,-5.707934815999991],[-36.36109842799994,-5.708760251999898],[-36.36035317599992,-5.710052393999959],[-36.358703604999945,-5.7144409569999866],[-36.35739401499995,-5.7165553309999595],[-36.356558379999996,-5.717303978999908],[-36.354781882999916,-5.717843588999969],[-36.351415561999914,-5.718245802999938],[-36.349147685999945,-5.718129110999968],[-36.34642437099995,-5.717333886999896],[-36.344942180999965,-5.7171348749999495],[-36.340985279999956,-5.71716206299989],[-36.34005782099995,-5.71732917799995],[-36.33683529099995,-5.718781561999947],[-36.33450231999992,-5.71898077399991],[-36.332409720999976,-5.718805251999953],[-36.32971971599998,-5.720353502999984],[-36.3280945559999,-5.720989805999963],[-36.32567825399999,-5.721452530999969],[-36.32269522799991,-5.721243854999933],[-36.31974312699999,-5.720002212999958],[-36.31909549799996,-5.719917518999971],[-36.3181372079999,-5.71994546799997],[-36.31572298299998,-5.720513574999906],[-36.31469072499993,-5.720452969999954],[-36.3131714899999,-5.720026511999926],[-36.310967170999945,-5.718787903999939],[-36.31031011199994,-5.718031857],[-36.309090301,-5.7143409269999665],[-36.307923236999976,-5.71260519599997],[-36.30761230499992,-5.7115855729999865],[-36.30770848699997,-5.70965984699999],[-36.30751102599989,-5.70882147799999],[-36.306969522999935,-5.708037778999895],[-36.30622505299989,-5.707445897999946],[-36.30057491400002,-5.706782458999946],[-36.297735382,-5.706122998999916],[-36.29357238999999,-5.70632884499998],[-36.29213897899996,-5.705873922999913],[-36.290845860999994,-5.705951640999949],[-36.28955235499999,-5.7067832479999225],[-36.28715865,-5.709385624999946],[-36.286001642000016,-5.710896510999902],[-36.282985972999896,-5.7125737399999466],[-36.27956771399995,-5.714071521999884],[-36.27888027599992,-5.714160082999925],[-36.276877439999936,-5.713490584999953],[-36.276130415999944,-5.712838213999888],[-36.275224988999994,-5.711029250999964],[-36.27459417799994,-5.710215382999948],[-36.273545985999895,-5.7092907959999195],[-36.284752029999915,-5.859291488999894],[-36.356358109999945,-5.849041465000013],[-36.389219574999935,-5.79537715299999],[-36.509170678999965,-5.755942423999954],[-36.516126039,-5.760491642999952],[-36.522031041999995,-5.763890622999988],[-36.525185865999994,-5.765304293999982],[-36.550387375,-5.769374917999897],[-36.56485224899992,-5.757210020999942],[-36.56792756999991,-5.757593081999929],[-36.53846181399995,-5.702198957999954],[-36.538999999999895,-5.701779999999928],[-36.53819999999996,-5.6985099999999065],[-36.53551828299994,-5.696449141999921],[-36.534737077999964,-5.695196307999915],[-36.5324853299999,-5.690966126999939],[-36.5233277149999,-5.69107101399991]]]}},{"type":"Feature","id":"mun-2404606","properties":{"kind":"municipality","code":"2404606","name":"Ielmo Marinho","sanitation":true,"recovery":false,"area_km2":312.028},"geometry":{"type":"Polygon","coordinates":[[[-35.54735521299996,-5.709590044999985],[-35.499916098999954,-5.716999885999968],[-35.49844444699996,-5.716980602999975],[-35.497440167,-5.7167864259999845],[-35.496413038999926,-5.716410081999932],[-35.49539321399992,-5.71643903899993],[-35.494176086999936,-5.71680595999991],[-35.49301321599991,-5.7176871099999005],[-35.492221712999964,-5.718618332999945],[-35.49013542499992,-5.720430917999991],[-35.488442044999964,-5.721211466999918],[-35.48674683699994,-5.721476803999934],[-35.48451262399991,-5.71988952599996],[-35.48235588899999,-5.7176295729999325],[-35.48069963299999,-5.714905147999936],[-35.478520528999994,-5.713317087999897],[-35.47684736299993,-5.71275757899997],[-35.474196714,-5.712665161999958],[-35.473084220999965,-5.712927738999923],[-35.47176524699999,-5.7144282930000045],[-35.47126723299991,-5.715822435999982],[-35.47015753999993,-5.716651757999941],[-35.46809096899992,-5.716866967999984],[-35.46628856199991,-5.716771249999972],[-35.463580955999966,-5.716164493999948],[-35.46095637499997,-5.716021183999906],[-35.45936840999994,-5.716646588999957],[-35.458206885999935,-5.717837962999944],[-35.45636813499994,-5.721813375999979],[-35.455765745999926,-5.723517156],[-35.451974427999936,-5.729615532000004],[-35.45057446100001,-5.7309103489999345],[-35.449148005000026,-5.732051279999922],[-35.446864188999974,-5.733358382999896],[-35.47158511399992,-5.834824816999934],[-35.47889346099994,-5.832527751999947],[-35.48048306299993,-5.831663293999917],[-35.48503099599999,-5.829933240999949],[-35.48623465699993,-5.829871958999938],[-35.48674118099992,-5.830040872999973],[-35.48750120399992,-5.8296879339998995],[-35.48902781799993,-5.831212319999999],[-35.529010210999985,-5.881808561999918],[-35.57161609999994,-5.872629124999982],[-35.59145276999997,-5.868877586999908],[-35.59452587099995,-5.867485055999971],[-35.63544060799996,-5.803540954000006],[-35.65649815299993,-5.718114394999901],[-35.65627757799998,-5.7179828769999475],[-35.631816282999935,-5.71438564399994],[-35.55769446099994,-5.721130119999934],[-35.55189989799993,-5.7033471459999205],[-35.547464193999915,-5.70274564599989],[-35.54735521299996,-5.709590044999985]]]}},{"type":"Feature","id":"mun-2406403","properties":{"kind":"municipality","code":"2406403","name":"Lagoa de Velhos","sanitation":true,"recovery":false,"area_km2":111.607},"geometry":{"type":"Polygon","coordinates":[[[-35.80535318499997,-6.043324320999908],[-35.82252708399995,-6.073175776999982],[-35.92480412799991,-6.010632514999919],[-35.834772016999956,-5.947096351999953],[-35.77833750099996,-6.015874965999984],[-35.798690760999925,-6.0425773680000106],[-35.80535318499997,-6.043324320999908]]]}},{"type":"Feature","id":"mun-2406700","properties":{"kind":"municipality","code":"2406700","name":"Lajes","sanitation":true,"recovery":false,"area_km2":676.625},"geometry":{"type":"Polygon","coordinates":[[[-36.14090063199999,-5.500239492999945],[-36.171978846999956,-5.544679452999951],[-36.14369439599995,-5.566936435999956],[-36.14316495099993,-5.591525951999948],[-36.06253483999994,-5.655286793999942],[-36.08179309499999,-5.717615286999909],[-36.09182815099993,-5.74903029299994],[-36.09947544299993,-5.767470879000008],[-36.107639449999965,-5.78956946399996],[-36.115603378999964,-5.809178912999933],[-36.112496348000015,-5.842200516999938],[-36.113778103999934,-5.843668289999968],[-36.115235024999954,-5.849574707999992],[-36.1159868939999,-5.854634023000003],[-36.11713565099991,-5.857756268999964],[-36.11783936999996,-5.859051266999913],[-36.118613171999954,-5.85931296899998],[-36.12101891399996,-5.859456080000008],[-36.12721596099996,-5.85942288499993],[-36.1296927239999,-5.860072071999994],[-36.13225073399999,-5.861328646999958],[-36.136116769999944,-5.86393930699996],[-36.1374129769999,-5.863947686999943],[-36.13857817099994,-5.863241002999914],[-36.13929679399998,-5.861688833999921],[-36.139895386999946,-5.858645260999893],[-36.140547855999934,-5.857676140999999],[-36.14184336200001,-5.857099357999971],[-36.143525026999974,-5.857172034999941],[-36.14752587799998,-5.858815052999908],[-36.14985242899992,-5.859279280999949],[-36.15093819799996,-5.858734058999957],[-36.151803801,-5.857215567999994],[-36.152330854,-5.8554684409999425],[-36.15247138999999,-5.853136530999997],[-36.153386270999924,-5.851325210999967],[-36.15481407799994,-5.850099887999924],[-36.15637053299993,-5.849525717999931],[-36.15772757199995,-5.849661807000004],[-36.159083308999946,-5.850251814999972],[-36.16797966699991,-5.855935673999966],[-36.17004971499995,-5.856011429000013],[-36.17296298999994,-5.855442989999965],[-36.17808484299997,-5.8533939059999796],[-36.18002209499995,-5.853469029999886],[-36.18208684399999,-5.854645930999922],[-36.18395345499998,-5.856273451999932],[-36.185756316999935,-5.858164917999936],[-36.18815495599998,-5.862556108],[-36.19133158999991,-5.868900249000006],[-36.19299307999999,-5.872732373999909],[-36.19478244899998,-5.877208950999929],[-36.196819296999934,-5.883116583999964],[-36.21287874799998,-5.873725765999943],[-36.22417936599992,-5.899953397999944],[-36.257956243999985,-5.864840110999978],[-36.25909907799995,-5.863068268999925],[-36.25994173499995,-5.859611300999973],[-36.259897162999906,-5.855403908999932],[-36.25917075300002,-5.851518750999993],[-36.25809951399994,-5.847261427999989],[-36.255993259999926,-5.841239983999955],[-36.252963016999935,-5.834121902999954],[-36.25319160500002,-5.832422602999948],[-36.25396357799994,-5.831043582999982],[-36.256210752999976,-5.8303625579999405],[-36.25916157699997,-5.830910670999998],[-36.26362004299992,-5.833219027999945],[-36.2659353029999,-5.837653696999965],[-36.26946407099993,-5.843220827999978],[-36.27238369799991,-5.844703378999988],[-36.27609110799998,-5.845546482999936],[-36.284752029999915,-5.859291488999894],[-36.273545985999895,-5.7092907959999195],[-36.262237561999925,-5.679883569000005],[-36.196992265999945,-5.519822567999952],[-36.2003999999999,-5.5181400000000025],[-36.20009999999995,-5.516709999999897],[-36.19719999999999,-5.515419999999921],[-36.195486853999995,-5.5161348280000055],[-36.179728451999985,-5.477532629999935],[-36.22323163399994,-5.433874221999929],[-36.15994333299996,-5.434112459999923],[-36.12854685399995,-5.456816632999981],[-36.14090063199999,-5.500239492999945]]]}},{"type":"Feature","id":"mun-2406809","properties":{"kind":"municipality","code":"2406809","name":"Lajes Pintadas","sanitation":false,"recovery":false,"area_km2":130.211},"geometry":{"type":"Polygon","coordinates":[[[-36.11638054999997,-6.104431018999939],[-36.115513409999984,-6.10449241299996],[-36.11408022399997,-6.104084559999961],[-36.110458759000004,-6.10095566899998],[-36.108997085999945,-6.099373411999984],[-36.10706439199999,-6.098612383999985],[-36.09714486199992,-6.099462006999943],[-36.09580860899994,-6.0991538929999365],[-36.091633094999956,-6.099376983999925],[-36.09026446299996,-6.099301658999906],[-36.08936548199992,-6.098894379999962],[-36.08810479899997,-6.097383337999901],[-36.08753860499993,-6.096945206999976],[-36.086071411999946,-6.096686443999971],[-36.08547081999999,-6.096751090999902],[-36.085301482999924,-6.09705028399997],[-36.08512619299999,-6.098419996999965],[-36.08485700700001,-6.099021444999906],[-36.08167032999995,-6.101512104999927],[-36.080351531999995,-6.1020129249999755],[-36.07983484799996,-6.119868605999962],[-36.07666777799993,-6.168474634999974],[-36.07786108899999,-6.196145760999947],[-36.13375942199994,-6.210572781999929],[-36.157537999999896,-6.166043279999975],[-36.22619881799995,-6.164124190999907],[-36.22687772399999,-6.1636769579999395],[-36.227929397999965,-6.160403498999898],[-36.22815335499993,-6.158593108999938],[-36.22816457099997,-6.15626394199996],[-36.22705492999991,-6.154273891999971],[-36.225771192999915,-6.1527998349999535],[-36.22534759999995,-6.151417871000007],[-36.225141013,-6.1496913949999765],[-36.22540843400001,-6.148139700999927],[-36.22517378999996,-6.143351552999974],[-36.224504446,-6.141488675999938],[-36.22338052999991,-6.140467030999957],[-36.221683496999916,-6.139841653999909],[-36.21508791999998,-6.138687110999946],[-36.21277748599995,-6.137390466999953],[-36.21108963499992,-6.134833242999932],[-36.20829836299998,-6.132900677999906],[-36.20304209099993,-6.130569752999953],[-36.20016249399997,-6.1296074259999145],[-36.19746228199993,-6.129293943999912],[-36.19387572200001,-6.129575643999949],[-36.192177129999976,-6.129181671999945],[-36.19054663699998,-6.128277087999976],[-36.18886964199996,-6.126882443999953],[-36.185103902999955,-6.126246006999963],[-36.18342209999998,-6.125652319999958],[-36.18168849799998,-6.125410050999989],[-36.17376722999996,-6.121740727999963],[-36.17268710999994,-6.117828262999986],[-36.17042829500001,-6.115922494999957],[-36.168565564999895,-6.114910581999894],[-36.16650633299995,-6.113062979999967],[-36.16529054299999,-6.109281923999937],[-36.16400674799999,-6.107490007000003],[-36.162906212999886,-6.106472089999976],[-36.160207232999944,-6.1056228549999645],[-36.15927277099999,-6.105485406999961],[-36.15569803299998,-6.106378685999978],[-36.15436321999994,-6.10623891799996],[-36.15286479899994,-6.105728887999945],[-36.15129801899998,-6.104918074999915],[-36.149970415000006,-6.103773925999931],[-36.145489755,-6.098615252999956],[-36.144560100999996,-6.09794030099998],[-36.143028653999934,-6.097365425999932],[-36.14072613799994,-6.096950864999911],[-36.13705895799992,-6.0958950849999525],[-36.13492747399995,-6.0950250960000005],[-36.133035376999985,-6.093444677999976],[-36.13150670499998,-6.091729928999939],[-36.12864419600001,-6.090244886999905],[-36.12384194699995,-6.088998879999927],[-36.12214256499994,-6.088789838999951],[-36.12107119399994,-6.08885089799994],[-36.119666772999906,-6.089612480999982],[-36.11715244799997,-6.09172134899994],[-36.11637598899994,-6.093256079999918],[-36.117691574999995,-6.102889103999907],[-36.11728650699996,-6.10400152099993],[-36.11638054999997,-6.104431018999939]]]}},{"type":"Feature","id":"mun-2407104","properties":{"kind":"municipality","code":"2407104","name":"Macaíba","sanitation":true,"recovery":true,"area_km2":510.092},"geometry":{"type":"Polygon","coordinates":[[[-35.283050596999935,-5.837994973999955],[-35.282458670999986,-5.842059579000001],[-35.28269198499993,-5.845500144000013],[-35.28253271499999,-5.849579220999921],[-35.28241413199994,-5.849817166999976],[-35.286226224999965,-5.879710585999973],[-35.28989007499998,-5.909062511999927],[-35.29059303799997,-5.909102813999972],[-35.28940774099995,-5.911086683999898],[-35.28972799699998,-5.911167543999923],[-35.29089650899994,-5.911631028999992],[-35.28960770099997,-5.913549205999985],[-35.291030731999946,-5.914159068999908],[-35.29022558399994,-5.916259161999946],[-35.29141688899992,-5.9167520269999585],[-35.29059164499994,-5.918881848999966],[-35.29116044200002,-5.919113207999921],[-35.291471325999986,-5.9214909919999315],[-35.29091778899993,-5.922365665000001],[-35.291718325999994,-5.922840056999995],[-35.291135218999976,-5.923764132999985],[-35.29197277399991,-5.9242531309999436],[-35.291835369,-5.924462518999945],[-35.2960850809999,-5.958238531999932],[-35.298190279,-5.958317889999925],[-35.30191554399995,-5.95810369099997],[-35.30394861999994,-5.958316117999956],[-35.30521600299991,-5.9588458509999995],[-35.308892010999955,-5.961713873999983],[-35.310669679999954,-5.962690566999882],[-35.31210908799995,-5.963778386999913],[-35.31294773399997,-5.964577043000006],[-35.31535870399997,-5.96769833499998],[-35.317943148000026,-5.969196932999985],[-35.321440487999936,-5.970201686999893],[-35.32977341299991,-5.97422575399996],[-35.331092323999975,-5.974652433999914],[-35.332414916999895,-5.974716584999982],[-35.33372846499995,-5.974136775999966],[-35.33450111699993,-5.97359622999992],[-35.33557887099993,-5.973400673999905],[-35.33682202199994,-5.973720060999952],[-35.337882863999965,-5.973671767999953],[-35.338918852999974,-5.9733528219999386],[-35.34162340099993,-5.97302492499999],[-35.343807941999934,-5.973481219999904],[-35.34497045800002,-5.973987075999929],[-35.3485629319999,-5.976559142999932],[-35.352298912000016,-5.977796027999958],[-35.354920010999905,-5.978405673999951],[-35.35754373000001,-5.97937896900001],[-35.358784064999966,-5.980165854999925],[-35.35961399999998,-5.981084766000016],[-35.36014093499997,-5.981289128999961],[-35.36210816299993,-5.981526190999951],[-35.36293960899998,-5.981886491999916],[-35.36437022699996,-5.983303546999927],[-35.36620059299997,-5.984557315999922],[-35.370524517999975,-5.985625951999971],[-35.371555134999895,-5.98602794100001],[-35.373440027999976,-5.9873763539999345],[-35.406549705999986,-6.000514085000006],[-35.54673496899998,-6.053954783999913],[-35.54713555899999,-6.053299124999931],[-35.54850358799994,-6.05064713899997],[-35.54982304999996,-6.049311468999946],[-35.55132078299998,-6.0483299909999175],[-35.55273460399999,-6.04801430299991],[-35.55397154599992,-6.048051676999897],[-35.555338925999905,-6.047823096999899],[-35.5565754469999,-6.047021557999926],[-35.55772918699997,-6.046776598999912],[-35.537401204999966,-5.995684375999893],[-35.55561650599996,-5.948495509999901],[-35.57222669199992,-5.932308102000015],[-35.52909336699994,-5.881913545999993],[-35.48902781799993,-5.831212319999999],[-35.48750120399992,-5.8296879339998995],[-35.48674118099992,-5.830040872999973],[-35.48623465699993,-5.829871958999938],[-35.48503099599999,-5.829933240999949],[-35.48048306299993,-5.831663293999917],[-35.47889346099994,-5.832527751999947],[-35.468205332999965,-5.835886817999963],[-35.45410870499996,-5.839736078999955],[-35.431937601999955,-5.844220044999965],[-35.43195000000001,-5.845236110999927],[-35.37885555599997,-5.843249999999998],[-35.308625924999966,-5.8363153709999835],[-35.308500348999964,-5.836682222999961],[-35.307229731999904,-5.837824391999966],[-35.30450693899995,-5.83953073999993],[-35.30392520599996,-5.839610920999988],[-35.3038890889999,-5.839667340999952],[-35.30321625799992,-5.839779501999907],[-35.30108032099994,-5.8397043049998985],[-35.298545966999946,-5.838813191999975],[-35.29686942699996,-5.837436268000005],[-35.29261318699996,-5.8346470929999725],[-35.29071230899998,-5.8324358099999785],[-35.28876861899992,-5.83120862899996],[-35.285875593,-5.830212676999977],[-35.28196982199995,-5.8294725209999285],[-35.281964500999955,-5.830064744999994],[-35.281715894999905,-5.831728355999886],[-35.28163342399992,-5.8336819069999635],[-35.28070693099991,-5.836548133999969],[-35.28245707899995,-5.8367848320000135],[-35.283050596999935,-5.837994973999955]]]}},{"type":"Feature","id":"mun-2408102","properties":{"kind":"municipality","code":"2408102","name":"Natal","sanitation":true,"recovery":false,"area_km2":167.401},"geometry":{"type":"Polygon","coordinates":[[[-35.26159329099993,-5.706098895999965],[-35.2603745019999,-5.707191283999933],[-35.25994624799999,-5.706207618999898],[-35.25801135799995,-5.707941986999963],[-35.25673637799997,-5.7089957169999295],[-35.25532518499991,-5.709805910999904],[-35.25468274899996,-5.710097755999897],[-35.25342258199996,-5.709931052999956],[-35.25276103299994,-5.709906582999977],[-35.252245229999986,-5.71012560099998],[-35.25197340599996,-5.7101266889998925],[-35.25093021299998,-5.709859677999916],[-35.24989827399995,-5.710162113999978],[-35.24920171699996,-5.710562648999904],[-35.246877156000004,-5.712081586999901],[-35.24673260299995,-5.712443767999936],[-35.246732467999934,-5.7134020459999135],[-35.246443251999985,-5.7138009609999685],[-35.245846311999976,-5.714210136999981],[-35.24496928399998,-5.7150272310000005],[-35.24437207799995,-5.715777771000013],[-35.24304855099995,-5.716827290999987],[-35.24244825599993,-5.716775501999969],[-35.24195346499994,-5.716354500999948],[-35.24172737299997,-5.716068377999903],[-35.24111826299993,-5.716089036999925],[-35.240148412999886,-5.715977606999942],[-35.239693689999925,-5.715741901999891],[-35.23903927499995,-5.715139098999927],[-35.23859476599995,-5.714974441999985],[-35.23755465799995,-5.7143912579999565],[-35.237110655999984,-5.714599401999948],[-35.23622929899998,-5.715544478999988],[-35.234916725999916,-5.717089900999959],[-35.23408236399998,-5.717922777999945],[-35.23350758499994,-5.718202933999947],[-35.23316815499992,-5.718533160999911],[-35.232676216999984,-5.7200075479999555],[-35.23201706399989,-5.721104854999979],[-35.231552193999974,-5.721478772999916],[-35.23140331599991,-5.721937370999939],[-35.23127387699995,-5.722061186999966],[-35.23106416499992,-5.722038442999953],[-35.23036425999992,-5.722459853000004],[-35.23004314199991,-5.722943260999941],[-35.229672862,-5.723710942999958],[-35.229202603999994,-5.723974669999926],[-35.228563345999945,-5.7242311190000095],[-35.22796378799999,-5.724627542999947],[-35.22733425799995,-5.7252562029999154],[-35.22720961999994,-5.725454709999909],[-35.22674848899989,-5.7258958019999895],[-35.22649368599994,-5.726210107999968],[-35.22580124199994,-5.726508905999914],[-35.22579574099993,-5.727258216999914],[-35.22606510500001,-5.727250393999981],[-35.21307087199991,-5.735241228999897],[-35.21152239399996,-5.7362907519999595],[-35.21138939899996,-5.736452658999944],[-35.21064768899997,-5.737044850000004],[-35.207119596999995,-5.739536977999968],[-35.20784831899989,-5.740232737999982],[-35.20632548000002,-5.741042873999952],[-35.205470290999955,-5.742535948999944],[-35.20363212099992,-5.743243292999942],[-35.203665544999936,-5.744072284999966],[-35.2035063239999,-5.746368116999939],[-35.20353157299995,-5.747281790999956],[-35.203435806999934,-5.748325536999985],[-35.203267175999926,-5.749128991999939],[-35.20276871399998,-5.750243954999995],[-35.20203305899995,-5.751175625999991],[-35.20114801499991,-5.752091036999971],[-35.194477177999964,-5.754948871999908],[-35.19433529199995,-5.755173796999955],[-35.19433660699997,-5.755685566999929],[-35.194261050999934,-5.756369771999964],[-35.19439536699995,-5.757175387999922],[-35.194213119999965,-5.758138546999945],[-35.19421174299994,-5.758396168999944],[-35.19432859499993,-5.75964561299994],[-35.194141734999924,-5.760318741999946],[-35.19425757399991,-5.7604918859999685],[-35.19426368799998,-5.760580463999929],[-35.19415531699998,-5.760935257999975],[-35.19417541599996,-5.761389994999938],[-35.194073278999944,-5.7617339039998825],[-35.19427208199996,-5.762658536999915],[-35.19434723999996,-5.762818515999918],[-35.19419114199992,-5.763109954999962],[-35.19416068199998,-5.763618033999904],[-35.194210473999924,-5.7638469860000185],[-35.194080592999924,-5.764258147999932],[-35.194251531999946,-5.765405436000002],[-35.194212056999966,-5.765608522999926],[-35.194266551999945,-5.76577041599991],[-35.19432832699991,-5.767019600999973],[-35.19420647899995,-5.768866607999939],[-35.194097270999976,-5.769185116999914],[-35.19404773999996,-5.769635799999904],[-35.19403631899999,-5.770138990999968],[-35.19407647699994,-5.770344863999952],[-35.1939708039999,-5.770747089999922],[-35.19392584099991,-5.772099671000014],[-35.193845326,-5.772386316999928],[-35.193865557999985,-5.7728963789999455],[-35.19373356899999,-5.773270061999952],[-35.193454626999916,-5.7734540719999],[-35.19353825699991,-5.7737204649999185],[-35.19339007399999,-5.77404861199998],[-35.193397256999965,-5.77422899299998],[-35.19327863499992,-5.774626491999918],[-35.1933137739999,-5.775071395999959],[-35.19319307999994,-5.775367529999947],[-35.19322510399993,-5.775580752999915],[-35.193188699999936,-5.7761369019999265],[-35.19306546599996,-5.77670471999992],[-35.19309412800002,-5.777108522999939],[-35.19300899399999,-5.7787428579998945],[-35.19281490399992,-5.780130158999924],[-35.192594926999924,-5.78093221799994],[-35.19235757499992,-5.781587726999909],[-35.19198488299999,-5.782291863999909],[-35.19176140799997,-5.782527838999982],[-35.191456603999974,-5.782714439999964],[-35.19103263699998,-5.7827711589999495],[-35.19081518799993,-5.782706368999918],[-35.190619910999935,-5.78252470599999],[-35.190433445999965,-5.782498620999959],[-35.19019185299996,-5.782864090000004],[-35.19018986899997,-5.782960296999967],[-35.190074259999996,-5.783061233999973],[-35.19000050999993,-5.783368579999909],[-35.18942745699995,-5.783993508999927],[-35.189365498999976,-5.784111574999926],[-35.18937133399992,-5.784361420999993],[-35.189573539999955,-5.784627427999972],[-35.18966171999997,-5.784873298999976],[-35.18965077199995,-5.7852591189999245],[-35.18953547999992,-5.785921006999978],[-35.18938995799996,-5.786305365999986],[-35.18906179399998,-5.7869454879999225],[-35.18886104699989,-5.787222169999993],[-35.18825264699991,-5.787531357999995],[-35.187873741000004,-5.788665813999977],[-35.18707237699996,-5.790211669999984],[-35.18678569099995,-5.790523391999933],[-35.18658234,-5.790660825999936],[-35.18613733299995,-5.790740118999921],[-35.18575148,-5.790714134999995],[-35.18565717599992,-5.790776462999908],[-35.18498423700002,-5.792178079999886],[-35.18438545499995,-5.792742094999923],[-35.18402815199996,-5.792808545999911],[-35.18383068699997,-5.792796742999911],[-35.18361831499989,-5.7926851289999135],[-35.18343220199995,-5.792676557999918],[-35.18335839499997,-5.792747859999956],[-35.18331141599999,-5.792691631000011],[-35.18327283599999,-5.792715887999975],[-35.183267248999975,-5.792846485999945],[-35.18321088699993,-5.792883808999925],[-35.183095459999976,-5.7927288219999795],[-35.18297984199991,-5.792706752999926],[-35.18294603899996,-5.792783058999937],[-35.18284063999994,-5.792843554999969],[-35.18251020899996,-5.792921050999986],[-35.18228815699997,-5.792913524999982],[-35.18212019999993,-5.79297767499996],[-35.18205857999989,-5.793092962999907],[-35.18222054899997,-5.793172726999934],[-35.182248069999936,-5.793235006999936],[-35.18218272599995,-5.793258768999948],[-35.18218524899989,-5.793300674999955],[-35.18225845599991,-5.793308447999976],[-35.18219461099996,-5.793366942999931],[-35.18226853099994,-5.7934300329999076],[-35.18222795899996,-5.794189505999952],[-35.18205844199997,-5.79494255399991],[-35.18174634499999,-5.795709228999932],[-35.18156837500001,-5.796358513000008],[-35.18172565199997,-5.796702380999946],[-35.18171781999994,-5.796958263999983],[-35.18157271099992,-5.797120873999937],[-35.181484828999935,-5.79730852499992],[-35.180945917999935,-5.797952618999922],[-35.180674944999986,-5.798168256999908],[-35.18039371199998,-5.798319736999922],[-35.18031235999992,-5.798319642999914],[-35.18016670899994,-5.798470879999989],[-35.179918138999895,-5.79847648799992],[-35.17979841399993,-5.798562376999925],[-35.179749892999915,-5.798686325999967],[-35.17959288899989,-5.798680936999965],[-35.17942634099997,-5.79874468299991],[-35.17929635799996,-5.798852668999963],[-35.17924237199993,-5.798971426000016],[-35.179258844999964,-5.799063171999968],[-35.179601628999905,-5.799321637999952],[-35.179739077,-5.799650846999924],[-35.179945366999924,-5.802023102000007],[-35.18017143799998,-5.803039001999949],[-35.1803261859999,-5.805051375999923],[-35.18031484899994,-5.805595760999935],[-35.18063996299993,-5.808373256999971],[-35.18091203199997,-5.812539403999978],[-35.18109474899999,-5.8142202719999645],[-35.18097381099993,-5.815194493000014],[-35.18110931499995,-5.815696239999966],[-35.18134042299998,-5.816198514999954],[-35.181342818,-5.816561228999944],[-35.18117661499993,-5.817350963999921],[-35.181384369999975,-5.821304481999917],[-35.18143349499995,-5.825657757999956],[-35.181287769999976,-5.82880628799996],[-35.18110192999996,-5.830511471000008],[-35.18127711699998,-5.832631757999934],[-35.18133018699993,-5.833953334999947],[-35.181302177999925,-5.836511985000001],[-35.181097748999974,-5.838145559999894],[-35.180996608999955,-5.838635124999897],[-35.18070965299992,-5.839533243999959],[-35.18061051099998,-5.840452793999923],[-35.180950089999925,-5.843110722999931],[-35.18096987399996,-5.843792553999947],[-35.18087374399991,-5.845975169999967],[-35.18087398599993,-5.848591877999937],[-35.18076011499993,-5.8515995470000135],[-35.18036239899997,-5.856982230999961],[-35.17982990999997,-5.8615308289999035],[-35.17928951999993,-5.864479588999899],[-35.17881238099997,-5.86636419099996],[-35.17808203099994,-5.868693014999998],[-35.17697363799989,-5.871600581999964],[-35.17590183099994,-5.8738970109999045],[-35.17453245499997,-5.876243962999936],[-35.173080265999985,-5.8782906169999904],[-35.1712844579999,-5.880289681999926],[-35.16908848799993,-5.881944579999981],[-35.1679964479999,-5.88264135699999],[-35.16724877499994,-5.882986297999935],[-35.166705302999915,-5.883126838999928],[-35.165835032999944,-5.8832655739999495],[-35.165322052999954,-5.88322698099995],[-35.16499594699997,-5.883146211999929],[-35.164575179999886,-5.882867593999968],[-35.16449440999995,-5.882566265999998],[-35.16456010599997,-5.882379997999948],[-35.16433253799997,-5.88237978599993],[-35.16429221700001,-5.882297907999906],[-35.16416672699993,-5.882275893999953],[-35.16402552199997,-5.8820608409999195],[-35.16406650399998,-5.881920992999895],[-35.163967378999956,-5.88169119099998],[-35.16378910699995,-5.881578977999929],[-35.163161656999904,-5.880994859999916],[-35.16295902499992,-5.880695661999944],[-35.162540788999955,-5.880603111000013],[-35.16188434399991,-5.880113028999965],[-35.161771695000006,-5.879911454999984],[-35.1617425539999,-5.879676614999916],[-35.16149902099991,-5.8795457469999235],[-35.16136519799994,-5.879547689999995],[-35.161171602,-5.879682607999968],[-35.16067586400002,-5.879653390999948],[-35.160136238999954,-5.879706483999897],[-35.15916138499994,-5.880062481999957],[-35.158358099999916,-5.880992428999981],[-35.15808337299992,-5.881204415999939],[-35.157614322000015,-5.881503446999901],[-35.15688169899997,-5.8818003589999535],[-35.15679521999992,-5.881912758999924],[-35.15663071799999,-5.882435079999979],[-35.15651329399995,-5.882645838000009],[-35.15631983799993,-5.8829017399999515],[-35.15579747199997,-5.883354807999957],[-35.15513898899993,-5.883441560999941],[-35.15487636599996,-5.883385744999941],[-35.154749038999995,-5.883283596999931],[-35.15472981899991,-5.883203006999921],[-35.15484942499995,-5.883021078999967],[-35.15485896799994,-5.882888688999941],[-35.154660760999974,-5.88267570299999],[-35.154415916999966,-5.882690441999969],[-35.15432202299992,-5.882779392999957],[-35.153926766999994,-5.882951944999931],[-35.15381738699991,-5.883122071999978],[-35.153762624,-5.8835458529999585],[-35.15379767899997,-5.883663450000007],[-35.153635131999934,-5.884451456999926],[-35.15351180199994,-5.884750202999953],[-35.153383784000006,-5.8854384579999675],[-35.15329407999996,-5.8856727109998985],[-35.15298603199996,-5.886120976999948],[-35.15293596099999,-5.886275650999956],[-35.153065651999974,-5.886745897999965],[-35.153017256999966,-5.886944070999931],[-35.15300094799995,-5.887838548999952],[-35.15313056900002,-5.888421710999978],[-35.15316398599994,-5.889805720000005],[-35.153704266999966,-5.894461684999946],[-35.154096886999945,-5.897053427999893],[-35.15410656699995,-5.897834144999919],[-35.17619527099997,-5.8998176549999],[-35.193627076999974,-5.887194233999935],[-35.200754688999965,-5.881558075999976],[-35.204520821,-5.878787492999976],[-35.205072890999936,-5.878285678999937],[-35.20640929399993,-5.877315927999987],[-35.2091740449999,-5.875184886999968],[-35.20948675099992,-5.875760682999918],[-35.21235758799996,-5.874278304999919],[-35.21134064699993,-5.872288572999956],[-35.211681786999996,-5.8721686889999845],[-35.21215329099993,-5.87218457499997],[-35.21311115399996,-5.871612612999982],[-35.215111506,-5.870646150999953],[-35.214961833999965,-5.870335292999904],[-35.2162278069999,-5.869537340999962],[-35.21654246899992,-5.869432453999899],[-35.21793539299997,-5.8685737119999],[-35.219527827999926,-5.872068467999952],[-35.22067677899995,-5.873565437000003],[-35.221524005999974,-5.874777596999934],[-35.223998787999925,-5.878102376999955],[-35.22506284699995,-5.881092783999939],[-35.226028408999994,-5.880318889999941],[-35.227927032999965,-5.877681093000007],[-35.22909120500001,-5.876706365000004],[-35.23108454999992,-5.876471084999899],[-35.231824006,-5.8760669129999386],[-35.23591431199994,-5.872737722999908],[-35.236790984,-5.871504936999955],[-35.237666544999975,-5.869414644999935],[-35.23954044799994,-5.867980745999951],[-35.24286324799989,-5.864911001999893],[-35.243403529999924,-5.86462322199997],[-35.24459937200001,-5.864505164999976],[-35.245992992999945,-5.864126827999932],[-35.24642049599997,-5.863867103999937],[-35.24741633699994,-5.863777657999911],[-35.24824523199996,-5.8639751589999065],[-35.249301628999966,-5.864655440999975],[-35.250784973999956,-5.865308221999982],[-35.252012205999975,-5.865644334999992],[-35.25403499799992,-5.865809334999966],[-35.25430027799993,-5.8655787779999],[-35.254386530999966,-5.865375566999958],[-35.25567991099995,-5.864638156999966],[-35.25604603999996,-5.864061313999933],[-35.25795582599997,-5.8627351959999885],[-35.26124553599993,-5.8594903190000025],[-35.26220101599994,-5.858626258999919],[-35.26445723299993,-5.8568422379999205],[-35.26488149799995,-5.856684853999958],[-35.26530418100002,-5.856374516999949],[-35.26805924799989,-5.85586013899993],[-35.27106045299996,-5.855753510999904],[-35.27230629699993,-5.8555216619999015],[-35.272921374999925,-5.855259848999914],[-35.278351095999945,-5.8542040469999534],[-35.27881207299998,-5.853902789999985],[-35.27942264299996,-5.8530955939999885],[-35.27959180199993,-5.852684174999965],[-35.279915957999926,-5.85234506599997],[-35.280240729999974,-5.852056662999914],[-35.280871911999974,-5.851703678999925],[-35.28139178,-5.851264533999917],[-35.28163748499999,-5.850972627999923],[-35.281999418999916,-5.850649208999897],[-35.28253271499999,-5.849579220999921],[-35.28269198499993,-5.845500144000013],[-35.282458670999986,-5.842059579000001],[-35.283050596999935,-5.837994973999955],[-35.28245707899995,-5.8367848320000135],[-35.28070693099991,-5.836548133999969],[-35.28163342399992,-5.8336819069999635],[-35.281715894999905,-5.831728355999886],[-35.281964500999955,-5.830064744999994],[-35.28197911300001,-5.82843853],[-35.28183093199992,-5.8254230139999805],[-35.28151541099992,-5.822044742999971],[-35.28080097799997,-5.820693171999963],[-35.279664329999974,-5.818915568999969],[-35.27837613599997,-5.818299005999933],[-35.276050260999995,-5.817717964999908],[-35.274451759999984,-5.81699254399993],[-35.272467088,-5.814870891999888],[-35.27075559099996,-5.813480510999952],[-35.26689010799996,-5.811566756999973],[-35.26516510799997,-5.811143708999964],[-35.2638621949999,-5.810757956999929],[-35.26178616299999,-5.8100598259999],[-35.26145792999992,-5.810091904999979],[-35.26123834499996,-5.810028743999993],[-35.25846395099991,-5.808375097999949],[-35.25554393199998,-5.805028549999989],[-35.253934042000004,-5.802151066999933],[-35.25308561999997,-5.799434147999932],[-35.25228219199993,-5.798196680999951],[-35.25168147999997,-5.794420572999975],[-35.25178418899994,-5.791179514999953],[-35.25110447699992,-5.787960546999976],[-35.249714779999955,-5.7857342129999765],[-35.248105635999956,-5.783929981],[-35.247561415999954,-5.782245204999953],[-35.247908958000025,-5.78138389899992],[-35.24902614699991,-5.778227234999953],[-35.24935174499994,-5.777770474999997],[-35.24989299899996,-5.77729167399999],[-35.251351336000006,-5.776628925999958],[-35.25473669999998,-5.775436969999923],[-35.26693700099994,-5.77082049499996],[-35.27089107499998,-5.769385380999964],[-35.27976466399993,-5.765983591999962],[-35.28466558299989,-5.764162223999989],[-35.28657428199999,-5.763499900999896],[-35.28708938899997,-5.762633357999967],[-35.28726877199998,-5.762070044999987],[-35.288341521999925,-5.757826804999993],[-35.29017236199998,-5.742860389999969],[-35.29037833799997,-5.740515679999945],[-35.291341791000015,-5.7324976299999975],[-35.291066610999984,-5.7309457080000215],[-35.290174946000015,-5.729790626999929],[-35.28895028599994,-5.728727414999973],[-35.285946516,-5.7265409709999915],[-35.279753649999996,-5.723630148999931],[-35.27844369799997,-5.723124034999977],[-35.27706180699994,-5.7222158569999735],[-35.27650025799993,-5.721654314999967],[-35.275187746999954,-5.71958569799996],[-35.273273464999924,-5.715565198000014],[-35.27235793699994,-5.714066502000001],[-35.271029477999974,-5.712330673999908],[-35.268978118999975,-5.709876536999978],[-35.26793671099996,-5.70850849499994],[-35.267082264999964,-5.707183452999992],[-35.26635464599998,-5.705838693000018],[-35.2655357269999,-5.704048909999898],[-35.26159329099993,-5.706098895999965]]]}},{"type":"Feature","id":"mun-2409332","properties":{"kind":"municipality","code":"2409332","name":"Santa Maria","sanitation":true,"recovery":false,"area_km2":219.57},"geometry":{"type":"Polygon","coordinates":[[[-35.65649815299993,-5.718114394999901],[-35.638769823,-5.790049805000002],[-35.639251374999965,-5.789317549999993],[-35.64006278599995,-5.789041297999958],[-35.64092388299997,-5.789739178999973],[-35.641611324999914,-5.790849161999972],[-35.64224377999993,-5.790846268999914],[-35.64427508199996,-5.792588992999953],[-35.64510416399999,-5.793055236999983],[-35.645917983999915,-5.79286943599989],[-35.64672631699992,-5.791413872999982],[-35.64736114399995,-5.791502287999926],[-35.64921891899992,-5.7923548499999455],[-35.65204969800001,-5.792176938999965],[-35.65274975299994,-5.792611669999964],[-35.65596641899999,-5.793457905999993],[-35.65850571899995,-5.794624162999945],[-35.662362688999956,-5.796829573999993],[-35.663086440999976,-5.7968251879999855],[-35.66380295399993,-5.795007695999971],[-35.66470410399997,-5.7946411939999365],[-35.66597088299998,-5.794633719999936],[-35.667916718999955,-5.794309704999954],[-35.68309615699993,-5.8661251569999],[-35.6827855459999,-5.867350906999974],[-35.683247341999916,-5.868980386999972],[-35.68451464599997,-5.869337554999952],[-35.68677647099997,-5.8693270969999745],[-35.6884522999999,-5.869546327999991],[-35.689540356999956,-5.869994341999934],[-35.69054113399998,-5.870806407999979],[-35.691626071999956,-5.870891866999948],[-35.69252800099997,-5.87016231499998],[-35.69401076899991,-5.868204154999965],[-35.69645381299999,-5.867829924999995],[-35.69735803299993,-5.867915760999907],[-35.69798775199999,-5.867005493999997],[-35.698495580999996,-5.865181357999965],[-35.69906911999993,-5.865079523999981],[-35.700219790999924,-5.865573376999983],[-35.70056935999998,-5.865522260999931],[-35.70089210499995,-5.865194788999922],[-35.701223351999914,-5.863917891999968],[-35.70149823199992,-5.86380417899997],[-35.70266092099993,-5.86442410599993],[-35.703391400999976,-5.864437355999961],[-35.70382769699993,-5.864171955999936],[-35.70398789699995,-5.863519981999993],[-35.703596749000006,-5.862633026999973],[-35.703513402999945,-5.861808166999936],[-35.703866382999934,-5.8614678459999325],[-35.70823435699994,-5.8619626709999295],[-35.708852852999954,-5.8612767049999235],[-35.70968888299994,-5.860891969999976],[-35.710843468999904,-5.861081974999891],[-35.71188534199995,-5.86166800499997],[-35.712676494999954,-5.862482177999922],[-35.71354722599997,-5.862703837999966],[-35.71437588399996,-5.862430801999935],[-35.715101382999954,-5.861357209999923],[-35.71622120799997,-5.860647173999972],[-35.717767260999906,-5.86066850399996],[-35.71883660899992,-5.861028929999939],[-35.719712471,-5.862011080999935],[-35.72015458599999,-5.863290616999933],[-35.7203294999999,-5.864670351999962],[-35.72140998999995,-5.868697694999945],[-35.72231781100001,-5.869052282999974],[-35.72433584,-5.868071371999989],[-35.725600697999944,-5.867938471999921],[-35.72741384799995,-5.868185143999902],[-35.728342179999935,-5.86860150899998],[-35.729878461999945,-5.868403840999967],[-35.732504822999914,-5.869346617999987],[-35.73350867399993,-5.869398488999927],[-35.73532019299998,-5.86896909999993],[-35.736226694000024,-5.869067885999932],[-35.73876912199997,-5.871591768999949],[-35.73996046699996,-5.8720860889999],[-35.74212258999997,-5.8722730049999114],[-35.743904959999924,-5.871448261999973],[-35.74506754299993,-5.8711597169999905],[-35.749089656999914,-5.870899722999972],[-35.750648064999986,-5.870688905999941],[-35.75123531699999,-5.869883810999937],[-35.75172779399997,-5.867597890999981],[-35.752190950999925,-5.866962898999937],[-35.75599557999995,-5.865403270999941],[-35.75691985099995,-5.864596529999986],[-35.757969494999934,-5.863957307999939],[-35.76047544599989,-5.863375295999923],[-35.76320805799995,-5.861881296999947],[-35.76434907699994,-5.862637562999993],[-35.76517670099994,-5.863794094999939],[-35.76585299999994,-5.864129435999885],[-35.76707574799995,-5.864039012999953],[-35.76799977199993,-5.863696437999941],[-35.77379019699995,-5.862970657999931],[-35.77488199099996,-5.861908870000008],[-35.77614248499998,-5.861015948999935],[-35.77940420399994,-5.8601763679999195],[-35.78121657599997,-5.860419398999959],[-35.781930745,-5.859867840999883],[-35.78306761399991,-5.859481826000007],[-35.78624571599997,-5.858979809999951],[-35.78846209099994,-5.857977682999902],[-35.790660442999936,-5.856676921000009],[-35.79315874799997,-5.854700571000002],[-35.79475161799996,-5.8532138959999145],[-35.79681805499996,-5.853288952],[-35.77957861999998,-5.815181412999912],[-35.777099942999975,-5.71638597299998],[-35.65627757799998,-5.7179828769999475],[-35.65649815299993,-5.718114394999901]]]}},{"type":"Feature","id":"mun-2410108","properties":{"kind":"municipality","code":"2410108","name":"Poço Branco","sanitation":false,"recovery":false,"area_km2":230.401},"geometry":{"type":"Polygon","coordinates":[[[-35.73165761899998,-5.45901839199999],[-35.729777425999934,-5.459497820999957],[-35.72762998899998,-5.459602704999931],[-35.72677102699996,-5.459874891999981],[-35.725441258999986,-5.460622496999932],[-35.72453599999996,-5.46072974199992],[-35.722519917999946,-5.460531881999984],[-35.72017845200001,-5.460720648999967],[-35.71872890899989,-5.4610549139999165],[-35.715044646999964,-5.4627803149999465],[-35.71314111399994,-5.463023898999936],[-35.712228324,-5.46285280299999],[-35.711235044999974,-5.462369434999964],[-35.71051623399992,-5.461741636999889],[-35.7095843029999,-5.461288464999967],[-35.70854519399999,-5.461143846999988],[-35.70411541899993,-5.46156644099996],[-35.70328622899998,-5.4618962369999835],[-35.702575525999976,-5.461960000000019],[-35.70156719799994,-5.461755140999941],[-35.699320069999914,-5.462418299000014],[-35.697524184,-5.462769968999979],[-35.691389795999946,-5.463511411999953],[-35.68749299199993,-5.463692732999945],[-35.68503030999992,-5.463226992999957],[-35.68348975199999,-5.463353579999946],[-35.68126962499997,-5.464018236999962],[-35.67899276299997,-5.465424953000003],[-35.67791373499995,-5.465861023999935],[-35.67714465099991,-5.466517845999924],[-35.675638679,-5.467037043999895],[-35.67439302799997,-5.467661063999927],[-35.67363375599994,-5.468608229999958],[-35.672631964999916,-5.469515627999982],[-35.67012380299996,-5.470638292999972],[-35.668941028999974,-5.471386317999958],[-35.66628258199992,-5.473925638000004],[-35.66533679899992,-5.474314705999959],[-35.66249182699998,-5.474921320999968],[-35.661472078999985,-5.475537168999942],[-35.65869633499991,-5.477927425000004],[-35.65751207699998,-5.478319824999964],[-35.655698792999964,-5.478475264999943],[-35.654348855,-5.478481533999933],[-35.649906444999964,-5.477981077999999],[-35.64821764999994,-5.478196926999921],[-35.64608513499998,-5.4787122459999225],[-35.645257585999985,-5.479072823000003],[-35.64422200900001,-5.479731135999941],[-35.64327638099993,-5.480657142999995],[-35.64222705499997,-5.481092992000001],[-35.639923784,-5.483182509999956],[-35.638474495999986,-5.483903566999935],[-35.637406568999914,-5.485498086999968],[-35.63447294400001,-5.487361655999976],[-35.631274338999944,-5.490321543999919],[-35.629862728999946,-5.491162358999944],[-35.62673617499998,-5.491730953999912],[-35.62564139799999,-5.492260009999903],[-35.66818121799999,-5.496349363999947],[-35.658544582999966,-5.58645518099997],[-35.64551341799992,-5.61185653399999],[-35.64147121599996,-5.629390732999937],[-35.631816282999935,-5.71438564399994],[-35.632136294999945,-5.7144323879999845],[-35.697218226,-5.665588274999905],[-35.70794219499992,-5.637679186999961],[-35.70945254899993,-5.636272742999942],[-35.71090426799996,-5.635198582999976],[-35.71233056499993,-5.63463076999998],[-35.71498703099999,-5.63408592499993],[-35.72331004199995,-5.632853563999923],[-35.72643718599996,-5.631352255999964],[-35.72817412599997,-5.631342960999994],[-35.72928008699991,-5.631632565999972],[-35.73447149799993,-5.6339393539999705],[-35.73719813199993,-5.635890197000002],[-35.73778519400001,-5.636140222999906],[-35.73874944499995,-5.6359804269999145],[-35.742524219999986,-5.634671380999961],[-35.745623607999924,-5.633021769999985],[-35.74623583299996,-5.632212469999992],[-35.74749631399989,-5.629308367999961],[-35.747769204999905,-5.627539083999942],[-35.74767886599998,-5.626363504999929],[-35.74656113399996,-5.623160331999927],[-35.74681190999993,-5.619692214999944],[-35.74506024099994,-5.458278923999913],[-35.74192959799999,-5.459194143999966],[-35.74023722399994,-5.459470680999928],[-35.73895065599989,-5.459299998999931],[-35.73810592499999,-5.458973328999903],[-35.73575505999999,-5.457616323999979],[-35.73507605599994,-5.457590657999987],[-35.73372805599996,-5.457998548999981],[-35.73165761899998,-5.45901839199999]]]}},{"type":"Feature","id":"mun-2410306","properties":{"kind":"municipality","code":"2410306","name":"Serra Caiada","sanitation":true,"recovery":false,"area_km2":217.539},"geometry":{"type":"Polygon","coordinates":[[[-35.74591977800001,-6.062182792999998],[-35.721665785999974,-6.074410286999985],[-35.70082214999994,-6.071726210999948],[-35.68638153299998,-6.073102025000004],[-35.60459399999997,-6.091961612999924],[-35.59715548799993,-6.094003753999964],[-35.59292840499994,-6.095506209999932],[-35.64158607599996,-6.136016210999934],[-35.64250678699993,-6.144154464999971],[-35.64329580399993,-6.154000679999925],[-35.65380281299994,-6.1771940569999515],[-35.68218598299994,-6.168172609999942],[-35.720211420999895,-6.176430195999991],[-35.73225022999999,-6.142491386999943],[-35.808246434,-6.139658324000017],[-35.82075659000001,-6.129361958999944],[-35.82580036799989,-6.078865358000002],[-35.80535318499997,-6.043324320999908],[-35.78166650999998,-6.0406687069999165],[-35.74591977800001,-6.062182792999998]]]}},{"type":"Feature","id":"mun-2410900","properties":{"kind":"municipality","code":"2410900","name":"Riachuelo","sanitation":true,"recovery":false,"area_km2":262.887},"geometry":{"type":"Polygon","coordinates":[[[-35.777099942999975,-5.71638597299998],[-35.77957861999998,-5.815181412999912],[-35.79681805499996,-5.853288952],[-35.832728622999994,-5.908802595999916],[-35.8365210329999,-5.911185010999951],[-35.84220287399999,-5.914101977999984],[-35.84375937799999,-5.914595072999923],[-35.849818075,-5.915366261999964],[-35.851097349999975,-5.913333735000009],[-35.925522239,-5.800254040999917],[-35.92839797999991,-5.800134657999898],[-35.93116243999994,-5.799086066000001],[-35.93339300999993,-5.797624666999965],[-35.935670799000015,-5.79497246399999],[-35.93651904899994,-5.7944499809999215],[-35.9375887109999,-5.794860053999926],[-35.938545388,-5.79474946700001],[-35.938617916999966,-5.79350342299994],[-35.93660087299996,-5.788626801999946],[-35.93593194599995,-5.786161765000003],[-35.93441078299994,-5.78491997899993],[-35.93343472699992,-5.782701690999978],[-35.93244431499995,-5.780893310999922],[-35.93123200000001,-5.779433372000007],[-35.929698804999894,-5.778117161999901],[-35.92902001199995,-5.777301822999945],[-35.927733571000005,-5.775208700999954],[-35.92705874299995,-5.773803033999997],[-35.92596024999992,-5.770023563999921],[-35.92449518199993,-5.7671760549999505],[-35.92391514099999,-5.765107861999979],[-35.924023027999944,-5.763962971999931],[-35.924471623999935,-5.762398256999965],[-35.92513260799991,-5.760829609999938],[-35.92694502999995,-5.758217394999981],[-35.92710061999995,-5.75774024399994],[-35.92709091399994,-5.756072865],[-35.926553298999956,-5.753780126999928],[-35.92698159299996,-5.753499117999944],[-35.929783036999936,-5.75357160299999],[-35.930965848000014,-5.75330990799992],[-35.931919688999976,-5.752535298999959],[-35.93270447499998,-5.751626279999883],[-35.93352624199994,-5.750275291999927],[-35.934639735999966,-5.7492020369999395],[-35.93540225399991,-5.748171633999952],[-35.937401549999954,-5.744888076999963],[-35.938079361999904,-5.7430732239999],[-35.93830629099994,-5.740040524999884],[-35.93963943200002,-5.7330119269999145],[-35.777099942999975,-5.71638597299998]]]}},{"type":"Feature","id":"mun-2411106","properties":{"kind":"municipality","code":"2411106","name":"Ruy Barbosa","sanitation":true,"recovery":false,"area_km2":125.809},"geometry":{"type":"Polygon","coordinates":[[[-35.943706337999984,-5.8136227439999075],[-35.941469474,-5.814255443999947],[-35.93960404099993,-5.814006349999943],[-35.938531162999894,-5.812459882999974],[-35.93596026099989,-5.809986785999982],[-35.9332928539999,-5.808551274999957],[-35.93014343299991,-5.807789861999929],[-35.92566581699998,-5.807501746999982],[-35.925383075999946,-5.804345994999913],[-35.925522239,-5.800254040999917],[-35.851097349999975,-5.913333735000009],[-35.853569940999925,-5.912436117999995],[-35.85706088800002,-5.911590832999956],[-35.859009591999964,-5.911438610999973],[-35.85990829299989,-5.911502759999948],[-35.86058966499996,-5.911741972999934],[-35.86152100299992,-5.911614969999995],[-35.868594485999964,-5.906365315999956],[-35.871130557999926,-5.902472165999981],[-35.87232855599993,-5.90118393299997],[-35.872622889999946,-5.90105327899991],[-35.87296340999996,-5.901194154999928],[-35.873576794,-5.9018707339999565],[-35.87371401999999,-5.903945870999969],[-35.87401224499997,-5.904509260999951],[-35.87456557699992,-5.904902182999955],[-35.87531363899991,-5.90503916699992],[-35.87591985299998,-5.9048261649999745],[-35.876865848,-5.904961536999984],[-35.87767300299999,-5.9054106039999255],[-35.878235526999994,-5.906014099999943],[-35.87929146399997,-5.906507955999949],[-35.882348737999976,-5.906545999999899],[-35.88327190699997,-5.906796150999988],[-35.88536091899989,-5.909002680999947],[-35.886992707999994,-5.909273124999942],[-35.88980005999993,-5.908197643999955],[-35.89174038899998,-5.907002129999981],[-35.89300305099991,-5.906856010999967],[-35.893032678999965,-5.905892492000007],[-35.89261293399996,-5.905207206999968],[-35.89096147199992,-5.903961425000013],[-35.890491075999904,-5.9032237299999935],[-35.890550641999944,-5.9024447289999316],[-35.8911029449999,-5.901899057999991],[-35.89166918499995,-5.901745965999936],[-35.89223752799999,-5.9018265049999385],[-35.89352834399994,-5.902887851999914],[-35.89474610199998,-5.90308333699992],[-35.89562706799995,-5.902328923999939],[-35.89684272299999,-5.901886538999932],[-35.89670521799999,-5.90121775799993],[-35.895715522999986,-5.900202806999971],[-35.895563644999946,-5.899585298999952],[-35.895775492999974,-5.898898908],[-35.896307773999965,-5.898545650999907],[-35.896991245999935,-5.898641810999955],[-35.89729494999993,-5.898908063999961],[-35.89805450699998,-5.900373549999891],[-35.89917444400001,-5.900603045999958],[-35.90188276299992,-5.899135524999949],[-35.90213204599994,-5.898733837999934],[-35.90165889599996,-5.896863484999898],[-35.90177007800001,-5.896376499999931],[-35.902535225999905,-5.896138168999926],[-35.90462343300002,-5.896512249999972],[-35.90612927099991,-5.897089817999884],[-35.9067312889999,-5.897486845999964],[-35.90693244499993,-5.897820608999957],[-35.906222224999965,-5.898927749999899],[-35.90603994099998,-5.899514251999932],[-35.90617552600001,-5.900133008999973],[-35.90651370200001,-5.900664954999932],[-35.90709899499995,-5.901129569000005],[-35.91257899499995,-5.90280257899996],[-35.91309628399994,-5.902734993999964],[-35.913294784999934,-5.902500653999937],[-35.913325850000014,-5.902031845999964],[-35.91223109799994,-5.89999818799992],[-35.91115434999993,-5.89683250199991],[-35.910946972000005,-5.895604695999928],[-35.91112785499996,-5.894816433999992],[-35.91186390099993,-5.8944754619999316],[-35.912833969,-5.894431343999926],[-35.91415793399994,-5.894044766],[-35.91541017499999,-5.893398230999978],[-35.91623075299994,-5.89325810899993],[-35.916751709999964,-5.893458682999913],[-35.917039855000006,-5.893893411999912],[-35.91696193099995,-5.895385673999925],[-35.91661589300001,-5.8964653720000015],[-35.91698659299995,-5.896781981999908],[-35.922294746999945,-5.898865889999932],[-35.921670762999916,-5.899718925999906],[-35.92045850299998,-5.90248979099993],[-35.92007831099996,-5.904992459999967],[-35.91924362199991,-5.908572316999958],[-35.96667597999989,-5.901299239999922],[-35.98351183799996,-5.877873709999953],[-36.013925335999915,-5.835225718999979],[-36.01168955799993,-5.8336553069999795],[-36.01116212899999,-5.832305130999913],[-36.00930763399994,-5.829854685999933],[-36.00899671599997,-5.827881598000012],[-36.00751683299991,-5.8248622479999455],[-36.00592653599996,-5.822672621999963],[-36.003854212,-5.820635663999916],[-36.00120311199994,-5.816884070999926],[-35.997198731,-5.8132139029999195],[-35.995693860999914,-5.8125205799999335],[-35.99526397799996,-5.8113882449999466],[-35.99381373899996,-5.809580783999962],[-35.99167678099999,-5.808245723999988],[-35.9890103179999,-5.807740500999934],[-35.98548794899995,-5.806724693999996],[-35.98302740199994,-5.805422979999939],[-35.98105064099998,-5.803693648999939],[-35.977343646999955,-5.79775763199995],[-35.97562401099996,-5.794659257000006],[-35.97164212099992,-5.797632065999956],[-35.967792619,-5.799981080999977],[-35.96415740699996,-5.802487367999959],[-35.96059630799992,-5.804110365999954],[-35.95836109599998,-5.804640748999965],[-35.955485791999934,-5.804966289999896],[-35.947762692999966,-5.8051624579999626],[-35.946487052999935,-5.805686594999898],[-35.94575063099993,-5.8074495659999315],[-35.946244822999965,-5.810193974999983],[-35.945507682999995,-5.812059494999971],[-35.943706337999984,-5.8136227439999075]]]}},{"type":"Feature","id":"mun-2411205","properties":{"kind":"municipality","code":"2411205","name":"Santa Cruz","sanitation":true,"recovery":false,"area_km2":624.356},"geometry":{"type":"Polygon","coordinates":[[[-36.00710484300002,-6.087738477000002],[-36.005715866999935,-6.088676627999995],[-36.004719113999975,-6.088669947999975],[-36.00097917599989,-6.086662359999956],[-35.99952146699998,-6.086313314999941],[-35.99802094399999,-6.086578657999958],[-35.9960715729999,-6.08812070799992],[-35.99389014499998,-6.0918086869999755],[-35.99153844099991,-6.09427004599997],[-35.990609545999966,-6.095730623999934],[-35.98955448299998,-6.096655093999956],[-35.987194821999964,-6.097587130999976],[-35.986462267999926,-6.098280391999964],[-35.98644084599993,-6.101182358999907],[-35.98759245799991,-6.103251638999971],[-35.987614121000014,-6.1071553279999335],[-35.98620906299993,-6.111144531999955],[-35.984504139,-6.112456017999932],[-35.98296540699996,-6.114607525999958],[-35.98093895499998,-6.124268049000001],[-35.98124261299997,-6.127558065999992],[-35.98283092699994,-6.134440371999936],[-35.98534202599996,-6.138560992999906],[-35.98699610799995,-6.142915498999955],[-35.986883936,-6.144219231999912],[-35.98656003400002,-6.145216063999968],[-35.98469615299999,-6.147293101999956],[-35.98232961599994,-6.1487459899999095],[-35.981563914999995,-6.1483824819999455],[-35.98041280999997,-6.146935573999954],[-35.97984022199993,-6.146555858999889],[-35.978702675999955,-6.147709309999932],[-35.976181690000004,-6.148871730999922],[-35.974347075,-6.148883452999918],[-35.97232217499997,-6.149505589999968],[-35.97144028,-6.1496238159999805],[-35.97075968099991,-6.1492828789999265],[-35.97034754799992,-6.148215048999944],[-35.969731337000006,-6.147530412999963],[-35.969077454999905,-6.147305026999966],[-35.96679687099994,-6.14815690699993],[-35.96533350399992,-6.149008317999943],[-35.964430572,-6.148094592999925],[-35.96332717400001,-6.147564165999917],[-35.962270342999965,-6.147877658000006],[-35.96170111099994,-6.148570700999883],[-35.96241609799994,-6.152389333000002],[-35.96217290899998,-6.152779001999917],[-35.96018562099996,-6.153124584999908],[-35.959406750999996,-6.153866035999975],[-35.95957557499993,-6.155013939999918],[-35.96088430999995,-6.155618277000002],[-35.962435062999916,-6.155763073999907],[-35.96402458499998,-6.155599565999964],[-35.96623270399989,-6.156181139999944],[-35.96729202499997,-6.15665328999993],[-35.967706545999896,-6.157417682999942],[-35.968186903999936,-6.15961299599995],[-35.967871862999985,-6.165380111999994],[-35.96755251099994,-6.166837409999957],[-35.968023745999936,-6.170585425999917],[-35.967702289999984,-6.171428707999965],[-35.96688864699999,-6.17181719699996],[-35.96460267899994,-6.171600254999952],[-35.95859984699993,-6.170177722999931],[-35.95366663299996,-6.170588338999977],[-35.94926017999997,-6.170153712999898],[-35.942794368999934,-6.166744435999902],[-35.94054788899996,-6.16591576399999],[-35.93907938499996,-6.165693317999974],[-35.937351023999945,-6.165766813999923],[-35.93151189299989,-6.168274021999892],[-35.93060644499994,-6.168133540999996],[-35.92952319799993,-6.165451848999979],[-35.92837347499992,-6.164412070999923],[-35.92750295099993,-6.164074450999962],[-35.92532652399997,-6.164009302999901],[-35.91752726199992,-6.162671923999916],[-35.8939132469999,-6.263403753999924],[-35.87054585099995,-6.362782194999959],[-35.87492314199993,-6.360984879999926],[-35.87829427799997,-6.3601735179999395],[-35.882390517999966,-6.356642719999925],[-35.883795731999975,-6.3559733339999624],[-35.886359516000006,-6.355827882000007],[-35.887997928999944,-6.3552119309999355],[-35.89215234399995,-6.3528938279998926],[-35.89296809599995,-6.352593466999998],[-35.89944625199994,-6.352166344999915],[-35.90026906399989,-6.35222135099994],[-35.902936342999965,-6.353091246999973],[-35.90533937399993,-6.352487716999953],[-35.90719802399997,-6.352609124999958],[-35.90876085899996,-6.355438780999961],[-35.909267810999985,-6.358004825999913],[-35.910085932999905,-6.3586657289999735],[-35.91199921999994,-6.3590528029999405],[-35.918711302999924,-6.361191320999957],[-35.91979500499997,-6.362437008999997],[-35.92095462099999,-6.366062124999914],[-35.92154641099993,-6.366729328999959],[-35.92501269099994,-6.3682149239999575],[-35.927077573999995,-6.372890319999911],[-35.92827910299993,-6.373477908999945],[-35.93464716999996,-6.374102627999939],[-35.93754308799994,-6.37507960199995],[-35.944561638999964,-6.3788015989998925],[-35.94847848999995,-6.382534864999961],[-35.95565547099994,-6.383553194999934],[-35.958518255999934,-6.384722353999948],[-35.96194741399998,-6.3879368899999065],[-35.96501477999993,-6.3878013519999755],[-35.96548654399989,-6.470972031999942],[-35.96822789599995,-6.463970071999952],[-35.98874466499994,-6.410102733999921],[-35.997484998999965,-6.390340954999957],[-36.03382293399992,-6.299320636999944],[-36.03509404299993,-6.299405497999949],[-36.037021782999915,-6.301472655999923],[-36.038665361999925,-6.301560266999978],[-36.039754404999975,-6.302595819999951],[-36.04194048299993,-6.3033982639999095],[-36.04278679699996,-6.302611713999937],[-36.04384580100001,-6.300419110999975],[-36.04663483799994,-6.300182828999965],[-36.04722079399993,-6.3008965049999475],[-36.045522758999944,-6.3031829039999465],[-36.04547250299996,-6.304445052999924],[-36.04681335299997,-6.305876252999951],[-36.04891758599999,-6.307073741999908],[-36.05131941999994,-6.306614310999997],[-36.05266453599995,-6.3067801219999495],[-36.05492855099996,-6.308927543999992],[-36.056110611999976,-6.30861783299995],[-36.05641196999995,-6.307211158000001],[-36.058096005999936,-6.3062363649999895],[-36.05928565799996,-6.305788838999909],[-36.061559073999945,-6.306118822999949],[-36.063968647,-6.304472412999971],[-36.06598782199992,-6.30503559999994],[-36.067349186999934,-6.303545412999917],[-36.068656863999955,-6.30259957299991],[-36.07068139299995,-6.302374336999925],[-36.07210808299996,-6.3030958039999305],[-36.073617156999944,-6.3046051139999335],[-36.07479955199999,-6.30492256799991],[-36.07626759199995,-6.303610937000009],[-36.077287789999986,-6.303529627999943],[-36.07846508299996,-6.304169595999959],[-36.079931727999984,-6.305830273999966],[-36.08232888,-6.306088334999998],[-36.08284553399994,-6.307023321999999],[-36.119930308999955,-6.323919735999937],[-36.1218576009999,-6.325749545999898],[-36.12425932699993,-6.32735935599996],[-36.125078891999976,-6.327607189999945],[-36.126010517999966,-6.327270984999927],[-36.126202263000025,-6.325001482999909],[-36.12674999599996,-6.324193537999939],[-36.12909868799996,-6.323091672999986],[-36.129836675,-6.323421390999911],[-36.13289591899999,-6.326534629999934],[-36.139437239999964,-6.329763076999981],[-36.153763555999966,-6.299836570999915],[-36.15354218299995,-6.299806041999965],[-36.13375942199994,-6.210572781999929],[-36.07786108899999,-6.196145760999947],[-36.07666777799993,-6.168474634999974],[-36.07983484799996,-6.119868605999962],[-36.080351531999995,-6.1020129249999755],[-36.07187201499997,-6.10043237699994],[-36.069276232999954,-6.09860814999999],[-36.06774068299991,-6.096969442999942],[-36.06582857799997,-6.093790979999945],[-36.0625697849999,-6.090239464999989],[-36.060977625999975,-6.089064914999973],[-36.049718562999914,-6.085356553999915],[-36.04881310199996,-6.084717112999947],[-36.047524351999996,-6.08273365499997],[-36.04515674599995,-6.080026818],[-36.04427236999996,-6.079510566999922],[-36.042373390999956,-6.077899466999931],[-36.04126333899995,-6.07660924599994],[-36.039886935999924,-6.075442575999951],[-36.035897879999915,-6.07260090299993],[-36.03456941699996,-6.071353856999956],[-36.031831995999944,-6.06938944799996],[-36.028411944999945,-6.069386414999975],[-36.027422801999904,-6.070267642999966],[-36.025782592999995,-6.072529822],[-36.02473637699994,-6.073651574999914],[-36.02273452199995,-6.075070775999919],[-36.019327706999974,-6.076631689999928],[-36.018382614999936,-6.077412450999958],[-36.01679027899999,-6.079275774999942],[-36.01378291499994,-6.08228434699992],[-36.00710484300002,-6.087738477000002]]]}},{"type":"Feature","id":"mun-2411403","properties":{"kind":"municipality","code":"2411403","name":"Santana do Matos","sanitation":true,"recovery":false,"area_km2":1422.268},"geometry":{"type":"Polygon","coordinates":[[[-36.64587510299999,-5.758010649999932],[-36.64397584499996,-5.758925170999923],[-36.64113579899998,-5.758122682999961],[-36.63925004699992,-5.75667060899999],[-36.63728877899992,-5.755409276999984],[-36.63566402599995,-5.755402633999971],[-36.63403812299998,-5.755923658],[-36.63009794699993,-5.758670574999911],[-36.62786794399999,-5.758463718999934],[-36.62516294099999,-5.757531941999936],[-36.62083515099994,-5.756328842999956],[-36.61961588799995,-5.756324450999948],[-36.616432667000005,-5.757165022999949],[-36.56792756999991,-5.757593081999929],[-36.56485224899992,-5.757210020999942],[-36.550387375,-5.769374917999897],[-36.525185865999994,-5.765304293999982],[-36.522031041999995,-5.763890622999988],[-36.516126039,-5.760491642999952],[-36.509170678999965,-5.755942423999954],[-36.389219574999935,-5.79537715299999],[-36.356358109999945,-5.849041465000013],[-36.284752029999915,-5.859291488999894],[-36.32067084700001,-5.86557353099991],[-36.33234118499999,-5.894098528000008],[-36.33404626999994,-5.889799957999969],[-36.33344187399993,-5.887747380999961],[-36.33207130399995,-5.884779332999962],[-36.33070697599995,-5.881008175999952],[-36.33017563399996,-5.878901721999924],[-36.329969094000006,-5.877002898999933],[-36.33002741299995,-5.875793613999974],[-36.330469130999994,-5.874268520999998],[-36.331938081999944,-5.872854752999999],[-36.33359184499991,-5.8722032369999155],[-36.335870607999894,-5.871529956999986],[-36.33841651599995,-5.871226654999937],[-36.341125530999925,-5.87118654199999],[-36.342693193999956,-5.871404851999934],[-36.34429200699999,-5.871387401999911],[-36.351119781999955,-5.870629113999968],[-36.35542268999991,-5.871307345999952],[-36.35763820799999,-5.872108427999976],[-36.358936738999965,-5.872323793999939],[-36.362182278000006,-5.873234541999977],[-36.36310103499991,-5.873765901999981],[-36.36496280699994,-5.875222461999968],[-36.365990897999914,-5.875280225999951],[-36.36691198700001,-5.87512741399992],[-36.36821465699997,-5.874658652999948],[-36.370604558000004,-5.873037258999908],[-36.37115032099995,-5.872143925999978],[-36.37212814499994,-5.871411335999937],[-36.37340427500001,-5.870812993999905],[-36.37421967999998,-5.870185223999918],[-36.37514697199997,-5.869032049999895],[-36.375797703999986,-5.868718126999944],[-36.377754147999944,-5.866780267999921],[-36.379854075999965,-5.864037098999972],[-36.38186625500001,-5.861044118999956],[-36.38265343899995,-5.859443396999936],[-36.382886933999906,-5.858732402999998],[-36.38285080299994,-5.856859838999959],[-36.383549337000005,-5.854142700999937],[-36.38408075599992,-5.8534095299999365],[-36.385047063999934,-5.852609905999948],[-36.38605720999994,-5.852215092999963],[-36.387710401999946,-5.851910404999977],[-36.38844389699997,-5.851913387999957],[-36.38931346699998,-5.85231877699993],[-36.396512226999995,-5.857546260999911],[-36.398843410999966,-5.858851840999932],[-36.401134205999966,-5.8596178949999],[-36.403013998999896,-5.859850565999963],[-36.40560496099995,-5.859714847999925],[-36.407580341999974,-5.859057727999911],[-36.41482370999995,-5.85842888400002],[-36.422733713999925,-5.890876517999963],[-36.424065939999934,-5.893786702999968],[-36.42412812999993,-5.896380356999984],[-36.424420590999965,-5.897390801000007],[-36.42598383299999,-5.899973571000011],[-36.426638688999994,-5.902065740999923],[-36.42659378599992,-5.904337303999938],[-36.426777526999935,-5.904660886999977],[-36.429540328,-5.904305250999947],[-36.42998460799999,-5.904702382999943],[-36.43128369199992,-5.907154573999982],[-36.432813742999954,-5.9091997939999175],[-36.43387051599999,-5.910127946999971],[-36.435473110999986,-5.910886778999966],[-36.475008333999895,-5.92657309899996],[-36.54038276199999,-5.989741461999962],[-36.547439140999955,-6.056274613999918],[-36.638715388,-6.089008199999988],[-36.65327033599991,-6.111835021999973],[-36.66874651499993,-6.112338616999985],[-36.69341340199993,-6.103701858000008],[-36.693656797,-6.104001102999987],[-36.69545574499999,-6.105415179999923],[-36.701752200999955,-6.104483752999954],[-36.71016198399998,-6.101852386999923],[-36.71490736099995,-6.099823970999957],[-36.71988825699996,-6.095256217999939],[-36.723067278,-6.093304088999979],[-36.726654203999956,-6.089585632999977],[-36.7273716349999,-6.087340673999947],[-36.727497996999965,-6.085450668999975],[-36.727268406999976,-6.083912442999981],[-36.72674128299997,-6.082846372999967],[-36.72227786899997,-6.077742378999993],[-36.719881511000025,-6.071947877999904],[-36.72564108899998,-6.063695892999959],[-36.730864108999945,-6.056597963999941],[-36.73665666699996,-6.054958610999925],[-36.742769166999985,-6.055150832999928],[-36.74274305599995,-6.055415555999986],[-36.74212527799991,-6.055809443999976],[-36.74256777799993,-6.057371388999982],[-36.74318972199996,-6.057499999999969],[-36.74373833299997,-6.057857777999992],[-36.74386916699996,-6.058396944000016],[-36.74431861100002,-6.059019443999922],[-36.74449611099996,-6.059700277999944],[-36.74566388899995,-6.060756943999976],[-36.74564527800001,-6.061445832999951],[-36.74639527799998,-6.062313610999986],[-36.74901333299997,-6.062764443999988],[-36.749500832999985,-6.062677777999923],[-36.751658055999954,-6.060999166999942],[-36.75179861099995,-6.060408888999952],[-36.752607499999996,-6.059819721999965],[-36.753886110999915,-6.057909999999964],[-36.75501416699999,-6.056979999999932],[-36.75492305599992,-6.056546943999891],[-36.755189721999955,-6.056166943999891],[-36.755310556000005,-6.055685555999943],[-36.76656805600002,-6.056164443999954],[-36.782126356999996,-6.05007661099993],[-36.78236090199995,-6.0480101400000095],[-36.78328499499994,-6.044445094999915],[-36.78366646299997,-6.043609906],[-36.78501757399994,-6.041222269999977],[-36.78636668099992,-6.039922867999934],[-36.78804798299994,-6.039385039999928],[-36.78972683899994,-6.039283500999964],[-36.79118361299995,-6.039396883999935],[-36.793363636999935,-6.040114012999936],[-36.79559097000002,-6.042516666999958],[-36.79914900799998,-6.048406716999963],[-36.801324337000025,-6.050101378999933],[-36.81250860700002,-6.053235607000005],[-36.82093398399992,-6.053890195999898],[-36.829502205000004,-6.054238147999996],[-36.83020361599995,-6.053151775999908],[-36.833618208999944,-6.053786923999965],[-36.83610806999999,-6.0523978699999645],[-36.83635280099999,-6.049288435999905],[-36.83490810699991,-6.041508536999949],[-36.84376019399995,-6.040454407999945],[-36.84911019699994,-6.041408440999923],[-36.85539217399995,-6.044280465999968],[-36.848895295999924,-6.037832830999932],[-36.84806491199996,-6.036209854999939],[-36.84787945099998,-6.03465311699992],[-36.85315095899996,-6.030184568999935],[-36.85451161099992,-6.027512941999952],[-36.85464826199995,-6.025270387999946],[-36.850907854,-6.016902225999985],[-36.85027653799999,-6.014230431999984],[-36.84905553699995,-6.011628407999986],[-36.8489572889999,-6.010331539999889],[-36.850467595999895,-6.0061469819999544],[-36.8526069879999,-6.002881100999922],[-36.8530782889999,-6.000788911000008],[-36.854185156,-5.999220699999924],[-36.854508261,-5.996227636999905],[-36.855075930999895,-5.9953794179999775],[-36.85726155599999,-5.994715640999942],[-36.85741767799994,-5.994216244000015],[-36.85639120099992,-5.993763704999964],[-36.85628032799998,-5.992911603999978],[-36.85799021299997,-5.990628649000001],[-36.857153388000015,-5.989448214999946],[-36.85875408999994,-5.987158489999942],[-36.858711835999905,-5.984561495000001],[-36.85915185899999,-5.984140731000004],[-36.86084698599991,-5.983947169999979],[-36.86162678099995,-5.981554003999939],[-36.863809429999975,-5.981486708999967],[-36.86519038299993,-5.982439146999994],[-36.86608383799996,-5.982334191999925],[-36.86628616,-5.980251104999965],[-36.867902734,-5.979660173999918],[-36.868273200000004,-5.978448235000009],[-36.86847625099993,-5.973546696999996],[-36.86949226499998,-5.9726892010000086],[-36.870453099999985,-5.973160465999925],[-36.87222880199991,-5.975811925999928],[-36.873109288999935,-5.9764219959999565],[-36.87700577999992,-5.975997758999938],[-36.87991758899997,-5.977710472999981],[-36.88145332599994,-5.976538407999996],[-36.88178391399994,-5.974226836999961],[-36.88272978099995,-5.974149360999945],[-36.88512228299993,-5.974950043999932],[-36.887839243999935,-5.973658065999885],[-36.8885655199999,-5.974174330999965],[-36.88862999999999,-5.976622499999934],[-36.89225378999998,-5.977152404999991],[-36.89266438699993,-5.976943751999961],[-36.89372825699994,-5.974956222999914],[-36.87845280700001,-5.960636604999934],[-36.87604712599992,-5.9638712229999555],[-36.81806702899994,-5.913138938999971],[-36.77356072999995,-5.861043980999945],[-36.77281030399994,-5.85868793599996],[-36.77261407599996,-5.857406105999949],[-36.77262615799998,-5.854618871999904],[-36.772915890999975,-5.85119051600001],[-36.772626670999934,-5.847669836999941],[-36.772639393999924,-5.844169285999939],[-36.772845536999924,-5.8433321349999545],[-36.773382599999955,-5.842371370999949],[-36.77348491099998,-5.841732879999967],[-36.772288059999894,-5.836848092000011],[-36.77244390299991,-5.835713391999917],[-36.77275078099999,-5.834975279999952],[-36.773999148999984,-5.8337721559999665],[-36.77471376399996,-5.832247787999961],[-36.77497693299998,-5.830226258999943],[-36.77538764899994,-5.828798595999949],[-36.775897442999934,-5.828012724999937],[-36.77731603099998,-5.827082888999918],[-36.777476285000006,-5.826294573999974],[-36.77740347599993,-5.8253332219999265],[-36.77680559799993,-5.822766188999893],[-36.776353803999946,-5.8215314519999595],[-36.77494496799991,-5.820193437999919],[-36.774840872999995,-5.819652788999946],[-36.77540303999997,-5.818520412999959],[-36.77550560399993,-5.817928663999936],[-36.775152623999944,-5.817287247999978],[-36.77437145599997,-5.816616880999931],[-36.77406904199991,-5.8159760829999385],[-36.77407541099999,-5.815282836999955],[-36.774859153,-5.813478206999939],[-36.77495727499995,-5.809768039999916],[-36.77534321899999,-5.8076254090000035],[-36.77555754299996,-5.804817231000001],[-36.77672850999995,-5.803191780999981],[-36.77663236399999,-5.802453121999967],[-36.77577291700002,-5.801858445999883],[-36.773640983999925,-5.80229411699996],[-36.77240073399998,-5.8019177609999915],[-36.77159180399993,-5.801325430999924],[-36.77072375599996,-5.7993878330000115],[-36.768656072999946,-5.7930263249999925],[-36.789742875999934,-5.755168472999955],[-36.78806425899996,-5.754568511999963],[-36.78671016999992,-5.75489302199999],[-36.78539724199991,-5.755667167999917],[-36.77981781999994,-5.761870737999928],[-36.77854669000002,-5.762809626999982],[-36.77605193700001,-5.763622191999978],[-36.772775645999914,-5.763917792999926],[-36.77112825399995,-5.763912521999934],[-36.76947962899996,-5.763656165999947],[-36.76745489599995,-5.763033130999915],[-36.76631581000002,-5.762453919999949],[-36.76327297599997,-5.757326888999934],[-36.76217601499997,-5.756583595999892],[-36.76124716199995,-5.756331660999919],[-36.76014940299998,-5.756574310999923],[-36.75705302799994,-5.759192386999921],[-36.75637777099993,-5.759354619999932],[-36.75546984399995,-5.759010654999983],[-36.754880604999954,-5.758555596999898],[-36.752291442999955,-5.753305220999977],[-36.74468682499993,-5.739596248999895],[-36.74173685299992,-5.736069651999962],[-36.73770614399993,-5.733083224999952],[-36.72962400200001,-5.725940772999891],[-36.72750737399994,-5.723122321999924],[-36.72522745799995,-5.719508176999938],[-36.72239487999997,-5.71583146499993],[-36.72074841499999,-5.714134512999941],[-36.71569662699998,-5.709991677999909],[-36.71412776700002,-5.708940056999943],[-36.70833565499995,-5.703909888999945],[-36.70461746499997,-5.702968763999969],[-36.702679693999954,-5.701433263999931],[-36.69918702999998,-5.695786785999921],[-36.69786863799997,-5.696336492999926],[-36.69508441399991,-5.6979404619999485],[-36.69068658799991,-5.702048084999909],[-36.68845738099994,-5.703253371999978],[-36.682094319999976,-5.703816994999983],[-36.67666492999999,-5.705350537999948],[-36.67471399299995,-5.706083455999931],[-36.67308859099993,-5.7080292919999],[-36.66607292799996,-5.719126816000006],[-36.66443990799994,-5.720700184999977],[-36.6626746119999,-5.721878627999963],[-36.661446363999964,-5.724638587999969],[-36.661352382999915,-5.730627391999974],[-36.660667258999986,-5.732995507999888],[-36.65957382699993,-5.735886466999901],[-36.65921588899998,-5.7396370959999885],[-36.657581353999916,-5.742526142999935],[-36.6548674009999,-5.74422705699989],[-36.64923757699993,-5.747033675999944],[-36.64706801700001,-5.747814158999951],[-36.64570840799996,-5.748862992999953],[-36.645159562999936,-5.750703623999925],[-36.64642157699999,-5.756566194999962],[-36.64587510299999,-5.758010649999932]]]}},{"type":"Feature","id":"mun-2412005","properties":{"kind":"municipality","code":"2412005","name":"São Gonçalo do Amarante","sanitation":true,"recovery":false,"area_km2":249.8},"geometry":{"type":"Polygon","coordinates":[[[-35.291341791000015,-5.7324976299999975],[-35.29037833799997,-5.740515679999945],[-35.29017236199998,-5.742860389999969],[-35.288341521999925,-5.757826804999993],[-35.28726877199998,-5.762070044999987],[-35.28708938899997,-5.762633357999967],[-35.28657428199999,-5.763499900999896],[-35.28466558299989,-5.764162223999989],[-35.27976466399993,-5.765983591999962],[-35.27089107499998,-5.769385380999964],[-35.26693700099994,-5.77082049499996],[-35.25473669999998,-5.775436969999923],[-35.251351336000006,-5.776628925999958],[-35.24989299899996,-5.77729167399999],[-35.24935174499994,-5.777770474999997],[-35.24902614699991,-5.778227234999953],[-35.247908958000025,-5.78138389899992],[-35.247561415999954,-5.782245204999953],[-35.248105635999956,-5.783929981],[-35.249714779999955,-5.7857342129999765],[-35.25110447699992,-5.787960546999976],[-35.25178418899994,-5.791179514999953],[-35.25168147999997,-5.794420572999975],[-35.25228219199993,-5.798196680999951],[-35.25308561999997,-5.799434147999932],[-35.253934042000004,-5.802151066999933],[-35.25554393199998,-5.805028549999989],[-35.25846395099991,-5.808375097999949],[-35.26123834499996,-5.810028743999993],[-35.26145792999992,-5.810091904999979],[-35.26178616299999,-5.8100598259999],[-35.2638621949999,-5.810757956999929],[-35.26516510799997,-5.811143708999964],[-35.26689010799996,-5.811566756999973],[-35.27075559099996,-5.813480510999952],[-35.272467088,-5.814870891999888],[-35.274451759999984,-5.81699254399993],[-35.276050260999995,-5.817717964999908],[-35.27837613599997,-5.818299005999933],[-35.279664329999974,-5.818915568999969],[-35.28080097799997,-5.820693171999963],[-35.28151541099992,-5.822044742999971],[-35.28183093199992,-5.8254230139999805],[-35.28197911300001,-5.82843853],[-35.28196982199995,-5.8294725209999285],[-35.285875593,-5.830212676999977],[-35.28876861899992,-5.83120862899996],[-35.29071230899998,-5.8324358099999785],[-35.29261318699996,-5.8346470929999725],[-35.29686942699996,-5.837436268000005],[-35.298545966999946,-5.838813191999975],[-35.30108032099994,-5.8397043049998985],[-35.30321625799992,-5.839779501999907],[-35.3038890889999,-5.839667340999952],[-35.30392520599996,-5.839610920999988],[-35.30450693899995,-5.83953073999993],[-35.307229731999904,-5.837824391999966],[-35.308500348999964,-5.836682222999961],[-35.308625924999966,-5.8363153709999835],[-35.37885555599997,-5.843249999999998],[-35.43195000000001,-5.845236110999927],[-35.431937601999955,-5.844220044999965],[-35.45410870499996,-5.839736078999955],[-35.468205332999965,-5.835886817999963],[-35.47158511399992,-5.834824816999934],[-35.446864188999974,-5.733358382999896],[-35.44523842199993,-5.733894696999947],[-35.440495569999904,-5.734966892999935],[-35.439684429999936,-5.734777676],[-35.43873997499995,-5.734118348999978],[-35.43621967699996,-5.7330966509999115],[-35.43494873299996,-5.732854580999955],[-35.43216167299993,-5.7327059280000014],[-35.42629047099998,-5.733674408999931],[-35.419605405999924,-5.735478218999965],[-35.413374827999995,-5.737437703999909],[-35.40995904199999,-5.7378016109999095],[-35.40561253999989,-5.737474822999964],[-35.396290000999926,-5.736065941999918],[-35.3871310019999,-5.735356622999937],[-35.384484073999914,-5.734961955999971],[-35.383843131999996,-5.734735002000022],[-35.381922000999936,-5.733384631999932],[-35.37852718899998,-5.731804819999958],[-35.370872246999966,-5.729398982999939],[-35.36955264499994,-5.729100375999927],[-35.36168906199998,-5.729063661999909],[-35.36113632599999,-5.728496547999967],[-35.35801703299992,-5.728935557999968],[-35.355105451999975,-5.72921423699993],[-35.35149169699993,-5.730013448999976],[-35.34633126899999,-5.730900538999926],[-35.34446858999997,-5.73179077099995],[-35.34290790699998,-5.733047813999953],[-35.341821803,-5.7349382499999635],[-35.341132464999895,-5.736928606999889],[-35.34066087199996,-5.7377896579998975],[-35.3398250019999,-5.738228656999986],[-35.338855214999946,-5.738352424999924],[-35.337551048999956,-5.73815905],[-35.33660897899999,-5.7377010569999385],[-35.33494322499992,-5.736496244999998],[-35.334269151999926,-5.735805102000008],[-35.332355400999944,-5.73496384999995],[-35.32921141499995,-5.734470312999967],[-35.321718455999935,-5.734342092999931],[-35.320802786999934,-5.734468375999896],[-35.31963540899998,-5.735041389999971],[-35.31898933999999,-5.735718199999923],[-35.31660341199993,-5.737390162999887],[-35.31538389799992,-5.737901375999996],[-35.314440309999924,-5.7380516789999945],[-35.313212785999966,-5.7379697759999715],[-35.31132264899998,-5.7369917889999655],[-35.309627983000006,-5.735788757999991],[-35.308165750999905,-5.734496723999932],[-35.306878685999905,-5.732670576000004],[-35.30427459,-5.730872356999988],[-35.30119096399994,-5.729151243999958],[-35.2981879659999,-5.7279326889999425],[-35.29363142899992,-5.725343831999972],[-35.28963172700001,-5.723654611000001],[-35.28699045299996,-5.721941370000003],[-35.28649368399989,-5.7208942249999595],[-35.285607205,-5.717980271999998],[-35.28540664099992,-5.711025015999965],[-35.28515570799994,-5.710159903999973],[-35.28405094799993,-5.708603480999983],[-35.28210251799992,-5.706375849999965],[-35.28149345599997,-5.70598076199996],[-35.28063166299999,-5.705230811999989],[-35.27721144299997,-5.704413843999895],[-35.27643853799997,-5.703222540999917],[-35.27624051699993,-5.701318829999963],[-35.276014802999995,-5.700912410999912],[-35.27544017799997,-5.700621495999911],[-35.27412688699993,-5.700702060000005],[-35.26943949299996,-5.701847491999921],[-35.2655357269999,-5.704048909999898],[-35.26635464599998,-5.705838693000018],[-35.267082264999964,-5.707183452999992],[-35.26793671099996,-5.70850849499994],[-35.268978118999975,-5.709876536999978],[-35.271029477999974,-5.712330673999908],[-35.27235793699994,-5.714066502000001],[-35.273273464999924,-5.715565198000014],[-35.275187746999954,-5.71958569799996],[-35.27616240099995,-5.721148239999927],[-35.27650025799993,-5.721654314999967],[-35.27669915599995,-5.721866708999954],[-35.27706180699994,-5.7222158569999735],[-35.27844369799997,-5.723124034999977],[-35.279753649999996,-5.723630148999931],[-35.285946516,-5.7265409709999915],[-35.28895028599994,-5.728727414999973],[-35.290174946000015,-5.729790626999929],[-35.291066610999984,-5.7309457080000215],[-35.291341791000015,-5.7324976299999975]]]}},{"type":"Feature","id":"mun-2412609","properties":{"kind":"municipality","code":"2412609","name":"São Paulo do Potengi","sanitation":true,"recovery":false,"area_km2":240.425},"geometry":{"type":"Polygon","coordinates":[[[-35.781930745,-5.859867840999883],[-35.78121657599997,-5.860419398999959],[-35.77940420399994,-5.8601763679999195],[-35.77614248499998,-5.861015948999935],[-35.77488199099996,-5.861908870000008],[-35.77379019699995,-5.862970657999931],[-35.76799977199993,-5.863696437999941],[-35.76707574799995,-5.864039012999953],[-35.76585299999994,-5.864129435999885],[-35.76517670099994,-5.863794094999939],[-35.76434907699994,-5.862637562999993],[-35.76320805799995,-5.861881296999947],[-35.76047544599989,-5.863375295999923],[-35.757969494999934,-5.863957307999939],[-35.75691985099995,-5.864596529999986],[-35.75599557999995,-5.865403270999941],[-35.752190950999925,-5.866962898999937],[-35.75172779399997,-5.867597890999981],[-35.75123531699999,-5.869883810999937],[-35.750648064999986,-5.870688905999941],[-35.749089656999914,-5.870899722999972],[-35.74506754299993,-5.8711597169999905],[-35.743904959999924,-5.871448261999973],[-35.74212258999997,-5.8722730049999114],[-35.73996046699996,-5.8720860889999],[-35.73876912199997,-5.871591768999949],[-35.736226694000024,-5.869067885999932],[-35.73532019299998,-5.86896909999993],[-35.73350867399993,-5.869398488999927],[-35.732504822999914,-5.869346617999987],[-35.729878461999945,-5.868403840999967],[-35.728342179999935,-5.86860150899998],[-35.72741384799995,-5.868185143999902],[-35.725600697999944,-5.867938471999921],[-35.72433584,-5.868071371999989],[-35.72231781100001,-5.869052282999974],[-35.72140998999995,-5.868697694999945],[-35.7203294999999,-5.864670351999962],[-35.72015458599999,-5.863290616999933],[-35.719712471,-5.862011080999935],[-35.71883660899992,-5.861028929999939],[-35.717767260999906,-5.86066850399996],[-35.71622120799997,-5.860647173999972],[-35.715101382999954,-5.861357209999923],[-35.71437588399996,-5.862430801999935],[-35.71354722599997,-5.862703837999966],[-35.712676494999954,-5.862482177999922],[-35.71188534199995,-5.86166800499997],[-35.710843468999904,-5.861081974999891],[-35.70968888299994,-5.860891969999976],[-35.708852852999954,-5.8612767049999235],[-35.70823435699994,-5.8619626709999295],[-35.703866382999934,-5.8614678459999325],[-35.703513402999945,-5.861808166999936],[-35.703596749000006,-5.862633026999973],[-35.70398789699995,-5.863519981999993],[-35.70382769699993,-5.864171955999936],[-35.703391400999976,-5.864437355999961],[-35.70266092099993,-5.86442410599993],[-35.70149823199992,-5.86380417899997],[-35.701223351999914,-5.863917891999968],[-35.70089210499995,-5.865194788999922],[-35.70056935999998,-5.865522260999931],[-35.700219790999924,-5.865573376999983],[-35.69906911999993,-5.865079523999981],[-35.698495580999996,-5.865181357999965],[-35.69798775199999,-5.867005493999997],[-35.69735803299993,-5.867915760999907],[-35.69645381299999,-5.867829924999995],[-35.69401076899991,-5.868204154999965],[-35.69252800099997,-5.87016231499998],[-35.691626071999956,-5.870891866999948],[-35.69054113399998,-5.870806407999979],[-35.689540356999956,-5.869994341999934],[-35.6884522999999,-5.869546327999991],[-35.68677647099997,-5.8693270969999745],[-35.68451464599997,-5.869337554999952],[-35.683247341999916,-5.868980386999972],[-35.685372064999946,-5.8797661009999445],[-35.687452062000006,-5.91909646899996],[-35.67412123699995,-5.9743789989999385],[-35.66840600499994,-5.983888684999933],[-35.70924040099996,-6.000551270999971],[-35.77833750099996,-6.015874965999984],[-35.834772016999956,-5.947096351999953],[-35.849818075,-5.915366261999964],[-35.84375937799999,-5.914595072999923],[-35.84220287399999,-5.914101977999984],[-35.8365210329999,-5.911185010999951],[-35.832728622999994,-5.908802595999916],[-35.79681805499996,-5.853288952],[-35.79475161799996,-5.8532138959999145],[-35.79315874799997,-5.854700571000002],[-35.790660442999936,-5.856676921000009],[-35.78846209099994,-5.857977682999902],[-35.78624571599997,-5.858979809999951],[-35.78306761399991,-5.859481826000007],[-35.781930745,-5.859867840999883]]]}},{"type":"Feature","id":"mun-2412708","properties":{"kind":"municipality","code":"2412708","name":"São Pedro","sanitation":true,"recovery":false,"area_km2":195.237},"geometry":{"type":"Polygon","coordinates":[[[-35.638769823,-5.790049805000002],[-35.63544060799996,-5.803540954000006],[-35.59452587099995,-5.867485055999971],[-35.59145276999997,-5.868877586999908],[-35.57161609999994,-5.872629124999982],[-35.529010210999985,-5.881808561999918],[-35.57222669199992,-5.932308102000015],[-35.65019289499995,-5.976435177999981],[-35.66840600499994,-5.983888684999933],[-35.67412123699995,-5.9743789989999385],[-35.687452062000006,-5.91909646899996],[-35.685372064999946,-5.8797661009999445],[-35.683247341999916,-5.868980386999972],[-35.6827855459999,-5.867350906999974],[-35.68309615699993,-5.8661251569999],[-35.667916718999955,-5.794309704999954],[-35.66597088299998,-5.794633719999936],[-35.66470410399997,-5.7946411939999365],[-35.66380295399993,-5.795007695999971],[-35.663086440999976,-5.7968251879999855],[-35.662362688999956,-5.796829573999993],[-35.65850571899995,-5.794624162999945],[-35.65596641899999,-5.793457905999993],[-35.65274975299994,-5.792611669999964],[-35.65204969800001,-5.792176938999965],[-35.64921891899992,-5.7923548499999455],[-35.64736114399995,-5.791502287999926],[-35.64672631699992,-5.791413872999982],[-35.645917983999915,-5.79286943599989],[-35.64510416399999,-5.793055236999983],[-35.64427508199996,-5.792588992999953],[-35.64224377999993,-5.790846268999914],[-35.641611324999914,-5.790849161999972],[-35.64092388299997,-5.789739178999973],[-35.64006278599995,-5.789041297999958],[-35.639251374999965,-5.789317549999993],[-35.638769823,-5.790049805000002]]]}},{"type":"Feature","id":"mun-2412906","properties":{"kind":"municipality","code":"2412906","name":"São Tomé","sanitation":true,"recovery":true,"area_km2":862.585},"geometry":{"type":"Polygon","coordinates":[[[-36.09072048899994,-5.838328007999976],[-36.08980860399999,-5.8389991249999085],[-36.0875682999999,-5.838882755999961],[-36.08702848199991,-5.839503043999947],[-36.087025433999926,-5.84022936199991],[-36.086702142,-5.840748384999955],[-36.08536278499994,-5.841313304999979],[-36.08397491899994,-5.841511813999972],[-36.08205745699992,-5.8402569599999765],[-36.079494476999955,-5.840034984999903],[-36.07863463699996,-5.840963837999929],[-36.07750436499996,-5.842672083999965],[-36.07493016799996,-5.844633995999935],[-36.073753861999975,-5.844937227999978],[-36.072360068999934,-5.845865299999936],[-36.06941356499995,-5.847250726999995],[-36.065449741999984,-5.849515179999948],[-36.06517560799995,-5.8507076029999325],[-36.06781961199996,-5.856016627999999],[-36.067119264000006,-5.857310789999964],[-36.06518797,-5.858754569999967],[-36.06379869999998,-5.858746678999935],[-36.06017870299995,-5.856547823999989],[-36.05671657699993,-5.854712683999935],[-36.052452060999954,-5.8527168269999095],[-36.04957738799996,-5.85104029799993],[-36.04622603799996,-5.848064081999965],[-36.04462902599998,-5.847122662999965],[-36.04250182799992,-5.8461771679998975],[-36.039138566,-5.844961988999984],[-36.037010343999945,-5.843498993999994],[-36.02908816599994,-5.836552680999901],[-36.02695538099995,-5.8355027969999895],[-36.023273117000016,-5.835225054999924],[-36.013925335999915,-5.835225718999979],[-35.98351183799996,-5.877873709999953],[-35.96667597999989,-5.901299239999922],[-35.96305949399998,-5.959145939999964],[-35.96275957499994,-5.96117913799997],[-35.96270255099993,-5.9638329379998964],[-35.96310432399996,-5.966466579999938],[-35.964239903999946,-5.967947968999937],[-35.966313553999925,-5.968838743999925],[-35.96773119399998,-5.968845088999913],[-35.96837035199993,-5.969051293999925],[-35.968651105999975,-5.96932735499994],[-35.96877826199993,-5.969870220000004],[-35.96821461099992,-5.970638963999924],[-35.96818698599994,-5.971028689999933],[-35.96849648199997,-5.971416878999989],[-35.970329379999924,-5.971462940999977],[-35.970831294999975,-5.971612270999991],[-35.97109746099997,-5.971999110999931],[-35.971789395999934,-5.974307402999962],[-35.97244193200002,-5.975534945999925],[-35.973154682000015,-5.976424652999995],[-35.97497839700001,-5.977892327999932],[-35.976243380999954,-5.978565648999954],[-35.977203035999956,-5.979663149999986],[-35.97764067199993,-5.981018532999954],[-35.97764019099998,-5.981887688999926],[-35.97719433699994,-5.983794017000008],[-35.97741403299992,-5.984378614999969],[-35.978178943999964,-5.985221719000009],[-35.978479998999916,-5.98585888099997],[-35.978504789999924,-5.9863278739999615],[-35.977860715999924,-5.98776150399992],[-35.97779322599994,-5.988607006999885],[-35.97796611399994,-5.9891591049999136],[-35.97847937399995,-5.989560620999917],[-35.979714787999946,-5.989745908999971],[-35.98106021099998,-5.991059067999998],[-35.98209272199996,-5.993205762999892],[-35.98236260399991,-5.995508792999935],[-35.98395614899996,-5.9974196029999405],[-35.98418006599992,-5.997985398999944],[-35.98191008499995,-5.999366314999982],[-35.98128294799993,-5.999951108999966],[-35.98073358099995,-6.001333371999934],[-35.97928667799996,-6.00223992599998],[-35.9795833159999,-6.0051353129999185],[-35.97952317299999,-6.005575777999944],[-35.97888198299996,-6.006254089999935],[-35.97890957099993,-6.008022641999986],[-35.97875382899993,-6.008536843999899],[-35.978331751,-6.008963344999927],[-35.97722253299997,-6.009425157999942],[-35.97689149099993,-6.010310658999934],[-35.97702385399996,-6.0118669199999175],[-35.976831119999915,-6.014398542999949],[-35.978084489999965,-6.016873057999966],[-35.978623548999984,-6.017259078999935],[-35.98029446299994,-6.017581555999882],[-35.98096451499996,-6.017969116999971],[-35.98297973299999,-6.020204678999939],[-35.98403310599993,-6.022314281999961],[-35.985078406,-6.023174154999964],[-35.988139969,-6.024725304999961],[-35.9884865239999,-6.025111332999927],[-35.988439074999974,-6.02814956199996],[-35.989675476999956,-6.03029693699991],[-35.989909010000005,-6.032116074999969],[-35.990666013999935,-6.03302815499994],[-35.9914320779999,-6.033621459000003],[-35.99446118099998,-6.034772497999938],[-35.99794623499994,-6.037660102999936],[-35.99889098999995,-6.037889974999949],[-36.000591792999984,-6.037920335999978],[-36.003084676999926,-6.039503846999899],[-36.00564661399998,-6.041474203999947],[-36.00635318799991,-6.04269870400001],[-36.00766181599992,-6.047309114999919],[-36.00827903799992,-6.047840885999953],[-36.00974967199992,-6.048313367999967],[-36.01119017299991,-6.049191971999917],[-36.031831995999944,-6.06938944799996],[-36.03456941699996,-6.071353856999956],[-36.035897879999915,-6.07260090299993],[-36.039886935999924,-6.075442575999951],[-36.04126333899995,-6.07660924599994],[-36.042373390999956,-6.077899466999931],[-36.04427236999996,-6.079510566999922],[-36.04515674599995,-6.080026818],[-36.047524351999996,-6.08273365499997],[-36.04881310199996,-6.084717112999947],[-36.049718562999914,-6.085356553999915],[-36.060977625999975,-6.089064914999973],[-36.0625697849999,-6.090239464999989],[-36.06582857799997,-6.093790979999945],[-36.06774068299991,-6.096969442999942],[-36.069276232999954,-6.09860814999999],[-36.07187201499997,-6.10043237699994],[-36.080351531999995,-6.1020129249999755],[-36.08167032999995,-6.101512104999927],[-36.08485700700001,-6.099021444999906],[-36.08512619299999,-6.098419996999965],[-36.085301482999924,-6.09705028399997],[-36.08547081999999,-6.096751090999902],[-36.086071411999946,-6.096686443999971],[-36.08753860499993,-6.096945206999976],[-36.08810479899997,-6.097383337999901],[-36.08936548199992,-6.098894379999962],[-36.09026446299996,-6.099301658999906],[-36.091633094999956,-6.099376983999925],[-36.09580860899994,-6.0991538929999365],[-36.09714486199992,-6.099462006999943],[-36.10706439199999,-6.098612383999985],[-36.108997085999945,-6.099373411999984],[-36.110458759000004,-6.10095566899998],[-36.11408022399997,-6.104084559999961],[-36.115513409999984,-6.10449241299996],[-36.11638054999997,-6.104431018999939],[-36.11728650699996,-6.10400152099993],[-36.117691574999995,-6.102889103999907],[-36.11637598899994,-6.093256079999918],[-36.11715244799997,-6.09172134899994],[-36.119666772999906,-6.089612480999982],[-36.12107119399994,-6.08885089799994],[-36.12214256499994,-6.088789838999951],[-36.12384194699995,-6.088998879999927],[-36.12864419600001,-6.090244886999905],[-36.13150670499998,-6.091729928999939],[-36.133035376999985,-6.093444677999976],[-36.13492747399995,-6.0950250960000005],[-36.13705895799992,-6.0958950849999525],[-36.14072613799994,-6.096950864999911],[-36.143028653999934,-6.097365425999932],[-36.144560100999996,-6.09794030099998],[-36.145489755,-6.098615252999956],[-36.149970415000006,-6.103773925999931],[-36.15129801899998,-6.104918074999915],[-36.15286479899994,-6.105728887999945],[-36.15436321999994,-6.10623891799996],[-36.15569803299998,-6.106378685999978],[-36.15927277099999,-6.105485406999961],[-36.160207232999944,-6.1056228549999645],[-36.162906212999886,-6.106472089999976],[-36.16400674799999,-6.107490007000003],[-36.16529054299999,-6.109281923999937],[-36.16650633299995,-6.113062979999967],[-36.168565564999895,-6.114910581999894],[-36.17042829500001,-6.115922494999957],[-36.17268710999994,-6.117828262999986],[-36.17376722999996,-6.121740727999963],[-36.18168849799998,-6.125410050999989],[-36.18342209999998,-6.125652319999958],[-36.185103902999955,-6.126246006999963],[-36.18886964199996,-6.126882443999953],[-36.19054663699998,-6.128277087999976],[-36.192177129999976,-6.129181671999945],[-36.19387572200001,-6.129575643999949],[-36.19746228199993,-6.129293943999912],[-36.20016249399997,-6.1296074259999145],[-36.20304209099993,-6.130569752999953],[-36.20829836299998,-6.132900677999906],[-36.21108963499992,-6.134833242999932],[-36.21277748599995,-6.137390466999953],[-36.21508791999998,-6.138687110999946],[-36.221683496999916,-6.139841653999909],[-36.22338052999991,-6.140467030999957],[-36.224504446,-6.141488675999938],[-36.22517378999996,-6.143351552999974],[-36.22540843400001,-6.148139700999927],[-36.225141013,-6.1496913949999765],[-36.22534759999995,-6.151417871000007],[-36.225771192999915,-6.1527998349999535],[-36.22705492999991,-6.154273891999971],[-36.22816457099997,-6.15626394199996],[-36.22815335499993,-6.158593108999938],[-36.227929397999965,-6.160403498999898],[-36.22687772399999,-6.1636769579999395],[-36.22619881799995,-6.164124190999907],[-36.233950908999915,-6.164802572999989],[-36.256848896999934,-6.158015173999992],[-36.295700304000015,-6.122166194999998],[-36.302216860999984,-6.115371668999941],[-36.28135712599995,-6.044041997999955],[-36.25289350299995,-5.9820070349999455],[-36.22417936599992,-5.899953397999944],[-36.21287874799998,-5.873725765999943],[-36.196819296999934,-5.883116583999964],[-36.19478244899998,-5.877208950999929],[-36.19299307999999,-5.872732373999909],[-36.19133158999991,-5.868900249000006],[-36.18815495599998,-5.862556108],[-36.185756316999935,-5.858164917999936],[-36.18395345499998,-5.856273451999932],[-36.18208684399999,-5.854645930999922],[-36.18002209499995,-5.853469029999886],[-36.17808484299997,-5.8533939059999796],[-36.17296298999994,-5.855442989999965],[-36.17004971499995,-5.856011429000013],[-36.16797966699991,-5.855935673999966],[-36.159083308999946,-5.850251814999972],[-36.15772757199995,-5.849661807000004],[-36.15637053299993,-5.849525717999931],[-36.15481407799994,-5.850099887999924],[-36.153386270999924,-5.851325210999967],[-36.15247138999999,-5.853136530999997],[-36.152330854,-5.8554684409999425],[-36.151803801,-5.857215567999994],[-36.15093819799996,-5.858734058999957],[-36.14985242899992,-5.859279280999949],[-36.14752587799998,-5.858815052999908],[-36.143525026999974,-5.857172034999941],[-36.14184336200001,-5.857099357999971],[-36.140547855999934,-5.857676140999999],[-36.139895386999946,-5.858645260999893],[-36.13929679399998,-5.861688833999921],[-36.13857817099994,-5.863241002999914],[-36.1374129769999,-5.863947686999943],[-36.136116769999944,-5.86393930699996],[-36.13225073399999,-5.861328646999958],[-36.1296927239999,-5.860072071999994],[-36.12721596099996,-5.85942288499993],[-36.12101891399996,-5.859456080000008],[-36.118613171999954,-5.85931296899998],[-36.11783936999996,-5.859051266999913],[-36.11713565099991,-5.857756268999964],[-36.1159868939999,-5.854634023000003],[-36.115235024999954,-5.849574707999992],[-36.113778103999934,-5.843668289999968],[-36.112496348000015,-5.842200516999938],[-36.111810206,-5.840669733999931],[-36.111812791999945,-5.8401495249999655],[-36.110643666999934,-5.838690381999939],[-36.10702314699996,-5.836388119999967],[-36.104534525999924,-5.832377404999939],[-36.10176757499996,-5.83007960299998],[-36.09957868599995,-5.829911442000011],[-36.096256942,-5.831867552999945],[-36.092991582999915,-5.833148899000001],[-36.09213200499994,-5.8341822639999705],[-36.09212341899994,-5.835740114999993],[-36.09072048899994,-5.838328007999976]]]}},{"type":"Feature","id":"mun-2413102","properties":{"kind":"municipality","code":"2413102","name":"Senador Elói de Souza","sanitation":true,"recovery":false,"area_km2":152.376},"geometry":{"type":"Polygon","coordinates":[[[-35.64748275699998,-6.016037921999967],[-35.570778640999926,-6.079544666999901],[-35.57200474999995,-6.079455367999969],[-35.57358178499996,-6.080386801999943],[-35.57550804499991,-6.082541157999941],[-35.57755720299999,-6.085542838999963],[-35.579252103999984,-6.087618348000007],[-35.580689362999976,-6.088950634999932],[-35.58263770299989,-6.090067193999943],[-35.585169089999994,-6.092336903999978],[-35.58758948099997,-6.094934371999955],[-35.58887237199998,-6.096798728999936],[-35.59292840499994,-6.095506209999932],[-35.59715548799993,-6.094003753999964],[-35.60459399999997,-6.091961612999924],[-35.68638153299998,-6.073102025000004],[-35.70082214999994,-6.071726210999948],[-35.721665785999974,-6.074410286999985],[-35.74591977800001,-6.062182792999998],[-35.78166650999998,-6.0406687069999165],[-35.798690760999925,-6.0425773680000106],[-35.77833750099996,-6.015874965999984],[-35.70924040099996,-6.000551270999971],[-35.65019289499995,-5.976435177999981],[-35.64748275699998,-6.016037921999967]]]}},{"type":"Feature","id":"mun-2413706","properties":{"kind":"municipality","code":"2413706","name":"Sítio Novo","sanitation":true,"recovery":false,"area_km2":213.456},"geometry":{"type":"Polygon","coordinates":[[[-35.92480412799991,-6.010632514999919],[-35.82252708399995,-6.073175776999982],[-35.823210014999965,-6.074362838999967],[-35.91820658899999,-6.162789566999969],[-35.92532652399997,-6.164009302999901],[-35.92750295099993,-6.164074450999962],[-35.92837347499992,-6.164412070999923],[-35.92952319799993,-6.165451848999979],[-35.93060644499994,-6.168133540999996],[-35.93151189299989,-6.168274021999892],[-35.937351023999945,-6.165766813999923],[-35.93907938499996,-6.165693317999974],[-35.94054788899996,-6.16591576399999],[-35.942794368999934,-6.166744435999902],[-35.94926017999997,-6.170153712999898],[-35.95366663299996,-6.170588338999977],[-35.95859984699993,-6.170177722999931],[-35.96460267899994,-6.171600254999952],[-35.96688864699999,-6.17181719699996],[-35.967702289999984,-6.171428707999965],[-35.968023745999936,-6.170585425999917],[-35.96755251099994,-6.166837409999957],[-35.967871862999985,-6.165380111999994],[-35.968186903999936,-6.15961299599995],[-35.967706545999896,-6.157417682999942],[-35.96729202499997,-6.15665328999993],[-35.96623270399989,-6.156181139999944],[-35.96402458499998,-6.155599565999964],[-35.962435062999916,-6.155763073999907],[-35.96088430999995,-6.155618277000002],[-35.95957557499993,-6.155013939999918],[-35.959406750999996,-6.153866035999975],[-35.96018562099996,-6.153124584999908],[-35.96217290899998,-6.152779001999917],[-35.96241609799994,-6.152389333000002],[-35.96170111099994,-6.148570700999883],[-35.962270342999965,-6.147877658000006],[-35.96332717400001,-6.147564165999917],[-35.964430572,-6.148094592999925],[-35.96533350399992,-6.149008317999943],[-35.96679687099994,-6.14815690699993],[-35.969077454999905,-6.147305026999966],[-35.969731337000006,-6.147530412999963],[-35.97034754799992,-6.148215048999944],[-35.97075968099991,-6.1492828789999265],[-35.97144028,-6.1496238159999805],[-35.97232217499997,-6.149505589999968],[-35.974347075,-6.148883452999918],[-35.976181690000004,-6.148871730999922],[-35.978702675999955,-6.147709309999932],[-35.97984022199993,-6.146555858999889],[-35.98041280999997,-6.146935573999954],[-35.981563914999995,-6.1483824819999455],[-35.98232961599994,-6.1487459899999095],[-35.98469615299999,-6.147293101999956],[-35.98656003400002,-6.145216063999968],[-35.986883936,-6.144219231999912],[-35.98699610799995,-6.142915498999955],[-35.98534202599996,-6.138560992999906],[-35.98283092699994,-6.134440371999936],[-35.98124261299997,-6.127558065999992],[-35.98093895499998,-6.124268049000001],[-35.98296540699996,-6.114607525999958],[-35.984504139,-6.112456017999932],[-35.98620906299993,-6.111144531999955],[-35.987614121000014,-6.1071553279999335],[-35.98759245799991,-6.103251638999971],[-35.98644084599993,-6.101182358999907],[-35.986462267999926,-6.098280391999964],[-35.987194821999964,-6.097587130999976],[-35.98955448299998,-6.096655093999956],[-35.990609545999966,-6.095730623999934],[-35.99153844099991,-6.09427004599997],[-35.99389014499998,-6.0918086869999755],[-35.9960715729999,-6.08812070799992],[-35.99802094399999,-6.086578657999958],[-35.99952146699998,-6.086313314999941],[-36.00097917599989,-6.086662359999956],[-36.004719113999975,-6.088669947999975],[-36.005715866999935,-6.088676627999995],[-36.00710484300002,-6.087738477000002],[-36.01378291499994,-6.08228434699992],[-36.01679027899999,-6.079275774999942],[-36.018382614999936,-6.077412450999958],[-36.019327706999974,-6.076631689999928],[-36.02273452199995,-6.075070775999919],[-36.02473637699994,-6.073651574999914],[-36.025782592999995,-6.072529822],[-36.027422801999904,-6.070267642999966],[-36.028411944999945,-6.069386414999975],[-36.031831995999944,-6.06938944799996],[-35.96793032799994,-6.034805389999995],[-35.92480412799991,-6.010632514999919]]]}},{"type":"Feature","id":"mun-2413904","properties":{"kind":"municipality","code":"2413904","name":"Taipu","sanitation":false,"recovery":false,"area_km2":352.818},"geometry":{"type":"Polygon","coordinates":[[[-35.59802063599992,-5.487691989999952],[-35.59320438599995,-5.488587763999902],[-35.59124896599998,-5.488013380999988],[-35.59044111799993,-5.488035319999938],[-35.58999273699996,-5.48845152699991],[-35.589774283999915,-5.48970217499992],[-35.58919744999997,-5.490524161999893],[-35.587902588999945,-5.491609887999935],[-35.58621760499997,-5.492697923999984],[-35.585306100999965,-5.493566853999937],[-35.58510447599998,-5.494201065000013],[-35.58510772099989,-5.495008198999912],[-35.58473421499998,-5.495709636999955],[-35.58342251599999,-5.496556475999945],[-35.581557061999916,-5.495878823999917],[-35.58093406499997,-5.496163388999925],[-35.580151382999965,-5.496870003999952],[-35.57915004799998,-5.498177603999963],[-35.57829789699999,-5.498796986999963],[-35.57751255399994,-5.4989907330000065],[-35.57673620699992,-5.498901685999918],[-35.574560631999944,-5.497982615999902],[-35.5725077019999,-5.4974087109999346],[-35.57192343999997,-5.496844387999964],[-35.571699250999984,-5.496143524999972],[-35.57121770899993,-5.495443710999979],[-35.56877658599992,-5.494187395999944],[-35.56793986299997,-5.493924528999955],[-35.56517065199991,-5.493729675999909],[-35.564010347,-5.494045747999948],[-35.56307488399996,-5.4949568489999265],[-35.56161564300002,-5.4955024219999515],[-35.56057358299995,-5.49559225099992],[-35.55893075599991,-5.495239458999954],[-35.55790640999989,-5.49522657399995],[-35.55720648199998,-5.4956585069999875],[-35.55685163799993,-5.496311337999913],[-35.55662686399998,-5.497245849999963],[-35.55616671999992,-5.497916226999919],[-35.554873732999965,-5.498967292999929],[-35.553764206,-5.499502430999975],[-35.55121967399996,-5.499651264999947],[-35.55040872900001,-5.499939676999915],[-35.54799606199996,-5.504673876999938],[-35.545269195999936,-5.506489481999971],[-35.54367566799989,-5.509428289999946],[-35.543017944000006,-5.510006740999934],[-35.539672142999926,-5.511861581999931],[-35.53759117199996,-5.5125330759999756],[-35.535665945999924,-5.512540797999996],[-35.533371674999984,-5.512032715999965],[-35.53094645399996,-5.510791375999929],[-35.52832842199997,-5.509847997999948],[-35.52776698199997,-5.50922160799999],[-35.526766884,-5.507432303999998],[-35.526401049999926,-5.507154879999959],[-35.525599294999935,-5.506985020999942],[-35.524766729999975,-5.507214204999983],[-35.52424592799996,-5.507180785999971],[-35.52318871299997,-5.506585382000004],[-35.51968959899991,-5.505920559999971],[-35.51907909499993,-5.505642811999998],[-35.51853595799994,-5.504895726000001],[-35.51801801099998,-5.503444981999955],[-35.51750981199994,-5.502819345999974],[-35.516945726999985,-5.502501693999889],[-35.51524942999997,-5.502127451000014],[-35.51463414899995,-5.501801412999946],[-35.513675059,-5.500197516999933],[-35.51242003199999,-5.499095788999995],[-35.50881492199995,-5.496548783999927],[-35.507897457999974,-5.495252353999952],[-35.50606816899997,-5.494066691999905],[-35.50283792199995,-5.493211324999919],[-35.50180601999992,-5.492303736999965],[-35.52140774999996,-5.577669584999931],[-35.51208266599996,-5.650059331999962],[-35.49444569799995,-5.6660006669999206],[-35.54819411399991,-5.688077971999981],[-35.550413824999985,-5.69879053799994],[-35.55769446099994,-5.721130119999934],[-35.631816282999935,-5.71438564399994],[-35.64147121599996,-5.629390732999937],[-35.64551341799992,-5.61185653399999],[-35.658544582999966,-5.58645518099997],[-35.66818121799999,-5.496349363999947],[-35.62564139799999,-5.492260009999903],[-35.624494316999936,-5.492416625999979],[-35.621963360999956,-5.491398529999941],[-35.61889493300001,-5.491101340999954],[-35.6173264299999,-5.491365223999942],[-35.614834073999916,-5.4914368349999165],[-35.61158977299989,-5.49102002599998],[-35.61059238699997,-5.491353094000004],[-35.60851667799991,-5.492407505999935],[-35.60794887399991,-5.492461435999957],[-35.60620356499992,-5.491638465999898],[-35.60440494499996,-5.490332943999974],[-35.60264623999993,-5.490131720999933],[-35.60130683999995,-5.489633872999953],[-35.59998931900001,-5.488275361999989],[-35.59903713099992,-5.4877811219999515],[-35.59802063599992,-5.487691989999952]]]}},{"type":"Feature","id":"mun-2414001","properties":{"kind":"municipality","code":"2414001","name":"Tangará","sanitation":true,"recovery":false,"area_km2":339.484},"geometry":{"type":"Polygon","coordinates":[[[-35.73225022999999,-6.142491386999943],[-35.721380066999956,-6.173135644999981],[-35.74064536699996,-6.18267528799997],[-35.74101132499995,-6.184414107999956],[-35.742985622999974,-6.184776700999933],[-35.744408099999895,-6.184766389999972],[-35.74646408099992,-6.185349560999995],[-35.74741752899994,-6.186455654999939],[-35.74809112699999,-6.186861833999977],[-35.74920727099997,-6.18870796399996],[-35.75023572199997,-6.189814817999967],[-35.75150305799994,-6.1902533660000145],[-35.752608042999974,-6.190171528999905],[-35.753592805000004,-6.189834245999975],[-35.75485701299989,-6.189902316999927],[-35.756200191999916,-6.190190888999908],[-35.756598806999946,-6.190855969999959],[-35.756130915999954,-6.192118028999936],[-35.756580183000004,-6.194820129999954],[-35.75958234099998,-6.197758331999964],[-35.76007392099997,-6.198656467999939],[-35.76027954899993,-6.200248973999983],[-35.76075903499999,-6.201283680999978],[-35.76179484099999,-6.201648391999953],[-35.7633663789999,-6.20156638000001],[-35.764072899000006,-6.200969337999901],[-35.76505469499997,-6.199519923999972],[-35.76497062099994,-6.198704884999948],[-35.76543857499993,-6.197441913999988],[-35.76653928999997,-6.196843972999986],[-35.76803915899999,-6.196539041999891],[-35.7691962929999,-6.199089631999897],[-35.76920739799993,-6.201017817000007],[-35.76866008799994,-6.202427229999913],[-35.768282774999896,-6.205616692999932],[-35.766839815999965,-6.2089227969999214],[-35.76637907699995,-6.210412537999993],[-35.7689934219999,-6.212837889999939],[-35.77006636299995,-6.214649330999983],[-35.770390675999955,-6.216130409999963],[-35.77126320699994,-6.216942085999975],[-35.77143512399996,-6.219681011999931],[-35.772037430999966,-6.221123866999939],[-35.77346162899994,-6.221931301999959],[-35.77757399999994,-6.2232422939998955],[-35.78076853399993,-6.222373804999975],[-35.783601778999966,-6.223170694000011],[-35.78520157899991,-6.224277697999945],[-35.788021896999936,-6.228154031999949],[-35.789922816999926,-6.229031490999901],[-35.79051909999997,-6.2298057710000165],[-35.79076043899995,-6.230695888999946],[-35.79068730099994,-6.231733324999894],[-35.79101084799998,-6.2334368309999775],[-35.79085687099994,-6.234103745000006],[-35.78889006600001,-6.235226193999971],[-35.78743927499996,-6.237420067999949],[-35.78612429799996,-6.242393240999938],[-35.78593513699994,-6.243689582999906],[-35.78405244499995,-6.245997479999993],[-35.78294686899996,-6.246521853999951],[-35.78271825799996,-6.2477824109999744],[-35.78315920199994,-6.2489289359999844],[-35.78332495699989,-6.25033689399995],[-35.78427959100001,-6.252036223999951],[-35.78538955700001,-6.2524010779999415],[-35.78586372699989,-6.252769935999908],[-35.78519766999994,-6.253847217999962],[-35.78631331799997,-6.255619953999911],[-35.78655561699994,-6.256656579999969],[-35.7857693519999,-6.257251755999924],[-35.784827940999904,-6.25851806999998],[-35.78463931600002,-6.2595938709999075],[-35.785805768999985,-6.260603309999944],[-35.785435674000006,-6.261368148999985],[-35.785518598999936,-6.262107466999964],[-35.786072500999936,-6.262698666999938],[-35.78497769599995,-6.264408726999946],[-35.78447382199991,-6.266079728000001],[-35.78645250399994,-6.267031644999982],[-35.7870993839999,-6.269770218999909],[-35.788328057999955,-6.271060918999943],[-35.79015223799999,-6.27231189699998],[-35.79118406100001,-6.273342824999922],[-35.79237390599996,-6.274077457999958],[-35.79281174199995,-6.274853542999956],[-35.793605472999985,-6.275589720999939],[-35.79502646199996,-6.275804761999964],[-35.79668912299995,-6.276315559999951],[-35.799482887999915,-6.2777365659999305],[-35.79920230699997,-6.278852473999983],[-35.79874633499999,-6.2792871089999736],[-35.79519534499999,-6.281351791999917],[-35.794054771999946,-6.282543414999928],[-35.79331739599995,-6.284542723999969],[-35.79506995299992,-6.289922580999949],[-35.79588196499996,-6.291532185999898],[-35.7964104979999,-6.293631232999935],[-35.796418974999895,-6.295355479999962],[-35.795970634999925,-6.29708351099994],[-35.795927920999944,-6.300152659999952],[-35.79685451199996,-6.301441320999999],[-35.79814034399995,-6.3055333980000015],[-35.79935814799999,-6.3079492379999635],[-35.80144078099991,-6.3106316799999504],[-35.802027176999935,-6.312675909999896],[-35.802908212,-6.316928733999966],[-35.80383439799989,-6.3180012449999765],[-35.80406981600001,-6.318969762999913],[-35.80873996299997,-6.322769955999924],[-35.813474708999955,-6.327484926999958],[-35.81872372499994,-6.331607193999972],[-35.82045820699992,-6.333859719999921],[-35.82339784799996,-6.335946557999925],[-35.82777603199993,-6.3386165749999535],[-35.82647484900001,-6.342234506999986],[-35.83015877599999,-6.343721627000015],[-35.83120905299994,-6.346410807999945],[-35.83323372199995,-6.349363529999913],[-35.83589206399999,-6.35247365099994],[-35.838316905999896,-6.354939199999926],[-35.84160518999992,-6.35756122799998],[-35.84598393699993,-6.360339601999918],[-35.84991493300002,-6.362247306999933],[-35.85386212299994,-6.36143912099994],[-35.8555963659999,-6.36077663699993],[-35.85724568999994,-6.3606852819999204],[-35.85859403599995,-6.360963070999986],[-35.86129508599997,-6.362172085999923],[-35.86503237599993,-6.362638363999956],[-35.86829233099992,-6.3628249339999385],[-35.87054585099995,-6.362782194999959],[-35.8939132469999,-6.263403753999924],[-35.91752726199992,-6.162671923999916],[-35.91820658899999,-6.162789566999969],[-35.823210014999965,-6.074362838999967],[-35.82580036799989,-6.078865358000002],[-35.82075659000001,-6.129361958999944],[-35.808246434,-6.139658324000017],[-35.73225022999999,-6.142491386999943]]]}},{"type":"Feature","id":"mun-2414803","properties":{"kind":"municipality","code":"2414803","name":"Vera Cruz","sanitation":true,"recovery":false,"area_km2":84.127},"geometry":{"type":"Polygon","coordinates":[[[-35.37111064699997,-6.046050531999967],[-35.37020212299994,-6.049290793999923],[-35.369815799999955,-6.04981843499997],[-35.369329276999935,-6.051102668999917],[-35.369087759999935,-6.05355483299995],[-35.366880059999964,-6.0543328979999345],[-35.36513730099992,-6.055533530999973],[-35.366331536999965,-6.058837044999926],[-35.367891230999966,-6.058516648999976],[-35.370785016999946,-6.059520541999994],[-35.37500446900001,-6.0600494069999655],[-35.37945777499997,-6.060891056999971],[-35.382422572999964,-6.0601746379999355],[-35.38717884699995,-6.058667310000004],[-35.388955829999894,-6.054434788999927],[-35.391287408999986,-6.051842418000014],[-35.394173437999946,-6.051126625999942],[-35.3991697609999,-6.051105360999962],[-35.40316058899997,-6.052730327999939],[-35.40683240999993,-6.053026128999903],[-35.41159772399995,-6.0537865299999325],[-35.4148711669999,-6.052364436999952],[-35.42023940099998,-6.047881661999952],[-35.4222672619999,-6.04748243799996],[-35.42460384399996,-6.046454397999987],[-35.42679598099998,-6.04621723599999],[-35.429392212999936,-6.0504801449999235],[-35.43220789699994,-6.065462138999997],[-35.43635472199995,-6.0641236420000055],[-35.44263745999993,-6.061902501999988],[-35.443176869999974,-6.06773207899996],[-35.44435283999993,-6.070386206000009],[-35.449129661999926,-6.074985097999935],[-35.451285688999974,-6.077401299000016],[-35.45655708099994,-6.07845037999995],[-35.46121384599996,-6.077356138000006],[-35.47105004899997,-6.073191730999966],[-35.474082292999945,-6.072995476999985],[-35.476076170999896,-6.071950073999993],[-35.478350283999944,-6.07266741399993],[-35.48378060999992,-6.072315202999917],[-35.48610653099999,-6.072922419999976],[-35.48765552599999,-6.073697023999941],[-35.489237259999946,-6.074108017999933],[-35.49110845499996,-6.0740269859999785],[-35.49203563899994,-6.074186171999912],[-35.49263635299999,-6.074529121999959],[-35.491633055999934,-6.069641983999894],[-35.48838488899994,-6.0629488689999675],[-35.48962609999997,-6.062507527999955],[-35.49036621700001,-6.061384183000001],[-35.491405166999996,-6.0607573529999215],[-35.492026226999954,-6.060754292999931],[-35.492585925999904,-6.060876537999924],[-35.49311647999993,-6.061184482999998],[-35.49401808999992,-6.061273962999941],[-35.495382750999944,-6.060894221999966],[-35.49649650599999,-6.059862947999903],[-35.498356765999986,-6.058859321999904],[-35.49863529399994,-6.058547524999952],[-35.499683673999996,-6.056831136999961],[-35.49986755699994,-6.0563321929999745],[-35.49995716799998,-6.055430222999952],[-35.5002353149999,-6.055180336999975],[-35.50063823299993,-6.055083300999939],[-35.50125844,-6.054770529999907],[-35.50200429199998,-6.054611495999978],[-35.50383603499993,-6.054416264999901],[-35.50532661499998,-6.054129970999931],[-35.50752809699997,-6.053341993999922],[-35.508678894999974,-6.0533362719999815],[-35.50872978699992,-6.051350027999952],[-35.51043881299993,-6.050994207000002],[-35.51256788199996,-6.051107884999993],[-35.513843413999986,-6.051538862999948],[-35.51555795699991,-6.052619762999939],[-35.516741127999936,-6.053081308999936],[-35.518917796,-6.05353804499989],[-35.52140444499995,-6.053713197999997],[-35.52351694599995,-6.053578580999961],[-35.525783341999976,-6.053257097000007],[-35.530828569999976,-6.053078011999929],[-35.53434039199993,-6.053092723999995],[-35.535675972999954,-6.053024100000002],[-35.53732894899994,-6.052719689999947],[-35.53827410299989,-6.053023723999971],[-35.53894914499997,-6.053657377999997],[-35.53955044499998,-6.054036448000005],[-35.54000016199998,-6.054124986999959],[-35.541493766000016,-6.054086416999965],[-35.54538926000001,-6.0556328799999335],[-35.54595367599999,-6.055007203999949],[-35.54673496899998,-6.053954783999913],[-35.406549705999986,-6.000514085000006],[-35.373440027999976,-5.9873763539999345],[-35.37317623,-5.987499231999976],[-35.37139960499999,-5.988000838999916],[-35.370284181999985,-6.005265511999944],[-35.37421905199995,-6.012998285999998],[-35.38223302499991,-6.017914961999935],[-35.3821223099999,-6.021771284999971],[-35.380995264999996,-6.023437594999997],[-35.38017141599995,-6.023604716999969],[-35.378498060999966,-6.025209910999912],[-35.377357448999916,-6.027323292999895],[-35.376876886999945,-6.0285314959999425],[-35.375602327,-6.029866255999892],[-35.371856668999975,-6.0335499209999455],[-35.371696349999944,-6.033925265999912],[-35.37128069399992,-6.035775106999935],[-35.37078087499996,-6.036178155999977],[-35.36912199499992,-6.038963653999971],[-35.370754712999926,-6.039825283999939],[-35.37187957799991,-6.040591716999941],[-35.37291409799998,-6.040964850999991],[-35.37180350799993,-6.0422532739999255],[-35.37167357399992,-6.044226590999955],[-35.37111064699997,-6.046050531999967]]]}}]}