{"type":"FeatureCollection","features":[{"type":"Feature","id":1,"properties":{"taxon_1":"Cobertura Sedimentar Quarternária","taxon_2":"Planícies Costeiras e Fluviais","unidade":"Planícies Costeiras","rotulo":"3.1.2","fonte":"DINIZ et al. (2017) e Folhas Geológicas (CPRM)"},"geometry":{"type":"MultiPolygon","coordinates":[[[[-35.209646,-5.765145],[-35.213691,-5.770142],[-35.21964,-5.774663],[-35.222019,-5.778708],[-35.223685,-5.783467],[-35.225351,-5.792271],[-35.233441,-5.793222],[-35.23939,-5.797505],[-35.244862,-5.803454],[-35.24629,-5.815589],[-35.252239,-5.818921],[-35.259377,-5.819634],[-35.262708,-5.820348],[-35.266753,-5.824155],[-35.267467,-5.825583],[-35.264374,-5.826773],[-35.261994,-5.827249],[-35.257473,-5.827487],[-35.254618,-5.828438],[-35.252477,-5.832484],[-35.249859,-5.835339],[-35.245814,-5.838432],[-35.243598,-5.840922],[-35.247977,-5.842569],[-35.253054,-5.841878],[-35.257937,-5.848422],[-35.26307,-5.853382],[-35.272321,-5.845874],[-35.273214,-5.8429],[-35.278865,-5.83249],[-35.283624,-5.826243],[-35.283624,-5.819402],[-35.290465,-5.819105],[-35.293142,-5.813156],[-35.291059,-5.804531],[-35.287788,-5.803639],[-35.278865,-5.805126],[-35.267216,-5.791898],[-35.274355,-5.788329],[-35.272689,-5.781072],[-35.267692,-5.781191],[-35.261149,-5.78476],[-35.255438,-5.784403],[-35.246634,-5.78131],[-35.244016,-5.775956],[-35.237116,-5.76846],[-35.231524,-5.760489],[-35.235394,-5.75659],[-35.231115,-5.755288],[-35.230687,-5.754788],[-35.231021,-5.753633],[-35.227552,-5.758198],[-35.222602,-5.753059],[-35.224106,-5.735583],[-35.220051,-5.736014],[-35.207564,-5.739961],[-35.203632,-5.743243],[-35.203273,-5.74909],[-35.207981,-5.757055],[-35.209646,-5.765145]]],[[[-35.232196,-5.751247],[-35.233268,-5.751057],[-35.236252,-5.746752],[-35.231682,-5.748049],[-35.232196,-5.751247]]],[[[-35.237073,-5.823085],[-35.238438,-5.820824],[-35.235582,-5.816779],[-35.233203,-5.815589],[-35.231185,-5.817737],[-35.236519,-5.822185],[-35.237073,-5.823085]]],[[[-35.241212,-5.831804],[-35.243435,-5.829866],[-35.244624,-5.82939],[-35.248431,-5.82368],[-35.244148,-5.822252],[-35.241293,-5.824631],[-35.239989,-5.827825],[-35.241212,-5.831804]]]]}},{"type":"Feature","id":2,"properties":{"taxon_1":"Bacias Sedimentares Marginais","taxon_2":"Planaltos e Tabuleiros Costeiros","unidade":"Tabuleiros Costeiros Dissecados","rotulo":"2.1.1","fonte":"DINIZ et al. (2017) e Folhas Geológicas (CPRM)"},"geometry":{"type":"Polygon","coordinates":[[[-35.202452,-5.809494],[-35.202738,-5.814634],[-35.205022,-5.815585],[-35.206069,-5.817108],[-35.212732,-5.818631],[-35.22263,-5.815205],[-35.227008,-5.814253],[-35.231185,-5.817737],[-35.233203,-5.815589],[-35.235582,-5.816779],[-35.238438,-5.820824],[-35.237073,-5.823085],[-35.239989,-5.827825],[-35.241293,-5.824631],[-35.244148,-5.822252],[-35.248431,-5.82368],[-35.244624,-5.82939],[-35.243435,-5.829866],[-35.241212,-5.831804],[-35.243598,-5.840922],[-35.245814,-5.838432],[-35.249859,-5.835339],[-35.252477,-5.832484],[-35.254618,-5.828438],[-35.257473,-5.827487],[-35.261994,-5.827249],[-35.264374,-5.826773],[-35.267386,-5.825614],[-35.266753,-5.824155],[-35.262708,-5.820348],[-35.259377,-5.819634],[-35.252239,-5.818921],[-35.24629,-5.815589],[-35.244862,-5.803454],[-35.23939,-5.797505],[-35.233441,-5.793222],[-35.225351,-5.792271],[-35.223685,-5.783467],[-35.222019,-5.778708],[-35.21964,-5.774663],[-35.213691,-5.770142],[-35.209646,-5.765145],[-35.207981,-5.757055],[-35.203273,-5.74909],[-35.202033,-5.751176],[-35.20089,-5.752201],[-35.195213,-5.754715],[-35.194836,-5.755614],[-35.199565,-5.759839],[-35.200271,-5.764065],[-35.199176,-5.771891],[-35.196922,-5.778273],[-35.196922,-5.780486],[-35.20369,-5.784557],[-35.204126,-5.788654],[-35.201881,-5.793218],[-35.202072,-5.7995],[-35.203404,-5.80483],[-35.202452,-5.809494]]]}},{"type":"Feature","id":3,"properties":{"taxon_1":"Bacias Sedimentares","taxon_2":"Planaltos e Tabuleiros Costeiros","unidade":"Tabuleiros Costeiros Dissecados","rotulo":"2.1.1","fonte":"DINIZ et al. (2017) e Folhas Geológicas (CPRM)"},"geometry":{"type":"MultiPolygon","coordinates":[[[[-35.512026,-5.719899],[-35.510499,-5.720362],[-35.509961,-5.721616],[-35.509739,-5.723657],[-35.508349,-5.724285],[-35.506567,-5.727109],[-35.505004,-5.728335],[-35.504291,-5.72853],[-35.504105,-5.729105],[-35.503069,-5.730106],[-35.502369,-5.73012],[-35.501776,-5.729417],[-35.500944,-5.72962],[-35.499855,-5.73052],[-35.500215,-5.731409],[-35.49997,-5.731811],[-35.499043,-5.73163],[-35.498671,-5.730865],[-35.497609,-5.731362],[-35.497382,-5.733858],[-35.499664,-5.735142],[-35.499003,-5.73649],[-35.498164,-5.736485],[-35.497511,-5.737139],[-35.496608,-5.737135],[-35.495518,-5.737775],[-35.495129,-5.737371],[-35.494438,-5.738844],[-35.493135,-5.739233],[-35.493371,-5.740923],[-35.49387,-5.742021],[-35.495332,-5.741784],[-35.495907,-5.742161],[-35.495576,-5.743488],[-35.494436,-5.74326],[-35.494106,-5.743941],[-35.492472,-5.742923],[-35.491718,-5.74349],[-35.490653,-5.743724],[-35.490245,-5.744501],[-35.490256,-5.745287],[-35.489213,-5.745566],[-35.488656,-5.746896],[-35.487752,-5.74801],[-35.48886,-5.748685],[-35.489014,-5.749588],[-35.488586,-5.750153],[-35.488773,-5.750516],[-35.488432,-5.750681],[-35.488698,-5.751005],[-35.488471,-5.752631],[-35.488078,-5.753009],[-35.488103,-5.754248],[-35.48762,-5.754565],[-35.487295,-5.756069],[-35.488641,-5.756952],[-35.487978,-5.757114],[-35.489081,-5.758508],[-35.488635,-5.7588],[-35.488663,-5.76013],[-35.487791,-5.760271],[-35.487638,-5.761055],[-35.486958,-5.761865],[-35.487296,-5.762628],[-35.488649,-5.763849],[-35.491004,-5.768417],[-35.490219,-5.769488],[-35.487435,-5.769916],[-35.483657,-5.769302],[-35.479493,-5.768172],[-35.477708,-5.766566],[-35.475923,-5.762818],[-35.472601,-5.760999],[-35.468128,-5.759095],[-35.462512,-5.757858],[-35.459657,-5.757953],[-35.457182,-5.760808],[-35.452614,-5.760903],[-35.448871,-5.758514],[-35.44573,-5.757015],[-35.439733,-5.754802],[-35.436378,-5.752589],[-35.433499,-5.752958],[-35.432678,-5.756015],[-35.429109,-5.761815],[-35.420632,-5.765087],[-35.410073,-5.765979],[-35.401378,-5.764348],[-35.395951,-5.762539],[-35.38992,-5.757564],[-35.386905,-5.754096],[-35.379668,-5.749724],[-35.376261,-5.751408],[-35.375072,-5.755584],[-35.375145,-5.759373],[-35.370321,-5.764499],[-35.361727,-5.76676],[-35.345144,-5.765856],[-35.3266,-5.760881],[-35.321191,-5.757031],[-35.319254,-5.756371],[-35.317485,-5.755254],[-35.316854,-5.753466],[-35.315873,-5.753079],[-35.312367,-5.754022],[-35.308429,-5.75268],[-35.307426,-5.750521],[-35.30701,-5.748558],[-35.30576,-5.747428],[-35.304866,-5.746943],[-35.304716,-5.747278],[-35.302962,-5.746259],[-35.301457,-5.746492],[-35.300552,-5.74624],[-35.300669,-5.745294],[-35.300166,-5.744642],[-35.299664,-5.744568],[-35.298896,-5.744905],[-35.298731,-5.74579],[-35.298129,-5.746117],[-35.296932,-5.745903],[-35.296262,-5.74633],[-35.295877,-5.747634],[-35.29301,-5.748503],[-35.281826,-5.757605],[-35.280875,-5.761233],[-35.2812,-5.764214],[-35.280738,-5.765941],[-35.277312,-5.767312],[-35.276055,-5.766512],[-35.27123,-5.760007],[-35.271508,-5.757289],[-35.269989,-5.756831],[-35.26981,-5.756177],[-35.267669,-5.75444],[-35.263618,-5.753596],[-35.261665,-5.753911],[-35.261547,-5.754304],[-35.258981,-5.756212],[-35.258124,-5.755052],[-35.255266,-5.753117],[-35.251438,-5.753092],[-35.250475,-5.754045],[-35.246106,-5.754788],[-35.244678,-5.756358],[-35.242465,-5.7575],[-35.237682,-5.757286],[-35.235394,-5.75659],[-35.231524,-5.760489],[-35.237116,-5.76846],[-35.244016,-5.775956],[-35.246634,-5.78131],[-35.255438,-5.784403],[-35.261149,-5.78476],[-35.267692,-5.781191],[-35.272689,-5.781072],[-35.274355,-5.788329],[-35.267216,-5.791898],[-35.278865,-5.805126],[-35.287788,-5.803639],[-35.286746,-5.801164],[-35.284937,-5.79845],[-35.285691,-5.795134],[-35.289309,-5.795737],[-35.290666,-5.798149],[-35.292626,-5.799355],[-35.301671,-5.792269],[-35.309059,-5.790762],[-35.314889,-5.790695],[-35.319686,-5.789553],[-35.323112,-5.789477],[-35.326995,-5.787574],[-35.327909,-5.787954],[-35.32867,-5.789477],[-35.327577,-5.793711],[-35.328453,-5.795671],[-35.329243,-5.794992],[-35.332198,-5.794839],[-35.334476,-5.795588],[-35.336734,-5.797141],[-35.338801,-5.797681],[-35.341204,-5.799402],[-35.344726,-5.801217],[-35.349316,-5.802575],[-35.351708,-5.802639],[-35.353001,-5.802575],[-35.354164,-5.802122],[-35.358586,-5.799226],[-35.359493,-5.798283],[-35.360309,-5.798056],[-35.360973,-5.798281],[-35.361608,-5.797544],[-35.362246,-5.795127],[-35.362716,-5.794422],[-35.364344,-5.793862],[-35.36525,-5.793157],[-35.367768,-5.789935],[-35.368401,-5.790169],[-35.367226,-5.792341],[-35.366788,-5.795021],[-35.372282,-5.796017],[-35.373887,-5.798692],[-35.376898,-5.797991],[-35.378188,-5.797082],[-35.380264,-5.7937],[-35.386071,-5.790978],[-35.38581,-5.790136],[-35.386246,-5.789565],[-35.386912,-5.789498],[-35.387463,-5.790326],[-35.391029,-5.789898],[-35.395342,-5.788803],[-35.396786,-5.788132],[-35.398464,-5.788904],[-35.400492,-5.787731],[-35.401992,-5.787402],[-35.403046,-5.787897],[-35.404837,-5.787394],[-35.405911,-5.787998],[-35.407455,-5.787931],[-35.408042,-5.788803],[-35.408445,-5.788904],[-35.413082,-5.788703],[-35.414156,-5.789206],[-35.413753,-5.790347],[-35.414626,-5.791287],[-35.414357,-5.791959],[-35.413115,-5.791992],[-35.412713,-5.792428],[-35.411744,-5.792344],[-35.416432,-5.800839],[-35.419922,-5.803377],[-35.424216,-5.807295],[-35.425302,-5.80723],[-35.428081,-5.808302],[-35.429827,-5.808201],[-35.435466,-5.808973],[-35.437854,-5.807899],[-35.440177,-5.808162],[-35.443069,-5.807464],[-35.444478,-5.807899],[-35.446459,-5.807563],[-35.448439,-5.808201],[-35.448439,-5.80998],[-35.449945,-5.808916],[-35.452947,-5.804112],[-35.455327,-5.792215],[-35.466342,-5.781415],[-35.468436,-5.776466],[-35.471482,-5.772278],[-35.479477,-5.774943],[-35.483474,-5.777989],[-35.484997,-5.775324],[-35.489375,-5.774752],[-35.492231,-5.771136],[-35.497751,-5.76809],[-35.49699,-5.765996],[-35.493373,-5.761999],[-35.49185,-5.761047],[-35.490137,-5.757811],[-35.49185,-5.752481],[-35.494325,-5.75191],[-35.497941,-5.753813],[-35.499274,-5.7521],[-35.497561,-5.748864],[-35.496609,-5.743153],[-35.498703,-5.739346],[-35.507078,-5.732303],[-35.509363,-5.734016],[-35.510505,-5.735539],[-35.51336,-5.737442],[-35.514883,-5.739727],[-35.515835,-5.742011],[-35.520403,-5.742201],[-35.520023,-5.738014],[-35.516025,-5.732874],[-35.514693,-5.728686],[-35.525733,-5.727925],[-35.532206,-5.728496],[-35.544579,-5.728305],[-35.547969,-5.725878],[-35.550944,-5.721119],[-35.550402,-5.719855],[-35.549155,-5.719325],[-35.548428,-5.719617],[-35.547889,-5.719241],[-35.547117,-5.720957],[-35.547149,-5.721506],[-35.546209,-5.721616],[-35.545889,-5.721974],[-35.544639,-5.72181],[-35.543527,-5.722088],[-35.543434,-5.722881],[-35.542731,-5.723035],[-35.539444,-5.722557],[-35.53742,-5.720306],[-35.53721,-5.719403],[-35.535803,-5.718668],[-35.5351,-5.718367],[-35.533465,-5.718781],[-35.532912,-5.718523],[-35.531631,-5.720138],[-35.529946,-5.721268],[-35.528502,-5.721391],[-35.528771,-5.722139],[-35.528261,-5.723104],[-35.528478,-5.723502],[-35.528266,-5.724187],[-35.52775,-5.724447],[-35.52768,-5.725655],[-35.525742,-5.725299],[-35.521074,-5.721495],[-35.521167,-5.721057],[-35.520445,-5.720553],[-35.519952,-5.72127],[-35.516964,-5.72172],[-35.51764,-5.720337],[-35.517684,-5.719597],[-35.517303,-5.718812],[-35.516187,-5.719213],[-35.515249,-5.717896],[-35.514152,-5.717768],[-35.513892,-5.717201],[-35.511945,-5.717594],[-35.51226,-5.718032],[-35.512026,-5.719899]]],[[[-35.224106,-5.735583],[-35.222602,-5.753059],[-35.227552,-5.758198],[-35.231021,-5.753633],[-35.231476,-5.752066],[-35.233268,-5.751057],[-35.232196,-5.751247],[-35.231682,-5.748049],[-35.236252,-5.746752],[-35.236112,-5.744437],[-35.234185,-5.743438],[-35.232186,-5.743866],[-35.23033,-5.743081],[-35.229901,-5.741511],[-35.231044,-5.740654],[-35.231186,-5.739797],[-35.230473,-5.737941],[-35.228117,-5.735372],[-35.224106,-5.735583]]],[[[-35.41207,-5.819795],[-35.411832,-5.820747],[-35.406007,-5.8223],[-35.406246,-5.822886],[-35.407402,-5.823338],[-35.407478,-5.823866],[-35.406975,-5.824142],[-35.402991,-5.82265],[-35.399459,-5.82265],[-35.392082,-5.824078],[-35.386134,-5.821461],[-35.384944,-5.817654],[-35.381137,-5.813846],[-35.376826,-5.813846],[-35.376232,-5.815031],[-35.375023,-5.815377],[-35.374419,-5.816067],[-35.372606,-5.815463],[-35.369347,-5.817073],[-35.368567,-5.816935],[-35.36686,-5.817654],[-35.364005,-5.820509],[-35.35996,-5.822888],[-35.353297,-5.827885],[-35.334261,-5.832882],[-35.328551,-5.833834],[-35.325933,-5.836213],[-35.328075,-5.841924],[-35.344255,-5.85168],[-35.353297,-5.857628],[-35.362339,-5.865481],[-35.365194,-5.870002],[-35.376378,-5.871905],[-35.381375,-5.874285],[-35.387086,-5.877854],[-35.380899,-5.880947],[-35.375188,-5.880947],[-35.380423,-5.887134],[-35.38423,-5.892369],[-35.387026,-5.897901],[-35.388513,-5.905634],[-35.384647,-5.911285],[-35.385241,-5.917829],[-35.387621,-5.921101],[-35.384647,-5.925562],[-35.380483,-5.920208],[-35.380483,-5.915152],[-35.379888,-5.908311],[-35.3784,-5.902065],[-35.377508,-5.895521],[-35.373939,-5.893142],[-35.366801,-5.891655],[-35.360555,-5.88065],[-35.357283,-5.867563],[-35.349847,-5.859829],[-35.345385,-5.857153],[-35.336165,-5.853583],[-35.330216,-5.852691],[-35.32516,-5.853583],[-35.318319,-5.848527],[-35.30315,-5.847337],[-35.291709,-5.837046],[-35.290817,-5.830205],[-35.28743,-5.819237],[-35.283624,-5.819402],[-35.283624,-5.826243],[-35.278865,-5.83249],[-35.273214,-5.8429],[-35.272321,-5.845874],[-35.26307,-5.853382],[-35.275522,-5.853303],[-35.286152,-5.850543],[-35.305901,-5.862441],[-35.310185,-5.873148],[-35.315029,-5.88083],[-35.318837,-5.887968],[-35.322943,-5.903995],[-35.328722,-5.906935],[-35.33596,-5.908434],[-35.348997,-5.90997],[-35.355417,-5.914481],[-35.354878,-5.915345],[-35.355479,-5.916388],[-35.357425,-5.917251],[-35.357284,-5.918248],[-35.356743,-5.9188],[-35.357003,-5.919896],[-35.356411,-5.92048],[-35.356518,-5.920844],[-35.357156,-5.920992],[-35.357636,-5.922124],[-35.359669,-5.922492],[-35.360791,-5.923294],[-35.361278,-5.923922],[-35.360343,-5.924002],[-35.359924,-5.92447],[-35.359195,-5.92464],[-35.359238,-5.925717],[-35.360078,-5.925848],[-35.360769,-5.927543],[-35.361455,-5.927397],[-35.362966,-5.92904],[-35.363062,-5.930651],[-35.361868,-5.930979],[-35.361966,-5.932174],[-35.361171,-5.933086],[-35.362104,-5.933721],[-35.362814,-5.933467],[-35.364223,-5.934075],[-35.364338,-5.935236],[-35.365444,-5.935885],[-35.365691,-5.937033],[-35.366312,-5.937542],[-35.367599,-5.937113],[-35.368534,-5.93739],[-35.369765,-5.937289],[-35.370432,-5.936823],[-35.37104,-5.936932],[-35.371993,-5.938367],[-35.372877,-5.938556],[-35.373774,-5.938183],[-35.373948,-5.938612],[-35.373504,-5.939978],[-35.3743,-5.941148],[-35.374598,-5.942743],[-35.374965,-5.943154],[-35.376651,-5.943431],[-35.37644,-5.944022],[-35.376707,-5.944321],[-35.378063,-5.944637],[-35.378163,-5.946002],[-35.381176,-5.948372],[-35.381437,-5.948942],[-35.382171,-5.947522],[-35.383592,-5.948306],[-35.384689,-5.948],[-35.385411,-5.949088],[-35.384905,-5.950975],[-35.385762,-5.951548],[-35.387002,-5.955295],[-35.387879,-5.956263],[-35.388476,-5.958354],[-35.389563,-5.960066],[-35.38931,-5.961689],[-35.388734,-5.962804],[-35.38905,-5.963565],[-35.386609,-5.964527],[-35.386634,-5.965661],[-35.387627,-5.966552],[-35.388238,-5.965946],[-35.390342,-5.966413],[-35.390586,-5.967186],[-35.391541,-5.967302],[-35.39199,-5.968212],[-35.392443,-5.968426],[-35.391905,-5.969193],[-35.392256,-5.969358],[-35.392095,-5.970205],[-35.391748,-5.970368],[-35.391569,-5.97241],[-35.392896,-5.972728],[-35.393688,-5.973853],[-35.393662,-5.974801],[-35.394375,-5.975462],[-35.394147,-5.975894],[-35.394496,-5.976602],[-35.394472,-5.977892],[-35.395016,-5.978634],[-35.395696,-5.978365],[-35.396407,-5.97859],[-35.396745,-5.98057],[-35.39712,-5.980555],[-35.397429,-5.981438],[-35.396855,-5.982267],[-35.397927,-5.982952],[-35.398676,-5.982922],[-35.397663,-5.985985],[-35.398159,-5.986521],[-35.401283,-5.985904],[-35.401716,-5.984781],[-35.402643,-5.984744],[-35.402926,-5.985471],[-35.404027,-5.986137],[-35.404863,-5.985962],[-35.405616,-5.986845],[-35.406598,-5.986554],[-35.407638,-5.987473],[-35.408825,-5.986344],[-35.410214,-5.987247],[-35.410978,-5.986711],[-35.411616,-5.984783],[-35.412846,-5.984418],[-35.412999,-5.983292],[-35.414743,-5.983368],[-35.416953,-5.987012],[-35.418512,-5.986798],[-35.418708,-5.985972],[-35.420256,-5.985753],[-35.422478,-5.985887],[-35.422645,-5.98676],[-35.423838,-5.986118],[-35.423982,-5.985214],[-35.425161,-5.985995],[-35.425377,-5.98668],[-35.425991,-5.986571],[-35.426861,-5.985837],[-35.427473,-5.986351],[-35.429091,-5.986572],[-35.428645,-5.987475],[-35.429194,-5.989015],[-35.42984,-5.989338],[-35.429391,-5.990286],[-35.429586,-5.990533],[-35.431414,-5.989971],[-35.432552,-5.990661],[-35.433268,-5.99041],[-35.434341,-5.99132],[-35.435824,-5.990949],[-35.436212,-5.991368],[-35.436832,-5.991058],[-35.43727,-5.991531],[-35.438992,-5.991507],[-35.439137,-5.992248],[-35.438797,-5.992892],[-35.440841,-5.993208],[-35.441748,-5.992848],[-35.442424,-5.993893],[-35.443079,-5.994123],[-35.443847,-5.993717],[-35.444664,-5.993788],[-35.447836,-5.995769],[-35.451335,-6.004509],[-35.463579,-6.008879],[-35.464608,-6.009605],[-35.463948,-6.01048],[-35.46429,-6.010797],[-35.463962,-6.01224],[-35.463103,-6.012444],[-35.462591,-6.013547],[-35.461597,-6.013376],[-35.460437,-6.014104],[-35.460301,-6.014961],[-35.459309,-6.016235],[-35.458509,-6.01864],[-35.458683,-6.018809],[-35.460183,-6.018266],[-35.461891,-6.018975],[-35.462474,-6.018987],[-35.4634,-6.018232],[-35.4644,-6.018754],[-35.465988,-6.018722],[-35.465756,-6.0201],[-35.466516,-6.020615],[-35.469628,-6.019856],[-35.470408,-6.020569],[-35.470742,-6.019332],[-35.471647,-6.019087],[-35.472206,-6.020172],[-35.472351,-6.021358],[-35.473239,-6.020791],[-35.474209,-6.020786],[-35.47513,-6.02141],[-35.476863,-6.020341],[-35.477691,-6.020324],[-35.478351,-6.020453],[-35.479516,-6.02182],[-35.480511,-6.021502],[-35.482915,-6.025132],[-35.486276,-6.027188],[-35.486155,-6.027876],[-35.484919,-6.028486],[-35.485167,-6.03029],[-35.488036,-6.029974],[-35.489309,-6.029027],[-35.492671,-6.031075],[-35.495455,-6.032334],[-35.495397,-6.033435],[-35.496361,-6.034104],[-35.496022,-6.035638],[-35.496152,-6.036526],[-35.495684,-6.03699],[-35.495808,-6.037886],[-35.496183,-6.037189],[-35.497239,-6.036983],[-35.497715,-6.036092],[-35.498731,-6.03643],[-35.499253,-6.035917],[-35.49965,-6.03632],[-35.500382,-6.035186],[-35.50279,-6.035987],[-35.502935,-6.036432],[-35.503617,-6.036544],[-35.503813,-6.037148],[-35.504748,-6.037339],[-35.506528,-6.037607],[-35.507905,-6.036669],[-35.50849,-6.036657],[-35.509397,-6.03711],[-35.509535,-6.037677],[-35.510189,-6.03745],[-35.511186,-6.03794],[-35.512337,-6.04006],[-35.513248,-6.039873],[-35.51411,-6.040397],[-35.514808,-6.039998],[-35.515056,-6.04051],[-35.515856,-6.040399],[-35.516527,-6.039719],[-35.517105,-6.041761],[-35.516536,-6.0426],[-35.517002,-6.043003],[-35.517434,-6.042665],[-35.518308,-6.043304],[-35.517957,-6.044006],[-35.519069,-6.044759],[-35.520036,-6.045156],[-35.521498,-6.044338],[-35.52322,-6.045663],[-35.522882,-6.047289],[-35.524126,-6.048558],[-35.525598,-6.048689],[-35.525611,-6.049347],[-35.525262,-6.049682],[-35.52628,-6.050364],[-35.526596,-6.051337],[-35.527302,-6.051616],[-35.528146,-6.053088],[-35.530235,-6.054222],[-35.530659,-6.053801],[-35.53205,-6.053631],[-35.531844,-6.051738],[-35.530928,-6.050494],[-35.531174,-6.048787],[-35.532047,-6.048794],[-35.533839,-6.047291],[-35.534535,-6.047649],[-35.534847,-6.046934],[-35.534284,-6.04637],[-35.534442,-6.046063],[-35.533131,-6.045682],[-35.532744,-6.045112],[-35.534218,-6.044245],[-35.536456,-6.044317],[-35.536625,-6.043821],[-35.536028,-6.042482],[-35.536252,-6.041756],[-35.538187,-6.040737],[-35.538965,-6.039945],[-35.541222,-6.040847],[-35.542613,-6.040775],[-35.542828,-6.041657],[-35.544429,-6.041901],[-35.545286,-6.04262],[-35.546823,-6.041826],[-35.547219,-6.041008],[-35.548637,-6.040835],[-35.548491,-6.039263],[-35.54975,-6.03696],[-35.550578,-6.036676],[-35.552749,-6.037019],[-35.552988,-6.037483],[-35.552573,-6.037897],[-35.552691,-6.038631],[-35.555951,-6.040049],[-35.557668,-6.039601],[-35.558695,-6.040119],[-35.559998,-6.039649],[-35.56038,-6.039281],[-35.560391,-6.037562],[-35.56118,-6.038134],[-35.56174,-6.037942],[-35.561884,-6.038824],[-35.562881,-6.039595],[-35.563379,-6.040443],[-35.564924,-6.038931],[-35.565068,-6.038339],[-35.56798,-6.038468],[-35.568275,-6.038904],[-35.56821,-6.039946],[-35.568957,-6.03938],[-35.569576,-6.039379],[-35.570132,-6.038801],[-35.571498,-6.038582],[-35.571942,-6.039263],[-35.573407,-6.038812],[-35.573876,-6.039492],[-35.575443,-6.039681],[-35.575851,-6.040506],[-35.577894,-6.039776],[-35.578528,-6.039981],[-35.578913,-6.041349],[-35.579432,-6.041889],[-35.580296,-6.041376],[-35.580449,-6.04028],[-35.580904,-6.040059],[-35.580888,-6.039266],[-35.582063,-6.039473],[-35.583327,-6.038728],[-35.583982,-6.040053],[-35.585199,-6.03971],[-35.585716,-6.040737],[-35.586456,-6.040282],[-35.588477,-6.040863],[-35.588642,-6.04183],[-35.58793,-6.042246],[-35.589061,-6.04311],[-35.589546,-6.044066],[-35.589237,-6.044829],[-35.58942,-6.045954],[-35.590654,-6.045952],[-35.5913,-6.045279],[-35.591786,-6.045269],[-35.592215,-6.046153],[-35.593337,-6.045769],[-35.596031,-6.047548],[-35.596374,-6.049094],[-35.596695,-6.049259],[-35.597448,-6.048895],[-35.597936,-6.049265],[-35.599545,-6.048977],[-35.600117,-6.048119],[-35.601247,-6.047739],[-35.601749,-6.047982],[-35.601973,-6.049004],[-35.603417,-6.049423],[-35.605514,-6.050833],[-35.605486,-6.052174],[-35.606147,-6.052515],[-35.606854,-6.052529],[-35.607001,-6.052074],[-35.608312,-6.052289],[-35.609016,-6.052965],[-35.608428,-6.0539],[-35.608432,-6.055137],[-35.608895,-6.055582],[-35.609027,-6.05626],[-35.610351,-6.056287],[-35.610821,-6.055922],[-35.611139,-6.057689],[-35.611329,-6.058081],[-35.611726,-6.058073],[-35.611544,-6.058636],[-35.61071,-6.058639],[-35.609887,-6.060719],[-35.613803,-6.062084],[-35.614298,-6.06316],[-35.614892,-6.063628],[-35.617054,-6.064081],[-35.617273,-6.064532],[-35.618074,-6.064761],[-35.618293,-6.065666],[-35.618875,-6.065815],[-35.61988,-6.065478],[-35.620521,-6.066455],[-35.621511,-6.066458],[-35.622305,-6.06706],[-35.623771,-6.065785],[-35.624884,-6.065899],[-35.626313,-6.064537],[-35.62701,-6.064523],[-35.6285,-6.065554],[-35.628684,-6.066121],[-35.629815,-6.065971],[-35.630198,-6.065214],[-35.631137,-6.065026],[-35.631899,-6.065785],[-35.632196,-6.065331],[-35.632686,-6.065321],[-35.634287,-6.067498],[-35.634466,-6.068234],[-35.638779,-6.072053],[-35.63901,-6.074147],[-35.639717,-6.074561],[-35.639361,-6.075097],[-35.639381,-6.07609],[-35.638359,-6.076696],[-35.639037,-6.077342],[-35.639761,-6.077484],[-35.640737,-6.078802],[-35.640172,-6.079547],[-35.640392,-6.080967],[-35.643237,-6.080288],[-35.643562,-6.07995],[-35.644886,-6.080383],[-35.64573,-6.079716],[-35.646168,-6.080619],[-35.648071,-6.080334],[-35.648321,-6.078966],[-35.650032,-6.078476],[-35.65037,-6.077566],[-35.651395,-6.077796],[-35.651724,-6.077117],[-35.652385,-6.076676],[-35.660285,-6.076725],[-35.671021,-6.075374],[-35.672306,-6.076731],[-35.67289,-6.078074],[-35.675123,-6.077117],[-35.679311,-6.067789],[-35.686791,-6.054059],[-35.682214,-6.049453],[-35.67686,-6.04517],[-35.680786,-6.042315],[-35.687567,-6.041958],[-35.687567,-6.036961],[-35.678644,-6.02661],[-35.672934,-6.018044],[-35.666152,-6.019115],[-35.658657,-6.002697],[-35.647949,-5.994844],[-35.636171,-5.987349],[-35.625242,-5.982316],[-35.620443,-5.976586],[-35.61065,-5.97161],[-35.61065,-5.963877],[-35.617194,-5.960902],[-35.619573,-5.956144],[-35.61065,-5.954359],[-35.60946,-5.951979],[-35.614814,-5.944841],[-35.613624,-5.941272],[-35.608271,-5.938892],[-35.603512,-5.944246],[-35.599942,-5.944246],[-35.598158,-5.939487],[-35.596373,-5.932349],[-35.594589,-5.92759],[-35.596373,-5.921641],[-35.600537,-5.919857],[-35.605296,-5.915098],[-35.603512,-5.910339],[-35.595778,-5.902606],[-35.591614,-5.903201],[-35.585666,-5.910934],[-35.575553,-5.914503],[-35.568653,-5.914979],[-35.563418,-5.903319],[-35.558897,-5.904509],[-35.552948,-5.909268],[-35.549855,-5.906889],[-35.551647,-5.894579],[-35.550933,-5.891248],[-35.545937,-5.890534],[-35.544033,-5.888154],[-35.543795,-5.885299],[-35.540464,-5.882444],[-35.535229,-5.884585],[-35.53166,-5.882444],[-35.532374,-5.872212],[-35.535705,-5.868643],[-35.534039,-5.866501],[-35.53166,-5.866025],[-35.525473,-5.863408],[-35.524046,-5.861266],[-35.520476,-5.860791],[-35.519525,-5.858173],[-35.520238,-5.851511],[-35.524046,-5.850559],[-35.529042,-5.847228],[-35.528567,-5.841993],[-35.52238,-5.841755],[-35.519525,-5.835806],[-35.515717,-5.831523],[-35.51191,-5.830809],[-35.51191,-5.845086],[-35.505486,-5.8458],[-35.501679,-5.845086],[-35.495968,-5.843183],[-35.490971,-5.84461],[-35.485022,-5.851511],[-35.479312,-5.848893],[-35.472649,-5.845324],[-35.467176,-5.844372],[-35.465273,-5.841993],[-35.466463,-5.838424],[-35.470746,-5.831999],[-35.467652,-5.827716],[-35.462655,-5.826764],[-35.4529,-5.827478],[-35.446713,-5.825813],[-35.447189,-5.819626],[-35.444572,-5.815343],[-35.440773,-5.815653],[-35.440107,-5.817946],[-35.44027,-5.819343],[-35.439944,-5.820309],[-35.436997,-5.816282],[-35.435851,-5.816125],[-35.434563,-5.817255],[-35.43233,-5.817228],[-35.429901,-5.815514],[-35.426488,-5.814629],[-35.426696,-5.814307],[-35.423874,-5.813795],[-35.422115,-5.813845],[-35.418061,-5.812439],[-35.415639,-5.813371],[-35.41207,-5.819795]]]]}},{"type":"Feature","id":4,"properties":{"taxon_1":"Cinturão Orogênico Brasiliano","taxon_2":"Planalto da Borborema","unidade":"Compartimento Potengi-Trairi","rotulo":"1.2.2","fonte":"DINIZ et al. (2017) e Folhas Geológicas (CPRM)"},"geometry":{"type":"MultiPolygon","coordinates":[[[[-35.975047,-5.932021],[-35.968919,-5.914453],[-35.977903,-5.922384],[-35.983257,-5.927738],[-35.986826,-5.928809],[-35.984327,-5.924883],[-35.980401,-5.91596],[-35.985041,-5.905966],[-35.987897,-5.900969],[-35.984327,-5.892046],[-35.978617,-5.884908],[-35.978617,-5.873129],[-35.982186,-5.869917],[-35.986112,-5.876342],[-35.985755,-5.883123],[-35.98754,-5.887049],[-35.995392,-5.889905],[-35.997176,-5.88348],[-36.003601,-5.883123],[-36.003958,-5.873486],[-36.007884,-5.871702],[-36.010382,-5.880982],[-36.007884,-5.891689],[-36.006099,-5.897757],[-36.01181,-5.900969],[-36.016058,-5.897366],[-36.021531,-5.896414],[-36.026528,-5.89927],[-36.029859,-5.89927],[-36.033028,-5.894517],[-36.032683,-5.892576],[-36.031049,-5.890942],[-36.02867,-5.886421],[-36.029859,-5.881662],[-36.029859,-5.878092],[-36.028171,-5.871902],[-36.02759,-5.871614],[-36.027571,-5.869897],[-36.026091,-5.866736],[-36.016897,-5.858085],[-36.017846,-5.857926],[-36.019975,-5.859294],[-36.024968,-5.863823],[-36.026198,-5.860333],[-36.023592,-5.857985],[-36.023378,-5.857343],[-36.023759,-5.857081],[-36.024306,-5.857224],[-36.025329,-5.858152],[-36.026567,-5.858509],[-36.027234,-5.859152],[-36.029213,-5.858087],[-36.029612,-5.856701],[-36.029493,-5.854892],[-36.028779,-5.852441],[-36.029136,-5.850776],[-36.031611,-5.854559],[-36.031468,-5.857081],[-36.030299,-5.858784],[-36.037236,-5.867623],[-36.040329,-5.869764],[-36.043422,-5.872858],[-36.048419,-5.868575],[-36.054574,-5.869729],[-36.055168,-5.868741],[-36.056667,-5.867741],[-36.057285,-5.864386],[-36.057737,-5.864101],[-36.058499,-5.864315],[-36.059356,-5.864124],[-36.05995,-5.863292],[-36.060759,-5.861007],[-36.061211,-5.86165],[-36.061794,-5.865878],[-36.064171,-5.865878],[-36.065373,-5.869784],[-36.066232,-5.868955],[-36.066875,-5.869264],[-36.067017,-5.86974],[-36.066779,-5.870597],[-36.065911,-5.871533],[-36.066075,-5.872065],[-36.057985,-5.876348],[-36.054653,-5.882058],[-36.043232,-5.88301],[-36.041328,-5.884914],[-36.04466,-5.889673],[-36.04466,-5.895383],[-36.053226,-5.892528],[-36.057985,-5.895859],[-36.059412,-5.897763],[-36.050846,-5.899666],[-36.05037,-5.904425],[-36.056557,-5.905377],[-36.057509,-5.90966],[-36.057033,-5.912039],[-36.049894,-5.912991],[-36.048943,-5.909184],[-36.040852,-5.905377],[-36.038949,-5.908708],[-36.032286,-5.907756],[-36.028479,-5.909184],[-36.027527,-5.914419],[-36.030383,-5.917274],[-36.025624,-5.922033],[-36.026576,-5.927744],[-36.033238,-5.932979],[-36.03419,-5.938214],[-36.042756,-5.942021],[-36.048943,-5.935834],[-36.054177,-5.927744],[-36.05846,-5.923461],[-36.061316,-5.923937],[-36.066551,-5.927744],[-36.068454,-5.931075],[-36.069406,-5.934882],[-36.073213,-5.939165],[-36.072737,-5.944876],[-36.083207,-5.9444],[-36.086062,-5.935358],[-36.08592,-5.930676],[-36.084685,-5.929971],[-36.08442,-5.927442],[-36.084067,-5.926973],[-36.081164,-5.925854],[-36.080379,-5.924712],[-36.081183,-5.924403],[-36.085763,-5.925485],[-36.085586,-5.915371],[-36.087359,-5.910761],[-36.086427,-5.906928],[-36.084771,-5.905101],[-36.084581,-5.904511],[-36.08637,-5.901807],[-36.086732,-5.900703],[-36.086541,-5.899295],[-36.085323,-5.897753],[-36.085266,-5.89703],[-36.085723,-5.896401],[-36.086713,-5.896059],[-36.08736,-5.895202],[-36.087227,-5.894326],[-36.08618,-5.892651],[-36.085019,-5.889453],[-36.085285,-5.888216],[-36.086789,-5.887226],[-36.085628,-5.88479],[-36.085532,-5.883286],[-36.085989,-5.882848],[-36.086903,-5.882772],[-36.087664,-5.883267],[-36.088045,-5.88498],[-36.089549,-5.885665],[-36.089987,-5.886941],[-36.091338,-5.88774],[-36.091015,-5.888483],[-36.089206,-5.888521],[-36.088673,-5.888806],[-36.088407,-5.889777],[-36.088864,-5.891585],[-36.089359,-5.892175],[-36.090996,-5.892099],[-36.09151,-5.892385],[-36.092956,-5.895488],[-36.092804,-5.896344],[-36.090881,-5.897144],[-36.090044,-5.898457],[-36.090063,-5.904282],[-36.090577,-5.904986],[-36.091956,-5.90529],[-36.093984,-5.904244],[-36.096173,-5.903882],[-36.097013,-5.90431],[-36.098305,-5.906604],[-36.098401,-5.907823],[-36.098058,-5.908584],[-36.095545,-5.910335],[-36.095012,-5.91123],[-36.095086,-5.911761],[-36.096056,-5.912515],[-36.098435,-5.918702],[-36.095608,-5.9231],[-36.096416,-5.923403],[-36.096797,-5.924189],[-36.096935,-5.927615],[-36.095959,-5.928567],[-36.094152,-5.928693],[-36.094152,-5.932503],[-36.095104,-5.939641],[-36.099324,-5.943686],[-36.102655,-5.938927],[-36.104796,-5.937262],[-36.107176,-5.931313],[-36.110269,-5.927744],[-36.113363,-5.925364],[-36.119103,-5.926427],[-36.119149,-5.926034],[-36.118006,-5.923901],[-36.117618,-5.922191],[-36.116374,-5.920636],[-36.116004,-5.919237],[-36.112817,-5.915506],[-36.110019,-5.909909],[-36.106987,-5.907655],[-36.105977,-5.90509],[-36.102945,-5.901048],[-36.101779,-5.90027],[-36.101779,-5.898871],[-36.101157,-5.897472],[-36.101313,-5.896928],[-36.102161,-5.896774],[-36.102849,-5.89685],[-36.103004,-5.898016],[-36.104325,-5.898249],[-36.105725,-5.899959],[-36.10658,-5.901359],[-36.106346,-5.903224],[-36.107279,-5.904623],[-36.109378,-5.906023],[-36.110408,-5.9061],[-36.111244,-5.905634],[-36.111943,-5.906023],[-36.112332,-5.908121],[-36.112876,-5.908665],[-36.11342,-5.908588],[-36.113731,-5.907655],[-36.114353,-5.907655],[-36.114975,-5.908432],[-36.117212,-5.913613],[-36.116974,-5.914565],[-36.115903,-5.915493],[-36.115927,-5.916421],[-36.116498,-5.917206],[-36.118973,-5.918538],[-36.119829,-5.919681],[-36.12071,-5.924106],[-36.122168,-5.926662],[-36.125022,-5.926792],[-36.125913,-5.927238],[-36.126611,-5.926986],[-36.12661,-5.927586],[-36.127401,-5.927982],[-36.126396,-5.929532],[-36.126725,-5.930184],[-36.126649,-5.931021],[-36.126078,-5.931573],[-36.125031,-5.931637],[-36.121691,-5.936786],[-36.117884,-5.9375],[-36.115742,-5.942972],[-36.12645,-5.942734],[-36.126925,-5.948207],[-36.13638,-5.952395],[-36.141139,-5.953347],[-36.142662,-5.94954],[-36.142852,-5.94459],[-36.149514,-5.936024],[-36.153893,-5.934311],[-36.15632,-5.932998],[-36.159651,-5.932998],[-36.167027,-5.935377],[-36.169091,-5.936989],[-36.17086,-5.937405],[-36.172193,-5.938547],[-36.174268,-5.938395],[-36.174553,-5.936491],[-36.175277,-5.936149],[-36.176286,-5.937672],[-36.178665,-5.938224],[-36.178798,-5.938852],[-36.178227,-5.939137],[-36.177789,-5.939956],[-36.177808,-5.941269],[-36.178341,-5.942297],[-36.177751,-5.942925],[-36.177275,-5.942811],[-36.176438,-5.941212],[-36.176095,-5.94125],[-36.175277,-5.942373],[-36.17463,-5.942545],[-36.172421,-5.941003],[-36.171812,-5.940927],[-36.170785,-5.941023],[-36.167027,-5.942991],[-36.165201,-5.939745],[-36.162249,-5.938945],[-36.159651,-5.938708],[-36.155368,-5.938946],[-36.151085,-5.945609],[-36.149895,-5.94894],[-36.147754,-5.951558],[-36.147516,-5.956079],[-36.149895,-5.964169],[-36.149657,-5.96512],[-36.14466,-5.965834],[-36.139188,-5.962979],[-36.136332,-5.965596],[-36.142757,-5.974876],[-36.146326,-5.976304],[-36.159413,-5.97797],[-36.17131,-5.974638],[-36.175355,-5.97797],[-36.181216,-5.988919],[-36.181937,-5.988079],[-36.183959,-5.986972],[-36.185173,-5.986687],[-36.189051,-5.986663],[-36.190158,-5.985783],[-36.190562,-5.985925],[-36.190975,-5.986931],[-36.192716,-5.988055],[-36.194048,-5.98815],[-36.195321,-5.987222],[-36.195845,-5.987246],[-36.196665,-5.989066],[-36.198046,-5.98959],[-36.19889,-5.989495],[-36.200026,-5.988153],[-36.201159,-5.987915],[-36.203603,-5.988054],[-36.205458,-5.986836],[-36.206671,-5.986497],[-36.207384,-5.985581],[-36.208379,-5.985682],[-36.209593,-5.987139],[-36.211806,-5.98791],[-36.21339,-5.988124],[-36.214789,-5.987924],[-36.215773,-5.987064],[-36.216089,-5.985336],[-36.214661,-5.981267],[-36.213614,-5.980387],[-36.210093,-5.972463],[-36.207217,-5.968588],[-36.205705,-5.96457],[-36.204753,-5.96417],[-36.20185,-5.964183],[-36.201964,-5.963631],[-36.203582,-5.962888],[-36.204211,-5.962184],[-36.201192,-5.953556],[-36.201269,-5.952574],[-36.203447,-5.955874],[-36.206485,-5.956804],[-36.206771,-5.957984],[-36.208141,-5.959335],[-36.20915,-5.961372],[-36.210616,-5.962609],[-36.212139,-5.9632],[-36.214118,-5.96457],[-36.214727,-5.965769],[-36.214842,-5.966931],[-36.213855,-5.969176],[-36.213817,-5.970013],[-36.214651,-5.970518],[-36.218043,-5.970565],[-36.218995,-5.970984],[-36.219338,-5.972849],[-36.218538,-5.97422],[-36.218671,-5.974772],[-36.220956,-5.974905],[-36.221584,-5.975457],[-36.226457,-5.976124],[-36.228265,-5.974201],[-36.228532,-5.973401],[-36.228589,-5.972507],[-36.22758,-5.96948],[-36.228189,-5.967405],[-36.228932,-5.967767],[-36.230131,-5.971726],[-36.229484,-5.975077],[-36.229465,-5.977475],[-36.230911,-5.978808],[-36.231635,-5.980292],[-36.223757,-5.98104],[-36.222326,-5.981587],[-36.222079,-5.982443],[-36.225705,-5.984761],[-36.226205,-5.985784],[-36.226716,-5.986129],[-36.228394,-5.986117],[-36.230262,-5.985273],[-36.231249,-5.985451],[-36.231309,-5.985975],[-36.228144,-5.987485],[-36.228251,-5.988116],[-36.229346,-5.98927],[-36.228944,-5.990347],[-36.22904,-5.992822],[-36.227613,-5.99375],[-36.227541,-5.995106],[-36.226078,-5.99607],[-36.225792,-5.998104],[-36.224923,-5.998846],[-36.224124,-5.998085],[-36.224124,-5.995858],[-36.223819,-5.995401],[-36.221782,-5.993821],[-36.220716,-5.994335],[-36.220259,-5.992488],[-36.218774,-5.99108],[-36.217929,-5.99073],[-36.216889,-5.990658],[-36.216518,-5.991257],[-36.217561,-5.994663],[-36.219064,-5.997251],[-36.218874,-5.997561],[-36.218374,-5.997228],[-36.21532,-5.991983],[-36.213151,-5.992088],[-36.212544,-5.99398],[-36.211842,-5.993968],[-36.211295,-5.993599],[-36.210272,-5.991532],[-36.207708,-5.989242],[-36.207208,-5.989266],[-36.206541,-5.99037],[-36.20571,-5.990922],[-36.202525,-5.991037],[-36.201878,-5.991931],[-36.200545,-5.991627],[-36.200507,-5.992502],[-36.200126,-5.992693],[-36.195098,-5.990334],[-36.192086,-5.98985],[-36.190451,-5.988843],[-36.186417,-5.98823],[-36.183699,-5.988668],[-36.18211,-5.990617],[-36.182303,-5.990985],[-36.180876,-5.992889],[-36.184921,-5.99741],[-36.186586,-6.000503],[-36.175641,-5.997648],[-36.174927,-5.994554],[-36.165885,-5.983847],[-36.163506,-5.982895],[-36.151608,-5.989082],[-36.148515,-5.991937],[-36.148991,-6.000503],[-36.145898,-6.002407],[-36.141139,-6.000027],[-36.138283,-5.993127],[-36.134714,-5.988606],[-36.131383,-5.982657],[-36.127576,-5.977898],[-36.120913,-5.97647],[-36.114251,-5.979802],[-36.112109,-5.983609],[-36.112109,-5.98932],[-36.113775,-5.993365],[-36.114489,-5.999075],[-36.117106,-6.006452],[-36.117344,-6.010735],[-36.120239,-6.015494],[-36.121429,-6.020728],[-36.121905,-6.024774],[-36.126426,-6.03334],[-36.133564,-6.03215],[-36.13523,-6.034291],[-36.136895,-6.038099],[-36.140703,-6.044047],[-36.142606,-6.047854],[-36.142492,-6.053292],[-36.143682,-6.056862],[-36.143979,-6.064595],[-36.139815,-6.064595],[-36.134759,-6.057456],[-36.132677,-6.051805],[-36.126728,-6.046749],[-36.117805,-6.036934],[-36.115723,-6.033959],[-36.119292,-6.047046],[-36.123754,-6.05359],[-36.122267,-6.056862],[-36.118103,-6.055969],[-36.112451,-6.045857],[-36.109775,-6.038123],[-36.10799,-6.03158],[-36.105313,-6.026226],[-36.091929,-6.017303],[-36.088657,-6.014329],[-36.085088,-6.019088],[-36.085088,-6.025334],[-36.077949,-6.029795],[-36.074083,-6.03039],[-36.072893,-6.036041],[-36.067837,-6.039313],[-36.059806,-6.042287],[-36.055047,-6.041395],[-36.059211,-6.035446],[-36.064267,-6.033067],[-36.06397,-6.030093],[-36.064267,-6.026523],[-36.06278,-6.022954],[-36.057724,-6.025929],[-36.053857,-6.032472],[-36.050585,-6.035446],[-36.047611,-6.041693],[-36.044637,-6.044072],[-36.037498,-6.044964],[-36.036011,-6.041693],[-36.040175,-6.037826],[-36.042852,-6.033959],[-36.044042,-6.028605],[-36.049991,-6.022954],[-36.050883,-6.01998],[-36.05237,-6.0176],[-36.05118,-6.014329],[-36.046124,-6.008083],[-36.042852,-6.006893],[-36.038986,-6.003324],[-36.035714,-6.003026],[-36.03036,-6.006001],[-36.027683,-6.009272],[-36.028278,-6.012247],[-36.034227,-6.01879],[-36.035714,-6.021467],[-36.035119,-6.023252],[-36.03036,-6.024441],[-36.015488,-6.020872],[-36.009299,-6.019911],[-36.002827,-6.01382],[-35.99902,-6.011155],[-35.996545,-6.010583],[-35.992929,-6.01401],[-35.987218,-6.020863],[-35.985124,-6.022766],[-35.982078,-6.024479],[-35.978462,-6.025051],[-35.974464,-6.024099],[-35.970467,-6.021243],[-35.971228,-6.018578],[-35.97218,-6.012868],[-35.975226,-6.006967],[-35.976558,-6.00335],[-35.975797,-5.997639],[-35.97218,-5.994974],[-35.968373,-5.994784],[-35.964375,-5.995545],[-35.959616,-5.992309],[-35.957903,-5.991928],[-35.954477,-5.989835],[-35.947814,-5.988121],[-35.94572,-5.988883],[-35.948195,-5.995355],[-35.950098,-5.999162],[-35.952383,-6.001446],[-35.955999,-6.006967],[-35.958284,-6.009251],[-35.959045,-6.013439],[-35.958664,-6.015723],[-35.953906,-6.018578],[-35.952954,-6.023337],[-35.94039,-6.022957],[-35.936964,-6.023908],[-35.936583,-6.029048],[-35.941913,-6.037614],[-35.935631,-6.039137],[-35.933988,-6.041161],[-35.932465,-6.045349],[-35.932275,-6.060006],[-35.927325,-6.060578],[-35.927325,-6.064004],[-35.925612,-6.068001],[-35.921234,-6.070095],[-35.921044,-6.072951],[-35.922186,-6.080184],[-35.921995,-6.084562],[-35.920128,-6.093862],[-35.920128,-6.100406],[-35.920723,-6.103975],[-35.925779,-6.108139],[-35.925779,-6.117657],[-35.929348,-6.123605],[-35.927861,-6.125985],[-35.923697,-6.124498],[-35.919235,-6.118252],[-35.918343,-6.120929],[-35.913882,-6.117359],[-35.913882,-6.115872],[-35.911502,-6.118847],[-35.910907,-6.122118],[-35.907041,-6.1242],[-35.904066,-6.117954],[-35.902282,-6.115575],[-35.899902,-6.110816],[-35.895441,-6.107544],[-35.894251,-6.109031],[-35.894549,-6.11379],[-35.890087,-6.113195],[-35.88741,-6.109031],[-35.887113,-6.105462],[-35.882949,-6.097729],[-35.880569,-6.096242],[-35.87819,-6.088211],[-35.876703,-6.085832],[-35.872836,-6.080478],[-35.869564,-6.076909],[-35.8654,-6.073042],[-35.863021,-6.069175],[-35.858857,-6.065904],[-35.853503,-6.068878],[-35.857369,-6.081073],[-35.857667,-6.084939],[-35.852016,-6.08256],[-35.844282,-6.069175],[-35.839523,-6.066201],[-35.80637,-6.063167],[-35.804228,-6.066974],[-35.798279,-6.063405],[-35.7959,-6.060788],[-35.788286,-6.064119],[-35.787334,-6.067212],[-35.787334,-6.06983],[-35.784479,-6.073875],[-35.787096,-6.082203],[-35.78662,-6.08601],[-35.787096,-6.088151],[-35.791617,-6.09291],[-35.793996,-6.093624],[-35.796376,-6.089579],[-35.799707,-6.086486],[-35.806608,-6.082679],[-35.808749,-6.082679],[-35.80518,-6.091007],[-35.810177,-6.094814],[-35.815887,-6.090769],[-35.81446,-6.097907],[-35.811367,-6.098859],[-35.807797,-6.10219],[-35.810891,-6.105284],[-35.816839,-6.103142],[-35.82136,-6.103618],[-35.822312,-6.109091],[-35.826595,-6.105997],[-35.828499,-6.103142],[-35.832306,-6.103142],[-35.83183,-6.099335],[-35.835637,-6.097907],[-35.840872,-6.098145],[-35.844917,-6.095528],[-35.848486,-6.100525],[-35.850628,-6.105046],[-35.855387,-6.10338],[-35.858718,-6.105046],[-35.861335,-6.11028],[-35.864191,-6.110518],[-35.867284,-6.111708],[-35.869187,-6.115991],[-35.867284,-6.117657],[-35.863239,-6.11956],[-35.85967,-6.120512],[-35.838968,-6.122892],[-35.834348,-6.128791],[-35.841487,-6.132598],[-35.848149,-6.13355],[-35.849101,-6.138784],[-35.841962,-6.142116],[-35.832445,-6.140212],[-35.828637,-6.137357],[-35.823403,-6.142592],[-35.823403,-6.148302],[-35.824354,-6.154489],[-35.821023,-6.159724],[-35.800322,-6.161776],[-35.804208,-6.166065],[-35.812432,-6.165104],[-35.826853,-6.172817],[-35.834738,-6.168568],[-35.835416,-6.168906],[-35.836803,-6.168401],[-35.837522,-6.168771],[-35.838046,-6.168501],[-35.839841,-6.168763],[-35.844262,-6.167099],[-35.845522,-6.166182],[-35.845968,-6.16529],[-35.846087,-6.163703],[-35.847791,-6.161842],[-35.85522,-6.160605],[-35.85975,-6.161739],[-35.877909,-6.156944],[-35.889396,-6.159149],[-35.892156,-6.156675],[-35.895053,-6.158024],[-35.898397,-6.154246],[-35.89957,-6.153829],[-35.900587,-6.154759],[-35.901152,-6.154725],[-35.902346,-6.153964],[-35.902984,-6.154311],[-35.904221,-6.154015],[-35.904859,-6.15446],[-35.906153,-6.154028],[-35.906865,-6.153046],[-35.908519,-6.152853],[-35.910672,-6.150545],[-35.911268,-6.150276],[-35.915659,-6.151558],[-35.916414,-6.153351],[-35.917821,-6.154399],[-35.917425,-6.155128],[-35.916098,-6.155775],[-35.915909,-6.15764],[-35.916351,-6.158453],[-35.918919,-6.160704],[-35.919984,-6.161092],[-35.920825,-6.162361],[-35.922336,-6.161821],[-35.922798,-6.162337],[-35.923251,-6.162331],[-35.922958,-6.164629],[-35.93006,-6.16592],[-35.932142,-6.166812],[-35.944659,-6.163764],[-35.950608,-6.167333],[-35.955013,-6.172288],[-35.955247,-6.172331],[-35.956493,-6.168335],[-35.957462,-6.168188],[-35.958299,-6.169126],[-35.959277,-6.169257],[-35.96154,-6.171741],[-35.962665,-6.172225],[-35.963365,-6.172184],[-35.964806,-6.173007],[-35.965291,-6.174776],[-35.966669,-6.175066],[-35.966688,-6.175481],[-35.967717,-6.174862],[-35.968357,-6.175258],[-35.971106,-6.175265],[-35.971481,-6.17559],[-35.972006,-6.173639],[-35.971973,-6.171247],[-35.970479,-6.169678],[-35.968737,-6.169307],[-35.9695,-6.168752],[-35.971925,-6.169251],[-35.972391,-6.164366],[-35.968299,-6.156371],[-35.965729,-6.154277],[-35.965919,-6.152088],[-35.968679,-6.150185],[-35.975938,-6.149196],[-35.980673,-6.147308],[-35.981126,-6.149368],[-35.982205,-6.149522],[-35.982721,-6.149256],[-35.983173,-6.147978],[-35.984915,-6.148201],[-35.984912,-6.146648],[-35.986715,-6.145487],[-35.985912,-6.144303],[-35.985136,-6.143794],[-35.985036,-6.143213],[-35.986798,-6.140811],[-35.985806,-6.138304],[-35.986148,-6.137037],[-35.985526,-6.135809],[-35.984758,-6.135791],[-35.984393,-6.131086],[-35.983443,-6.125688],[-35.983471,-6.120711],[-35.985458,-6.120757],[-35.988426,-6.118467],[-35.989208,-6.116034],[-35.988786,-6.115412],[-35.98921,-6.114853],[-35.989321,-6.113706],[-35.988881,-6.113283],[-35.989892,-6.113036],[-35.989094,-6.112171],[-35.988733,-6.110436],[-35.990228,-6.109662],[-35.988753,-6.107599],[-35.989863,-6.106653],[-35.990001,-6.105691],[-35.987974,-6.104199],[-35.988029,-6.094248],[-35.98869,-6.094643],[-35.99066,-6.094382],[-35.991293,-6.094679],[-35.992125,-6.094174],[-35.992268,-6.092866],[-35.99409,-6.091718],[-35.994072,-6.090263],[-35.994535,-6.089818],[-35.994659,-6.088926],[-35.994629,-6.08743],[-35.998762,-6.08688],[-35.999983,-6.087088],[-36.001273,-6.088069],[-36.003655,-6.08718],[-36.004408,-6.086303],[-36.005226,-6.086103],[-36.01208,-6.087122],[-36.018743,-6.092364],[-36.021955,-6.091935],[-36.023669,-6.088723],[-36.022955,-6.086867],[-36.021741,-6.085225],[-36.021884,-6.083583],[-36.023092,-6.080203],[-36.022414,-6.078977],[-36.022978,-6.077704],[-36.022379,-6.076962],[-36.021992,-6.075601],[-36.023561,-6.075382],[-36.023863,-6.073455],[-36.024862,-6.072133],[-36.025089,-6.070971],[-36.02679,-6.072295],[-36.028758,-6.072696],[-36.030113,-6.071479],[-36.030231,-6.070993],[-36.031778,-6.07149],[-36.034104,-6.074349],[-36.035159,-6.074132],[-36.035688,-6.073583],[-36.035444,-6.075982],[-36.036369,-6.0766],[-36.039659,-6.081775],[-36.045465,-6.086248],[-36.048858,-6.090115],[-36.052491,-6.091433],[-36.062077,-6.091619],[-36.063338,-6.09254],[-36.06765,-6.099033],[-36.069684,-6.100142],[-36.069665,-6.101027],[-36.071712,-6.101022],[-36.07307,-6.101365],[-36.074431,-6.102163],[-36.07499,-6.101818],[-36.076351,-6.102126],[-36.077259,-6.101936],[-36.077828,-6.101362],[-36.080649,-6.104375],[-36.082272,-6.103727],[-36.083507,-6.101918],[-36.083302,-6.099439],[-36.084054,-6.097321],[-36.084878,-6.097325],[-36.085103,-6.097788],[-36.086498,-6.097334],[-36.087502,-6.098335],[-36.090365,-6.09968],[-36.091883,-6.099522],[-36.092673,-6.100121],[-36.094418,-6.099894],[-36.095464,-6.100528],[-36.095746,-6.099521],[-36.096539,-6.099214],[-36.098221,-6.099486],[-36.100045,-6.100245],[-36.107402,-6.100287],[-36.11025,-6.102363],[-36.112659,-6.105024],[-36.114613,-6.106238],[-36.1158,-6.104186],[-36.116473,-6.1042],[-36.11728,-6.103053],[-36.118529,-6.10261],[-36.119034,-6.102085],[-36.118739,-6.100912],[-36.117719,-6.099212],[-36.116304,-6.097789],[-36.116585,-6.097053],[-36.117557,-6.096083],[-36.117717,-6.095577],[-36.117146,-6.09487],[-36.118835,-6.091006],[-36.121022,-6.089452],[-36.12123,-6.089001],[-36.121002,-6.088559],[-36.122625,-6.088233],[-36.125664,-6.091519],[-36.12668,-6.091498],[-36.127105,-6.090852],[-36.128031,-6.091168],[-36.128617,-6.090724],[-36.129588,-6.090601],[-36.131329,-6.091167],[-36.133365,-6.092646],[-36.135582,-6.091715],[-36.136769,-6.091908],[-36.138497,-6.093042],[-36.139362,-6.095248],[-36.139895,-6.095597],[-36.140664,-6.0954],[-36.140834,-6.096315],[-36.142524,-6.096282],[-36.144237,-6.097398],[-36.14722,-6.09981],[-36.147527,-6.100588],[-36.149161,-6.101626],[-36.152911,-6.105367],[-36.156679,-6.107776],[-36.157613,-6.109071],[-36.159128,-6.106742],[-36.162376,-6.108109],[-36.163002,-6.110091],[-36.164155,-6.10964],[-36.164293,-6.11134],[-36.16575,-6.113301],[-36.166039,-6.114455],[-36.165879,-6.115082],[-36.167877,-6.116368],[-36.168486,-6.117119],[-36.168915,-6.117327],[-36.169476,-6.116947],[-36.16962,-6.116208],[-36.170707,-6.117295],[-36.18404,-6.119533],[-36.19451,-6.126434],[-36.20141,-6.127862],[-36.204266,-6.11763],[-36.20291,-6.107851],[-36.204694,-6.100118],[-36.210048,-6.097144],[-36.219566,-6.099523],[-36.22492,-6.101308],[-36.230274,-6.106661],[-36.237412,-6.11499],[-36.235593,-6.125162],[-36.220684,-6.117868],[-36.225681,-6.128337],[-36.232225,-6.143995],[-36.232523,-6.152472],[-36.234754,-6.159164],[-36.232672,-6.165411],[-36.232077,-6.171657],[-36.235887,-6.178823],[-36.238933,-6.180917],[-36.247689,-6.17749],[-36.24845,-6.173112],[-36.24807,-6.169686],[-36.251877,-6.168353],[-36.255874,-6.167973],[-36.255684,-6.164356],[-36.256065,-6.160549],[-36.261204,-6.160929],[-36.26444,-6.163023],[-36.266534,-6.168353],[-36.270913,-6.175206],[-36.27537,-6.17822],[-36.287275,-6.178996],[-36.287836,-6.179446],[-36.290125,-6.179858],[-36.290369,-6.176937],[-36.291917,-6.176939],[-36.292088,-6.175412],[-36.29294,-6.175255],[-36.293599,-6.175604],[-36.294716,-6.175608],[-36.295426,-6.175136],[-36.295388,-6.174185],[-36.294955,-6.173555],[-36.294155,-6.170251],[-36.293223,-6.169649],[-36.29289,-6.168943],[-36.293542,-6.166118],[-36.29127,-6.155672],[-36.289367,-6.149012],[-36.289454,-6.147687],[-36.282033,-6.148477],[-36.276084,-6.146335],[-36.279415,-6.136342],[-36.279653,-6.133724],[-36.287743,-6.134676],[-36.29512,-6.133248],[-36.297499,-6.130631],[-36.297737,-6.125872],[-36.292502,-6.119685],[-36.288933,-6.116116],[-36.285602,-6.109692],[-36.286316,-6.106123],[-36.299879,-6.095653],[-36.301306,-6.089942],[-36.304637,-6.089942],[-36.30927,-6.097128],[-36.313077,-6.099746],[-36.321167,-6.099746],[-36.323308,-6.092845],[-36.329495,-6.092845],[-36.33235,-6.093559],[-36.338537,-6.088324],[-36.344723,-6.081186],[-36.352377,-6.074959],[-36.358326,-6.073056],[-36.361419,-6.071152],[-36.354281,-6.065204],[-36.353329,-6.059017],[-36.343811,-6.058303],[-36.339766,-6.053544],[-36.336435,-6.045692],[-36.327155,-6.034509],[-36.323348,-6.028084],[-36.322174,-6.023013],[-36.322325,-6.019395],[-36.325039,-6.009143],[-36.322928,-6.002208],[-36.317953,-6.0007],[-36.314033,-6.000399],[-36.311772,-5.991353],[-36.308154,-5.98683],[-36.300314,-5.98487],[-36.299737,-5.977481],[-36.30126,-5.972531],[-36.304686,-5.968724],[-36.308874,-5.966821],[-36.312491,-5.968534],[-36.31744,-5.975196],[-36.320676,-5.972531],[-36.323912,-5.969105],[-36.330003,-5.970437],[-36.327529,-5.966821],[-36.322389,-5.965488],[-36.311158,-5.963585],[-36.304496,-5.959206],[-36.298214,-5.95559],[-36.297072,-5.950831],[-36.300498,-5.949308],[-36.305638,-5.942836],[-36.309635,-5.939029],[-36.310397,-5.937125],[-36.318772,-5.938648],[-36.32277,-5.93998],[-36.330384,-5.946262],[-36.33895,-5.947404],[-36.342757,-5.941884],[-36.346184,-5.935602],[-36.338379,-5.926465],[-36.334382,-5.917899],[-36.335467,-5.914771],[-36.332611,-5.914771],[-36.326139,-5.912106],[-36.32633,-5.908679],[-36.320048,-5.906585],[-36.319096,-5.902969],[-36.324997,-5.899352],[-36.328233,-5.899923],[-36.328614,-5.892118],[-36.331783,-5.890035],[-36.333629,-5.887915],[-36.332922,-5.887083],[-36.332428,-5.885757],[-36.331548,-5.884912],[-36.330774,-5.884766],[-36.330614,-5.883292],[-36.330978,-5.882585],[-36.330306,-5.881611],[-36.330322,-5.880286],[-36.331111,-5.879021],[-36.330502,-5.879033],[-36.329749,-5.876303],[-36.329235,-5.875967],[-36.328729,-5.874928],[-36.329804,-5.873755],[-36.329735,-5.873108],[-36.329296,-5.872563],[-36.328122,-5.872007],[-36.327025,-5.869961],[-36.326899,-5.869037],[-36.325903,-5.869076],[-36.325536,-5.86846],[-36.324882,-5.868152],[-36.324646,-5.865654],[-36.323864,-5.865481],[-36.32276,-5.86598],[-36.319676,-5.866094],[-36.314446,-5.864171],[-36.309497,-5.864719],[-36.301716,-5.861221],[-36.297504,-5.858865],[-36.293292,-5.855653],[-36.291365,-5.851727],[-36.292079,-5.848514],[-36.293219,-5.846686],[-36.293845,-5.846011],[-36.294675,-5.845687],[-36.295975,-5.843778],[-36.296666,-5.843647],[-36.297457,-5.842757],[-36.297456,-5.841979],[-36.296507,-5.841511],[-36.296025,-5.840854],[-36.294787,-5.840574],[-36.293827,-5.840714],[-36.293132,-5.841248],[-36.291671,-5.840605],[-36.289881,-5.84084],[-36.288949,-5.840496],[-36.28837,-5.840105],[-36.287876,-5.839004],[-36.282692,-5.835005],[-36.278931,-5.834526],[-36.27549,-5.836512],[-36.273202,-5.838781],[-36.272863,-5.838754],[-36.272916,-5.839064],[-36.26961,-5.842341],[-36.266587,-5.84363],[-36.265268,-5.840873],[-36.264351,-5.838159],[-36.264413,-5.837392],[-36.263173,-5.836737],[-36.262734,-5.835699],[-36.261531,-5.834344],[-36.262236,-5.832187],[-36.259545,-5.832421],[-36.259117,-5.831462],[-36.257638,-5.832498],[-36.25725,-5.832282],[-36.255941,-5.833552],[-36.253693,-5.834512],[-36.251061,-5.836223],[-36.248478,-5.83363],[-36.246222,-5.833341],[-36.245815,-5.834287],[-36.246023,-5.835429],[-36.247571,-5.836377],[-36.247579,-5.837256],[-36.248719,-5.838316],[-36.248937,-5.839661],[-36.250054,-5.84087],[-36.250422,-5.843874],[-36.251295,-5.845123],[-36.249614,-5.846506],[-36.247064,-5.846284],[-36.24532,-5.846613],[-36.244631,-5.847312],[-36.245203,-5.8493],[-36.244529,-5.849518],[-36.24357,-5.849109],[-36.242714,-5.850373],[-36.241595,-5.851045],[-36.241354,-5.850575],[-36.239656,-5.849785],[-36.238972,-5.849902],[-36.238979,-5.851725],[-36.238506,-5.852179],[-36.23777,-5.852391],[-36.236694,-5.851708],[-36.235891,-5.851724],[-36.235172,-5.852212],[-36.234896,-5.853189],[-36.233291,-5.852152],[-36.23251,-5.852168],[-36.231359,-5.853755],[-36.229225,-5.853744],[-36.228242,-5.852402],[-36.227657,-5.852213],[-36.227523,-5.850848],[-36.225724,-5.85036],[-36.22474,-5.851208],[-36.223371,-5.851642],[-36.223075,-5.852829],[-36.221524,-5.853528],[-36.220713,-5.853639],[-36.218531,-5.853044],[-36.217897,-5.855005],[-36.216516,-5.855565],[-36.215092,-5.855227],[-36.213918,-5.855815],[-36.213538,-5.855623],[-36.213079,-5.854325],[-36.211658,-5.85417],[-36.21071,-5.853701],[-36.209819,-5.854598],[-36.207579,-5.855688],[-36.206806,-5.855672],[-36.206087,-5.855092],[-36.205194,-5.856141],[-36.200899,-5.856513],[-36.198971,-5.855261],[-36.195212,-5.853527],[-36.189719,-5.853527],[-36.185382,-5.852757],[-36.17633,-5.853001],[-36.173047,-5.850057],[-36.170057,-5.848905],[-36.166431,-5.84986],[-36.162148,-5.852906],[-36.157199,-5.850907],[-36.154534,-5.848813],[-36.151619,-5.848776],[-36.150749,-5.851061],[-36.151706,-5.858374],[-36.150388,-5.859949],[-36.148851,-5.859611],[-36.145901,-5.857137],[-36.14295,-5.855233],[-36.142189,-5.853996],[-36.141046,-5.854757],[-36.140571,-5.85628],[-36.139238,-5.857613],[-36.136986,-5.858717],[-36.134123,-5.859561],[-36.129018,-5.857506],[-36.125802,-5.855552],[-36.121904,-5.853882],[-36.12079,-5.851377],[-36.117026,-5.848027],[-36.11704,-5.845452],[-36.115345,-5.841437],[-36.112963,-5.840629],[-36.111968,-5.839622],[-36.110771,-5.839455],[-36.108482,-5.837609],[-36.108027,-5.837553],[-36.106807,-5.833666],[-36.106038,-5.833373],[-36.105572,-5.832298],[-36.104763,-5.832101],[-36.102175,-5.829835],[-36.101621,-5.829276],[-36.10163,-5.828816],[-36.100023,-5.829038],[-36.099738,-5.828742],[-36.098547,-5.829751],[-36.09788,-5.831099],[-36.096998,-5.831081],[-36.094727,-5.832139],[-36.092442,-5.834378],[-36.091149,-5.83463],[-36.089859,-5.836154],[-36.087924,-5.836144],[-36.086203,-5.83728],[-36.085461,-5.838089],[-36.085031,-5.839573],[-36.083548,-5.840552],[-36.082499,-5.839449],[-36.08058,-5.840946],[-36.079051,-5.840031],[-36.076752,-5.840032],[-36.076015,-5.839472],[-36.074962,-5.840988],[-36.075167,-5.841461],[-36.066663,-5.841098],[-36.064435,-5.843881],[-36.065146,-5.846436],[-36.064429,-5.84698],[-36.06462,-5.848476],[-36.06539,-5.850452],[-36.064586,-5.85332],[-36.063338,-5.852053],[-36.06008,-5.851831],[-36.059539,-5.850464],[-36.056349,-5.851709],[-36.055232,-5.84953],[-36.0542,-5.849018],[-36.053351,-5.849441],[-36.052546,-5.850359],[-36.050655,-5.850459],[-36.050485,-5.849763],[-36.049607,-5.849337],[-36.047255,-5.846154],[-36.044836,-5.845824],[-36.043819,-5.846386],[-36.043147,-5.845808],[-36.042181,-5.845828],[-36.03786,-5.842245],[-36.033673,-5.83977],[-36.029104,-5.835202],[-36.02444,-5.833584],[-36.021497,-5.830272],[-36.016754,-5.829214],[-36.009496,-5.829333],[-36.007593,-5.825883],[-36.001644,-5.81944],[-36.001378,-5.817654],[-35.999821,-5.81582],[-35.994754,-5.814089],[-35.993857,-5.811469],[-35.99351,-5.810795],[-35.992908,-5.810504],[-35.992249,-5.808583],[-35.990219,-5.806601],[-35.990085,-5.804936],[-35.988305,-5.804396],[-35.987962,-5.804572],[-35.98589,-5.803532],[-35.985584,-5.802756],[-35.984142,-5.802147],[-35.981495,-5.799009],[-35.980369,-5.798565],[-35.979983,-5.797771],[-35.977455,-5.797079],[-35.976499,-5.793972],[-35.973784,-5.795398],[-35.973449,-5.797086],[-35.970007,-5.797023],[-35.969257,-5.797431],[-35.966865,-5.800481],[-35.965775,-5.800614],[-35.965293,-5.801866],[-35.963138,-5.804518],[-35.96201,-5.804701],[-35.960934,-5.805604],[-35.959619,-5.805589],[-35.958315,-5.804821],[-35.957462,-5.804685],[-35.956279,-5.805689],[-35.953719,-5.806248],[-35.95182,-5.807374],[-35.95078,-5.807516],[-35.94964,-5.807061],[-35.948712,-5.80708],[-35.947505,-5.807629],[-35.946145,-5.810349],[-35.94614,-5.810926],[-35.945465,-5.811369],[-35.943585,-5.815056],[-35.940611,-5.815294],[-35.938707,-5.813271],[-35.932759,-5.810416],[-35.929914,-5.807676],[-35.926576,-5.803812],[-35.926586,-5.802095],[-35.925711,-5.800468],[-35.926195,-5.798768],[-35.925378,-5.797564],[-35.924631,-5.797381],[-35.923708,-5.796636],[-35.923389,-5.796852],[-35.920347,-5.792906],[-35.916933,-5.790026],[-35.913512,-5.78829],[-35.910668,-5.785699],[-35.90554,-5.782524],[-35.900723,-5.77688],[-35.897725,-5.771655],[-35.896948,-5.771403],[-35.896962,-5.770452],[-35.894566,-5.76863],[-35.893565,-5.767286],[-35.893006,-5.767105],[-35.892587,-5.765737],[-35.889382,-5.763194],[-35.889025,-5.761726],[-35.887503,-5.760651],[-35.885102,-5.756828],[-35.885506,-5.756408],[-35.88563,-5.755315],[-35.883299,-5.752381],[-35.881906,-5.752187],[-35.880984,-5.750403],[-35.880861,-5.74877],[-35.880304,-5.74859],[-35.876566,-5.745408],[-35.877118,-5.744878],[-35.877244,-5.743699],[-35.87464,-5.738955],[-35.871714,-5.736605],[-35.867336,-5.731846],[-35.861256,-5.724101],[-35.859528,-5.723911],[-35.859088,-5.72735],[-35.865929,-5.733001],[-35.870985,-5.735975],[-35.874554,-5.74817],[-35.874852,-5.752037],[-35.87277,-5.754416],[-35.873662,-5.761852],[-35.876041,-5.764826],[-35.877231,-5.767503],[-35.8808,-5.768098],[-35.884667,-5.765124],[-35.889128,-5.766314],[-35.891805,-5.77137],[-35.895077,-5.779698],[-35.899539,-5.785647],[-35.904892,-5.791893],[-35.909651,-5.800518],[-35.906677,-5.801708],[-35.900728,-5.799626],[-35.893887,-5.788918],[-35.893293,-5.788621],[-35.890616,-5.783862],[-35.88437,-5.782077],[-35.882288,-5.787729],[-35.886452,-5.790108],[-35.888831,-5.795462],[-35.885262,-5.798139],[-35.882882,-5.806467],[-35.879611,-5.807954],[-35.879313,-5.81301],[-35.880205,-5.820149],[-35.881395,-5.825205],[-35.887046,-5.832344],[-35.887587,-5.837043],[-35.887587,-5.843824],[-35.888658,-5.84668],[-35.896153,-5.851677],[-35.900436,-5.855603],[-35.905076,-5.857387],[-35.908645,-5.861313],[-35.913023,-5.867272],[-35.913827,-5.848594],[-35.934528,-5.874292],[-35.938811,-5.876434],[-35.938455,-5.863228],[-35.944165,-5.862514],[-35.945593,-5.879646],[-35.944522,-5.896065],[-35.955882,-5.910098],[-35.956657,-5.910341],[-35.962011,-5.921406],[-35.969337,-5.935233],[-35.975047,-5.932021]],[[-36.266143,-5.856943],[-36.266444,-5.857547],[-36.265967,-5.859255],[-36.266344,-5.860235],[-36.267625,-5.860964],[-36.269548,-5.861416],[-36.270754,-5.862559],[-36.27054,-5.863112],[-36.269108,-5.862559],[-36.268329,-5.862723],[-36.268043,-5.863167],[-36.268043,-5.864705],[-36.269761,-5.868288],[-36.269673,-5.869243],[-36.268919,-5.869168],[-36.268865,-5.869864],[-36.271508,-5.874482],[-36.272776,-5.876065],[-36.272739,-5.876455],[-36.271771,-5.876216],[-36.270465,-5.875198],[-36.270213,-5.874256],[-36.269007,-5.873176],[-36.268492,-5.871567],[-36.267374,-5.869683],[-36.266218,-5.868904],[-36.26564,-5.867886],[-36.265452,-5.866668],[-36.265841,-5.865286],[-36.265578,-5.864645],[-36.264183,-5.863376],[-36.264133,-5.862308],[-36.264761,-5.861693],[-36.264799,-5.86124],[-36.263618,-5.860248],[-36.263354,-5.859054],[-36.262713,-5.858275],[-36.262726,-5.857685],[-36.263153,-5.857333],[-36.263039,-5.856306],[-36.263605,-5.85575],[-36.265125,-5.85678],[-36.266143,-5.856943]],[[-36.145767,-5.866007],[-36.146528,-5.868006],[-36.147214,-5.868044],[-36.147918,-5.866864],[-36.148603,-5.867321],[-36.148679,-5.868139],[-36.147918,-5.870062],[-36.147975,-5.870957],[-36.148603,-5.872441],[-36.14986,-5.873641],[-36.149707,-5.874002],[-36.146186,-5.871985],[-36.145253,-5.871737],[-36.145234,-5.871223],[-36.145824,-5.870309],[-36.145748,-5.86911],[-36.144891,-5.867835],[-36.143349,-5.867302],[-36.14295,-5.866769],[-36.143102,-5.865627],[-36.142702,-5.863438],[-36.143273,-5.862143],[-36.144133,-5.861611],[-36.144701,-5.861991],[-36.145386,-5.863438],[-36.145767,-5.866007]],[[-36.279011,-5.890093],[-36.279211,-5.892106],[-36.280125,-5.892591],[-36.282152,-5.892649],[-36.282495,-5.893063],[-36.282095,-5.893705],[-36.280596,-5.893819],[-36.28034,-5.895036],[-36.281567,-5.897417],[-36.281296,-5.898702],[-36.282309,-5.900144],[-36.28201,-5.901729],[-36.283194,-5.902271],[-36.283451,-5.902814],[-36.28288,-5.904869],[-36.283095,-5.908039],[-36.28278,-5.909138],[-36.282181,-5.908824],[-36.28191,-5.907805],[-36.28131,-5.907705],[-36.280967,-5.907191],[-36.280296,-5.907348],[-36.279868,-5.907091],[-36.28091,-5.906048],[-36.281039,-5.904849],[-36.279697,-5.902165],[-36.279168,-5.894641],[-36.278697,-5.893642],[-36.277393,-5.892699],[-36.276684,-5.890458],[-36.276956,-5.888417],[-36.276499,-5.886204],[-36.274371,-5.882592],[-36.274443,-5.881136],[-36.275085,-5.880022],[-36.275516,-5.880206],[-36.276199,-5.881544],[-36.276042,-5.882726],[-36.278255,-5.888123],[-36.279582,-5.889008],[-36.279011,-5.890093]],[[-36.264706,-5.91034],[-36.266133,-5.908706],[-36.266035,-5.90955],[-36.26538,-5.910734],[-36.263637,-5.910763],[-36.264706,-5.91034]],[[-36.26336,-5.914514],[-36.26283,-5.915052],[-36.261017,-5.915331],[-36.26046,-5.914783],[-36.26011,-5.913096],[-36.260981,-5.910609],[-36.262242,-5.912473],[-36.263294,-5.912166],[-36.262776,-5.912763],[-36.26336,-5.914514]],[[-36.266687,-5.913455],[-36.26722,-5.915286],[-36.269185,-5.916967],[-36.270606,-5.918774],[-36.272517,-5.919239],[-36.272904,-5.920686],[-36.272698,-5.921305],[-36.272026,-5.921383],[-36.271381,-5.921047],[-36.270038,-5.919678],[-36.268798,-5.917716],[-36.266499,-5.915882],[-36.265854,-5.915055],[-36.265363,-5.912963],[-36.26471,-5.912233],[-36.266096,-5.912473],[-36.266182,-5.913326],[-36.266687,-5.913455]],[[-36.283381,-5.915784],[-36.284456,-5.917102],[-36.286839,-5.922955],[-36.287035,-5.924016],[-36.28678,-5.924605],[-36.285856,-5.924212],[-36.285385,-5.922503],[-36.282084,-5.916688],[-36.282143,-5.915509],[-36.283381,-5.915784]],[[-36.168879,-6.005672],[-36.168911,-6.00413],[-36.169343,-6.00369],[-36.171025,-6.003914],[-36.1716,-6.003487],[-36.171797,-6.002316],[-36.171133,-6.000606],[-36.171292,-6.00032],[-36.172288,-6.000253],[-36.172738,-6.000478],[-36.1744,-6.003305],[-36.173429,-6.004103],[-36.172985,-6.005457],[-36.171754,-6.006555],[-36.171517,-6.009422],[-36.169971,-6.009474],[-36.169651,-6.008628],[-36.168879,-6.005672]],[[-36.286159,-6.034813],[-36.287066,-6.035356],[-36.28755,-6.037574],[-36.288236,-6.037836],[-36.289949,-6.03773],[-36.291579,-6.03984],[-36.294157,-6.041602],[-36.294373,-6.042887],[-36.294032,-6.045116],[-36.296014,-6.047178],[-36.296465,-6.048636],[-36.296373,-6.051361],[-36.295825,-6.051982],[-36.295137,-6.05195],[-36.294739,-6.051303],[-36.294209,-6.04709],[-36.292858,-6.046323],[-36.292003,-6.0454],[-36.292133,-6.042331],[-36.291501,-6.041102],[-36.289589,-6.039449],[-36.286451,-6.039412],[-36.285379,-6.038934],[-36.284539,-6.037925],[-36.284421,-6.037064],[-36.285015,-6.035862],[-36.283557,-6.033523],[-36.283623,-6.031853],[-36.28488,-6.031156],[-36.286591,-6.031588],[-36.286818,-6.030499],[-36.287076,-6.030457],[-36.288069,-6.031114],[-36.288594,-6.032042],[-36.28854,-6.032953],[-36.286044,-6.033371],[-36.285741,-6.033922],[-36.286159,-6.034813]],[[-36.297925,-6.055359],[-36.298641,-6.054649],[-36.299322,-6.054539],[-36.300815,-6.055244],[-36.303089,-6.055108],[-36.303888,-6.055922],[-36.304125,-6.057509],[-36.305969,-6.057831],[-36.306386,-6.058384],[-36.306346,-6.059077],[-36.305821,-6.059451],[-36.304387,-6.059222],[-36.303207,-6.060505],[-36.302185,-6.060411],[-36.301394,-6.059445],[-36.302033,-6.058283],[-36.300949,-6.05725],[-36.300425,-6.056155],[-36.296992,-6.057061],[-36.296325,-6.057931],[-36.295557,-6.057951],[-36.293598,-6.056485],[-36.293445,-6.055417],[-36.293744,-6.054622],[-36.29439,-6.054096],[-36.29533,-6.054144],[-36.296503,-6.05526],[-36.297125,-6.055411],[-36.297925,-6.055359]],[[-36.315341,-6.076414],[-36.317144,-6.076992],[-36.317872,-6.077804],[-36.318641,-6.080519],[-36.318232,-6.080644],[-36.317269,-6.080199],[-36.316149,-6.07823],[-36.31545,-6.077675],[-36.31421,-6.077478],[-36.312175,-6.076589],[-36.309727,-6.076751],[-36.308408,-6.0748],[-36.306019,-6.073991],[-36.305921,-6.073104],[-36.306577,-6.072636],[-36.307929,-6.072748],[-36.310058,-6.074883],[-36.313758,-6.074967],[-36.314556,-6.07536],[-36.315341,-6.076414]]],[[[-35.951908,-5.908848],[-35.956657,-5.911055],[-35.955882,-5.910098],[-35.951908,-5.908848]]]]}},{"type":"Feature","id":5,"properties":{"taxon_1":"Cinturão Orogênico Brasiliano","taxon_2":"Depressão Sertaneja","unidade":"Depressão Interplanáltica Oriental","rotulo":"1.1.1","fonte":"DINIZ et al. (2017) e Folhas Geológicas (CPRM)"},"geometry":{"type":"MultiPolygon","coordinates":[[[[-35.944522,-5.896065],[-35.945593,-5.879646],[-35.944165,-5.862514],[-35.938455,-5.863228],[-35.938811,-5.876434],[-35.934528,-5.874292],[-35.913827,-5.848594],[-35.913023,-5.867272],[-35.908645,-5.861313],[-35.905076,-5.857387],[-35.900436,-5.855603],[-35.896153,-5.851677],[-35.888658,-5.84668],[-35.887587,-5.843824],[-35.887587,-5.837043],[-35.887046,-5.832344],[-35.881395,-5.825205],[-35.880205,-5.820149],[-35.879313,-5.81301],[-35.879611,-5.807954],[-35.882882,-5.806467],[-35.885262,-5.798139],[-35.888831,-5.795462],[-35.886452,-5.790108],[-35.882288,-5.787729],[-35.88437,-5.782077],[-35.890616,-5.783862],[-35.893293,-5.788621],[-35.893887,-5.788918],[-35.900728,-5.799626],[-35.906677,-5.801708],[-35.909651,-5.800518],[-35.904892,-5.791893],[-35.899539,-5.785647],[-35.895077,-5.779698],[-35.891805,-5.77137],[-35.889128,-5.766314],[-35.884667,-5.765124],[-35.8808,-5.768098],[-35.877231,-5.767503],[-35.876041,-5.764826],[-35.873662,-5.761852],[-35.87277,-5.754416],[-35.874852,-5.752037],[-35.874554,-5.74817],[-35.870985,-5.735975],[-35.865929,-5.733001],[-35.859088,-5.72735],[-35.859528,-5.723911],[-35.857247,-5.723661],[-35.852868,-5.724042],[-35.849489,-5.727026],[-35.846392,-5.727555],[-35.841809,-5.729532],[-35.835866,-5.729435],[-35.834245,-5.728778],[-35.833645,-5.728981],[-35.832361,-5.728305],[-35.83135,-5.730029],[-35.831576,-5.731505],[-35.830365,-5.731758],[-35.826652,-5.731451],[-35.821503,-5.732281],[-35.817018,-5.7335],[-35.816158,-5.732611],[-35.814802,-5.734086],[-35.811777,-5.734895],[-35.811314,-5.734657],[-35.810587,-5.735285],[-35.808623,-5.735928],[-35.8052,-5.734764],[-35.801784,-5.732457],[-35.79837,-5.729577],[-35.790664,-5.727817],[-35.785816,-5.726074],[-35.779781,-5.725006],[-35.779007,-5.724404],[-35.777746,-5.724565],[-35.777494,-5.724112],[-35.777031,-5.72427],[-35.774976,-5.722945],[-35.77503,-5.721603],[-35.775556,-5.721098],[-35.775728,-5.720389],[-35.774794,-5.719461],[-35.774119,-5.719475],[-35.773718,-5.718238],[-35.771784,-5.718666],[-35.771124,-5.719255],[-35.767294,-5.716815],[-35.765245,-5.716461],[-35.764999,-5.716168],[-35.765519,-5.714639],[-35.765971,-5.714352],[-35.765962,-5.713344],[-35.765068,-5.713198],[-35.764372,-5.711046],[-35.764022,-5.710739],[-35.760966,-5.7117],[-35.759942,-5.711306],[-35.7596,-5.711663],[-35.759727,-5.712791],[-35.758863,-5.713653],[-35.757505,-5.712956],[-35.757305,-5.714183],[-35.756171,-5.714017],[-35.755309,-5.71277],[-35.755739,-5.712357],[-35.755874,-5.711526],[-35.755503,-5.711533],[-35.754512,-5.710501],[-35.752741,-5.710768],[-35.752522,-5.711219],[-35.750638,-5.7112],[-35.749886,-5.711983],[-35.749237,-5.713597],[-35.745446,-5.712328],[-35.74511,-5.711297],[-35.745332,-5.710029],[-35.742544,-5.708395],[-35.74152,-5.708104],[-35.740845,-5.708354],[-35.740351,-5.707102],[-35.741138,-5.705924],[-35.741485,-5.704506],[-35.741019,-5.703476],[-35.741368,-5.702434],[-35.740577,-5.701785],[-35.73899,-5.701557],[-35.738262,-5.702183],[-35.73712,-5.702564],[-35.736335,-5.702296],[-35.735505,-5.702992],[-35.735364,-5.703713],[-35.734685,-5.704393],[-35.732864,-5.704619],[-35.732534,-5.704962],[-35.73085,-5.703725],[-35.729691,-5.7036],[-35.729803,-5.701373],[-35.729223,-5.700427],[-35.728337,-5.700654],[-35.727649,-5.700314],[-35.727495,-5.699428],[-35.728188,-5.698676],[-35.727318,-5.697461],[-35.728321,-5.695632],[-35.724173,-5.695329],[-35.722949,-5.695548],[-35.722639,-5.695216],[-35.715824,-5.694718],[-35.715984,-5.695225],[-35.715309,-5.697256],[-35.714164,-5.698732],[-35.71293,-5.698706],[-35.712126,-5.699863],[-35.710869,-5.69952],[-35.709692,-5.699858],[-35.709078,-5.698614],[-35.707377,-5.698238],[-35.707141,-5.700279],[-35.70587,-5.700435],[-35.705155,-5.701558],[-35.703583,-5.700267],[-35.701589,-5.701109],[-35.700776,-5.700831],[-35.699892,-5.701105],[-35.69954,-5.701343],[-35.699423,-5.703644],[-35.696203,-5.706111],[-35.695767,-5.707185],[-35.695161,-5.707498],[-35.694792,-5.709389],[-35.693313,-5.711873],[-35.691725,-5.713002],[-35.691741,-5.713786],[-35.691464,-5.714343],[-35.69084,-5.714546],[-35.690612,-5.715917],[-35.689855,-5.716946],[-35.686408,-5.720072],[-35.67774,-5.723233],[-35.674266,-5.720996],[-35.672244,-5.716832],[-35.668485,-5.706523],[-35.666209,-5.704794],[-35.662845,-5.704578],[-35.655897,-5.705125],[-35.653969,-5.704054],[-35.65347,-5.702555],[-35.65204,-5.701279],[-35.645951,-5.700099],[-35.643404,-5.700342],[-35.640906,-5.703483],[-35.63905,-5.706695],[-35.636725,-5.707675],[-35.636719,-5.708633],[-35.635725,-5.708237],[-35.634103,-5.708218],[-35.633612,-5.709149],[-35.63284,-5.708893],[-35.632225,-5.709369],[-35.630537,-5.709802],[-35.630061,-5.71104],[-35.629113,-5.711818],[-35.62815,-5.710922],[-35.627439,-5.711248],[-35.627158,-5.71186],[-35.62673,-5.711864],[-35.626222,-5.713345],[-35.626254,-5.71456],[-35.625216,-5.716861],[-35.624735,-5.717167],[-35.625205,-5.717928],[-35.625251,-5.718691],[-35.625011,-5.724327],[-35.622251,-5.726897],[-35.617016,-5.728039],[-35.614256,-5.727849],[-35.612162,-5.728515],[-35.610639,-5.731085],[-35.607927,-5.732465],[-35.6055,-5.735178],[-35.601359,-5.738033],[-35.598857,-5.742484],[-35.597969,-5.741975],[-35.596802,-5.742001],[-35.595065,-5.743272],[-35.591124,-5.74382],[-35.590157,-5.74483],[-35.588249,-5.745606],[-35.587638,-5.744628],[-35.584938,-5.744059],[-35.583619,-5.744506],[-35.582991,-5.745168],[-35.582593,-5.744952],[-35.582182,-5.745412],[-35.581408,-5.745275],[-35.581074,-5.744428],[-35.579406,-5.744002],[-35.579089,-5.744174],[-35.57682,-5.743379],[-35.575926,-5.742879],[-35.575784,-5.74212],[-35.575146,-5.7419],[-35.572536,-5.741788],[-35.571944,-5.740963],[-35.570964,-5.740487],[-35.571162,-5.739182],[-35.570452,-5.738067],[-35.570525,-5.736848],[-35.569577,-5.736373],[-35.569446,-5.735269],[-35.570234,-5.734593],[-35.569974,-5.734114],[-35.570141,-5.733174],[-35.569574,-5.732667],[-35.570474,-5.73136],[-35.567056,-5.729742],[-35.565737,-5.729906],[-35.564848,-5.729442],[-35.563681,-5.72948],[-35.563519,-5.728446],[-35.562816,-5.728193],[-35.561956,-5.728609],[-35.560717,-5.727457],[-35.560759,-5.726762],[-35.560247,-5.726519],[-35.560179,-5.724917],[-35.559433,-5.724669],[-35.55893,-5.724026],[-35.558863,-5.722899],[-35.560026,-5.722582],[-35.560233,-5.722004],[-35.560031,-5.721564],[-35.559156,-5.721293],[-35.559581,-5.720253],[-35.559358,-5.718939],[-35.55839,-5.718476],[-35.557808,-5.717643],[-35.557801,-5.716748],[-35.557425,-5.717],[-35.556063,-5.716919],[-35.555213,-5.717745],[-35.554172,-5.717592],[-35.553946,-5.718327],[-35.552233,-5.718321],[-35.551733,-5.71918],[-35.550402,-5.719855],[-35.550944,-5.721119],[-35.547969,-5.725878],[-35.544579,-5.728305],[-35.532206,-5.728496],[-35.525733,-5.727925],[-35.514693,-5.728686],[-35.516025,-5.732874],[-35.520023,-5.738014],[-35.520403,-5.742201],[-35.515835,-5.742011],[-35.514883,-5.739727],[-35.51336,-5.737442],[-35.510505,-5.735539],[-35.509363,-5.734016],[-35.507078,-5.732303],[-35.498703,-5.739346],[-35.496609,-5.743153],[-35.497561,-5.748864],[-35.499274,-5.7521],[-35.497941,-5.753813],[-35.494325,-5.75191],[-35.49185,-5.752481],[-35.490137,-5.757811],[-35.49185,-5.761047],[-35.493373,-5.761999],[-35.49699,-5.765996],[-35.497751,-5.76809],[-35.492231,-5.771136],[-35.489375,-5.774752],[-35.484997,-5.775324],[-35.483474,-5.777989],[-35.479477,-5.774943],[-35.471482,-5.772278],[-35.468436,-5.776466],[-35.466342,-5.781415],[-35.455327,-5.792215],[-35.452947,-5.804112],[-35.449945,-5.808916],[-35.451124,-5.808839],[-35.451964,-5.809477],[-35.452472,-5.809443],[-35.455006,-5.808077],[-35.455895,-5.80708],[-35.457104,-5.806577],[-35.458007,-5.804532],[-35.460813,-5.804563],[-35.461396,-5.803574],[-35.462347,-5.802979],[-35.464992,-5.799615],[-35.465093,-5.79787],[-35.465797,-5.795184],[-35.464472,-5.793248],[-35.46427,-5.791536],[-35.464774,-5.791066],[-35.466263,-5.791257],[-35.467203,-5.791727],[-35.468176,-5.793472],[-35.469015,-5.794043],[-35.470463,-5.793741],[-35.470732,-5.793002],[-35.471155,-5.79284],[-35.474956,-5.793002],[-35.475419,-5.793484],[-35.475227,-5.793932],[-35.472378,-5.795155],[-35.471427,-5.796314],[-35.46981,-5.797164],[-35.469425,-5.798585],[-35.466787,-5.801487],[-35.465687,-5.80502],[-35.460936,-5.807416],[-35.457874,-5.810007],[-35.457187,-5.811607],[-35.456943,-5.813926],[-35.456598,-5.814434],[-35.454949,-5.814434],[-35.453967,-5.815023],[-35.453427,-5.816046],[-35.453614,-5.816947],[-35.455812,-5.817428],[-35.456573,-5.817276],[-35.460532,-5.815525],[-35.463017,-5.814984],[-35.465726,-5.814905],[-35.466865,-5.813806],[-35.467805,-5.813715],[-35.469719,-5.814612],[-35.470825,-5.815743],[-35.47216,-5.816313],[-35.474227,-5.818376],[-35.476975,-5.81814],[-35.479528,-5.820321],[-35.483218,-5.820496],[-35.483729,-5.820889],[-35.484475,-5.822593],[-35.487729,-5.825936],[-35.491767,-5.8281],[-35.492315,-5.828128],[-35.496267,-5.826773],[-35.497652,-5.825821],[-35.502452,-5.823939],[-35.504722,-5.822725],[-35.505553,-5.822635],[-35.505539,-5.823232],[-35.505856,-5.823474],[-35.507146,-5.823516],[-35.5138,-5.820476],[-35.519701,-5.819605],[-35.52182,-5.818755],[-35.524216,-5.819611],[-35.525893,-5.82143],[-35.527082,-5.82318],[-35.526947,-5.825535],[-35.527175,-5.826293],[-35.527991,-5.827243],[-35.52926,-5.827787],[-35.534003,-5.829127],[-35.537769,-5.828971],[-35.540555,-5.827899],[-35.542956,-5.827462],[-35.545628,-5.824483],[-35.546457,-5.824138],[-35.548011,-5.824705],[-35.547995,-5.824979],[-35.547229,-5.825192],[-35.547351,-5.825714],[-35.548755,-5.825897],[-35.550971,-5.827807],[-35.552415,-5.830285],[-35.553101,-5.830892],[-35.553995,-5.830906],[-35.55547,-5.829839],[-35.558022,-5.82962],[-35.558805,-5.830483],[-35.558914,-5.831084],[-35.557575,-5.831099],[-35.555051,-5.831939],[-35.554618,-5.832359],[-35.554512,-5.832804],[-35.555361,-5.834209],[-35.555453,-5.835867],[-35.555254,-5.836492],[-35.554268,-5.837081],[-35.553152,-5.837121],[-35.552058,-5.835654],[-35.550336,-5.83433],[-35.548499,-5.83115],[-35.547332,-5.830622],[-35.543943,-5.829907],[-35.543487,-5.83055],[-35.544438,-5.833615],[-35.545165,-5.8347],[-35.545188,-5.83563],[-35.544874,-5.835968],[-35.544115,-5.835843],[-35.542363,-5.834292],[-35.539298,-5.832504],[-35.535824,-5.831401],[-35.535232,-5.831659],[-35.535396,-5.832506],[-35.536835,-5.833346],[-35.538196,-5.834649],[-35.538326,-5.836578],[-35.539231,-5.838311],[-35.538914,-5.839176],[-35.538266,-5.839257],[-35.538017,-5.83743],[-35.536551,-5.835437],[-35.534986,-5.834302],[-35.531028,-5.832289],[-35.52974,-5.832931],[-35.529539,-5.836313],[-35.528902,-5.837523],[-35.528201,-5.837989],[-35.528039,-5.836841],[-35.528631,-5.834755],[-35.527888,-5.832134],[-35.52393,-5.829272],[-35.522529,-5.826184],[-35.522215,-5.82387],[-35.518464,-5.822738],[-35.516996,-5.822819],[-35.514242,-5.823579],[-35.508166,-5.826553],[-35.507089,-5.826843],[-35.504795,-5.82674],[-35.502641,-5.827891],[-35.502174,-5.82786],[-35.500925,-5.826891],[-35.499861,-5.826847],[-35.497695,-5.828036],[-35.494856,-5.830577],[-35.494528,-5.831614],[-35.492604,-5.830909],[-35.49044,-5.831313],[-35.489862,-5.832176],[-35.489738,-5.834084],[-35.489506,-5.834247],[-35.488972,-5.833752],[-35.488685,-5.831937],[-35.486529,-5.831432],[-35.486045,-5.830053],[-35.484141,-5.828404],[-35.481746,-5.824635],[-35.480018,-5.82432],[-35.478409,-5.822318],[-35.476651,-5.821869],[-35.475809,-5.822399],[-35.474492,-5.825531],[-35.474152,-5.825645],[-35.473867,-5.822751],[-35.473364,-5.821746],[-35.471879,-5.820767],[-35.470324,-5.820597],[-35.46935,-5.819058],[-35.46822,-5.818304],[-35.467749,-5.818179],[-35.466761,-5.818769],[-35.463159,-5.818897],[-35.462727,-5.818609],[-35.462679,-5.817584],[-35.461713,-5.817144],[-35.456849,-5.820064],[-35.455341,-5.820001],[-35.453739,-5.821446],[-35.452106,-5.821477],[-35.451352,-5.821194],[-35.449876,-5.819561],[-35.449687,-5.818493],[-35.45014,-5.816641],[-35.451472,-5.814124],[-35.451813,-5.812776],[-35.451845,-5.811493],[-35.451195,-5.810722],[-35.450284,-5.810439],[-35.448023,-5.812041],[-35.444819,-5.812355],[-35.443468,-5.812952],[-35.441521,-5.81314],[-35.440924,-5.813706],[-35.440773,-5.815653],[-35.444572,-5.815343],[-35.447189,-5.819626],[-35.446713,-5.825813],[-35.4529,-5.827478],[-35.462655,-5.826764],[-35.467652,-5.827716],[-35.470746,-5.831999],[-35.466463,-5.838424],[-35.465273,-5.841993],[-35.467176,-5.844372],[-35.472649,-5.845324],[-35.479312,-5.848893],[-35.485022,-5.851511],[-35.490971,-5.84461],[-35.495968,-5.843183],[-35.501679,-5.845086],[-35.505486,-5.8458],[-35.51191,-5.845086],[-35.51191,-5.830809],[-35.515717,-5.831523],[-35.519525,-5.835806],[-35.52238,-5.841755],[-35.528567,-5.841993],[-35.529042,-5.847228],[-35.524046,-5.850559],[-35.520238,-5.851511],[-35.519525,-5.858173],[-35.520476,-5.860791],[-35.524046,-5.861266],[-35.525473,-5.863408],[-35.53166,-5.866025],[-35.534039,-5.866501],[-35.535705,-5.868643],[-35.532374,-5.872212],[-35.53166,-5.882444],[-35.535229,-5.884585],[-35.540464,-5.882444],[-35.543795,-5.885299],[-35.544033,-5.888154],[-35.545937,-5.890534],[-35.550933,-5.891248],[-35.551647,-5.894579],[-35.549855,-5.906889],[-35.552948,-5.909268],[-35.558897,-5.904509],[-35.563418,-5.903319],[-35.568653,-5.914979],[-35.575553,-5.914503],[-35.585666,-5.910934],[-35.591614,-5.903201],[-35.595778,-5.902606],[-35.603512,-5.910339],[-35.605296,-5.915098],[-35.600537,-5.919857],[-35.596373,-5.921641],[-35.594589,-5.92759],[-35.596373,-5.932349],[-35.598158,-5.939487],[-35.599942,-5.944246],[-35.603512,-5.944246],[-35.608271,-5.938892],[-35.613624,-5.941272],[-35.614814,-5.944841],[-35.60946,-5.951979],[-35.61065,-5.954359],[-35.619573,-5.956144],[-35.617194,-5.960902],[-35.61065,-5.963877],[-35.61065,-5.97161],[-35.620443,-5.976586],[-35.625242,-5.982316],[-35.636171,-5.987349],[-35.647949,-5.994844],[-35.658657,-6.002697],[-35.666152,-6.019115],[-35.672934,-6.018044],[-35.678644,-6.02661],[-35.687567,-6.036961],[-35.687567,-6.041958],[-35.680786,-6.042315],[-35.67686,-6.04517],[-35.682214,-6.049453],[-35.686791,-6.054059],[-35.679311,-6.067789],[-35.675123,-6.077117],[-35.67289,-6.078074],[-35.674073,-6.081304],[-35.676303,-6.081109],[-35.679174,-6.076151],[-35.680363,-6.075675],[-35.684408,-6.076389],[-35.688929,-6.083051],[-35.688929,-6.088048],[-35.686788,-6.094711],[-35.685598,-6.097328],[-35.681987,-6.099942],[-35.681649,-6.101254],[-35.681083,-6.101438],[-35.681536,-6.101591],[-35.681647,-6.102954],[-35.682214,-6.104089],[-35.682989,-6.104073],[-35.684014,-6.104663],[-35.684709,-6.104311],[-35.685669,-6.106249],[-35.685389,-6.106793],[-35.686633,-6.10733],[-35.686119,-6.108222],[-35.686807,-6.109601],[-35.687654,-6.110312],[-35.688102,-6.111564],[-35.688673,-6.112247],[-35.689321,-6.111808],[-35.691002,-6.11465],[-35.697866,-6.12365],[-35.697741,-6.124014],[-35.699694,-6.126579],[-35.702157,-6.132851],[-35.703828,-6.13382],[-35.703517,-6.13423],[-35.704538,-6.135006],[-35.705797,-6.134961],[-35.707136,-6.1358],[-35.707031,-6.136724],[-35.707831,-6.137976],[-35.70782,-6.13851],[-35.708486,-6.139203],[-35.709929,-6.139209],[-35.70964,-6.139771],[-35.710091,-6.140337],[-35.70993,-6.141102],[-35.710542,-6.14169],[-35.710539,-6.142306],[-35.712153,-6.143473],[-35.712691,-6.144798],[-35.713037,-6.146343],[-35.712131,-6.147943],[-35.713708,-6.148345],[-35.713885,-6.149074],[-35.714926,-6.148692],[-35.715531,-6.149643],[-35.716751,-6.149278],[-35.717344,-6.149847],[-35.717153,-6.150275],[-35.716439,-6.150507],[-35.717003,-6.151103],[-35.716854,-6.151977],[-35.717506,-6.153434],[-35.71807,-6.153005],[-35.719612,-6.153154],[-35.720101,-6.15378],[-35.721034,-6.153147],[-35.72217,-6.153292],[-35.723494,-6.152839],[-35.724207,-6.153581],[-35.724775,-6.153288],[-35.724948,-6.153996],[-35.727306,-6.157262],[-35.727819,-6.15761],[-35.729348,-6.157333],[-35.729606,-6.158261],[-35.731394,-6.159283],[-35.731958,-6.159271],[-35.73265,-6.159936],[-35.732497,-6.160534],[-35.732872,-6.161088],[-35.73264,-6.163033],[-35.734667,-6.165171],[-35.735138,-6.165162],[-35.737177,-6.166756],[-35.737398,-6.166302],[-35.738198,-6.166413],[-35.738717,-6.167312],[-35.739998,-6.1675],[-35.741426,-6.167062],[-35.741874,-6.166304],[-35.744148,-6.166133],[-35.744941,-6.165444],[-35.746259,-6.165638],[-35.749469,-6.167447],[-35.752739,-6.170097],[-35.752885,-6.170512],[-35.752161,-6.171519],[-35.753722,-6.171285],[-35.754563,-6.171575],[-35.759361,-6.175511],[-35.75946,-6.175798],[-35.758828,-6.176003],[-35.758634,-6.178495],[-35.7595,-6.178881],[-35.761194,-6.179019],[-35.762125,-6.17965],[-35.76284,-6.178592],[-35.767012,-6.183238],[-35.775347,-6.182308],[-35.777342,-6.176439],[-35.781172,-6.174341],[-35.781723,-6.174353],[-35.782594,-6.173562],[-35.78374,-6.173779],[-35.784202,-6.173347],[-35.78416,-6.172704],[-35.786191,-6.171591],[-35.801439,-6.166389],[-35.804208,-6.166065],[-35.800322,-6.161776],[-35.80056,-6.161627],[-35.821023,-6.159724],[-35.824354,-6.154489],[-35.823403,-6.148302],[-35.823403,-6.142592],[-35.828637,-6.137357],[-35.832445,-6.140212],[-35.841962,-6.142116],[-35.849101,-6.138784],[-35.848149,-6.13355],[-35.841487,-6.132598],[-35.834348,-6.128791],[-35.838968,-6.122892],[-35.85967,-6.120512],[-35.863239,-6.11956],[-35.867284,-6.117657],[-35.869187,-6.115991],[-35.867284,-6.111708],[-35.864191,-6.110518],[-35.861335,-6.11028],[-35.858718,-6.105046],[-35.855387,-6.10338],[-35.850628,-6.105046],[-35.848486,-6.100525],[-35.844917,-6.095528],[-35.840872,-6.098145],[-35.835637,-6.097907],[-35.83183,-6.099335],[-35.832306,-6.103142],[-35.828499,-6.103142],[-35.826595,-6.105997],[-35.822312,-6.109091],[-35.82136,-6.103618],[-35.816839,-6.103142],[-35.810891,-6.105284],[-35.807797,-6.10219],[-35.811367,-6.098859],[-35.81446,-6.097907],[-35.815887,-6.090769],[-35.810177,-6.094814],[-35.80518,-6.091007],[-35.808749,-6.082679],[-35.806608,-6.082679],[-35.799707,-6.086486],[-35.796376,-6.089579],[-35.793996,-6.093624],[-35.791617,-6.09291],[-35.787096,-6.088151],[-35.78662,-6.08601],[-35.787096,-6.082203],[-35.784479,-6.073875],[-35.787334,-6.06983],[-35.787334,-6.067212],[-35.788286,-6.064119],[-35.7959,-6.060788],[-35.798279,-6.063405],[-35.804228,-6.066974],[-35.80637,-6.063167],[-35.839523,-6.066201],[-35.844282,-6.069175],[-35.852016,-6.08256],[-35.857667,-6.084939],[-35.857369,-6.081073],[-35.853503,-6.068878],[-35.858857,-6.065904],[-35.863021,-6.069175],[-35.8654,-6.073042],[-35.869564,-6.076909],[-35.872836,-6.080478],[-35.876703,-6.085832],[-35.87819,-6.088211],[-35.880569,-6.096242],[-35.882949,-6.097729],[-35.887113,-6.105462],[-35.88741,-6.109031],[-35.890087,-6.113195],[-35.894549,-6.11379],[-35.894251,-6.109031],[-35.895441,-6.107544],[-35.899902,-6.110816],[-35.902282,-6.115575],[-35.904066,-6.117954],[-35.907041,-6.1242],[-35.910907,-6.122118],[-35.911502,-6.118847],[-35.913882,-6.115872],[-35.913882,-6.117359],[-35.918343,-6.120929],[-35.919235,-6.118252],[-35.923697,-6.124498],[-35.927861,-6.125985],[-35.929348,-6.123605],[-35.925779,-6.117657],[-35.925779,-6.108139],[-35.920723,-6.103975],[-35.920128,-6.100406],[-35.920128,-6.093862],[-35.921995,-6.084562],[-35.922186,-6.080184],[-35.921044,-6.072951],[-35.921234,-6.070095],[-35.925612,-6.068001],[-35.927325,-6.064004],[-35.927325,-6.060578],[-35.932275,-6.060006],[-35.932465,-6.045349],[-35.933988,-6.041161],[-35.935631,-6.039137],[-35.941913,-6.037614],[-35.936583,-6.029048],[-35.936964,-6.023908],[-35.94039,-6.022957],[-35.952954,-6.023337],[-35.953906,-6.018578],[-35.958664,-6.015723],[-35.959045,-6.013439],[-35.958284,-6.009251],[-35.955999,-6.006967],[-35.952383,-6.001446],[-35.950098,-5.999162],[-35.948195,-5.995355],[-35.94572,-5.988883],[-35.947814,-5.988121],[-35.954477,-5.989835],[-35.957903,-5.991928],[-35.959616,-5.992309],[-35.964375,-5.995545],[-35.968373,-5.994784],[-35.97218,-5.994974],[-35.975797,-5.997639],[-35.976558,-6.00335],[-35.975226,-6.006967],[-35.97218,-6.012868],[-35.971228,-6.018578],[-35.970467,-6.021243],[-35.974464,-6.024099],[-35.978462,-6.025051],[-35.982078,-6.024479],[-35.985124,-6.022766],[-35.987218,-6.020863],[-35.992929,-6.01401],[-35.996545,-6.010583],[-35.99902,-6.011155],[-36.002827,-6.01382],[-36.009299,-6.019911],[-36.015488,-6.020872],[-36.03036,-6.024441],[-36.035119,-6.023252],[-36.035714,-6.021467],[-36.034227,-6.01879],[-36.028278,-6.012247],[-36.027683,-6.009272],[-36.03036,-6.006001],[-36.035714,-6.003026],[-36.038986,-6.003324],[-36.042852,-6.006893],[-36.046124,-6.008083],[-36.05118,-6.014329],[-36.05237,-6.0176],[-36.050883,-6.01998],[-36.049991,-6.022954],[-36.044042,-6.028605],[-36.042852,-6.033959],[-36.040175,-6.037826],[-36.036011,-6.041693],[-36.037498,-6.044964],[-36.044637,-6.044072],[-36.047611,-6.041693],[-36.050585,-6.035446],[-36.053857,-6.032472],[-36.057724,-6.025929],[-36.06278,-6.022954],[-36.064267,-6.026523],[-36.06397,-6.030093],[-36.064267,-6.033067],[-36.059211,-6.035446],[-36.055047,-6.041395],[-36.059806,-6.042287],[-36.067837,-6.039313],[-36.072893,-6.036041],[-36.074083,-6.03039],[-36.077949,-6.029795],[-36.085088,-6.025334],[-36.085088,-6.019088],[-36.088657,-6.014329],[-36.091929,-6.017303],[-36.105313,-6.026226],[-36.10799,-6.03158],[-36.109775,-6.038123],[-36.112451,-6.045857],[-36.118103,-6.055969],[-36.122267,-6.056862],[-36.123754,-6.05359],[-36.119292,-6.047046],[-36.115723,-6.033959],[-36.117805,-6.036934],[-36.126728,-6.046749],[-36.132677,-6.051805],[-36.134759,-6.057456],[-36.139815,-6.064595],[-36.143979,-6.064595],[-36.143682,-6.056862],[-36.142492,-6.053292],[-36.142606,-6.047854],[-36.140703,-6.044047],[-36.136895,-6.038099],[-36.13523,-6.034291],[-36.133564,-6.03215],[-36.126426,-6.03334],[-36.121905,-6.024774],[-36.121429,-6.020728],[-36.120239,-6.015494],[-36.117344,-6.010735],[-36.117106,-6.006452],[-36.114489,-5.999075],[-36.113775,-5.993365],[-36.112109,-5.98932],[-36.112109,-5.983609],[-36.114251,-5.979802],[-36.120913,-5.97647],[-36.127576,-5.977898],[-36.131383,-5.982657],[-36.134714,-5.988606],[-36.138283,-5.993127],[-36.141139,-6.000027],[-36.145898,-6.002407],[-36.148991,-6.000503],[-36.148515,-5.991937],[-36.151608,-5.989082],[-36.163506,-5.982895],[-36.165885,-5.983847],[-36.173214,-5.992525],[-36.171404,-5.988491],[-36.170278,-5.983825],[-36.169071,-5.982377],[-36.16588,-5.982426],[-36.163121,-5.981081],[-36.161831,-5.98109],[-36.160932,-5.981538],[-36.158613,-5.983744],[-36.157011,-5.986164],[-36.15583,-5.986525],[-36.153679,-5.986164],[-36.148425,-5.983537],[-36.146065,-5.983156],[-36.145075,-5.983403],[-36.144504,-5.983784],[-36.144314,-5.984679],[-36.145228,-5.988315],[-36.145087,-5.98936],[-36.142982,-5.991802],[-36.142199,-5.991989],[-36.141771,-5.991579],[-36.141739,-5.99018],[-36.142448,-5.988657],[-36.142696,-5.987211],[-36.141972,-5.985497],[-36.140564,-5.984679],[-36.136966,-5.984584],[-36.133597,-5.982585],[-36.130457,-5.978113],[-36.128666,-5.974628],[-36.125982,-5.97242],[-36.124897,-5.971944],[-36.123584,-5.971906],[-36.120884,-5.973206],[-36.117873,-5.975446],[-36.112372,-5.975294],[-36.110449,-5.975732],[-36.109536,-5.976227],[-36.108717,-5.977179],[-36.106452,-5.97813],[-36.103635,-5.978245],[-36.103406,-5.979463],[-36.103939,-5.980567],[-36.103544,-5.98156],[-36.104148,-5.983537],[-36.10392,-5.985897],[-36.104529,-5.987572],[-36.107852,-5.992046],[-36.107711,-5.992827],[-36.107068,-5.993017],[-36.105762,-5.992305],[-36.103727,-5.99052],[-36.102874,-5.990603],[-36.101633,-5.991828],[-36.100995,-5.991662],[-36.10109,-5.990068],[-36.102589,-5.988164],[-36.102685,-5.987069],[-36.102256,-5.985594],[-36.10109,-5.983857],[-36.101709,-5.981906],[-36.100924,-5.979003],[-36.100995,-5.977076],[-36.100567,-5.975743],[-36.100686,-5.971888],[-36.099972,-5.970366],[-36.098021,-5.96851],[-36.095001,-5.967496],[-36.093121,-5.967524],[-36.089652,-5.968938],[-36.086611,-5.970679],[-36.08454,-5.972364],[-36.077283,-5.972678],[-36.074799,-5.97155],[-36.072919,-5.971622],[-36.066009,-5.976376],[-36.06638,-5.976976],[-36.067837,-5.977675],[-36.072163,-5.977318],[-36.07329,-5.978061],[-36.076498,-5.981508],[-36.078911,-5.983278],[-36.083927,-5.989996],[-36.08327,-5.993108],[-36.081717,-5.994517],[-36.080011,-5.993899],[-36.079517,-5.993248],[-36.079444,-5.989953],[-36.078658,-5.988925],[-36.078267,-5.986978],[-36.077222,-5.984645],[-36.073682,-5.983117],[-36.072402,-5.982172],[-36.07086,-5.981696],[-36.070894,-5.984258],[-36.070259,-5.984698],[-36.069795,-5.982449],[-36.069878,-5.981355],[-36.068736,-5.980213],[-36.0654,-5.979661],[-36.063913,-5.978519],[-36.062257,-5.978916],[-36.058892,-5.980458],[-36.05244,-5.979798],[-36.049463,-5.979798],[-36.044797,-5.978109],[-36.039786,-5.975263],[-36.038358,-5.972003],[-36.038739,-5.966697],[-36.038572,-5.965911],[-36.037716,-5.964936],[-36.034932,-5.96465],[-36.030444,-5.966487],[-36.021831,-5.97334],[-36.01336,-5.974078],[-36.011337,-5.973221],[-36.009909,-5.970865],[-36.008625,-5.970056],[-36.005127,-5.968533],[-36.002914,-5.968414],[-36.00151,-5.967724],[-36.0,-5.965509],[-36.0,-5.962942],[-36.000844,-5.963656],[-36.001677,-5.964988],[-36.003818,-5.966487],[-36.009338,-5.967724],[-36.012646,-5.970723],[-36.013788,-5.971341],[-36.015144,-5.971532],[-36.019339,-5.971011],[-36.022021,-5.96989],[-36.029136,-5.964798],[-36.031586,-5.963513],[-36.034703,-5.962799],[-36.039558,-5.962942],[-36.040842,-5.964298],[-36.041532,-5.966392],[-36.041199,-5.96958],[-36.041295,-5.97215],[-36.041937,-5.973126],[-36.04396,-5.974791],[-36.046625,-5.976219],[-36.050789,-5.977171],[-36.058141,-5.977076],[-36.060306,-5.976766],[-36.062281,-5.976171],[-36.066503,-5.97385],[-36.067687,-5.972401],[-36.070526,-5.970069],[-36.073502,-5.968138],[-36.076337,-5.968058],[-36.079474,-5.969264],[-36.082512,-5.969264],[-36.087077,-5.968281],[-36.08994,-5.966892],[-36.093855,-5.965805],[-36.096912,-5.965564],[-36.099069,-5.96594],[-36.100497,-5.965825],[-36.103195,-5.963784],[-36.106622,-5.962799],[-36.108135,-5.961828],[-36.108849,-5.958359],[-36.108678,-5.954547],[-36.10942,-5.953733],[-36.109939,-5.953904],[-36.110353,-5.954932],[-36.111497,-5.955403],[-36.116416,-5.954618],[-36.118348,-5.95389],[-36.118519,-5.95449],[-36.118019,-5.956189],[-36.119251,-5.957122],[-36.122131,-5.95843],[-36.123354,-5.958516],[-36.126053,-5.957245],[-36.128208,-5.957559],[-36.129822,-5.956831],[-36.131111,-5.95676],[-36.132082,-5.957002],[-36.13271,-5.957588],[-36.133907,-5.957488],[-36.137143,-5.958601],[-36.138285,-5.95863],[-36.143016,-5.955485],[-36.14317,-5.954807],[-36.142576,-5.952975],[-36.142778,-5.950072],[-36.144285,-5.947661],[-36.146212,-5.943456],[-36.150329,-5.939076],[-36.153133,-5.936974],[-36.156812,-5.93566],[-36.160509,-5.935314],[-36.163284,-5.935844],[-36.16555,-5.935692],[-36.168119,-5.937862],[-36.168709,-5.937748],[-36.168931,-5.936805],[-36.167027,-5.935377],[-36.159651,-5.932998],[-36.15632,-5.932998],[-36.153893,-5.934311],[-36.149514,-5.936024],[-36.142852,-5.94459],[-36.142662,-5.94954],[-36.141139,-5.953347],[-36.13638,-5.952395],[-36.126925,-5.948207],[-36.12645,-5.942734],[-36.115742,-5.942972],[-36.117884,-5.9375],[-36.121691,-5.936786],[-36.125031,-5.931637],[-36.123369,-5.931634],[-36.122378,-5.932894],[-36.1205,-5.933496],[-36.119415,-5.934809],[-36.118387,-5.934942],[-36.11715,-5.934238],[-36.115951,-5.934219],[-36.115266,-5.934885],[-36.114295,-5.936732],[-36.111573,-5.936408],[-36.109136,-5.938578],[-36.108051,-5.940101],[-36.107765,-5.940082],[-36.107937,-5.939111],[-36.109783,-5.936408],[-36.109878,-5.935514],[-36.109079,-5.934181],[-36.108889,-5.933172],[-36.109441,-5.931478],[-36.110427,-5.931003],[-36.111078,-5.931154],[-36.111573,-5.932239],[-36.111668,-5.93342],[-36.111972,-5.933762],[-36.112429,-5.933724],[-36.113,-5.933477],[-36.114047,-5.932239],[-36.117169,-5.931573],[-36.119644,-5.929498],[-36.119644,-5.928661],[-36.119035,-5.92729],[-36.119103,-5.926427],[-36.113363,-5.925364],[-36.110269,-5.927744],[-36.107176,-5.931313],[-36.104796,-5.937262],[-36.102655,-5.938927],[-36.099324,-5.943686],[-36.095104,-5.939641],[-36.094152,-5.932503],[-36.094152,-5.928693],[-36.09101,-5.928115],[-36.090153,-5.928305],[-36.089304,-5.930153],[-36.089106,-5.932445],[-36.089725,-5.934016],[-36.089059,-5.936966],[-36.089487,-5.938584],[-36.091605,-5.93837],[-36.092152,-5.93868],[-36.093604,-5.941583],[-36.093437,-5.942867],[-36.090872,-5.940298],[-36.088635,-5.940131],[-36.087707,-5.939108],[-36.087327,-5.938013],[-36.087303,-5.933254],[-36.086684,-5.931517],[-36.08592,-5.930676],[-36.086062,-5.935358],[-36.083207,-5.9444],[-36.072737,-5.944876],[-36.073213,-5.939165],[-36.069406,-5.934882],[-36.068454,-5.931075],[-36.066551,-5.927744],[-36.061316,-5.923937],[-36.05846,-5.923461],[-36.054177,-5.927744],[-36.048943,-5.935834],[-36.042756,-5.942021],[-36.03419,-5.938214],[-36.033238,-5.932979],[-36.026576,-5.927744],[-36.025624,-5.922033],[-36.030383,-5.917274],[-36.027527,-5.914419],[-36.028479,-5.909184],[-36.032286,-5.907756],[-36.038949,-5.908708],[-36.040852,-5.905377],[-36.048943,-5.909184],[-36.049894,-5.912991],[-36.057033,-5.912039],[-36.057509,-5.90966],[-36.056557,-5.905377],[-36.05037,-5.904425],[-36.050846,-5.899666],[-36.059412,-5.897763],[-36.057985,-5.895859],[-36.053226,-5.892528],[-36.04466,-5.895383],[-36.04466,-5.889673],[-36.041328,-5.884914],[-36.043232,-5.88301],[-36.054653,-5.882058],[-36.057985,-5.876348],[-36.066075,-5.872065],[-36.065911,-5.871533],[-36.064781,-5.872167],[-36.061783,-5.872548],[-36.060617,-5.871763],[-36.059944,-5.87048],[-36.058094,-5.870549],[-36.057309,-5.871287],[-36.057285,-5.872429],[-36.059094,-5.875689],[-36.054787,-5.873309],[-36.054311,-5.873952],[-36.054311,-5.875022],[-36.053692,-5.876069],[-36.048672,-5.878187],[-36.045198,-5.878258],[-36.044056,-5.878592],[-36.043722,-5.87902],[-36.043657,-5.880072],[-36.042933,-5.880705],[-36.040344,-5.881495],[-36.039463,-5.882399],[-36.036965,-5.882946],[-36.034514,-5.884635],[-36.033253,-5.886777],[-36.033229,-5.888038],[-36.033491,-5.889727],[-36.034252,-5.891536],[-36.034395,-5.895438],[-36.035323,-5.898222],[-36.034395,-5.89758],[-36.033028,-5.894517],[-36.029859,-5.89927],[-36.026528,-5.89927],[-36.021531,-5.896414],[-36.016058,-5.897366],[-36.01181,-5.900969],[-36.006099,-5.897757],[-36.007884,-5.891689],[-36.010382,-5.880982],[-36.007884,-5.871702],[-36.003958,-5.873486],[-36.003601,-5.883123],[-35.997176,-5.88348],[-35.995392,-5.889905],[-35.98754,-5.887049],[-35.985755,-5.883123],[-35.986112,-5.876342],[-35.982186,-5.869917],[-35.978617,-5.873129],[-35.978617,-5.884908],[-35.984327,-5.892046],[-35.987897,-5.900969],[-35.985041,-5.905966],[-35.980401,-5.91596],[-35.984327,-5.924883],[-35.986826,-5.928809],[-35.983257,-5.927738],[-35.977903,-5.922384],[-35.968919,-5.914453],[-35.975047,-5.932021],[-35.969337,-5.935233],[-35.962011,-5.921406],[-35.956657,-5.910341],[-35.955882,-5.910098],[-35.944522,-5.896065]],[[-35.956657,-5.911055],[-35.951908,-5.908848],[-35.955882,-5.910098],[-35.956657,-5.911055]],[[-35.900436,-5.855603],[-35.902878,-5.85948],[-35.900261,-5.861146],[-35.896811,-5.861146],[-35.895978,-5.859837],[-35.896692,-5.856387],[-35.900436,-5.855603]],[[-35.936817,-5.922923],[-35.932058,-5.921971],[-35.931107,-5.914357],[-35.923492,-5.910074],[-35.92254,-5.900556],[-35.918955,-5.897188],[-35.914583,-5.890554],[-35.913678,-5.883619],[-35.914131,-5.874875],[-35.916693,-5.87005],[-35.921113,-5.877237],[-35.926824,-5.881045],[-35.928251,-5.883424],[-35.92492,-5.888183],[-35.922065,-5.888183],[-35.923968,-5.894845],[-35.931107,-5.899604],[-35.933962,-5.903887],[-35.937769,-5.911026],[-35.941576,-5.911502],[-35.944907,-5.914833],[-35.946335,-5.919116],[-35.938721,-5.920544],[-35.936817,-5.922923]],[[-35.880749,-5.88268],[-35.879559,-5.880419],[-35.879084,-5.878635],[-35.880392,-5.874709],[-35.880868,-5.874352],[-35.885032,-5.873519],[-35.888245,-5.875304],[-35.888363,-5.878159],[-35.887888,-5.880895],[-35.884556,-5.882323],[-35.880749,-5.88268]],[[-35.887509,-5.900039],[-35.882453,-5.898551],[-35.883048,-5.894387],[-35.889591,-5.893792],[-35.890186,-5.899444],[-35.887509,-5.900039]],[[-35.906439,-5.936892],[-35.910603,-5.940015],[-35.914469,-5.939569],[-35.916998,-5.944774],[-35.919675,-5.946261],[-35.924285,-5.947748],[-35.924731,-5.950425],[-35.913726,-5.953102],[-35.90867,-5.948194],[-35.905844,-5.949087],[-35.907777,-5.952656],[-35.909562,-5.953845],[-35.908818,-5.95682],[-35.906439,-5.95801],[-35.903167,-5.958902],[-35.899895,-5.958902],[-35.897665,-5.959348],[-35.896029,-5.956968],[-35.894095,-5.955481],[-35.893203,-5.953399],[-35.893352,-5.951317],[-35.896029,-5.949533],[-35.89707,-5.947748],[-35.89469,-5.947005],[-35.892608,-5.947451],[-35.891567,-5.945815],[-35.890526,-5.940461],[-35.890675,-5.935553],[-35.891716,-5.933769],[-35.89469,-5.932579],[-35.898111,-5.931687],[-35.902275,-5.931984],[-35.904654,-5.93362],[-35.906439,-5.936892]],[[-36.006032,-5.91653],[-36.003727,-5.91543],[-36.002734,-5.916852],[-36.001918,-5.91695],[-35.999983,-5.915391],[-35.999982,-5.906748],[-36.000398,-5.90672],[-36.001623,-5.907579],[-36.000799,-5.909128],[-36.000899,-5.910763],[-36.001945,-5.911782],[-36.002795,-5.911719],[-36.003058,-5.913522],[-36.004693,-5.912851],[-36.006028,-5.91109],[-36.006707,-5.911162],[-36.005849,-5.912687],[-36.005673,-5.913774],[-36.006045,-5.914252],[-36.006724,-5.914392],[-36.008017,-5.914059],[-36.008183,-5.914672],[-36.007329,-5.915483],[-36.007427,-5.916266],[-36.010278,-5.916961],[-36.011013,-5.919447],[-36.010503,-5.919478],[-36.009288,-5.917874],[-36.007352,-5.917693],[-36.006032,-5.91653]],[[-36.012434,-5.914621],[-36.008293,-5.908911],[-36.010578,-5.906341],[-36.01429,-5.90577],[-36.017573,-5.90834],[-36.020429,-5.909624],[-36.022856,-5.91505],[-36.02,-5.917334],[-36.016146,-5.917334],[-36.012434,-5.914621]],[[-35.956195,-5.976525],[-35.955005,-5.981997],[-35.949532,-5.983663],[-35.94406,-5.98628],[-35.941918,-5.987946],[-35.938349,-5.989612],[-35.930497,-5.990801],[-35.928593,-5.990801],[-35.921455,-5.988422],[-35.918837,-5.986756],[-35.91503,-5.982949],[-35.914316,-5.978904],[-35.915506,-5.971052],[-35.927641,-5.972242],[-35.930259,-5.974383],[-35.930497,-5.977239],[-35.936445,-5.977476],[-35.938111,-5.975573],[-35.939301,-5.972718],[-35.945963,-5.96891],[-35.950722,-5.970576],[-35.953577,-5.972242],[-35.955719,-5.973907],[-35.956195,-5.976525]],[[-35.787729,-5.985805],[-35.786063,-5.984377],[-35.784874,-5.981522],[-35.786539,-5.978666],[-35.790822,-5.977001],[-35.796057,-5.977952],[-35.795581,-5.98176],[-35.792012,-5.984615],[-35.787729,-5.985805]],[[-35.925262,-6.023876],[-35.920741,-6.023162],[-35.919313,-6.017213],[-35.920027,-6.013882],[-35.923596,-6.006268],[-35.926689,-6.005078],[-35.93121,-6.00722],[-35.931448,-6.0165],[-35.927879,-6.022448],[-35.925262,-6.023876]],[[-35.774166,-6.024828],[-35.772024,-6.024828],[-35.771549,-6.021972],[-35.771549,-6.018641],[-35.772262,-6.014596],[-35.773452,-6.012217],[-35.787015,-6.011503],[-35.785825,-6.017213],[-35.78178,-6.021259],[-35.774166,-6.024828]],[[-35.918077,-6.046696],[-35.915062,-6.044736],[-35.915363,-6.041268],[-35.918981,-6.036444],[-35.922751,-6.035238],[-35.925012,-6.038102],[-35.925012,-6.040816],[-35.923655,-6.044585],[-35.918077,-6.046696]],[[-35.761741,-6.046646],[-35.758648,-6.045932],[-35.756982,-6.044742],[-35.756982,-6.039269],[-35.761979,-6.037366],[-35.765548,-6.037604],[-35.768165,-6.039983],[-35.767214,-6.04379],[-35.764834,-6.045932],[-35.761741,-6.046646]],[[-35.759124,-6.057829],[-35.753651,-6.060447],[-35.749368,-6.061874],[-35.746512,-6.056639],[-35.74794,-6.053784],[-35.752461,-6.052118],[-35.756744,-6.052356],[-35.760313,-6.054974],[-35.759124,-6.057829]],[[-35.922298,-6.058003],[-35.923655,-6.061018],[-35.922901,-6.064033],[-35.921544,-6.064637],[-35.918981,-6.064637],[-35.916871,-6.062827],[-35.917625,-6.060264],[-35.922298,-6.058003]],[[-35.760075,-6.085193],[-35.757696,-6.081386],[-35.757696,-6.07972],[-35.759124,-6.075913],[-35.763169,-6.075199],[-35.765786,-6.076627],[-35.768879,-6.077579],[-35.768165,-6.08091],[-35.762693,-6.084241],[-35.760075,-6.085193]],[[-35.728191,-6.097804],[-35.723908,-6.098994],[-35.72129,-6.098042],[-35.719862,-6.094235],[-35.72248,-6.088762],[-35.728904,-6.088524],[-35.732474,-6.090428],[-35.733425,-6.093283],[-35.728191,-6.097804]],[[-35.87452,-5.836303],[-35.879279,-5.839158],[-35.880802,-5.842204],[-35.884038,-5.846772],[-35.884419,-5.852864],[-35.883086,-5.855529],[-35.879469,-5.859145],[-35.875281,-5.861239],[-35.869761,-5.858574],[-35.865764,-5.846392],[-35.87452,-5.836303]],[[-35.799691,-5.817098],[-35.801198,-5.81363],[-35.804515,-5.811218],[-35.808435,-5.811369],[-35.811902,-5.813781],[-35.810998,-5.818455],[-35.809038,-5.821922],[-35.805872,-5.821922],[-35.801349,-5.821018],[-35.799691,-5.817098]],[[-35.864282,-5.796214],[-35.866852,-5.799498],[-35.866852,-5.804352],[-35.862569,-5.807636],[-35.858,-5.807636],[-35.855431,-5.805494],[-35.855288,-5.797499],[-35.859571,-5.7965],[-35.864282,-5.796214]],[[-35.861141,-5.740249],[-35.867851,-5.739678],[-35.86828,-5.747102],[-35.861427,-5.747102],[-35.861141,-5.740249]]],[[[-35.570729,-5.730649],[-35.570148,-5.730145],[-35.569459,-5.730053],[-35.570729,-5.730649]]],[[[-35.428799,-5.814483],[-35.426696,-5.814307],[-35.426488,-5.814629],[-35.429901,-5.815514],[-35.428799,-5.814483]]],[[[-36.027994,-5.859461],[-36.028732,-5.858866],[-36.029213,-5.858087],[-36.027234,-5.859152],[-36.027994,-5.859461]]],[[[-36.033491,-5.871691],[-36.033205,-5.876117],[-36.033586,-5.877045],[-36.035561,-5.876902],[-36.038797,-5.875284],[-36.039344,-5.87557],[-36.03963,-5.877354],[-36.041391,-5.877473],[-36.043199,-5.876046],[-36.045793,-5.875808],[-36.046697,-5.875308],[-36.046863,-5.874285],[-36.045578,-5.871334],[-36.045769,-5.870954],[-36.04684,-5.871477],[-36.047672,-5.874166],[-36.048696,-5.874332],[-36.049671,-5.873024],[-36.051075,-5.87319],[-36.051813,-5.872881],[-36.053339,-5.871566],[-36.054574,-5.869729],[-36.048419,-5.868575],[-36.043422,-5.872858],[-36.040329,-5.869764],[-36.037236,-5.867623],[-36.030299,-5.858784],[-36.02897,-5.860603],[-36.028565,-5.861697],[-36.02916,-5.867075],[-36.032943,-5.87024],[-36.033491,-5.871691]]],[[[-36.027257,-5.865338],[-36.027495,-5.865029],[-36.027257,-5.862792],[-36.026923,-5.861507],[-36.026198,-5.860333],[-36.024862,-5.863578],[-36.02571,-5.864577],[-36.027257,-5.865338]]],[[[-36.06528,-5.869859],[-36.064171,-5.865878],[-36.061794,-5.865878],[-36.062901,-5.866575],[-36.063853,-5.869335],[-36.06528,-5.869859]]],[[[-36.027571,-5.869897],[-36.026996,-5.868045],[-36.026357,-5.867064],[-36.027571,-5.869897]]],[[[-36.056081,-5.868257],[-36.056405,-5.868122],[-36.056455,-5.86805],[-36.056081,-5.868257]]],[[[-36.028281,-5.871924],[-36.029859,-5.878092],[-36.029859,-5.881662],[-36.02867,-5.886421],[-36.031049,-5.890942],[-36.032683,-5.892576],[-36.03204,-5.887747],[-36.032825,-5.884344],[-36.033753,-5.882346],[-36.033753,-5.880466],[-36.033506,-5.879725],[-36.031421,-5.878229],[-36.030589,-5.876397],[-36.030517,-5.875421],[-36.031445,-5.87397],[-36.031207,-5.872495],[-36.030327,-5.8714],[-36.029589,-5.871162],[-36.028994,-5.871257],[-36.028281,-5.871924]]],[[[-36.085586,-5.915371],[-36.085763,-5.925485],[-36.087612,-5.926164],[-36.087921,-5.925997],[-36.087945,-5.925212],[-36.087279,-5.923713],[-36.087422,-5.922809],[-36.087945,-5.922499],[-36.090467,-5.92238],[-36.090753,-5.922095],[-36.090943,-5.92062],[-36.090753,-5.91981],[-36.087208,-5.917626],[-36.086484,-5.916636],[-36.086465,-5.915627],[-36.087112,-5.915228],[-36.087726,-5.915337],[-36.088131,-5.916241],[-36.08913,-5.917145],[-36.092538,-5.917193],[-36.093918,-5.916908],[-36.094679,-5.91636],[-36.094784,-5.914619],[-36.093128,-5.911421],[-36.092328,-5.911363],[-36.090158,-5.912353],[-36.08873,-5.912315],[-36.087931,-5.911934],[-36.087359,-5.910761],[-36.085586,-5.915371]]],[[[-36.097505,-5.916283],[-36.096056,-5.912515],[-36.095086,-5.911761],[-36.095751,-5.914303],[-36.097505,-5.916283]]],[[[-36.095608,-5.9231],[-36.098435,-5.918702],[-36.097823,-5.917109],[-36.095531,-5.919668],[-36.09515,-5.920501],[-36.094817,-5.922642],[-36.095608,-5.9231]]],[[[-36.124327,-5.928546],[-36.125913,-5.927238],[-36.125022,-5.926792],[-36.122168,-5.926662],[-36.123184,-5.928147],[-36.124327,-5.928546]]],[[[-36.126396,-5.929532],[-36.127401,-5.927982],[-36.12661,-5.927586],[-36.126192,-5.928394],[-36.126396,-5.929532]]],[[[-36.158232,-5.93689],[-36.154342,-5.938258],[-36.151643,-5.94039],[-36.148753,-5.94293],[-36.14665,-5.945471],[-36.143361,-5.951725],[-36.143354,-5.953091],[-36.144167,-5.956203],[-36.144053,-5.95696],[-36.143553,-5.957873],[-36.141184,-5.95923],[-36.140127,-5.960843],[-36.1374,-5.961731],[-36.136199,-5.962968],[-36.135723,-5.962885],[-36.134949,-5.962064],[-36.133902,-5.961981],[-36.13345,-5.961231],[-36.132475,-5.961327],[-36.132229,-5.960451],[-36.131404,-5.960184],[-36.125382,-5.962115],[-36.123385,-5.961481],[-36.12066,-5.961398],[-36.120901,-5.963091],[-36.12033,-5.968373],[-36.117332,-5.969373],[-36.114477,-5.968802],[-36.111907,-5.965803],[-36.110908,-5.962234],[-36.111727,-5.959639],[-36.110033,-5.961501],[-36.10912,-5.963708],[-36.105989,-5.965384],[-36.105656,-5.967078],[-36.104323,-5.967411],[-36.1036,-5.968115],[-36.102134,-5.968677],[-36.103096,-5.971113],[-36.102686,-5.974797],[-36.103524,-5.975187],[-36.106446,-5.974997],[-36.109331,-5.973638],[-36.111938,-5.973131],[-36.11367,-5.973188],[-36.115992,-5.973893],[-36.117191,-5.973835],[-36.123012,-5.970295],[-36.124768,-5.969995],[-36.126881,-5.970966],[-36.129079,-5.971223],[-36.130036,-5.971851],[-36.130664,-5.972636],[-36.133458,-5.978716],[-36.134861,-5.980346],[-36.136189,-5.981117],[-36.138824,-5.981814],[-36.147439,-5.981245],[-36.153832,-5.984603],[-36.155391,-5.984172],[-36.15906,-5.980917],[-36.16163,-5.979289],[-36.162801,-5.979089],[-36.164985,-5.97956],[-36.166684,-5.979004],[-36.167826,-5.979518],[-36.168483,-5.980603],[-36.17151,-5.981602],[-36.172038,-5.982045],[-36.173704,-5.989066],[-36.174786,-5.990506],[-36.177999,-5.992124],[-36.179414,-5.992005],[-36.181216,-5.988919],[-36.175355,-5.97797],[-36.17131,-5.974638],[-36.159413,-5.97797],[-36.146326,-5.976304],[-36.142757,-5.974876],[-36.136332,-5.965596],[-36.139188,-5.962979],[-36.14466,-5.965834],[-36.149657,-5.96512],[-36.149895,-5.964169],[-36.147516,-5.956079],[-36.147754,-5.951558],[-36.149895,-5.94894],[-36.151085,-5.945609],[-36.155368,-5.938946],[-36.159651,-5.938708],[-36.162249,-5.938945],[-36.161171,-5.937032],[-36.158232,-5.93689]]],[[[-36.167339,-5.939766],[-36.165201,-5.939745],[-36.167027,-5.942991],[-36.170785,-5.941023],[-36.167339,-5.939766]]],[[[-36.182007,-5.996391],[-36.180749,-5.995922],[-36.179187,-5.994444],[-36.176636,-5.993264],[-36.173409,-5.992757],[-36.174927,-5.994554],[-36.175641,-5.997648],[-36.186586,-6.000503],[-36.184921,-5.99741],[-36.180876,-5.992889],[-36.182303,-5.990985],[-36.18211,-5.990617],[-36.181175,-5.991751],[-36.180853,-5.992834],[-36.181079,-5.993964],[-36.18246,-5.995761],[-36.182007,-5.996391]]],[[[-35.660285,-6.076725],[-35.662334,-6.076738],[-35.666546,-6.076077],[-35.660285,-6.076725]]]]}},{"type":"Feature","id":6,"properties":{"taxon_1":"Cinturão Orogênico Brasiliano","taxon_2":"Planalto da Borborema","unidade":"Depressão Intraplanáltica do Trairi","rotulo":"1.2.1","fonte":"DINIZ et al. (2017) e Folhas Geológicas (CPRM)"},"geometry":{"type":"MultiPolygon","coordinates":[[[[-35.932142,-6.166812],[-35.93006,-6.16592],[-35.922958,-6.164629],[-35.921952,-6.167003],[-35.922795,-6.170164],[-35.925472,-6.1718],[-35.929041,-6.171949],[-35.936477,-6.170313],[-35.938401,-6.168048],[-35.940685,-6.16624],[-35.943445,-6.167097],[-35.946635,-6.16877],[-35.951825,-6.170607],[-35.953153,-6.171951],[-35.955013,-6.172288],[-35.950608,-6.167333],[-35.944659,-6.163764],[-35.932142,-6.166812]]],[[[-35.965187,-6.175352],[-35.966054,-6.175256],[-35.966544,-6.175599],[-35.966669,-6.175066],[-35.965291,-6.174776],[-35.965187,-6.175352]]]]}},{"type":"Feature","id":7,"properties":{"taxon_1":"Cinturão Orogênico Brasiliano","taxon_2":"Planalto da Borborema","unidade":"Compartimento Monte das Gameleiras","rotulo":"1.2.3","fonte":"DINIZ et al. (2017) e Folhas Geológicas (CPRM)"},"geometry":{"type":"MultiPolygon","coordinates":[[[[-36.20141,-6.127862],[-36.19451,-6.126434],[-36.18404,-6.119533],[-36.170707,-6.117295],[-36.172814,-6.118493],[-36.172904,-6.121757],[-36.173105,-6.12254],[-36.173656,-6.122902],[-36.175463,-6.123035],[-36.17736,-6.123818],[-36.17816,-6.123802],[-36.178469,-6.124273],[-36.181438,-6.125639],[-36.182115,-6.126343],[-36.183124,-6.125907],[-36.183577,-6.126669],[-36.184258,-6.126976],[-36.185146,-6.126408],[-36.185625,-6.126772],[-36.187287,-6.126738],[-36.18841,-6.127427],[-36.190017,-6.12934],[-36.192991,-6.131244],[-36.201565,-6.130928],[-36.202484,-6.132645],[-36.203861,-6.132078],[-36.205868,-6.133006],[-36.207673,-6.132969],[-36.209031,-6.133339],[-36.20953,-6.133098],[-36.210756,-6.133621],[-36.211489,-6.133177],[-36.21202,-6.133435],[-36.212948,-6.132942],[-36.21342,-6.133186],[-36.214043,-6.132526],[-36.215858,-6.133775],[-36.2162,-6.134915],[-36.216817,-6.135065],[-36.219455,-6.142559],[-36.223033,-6.144319],[-36.22496,-6.148173],[-36.225103,-6.155098],[-36.227173,-6.158096],[-36.227673,-6.162664],[-36.226102,-6.164092],[-36.223446,-6.165072],[-36.223111,-6.166427],[-36.223562,-6.167559],[-36.223105,-6.170347],[-36.223457,-6.171759],[-36.224344,-6.173133],[-36.225595,-6.173432],[-36.227643,-6.174663],[-36.228952,-6.180451],[-36.233306,-6.185091],[-36.235106,-6.189286],[-36.237161,-6.191373],[-36.243194,-6.191371],[-36.249746,-6.178878],[-36.251104,-6.178316],[-36.251673,-6.177724],[-36.254557,-6.177463],[-36.254156,-6.174076],[-36.256594,-6.174058],[-36.257397,-6.173406],[-36.259375,-6.172649],[-36.260993,-6.171338],[-36.263066,-6.173133],[-36.263694,-6.173324],[-36.263906,-6.173096],[-36.264489,-6.173453],[-36.265151,-6.175482],[-36.266813,-6.17648],[-36.267048,-6.177221],[-36.266676,-6.177956],[-36.271922,-6.178133],[-36.272687,-6.178659],[-36.27297,-6.179675],[-36.273673,-6.180485],[-36.274407,-6.180832],[-36.277195,-6.179767],[-36.280024,-6.179634],[-36.281146,-6.180277],[-36.284291,-6.18025],[-36.285549,-6.179217],[-36.286135,-6.179119],[-36.283936,-6.178696],[-36.27537,-6.17822],[-36.270913,-6.175206],[-36.266534,-6.168353],[-36.26444,-6.163023],[-36.261204,-6.160929],[-36.256065,-6.160549],[-36.255684,-6.164356],[-36.255874,-6.167973],[-36.251877,-6.168353],[-36.24807,-6.169686],[-36.24845,-6.173112],[-36.247689,-6.17749],[-36.238933,-6.180917],[-36.235887,-6.178823],[-36.232077,-6.171657],[-36.232672,-6.165411],[-36.234754,-6.159164],[-36.232523,-6.152472],[-36.232225,-6.143995],[-36.225681,-6.128337],[-36.220684,-6.117868],[-36.235593,-6.125162],[-36.237412,-6.11499],[-36.230274,-6.106661],[-36.22492,-6.101308],[-36.219566,-6.099523],[-36.210048,-6.097144],[-36.204694,-6.100118],[-36.20291,-6.107851],[-36.204266,-6.11763],[-36.20141,-6.127862]]],[[[-36.291404,-6.179265],[-36.292154,-6.178843],[-36.291559,-6.17727],[-36.291917,-6.176939],[-36.290369,-6.176937],[-36.290125,-6.179858],[-36.290793,-6.180211],[-36.291404,-6.179265]]],[[[-36.287836,-6.179446],[-36.288531,-6.180004],[-36.289513,-6.180138],[-36.290025,-6.179867],[-36.287836,-6.179446]]]]}},{"type":"Feature","id":8,"properties":{"taxon_1":"Cinturão Orogênico Brasiliano","taxon_2":"Planalto da Borborema","unidade":"Compartimento Serra de Santana","rotulo":"1.2.4","fonte":"DINIZ et al. (2017) e Folhas Geológicas (CPRM)"},"geometry":{"type":"Polygon","coordinates":[[[-36.328233,-5.899923],[-36.324997,-5.899352],[-36.319096,-5.902969],[-36.320048,-5.906585],[-36.32633,-5.908679],[-36.326139,-5.912106],[-36.332611,-5.914771],[-36.335467,-5.914771],[-36.334382,-5.917899],[-36.338379,-5.926465],[-36.346184,-5.935602],[-36.342757,-5.941884],[-36.33895,-5.947404],[-36.330384,-5.946262],[-36.32277,-5.93998],[-36.318772,-5.938648],[-36.310397,-5.937125],[-36.309635,-5.939029],[-36.305638,-5.942836],[-36.300498,-5.949308],[-36.297072,-5.950831],[-36.298214,-5.95559],[-36.304496,-5.959206],[-36.311158,-5.963585],[-36.322389,-5.965488],[-36.327529,-5.966821],[-36.330003,-5.970437],[-36.323912,-5.969105],[-36.320676,-5.972531],[-36.31744,-5.975196],[-36.312491,-5.968534],[-36.308874,-5.966821],[-36.304686,-5.968724],[-36.30126,-5.972531],[-36.299737,-5.977481],[-36.300314,-5.98487],[-36.308154,-5.98683],[-36.311772,-5.991353],[-36.314033,-6.000399],[-36.317953,-6.0007],[-36.322928,-6.002208],[-36.325039,-6.009143],[-36.322325,-6.019395],[-36.322174,-6.023013],[-36.323348,-6.028084],[-36.327155,-6.034509],[-36.336435,-6.045692],[-36.339766,-6.053544],[-36.343811,-6.058303],[-36.353329,-6.059017],[-36.354281,-6.065204],[-36.361419,-6.071152],[-36.358326,-6.073056],[-36.352377,-6.074959],[-36.344723,-6.081186],[-36.338537,-6.088324],[-36.33235,-6.093559],[-36.329495,-6.092845],[-36.323308,-6.092845],[-36.321167,-6.099746],[-36.313077,-6.099746],[-36.30927,-6.097128],[-36.304637,-6.089942],[-36.301306,-6.089942],[-36.299879,-6.095653],[-36.286316,-6.106123],[-36.285602,-6.109692],[-36.288933,-6.116116],[-36.292502,-6.119685],[-36.297737,-6.125872],[-36.297499,-6.130631],[-36.29512,-6.133248],[-36.287743,-6.134676],[-36.279653,-6.133724],[-36.279415,-6.136342],[-36.276084,-6.146335],[-36.282033,-6.148477],[-36.289454,-6.147687],[-36.289521,-6.146672],[-36.290194,-6.146048],[-36.290323,-6.14537],[-36.290288,-6.144492],[-36.289685,-6.144049],[-36.289627,-6.140427],[-36.289362,-6.139671],[-36.290766,-6.139558],[-36.294636,-6.13796],[-36.295404,-6.13581],[-36.296623,-6.135115],[-36.29709,-6.134173],[-36.298136,-6.133768],[-36.298111,-6.133126],[-36.299021,-6.131411],[-36.301419,-6.128906],[-36.300946,-6.127866],[-36.299584,-6.127073],[-36.29939,-6.124781],[-36.299614,-6.124356],[-36.300978,-6.12367],[-36.301954,-6.121828],[-36.302747,-6.121363],[-36.303274,-6.120124],[-36.302411,-6.118337],[-36.30259,-6.117654],[-36.30204,-6.116936],[-36.301881,-6.115607],[-36.303036,-6.11354],[-36.304749,-6.113655],[-36.30526,-6.113303],[-36.307647,-6.115194],[-36.308957,-6.115282],[-36.309463,-6.115014],[-36.311454,-6.116495],[-36.311953,-6.115869],[-36.312992,-6.115534],[-36.313419,-6.116438],[-36.314687,-6.11706],[-36.317344,-6.11576],[-36.317677,-6.116763],[-36.321804,-6.116026],[-36.321253,-6.11422],[-36.323983,-6.113374],[-36.324108,-6.11195],[-36.325524,-6.111594],[-36.32893,-6.109361],[-36.328408,-6.108877],[-36.328154,-6.106913],[-36.328618,-6.106012],[-36.328263,-6.10555],[-36.328287,-6.104958],[-36.328858,-6.103509],[-36.332921,-6.103409],[-36.335319,-6.101386],[-36.33725,-6.100553],[-36.338061,-6.100569],[-36.3396,-6.098908],[-36.34185,-6.098312],[-36.342664,-6.097624],[-36.344255,-6.097402],[-36.345951,-6.096604],[-36.347315,-6.096495],[-36.348507,-6.095874],[-36.35318,-6.091227],[-36.353549,-6.089997],[-36.354554,-6.089126],[-36.356546,-6.088528],[-36.35717,-6.087841],[-36.356918,-6.086881],[-36.357264,-6.086561],[-36.358548,-6.086752],[-36.358882,-6.086391],[-36.35802,-6.084465],[-36.358214,-6.083727],[-36.359591,-6.082103],[-36.360573,-6.082325],[-36.362352,-6.083685],[-36.363652,-6.082791],[-36.365876,-6.082705],[-36.366482,-6.082077],[-36.367695,-6.081933],[-36.367835,-6.081492],[-36.368898,-6.081898],[-36.369317,-6.081751],[-36.369291,-6.081091],[-36.369939,-6.079905],[-36.370679,-6.080099],[-36.371756,-6.079688],[-36.372027,-6.076918],[-36.372867,-6.076639],[-36.373035,-6.07574],[-36.372699,-6.075107],[-36.374404,-6.074402],[-36.374298,-6.072856],[-36.376461,-6.072569],[-36.377596,-6.071783],[-36.378479,-6.070325],[-36.378461,-6.069862],[-36.37959,-6.069582],[-36.380587,-6.070313],[-36.381325,-6.069858],[-36.381306,-6.068112],[-36.380391,-6.067118],[-36.380179,-6.065541],[-36.381765,-6.064424],[-36.382104,-6.062929],[-36.383558,-6.062782],[-36.384145,-6.061704],[-36.383941,-6.060113],[-36.384707,-6.058641],[-36.385636,-6.058537],[-36.386013,-6.058944],[-36.388299,-6.056847],[-36.388904,-6.05706],[-36.38978,-6.05585],[-36.390285,-6.055699],[-36.39071,-6.056157],[-36.392531,-6.054679],[-36.392629,-6.053953],[-36.395432,-6.053849],[-36.395871,-6.052788],[-36.396545,-6.052627],[-36.395984,-6.051381],[-36.395024,-6.050496],[-36.39594,-6.050371],[-36.396709,-6.049734],[-36.397137,-6.04996],[-36.397286,-6.051052],[-36.398648,-6.052197],[-36.399688,-6.05127],[-36.399657,-6.050484],[-36.400115,-6.050339],[-36.400633,-6.048582],[-36.401707,-6.04924],[-36.404028,-6.049272],[-36.404716,-6.050014],[-36.405605,-6.048674],[-36.40538,-6.048031],[-36.406367,-6.047756],[-36.406797,-6.046406],[-36.408283,-6.045386],[-36.408494,-6.044307],[-36.408995,-6.043832],[-36.411178,-6.04346],[-36.411445,-6.044025],[-36.412769,-6.044391],[-36.413563,-6.044001],[-36.413379,-6.043105],[-36.412707,-6.042433],[-36.411782,-6.042663],[-36.411255,-6.042392],[-36.411115,-6.041519],[-36.411653,-6.040437],[-36.412024,-6.040628],[-36.41201,-6.039957],[-36.410022,-6.039621],[-36.41055,-6.037904],[-36.409403,-6.035743],[-36.407529,-6.035871],[-36.406424,-6.035032],[-36.405782,-6.035866],[-36.4058,-6.036761],[-36.404429,-6.037577],[-36.404507,-6.038307],[-36.403276,-6.03894],[-36.402098,-6.038767],[-36.401558,-6.037609],[-36.400238,-6.037455],[-36.399656,-6.036772],[-36.399102,-6.037058],[-36.398421,-6.036772],[-36.39807,-6.035851],[-36.397324,-6.035489],[-36.397057,-6.034938],[-36.395692,-6.035073],[-36.395273,-6.034636],[-36.395136,-6.03393],[-36.395819,-6.032681],[-36.395833,-6.031449],[-36.396439,-6.031761],[-36.397517,-6.031391],[-36.398321,-6.030299],[-36.398536,-6.02758],[-36.39889,-6.02724],[-36.398423,-6.024468],[-36.399783,-6.021246],[-36.399556,-6.019318],[-36.399332,-6.018884],[-36.398534,-6.018754],[-36.397938,-6.018273],[-36.398083,-6.017279],[-36.39747,-6.016969],[-36.39718,-6.016372],[-36.395438,-6.016217],[-36.394203,-6.015101],[-36.393866,-6.013908],[-36.393901,-6.012194],[-36.393083,-6.010785],[-36.393321,-6.008881],[-36.39287,-6.007622],[-36.39358,-6.00694],[-36.393207,-6.00572],[-36.39344,-6.005497],[-36.39267,-6.004661],[-36.392517,-6.003096],[-36.391841,-6.002446],[-36.392074,-6.001746],[-36.390888,-6.000534],[-36.390028,-6.000395],[-36.38777,-6.002095],[-36.385968,-6.002311],[-36.383798,-6.004573],[-36.382298,-6.005786],[-36.381175,-6.006245],[-36.383424,-6.006824],[-36.384645,-6.007723],[-36.385795,-6.007863],[-36.38607,-6.00839],[-36.385603,-6.009105],[-36.384705,-6.009125],[-36.382885,-6.00816],[-36.380222,-6.007721],[-36.37928,-6.007884],[-36.379468,-6.008555],[-36.381273,-6.008592],[-36.383031,-6.009562],[-36.383753,-6.010478],[-36.383547,-6.01151],[-36.38254,-6.011448],[-36.380349,-6.010161],[-36.378643,-6.010224],[-36.377951,-6.011139],[-36.378222,-6.012379],[-36.378977,-6.013363],[-36.378409,-6.014274],[-36.377426,-6.014011],[-36.376498,-6.012371],[-36.376222,-6.009988],[-36.376486,-6.008794],[-36.377495,-6.007584],[-36.379722,-6.006372],[-36.377944,-6.005644],[-36.377302,-6.00393],[-36.378,-5.998219],[-36.378489,-5.997673],[-36.377955,-5.995166],[-36.378362,-5.994379],[-36.376358,-5.993326],[-36.375985,-5.992121],[-36.375248,-5.991722],[-36.373955,-5.992007],[-36.373844,-5.990537],[-36.373102,-5.988227],[-36.372783,-5.984169],[-36.376686,-5.968697],[-36.378636,-5.951165],[-36.378529,-5.941467],[-36.379204,-5.941277],[-36.379721,-5.941815],[-36.379965,-5.941562],[-36.379929,-5.939795],[-36.380406,-5.93909],[-36.3796,-5.937352],[-36.379262,-5.935334],[-36.379375,-5.933202],[-36.38013,-5.932482],[-36.380291,-5.931368],[-36.380855,-5.930472],[-36.382283,-5.930097],[-36.382043,-5.929396],[-36.382372,-5.929079],[-36.382445,-5.928206],[-36.381587,-5.927356],[-36.379169,-5.927551],[-36.378606,-5.926966],[-36.378477,-5.925255],[-36.3779,-5.925259],[-36.377218,-5.924797],[-36.376195,-5.923431],[-36.374958,-5.922533],[-36.373478,-5.922202],[-36.372913,-5.922426],[-36.36861,-5.920276],[-36.366631,-5.920372],[-36.365429,-5.919484],[-36.363857,-5.91982],[-36.362878,-5.920427],[-36.361788,-5.917849],[-36.361802,-5.914896],[-36.360151,-5.911422],[-36.358364,-5.909488],[-36.356454,-5.906398],[-36.353639,-5.904973],[-36.34793,-5.904484],[-36.340762,-5.905615],[-36.33514,-5.902402],[-36.333058,-5.89919],[-36.332225,-5.895799],[-36.333058,-5.894134],[-36.333033,-5.893064],[-36.331518,-5.890403],[-36.331783,-5.890035],[-36.328614,-5.892118],[-36.328233,-5.899923]],[[-36.352956,-6.001187],[-36.35363,-6.004232],[-36.357071,-6.006683],[-36.359739,-6.009067],[-36.361255,-6.009854],[-36.361242,-6.0105],[-36.360524,-6.01075],[-36.35884,-6.010259],[-36.358316,-6.011131],[-36.357178,-6.01137],[-36.356529,-6.008196],[-36.352932,-6.006333],[-36.351614,-6.00515],[-36.351283,-6.004522],[-36.351416,-6.003628],[-36.350031,-6.002641],[-36.350239,-6.001146],[-36.350508,-6.000779],[-36.351545,-6.000693],[-36.352956,-6.001187]],[[-36.339889,-6.007307],[-36.33771,-6.005897],[-36.336729,-6.004004],[-36.336921,-6.00346],[-36.338357,-6.003041],[-36.338374,-6.001308],[-36.33892,-6.000762],[-36.33933,-6.000905],[-36.340796,-6.002838],[-36.340641,-6.003421],[-36.339516,-6.004197],[-36.339132,-6.004921],[-36.339237,-6.006046],[-36.340139,-6.006976],[-36.339889,-6.007307]],[[-36.370677,-6.00726],[-36.37012,-6.005284],[-36.368482,-6.004652],[-36.368014,-6.005116],[-36.367864,-6.00655],[-36.366559,-6.00668],[-36.365593,-6.004954],[-36.363149,-6.003615],[-36.362791,-6.003735],[-36.362659,-6.00428],[-36.364023,-6.006639],[-36.363878,-6.007055],[-36.363376,-6.007088],[-36.361018,-6.004315],[-36.35918,-6.003603],[-36.359019,-6.002849],[-36.359264,-6.002542],[-36.360505,-6.00229],[-36.361598,-6.001434],[-36.363989,-6.001804],[-36.365347,-6.001087],[-36.365561,-6.001238],[-36.365434,-6.002392],[-36.365896,-6.00309],[-36.367098,-6.003383],[-36.369742,-6.003324],[-36.370989,-6.004923],[-36.373342,-6.005752],[-36.373786,-6.007325],[-36.373368,-6.007753],[-36.371477,-6.007665],[-36.370677,-6.00726]],[[-36.365272,-6.014222],[-36.371238,-6.014695],[-36.371451,-6.015163],[-36.370699,-6.016457],[-36.370745,-6.017498],[-36.371804,-6.018466],[-36.373779,-6.019013],[-36.37648,-6.020454],[-36.376694,-6.022076],[-36.376497,-6.022807],[-36.375487,-6.022766],[-36.373741,-6.020928],[-36.373083,-6.022109],[-36.372478,-6.021962],[-36.371655,-6.021166],[-36.371074,-6.02122],[-36.370387,-6.021778],[-36.369822,-6.021675],[-36.369459,-6.021186],[-36.36914,-6.017332],[-36.367092,-6.015737],[-36.366561,-6.015777],[-36.366308,-6.016293],[-36.366988,-6.017845],[-36.366949,-6.018555],[-36.366481,-6.019055],[-36.365614,-6.018986],[-36.365018,-6.01785],[-36.365408,-6.015779],[-36.364798,-6.014442],[-36.365272,-6.014222]],[[-36.372635,-6.040384],[-36.375999,-6.040989],[-36.377629,-6.04043],[-36.378826,-6.040385],[-36.380026,-6.041094],[-36.381208,-6.042671],[-36.384874,-6.043219],[-36.385034,-6.044246],[-36.383912,-6.04513],[-36.38149,-6.045082],[-36.380202,-6.044603],[-36.37988,-6.043088],[-36.379188,-6.042518],[-36.375573,-6.043232],[-36.374413,-6.043111],[-36.373599,-6.042419],[-36.372511,-6.042306],[-36.37199,-6.042856],[-36.372219,-6.046043],[-36.371666,-6.04674],[-36.371107,-6.046301],[-36.370272,-6.042905],[-36.369813,-6.042974],[-36.36932,-6.044141],[-36.368862,-6.044153],[-36.368084,-6.043468],[-36.367345,-6.04368],[-36.366898,-6.044208],[-36.366699,-6.045341],[-36.366125,-6.045575],[-36.365382,-6.045026],[-36.364858,-6.043818],[-36.363824,-6.044208],[-36.362514,-6.044037],[-36.360727,-6.04311],[-36.359381,-6.042953],[-36.359024,-6.042571],[-36.359221,-6.041818],[-36.360494,-6.040906],[-36.36201,-6.041481],[-36.36724,-6.0417],[-36.368423,-6.041533],[-36.370592,-6.040439],[-36.372635,-6.040384]],[[-36.359423,-6.045994],[-36.359482,-6.047534],[-36.360757,-6.04864],[-36.363752,-6.049621],[-36.36708,-6.05309],[-36.36974,-6.054155],[-36.372005,-6.055906],[-36.371831,-6.05647],[-36.370579,-6.05655],[-36.366412,-6.054808],[-36.364756,-6.053547],[-36.363296,-6.051187],[-36.362119,-6.050584],[-36.361521,-6.050724],[-36.36143,-6.052665],[-36.364189,-6.056184],[-36.364654,-6.058845],[-36.36511,-6.059302],[-36.365921,-6.059463],[-36.367393,-6.061441],[-36.366665,-6.062681],[-36.36658,-6.063421],[-36.368579,-6.067094],[-36.368663,-6.06839],[-36.368029,-6.069042],[-36.36726,-6.069072],[-36.366765,-6.068606],[-36.3669,-6.066412],[-36.365612,-6.064191],[-36.365014,-6.061257],[-36.364032,-6.060941],[-36.363058,-6.061769],[-36.362287,-6.061162],[-36.362619,-6.059672],[-36.362371,-6.057634],[-36.362679,-6.056196],[-36.360341,-6.052823],[-36.359561,-6.050935],[-36.358568,-6.050598],[-36.358368,-6.04823],[-36.357397,-6.046061],[-36.358034,-6.044716],[-36.358874,-6.045045],[-36.359423,-6.045994]]]}},{"type":"Feature","id":9,"properties":{"taxon_1":"Cinturão Orogênico Brasiliano","taxon_2":"Depressão Sertaneja","unidade":"Inselbergs e Campos de Inselbergs","rotulo":"1.1.2","fonte":"DINIZ et al. (2017) e Folhas Geológicas (CPRM)"},"geometry":{"type":"MultiPolygon","coordinates":[[[[-35.86828,-5.747102],[-35.867851,-5.739678],[-35.861141,-5.740249],[-35.861427,-5.747102],[-35.86828,-5.747102]]],[[[-35.862569,-5.807636],[-35.866852,-5.804352],[-35.866852,-5.799498],[-35.864282,-5.796214],[-35.859571,-5.7965],[-35.855288,-5.797499],[-35.855431,-5.805494],[-35.858,-5.807636],[-35.862569,-5.807636]]],[[[-35.809038,-5.821922],[-35.810998,-5.818455],[-35.811902,-5.813781],[-35.808435,-5.811369],[-35.804515,-5.811218],[-35.801198,-5.81363],[-35.799691,-5.817098],[-35.801349,-5.821018],[-35.805872,-5.821922],[-35.809038,-5.821922]]],[[[-35.875281,-5.861239],[-35.879469,-5.859145],[-35.883086,-5.855529],[-35.884419,-5.852864],[-35.884038,-5.846772],[-35.880802,-5.842204],[-35.879279,-5.839158],[-35.87452,-5.836303],[-35.865764,-5.846392],[-35.869761,-5.858574],[-35.875281,-5.861239]]],[[[-35.900261,-5.861146],[-35.902878,-5.85948],[-35.900436,-5.855603],[-35.896692,-5.856387],[-35.895978,-5.859837],[-35.896811,-5.861146],[-35.900261,-5.861146]]],[[[-35.914583,-5.890554],[-35.918955,-5.897188],[-35.92254,-5.900556],[-35.923492,-5.910074],[-35.931107,-5.914357],[-35.932058,-5.921971],[-35.936817,-5.922923],[-35.938721,-5.920544],[-35.946335,-5.919116],[-35.944907,-5.914833],[-35.941576,-5.911502],[-35.937769,-5.911026],[-35.933962,-5.903887],[-35.931107,-5.899604],[-35.923968,-5.894845],[-35.922065,-5.888183],[-35.92492,-5.888183],[-35.928251,-5.883424],[-35.926824,-5.881045],[-35.921113,-5.877237],[-35.916693,-5.87005],[-35.914131,-5.874875],[-35.913678,-5.883619],[-35.914583,-5.890554]]],[[[-35.880749,-5.88268],[-35.884556,-5.882323],[-35.887888,-5.880895],[-35.888363,-5.878159],[-35.888245,-5.875304],[-35.885032,-5.873519],[-35.880868,-5.874352],[-35.880392,-5.874709],[-35.879084,-5.878635],[-35.879559,-5.880419],[-35.880749,-5.88268]]],[[[-35.887509,-5.900039],[-35.890186,-5.899444],[-35.889591,-5.893792],[-35.883048,-5.894387],[-35.882453,-5.898551],[-35.887509,-5.900039]]],[[[-36.01429,-5.90577],[-36.010578,-5.906341],[-36.008293,-5.908911],[-36.012434,-5.914621],[-36.016146,-5.917334],[-36.02,-5.917334],[-36.022856,-5.91505],[-36.020429,-5.909624],[-36.017573,-5.90834],[-36.01429,-5.90577]]],[[[-35.890526,-5.940461],[-35.891567,-5.945815],[-35.892608,-5.947451],[-35.89469,-5.947005],[-35.89707,-5.947748],[-35.896029,-5.949533],[-35.893352,-5.951317],[-35.893203,-5.953399],[-35.894095,-5.955481],[-35.896029,-5.956968],[-35.897665,-5.959348],[-35.899895,-5.958902],[-35.903167,-5.958902],[-35.906439,-5.95801],[-35.908818,-5.95682],[-35.909562,-5.953845],[-35.907777,-5.952656],[-35.905844,-5.949087],[-35.90867,-5.948194],[-35.913726,-5.953102],[-35.924731,-5.950425],[-35.924285,-5.947748],[-35.919675,-5.946261],[-35.916998,-5.944774],[-35.914469,-5.939569],[-35.910603,-5.940015],[-35.906439,-5.936892],[-35.904654,-5.93362],[-35.902275,-5.931984],[-35.898111,-5.931687],[-35.89469,-5.932579],[-35.891716,-5.933769],[-35.890675,-5.935553],[-35.890526,-5.940461]]],[[[-36.113411,-5.958698],[-36.111727,-5.959639],[-36.110908,-5.962234],[-36.111907,-5.965803],[-36.114477,-5.968802],[-36.117332,-5.969373],[-36.12033,-5.968373],[-36.120901,-5.963091],[-36.12066,-5.961398],[-36.115957,-5.959602],[-36.1146,-5.958745],[-36.113411,-5.958698]]],[[[-35.936445,-5.977476],[-35.930497,-5.977239],[-35.930259,-5.974383],[-35.927641,-5.972242],[-35.915506,-5.971052],[-35.914316,-5.978904],[-35.91503,-5.982949],[-35.918837,-5.986756],[-35.921455,-5.988422],[-35.928593,-5.990801],[-35.930497,-5.990801],[-35.938349,-5.989612],[-35.941918,-5.987946],[-35.94406,-5.98628],[-35.949532,-5.983663],[-35.955005,-5.981997],[-35.956195,-5.976525],[-35.955719,-5.973907],[-35.953577,-5.972242],[-35.950722,-5.970576],[-35.945963,-5.96891],[-35.939301,-5.972718],[-35.938111,-5.975573],[-35.936445,-5.977476]]],[[[-35.787729,-5.985805],[-35.792012,-5.984615],[-35.795581,-5.98176],[-35.796057,-5.977952],[-35.790822,-5.977001],[-35.786539,-5.978666],[-35.784874,-5.981522],[-35.786063,-5.984377],[-35.787729,-5.985805]]],[[[-35.925262,-6.023876],[-35.927879,-6.022448],[-35.931448,-6.0165],[-35.93121,-6.00722],[-35.926689,-6.005078],[-35.923596,-6.006268],[-35.920027,-6.013882],[-35.919313,-6.017213],[-35.920741,-6.023162],[-35.925262,-6.023876]]],[[[-35.774166,-6.024828],[-35.78178,-6.021259],[-35.785825,-6.017213],[-35.787015,-6.011503],[-35.773452,-6.012217],[-35.772262,-6.014596],[-35.771549,-6.018641],[-35.771549,-6.021972],[-35.772024,-6.024828],[-35.774166,-6.024828]]],[[[-35.918077,-6.046696],[-35.923655,-6.044585],[-35.925012,-6.040816],[-35.925012,-6.038102],[-35.922751,-6.035238],[-35.918981,-6.036444],[-35.915363,-6.041268],[-35.915062,-6.044736],[-35.918077,-6.046696]]],[[[-35.761741,-6.046646],[-35.764834,-6.045932],[-35.767214,-6.04379],[-35.768165,-6.039983],[-35.765548,-6.037604],[-35.761979,-6.037366],[-35.756982,-6.039269],[-35.756982,-6.044742],[-35.758648,-6.045932],[-35.761741,-6.046646]]],[[[-35.749368,-6.061874],[-35.753651,-6.060447],[-35.75841,-6.058305],[-35.759124,-6.057829],[-35.760313,-6.054974],[-35.756744,-6.052356],[-35.752461,-6.052118],[-35.74794,-6.053784],[-35.746512,-6.056639],[-35.749368,-6.061874]]],[[[-35.921544,-6.064637],[-35.922901,-6.064033],[-35.923655,-6.061018],[-35.922298,-6.058003],[-35.917625,-6.060264],[-35.916871,-6.062827],[-35.918981,-6.064637],[-35.921544,-6.064637]]],[[[-35.760075,-6.085193],[-35.762693,-6.084241],[-35.768165,-6.08091],[-35.768879,-6.077579],[-35.765786,-6.076627],[-35.763169,-6.075199],[-35.759124,-6.075913],[-35.757696,-6.07972],[-35.757696,-6.081386],[-35.760075,-6.085193]]],[[[-35.676303,-6.081109],[-35.681371,-6.079895],[-35.681728,-6.081037],[-35.680943,-6.084107],[-35.681942,-6.08789],[-35.680882,-6.090794],[-35.680845,-6.0926],[-35.681481,-6.093017],[-35.6821,-6.094441],[-35.681121,-6.096825],[-35.681307,-6.098539],[-35.681987,-6.099942],[-35.685598,-6.097328],[-35.686788,-6.094711],[-35.688929,-6.088048],[-35.688929,-6.083051],[-35.684408,-6.076389],[-35.680363,-6.075675],[-35.679174,-6.076151],[-35.676303,-6.081109]]],[[[-35.723908,-6.098994],[-35.728191,-6.097804],[-35.733425,-6.093283],[-35.732474,-6.090428],[-35.728904,-6.088524],[-35.72248,-6.088762],[-35.719862,-6.094235],[-35.72129,-6.098042],[-35.723908,-6.098994]]]]}},{"type":"Feature","id":10,"properties":{"taxon_1":"Coberturas Sedimentares Quaternário","taxon_2":"Planícies Costeiras e Fluviais","unidade":"Agradacionais Planícies Fluviais","rotulo":"3.1.1","fonte":"DINIZ et al. (2017) e Folhas Geológicas (CPRM)"},"geometry":{"type":"MultiPolygon","coordinates":[[[[-35.403046,-5.787897],[-35.401992,-5.787402],[-35.400492,-5.787731],[-35.398464,-5.788904],[-35.396786,-5.788132],[-35.395342,-5.788803],[-35.391029,-5.789898],[-35.387463,-5.790326],[-35.386912,-5.789498],[-35.386246,-5.789565],[-35.38581,-5.790136],[-35.386071,-5.790978],[-35.380264,-5.7937],[-35.378188,-5.797082],[-35.376898,-5.797991],[-35.373887,-5.798692],[-35.372282,-5.796017],[-35.366788,-5.795021],[-35.367226,-5.792341],[-35.368401,-5.790169],[-35.367768,-5.789935],[-35.36525,-5.793157],[-35.364344,-5.793862],[-35.362716,-5.794422],[-35.362246,-5.795127],[-35.361608,-5.797544],[-35.360973,-5.798281],[-35.360309,-5.798056],[-35.359024,-5.798517],[-35.358586,-5.799226],[-35.357073,-5.800247],[-35.353001,-5.802575],[-35.349316,-5.802575],[-35.344726,-5.801217],[-35.341204,-5.799402],[-35.338801,-5.797681],[-35.336734,-5.797141],[-35.334476,-5.795588],[-35.332198,-5.794839],[-35.329243,-5.794992],[-35.328453,-5.795671],[-35.327577,-5.793711],[-35.32867,-5.789477],[-35.327909,-5.787954],[-35.326995,-5.787574],[-35.323112,-5.789477],[-35.319686,-5.789553],[-35.314889,-5.790695],[-35.309059,-5.790762],[-35.301671,-5.792269],[-35.292626,-5.799355],[-35.290666,-5.798149],[-35.289309,-5.795737],[-35.285691,-5.795134],[-35.284937,-5.79845],[-35.286746,-5.801164],[-35.287788,-5.803639],[-35.291059,-5.804531],[-35.293142,-5.813156],[-35.290465,-5.819105],[-35.28743,-5.819237],[-35.290817,-5.830205],[-35.291709,-5.837046],[-35.30315,-5.847337],[-35.318319,-5.848527],[-35.32516,-5.853583],[-35.330216,-5.852691],[-35.336165,-5.853583],[-35.345385,-5.857153],[-35.349847,-5.859829],[-35.357283,-5.867563],[-35.360555,-5.88065],[-35.366801,-5.891655],[-35.373939,-5.893142],[-35.377508,-5.895521],[-35.3784,-5.902065],[-35.379888,-5.908311],[-35.380483,-5.915152],[-35.380483,-5.920208],[-35.384647,-5.925562],[-35.387621,-5.921101],[-35.385241,-5.917829],[-35.384647,-5.911285],[-35.388513,-5.905634],[-35.387026,-5.897901],[-35.38423,-5.892369],[-35.380423,-5.887134],[-35.375188,-5.880947],[-35.380899,-5.880947],[-35.387086,-5.877854],[-35.381375,-5.874285],[-35.376378,-5.871905],[-35.365194,-5.870002],[-35.362339,-5.865481],[-35.353297,-5.857628],[-35.344255,-5.85168],[-35.328075,-5.841924],[-35.325933,-5.836213],[-35.328551,-5.833834],[-35.334261,-5.832882],[-35.353297,-5.827885],[-35.35996,-5.822888],[-35.364005,-5.820509],[-35.36686,-5.817654],[-35.368567,-5.816935],[-35.369347,-5.817073],[-35.372606,-5.815463],[-35.374419,-5.816067],[-35.375023,-5.815377],[-35.376232,-5.815031],[-35.376826,-5.813846],[-35.381137,-5.813846],[-35.384944,-5.817654],[-35.386134,-5.821461],[-35.392082,-5.824078],[-35.399459,-5.82265],[-35.402991,-5.82265],[-35.406975,-5.824142],[-35.407478,-5.823866],[-35.407402,-5.823338],[-35.406246,-5.822886],[-35.406007,-5.8223],[-35.411832,-5.820747],[-35.41207,-5.819795],[-35.415639,-5.813371],[-35.418061,-5.812439],[-35.422115,-5.813845],[-35.423874,-5.813795],[-35.425909,-5.814307],[-35.428171,-5.814257],[-35.429176,-5.814684],[-35.430533,-5.816192],[-35.43233,-5.817228],[-35.434563,-5.817255],[-35.435851,-5.816125],[-35.436997,-5.816282],[-35.439944,-5.820309],[-35.44027,-5.819343],[-35.440107,-5.817946],[-35.441206,-5.813329],[-35.443468,-5.812952],[-35.445698,-5.812167],[-35.448023,-5.812041],[-35.450284,-5.810439],[-35.451504,-5.810908],[-35.451926,-5.811883],[-35.451472,-5.814124],[-35.45014,-5.816641],[-35.449687,-5.818493],[-35.449876,-5.819561],[-35.451352,-5.821194],[-35.452106,-5.821477],[-35.453739,-5.821446],[-35.455341,-5.820001],[-35.456849,-5.820064],[-35.461713,-5.817144],[-35.462679,-5.817584],[-35.462727,-5.818609],[-35.463159,-5.818897],[-35.466761,-5.818769],[-35.467749,-5.818179],[-35.46822,-5.818304],[-35.46935,-5.819058],[-35.470324,-5.820597],[-35.471879,-5.820767],[-35.473364,-5.821746],[-35.473867,-5.822751],[-35.474152,-5.825645],[-35.474492,-5.825531],[-35.475809,-5.822399],[-35.476651,-5.821869],[-35.478409,-5.822318],[-35.480018,-5.82432],[-35.481746,-5.824635],[-35.484141,-5.828404],[-35.486045,-5.830053],[-35.486529,-5.831432],[-35.488685,-5.831937],[-35.488972,-5.833752],[-35.489506,-5.834247],[-35.489738,-5.834084],[-35.489862,-5.832176],[-35.49044,-5.831313],[-35.492604,-5.830909],[-35.494528,-5.831614],[-35.494856,-5.830577],[-35.497695,-5.828036],[-35.499861,-5.826847],[-35.500975,-5.826911],[-35.502406,-5.827923],[-35.504795,-5.82674],[-35.507483,-5.826785],[-35.513382,-5.823887],[-35.517791,-5.822715],[-35.522215,-5.82387],[-35.522529,-5.826184],[-35.52393,-5.829272],[-35.527817,-5.832026],[-35.528631,-5.834755],[-35.528039,-5.836841],[-35.528218,-5.837995],[-35.528902,-5.837523],[-35.529539,-5.836313],[-35.529721,-5.832969],[-35.530683,-5.832327],[-35.531253,-5.832346],[-35.534899,-5.834254],[-35.536671,-5.835544],[-35.538017,-5.83743],[-35.538427,-5.839346],[-35.539087,-5.839055],[-35.539256,-5.838543],[-35.538326,-5.836578],[-35.538253,-5.834787],[-35.537728,-5.834061],[-35.535345,-5.832451],[-35.535164,-5.831853],[-35.535487,-5.831387],[-35.539667,-5.832678],[-35.542363,-5.834292],[-35.544115,-5.835843],[-35.544773,-5.835982],[-35.545144,-5.835805],[-35.545199,-5.834851],[-35.544402,-5.833517],[-35.543495,-5.830593],[-35.543606,-5.830111],[-35.544106,-5.829915],[-35.547542,-5.830686],[-35.54888,-5.831483],[-35.55004,-5.834006],[-35.553583,-5.837283],[-35.554917,-5.836741],[-35.555424,-5.836099],[-35.555341,-5.834126],[-35.554499,-5.832756],[-35.554742,-5.832168],[-35.557575,-5.831099],[-35.558979,-5.830993],[-35.558489,-5.830037],[-35.557724,-5.82953],[-35.555417,-5.829856],[-35.553785,-5.830979],[-35.552984,-5.830831],[-35.550971,-5.827807],[-35.548755,-5.825897],[-35.547351,-5.825714],[-35.547229,-5.825192],[-35.547995,-5.824979],[-35.548011,-5.824705],[-35.546503,-5.824142],[-35.545628,-5.824483],[-35.542956,-5.827462],[-35.540555,-5.827899],[-35.537769,-5.828971],[-35.534003,-5.829127],[-35.529048,-5.827719],[-35.527892,-5.82717],[-35.527128,-5.826203],[-35.527082,-5.82318],[-35.525893,-5.82143],[-35.524216,-5.819611],[-35.521688,-5.818741],[-35.519701,-5.819605],[-35.5138,-5.820476],[-35.507146,-5.823516],[-35.505856,-5.823474],[-35.505539,-5.823232],[-35.505553,-5.822635],[-35.504722,-5.822725],[-35.502452,-5.823939],[-35.497652,-5.825821],[-35.496267,-5.826773],[-35.491767,-5.8281],[-35.487729,-5.825936],[-35.484475,-5.822593],[-35.483729,-5.820889],[-35.483218,-5.820496],[-35.479528,-5.820321],[-35.476975,-5.81814],[-35.474227,-5.818376],[-35.47216,-5.816313],[-35.470825,-5.815743],[-35.469719,-5.814612],[-35.467805,-5.813715],[-35.466865,-5.813806],[-35.465726,-5.814905],[-35.463017,-5.814984],[-35.460532,-5.815525],[-35.456573,-5.817276],[-35.455812,-5.817428],[-35.453614,-5.816947],[-35.453427,-5.816046],[-35.453967,-5.815023],[-35.454949,-5.814434],[-35.456598,-5.814434],[-35.456943,-5.813926],[-35.457187,-5.811607],[-35.457874,-5.810007],[-35.460936,-5.807416],[-35.465687,-5.80502],[-35.466787,-5.801487],[-35.469425,-5.798585],[-35.46981,-5.797164],[-35.471427,-5.796314],[-35.472378,-5.795155],[-35.475227,-5.793932],[-35.475419,-5.793484],[-35.474956,-5.793002],[-35.471155,-5.79284],[-35.470732,-5.793002],[-35.470463,-5.793741],[-35.469015,-5.794043],[-35.468176,-5.793472],[-35.467203,-5.791727],[-35.466263,-5.791257],[-35.464774,-5.791066],[-35.46427,-5.791536],[-35.464472,-5.793248],[-35.465797,-5.795184],[-35.465093,-5.79787],[-35.464992,-5.799615],[-35.462347,-5.802979],[-35.461396,-5.803574],[-35.460813,-5.804563],[-35.458007,-5.804532],[-35.457104,-5.806577],[-35.455895,-5.80708],[-35.455006,-5.808077],[-35.452472,-5.809443],[-35.451964,-5.809477],[-35.451124,-5.808839],[-35.450223,-5.808839],[-35.448439,-5.80998],[-35.448439,-5.808201],[-35.446459,-5.807563],[-35.444478,-5.807899],[-35.443069,-5.807464],[-35.440177,-5.808162],[-35.437854,-5.807899],[-35.435466,-5.808973],[-35.429827,-5.808201],[-35.428081,-5.808302],[-35.425302,-5.80723],[-35.424216,-5.807295],[-35.419922,-5.803377],[-35.416432,-5.800839],[-35.411744,-5.792344],[-35.412713,-5.792428],[-35.413115,-5.791992],[-35.414055,-5.79216],[-35.414626,-5.791589],[-35.413753,-5.790347],[-35.414156,-5.789609],[-35.413887,-5.788938],[-35.413082,-5.788703],[-35.408445,-5.788904],[-35.408042,-5.788803],[-35.407455,-5.787931],[-35.405911,-5.787998],[-35.404837,-5.787394],[-35.403046,-5.787897]]],[[[-36.027994,-5.859461],[-36.026567,-5.858509],[-36.025329,-5.858152],[-36.024306,-5.857224],[-36.023426,-5.857224],[-36.023592,-5.857985],[-36.026019,-5.860079],[-36.026923,-5.861507],[-36.027399,-5.863553],[-36.027495,-5.865029],[-36.027257,-5.865338],[-36.02571,-5.864577],[-36.019975,-5.859294],[-36.017846,-5.857926],[-36.016897,-5.858085],[-36.026496,-5.867236],[-36.027567,-5.86983],[-36.027733,-5.871781],[-36.028281,-5.871924],[-36.028994,-5.871257],[-36.029922,-5.871234],[-36.030755,-5.871852],[-36.031421,-5.872947],[-36.031445,-5.87397],[-36.030517,-5.875421],[-36.030589,-5.876397],[-36.031421,-5.878229],[-36.033506,-5.879725],[-36.03392,-5.881251],[-36.03204,-5.887747],[-36.032777,-5.893868],[-36.034395,-5.89758],[-36.03518,-5.898294],[-36.035299,-5.897675],[-36.034395,-5.895438],[-36.034252,-5.891536],[-36.033491,-5.889727],[-36.033229,-5.888038],[-36.033253,-5.886777],[-36.034514,-5.884635],[-36.036965,-5.882946],[-36.039463,-5.882399],[-36.040344,-5.881495],[-36.042933,-5.880705],[-36.043657,-5.880072],[-36.043722,-5.87902],[-36.044056,-5.878592],[-36.045198,-5.878258],[-36.048672,-5.878187],[-36.053692,-5.876069],[-36.054311,-5.875022],[-36.054311,-5.873952],[-36.054787,-5.873309],[-36.059094,-5.875689],[-36.057285,-5.872429],[-36.057309,-5.871287],[-36.058094,-5.870549],[-36.059944,-5.87048],[-36.061188,-5.872334],[-36.062354,-5.872548],[-36.065542,-5.871858],[-36.066922,-5.870311],[-36.066875,-5.869264],[-36.06647,-5.868955],[-36.06528,-5.869859],[-36.063853,-5.869335],[-36.062901,-5.866575],[-36.061902,-5.866147],[-36.061759,-5.86579],[-36.061211,-5.86165],[-36.061021,-5.861103],[-36.060617,-5.861031],[-36.05995,-5.863292],[-36.059356,-5.864124],[-36.058499,-5.864315],[-36.057737,-5.864101],[-36.057285,-5.864386],[-36.056405,-5.868122],[-36.05493,-5.868979],[-36.053339,-5.871566],[-36.051813,-5.872881],[-36.051075,-5.87319],[-36.049671,-5.873024],[-36.048981,-5.87419],[-36.047958,-5.874356],[-36.04684,-5.871477],[-36.045769,-5.870954],[-36.045578,-5.871334],[-36.046863,-5.874285],[-36.046863,-5.874903],[-36.046364,-5.875617],[-36.043199,-5.876046],[-36.041391,-5.877473],[-36.040724,-5.877568],[-36.03963,-5.877354],[-36.039344,-5.87557],[-36.038797,-5.875284],[-36.035561,-5.876902],[-36.033586,-5.877045],[-36.033205,-5.876117],[-36.033491,-5.873547],[-36.033348,-5.871144],[-36.03261,-5.869788],[-36.029803,-5.867836],[-36.029065,-5.866623],[-36.02866,-5.861269],[-36.031278,-5.857533],[-36.031611,-5.855558],[-36.031611,-5.854559],[-36.029136,-5.850776],[-36.028779,-5.852441],[-36.029493,-5.854892],[-36.029612,-5.856701],[-36.02897,-5.858533],[-36.027994,-5.859461]]],[[[-36.263052,-5.856227],[-36.262713,-5.858275],[-36.263354,-5.859054],[-36.263618,-5.860248],[-36.264799,-5.86124],[-36.264761,-5.861693],[-36.264133,-5.862308],[-36.264183,-5.863376],[-36.265578,-5.864645],[-36.265841,-5.865286],[-36.265452,-5.866668],[-36.26564,-5.867886],[-36.266218,-5.868904],[-36.267374,-5.869683],[-36.268492,-5.871567],[-36.269007,-5.873176],[-36.270213,-5.874256],[-36.270465,-5.875198],[-36.271771,-5.876216],[-36.272739,-5.876455],[-36.272776,-5.876065],[-36.271508,-5.874482],[-36.268865,-5.869864],[-36.268919,-5.869168],[-36.269673,-5.869243],[-36.269761,-5.868288],[-36.268043,-5.864705],[-36.268043,-5.863167],[-36.268329,-5.862723],[-36.269108,-5.862559],[-36.27054,-5.863112],[-36.270754,-5.862559],[-36.269548,-5.861416],[-36.267625,-5.860964],[-36.266344,-5.860235],[-36.265967,-5.859255],[-36.266444,-5.857547],[-36.266143,-5.856943],[-36.265125,-5.85678],[-36.263417,-5.85575],[-36.263052,-5.856227]]],[[[-36.143863,-5.861629],[-36.143273,-5.862143],[-36.142702,-5.863438],[-36.143102,-5.865627],[-36.14295,-5.866769],[-36.143349,-5.867302],[-36.144891,-5.867835],[-36.145748,-5.86911],[-36.145824,-5.870309],[-36.145234,-5.871223],[-36.145253,-5.871737],[-36.146186,-5.871985],[-36.149707,-5.874002],[-36.14986,-5.873641],[-36.148603,-5.872441],[-36.147975,-5.870957],[-36.147918,-5.870062],[-36.148679,-5.868139],[-36.148603,-5.867321],[-36.147918,-5.866864],[-36.147214,-5.868044],[-36.146528,-5.868006],[-36.145767,-5.866007],[-36.145386,-5.863438],[-36.144701,-5.861991],[-36.143863,-5.861629]]],[[[-36.278697,-5.893642],[-36.279354,-5.895684],[-36.279697,-5.902165],[-36.281082,-5.905163],[-36.28091,-5.906048],[-36.279868,-5.907091],[-36.280296,-5.907348],[-36.280967,-5.907191],[-36.28131,-5.907705],[-36.28191,-5.907805],[-36.282181,-5.908824],[-36.28278,-5.909138],[-36.283095,-5.908039],[-36.28288,-5.904869],[-36.283451,-5.902814],[-36.283194,-5.902271],[-36.28201,-5.901729],[-36.282309,-5.900144],[-36.281296,-5.898702],[-36.281567,-5.897417],[-36.28034,-5.895036],[-36.280596,-5.893819],[-36.282095,-5.893705],[-36.282495,-5.893063],[-36.282152,-5.892649],[-36.280125,-5.892591],[-36.279211,-5.892106],[-36.279011,-5.890093],[-36.279582,-5.889008],[-36.278112,-5.887909],[-36.276042,-5.882726],[-36.276199,-5.881544],[-36.275516,-5.880206],[-36.275085,-5.880022],[-36.274443,-5.881136],[-36.274371,-5.882592],[-36.276499,-5.886204],[-36.276956,-5.888417],[-36.276684,-5.890458],[-36.277393,-5.892699],[-36.278697,-5.893642]]],[[[-36.086435,-5.882759],[-36.085666,-5.883057],[-36.085513,-5.884276],[-36.086789,-5.887226],[-36.085285,-5.888216],[-36.085019,-5.889453],[-36.08618,-5.892651],[-36.087227,-5.894326],[-36.08736,-5.895202],[-36.086713,-5.896059],[-36.085723,-5.896401],[-36.085266,-5.89703],[-36.085323,-5.897753],[-36.086541,-5.899295],[-36.086732,-5.900703],[-36.08637,-5.901807],[-36.084638,-5.904263],[-36.084619,-5.904815],[-36.086427,-5.906928],[-36.087265,-5.910545],[-36.087931,-5.911934],[-36.08873,-5.912315],[-36.090158,-5.912353],[-36.092328,-5.911363],[-36.093128,-5.911421],[-36.094346,-5.913381],[-36.094879,-5.915608],[-36.094679,-5.91636],[-36.093918,-5.916908],[-36.090692,-5.917359],[-36.088702,-5.91686],[-36.087507,-5.915228],[-36.086465,-5.915627],[-36.086484,-5.916636],[-36.087208,-5.917626],[-36.090872,-5.920072],[-36.090943,-5.921238],[-36.090467,-5.92238],[-36.087945,-5.922499],[-36.087422,-5.922809],[-36.087279,-5.923713],[-36.08785,-5.924784],[-36.087921,-5.925997],[-36.087274,-5.926164],[-36.084847,-5.92514],[-36.081183,-5.924403],[-36.080379,-5.924712],[-36.081164,-5.925854],[-36.084067,-5.926973],[-36.08442,-5.927442],[-36.084685,-5.929971],[-36.086089,-5.93078],[-36.086684,-5.931517],[-36.087446,-5.934111],[-36.087327,-5.938013],[-36.087707,-5.939108],[-36.088635,-5.940131],[-36.090872,-5.940298],[-36.093294,-5.942915],[-36.093604,-5.941583],[-36.092152,-5.93868],[-36.091605,-5.93837],[-36.089676,-5.938679],[-36.089321,-5.938299],[-36.089059,-5.936681],[-36.089725,-5.934016],[-36.089106,-5.932445],[-36.089202,-5.930851],[-36.090153,-5.928305],[-36.091467,-5.928115],[-36.09515,-5.928733],[-36.096435,-5.928281],[-36.096935,-5.927615],[-36.09663,-5.923713],[-36.096202,-5.923237],[-36.09496,-5.922809],[-36.094817,-5.922357],[-36.095531,-5.919668],[-36.097387,-5.917836],[-36.097815,-5.916812],[-36.095751,-5.914303],[-36.094993,-5.911401],[-36.095545,-5.910335],[-36.098058,-5.908584],[-36.098363,-5.906928],[-36.097606,-5.905101],[-36.097013,-5.90431],[-36.096173,-5.903882],[-36.093984,-5.904244],[-36.091956,-5.90529],[-36.090577,-5.904986],[-36.090063,-5.904282],[-36.090044,-5.898457],[-36.090881,-5.897144],[-36.092804,-5.896344],[-36.092956,-5.895488],[-36.09151,-5.892385],[-36.090996,-5.892099],[-36.089359,-5.892175],[-36.088464,-5.890291],[-36.088673,-5.888806],[-36.089206,-5.888521],[-36.091015,-5.888483],[-36.091338,-5.88774],[-36.089987,-5.886941],[-36.089549,-5.885665],[-36.088045,-5.88498],[-36.087664,-5.883267],[-36.086435,-5.882759]]],[[[-36.105977,-5.90509],[-36.106987,-5.907655],[-36.107842,-5.90851],[-36.110019,-5.909909],[-36.112817,-5.915506],[-36.116004,-5.919237],[-36.116374,-5.920636],[-36.117618,-5.922191],[-36.118006,-5.923901],[-36.119092,-5.925786],[-36.119035,-5.92729],[-36.119644,-5.928661],[-36.119453,-5.929879],[-36.11854,-5.930621],[-36.116731,-5.931763],[-36.114047,-5.932239],[-36.112715,-5.933648],[-36.111782,-5.93361],[-36.111458,-5.931821],[-36.110868,-5.93104],[-36.110031,-5.931135],[-36.109174,-5.931725],[-36.108946,-5.933629],[-36.109764,-5.935114],[-36.109859,-5.935951],[-36.109517,-5.936941],[-36.107708,-5.93953],[-36.107874,-5.940136],[-36.109136,-5.938578],[-36.111573,-5.936408],[-36.114295,-5.936732],[-36.115266,-5.934885],[-36.115951,-5.934219],[-36.11715,-5.934238],[-36.118387,-5.934942],[-36.119415,-5.934809],[-36.1205,-5.933496],[-36.122378,-5.932894],[-36.123369,-5.931634],[-36.12623,-5.931497],[-36.126744,-5.930697],[-36.126192,-5.928394],[-36.12679,-5.927166],[-36.126459,-5.926986],[-36.125887,-5.927252],[-36.124574,-5.928527],[-36.123679,-5.928489],[-36.123032,-5.927975],[-36.12071,-5.924106],[-36.119829,-5.919681],[-36.118973,-5.918538],[-36.116498,-5.917206],[-36.115927,-5.916421],[-36.115903,-5.915493],[-36.116974,-5.914565],[-36.117212,-5.913613],[-36.114975,-5.908432],[-36.114353,-5.907655],[-36.113731,-5.907655],[-36.11342,-5.908588],[-36.112876,-5.908665],[-36.112332,-5.908121],[-36.111943,-5.906023],[-36.111244,-5.905634],[-36.110389,-5.9061],[-36.108367,-5.905556],[-36.107279,-5.904623],[-36.106346,-5.903224],[-36.10658,-5.901359],[-36.10487,-5.898716],[-36.104325,-5.898249],[-36.103004,-5.898016],[-36.102849,-5.89685],[-36.101313,-5.896928],[-36.101157,-5.897472],[-36.101779,-5.898871],[-36.101779,-5.90027],[-36.102945,-5.901048],[-36.105977,-5.90509]]],[[[-35.999983,-5.915391],[-36.002325,-5.916986],[-36.002734,-5.916852],[-36.003421,-5.91553],[-36.004203,-5.915466],[-36.006032,-5.91653],[-36.006843,-5.917453],[-36.009288,-5.917874],[-36.010503,-5.919478],[-36.011013,-5.919447],[-36.010278,-5.916961],[-36.007427,-5.916266],[-36.007329,-5.915483],[-36.008183,-5.914672],[-36.008017,-5.914059],[-36.006724,-5.914392],[-36.006045,-5.914252],[-36.005673,-5.913774],[-36.005849,-5.912687],[-36.006637,-5.911604],[-36.006538,-5.911025],[-36.005755,-5.911293],[-36.004693,-5.912851],[-36.003058,-5.913522],[-36.002795,-5.911719],[-36.001945,-5.911782],[-36.000899,-5.910763],[-36.000799,-5.909128],[-36.001623,-5.907579],[-36.000398,-5.90672],[-35.999982,-5.906748],[-35.999983,-5.915391]]],[[[-36.263637,-5.910763],[-36.26538,-5.910734],[-36.265927,-5.910108],[-36.266196,-5.908724],[-36.264706,-5.91034],[-36.263637,-5.910763]]],[[[-36.260148,-5.912638],[-36.260406,-5.914622],[-36.260891,-5.915259],[-36.261753,-5.915385],[-36.26318,-5.914855],[-36.263325,-5.913852],[-36.262776,-5.912611],[-36.263294,-5.912166],[-36.262242,-5.912473],[-36.26117,-5.910574],[-36.260631,-5.911013],[-36.260148,-5.912638]]],[[[-36.26557,-5.914126],[-36.266499,-5.915882],[-36.268798,-5.917716],[-36.270657,-5.92035],[-36.271742,-5.921254],[-36.272698,-5.921305],[-36.272904,-5.920686],[-36.272517,-5.919239],[-36.270606,-5.918774],[-36.269185,-5.916967],[-36.26722,-5.915286],[-36.266687,-5.913455],[-36.266182,-5.913326],[-36.266096,-5.912473],[-36.26471,-5.912233],[-36.265363,-5.912963],[-36.26557,-5.914126]]],[[[-36.286446,-5.924625],[-36.286976,-5.924291],[-36.286839,-5.922955],[-36.284456,-5.917102],[-36.283381,-5.915784],[-36.282143,-5.915509],[-36.282084,-5.916688],[-36.283145,-5.918024],[-36.285012,-5.921678],[-36.285856,-5.924212],[-36.286446,-5.924625]]],[[[-36.160509,-5.935314],[-36.156812,-5.93566],[-36.153133,-5.936974],[-36.150329,-5.939076],[-36.146212,-5.943456],[-36.144285,-5.947661],[-36.142778,-5.950072],[-36.142576,-5.952975],[-36.14317,-5.954807],[-36.143016,-5.955485],[-36.138285,-5.95863],[-36.137143,-5.958601],[-36.133907,-5.957488],[-36.13271,-5.957588],[-36.132082,-5.957002],[-36.131111,-5.95676],[-36.129822,-5.956831],[-36.128208,-5.957559],[-36.126053,-5.957245],[-36.123354,-5.958516],[-36.122131,-5.95843],[-36.119251,-5.957122],[-36.118019,-5.956189],[-36.118519,-5.95449],[-36.118348,-5.95389],[-36.116416,-5.954618],[-36.111497,-5.955403],[-36.110353,-5.954932],[-36.109939,-5.953904],[-36.10942,-5.953733],[-36.108678,-5.954547],[-36.108849,-5.958359],[-36.108135,-5.961828],[-36.106622,-5.962799],[-36.103195,-5.963784],[-36.100497,-5.965825],[-36.099069,-5.96594],[-36.096912,-5.965564],[-36.093855,-5.965805],[-36.08994,-5.966892],[-36.087077,-5.968281],[-36.082512,-5.969264],[-36.079474,-5.969264],[-36.076337,-5.968058],[-36.073502,-5.968138],[-36.070526,-5.970069],[-36.067687,-5.972401],[-36.066503,-5.97385],[-36.062281,-5.976171],[-36.060306,-5.976766],[-36.058141,-5.977076],[-36.050789,-5.977171],[-36.046625,-5.976219],[-36.04396,-5.974791],[-36.041937,-5.973126],[-36.041295,-5.97215],[-36.041199,-5.96958],[-36.041532,-5.966392],[-36.040842,-5.964298],[-36.039558,-5.962942],[-36.034703,-5.962799],[-36.031586,-5.963513],[-36.029136,-5.964798],[-36.022021,-5.96989],[-36.019339,-5.971011],[-36.015858,-5.971508],[-36.014407,-5.97146],[-36.013146,-5.971032],[-36.009338,-5.967724],[-36.003818,-5.966487],[-36.001677,-5.964988],[-36.000844,-5.963656],[-36.0,-5.962942],[-36.0,-5.965509],[-36.00151,-5.967724],[-36.00239,-5.968295],[-36.005127,-5.968533],[-36.008625,-5.970056],[-36.009909,-5.970865],[-36.011337,-5.973221],[-36.012646,-5.973959],[-36.014216,-5.974078],[-36.021831,-5.97334],[-36.030444,-5.966487],[-36.034932,-5.96465],[-36.037716,-5.964936],[-36.038572,-5.965911],[-36.038739,-5.966697],[-36.038358,-5.972003],[-36.039786,-5.975263],[-36.044797,-5.978109],[-36.049463,-5.979798],[-36.05244,-5.979798],[-36.058892,-5.980458],[-36.062257,-5.978916],[-36.063913,-5.978519],[-36.0654,-5.979661],[-36.068736,-5.980213],[-36.069878,-5.981355],[-36.069795,-5.982449],[-36.070259,-5.984698],[-36.070894,-5.984258],[-36.07086,-5.981696],[-36.072402,-5.982172],[-36.073682,-5.983117],[-36.077222,-5.984645],[-36.078267,-5.986978],[-36.078658,-5.988925],[-36.079444,-5.989953],[-36.079517,-5.993248],[-36.080011,-5.993899],[-36.081717,-5.994517],[-36.08327,-5.993108],[-36.083927,-5.989996],[-36.078911,-5.983278],[-36.076498,-5.981508],[-36.07329,-5.978061],[-36.072163,-5.977318],[-36.067837,-5.977675],[-36.06638,-5.976976],[-36.066066,-5.976247],[-36.072919,-5.971622],[-36.074799,-5.97155],[-36.077283,-5.972678],[-36.08454,-5.972364],[-36.086611,-5.970679],[-36.090808,-5.968352],[-36.092693,-5.96761],[-36.094347,-5.967425],[-36.096228,-5.967767],[-36.098021,-5.96851],[-36.099972,-5.970366],[-36.100686,-5.971888],[-36.100567,-5.975743],[-36.100995,-5.977076],[-36.100924,-5.979003],[-36.101709,-5.981906],[-36.10109,-5.983857],[-36.102256,-5.985594],[-36.102685,-5.987069],[-36.102589,-5.988164],[-36.10109,-5.990068],[-36.100948,-5.991424],[-36.101424,-5.991852],[-36.102874,-5.990603],[-36.103727,-5.99052],[-36.106759,-5.992922],[-36.10752,-5.992994],[-36.107853,-5.992327],[-36.104091,-5.986544],[-36.103863,-5.985155],[-36.104148,-5.983537],[-36.103544,-5.98156],[-36.10392,-5.980339],[-36.103368,-5.97912],[-36.103635,-5.978245],[-36.106452,-5.97813],[-36.108717,-5.977179],[-36.109536,-5.976227],[-36.110449,-5.975732],[-36.112372,-5.975294],[-36.117873,-5.975446],[-36.122423,-5.972287],[-36.124288,-5.971906],[-36.125982,-5.97242],[-36.128666,-5.974628],[-36.130457,-5.978113],[-36.133597,-5.982585],[-36.136966,-5.984584],[-36.140564,-5.984679],[-36.141972,-5.985497],[-36.142696,-5.987211],[-36.142448,-5.988657],[-36.141739,-5.99018],[-36.141771,-5.991579],[-36.142199,-5.991989],[-36.142982,-5.991802],[-36.145087,-5.98936],[-36.145228,-5.988315],[-36.144314,-5.984679],[-36.144504,-5.983784],[-36.145075,-5.983403],[-36.146065,-5.983156],[-36.148425,-5.983537],[-36.153679,-5.986164],[-36.15583,-5.986525],[-36.157011,-5.986164],[-36.158613,-5.983744],[-36.160932,-5.981538],[-36.161831,-5.98109],[-36.163121,-5.981081],[-36.16588,-5.982426],[-36.169071,-5.982377],[-36.170278,-5.983825],[-36.171404,-5.988491],[-36.173304,-5.992705],[-36.176103,-5.993093],[-36.177626,-5.993683],[-36.179187,-5.994444],[-36.180749,-5.995922],[-36.181698,-5.99638],[-36.182329,-5.996284],[-36.18246,-5.995761],[-36.180984,-5.993703],[-36.180889,-5.992465],[-36.181175,-5.991751],[-36.183699,-5.988668],[-36.186417,-5.98823],[-36.190451,-5.988843],[-36.192086,-5.98985],[-36.195098,-5.990334],[-36.200126,-5.992693],[-36.200507,-5.992502],[-36.200545,-5.991627],[-36.201878,-5.991931],[-36.202525,-5.991037],[-36.20571,-5.990922],[-36.206541,-5.99037],[-36.207208,-5.989266],[-36.207708,-5.989242],[-36.210272,-5.991532],[-36.211295,-5.993599],[-36.211842,-5.993968],[-36.212544,-5.99398],[-36.213151,-5.992088],[-36.21532,-5.991983],[-36.218374,-5.997228],[-36.218874,-5.997561],[-36.219064,-5.997251],[-36.217561,-5.994663],[-36.216518,-5.991257],[-36.216889,-5.990658],[-36.217929,-5.99073],[-36.218774,-5.99108],[-36.220259,-5.992488],[-36.220716,-5.994335],[-36.221878,-5.993856],[-36.224028,-5.995648],[-36.223952,-5.997495],[-36.224409,-5.998523],[-36.224923,-5.998846],[-36.225578,-5.998354],[-36.225899,-5.997783],[-36.225864,-5.996391],[-36.227541,-5.995106],[-36.227613,-5.99375],[-36.22904,-5.992822],[-36.228944,-5.990347],[-36.229346,-5.98927],[-36.228251,-5.988116],[-36.228144,-5.987485],[-36.230773,-5.986439],[-36.231356,-5.985582],[-36.230262,-5.985273],[-36.228394,-5.986117],[-36.226716,-5.986129],[-36.226205,-5.985784],[-36.225705,-5.984761],[-36.222231,-5.982672],[-36.222041,-5.982101],[-36.222326,-5.981587],[-36.223757,-5.98104],[-36.231635,-5.980292],[-36.230911,-5.978808],[-36.229465,-5.977475],[-36.229484,-5.975077],[-36.230131,-5.971726],[-36.228932,-5.967767],[-36.228189,-5.967405],[-36.22758,-5.96948],[-36.228589,-5.972507],[-36.228532,-5.973401],[-36.228265,-5.974201],[-36.226457,-5.976124],[-36.221584,-5.975457],[-36.220956,-5.974905],[-36.218671,-5.974772],[-36.218538,-5.97422],[-36.219338,-5.972849],[-36.218995,-5.970984],[-36.218043,-5.970565],[-36.214651,-5.970518],[-36.213817,-5.970013],[-36.213855,-5.969176],[-36.214842,-5.966931],[-36.214727,-5.965769],[-36.214118,-5.96457],[-36.212139,-5.9632],[-36.210616,-5.962609],[-36.20915,-5.961372],[-36.208141,-5.959335],[-36.206771,-5.957984],[-36.206485,-5.956804],[-36.203447,-5.955874],[-36.201269,-5.952574],[-36.201192,-5.953556],[-36.204211,-5.962184],[-36.203582,-5.962888],[-36.201964,-5.963631],[-36.20185,-5.964183],[-36.204753,-5.96417],[-36.205705,-5.96457],[-36.207217,-5.968588],[-36.210093,-5.972463],[-36.213614,-5.980387],[-36.214661,-5.981267],[-36.216089,-5.985336],[-36.215773,-5.987064],[-36.214789,-5.987924],[-36.21339,-5.988124],[-36.211806,-5.98791],[-36.209593,-5.987139],[-36.208379,-5.985682],[-36.207384,-5.985581],[-36.206671,-5.986497],[-36.205458,-5.986836],[-36.203603,-5.988054],[-36.201159,-5.987915],[-36.200026,-5.988153],[-36.19889,-5.989495],[-36.198046,-5.98959],[-36.196665,-5.989066],[-36.195845,-5.987246],[-36.195321,-5.987222],[-36.194048,-5.98815],[-36.192716,-5.988055],[-36.190975,-5.986931],[-36.190562,-5.985925],[-36.190158,-5.985783],[-36.189051,-5.986663],[-36.185173,-5.986687],[-36.183031,-5.987413],[-36.181461,-5.988579],[-36.179545,-5.991874],[-36.17832,-5.992207],[-36.174786,-5.990506],[-36.173977,-5.989661],[-36.171852,-5.981816],[-36.168483,-5.980603],[-36.167826,-5.979518],[-36.166684,-5.979004],[-36.164985,-5.97956],[-36.162801,-5.979089],[-36.16163,-5.979289],[-36.15906,-5.980917],[-36.155391,-5.984172],[-36.153832,-5.984603],[-36.147439,-5.981245],[-36.138824,-5.981814],[-36.136189,-5.981117],[-36.134861,-5.980346],[-36.133458,-5.978716],[-36.130664,-5.972636],[-36.130036,-5.971851],[-36.129079,-5.971223],[-36.126881,-5.970966],[-36.124768,-5.969995],[-36.123012,-5.970295],[-36.117191,-5.973835],[-36.115992,-5.973893],[-36.11367,-5.973188],[-36.111938,-5.973131],[-36.109331,-5.973638],[-36.106446,-5.974997],[-36.103524,-5.975187],[-36.102686,-5.974797],[-36.103096,-5.971113],[-36.102134,-5.968677],[-36.1036,-5.968115],[-36.104323,-5.967411],[-36.105656,-5.967078],[-36.105903,-5.965545],[-36.106255,-5.96507],[-36.10912,-5.963708],[-36.109771,-5.961939],[-36.110794,-5.960459],[-36.113177,-5.958721],[-36.1146,-5.958745],[-36.120002,-5.961327],[-36.123385,-5.961481],[-36.12475,-5.962115],[-36.126434,-5.961939],[-36.131404,-5.960184],[-36.132229,-5.960451],[-36.132475,-5.961327],[-36.13345,-5.961231],[-36.133902,-5.961981],[-36.134949,-5.962064],[-36.135723,-5.962885],[-36.136199,-5.962968],[-36.1374,-5.961731],[-36.140127,-5.960843],[-36.141184,-5.95923],[-36.143553,-5.957873],[-36.144053,-5.95696],[-36.144167,-5.956203],[-36.143354,-5.953091],[-36.143361,-5.951725],[-36.14665,-5.945471],[-36.148753,-5.94293],[-36.154877,-5.938008],[-36.158232,-5.93689],[-36.161171,-5.937032],[-36.162066,-5.938814],[-36.163094,-5.939366],[-36.16435,-5.939689],[-36.167339,-5.939766],[-36.170765,-5.941022],[-36.172421,-5.941003],[-36.17463,-5.942545],[-36.175277,-5.942373],[-36.176095,-5.94125],[-36.176438,-5.941212],[-36.17739,-5.942906],[-36.178322,-5.942564],[-36.177808,-5.941269],[-36.177789,-5.939956],[-36.178227,-5.939137],[-36.178798,-5.938852],[-36.178779,-5.938452],[-36.178513,-5.93809],[-36.176286,-5.937672],[-36.175277,-5.936149],[-36.174553,-5.936491],[-36.174268,-5.938395],[-36.173011,-5.938642],[-36.171869,-5.938395],[-36.171165,-5.937595],[-36.169623,-5.93691],[-36.169014,-5.937024],[-36.168519,-5.937881],[-36.168119,-5.937862],[-36.16555,-5.935692],[-36.163284,-5.935844],[-36.160509,-5.935314]]],[[[-36.171025,-6.003914],[-36.169343,-6.00369],[-36.168861,-6.004453],[-36.168879,-6.005672],[-36.169863,-6.009311],[-36.170577,-6.009649],[-36.171517,-6.009422],[-36.171754,-6.006555],[-36.172985,-6.005457],[-36.173429,-6.004103],[-36.1744,-6.003305],[-36.174302,-6.002752],[-36.172553,-6.000319],[-36.171169,-6.000456],[-36.171819,-6.002795],[-36.1716,-6.003487],[-36.171025,-6.003914]]],[[[-36.357111,-6.010413],[-36.357083,-6.01125],[-36.357335,-6.011409],[-36.358316,-6.011131],[-36.35884,-6.010259],[-36.360524,-6.01075],[-36.361045,-6.010642],[-36.361372,-6.010175],[-36.35363,-6.004232],[-36.352885,-6.001063],[-36.351851,-6.000704],[-36.350398,-6.000835],[-36.350031,-6.002641],[-36.351416,-6.003628],[-36.351334,-6.00479],[-36.352932,-6.006333],[-36.356377,-6.008028],[-36.357111,-6.010413]]],[[[-36.339889,-6.007307],[-36.340139,-6.006976],[-36.339237,-6.006046],[-36.339132,-6.004921],[-36.339516,-6.004197],[-36.340641,-6.003421],[-36.340796,-6.002838],[-36.33933,-6.000905],[-36.33892,-6.000762],[-36.338374,-6.001308],[-36.338357,-6.003041],[-36.336921,-6.00346],[-36.336729,-6.004004],[-36.33771,-6.005897],[-36.339889,-6.007307]]],[[[-36.363803,-6.001818],[-36.362594,-6.001439],[-36.361354,-6.001505],[-36.360505,-6.00229],[-36.359264,-6.002542],[-36.359059,-6.003402],[-36.361018,-6.004315],[-36.363376,-6.007088],[-36.363878,-6.007055],[-36.364023,-6.006639],[-36.362659,-6.00428],[-36.362791,-6.003735],[-36.363149,-6.003615],[-36.365593,-6.004954],[-36.366559,-6.00668],[-36.367864,-6.00655],[-36.368087,-6.004909],[-36.368848,-6.004676],[-36.37012,-6.005284],[-36.370976,-6.007505],[-36.372723,-6.007771],[-36.373735,-6.007547],[-36.373527,-6.005946],[-36.370989,-6.004923],[-36.369742,-6.003324],[-36.366175,-6.003235],[-36.365434,-6.002392],[-36.365561,-6.001238],[-36.365347,-6.001087],[-36.363803,-6.001818]]],[[[-36.38055,-6.0065],[-36.379722,-6.006372],[-36.377495,-6.007584],[-36.376264,-6.009376],[-36.376498,-6.012371],[-36.37716,-6.013713],[-36.37775,-6.014223],[-36.378409,-6.014274],[-36.378976,-6.013593],[-36.377949,-6.011493],[-36.378004,-6.010929],[-36.378643,-6.010224],[-36.380778,-6.010292],[-36.383064,-6.011594],[-36.383547,-6.01151],[-36.383779,-6.011105],[-36.383663,-6.010225],[-36.383031,-6.009562],[-36.381273,-6.008592],[-36.379468,-6.008555],[-36.37928,-6.007884],[-36.380222,-6.007721],[-36.382885,-6.00816],[-36.384929,-6.009169],[-36.385603,-6.009105],[-36.386021,-6.008677],[-36.385795,-6.007863],[-36.384645,-6.007723],[-36.383424,-6.006824],[-36.381175,-6.006245],[-36.38055,-6.0065]]],[[[-36.364761,-6.014643],[-36.365408,-6.015779],[-36.364969,-6.017513],[-36.365614,-6.018986],[-36.366481,-6.019055],[-36.366949,-6.018555],[-36.366988,-6.017845],[-36.366308,-6.016293],[-36.366561,-6.015777],[-36.367092,-6.015737],[-36.36914,-6.017332],[-36.369459,-6.021186],[-36.369822,-6.021675],[-36.370387,-6.021778],[-36.371074,-6.02122],[-36.371655,-6.021166],[-36.372478,-6.021962],[-36.373083,-6.022109],[-36.373741,-6.020928],[-36.375487,-6.022766],[-36.376497,-6.022807],[-36.376694,-6.022076],[-36.37648,-6.020454],[-36.373779,-6.019013],[-36.371804,-6.018466],[-36.370745,-6.017498],[-36.370699,-6.016457],[-36.371451,-6.015163],[-36.371102,-6.014587],[-36.365272,-6.014222],[-36.364761,-6.014643]]],[[[-36.28639,-6.031651],[-36.284615,-6.031191],[-36.283493,-6.032146],[-36.283557,-6.033523],[-36.284973,-6.035618],[-36.284421,-6.037064],[-36.284539,-6.037925],[-36.285379,-6.038934],[-36.286451,-6.039412],[-36.289589,-6.039449],[-36.291501,-6.041102],[-36.292133,-6.042331],[-36.292003,-6.0454],[-36.292858,-6.046323],[-36.294209,-6.04709],[-36.294739,-6.051303],[-36.295137,-6.05195],[-36.295825,-6.051982],[-36.296373,-6.051361],[-36.296465,-6.048636],[-36.296014,-6.047178],[-36.294032,-6.045116],[-36.294373,-6.042887],[-36.294157,-6.041602],[-36.291579,-6.03984],[-36.289949,-6.03773],[-36.288236,-6.037836],[-36.28755,-6.037574],[-36.287066,-6.035356],[-36.286159,-6.034813],[-36.285778,-6.033685],[-36.286274,-6.033293],[-36.288381,-6.033117],[-36.288594,-6.032042],[-36.288069,-6.031114],[-36.287076,-6.030457],[-36.286818,-6.030499],[-36.286735,-6.031423],[-36.28639,-6.031651]]],[[[-36.370298,-6.040516],[-36.36724,-6.0417],[-36.364496,-6.04165],[-36.36201,-6.041481],[-36.360494,-6.040906],[-36.359221,-6.041818],[-36.359024,-6.042571],[-36.359381,-6.042953],[-36.360727,-6.04311],[-36.362514,-6.044037],[-36.363824,-6.044208],[-36.364858,-6.043818],[-36.365382,-6.045026],[-36.366125,-6.045575],[-36.366699,-6.045341],[-36.366898,-6.044208],[-36.367345,-6.04368],[-36.368084,-6.043468],[-36.368862,-6.044153],[-36.36932,-6.044141],[-36.369813,-6.042974],[-36.370272,-6.042905],[-36.371107,-6.046301],[-36.371666,-6.04674],[-36.372219,-6.046043],[-36.37199,-6.042856],[-36.372511,-6.042306],[-36.373599,-6.042419],[-36.374413,-6.043111],[-36.375573,-6.043232],[-36.379188,-6.042518],[-36.37988,-6.043088],[-36.380202,-6.044603],[-36.38149,-6.045082],[-36.384192,-6.045052],[-36.384846,-6.044575],[-36.385114,-6.043923],[-36.384874,-6.043219],[-36.382202,-6.04297],[-36.380922,-6.042512],[-36.380026,-6.041094],[-36.378826,-6.040385],[-36.37567,-6.040987],[-36.371381,-6.040328],[-36.370298,-6.040516]]],[[[-36.358568,-6.050598],[-36.359561,-6.050935],[-36.360341,-6.052823],[-36.362679,-6.056196],[-36.362371,-6.057634],[-36.362619,-6.059672],[-36.362287,-6.061162],[-36.363058,-6.061769],[-36.364032,-6.060941],[-36.365014,-6.061257],[-36.365612,-6.064191],[-36.3669,-6.066412],[-36.366765,-6.068606],[-36.367494,-6.069131],[-36.368221,-6.068957],[-36.368663,-6.06839],[-36.368494,-6.066783],[-36.36658,-6.063421],[-36.366665,-6.062681],[-36.367393,-6.061441],[-36.365921,-6.059463],[-36.36511,-6.059302],[-36.364654,-6.058845],[-36.364189,-6.056184],[-36.36143,-6.052665],[-36.361521,-6.050724],[-36.362119,-6.050584],[-36.363296,-6.051187],[-36.364756,-6.053547],[-36.366412,-6.054808],[-36.370579,-6.05655],[-36.371831,-6.05647],[-36.372005,-6.055906],[-36.36974,-6.054155],[-36.36708,-6.05309],[-36.363752,-6.049621],[-36.360757,-6.04864],[-36.359482,-6.047534],[-36.359187,-6.045486],[-36.358569,-6.044814],[-36.358034,-6.044716],[-36.357397,-6.046061],[-36.358368,-6.04823],[-36.358568,-6.050598]]],[[[-36.293445,-6.055417],[-36.293598,-6.056485],[-36.295731,-6.057989],[-36.29636,-6.057909],[-36.296992,-6.057061],[-36.300523,-6.05618],[-36.300901,-6.057186],[-36.302043,-6.058314],[-36.301426,-6.059149],[-36.301464,-6.059742],[-36.302501,-6.06054],[-36.303407,-6.060379],[-36.304349,-6.059234],[-36.305821,-6.059451],[-36.306354,-6.059056],[-36.306386,-6.058384],[-36.305969,-6.057831],[-36.304125,-6.057509],[-36.303837,-6.055812],[-36.302948,-6.055058],[-36.300815,-6.055244],[-36.299322,-6.054539],[-36.298641,-6.054649],[-36.297925,-6.055359],[-36.296992,-6.055398],[-36.295394,-6.054174],[-36.294687,-6.054052],[-36.293806,-6.054545],[-36.293445,-6.055417]]],[[[-36.308625,-6.074989],[-36.309727,-6.076751],[-36.312175,-6.076589],[-36.31421,-6.077478],[-36.31545,-6.077675],[-36.316149,-6.07823],[-36.317269,-6.080199],[-36.318232,-6.080644],[-36.318641,-6.080519],[-36.317643,-6.077434],[-36.316901,-6.076857],[-36.315309,-6.076393],[-36.314299,-6.075169],[-36.313241,-6.074878],[-36.310164,-6.074918],[-36.308019,-6.072789],[-36.306725,-6.072617],[-36.306018,-6.072942],[-36.306062,-6.07403],[-36.308625,-6.074989]]]]}}]}