{"type":"FeatureCollection","features":[{"type":"Feature","id":1,"properties":{"nome":"Açude Domingos Pinto","tipo_generico":"Açude","origem":"Artificial","tipo":"Represa/Açude","municipio":"SANTA MARIA","area_ha":13.79706,"uso_principal":"Abastecimento humano","fonte":"ANA (2021)"},"geometry":{"type":"MultiPolygon","coordinates":[[[[-35.908537,-6.120122],[-35.909163,-6.119403],[-35.908557,-6.11902],[-35.908254,-6.118021],[-35.908355,-6.11767],[-35.908753,-6.117229],[-35.908733,-6.116928],[-35.908322,-6.116294],[-35.907853,-6.115951],[-35.906839,-6.116571],[-35.906674,-6.116887],[-35.907265,-6.119127],[-35.907242,-6.120414],[-35.907685,-6.121723],[-35.907923,-6.121978],[-35.908275,-6.121755],[-35.908537,-6.120122]]],[[[-36.258678,-6.116832],[-36.259412,-6.117184],[-36.259299,-6.116973],[-36.259398,-6.116663],[-36.25975,-6.116536],[-36.260187,-6.116127],[-36.260371,-6.116268],[-36.260991,-6.117805],[-36.261146,-6.11789],[-36.261456,-6.117805],[-36.261527,-6.117579],[-36.261471,-6.116719],[-36.261555,-6.116578],[-36.261104,-6.115408],[-36.260921,-6.11545],[-36.260483,-6.115126],[-36.259778,-6.114237],[-36.259426,-6.114096],[-36.258142,-6.114604],[-36.258312,-6.114985],[-36.259313,-6.11569],[-36.259313,-6.116],[-36.258707,-6.116155],[-36.25865,-6.116423],[-36.258678,-6.116832]]],[[[-35.915768,-6.10582],[-35.914412,-6.106331],[-35.914186,-6.106596],[-35.914741,-6.107352],[-35.915207,-6.107623],[-35.916184,-6.108532],[-35.917282,-6.109051],[-35.918102,-6.109848],[-35.918389,-6.11034],[-35.918386,-6.111004],[-35.918569,-6.111807],[-35.918826,-6.112088],[-35.919357,-6.112366],[-35.92026,-6.113583],[-35.920216,-6.113876],[-35.919433,-6.11441],[-35.918884,-6.11597],[-35.918505,-6.116144],[-35.917479,-6.115989],[-35.917224,-6.116244],[-35.917176,-6.116973],[-35.917377,-6.11755],[-35.918036,-6.117759],[-35.918942,-6.118648],[-35.918995,-6.118112],[-35.918639,-6.117432],[-35.918642,-6.117185],[-35.919539,-6.117206],[-35.919878,-6.11704],[-35.919974,-6.116771],[-35.919902,-6.115687],[-35.920261,-6.114998],[-35.920565,-6.114966],[-35.920988,-6.115316],[-35.921594,-6.116058],[-35.922026,-6.116964],[-35.922324,-6.117045],[-35.922701,-6.11664],[-35.921933,-6.114928],[-35.922469,-6.114452],[-35.922736,-6.113441],[-35.921473,-6.111941],[-35.921363,-6.111628],[-35.92151,-6.111236],[-35.920002,-6.110235],[-35.919691,-6.109195],[-35.920766,-6.108526],[-35.920394,-6.107825],[-35.919881,-6.107373],[-35.921845,-6.106881],[-35.921877,-6.106577],[-35.921638,-6.106006],[-35.922131,-6.104711],[-35.922411,-6.104438],[-35.923045,-6.104208],[-35.923109,-6.103982],[-35.921429,-6.102748],[-35.920988,-6.102111],[-35.920611,-6.101807],[-35.920429,-6.101961],[-35.91996,-6.103343],[-35.919974,-6.104264],[-35.919626,-6.104901],[-35.918074,-6.105505],[-35.917816,-6.105786],[-35.917499,-6.106561],[-35.91698,-6.106906],[-35.916581,-6.106797],[-35.916056,-6.106379],[-35.915932,-6.105902],[-35.915768,-6.10582]]],[[[-36.174111,-6.101021],[-36.174943,-6.100845],[-36.175241,-6.101419],[-36.175732,-6.101576],[-36.175957,-6.101958],[-36.176245,-6.102084],[-36.176436,-6.101987],[-36.176529,-6.101497],[-36.177681,-6.101473],[-36.178099,-6.10123],[-36.176882,-6.100079],[-36.176576,-6.100166],[-36.175765,-6.099947],[-36.175835,-6.098845],[-36.175498,-6.097529],[-36.174437,-6.098015],[-36.174445,-6.099848],[-36.174563,-6.100125],[-36.174824,-6.1003],[-36.174651,-6.10055],[-36.174121,-6.100809],[-36.174111,-6.101021]]],[[[-35.880238,-6.07897],[-35.879844,-6.07743],[-35.879534,-6.077041],[-35.879294,-6.076928],[-35.878399,-6.077402],[-35.87827,-6.077895],[-35.879561,-6.078886],[-35.880592,-6.080642],[-35.880725,-6.080465],[-35.880722,-6.079929],[-35.880238,-6.07897]]],[[[-35.908533,-6.070934],[-35.910025,-6.070244],[-35.909915,-6.069984],[-35.908518,-6.069413],[-35.907691,-6.069367],[-35.906377,-6.069593],[-35.906412,-6.070045],[-35.906603,-6.070088],[-35.907012,-6.070754],[-35.907437,-6.070934],[-35.908533,-6.070934]]],[[[-35.983394,-6.059342],[-35.98223,-6.056769],[-35.980987,-6.055856],[-35.980535,-6.055234],[-35.979846,-6.054885],[-35.979158,-6.055419],[-35.978967,-6.055692],[-35.979003,-6.055906],[-35.979478,-6.056293],[-35.980309,-6.056535],[-35.980961,-6.056961],[-35.981894,-6.057913],[-35.983241,-6.059672],[-35.983394,-6.059342]]],[[[-35.885429,-6.053428],[-35.885153,-6.052325],[-35.885179,-6.051582],[-35.885347,-6.051467],[-35.885038,-6.050749],[-35.885103,-6.050285],[-35.884895,-6.049949],[-35.88329,-6.050767],[-35.883971,-6.052519],[-35.884982,-6.054519],[-35.88564,-6.055209],[-35.886491,-6.056514],[-35.886656,-6.056261],[-35.886375,-6.056026],[-35.885429,-6.053428]]],[[[-36.354182,-6.042155],[-36.353334,-6.042294],[-36.353334,-6.043008],[-36.353628,-6.043659],[-36.353666,-6.044308],[-36.353443,-6.044618],[-36.35289,-6.044844],[-36.352506,-6.044789],[-36.351764,-6.044093],[-36.35142,-6.043532],[-36.350858,-6.043225],[-36.349964,-6.042983],[-36.349428,-6.043123],[-36.349294,-6.042881],[-36.34893,-6.042785],[-36.348911,-6.042447],[-36.34833,-6.041681],[-36.348267,-6.041183],[-36.347641,-6.040966],[-36.346939,-6.040124],[-36.346773,-6.040149],[-36.346633,-6.040557],[-36.346339,-6.042396],[-36.347533,-6.043321],[-36.348369,-6.044885],[-36.348733,-6.044987],[-36.348962,-6.044783],[-36.349358,-6.044968],[-36.350079,-6.044962],[-36.350845,-6.045344],[-36.351485,-6.045306],[-36.352786,-6.046085],[-36.353003,-6.046123],[-36.353258,-6.045906],[-36.353334,-6.046072],[-36.353692,-6.046097],[-36.353761,-6.045783],[-36.354689,-6.045056],[-36.354802,-6.044366],[-36.354634,-6.043291],[-36.355023,-6.042694],[-36.355721,-6.042315],[-36.356413,-6.042228],[-36.357231,-6.042483],[-36.35807,-6.043098],[-36.358377,-6.043085],[-36.358543,-6.042945],[-36.358318,-6.04237],[-36.358428,-6.041788],[-36.358798,-6.04135],[-36.359476,-6.040919],[-36.359117,-6.040689],[-36.357187,-6.041356],[-36.356205,-6.041353],[-36.355531,-6.040911],[-36.3553,-6.040302],[-36.355351,-6.039894],[-36.354905,-6.039753],[-36.35479,-6.0402],[-36.354808,-6.041402],[-36.354182,-6.042155]]],[[[-35.92231,-6.032891],[-35.922533,-6.033294],[-35.924222,-6.034468],[-35.924932,-6.035368],[-35.925227,-6.03549],[-35.925407,-6.03531],[-35.925274,-6.034763],[-35.925097,-6.034401],[-35.92444,-6.033711],[-35.92429,-6.033358],[-35.924348,-6.033057],[-35.924964,-6.032924],[-35.926022,-6.033114],[-35.926647,-6.032819],[-35.92546,-6.032152],[-35.924825,-6.03144],[-35.923475,-6.031172],[-35.922701,-6.030765],[-35.922758,-6.030632],[-35.922553,-6.03075],[-35.922556,-6.03056],[-35.921592,-6.031393],[-35.921699,-6.031726],[-35.922073,-6.031796],[-35.92231,-6.032891]]],[[[-35.965756,-6.027928],[-35.966295,-6.028214],[-35.967434,-6.029225],[-35.967523,-6.029588],[-35.967159,-6.031215],[-35.967367,-6.031424],[-35.967709,-6.031349],[-35.968876,-6.030097],[-35.969054,-6.029193],[-35.968972,-6.028787],[-35.967753,-6.027295],[-35.965664,-6.026157],[-35.965542,-6.025855],[-35.965773,-6.025475],[-35.965709,-6.02525],[-35.964892,-6.025035],[-35.964189,-6.026751],[-35.964189,-6.027362],[-35.9644,-6.027947],[-35.964638,-6.028156],[-35.965333,-6.027893],[-35.965756,-6.027928]]],[[[-36.105599,-6.029386],[-36.10533,-6.028909],[-36.105512,-6.027865],[-36.105439,-6.027428],[-36.104889,-6.025823],[-36.104416,-6.025261],[-36.104455,-6.025079],[-36.103495,-6.024694],[-36.102785,-6.024592],[-36.102757,-6.025193],[-36.102959,-6.025673],[-36.102716,-6.026421],[-36.102728,-6.026797],[-36.103677,-6.027207],[-36.103981,-6.027485],[-36.104179,-6.028855],[-36.104634,-6.030399],[-36.105204,-6.03061],[-36.105599,-6.029386]]],[[[-36.059891,-6.025946],[-36.059948,-6.025841],[-36.059729,-6.025832],[-36.059777,-6.025757],[-36.059393,-6.025478],[-36.059129,-6.025033],[-36.058855,-6.025232],[-36.059417,-6.02585],[-36.059891,-6.025946]]],[[[-36.278868,-6.01856],[-36.278445,-6.018321],[-36.278023,-6.018414],[-36.277576,-6.019201],[-36.276066,-6.020768],[-36.276214,-6.021045],[-36.276435,-6.021161],[-36.276903,-6.021115],[-36.277371,-6.020907],[-36.277987,-6.020357],[-36.278284,-6.020355],[-36.278417,-6.020486],[-36.278519,-6.021031],[-36.278884,-6.021276],[-36.278986,-6.021771],[-36.279217,-6.021819],[-36.279612,-6.021684],[-36.279694,-6.021519],[-36.279552,-6.019835],[-36.28045,-6.019777],[-36.280527,-6.02016],[-36.280316,-6.020656],[-36.280448,-6.020722],[-36.281899,-6.020498],[-36.282214,-6.020678],[-36.282149,-6.020926],[-36.281985,-6.021026],[-36.280748,-6.021215],[-36.280322,-6.021614],[-36.280257,-6.021813],[-36.280984,-6.02199],[-36.281335,-6.022698],[-36.280908,-6.023014],[-36.280165,-6.023085],[-36.279902,-6.023268],[-36.279641,-6.023633],[-36.279609,-6.023815],[-36.279758,-6.023996],[-36.280402,-6.023959],[-36.280567,-6.02404],[-36.280752,-6.024518],[-36.281098,-6.024532],[-36.281278,-6.024218],[-36.281422,-6.023407],[-36.281636,-6.023373],[-36.28216,-6.024006],[-36.282386,-6.024094],[-36.282861,-6.024021],[-36.282858,-6.023612],[-36.28241,-6.023354],[-36.282275,-6.022573],[-36.283143,-6.021507],[-36.283392,-6.021445],[-36.283622,-6.021723],[-36.283636,-6.022343],[-36.283885,-6.022507],[-36.284143,-6.022526],[-36.284595,-6.021893],[-36.285257,-6.02192],[-36.285404,-6.022353],[-36.285106,-6.022697],[-36.284549,-6.022969],[-36.284851,-6.023278],[-36.285927,-6.02324],[-36.285924,-6.023643],[-36.286071,-6.023684],[-36.286718,-6.023261],[-36.287288,-6.02397],[-36.287729,-6.024114],[-36.287773,-6.024512],[-36.286138,-6.025384],[-36.286012,-6.025806],[-36.285004,-6.02701],[-36.284975,-6.027261],[-36.285147,-6.02759],[-36.285968,-6.027968],[-36.286402,-6.028789],[-36.286504,-6.029381],[-36.287214,-6.030366],[-36.287262,-6.030708],[-36.287137,-6.0308],[-36.285605,-6.030535],[-36.284852,-6.030574],[-36.284193,-6.031006],[-36.28405,-6.031385],[-36.284081,-6.031705],[-36.285098,-6.033319],[-36.285325,-6.033441],[-36.285278,-6.032542],[-36.284807,-6.031642],[-36.284981,-6.031496],[-36.286035,-6.031438],[-36.286606,-6.031663],[-36.286895,-6.032108],[-36.287449,-6.031988],[-36.28836,-6.031216],[-36.28829,-6.03059],[-36.286204,-6.027363],[-36.286019,-6.026942],[-36.286146,-6.026703],[-36.287058,-6.026221],[-36.287895,-6.025245],[-36.288151,-6.025134],[-36.289068,-6.02533],[-36.289454,-6.025278],[-36.289934,-6.02494],[-36.289954,-6.024772],[-36.289911,-6.024562],[-36.289701,-6.024501],[-36.289074,-6.024714],[-36.288738,-6.024674],[-36.28861,-6.024235],[-36.289,-6.023699],[-36.288983,-6.02354],[-36.288437,-6.023439],[-36.2869,-6.022046],[-36.286621,-6.021982],[-36.286628,-6.021769],[-36.286888,-6.021381],[-36.286853,-6.021186],[-36.286246,-6.02101],[-36.286608,-6.020393],[-36.286541,-6.020277],[-36.286158,-6.020245],[-36.286057,-6.01998],[-36.286637,-6.019677],[-36.287003,-6.019708],[-36.287809,-6.021018],[-36.288043,-6.021133],[-36.288259,-6.021048],[-36.288489,-6.020598],[-36.288087,-6.020217],[-36.288018,-6.019685],[-36.288347,-6.019184],[-36.289279,-6.019178],[-36.289663,-6.019476],[-36.289812,-6.019441],[-36.289828,-6.019258],[-36.289426,-6.018828],[-36.28896,-6.018731],[-36.288128,-6.018636],[-36.287895,-6.018671],[-36.287481,-6.019006],[-36.287248,-6.018924],[-36.287165,-6.018875],[-36.287363,-6.018368],[-36.287227,-6.018226],[-36.286598,-6.018712],[-36.285751,-6.018936],[-36.285411,-6.019298],[-36.284986,-6.019216],[-36.284947,-6.019042],[-36.285133,-6.018766],[-36.285001,-6.018636],[-36.283935,-6.018961],[-36.283503,-6.018907],[-36.28339,-6.018721],[-36.282883,-6.018686],[-36.282752,-6.018612],[-36.282709,-6.017804],[-36.282529,-6.017464],[-36.281725,-6.01663],[-36.281784,-6.01639],[-36.281424,-6.016127],[-36.281194,-6.016178],[-36.280415,-6.01705],[-36.280644,-6.017688],[-36.280536,-6.017911],[-36.280249,-6.018074],[-36.27992,-6.018011],[-36.279081,-6.01883],[-36.27893,-6.018771],[-36.278868,-6.01856]]],[[[-36.357726,-6.018935],[-36.357502,-6.01921],[-36.357074,-6.019065],[-36.356486,-6.019704],[-36.356806,-6.02044],[-36.35671,-6.020715],[-36.356334,-6.020962],[-36.356633,-6.021382],[-36.356548,-6.021807],[-36.356699,-6.02187],[-36.356764,-6.022106],[-36.356747,-6.022736],[-36.356575,-6.022961],[-36.356887,-6.022869],[-36.357432,-6.023261],[-36.357538,-6.023077],[-36.357168,-6.022743],[-36.357145,-6.022562],[-36.357248,-6.021678],[-36.357385,-6.021366],[-36.357793,-6.021225],[-36.358322,-6.021597],[-36.358563,-6.02152],[-36.358552,-6.021224],[-36.358213,-6.020696],[-36.35836,-6.020255],[-36.358896,-6.020144],[-36.359434,-6.02073],[-36.359998,-6.021788],[-36.360147,-6.02254],[-36.360394,-6.022724],[-36.360602,-6.023179],[-36.36065,-6.022757],[-36.360487,-6.022403],[-36.360175,-6.020394],[-36.36083,-6.019979],[-36.362768,-6.019703],[-36.361193,-6.019368],[-36.36097,-6.019041],[-36.360647,-6.019335],[-36.359705,-6.019371],[-36.359525,-6.018885],[-36.359344,-6.019217],[-36.358905,-6.019228],[-36.358527,-6.019051],[-36.358738,-6.018522],[-36.357976,-6.019125],[-36.357778,-6.019168],[-36.357726,-6.018935]]],[[[-36.029906,-6.020357],[-36.030502,-6.020471],[-36.031577,-6.020303],[-36.032652,-6.020701],[-36.032982,-6.020528],[-36.033016,-6.020361],[-36.032106,-6.019141],[-36.031344,-6.018949],[-36.031244,-6.019263],[-36.030873,-6.019491],[-36.030447,-6.019344],[-36.030305,-6.019471],[-36.029894,-6.020103],[-36.029906,-6.020357]]],[[[-36.025217,-6.018701],[-36.025304,-6.019359],[-36.025701,-6.01931],[-36.025814,-6.018717],[-36.025699,-6.018105],[-36.025209,-6.017341],[-36.025022,-6.017181],[-36.023818,-6.017471],[-36.023592,-6.017863],[-36.023606,-6.018677],[-36.02412,-6.019134],[-36.024477,-6.01902],[-36.02446,-6.018618],[-36.024731,-6.018421],[-36.02492,-6.018463],[-36.025217,-6.018701]]],[[[-36.057451,-6.013349],[-36.057265,-6.011979],[-36.055531,-6.012577],[-36.054941,-6.013048],[-36.05487,-6.013304],[-36.05524,-6.013706],[-36.055961,-6.01354],[-36.056903,-6.013597],[-36.057451,-6.013349]]],[[[-36.365353,-6.012534],[-36.365548,-6.012448],[-36.365554,-6.012275],[-36.365291,-6.011408],[-36.364691,-6.010726],[-36.364496,-6.009524],[-36.363755,-6.009384],[-36.36312,-6.00852],[-36.362669,-6.00841],[-36.3622,-6.008568],[-36.362135,-6.009357],[-36.362237,-6.009688],[-36.362825,-6.010157],[-36.363085,-6.009825],[-36.364296,-6.011042],[-36.365353,-6.012534]]],[[[-35.867418,-6.001438],[-35.866884,-6.001511],[-35.866947,-6.001724],[-35.867392,-6.001884],[-35.867732,-6.001524],[-35.867418,-6.001438]]],[[[-36.057187,-5.999194],[-36.057355,-5.9991],[-36.056699,-5.998408],[-36.056414,-5.998753],[-36.056265,-5.998676],[-36.055804,-6.000192],[-36.057223,-5.999414],[-36.057187,-5.999194]]],[[[-36.35176,-5.983434],[-36.351389,-5.984207],[-36.350992,-5.984628],[-36.35058,-5.98475],[-36.349735,-5.984509],[-36.349711,-5.985048],[-36.348993,-5.986363],[-36.349039,-5.986784],[-36.349515,-5.986885],[-36.350198,-5.986521],[-36.350737,-5.985982],[-36.351435,-5.984793],[-36.352418,-5.983889],[-36.352551,-5.983483],[-36.352548,-5.98271],[-36.352371,-5.982305],[-36.352183,-5.982177],[-36.351361,-5.982261],[-36.351442,-5.982829],[-36.351717,-5.982877],[-36.35176,-5.983434]]],[[[-36.044389,-5.984543],[-36.044855,-5.984293],[-36.045348,-5.983708],[-36.04611,-5.983393],[-36.04648,-5.982182],[-36.046376,-5.981834],[-36.045988,-5.981689],[-36.04385,-5.981671],[-36.043954,-5.982437],[-36.043413,-5.983929],[-36.043363,-5.98456],[-36.043528,-5.984725],[-36.04392,-5.984529],[-36.044389,-5.984543]]],[[[-36.066227,-5.980411],[-36.066838,-5.979534],[-36.067137,-5.979323],[-36.067667,-5.979479],[-36.068015,-5.980115],[-36.06886,-5.980177],[-36.069197,-5.980643],[-36.069292,-5.981357],[-36.06963,-5.982367],[-36.070154,-5.98286],[-36.070443,-5.982693],[-36.070881,-5.981151],[-36.071371,-5.98093],[-36.072292,-5.981368],[-36.073882,-5.981785],[-36.074798,-5.982313],[-36.075009,-5.982553],[-36.07479,-5.983344],[-36.074982,-5.983665],[-36.076578,-5.983633],[-36.076888,-5.983448],[-36.077131,-5.9831],[-36.077096,-5.982727],[-36.076137,-5.981525],[-36.07576,-5.981479],[-36.075315,-5.981776],[-36.075068,-5.98177],[-36.074978,-5.980809],[-36.074679,-5.980282],[-36.072263,-5.978385],[-36.071519,-5.978052],[-36.070802,-5.977421],[-36.068233,-5.977026],[-36.06796,-5.97676],[-36.067644,-5.976016],[-36.067143,-5.976605],[-36.06507,-5.978305],[-36.064785,-5.978797],[-36.0649,-5.979287],[-36.065847,-5.979681],[-36.066227,-5.980411]]],[[[-36.017412,-5.977926],[-36.017014,-5.978339],[-36.016454,-5.978582],[-36.016231,-5.978811],[-36.01627,-5.979925],[-36.016047,-5.980322],[-36.01484,-5.98074],[-36.014631,-5.980949],[-36.015239,-5.98145],[-36.015639,-5.982397],[-36.016279,-5.983344],[-36.016537,-5.983422],[-36.017177,-5.983084],[-36.018638,-5.982663],[-36.01886,-5.98244],[-36.018779,-5.982188],[-36.018394,-5.98202],[-36.016941,-5.981907],[-36.016773,-5.981808],[-36.016671,-5.981464],[-36.016946,-5.980966],[-36.017737,-5.98041],[-36.018543,-5.979598],[-36.018876,-5.978321],[-36.0191,-5.978098],[-36.019636,-5.978401],[-36.021307,-5.980233],[-36.021559,-5.981058],[-36.02186,-5.981566],[-36.022706,-5.98231],[-36.022874,-5.982263],[-36.022579,-5.981371],[-36.022538,-5.980792],[-36.022649,-5.979946],[-36.022937,-5.979447],[-36.022891,-5.979158],[-36.021872,-5.978859],[-36.020389,-5.977917],[-36.019452,-5.976698],[-36.018444,-5.976358],[-36.017699,-5.97633],[-36.017304,-5.976116],[-36.017139,-5.976215],[-36.017412,-5.977926]]],[[[-35.914428,-5.962647],[-35.91395,-5.964295],[-35.913965,-5.964645],[-35.914809,-5.965658],[-35.915348,-5.966673],[-35.915433,-5.96606],[-35.915198,-5.964738],[-35.915283,-5.964041],[-35.915858,-5.96276],[-35.916566,-5.963052],[-35.916566,-5.962755],[-35.916107,-5.962581],[-35.916004,-5.962103],[-35.915479,-5.961889],[-35.914911,-5.962052],[-35.914428,-5.962647]]],[[[-35.948607,-5.9614],[-35.949386,-5.960298],[-35.949984,-5.958908],[-35.950916,-5.958155],[-35.950725,-5.957833],[-35.949157,-5.957647],[-35.949397,-5.958098],[-35.949065,-5.958627],[-35.948807,-5.959421],[-35.948763,-5.960244],[-35.947833,-5.961434],[-35.947712,-5.961759],[-35.947845,-5.962072],[-35.948505,-5.962625],[-35.94863,-5.962501],[-35.948515,-5.961759],[-35.948607,-5.9614]]],[[[-35.926645,-5.944678],[-35.926897,-5.945198],[-35.927279,-5.945625],[-35.927604,-5.945839],[-35.927797,-5.945615],[-35.927999,-5.94571],[-35.928154,-5.945972],[-35.928041,-5.94621],[-35.92841,-5.946522],[-35.928832,-5.945793],[-35.928782,-5.94536],[-35.928903,-5.945204],[-35.928738,-5.944883],[-35.929239,-5.94397],[-35.929902,-5.943414],[-35.929711,-5.943205],[-35.929221,-5.943144],[-35.928468,-5.944277],[-35.928027,-5.944644],[-35.927381,-5.944709],[-35.926746,-5.9444],[-35.926645,-5.944678]]],[[[-36.275754,-5.943231],[-36.275832,-5.943489],[-36.276498,-5.943871],[-36.278271,-5.94426],[-36.278973,-5.945169],[-36.27994,-5.94555],[-36.28059,-5.946462],[-36.28143,-5.947024],[-36.282047,-5.948055],[-36.28242,-5.948306],[-36.282684,-5.948272],[-36.282635,-5.947869],[-36.282111,-5.946628],[-36.281854,-5.946361],[-36.281318,-5.946235],[-36.281092,-5.946009],[-36.280473,-5.944747],[-36.279752,-5.942773],[-36.279445,-5.942541],[-36.278466,-5.942208],[-36.278463,-5.941962],[-36.27888,-5.941704],[-36.278856,-5.941507],[-36.277237,-5.941486],[-36.276669,-5.941274],[-36.276353,-5.941051],[-36.275154,-5.939554],[-36.275049,-5.93966],[-36.275108,-5.940172],[-36.276065,-5.942387],[-36.276008,-5.942781],[-36.275754,-5.943231]]],[[[-36.187336,-5.938593],[-36.187732,-5.939578],[-36.187732,-5.939914],[-36.188164,-5.940191],[-36.188705,-5.941992],[-36.189077,-5.942521],[-36.189522,-5.942665],[-36.188957,-5.941656],[-36.189041,-5.941344],[-36.188945,-5.941236],[-36.188957,-5.940599],[-36.189113,-5.940539],[-36.188981,-5.93983],[-36.189318,-5.939518],[-36.189474,-5.938785],[-36.189294,-5.938316],[-36.189366,-5.938268],[-36.190675,-5.939566],[-36.190939,-5.93965],[-36.191648,-5.93959],[-36.192056,-5.939698],[-36.192417,-5.939566],[-36.192753,-5.938905],[-36.192729,-5.938761],[-36.192225,-5.939446],[-36.190951,-5.939277],[-36.190519,-5.938977],[-36.190471,-5.938749],[-36.190579,-5.938617],[-36.190171,-5.938425],[-36.190195,-5.938136],[-36.190447,-5.937848],[-36.190098,-5.937644],[-36.189005,-5.937464],[-36.188621,-5.938749],[-36.188273,-5.938773],[-36.188032,-5.938497],[-36.187744,-5.93774],[-36.186471,-5.936298],[-36.186459,-5.936094],[-36.186759,-5.935602],[-36.187312,-5.935434],[-36.187071,-5.935073],[-36.186567,-5.934929],[-36.18599,-5.935265],[-36.185594,-5.936539],[-36.186375,-5.93762],[-36.186423,-5.937872],[-36.186855,-5.937932],[-36.187336,-5.938593]]],[[[-36.319815,-5.933977],[-36.319468,-5.933775],[-36.319154,-5.933792],[-36.3183,-5.934758],[-36.318372,-5.93525],[-36.318566,-5.935516],[-36.319114,-5.935827],[-36.320432,-5.935968],[-36.32093,-5.936378],[-36.321094,-5.937048],[-36.321377,-5.937041],[-36.321474,-5.936767],[-36.321377,-5.936113],[-36.320388,-5.93505],[-36.319815,-5.933977]]],[[[-36.260495,-5.931291],[-36.260669,-5.929919],[-36.25925,-5.929983],[-36.258449,-5.930167],[-36.258013,-5.930579],[-36.258267,-5.931063],[-36.25901,-5.931723],[-36.259878,-5.931844],[-36.260141,-5.931733],[-36.260495,-5.931291]]],[[[-36.262349,-5.928552],[-36.262129,-5.928246],[-36.26212,-5.927332],[-36.262319,-5.926736],[-36.262863,-5.926087],[-36.26288,-5.92586],[-36.262736,-5.925174],[-36.262478,-5.924821],[-36.261976,-5.924441],[-36.261732,-5.924428],[-36.260768,-5.925174],[-36.26066,-5.925445],[-36.260714,-5.926422],[-36.261275,-5.928371],[-36.26175,-5.928851],[-36.262544,-5.929333],[-36.263349,-5.929613],[-36.263827,-5.929585],[-36.264179,-5.929218],[-36.264002,-5.929039],[-36.26345,-5.929016],[-36.262349,-5.928552]]],[[[-36.33077,-5.92186],[-36.330869,-5.919341],[-36.33023,-5.919569],[-36.329114,-5.920685],[-36.328876,-5.921715],[-36.329054,-5.922725],[-36.329313,-5.922492],[-36.329895,-5.922514],[-36.330359,-5.921984],[-36.33077,-5.92186]]],[[[-35.907875,-5.918626],[-35.908687,-5.918115],[-35.909669,-5.918106],[-35.910572,-5.917926],[-35.910723,-5.917836],[-35.910737,-5.917578],[-35.910309,-5.917327],[-35.909605,-5.917369],[-35.908959,-5.916967],[-35.907777,-5.916801],[-35.906055,-5.916097],[-35.905739,-5.916443],[-35.905751,-5.916706],[-35.907174,-5.917674],[-35.90762,-5.918546],[-35.907875,-5.918626]]],[[[-35.899,-5.914493],[-35.900332,-5.913884],[-35.90078,-5.913941],[-35.901455,-5.913446],[-35.900618,-5.913198],[-35.900218,-5.913227],[-35.899835,-5.913589],[-35.898401,-5.912932],[-35.897798,-5.913231],[-35.897715,-5.913522],[-35.897848,-5.913789],[-35.899,-5.914493]]],[[[-35.99681,-5.912876],[-35.997383,-5.913337],[-35.998814,-5.913792],[-35.999555,-5.914398],[-35.999846,-5.914919],[-36.000112,-5.916221],[-36.001046,-5.917489],[-36.001912,-5.918204],[-36.002175,-5.91819],[-36.002663,-5.917366],[-36.00377,-5.916586],[-36.004323,-5.916322],[-36.004813,-5.916279],[-36.005619,-5.916687],[-36.007134,-5.918423],[-36.007893,-5.918625],[-36.0091,-5.918536],[-36.008869,-5.918284],[-36.007927,-5.917884],[-36.007273,-5.917191],[-36.006951,-5.91644],[-36.006959,-5.915526],[-36.005943,-5.915287],[-36.005483,-5.914699],[-36.005482,-5.914227],[-36.005937,-5.913094],[-36.006354,-5.912442],[-36.006368,-5.912071],[-36.00576,-5.912375],[-36.005071,-5.913306],[-36.004259,-5.914111],[-36.003888,-5.914279],[-36.003144,-5.914313],[-36.00271,-5.914194],[-36.002443,-5.913841],[-36.00241,-5.912593],[-36.001037,-5.912377],[-36.000765,-5.912111],[-36.000584,-5.911576],[-35.999742,-5.911511],[-35.999391,-5.91106],[-35.999116,-5.910016],[-35.99927,-5.909391],[-36.000048,-5.908301],[-36.000165,-5.90786],[-36.001949,-5.906142],[-36.00226,-5.905403],[-36.002248,-5.904843],[-36.002891,-5.904158],[-36.002917,-5.903937],[-36.002616,-5.903879],[-36.001362,-5.904206],[-36.001078,-5.904462],[-36.000489,-5.90549],[-35.999794,-5.906142],[-35.998783,-5.906748],[-35.99714,-5.907168],[-35.996989,-5.907941],[-35.997148,-5.909431],[-35.996285,-5.910727],[-35.996409,-5.911337],[-35.996985,-5.912073],[-35.99681,-5.912876]]],[[[-36.264467,-5.9115],[-36.266244,-5.911945],[-36.26654,-5.911916],[-36.266182,-5.911086],[-36.266287,-5.910052],[-36.266111,-5.910016],[-36.265526,-5.910701],[-36.265263,-5.910706],[-36.262765,-5.910589],[-36.262387,-5.910483],[-36.261736,-5.909996],[-36.261394,-5.910137],[-36.26134,-5.910691],[-36.262729,-5.912104],[-36.263029,-5.912108],[-36.26391,-5.911564],[-36.264467,-5.9115]]],[[[-36.239626,-5.90891],[-36.239759,-5.908117],[-36.238956,-5.906856],[-36.238405,-5.906332],[-36.23771,-5.906215],[-36.237686,-5.906813],[-36.238516,-5.907835],[-36.238846,-5.908852],[-36.239269,-5.909507],[-36.239431,-5.910153],[-36.239683,-5.910582],[-36.239819,-5.910446],[-36.239848,-5.91],[-36.239626,-5.90891]]],[[[-36.329351,-5.901361],[-36.328976,-5.901903],[-36.328934,-5.902212],[-36.329197,-5.902803],[-36.329686,-5.903344],[-36.329695,-5.902714],[-36.330452,-5.902599],[-36.330409,-5.9019],[-36.329838,-5.901429],[-36.329351,-5.901361]]],[[[-36.088981,-5.894802],[-36.089161,-5.892714],[-36.086943,-5.891685],[-36.08692,-5.891865],[-36.087484,-5.892864],[-36.087469,-5.893676],[-36.087232,-5.894765],[-36.087366,-5.895381],[-36.08767,-5.895442],[-36.088515,-5.895243],[-36.088981,-5.894802]]],[[[-35.934288,-5.892196],[-35.933648,-5.890716],[-35.933327,-5.889421],[-35.933104,-5.889108],[-35.932672,-5.888893],[-35.932521,-5.888878],[-35.931516,-5.88949],[-35.930816,-5.890548],[-35.930983,-5.890716],[-35.931878,-5.890869],[-35.932959,-5.891406],[-35.933826,-5.892419],[-35.934121,-5.892541],[-35.934242,-5.892485],[-35.934288,-5.892196]]],[[[-36.27921,-5.889207],[-36.27899,-5.888289],[-36.27839,-5.887003],[-36.277996,-5.886858],[-36.276936,-5.88684],[-36.276911,-5.887437],[-36.27783,-5.888639],[-36.277952,-5.889027],[-36.277907,-5.889734],[-36.278384,-5.890412],[-36.27872,-5.890235],[-36.27921,-5.889207]]],[[[-36.0337,-5.881661],[-36.032789,-5.883621],[-36.03282,-5.884368],[-36.033104,-5.885599],[-36.033205,-5.885816],[-36.033539,-5.885949],[-36.033938,-5.885579],[-36.034316,-5.884546],[-36.03528,-5.884567],[-36.036117,-5.884254],[-36.036494,-5.883553],[-36.037221,-5.882664],[-36.038219,-5.882044],[-36.039074,-5.881282],[-36.040171,-5.880763],[-36.040974,-5.879955],[-36.041049,-5.879607],[-36.040843,-5.879309],[-36.040117,-5.87892],[-36.038804,-5.879636],[-36.037995,-5.879694],[-36.036981,-5.880807],[-36.036163,-5.881331],[-36.03557,-5.881342],[-36.035034,-5.881076],[-36.034794,-5.880806],[-36.034777,-5.880459],[-36.035106,-5.879294],[-36.034926,-5.878758],[-36.034556,-5.87832],[-36.033582,-5.877677],[-36.033372,-5.878365],[-36.033489,-5.879291],[-36.03333,-5.88036],[-36.0337,-5.881661]]],[[[-36.233056,-5.87753],[-36.233258,-5.878126],[-36.233128,-5.878758],[-36.232605,-5.879618],[-36.232493,-5.880033],[-36.232652,-5.88045],[-36.233044,-5.880248],[-36.233414,-5.879188],[-36.233866,-5.878404],[-36.233907,-5.877962],[-36.233726,-5.877538],[-36.233134,-5.877045],[-36.232328,-5.876802],[-36.2316,-5.876331],[-36.2314,-5.875632],[-36.232157,-5.873476],[-36.232913,-5.872762],[-36.233827,-5.872137],[-36.233833,-5.871867],[-36.233563,-5.871784],[-36.233071,-5.87182],[-36.232185,-5.872748],[-36.231334,-5.873942],[-36.231343,-5.874318],[-36.231157,-5.874832],[-36.230372,-5.875989],[-36.229601,-5.875674],[-36.230386,-5.87636],[-36.230958,-5.876431],[-36.231457,-5.876988],[-36.233056,-5.87753]]],[[[-35.890861,-5.869246],[-35.890245,-5.869143],[-35.889677,-5.869313],[-35.889775,-5.869479],[-35.89026,-5.869603],[-35.890734,-5.869965],[-35.891122,-5.869922],[-35.89162,-5.870057],[-35.891904,-5.870495],[-35.892246,-5.871519],[-35.893058,-5.871494],[-35.893159,-5.871257],[-35.893049,-5.870632],[-35.893264,-5.869795],[-35.893708,-5.86951],[-35.893511,-5.869266],[-35.893063,-5.869272],[-35.893128,-5.868521],[-35.892872,-5.868398],[-35.892478,-5.869011],[-35.892224,-5.869819],[-35.891909,-5.869808],[-35.890861,-5.869246]]],[[[-36.241783,-5.871194],[-36.241897,-5.870887],[-36.241543,-5.870529],[-36.241296,-5.870137],[-36.241324,-5.869977],[-36.241661,-5.869997],[-36.242688,-5.870748],[-36.243111,-5.870523],[-36.242968,-5.870123],[-36.243013,-5.869717],[-36.242197,-5.869238],[-36.241382,-5.869028],[-36.241035,-5.868773],[-36.240903,-5.868135],[-36.241418,-5.867196],[-36.241196,-5.866947],[-36.240909,-5.86693],[-36.240421,-5.867239],[-36.240184,-5.867653],[-36.241112,-5.869381],[-36.241041,-5.869709],[-36.239763,-5.869605],[-36.238985,-5.870366],[-36.239114,-5.870666],[-36.240186,-5.870458],[-36.241098,-5.871122],[-36.241783,-5.871194]]],[[[-36.302988,-5.868251],[-36.300918,-5.867423],[-36.300508,-5.867339],[-36.300607,-5.868042],[-36.300966,-5.868633],[-36.301161,-5.868621],[-36.301461,-5.86825],[-36.301911,-5.868277],[-36.302802,-5.868475],[-36.30333,-5.868779],[-36.302988,-5.868251]]],[[[-36.304941,-5.864078],[-36.305717,-5.863923],[-36.306564,-5.864438],[-36.30665,-5.864941],[-36.306869,-5.86481],[-36.307968,-5.865329],[-36.308614,-5.866479],[-36.309573,-5.866656],[-36.309853,-5.866529],[-36.308945,-5.866195],[-36.308396,-5.86535],[-36.30655,-5.863394],[-36.305405,-5.862879],[-36.304258,-5.862559],[-36.303846,-5.862546],[-36.302985,-5.863003],[-36.302927,-5.86331],[-36.303077,-5.864202],[-36.302962,-5.864736],[-36.303801,-5.864706],[-36.303944,-5.864584],[-36.303816,-5.86431],[-36.304215,-5.863925],[-36.304941,-5.864078]]],[[[-35.889724,-5.860423],[-35.88952,-5.860985],[-35.889679,-5.861088],[-35.889691,-5.861967],[-35.890598,-5.861941],[-35.890918,-5.861487],[-35.890958,-5.86118],[-35.890405,-5.859516],[-35.890979,-5.858942],[-35.890992,-5.858769],[-35.890845,-5.858675],[-35.890572,-5.858637],[-35.89031,-5.858901],[-35.890011,-5.858873],[-35.889452,-5.858455],[-35.888987,-5.85858],[-35.888545,-5.859008],[-35.889302,-5.859236],[-35.889573,-5.859665],[-35.88938,-5.860043],[-35.889724,-5.860423]]],[[[-36.281451,-5.858778],[-36.281234,-5.859263],[-36.28149,-5.860368],[-36.281774,-5.86067],[-36.282873,-5.861327],[-36.285129,-5.861184],[-36.284493,-5.860476],[-36.283701,-5.860436],[-36.283044,-5.86066],[-36.282751,-5.860587],[-36.282953,-5.860265],[-36.282678,-5.859939],[-36.283095,-5.859909],[-36.2834,-5.859423],[-36.283976,-5.858905],[-36.283885,-5.858422],[-36.284786,-5.858143],[-36.285224,-5.857832],[-36.285747,-5.857082],[-36.285706,-5.856975],[-36.285345,-5.856977],[-36.284476,-5.857573],[-36.283993,-5.85762],[-36.283688,-5.858105],[-36.282986,-5.858241],[-36.282282,-5.85807],[-36.281973,-5.857852],[-36.282016,-5.857675],[-36.281003,-5.856987],[-36.280875,-5.85799],[-36.281359,-5.858163],[-36.281451,-5.858778]]],[[[-35.868071,-5.839955],[-35.867859,-5.839947],[-35.867354,-5.840447],[-35.866813,-5.841224],[-35.866773,-5.841521],[-35.867369,-5.842215],[-35.867619,-5.842275],[-35.86809,-5.841971],[-35.86846,-5.841254],[-35.868499,-5.840585],[-35.868344,-5.840193],[-35.868071,-5.839955]]],[[[-35.867271,-5.835804],[-35.869454,-5.834902],[-35.869413,-5.834656],[-35.867751,-5.834245],[-35.867665,-5.833445],[-35.867425,-5.833155],[-35.865682,-5.833077],[-35.865235,-5.833329],[-35.866416,-5.835001],[-35.867271,-5.835804]]],[[[-35.875059,-5.776495],[-35.876003,-5.777636],[-35.8764,-5.77843],[-35.87667,-5.77861],[-35.876609,-5.778274],[-35.87681,-5.777783],[-35.876539,-5.777275],[-35.876726,-5.777221],[-35.877417,-5.777504],[-35.877338,-5.777277],[-35.876532,-5.776902],[-35.876412,-5.776488],[-35.876667,-5.776098],[-35.876518,-5.775803],[-35.87532,-5.775317],[-35.87513,-5.774764],[-35.874862,-5.774548],[-35.873963,-5.774403],[-35.873125,-5.774508],[-35.873027,-5.774805],[-35.873041,-5.776107],[-35.873155,-5.776688],[-35.873412,-5.776681],[-35.873598,-5.776314],[-35.873884,-5.776283],[-35.874693,-5.776309],[-35.875059,-5.776495]]],[[[-35.86722,-5.773046],[-35.867353,-5.772669],[-35.867269,-5.772249],[-35.866194,-5.771169],[-35.865184,-5.770832],[-35.864152,-5.770786],[-35.863839,-5.771244],[-35.863813,-5.771492],[-35.864734,-5.77209],[-35.865714,-5.773536],[-35.866134,-5.773888],[-35.866381,-5.773885],[-35.866488,-5.773362],[-35.86722,-5.773046]]],[[[-35.727188,-6.122742],[-35.727203,-6.123707],[-35.726609,-6.125808],[-35.725746,-6.127101],[-35.72536,-6.128062],[-35.724938,-6.128718],[-35.724451,-6.130223],[-35.724813,-6.130201],[-35.725378,-6.129697],[-35.725934,-6.129474],[-35.727939,-6.129802],[-35.728211,-6.130068],[-35.728544,-6.130813],[-35.730481,-6.133235],[-35.730899,-6.134576],[-35.731296,-6.134888],[-35.731791,-6.134825],[-35.732045,-6.134484],[-35.732051,-6.133773],[-35.731883,-6.133403],[-35.731099,-6.1326],[-35.731402,-6.131584],[-35.730174,-6.13107],[-35.728852,-6.128889],[-35.728539,-6.128663],[-35.727534,-6.12832],[-35.7271,-6.127706],[-35.727166,-6.127167],[-35.727861,-6.125982],[-35.728163,-6.125771],[-35.728739,-6.125746],[-35.72904,-6.125561],[-35.729241,-6.124397],[-35.730118,-6.122408],[-35.729791,-6.12175],[-35.729571,-6.120624],[-35.729301,-6.120085],[-35.72902,-6.119827],[-35.726943,-6.1189],[-35.72665,-6.117612],[-35.726441,-6.117345],[-35.726172,-6.117285],[-35.725109,-6.118109],[-35.724888,-6.118422],[-35.725001,-6.119441],[-35.724703,-6.121114],[-35.724839,-6.122121],[-35.72499,-6.122509],[-35.725163,-6.122611],[-35.726933,-6.122516],[-35.727188,-6.122742]]],[[[-35.748892,-6.114189],[-35.749703,-6.116489],[-35.750288,-6.116591],[-35.7511,-6.115792],[-35.752346,-6.114882],[-35.753681,-6.114337],[-35.754069,-6.114308],[-35.754307,-6.114546],[-35.754062,-6.115224],[-35.754189,-6.115499],[-35.755142,-6.1158],[-35.756489,-6.115725],[-35.757034,-6.115896],[-35.757292,-6.116177],[-35.757504,-6.116774],[-35.758275,-6.117344],[-35.758792,-6.11731],[-35.758779,-6.116435],[-35.758866,-6.116282],[-35.759211,-6.116181],[-35.759912,-6.116522],[-35.760364,-6.117411],[-35.760602,-6.11762],[-35.7615,-6.11729],[-35.762369,-6.117565],[-35.76301,-6.118275],[-35.763383,-6.119659],[-35.763505,-6.119537],[-35.763502,-6.118321],[-35.763143,-6.117632],[-35.763122,-6.117151],[-35.76298,-6.116928],[-35.760772,-6.115931],[-35.759987,-6.115369],[-35.757712,-6.115189],[-35.756817,-6.114766],[-35.756409,-6.114395],[-35.756481,-6.113456],[-35.756327,-6.113099],[-35.755634,-6.112445],[-35.754945,-6.11212],[-35.754658,-6.112074],[-35.753788,-6.112566],[-35.752653,-6.112717],[-35.751372,-6.113372],[-35.749871,-6.113439],[-35.749419,-6.113569],[-35.748892,-6.114189]]],[[[-35.811144,-6.044062],[-35.809867,-6.043181],[-35.809047,-6.042923],[-35.808287,-6.042877],[-35.808319,-6.044552],[-35.80969,-6.044989],[-35.811045,-6.04518],[-35.811248,-6.04509],[-35.811382,-6.044682],[-35.811144,-6.044062]]],[[[-35.824938,-6.041205],[-35.825477,-6.040875],[-35.826877,-6.041532],[-35.827346,-6.041872],[-35.827836,-6.04246],[-35.828319,-6.042755],[-35.828439,-6.043297],[-35.829189,-6.043532],[-35.830009,-6.044024],[-35.830249,-6.044027],[-35.83011,-6.043419],[-35.828816,-6.041481],[-35.828943,-6.040182],[-35.828818,-6.039151],[-35.829139,-6.038498],[-35.829061,-6.03824],[-35.828763,-6.038029],[-35.827254,-6.037652],[-35.826297,-6.037264],[-35.825532,-6.037218],[-35.822517,-6.038704],[-35.822398,-6.038854],[-35.823226,-6.038948],[-35.823168,-6.039342],[-35.82329,-6.03973],[-35.824318,-6.04163],[-35.82459,-6.041631],[-35.824938,-6.041205]]],[[[-35.795383,-6.027952],[-35.796298,-6.029809],[-35.79535,-6.030991],[-35.794362,-6.031099],[-35.794087,-6.031351],[-35.794371,-6.032827],[-35.796101,-6.03096],[-35.796958,-6.030469],[-35.797271,-6.029959],[-35.797326,-6.029145],[-35.79699,-6.028039],[-35.796518,-6.027703],[-35.795669,-6.027638],[-35.795383,-6.027952]]],[[[-35.725666,-6.015723],[-35.72641,-6.013983],[-35.725938,-6.013143],[-35.725996,-6.012424],[-35.7257,-6.011524],[-35.725273,-6.01138],[-35.724225,-6.011702],[-35.724308,-6.012107],[-35.724846,-6.012155],[-35.724999,-6.012431],[-35.724863,-6.012572],[-35.725057,-6.013187],[-35.725668,-6.014371],[-35.725579,-6.015275],[-35.725666,-6.015723]]],[[[-35.853128,-6.012187],[-35.853443,-6.012304],[-35.853551,-6.011305],[-35.853396,-6.011269],[-35.853092,-6.011574],[-35.853128,-6.012187]]],[[[-35.849655,-6.005457],[-35.849463,-6.006059],[-35.849541,-6.006364],[-35.850451,-6.007435],[-35.850895,-6.007622],[-35.850595,-6.006182],[-35.850881,-6.004816],[-35.850143,-6.005024],[-35.849655,-6.005457]]],[[[-35.841916,-6.007359],[-35.84136,-6.006328],[-35.841206,-6.005368],[-35.840853,-6.004854],[-35.840646,-6.003457],[-35.840517,-6.003267],[-35.840354,-6.003261],[-35.839561,-6.003813],[-35.839911,-6.004072],[-35.840252,-6.005249],[-35.840317,-6.006786],[-35.841267,-6.008008],[-35.842014,-6.008332],[-35.842565,-6.008265],[-35.842545,-6.008042],[-35.841916,-6.007359]]],[[[-35.69293,-6.002451],[-35.690981,-6.000977],[-35.689392,-6.000504],[-35.688617,-6.000048],[-35.688012,-6.000135],[-35.687951,-6.000532],[-35.688141,-6.000845],[-35.689629,-6.001986],[-35.690449,-6.003152],[-35.690976,-6.004299],[-35.691396,-6.004652],[-35.693194,-6.00527],[-35.693697,-6.005644],[-35.694034,-6.006123],[-35.694514,-6.007375],[-35.694938,-6.007628],[-35.695398,-6.007662],[-35.695774,-6.007535],[-35.69596,-6.007116],[-35.695873,-6.006573],[-35.695389,-6.00574],[-35.693961,-6.004159],[-35.69293,-6.002451]]],[[[-35.865248,-6.000539],[-35.865676,-6.000339],[-35.865591,-6.000011],[-35.865031,-5.999764],[-35.864787,-6.000164],[-35.864877,-6.000502],[-35.865248,-6.000539]]],[[[-35.857827,-5.999629],[-35.858612,-6.000548],[-35.858962,-6.000777],[-35.859311,-6.000314],[-35.860234,-6.000453],[-35.860702,-5.999948],[-35.859481,-5.999533],[-35.859703,-5.998381],[-35.859347,-5.998196],[-35.858241,-5.999213],[-35.857722,-5.999348],[-35.857827,-5.999629]]],[[[-35.817636,-5.998445],[-35.818536,-5.997825],[-35.818412,-5.997526],[-35.817276,-5.997081],[-35.816521,-5.996492],[-35.816037,-5.997093],[-35.815516,-5.99748],[-35.815516,-5.997615],[-35.815929,-5.997634],[-35.816882,-5.998986],[-35.817514,-5.998812],[-35.817636,-5.998445]]],[[[-35.700589,-5.995968],[-35.70062,-5.995052],[-35.700198,-5.994461],[-35.699535,-5.994185],[-35.699209,-5.99435],[-35.697923,-5.995981],[-35.697875,-5.99695],[-35.698305,-5.997637],[-35.6989,-5.997893],[-35.699581,-5.997794],[-35.699977,-5.997261],[-35.700589,-5.995968]]],[[[-35.857282,-5.996837],[-35.856942,-5.99593],[-35.856878,-5.994794],[-35.856626,-5.994264],[-35.855835,-5.99529],[-35.855748,-5.996791],[-35.855469,-5.997249],[-35.85671,-5.997482],[-35.857354,-5.997413],[-35.857282,-5.996837]]],[[[-35.807258,-5.988406],[-35.808686,-5.98836],[-35.810239,-5.988837],[-35.810476,-5.988756],[-35.810502,-5.988597],[-35.810158,-5.988162],[-35.808678,-5.987484],[-35.807445,-5.987386],[-35.806333,-5.987628],[-35.806492,-5.98806],[-35.807258,-5.988406]]],[[[-35.694653,-5.986445],[-35.696183,-5.986164],[-35.696385,-5.986057],[-35.696427,-5.985748],[-35.696029,-5.985301],[-35.694055,-5.984853],[-35.693259,-5.984134],[-35.692739,-5.984039],[-35.692168,-5.984289],[-35.691996,-5.985127],[-35.69206,-5.985541],[-35.692388,-5.986112],[-35.692856,-5.986339],[-35.693701,-5.986264],[-35.694653,-5.986445]]],[[[-35.835199,-5.984968],[-35.834086,-5.983961],[-35.832635,-5.982987],[-35.831777,-5.982767],[-35.830914,-5.982347],[-35.830443,-5.982982],[-35.830405,-5.983361],[-35.830659,-5.983616],[-35.833185,-5.984054],[-35.834281,-5.984844],[-35.834991,-5.985177],[-35.835245,-5.985165],[-35.835199,-5.984968]]],[[[-35.833549,-5.982817],[-35.834617,-5.980728],[-35.834592,-5.980382],[-35.833842,-5.981006],[-35.832544,-5.982812],[-35.833517,-5.983244],[-35.833549,-5.982817]]],[[[-35.825579,-5.976391],[-35.824135,-5.978143],[-35.824029,-5.978453],[-35.824249,-5.978679],[-35.824877,-5.978854],[-35.825315,-5.979224],[-35.825683,-5.980204],[-35.826447,-5.980964],[-35.826402,-5.981464],[-35.826506,-5.981811],[-35.82752,-5.982241],[-35.827856,-5.981837],[-35.828451,-5.981848],[-35.828725,-5.982193],[-35.828786,-5.982658],[-35.829107,-5.982963],[-35.829377,-5.983486],[-35.829408,-5.983785],[-35.829183,-5.984011],[-35.827335,-5.984582],[-35.827048,-5.9848],[-35.827048,-5.985071],[-35.82732,-5.985274],[-35.827615,-5.985309],[-35.828281,-5.984742],[-35.829277,-5.98484],[-35.829617,-5.984704],[-35.829963,-5.984069],[-35.82992,-5.983365],[-35.830588,-5.982476],[-35.830438,-5.981916],[-35.830034,-5.981991],[-35.829689,-5.981884],[-35.829712,-5.981444],[-35.83023,-5.98125],[-35.830307,-5.980676],[-35.830095,-5.980465],[-35.829337,-5.980563],[-35.828273,-5.980308],[-35.827636,-5.979868],[-35.826984,-5.978364],[-35.826912,-5.977932],[-35.827028,-5.977538],[-35.827499,-5.976938],[-35.827523,-5.976478],[-35.826824,-5.97646],[-35.82634,-5.976729],[-35.825579,-5.976391]]],[[[-35.778793,-5.96567],[-35.777948,-5.966773],[-35.777725,-5.967995],[-35.777861,-5.968227],[-35.77857,-5.968597],[-35.778793,-5.968374],[-35.779014,-5.967523],[-35.778848,-5.967104],[-35.779552,-5.966492],[-35.780442,-5.965296],[-35.780905,-5.965131],[-35.78068,-5.964677],[-35.781845,-5.964532],[-35.78211,-5.963812],[-35.782131,-5.963388],[-35.781445,-5.962953],[-35.780422,-5.962583],[-35.780297,-5.963146],[-35.77906,-5.96435],[-35.778793,-5.96567]]],[[[-35.687388,-5.963547],[-35.687138,-5.962995],[-35.686451,-5.962828],[-35.686191,-5.962891],[-35.68459,-5.964055],[-35.684088,-5.964712],[-35.684013,-5.965645],[-35.684443,-5.966347],[-35.685179,-5.967028],[-35.685894,-5.967322],[-35.686399,-5.96724],[-35.686577,-5.967061],[-35.687307,-5.964528],[-35.687388,-5.963547]]],[[[-35.748693,-5.963648],[-35.748484,-5.962792],[-35.747666,-5.962716],[-35.747418,-5.963325],[-35.746695,-5.963515],[-35.746771,-5.963896],[-35.74778,-5.963458],[-35.74816,-5.963686],[-35.749239,-5.965879],[-35.749691,-5.964575],[-35.748693,-5.963648]]],[[[-35.777021,-5.886398],[-35.776879,-5.886687],[-35.776476,-5.886631],[-35.776273,-5.886373],[-35.776271,-5.885913],[-35.775549,-5.885398],[-35.775262,-5.885428],[-35.774288,-5.886383],[-35.773569,-5.886387],[-35.773194,-5.886043],[-35.772935,-5.886016],[-35.77282,-5.88616],[-35.772852,-5.886678],[-35.772589,-5.887124],[-35.77143,-5.888355],[-35.77023,-5.890022],[-35.769219,-5.894479],[-35.769682,-5.894657],[-35.770069,-5.895108],[-35.770319,-5.895152],[-35.770703,-5.895037],[-35.770973,-5.894673],[-35.771268,-5.894694],[-35.771632,-5.89501],[-35.771681,-5.895667],[-35.771909,-5.896133],[-35.77356,-5.896125],[-35.773836,-5.896365],[-35.773976,-5.896846],[-35.774335,-5.89701],[-35.774488,-5.896948],[-35.774558,-5.89643],[-35.774764,-5.896222],[-35.775266,-5.896157],[-35.775584,-5.896548],[-35.775801,-5.896484],[-35.775795,-5.896132],[-35.775519,-5.895901],[-35.77533,-5.895409],[-35.773387,-5.893839],[-35.773317,-5.893415],[-35.773502,-5.892972],[-35.774231,-5.892833],[-35.775369,-5.892997],[-35.775572,-5.892962],[-35.775897,-5.8925],[-35.776605,-5.892465],[-35.77702,-5.89295],[-35.777454,-5.892959],[-35.777755,-5.893618],[-35.777777,-5.893944],[-35.778018,-5.893912],[-35.778461,-5.894101],[-35.778911,-5.894803],[-35.779245,-5.894948],[-35.778983,-5.895441],[-35.780059,-5.89621],[-35.780331,-5.897013],[-35.779857,-5.897492],[-35.779829,-5.897969],[-35.780308,-5.898443],[-35.780353,-5.89994],[-35.780748,-5.899829],[-35.781183,-5.899472],[-35.781878,-5.899359],[-35.782108,-5.89888],[-35.782393,-5.898578],[-35.782679,-5.898509],[-35.782952,-5.898616],[-35.783172,-5.89897],[-35.783884,-5.899294],[-35.784347,-5.900132],[-35.785302,-5.90098],[-35.785872,-5.901223],[-35.786638,-5.901773],[-35.78739,-5.901932],[-35.78732,-5.902381],[-35.786448,-5.902666],[-35.78602,-5.903237],[-35.785075,-5.903631],[-35.783852,-5.904721],[-35.783257,-5.904992],[-35.783203,-5.905194],[-35.783429,-5.905262],[-35.784812,-5.904962],[-35.784842,-5.905524],[-35.785214,-5.905879],[-35.785968,-5.905861],[-35.786118,-5.905668],[-35.786033,-5.90512],[-35.785539,-5.904985],[-35.785564,-5.904601],[-35.786972,-5.903716],[-35.787247,-5.903824],[-35.787291,-5.904332],[-35.787867,-5.904343],[-35.787989,-5.904177],[-35.788414,-5.904093],[-35.789068,-5.903266],[-35.789629,-5.903071],[-35.790288,-5.903178],[-35.792117,-5.904157],[-35.792487,-5.904212],[-35.792484,-5.903739],[-35.792359,-5.903616],[-35.791935,-5.90322],[-35.791288,-5.90295],[-35.791038,-5.902653],[-35.790689,-5.902505],[-35.790438,-5.902084],[-35.790285,-5.901289],[-35.790465,-5.901218],[-35.790699,-5.901425],[-35.79125,-5.90141],[-35.79196,-5.901038],[-35.79216,-5.900767],[-35.792296,-5.900407],[-35.792278,-5.899661],[-35.793144,-5.898772],[-35.793325,-5.897888],[-35.793776,-5.897698],[-35.794133,-5.897352],[-35.794754,-5.896678],[-35.794924,-5.896302],[-35.794985,-5.896067],[-35.79486,-5.895974],[-35.79411,-5.895947],[-35.794124,-5.895463],[-35.794684,-5.8946],[-35.795829,-5.893716],[-35.796175,-5.89364],[-35.796423,-5.893973],[-35.796584,-5.893972],[-35.797398,-5.893708],[-35.797782,-5.893879],[-35.798181,-5.894644],[-35.79822,-5.894953],[-35.797815,-5.895573],[-35.797838,-5.896786],[-35.798093,-5.897646],[-35.797799,-5.898274],[-35.797503,-5.898573],[-35.79752,-5.898855],[-35.797646,-5.898964],[-35.798083,-5.898852],[-35.79835,-5.898992],[-35.798368,-5.899446],[-35.798058,-5.899948],[-35.798372,-5.900244],[-35.798456,-5.900745],[-35.79862,-5.900842],[-35.798819,-5.900741],[-35.799629,-5.898991],[-35.799858,-5.89892],[-35.800089,-5.899201],[-35.800883,-5.899356],[-35.802637,-5.9009],[-35.80278,-5.901358],[-35.802447,-5.901677],[-35.802452,-5.902886],[-35.801982,-5.903712],[-35.802081,-5.903894],[-35.80237,-5.903926],[-35.803068,-5.904374],[-35.80328,-5.90487],[-35.803254,-5.906352],[-35.803378,-5.906683],[-35.804076,-5.907056],[-35.805121,-5.907919],[-35.805495,-5.908125],[-35.806027,-5.908088],[-35.806272,-5.907471],[-35.806166,-5.907064],[-35.805417,-5.906435],[-35.805101,-5.906252],[-35.804673,-5.906237],[-35.804766,-5.905953],[-35.805067,-5.905863],[-35.8051,-5.905454],[-35.804656,-5.905244],[-35.804459,-5.904908],[-35.804065,-5.904041],[-35.804027,-5.903438],[-35.804102,-5.902561],[-35.804635,-5.901927],[-35.805171,-5.901877],[-35.805788,-5.9023],[-35.807176,-5.902449],[-35.807683,-5.902952],[-35.808273,-5.90309],[-35.808776,-5.902652],[-35.809997,-5.902478],[-35.810419,-5.902543],[-35.810524,-5.903454],[-35.810747,-5.903663],[-35.811145,-5.903406],[-35.811375,-5.902594],[-35.811784,-5.902291],[-35.812195,-5.902334],[-35.812728,-5.902845],[-35.81348,-5.903155],[-35.813767,-5.902965],[-35.813741,-5.902665],[-35.813915,-5.902551],[-35.815216,-5.902357],[-35.815592,-5.902443],[-35.816258,-5.903128],[-35.816746,-5.903075],[-35.81692,-5.902874],[-35.817233,-5.90281],[-35.817796,-5.902832],[-35.818311,-5.903055],[-35.818351,-5.903543],[-35.818814,-5.903553],[-35.820041,-5.905708],[-35.819578,-5.906176],[-35.819767,-5.906393],[-35.820529,-5.906372],[-35.821087,-5.909463],[-35.822088,-5.910597],[-35.822458,-5.910853],[-35.824134,-5.911411],[-35.825167,-5.911393],[-35.82692,-5.910189],[-35.826982,-5.909983],[-35.826777,-5.909789],[-35.825363,-5.910374],[-35.824842,-5.910825],[-35.824194,-5.910779],[-35.82302,-5.910411],[-35.821909,-5.909342],[-35.821697,-5.908851],[-35.821604,-5.907789],[-35.821682,-5.907222],[-35.822594,-5.907643],[-35.82294,-5.908046],[-35.823405,-5.908023],[-35.823524,-5.907456],[-35.823441,-5.907132],[-35.822649,-5.906549],[-35.822091,-5.905999],[-35.821976,-5.905708],[-35.822013,-5.90531],[-35.822291,-5.904787],[-35.82292,-5.904091],[-35.82343,-5.903767],[-35.823356,-5.903015],[-35.823184,-5.902735],[-35.822953,-5.902635],[-35.822492,-5.902768],[-35.821972,-5.903233],[-35.821834,-5.903595],[-35.821423,-5.903647],[-35.821118,-5.903358],[-35.820769,-5.90207],[-35.820217,-5.901797],[-35.81994,-5.901363],[-35.818748,-5.901094],[-35.817415,-5.900436],[-35.816017,-5.900306],[-35.815535,-5.900102],[-35.815143,-5.899645],[-35.814525,-5.899625],[-35.813109,-5.899236],[-35.812748,-5.899366],[-35.810709,-5.899454],[-35.810271,-5.899663],[-35.808414,-5.899931],[-35.807665,-5.899935],[-35.807148,-5.899782],[-35.806785,-5.8995],[-35.806598,-5.899266],[-35.80698,-5.89887],[-35.806898,-5.898669],[-35.806725,-5.898428],[-35.80621,-5.898269],[-35.805829,-5.898644],[-35.805781,-5.899078],[-35.80562,-5.89919],[-35.804631,-5.899114],[-35.804569,-5.898812],[-35.80484,-5.898467],[-35.803449,-5.898002],[-35.802972,-5.897618],[-35.802851,-5.897143],[-35.802877,-5.896371],[-35.802638,-5.896223],[-35.802045,-5.896315],[-35.801866,-5.896049],[-35.801685,-5.895545],[-35.802008,-5.894919],[-35.801919,-5.894801],[-35.801415,-5.894893],[-35.800996,-5.89439],[-35.800402,-5.894214],[-35.799762,-5.892865],[-35.799921,-5.892336],[-35.800212,-5.891953],[-35.800898,-5.891554],[-35.801908,-5.891344],[-35.802128,-5.891416],[-35.802815,-5.890929],[-35.803562,-5.891013],[-35.803753,-5.891159],[-35.804826,-5.89244],[-35.804688,-5.892803],[-35.804747,-5.892984],[-35.805101,-5.89304],[-35.805421,-5.892812],[-35.806085,-5.893257],[-35.806725,-5.893339],[-35.806831,-5.893147],[-35.806167,-5.892702],[-35.806076,-5.891613],[-35.805903,-5.891038],[-35.80567,-5.89076],[-35.805568,-5.889715],[-35.805392,-5.889025],[-35.805131,-5.888595],[-35.805084,-5.887775],[-35.80549,-5.887135],[-35.806378,-5.886225],[-35.807228,-5.88588],[-35.808042,-5.885296],[-35.8093,-5.884813],[-35.809608,-5.885186],[-35.810017,-5.885252],[-35.810595,-5.884977],[-35.810623,-5.88475],[-35.809642,-5.884182],[-35.809104,-5.88405],[-35.807423,-5.884059],[-35.805409,-5.884657],[-35.804739,-5.885081],[-35.803605,-5.88684],[-35.802149,-5.888182],[-35.800043,-5.888623],[-35.799864,-5.887934],[-35.799089,-5.887407],[-35.79856,-5.887796],[-35.798918,-5.888062],[-35.79892,-5.888419],[-35.798637,-5.888944],[-35.797785,-5.889854],[-35.797538,-5.889871],[-35.796336,-5.889184],[-35.795843,-5.889257],[-35.795772,-5.889719],[-35.796338,-5.890148],[-35.796396,-5.890543],[-35.796153,-5.890864],[-35.795609,-5.89098],[-35.794931,-5.890757],[-35.794678,-5.891248],[-35.79468,-5.891753],[-35.794363,-5.892075],[-35.792902,-5.892668],[-35.792659,-5.892647],[-35.79225,-5.892281],[-35.791921,-5.892178],[-35.791446,-5.893111],[-35.790404,-5.893082],[-35.790136,-5.893252],[-35.78997,-5.893656],[-35.790777,-5.893821],[-35.791198,-5.894099],[-35.791241,-5.894467],[-35.791063,-5.894886],[-35.790438,-5.895522],[-35.790086,-5.896374],[-35.789977,-5.896812],[-35.79012,-5.897061],[-35.789975,-5.897548],[-35.789995,-5.898773],[-35.788845,-5.899435],[-35.78801,-5.899454],[-35.787303,-5.899128],[-35.788011,-5.898358],[-35.787828,-5.89774],[-35.785769,-5.896529],[-35.785697,-5.896223],[-35.785885,-5.896057],[-35.786756,-5.895982],[-35.786826,-5.895793],[-35.786656,-5.89478],[-35.786113,-5.894618],[-35.785947,-5.894406],[-35.785775,-5.892898],[-35.785515,-5.892758],[-35.785091,-5.89276],[-35.784693,-5.893328],[-35.784671,-5.893706],[-35.784531,-5.893895],[-35.784224,-5.893873],[-35.783953,-5.893807],[-35.783409,-5.892697],[-35.783354,-5.892393],[-35.785039,-5.892205],[-35.78527,-5.891934],[-35.785321,-5.891342],[-35.786738,-5.891281],[-35.786988,-5.891226],[-35.787059,-5.890992],[-35.786013,-5.889813],[-35.785259,-5.889709],[-35.784756,-5.889389],[-35.784057,-5.889536],[-35.783344,-5.890419],[-35.782412,-5.890459],[-35.781581,-5.889171],[-35.78129,-5.888437],[-35.781227,-5.887615],[-35.780966,-5.887271],[-35.781598,-5.887095],[-35.782143,-5.886689],[-35.782313,-5.886314],[-35.782281,-5.885537],[-35.782049,-5.885222],[-35.781588,-5.88508],[-35.780926,-5.885083],[-35.780583,-5.885344],[-35.780323,-5.885288],[-35.78015,-5.885087],[-35.780522,-5.884625],[-35.78052,-5.884222],[-35.780142,-5.88359],[-35.779965,-5.882613],[-35.779676,-5.882412],[-35.77913,-5.882444],[-35.778962,-5.883395],[-35.779023,-5.884143],[-35.777931,-5.884177],[-35.777415,-5.884525],[-35.776785,-5.88461],[-35.776698,-5.884989],[-35.777046,-5.88565],[-35.777021,-5.886398]]],[[[-35.850369,-5.877328],[-35.851465,-5.87746],[-35.851281,-5.876196],[-35.85018,-5.876261],[-35.848167,-5.875918],[-35.846882,-5.875875],[-35.846325,-5.875533],[-35.845383,-5.875533],[-35.844396,-5.876486],[-35.844413,-5.877389],[-35.846496,-5.87806],[-35.84731,-5.87806],[-35.848638,-5.878445],[-35.848724,-5.878017],[-35.849865,-5.87796],[-35.850369,-5.877328]]],[[[-35.729773,-5.865388],[-35.730751,-5.866186],[-35.731072,-5.865889],[-35.731191,-5.86558],[-35.731001,-5.865092],[-35.73078,-5.864921],[-35.730136,-5.865052],[-35.729773,-5.865388]]],[[[-35.780548,-5.864001],[-35.779365,-5.864169],[-35.779141,-5.864332],[-35.779147,-5.865593],[-35.779405,-5.865877],[-35.779771,-5.865806],[-35.780904,-5.865228],[-35.781226,-5.864859],[-35.782002,-5.864449],[-35.783617,-5.864447],[-35.785264,-5.864764],[-35.78552,-5.864709],[-35.784823,-5.86393],[-35.783363,-5.8634],[-35.781356,-5.863535],[-35.780548,-5.864001]]],[[[-35.855785,-5.860572],[-35.855999,-5.860405],[-35.855785,-5.860144],[-35.855363,-5.860132],[-35.855392,-5.860606],[-35.855785,-5.860572]]],[[[-35.72906,-5.85568],[-35.730218,-5.855508],[-35.730246,-5.855291],[-35.729336,-5.855282],[-35.727975,-5.855569],[-35.727776,-5.855436],[-35.727644,-5.854961],[-35.727798,-5.852914],[-35.728363,-5.852184],[-35.729392,-5.851531],[-35.729591,-5.851199],[-35.729431,-5.850887],[-35.728318,-5.851652],[-35.72693,-5.853226],[-35.72686,-5.853631],[-35.727113,-5.853868],[-35.727156,-5.854225],[-35.725914,-5.854868],[-35.72572,-5.855585],[-35.72717,-5.856367],[-35.72802,-5.856565],[-35.72906,-5.85568]]],[[[-35.84189,-5.849991],[-35.842047,-5.85063],[-35.842579,-5.85068],[-35.844364,-5.849507],[-35.844922,-5.848861],[-35.844682,-5.848707],[-35.843907,-5.848716],[-35.84379,-5.848223],[-35.843501,-5.848104],[-35.843269,-5.848697],[-35.843013,-5.848965],[-35.842049,-5.849348],[-35.84189,-5.849991]]],[[[-35.857104,-5.846431],[-35.857122,-5.846024],[-35.856852,-5.845777],[-35.855776,-5.845841],[-35.855548,-5.845967],[-35.854709,-5.847365],[-35.855366,-5.847493],[-35.855708,-5.847722],[-35.856586,-5.847438],[-35.856563,-5.846925],[-35.857104,-5.846431]]],[[[-35.772616,-5.818202],[-35.772224,-5.817365],[-35.772036,-5.817264],[-35.772021,-5.817019],[-35.771325,-5.816471],[-35.771188,-5.816519],[-35.771093,-5.81738],[-35.771369,-5.817293],[-35.771717,-5.817423],[-35.772471,-5.818317],[-35.772616,-5.818202]]],[[[-35.720824,-5.815476],[-35.720456,-5.815641],[-35.720086,-5.816079],[-35.71972,-5.818104],[-35.719987,-5.81864],[-35.720943,-5.819301],[-35.72147,-5.820121],[-35.721734,-5.8209],[-35.721856,-5.820955],[-35.722079,-5.820761],[-35.722467,-5.819837],[-35.72267,-5.818927],[-35.723204,-5.818394],[-35.723531,-5.81827],[-35.723844,-5.818316],[-35.724832,-5.819086],[-35.725675,-5.81871],[-35.726755,-5.818715],[-35.726947,-5.818385],[-35.726976,-5.817849],[-35.72746,-5.819252],[-35.727933,-5.819851],[-35.728744,-5.820049],[-35.728982,-5.820961],[-35.729237,-5.821218],[-35.72957,-5.821221],[-35.730057,-5.82093],[-35.731073,-5.820697],[-35.730912,-5.820204],[-35.730943,-5.819512],[-35.730689,-5.819014],[-35.731554,-5.817846],[-35.731693,-5.817496],[-35.731592,-5.817238],[-35.731045,-5.817328],[-35.730251,-5.818428],[-35.729706,-5.818593],[-35.729361,-5.818428],[-35.728903,-5.817809],[-35.727999,-5.817365],[-35.727101,-5.816653],[-35.72604,-5.816586],[-35.726035,-5.81623],[-35.72563,-5.816135],[-35.725293,-5.8164],[-35.723637,-5.815771],[-35.723631,-5.815516],[-35.723834,-5.815215],[-35.724201,-5.814908],[-35.724839,-5.814679],[-35.725467,-5.81372],[-35.72572,-5.812956],[-35.725474,-5.812953],[-35.723694,-5.8141],[-35.723047,-5.814251],[-35.72289,-5.814375],[-35.722936,-5.81502],[-35.722529,-5.815354],[-35.721856,-5.8156],[-35.720824,-5.815476]],[[-35.722575,-5.815331],[-35.722397,-5.815443],[-35.722529,-5.815354],[-35.722575,-5.815331]]],[[[-35.73996,-5.811579],[-35.739304,-5.814697],[-35.738662,-5.815671],[-35.738633,-5.816146],[-35.738775,-5.816531],[-35.73912,-5.816633],[-35.739804,-5.81628],[-35.740198,-5.816222],[-35.741423,-5.816853],[-35.74255,-5.817074],[-35.743834,-5.81767],[-35.744317,-5.81767],[-35.743043,-5.816312],[-35.741951,-5.816056],[-35.741264,-5.815665],[-35.740873,-5.814978],[-35.740415,-5.813037],[-35.74043,-5.812457],[-35.740665,-5.812046],[-35.741154,-5.811867],[-35.742599,-5.811701],[-35.742888,-5.811576],[-35.742923,-5.811411],[-35.74129,-5.811055],[-35.739905,-5.811157],[-35.73996,-5.811579]]],[[[-35.837111,-5.813997],[-35.837036,-5.813707],[-35.836144,-5.812977],[-35.836055,-5.812615],[-35.836379,-5.81172],[-35.836405,-5.810436],[-35.836588,-5.809425],[-35.83801,-5.807636],[-35.837937,-5.807347],[-35.837446,-5.807199],[-35.837338,-5.807196],[-35.836585,-5.808329],[-35.835935,-5.809027],[-35.835127,-5.810389],[-35.834408,-5.812081],[-35.834134,-5.813125],[-35.834476,-5.814101],[-35.835026,-5.814622],[-35.83562,-5.814635],[-35.837111,-5.813997]]],[[[-35.709298,-5.807448],[-35.710091,-5.806147],[-35.711127,-5.805726],[-35.711877,-5.80504],[-35.713347,-5.804297],[-35.713634,-5.80384],[-35.713649,-5.803424],[-35.713222,-5.803437],[-35.712684,-5.803928],[-35.71194,-5.804],[-35.711199,-5.804624],[-35.710042,-5.80474],[-35.709616,-5.804936],[-35.709303,-5.805765],[-35.708424,-5.80639],[-35.708069,-5.806957],[-35.70778,-5.807055],[-35.707558,-5.807523],[-35.706769,-5.80795],[-35.706459,-5.808622],[-35.706446,-5.808987],[-35.70768,-5.809167],[-35.707982,-5.808889],[-35.708474,-5.808031],[-35.709298,-5.807448]]],[[[-35.768155,-5.80586],[-35.770531,-5.805371],[-35.77133,-5.805032],[-35.771643,-5.805165],[-35.773104,-5.806393],[-35.773753,-5.806614],[-35.775721,-5.805996],[-35.776505,-5.805287],[-35.776436,-5.805078],[-35.776677,-5.804639],[-35.776641,-5.804537],[-35.776401,-5.80454],[-35.775228,-5.805226],[-35.774081,-5.805388],[-35.773658,-5.805301],[-35.772629,-5.804713],[-35.771202,-5.80423],[-35.770302,-5.804218],[-35.769824,-5.804432],[-35.769181,-5.804119],[-35.768706,-5.804073],[-35.767497,-5.804991],[-35.767718,-5.805579],[-35.768155,-5.80586]]],[[[-35.863603,-5.80198],[-35.864219,-5.802825],[-35.864552,-5.802852],[-35.864737,-5.80246],[-35.864441,-5.801781],[-35.864489,-5.80149],[-35.864985,-5.801407],[-35.865991,-5.801748],[-35.866303,-5.801712],[-35.866694,-5.80149],[-35.86683,-5.8009],[-35.866621,-5.800693],[-35.865859,-5.800628],[-35.864977,-5.799823],[-35.864095,-5.799895],[-35.863859,-5.799563],[-35.861767,-5.799551],[-35.861752,-5.800358],[-35.862048,-5.800958],[-35.862611,-5.801457],[-35.863603,-5.80198]]],[[[-35.752495,-5.787245],[-35.752079,-5.786691],[-35.750329,-5.785793],[-35.748219,-5.785931],[-35.747912,-5.786318],[-35.748942,-5.787676],[-35.749531,-5.788086],[-35.750071,-5.788274],[-35.752134,-5.788121],[-35.752443,-5.787909],[-35.752548,-5.787678],[-35.752495,-5.787245]]],[[[-35.761019,-5.787703],[-35.761153,-5.787842],[-35.761592,-5.787828],[-35.762131,-5.788239],[-35.762354,-5.788259],[-35.762656,-5.786773],[-35.762876,-5.786455],[-35.76338,-5.786157],[-35.763925,-5.786217],[-35.764146,-5.786793],[-35.764372,-5.787013],[-35.765481,-5.78637],[-35.765928,-5.78637],[-35.766652,-5.786689],[-35.766787,-5.786674],[-35.766839,-5.786379],[-35.766568,-5.785739],[-35.765236,-5.784631],[-35.764609,-5.783641],[-35.764012,-5.7834],[-35.763279,-5.783354],[-35.762526,-5.784756],[-35.761019,-5.786121],[-35.761241,-5.786915],[-35.761019,-5.787703]]],[[[-35.852923,-5.783382],[-35.853324,-5.783464],[-35.853382,-5.782984],[-35.854199,-5.782613],[-35.854405,-5.782071],[-35.853368,-5.781202],[-35.852719,-5.78041],[-35.852136,-5.780181],[-35.851207,-5.781588],[-35.850519,-5.782321],[-35.850415,-5.782633],[-35.850459,-5.782743],[-35.851211,-5.782322],[-35.852226,-5.782483],[-35.852428,-5.782551],[-35.852923,-5.783382]]],[[[-35.689424,-5.78145],[-35.688504,-5.78099],[-35.688077,-5.780061],[-35.687838,-5.779822],[-35.686411,-5.780364],[-35.687205,-5.781428],[-35.687818,-5.781672],[-35.688262,-5.782191],[-35.689036,-5.782308],[-35.689688,-5.782201],[-35.689844,-5.781997],[-35.689804,-5.781782],[-35.689424,-5.78145]]],[[[-35.804148,-5.77921],[-35.803074,-5.777654],[-35.802452,-5.777263],[-35.802222,-5.777158],[-35.801579,-5.777833],[-35.801632,-5.778295],[-35.802851,-5.78018],[-35.803286,-5.77981],[-35.803978,-5.77948],[-35.804148,-5.77921]]],[[[-35.829349,-5.767135],[-35.828781,-5.7669],[-35.827902,-5.76626],[-35.826929,-5.766694],[-35.826659,-5.766964],[-35.826118,-5.768309],[-35.825895,-5.770316],[-35.826326,-5.77178],[-35.826271,-5.773252],[-35.826529,-5.773559],[-35.827268,-5.773768],[-35.827613,-5.773994],[-35.8283,-5.774927],[-35.8292,-5.775643],[-35.829424,-5.776136],[-35.829337,-5.776883],[-35.829456,-5.777274],[-35.83082,-5.778066],[-35.831241,-5.778448],[-35.831412,-5.779607],[-35.832067,-5.779813],[-35.832925,-5.780543],[-35.833939,-5.780876],[-35.835304,-5.782205],[-35.835755,-5.782435],[-35.835877,-5.782379],[-35.835923,-5.78209],[-35.835454,-5.780708],[-35.834843,-5.780242],[-35.833831,-5.779097],[-35.832864,-5.77737],[-35.831609,-5.776199],[-35.830754,-5.774628],[-35.830433,-5.773609],[-35.83045,-5.773174],[-35.830716,-5.772908],[-35.83118,-5.772862],[-35.832131,-5.773266],[-35.833419,-5.773565],[-35.835399,-5.774834],[-35.83613,-5.775735],[-35.836515,-5.775946],[-35.837207,-5.775904],[-35.838361,-5.775385],[-35.839797,-5.774981],[-35.840024,-5.774654],[-35.840079,-5.774089],[-35.840021,-5.773493],[-35.839751,-5.77318],[-35.838453,-5.772936],[-35.837135,-5.773107],[-35.836431,-5.772997],[-35.836092,-5.77269],[-35.835338,-5.771389],[-35.8349,-5.771244],[-35.832858,-5.771177],[-35.832502,-5.770994],[-35.8323,-5.770418],[-35.832502,-5.769842],[-35.832858,-5.769659],[-35.833872,-5.769624],[-35.835237,-5.769876],[-35.836734,-5.769762],[-35.838189,-5.768523],[-35.839142,-5.768133],[-35.839297,-5.767993],[-35.839409,-5.76753],[-35.839401,-5.766412],[-35.839242,-5.765677],[-35.839059,-5.765451],[-35.837393,-5.764854],[-35.836271,-5.765527],[-35.835926,-5.766259],[-35.835653,-5.766526],[-35.834611,-5.766627],[-35.834084,-5.766494],[-35.833481,-5.765704],[-35.832991,-5.765435],[-35.832675,-5.765565],[-35.832165,-5.766239],[-35.831832,-5.766244],[-35.830061,-5.76467],[-35.829894,-5.764838],[-35.829862,-5.765286],[-35.830217,-5.766841],[-35.829991,-5.767067],[-35.829349,-5.767135]]],[[[-35.784671,-5.77025],[-35.784465,-5.771423],[-35.785195,-5.772218],[-35.785617,-5.773382],[-35.784674,-5.776176],[-35.784633,-5.776552],[-35.784784,-5.776703],[-35.785916,-5.775269],[-35.786491,-5.775066],[-35.78719,-5.775103],[-35.787402,-5.774892],[-35.787414,-5.77455],[-35.787145,-5.773863],[-35.787279,-5.77205],[-35.787765,-5.77065],[-35.788122,-5.770467],[-35.78984,-5.770299],[-35.790222,-5.769879],[-35.790332,-5.769413],[-35.789924,-5.769134],[-35.788701,-5.769322],[-35.786992,-5.769074],[-35.785181,-5.769236],[-35.784952,-5.76946],[-35.784671,-5.77025]]],[[[-35.728436,-5.766702],[-35.727758,-5.765304],[-35.727055,-5.76537],[-35.726275,-5.765732],[-35.725931,-5.766269],[-35.726069,-5.766823],[-35.726335,-5.76703],[-35.727062,-5.767263],[-35.728119,-5.767142],[-35.728436,-5.766702]]],[[[-35.753287,-5.766602],[-35.754267,-5.767778],[-35.755333,-5.768569],[-35.755602,-5.768636],[-35.756254,-5.768315],[-35.756686,-5.768329],[-35.756956,-5.768592],[-35.757139,-5.769128],[-35.757431,-5.769139],[-35.7579,-5.768856],[-35.758141,-5.766962],[-35.758784,-5.765478],[-35.758772,-5.765136],[-35.758431,-5.764925],[-35.757724,-5.765465],[-35.75705,-5.765741],[-35.756925,-5.765617],[-35.757075,-5.765148],[-35.756788,-5.765105],[-35.756493,-5.765313],[-35.755939,-5.766061],[-35.755727,-5.766093],[-35.755115,-5.765313],[-35.753603,-5.764669],[-35.752778,-5.764147],[-35.751954,-5.762545],[-35.751494,-5.761945],[-35.751088,-5.761794],[-35.750717,-5.762501],[-35.749889,-5.763559],[-35.749773,-5.763953],[-35.749857,-5.764373],[-35.750396,-5.765451],[-35.750654,-5.765732],[-35.751404,-5.76606],[-35.752792,-5.766289],[-35.753287,-5.766602]]],[[[-35.729545,-5.759514],[-35.729337,-5.759345],[-35.728566,-5.759212],[-35.727755,-5.75944],[-35.727279,-5.759886],[-35.72733,-5.760889],[-35.727561,-5.761142],[-35.727993,-5.761234],[-35.728501,-5.761212],[-35.729248,-5.760955],[-35.729513,-5.760756],[-35.729717,-5.760172],[-35.729545,-5.759514]]],[[[-35.695788,-5.760633],[-35.696114,-5.760864],[-35.697305,-5.76064],[-35.697491,-5.760482],[-35.697108,-5.759386],[-35.697136,-5.759075],[-35.697526,-5.758728],[-35.697374,-5.758255],[-35.696884,-5.758212],[-35.696287,-5.758637],[-35.69544,-5.758017],[-35.695002,-5.758017],[-35.694879,-5.758198],[-35.694888,-5.758759],[-35.695788,-5.760633]]],[[[-35.691342,-5.758496],[-35.690716,-5.758366],[-35.689975,-5.758629],[-35.689616,-5.758898],[-35.689255,-5.759421],[-35.689182,-5.759775],[-35.689276,-5.760024],[-35.689876,-5.760343],[-35.690452,-5.760398],[-35.691346,-5.760074],[-35.691854,-5.759253],[-35.691823,-5.758964],[-35.691342,-5.758496]]],[[[-35.790625,-5.751259],[-35.789205,-5.752169],[-35.788275,-5.752528],[-35.787373,-5.752681],[-35.786397,-5.752622],[-35.786125,-5.754272],[-35.786478,-5.755443],[-35.788144,-5.755927],[-35.789985,-5.755629],[-35.791789,-5.754852],[-35.792506,-5.754079],[-35.792897,-5.753896],[-35.793702,-5.754148],[-35.794748,-5.75482],[-35.795846,-5.755005],[-35.79689,-5.754192],[-35.7974,-5.753624],[-35.798761,-5.753096],[-35.798966,-5.752769],[-35.798911,-5.752436],[-35.798523,-5.752366],[-35.797072,-5.752757],[-35.796121,-5.753411],[-35.795658,-5.753458],[-35.795128,-5.753333],[-35.794742,-5.753113],[-35.793627,-5.752067],[-35.792937,-5.750338],[-35.792714,-5.750141],[-35.792506,-5.750288],[-35.79207,-5.751258],[-35.791789,-5.75151],[-35.791401,-5.751568],[-35.790625,-5.751259]]],[[[-35.734942,-5.748079],[-35.734713,-5.747767],[-35.734295,-5.747685],[-35.733248,-5.748804],[-35.733168,-5.749057],[-35.733383,-5.749384],[-35.73401,-5.749552],[-35.734226,-5.750078],[-35.734583,-5.750234],[-35.735337,-5.750173],[-35.735649,-5.750029],[-35.736382,-5.749209],[-35.736673,-5.74854],[-35.736554,-5.747682],[-35.735749,-5.746949],[-35.735859,-5.746221],[-35.73573,-5.746037],[-35.735332,-5.746224],[-35.735022,-5.746881],[-35.736293,-5.747716],[-35.736352,-5.748172],[-35.736171,-5.748872],[-35.735503,-5.749288],[-35.735076,-5.749233],[-35.734817,-5.748721],[-35.734942,-5.748079]]],[[[-35.7113,-5.747121],[-35.710979,-5.745925],[-35.709913,-5.744933],[-35.710125,-5.744391],[-35.710151,-5.743757],[-35.710863,-5.743157],[-35.710999,-5.742841],[-35.710709,-5.741613],[-35.710234,-5.741007],[-35.709918,-5.740257],[-35.709797,-5.740457],[-35.709797,-5.741065],[-35.710017,-5.741766],[-35.709732,-5.742289],[-35.708453,-5.743436],[-35.707711,-5.743766],[-35.707488,-5.743995],[-35.707574,-5.744988],[-35.707488,-5.745736],[-35.709794,-5.747888],[-35.710979,-5.747578],[-35.7113,-5.747121]]],[[[-35.804733,-5.734613],[-35.805003,-5.735333],[-35.805217,-5.735545],[-35.805583,-5.735574],[-35.806446,-5.735109],[-35.806866,-5.73451],[-35.805578,-5.734072],[-35.804791,-5.733541],[-35.804733,-5.734613]]],[[[-35.73269,-5.723897],[-35.732273,-5.724099],[-35.731138,-5.72333],[-35.73087,-5.723445],[-35.731084,-5.724159],[-35.731017,-5.725073],[-35.731767,-5.725191],[-35.732452,-5.725039],[-35.732769,-5.724599],[-35.73269,-5.723897]]],[[[-35.639829,-6.063748],[-35.639789,-6.063331],[-35.63949,-6.06313],[-35.638163,-6.063213],[-35.637319,-6.063522],[-35.636686,-6.064223],[-35.636482,-6.064758],[-35.636553,-6.065485],[-35.636874,-6.065678],[-35.637424,-6.065761],[-35.638321,-6.06567],[-35.638997,-6.065203],[-35.639829,-6.063748]]],[[[-35.626628,-6.061336],[-35.627259,-6.061589],[-35.627953,-6.061589],[-35.629279,-6.061147],[-35.629405,-6.060074],[-35.628711,-6.05919],[-35.627196,-6.058811],[-35.62606,-6.058811],[-35.625365,-6.059569],[-35.625807,-6.060579],[-35.626628,-6.061336]]],[[[-35.667442,-6.044121],[-35.667581,-6.043451],[-35.667436,-6.042974],[-35.666886,-6.042854],[-35.665746,-6.042956],[-35.665465,-6.043334],[-35.664774,-6.044914],[-35.663454,-6.045494],[-35.66336,-6.045685],[-35.663505,-6.046178],[-35.663888,-6.046383],[-35.664365,-6.046449],[-35.665987,-6.046091],[-35.666653,-6.045605],[-35.667442,-6.044121]]],[[[-35.577176,-6.023182],[-35.577475,-6.023653],[-35.57853,-6.024175],[-35.579836,-6.023588],[-35.58059,-6.023044],[-35.581319,-6.023041],[-35.581523,-6.023364],[-35.581744,-6.024579],[-35.58199,-6.025118],[-35.58258,-6.025722],[-35.582868,-6.025357],[-35.582907,-6.025086],[-35.582563,-6.023697],[-35.582399,-6.023225],[-35.582114,-6.022902],[-35.581841,-6.021437],[-35.581226,-6.021546],[-35.58106,-6.022528],[-35.577659,-6.022558],[-35.577201,-6.022763],[-35.577176,-6.023182]]],[[[-35.645187,-6.021304],[-35.644236,-6.020564],[-35.643528,-6.020574],[-35.643219,-6.020685],[-35.642875,-6.021054],[-35.642769,-6.021413],[-35.642882,-6.022119],[-35.643185,-6.022564],[-35.64375,-6.022844],[-35.644969,-6.022814],[-35.645454,-6.022364],[-35.645435,-6.021805],[-35.645187,-6.021304]]],[[[-35.537,-6.011004],[-35.537125,-6.010751],[-35.536903,-6.010643],[-35.536794,-6.010647],[-35.536724,-6.010871],[-35.536408,-6.010963],[-35.536243,-6.010738],[-35.535993,-6.010912],[-35.536382,-6.011532],[-35.537,-6.011004]]],[[[-35.537886,-6.004959],[-35.537975,-6.005112],[-35.537628,-6.005369],[-35.537813,-6.005672],[-35.538275,-6.005435],[-35.538384,-6.005039],[-35.538729,-6.004961],[-35.539205,-6.004549],[-35.539443,-6.004547],[-35.539514,-6.00438],[-35.53963,-6.004519],[-35.539904,-6.004526],[-35.539839,-6.004286],[-35.53964,-6.004402],[-35.539359,-6.003968],[-35.539122,-6.004167],[-35.538731,-6.004165],[-35.538556,-6.004453],[-35.537886,-6.004959]]],[[[-35.580168,-5.997819],[-35.580411,-5.99883],[-35.580964,-5.999355],[-35.581506,-6.000161],[-35.581825,-6.000381],[-35.583737,-6.000685],[-35.585427,-6.00012],[-35.586644,-6.000399],[-35.58842,-6.001224],[-35.590081,-6.00112],[-35.591776,-6.001479],[-35.594091,-6.002937],[-35.594572,-6.003537],[-35.59499,-6.004651],[-35.595114,-6.004735],[-35.595323,-6.004541],[-35.595335,-6.003311],[-35.594735,-6.002386],[-35.594601,-6.001859],[-35.593509,-6.001093],[-35.592575,-6.000141],[-35.591307,-5.999523],[-35.589574,-5.9991],[-35.588797,-5.99826],[-35.587615,-5.998094],[-35.585896,-5.99748],[-35.584604,-5.997362],[-35.584169,-5.997437],[-35.583054,-5.997975],[-35.58268,-5.997666],[-35.582557,-5.996968],[-35.582372,-5.996701],[-35.581089,-5.996542],[-35.580626,-5.996571],[-35.58031,-5.996747],[-35.580168,-5.997819]]],[[[-35.566617,-5.998116],[-35.565966,-5.997931],[-35.564942,-5.998267],[-35.564368,-5.999264],[-35.564399,-6.000002],[-35.564561,-6.000268],[-35.565189,-6.000572],[-35.565714,-6.000614],[-35.566177,-6.000523],[-35.566841,-6.000054],[-35.567114,-5.999375],[-35.567118,-5.999018],[-35.566872,-5.998401],[-35.566617,-5.998116]]],[[[-35.529418,-5.999342],[-35.530967,-5.999928],[-35.531845,-5.999578],[-35.532509,-5.998664],[-35.532423,-5.997993],[-35.531981,-5.997658],[-35.531395,-5.997793],[-35.529467,-5.998989],[-35.528631,-5.998759],[-35.528361,-5.9989],[-35.528219,-5.999357],[-35.528539,-5.999569],[-35.529418,-5.999342]]],[[[-35.671286,-5.998217],[-35.671905,-5.998693],[-35.672785,-5.99855],[-35.673166,-5.998241],[-35.673213,-5.997693],[-35.673094,-5.997337],[-35.672595,-5.996956],[-35.671643,-5.997194],[-35.671381,-5.997551],[-35.671286,-5.998217]]],[[[-35.667693,-5.995457],[-35.667541,-5.99581],[-35.667713,-5.996087],[-35.667664,-5.996562],[-35.668145,-5.997313],[-35.668859,-5.997408],[-35.669287,-5.997218],[-35.669887,-5.996659],[-35.669906,-5.995266],[-35.669287,-5.994648],[-35.668906,-5.994529],[-35.667693,-5.995457]]],[[[-35.665587,-5.989994],[-35.665091,-5.989549],[-35.664659,-5.989381],[-35.663224,-5.98948],[-35.662579,-5.99007],[-35.662488,-5.990395],[-35.662568,-5.991074],[-35.662739,-5.991352],[-35.663498,-5.991827],[-35.664363,-5.992008],[-35.664841,-5.991928],[-35.665318,-5.99171],[-35.665856,-5.991228],[-35.665883,-5.990595],[-35.665587,-5.989994]]],[[[-35.674651,-5.987786],[-35.674014,-5.987001],[-35.673102,-5.986588],[-35.672295,-5.986554],[-35.672053,-5.986671],[-35.671809,-5.987197],[-35.671937,-5.988262],[-35.672683,-5.989309],[-35.673102,-5.98977],[-35.674107,-5.990151],[-35.674754,-5.989947],[-35.675013,-5.989359],[-35.674932,-5.988541],[-35.674651,-5.987786]]],[[[-35.670517,-5.967901],[-35.67016,-5.96733],[-35.669422,-5.966687],[-35.668661,-5.966568],[-35.667566,-5.967092],[-35.667233,-5.967639],[-35.667447,-5.968162],[-35.666828,-5.969114],[-35.667151,-5.970298],[-35.668431,-5.970533],[-35.669279,-5.970256],[-35.669571,-5.969781],[-35.670585,-5.969519],[-35.670731,-5.96909],[-35.670517,-5.96871],[-35.670517,-5.967901]]],[[[-35.619876,-5.955183],[-35.620297,-5.95567],[-35.62052,-5.955449],[-35.620611,-5.954688],[-35.620369,-5.954267],[-35.619617,-5.953535],[-35.619047,-5.952999],[-35.618426,-5.952631],[-35.617825,-5.952605],[-35.617301,-5.952837],[-35.617215,-5.953604],[-35.617891,-5.95465],[-35.618401,-5.954888],[-35.619464,-5.954883],[-35.619876,-5.955183]]],[[[-35.637867,-5.950072],[-35.638082,-5.949611],[-35.638128,-5.948553],[-35.637822,-5.948158],[-35.637469,-5.948104],[-35.636379,-5.949356],[-35.63573,-5.949749],[-35.634802,-5.949903],[-35.634598,-5.95009],[-35.634285,-5.950705],[-35.633749,-5.951303],[-35.633678,-5.951861],[-35.633847,-5.952435],[-35.634032,-5.952634],[-35.634593,-5.952787],[-35.635335,-5.952653],[-35.636724,-5.951568],[-35.637867,-5.950072]]],[[[-35.548618,-5.949964],[-35.548767,-5.9495],[-35.549023,-5.949131],[-35.548904,-5.948566],[-35.548428,-5.948471],[-35.548287,-5.948788],[-35.547702,-5.949363],[-35.547629,-5.949812],[-35.547801,-5.950261],[-35.547951,-5.950272],[-35.548152,-5.949918],[-35.548445,-5.949811],[-35.548618,-5.949964]]],[[[-35.548364,-5.941142],[-35.548408,-5.94152],[-35.548587,-5.941663],[-35.548352,-5.94172],[-35.548132,-5.942312],[-35.547045,-5.942353],[-35.547065,-5.94219],[-35.546602,-5.941824],[-35.546317,-5.941994],[-35.546107,-5.942473],[-35.546092,-5.943294],[-35.546434,-5.944616],[-35.546439,-5.945393],[-35.547027,-5.945478],[-35.54703,-5.945596],[-35.546807,-5.945482],[-35.546442,-5.945543],[-35.546716,-5.946204],[-35.546663,-5.946522],[-35.546761,-5.946385],[-35.547169,-5.946791],[-35.548241,-5.947056],[-35.548744,-5.946784],[-35.549508,-5.946851],[-35.549679,-5.946571],[-35.549348,-5.946301],[-35.549562,-5.945873],[-35.549502,-5.945313],[-35.549646,-5.945108],[-35.549465,-5.945021],[-35.549236,-5.944615],[-35.549414,-5.944204],[-35.549291,-5.944198],[-35.549097,-5.943572],[-35.548915,-5.943366],[-35.549545,-5.942941],[-35.54979,-5.942554],[-35.549554,-5.942181],[-35.549555,-5.941809],[-35.549375,-5.941668],[-35.549522,-5.941326],[-35.549754,-5.941383],[-35.549693,-5.941244],[-35.549804,-5.941212],[-35.549308,-5.940949],[-35.548856,-5.94094],[-35.548364,-5.941142]],[[-35.549638,-5.941228],[-35.549678,-5.941189],[-35.549693,-5.941244],[-35.549638,-5.941228]]],[[[-35.545894,-5.939363],[-35.547027,-5.940488],[-35.547214,-5.940464],[-35.547875,-5.940178],[-35.548087,-5.939735],[-35.547745,-5.938846],[-35.54864,-5.938544],[-35.548561,-5.938202],[-35.54819,-5.937661],[-35.546482,-5.936682],[-35.546107,-5.93673],[-35.545768,-5.937432],[-35.54588,-5.937972],[-35.545836,-5.938344],[-35.545675,-5.938413],[-35.545722,-5.938779],[-35.545894,-5.939363]]],[[[-35.536046,-5.931656],[-35.536293,-5.932137],[-35.536593,-5.932195],[-35.536841,-5.931972],[-35.536966,-5.931205],[-35.536892,-5.930629],[-35.536705,-5.930748],[-35.536647,-5.930549],[-35.536273,-5.931063],[-35.536195,-5.931324],[-35.536544,-5.931254],[-35.536604,-5.931371],[-35.53625,-5.931406],[-35.536046,-5.931656]]],[[[-35.543537,-5.93203],[-35.543997,-5.932071],[-35.543985,-5.93179],[-35.543043,-5.930908],[-35.542717,-5.930771],[-35.542576,-5.930476],[-35.542294,-5.930551],[-35.542104,-5.930759],[-35.542372,-5.931014],[-35.542678,-5.930949],[-35.542676,-5.93119],[-35.543537,-5.93203]]],[[[-35.53871,-5.932242],[-35.539003,-5.932662],[-35.539536,-5.932592],[-35.540584,-5.931967],[-35.54071,-5.931223],[-35.541306,-5.930495],[-35.541276,-5.930008],[-35.541094,-5.92974],[-35.541004,-5.929827],[-35.540867,-5.929662],[-35.540559,-5.929638],[-35.54029,-5.929966],[-35.540221,-5.930845],[-35.539612,-5.931256],[-35.539054,-5.932024],[-35.53871,-5.932242]]],[[[-35.539037,-5.923579],[-35.53987,-5.922804],[-35.53974,-5.922305],[-35.539994,-5.922816],[-35.539408,-5.923565],[-35.539736,-5.923822],[-35.540373,-5.923385],[-35.541242,-5.922162],[-35.541348,-5.921954],[-35.540725,-5.920944],[-35.540191,-5.920892],[-35.539126,-5.92119],[-35.538485,-5.921661],[-35.538398,-5.922062],[-35.538506,-5.922337],[-35.53972,-5.922071],[-35.53862,-5.922685],[-35.539022,-5.923065],[-35.539037,-5.923579]]],[[[-35.534306,-5.922625],[-35.534083,-5.922356],[-35.533664,-5.92227],[-35.533225,-5.921952],[-35.532386,-5.921825],[-35.531729,-5.921525],[-35.530908,-5.920808],[-35.530317,-5.919923],[-35.529755,-5.919677],[-35.529029,-5.920366],[-35.529126,-5.920569],[-35.529851,-5.920915],[-35.530127,-5.921248],[-35.5314,-5.922144],[-35.532555,-5.922591],[-35.532727,-5.923219],[-35.533426,-5.922877],[-35.534354,-5.923205],[-35.534497,-5.922591],[-35.534414,-5.922502],[-35.534306,-5.922625]]],[[[-35.530554,-5.916232],[-35.531178,-5.916779],[-35.531426,-5.916427],[-35.531373,-5.91606],[-35.530652,-5.915795],[-35.530199,-5.915809],[-35.530198,-5.915963],[-35.530062,-5.916019],[-35.530554,-5.916232]]],[[[-35.542311,-5.915792],[-35.542793,-5.915312],[-35.543004,-5.914705],[-35.542748,-5.914283],[-35.542055,-5.914327],[-35.541937,-5.914191],[-35.5416,-5.914549],[-35.541589,-5.914887],[-35.541742,-5.915231],[-35.542311,-5.915792]]],[[[-35.656245,-5.917155],[-35.656092,-5.916795],[-35.656135,-5.916349],[-35.657224,-5.913937],[-35.657311,-5.913471],[-35.656734,-5.91182],[-35.656497,-5.911606],[-35.655932,-5.911545],[-35.655126,-5.911817],[-35.655938,-5.912072],[-35.65619,-5.912622],[-35.656236,-5.913028],[-35.655909,-5.913926],[-35.655908,-5.914833],[-35.654993,-5.916067],[-35.654322,-5.916621],[-35.65488,-5.917143],[-35.65559,-5.9173],[-35.656663,-5.918049],[-35.656906,-5.918049],[-35.656871,-5.91784],[-35.656245,-5.917155]]],[[[-35.631476,-5.897758],[-35.631558,-5.897406],[-35.631648,-5.897741],[-35.631689,-5.897047],[-35.632223,-5.896352],[-35.632461,-5.895829],[-35.632396,-5.89569],[-35.631352,-5.895576],[-35.631254,-5.895682],[-35.631377,-5.895927],[-35.630687,-5.897439],[-35.631007,-5.897439],[-35.631237,-5.89788],[-35.631476,-5.897758]]],[[[-35.641256,-5.896782],[-35.640919,-5.896231],[-35.640295,-5.896239],[-35.640882,-5.896982],[-35.64119,-5.897031],[-35.641256,-5.896782]]],[[[-35.532615,-5.892768],[-35.533008,-5.892883],[-35.532797,-5.893172],[-35.532913,-5.8936],[-35.532757,-5.893757],[-35.533155,-5.894116],[-35.534022,-5.894072],[-35.534966,-5.893542],[-35.533791,-5.89299],[-35.533849,-5.892669],[-35.534285,-5.892675],[-35.534239,-5.892308],[-35.533926,-5.891769],[-35.533581,-5.891656],[-35.533333,-5.891139],[-35.532978,-5.891049],[-35.532498,-5.891266],[-35.532656,-5.891721],[-35.532386,-5.891323],[-35.53232,-5.891385],[-35.532195,-5.892494],[-35.532614,-5.892539],[-35.532615,-5.892768]]],[[[-35.655445,-5.864681],[-35.656228,-5.864549],[-35.656516,-5.863922],[-35.656231,-5.863645],[-35.655815,-5.86351],[-35.655267,-5.863878],[-35.655178,-5.864414],[-35.655445,-5.864681]]],[[[-35.643535,-5.862269],[-35.643052,-5.862323],[-35.642599,-5.862638],[-35.64229,-5.863134],[-35.642141,-5.864203],[-35.642284,-5.86461],[-35.64256,-5.864815],[-35.642972,-5.864916],[-35.643626,-5.864827],[-35.644057,-5.864632],[-35.64439,-5.864192],[-35.644439,-5.863054],[-35.64395,-5.862404],[-35.643535,-5.862269]]],[[[-35.654375,-5.862778],[-35.655157,-5.862646],[-35.655445,-5.862018],[-35.65516,-5.861741],[-35.654745,-5.861606],[-35.654196,-5.861975],[-35.654107,-5.86251],[-35.654375,-5.862778]]],[[[-35.639442,-5.860175],[-35.63896,-5.860229],[-35.638507,-5.860544],[-35.638197,-5.86104],[-35.638049,-5.862109],[-35.638192,-5.862516],[-35.638467,-5.862721],[-35.638879,-5.862822],[-35.639533,-5.862733],[-35.639964,-5.862538],[-35.640297,-5.862099],[-35.640346,-5.86096],[-35.639857,-5.86031],[-35.639442,-5.860175]]],[[[-35.654681,-5.859701],[-35.654969,-5.859074],[-35.654684,-5.858796],[-35.653125,-5.858554],[-35.652679,-5.859],[-35.652977,-5.859714],[-35.654107,-5.859803],[-35.654681,-5.859701]]],[[[-35.636404,-5.859749],[-35.638135,-5.859752],[-35.638815,-5.859596],[-35.63898,-5.859441],[-35.639188,-5.858276],[-35.639004,-5.857463],[-35.638422,-5.85639],[-35.637934,-5.856019],[-35.636736,-5.855923],[-35.635627,-5.856184],[-35.635403,-5.85635],[-35.634363,-5.858167],[-35.634178,-5.85877],[-35.634188,-5.859275],[-35.63446,-5.860199],[-35.635072,-5.860242],[-35.636404,-5.859749]]],[[[-35.648148,-5.855892],[-35.648019,-5.855464],[-35.647649,-5.855235],[-35.646451,-5.855222],[-35.6449,-5.855332],[-35.644362,-5.855646],[-35.644253,-5.856],[-35.644384,-5.856346],[-35.64522,-5.857052],[-35.646177,-5.857326],[-35.647193,-5.85704],[-35.647931,-5.856391],[-35.648148,-5.855892]]],[[[-35.624211,-5.856539],[-35.625245,-5.856599],[-35.625705,-5.85724],[-35.625956,-5.857359],[-35.626751,-5.857334],[-35.627162,-5.85684],[-35.627126,-5.856133],[-35.627519,-5.85547],[-35.627442,-5.855113],[-35.627068,-5.854985],[-35.626248,-5.855327],[-35.625692,-5.855111],[-35.624789,-5.854498],[-35.624168,-5.854468],[-35.623755,-5.854601],[-35.623554,-5.854917],[-35.623537,-5.855828],[-35.623686,-5.856073],[-35.624211,-5.856539]]],[[[-35.651076,-5.855023],[-35.650766,-5.855519],[-35.650707,-5.856262],[-35.650947,-5.856755],[-35.651568,-5.856826],[-35.651998,-5.856631],[-35.652182,-5.85637],[-35.652325,-5.855067],[-35.65204,-5.85479],[-35.651625,-5.854655],[-35.651076,-5.855023]]],[[[-35.66027,-5.823883],[-35.660543,-5.823298],[-35.660519,-5.822687],[-35.660877,-5.821611],[-35.66086,-5.821284],[-35.660152,-5.820807],[-35.659671,-5.820917],[-35.659088,-5.821356],[-35.658486,-5.822265],[-35.658212,-5.82311],[-35.658263,-5.823536],[-35.656904,-5.824903],[-35.656829,-5.825207],[-35.657399,-5.825417],[-35.658189,-5.825267],[-35.65865,-5.824955],[-35.659155,-5.824277],[-35.66027,-5.823883]]],[[[-35.641665,-5.818619],[-35.641534,-5.818474],[-35.641003,-5.818481],[-35.640512,-5.819665],[-35.639812,-5.820508],[-35.639761,-5.821243],[-35.639926,-5.821677],[-35.640472,-5.822191],[-35.641015,-5.822216],[-35.641294,-5.822037],[-35.641701,-5.821244],[-35.641854,-5.819732],[-35.641665,-5.818619]]],[[[-35.632744,-5.810456],[-35.63296,-5.810172],[-35.632279,-5.809638],[-35.632061,-5.809299],[-35.631985,-5.808339],[-35.632096,-5.807467],[-35.632766,-5.806933],[-35.632827,-5.806569],[-35.632569,-5.806143],[-35.631395,-5.806168],[-35.631395,-5.806868],[-35.631037,-5.80788],[-35.631322,-5.810444],[-35.632003,-5.811277],[-35.632189,-5.81059],[-35.632744,-5.810456]]],[[[-35.629019,-5.802572],[-35.629317,-5.803047],[-35.6298,-5.803047],[-35.629843,-5.802761],[-35.629601,-5.802323],[-35.629726,-5.801866],[-35.630654,-5.800944],[-35.631229,-5.800986],[-35.631262,-5.800818],[-35.631229,-5.80065],[-35.630461,-5.800292],[-35.630142,-5.798994],[-35.629711,-5.798351],[-35.629025,-5.798943],[-35.629482,-5.7992],[-35.629758,-5.800647],[-35.629522,-5.800889],[-35.629019,-5.802213],[-35.629019,-5.802572]]],[[[-35.657476,-5.800793],[-35.657486,-5.799493],[-35.658276,-5.799147],[-35.658384,-5.798791],[-35.658261,-5.798569],[-35.65649,-5.797735],[-35.656297,-5.797748],[-35.655892,-5.798388],[-35.655751,-5.799183],[-35.655442,-5.799919],[-35.655411,-5.800459],[-35.655644,-5.80115],[-35.655893,-5.801251],[-35.65701,-5.801096],[-35.657476,-5.800793]]],[[[-35.684521,-5.781574],[-35.684997,-5.781764],[-35.685514,-5.78136],[-35.684485,-5.781396],[-35.684521,-5.781574]]],[[[-35.675916,-5.778461],[-35.675901,-5.776673],[-35.674952,-5.77577],[-35.674448,-5.775611],[-35.674126,-5.774788],[-35.674262,-5.773838],[-35.674989,-5.772956],[-35.674885,-5.772574],[-35.674299,-5.773066],[-35.673331,-5.774495],[-35.673317,-5.776298],[-35.673488,-5.776669],[-35.674134,-5.777358],[-35.6735,-5.778166],[-35.673433,-5.778436],[-35.674021,-5.779366],[-35.674649,-5.779786],[-35.67504,-5.779731],[-35.675351,-5.779508],[-35.675916,-5.778461]]],[[[-35.630586,-5.771155],[-35.628949,-5.772183],[-35.628364,-5.772945],[-35.628086,-5.773652],[-35.628369,-5.774929],[-35.626859,-5.776292],[-35.626307,-5.77732],[-35.626318,-5.777576],[-35.627383,-5.777801],[-35.628364,-5.776988],[-35.629447,-5.776454],[-35.629833,-5.775223],[-35.629772,-5.773554],[-35.629952,-5.773195],[-35.630632,-5.772519],[-35.631615,-5.771882],[-35.633604,-5.77145],[-35.633911,-5.771282],[-35.633915,-5.771171],[-35.632531,-5.770734],[-35.631766,-5.770688],[-35.63138,-5.77108],[-35.630586,-5.771155]]],[[[-35.615196,-5.772956],[-35.614858,-5.772765],[-35.614712,-5.772429],[-35.614231,-5.772286],[-35.613918,-5.77236],[-35.613514,-5.773446],[-35.613638,-5.774143],[-35.614517,-5.777029],[-35.615459,-5.777819],[-35.616065,-5.77782],[-35.616418,-5.777068],[-35.617615,-5.775763],[-35.618789,-5.774866],[-35.618884,-5.774456],[-35.61958,-5.774116],[-35.620411,-5.77404],[-35.620571,-5.77386],[-35.620779,-5.773268],[-35.620796,-5.771654],[-35.620722,-5.771397],[-35.620447,-5.771144],[-35.620451,-5.770707],[-35.621631,-5.770229],[-35.621603,-5.769483],[-35.621073,-5.769172],[-35.620664,-5.769246],[-35.62009,-5.769972],[-35.619971,-5.770309],[-35.620025,-5.771537],[-35.619788,-5.772333],[-35.618924,-5.772795],[-35.617727,-5.774052],[-35.616719,-5.774587],[-35.615733,-5.774736],[-35.615275,-5.774377],[-35.61508,-5.773944],[-35.61503,-5.773414],[-35.615196,-5.772956]]],[[[-35.68321,-5.758173],[-35.68302,-5.758003],[-35.682689,-5.757964],[-35.682233,-5.758156],[-35.681609,-5.758756],[-35.681393,-5.759728],[-35.681622,-5.76033],[-35.68185,-5.760511],[-35.682521,-5.760496],[-35.682872,-5.760324],[-35.683211,-5.759913],[-35.683445,-5.758984],[-35.68321,-5.758173]]],[[[-35.6096,-5.753881],[-35.610246,-5.753277],[-35.610066,-5.752876],[-35.609554,-5.752585],[-35.608256,-5.752536],[-35.607877,-5.753143],[-35.607715,-5.754459],[-35.60779,-5.7546],[-35.608063,-5.754615],[-35.608503,-5.754298],[-35.6096,-5.753881]]],[[[-35.576672,-5.744728],[-35.576858,-5.744107],[-35.57679,-5.743824],[-35.576303,-5.743476],[-35.573253,-5.743107],[-35.572651,-5.742805],[-35.572135,-5.743242],[-35.572218,-5.744294],[-35.572514,-5.744693],[-35.572972,-5.744933],[-35.57462,-5.744965],[-35.575746,-5.745177],[-35.576122,-5.745135],[-35.576672,-5.744728]]],[[[-35.66648,-5.719563],[-35.666598,-5.718929],[-35.666503,-5.718522],[-35.666718,-5.718279],[-35.666468,-5.718236],[-35.666301,-5.718022],[-35.666301,-5.717689],[-35.666015,-5.717653],[-35.665397,-5.71914],[-35.66648,-5.719563]]],[[[-35.656702,-5.71679],[-35.658031,-5.71641],[-35.658439,-5.716187],[-35.658524,-5.71591],[-35.656565,-5.715912],[-35.656218,-5.715767],[-35.656249,-5.714902],[-35.656124,-5.714788],[-35.655318,-5.715738],[-35.654621,-5.716141],[-35.655216,-5.717479],[-35.655408,-5.717541],[-35.655828,-5.717453],[-35.656702,-5.71679]]],[[[-35.633013,-5.715409],[-35.63352,-5.714977],[-35.633598,-5.714769],[-35.633486,-5.714154],[-35.632873,-5.713436],[-35.631752,-5.712896],[-35.631455,-5.712868],[-35.630991,-5.713037],[-35.630421,-5.713667],[-35.629746,-5.713975],[-35.629415,-5.714518],[-35.629353,-5.714885],[-35.629546,-5.715409],[-35.630152,-5.715693],[-35.631328,-5.715544],[-35.632187,-5.715588],[-35.633013,-5.715409]]],[[[-35.522698,-6.019721],[-35.522572,-6.019762],[-35.522533,-6.019993],[-35.522342,-6.020035],[-35.52234,-6.020283],[-35.522573,-6.02056],[-35.522646,-6.021111],[-35.523085,-6.020547],[-35.522953,-6.019907],[-35.522698,-6.019721]]],[[[-35.485924,-6.011424],[-35.486247,-6.011392],[-35.486362,-6.01123],[-35.486398,-6.010682],[-35.48533,-6.00947],[-35.484555,-6.008271],[-35.484208,-6.008057],[-35.484065,-6.008813],[-35.484164,-6.010215],[-35.484546,-6.011431],[-35.484832,-6.011714],[-35.485248,-6.011766],[-35.485924,-6.011424]]],[[[-35.498315,-6.005152],[-35.500751,-6.004821],[-35.501323,-6.004393],[-35.501229,-6.003956],[-35.500433,-6.00319],[-35.499685,-6.002745],[-35.499421,-6.00278],[-35.4991,-6.003046],[-35.498294,-6.002613],[-35.497972,-6.00258],[-35.497433,-6.002732],[-35.497273,-6.002894],[-35.497195,-6.003388],[-35.497299,-6.003966],[-35.49767,-6.004848],[-35.498315,-6.005152]]],[[[-35.477155,-6.00018],[-35.47737,-5.999281],[-35.477154,-5.999172],[-35.477104,-5.999431],[-35.476506,-6.000026],[-35.476382,-6.000529],[-35.475934,-6.000676],[-35.475609,-6.001569],[-35.47578,-6.00173],[-35.476459,-6.001639],[-35.476678,-6.001427],[-35.476727,-6.000573],[-35.477155,-6.00018]]],[[[-35.493095,-5.994889],[-35.493092,-5.994986],[-35.492865,-5.994982],[-35.492882,-5.995378],[-35.493216,-5.995408],[-35.493137,-5.995482],[-35.493254,-5.995593],[-35.493791,-5.995467],[-35.494175,-5.994887],[-35.493894,-5.994439],[-35.493269,-5.994619],[-35.492913,-5.994897],[-35.493095,-5.994889]]],[[[-35.464292,-5.995455],[-35.464822,-5.994978],[-35.464795,-5.995249],[-35.464539,-5.995472],[-35.464621,-5.995838],[-35.464383,-5.996133],[-35.464595,-5.99631],[-35.464904,-5.996277],[-35.465108,-5.99538],[-35.466051,-5.99415],[-35.466274,-5.993631],[-35.465361,-5.993623],[-35.464996,-5.994144],[-35.464855,-5.994673],[-35.464169,-5.995222],[-35.464157,-5.995381],[-35.464292,-5.995455]]],[[[-35.484302,-5.994515],[-35.483274,-5.993397],[-35.483081,-5.99357],[-35.484079,-5.994611],[-35.484102,-5.99477],[-35.484302,-5.994515]]],[[[-35.499378,-5.992814],[-35.499186,-5.992593],[-35.49887,-5.992599],[-35.498596,-5.992923],[-35.49866,-5.993399],[-35.499094,-5.993361],[-35.499354,-5.993134],[-35.499378,-5.992814]]],[[[-35.521351,-5.991604],[-35.521086,-5.991896],[-35.521655,-5.992059],[-35.521854,-5.991607],[-35.52138,-5.991584],[-35.521459,-5.99126],[-35.520469,-5.991338],[-35.520574,-5.991519],[-35.521142,-5.99147],[-35.521197,-5.991651],[-35.521351,-5.991604]]],[[[-35.522822,-5.990977],[-35.522623,-5.990701],[-35.521566,-5.99092],[-35.521552,-5.991158],[-35.521714,-5.991434],[-35.521942,-5.991163],[-35.522161,-5.991382],[-35.522229,-5.991214],[-35.522822,-5.990977]]],[[[-35.517565,-5.991686],[-35.517838,-5.991574],[-35.517604,-5.991283],[-35.517399,-5.990566],[-35.517617,-5.989826],[-35.51732,-5.989768],[-35.517238,-5.989992],[-35.517173,-5.989856],[-35.517038,-5.989909],[-35.517207,-5.990515],[-35.517275,-5.991579],[-35.517565,-5.991686]]],[[[-35.514607,-5.98169],[-35.514143,-5.982106],[-35.515083,-5.983165],[-35.515452,-5.982975],[-35.515987,-5.982166],[-35.516237,-5.981559],[-35.516237,-5.981107],[-35.515547,-5.981464],[-35.514607,-5.98169]]],[[[-35.512466,-5.980048],[-35.511837,-5.980481],[-35.511895,-5.980821],[-35.512585,-5.981071],[-35.513132,-5.979465],[-35.51309,-5.979087],[-35.512466,-5.980048]]],[[[-35.518467,-5.971616],[-35.517605,-5.971118],[-35.51732,-5.971334],[-35.517249,-5.971622],[-35.517613,-5.972768],[-35.51796,-5.973043],[-35.518759,-5.972762],[-35.518756,-5.972117],[-35.518467,-5.971616]]],[[[-35.485088,-5.97182],[-35.484383,-5.971943],[-35.484233,-5.97181],[-35.484274,-5.971524],[-35.484737,-5.971572],[-35.484674,-5.970867],[-35.484471,-5.970384],[-35.48489,-5.970058],[-35.48468,-5.96992],[-35.484181,-5.970232],[-35.484454,-5.970665],[-35.484458,-5.970906],[-35.484141,-5.971495],[-35.484197,-5.972047],[-35.484391,-5.97218],[-35.485088,-5.97182]]],[[[-35.503692,-5.97001],[-35.503927,-5.970248],[-35.503957,-5.970037],[-35.503678,-5.969738],[-35.503865,-5.969363],[-35.503805,-5.968481],[-35.503736,-5.968896],[-35.503467,-5.969298],[-35.502548,-5.969273],[-35.502511,-5.969538],[-35.502677,-5.96994],[-35.503254,-5.969861],[-35.503692,-5.97001]]],[[[-35.484691,-5.967539],[-35.485537,-5.967692],[-35.485582,-5.967511],[-35.48513,-5.967332],[-35.484583,-5.967356],[-35.484213,-5.967646],[-35.484393,-5.967986],[-35.484161,-5.968649],[-35.484689,-5.968616],[-35.484591,-5.967657],[-35.484691,-5.967539]]],[[[-35.4965,-5.967205],[-35.498272,-5.967553],[-35.498744,-5.967407],[-35.498247,-5.967351],[-35.498023,-5.967169],[-35.496556,-5.966671],[-35.496345,-5.966458],[-35.495313,-5.96628],[-35.495367,-5.967115],[-35.496136,-5.966954],[-35.4965,-5.967205]]],[[[-35.485032,-5.953591],[-35.484663,-5.953912],[-35.484434,-5.953739],[-35.484376,-5.953478],[-35.48461,-5.952436],[-35.484901,-5.951908],[-35.484829,-5.951821],[-35.484235,-5.952366],[-35.483759,-5.952604],[-35.483068,-5.952281],[-35.483318,-5.953174],[-35.483065,-5.953545],[-35.483131,-5.953793],[-35.483015,-5.954247],[-35.482621,-5.954655],[-35.483233,-5.955601],[-35.484286,-5.955445],[-35.484788,-5.955834],[-35.485039,-5.955311],[-35.485697,-5.955203],[-35.486753,-5.955248],[-35.487192,-5.955559],[-35.487392,-5.955452],[-35.488201,-5.955719],[-35.488434,-5.955896],[-35.488775,-5.956546],[-35.488811,-5.955315],[-35.489803,-5.954501],[-35.489896,-5.954301],[-35.490874,-5.953727],[-35.490744,-5.953483],[-35.489815,-5.95372],[-35.488896,-5.954341],[-35.488429,-5.954469],[-35.488022,-5.954328],[-35.487944,-5.954036],[-35.488525,-5.952685],[-35.489197,-5.951801],[-35.489418,-5.951278],[-35.489128,-5.951355],[-35.487502,-5.953366],[-35.487238,-5.953492],[-35.486762,-5.953396],[-35.486618,-5.953704],[-35.486349,-5.953769],[-35.485032,-5.953591]]],[[[-35.473389,-5.949071],[-35.473611,-5.948907],[-35.474573,-5.94884],[-35.475763,-5.949538],[-35.476124,-5.949972],[-35.476434,-5.950139],[-35.476549,-5.949929],[-35.475578,-5.948892],[-35.475209,-5.948189],[-35.474774,-5.948203],[-35.474291,-5.947956],[-35.474202,-5.946004],[-35.474072,-5.945933],[-35.473805,-5.946469],[-35.473878,-5.9468],[-35.473696,-5.947543],[-35.473096,-5.948319],[-35.472658,-5.948592],[-35.472791,-5.949254],[-35.473203,-5.949455],[-35.473389,-5.949071]]],[[[-35.502158,-5.935294],[-35.501882,-5.93591],[-35.501345,-5.93634],[-35.501459,-5.93684],[-35.501744,-5.936944],[-35.501899,-5.936895],[-35.502158,-5.935294]]],[[[-35.480732,-5.927575],[-35.480701,-5.928469],[-35.480856,-5.928678],[-35.481005,-5.928651],[-35.481459,-5.927952],[-35.481326,-5.927423],[-35.480732,-5.927575]]],[[[-35.477753,-5.926555],[-35.477552,-5.927063],[-35.477356,-5.927149],[-35.477647,-5.927563],[-35.478071,-5.927538],[-35.478198,-5.927432],[-35.478016,-5.92693],[-35.478079,-5.926453],[-35.477868,-5.926407],[-35.477745,-5.92621],[-35.477594,-5.926337],[-35.477753,-5.926555]]],[[[-35.52282,-5.926952],[-35.522993,-5.926722],[-35.523243,-5.926903],[-35.52389,-5.926748],[-35.524266,-5.926454],[-35.524473,-5.926466],[-35.52444,-5.926204],[-35.524114,-5.926035],[-35.523311,-5.92599],[-35.522936,-5.925818],[-35.522845,-5.925481],[-35.522214,-5.925385],[-35.522276,-5.925614],[-35.522515,-5.925809],[-35.522687,-5.925762],[-35.522611,-5.926569],[-35.52282,-5.926952]]],[[[-35.529656,-5.916016],[-35.529519,-5.915873],[-35.529281,-5.915879],[-35.52922,-5.916076],[-35.52943,-5.916159],[-35.529656,-5.916016]]],[[[-35.464043,-5.911421],[-35.463317,-5.912076],[-35.462888,-5.913087],[-35.463031,-5.913932],[-35.463543,-5.914158],[-35.464245,-5.914205],[-35.464744,-5.913956],[-35.465387,-5.912944],[-35.465435,-5.912183],[-35.465327,-5.911695],[-35.464566,-5.91135],[-35.464043,-5.911421]]],[[[-35.499713,-5.913643],[-35.500651,-5.914018],[-35.501317,-5.913997],[-35.501892,-5.913796],[-35.502478,-5.913307],[-35.502672,-5.91274],[-35.502533,-5.91256],[-35.502105,-5.912394],[-35.499599,-5.912184],[-35.49974,-5.911589],[-35.499613,-5.911283],[-35.499487,-5.911302],[-35.499308,-5.911663],[-35.499074,-5.911664],[-35.497973,-5.910984],[-35.496678,-5.910778],[-35.496351,-5.910481],[-35.495539,-5.910112],[-35.494868,-5.908944],[-35.494543,-5.908603],[-35.494415,-5.908189],[-35.494162,-5.908064],[-35.493999,-5.908133],[-35.49334,-5.909311],[-35.493467,-5.909671],[-35.495581,-5.911446],[-35.496292,-5.911671],[-35.496773,-5.912287],[-35.496976,-5.911909],[-35.497987,-5.911849],[-35.498854,-5.912477],[-35.499713,-5.913643]]],[[[-35.520323,-5.9089],[-35.520586,-5.907657],[-35.520446,-5.907306],[-35.519956,-5.906868],[-35.519658,-5.907026],[-35.518431,-5.908333],[-35.518008,-5.90903],[-35.517965,-5.910009],[-35.518291,-5.911038],[-35.518782,-5.911266],[-35.519106,-5.911062],[-35.519341,-5.910729],[-35.519621,-5.909875],[-35.520323,-5.9089]]],[[[-35.466852,-5.904151],[-35.466648,-5.904407],[-35.466688,-5.90459],[-35.466919,-5.905069],[-35.467258,-5.90533],[-35.467472,-5.904462],[-35.466852,-5.904151]]],[[[-35.477955,-5.902327],[-35.477805,-5.902301],[-35.477291,-5.902655],[-35.477794,-5.903483],[-35.478451,-5.90385],[-35.47881,-5.90379],[-35.478927,-5.903234],[-35.478507,-5.902985],[-35.477955,-5.902327]]],[[[-35.478648,-5.899088],[-35.480071,-5.898913],[-35.480624,-5.898236],[-35.480921,-5.898258],[-35.480931,-5.898121],[-35.480428,-5.897874],[-35.479992,-5.898506],[-35.47882,-5.898624],[-35.478646,-5.898529],[-35.478648,-5.899088]]],[[[-35.465167,-5.897283],[-35.466277,-5.89827],[-35.466518,-5.898249],[-35.466989,-5.898457],[-35.467462,-5.898792],[-35.467907,-5.898745],[-35.468179,-5.898865],[-35.468726,-5.899513],[-35.46896,-5.899448],[-35.469171,-5.899692],[-35.469412,-5.89971],[-35.469534,-5.899581],[-35.468625,-5.898869],[-35.46819,-5.898168],[-35.467482,-5.898273],[-35.467033,-5.898065],[-35.46591,-5.897131],[-35.465529,-5.896643],[-35.465189,-5.896502],[-35.464999,-5.8962],[-35.464175,-5.895906],[-35.463679,-5.896756],[-35.463758,-5.897225],[-35.464396,-5.897177],[-35.46487,-5.897356],[-35.464977,-5.89723],[-35.465167,-5.897283]]],[[[-35.495062,-5.891266],[-35.496546,-5.892839],[-35.496702,-5.892737],[-35.497626,-5.892829],[-35.497827,-5.893067],[-35.498051,-5.893052],[-35.498177,-5.893192],[-35.498638,-5.893103],[-35.498728,-5.892606],[-35.498363,-5.892655],[-35.498098,-5.892291],[-35.497845,-5.892245],[-35.497301,-5.890523],[-35.496945,-5.890189],[-35.49583,-5.890034],[-35.495641,-5.889903],[-35.494975,-5.889995],[-35.494874,-5.890514],[-35.495062,-5.891266]]],[[[-35.524528,-5.8904],[-35.525115,-5.890983],[-35.525421,-5.891036],[-35.526024,-5.890477],[-35.526062,-5.890069],[-35.526425,-5.889934],[-35.526428,-5.88973],[-35.52606,-5.889497],[-35.525337,-5.889442],[-35.525558,-5.88927],[-35.525153,-5.889411],[-35.524558,-5.890205],[-35.524528,-5.8904]]],[[[-35.459451,-5.890022],[-35.460125,-5.890005],[-35.460031,-5.88935],[-35.459359,-5.889431],[-35.459451,-5.890022]]],[[[-35.489587,-5.887223],[-35.489644,-5.887015],[-35.489182,-5.886689],[-35.488883,-5.886098],[-35.488195,-5.886257],[-35.488048,-5.886537],[-35.488093,-5.886735],[-35.488642,-5.886876],[-35.488839,-5.887075],[-35.489587,-5.887223]]],[[[-35.510293,-5.884258],[-35.511657,-5.885307],[-35.511886,-5.886355],[-35.512188,-5.886953],[-35.512832,-5.887202],[-35.513406,-5.887069],[-35.513708,-5.886259],[-35.513653,-5.885407],[-35.513152,-5.884389],[-35.512974,-5.883586],[-35.512821,-5.883446],[-35.512546,-5.883331],[-35.5112,-5.883387],[-35.509851,-5.882943],[-35.508579,-5.882924],[-35.507808,-5.883327],[-35.507367,-5.883956],[-35.507354,-5.884312],[-35.507957,-5.884257],[-35.508597,-5.884391],[-35.510293,-5.884258]]],[[[-35.488596,-5.883182],[-35.488936,-5.882879],[-35.489202,-5.882888],[-35.489835,-5.882522],[-35.490109,-5.882094],[-35.490165,-5.881346],[-35.490095,-5.881496],[-35.489594,-5.881315],[-35.489461,-5.881587],[-35.489108,-5.881756],[-35.488343,-5.882494],[-35.488342,-5.882753],[-35.488596,-5.883182]]],[[[-35.477104,-5.881266],[-35.477964,-5.88171],[-35.477956,-5.881812],[-35.478235,-5.881848],[-35.478425,-5.882067],[-35.478648,-5.882072],[-35.479206,-5.882458],[-35.479727,-5.882565],[-35.480673,-5.883076],[-35.481297,-5.883162],[-35.481592,-5.88299],[-35.482093,-5.883158],[-35.482312,-5.882937],[-35.482706,-5.883233],[-35.483329,-5.883321],[-35.48364,-5.88354],[-35.484241,-5.883575],[-35.483369,-5.883002],[-35.482848,-5.881923],[-35.482035,-5.882068],[-35.481682,-5.882459],[-35.481358,-5.88258],[-35.481129,-5.88248],[-35.479782,-5.881217],[-35.47962,-5.881214],[-35.477644,-5.879904],[-35.477124,-5.879385],[-35.476514,-5.878289],[-35.475444,-5.878592],[-35.475243,-5.878767],[-35.475286,-5.878973],[-35.475766,-5.880564],[-35.476085,-5.880918],[-35.475929,-5.880906],[-35.475985,-5.881035],[-35.477104,-5.881266]]],[[[-35.474555,-5.872044],[-35.474717,-5.871971],[-35.474669,-5.871693],[-35.474504,-5.87196],[-35.474162,-5.871595],[-35.473791,-5.871819],[-35.473484,-5.872743],[-35.473953,-5.872923],[-35.474555,-5.872044]]],[[[-35.457713,-5.867665],[-35.458217,-5.867877],[-35.459607,-5.868113],[-35.460518,-5.868071],[-35.460964,-5.867771],[-35.462006,-5.868247],[-35.462584,-5.868701],[-35.462188,-5.868329],[-35.462116,-5.868068],[-35.461834,-5.868006],[-35.461318,-5.867567],[-35.46089,-5.867406],[-35.460779,-5.867153],[-35.460494,-5.867374],[-35.460112,-5.867414],[-35.459145,-5.866936],[-35.458739,-5.867157],[-35.457357,-5.866742],[-35.456716,-5.866944],[-35.456699,-5.867818],[-35.457713,-5.867665]]],[[[-35.479228,-5.862232],[-35.478753,-5.86332],[-35.478909,-5.864108],[-35.47951,-5.864497],[-35.479994,-5.864419],[-35.480436,-5.864061],[-35.480546,-5.8637],[-35.481131,-5.863265],[-35.481195,-5.863054],[-35.481301,-5.863172],[-35.481523,-5.862873],[-35.48144,-5.86245],[-35.48153,-5.862196],[-35.48127,-5.860827],[-35.480117,-5.861237],[-35.479228,-5.862232]]],[[[-35.483475,-5.857854],[-35.483066,-5.85825],[-35.482866,-5.858659],[-35.483276,-5.858587],[-35.483275,-5.858392],[-35.483837,-5.85825],[-35.483475,-5.857854]]],[[[-35.527221,-5.851836],[-35.52721,-5.851567],[-35.527053,-5.851434],[-35.526128,-5.851082],[-35.525802,-5.850645],[-35.525853,-5.850072],[-35.526882,-5.849528],[-35.527186,-5.849224],[-35.527643,-5.848332],[-35.527749,-5.847877],[-35.527586,-5.847492],[-35.527246,-5.847196],[-35.526743,-5.847118],[-35.526226,-5.847396],[-35.526082,-5.84785],[-35.525663,-5.848112],[-35.525388,-5.848767],[-35.525118,-5.849061],[-35.525078,-5.849611],[-35.525304,-5.850085],[-35.525383,-5.851069],[-35.524707,-5.852142],[-35.524628,-5.852597],[-35.524884,-5.852601],[-35.525442,-5.85226],[-35.52691,-5.852105],[-35.527221,-5.851836]]],[[[-35.484774,-5.849947],[-35.484788,-5.850242],[-35.485175,-5.850216],[-35.485161,-5.849994],[-35.485444,-5.849677],[-35.485378,-5.849259],[-35.484849,-5.848869],[-35.484805,-5.848681],[-35.484677,-5.848751],[-35.484606,-5.848597],[-35.484443,-5.848687],[-35.484275,-5.848596],[-35.48413,-5.848812],[-35.484041,-5.849417],[-35.484198,-5.849831],[-35.484577,-5.850219],[-35.484774,-5.849947]]],[[[-35.459054,-5.843264],[-35.457126,-5.845699],[-35.457142,-5.845958],[-35.457973,-5.846397],[-35.45903,-5.846257],[-35.460415,-5.845489],[-35.460651,-5.845243],[-35.461363,-5.844276],[-35.461561,-5.843571],[-35.46141,-5.843377],[-35.461681,-5.843266],[-35.461438,-5.843113],[-35.461317,-5.84325],[-35.45932,-5.843117],[-35.459054,-5.843264]]],[[[-35.470642,-5.844505],[-35.470786,-5.844429],[-35.470713,-5.844005],[-35.47047,-5.844062],[-35.470399,-5.844205],[-35.470642,-5.844505]]],[[[-35.472021,-5.839635],[-35.471461,-5.839699],[-35.470942,-5.839392],[-35.470242,-5.839755],[-35.471011,-5.839644],[-35.471532,-5.84021],[-35.472136,-5.840118],[-35.472021,-5.839635]]],[[[-35.476195,-5.838165],[-35.475658,-5.83829],[-35.475315,-5.839226],[-35.475736,-5.838665],[-35.476658,-5.83838],[-35.476389,-5.837938],[-35.476195,-5.838165]]],[[[-35.482489,-5.833453],[-35.482766,-5.833195],[-35.482538,-5.832756],[-35.482171,-5.833172],[-35.482489,-5.833453]]],[[[-35.467448,-5.819542],[-35.467453,-5.820051],[-35.467743,-5.820505],[-35.46792,-5.820474],[-35.468032,-5.82028],[-35.467874,-5.819584],[-35.467763,-5.819412],[-35.467706,-5.819526],[-35.467448,-5.819542]]],[[[-35.463588,-5.819801],[-35.463619,-5.820106],[-35.464084,-5.820055],[-35.464118,-5.820404],[-35.464413,-5.820215],[-35.464396,-5.819425],[-35.464687,-5.819006],[-35.464466,-5.818732],[-35.463854,-5.81867],[-35.463449,-5.819033],[-35.463407,-5.81962],[-35.463588,-5.819801]]],[[[-35.489688,-5.809664],[-35.489418,-5.810944],[-35.48959,-5.811977],[-35.489972,-5.812365],[-35.490627,-5.8124],[-35.491524,-5.81214],[-35.492164,-5.811777],[-35.493198,-5.810629],[-35.494184,-5.810407],[-35.494568,-5.810058],[-35.494848,-5.809492],[-35.494692,-5.809248],[-35.49391,-5.809342],[-35.492254,-5.808912],[-35.491665,-5.808945],[-35.491004,-5.809366],[-35.490254,-5.809306],[-35.489934,-5.809449],[-35.489688,-5.809664]]],[[[-35.528756,-5.776283],[-35.530335,-5.774625],[-35.530503,-5.773908],[-35.530439,-5.773597],[-35.530018,-5.773271],[-35.52972,-5.772805],[-35.529331,-5.772698],[-35.528852,-5.773417],[-35.527997,-5.773685],[-35.527456,-5.774264],[-35.526792,-5.775419],[-35.526032,-5.775937],[-35.525724,-5.776701],[-35.525726,-5.777044],[-35.525867,-5.777355],[-35.526742,-5.778114],[-35.527955,-5.778155],[-35.528373,-5.777764],[-35.528756,-5.776283]]],[[[-35.522548,-5.735217],[-35.522341,-5.73549],[-35.522847,-5.735564],[-35.523212,-5.736732],[-35.523707,-5.736637],[-35.52406,-5.737362],[-35.524374,-5.73765],[-35.524811,-5.737437],[-35.525306,-5.737703],[-35.52567,-5.736929],[-35.525577,-5.736568],[-35.525149,-5.7363],[-35.524699,-5.735755],[-35.52394,-5.735509],[-35.52369,-5.735],[-35.523074,-5.734647],[-35.522924,-5.733813],[-35.523019,-5.733599],[-35.522429,-5.733575],[-35.522203,-5.733153],[-35.521942,-5.733055],[-35.521781,-5.733254],[-35.522008,-5.733863],[-35.522456,-5.734185],[-35.522548,-5.735217]]],[[[-35.457796,-5.991623],[-35.457629,-5.992236],[-35.457717,-5.99259],[-35.458158,-5.992427],[-35.458285,-5.992246],[-35.458333,-5.991664],[-35.457796,-5.991623]]],[[[-35.439627,-5.984438],[-35.439967,-5.984646],[-35.440498,-5.985312],[-35.440785,-5.985382],[-35.440773,-5.985519],[-35.441288,-5.985739],[-35.441575,-5.985737],[-35.441931,-5.985234],[-35.441857,-5.98466],[-35.441138,-5.984089],[-35.440564,-5.983948],[-35.439919,-5.984023],[-35.439627,-5.984438]]],[[[-35.45293,-5.976672],[-35.452528,-5.977678],[-35.452565,-5.977779],[-35.453078,-5.977423],[-35.453397,-5.977371],[-35.453066,-5.976768],[-35.45293,-5.976672]]],[[[-35.449499,-5.96553],[-35.449285,-5.965816],[-35.449297,-5.96622],[-35.449654,-5.966696],[-35.450166,-5.966863],[-35.450375,-5.966471],[-35.450772,-5.96666],[-35.451058,-5.966196],[-35.450951,-5.965756],[-35.450546,-5.965364],[-35.449844,-5.965352],[-35.449499,-5.96553]]],[[[-35.412289,-5.938153],[-35.410658,-5.940482],[-35.410851,-5.941155],[-35.411198,-5.941063],[-35.411742,-5.941232],[-35.411732,-5.941919],[-35.412199,-5.942337],[-35.412585,-5.942485],[-35.412743,-5.942712],[-35.412656,-5.943141],[-35.412443,-5.943373],[-35.411716,-5.943405],[-35.410587,-5.943021],[-35.409712,-5.94331],[-35.409247,-5.94446],[-35.408826,-5.944703],[-35.408673,-5.944539],[-35.407067,-5.944839],[-35.406842,-5.945052],[-35.406692,-5.945793],[-35.407297,-5.945292],[-35.407948,-5.945232],[-35.408604,-5.945378],[-35.408753,-5.945608],[-35.409497,-5.945949],[-35.409677,-5.946208],[-35.409511,-5.946364],[-35.409618,-5.946426],[-35.410137,-5.946229],[-35.410364,-5.946438],[-35.410322,-5.947012],[-35.409699,-5.948065],[-35.409788,-5.948132],[-35.410456,-5.947621],[-35.410811,-5.947495],[-35.411162,-5.947546],[-35.411357,-5.947863],[-35.411656,-5.948658],[-35.411489,-5.949647],[-35.411016,-5.950163],[-35.410475,-5.950522],[-35.410252,-5.95088],[-35.41031,-5.951008],[-35.411484,-5.95025],[-35.411762,-5.950237],[-35.411914,-5.950308],[-35.412203,-5.951272],[-35.411702,-5.951404],[-35.411965,-5.952146],[-35.411345,-5.952723],[-35.41119,-5.953073],[-35.410501,-5.953637],[-35.411143,-5.953488],[-35.411613,-5.953091],[-35.412471,-5.952679],[-35.413307,-5.952734],[-35.413498,-5.952643],[-35.413712,-5.952217],[-35.41435,-5.95191],[-35.414723,-5.952012],[-35.414548,-5.952683],[-35.415042,-5.953687],[-35.414805,-5.954345],[-35.415057,-5.955069],[-35.414883,-5.955779],[-35.414113,-5.956429],[-35.413942,-5.956312],[-35.413708,-5.956424],[-35.413606,-5.956822],[-35.413703,-5.956925],[-35.414133,-5.956609],[-35.414294,-5.95697],[-35.414779,-5.957144],[-35.415408,-5.957055],[-35.415758,-5.957343],[-35.415974,-5.957901],[-35.415881,-5.95817],[-35.416327,-5.958335],[-35.416646,-5.958713],[-35.416791,-5.959349],[-35.416517,-5.959554],[-35.417271,-5.959641],[-35.417339,-5.959769],[-35.417379,-5.960481],[-35.417544,-5.960856],[-35.417457,-5.961109],[-35.419045,-5.962383],[-35.419096,-5.962822],[-35.419367,-5.962687],[-35.419558,-5.962802],[-35.420366,-5.963725],[-35.420438,-5.964091],[-35.420823,-5.964074],[-35.420983,-5.96452],[-35.42135,-5.964754],[-35.421457,-5.964979],[-35.421732,-5.965036],[-35.421737,-5.964891],[-35.421507,-5.964744],[-35.421572,-5.964485],[-35.421933,-5.964922],[-35.422266,-5.964744],[-35.422276,-5.964439],[-35.421963,-5.963946],[-35.421803,-5.963862],[-35.421581,-5.964012],[-35.421683,-5.964203],[-35.421369,-5.964123],[-35.421303,-5.963936],[-35.421547,-5.963944],[-35.421552,-5.963804],[-35.421278,-5.963676],[-35.419921,-5.961693],[-35.419313,-5.961638],[-35.418923,-5.961258],[-35.418907,-5.960892],[-35.419053,-5.960655],[-35.418718,-5.958495],[-35.418931,-5.958182],[-35.418315,-5.95772],[-35.418089,-5.957191],[-35.418142,-5.956708],[-35.418522,-5.956414],[-35.420096,-5.955934],[-35.420343,-5.955492],[-35.421277,-5.95539],[-35.421682,-5.955535],[-35.421373,-5.954754],[-35.421435,-5.954578],[-35.422004,-5.954408],[-35.422958,-5.954845],[-35.423257,-5.955165],[-35.423894,-5.955252],[-35.424265,-5.955478],[-35.425391,-5.956856],[-35.425534,-5.957135],[-35.425463,-5.957377],[-35.425667,-5.957368],[-35.426033,-5.957599],[-35.424873,-5.955454],[-35.424288,-5.954679],[-35.423917,-5.954407],[-35.423717,-5.953767],[-35.424383,-5.953149],[-35.424988,-5.9517],[-35.42401,-5.950485],[-35.42368,-5.949527],[-35.423235,-5.949189],[-35.424062,-5.947788],[-35.42396,-5.947493],[-35.424399,-5.94743],[-35.424184,-5.946242],[-35.424534,-5.945367],[-35.424569,-5.944319],[-35.424751,-5.944224],[-35.426185,-5.944729],[-35.427648,-5.944754],[-35.42885,-5.944556],[-35.429456,-5.945468],[-35.429637,-5.946055],[-35.430172,-5.946048],[-35.430402,-5.946198],[-35.430262,-5.947527],[-35.430417,-5.947585],[-35.430984,-5.946863],[-35.431916,-5.947409],[-35.43239,-5.947981],[-35.432847,-5.948203],[-35.433033,-5.948475],[-35.433085,-5.949701],[-35.433618,-5.949969],[-35.433866,-5.949451],[-35.433747,-5.949223],[-35.433838,-5.948749],[-35.434269,-5.948738],[-35.435158,-5.949048],[-35.435075,-5.94946],[-35.434282,-5.950145],[-35.433704,-5.949983],[-35.433576,-5.950656],[-35.433226,-5.950828],[-35.433372,-5.951955],[-35.433231,-5.952029],[-35.432394,-5.951792],[-35.432109,-5.951886],[-35.432508,-5.952682],[-35.432828,-5.952998],[-35.432778,-5.953784],[-35.432609,-5.954127],[-35.43269,-5.954219],[-35.43296,-5.954287],[-35.433194,-5.954038],[-35.434132,-5.953892],[-35.435215,-5.953307],[-35.435313,-5.953471],[-35.43518,-5.953888],[-35.435328,-5.953911],[-35.435514,-5.953535],[-35.435915,-5.953468],[-35.436529,-5.952943],[-35.436393,-5.952513],[-35.436495,-5.952347],[-35.437546,-5.951767],[-35.438275,-5.951531],[-35.439233,-5.951769],[-35.439808,-5.952103],[-35.440452,-5.95265],[-35.440826,-5.952796],[-35.4413,-5.953415],[-35.441316,-5.953068],[-35.441094,-5.952997],[-35.440542,-5.952447],[-35.440545,-5.952228],[-35.440091,-5.951819],[-35.440714,-5.952048],[-35.440906,-5.95247],[-35.441275,-5.95271],[-35.441403,-5.9531],[-35.441521,-5.953039],[-35.44208,-5.953833],[-35.442288,-5.95359],[-35.442358,-5.953255],[-35.441447,-5.952375],[-35.44037,-5.951688],[-35.440315,-5.951521],[-35.440172,-5.951595],[-35.440089,-5.951341],[-35.439518,-5.950828],[-35.438867,-5.950533],[-35.438487,-5.950491],[-35.43801,-5.950809],[-35.436061,-5.951519],[-35.435375,-5.951351],[-35.435303,-5.951021],[-35.436003,-5.950059],[-35.437104,-5.949904],[-35.436915,-5.949151],[-35.435535,-5.948113],[-35.434823,-5.947804],[-35.43464,-5.947499],[-35.433975,-5.946986],[-35.43392,-5.946762],[-35.433717,-5.946868],[-35.433454,-5.946596],[-35.433132,-5.946519],[-35.432769,-5.946096],[-35.432698,-5.94567],[-35.432401,-5.945748],[-35.432061,-5.945633],[-35.431724,-5.945294],[-35.43175,-5.9436],[-35.431983,-5.943371],[-35.432319,-5.943206],[-35.433365,-5.943336],[-35.434135,-5.943854],[-35.434277,-5.943767],[-35.434019,-5.94352],[-35.434185,-5.943412],[-35.433541,-5.942933],[-35.433005,-5.942789],[-35.432033,-5.942184],[-35.431669,-5.942097],[-35.431607,-5.941835],[-35.431781,-5.940814],[-35.431551,-5.94067],[-35.430618,-5.942021],[-35.430392,-5.942708],[-35.430107,-5.943042],[-35.43026,-5.943664],[-35.430154,-5.943977],[-35.429585,-5.943692],[-35.429447,-5.943472],[-35.429711,-5.942127],[-35.429273,-5.941633],[-35.429211,-5.941079],[-35.429665,-5.940171],[-35.430772,-5.939144],[-35.430489,-5.939076],[-35.430365,-5.938686],[-35.430135,-5.938929],[-35.429376,-5.939234],[-35.428974,-5.939595],[-35.428118,-5.938921],[-35.427912,-5.939086],[-35.428393,-5.940032],[-35.42796,-5.941377],[-35.42781,-5.942298],[-35.427365,-5.942223],[-35.426747,-5.942624],[-35.426024,-5.942698],[-35.425873,-5.942],[-35.42569,-5.941826],[-35.42587,-5.941707],[-35.425586,-5.940877],[-35.425196,-5.941606],[-35.425334,-5.941737],[-35.424981,-5.942093],[-35.423113,-5.941337],[-35.42251,-5.941293],[-35.422165,-5.941086],[-35.421719,-5.941345],[-35.421545,-5.942158],[-35.420847,-5.942757],[-35.420474,-5.942849],[-35.420395,-5.943097],[-35.420923,-5.943345],[-35.421117,-5.943935],[-35.421098,-5.945105],[-35.4205,-5.946389],[-35.42057,-5.946945],[-35.421115,-5.947212],[-35.421157,-5.947502],[-35.420737,-5.948284],[-35.420705,-5.948826],[-35.420914,-5.949906],[-35.420563,-5.950456],[-35.420685,-5.950586],[-35.420692,-5.951034],[-35.420459,-5.951111],[-35.420042,-5.950929],[-35.418909,-5.950981],[-35.418786,-5.950845],[-35.419128,-5.949534],[-35.418532,-5.948448],[-35.418367,-5.948459],[-35.417893,-5.947926],[-35.417803,-5.947455],[-35.41751,-5.94752],[-35.417344,-5.947961],[-35.416246,-5.948197],[-35.415312,-5.948231],[-35.414533,-5.948606],[-35.413574,-5.947685],[-35.413331,-5.947142],[-35.412558,-5.946128],[-35.412581,-5.945707],[-35.412726,-5.945576],[-35.413192,-5.945636],[-35.414644,-5.946646],[-35.416617,-5.946783],[-35.416766,-5.946614],[-35.41651,-5.945763],[-35.416716,-5.945181],[-35.41668,-5.944278],[-35.416928,-5.943598],[-35.417281,-5.943339],[-35.417817,-5.943369],[-35.418115,-5.943122],[-35.41931,-5.943016],[-35.420233,-5.943126],[-35.420371,-5.942879],[-35.419951,-5.942719],[-35.419754,-5.942385],[-35.417635,-5.94202],[-35.417028,-5.941569],[-35.417263,-5.941185],[-35.417244,-5.940896],[-35.417061,-5.940668],[-35.417118,-5.940394],[-35.417289,-5.940007],[-35.417741,-5.939556],[-35.417837,-5.939044],[-35.418232,-5.938771],[-35.417977,-5.938546],[-35.418059,-5.938313],[-35.418994,-5.937749],[-35.418643,-5.937609],[-35.417584,-5.938158],[-35.417277,-5.937977],[-35.417121,-5.938474],[-35.416622,-5.938745],[-35.416196,-5.938524],[-35.415992,-5.939165],[-35.415649,-5.939291],[-35.415208,-5.938799],[-35.415096,-5.938392],[-35.415193,-5.937929],[-35.414583,-5.937645],[-35.414525,-5.937167],[-35.414104,-5.936715],[-35.413835,-5.936774],[-35.413359,-5.937156],[-35.413263,-5.937396],[-35.413505,-5.937706],[-35.413485,-5.938255],[-35.413337,-5.938469],[-35.412757,-5.93853],[-35.41259,-5.938407],[-35.412512,-5.938087],[-35.412289,-5.938153]]],[[[-35.436907,-5.944439],[-35.438051,-5.942505],[-35.438596,-5.942106],[-35.438606,-5.941982],[-35.438395,-5.941901],[-35.438034,-5.942002],[-35.436721,-5.943615],[-35.436271,-5.943753],[-35.436425,-5.944602],[-35.436907,-5.944439]]],[[[-35.411918,-5.935752],[-35.412354,-5.935559],[-35.412438,-5.935394],[-35.411961,-5.935315],[-35.411504,-5.934929],[-35.411007,-5.934986],[-35.410956,-5.935696],[-35.411579,-5.93553],[-35.411918,-5.935752]]],[[[-35.45295,-5.935762],[-35.453584,-5.936096],[-35.454512,-5.935186],[-35.454721,-5.935198],[-35.455132,-5.934969],[-35.455907,-5.934236],[-35.45571,-5.934147],[-35.455104,-5.934692],[-35.454315,-5.934725],[-35.454067,-5.934637],[-35.453915,-5.934235],[-35.454228,-5.933931],[-35.454116,-5.93372],[-35.453239,-5.934028],[-35.453649,-5.934963],[-35.45295,-5.935762]]],[[[-35.435139,-5.931898],[-35.435,-5.931703],[-35.434933,-5.93114],[-35.434735,-5.931031],[-35.434546,-5.931104],[-35.434854,-5.932038],[-35.434792,-5.93242],[-35.435425,-5.932468],[-35.435354,-5.93188],[-35.435139,-5.931898]]],[[[-35.422253,-5.929185],[-35.422655,-5.929488],[-35.422794,-5.929404],[-35.420852,-5.928332],[-35.420468,-5.928298],[-35.420662,-5.929165],[-35.420798,-5.929236],[-35.421163,-5.929083],[-35.421228,-5.929223],[-35.422253,-5.929185]]],[[[-35.410215,-5.927622],[-35.409387,-5.928225],[-35.409771,-5.928585],[-35.410031,-5.928558],[-35.410329,-5.927673],[-35.410215,-5.927622]]],[[[-35.403006,-5.92194],[-35.400922,-5.922356],[-35.401568,-5.923065],[-35.401872,-5.922995],[-35.402156,-5.922771],[-35.403125,-5.922461],[-35.403499,-5.922042],[-35.403951,-5.922266],[-35.404516,-5.922101],[-35.40473,-5.921467],[-35.404405,-5.921895],[-35.404065,-5.921924],[-35.403503,-5.921524],[-35.403183,-5.921622],[-35.403006,-5.92194]]],[[[-35.409173,-5.920166],[-35.40958,-5.920888],[-35.409666,-5.920742],[-35.410191,-5.920652],[-35.410602,-5.920167],[-35.411422,-5.91967],[-35.411086,-5.919551],[-35.410582,-5.919718],[-35.410477,-5.919512],[-35.410334,-5.919771],[-35.409865,-5.919872],[-35.409773,-5.919753],[-35.409572,-5.919793],[-35.409173,-5.920166]]],[[[-35.412888,-5.91872],[-35.411997,-5.919216],[-35.411605,-5.919289],[-35.411725,-5.919922],[-35.411906,-5.919869],[-35.412888,-5.91872]]],[[[-35.437651,-5.909363],[-35.437695,-5.910004],[-35.438403,-5.910048],[-35.438633,-5.910203],[-35.438869,-5.909951],[-35.439135,-5.909948],[-35.439698,-5.910085],[-35.439976,-5.910422],[-35.44027,-5.910262],[-35.43954,-5.909677],[-35.439477,-5.909005],[-35.439334,-5.909451],[-35.43775,-5.909267],[-35.437651,-5.909363]]],[[[-35.435252,-5.909447],[-35.435027,-5.909202],[-35.434924,-5.908757],[-35.434331,-5.908438],[-35.43363,-5.908926],[-35.434545,-5.909292],[-35.435006,-5.909337],[-35.435098,-5.909494],[-35.435252,-5.909447]]],[[[-35.427676,-5.905902],[-35.427633,-5.906258],[-35.427831,-5.906769],[-35.42773,-5.906996],[-35.428422,-5.906352],[-35.428444,-5.906173],[-35.427676,-5.905902]]],[[[-35.402336,-5.905134],[-35.40258,-5.905053],[-35.402454,-5.904895],[-35.402508,-5.904784],[-35.40239,-5.904645],[-35.402108,-5.904649],[-35.401556,-5.905091],[-35.401571,-5.905235],[-35.401248,-5.905636],[-35.401797,-5.905834],[-35.402336,-5.905134]]],[[[-35.435268,-5.899845],[-35.435366,-5.900204],[-35.434156,-5.900025],[-35.433954,-5.899782],[-35.433718,-5.899938],[-35.433453,-5.899828],[-35.433499,-5.900315],[-35.433303,-5.900605],[-35.43367,-5.902993],[-35.434328,-5.90381],[-35.434388,-5.902846],[-35.434683,-5.902648],[-35.435032,-5.902604],[-35.435481,-5.903145],[-35.435594,-5.903533],[-35.436002,-5.903369],[-35.437031,-5.90406],[-35.436074,-5.902303],[-35.43613,-5.902092],[-35.436652,-5.902132],[-35.436996,-5.901884],[-35.436979,-5.901678],[-35.43667,-5.901402],[-35.436531,-5.900613],[-35.437217,-5.900527],[-35.437722,-5.900637],[-35.43774,-5.900117],[-35.438252,-5.899734],[-35.438932,-5.899604],[-35.439444,-5.899709],[-35.439799,-5.89941],[-35.44051,-5.89919],[-35.441696,-5.899357],[-35.442167,-5.899273],[-35.442465,-5.899451],[-35.442675,-5.899019],[-35.443894,-5.899086],[-35.445255,-5.899419],[-35.445496,-5.899333],[-35.44559,-5.899112],[-35.444893,-5.899181],[-35.444824,-5.899028],[-35.445093,-5.899024],[-35.444996,-5.898843],[-35.444813,-5.898764],[-35.444507,-5.898992],[-35.444017,-5.898791],[-35.444092,-5.898451],[-35.443398,-5.898556],[-35.442682,-5.898316],[-35.442518,-5.89814],[-35.441828,-5.898284],[-35.441841,-5.898764],[-35.441689,-5.898867],[-35.441241,-5.898775],[-35.440742,-5.898348],[-35.440585,-5.898019],[-35.440484,-5.898382],[-35.440173,-5.898604],[-35.439205,-5.898696],[-35.43901,-5.898883],[-35.438075,-5.898861],[-35.437479,-5.899076],[-35.43714,-5.898687],[-35.437166,-5.897949],[-35.436944,-5.898188],[-35.43683,-5.899126],[-35.436191,-5.899575],[-35.435381,-5.899713],[-35.435268,-5.899845]]],[[[-35.458826,-5.895488],[-35.4583,-5.895539],[-35.457897,-5.895888],[-35.457154,-5.895819],[-35.456864,-5.895613],[-35.45668,-5.895254],[-35.456603,-5.894635],[-35.456768,-5.894368],[-35.456592,-5.894194],[-35.455467,-5.895646],[-35.456376,-5.895879],[-35.456452,-5.896048],[-35.457321,-5.896176],[-35.459293,-5.895626],[-35.458826,-5.895488]]],[[[-35.420496,-5.883075],[-35.421487,-5.882664],[-35.421465,-5.882544],[-35.420824,-5.882618],[-35.420112,-5.882523],[-35.42036,-5.883031],[-35.420496,-5.883075]]],[[[-35.434115,-5.868123],[-35.436421,-5.86733],[-35.439569,-5.866979],[-35.440092,-5.866769],[-35.440258,-5.866335],[-35.440519,-5.866144],[-35.442719,-5.865741],[-35.441948,-5.865327],[-35.440207,-5.865709],[-35.439581,-5.866056],[-35.437967,-5.866186],[-35.435802,-5.866753],[-35.434375,-5.866818],[-35.433182,-5.867412],[-35.433196,-5.867654],[-35.433739,-5.868454],[-35.43401,-5.868368],[-35.434115,-5.868123]]],[[[-35.423215,-5.864896],[-35.42398,-5.863507],[-35.42392,-5.863336],[-35.424243,-5.862946],[-35.42412,-5.862822],[-35.423937,-5.863155],[-35.42371,-5.863118],[-35.422649,-5.864135],[-35.423215,-5.864896]]],[[[-35.399779,-5.847238],[-35.400486,-5.845474],[-35.400033,-5.843994],[-35.399449,-5.843586],[-35.398626,-5.843369],[-35.397654,-5.843378],[-35.39708,-5.843588],[-35.396818,-5.843943],[-35.396818,-5.846663],[-35.396964,-5.846939],[-35.397291,-5.847231],[-35.397756,-5.847409],[-35.3995,-5.84734],[-35.399779,-5.847238]]],[[[-35.458902,-5.841016],[-35.459412,-5.84078],[-35.459836,-5.840003],[-35.458755,-5.840876],[-35.458902,-5.841016]]],[[[-35.409886,-5.829523],[-35.41058,-5.828562],[-35.410501,-5.828062],[-35.409769,-5.82804],[-35.409863,-5.828959],[-35.409735,-5.82927],[-35.409886,-5.829523]]],[[[-35.40147,-5.824019],[-35.402065,-5.823718],[-35.402314,-5.823135],[-35.401726,-5.822894],[-35.401586,-5.823009],[-35.401378,-5.82391],[-35.40147,-5.824019]]],[[[-35.451217,-5.822952],[-35.451104,-5.823289],[-35.45198,-5.822754],[-35.451815,-5.822182],[-35.451217,-5.822952]]],[[[-35.434711,-5.820423],[-35.435209,-5.820692],[-35.435405,-5.820588],[-35.435417,-5.820437],[-35.434966,-5.820024],[-35.434933,-5.819642],[-35.435159,-5.819235],[-35.434989,-5.819173],[-35.434502,-5.819315],[-35.4341,-5.819625],[-35.434143,-5.819772],[-35.434511,-5.819944],[-35.434711,-5.820423]]],[[[-35.45808,-5.819147],[-35.458078,-5.820066],[-35.458359,-5.820106],[-35.45872,-5.819347],[-35.458292,-5.819097],[-35.45808,-5.819147]]],[[[-35.439946,-5.819071],[-35.440322,-5.819921],[-35.440483,-5.819449],[-35.440348,-5.818477],[-35.439667,-5.818549],[-35.439468,-5.818681],[-35.439624,-5.819136],[-35.439946,-5.819071]]],[[[-35.414319,-5.81702],[-35.413761,-5.817083],[-35.413763,-5.817626],[-35.414321,-5.817601],[-35.41432,-5.817335],[-35.414488,-5.817183],[-35.414319,-5.817183],[-35.414319,-5.81702]]],[[[-35.439591,-5.817326],[-35.43938,-5.816677],[-35.439685,-5.816766],[-35.440078,-5.816448],[-35.43985,-5.816002],[-35.43945,-5.816039],[-35.438239,-5.816577],[-35.438585,-5.816928],[-35.439287,-5.81708],[-35.439381,-5.8173],[-35.439591,-5.817326]]],[[[-35.434998,-5.815623],[-35.434161,-5.816309],[-35.434389,-5.816766],[-35.434903,-5.816785],[-35.435147,-5.816945],[-35.435649,-5.816809],[-35.435775,-5.816641],[-35.435817,-5.815462],[-35.435379,-5.815053],[-35.435817,-5.814882],[-35.436255,-5.815148],[-35.436417,-5.814634],[-35.436702,-5.81452],[-35.436559,-5.814215],[-35.436017,-5.814225],[-35.43575,-5.814453],[-35.434379,-5.814559],[-35.434481,-5.815184],[-35.434836,-5.81514],[-35.434951,-5.815005],[-35.435107,-5.815399],[-35.434998,-5.815623]]],[[[-35.421579,-5.814167],[-35.420526,-5.814391],[-35.420296,-5.814536],[-35.421067,-5.814682],[-35.421568,-5.814505],[-35.421579,-5.814167]]],[[[-35.446882,-5.814194],[-35.447769,-5.814514],[-35.448001,-5.813737],[-35.446966,-5.813704],[-35.446882,-5.814194]]],[[[-35.447375,-5.813205],[-35.448013,-5.81303],[-35.448081,-5.812779],[-35.447153,-5.812695],[-35.447103,-5.812959],[-35.447332,-5.813045],[-35.447375,-5.813205]]],[[[-35.448105,-5.812513],[-35.448238,-5.812021],[-35.447132,-5.812009],[-35.447032,-5.812523],[-35.448105,-5.812513]]],[[[-35.408665,-5.811214],[-35.407815,-5.810928],[-35.40786,-5.811353],[-35.407637,-5.812235],[-35.408703,-5.813033],[-35.408907,-5.812831],[-35.408724,-5.812571],[-35.408973,-5.812314],[-35.408701,-5.811806],[-35.408536,-5.811799],[-35.408665,-5.811214]]],[[[-35.448509,-5.811522],[-35.44764,-5.811459],[-35.447617,-5.811838],[-35.448448,-5.811857],[-35.448509,-5.811522]]],[[[-35.420615,-5.806588],[-35.421579,-5.80726],[-35.4217,-5.80708],[-35.421706,-5.807454],[-35.421866,-5.807368],[-35.422228,-5.807753],[-35.422315,-5.808387],[-35.422459,-5.808136],[-35.422738,-5.808611],[-35.422855,-5.808249],[-35.423701,-5.807931],[-35.423915,-5.808087],[-35.424327,-5.807724],[-35.424169,-5.807578],[-35.424406,-5.807456],[-35.4245,-5.807654],[-35.424656,-5.807384],[-35.424843,-5.80743],[-35.425019,-5.807071],[-35.424853,-5.806841],[-35.424746,-5.807079],[-35.424419,-5.806994],[-35.423825,-5.807319],[-35.423103,-5.807322],[-35.422265,-5.806913],[-35.421683,-5.806338],[-35.421585,-5.806538],[-35.42172,-5.806727],[-35.420615,-5.806588]]],[[[-35.418878,-5.805258],[-35.419557,-5.805637],[-35.419692,-5.805866],[-35.420114,-5.806011],[-35.420093,-5.805764],[-35.419826,-5.805786],[-35.419195,-5.805141],[-35.418773,-5.805146],[-35.418385,-5.804942],[-35.418354,-5.804767],[-35.418037,-5.804542],[-35.417929,-5.80457],[-35.418375,-5.805157],[-35.418718,-5.805398],[-35.418878,-5.805258]]],[[[-35.419048,-5.801806],[-35.41754,-5.802336],[-35.417459,-5.802477],[-35.417618,-5.803568],[-35.417954,-5.80358],[-35.418666,-5.803029],[-35.419392,-5.802128],[-35.419048,-5.801806]]],[[[-35.459316,-5.801377],[-35.458339,-5.800562],[-35.45888,-5.801301],[-35.4589,-5.801611],[-35.458746,-5.802298],[-35.45799,-5.802924],[-35.458213,-5.803263],[-35.458886,-5.803299],[-35.458949,-5.802447],[-35.459161,-5.802171],[-35.459316,-5.801377]]],[[[-35.43736,-5.801567],[-35.437083,-5.801415],[-35.436549,-5.800876],[-35.436458,-5.801213],[-35.436836,-5.801893],[-35.437287,-5.801949],[-35.43736,-5.801567]]],[[[-35.420381,-5.79762],[-35.420624,-5.796851],[-35.420833,-5.796602],[-35.420743,-5.796453],[-35.42094,-5.796215],[-35.420636,-5.79637],[-35.419955,-5.79625],[-35.420243,-5.797615],[-35.420381,-5.79762]]],[[[-35.415837,-5.795049],[-35.415631,-5.794979],[-35.415532,-5.79539],[-35.415543,-5.795061],[-35.414977,-5.794709],[-35.415053,-5.795318],[-35.41554,-5.795491],[-35.415603,-5.795807],[-35.415857,-5.795762],[-35.415901,-5.795624],[-35.415837,-5.795049]]],[[[-35.410181,-5.790363],[-35.410747,-5.790214],[-35.411342,-5.790262],[-35.411606,-5.790677],[-35.411844,-5.791605],[-35.411454,-5.792394],[-35.412082,-5.792567],[-35.412449,-5.792224],[-35.41331,-5.791989],[-35.413203,-5.792632],[-35.413845,-5.79262],[-35.413976,-5.792263],[-35.414214,-5.792049],[-35.415047,-5.791882],[-35.41538,-5.791549],[-35.415677,-5.790823],[-35.414059,-5.790692],[-35.413964,-5.790169],[-35.41497,-5.789724],[-35.415079,-5.789143],[-35.414989,-5.788786],[-35.410116,-5.788863],[-35.409895,-5.789467],[-35.409965,-5.790159],[-35.410181,-5.790363]]],[[[-35.401817,-5.788042],[-35.402249,-5.787499],[-35.402418,-5.787078],[-35.402346,-5.786962],[-35.401241,-5.78759],[-35.400982,-5.787329],[-35.401092,-5.7883],[-35.401817,-5.788042]]],[[[-35.416617,-5.781614],[-35.415946,-5.782172],[-35.415846,-5.782462],[-35.415964,-5.783099],[-35.416096,-5.783174],[-35.416434,-5.783148],[-35.416249,-5.782529],[-35.416608,-5.781848],[-35.416617,-5.781614]]],[[[-35.436596,-5.783026],[-35.43693,-5.783733],[-35.436888,-5.785306],[-35.437995,-5.78498],[-35.437393,-5.782993],[-35.437617,-5.78245],[-35.437588,-5.781982],[-35.437101,-5.780984],[-35.436749,-5.77892],[-35.436879,-5.778792],[-35.437136,-5.777799],[-35.437386,-5.777481],[-35.437186,-5.777371],[-35.436472,-5.778704],[-35.436437,-5.779156],[-35.436092,-5.780128],[-35.436079,-5.781056],[-35.436596,-5.783026]]],[[[-35.417721,-5.77981],[-35.416751,-5.780881],[-35.416815,-5.781191],[-35.41724,-5.781165],[-35.417779,-5.780149],[-35.417721,-5.77981]]],[[[-35.426895,-5.778724],[-35.426931,-5.780024],[-35.426552,-5.780738],[-35.42613,-5.78121],[-35.426182,-5.781382],[-35.426422,-5.781503],[-35.426758,-5.781181],[-35.426985,-5.780395],[-35.427325,-5.77998],[-35.427509,-5.779275],[-35.427257,-5.778501],[-35.426978,-5.778618],[-35.427063,-5.778357],[-35.427308,-5.778493],[-35.426732,-5.777504],[-35.426439,-5.777655],[-35.426579,-5.77832],[-35.426789,-5.778623],[-35.427063,-5.778684],[-35.42702,-5.778868],[-35.426895,-5.778724]]],[[[-35.451297,-5.77792],[-35.451524,-5.778507],[-35.452312,-5.777737],[-35.452484,-5.777234],[-35.451757,-5.777433],[-35.451423,-5.777755],[-35.451297,-5.77792]]],[[[-35.439661,-5.769846],[-35.44017,-5.771117],[-35.44003,-5.771502],[-35.440427,-5.771472],[-35.440412,-5.770594],[-35.440011,-5.770112],[-35.440033,-5.769828],[-35.439657,-5.769405],[-35.439614,-5.769127],[-35.439432,-5.769142],[-35.439378,-5.768909],[-35.439239,-5.768954],[-35.439298,-5.769414],[-35.439661,-5.769846]]],[[[-35.386819,-5.941918],[-35.387101,-5.941807],[-35.386988,-5.941579],[-35.386412,-5.940867],[-35.386349,-5.940935],[-35.386152,-5.940771],[-35.385954,-5.941626],[-35.386593,-5.941708],[-35.386618,-5.941845],[-35.386819,-5.941918]]],[[[-35.391792,-5.925655],[-35.391679,-5.926516],[-35.392321,-5.925408],[-35.393264,-5.924874],[-35.39422,-5.924743],[-35.394359,-5.924485],[-35.394058,-5.924533],[-35.39398,-5.924331],[-35.393582,-5.924025],[-35.393142,-5.924183],[-35.392159,-5.925049],[-35.391792,-5.925655]]],[[[-35.386375,-5.921757],[-35.38733,-5.921878],[-35.387211,-5.921308],[-35.38689,-5.92112],[-35.386655,-5.92122],[-35.386375,-5.921757]]],[[[-35.383546,-5.912873],[-35.384043,-5.912585],[-35.384532,-5.912593],[-35.384297,-5.912091],[-35.384376,-5.911594],[-35.384711,-5.911137],[-35.38546,-5.911381],[-35.385682,-5.911341],[-35.385245,-5.910551],[-35.384706,-5.910351],[-35.383592,-5.910646],[-35.383382,-5.911119],[-35.383768,-5.911747],[-35.383277,-5.912853],[-35.383546,-5.912873]]],[[[-35.386238,-5.906404],[-35.385164,-5.906573],[-35.38546,-5.908215],[-35.385834,-5.908372],[-35.386304,-5.907919],[-35.386354,-5.907408],[-35.386187,-5.907285],[-35.386238,-5.906404]],[[-35.386112,-5.907929],[-35.386151,-5.907889],[-35.386167,-5.907944],[-35.386112,-5.907929]]],[[[-35.397373,-5.905404],[-35.39773,-5.905433],[-35.398182,-5.905457],[-35.39796,-5.905109],[-35.39761,-5.90492],[-35.397373,-5.905404]]],[[[-35.397568,-5.898911],[-35.396334,-5.900262],[-35.397707,-5.900024],[-35.397696,-5.899396],[-35.398762,-5.898701],[-35.398403,-5.898553],[-35.397701,-5.898743],[-35.397622,-5.898563],[-35.397389,-5.898705],[-35.397568,-5.898911]]],[[[-35.358406,-5.890374],[-35.357193,-5.891267],[-35.357463,-5.892376],[-35.358326,-5.89193],[-35.359255,-5.892206],[-35.359324,-5.891053],[-35.359484,-5.89058],[-35.359516,-5.889253],[-35.359073,-5.888802],[-35.358363,-5.88927],[-35.356233,-5.889677],[-35.354786,-5.890303],[-35.354816,-5.890978],[-35.355471,-5.890502],[-35.356779,-5.890265],[-35.358356,-5.890175],[-35.358406,-5.890374]]],[[[-35.388041,-5.889512],[-35.389001,-5.889664],[-35.389294,-5.889898],[-35.389631,-5.889873],[-35.389135,-5.889078],[-35.389122,-5.888874],[-35.389696,-5.888203],[-35.389408,-5.888253],[-35.389184,-5.888474],[-35.388785,-5.888137],[-35.388002,-5.888467],[-35.387954,-5.888838],[-35.387644,-5.888997],[-35.388041,-5.889512]]],[[[-35.350242,-5.886856],[-35.349532,-5.886657],[-35.348752,-5.886986],[-35.348546,-5.887333],[-35.348547,-5.887947],[-35.348703,-5.888364],[-35.350153,-5.888503],[-35.35055,-5.888278],[-35.350613,-5.887412],[-35.350242,-5.886856]]],[[[-35.335566,-5.880213],[-35.335306,-5.879527],[-35.335116,-5.87937],[-35.335246,-5.879226],[-35.334945,-5.879188],[-35.33477,-5.87898],[-35.334393,-5.87902],[-35.334321,-5.878815],[-35.334122,-5.879069],[-35.334494,-5.87917],[-35.333972,-5.879513],[-35.333806,-5.879799],[-35.334742,-5.880314],[-35.335566,-5.880213]]],[[[-35.382744,-5.872202],[-35.383446,-5.872677],[-35.383795,-5.872725],[-35.383801,-5.871664],[-35.383453,-5.870504],[-35.383102,-5.870453],[-35.382916,-5.87074],[-35.382965,-5.871883],[-35.382744,-5.872202]]],[[[-35.341036,-5.868742],[-35.34104,-5.86587],[-35.340827,-5.865646],[-35.339507,-5.866073],[-35.339456,-5.866235],[-35.339736,-5.867677],[-35.339926,-5.870514],[-35.340433,-5.871745],[-35.340807,-5.872068],[-35.34113,-5.871855],[-35.341241,-5.871222],[-35.341036,-5.868742]]],[[[-35.365693,-5.864305],[-35.366256,-5.86413],[-35.366606,-5.863774],[-35.366409,-5.86365],[-35.365109,-5.864145],[-35.365347,-5.864641],[-35.365693,-5.864305]]],[[[-35.371779,-5.857926],[-35.370643,-5.85812],[-35.370907,-5.858748],[-35.371585,-5.858489],[-35.371453,-5.8583],[-35.371759,-5.85809],[-35.371779,-5.857926]]],[[[-35.329441,-5.85602],[-35.329549,-5.856243],[-35.329903,-5.855404],[-35.329422,-5.855275],[-35.329537,-5.855485],[-35.329441,-5.85602]]],[[[-35.365423,-5.845178],[-35.364924,-5.845611],[-35.365426,-5.845895],[-35.365644,-5.846468],[-35.366291,-5.847111],[-35.367724,-5.847105],[-35.36858,-5.846154],[-35.368778,-5.846081],[-35.368866,-5.845828],[-35.368686,-5.845716],[-35.368873,-5.845723],[-35.368775,-5.845447],[-35.368576,-5.845375],[-35.368587,-5.844829],[-35.368203,-5.84436],[-35.368065,-5.844366],[-35.368171,-5.843545],[-35.367888,-5.843379],[-35.36785,-5.843183],[-35.367746,-5.843296],[-35.367238,-5.843333],[-35.366807,-5.842905],[-35.366347,-5.843452],[-35.36606,-5.843382],[-35.365991,-5.843956],[-35.365705,-5.844029],[-35.365563,-5.844316],[-35.365423,-5.845178]]],[[[-35.32689,-5.844019],[-35.327059,-5.844244],[-35.327166,-5.844016],[-35.327049,-5.84393],[-35.327296,-5.843254],[-35.327182,-5.842445],[-35.327087,-5.842426],[-35.32689,-5.844019]]],[[[-35.320807,-5.837396],[-35.320723,-5.837179],[-35.320837,-5.837193],[-35.320904,-5.836875],[-35.320738,-5.836505],[-35.320462,-5.836717],[-35.320405,-5.836919],[-35.32004,-5.837142],[-35.320378,-5.837412],[-35.320576,-5.837323],[-35.320654,-5.837662],[-35.320807,-5.837396]]],[[[-35.323022,-5.836827],[-35.322808,-5.835986],[-35.322234,-5.835845],[-35.321875,-5.835559],[-35.321733,-5.835847],[-35.321879,-5.836564],[-35.322096,-5.836922],[-35.322526,-5.837135],[-35.323022,-5.836827]]],[[[-35.323607,-5.836141],[-35.323847,-5.836501],[-35.324642,-5.836327],[-35.324621,-5.836177],[-35.3241,-5.835991],[-35.323607,-5.836141]]],[[[-35.345798,-5.832409],[-35.34565,-5.832583],[-35.345906,-5.832706],[-35.345657,-5.832818],[-35.346069,-5.833074],[-35.346193,-5.832928],[-35.346551,-5.833182],[-35.347745,-5.833057],[-35.34822,-5.832637],[-35.346142,-5.8326],[-35.345798,-5.832409]]],[[[-35.375087,-5.832006],[-35.375084,-5.831145],[-35.375224,-5.830571],[-35.375151,-5.830069],[-35.374005,-5.830074],[-35.373146,-5.830364],[-35.372863,-5.831227],[-35.372577,-5.8313],[-35.372506,-5.831587],[-35.372797,-5.832447],[-35.373083,-5.832517],[-35.375087,-5.832006]]],[[[-35.304058,-5.825323],[-35.303403,-5.825924],[-35.303285,-5.826223],[-35.303347,-5.826821],[-35.302991,-5.827301],[-35.302515,-5.827661],[-35.302217,-5.827722],[-35.302038,-5.827962],[-35.302337,-5.828081],[-35.302518,-5.828319],[-35.302401,-5.828917],[-35.302559,-5.829366],[-35.303358,-5.829332],[-35.302936,-5.828497],[-35.303174,-5.828316],[-35.303113,-5.828018],[-35.303232,-5.827718],[-35.304124,-5.826877],[-35.304239,-5.82598],[-35.304775,-5.825619],[-35.304892,-5.825021],[-35.305191,-5.825079],[-35.305965,-5.824598],[-35.306563,-5.824775],[-35.306861,-5.824714],[-35.306681,-5.824475],[-35.306083,-5.824239],[-35.305188,-5.824422],[-35.304292,-5.824366],[-35.303876,-5.824726],[-35.304058,-5.825323]]],[[[-35.28896,-5.821349],[-35.288113,-5.821404],[-35.287689,-5.822135],[-35.287407,-5.82222],[-35.287334,-5.822139],[-35.28708,-5.822574],[-35.286402,-5.823037],[-35.286364,-5.823269],[-35.286203,-5.823335],[-35.286026,-5.823087],[-35.285382,-5.823822],[-35.285416,-5.823943],[-35.285777,-5.824077],[-35.28662,-5.824086],[-35.28701,-5.823923],[-35.28722,-5.82372],[-35.286904,-5.823624],[-35.286682,-5.823897],[-35.286579,-5.82375],[-35.286676,-5.823445],[-35.286901,-5.823128],[-35.287661,-5.822674],[-35.287864,-5.822824],[-35.287917,-5.823214],[-35.290305,-5.823204],[-35.290363,-5.822606],[-35.290189,-5.822076],[-35.29036,-5.821889],[-35.290418,-5.821589],[-35.290298,-5.821291],[-35.290416,-5.820991],[-35.290662,-5.82104],[-35.291075,-5.821527],[-35.291316,-5.822124],[-35.291556,-5.822302],[-35.291854,-5.822181],[-35.292032,-5.821942],[-35.29209,-5.821642],[-35.292625,-5.820923],[-35.292623,-5.820624],[-35.29304,-5.820204],[-35.292741,-5.820145],[-35.292623,-5.820444],[-35.292324,-5.820386],[-35.292023,-5.819849],[-35.291784,-5.81967],[-35.292145,-5.820506],[-35.292146,-5.820805],[-35.29191,-5.821404],[-35.291672,-5.821584],[-35.290773,-5.820811],[-35.290592,-5.820273],[-35.290281,-5.820225],[-35.289876,-5.820396],[-35.289818,-5.820727],[-35.28982,-5.821293],[-35.289582,-5.821473],[-35.289762,-5.821608],[-35.289564,-5.821686],[-35.289069,-5.821564],[-35.28896,-5.821349]],[[-35.286188,-5.82339],[-35.286148,-5.823351],[-35.286203,-5.823335],[-35.286188,-5.82339]],[[-35.289848,-5.820699],[-35.289877,-5.820695],[-35.289878,-5.82075],[-35.289848,-5.820699]]],[[[-35.353985,-5.818292],[-35.353128,-5.818483],[-35.352529,-5.818454],[-35.352548,-5.819282],[-35.353147,-5.819234],[-35.353395,-5.818844],[-35.353766,-5.819025],[-35.354889,-5.818045],[-35.354723,-5.817777],[-35.353985,-5.818292]]],[[[-35.356555,-5.818425],[-35.357316,-5.81834],[-35.357402,-5.817911],[-35.356492,-5.818013],[-35.356555,-5.818425]]],[[[-35.359496,-5.81675],[-35.358934,-5.81676],[-35.358906,-5.817026],[-35.357996,-5.817128],[-35.358182,-5.817645],[-35.358851,-5.817297],[-35.359496,-5.81675]]],[[[-35.364388,-5.81459],[-35.364142,-5.814581],[-35.363713,-5.814798],[-35.36366,-5.815204],[-35.363822,-5.815504],[-35.364236,-5.815423],[-35.36435,-5.815533],[-35.364469,-5.815438],[-35.364535,-5.815019],[-35.364388,-5.81459]]],[[[-35.291146,-5.812575],[-35.290834,-5.81284],[-35.291039,-5.813154],[-35.291421,-5.812862],[-35.291265,-5.812817],[-35.291348,-5.812653],[-35.291146,-5.812575]]],[[[-35.291979,-5.81226],[-35.291533,-5.812034],[-35.29139,-5.812129],[-35.29151,-5.812484],[-35.291979,-5.812551],[-35.292046,-5.812368],[-35.29189,-5.812323],[-35.291979,-5.81226]]],[[[-35.292044,-5.811005],[-35.291188,-5.811278],[-35.291194,-5.811415],[-35.291556,-5.811392],[-35.291616,-5.811612],[-35.292157,-5.81157],[-35.292044,-5.811005]]],[[[-35.293853,-5.810178],[-35.29349,-5.810398],[-35.293067,-5.810035],[-35.292925,-5.810142],[-35.293335,-5.81063],[-35.293508,-5.810469],[-35.293531,-5.810666],[-35.293656,-5.810654],[-35.293888,-5.810446],[-35.293853,-5.810178]]],[[[-35.29111,-5.810612],[-35.291072,-5.809938],[-35.290765,-5.809904],[-35.290837,-5.810559],[-35.29111,-5.810612]]],[[[-35.271219,-5.804012],[-35.271113,-5.804088],[-35.27123,-5.80494],[-35.271727,-5.805294],[-35.271886,-5.805636],[-35.27218,-5.805667],[-35.271219,-5.804012]]],[[[-35.317163,-5.804823],[-35.318018,-5.80479],[-35.317948,-5.804659],[-35.31717,-5.804673],[-35.317163,-5.804823]]],[[[-35.266624,-5.802588],[-35.266012,-5.804655],[-35.265288,-5.805336],[-35.265043,-5.805948],[-35.265175,-5.805922],[-35.265398,-5.805521],[-35.265837,-5.805471],[-35.265993,-5.805604],[-35.266548,-5.803931],[-35.266631,-5.803116],[-35.266723,-5.803107],[-35.266621,-5.802915],[-35.266782,-5.802541],[-35.267082,-5.80241],[-35.266938,-5.802348],[-35.266624,-5.802588]]],[[[-35.31648,-5.803658],[-35.316531,-5.802801],[-35.316011,-5.802751],[-35.315621,-5.80286],[-35.315649,-5.803303],[-35.315807,-5.803453],[-35.3157,-5.803666],[-35.31648,-5.803658]]],[[[-35.220887,-5.763563],[-35.22279,-5.763582],[-35.225607,-5.763354],[-35.226312,-5.763715],[-35.228082,-5.766076],[-35.229373,-5.767338],[-35.230412,-5.767677],[-35.231971,-5.767655],[-35.233633,-5.767345],[-35.235722,-5.76657],[-35.236083,-5.766005],[-35.236196,-5.76526],[-35.236766,-5.763764],[-35.236287,-5.763927],[-35.235846,-5.764504],[-35.235389,-5.765703],[-35.233395,-5.766728],[-35.232423,-5.766999],[-35.230819,-5.766999],[-35.230176,-5.766932],[-35.229281,-5.766399],[-35.229012,-5.765599],[-35.227453,-5.763339],[-35.226323,-5.762775],[-35.225645,-5.762616],[-35.223409,-5.763023],[-35.221788,-5.762229],[-35.221003,-5.762229],[-35.220115,-5.762436],[-35.219332,-5.763114],[-35.218619,-5.764243],[-35.218122,-5.765825],[-35.21767,-5.766533],[-35.21628,-5.767389],[-35.213748,-5.767618],[-35.212601,-5.767014],[-35.212601,-5.766263],[-35.212339,-5.765675],[-35.211882,-5.764825],[-35.211131,-5.764009],[-35.210804,-5.763453],[-35.210575,-5.762734],[-35.210575,-5.761036],[-35.210837,-5.760317],[-35.210816,-5.759675],[-35.21015,-5.759631],[-35.209628,-5.760317],[-35.208648,-5.76097],[-35.207177,-5.759909],[-35.206449,-5.75901],[-35.206277,-5.75781],[-35.205421,-5.757082],[-35.204907,-5.75644],[-35.203965,-5.754427],[-35.203536,-5.753956],[-35.202894,-5.753913],[-35.20208,-5.752371],[-35.201437,-5.752622],[-35.200249,-5.752655],[-35.196969,-5.756197],[-35.20031,-5.758467],[-35.201723,-5.758895],[-35.202152,-5.759838],[-35.203608,-5.761765],[-35.204336,-5.768189],[-35.204935,-5.77016],[-35.205107,-5.771659],[-35.207205,-5.777312],[-35.208062,-5.779968],[-35.209176,-5.781638],[-35.212388,-5.785322],[-35.216414,-5.788148],[-35.219112,-5.789219],[-35.22104,-5.789176],[-35.222325,-5.789862],[-35.224166,-5.790504],[-35.226179,-5.790547],[-35.227807,-5.791232],[-35.231447,-5.791232],[-35.235602,-5.790247],[-35.240527,-5.788705],[-35.242669,-5.787506],[-35.244596,-5.784979],[-35.245753,-5.783865],[-35.246824,-5.784037],[-35.247594,-5.785193],[-35.249565,-5.791104],[-35.249136,-5.798128],[-35.251064,-5.803353],[-35.251621,-5.804167],[-35.252563,-5.805238],[-35.253676,-5.805923],[-35.255047,-5.807722],[-35.255647,-5.808835],[-35.25903,-5.810891],[-35.25993,-5.811277],[-35.2613,-5.811491],[-35.264427,-5.812519],[-35.265969,-5.812647],[-35.267639,-5.813033],[-35.269052,-5.813675],[-35.270466,-5.814532],[-35.27154,-5.815975],[-35.27242,-5.816737],[-35.273164,-5.816973],[-35.273892,-5.817744],[-35.276848,-5.818901],[-35.279103,-5.819334],[-35.280653,-5.821876],[-35.280844,-5.826992],[-35.280702,-5.828409],[-35.281473,-5.828666],[-35.282844,-5.829437],[-35.284086,-5.829522],[-35.284728,-5.829865],[-35.284814,-5.830679],[-35.285285,-5.831407],[-35.285928,-5.831707],[-35.286656,-5.832306],[-35.287769,-5.83282],[-35.288712,-5.833506],[-35.289097,-5.834062],[-35.288926,-5.835305],[-35.290639,-5.835176],[-35.291667,-5.836975],[-35.292738,-5.837746],[-35.293637,-5.838902],[-35.294793,-5.839673],[-35.296207,-5.83993],[-35.296807,-5.84083],[-35.298049,-5.840958],[-35.298761,-5.840579],[-35.299808,-5.840841],[-35.300831,-5.841459],[-35.30206,-5.841505],[-35.303616,-5.841087],[-35.304387,-5.841344],[-35.304559,-5.841729],[-35.305886,-5.841772],[-35.306263,-5.840885],[-35.30778,-5.840692],[-35.308335,-5.840355],[-35.308993,-5.840246],[-35.309826,-5.839889],[-35.310334,-5.83915],[-35.312286,-5.840065],[-35.313924,-5.841607],[-35.315032,-5.842113],[-35.316044,-5.842306],[-35.316646,-5.842258],[-35.317417,-5.841896],[-35.318285,-5.841896],[-35.318616,-5.842713],[-35.319392,-5.842357],[-35.32042,-5.842357],[-35.320335,-5.841843],[-35.319821,-5.84103],[-35.318921,-5.84073],[-35.317893,-5.840601],[-35.316266,-5.84073],[-35.315666,-5.840901],[-35.314681,-5.840815],[-35.312025,-5.838331],[-35.31104,-5.837603],[-35.310098,-5.837389],[-35.309284,-5.836961],[-35.306929,-5.836361],[-35.305344,-5.836532],[-35.303502,-5.836961],[-35.301832,-5.837046],[-35.300547,-5.835847],[-35.298277,-5.834819],[-35.297335,-5.834134],[-35.29605,-5.83422],[-35.294808,-5.833877],[-35.294037,-5.83332],[-35.294037,-5.831992],[-35.293437,-5.830793],[-35.292581,-5.830065],[-35.291504,-5.829824],[-35.290653,-5.828951],[-35.28954,-5.828523],[-35.28697,-5.82848],[-35.286242,-5.828309],[-35.285642,-5.827838],[-35.285642,-5.82711],[-35.285342,-5.826424],[-35.284486,-5.825996],[-35.2838,-5.825868],[-35.282901,-5.826125],[-35.282087,-5.825739],[-35.282387,-5.823683],[-35.282173,-5.822356],[-35.28243,-5.821371],[-35.281702,-5.820942],[-35.280545,-5.818629],[-35.279774,-5.817516],[-35.279003,-5.81683],[-35.277761,-5.816274],[-35.276305,-5.816274],[-35.275448,-5.815845],[-35.274164,-5.814646],[-35.272108,-5.813104],[-35.271445,-5.812168],[-35.270874,-5.811669],[-35.26966,-5.810883],[-35.268613,-5.810526],[-35.264955,-5.810363],[-35.263113,-5.809892],[-35.263285,-5.808607],[-35.263927,-5.807108],[-35.264013,-5.806209],[-35.264741,-5.805866],[-35.264827,-5.805095],[-35.262437,-5.806461],[-35.2617,-5.806294],[-35.2608,-5.807065],[-35.259901,-5.807322],[-35.258873,-5.806722],[-35.258531,-5.805395],[-35.257074,-5.801412],[-35.256817,-5.800255],[-35.257746,-5.799342],[-35.25925,-5.79862],[-35.257226,-5.797419],[-35.256155,-5.797324],[-35.255442,-5.797324],[-35.254704,-5.797657],[-35.253819,-5.798499],[-35.25292,-5.797942],[-35.252791,-5.796957],[-35.253005,-5.795929],[-35.252577,-5.795544],[-35.252748,-5.794559],[-35.253471,-5.79343],[-35.254113,-5.793667],[-35.256278,-5.795726],[-35.25654,-5.795559],[-35.253948,-5.791989],[-35.253962,-5.790151],[-35.254809,-5.788724],[-35.256351,-5.789571],[-35.257274,-5.790964],[-35.257746,-5.791318],[-35.258477,-5.791176],[-35.258683,-5.790915],[-35.258454,-5.790326],[-35.258359,-5.790114],[-35.257531,-5.789837],[-35.257302,-5.789171],[-35.257007,-5.788809],[-35.257061,-5.78858],[-35.256517,-5.788562],[-35.256218,-5.788006],[-35.255404,-5.787492],[-35.253348,-5.786764],[-35.25227,-5.783853],[-35.251763,-5.783037],[-35.250778,-5.782224],[-35.25005,-5.781324],[-35.248715,-5.780204],[-35.247266,-5.778669],[-35.244139,-5.778883],[-35.242126,-5.780082],[-35.238657,-5.781838],[-35.234503,-5.785307],[-35.233004,-5.786164],[-35.230786,-5.785583],[-35.228039,-5.785106],[-35.226399,-5.78503],[-35.224438,-5.785222],[-35.219855,-5.784324],[-35.218441,-5.783851],[-35.215914,-5.782181],[-35.212145,-5.778454],[-35.211958,-5.777718],[-35.211468,-5.777154],[-35.211431,-5.775874],[-35.211807,-5.775573],[-35.212297,-5.775573],[-35.21256,-5.775234],[-35.212221,-5.774105],[-35.210565,-5.772975],[-35.210414,-5.772185],[-35.210452,-5.769813],[-35.210753,-5.768872],[-35.210904,-5.768721],[-35.210969,-5.767977],[-35.212492,-5.768284],[-35.213425,-5.768627],[-35.214909,-5.768684],[-35.216299,-5.768493],[-35.217137,-5.768075],[-35.217974,-5.767351],[-35.21944,-5.765676],[-35.220887,-5.763563]],[[-35.212054,-5.767668],[-35.212587,-5.767564],[-35.210969,-5.767977],[-35.212054,-5.767668]]],[[[-35.366093,-5.797083],[-35.366451,-5.796695],[-35.366607,-5.795881],[-35.365606,-5.794189],[-35.364951,-5.794741],[-35.365365,-5.796084],[-35.365106,-5.79633],[-35.364039,-5.79667],[-35.363144,-5.79657],[-35.362512,-5.796338],[-35.361442,-5.797727],[-35.363709,-5.798147],[-35.365387,-5.797177],[-35.365751,-5.797027],[-35.366093,-5.797083]]],[[[-35.233147,-5.796062],[-35.233864,-5.796131],[-35.233827,-5.794636],[-35.233142,-5.794699],[-35.232928,-5.795059],[-35.233147,-5.796062]]],[[[-35.229263,-5.794092],[-35.228833,-5.794093],[-35.228693,-5.794955],[-35.229124,-5.795168],[-35.229335,-5.794378],[-35.229263,-5.794092]]],[[[-35.277445,-5.788922],[-35.277523,-5.790309],[-35.278984,-5.790202],[-35.279074,-5.789964],[-35.279081,-5.787911],[-35.278724,-5.787316],[-35.277266,-5.788089],[-35.277445,-5.788922]]],[[[-35.394136,-5.788196],[-35.393625,-5.78847],[-35.393494,-5.789132],[-35.393847,-5.7893],[-35.394295,-5.789241],[-35.394149,-5.788693],[-35.394278,-5.788277],[-35.394136,-5.788196]]],[[[-35.352506,-5.78815],[-35.352872,-5.787912],[-35.352512,-5.787001],[-35.351796,-5.786944],[-35.351066,-5.787394],[-35.350438,-5.787594],[-35.350467,-5.787775],[-35.351011,-5.788035],[-35.35129,-5.787974],[-35.351927,-5.788179],[-35.352506,-5.78815]]],[[[-35.268967,-5.788673],[-35.268872,-5.788913],[-35.269183,-5.788822],[-35.269393,-5.788554],[-35.269488,-5.787571],[-35.270103,-5.786086],[-35.270532,-5.786084],[-35.270726,-5.786609],[-35.27106,-5.786656],[-35.270915,-5.786322],[-35.271151,-5.78546],[-35.270387,-5.785463],[-35.269385,-5.78585],[-35.268722,-5.787287],[-35.268967,-5.788673]]],[[[-35.220195,-5.778954],[-35.220623,-5.783466],[-35.220698,-5.78171],[-35.220452,-5.780582],[-35.220337,-5.778783],[-35.220789,-5.778184],[-35.218761,-5.776445],[-35.218296,-5.776256],[-35.217267,-5.776211],[-35.217457,-5.776817],[-35.217268,-5.777213],[-35.217401,-5.777728],[-35.217933,-5.778541],[-35.218256,-5.778598],[-35.218724,-5.778026],[-35.219938,-5.778854],[-35.21965,-5.779367],[-35.219819,-5.77947],[-35.220195,-5.778954]]],[[[-35.230974,-5.775755],[-35.231335,-5.775774],[-35.230982,-5.776516],[-35.230534,-5.776976],[-35.230393,-5.776979],[-35.230544,-5.776246],[-35.230297,-5.776804],[-35.230307,-5.777196],[-35.229674,-5.777655],[-35.229672,-5.777793],[-35.229944,-5.7779],[-35.229582,-5.778429],[-35.229588,-5.778738],[-35.229409,-5.779241],[-35.229274,-5.779307],[-35.22927,-5.779557],[-35.229409,-5.779556],[-35.229311,-5.779999],[-35.229502,-5.780236],[-35.229807,-5.780033],[-35.229456,-5.77992],[-35.229816,-5.779773],[-35.229668,-5.778988],[-35.230263,-5.777524],[-35.231379,-5.776388],[-35.231645,-5.776249],[-35.231831,-5.776428],[-35.231877,-5.776067],[-35.232189,-5.775656],[-35.233296,-5.775361],[-35.231541,-5.775242],[-35.231063,-5.775459],[-35.230749,-5.775258],[-35.230746,-5.775894],[-35.230974,-5.775755]]],[[[-35.228311,-5.772169],[-35.228492,-5.772394],[-35.228149,-5.772902],[-35.227982,-5.772819],[-35.227939,-5.772587],[-35.227597,-5.772546],[-35.2276,-5.772828],[-35.227917,-5.772986],[-35.227991,-5.773181],[-35.22847,-5.773239],[-35.227985,-5.77337],[-35.228045,-5.773953],[-35.228218,-5.773847],[-35.228253,-5.774227],[-35.228082,-5.774469],[-35.228024,-5.774401],[-35.228004,-5.774566],[-35.22814,-5.774655],[-35.228574,-5.774719],[-35.228471,-5.774223],[-35.22856,-5.773547],[-35.228822,-5.773412],[-35.229029,-5.773557],[-35.22901,-5.773325],[-35.228496,-5.773389],[-35.228525,-5.77315],[-35.229429,-5.773012],[-35.230035,-5.774098],[-35.23018,-5.7746],[-35.231197,-5.774345],[-35.231462,-5.774071],[-35.232427,-5.774024],[-35.232538,-5.773663],[-35.232793,-5.773668],[-35.232912,-5.773963],[-35.233559,-5.773857],[-35.234089,-5.773979],[-35.234212,-5.774164],[-35.234186,-5.774451],[-35.234805,-5.774383],[-35.234929,-5.77424],[-35.234651,-5.773967],[-35.234657,-5.7736],[-35.235017,-5.773511],[-35.234292,-5.772845],[-35.234229,-5.772978],[-35.233902,-5.773033],[-35.233592,-5.773028],[-35.233382,-5.772801],[-35.232666,-5.772938],[-35.232754,-5.772581],[-35.232175,-5.773035],[-35.23013,-5.773093],[-35.229862,-5.772643],[-35.229927,-5.772549],[-35.230102,-5.77268],[-35.229942,-5.77231],[-35.230006,-5.772138],[-35.229826,-5.772086],[-35.22967,-5.771604],[-35.229551,-5.771575],[-35.229636,-5.771899],[-35.229512,-5.771959],[-35.229371,-5.771733],[-35.229236,-5.771747],[-35.228777,-5.771878],[-35.228697,-5.772283],[-35.228448,-5.772117],[-35.228311,-5.772169]]],[[[-35.219214,-5.774],[-35.221027,-5.773603],[-35.221313,-5.773243],[-35.22074,-5.773461],[-35.220381,-5.773318],[-35.219809,-5.773608],[-35.21945,-5.773629],[-35.219208,-5.773242],[-35.217655,-5.773203],[-35.218853,-5.773032],[-35.218944,-5.772176],[-35.218371,-5.772178],[-35.218302,-5.772753],[-35.217628,-5.772871],[-35.217266,-5.772761],[-35.21719,-5.772551],[-35.217058,-5.772683],[-35.21651,-5.772616],[-35.216078,-5.772115],[-35.216195,-5.772801],[-35.215998,-5.773957],[-35.216683,-5.773962],[-35.217254,-5.774143],[-35.218082,-5.77342],[-35.218834,-5.773477],[-35.219214,-5.774]]],[[[-35.219516,-5.762567],[-35.219601,-5.76231],[-35.219958,-5.762188],[-35.220058,-5.761853],[-35.220422,-5.76166],[-35.220429,-5.76146],[-35.220686,-5.761318],[-35.220636,-5.761025],[-35.220398,-5.760981],[-35.220403,-5.760886],[-35.220915,-5.760918],[-35.221036,-5.760625],[-35.220915,-5.760511],[-35.220476,-5.760515],[-35.21993,-5.760818],[-35.219537,-5.76043],[-35.219004,-5.760411],[-35.218987,-5.760582],[-35.219195,-5.760661],[-35.219244,-5.760975],[-35.219456,-5.761244],[-35.219337,-5.761526],[-35.219474,-5.761685],[-35.21928,-5.761767],[-35.219259,-5.762224],[-35.219401,-5.762317],[-35.219344,-5.762574],[-35.219516,-5.762567]]],[[[-35.217625,-5.754417],[-35.216775,-5.755532],[-35.216963,-5.755613],[-35.216964,-5.755929],[-35.217359,-5.755966],[-35.217329,-5.756269],[-35.217742,-5.755834],[-35.217632,-5.755729],[-35.217812,-5.755635],[-35.217951,-5.755254],[-35.218307,-5.75509],[-35.218327,-5.754841],[-35.217831,-5.754843],[-35.217941,-5.754762],[-35.217625,-5.754417]],[[-35.217809,-5.754867],[-35.217526,-5.755063],[-35.217544,-5.755183],[-35.217958,-5.754957],[-35.218034,-5.755058],[-35.217451,-5.755774],[-35.216909,-5.755477],[-35.217317,-5.755229],[-35.217509,-5.754839],[-35.217678,-5.754732],[-35.217809,-5.754867]]]]}},{"type":"Feature","id":2,"properties":{"area_ha":0.0,"fonte":"ANA (2021)"},"geometry":{"type":"Polygon","coordinates":[[[-36.384002,-6.017295],[-36.384549,-6.018901],[-36.384763,-6.018472],[-36.384716,-6.017473],[-36.38493,-6.017211],[-36.385263,-6.017188],[-36.385858,-6.017473],[-36.386191,-6.018187],[-36.386596,-6.017782],[-36.386358,-6.017378],[-36.385144,-6.016688],[-36.384859,-6.016212],[-36.38424,-6.015784],[-36.383645,-6.015998],[-36.383669,-6.017116],[-36.384002,-6.017295]]]}},{"type":"Feature","id":3,"properties":{"area_ha":0.0,"fonte":"ANA (2021)"},"geometry":{"type":"Polygon","coordinates":[[[-36.374222,-6.018158],[-36.372595,-6.019914],[-36.37278,-6.020899],[-36.373052,-6.020899],[-36.373209,-6.019829],[-36.373537,-6.019757],[-36.373994,-6.019315],[-36.374565,-6.019172],[-36.375365,-6.0196],[-36.375693,-6.019372],[-36.375479,-6.018644],[-36.374822,-6.018287],[-36.374222,-6.018158]]]}},{"type":"Feature","id":4,"properties":{"area_ha":0.0,"fonte":"ANA (2021)"},"geometry":{"type":"Polygon","coordinates":[[[-36.374793,-6.020457],[-36.374537,-6.020543],[-36.374437,-6.020714],[-36.375079,-6.021413],[-36.374793,-6.020457]]]}},{"type":"Feature","id":5,"properties":{"area_ha":0.0,"fonte":"ANA (2021)"},"geometry":{"type":"Polygon","coordinates":[[[-36.386548,-6.009141],[-36.38633,-6.009188],[-36.386339,-6.009731],[-36.386625,-6.009674],[-36.386748,-6.009512],[-36.386548,-6.009141]]]}},{"type":"Feature","id":6,"properties":{"area_ha":0.0,"fonte":"ANA (2021)"},"geometry":{"type":"Polygon","coordinates":[[[-36.375465,-6.01623],[-36.375084,-6.016325],[-36.374884,-6.016421],[-36.375037,-6.01664],[-36.375465,-6.01623]]]}},{"type":"Feature","id":7,"properties":{"area_ha":0.0,"fonte":"ANA (2021)"},"geometry":{"type":"Polygon","coordinates":[[[-36.37695,-6.02314],[-36.37655,-6.023216],[-36.376636,-6.023778],[-36.37695,-6.02355],[-36.37695,-6.02314]]]}},{"type":"Feature","id":8,"properties":{"area_ha":0.0,"fonte":"ANA (2021)"},"geometry":{"type":"Polygon","coordinates":[[[-36.374285,-6.022683],[-36.373999,-6.022664],[-36.373809,-6.02315],[-36.374266,-6.022931],[-36.374285,-6.022683]]]}},{"type":"Feature","id":9,"properties":{"area_ha":0.0,"fonte":"ANA (2021)"},"geometry":{"type":"Polygon","coordinates":[[[-36.3756,-6.053013],[-36.374982,-6.053132],[-36.375374,-6.053453],[-36.375695,-6.053191],[-36.3756,-6.053013]]]}},{"type":"Feature","id":10,"properties":{"area_ha":0.0,"fonte":"ANA (2021)"},"geometry":{"type":"Polygon","coordinates":[[[-36.37008,-6.049313],[-36.369854,-6.049253],[-36.369854,-6.049539],[-36.370044,-6.049467],[-36.37008,-6.049313]]]}},{"type":"Feature","id":11,"properties":{"area_ha":0.0,"fonte":"ANA (2021)"},"geometry":{"type":"Polygon","coordinates":[[[-36.368628,-6.049015],[-36.368283,-6.04917],[-36.368533,-6.049646],[-36.369366,-6.049265],[-36.368628,-6.049015]]]}},{"type":"Feature","id":12,"properties":{"area_ha":0.0,"fonte":"ANA (2021)"},"geometry":{"type":"Polygon","coordinates":[[[-36.368069,-6.050836],[-36.367903,-6.0503],[-36.367724,-6.050479],[-36.367677,-6.050919],[-36.36795,-6.050955],[-36.368069,-6.050836]]]}},{"type":"Feature","id":13,"properties":{"area_ha":0.0,"fonte":"ANA (2021)"},"geometry":{"type":"Polygon","coordinates":[[[-36.368412,-6.051002],[-36.368145,-6.051326],[-36.368202,-6.051516],[-36.368498,-6.051411],[-36.368583,-6.051202],[-36.368412,-6.051002]]]}},{"type":"Feature","id":14,"properties":{"area_ha":0.0,"fonte":"ANA (2021)"},"geometry":{"type":"Polygon","coordinates":[[[-36.366746,-6.052287],[-36.365842,-6.052059],[-36.364985,-6.052154],[-36.364957,-6.052525],[-36.365376,-6.053505],[-36.365833,-6.053486],[-36.366946,-6.054086],[-36.367146,-6.053991],[-36.36686,-6.053543],[-36.36647,-6.053315],[-36.366385,-6.053058],[-36.366527,-6.052858],[-36.366879,-6.052792],[-36.366946,-6.052554],[-36.366746,-6.052287]]]}},{"type":"Feature","id":15,"properties":{"area_ha":0.0,"fonte":"ANA (2021)"},"geometry":{"type":"Polygon","coordinates":[[[-36.36786,-6.054362],[-36.368336,-6.054314],[-36.368602,-6.054505],[-36.368659,-6.054391],[-36.368507,-6.054057],[-36.368193,-6.053877],[-36.367831,-6.053962],[-36.36786,-6.054362]]]}},{"type":"Feature","id":16,"properties":{"area_ha":0.0,"fonte":"ANA (2021)"},"geometry":{"type":"Polygon","coordinates":[[[-36.369725,-6.05479],[-36.369202,-6.055323],[-36.369659,-6.055609],[-36.369744,-6.055932],[-36.369954,-6.055666],[-36.370049,-6.055],[-36.369725,-6.05479]]]}},{"type":"Feature","id":17,"properties":{"area_ha":0.0,"fonte":"ANA (2021)"},"geometry":{"type":"Polygon","coordinates":[[[-36.370249,-6.055989],[-36.369611,-6.056484],[-36.370572,-6.057189],[-36.370411,-6.056589],[-36.370439,-6.05598],[-36.370249,-6.055989]]]}},{"type":"Feature","id":18,"properties":{"area_ha":0.0,"fonte":"ANA (2021)"},"geometry":{"type":"Polygon","coordinates":[[[-36.370925,-6.053106],[-36.370458,-6.053087],[-36.370306,-6.053344],[-36.370544,-6.053601],[-36.370839,-6.053477],[-36.370925,-6.053106]]]}},{"type":"Feature","id":19,"properties":{"area_ha":0.0,"fonte":"ANA (2021)"},"geometry":{"type":"Polygon","coordinates":[[[-36.366413,-6.058521],[-36.365794,-6.059616],[-36.366247,-6.060187],[-36.366199,-6.061281],[-36.366818,-6.061472],[-36.367079,-6.06033],[-36.367032,-6.059187],[-36.366746,-6.058664],[-36.366413,-6.058521]]]}},{"type":"Feature","id":20,"properties":{"area_ha":0.0,"fonte":"ANA (2021)"},"geometry":{"type":"Polygon","coordinates":[[[-36.365628,-6.06428],[-36.365271,-6.064303],[-36.3652,-6.06466],[-36.365675,-6.064874],[-36.365628,-6.06428]]]}},{"type":"Feature","id":21,"properties":{"area_ha":0.0,"fonte":"ANA (2021)"},"geometry":{"type":"Polygon","coordinates":[[[-36.33683,-6.072447],[-36.336497,-6.072744],[-36.33689,-6.073173],[-36.337045,-6.07397],[-36.337271,-6.073137],[-36.337532,-6.072971],[-36.337187,-6.072828],[-36.33683,-6.072447]]]}},{"type":"Feature","id":22,"properties":{"area_ha":0.0,"fonte":"ANA (2021)"},"geometry":{"type":"Polygon","coordinates":[[[-36.351368,-6.065997],[-36.350797,-6.066092],[-36.350226,-6.065961],[-36.350178,-6.066306],[-36.350357,-6.066746],[-36.350761,-6.067056],[-36.351225,-6.067127],[-36.35207,-6.066996],[-36.352213,-6.066758],[-36.351428,-6.066556],[-36.351309,-6.066223],[-36.351368,-6.065997]]]}},{"type":"Feature","id":23,"properties":{"area_ha":0.0,"fonte":"ANA (2021)"},"geometry":{"type":"Polygon","coordinates":[[[-36.286597,-6.079386],[-36.285712,-6.079491],[-36.285835,-6.079986],[-36.286806,-6.07991],[-36.286835,-6.0797],[-36.286597,-6.079386]]]}},{"type":"Feature","id":24,"properties":{"area_ha":0.0,"fonte":"ANA (2021)"},"geometry":{"type":"Polygon","coordinates":[[[-36.209493,-6.083902],[-36.207851,-6.081761],[-36.207565,-6.080976],[-36.206709,-6.080904],[-36.207351,-6.082974],[-36.206495,-6.083474],[-36.20628,-6.084259],[-36.207565,-6.084117],[-36.208422,-6.084402],[-36.209493,-6.083902]]]}},{"type":"Feature","id":25,"properties":{"area_ha":0.0,"fonte":"ANA (2021)"},"geometry":{"type":"Polygon","coordinates":[[[-36.239593,-6.14741],[-36.238879,-6.147838],[-36.239069,-6.148362],[-36.239022,-6.148743],[-36.239307,-6.149219],[-36.239974,-6.149219],[-36.239593,-6.14741]]]}},{"type":"Feature","id":26,"properties":{"area_ha":0.0,"fonte":"ANA (2021)"},"geometry":{"type":"Polygon","coordinates":[[[-36.244042,-6.17939],[-36.243424,-6.179081],[-36.243305,-6.179295],[-36.243424,-6.179604],[-36.244042,-6.17939]]]}},{"type":"Feature","id":27,"properties":{"area_ha":0.0,"fonte":"ANA (2021)"},"geometry":{"type":"Polygon","coordinates":[[[-36.238308,-6.181793],[-36.237951,-6.18177],[-36.23788,-6.182198],[-36.237523,-6.182912],[-36.237689,-6.182959],[-36.238237,-6.182412],[-36.238475,-6.182698],[-36.239046,-6.182745],[-36.238308,-6.181793]]]}},{"type":"Feature","id":28,"properties":{"area_ha":0.0,"fonte":"ANA (2021)"},"geometry":{"type":"Polygon","coordinates":[[[-36.222813,-6.055708],[-36.222337,-6.055042],[-36.221481,-6.055137],[-36.220006,-6.056708],[-36.219958,-6.057231],[-36.221624,-6.05647],[-36.222813,-6.055708]]]}},{"type":"Feature","id":29,"properties":{"area_ha":0.0,"fonte":"ANA (2021)"},"geometry":{"type":"Polygon","coordinates":[[[-36.220767,-6.051282],[-36.2211,-6.050473],[-36.220053,-6.050093],[-36.219292,-6.050711],[-36.219006,-6.051378],[-36.218483,-6.051996],[-36.218673,-6.052329],[-36.219101,-6.052187],[-36.220053,-6.051235],[-36.220386,-6.051092],[-36.220767,-6.051282]]]}},{"type":"Feature","id":30,"properties":{"area_ha":0.0,"fonte":"ANA (2021)"},"geometry":{"type":"Polygon","coordinates":[[[-36.207315,-6.020805],[-36.207047,-6.021549],[-36.207493,-6.022054],[-36.208267,-6.022054],[-36.21014,-6.022501],[-36.209635,-6.021965],[-36.208772,-6.021697],[-36.208445,-6.021222],[-36.207315,-6.020805]]]}},{"type":"Feature","id":31,"properties":{"area_ha":0.0,"fonte":"ANA (2021)"},"geometry":{"type":"Polygon","coordinates":[[[-36.30504,-6.002825],[-36.304541,-6.002825],[-36.304184,-6.003039],[-36.304231,-6.003681],[-36.304446,-6.003539],[-36.304636,-6.003896],[-36.304398,-6.004205],[-36.304731,-6.004419],[-36.305136,-6.003372],[-36.305564,-6.0038],[-36.305754,-6.003634],[-36.30504,-6.002825]]]}},{"type":"Feature","id":32,"properties":{"area_ha":0.0,"fonte":"ANA (2021)"},"geometry":{"type":"Polygon","coordinates":[[[-36.345111,-6.015888],[-36.344087,-6.016102],[-36.344302,-6.016507],[-36.344254,-6.017102],[-36.344016,-6.017506],[-36.344183,-6.017982],[-36.345015,-6.018815],[-36.345396,-6.018505],[-36.345348,-6.017411],[-36.345467,-6.017149],[-36.345158,-6.016411],[-36.345111,-6.015888]]]}},{"type":"Feature","id":33,"properties":{"area_ha":0.0,"fonte":"ANA (2021)"},"geometry":{"type":"Polygon","coordinates":[[[-36.366554,-6.036637],[-36.366584,-6.035655],[-36.366019,-6.03512],[-36.365989,-6.035507],[-36.365662,-6.036042],[-36.365781,-6.036905],[-36.366554,-6.036637]]]}},{"type":"Feature","id":34,"properties":{"area_ha":0.0,"fonte":"ANA (2021)"},"geometry":{"type":"Polygon","coordinates":[[[-36.368458,-6.035209],[-36.368934,-6.034376],[-36.368636,-6.034138],[-36.368041,-6.03399],[-36.367714,-6.034555],[-36.368458,-6.035209]]]}},{"type":"Feature","id":35,"properties":{"area_ha":0.0,"fonte":"ANA (2021)"},"geometry":{"type":"Polygon","coordinates":[[[-36.370094,-6.032741],[-36.370242,-6.032413],[-36.369707,-6.032235],[-36.369499,-6.031491],[-36.369201,-6.031521],[-36.36941,-6.03283],[-36.370094,-6.032741]]]}},{"type":"Feature","id":36,"properties":{"area_ha":0.0,"fonte":"ANA (2021)"},"geometry":{"type":"Polygon","coordinates":[[[-36.373038,-6.036548],[-36.37286,-6.035626],[-36.371938,-6.036756],[-36.373038,-6.036548]]]}},{"type":"Feature","id":37,"properties":{"area_ha":0.0,"fonte":"ANA (2021)"},"geometry":{"type":"Polygon","coordinates":[[[-36.376667,-6.039195],[-36.376875,-6.038392],[-36.377083,-6.038213],[-36.37628,-6.037946],[-36.37634,-6.038332],[-36.375626,-6.038184],[-36.375894,-6.038719],[-36.376667,-6.039195]]]}},{"type":"Feature","id":38,"properties":{"area_ha":0.0,"fonte":"ANA (2021)"},"geometry":{"type":"Polygon","coordinates":[[[-36.370272,-6.044311],[-36.36941,-6.044787],[-36.37057,-6.046006],[-36.371224,-6.045709],[-36.370272,-6.044311]]]}},{"type":"Feature","id":39,"properties":{"area_ha":0.0,"fonte":"ANA (2021)"},"geometry":{"type":"Polygon","coordinates":[[[-36.36706,-6.042853],[-36.366465,-6.043121],[-36.366733,-6.043716],[-36.366614,-6.044043],[-36.36706,-6.044132],[-36.367268,-6.043746],[-36.36706,-6.043329],[-36.36706,-6.042853]]]}},{"type":"Feature","id":40,"properties":{"area_ha":0.0,"fonte":"ANA (2021)"},"geometry":{"type":"Polygon","coordinates":[[[-36.384341,-6.03625],[-36.384162,-6.035209],[-36.384251,-6.034525],[-36.384043,-6.034406],[-36.383716,-6.035001],[-36.383448,-6.036042],[-36.384341,-6.03625]]]}},{"type":"Feature","id":41,"properties":{"area_ha":0.0,"fonte":"ANA (2021)"},"geometry":{"type":"Polygon","coordinates":[[[-36.381337,-6.034495],[-36.38089,-6.034525],[-36.381069,-6.035209],[-36.381426,-6.034823],[-36.381337,-6.034495]]]}},{"type":"Feature","id":42,"properties":{"area_ha":0.0,"fonte":"ANA (2021)"},"geometry":{"type":"Polygon","coordinates":[[[-36.379998,-6.038154],[-36.37976,-6.038184],[-36.379968,-6.038719],[-36.380177,-6.038362],[-36.379998,-6.038154]]]}},{"type":"Feature","id":43,"properties":{"area_ha":0.0,"fonte":"ANA (2021)"},"geometry":{"type":"Polygon","coordinates":[[[-36.377321,-6.028844],[-36.377113,-6.029439],[-36.377262,-6.030391],[-36.377886,-6.030688],[-36.377767,-6.030034],[-36.377946,-6.029647],[-36.378749,-6.029617],[-36.378689,-6.029052],[-36.377321,-6.028844]]]}},{"type":"Feature","id":44,"properties":{"area_ha":0.0,"fonte":"ANA (2021)"},"geometry":{"type":"Polygon","coordinates":[[[-36.37982,-6.028695],[-36.37976,-6.029528],[-36.380415,-6.029261],[-36.380861,-6.029499],[-36.381039,-6.028993],[-36.381426,-6.029052],[-36.381188,-6.028725],[-36.380534,-6.028576],[-36.37982,-6.028695]]]}},{"type":"Feature","id":45,"properties":{"area_ha":0.0,"fonte":"ANA (2021)"},"geometry":{"type":"Polygon","coordinates":[[[-36.384014,-6.028755],[-36.38324,-6.029469],[-36.383924,-6.029915],[-36.384192,-6.030272],[-36.384906,-6.030659],[-36.385709,-6.030748],[-36.385739,-6.030361],[-36.38556,-6.030212],[-36.385144,-6.030212],[-36.384787,-6.029915],[-36.384014,-6.028755]]]}},{"type":"Feature","id":46,"properties":{"area_ha":0.0,"fonte":"ANA (2021)"},"geometry":{"type":"Polygon","coordinates":[[[-36.37117,-6.031539],[-36.371028,-6.030873],[-36.370647,-6.030492],[-36.370219,-6.03073],[-36.370504,-6.031444],[-36.37117,-6.031539]]]}},{"type":"Feature","id":47,"properties":{"area_ha":0.0,"fonte":"ANA (2021)"},"geometry":{"type":"Polygon","coordinates":[[[-36.381021,-6.027732],[-36.381402,-6.027637],[-36.381545,-6.027018],[-36.381069,-6.026875],[-36.381021,-6.027732]]]}},{"type":"Feature","id":48,"properties":{"area_ha":0.0,"fonte":"ANA (2021)"},"geometry":{"type":"Polygon","coordinates":[[[-36.371979,-6.041628],[-36.371646,-6.04158],[-36.37117,-6.041866],[-36.371599,-6.042246],[-36.372122,-6.042104],[-36.371979,-6.041628]]]}},{"type":"Feature","id":49,"properties":{"area_ha":0.0,"fonte":"ANA (2021)"},"geometry":{"type":"Polygon","coordinates":[[[-36.341858,-6.006044],[-36.341444,-6.005944],[-36.340987,-6.006373],[-36.340944,-6.006587],[-36.341729,-6.007015],[-36.341986,-6.006715],[-36.342472,-6.006858],[-36.342814,-6.006787],[-36.342871,-6.006458],[-36.342357,-6.00623],[-36.342586,-6.005901],[-36.341858,-6.006044]]]}},{"type":"Feature","id":50,"properties":{"area_ha":0.0,"fonte":"ANA (2021)"},"geometry":{"type":"Polygon","coordinates":[[[-36.091217,-5.920055],[-36.091617,-5.919864],[-36.091636,-5.918989],[-36.091407,-5.918684],[-36.090208,-5.918208],[-36.090113,-5.917904],[-36.08918,-5.918532],[-36.089504,-5.919027],[-36.091046,-5.919636],[-36.091217,-5.920055]]]}},{"type":"Feature","id":51,"properties":{"area_ha":0.0,"fonte":"ANA (2021)"},"geometry":{"type":"Polygon","coordinates":[[[-36.081642,-5.91935],[-36.081376,-5.918475],[-36.081128,-5.918932],[-36.080291,-5.919046],[-36.080824,-5.919255],[-36.08109,-5.91956],[-36.081642,-5.91935]]]}},{"type":"Feature","id":52,"properties":{"area_ha":0.0,"fonte":"ANA (2021)"},"geometry":{"type":"Polygon","coordinates":[[[-36.077645,-5.925956],[-36.077378,-5.925213],[-36.077131,-5.925289],[-36.076807,-5.924814],[-36.075436,-5.924281],[-36.075456,-5.924452],[-36.07595,-5.924795],[-36.077016,-5.926013],[-36.077645,-5.925956]]]}},{"type":"Feature","id":53,"properties":{"area_ha":0.0,"fonte":"ANA (2021)"},"geometry":{"type":"Polygon","coordinates":[[[-36.08307,-5.924509],[-36.082461,-5.923748],[-36.082194,-5.92371],[-36.082004,-5.923862],[-36.08248,-5.924928],[-36.08307,-5.924509]]]}},{"type":"Feature","id":54,"properties":{"area_ha":0.0,"fonte":"ANA (2021)"},"geometry":{"type":"Polygon","coordinates":[[[-36.087695,-5.926432],[-36.087334,-5.92567],[-36.087067,-5.92567],[-36.086934,-5.925918],[-36.086439,-5.926279],[-36.085506,-5.926127],[-36.085735,-5.926394],[-36.086496,-5.926698],[-36.086858,-5.926508],[-36.087181,-5.926717],[-36.087695,-5.926432]]]}},{"type":"Feature","id":55,"properties":{"area_ha":0.0,"fonte":"ANA (2021)"},"geometry":{"type":"Polygon","coordinates":[[[-36.099993,-5.918208],[-36.099954,-5.918874],[-36.100716,-5.918817],[-36.100392,-5.918399],[-36.099993,-5.918208]]]}},{"type":"Feature","id":56,"properties":{"area_ha":0.0,"fonte":"ANA (2021)"},"geometry":{"type":"Polygon","coordinates":[[[-35.886657,-5.886856],[-35.888549,-5.886071],[-35.889834,-5.886892],[-35.890512,-5.88682],[-35.890512,-5.886463],[-35.889191,-5.885892],[-35.889191,-5.8855],[-35.88937,-5.885214],[-35.889049,-5.885321],[-35.888049,-5.88525],[-35.887942,-5.885571],[-35.886407,-5.885785],[-35.886657,-5.886856]]]}},{"type":"Feature","id":57,"properties":{"area_ha":0.0,"fonte":"ANA (2021)"},"geometry":{"type":"Polygon","coordinates":[[[-35.876668,-5.89103],[-35.875869,-5.890858],[-35.875355,-5.891201],[-35.876497,-5.891658],[-35.876668,-5.89103]]]}},{"type":"Feature","id":58,"properties":{"area_ha":0.0,"fonte":"ANA (2021)"},"geometry":{"type":"Polygon","coordinates":[[[-35.885805,-5.909247],[-35.88512,-5.909304],[-35.885291,-5.910446],[-35.885862,-5.911017],[-35.886034,-5.910846],[-35.885748,-5.910218],[-35.885805,-5.909247]]]}},{"type":"Feature","id":59,"properties":{"area_ha":0.0,"fonte":"ANA (2021)"},"geometry":{"type":"Polygon","coordinates":[[[-35.900368,-5.903593],[-35.899854,-5.903822],[-35.900311,-5.904678],[-35.90071,-5.905078],[-35.90111,-5.904964],[-35.900368,-5.903593]]]}},{"type":"Feature","id":60,"properties":{"area_ha":0.0,"fonte":"ANA (2021)"},"geometry":{"type":"Polygon","coordinates":[[[-35.880837,-5.903315],[-35.880391,-5.903404],[-35.88051,-5.903939],[-35.881015,-5.903731],[-35.880837,-5.903315]]]}},{"type":"Feature","id":61,"properties":{"area_ha":0.0,"fonte":"ANA (2021)"},"geometry":{"type":"Polygon","coordinates":[[[-35.859397,-5.931965],[-35.858683,-5.931965],[-35.858112,-5.932774],[-35.858112,-5.933202],[-35.859064,-5.93325],[-35.859111,-5.932631],[-35.859397,-5.931965]]]}},{"type":"Feature","id":62,"properties":{"area_ha":0.0,"fonte":"ANA (2021)"},"geometry":{"type":"Polygon","coordinates":[[[-35.8702,-5.944005],[-35.870295,-5.944671],[-35.870961,-5.944528],[-35.871532,-5.944766],[-35.871151,-5.943957],[-35.8702,-5.944005]]]}},{"type":"Feature","id":63,"properties":{"area_ha":0.0,"fonte":"ANA (2021)"},"geometry":{"type":"Polygon","coordinates":[[[-35.881478,-5.963416],[-35.881407,-5.963602],[-35.88155,-5.96453],[-35.881321,-5.964773],[-35.881121,-5.965715],[-35.880636,-5.9667],[-35.880893,-5.966857],[-35.881435,-5.965858],[-35.881764,-5.964815],[-35.882049,-5.964658],[-35.882149,-5.964401],[-35.882121,-5.963631],[-35.881478,-5.963416]]]}},{"type":"Feature","id":64,"properties":{"area_ha":0.0,"fonte":"ANA (2021)"},"geometry":{"type":"Polygon","coordinates":[[[-35.901275,-5.964141],[-35.900454,-5.964545],[-35.900715,-5.964914],[-35.901286,-5.965295],[-35.901025,-5.965854],[-35.901405,-5.965961],[-35.901667,-5.96564],[-35.901727,-5.965045],[-35.901275,-5.964141]]]}},{"type":"Feature","id":65,"properties":{"area_ha":0.0,"fonte":"ANA (2021)"},"geometry":{"type":"Polygon","coordinates":[[[-35.89811,-5.969578],[-35.897729,-5.96959],[-35.897408,-5.96972],[-35.897408,-5.969828],[-35.898229,-5.97003],[-35.89811,-5.969578]]]}},{"type":"Feature","id":66,"properties":{"area_ha":0.0,"fonte":"ANA (2021)"},"geometry":{"type":"Polygon","coordinates":[[[-35.89604,-5.974503],[-35.895647,-5.974337],[-35.895481,-5.974765],[-35.895742,-5.974658],[-35.895897,-5.974741],[-35.89604,-5.974503]]]}},{"type":"Feature","id":67,"properties":{"area_ha":0.0,"fonte":"ANA (2021)"},"geometry":{"type":"Polygon","coordinates":[[[-35.935545,-5.988536],[-35.935307,-5.988209],[-35.93492,-5.987941],[-35.934771,-5.988447],[-35.935039,-5.988744],[-35.935545,-5.988536]]]}},{"type":"Feature","id":68,"properties":{"area_ha":0.0,"fonte":"ANA (2021)"},"geometry":{"type":"Polygon","coordinates":[[[-35.931352,-5.997955],[-35.930938,-5.997969],[-35.930952,-5.998226],[-35.930752,-5.998369],[-35.930795,-5.99884],[-35.931095,-5.999083],[-35.931352,-5.997955]]]}},{"type":"Feature","id":69,"properties":{"area_ha":0.0,"fonte":"ANA (2021)"},"geometry":{"type":"Polygon","coordinates":[[[-35.928283,-5.996813],[-35.928068,-5.996627],[-35.927968,-5.996999],[-35.928068,-5.997156],[-35.928283,-5.996813]]]}},{"type":"Feature","id":70,"properties":{"area_ha":0.0,"fonte":"ANA (2021)"},"geometry":{"type":"Polygon","coordinates":[[[-35.946576,-6.006338],[-35.946243,-6.005981],[-35.946076,-6.006052],[-35.946457,-6.006386],[-35.946576,-6.006338]]]}},{"type":"Feature","id":71,"properties":{"area_ha":0.0,"fonte":"ANA (2021)"},"geometry":{"type":"Polygon","coordinates":[[[-35.925408,-6.028447],[-35.925027,-6.028947],[-35.92486,-6.029399],[-35.924932,-6.029756],[-35.925955,-6.029946],[-35.925812,-6.029375],[-35.926098,-6.029232],[-35.926098,-6.028994],[-35.925836,-6.028709],[-35.925979,-6.028423],[-35.925408,-6.028447]]]}},{"type":"Feature","id":72,"properties":{"area_ha":0.0,"fonte":"ANA (2021)"},"geometry":{"type":"Polygon","coordinates":[[[-35.925717,-6.025116],[-35.925955,-6.024973],[-35.92605,-6.024783],[-35.925408,-6.024783],[-35.925717,-6.025116]]]}},{"type":"Feature","id":73,"properties":{"area_ha":0.0,"fonte":"ANA (2021)"},"geometry":{"type":"Polygon","coordinates":[[[-35.912108,-6.009077],[-35.911572,-6.009434],[-35.911929,-6.00988],[-35.911453,-6.010891],[-35.911959,-6.010891],[-35.912375,-6.010505],[-35.912524,-6.010088],[-35.912494,-6.009642],[-35.912108,-6.009077]]]}},{"type":"Feature","id":74,"properties":{"area_ha":0.0,"fonte":"ANA (2021)"},"geometry":{"type":"Polygon","coordinates":[[[-35.904702,-6.012736],[-35.904375,-6.012914],[-35.904523,-6.013152],[-35.904821,-6.013301],[-35.904969,-6.013092],[-35.904702,-6.012736]]]}},{"type":"Feature","id":75,"properties":{"area_ha":0.0,"fonte":"ANA (2021)"},"geometry":{"type":"Polygon","coordinates":[[[-35.896371,-6.011395],[-35.896914,-6.011737],[-35.897099,-6.011081],[-35.896828,-6.010895],[-35.896371,-6.011395]]]}},{"type":"Feature","id":76,"properties":{"area_ha":0.0,"fonte":"ANA (2021)"},"geometry":{"type":"Polygon","coordinates":[[[-35.8955,-6.017205],[-35.8952,-6.017448],[-35.895372,-6.017648],[-35.895486,-6.017548],[-35.8955,-6.017205]]]}},{"type":"Feature","id":77,"properties":{"area_ha":0.0,"fonte":"ANA (2021)"},"geometry":{"type":"Polygon","coordinates":[[[-35.894287,-6.010752],[-35.894073,-6.010966],[-35.894287,-6.011095],[-35.894444,-6.010966],[-35.894287,-6.010752]]]}},{"type":"Feature","id":78,"properties":{"area_ha":0.0,"fonte":"ANA (2021)"},"geometry":{"type":"Polygon","coordinates":[[[-35.891565,-6.027313],[-35.89122,-6.027611],[-35.891362,-6.027765],[-35.891707,-6.027801],[-35.891565,-6.027313]]]}},{"type":"Feature","id":79,"properties":{"area_ha":0.0,"fonte":"ANA (2021)"},"geometry":{"type":"Polygon","coordinates":[[[-35.888376,-6.021603],[-35.888412,-6.021293],[-35.888436,-6.02102],[-35.888305,-6.021032],[-35.8879,-6.021579],[-35.888376,-6.021603]]]}},{"type":"Feature","id":80,"properties":{"area_ha":0.0,"fonte":"ANA (2021)"},"geometry":{"type":"Polygon","coordinates":[[[-35.884426,-6.026147],[-35.884307,-6.026147],[-35.884212,-6.026385],[-35.884284,-6.02654],[-35.884486,-6.026326],[-35.884426,-6.026147]]]}},{"type":"Feature","id":81,"properties":{"area_ha":0.0,"fonte":"ANA (2021)"},"geometry":{"type":"Polygon","coordinates":[[[-35.893143,-6.045388],[-35.892893,-6.045495],[-35.893202,-6.046019],[-35.893345,-6.045828],[-35.893298,-6.045602],[-35.893524,-6.045436],[-35.893143,-6.045388]]]}},{"type":"Feature","id":82,"properties":{"area_ha":0.0,"fonte":"ANA (2021)"},"geometry":{"type":"Polygon","coordinates":[[[-35.892923,-6.06747],[-35.892477,-6.068362],[-35.89438,-6.069224],[-35.894797,-6.069016],[-35.89435,-6.068213],[-35.893339,-6.06747],[-35.892923,-6.06747]]]}},{"type":"Feature","id":83,"properties":{"area_ha":0.0,"fonte":"ANA (2021)"},"geometry":{"type":"Polygon","coordinates":[[[-35.911453,-6.082103],[-35.910858,-6.082341],[-35.911334,-6.083204],[-35.911691,-6.083323],[-35.91178,-6.082817],[-35.911453,-6.082103]]]}},{"type":"Feature","id":84,"properties":{"area_ha":0.0,"fonte":"ANA (2021)"},"geometry":{"type":"Polygon","coordinates":[[[-35.838121,-5.985082],[-35.837493,-5.985634],[-35.838121,-5.986186],[-35.838844,-5.986224],[-35.838996,-5.986053],[-35.838482,-5.98571],[-35.838121,-5.985082]]]}},{"type":"Feature","id":85,"properties":{"area_ha":0.0,"fonte":"ANA (2021)"},"geometry":{"type":"Polygon","coordinates":[[[-35.842775,-5.99559],[-35.843003,-5.996123],[-35.843879,-5.996104],[-35.843917,-5.995837],[-35.843479,-5.995514],[-35.843137,-5.995419],[-35.842775,-5.99559]]]}},{"type":"Feature","id":86,"properties":{"area_ha":0.0,"fonte":"ANA (2021)"},"geometry":{"type":"Polygon","coordinates":[[[-35.864704,-5.996485],[-35.864933,-5.997127],[-35.865432,-5.996784],[-35.865475,-5.996613],[-35.864704,-5.996485]]]}},{"type":"Feature","id":87,"properties":{"area_ha":0.0,"fonte":"ANA (2021)"},"geometry":{"type":"Polygon","coordinates":[[[-35.87317,-6.006121],[-35.873741,-6.006792],[-35.873998,-6.006535],[-35.874298,-6.006521],[-35.874055,-6.00635],[-35.87377,-6.005622],[-35.873613,-6.006036],[-35.87317,-6.006121]]]}},{"type":"Feature","id":88,"properties":{"area_ha":0.0,"fonte":"ANA (2021)"},"geometry":{"type":"Polygon","coordinates":[[[-35.864461,-6.005407],[-35.864733,-6.005836],[-35.86499,-6.00595],[-35.865232,-6.005893],[-35.865104,-6.005436],[-35.864461,-6.005407]]]}},{"type":"Feature","id":89,"properties":{"area_ha":0.0,"fonte":"ANA (2021)"},"geometry":{"type":"Polygon","coordinates":[[[-35.878396,-6.007635],[-35.878296,-6.007963],[-35.878681,-6.007849],[-35.878781,-6.007592],[-35.878624,-6.007692],[-35.878396,-6.007635]]]}},{"type":"Feature","id":90,"properties":{"area_ha":0.0,"fonte":"ANA (2021)"},"geometry":{"type":"Polygon","coordinates":[[[-35.882469,-6.009017],[-35.882112,-6.009279],[-35.88216,-6.009469],[-35.882457,-6.009481],[-35.882564,-6.00935],[-35.882469,-6.009017]]]}},{"type":"Feature","id":91,"properties":{"area_ha":0.0,"fonte":"ANA (2021)"},"geometry":{"type":"Polygon","coordinates":[[[-35.8849,-5.997275],[-35.883929,-5.997027],[-35.884062,-5.997256],[-35.883929,-5.999007],[-35.884214,-5.998531],[-35.8845,-5.997484],[-35.8849,-5.997275]]]}},{"type":"Feature","id":92,"properties":{"area_ha":0.0,"fonte":"ANA (2021)"},"geometry":{"type":"Polygon","coordinates":[[[-35.873026,-6.002867],[-35.872798,-6.0028],[-35.872579,-6.002962],[-35.872874,-6.003162],[-35.873026,-6.002867]]]}},{"type":"Feature","id":93,"properties":{"area_ha":0.0,"fonte":"ANA (2021)"},"geometry":{"type":"Polygon","coordinates":[[[-35.873559,-6.003381],[-35.873236,-6.003362],[-35.873426,-6.003609],[-35.873645,-6.003495],[-35.873559,-6.003381]]]}},{"type":"Feature","id":94,"properties":{"area_ha":0.0,"fonte":"ANA (2021)"},"geometry":{"type":"Polygon","coordinates":[[[-35.910908,-5.999958],[-35.91088,-6.000564],[-35.911558,-6.0003],[-35.911944,-6.00035],[-35.912393,-6.000193],[-35.912372,-6.000029],[-35.911579,-5.999758],[-35.91153,-5.999922],[-35.910908,-5.999958]]]}},{"type":"Feature","id":95,"properties":{"area_ha":0.0,"fonte":"ANA (2021)"},"geometry":{"type":"Polygon","coordinates":[[[-35.823656,-5.970596],[-35.824084,-5.971667],[-35.825155,-5.970668],[-35.825298,-5.969347],[-35.825191,-5.969026],[-35.824655,-5.96949],[-35.824584,-5.969918],[-35.823656,-5.970596]]]}},{"type":"Feature","id":96,"properties":{"area_ha":0.0,"fonte":"ANA (2021)"},"geometry":{"type":"Polygon","coordinates":[[[-35.787793,-5.936403],[-35.786869,-5.93647],[-35.786593,-5.936879],[-35.786384,-5.937374],[-35.786451,-5.937669],[-35.786936,-5.937907],[-35.787545,-5.937964],[-35.78823,-5.937574],[-35.788297,-5.936965],[-35.788154,-5.936603],[-35.787793,-5.936403]]]}},{"type":"Feature","id":97,"properties":{"area_ha":0.0,"fonte":"ANA (2021)"},"geometry":{"type":"Polygon","coordinates":[[[-35.837359,-5.915369],[-35.837002,-5.91525],[-35.836675,-5.915488],[-35.836616,-5.915934],[-35.836467,-5.916112],[-35.836586,-5.916529],[-35.836972,-5.916499],[-35.836943,-5.915845],[-35.83727,-5.915666],[-35.837359,-5.915369]]]}},{"type":"Feature","id":98,"properties":{"area_ha":0.0,"fonte":"ANA (2021)"},"geometry":{"type":"Polygon","coordinates":[[[-35.837805,-5.910045],[-35.837746,-5.910253],[-35.837567,-5.910283],[-35.837954,-5.910729],[-35.838162,-5.910223],[-35.838043,-5.910045],[-35.837805,-5.910045]]]}},{"type":"Feature","id":99,"properties":{"area_ha":0.0,"fonte":"ANA (2021)"},"geometry":{"type":"Polygon","coordinates":[[[-35.83376,-5.904275],[-35.833998,-5.904096],[-35.83382,-5.903115],[-35.833611,-5.902817],[-35.833433,-5.902877],[-35.833403,-5.903501],[-35.833195,-5.903829],[-35.833195,-5.904156],[-35.83376,-5.904275]]]}},{"type":"Feature","id":100,"properties":{"area_ha":0.0,"fonte":"ANA (2021)"},"geometry":{"type":"Polygon","coordinates":[[[-35.846073,-5.934531],[-35.84593,-5.934202],[-35.845716,-5.934274],[-35.84533,-5.934645],[-35.845259,-5.934831],[-35.845359,-5.934973],[-35.845188,-5.935202],[-35.845416,-5.935216],[-35.845644,-5.934816],[-35.846073,-5.934531]]]}},{"type":"Feature","id":101,"properties":{"area_ha":0.0,"fonte":"ANA (2021)"},"geometry":{"type":"Polygon","coordinates":[[[-35.853373,-5.916901],[-35.853171,-5.916842],[-35.853147,-5.917008],[-35.853337,-5.917234],[-35.85348,-5.917187],[-35.853373,-5.916901]]]}},{"type":"Feature","id":102,"properties":{"area_ha":0.0,"fonte":"ANA (2021)"},"geometry":{"type":"Polygon","coordinates":[[[-35.848037,-5.883981],[-35.84771,-5.884547],[-35.847888,-5.884784],[-35.849316,-5.884547],[-35.849286,-5.884249],[-35.849019,-5.88413],[-35.84887,-5.884249],[-35.848691,-5.884071],[-35.848037,-5.883981]]]}},{"type":"Feature","id":103,"properties":{"area_ha":0.0,"fonte":"ANA (2021)"},"geometry":{"type":"Polygon","coordinates":[[[-35.85,-5.884428],[-35.849703,-5.885082],[-35.85003,-5.885201],[-35.850595,-5.885112],[-35.850327,-5.884933],[-35.85,-5.884428]]]}},{"type":"Feature","id":104,"properties":{"area_ha":0.0,"fonte":"ANA (2021)"},"geometry":{"type":"Polygon","coordinates":[[[-35.83541,-5.881024],[-35.835625,-5.880338],[-35.83611,-5.879725],[-35.836124,-5.879468],[-35.835724,-5.879882],[-35.835239,-5.880139],[-35.835239,-5.881009],[-35.83541,-5.881024]]]}},{"type":"Feature","id":105,"properties":{"area_ha":0.0,"fonte":"ANA (2021)"},"geometry":{"type":"Polygon","coordinates":[[[-35.850913,-5.808467],[-35.850009,-5.808896],[-35.850342,-5.809847],[-35.850675,-5.80999],[-35.850913,-5.810466],[-35.850913,-5.810894],[-35.851436,-5.810894],[-35.851769,-5.810418],[-35.851484,-5.809324],[-35.850913,-5.808467]]]}},{"type":"Feature","id":106,"properties":{"area_ha":0.0,"fonte":"ANA (2021)"},"geometry":{"type":"Polygon","coordinates":[[[-35.854958,-5.817462],[-35.855196,-5.818366],[-35.85591,-5.81808],[-35.8561,-5.8177],[-35.854958,-5.817462]]]}},{"type":"Feature","id":107,"properties":{"area_ha":0.0,"fonte":"ANA (2021)"},"geometry":{"type":"Polygon","coordinates":[[[-35.844203,-5.811561],[-35.844631,-5.810418],[-35.844869,-5.809847],[-35.844583,-5.809895],[-35.844155,-5.810323],[-35.843774,-5.811085],[-35.843822,-5.811561],[-35.844203,-5.811561]]]}},{"type":"Feature","id":108,"properties":{"area_ha":0.0,"fonte":"ANA (2021)"},"geometry":{"type":"Polygon","coordinates":[[[-35.84782,-5.812845],[-35.848391,-5.813512],[-35.849009,-5.813083],[-35.84939,-5.81256],[-35.849152,-5.812036],[-35.84782,-5.812845]]]}},{"type":"Feature","id":109,"properties":{"area_ha":0.0,"fonte":"ANA (2021)"},"geometry":{"type":"Polygon","coordinates":[[[-35.848397,-5.809241],[-35.848664,-5.809865],[-35.849289,-5.809508],[-35.849319,-5.80927],[-35.84914,-5.809151],[-35.848397,-5.809241]]]}},{"type":"Feature","id":110,"properties":{"area_ha":0.0,"fonte":"ANA (2021)"},"geometry":{"type":"Polygon","coordinates":[[[-35.862911,-5.817985],[-35.862316,-5.818937],[-35.862495,-5.819175],[-35.863417,-5.818729],[-35.863238,-5.817926],[-35.862911,-5.817985]]]}},{"type":"Feature","id":111,"properties":{"area_ha":0.0,"fonte":"ANA (2021)"},"geometry":{"type":"Polygon","coordinates":[[[-35.858578,-5.830507],[-35.858217,-5.830716],[-35.858502,-5.831002],[-35.858826,-5.831116],[-35.858578,-5.830507]]]}},{"type":"Feature","id":112,"properties":{"area_ha":0.0,"fonte":"ANA (2021)"},"geometry":{"type":"Polygon","coordinates":[[[-35.859416,-5.831287],[-35.859206,-5.831402],[-35.859264,-5.831668],[-35.859606,-5.831535],[-35.859416,-5.831287]]]}},{"type":"Feature","id":113,"properties":{"area_ha":0.0,"fonte":"ANA (2021)"},"geometry":{"type":"Polygon","coordinates":[[[-35.885588,-5.821462],[-35.884898,-5.821724],[-35.884922,-5.822057],[-35.885826,-5.822057],[-35.88585,-5.821819],[-35.885588,-5.821462]]]}},{"type":"Feature","id":114,"properties":{"area_ha":0.0,"fonte":"ANA (2021)"},"geometry":{"type":"Polygon","coordinates":[[[-35.871502,-5.813372],[-35.871074,-5.81361],[-35.871169,-5.814086],[-35.871668,-5.813919],[-35.871835,-5.813491],[-35.871502,-5.813372]]]}},{"type":"Feature","id":115,"properties":{"area_ha":0.0,"fonte":"ANA (2021)"},"geometry":{"type":"Polygon","coordinates":[[[-35.863364,-5.812134],[-35.863778,-5.811935],[-35.863664,-5.811678],[-35.863364,-5.811492],[-35.863079,-5.811635],[-35.863364,-5.812134]]]}},{"type":"Feature","id":116,"properties":{"area_ha":0.0,"fonte":"ANA (2021)"},"geometry":{"type":"Polygon","coordinates":[[[-35.869003,-5.814904],[-35.868275,-5.815075],[-35.868532,-5.815618],[-35.868647,-5.815618],[-35.868604,-5.815789],[-35.868747,-5.816032],[-35.869003,-5.816046],[-35.869246,-5.815746],[-35.868932,-5.815218],[-35.869003,-5.814904]]]}},{"type":"Feature","id":117,"properties":{"area_ha":0.0,"fonte":"ANA (2021)"},"geometry":{"type":"Polygon","coordinates":[[[-35.873758,-5.804135],[-35.872711,-5.804725],[-35.87311,-5.80501],[-35.873263,-5.805505],[-35.873548,-5.805791],[-35.873815,-5.805848],[-35.873701,-5.805562],[-35.873758,-5.805277],[-35.873948,-5.805258],[-35.874005,-5.80501],[-35.873777,-5.804611],[-35.873758,-5.804135]]]}},{"type":"Feature","id":118,"properties":{"area_ha":0.0,"fonte":"ANA (2021)"},"geometry":{"type":"Polygon","coordinates":[[[-35.872616,-5.80185],[-35.87273,-5.801451],[-35.872901,-5.801336],[-35.873967,-5.80126],[-35.873244,-5.801127],[-35.873529,-5.800956],[-35.873529,-5.800689],[-35.873225,-5.800784],[-35.872901,-5.800632],[-35.872425,-5.800994],[-35.872159,-5.800956],[-35.872616,-5.80185]]]}},{"type":"Feature","id":119,"properties":{"area_ha":0.0,"fonte":"ANA (2021)"},"geometry":{"type":"Polygon","coordinates":[[[-35.878593,-5.800708],[-35.879335,-5.801965],[-35.879468,-5.801413],[-35.879659,-5.801108],[-35.879811,-5.801108],[-35.879754,-5.800899],[-35.878745,-5.800518],[-35.878593,-5.800708]]]}},{"type":"Feature","id":120,"properties":{"area_ha":0.0,"fonte":"ANA (2021)"},"geometry":{"type":"Polygon","coordinates":[[[-35.881572,-5.797268],[-35.881786,-5.79722],[-35.881857,-5.796506],[-35.882143,-5.796054],[-35.882167,-5.795864],[-35.881953,-5.795697],[-35.881239,-5.796411],[-35.881572,-5.797268]]]}},{"type":"Feature","id":121,"properties":{"area_ha":0.0,"fonte":"ANA (2021)"},"geometry":{"type":"Polygon","coordinates":[[[-35.848987,-5.79895],[-35.848835,-5.799388],[-35.848226,-5.799921],[-35.848683,-5.800511],[-35.84893,-5.800282],[-35.849006,-5.799959],[-35.849597,-5.799768],[-35.848987,-5.79895]]]}},{"type":"Feature","id":122,"properties":{"area_ha":0.0,"fonte":"ANA (2021)"},"geometry":{"type":"Polygon","coordinates":[[[-35.843258,-5.802091],[-35.842496,-5.802567],[-35.842687,-5.803138],[-35.842934,-5.803328],[-35.843201,-5.802909],[-35.843619,-5.802605],[-35.843619,-5.802338],[-35.843258,-5.802091]]]}},{"type":"Feature","id":123,"properties":{"area_ha":0.0,"fonte":"ANA (2021)"},"geometry":{"type":"Polygon","coordinates":[[[-35.828943,-5.798169],[-35.828772,-5.797884],[-35.828562,-5.797446],[-35.8282,-5.798093],[-35.8282,-5.798341],[-35.828676,-5.798931],[-35.828943,-5.798169]]]}},{"type":"Feature","id":124,"properties":{"area_ha":0.0,"fonte":"ANA (2021)"},"geometry":{"type":"Polygon","coordinates":[[[-35.844019,-5.792763],[-35.843391,-5.793468],[-35.843486,-5.793677],[-35.844038,-5.793677],[-35.844419,-5.793848],[-35.844248,-5.792992],[-35.844019,-5.792763]]]}},{"type":"Feature","id":125,"properties":{"area_ha":0.0,"fonte":"ANA (2021)"},"geometry":{"type":"Polygon","coordinates":[[[-35.847103,-5.790098],[-35.846246,-5.790955],[-35.847293,-5.791374],[-35.848093,-5.791469],[-35.847103,-5.790098]]]}},{"type":"Feature","id":126,"properties":{"area_ha":0.0,"fonte":"ANA (2021)"},"geometry":{"type":"Polygon","coordinates":[[[-35.836786,-5.792021],[-35.836157,-5.791678],[-35.834996,-5.792896],[-35.83669,-5.792668],[-35.836786,-5.792021]]]}},{"type":"Feature","id":127,"properties":{"area_ha":0.0,"fonte":"ANA (2021)"},"geometry":{"type":"Polygon","coordinates":[[[-35.833226,-5.789242],[-35.832731,-5.788861],[-35.832579,-5.789032],[-35.832883,-5.789242],[-35.833226,-5.789242]]]}},{"type":"Feature","id":128,"properties":{"area_ha":0.0,"fonte":"ANA (2021)"},"geometry":{"type":"Polygon","coordinates":[[[-35.834692,-5.788385],[-35.83452,-5.788709],[-35.834863,-5.78869],[-35.834692,-5.788385]]]}},{"type":"Feature","id":129,"properties":{"area_ha":0.0,"fonte":"ANA (2021)"},"geometry":{"type":"Polygon","coordinates":[[[-35.839736,-5.790593],[-35.839698,-5.790917],[-35.840117,-5.790898],[-35.839736,-5.790593]]]}},{"type":"Feature","id":130,"properties":{"area_ha":0.0,"fonte":"ANA (2021)"},"geometry":{"type":"Polygon","coordinates":[[[-35.842934,-5.791355],[-35.842611,-5.791602],[-35.842477,-5.792002],[-35.842649,-5.792268],[-35.843105,-5.792249],[-35.843124,-5.791773],[-35.842934,-5.791355]]]}},{"type":"Feature","id":131,"properties":{"area_ha":0.0,"fonte":"ANA (2021)"},"geometry":{"type":"Polygon","coordinates":[[[-35.834125,-5.794324],[-35.83353,-5.794015],[-35.833435,-5.794978],[-35.833733,-5.794931],[-35.834125,-5.794324]]]}},{"type":"Feature","id":132,"properties":{"area_ha":0.0,"fonte":"ANA (2021)"},"geometry":{"type":"Polygon","coordinates":[[[-35.83315,-5.793218],[-35.832888,-5.79317],[-35.832376,-5.793051],[-35.83309,-5.79361],[-35.83315,-5.793218]]]}},{"type":"Feature","id":133,"properties":{"area_ha":0.0,"fonte":"ANA (2021)"},"geometry":{"type":"Polygon","coordinates":[[[-35.838872,-5.796251],[-35.838646,-5.796156],[-35.838444,-5.796418],[-35.838765,-5.796668],[-35.838908,-5.796442],[-35.838872,-5.796251]]]}},{"type":"Feature","id":134,"properties":{"area_ha":0.0,"fonte":"ANA (2021)"},"geometry":{"type":"Polygon","coordinates":[[[-35.837885,-5.799666],[-35.837254,-5.799844],[-35.837576,-5.800261],[-35.837885,-5.79988],[-35.837885,-5.799666]]]}},{"type":"Feature","id":135,"properties":{"area_ha":0.0,"fonte":"ANA (2021)"},"geometry":{"type":"Polygon","coordinates":[[[-35.833507,-5.80126],[-35.833197,-5.800071],[-35.833031,-5.800082],[-35.83315,-5.800927],[-35.833066,-5.801272],[-35.833507,-5.80126]]]}},{"type":"Feature","id":136,"properties":{"area_ha":0.0,"fonte":"ANA (2021)"},"geometry":{"type":"Polygon","coordinates":[[[-35.824262,-5.804779],[-35.824933,-5.805722],[-35.825062,-5.805493],[-35.825119,-5.80468],[-35.824891,-5.804137],[-35.825048,-5.803452],[-35.824876,-5.803238],[-35.824677,-5.803437],[-35.824248,-5.804394],[-35.824262,-5.804779]]]}},{"type":"Feature","id":137,"properties":{"area_ha":0.0,"fonte":"ANA (2021)"},"geometry":{"type":"Polygon","coordinates":[[[-35.821093,-5.806236],[-35.820551,-5.806022],[-35.820765,-5.806521],[-35.821093,-5.806236]]]}},{"type":"Feature","id":138,"properties":{"area_ha":0.0,"fonte":"ANA (2021)"},"geometry":{"type":"Polygon","coordinates":[[[-35.830034,-5.815884],[-35.830719,-5.815903],[-35.83148,-5.815389],[-35.831595,-5.814971],[-35.831119,-5.814723],[-35.830795,-5.814247],[-35.830643,-5.813733],[-35.830224,-5.813581],[-35.829996,-5.814038],[-35.829634,-5.8144],[-35.829596,-5.814723],[-35.829291,-5.81478],[-35.830034,-5.815884]]]}},{"type":"Feature","id":139,"properties":{"area_ha":0.0,"fonte":"ANA (2021)"},"geometry":{"type":"Polygon","coordinates":[[[-35.822705,-5.817769],[-35.821867,-5.817693],[-35.821715,-5.817331],[-35.821506,-5.817426],[-35.821449,-5.81794],[-35.820763,-5.818054],[-35.820516,-5.817902],[-35.820116,-5.818035],[-35.820554,-5.818702],[-35.820935,-5.818683],[-35.821639,-5.81893],[-35.822971,-5.818473],[-35.822705,-5.817769]]]}},{"type":"Feature","id":140,"properties":{"area_ha":0.0,"fonte":"ANA (2021)"},"geometry":{"type":"Polygon","coordinates":[[[-35.821144,-5.823251],[-35.820287,-5.822604],[-35.820154,-5.822813],[-35.820516,-5.823746],[-35.821144,-5.823251]]]}},{"type":"Feature","id":141,"properties":{"area_ha":0.0,"fonte":"ANA (2021)"},"geometry":{"type":"Polygon","coordinates":[[[-35.819145,-5.827953],[-35.818745,-5.827801],[-35.817813,-5.826849],[-35.81766,-5.826925],[-35.817794,-5.827915],[-35.818669,-5.829057],[-35.819145,-5.827953]]]}},{"type":"Feature","id":142,"properties":{"area_ha":0.0,"fonte":"ANA (2021)"},"geometry":{"type":"Polygon","coordinates":[[[-35.828987,-5.828638],[-35.828911,-5.829819],[-35.829501,-5.829647],[-35.829691,-5.829457],[-35.829215,-5.828714],[-35.828987,-5.828638]]]}},{"type":"Feature","id":143,"properties":{"area_ha":0.0,"fonte":"ANA (2021)"},"geometry":{"type":"Polygon","coordinates":[[[-35.809532,-5.827173],[-35.809132,-5.828143],[-35.808676,-5.828143],[-35.809075,-5.828886],[-35.809818,-5.828714],[-35.809932,-5.827287],[-35.809532,-5.827173]]]}},{"type":"Feature","id":144,"properties":{"area_ha":0.0,"fonte":"ANA (2021)"},"geometry":{"type":"Polygon","coordinates":[[[-35.790238,-5.826152],[-35.790866,-5.827504],[-35.791722,-5.826666],[-35.79197,-5.826742],[-35.792103,-5.82659],[-35.791913,-5.826476],[-35.791837,-5.826209],[-35.792236,-5.82482],[-35.792427,-5.824591],[-35.791894,-5.824648],[-35.790923,-5.826152],[-35.790238,-5.826152]]]}},{"type":"Feature","id":145,"properties":{"area_ha":0.0,"fonte":"ANA (2021)"},"geometry":{"type":"Polygon","coordinates":[[[-35.7978,-5.810948],[-35.798394,-5.810353],[-35.79887,-5.810448],[-35.798609,-5.810067],[-35.798728,-5.809782],[-35.797823,-5.809591],[-35.7978,-5.810948]]]}},{"type":"Feature","id":146,"properties":{"area_ha":0.0,"fonte":"ANA (2021)"},"geometry":{"type":"Polygon","coordinates":[[[-35.816288,-5.795605],[-35.815964,-5.795947],[-35.815964,-5.796252],[-35.816326,-5.796119],[-35.816516,-5.796309],[-35.816593,-5.796671],[-35.816859,-5.796633],[-35.817049,-5.79629],[-35.816669,-5.795833],[-35.816288,-5.795605]]]}},{"type":"Feature","id":147,"properties":{"area_ha":0.0,"fonte":"ANA (2021)"},"geometry":{"type":"Polygon","coordinates":[[[-35.820095,-5.795966],[-35.820647,-5.796138],[-35.820761,-5.795795],[-35.820609,-5.795624],[-35.820324,-5.795605],[-35.820095,-5.795966]]]}},{"type":"Feature","id":148,"properties":{"area_ha":0.0,"fonte":"ANA (2021)"},"geometry":{"type":"Polygon","coordinates":[[[-35.808531,-5.7954],[-35.808935,-5.795709],[-35.809102,-5.795186],[-35.808959,-5.794924],[-35.808531,-5.7954]]]}},{"type":"Feature","id":149,"properties":{"area_ha":0.0,"fonte":"ANA (2021)"},"geometry":{"type":"Polygon","coordinates":[[[-35.80589,-5.796709],[-35.8052,-5.796637],[-35.804367,-5.797042],[-35.804676,-5.797375],[-35.805319,-5.797637],[-35.805604,-5.797232],[-35.805985,-5.796971],[-35.80589,-5.796709]]]}},{"type":"Feature","id":150,"properties":{"area_ha":0.0,"fonte":"ANA (2021)"},"geometry":{"type":"Polygon","coordinates":[[[-35.812124,-5.79333],[-35.8116,-5.793925],[-35.812005,-5.794187],[-35.812576,-5.793758],[-35.812124,-5.79333]]]}},{"type":"Feature","id":151,"properties":{"area_ha":0.0,"fonte":"ANA (2021)"},"geometry":{"type":"Polygon","coordinates":[[[-35.822141,-5.785811],[-35.822213,-5.786525],[-35.822855,-5.786501],[-35.82276,-5.786001],[-35.822141,-5.785811]]]}},{"type":"Feature","id":152,"properties":{"area_ha":0.0,"fonte":"ANA (2021)"},"geometry":{"type":"Polygon","coordinates":[[[-35.821047,-5.786025],[-35.820904,-5.785811],[-35.820547,-5.785954],[-35.820547,-5.786334],[-35.820666,-5.786501],[-35.820999,-5.786334],[-35.821047,-5.786025]]]}},{"type":"Feature","id":153,"properties":{"area_ha":0.0,"fonte":"ANA (2021)"},"geometry":{"type":"Polygon","coordinates":[[[-35.819738,-5.783289],[-35.820262,-5.783051],[-35.820166,-5.782694],[-35.8195,-5.782622],[-35.819738,-5.783289]]]}},{"type":"Feature","id":154,"properties":{"area_ha":0.0,"fonte":"ANA (2021)"},"geometry":{"type":"Polygon","coordinates":[[[-35.822022,-5.782432],[-35.821761,-5.782432],[-35.821785,-5.783098],[-35.822094,-5.782765],[-35.822022,-5.782432]]]}},{"type":"Feature","id":155,"properties":{"area_ha":0.0,"fonte":"ANA (2021)"},"geometry":{"type":"Polygon","coordinates":[[[-35.832207,-5.786346],[-35.831921,-5.786334],[-35.831885,-5.786572],[-35.832135,-5.786679],[-35.832207,-5.786346]]]}},{"type":"Feature","id":156,"properties":{"area_ha":0.0,"fonte":"ANA (2021)"},"geometry":{"type":"Polygon","coordinates":[[[-35.833325,-5.785216],[-35.833206,-5.785359],[-35.833396,-5.785466],[-35.833503,-5.785335],[-35.833325,-5.785216]]]}},{"type":"Feature","id":157,"properties":{"area_ha":0.0,"fonte":"ANA (2021)"},"geometry":{"type":"Polygon","coordinates":[[[-35.830791,-5.783265],[-35.830826,-5.783491],[-35.830981,-5.783503],[-35.831064,-5.783229],[-35.830791,-5.783265]]]}},{"type":"Feature","id":158,"properties":{"area_ha":0.0,"fonte":"ANA (2021)"},"geometry":{"type":"Polygon","coordinates":[[[-35.83737,-5.784776],[-35.837215,-5.7848],[-35.83712,-5.784871],[-35.83737,-5.785002],[-35.837477,-5.78493],[-35.83737,-5.784776]]]}},{"type":"Feature","id":159,"properties":{"area_ha":0.0,"fonte":"ANA (2021)"},"geometry":{"type":"Polygon","coordinates":[[[-35.836549,-5.783503],[-35.836394,-5.783527],[-35.836299,-5.783634],[-35.836597,-5.78361],[-35.836549,-5.783503]]]}},{"type":"Feature","id":160,"properties":{"area_ha":0.0,"fonte":"ANA (2021)"},"geometry":{"type":"Polygon","coordinates":[[[-35.83737,-5.789047],[-35.837418,-5.789368],[-35.837299,-5.789499],[-35.83781,-5.789689],[-35.837893,-5.789535],[-35.83737,-5.789047]]]}},{"type":"Feature","id":161,"properties":{"area_ha":0.0,"fonte":"ANA (2021)"},"geometry":{"type":"Polygon","coordinates":[[[-35.823009,-5.789278],[-35.822553,-5.789207],[-35.822667,-5.789578],[-35.823009,-5.789521],[-35.823009,-5.789278]]]}},{"type":"Feature","id":162,"properties":{"area_ha":0.0,"fonte":"ANA (2021)"},"geometry":{"type":"Polygon","coordinates":[[[-35.815638,-5.782437],[-35.815519,-5.78283],[-35.816054,-5.782877],[-35.815875,-5.782449],[-35.815638,-5.782437]]]}},{"type":"Feature","id":163,"properties":{"area_ha":0.0,"fonte":"ANA (2021)"},"geometry":{"type":"Polygon","coordinates":[[[-35.812288,-5.784576],[-35.811774,-5.784624],[-35.811736,-5.784881],[-35.811927,-5.785224],[-35.812193,-5.78529],[-35.812279,-5.785195],[-35.812127,-5.785024],[-35.812288,-5.784576]]]}},{"type":"Feature","id":164,"properties":{"area_ha":0.0,"fonte":"ANA (2021)"},"geometry":{"type":"Polygon","coordinates":[[[-35.809652,-5.780503],[-35.809614,-5.780132],[-35.809528,-5.780113],[-35.809347,-5.780246],[-35.80929,-5.780522],[-35.809347,-5.780636],[-35.809652,-5.780503]]]}},{"type":"Feature","id":165,"properties":{"area_ha":0.0,"fonte":"ANA (2021)"},"geometry":{"type":"Polygon","coordinates":[[[-35.810004,-5.778609],[-35.809776,-5.778533],[-35.809623,-5.778723],[-35.809966,-5.778742],[-35.810004,-5.778609]]]}},{"type":"Feature","id":166,"properties":{"area_ha":0.0,"fonte":"ANA (2021)"},"geometry":{"type":"Polygon","coordinates":[[[-35.805583,-5.783746],[-35.805419,-5.783653],[-35.805205,-5.783746],[-35.80519,-5.784117],[-35.805562,-5.784067],[-35.805583,-5.783746]]]}},{"type":"Feature","id":167,"properties":{"area_ha":0.0,"fonte":"ANA (2021)"},"geometry":{"type":"Polygon","coordinates":[[[-35.806304,-5.781869],[-35.80654,-5.78179],[-35.806561,-5.781604],[-35.806197,-5.781597],[-35.806304,-5.781869]]]}},{"type":"Feature","id":168,"properties":{"area_ha":0.0,"fonte":"ANA (2021)"},"geometry":{"type":"Polygon","coordinates":[[[-35.796467,-5.787249],[-35.795811,-5.788077],[-35.797281,-5.788319],[-35.797424,-5.788091],[-35.796467,-5.787249]]]}},{"type":"Feature","id":169,"properties":{"area_ha":0.0,"fonte":"ANA (2021)"},"geometry":{"type":"Polygon","coordinates":[[[-35.805929,-5.772935],[-35.805891,-5.773715],[-35.806272,-5.773639],[-35.807014,-5.773925],[-35.806633,-5.773201],[-35.806405,-5.773011],[-35.805929,-5.772935]]]}},{"type":"Feature","id":170,"properties":{"area_ha":0.0,"fonte":"ANA (2021)"},"geometry":{"type":"Polygon","coordinates":[[[-35.861736,-5.76809],[-35.862521,-5.768625],[-35.862878,-5.768054],[-35.863092,-5.768304],[-35.863449,-5.768126],[-35.863306,-5.767733],[-35.862914,-5.767483],[-35.862521,-5.767662],[-35.862093,-5.767341],[-35.862093,-5.767733],[-35.861736,-5.76809]]]}},{"type":"Feature","id":171,"properties":{"area_ha":0.0,"fonte":"ANA (2021)"},"geometry":{"type":"Polygon","coordinates":[[[-35.866483,-5.777441],[-35.866054,-5.777798],[-35.866626,-5.77812],[-35.866626,-5.777977],[-35.866483,-5.777441]]]}},{"type":"Feature","id":172,"properties":{"area_ha":0.0,"fonte":"ANA (2021)"},"geometry":{"type":"Polygon","coordinates":[[[-35.898537,-5.80388],[-35.898215,-5.804415],[-35.898251,-5.8052],[-35.898751,-5.806307],[-35.899322,-5.806913],[-35.899679,-5.806556],[-35.899108,-5.806057],[-35.898858,-5.805486],[-35.899215,-5.805379],[-35.899928,-5.805664],[-35.899928,-5.80545],[-35.898537,-5.80388]]]}},{"type":"Feature","id":173,"properties":{"area_ha":0.0,"fonte":"ANA (2021)"},"geometry":{"type":"Polygon","coordinates":[[[-35.919488,-5.820334],[-35.918702,-5.820119],[-35.91856,-5.820762],[-35.918738,-5.82119],[-35.91963,-5.821262],[-35.919952,-5.820905],[-35.919488,-5.820334]]]}},{"type":"Feature","id":174,"properties":{"area_ha":0.0,"fonte":"ANA (2021)"},"geometry":{"type":"Polygon","coordinates":[[[-35.819505,-5.775025],[-35.819201,-5.775139],[-35.819201,-5.775425],[-35.819467,-5.775482],[-35.819505,-5.775025]]]}},{"type":"Feature","id":175,"properties":{"area_ha":0.0,"fonte":"ANA (2021)"},"geometry":{"type":"Polygon","coordinates":[[[-35.813531,-5.773085],[-35.813046,-5.772999],[-35.812903,-5.773385],[-35.813545,-5.773328],[-35.813531,-5.773085]]]}},{"type":"Feature","id":176,"properties":{"area_ha":0.0,"fonte":"ANA (2021)"},"geometry":{"type":"Polygon","coordinates":[[[-35.808306,-5.774327],[-35.808092,-5.77457],[-35.80822,-5.774755],[-35.808434,-5.774727],[-35.808306,-5.774327]]]}},{"type":"Feature","id":177,"properties":{"area_ha":0.0,"fonte":"ANA (2021)"},"geometry":{"type":"Polygon","coordinates":[[[-35.816915,-5.772171],[-35.816658,-5.772143],[-35.816544,-5.772285],[-35.816743,-5.772385],[-35.816915,-5.772171]]]}},{"type":"Feature","id":178,"properties":{"area_ha":0.0,"fonte":"ANA (2021)"},"geometry":{"type":"Polygon","coordinates":[[[-35.811846,-5.770458],[-35.811675,-5.770558],[-35.811718,-5.770686],[-35.811875,-5.770672],[-35.811846,-5.770458]]]}},{"type":"Feature","id":179,"properties":{"area_ha":0.0,"fonte":"ANA (2021)"},"geometry":{"type":"Polygon","coordinates":[[[-35.806465,-5.765515],[-35.806215,-5.765753],[-35.80643,-5.765967],[-35.807239,-5.76605],[-35.807179,-5.765919],[-35.806668,-5.765765],[-35.806465,-5.765515]]]}},{"type":"Feature","id":180,"properties":{"area_ha":0.0,"fonte":"ANA (2021)"},"geometry":{"type":"Polygon","coordinates":[[[-35.804693,-5.763944],[-35.804562,-5.763909],[-35.804348,-5.763825],[-35.804407,-5.764147],[-35.804693,-5.763944]]]}},{"type":"Feature","id":181,"properties":{"area_ha":0.0,"fonte":"ANA (2021)"},"geometry":{"type":"Polygon","coordinates":[[[-35.80781,-5.765622],[-35.80781,-5.765919],[-35.807941,-5.765919],[-35.807964,-5.765729],[-35.80781,-5.765622]]]}},{"type":"Feature","id":182,"properties":{"area_ha":0.0,"fonte":"ANA (2021)"},"geometry":{"type":"Polygon","coordinates":[[[-35.811581,-5.766098],[-35.811236,-5.766121],[-35.8112,-5.766383],[-35.811534,-5.766312],[-35.811581,-5.766098]]]}},{"type":"Feature","id":183,"properties":{"area_ha":0.0,"fonte":"ANA (2021)"},"geometry":{"type":"Polygon","coordinates":[[[-35.817566,-5.764979],[-35.817435,-5.76486],[-35.817328,-5.764944],[-35.817566,-5.764979]]]}},{"type":"Feature","id":184,"properties":{"area_ha":0.0,"fonte":"ANA (2021)"},"geometry":{"type":"Polygon","coordinates":[[[-35.822432,-5.763885],[-35.822003,-5.763837],[-35.821777,-5.76392],[-35.821741,-5.764099],[-35.822443,-5.764147],[-35.822527,-5.764016],[-35.822432,-5.763885]]]}},{"type":"Feature","id":185,"properties":{"area_ha":0.0,"fonte":"ANA (2021)"},"geometry":{"type":"Polygon","coordinates":[[[-35.790882,-5.764596],[-35.790701,-5.764368],[-35.790292,-5.764492],[-35.790444,-5.764691],[-35.790787,-5.764796],[-35.790882,-5.764596]]]}},{"type":"Feature","id":186,"properties":{"area_ha":0.0,"fonte":"ANA (2021)"},"geometry":{"type":"Polygon","coordinates":[[[-35.78439,-5.760295],[-35.784354,-5.760081],[-35.784164,-5.760069],[-35.784164,-5.760248],[-35.78439,-5.760295]]]}},{"type":"Feature","id":187,"properties":{"area_ha":0.0,"fonte":"ANA (2021)"},"geometry":{"type":"Polygon","coordinates":[[[-35.788459,-5.762937],[-35.788358,-5.763201],[-35.788515,-5.763236],[-35.788636,-5.763008],[-35.788459,-5.762937]]]}},{"type":"Feature","id":188,"properties":{"area_ha":0.0,"fonte":"ANA (2021)"},"geometry":{"type":"Polygon","coordinates":[[[-35.790699,-5.762908],[-35.790342,-5.762929],[-35.790199,-5.762994],[-35.790556,-5.763086],[-35.790699,-5.762908]]]}},{"type":"Feature","id":189,"properties":{"area_ha":0.0,"fonte":"ANA (2021)"},"geometry":{"type":"Polygon","coordinates":[[[-35.781062,-5.764174],[-35.781076,-5.764395],[-35.781469,-5.764495],[-35.781562,-5.764402],[-35.781355,-5.764202],[-35.781062,-5.764174]]]}},{"type":"Feature","id":190,"properties":{"area_ha":0.0,"fonte":"ANA (2021)"},"geometry":{"type":"Polygon","coordinates":[[[-35.78031,-5.772043],[-35.780053,-5.771938],[-35.780063,-5.772347],[-35.78031,-5.772043]]]}},{"type":"Feature","id":191,"properties":{"area_ha":0.0,"fonte":"ANA (2021)"},"geometry":{"type":"Polygon","coordinates":[[[-35.791403,-5.775886],[-35.791058,-5.776254],[-35.79132,-5.776278],[-35.79157,-5.776695],[-35.791617,-5.776243],[-35.791403,-5.775886]]]}},{"type":"Feature","id":192,"properties":{"area_ha":0.0,"fonte":"ANA (2021)"},"geometry":{"type":"Polygon","coordinates":[[[-35.791784,-5.777147],[-35.791475,-5.777028],[-35.791558,-5.777301],[-35.791748,-5.777301],[-35.791784,-5.777147]]]}},{"type":"Feature","id":193,"properties":{"area_ha":0.0,"fonte":"ANA (2021)"},"geometry":{"type":"Polygon","coordinates":[[[-35.748183,-5.766165],[-35.746912,-5.766979],[-35.747669,-5.768464],[-35.748126,-5.768378],[-35.74814,-5.768164],[-35.748426,-5.768107],[-35.748368,-5.766651],[-35.748183,-5.766165]]]}},{"type":"Feature","id":194,"properties":{"area_ha":0.0,"fonte":"ANA (2021)"},"geometry":{"type":"Polygon","coordinates":[[[-35.745013,-5.762553],[-35.744785,-5.762796],[-35.745342,-5.763025],[-35.745199,-5.763267],[-35.745256,-5.763453],[-35.745413,-5.763196],[-35.74557,-5.763324],[-35.745542,-5.762825],[-35.745013,-5.762553]]]}},{"type":"Feature","id":195,"properties":{"area_ha":0.0,"fonte":"ANA (2021)"},"geometry":{"type":"Polygon","coordinates":[[[-35.767157,-5.786115],[-35.767233,-5.787447],[-35.767671,-5.787371],[-35.767994,-5.787866],[-35.768108,-5.7876],[-35.768375,-5.787771],[-35.768337,-5.787543],[-35.767956,-5.787143],[-35.767366,-5.786096],[-35.767157,-5.786115]]]}},{"type":"Feature","id":196,"properties":{"area_ha":0.0,"fonte":"ANA (2021)"},"geometry":{"type":"Polygon","coordinates":[[[-35.76274,-5.791464],[-35.761846,-5.791635],[-35.76196,-5.792321],[-35.762855,-5.792968],[-35.763026,-5.792606],[-35.762702,-5.791959],[-35.76274,-5.791464]]]}},{"type":"Feature","id":197,"properties":{"area_ha":0.0,"fonte":"ANA (2021)"},"geometry":{"type":"Polygon","coordinates":[[[-35.755316,-5.788114],[-35.754802,-5.787961],[-35.754917,-5.788475],[-35.754802,-5.78878],[-35.755069,-5.788685],[-35.755316,-5.788114]]]}},{"type":"Feature","id":198,"properties":{"area_ha":0.0,"fonte":"ANA (2021)"},"geometry":{"type":"Polygon","coordinates":[[[-35.755476,-5.7991],[-35.75594,-5.79835],[-35.755547,-5.798065],[-35.754869,-5.798743],[-35.754476,-5.798743],[-35.754441,-5.799064],[-35.754584,-5.799457],[-35.755476,-5.7991]]]}},{"type":"Feature","id":199,"properties":{"area_ha":0.0,"fonte":"ANA (2021)"},"geometry":{"type":"Polygon","coordinates":[[[-35.759402,-5.801527],[-35.758867,-5.801241],[-35.758545,-5.801384],[-35.758545,-5.802133],[-35.759188,-5.802919],[-35.76033,-5.803561],[-35.760401,-5.803133],[-35.759759,-5.802383],[-35.759402,-5.801527]]]}},{"type":"Feature","id":200,"properties":{"area_ha":0.0,"fonte":"ANA (2021)"},"geometry":{"type":"Polygon","coordinates":[[[-35.764446,-5.807701],[-35.763019,-5.808088],[-35.763227,-5.808415],[-35.763197,-5.808772],[-35.764119,-5.808356],[-35.764714,-5.808653],[-35.764922,-5.808623],[-35.764922,-5.808177],[-35.764446,-5.807701]]]}},{"type":"Feature","id":201,"properties":{"area_ha":0.0,"fonte":"ANA (2021)"},"geometry":{"type":"Polygon","coordinates":[[[-35.767926,-5.80898],[-35.767718,-5.809159],[-35.767748,-5.809545],[-35.768135,-5.809635],[-35.768194,-5.809456],[-35.767926,-5.80898]]]}},{"type":"Feature","id":202,"properties":{"area_ha":0.0,"fonte":"ANA (2021)"},"geometry":{"type":"Polygon","coordinates":[[[-35.762186,-5.806869],[-35.761829,-5.806958],[-35.761948,-5.807255],[-35.762216,-5.807196],[-35.762186,-5.806869]]]}},{"type":"Feature","id":203,"properties":{"area_ha":0.0,"fonte":"ANA (2021)"},"geometry":{"type":"Polygon","coordinates":[[[-35.762067,-5.801723],[-35.762126,-5.802437],[-35.762573,-5.801961],[-35.762424,-5.801723],[-35.762067,-5.801723]]]}},{"type":"Feature","id":204,"properties":{"area_ha":0.0,"fonte":"ANA (2021)"},"geometry":{"type":"Polygon","coordinates":[[[-35.767242,-5.802229],[-35.766707,-5.802467],[-35.766856,-5.802675],[-35.767332,-5.802526],[-35.767242,-5.802229]]]}},{"type":"Feature","id":205,"properties":{"area_ha":0.0,"fonte":"ANA (2021)"},"geometry":{"type":"Polygon","coordinates":[[[-35.771615,-5.802615],[-35.771139,-5.803091],[-35.771823,-5.803032],[-35.771912,-5.802764],[-35.771615,-5.802615]]]}},{"type":"Feature","id":206,"properties":{"area_ha":0.0,"fonte":"ANA (2021)"},"geometry":{"type":"Polygon","coordinates":[[[-35.777248,-5.802972],[-35.776962,-5.802211],[-35.776463,-5.802235],[-35.776701,-5.803067],[-35.777248,-5.802972]]]}},{"type":"Feature","id":207,"properties":{"area_ha":0.0,"fonte":"ANA (2021)"},"geometry":{"type":"Polygon","coordinates":[[[-35.76862,-5.816102],[-35.767859,-5.815579],[-35.767882,-5.81634],[-35.76862,-5.816102]]]}},{"type":"Feature","id":208,"properties":{"area_ha":0.0,"fonte":"ANA (2021)"},"geometry":{"type":"Polygon","coordinates":[[[-35.762695,-5.817101],[-35.7626,-5.817839],[-35.763004,-5.817696],[-35.763076,-5.817292],[-35.762695,-5.817101]]]}},{"type":"Feature","id":209,"properties":{"area_ha":0.0,"fonte":"ANA (2021)"},"geometry":{"type":"Polygon","coordinates":[[[-35.761529,-5.817506],[-35.761434,-5.816959],[-35.760863,-5.817506],[-35.761386,-5.817696],[-35.761529,-5.817506]]]}},{"type":"Feature","id":210,"properties":{"area_ha":0.0,"fonte":"ANA (2021)"},"geometry":{"type":"Polygon","coordinates":[[[-35.757199,-5.820433],[-35.757437,-5.821313],[-35.758103,-5.820575],[-35.757722,-5.820409],[-35.757199,-5.820433]]]}},{"type":"Feature","id":211,"properties":{"area_ha":0.0,"fonte":"ANA (2021)"},"geometry":{"type":"Polygon","coordinates":[[[-35.763004,-5.82543],[-35.763004,-5.826096],[-35.763599,-5.826072],[-35.763813,-5.826476],[-35.764004,-5.826262],[-35.763909,-5.825858],[-35.764361,-5.825549],[-35.764694,-5.825525],[-35.764837,-5.825263],[-35.763004,-5.82543]]]}},{"type":"Feature","id":212,"properties":{"area_ha":0.0,"fonte":"ANA (2021)"},"geometry":{"type":"Polygon","coordinates":[[[-35.767692,-5.825763],[-35.767644,-5.826191],[-35.768382,-5.826476],[-35.768453,-5.826191],[-35.767692,-5.825763]]]}},{"type":"Feature","id":213,"properties":{"area_ha":0.0,"fonte":"ANA (2021)"},"geometry":{"type":"Polygon","coordinates":[[[-35.752892,-5.824049],[-35.75263,-5.824573],[-35.753177,-5.824573],[-35.753249,-5.824335],[-35.752892,-5.824049]]]}},{"type":"Feature","id":214,"properties":{"area_ha":0.0,"fonte":"ANA (2021)"},"geometry":{"type":"Polygon","coordinates":[[[-35.744706,-5.827928],[-35.745135,-5.829118],[-35.7478,-5.829356],[-35.748133,-5.828904],[-35.746705,-5.82819],[-35.746467,-5.827809],[-35.744706,-5.827928]]]}},{"type":"Feature","id":215,"properties":{"area_ha":0.0,"fonte":"ANA (2021)"},"geometry":{"type":"Polygon","coordinates":[[[-35.741328,-5.827333],[-35.740423,-5.828047],[-35.740447,-5.828666],[-35.741018,-5.828832],[-35.740947,-5.828285],[-35.741209,-5.828071],[-35.741351,-5.828332],[-35.741566,-5.828309],[-35.74128,-5.827809],[-35.741994,-5.827571],[-35.741328,-5.827333]]]}},{"type":"Feature","id":216,"properties":{"area_ha":0.0,"fonte":"ANA (2021)"},"geometry":{"type":"Polygon","coordinates":[[[-35.739067,-5.829641],[-35.73871,-5.829023],[-35.738377,-5.829974],[-35.739067,-5.829641]]]}},{"type":"Feature","id":217,"properties":{"area_ha":0.0,"fonte":"ANA (2021)"},"geometry":{"type":"Polygon","coordinates":[[[-35.74711,-5.834115],[-35.747038,-5.834638],[-35.747681,-5.834828],[-35.747895,-5.834638],[-35.747443,-5.834234],[-35.74711,-5.834115]]]}},{"type":"Feature","id":218,"properties":{"area_ha":0.0,"fonte":"ANA (2021)"},"geometry":{"type":"Polygon","coordinates":[[[-35.742458,-5.835661],[-35.742101,-5.837238],[-35.742339,-5.837892],[-35.742726,-5.837773],[-35.743053,-5.837357],[-35.743023,-5.836643],[-35.742458,-5.835661]]]}},{"type":"Feature","id":219,"properties":{"area_ha":0.0,"fonte":"ANA (2021)"},"geometry":{"type":"Polygon","coordinates":[[[-35.749358,-5.837476],[-35.749031,-5.837476],[-35.748228,-5.837595],[-35.748882,-5.838427],[-35.749358,-5.837476]]]}},{"type":"Feature","id":220,"properties":{"area_ha":0.0,"fonte":"ANA (2021)"},"geometry":{"type":"Polygon","coordinates":[[[-35.754504,-5.831884],[-35.75376,-5.831973],[-35.754682,-5.833193],[-35.754504,-5.831884]]]}},{"type":"Feature","id":221,"properties":{"area_ha":0.0,"fonte":"ANA (2021)"},"geometry":{"type":"Polygon","coordinates":[[[-35.756883,-5.83117],[-35.755813,-5.831676],[-35.757062,-5.832657],[-35.756586,-5.831616],[-35.756943,-5.831348],[-35.756883,-5.83117]]]}},{"type":"Feature","id":222,"properties":{"area_ha":0.0,"fonte":"ANA (2021)"},"geometry":{"type":"Polygon","coordinates":[[[-35.762326,-5.834353],[-35.762088,-5.83459],[-35.762118,-5.835156],[-35.762624,-5.834977],[-35.762713,-5.83468],[-35.762326,-5.834353]]]}},{"type":"Feature","id":223,"properties":{"area_ha":0.0,"fonte":"ANA (2021)"},"geometry":{"type":"Polygon","coordinates":[[[-35.762059,-5.848064],[-35.76191,-5.849046],[-35.762386,-5.848778],[-35.762535,-5.848451],[-35.763457,-5.848094],[-35.762059,-5.848064]]]}},{"type":"Feature","id":224,"properties":{"area_ha":0.0,"fonte":"ANA (2021)"},"geometry":{"type":"Polygon","coordinates":[[[-35.761791,-5.844614],[-35.761731,-5.844971],[-35.762118,-5.844852],[-35.762118,-5.844584],[-35.761791,-5.844614]]]}},{"type":"Feature","id":225,"properties":{"area_ha":0.0,"fonte":"ANA (2021)"},"geometry":{"type":"Polygon","coordinates":[[[-35.757835,-5.85669],[-35.758043,-5.857582],[-35.758489,-5.857285],[-35.759501,-5.856065],[-35.759858,-5.855827],[-35.760096,-5.855976],[-35.760334,-5.855887],[-35.760006,-5.854846],[-35.759858,-5.854816],[-35.759887,-5.854013],[-35.759501,-5.853537],[-35.759441,-5.854994],[-35.7584,-5.856452],[-35.757835,-5.85669]]]}},{"type":"Feature","id":226,"properties":{"area_ha":0.0,"fonte":"ANA (2021)"},"geometry":{"type":"Polygon","coordinates":[[[-35.736444,-5.866106],[-35.736634,-5.865583],[-35.737015,-5.86525],[-35.737253,-5.864726],[-35.736967,-5.864631],[-35.736539,-5.865155],[-35.736206,-5.865155],[-35.735682,-5.865631],[-35.736444,-5.866106]]]}},{"type":"Feature","id":227,"properties":{"area_ha":0.0,"fonte":"ANA (2021)"},"geometry":{"type":"Polygon","coordinates":[[[-35.724151,-5.871222],[-35.725065,-5.872607],[-35.725165,-5.871494],[-35.725379,-5.870837],[-35.724408,-5.870608],[-35.724151,-5.871222]]]}},{"type":"Feature","id":228,"properties":{"area_ha":0.0,"fonte":"ANA (2021)"},"geometry":{"type":"Polygon","coordinates":[[[-35.712483,-5.863751],[-35.713011,-5.86425],[-35.713339,-5.863822],[-35.713196,-5.863637],[-35.712483,-5.863751]]]}},{"type":"Feature","id":229,"properties":{"area_ha":0.0,"fonte":"ANA (2021)"},"geometry":{"type":"Polygon","coordinates":[[[-35.706189,-5.865385],[-35.705656,-5.865462],[-35.705884,-5.865899],[-35.706113,-5.865918],[-35.706189,-5.865385]]]}},{"type":"Feature","id":230,"properties":{"area_ha":0.0,"fonte":"ANA (2021)"},"geometry":{"type":"Polygon","coordinates":[[[-35.709292,-5.869992],[-35.709025,-5.869802],[-35.708968,-5.870201],[-35.709292,-5.869992]]]}},{"type":"Feature","id":231,"properties":{"area_ha":0.0,"fonte":"ANA (2021)"},"geometry":{"type":"Polygon","coordinates":[[[-35.709463,-5.869288],[-35.709577,-5.868602],[-35.709444,-5.86845],[-35.708949,-5.868507],[-35.709463,-5.869288]]]}},{"type":"Feature","id":232,"properties":{"area_ha":0.0,"fonte":"ANA (2021)"},"geometry":{"type":"Polygon","coordinates":[[[-35.698575,-5.875627],[-35.698575,-5.875284],[-35.69846,-5.87477],[-35.698251,-5.875493],[-35.698575,-5.875627]]]}},{"type":"Feature","id":233,"properties":{"area_ha":0.0,"fonte":"ANA (2021)"},"geometry":{"type":"Polygon","coordinates":[[[-35.685052,-5.881985],[-35.685433,-5.882341],[-35.685766,-5.881889],[-35.685742,-5.881628],[-35.685052,-5.881985]]]}},{"type":"Feature","id":234,"properties":{"area_ha":0.0,"fonte":"ANA (2021)"},"geometry":{"type":"Polygon","coordinates":[[[-35.681174,-5.862187],[-35.681102,-5.860712],[-35.680745,-5.860569],[-35.680269,-5.860903],[-35.680317,-5.862306],[-35.681174,-5.862187]]]}},{"type":"Feature","id":235,"properties":{"area_ha":0.0,"fonte":"ANA (2021)"},"geometry":{"type":"Polygon","coordinates":[[[-35.668491,-5.859784],[-35.6693,-5.859689],[-35.669586,-5.859094],[-35.670038,-5.859023],[-35.670347,-5.858475],[-35.670299,-5.858261],[-35.669276,-5.858666],[-35.669086,-5.859047],[-35.668515,-5.859094],[-35.668491,-5.859784]]]}},{"type":"Feature","id":236,"properties":{"area_ha":0.0,"fonte":"ANA (2021)"},"geometry":{"type":"Polygon","coordinates":[[[-35.702708,-5.85869],[-35.702767,-5.858273],[-35.702321,-5.858035],[-35.702202,-5.857321],[-35.701905,-5.857321],[-35.701875,-5.857738],[-35.701399,-5.857916],[-35.701518,-5.858154],[-35.701905,-5.858541],[-35.701905,-5.858809],[-35.702708,-5.85869]]]}},{"type":"Feature","id":237,"properties":{"area_ha":0.0,"fonte":"ANA (2021)"},"geometry":{"type":"Polygon","coordinates":[[[-35.713951,-5.853514],[-35.71401,-5.852979],[-35.713653,-5.852711],[-35.713415,-5.852949],[-35.713207,-5.853485],[-35.713951,-5.853514]]]}},{"type":"Feature","id":238,"properties":{"area_ha":0.0,"fonte":"ANA (2021)"},"geometry":{"type":"Polygon","coordinates":[[[-35.71175,-5.857084],[-35.711482,-5.857084],[-35.711363,-5.857738],[-35.71175,-5.857649],[-35.711928,-5.857321],[-35.71175,-5.857084]]]}},{"type":"Feature","id":239,"properties":{"area_ha":0.0,"fonte":"ANA (2021)"},"geometry":{"type":"Polygon","coordinates":[[[-35.706991,-5.853663],[-35.706723,-5.852949],[-35.706366,-5.852919],[-35.706604,-5.853247],[-35.706426,-5.853604],[-35.706545,-5.853871],[-35.706991,-5.853663]]]}},{"type":"Feature","id":240,"properties":{"area_ha":0.0,"fonte":"ANA (2021)"},"geometry":{"type":"Polygon","coordinates":[[[-35.688282,-5.854436],[-35.688193,-5.853455],[-35.687955,-5.853306],[-35.687836,-5.85399],[-35.687628,-5.85399],[-35.687717,-5.854883],[-35.687955,-5.854526],[-35.688282,-5.854436]]]}},{"type":"Feature","id":241,"properties":{"area_ha":0.0,"fonte":"ANA (2021)"},"geometry":{"type":"Polygon","coordinates":[[[-35.691703,-5.850867],[-35.691649,-5.849638],[-35.691649,-5.848439],[-35.691249,-5.849353],[-35.691021,-5.850438],[-35.691286,-5.851194],[-35.691703,-5.850867]]]}},{"type":"Feature","id":242,"properties":{"area_ha":0.0,"fonte":"ANA (2021)"},"geometry":{"type":"Polygon","coordinates":[[[-35.702214,-5.846155],[-35.702214,-5.845526],[-35.7021,-5.845012],[-35.701643,-5.846155],[-35.702214,-5.846155]]]}},{"type":"Feature","id":243,"properties":{"area_ha":0.0,"fonte":"ANA (2021)"},"geometry":{"type":"Polygon","coordinates":[[[-35.685367,-5.850952],[-35.685767,-5.849638],[-35.684911,-5.850761],[-35.685367,-5.850952]]]}},{"type":"Feature","id":244,"properties":{"area_ha":0.0,"fonte":"ANA (2021)"},"geometry":{"type":"Polygon","coordinates":[[[-35.686802,-5.847893],[-35.686981,-5.847714],[-35.6871,-5.847387],[-35.686683,-5.847328],[-35.686564,-5.847476],[-35.686802,-5.847893]]]}},{"type":"Feature","id":245,"properties":{"area_ha":0.0,"fonte":"ANA (2021)"},"geometry":{"type":"Polygon","coordinates":[[[-35.68942,-5.84126],[-35.689806,-5.840963],[-35.689747,-5.840814],[-35.68936,-5.840844],[-35.68942,-5.84126]]]}},{"type":"Feature","id":246,"properties":{"area_ha":0.0,"fonte":"ANA (2021)"},"geometry":{"type":"Polygon","coordinates":[[[-35.690252,-5.840189],[-35.690044,-5.840189],[-35.689866,-5.840368],[-35.689985,-5.840546],[-35.690252,-5.840189]]]}},{"type":"Feature","id":247,"properties":{"area_ha":0.0,"fonte":"ANA (2021)"},"geometry":{"type":"Polygon","coordinates":[[[-35.684274,-5.835282],[-35.684185,-5.836709],[-35.685196,-5.836531],[-35.685612,-5.83665],[-35.686118,-5.83659],[-35.685969,-5.836233],[-35.684274,-5.835282]]]}},{"type":"Feature","id":248,"properties":{"area_ha":0.0,"fonte":"ANA (2021)"},"geometry":{"type":"Polygon","coordinates":[[[-35.68014,-5.83195],[-35.678534,-5.832516],[-35.679039,-5.833259],[-35.679961,-5.834032],[-35.680794,-5.834538],[-35.681092,-5.834449],[-35.680348,-5.83314],[-35.680259,-5.832575],[-35.680407,-5.832367],[-35.680675,-5.832456],[-35.680437,-5.83204],[-35.68014,-5.83195]]]}},{"type":"Feature","id":249,"properties":{"area_ha":0.0,"fonte":"ANA (2021)"},"geometry":{"type":"Polygon","coordinates":[[[-35.676285,-5.822337],[-35.675071,-5.822552],[-35.675428,-5.823123],[-35.675214,-5.823765],[-35.675714,-5.823908],[-35.676499,-5.82455],[-35.677713,-5.824907],[-35.677713,-5.824193],[-35.676856,-5.823408],[-35.676285,-5.822337]]]}},{"type":"Feature","id":250,"properties":{"area_ha":0.0,"fonte":"ANA (2021)"},"geometry":{"type":"Polygon","coordinates":[[[-35.673787,-5.818554],[-35.673073,-5.818554],[-35.67293,-5.819268],[-35.67293,-5.82041],[-35.67343,-5.821053],[-35.674143,-5.820981],[-35.674572,-5.821409],[-35.674715,-5.820838],[-35.673644,-5.819768],[-35.673787,-5.818554]]]}},{"type":"Feature","id":251,"properties":{"area_ha":0.0,"fonte":"ANA (2021)"},"geometry":{"type":"Polygon","coordinates":[[[-35.675571,-5.814771],[-35.676499,-5.814271],[-35.675571,-5.814057],[-35.675571,-5.814771]]]}},{"type":"Feature","id":252,"properties":{"area_ha":0.0,"fonte":"ANA (2021)"},"geometry":{"type":"Polygon","coordinates":[[[-35.687278,-5.814771],[-35.686636,-5.814985],[-35.686493,-5.816555],[-35.686993,-5.817483],[-35.687207,-5.816127],[-35.687849,-5.816127],[-35.687421,-5.815556],[-35.687278,-5.814771]]]}},{"type":"Feature","id":253,"properties":{"area_ha":0.0,"fonte":"ANA (2021)"},"geometry":{"type":"Polygon","coordinates":[[[-35.694488,-5.818197],[-35.693917,-5.817983],[-35.693774,-5.818483],[-35.694131,-5.818768],[-35.694488,-5.818197]]]}},{"type":"Feature","id":254,"properties":{"area_ha":0.0,"fonte":"ANA (2021)"},"geometry":{"type":"Polygon","coordinates":[[[-35.703639,-5.834187],[-35.702383,-5.833959],[-35.702383,-5.835786],[-35.702954,-5.835957],[-35.703297,-5.835443],[-35.70324,-5.834815],[-35.703639,-5.834187]]]}},{"type":"Feature","id":255,"properties":{"area_ha":0.0,"fonte":"ANA (2021)"},"geometry":{"type":"Polygon","coordinates":[[[-35.709807,-5.833216],[-35.709921,-5.833445],[-35.711463,-5.834244],[-35.711691,-5.833959],[-35.711349,-5.833159],[-35.710778,-5.832645],[-35.710149,-5.832874],[-35.709807,-5.833216]]]}},{"type":"Feature","id":256,"properties":{"area_ha":0.0,"fonte":"ANA (2021)"},"geometry":{"type":"Polygon","coordinates":[[[-35.707408,-5.824136],[-35.708037,-5.824193],[-35.708151,-5.823737],[-35.708436,-5.823394],[-35.708493,-5.82288],[-35.707237,-5.822023],[-35.706266,-5.82248],[-35.706438,-5.823108],[-35.706894,-5.823337],[-35.707408,-5.824136]]]}},{"type":"Feature","id":257,"properties":{"area_ha":0.0,"fonte":"ANA (2021)"},"geometry":{"type":"Polygon","coordinates":[[[-35.703068,-5.818426],[-35.70284,-5.818882],[-35.703525,-5.819111],[-35.704553,-5.819853],[-35.705124,-5.819853],[-35.70421,-5.818882],[-35.703068,-5.818426]]]}},{"type":"Feature","id":258,"properties":{"area_ha":0.0,"fonte":"ANA (2021)"},"geometry":{"type":"Polygon","coordinates":[[[-35.723113,-5.824822],[-35.721806,-5.824914],[-35.721557,-5.825414],[-35.721592,-5.825949],[-35.722199,-5.825914],[-35.722163,-5.826485],[-35.722413,-5.827341],[-35.722806,-5.827163],[-35.723056,-5.826735],[-35.722913,-5.826235],[-35.723113,-5.824822]]]}},{"type":"Feature","id":259,"properties":{"area_ha":0.0,"fonte":"ANA (2021)"},"geometry":{"type":"Polygon","coordinates":[[[-35.728148,-5.811482],[-35.729147,-5.810412],[-35.729504,-5.81034],[-35.729575,-5.810055],[-35.729076,-5.809948],[-35.727898,-5.810626],[-35.727755,-5.810412],[-35.727434,-5.81059],[-35.728148,-5.811482]]]}},{"type":"Feature","id":260,"properties":{"area_ha":0.0,"fonte":"ANA (2021)"},"geometry":{"type":"Polygon","coordinates":[[[-35.734572,-5.813767],[-35.734572,-5.814231],[-35.735215,-5.813945],[-35.734572,-5.813767]]]}},{"type":"Feature","id":261,"properties":{"area_ha":0.0,"fonte":"ANA (2021)"},"geometry":{"type":"Polygon","coordinates":[[[-35.742246,-5.808841],[-35.741604,-5.807877],[-35.741247,-5.809127],[-35.742246,-5.808841]]]}},{"type":"Feature","id":262,"properties":{"area_ha":0.0,"fonte":"ANA (2021)"},"geometry":{"type":"Polygon","coordinates":[[[-35.719808,-5.800156],[-35.719332,-5.801251],[-35.72076,-5.801298],[-35.72214,-5.800442],[-35.72252,-5.799918],[-35.722473,-5.799442],[-35.721664,-5.799347],[-35.720474,-5.800442],[-35.720093,-5.800394],[-35.719808,-5.800156]]]}},{"type":"Feature","id":263,"properties":{"area_ha":0.0,"fonte":"ANA (2021)"},"geometry":{"type":"Polygon","coordinates":[[[-35.730325,-5.796159],[-35.73042,-5.797586],[-35.730991,-5.797396],[-35.731182,-5.796872],[-35.730801,-5.796777],[-35.730325,-5.796159]]]}},{"type":"Feature","id":264,"properties":{"area_ha":0.0,"fonte":"ANA (2021)"},"geometry":{"type":"Polygon","coordinates":[[[-35.724709,-5.793446],[-35.724947,-5.794541],[-35.725947,-5.793732],[-35.726708,-5.793351],[-35.726708,-5.793018],[-35.724709,-5.793446]]]}},{"type":"Feature","id":265,"properties":{"area_ha":0.0,"fonte":"ANA (2021)"},"geometry":{"type":"Polygon","coordinates":[[[-35.723472,-5.790591],[-35.722949,-5.790305],[-35.72233,-5.791685],[-35.723567,-5.791257],[-35.723472,-5.790591]]]}},{"type":"Feature","id":266,"properties":{"area_ha":0.0,"fonte":"ANA (2021)"},"geometry":{"type":"Polygon","coordinates":[[[-35.720141,-5.790258],[-35.719379,-5.791209],[-35.720188,-5.791209],[-35.720141,-5.790258]]]}},{"type":"Feature","id":267,"properties":{"area_ha":0.0,"fonte":"ANA (2021)"},"geometry":{"type":"Polygon","coordinates":[[[-35.74898,-5.800489],[-35.749123,-5.799204],[-35.748647,-5.799823],[-35.748123,-5.799157],[-35.748314,-5.800489],[-35.74898,-5.800489]]]}},{"type":"Feature","id":268,"properties":{"area_ha":0.0,"fonte":"ANA (2021)"},"geometry":{"type":"Polygon","coordinates":[[[-35.706233,-5.802357],[-35.706304,-5.803392],[-35.707554,-5.802036],[-35.707054,-5.80175],[-35.706233,-5.802357]]]}},{"type":"Feature","id":269,"properties":{"area_ha":0.0,"fonte":"ANA (2021)"},"geometry":{"type":"Polygon","coordinates":[[[-35.696632,-5.802357],[-35.696703,-5.800965],[-35.696882,-5.800073],[-35.696703,-5.800109],[-35.695811,-5.801286],[-35.695739,-5.801822],[-35.696632,-5.802357]]]}},{"type":"Feature","id":270,"properties":{"area_ha":0.0,"fonte":"ANA (2021)"},"geometry":{"type":"Polygon","coordinates":[[[-35.6896,-5.803535],[-35.689351,-5.804499],[-35.690457,-5.804463],[-35.690528,-5.803999],[-35.690136,-5.803678],[-35.6896,-5.803535]]]}},{"type":"Feature","id":271,"properties":{"area_ha":0.0,"fonte":"ANA (2021)"},"geometry":{"type":"Polygon","coordinates":[[[-35.699737,-5.797039],[-35.69888,-5.797503],[-35.69913,-5.797824],[-35.699737,-5.797039]]]}},{"type":"Feature","id":272,"properties":{"area_ha":0.0,"fonte":"ANA (2021)"},"geometry":{"type":"Polygon","coordinates":[[[-35.716976,-5.791257],[-35.71562,-5.790793],[-35.715406,-5.790971],[-35.716691,-5.791757],[-35.716976,-5.791257]]]}},{"type":"Feature","id":273,"properties":{"area_ha":0.0,"fonte":"ANA (2021)"},"geometry":{"type":"Polygon","coordinates":[[[-35.712586,-5.802571],[-35.713229,-5.802214],[-35.712479,-5.80175],[-35.712586,-5.802571]]]}},{"type":"Feature","id":274,"properties":{"area_ha":0.0,"fonte":"ANA (2021)"},"geometry":{"type":"Polygon","coordinates":[[[-35.713871,-5.804463],[-35.713728,-5.80507],[-35.714799,-5.805105],[-35.71512,-5.804998],[-35.714835,-5.80457],[-35.713871,-5.804463]]]}},{"type":"Feature","id":275,"properties":{"area_ha":0.0,"fonte":"ANA (2021)"},"geometry":{"type":"Polygon","coordinates":[[[-35.711944,-5.811994],[-35.71123,-5.812172],[-35.711872,-5.812494],[-35.711944,-5.811994]]]}},{"type":"Feature","id":276,"properties":{"area_ha":0.0,"fonte":"ANA (2021)"},"geometry":{"type":"Polygon","coordinates":[[[-35.698797,-5.820471],[-35.697845,-5.8205],[-35.697845,-5.820768],[-35.698797,-5.820857],[-35.698797,-5.820471]]]}},{"type":"Feature","id":277,"properties":{"area_ha":0.0,"fonte":"ANA (2021)"},"geometry":{"type":"Polygon","coordinates":[[[-35.683378,-5.790287],[-35.68245,-5.791858],[-35.683878,-5.792],[-35.683949,-5.791358],[-35.68502,-5.791572],[-35.685377,-5.791215],[-35.684235,-5.790858],[-35.683378,-5.790287]]]}},{"type":"Feature","id":278,"properties":{"area_ha":0.0,"fonte":"ANA (2021)"},"geometry":{"type":"Polygon","coordinates":[[[-35.696299,-5.779508],[-35.695157,-5.779794],[-35.697227,-5.782007],[-35.697584,-5.782007],[-35.69794,-5.780865],[-35.696798,-5.780151],[-35.696299,-5.779508]]]}},{"type":"Feature","id":279,"properties":{"area_ha":0.0,"fonte":"ANA (2021)"},"geometry":{"type":"Polygon","coordinates":[[[-35.707078,-5.779294],[-35.706578,-5.779865],[-35.708006,-5.780793],[-35.707078,-5.779294]]]}},{"type":"Feature","id":280,"properties":{"area_ha":0.0,"fonte":"ANA (2021)"},"geometry":{"type":"Polygon","coordinates":[[[-35.708148,-5.778009],[-35.708148,-5.778866],[-35.709219,-5.778509],[-35.708148,-5.778009]]]}},{"type":"Feature","id":281,"properties":{"area_ha":0.0,"fonte":"ANA (2021)"},"geometry":{"type":"Polygon","coordinates":[[[-35.704508,-5.776653],[-35.703937,-5.777224],[-35.705293,-5.777652],[-35.704508,-5.776653]]]}},{"type":"Feature","id":282,"properties":{"area_ha":0.0,"fonte":"ANA (2021)"},"geometry":{"type":"Polygon","coordinates":[[[-35.697441,-5.774226],[-35.697369,-5.775154],[-35.699011,-5.775154],[-35.697441,-5.774226]]]}},{"type":"Feature","id":283,"properties":{"area_ha":0.0,"fonte":"ANA (2021)"},"geometry":{"type":"Polygon","coordinates":[[[-35.686947,-5.775439],[-35.686947,-5.774726],[-35.687304,-5.77287],[-35.68709,-5.772513],[-35.686519,-5.773227],[-35.686091,-5.774226],[-35.685877,-5.775154],[-35.685591,-5.775582],[-35.686947,-5.775439]]]}},{"type":"Feature","id":284,"properties":{"area_ha":0.0,"fonte":"ANA (2021)"},"geometry":{"type":"Polygon","coordinates":[[[-35.721069,-5.775868],[-35.720355,-5.776796],[-35.72114,-5.776653],[-35.722497,-5.776796],[-35.721069,-5.775868]]]}},{"type":"Feature","id":285,"properties":{"area_ha":0.0,"fonte":"ANA (2021)"},"geometry":{"type":"Polygon","coordinates":[[[-35.63835,-5.803318],[-35.636409,-5.80349],[-35.636123,-5.804632],[-35.636523,-5.80566],[-35.63738,-5.806402],[-35.638122,-5.806117],[-35.637437,-5.805546],[-35.63738,-5.803832],[-35.638122,-5.804061],[-35.63835,-5.803318]]]}},{"type":"Feature","id":286,"properties":{"area_ha":0.0,"fonte":"ANA (2021)"},"geometry":{"type":"Polygon","coordinates":[[[-35.635781,-5.799092],[-35.635152,-5.799321],[-35.636237,-5.80052],[-35.635781,-5.799092]]]}},{"type":"Feature","id":287,"properties":{"area_ha":0.0,"fonte":"ANA (2021)"},"geometry":{"type":"Polygon","coordinates":[[[-35.641891,-5.800292],[-35.64132,-5.800691],[-35.640977,-5.801148],[-35.641491,-5.801548],[-35.642005,-5.80132],[-35.642291,-5.800634],[-35.641891,-5.800292]]]}},{"type":"Feature","id":288,"properties":{"area_ha":0.0,"fonte":"ANA (2021)"},"geometry":{"type":"Polygon","coordinates":[[[-35.6504,-5.795723],[-35.650457,-5.796237],[-35.650971,-5.796066],[-35.650857,-5.79578],[-35.6504,-5.795723]]]}},{"type":"Feature","id":289,"properties":{"area_ha":0.0,"fonte":"ANA (2021)"},"geometry":{"type":"Polygon","coordinates":[[[-35.62236,-5.806973],[-35.621904,-5.806859],[-35.62099,-5.808058],[-35.621275,-5.808172],[-35.622189,-5.807487],[-35.62236,-5.806973]]]}},{"type":"Feature","id":290,"properties":{"area_ha":0.0,"fonte":"ANA (2021)"},"geometry":{"type":"Polygon","coordinates":[[[-35.62019,-5.797836],[-35.618877,-5.798065],[-35.61922,-5.798579],[-35.619277,-5.79915],[-35.619848,-5.799664],[-35.619791,-5.800463],[-35.619505,-5.801377],[-35.619619,-5.802005],[-35.620076,-5.801719],[-35.620362,-5.800691],[-35.620419,-5.799606],[-35.620076,-5.798464],[-35.62019,-5.797836]]]}},{"type":"Feature","id":291,"properties":{"area_ha":0.0,"fonte":"ANA (2021)"},"geometry":{"type":"Polygon","coordinates":[[[-35.608255,-5.798978],[-35.60757,-5.798921],[-35.607284,-5.798579],[-35.607113,-5.799549],[-35.607456,-5.799721],[-35.608369,-5.801034],[-35.608997,-5.801148],[-35.608426,-5.799778],[-35.608255,-5.798978]]]}},{"type":"Feature","id":292,"properties":{"area_ha":0.0,"fonte":"ANA (2021)"},"geometry":{"type":"Polygon","coordinates":[[[-35.61368,-5.81691],[-35.612881,-5.817538],[-35.613338,-5.817995],[-35.613395,-5.818338],[-35.614023,-5.818338],[-35.61368,-5.81691]]]}},{"type":"Feature","id":293,"properties":{"area_ha":0.0,"fonte":"ANA (2021)"},"geometry":{"type":"Polygon","coordinates":[[[-35.62831,-5.804524],[-35.627983,-5.804196],[-35.627567,-5.805089],[-35.627626,-5.805208],[-35.628132,-5.804821],[-35.62831,-5.804524]]]}},{"type":"Feature","id":294,"properties":{"area_ha":0.0,"fonte":"ANA (2021)"},"geometry":{"type":"Polygon","coordinates":[[[-35.629797,-5.790544],[-35.629381,-5.790752],[-35.630006,-5.791734],[-35.63069,-5.792121],[-35.631285,-5.79215],[-35.631523,-5.792031],[-35.631017,-5.791704],[-35.631166,-5.791407],[-35.629797,-5.790544]]]}},{"type":"Feature","id":295,"properties":{"area_ha":0.0,"fonte":"ANA (2021)"},"geometry":{"type":"Polygon","coordinates":[[[-35.632534,-5.788968],[-35.632683,-5.788522],[-35.632236,-5.788403],[-35.631701,-5.788611],[-35.632534,-5.788968]]]}},{"type":"Feature","id":296,"properties":{"area_ha":0.0,"fonte":"ANA (2021)"},"geometry":{"type":"Polygon","coordinates":[[[-35.633872,-5.794113],[-35.633991,-5.794738],[-35.634824,-5.794887],[-35.635122,-5.794679],[-35.634556,-5.794232],[-35.633872,-5.794113]]]}},{"type":"Feature","id":297,"properties":{"area_ha":0.0,"fonte":"ANA (2021)"},"geometry":{"type":"Polygon","coordinates":[[[-35.636163,-5.794679],[-35.636192,-5.795184],[-35.636906,-5.794798],[-35.636519,-5.794708],[-35.636163,-5.794679]]]}},{"type":"Feature","id":298,"properties":{"area_ha":0.0,"fonte":"ANA (2021)"},"geometry":{"type":"Polygon","coordinates":[[[-35.643271,-5.796404],[-35.642944,-5.796404],[-35.642885,-5.796642],[-35.643301,-5.796671],[-35.643271,-5.796404]]]}},{"type":"Feature","id":299,"properties":{"area_ha":0.0,"fonte":"ANA (2021)"},"geometry":{"type":"Polygon","coordinates":[[[-35.645442,-5.799884],[-35.645383,-5.800181],[-35.64577,-5.800181],[-35.645442,-5.799884]]]}},{"type":"Feature","id":300,"properties":{"area_ha":0.0,"fonte":"ANA (2021)"},"geometry":{"type":"Polygon","coordinates":[[[-35.658678,-5.802055],[-35.657786,-5.802233],[-35.658648,-5.80378],[-35.658916,-5.803869],[-35.658916,-5.802917],[-35.658678,-5.802055]]]}},{"type":"Feature","id":301,"properties":{"area_ha":0.0,"fonte":"ANA (2021)"},"geometry":{"type":"Polygon","coordinates":[[[-35.65963,-5.798188],[-35.659333,-5.798664],[-35.659808,-5.798753],[-35.660165,-5.798545],[-35.660076,-5.798278],[-35.65963,-5.798188]]]}},{"type":"Feature","id":302,"properties":{"area_ha":0.0,"fonte":"ANA (2021)"},"geometry":{"type":"Polygon","coordinates":[[[-35.655329,-5.785161],[-35.655044,-5.784625],[-35.654901,-5.783912],[-35.65433,-5.784019],[-35.654294,-5.785268],[-35.655329,-5.785161]]]}},{"type":"Feature","id":303,"properties":{"area_ha":0.0,"fonte":"ANA (2021)"},"geometry":{"type":"Polygon","coordinates":[[[-35.662111,-5.782984],[-35.66261,-5.78252],[-35.662253,-5.782056],[-35.662253,-5.78252],[-35.661682,-5.782627],[-35.661682,-5.782841],[-35.662111,-5.782984]]]}},{"type":"Feature","id":304,"properties":{"area_ha":0.0,"fonte":"ANA (2021)"},"geometry":{"type":"Polygon","coordinates":[[[-35.657649,-5.779628],[-35.657399,-5.778808],[-35.657114,-5.779628],[-35.657649,-5.779628]]]}},{"type":"Feature","id":305,"properties":{"area_ha":0.0,"fonte":"ANA (2021)"},"geometry":{"type":"Polygon","coordinates":[[[-35.652331,-5.779022],[-35.65333,-5.778772],[-35.652438,-5.778486],[-35.652224,-5.778736],[-35.652331,-5.779022]]]}},{"type":"Feature","id":306,"properties":{"area_ha":0.0,"fonte":"ANA (2021)"},"geometry":{"type":"Polygon","coordinates":[[[-35.626552,-5.833635],[-35.626802,-5.833135],[-35.627337,-5.832814],[-35.626623,-5.832493],[-35.62673,-5.831958],[-35.625838,-5.831851],[-35.626017,-5.833028],[-35.625695,-5.833385],[-35.626552,-5.833635]]]}},{"type":"Feature","id":307,"properties":{"area_ha":0.0,"fonte":"ANA (2021)"},"geometry":{"type":"Polygon","coordinates":[[[-35.623411,-5.832564],[-35.622733,-5.831922],[-35.622697,-5.83285],[-35.623411,-5.832564]]]}},{"type":"Feature","id":308,"properties":{"area_ha":0.0,"fonte":"ANA (2021)"},"geometry":{"type":"Polygon","coordinates":[[[-35.641435,-5.83335],[-35.641471,-5.832529],[-35.640507,-5.832457],[-35.640507,-5.833492],[-35.641435,-5.83335]]]}},{"type":"Feature","id":309,"properties":{"area_ha":0.0,"fonte":"ANA (2021)"},"geometry":{"type":"Polygon","coordinates":[[[-35.635403,-5.842737],[-35.636094,-5.843617],[-35.636403,-5.843807],[-35.636236,-5.843308],[-35.636641,-5.843046],[-35.637164,-5.843189],[-35.637545,-5.843593],[-35.638021,-5.843831],[-35.639663,-5.84345],[-35.64021,-5.84376],[-35.640448,-5.843688],[-35.641019,-5.84464],[-35.641186,-5.844569],[-35.641305,-5.844236],[-35.640971,-5.843141],[-35.640638,-5.842546],[-35.639853,-5.842832],[-35.639401,-5.84276],[-35.638259,-5.842951],[-35.637926,-5.842737],[-35.637402,-5.841975],[-35.636998,-5.841761],[-35.636926,-5.841285],[-35.636712,-5.841237],[-35.63645,-5.842047],[-35.636189,-5.842213],[-35.63576,-5.842047],[-35.635332,-5.84169],[-35.635475,-5.842213],[-35.635403,-5.842737]]]}},{"type":"Feature","id":310,"properties":{"area_ha":0.0,"fonte":"ANA (2021)"},"geometry":{"type":"Polygon","coordinates":[[[-35.637212,-5.841142],[-35.636903,-5.839834],[-35.636736,-5.839857],[-35.636617,-5.841],[-35.637212,-5.841142]]]}},{"type":"Feature","id":311,"properties":{"area_ha":0.0,"fonte":"ANA (2021)"},"geometry":{"type":"Polygon","coordinates":[[[-35.635213,-5.847781],[-35.634785,-5.847876],[-35.635261,-5.848638],[-35.635213,-5.847781]]]}},{"type":"Feature","id":312,"properties":{"area_ha":0.0,"fonte":"ANA (2021)"},"geometry":{"type":"Polygon","coordinates":[[[-35.630954,-5.848828],[-35.630454,-5.848971],[-35.63074,-5.849423],[-35.631073,-5.849637],[-35.630954,-5.848828]]]}},{"type":"Feature","id":313,"properties":{"area_ha":0.0,"fonte":"ANA (2021)"},"geometry":{"type":"Polygon","coordinates":[[[-35.634,-5.852516],[-35.63369,-5.852564],[-35.633548,-5.852992],[-35.633904,-5.852992],[-35.634071,-5.852825],[-35.634,-5.852516]]]}},{"type":"Feature","id":314,"properties":{"area_ha":0.0,"fonte":"ANA (2021)"},"geometry":{"type":"Polygon","coordinates":[[[-35.645522,-5.83558],[-35.645641,-5.836443],[-35.646623,-5.835491],[-35.646504,-5.835372],[-35.645522,-5.83558]]]}},{"type":"Feature","id":315,"properties":{"area_ha":0.0,"fonte":"ANA (2021)"},"geometry":{"type":"Polygon","coordinates":[[[-35.664986,-5.820637],[-35.664486,-5.820637],[-35.664486,-5.821887],[-35.66413,-5.822493],[-35.664415,-5.822672],[-35.664879,-5.821887],[-35.664986,-5.820637]]]}},{"type":"Feature","id":316,"properties":{"area_ha":0.0,"fonte":"ANA (2021)"},"geometry":{"type":"Polygon","coordinates":[[[-35.621852,-5.826526],[-35.621246,-5.826348],[-35.621567,-5.826919],[-35.621852,-5.826526]]]}},{"type":"Feature","id":317,"properties":{"area_ha":0.0,"fonte":"ANA (2021)"},"geometry":{"type":"Polygon","coordinates":[[[-35.634552,-5.83168],[-35.634766,-5.830967],[-35.634994,-5.830638],[-35.63518,-5.830581],[-35.634766,-5.830224],[-35.633966,-5.830481],[-35.633909,-5.830924],[-35.634081,-5.831423],[-35.634295,-5.831737],[-35.634552,-5.83168]]]}},{"type":"Feature","id":318,"properties":{"area_ha":0.0,"fonte":"ANA (2021)"},"geometry":{"type":"Polygon","coordinates":[[[-35.636636,-5.830724],[-35.63665,-5.830495],[-35.636265,-5.830381],[-35.636265,-5.830781],[-35.636636,-5.830724]]]}},{"type":"Feature","id":319,"properties":{"area_ha":0.0,"fonte":"ANA (2021)"},"geometry":{"type":"Polygon","coordinates":[[[-35.635023,-5.828011],[-35.634951,-5.827711],[-35.634437,-5.82794],[-35.63448,-5.82804],[-35.635023,-5.828011]]]}},{"type":"Feature","id":320,"properties":{"area_ha":0.0,"fonte":"ANA (2021)"},"geometry":{"type":"Polygon","coordinates":[[[-35.633124,-5.83288],[-35.632539,-5.833122],[-35.632653,-5.833465],[-35.63291,-5.833351],[-35.632896,-5.833051],[-35.633124,-5.83288]]]}},{"type":"Feature","id":321,"properties":{"area_ha":0.0,"fonte":"ANA (2021)"},"geometry":{"type":"Polygon","coordinates":[[[-35.631739,-5.834907],[-35.630568,-5.834907],[-35.629598,-5.834636],[-35.629369,-5.834707],[-35.629169,-5.83525],[-35.63004,-5.835578],[-35.630697,-5.835678],[-35.631254,-5.836092],[-35.631482,-5.835921],[-35.631739,-5.834907]]]}},{"type":"Feature","id":322,"properties":{"area_ha":0.0,"fonte":"ANA (2021)"},"geometry":{"type":"Polygon","coordinates":[[[-35.623287,-5.837234],[-35.622959,-5.837891],[-35.621902,-5.839304],[-35.621902,-5.83989],[-35.62283,-5.840161],[-35.622745,-5.839775],[-35.622987,-5.839147],[-35.623501,-5.83899],[-35.623287,-5.838719],[-35.623259,-5.838319],[-35.62343,-5.838062],[-35.623601,-5.837305],[-35.62353,-5.837163],[-35.623287,-5.837234]]]}},{"type":"Feature","id":323,"properties":{"area_ha":0.0,"fonte":"ANA (2021)"},"geometry":{"type":"Polygon","coordinates":[[[-35.624601,-5.839261],[-35.624544,-5.839875],[-35.625372,-5.839747],[-35.625357,-5.839575],[-35.624601,-5.839261]]]}},{"type":"Feature","id":324,"properties":{"area_ha":0.0,"fonte":"ANA (2021)"},"geometry":{"type":"Polygon","coordinates":[[[-35.626571,-5.839475],[-35.626742,-5.840047],[-35.627199,-5.839904],[-35.62737,-5.839718],[-35.626571,-5.839475]]]}},{"type":"Feature","id":325,"properties":{"area_ha":0.0,"fonte":"ANA (2021)"},"geometry":{"type":"Polygon","coordinates":[[[-35.623173,-5.842331],[-35.623744,-5.843173],[-35.624201,-5.843045],[-35.624786,-5.84323],[-35.624901,-5.843502],[-35.624686,-5.84373],[-35.624858,-5.844344],[-35.625671,-5.844572],[-35.625871,-5.84443],[-35.625714,-5.844001],[-35.625771,-5.843287],[-35.625514,-5.842745],[-35.6252,-5.842788],[-35.624672,-5.842259],[-35.623758,-5.842117],[-35.623173,-5.842331]]]}},{"type":"Feature","id":326,"properties":{"area_ha":0.0,"fonte":"ANA (2021)"},"geometry":{"type":"Polygon","coordinates":[[[-35.620388,-5.838457],[-35.620566,-5.837714],[-35.62009,-5.837178],[-35.62009,-5.837654],[-35.619823,-5.838041],[-35.619971,-5.838576],[-35.620388,-5.838457]]]}},{"type":"Feature","id":327,"properties":{"area_ha":0.0,"fonte":"ANA (2021)"},"geometry":{"type":"Polygon","coordinates":[[[-35.615748,-5.841074],[-35.615688,-5.840599],[-35.615183,-5.84048],[-35.614975,-5.840271],[-35.615004,-5.839617],[-35.615391,-5.838665],[-35.61548,-5.837386],[-35.615064,-5.837476],[-35.614826,-5.837922],[-35.614826,-5.838517],[-35.614677,-5.838844],[-35.614142,-5.839409],[-35.613844,-5.840599],[-35.614082,-5.840956],[-35.613963,-5.841193],[-35.615748,-5.841074]]]}},{"type":"Feature","id":328,"properties":{"area_ha":0.0,"fonte":"ANA (2021)"},"geometry":{"type":"Polygon","coordinates":[[[-35.629192,-5.828761],[-35.62937,-5.828077],[-35.629549,-5.827422],[-35.628686,-5.828553],[-35.629192,-5.828761]]]}},{"type":"Feature","id":329,"properties":{"area_ha":0.0,"fonte":"ANA (2021)"},"geometry":{"type":"Polygon","coordinates":[[[-35.624106,-5.825489],[-35.623749,-5.824954],[-35.62357,-5.825638],[-35.624106,-5.825489]]]}},{"type":"Feature","id":330,"properties":{"area_ha":0.0,"fonte":"ANA (2021)"},"geometry":{"type":"Polygon","coordinates":[[[-35.626842,-5.825281],[-35.626961,-5.824864],[-35.626574,-5.825043],[-35.626842,-5.825281]]]}},{"type":"Feature","id":331,"properties":{"area_ha":0.0,"fonte":"ANA (2021)"},"geometry":{"type":"Polygon","coordinates":[[[-35.630102,-5.820575],[-35.629281,-5.820564],[-35.629329,-5.820944],[-35.629067,-5.821432],[-35.62921,-5.821527],[-35.629067,-5.821979],[-35.630102,-5.820575]]]}},{"type":"Feature","id":332,"properties":{"area_ha":0.0,"fonte":"ANA (2021)"},"geometry":{"type":"Polygon","coordinates":[[[-35.635289,-5.822467],[-35.635313,-5.822895],[-35.635837,-5.822753],[-35.636336,-5.82286],[-35.636134,-5.822538],[-35.635884,-5.822527],[-35.635884,-5.822301],[-35.635622,-5.822515],[-35.635289,-5.822467]]]}},{"type":"Feature","id":333,"properties":{"area_ha":0.0,"fonte":"ANA (2021)"},"geometry":{"type":"Polygon","coordinates":[[[-35.632969,-5.817613],[-35.632113,-5.81772],[-35.632534,-5.818643],[-35.632705,-5.819367],[-35.633086,-5.819386],[-35.633086,-5.819081],[-35.633448,-5.818777],[-35.633048,-5.818072],[-35.632969,-5.817613]]]}},{"type":"Feature","id":334,"properties":{"area_ha":0.0,"fonte":"ANA (2021)"},"geometry":{"type":"Polygon","coordinates":[[[-35.636417,-5.812609],[-35.636512,-5.813504],[-35.636779,-5.813142],[-35.637255,-5.813313],[-35.63695,-5.812761],[-35.637064,-5.812571],[-35.636417,-5.812609]]]}},{"type":"Feature","id":335,"properties":{"area_ha":0.0,"fonte":"ANA (2021)"},"geometry":{"type":"Polygon","coordinates":[[[-35.587284,-5.806603],[-35.587369,-5.806246],[-35.587227,-5.80569],[-35.587326,-5.805447],[-35.587212,-5.805318],[-35.587084,-5.805361],[-35.586727,-5.806403],[-35.586884,-5.80666],[-35.587284,-5.806603]]]}},{"type":"Feature","id":336,"properties":{"area_ha":0.0,"fonte":"ANA (2021)"},"geometry":{"type":"Polygon","coordinates":[[[-35.588954,-5.804847],[-35.589625,-5.804933],[-35.589482,-5.804662],[-35.589497,-5.80419],[-35.589068,-5.804433],[-35.588897,-5.804662],[-35.588954,-5.804847]]]}},{"type":"Feature","id":337,"properties":{"area_ha":0.0,"fonte":"ANA (2021)"},"geometry":{"type":"Polygon","coordinates":[[[-35.596721,-5.80342],[-35.596364,-5.803305],[-35.596321,-5.803548],[-35.596578,-5.803662],[-35.596721,-5.80342]]]}},{"type":"Feature","id":338,"properties":{"area_ha":0.0,"fonte":"ANA (2021)"},"geometry":{"type":"Polygon","coordinates":[[[-35.580426,-5.806051],[-35.580747,-5.806765],[-35.58114,-5.806016],[-35.580426,-5.806051]]]}},{"type":"Feature","id":339,"properties":{"area_ha":0.0,"fonte":"ANA (2021)"},"geometry":{"type":"Polygon","coordinates":[[[-35.576857,-5.806979],[-35.576107,-5.807407],[-35.576357,-5.807907],[-35.57675,-5.808193],[-35.577035,-5.807764],[-35.576857,-5.806979]]]}},{"type":"Feature","id":340,"properties":{"area_ha":0.0,"fonte":"ANA (2021)"},"geometry":{"type":"Polygon","coordinates":[[[-35.57857,-5.795165],[-35.577999,-5.795701],[-35.577499,-5.796486],[-35.577392,-5.797093],[-35.578106,-5.797342],[-35.578106,-5.796807],[-35.57882,-5.795451],[-35.57857,-5.795165]]]}},{"type":"Feature","id":341,"properties":{"area_ha":0.0,"fonte":"ANA (2021)"},"geometry":{"type":"Polygon","coordinates":[[[-35.596095,-5.793452],[-35.595774,-5.794023],[-35.596095,-5.79438],[-35.596559,-5.793737],[-35.596095,-5.793452]]]}},{"type":"Feature","id":342,"properties":{"area_ha":0.0,"fonte":"ANA (2021)"},"geometry":{"type":"Polygon","coordinates":[[[-35.591312,-5.784136],[-35.591455,-5.782744],[-35.591276,-5.782495],[-35.590991,-5.782851],[-35.590884,-5.783887],[-35.591312,-5.784136]]]}},{"type":"Feature","id":343,"properties":{"area_ha":0.0,"fonte":"ANA (2021)"},"geometry":{"type":"Polygon","coordinates":[[[-35.606802,-5.778354],[-35.60666,-5.779032],[-35.607231,-5.778818],[-35.608087,-5.779282],[-35.608801,-5.780103],[-35.609515,-5.779639],[-35.609408,-5.778104],[-35.610264,-5.77764],[-35.610086,-5.777426],[-35.609515,-5.777498],[-35.608801,-5.778461],[-35.60873,-5.779104],[-35.607373,-5.778426],[-35.606802,-5.778354]]]}},{"type":"Feature","id":344,"properties":{"area_ha":0.0,"fonte":"ANA (2021)"},"geometry":{"type":"Polygon","coordinates":[[[-35.600878,-5.778497],[-35.600449,-5.778711],[-35.599842,-5.778604],[-35.598272,-5.778961],[-35.598272,-5.779282],[-35.598843,-5.779068],[-35.599771,-5.778997],[-35.600057,-5.779211],[-35.600663,-5.779354],[-35.600878,-5.778497]]]}},{"type":"Feature","id":345,"properties":{"area_ha":0.0,"fonte":"ANA (2021)"},"geometry":{"type":"Polygon","coordinates":[[[-35.590384,-5.778783],[-35.590634,-5.777676],[-35.590563,-5.777355],[-35.589813,-5.778283],[-35.589777,-5.77864],[-35.590384,-5.778783]]]}},{"type":"Feature","id":346,"properties":{"area_ha":0.0,"fonte":"ANA (2021)"},"geometry":{"type":"Polygon","coordinates":[[[-35.582924,-5.781031],[-35.583603,-5.77996],[-35.584067,-5.779532],[-35.584638,-5.779282],[-35.584959,-5.778568],[-35.584959,-5.778176],[-35.584531,-5.778283],[-35.584495,-5.77864],[-35.583317,-5.779354],[-35.582639,-5.779996],[-35.582282,-5.77996],[-35.582068,-5.779568],[-35.582104,-5.781103],[-35.582924,-5.781031]]]}},{"type":"Feature","id":347,"properties":{"area_ha":0.0,"fonte":"ANA (2021)"},"geometry":{"type":"Polygon","coordinates":[[[-35.609908,-5.769431],[-35.610086,-5.769217],[-35.610336,-5.769217],[-35.610229,-5.768825],[-35.6103,-5.768396],[-35.610728,-5.767397],[-35.610586,-5.767254],[-35.610122,-5.76754],[-35.609622,-5.768325],[-35.609586,-5.768825],[-35.609301,-5.768896],[-35.609301,-5.76911],[-35.609908,-5.769431]]]}},{"type":"Feature","id":348,"properties":{"area_ha":0.0,"fonte":"ANA (2021)"},"geometry":{"type":"Polygon","coordinates":[[[-35.586232,-5.764756],[-35.58666,-5.765446],[-35.587279,-5.764518],[-35.587564,-5.764327],[-35.587374,-5.764137],[-35.586732,-5.764613],[-35.586232,-5.764756]]]}},{"type":"Feature","id":349,"properties":{"area_ha":0.0,"fonte":"ANA (2021)"},"geometry":{"type":"Polygon","coordinates":[[[-35.589301,-5.761995],[-35.589254,-5.761163],[-35.58942,-5.760496],[-35.589278,-5.760425],[-35.589016,-5.760592],[-35.58873,-5.761472],[-35.588373,-5.7619],[-35.589301,-5.761995]]]}},{"type":"Feature","id":350,"properties":{"area_ha":0.0,"fonte":"ANA (2021)"},"geometry":{"type":"Polygon","coordinates":[[[-35.590253,-5.762019],[-35.590229,-5.762733],[-35.590919,-5.762471],[-35.591134,-5.762233],[-35.590253,-5.762019]]]}},{"type":"Feature","id":351,"properties":{"area_ha":0.0,"fonte":"ANA (2021)"},"geometry":{"type":"Polygon","coordinates":[[[-35.58409,-5.761424],[-35.583519,-5.760592],[-35.583043,-5.760401],[-35.582877,-5.760544],[-35.583139,-5.761115],[-35.583186,-5.761686],[-35.58409,-5.761424]]]}},{"type":"Feature","id":352,"properties":{"area_ha":0.0,"fonte":"ANA (2021)"},"geometry":{"type":"Polygon","coordinates":[[[-35.590981,-5.758303],[-35.591381,-5.757903],[-35.591381,-5.75776],[-35.590539,-5.757874],[-35.589754,-5.757746],[-35.589596,-5.757931],[-35.590439,-5.75836],[-35.590981,-5.758303]]]}},{"type":"Feature","id":353,"properties":{"area_ha":0.0,"fonte":"ANA (2021)"},"geometry":{"type":"Polygon","coordinates":[[[-35.592466,-5.755276],[-35.592866,-5.754905],[-35.592794,-5.754762],[-35.592637,-5.754819],[-35.592623,-5.754662],[-35.592452,-5.754662],[-35.592252,-5.75499],[-35.592466,-5.755276]]]}},{"type":"Feature","id":354,"properties":{"area_ha":0.0,"fonte":"ANA (2021)"},"geometry":{"type":"Polygon","coordinates":[[[-35.594708,-5.754862],[-35.594765,-5.754705],[-35.594251,-5.754605],[-35.594222,-5.754876],[-35.594708,-5.754862]]]}},{"type":"Feature","id":355,"properties":{"area_ha":0.0,"fonte":"ANA (2021)"},"geometry":{"type":"Polygon","coordinates":[[[-35.592666,-5.75352],[-35.592709,-5.753334],[-35.592338,-5.753306],[-35.592223,-5.753406],[-35.592395,-5.753634],[-35.592666,-5.75352]]]}},{"type":"Feature","id":356,"properties":{"area_ha":0.0,"fonte":"ANA (2021)"},"geometry":{"type":"Polygon","coordinates":[[[-35.607792,-5.744468],[-35.608278,-5.743383],[-35.608206,-5.742984],[-35.608006,-5.742841],[-35.607778,-5.742869],[-35.607592,-5.743098],[-35.607121,-5.744326],[-35.607792,-5.744468]]]}},{"type":"Feature","id":357,"properties":{"area_ha":0.0,"fonte":"ANA (2021)"},"geometry":{"type":"Polygon","coordinates":[[[-35.606222,-5.747923],[-35.606322,-5.747438],[-35.606222,-5.747352],[-35.605636,-5.748023],[-35.606222,-5.747923]]]}},{"type":"Feature","id":358,"properties":{"area_ha":0.0,"fonte":"ANA (2021)"},"geometry":{"type":"Polygon","coordinates":[[[-35.599911,-5.748095],[-35.600325,-5.747895],[-35.600325,-5.747723],[-35.59964,-5.747866],[-35.59964,-5.74798],[-35.599911,-5.748095]]]}},{"type":"Feature","id":359,"properties":{"area_ha":0.0,"fonte":"ANA (2021)"},"geometry":{"type":"Polygon","coordinates":[[[-35.601896,-5.746738],[-35.60221,-5.74661],[-35.602239,-5.746424],[-35.602024,-5.746324],[-35.601782,-5.74651],[-35.601896,-5.746738]]]}},{"type":"Feature","id":360,"properties":{"area_ha":0.0,"fonte":"ANA (2021)"},"geometry":{"type":"Polygon","coordinates":[[[-35.595086,-5.747752],[-35.594529,-5.747481],[-35.594229,-5.747881],[-35.594372,-5.747952],[-35.595086,-5.747752]]]}},{"type":"Feature","id":361,"properties":{"area_ha":0.0,"fonte":"ANA (2021)"},"geometry":{"type":"Polygon","coordinates":[[[-35.596414,-5.750622],[-35.596342,-5.750436],[-35.596271,-5.750236],[-35.5961,-5.750793],[-35.596414,-5.750622]]]}},{"type":"Feature","id":362,"properties":{"area_ha":0.0,"fonte":"ANA (2021)"},"geometry":{"type":"Polygon","coordinates":[[[-35.598941,-5.760216],[-35.599255,-5.759759],[-35.598898,-5.758845],[-35.598627,-5.758817],[-35.598441,-5.758888],[-35.59827,-5.759402],[-35.598398,-5.759816],[-35.598941,-5.760216]]]}},{"type":"Feature","id":363,"properties":{"area_ha":0.0,"fonte":"ANA (2021)"},"geometry":{"type":"Polygon","coordinates":[[[-35.606921,-5.759645],[-35.606921,-5.759402],[-35.606607,-5.758802],[-35.606422,-5.758717],[-35.60655,-5.759488],[-35.60665,-5.759645],[-35.606921,-5.759645]]]}},{"type":"Feature","id":364,"properties":{"area_ha":0.0,"fonte":"ANA (2021)"},"geometry":{"type":"Polygon","coordinates":[[[-35.593389,-5.772163],[-35.593627,-5.77261],[-35.593789,-5.77261],[-35.594455,-5.771697],[-35.593389,-5.772163]]]}},{"type":"Feature","id":365,"properties":{"area_ha":0.0,"fonte":"ANA (2021)"},"geometry":{"type":"Polygon","coordinates":[[[-35.596416,-5.769955],[-35.596264,-5.770088],[-35.596416,-5.770221],[-35.596597,-5.770155],[-35.596416,-5.769955]]]}},{"type":"Feature","id":366,"properties":{"area_ha":0.0,"fonte":"ANA (2021)"},"geometry":{"type":"Polygon","coordinates":[[[-35.577521,-5.761243],[-35.577378,-5.761909],[-35.577628,-5.762409],[-35.578247,-5.762552],[-35.578568,-5.762385],[-35.579068,-5.762361],[-35.579151,-5.761826],[-35.579008,-5.761421],[-35.57814,-5.761088],[-35.577521,-5.761243]]]}},{"type":"Feature","id":367,"properties":{"area_ha":0.0,"fonte":"ANA (2021)"},"geometry":{"type":"Polygon","coordinates":[[[-35.580115,-5.753034],[-35.580429,-5.752834],[-35.580971,-5.752877],[-35.581028,-5.75262],[-35.580571,-5.752206],[-35.579972,-5.752049],[-35.579444,-5.75162],[-35.578944,-5.75162],[-35.578773,-5.751892],[-35.579072,-5.75242],[-35.579544,-5.752434],[-35.580115,-5.753034]]]}},{"type":"Feature","id":368,"properties":{"area_ha":0.0,"fonte":"ANA (2021)"},"geometry":{"type":"Polygon","coordinates":[[[-35.552863,-5.749676],[-35.552922,-5.748903],[-35.55322,-5.748189],[-35.553041,-5.747832],[-35.552625,-5.74807],[-35.552327,-5.748903],[-35.55203,-5.749201],[-35.552863,-5.749676]]]}},{"type":"Feature","id":369,"properties":{"area_ha":0.0,"fonte":"ANA (2021)"},"geometry":{"type":"Polygon","coordinates":[[[-35.554424,-5.744047],[-35.554462,-5.743418],[-35.554252,-5.743399],[-35.554214,-5.743057],[-35.553967,-5.744123],[-35.554424,-5.744047]]]}},{"type":"Feature","id":370,"properties":{"area_ha":0.0,"fonte":"ANA (2021)"},"geometry":{"type":"Polygon","coordinates":[[[-35.553034,-5.73944],[-35.552368,-5.739173],[-35.552139,-5.738907],[-35.552082,-5.73904],[-35.552254,-5.739383],[-35.552539,-5.739516],[-35.552882,-5.740049],[-35.553034,-5.73944]]]}},{"type":"Feature","id":371,"properties":{"area_ha":0.0,"fonte":"ANA (2021)"},"geometry":{"type":"Polygon","coordinates":[[[-35.551473,-5.737841],[-35.551359,-5.737727],[-35.550731,-5.73727],[-35.551111,-5.73786],[-35.551092,-5.73805],[-35.551473,-5.737841]]]}},{"type":"Feature","id":372,"properties":{"area_ha":0.0,"fonte":"ANA (2021)"},"geometry":{"type":"Polygon","coordinates":[[[-35.555437,-5.722665],[-35.555285,-5.722931],[-35.554419,-5.723407],[-35.554248,-5.724035],[-35.554371,-5.724273],[-35.556322,-5.724359],[-35.556732,-5.724226],[-35.556836,-5.723797],[-35.557065,-5.723674],[-35.55696,-5.723226],[-35.556589,-5.722846],[-35.556123,-5.722865],[-35.555437,-5.722665]]]}},{"type":"Feature","id":373,"properties":{"area_ha":0.0,"fonte":"ANA (2021)"},"geometry":{"type":"Polygon","coordinates":[[[-35.538848,-5.733934],[-35.538848,-5.733001],[-35.538962,-5.732697],[-35.538733,-5.732601],[-35.538524,-5.732811],[-35.538124,-5.733991],[-35.538848,-5.733934]]]}},{"type":"Feature","id":374,"properties":{"area_ha":0.0,"fonte":"ANA (2021)"},"geometry":{"type":"Polygon","coordinates":[[[-35.533994,-5.734086],[-35.533841,-5.733096],[-35.53367,-5.73262],[-35.533556,-5.734334],[-35.533994,-5.734086]]]}},{"type":"Feature","id":375,"properties":{"area_ha":0.0,"fonte":"ANA (2021)"},"geometry":{"type":"Polygon","coordinates":[[[-35.536963,-5.739074],[-35.53683,-5.739074],[-35.536468,-5.739588],[-35.535859,-5.739911],[-35.535745,-5.740178],[-35.535535,-5.740254],[-35.535021,-5.74092],[-35.534755,-5.74092],[-35.534641,-5.741148],[-35.53466,-5.741758],[-35.535307,-5.74191],[-35.535554,-5.741263],[-35.536164,-5.740349],[-35.536849,-5.739664],[-35.536963,-5.739074]]]}},{"type":"Feature","id":376,"properties":{"area_ha":0.0,"fonte":"ANA (2021)"},"geometry":{"type":"Polygon","coordinates":[[[-35.533194,-5.739702],[-35.533518,-5.739093],[-35.53348,-5.738845],[-35.532966,-5.739626],[-35.533194,-5.739702]]]}},{"type":"Feature","id":377,"properties":{"area_ha":0.0,"fonte":"ANA (2021)"},"geometry":{"type":"Polygon","coordinates":[[[-35.532356,-5.739835],[-35.532566,-5.739492],[-35.532318,-5.739492],[-35.532223,-5.739645],[-35.532356,-5.739835]]]}},{"type":"Feature","id":378,"properties":{"area_ha":0.0,"fonte":"ANA (2021)"},"geometry":{"type":"Polygon","coordinates":[[[-35.530548,-5.740654],[-35.529672,-5.739873],[-35.529444,-5.739378],[-35.528987,-5.739074],[-35.528816,-5.739169],[-35.52933,-5.739626],[-35.52973,-5.740444],[-35.530148,-5.740634],[-35.530396,-5.740958],[-35.530548,-5.740654]]]}},{"type":"Feature","id":379,"properties":{"area_ha":0.0,"fonte":"ANA (2021)"},"geometry":{"type":"Polygon","coordinates":[[[-35.531728,-5.745831],[-35.530738,-5.745222],[-35.529825,-5.745089],[-35.529025,-5.744708],[-35.52874,-5.744365],[-35.528454,-5.744308],[-35.528473,-5.744594],[-35.529939,-5.74566],[-35.531176,-5.74606],[-35.53131,-5.746269],[-35.531633,-5.746326],[-35.531728,-5.745831]]]}},{"type":"Feature","id":380,"properties":{"area_ha":0.0,"fonte":"ANA (2021)"},"geometry":{"type":"Polygon","coordinates":[[[-35.526417,-5.743642],[-35.525732,-5.743737],[-35.52537,-5.743661],[-35.525294,-5.743813],[-35.52598,-5.744023],[-35.526417,-5.744308],[-35.526417,-5.743642]]]}},{"type":"Feature","id":381,"properties":{"area_ha":0.0,"fonte":"ANA (2021)"},"geometry":{"type":"Polygon","coordinates":[[[-35.53761,-5.746631],[-35.537287,-5.747049],[-35.53742,-5.747411],[-35.537629,-5.747563],[-35.539304,-5.747202],[-35.539209,-5.74703],[-35.538676,-5.747126],[-35.538143,-5.747011],[-35.53761,-5.746631]]]}},{"type":"Feature","id":382,"properties":{"area_ha":0.0,"fonte":"ANA (2021)"},"geometry":{"type":"Polygon","coordinates":[[[-35.531329,-5.75],[-35.532033,-5.750247],[-35.533099,-5.750286],[-35.53367,-5.75059],[-35.533765,-5.750933],[-35.534774,-5.751275],[-35.536392,-5.751466],[-35.536963,-5.75118],[-35.536145,-5.749924],[-35.535954,-5.74981],[-35.535688,-5.749943],[-35.534964,-5.749372],[-35.534907,-5.749505],[-35.535155,-5.749886],[-35.535764,-5.750324],[-35.535783,-5.750533],[-35.536049,-5.750838],[-35.535783,-5.75099],[-35.535288,-5.751028],[-35.534774,-5.750819],[-35.53407,-5.750133],[-35.533594,-5.749924],[-35.532452,-5.749791],[-35.531329,-5.75]]]}},{"type":"Feature","id":383,"properties":{"area_ha":0.0,"fonte":"ANA (2021)"},"geometry":{"type":"Polygon","coordinates":[[[-35.533004,-5.754511],[-35.532851,-5.754226],[-35.53169,-5.754093],[-35.531614,-5.754321],[-35.532376,-5.754645],[-35.53268,-5.754987],[-35.533004,-5.754511]]]}},{"type":"Feature","id":384,"properties":{"area_ha":0.0,"fonte":"ANA (2021)"},"geometry":{"type":"Polygon","coordinates":[[[-35.540237,-5.757557],[-35.540523,-5.756472],[-35.541056,-5.755597],[-35.54058,-5.755597],[-35.540047,-5.756453],[-35.539818,-5.75731],[-35.540237,-5.757557]]]}},{"type":"Feature","id":385,"properties":{"area_ha":0.0,"fonte":"ANA (2021)"},"geometry":{"type":"Polygon","coordinates":[[[-35.538733,-5.759537],[-35.539057,-5.75948],[-35.539266,-5.758338],[-35.539514,-5.758166],[-35.539114,-5.758223],[-35.538638,-5.759023],[-35.537705,-5.760032],[-35.53801,-5.760355],[-35.538733,-5.759537]]]}},{"type":"Feature","id":386,"properties":{"area_ha":0.0,"fonte":"ANA (2021)"},"geometry":{"type":"Polygon","coordinates":[[[-35.536335,-5.762202],[-35.53643,-5.76264],[-35.537534,-5.762335],[-35.536887,-5.762259],[-35.536335,-5.762202]]]}},{"type":"Feature","id":387,"properties":{"area_ha":0.0,"fonte":"ANA (2021)"},"geometry":{"type":"Polygon","coordinates":[[[-35.539571,-5.766999],[-35.539495,-5.767399],[-35.540485,-5.766961],[-35.540332,-5.766923],[-35.539571,-5.766999]]]}},{"type":"Feature","id":388,"properties":{"area_ha":0.0,"fonte":"ANA (2021)"},"geometry":{"type":"Polygon","coordinates":[[[-35.537877,-5.768236],[-35.539324,-5.767151],[-35.539324,-5.766999],[-35.538372,-5.767475],[-35.538181,-5.76738],[-35.537744,-5.76816],[-35.537877,-5.768236]]]}},{"type":"Feature","id":389,"properties":{"area_ha":0.0,"fonte":"ANA (2021)"},"geometry":{"type":"Polygon","coordinates":[[[-35.54414,-5.777126],[-35.544273,-5.777697],[-35.54532,-5.777278],[-35.545567,-5.776897],[-35.545434,-5.776821],[-35.54473,-5.777164],[-35.54414,-5.777126]]]}},{"type":"Feature","id":390,"properties":{"area_ha":0.0,"fonte":"ANA (2021)"},"geometry":{"type":"Polygon","coordinates":[[[-35.544292,-5.780647],[-35.54374,-5.780076],[-35.543797,-5.779715],[-35.543968,-5.779543],[-35.543854,-5.779391],[-35.543549,-5.779391],[-35.543207,-5.779715],[-35.542959,-5.779753],[-35.543169,-5.778839],[-35.543131,-5.778363],[-35.543397,-5.777716],[-35.543226,-5.777678],[-35.542617,-5.778763],[-35.542141,-5.779087],[-35.541798,-5.77901],[-35.541551,-5.778763],[-35.541379,-5.778211],[-35.541265,-5.778173],[-35.541265,-5.778763],[-35.540428,-5.779353],[-35.540332,-5.779524],[-35.540428,-5.779924],[-35.540142,-5.780305],[-35.53919,-5.780476],[-35.53881,-5.779772],[-35.538467,-5.779696],[-35.538752,-5.778116],[-35.538676,-5.777278],[-35.538905,-5.776859],[-35.53801,-5.776707],[-35.537801,-5.776802],[-35.537801,-5.776974],[-35.538219,-5.776936],[-35.538372,-5.777088],[-35.538391,-5.778021],[-35.538258,-5.778649],[-35.53801,-5.778535],[-35.537877,-5.778687],[-35.537991,-5.779125],[-35.537801,-5.779467],[-35.537991,-5.779981],[-35.537896,-5.7804],[-35.537991,-5.780571],[-35.53841,-5.780571],[-35.5382,-5.780914],[-35.539019,-5.780971],[-35.539114,-5.781161],[-35.539914,-5.781066],[-35.539895,-5.781485],[-35.540066,-5.781504],[-35.540256,-5.781276],[-35.540313,-5.780895],[-35.541132,-5.780495],[-35.541341,-5.78],[-35.541475,-5.779943],[-35.541532,-5.780419],[-35.542008,-5.780457],[-35.542312,-5.780286],[-35.542483,-5.780419],[-35.543188,-5.780362],[-35.543435,-5.780724],[-35.544292,-5.780647]]]}},{"type":"Feature","id":391,"properties":{"area_ha":0.0,"fonte":"ANA (2021)"},"geometry":{"type":"Polygon","coordinates":[[[-35.534165,-5.777982],[-35.534431,-5.778363],[-35.534603,-5.778211],[-35.534431,-5.777716],[-35.534165,-5.777982]]]}},{"type":"Feature","id":392,"properties":{"area_ha":0.0,"fonte":"ANA (2021)"},"geometry":{"type":"Polygon","coordinates":[[[-35.564413,-5.768684],[-35.564698,-5.767541],[-35.564888,-5.767232],[-35.564674,-5.767089],[-35.564127,-5.767803],[-35.563865,-5.767589],[-35.56358,-5.768208],[-35.563604,-5.768517],[-35.564413,-5.768684]]]}},{"type":"Feature","id":393,"properties":{"area_ha":0.0,"fonte":"ANA (2021)"},"geometry":{"type":"Polygon","coordinates":[[[-35.560724,-5.770064],[-35.56051,-5.769992],[-35.559939,-5.770444],[-35.560082,-5.770873],[-35.56032,-5.770777],[-35.560415,-5.770444],[-35.560724,-5.770064]]]}},{"type":"Feature","id":394,"properties":{"area_ha":0.0,"fonte":"ANA (2021)"},"geometry":{"type":"Polygon","coordinates":[[[-35.553348,-5.766732],[-35.552491,-5.766042],[-35.552349,-5.766019],[-35.552515,-5.766399],[-35.552825,-5.766613],[-35.55311,-5.767089],[-35.553348,-5.766732]]]}},{"type":"Feature","id":395,"properties":{"area_ha":0.0,"fonte":"ANA (2021)"},"geometry":{"type":"Polygon","coordinates":[[[-35.519804,-5.786854],[-35.519661,-5.788282],[-35.519851,-5.788187],[-35.520184,-5.787378],[-35.521326,-5.786688],[-35.521184,-5.786593],[-35.52028,-5.786926],[-35.519804,-5.786854]]]}},{"type":"Feature","id":396,"properties":{"area_ha":0.0,"fonte":"ANA (2021)"},"geometry":{"type":"Polygon","coordinates":[[[-35.522992,-5.785236],[-35.522968,-5.785831],[-35.52342,-5.785831],[-35.524134,-5.785427],[-35.524134,-5.78526],[-35.522992,-5.785236]]]}},{"type":"Feature","id":397,"properties":{"area_ha":0.0,"fonte":"ANA (2021)"},"geometry":{"type":"Polygon","coordinates":[[[-35.530297,-5.790305],[-35.530059,-5.790971],[-35.530678,-5.790947],[-35.530821,-5.790542],[-35.530511,-5.790566],[-35.530297,-5.790305]]]}},{"type":"Feature","id":398,"properties":{"area_ha":0.0,"fonte":"ANA (2021)"},"geometry":{"type":"Polygon","coordinates":[[[-35.518138,-5.791375],[-35.518138,-5.791732],[-35.518495,-5.791685],[-35.518661,-5.791423],[-35.518138,-5.791375]]]}},{"type":"Feature","id":399,"properties":{"area_ha":0.0,"fonte":"ANA (2021)"},"geometry":{"type":"Polygon","coordinates":[[[-35.516211,-5.792018],[-35.515925,-5.792065],[-35.51602,-5.792446],[-35.516401,-5.792256],[-35.516211,-5.792018]]]}},{"type":"Feature","id":400,"properties":{"area_ha":0.0,"fonte":"ANA (2021)"},"geometry":{"type":"Polygon","coordinates":[[[-35.524444,-5.790899],[-35.524087,-5.790971],[-35.524229,-5.791185],[-35.524586,-5.791137],[-35.524444,-5.790899]]]}},{"type":"Feature","id":401,"properties":{"area_ha":0.0,"fonte":"ANA (2021)"},"geometry":{"type":"Polygon","coordinates":[[[-35.545145,-5.78902],[-35.545121,-5.789281],[-35.545311,-5.789638],[-35.545597,-5.789614],[-35.545692,-5.789067],[-35.545359,-5.788782],[-35.545145,-5.78902]]]}},{"type":"Feature","id":402,"properties":{"area_ha":0.0,"fonte":"ANA (2021)"},"geometry":{"type":"Polygon","coordinates":[[[-35.535913,-5.799228],[-35.535579,-5.799608],[-35.535746,-5.799965],[-35.535841,-5.800727],[-35.535651,-5.801107],[-35.536032,-5.801226],[-35.536745,-5.800941],[-35.536317,-5.800489],[-35.536603,-5.799489],[-35.535913,-5.799228]]]}},{"type":"Feature","id":403,"properties":{"area_ha":0.0,"fonte":"ANA (2021)"},"geometry":{"type":"Polygon","coordinates":[[[-35.550808,-5.798014],[-35.549904,-5.798252],[-35.550594,-5.799109],[-35.550927,-5.799299],[-35.550808,-5.798014]]]}},{"type":"Feature","id":404,"properties":{"area_ha":0.0,"fonte":"ANA (2021)"},"geometry":{"type":"Polygon","coordinates":[[[-35.557352,-5.798775],[-35.556947,-5.798371],[-35.556709,-5.799132],[-35.556828,-5.799561],[-35.557185,-5.799632],[-35.55709,-5.79918],[-35.557352,-5.798775]]]}},{"type":"Feature","id":405,"properties":{"area_ha":0.0,"fonte":"ANA (2021)"},"geometry":{"type":"Polygon","coordinates":[[[-35.560873,-5.802916],[-35.560635,-5.803058],[-35.560683,-5.803463],[-35.561397,-5.803915],[-35.561373,-5.803511],[-35.56104,-5.803249],[-35.560873,-5.802916]]]}},{"type":"Feature","id":406,"properties":{"area_ha":0.0,"fonte":"ANA (2021)"},"geometry":{"type":"Polygon","coordinates":[[[-35.555484,-5.799394],[-35.555186,-5.799656],[-35.554924,-5.799918],[-35.55521,-5.799989],[-35.555436,-5.799858],[-35.555484,-5.799394]]]}},{"type":"Feature","id":407,"properties":{"area_ha":0.0,"fonte":"ANA (2021)"},"geometry":{"type":"Polygon","coordinates":[[[-35.554199,-5.800334],[-35.553996,-5.800179],[-35.553723,-5.800596],[-35.554187,-5.800679],[-35.554199,-5.800334]]]}},{"type":"Feature","id":408,"properties":{"area_ha":0.0,"fonte":"ANA (2021)"},"geometry":{"type":"Polygon","coordinates":[[[-35.573996,-5.81373],[-35.574258,-5.814349],[-35.574591,-5.814111],[-35.575019,-5.813469],[-35.574852,-5.813231],[-35.574377,-5.813373],[-35.573996,-5.81373]]]}},{"type":"Feature","id":409,"properties":{"area_ha":0.0,"fonte":"ANA (2021)"},"geometry":{"type":"Polygon","coordinates":[[[-35.572021,-5.823914],[-35.572473,-5.824485],[-35.572616,-5.824319],[-35.573306,-5.824628],[-35.573068,-5.823843],[-35.573901,-5.822844],[-35.573639,-5.822796],[-35.572925,-5.823557],[-35.572021,-5.823914]]]}},{"type":"Feature","id":410,"properties":{"area_ha":0.0,"fonte":"ANA (2021)"},"geometry":{"type":"Polygon","coordinates":[[[-35.561868,-5.825496],[-35.562135,-5.824692],[-35.562492,-5.824187],[-35.562492,-5.823889],[-35.562225,-5.824008],[-35.561868,-5.824514],[-35.56157,-5.824603],[-35.561332,-5.82499],[-35.561273,-5.825525],[-35.561868,-5.825496]]]}},{"type":"Feature","id":411,"properties":{"area_ha":0.0,"fonte":"ANA (2021)"},"geometry":{"type":"Polygon","coordinates":[[[-35.548216,-5.823324],[-35.547591,-5.822581],[-35.548513,-5.821242],[-35.548156,-5.821242],[-35.547442,-5.821599],[-35.546996,-5.821986],[-35.546699,-5.821926],[-35.546609,-5.822343],[-35.546877,-5.822373],[-35.547115,-5.822581],[-35.547145,-5.823027],[-35.546699,-5.823205],[-35.546609,-5.823473],[-35.547175,-5.824217],[-35.547442,-5.823741],[-35.547799,-5.823443],[-35.548216,-5.823324]]]}},{"type":"Feature","id":412,"properties":{"area_ha":0.0,"fonte":"ANA (2021)"},"geometry":{"type":"Polygon","coordinates":[[[-35.544795,-5.820945],[-35.544825,-5.820618],[-35.5442,-5.820737],[-35.543457,-5.820647],[-35.543011,-5.820261],[-35.542475,-5.820172],[-35.542386,-5.82038],[-35.543011,-5.820885],[-35.543427,-5.821569],[-35.544795,-5.820945]]]}},{"type":"Feature","id":413,"properties":{"area_ha":0.0,"fonte":"ANA (2021)"},"geometry":{"type":"Polygon","coordinates":[[[-35.564847,-5.840251],[-35.565894,-5.839984],[-35.565951,-5.839718],[-35.565741,-5.839565],[-35.565018,-5.839318],[-35.564409,-5.839356],[-35.564352,-5.83966],[-35.564104,-5.839832],[-35.563305,-5.840079],[-35.562962,-5.840441],[-35.562715,-5.840365],[-35.562544,-5.840631],[-35.562334,-5.840707],[-35.562658,-5.841317],[-35.563819,-5.840898],[-35.564847,-5.840251]]]}},{"type":"Feature","id":414,"properties":{"area_ha":0.0,"fonte":"ANA (2021)"},"geometry":{"type":"Polygon","coordinates":[[[-35.589736,-5.838133],[-35.589208,-5.839175],[-35.589336,-5.839204],[-35.589665,-5.838947],[-35.590478,-5.839089],[-35.590421,-5.838704],[-35.591135,-5.838161],[-35.590807,-5.838304],[-35.590093,-5.838347],[-35.589736,-5.838133]]]}},{"type":"Feature","id":415,"properties":{"area_ha":0.0,"fonte":"ANA (2021)"},"geometry":{"type":"Polygon","coordinates":[[[-35.591078,-5.833008],[-35.591278,-5.833008],[-35.591335,-5.832765],[-35.591663,-5.832408],[-35.591021,-5.832451],[-35.591078,-5.833008]]]}},{"type":"Feature","id":416,"properties":{"area_ha":0.0,"fonte":"ANA (2021)"},"geometry":{"type":"Polygon","coordinates":[[[-35.596732,-5.829139],[-35.596903,-5.82881],[-35.597031,-5.828539],[-35.596532,-5.828596],[-35.596732,-5.829139]]]}},{"type":"Feature","id":417,"properties":{"area_ha":0.0,"fonte":"ANA (2021)"},"geometry":{"type":"Polygon","coordinates":[[[-35.587885,-5.821871],[-35.588189,-5.821431],[-35.588385,-5.821175],[-35.587522,-5.8213],[-35.587885,-5.821871]]]}},{"type":"Feature","id":418,"properties":{"area_ha":0.0,"fonte":"ANA (2021)"},"geometry":{"type":"Polygon","coordinates":[[[-35.586606,-5.820872],[-35.586529,-5.820681],[-35.586386,-5.820836],[-35.586606,-5.820872]]]}},{"type":"Feature","id":419,"properties":{"area_ha":0.0,"fonte":"ANA (2021)"},"geometry":{"type":"Polygon","coordinates":[[[-35.586752,-5.819069],[-35.586885,-5.818727],[-35.586809,-5.818403],[-35.586428,-5.818765],[-35.586752,-5.819069]]]}},{"type":"Feature","id":420,"properties":{"area_ha":0.0,"fonte":"ANA (2021)"},"geometry":{"type":"Polygon","coordinates":[[[-35.578604,-5.853429],[-35.578814,-5.852762],[-35.578928,-5.852267],[-35.577976,-5.852915],[-35.578604,-5.853429]]]}},{"type":"Feature","id":421,"properties":{"area_ha":0.0,"fonte":"ANA (2021)"},"geometry":{"type":"Polygon","coordinates":[[[-35.579175,-5.869514],[-35.579175,-5.869171],[-35.578699,-5.868562],[-35.578338,-5.869875],[-35.578738,-5.869552],[-35.579175,-5.869514]]]}},{"type":"Feature","id":422,"properties":{"area_ha":0.0,"fonte":"ANA (2021)"},"geometry":{"type":"Polygon","coordinates":[[[-35.577614,-5.871817],[-35.576301,-5.872122],[-35.57632,-5.872388],[-35.576796,-5.873073],[-35.577215,-5.872921],[-35.577614,-5.871817]]]}},{"type":"Feature","id":423,"properties":{"area_ha":0.0,"fonte":"ANA (2021)"},"geometry":{"type":"Polygon","coordinates":[[[-35.580489,-5.871436],[-35.580279,-5.871436],[-35.580051,-5.871627],[-35.58026,-5.872883],[-35.580717,-5.872312],[-35.580489,-5.871436]]]}},{"type":"Feature","id":424,"properties":{"area_ha":0.0,"fonte":"ANA (2021)"},"geometry":{"type":"Polygon","coordinates":[[[-35.58776,-5.870941],[-35.587513,-5.871532],[-35.588198,-5.871608],[-35.588446,-5.871494],[-35.58776,-5.870941]]]}},{"type":"Feature","id":425,"properties":{"area_ha":0.0,"fonte":"ANA (2021)"},"geometry":{"type":"Polygon","coordinates":[[[-35.589607,-5.872426],[-35.589283,-5.872731],[-35.589626,-5.87294],[-35.589969,-5.872769],[-35.589607,-5.872426]]]}},{"type":"Feature","id":426,"properties":{"area_ha":0.0,"fonte":"ANA (2021)"},"geometry":{"type":"Polygon","coordinates":[[[-35.588574,-5.877793],[-35.58811,-5.878507],[-35.588717,-5.878614],[-35.589324,-5.879614],[-35.589538,-5.879043],[-35.589467,-5.878543],[-35.589716,-5.878329],[-35.589716,-5.87815],[-35.589395,-5.877793],[-35.58911,-5.877936],[-35.588574,-5.877793]]]}},{"type":"Feature","id":427,"properties":{"area_ha":0.0,"fonte":"ANA (2021)"},"geometry":{"type":"Polygon","coordinates":[[[-35.584006,-5.88072],[-35.583684,-5.881434],[-35.584969,-5.881041],[-35.585326,-5.88072],[-35.585326,-5.880256],[-35.584934,-5.880256],[-35.584719,-5.880435],[-35.584827,-5.88072],[-35.58447,-5.880827],[-35.584006,-5.88072]]]}},{"type":"Feature","id":428,"properties":{"area_ha":0.0,"fonte":"ANA (2021)"},"geometry":{"type":"Polygon","coordinates":[[[-35.580401,-5.880292],[-35.580115,-5.880113],[-35.579794,-5.880399],[-35.579972,-5.880684],[-35.580329,-5.880649],[-35.580401,-5.880292]]]}},{"type":"Feature","id":429,"properties":{"area_ha":0.0,"fonte":"ANA (2021)"},"geometry":{"type":"Polygon","coordinates":[[[-35.573619,-5.876116],[-35.573512,-5.876794],[-35.574262,-5.876473],[-35.573869,-5.876294],[-35.573619,-5.876116]]]}},{"type":"Feature","id":430,"properties":{"area_ha":0.0,"fonte":"ANA (2021)"},"geometry":{"type":"Polygon","coordinates":[[[-35.568551,-5.883433],[-35.568266,-5.88379],[-35.568444,-5.883897],[-35.568694,-5.883718],[-35.56873,-5.883468],[-35.568551,-5.883433]]]}},{"type":"Feature","id":431,"properties":{"area_ha":0.0,"fonte":"ANA (2021)"},"geometry":{"type":"Polygon","coordinates":[[[-35.598604,-5.890321],[-35.598746,-5.891678],[-35.59921,-5.89182],[-35.59971,-5.891642],[-35.599425,-5.890928],[-35.599425,-5.890464],[-35.598604,-5.890321]]]}},{"type":"Feature","id":432,"properties":{"area_ha":0.0,"fonte":"ANA (2021)"},"geometry":{"type":"Polygon","coordinates":[[[-35.583827,-5.8905],[-35.583149,-5.890357],[-35.582899,-5.890928],[-35.583149,-5.891856],[-35.582971,-5.89232],[-35.583113,-5.892606],[-35.583435,-5.892249],[-35.58347,-5.891214],[-35.583827,-5.8905]]]}},{"type":"Feature","id":433,"properties":{"area_ha":0.0,"fonte":"ANA (2021)"},"geometry":{"type":"Polygon","coordinates":[[[-35.586897,-5.892391],[-35.58629,-5.892391],[-35.586183,-5.892641],[-35.586647,-5.892748],[-35.586897,-5.892677],[-35.586897,-5.892391]]]}},{"type":"Feature","id":434,"properties":{"area_ha":0.0,"fonte":"ANA (2021)"},"geometry":{"type":"Polygon","coordinates":[[[-35.578652,-5.888572],[-35.578366,-5.88843],[-35.578224,-5.888786],[-35.578545,-5.889108],[-35.578652,-5.888572]]]}},{"type":"Feature","id":435,"properties":{"area_ha":0.0,"fonte":"ANA (2021)"},"geometry":{"type":"Polygon","coordinates":[[[-35.576867,-5.884396],[-35.57626,-5.884182],[-35.576011,-5.884646],[-35.575333,-5.884896],[-35.575618,-5.885075],[-35.576082,-5.884932],[-35.576046,-5.885324],[-35.57626,-5.885396],[-35.576867,-5.884396]]]}},{"type":"Feature","id":436,"properties":{"area_ha":0.0,"fonte":"ANA (2021)"},"geometry":{"type":"Polygon","coordinates":[[[-35.576201,-5.883671],[-35.575202,-5.883742],[-35.574607,-5.884313],[-35.57475,-5.884361],[-35.575582,-5.884028],[-35.575987,-5.884028],[-35.576201,-5.883671]]]}},{"type":"Feature","id":437,"properties":{"area_ha":0.0,"fonte":"ANA (2021)"},"geometry":{"type":"Polygon","coordinates":[[[-35.571561,-5.890024],[-35.571704,-5.889429],[-35.571561,-5.88931],[-35.571537,-5.888929],[-35.571038,-5.889096],[-35.570633,-5.889881],[-35.571561,-5.890024]]]}},{"type":"Feature","id":438,"properties":{"area_ha":0.0,"fonte":"ANA (2021)"},"geometry":{"type":"Polygon","coordinates":[[[-35.569491,-5.892379],[-35.568563,-5.892308],[-35.568691,-5.893898],[-35.568596,-5.894136],[-35.569334,-5.894707],[-35.569524,-5.895896],[-35.569857,-5.895825],[-35.569715,-5.89542],[-35.569905,-5.894897],[-35.569762,-5.894492],[-35.569381,-5.894136],[-35.569263,-5.893683],[-35.569491,-5.892379]]]}},{"type":"Feature","id":439,"properties":{"area_ha":0.0,"fonte":"ANA (2021)"},"geometry":{"type":"Polygon","coordinates":[[[-35.567597,-5.894492],[-35.567145,-5.894516],[-35.567216,-5.894873],[-35.567644,-5.894873],[-35.567597,-5.894492]]]}},{"type":"Feature","id":440,"properties":{"area_ha":0.0,"fonte":"ANA (2021)"},"geometry":{"type":"Polygon","coordinates":[[[-35.571618,-5.895896],[-35.571356,-5.896563],[-35.572142,-5.89642],[-35.571975,-5.896134],[-35.571618,-5.895896]]]}},{"type":"Feature","id":441,"properties":{"area_ha":0.0,"fonte":"ANA (2021)"},"geometry":{"type":"Polygon","coordinates":[[[-35.5705,-5.898252],[-35.57019,-5.898609],[-35.570333,-5.898823],[-35.570524,-5.898823],[-35.5705,-5.898252]]]}},{"type":"Feature","id":442,"properties":{"area_ha":0.0,"fonte":"ANA (2021)"},"geometry":{"type":"Polygon","coordinates":[[[-35.571285,-5.899561],[-35.570976,-5.899584],[-35.570785,-5.899632],[-35.570976,-5.899918],[-35.571261,-5.899918],[-35.571285,-5.899561]]]}},{"type":"Feature","id":443,"properties":{"area_ha":0.0,"fonte":"ANA (2021)"},"geometry":{"type":"Polygon","coordinates":[[[-35.568787,-5.901536],[-35.568525,-5.901655],[-35.568477,-5.901916],[-35.568882,-5.901845],[-35.568787,-5.901536]]]}},{"type":"Feature","id":444,"properties":{"area_ha":0.0,"fonte":"ANA (2021)"},"geometry":{"type":"Polygon","coordinates":[[[-35.564028,-5.90144],[-35.563885,-5.901321],[-35.563599,-5.901345],[-35.563052,-5.901797],[-35.561958,-5.901893],[-35.561743,-5.902535],[-35.561743,-5.903082],[-35.562433,-5.902511],[-35.564123,-5.902559],[-35.564028,-5.90144]]]}},{"type":"Feature","id":445,"properties":{"area_ha":0.0,"fonte":"ANA (2021)"},"geometry":{"type":"Polygon","coordinates":[[[-35.569477,-5.905533],[-35.568168,-5.905961],[-35.568311,-5.906199],[-35.568787,-5.906247],[-35.569691,-5.90658],[-35.569453,-5.906176],[-35.569548,-5.905866],[-35.569477,-5.905533]]]}},{"type":"Feature","id":446,"properties":{"area_ha":0.0,"fonte":"ANA (2021)"},"geometry":{"type":"Polygon","coordinates":[[[-35.566241,-5.914477],[-35.565884,-5.915083],[-35.566991,-5.915405],[-35.566919,-5.914512],[-35.566241,-5.914477]]]}},{"type":"Feature","id":447,"properties":{"area_ha":0.0,"fonte":"ANA (2021)"},"geometry":{"type":"Polygon","coordinates":[[[-35.573772,-5.910265],[-35.572487,-5.910336],[-35.572951,-5.910693],[-35.572951,-5.911086],[-35.573951,-5.910765],[-35.573772,-5.910265]]]}},{"type":"Feature","id":448,"properties":{"area_ha":0.0,"fonte":"ANA (2021)"},"geometry":{"type":"Polygon","coordinates":[[[-35.566884,-5.920758],[-35.566348,-5.92083],[-35.566455,-5.921187],[-35.566848,-5.921365],[-35.567133,-5.921044],[-35.566884,-5.920758]]]}},{"type":"Feature","id":449,"properties":{"area_ha":0.0,"fonte":"ANA (2021)"},"geometry":{"type":"Polygon","coordinates":[[[-35.561494,-5.919973],[-35.560923,-5.92008],[-35.561601,-5.920973],[-35.561494,-5.919973]]]}},{"type":"Feature","id":450,"properties":{"area_ha":0.0,"fonte":"ANA (2021)"},"geometry":{"type":"Polygon","coordinates":[[[-35.559531,-5.918189],[-35.559424,-5.917653],[-35.558317,-5.918153],[-35.559245,-5.918438],[-35.559531,-5.918189]]]}},{"type":"Feature","id":451,"properties":{"area_ha":0.0,"fonte":"ANA (2021)"},"geometry":{"type":"Polygon","coordinates":[[[-35.561601,-5.914905],[-35.561209,-5.914869],[-35.561101,-5.915155],[-35.561351,-5.915369],[-35.561637,-5.915405],[-35.561601,-5.914905]]]}},{"type":"Feature","id":452,"properties":{"area_ha":0.0,"fonte":"ANA (2021)"},"geometry":{"type":"Polygon","coordinates":[[[-35.555498,-5.905232],[-35.554891,-5.905054],[-35.554748,-5.905518],[-35.554677,-5.906946],[-35.554284,-5.907267],[-35.554713,-5.907267],[-35.555105,-5.906946],[-35.555355,-5.906375],[-35.555498,-5.905232]]]}},{"type":"Feature","id":453,"properties":{"area_ha":0.0,"fonte":"ANA (2021)"},"geometry":{"type":"Polygon","coordinates":[[[-35.554748,-5.89374],[-35.553927,-5.893418],[-35.553035,-5.894275],[-35.553392,-5.894525],[-35.553321,-5.89531],[-35.553963,-5.895096],[-35.554498,-5.894596],[-35.554748,-5.89374]]]}},{"type":"Feature","id":454,"properties":{"area_ha":0.0,"fonte":"ANA (2021)"},"geometry":{"type":"Polygon","coordinates":[[[-35.56053,-5.892312],[-35.561101,-5.892276],[-35.561101,-5.89142],[-35.561423,-5.891027],[-35.561708,-5.890277],[-35.561708,-5.889671],[-35.561851,-5.889242],[-35.562422,-5.888993],[-35.562208,-5.888671],[-35.560959,-5.888279],[-35.560388,-5.888885],[-35.560173,-5.889349],[-35.56078,-5.889706],[-35.56078,-5.890277],[-35.560316,-5.891527],[-35.56053,-5.892312]]]}},{"type":"Feature","id":455,"properties":{"area_ha":0.0,"fonte":"ANA (2021)"},"geometry":{"type":"Polygon","coordinates":[[[-35.559031,-5.8886],[-35.558353,-5.8886],[-35.558103,-5.88885],[-35.558674,-5.889135],[-35.559031,-5.8886]]]}},{"type":"Feature","id":456,"properties":{"area_ha":0.0,"fonte":"ANA (2021)"},"geometry":{"type":"Polygon","coordinates":[[[-35.554498,-5.889635],[-35.553963,-5.889599],[-35.55407,-5.890634],[-35.554356,-5.89017],[-35.554498,-5.889635]]]}},{"type":"Feature","id":457,"properties":{"area_ha":0.0,"fonte":"ANA (2021)"},"geometry":{"type":"Polygon","coordinates":[[[-35.558068,-5.892241],[-35.557639,-5.892133],[-35.557889,-5.89274],[-35.558068,-5.892241]]]}},{"type":"Feature","id":458,"properties":{"area_ha":0.0,"fonte":"ANA (2021)"},"geometry":{"type":"Polygon","coordinates":[[[-35.561994,-5.893597],[-35.561672,-5.893882],[-35.562136,-5.893882],[-35.561994,-5.893597]]]}},{"type":"Feature","id":459,"properties":{"area_ha":0.0,"fonte":"ANA (2021)"},"geometry":{"type":"Polygon","coordinates":[[[-35.567776,-5.889742],[-35.567526,-5.889742],[-35.567419,-5.890063],[-35.56774,-5.890063],[-35.567776,-5.889742]]]}},{"type":"Feature","id":460,"properties":{"area_ha":0.0,"fonte":"ANA (2021)"},"geometry":{"type":"Polygon","coordinates":[[[-35.550822,-5.89249],[-35.550537,-5.892847],[-35.550572,-5.893026],[-35.551108,-5.892705],[-35.550822,-5.89249]]]}},{"type":"Feature","id":461,"properties":{"area_ha":0.0,"fonte":"ANA (2021)"},"geometry":{"type":"Polygon","coordinates":[[[-35.548002,-5.887315],[-35.547431,-5.887172],[-35.547039,-5.886744],[-35.546539,-5.886458],[-35.546289,-5.886673],[-35.546753,-5.887172],[-35.546753,-5.887743],[-35.54711,-5.888564],[-35.547967,-5.888207],[-35.548002,-5.887315]]]}},{"type":"Feature","id":462,"properties":{"area_ha":0.0,"fonte":"ANA (2021)"},"geometry":{"type":"Polygon","coordinates":[[[-35.556247,-5.877821],[-35.554213,-5.878035],[-35.554534,-5.878499],[-35.554534,-5.879427],[-35.55432,-5.880105],[-35.554641,-5.880177],[-35.55382,-5.882175],[-35.55382,-5.882461],[-35.554891,-5.88114],[-35.555319,-5.880819],[-35.555355,-5.880212],[-35.555783,-5.879177],[-35.555712,-5.878678],[-35.556247,-5.877821]]]}},{"type":"Feature","id":463,"properties":{"area_ha":0.0,"fonte":"ANA (2021)"},"geometry":{"type":"Polygon","coordinates":[[[-35.555462,-5.875144],[-35.555569,-5.874573],[-35.555105,-5.87418],[-35.554427,-5.874145],[-35.554534,-5.873788],[-35.554927,-5.873502],[-35.555248,-5.872895],[-35.555284,-5.872432],[-35.555462,-5.872182],[-35.554427,-5.871575],[-35.554284,-5.873217],[-35.55382,-5.873217],[-35.552928,-5.873823],[-35.552999,-5.874323],[-35.553713,-5.874466],[-35.554177,-5.874859],[-35.554784,-5.874716],[-35.555462,-5.875144]]]}},{"type":"Feature","id":464,"properties":{"area_ha":0.0,"fonte":"ANA (2021)"},"geometry":{"type":"Polygon","coordinates":[[[-35.545004,-5.86954],[-35.544398,-5.869041],[-35.543577,-5.870004],[-35.543184,-5.870968],[-35.543255,-5.871718],[-35.543648,-5.871718],[-35.543862,-5.870932],[-35.544255,-5.870326],[-35.544719,-5.870326],[-35.54504,-5.870076],[-35.545004,-5.86954]]]}},{"type":"Feature","id":465,"properties":{"area_ha":0.0,"fonte":"ANA (2021)"},"geometry":{"type":"Polygon","coordinates":[[[-35.564314,-5.858869],[-35.563314,-5.859261],[-35.563314,-5.859689],[-35.564421,-5.86101],[-35.564706,-5.861046],[-35.564349,-5.859725],[-35.564314,-5.858869]]]}},{"type":"Feature","id":466,"properties":{"area_ha":0.0,"fonte":"ANA (2021)"},"geometry":{"type":"Polygon","coordinates":[[[-35.546343,-5.915706],[-35.54551,-5.915736],[-35.545124,-5.915944],[-35.544915,-5.91651],[-35.545451,-5.916718],[-35.546254,-5.916718],[-35.546849,-5.91642],[-35.546759,-5.915944],[-35.546343,-5.915706]]]}},{"type":"Feature","id":467,"properties":{"area_ha":0.0,"fonte":"ANA (2021)"},"geometry":{"type":"Polygon","coordinates":[[[-35.537033,-5.921328],[-35.535784,-5.921239],[-35.535754,-5.921625],[-35.536171,-5.921893],[-35.537331,-5.921536],[-35.537033,-5.921328]]]}},{"type":"Feature","id":468,"properties":{"area_ha":0.0,"fonte":"ANA (2021)"},"geometry":{"type":"Polygon","coordinates":[[[-35.569995,-5.963809],[-35.5694,-5.964374],[-35.570203,-5.964969],[-35.570292,-5.964195],[-35.569995,-5.963809]]]}},{"type":"Feature","id":469,"properties":{"area_ha":0.0,"fonte":"ANA (2021)"},"geometry":{"type":"Polygon","coordinates":[[[-35.575527,-5.964195],[-35.573623,-5.965772],[-35.573326,-5.966753],[-35.573177,-5.967913],[-35.573593,-5.968032],[-35.574159,-5.967883],[-35.574248,-5.967199],[-35.574159,-5.96595],[-35.574694,-5.965623],[-35.57517,-5.964969],[-35.575646,-5.964671],[-35.575973,-5.964195],[-35.575527,-5.964195]]]}},{"type":"Feature","id":470,"properties":{"area_ha":0.0,"fonte":"ANA (2021)"},"geometry":{"type":"Polygon","coordinates":[[[-35.576865,-5.968984],[-35.576479,-5.969043],[-35.57627,-5.96946],[-35.577014,-5.969222],[-35.576865,-5.968984]]]}},{"type":"Feature","id":471,"properties":{"area_ha":0.0,"fonte":"ANA (2021)"},"geometry":{"type":"Polygon","coordinates":[[[-35.581475,-5.967467],[-35.581,-5.967705],[-35.581029,-5.968597],[-35.581356,-5.968419],[-35.581475,-5.967943],[-35.58207,-5.967378],[-35.581475,-5.967467]]]}},{"type":"Feature","id":472,"properties":{"area_ha":0.0,"fonte":"ANA (2021)"},"geometry":{"type":"Polygon","coordinates":[[[-35.57163,-5.961756],[-35.571571,-5.961102],[-35.571244,-5.961637],[-35.57163,-5.961756]]]}},{"type":"Feature","id":473,"properties":{"area_ha":0.0,"fonte":"ANA (2021)"},"geometry":{"type":"Polygon","coordinates":[[[-35.580167,-5.955243],[-35.580791,-5.954529],[-35.580375,-5.954559],[-35.580315,-5.954291],[-35.579215,-5.95325],[-35.578828,-5.95325],[-35.578977,-5.953577],[-35.579691,-5.954321],[-35.57978,-5.954618],[-35.579393,-5.954915],[-35.579364,-5.955362],[-35.580167,-5.955243]]]}},{"type":"Feature","id":474,"properties":{"area_ha":0.0,"fonte":"ANA (2021)"},"geometry":{"type":"Polygon","coordinates":[[[-35.587442,-5.962174],[-35.588013,-5.962935],[-35.588251,-5.962222],[-35.588632,-5.961746],[-35.587442,-5.962174]]]}},{"type":"Feature","id":475,"properties":{"area_ha":0.0,"fonte":"ANA (2021)"},"geometry":{"type":"Polygon","coordinates":[[[-35.600077,-5.963054],[-35.600029,-5.962578],[-35.598625,-5.96196],[-35.598173,-5.96196],[-35.59784,-5.962364],[-35.59834,-5.963459],[-35.599506,-5.963768],[-35.600077,-5.963054]]]}},{"type":"Feature","id":476,"properties":{"area_ha":0.0,"fonte":"ANA (2021)"},"geometry":{"type":"Polygon","coordinates":[[[-35.607929,-5.962507],[-35.607953,-5.96215],[-35.607572,-5.96196],[-35.607382,-5.962079],[-35.607429,-5.962364],[-35.607929,-5.962507]]]}},{"type":"Feature","id":477,"properties":{"area_ha":0.0,"fonte":"ANA (2021)"},"geometry":{"type":"Polygon","coordinates":[[[-35.612431,-5.948502],[-35.611375,-5.94853],[-35.611032,-5.948944],[-35.611375,-5.949144],[-35.611703,-5.949158],[-35.611731,-5.949744],[-35.612303,-5.950629],[-35.612688,-5.950872],[-35.612659,-5.9511],[-35.612916,-5.951485],[-35.613445,-5.951214],[-35.613031,-5.950643],[-35.612845,-5.949729],[-35.612916,-5.949487],[-35.612431,-5.948502]]]}},{"type":"Feature","id":478,"properties":{"area_ha":0.0,"fonte":"ANA (2021)"},"geometry":{"type":"Polygon","coordinates":[[[-35.615344,-5.944404],[-35.614929,-5.944518],[-35.615329,-5.944861],[-35.615344,-5.944404]]]}},{"type":"Feature","id":479,"properties":{"area_ha":0.0,"fonte":"ANA (2021)"},"geometry":{"type":"Polygon","coordinates":[[[-35.621554,-5.946374],[-35.620926,-5.946503],[-35.621582,-5.947145],[-35.621725,-5.946474],[-35.621554,-5.946374]]]}},{"type":"Feature","id":480,"properties":{"area_ha":0.0,"fonte":"ANA (2021)"},"geometry":{"type":"Polygon","coordinates":[[[-35.622054,-5.94142],[-35.621854,-5.941192],[-35.621582,-5.941663],[-35.621625,-5.941792],[-35.622054,-5.94142]]]}},{"type":"Feature","id":481,"properties":{"area_ha":0.0,"fonte":"ANA (2021)"},"geometry":{"type":"Polygon","coordinates":[[[-35.614348,-5.939558],[-35.614181,-5.940082],[-35.614871,-5.940034],[-35.615371,-5.940415],[-35.614752,-5.939582],[-35.614348,-5.939558]]]}},{"type":"Feature","id":482,"properties":{"area_ha":0.0,"fonte":"ANA (2021)"},"geometry":{"type":"Polygon","coordinates":[[[-35.624865,-5.930516],[-35.624127,-5.930278],[-35.623723,-5.930707],[-35.6222,-5.933491],[-35.622604,-5.933277],[-35.623104,-5.932706],[-35.623723,-5.931659],[-35.624104,-5.931659],[-35.624413,-5.931349],[-35.624865,-5.930516]]]}},{"type":"Feature","id":483,"properties":{"area_ha":0.0,"fonte":"ANA (2021)"},"geometry":{"type":"Polygon","coordinates":[[[-35.61894,-5.927185],[-35.618512,-5.927185],[-35.618512,-5.927923],[-35.61894,-5.927185]]]}},{"type":"Feature","id":484,"properties":{"area_ha":0.0,"fonte":"ANA (2021)"},"geometry":{"type":"Polygon","coordinates":[[[-35.629457,-5.917672],[-35.628862,-5.917958],[-35.629124,-5.918553],[-35.629743,-5.917958],[-35.629457,-5.917672]]]}},{"type":"Feature","id":485,"properties":{"area_ha":0.0,"fonte":"ANA (2021)"},"geometry":{"type":"Polygon","coordinates":[[[-35.627292,-5.91722],[-35.626602,-5.91722],[-35.62703,-5.918386],[-35.627244,-5.917625],[-35.627292,-5.91722]]]}},{"type":"Feature","id":486,"properties":{"area_ha":0.0,"fonte":"ANA (2021)"},"geometry":{"type":"Polygon","coordinates":[[[-35.636786,-5.915673],[-35.635906,-5.915816],[-35.636215,-5.916482],[-35.636191,-5.917268],[-35.636477,-5.917196],[-35.636929,-5.916578],[-35.637524,-5.916768],[-35.637881,-5.917125],[-35.638333,-5.916934],[-35.638023,-5.916506],[-35.636786,-5.915673]]]}},{"type":"Feature","id":487,"properties":{"area_ha":0.0,"fonte":"ANA (2021)"},"geometry":{"type":"Polygon","coordinates":[[[-35.6095,-5.915489],[-35.609095,-5.915632],[-35.608512,-5.91562],[-35.60831,-5.915489],[-35.608096,-5.915786],[-35.608369,-5.915917],[-35.609523,-5.916036],[-35.6095,-5.915489]]]}},{"type":"Feature","id":488,"properties":{"area_ha":0.0,"fonte":"ANA (2021)"},"geometry":{"type":"Polygon","coordinates":[[[-35.613866,-5.91211],[-35.613794,-5.911361],[-35.612819,-5.911741],[-35.612819,-5.91186],[-35.61333,-5.911944],[-35.6127,-5.912574],[-35.613045,-5.912574],[-35.613866,-5.91211]]]}},{"type":"Feature","id":489,"properties":{"area_ha":0.0,"fonte":"ANA (2021)"},"geometry":{"type":"Polygon","coordinates":[[[-35.716496,-6.013447],[-35.715389,-6.013697],[-35.715211,-6.014339],[-35.714854,-6.014518],[-35.715425,-6.015018],[-35.715532,-6.015767],[-35.715496,-6.016195],[-35.715104,-6.016195],[-35.714889,-6.016659],[-35.714818,-6.017516],[-35.715211,-6.017801],[-35.715675,-6.016909],[-35.716103,-6.016588],[-35.71646,-6.014946],[-35.716781,-6.014946],[-35.717138,-6.014768],[-35.717102,-6.014054],[-35.716496,-6.013447]]]}},{"type":"Feature","id":490,"properties":{"area_ha":0.0,"fonte":"ANA (2021)"},"geometry":{"type":"Polygon","coordinates":[[[-35.731903,-6.005233],[-35.731503,-6.005424],[-35.731731,-6.006014],[-35.732112,-6.005976],[-35.731903,-6.005233]]]}},{"type":"Feature","id":491,"properties":{"area_ha":0.0,"fonte":"ANA (2021)"},"geometry":{"type":"Polygon","coordinates":[[[-35.746294,-5.999522],[-35.745589,-5.999751],[-35.745799,-6.000075],[-35.746275,-6.000208],[-35.746465,-5.999751],[-35.746294,-5.999522]]]}},{"type":"Feature","id":492,"properties":{"area_ha":0.0,"fonte":"ANA (2021)"},"geometry":{"type":"Polygon","coordinates":[[[-35.771219,-5.995567],[-35.770781,-5.99551],[-35.770591,-5.995795],[-35.7708,-5.995929],[-35.771276,-5.995738],[-35.771219,-5.995567]]]}},{"type":"Feature","id":493,"properties":{"area_ha":0.0,"fonte":"ANA (2021)"},"geometry":{"type":"Polygon","coordinates":[[[-35.760673,-5.991303],[-35.760369,-5.991208],[-35.760349,-5.99155],[-35.760673,-5.991303]]]}},{"type":"Feature","id":494,"properties":{"area_ha":0.0,"fonte":"ANA (2021)"},"geometry":{"type":"Polygon","coordinates":[[[-35.763871,-5.992502],[-35.763509,-5.992616],[-35.763471,-5.992826],[-35.763738,-5.992826],[-35.763871,-5.992502]]]}},{"type":"Feature","id":495,"properties":{"area_ha":0.0,"fonte":"ANA (2021)"},"geometry":{"type":"Polygon","coordinates":[[[-35.756658,-5.995855],[-35.756509,-5.995647],[-35.756152,-5.995944],[-35.75642,-5.996152],[-35.756658,-5.995855]]]}},{"type":"Feature","id":496,"properties":{"area_ha":0.0,"fonte":"ANA (2021)"},"geometry":{"type":"Polygon","coordinates":[[[-35.750501,-5.989073],[-35.750382,-5.988925],[-35.750114,-5.989192],[-35.750203,-5.989371],[-35.750501,-5.989073]]]}},{"type":"Feature","id":497,"properties":{"area_ha":0.0,"fonte":"ANA (2021)"},"geometry":{"type":"Polygon","coordinates":[[[-35.736249,-5.989573],[-35.736321,-5.989966],[-35.736599,-5.989923],[-35.736606,-5.989652],[-35.736249,-5.989573]]]}},{"type":"Feature","id":498,"properties":{"area_ha":0.0,"fonte":"ANA (2021)"},"geometry":{"type":"Polygon","coordinates":[[[-35.742048,-5.982827],[-35.741733,-5.98294],[-35.741947,-5.983273],[-35.742018,-5.983273],[-35.742048,-5.982827]]]}},{"type":"Feature","id":499,"properties":{"area_ha":0.0,"fonte":"ANA (2021)"},"geometry":{"type":"Polygon","coordinates":[[[-35.728932,-5.98428],[-35.728966,-5.984104],[-35.728799,-5.984043],[-35.728751,-5.984319],[-35.728932,-5.98428]]]}},{"type":"Feature","id":500,"properties":{"area_ha":0.0,"fonte":"ANA (2021)"},"geometry":{"type":"Polygon","coordinates":[[[-35.714971,-5.995132],[-35.715146,-5.995228],[-35.715349,-5.994825],[-35.71516,-5.994807],[-35.714971,-5.995132]]]}},{"type":"Feature","id":501,"properties":{"area_ha":0.0,"fonte":"ANA (2021)"},"geometry":{"type":"Polygon","coordinates":[[[-35.722054,-5.998057],[-35.721876,-5.997703],[-35.721571,-5.997777],[-35.72136,-5.998095],[-35.721493,-5.998119],[-35.721338,-5.99825],[-35.722054,-5.998057]]]}},{"type":"Feature","id":502,"properties":{"area_ha":0.0,"fonte":"ANA (2021)"},"geometry":{"type":"Polygon","coordinates":[[[-35.722193,-6.013604],[-35.721869,-6.013642],[-35.721779,-6.013785],[-35.72206,-6.013927],[-35.722193,-6.013604]]]}},{"type":"Feature","id":503,"properties":{"area_ha":0.0,"fonte":"ANA (2021)"},"geometry":{"type":"Polygon","coordinates":[[[-35.726738,-6.019952],[-35.725824,-6.020295],[-35.725788,-6.020423],[-35.72606,-6.020609],[-35.725867,-6.020902],[-35.72586,-6.021409],[-35.725981,-6.021109],[-35.726209,-6.02118],[-35.726445,-6.020973],[-35.726916,-6.02088],[-35.727016,-6.020431],[-35.726738,-6.019952]]]}},{"type":"Feature","id":504,"properties":{"area_ha":0.0,"fonte":"ANA (2021)"},"geometry":{"type":"Polygon","coordinates":[[[-35.738678,-6.024512],[-35.738432,-6.024609],[-35.738696,-6.024915],[-35.738742,-6.024858],[-35.738678,-6.024512]]]}},{"type":"Feature","id":505,"properties":{"area_ha":0.0,"fonte":"ANA (2021)"},"geometry":{"type":"Polygon","coordinates":[[[-35.742861,-6.019267],[-35.742629,-6.019522],[-35.742992,-6.019754],[-35.743016,-6.019516],[-35.742861,-6.019267]]]}},{"type":"Feature","id":506,"properties":{"area_ha":0.0,"fonte":"ANA (2021)"},"geometry":{"type":"Polygon","coordinates":[[[-35.758567,-6.011621],[-35.758496,-6.01174],[-35.758651,-6.011901],[-35.758853,-6.01183],[-35.758787,-6.011586],[-35.758674,-6.011734],[-35.758567,-6.011621]]]}},{"type":"Feature","id":507,"properties":{"area_ha":0.0,"fonte":"ANA (2021)"},"geometry":{"type":"Polygon","coordinates":[[[-35.768836,-6.01451],[-35.768436,-6.014553],[-35.768588,-6.01471],[-35.768541,-6.014872],[-35.768784,-6.014767],[-35.768979,-6.014838],[-35.768836,-6.01451]]]}},{"type":"Feature","id":508,"properties":{"area_ha":0.0,"fonte":"ANA (2021)"},"geometry":{"type":"Polygon","coordinates":[[[-35.759269,-6.018831],[-35.758848,-6.01903],[-35.758833,-6.019187],[-35.759255,-6.019102],[-35.759383,-6.018995],[-35.759269,-6.018831]]]}},{"type":"Feature","id":509,"properties":{"area_ha":0.0,"fonte":"ANA (2021)"},"geometry":{"type":"Polygon","coordinates":[[[-35.789053,-6.036127],[-35.788439,-6.035713],[-35.788353,-6.03587],[-35.788453,-6.035927],[-35.78811,-6.036512],[-35.787182,-6.036769],[-35.787582,-6.036998],[-35.78841,-6.036484],[-35.788896,-6.036826],[-35.788753,-6.036427],[-35.789053,-6.036127]]]}},{"type":"Feature","id":510,"properties":{"area_ha":0.0,"fonte":"ANA (2021)"},"geometry":{"type":"Polygon","coordinates":[[[-35.795449,-6.037897],[-35.795391,-6.037712],[-35.795006,-6.03774],[-35.79492,-6.037869],[-35.795449,-6.037897]]]}},{"type":"Feature","id":511,"properties":{"area_ha":0.0,"fonte":"ANA (2021)"},"geometry":{"type":"Polygon","coordinates":[[[-35.793022,-6.039882],[-35.79295,-6.03981],[-35.792693,-6.039924],[-35.792893,-6.03991],[-35.793022,-6.039882]]]}},{"type":"Feature","id":512,"properties":{"area_ha":0.0,"fonte":"ANA (2021)"},"geometry":{"type":"Polygon","coordinates":[[[-35.788072,-6.041814],[-35.788462,-6.042175],[-35.788738,-6.041909],[-35.788167,-6.041776],[-35.788072,-6.041814]]]}},{"type":"Feature","id":513,"properties":{"area_ha":0.0,"fonte":"ANA (2021)"},"geometry":{"type":"Polygon","coordinates":[[[-35.792079,-6.042642],[-35.792498,-6.042366],[-35.792536,-6.042242],[-35.791879,-6.042118],[-35.792079,-6.042642]]]}},{"type":"Feature","id":514,"properties":{"area_ha":0.0,"fonte":"ANA (2021)"},"geometry":{"type":"Polygon","coordinates":[[[-35.795839,-6.042785],[-35.796496,-6.043137],[-35.796638,-6.043061],[-35.796543,-6.042861],[-35.795839,-6.042785]]]}},{"type":"Feature","id":515,"properties":{"area_ha":0.0,"fonte":"ANA (2021)"},"geometry":{"type":"Polygon","coordinates":[[[-35.804351,-6.04695],[-35.804434,-6.046546],[-35.803732,-6.046522],[-35.803494,-6.046677],[-35.803815,-6.047188],[-35.803899,-6.046962],[-35.804351,-6.04695]]]}},{"type":"Feature","id":516,"properties":{"area_ha":0.0,"fonte":"ANA (2021)"},"geometry":{"type":"Polygon","coordinates":[[[-35.620851,-6.014834],[-35.621672,-6.01437],[-35.621601,-6.013834],[-35.620709,-6.013406],[-35.620352,-6.013834],[-35.620245,-6.014263],[-35.620316,-6.014727],[-35.620851,-6.014834]]]}},{"type":"Feature","id":517,"properties":{"area_ha":0.0,"fonte":"ANA (2021)"},"geometry":{"type":"Polygon","coordinates":[[[-35.545016,-6.009958],[-35.54433,-6.010215],[-35.544302,-6.010444],[-35.544487,-6.010601],[-35.54493,-6.010544],[-35.545744,-6.010701],[-35.546129,-6.010643],[-35.546415,-6.010358],[-35.546243,-6.010158],[-35.545387,-6.010115],[-35.545016,-6.009958]]]}},{"type":"Feature","id":518,"properties":{"area_ha":0.0,"fonte":"ANA (2021)"},"geometry":{"type":"Polygon","coordinates":[[[-35.551711,-6.013627],[-35.551212,-6.013656],[-35.551526,-6.013941],[-35.551711,-6.014441],[-35.55184,-6.014441],[-35.551683,-6.014013],[-35.551711,-6.013627]]]}},{"type":"Feature","id":519,"properties":{"area_ha":0.0,"fonte":"ANA (2021)"},"geometry":{"type":"Polygon","coordinates":[[[-35.557593,-6.005332],[-35.557094,-6.005318],[-35.556408,-6.005661],[-35.556523,-6.006032],[-35.556694,-6.006061],[-35.55668,-6.006246],[-35.557065,-6.005861],[-35.557451,-6.005775],[-35.557593,-6.005332]]]}},{"type":"Feature","id":520,"properties":{"area_ha":0.0,"fonte":"ANA (2021)"},"geometry":{"type":"Polygon","coordinates":[[[-35.546072,-5.999693],[-35.545744,-6.000778],[-35.545801,-6.000892],[-35.545929,-6.000807],[-35.546586,-6.000992],[-35.547757,-6.002077],[-35.548442,-6.002249],[-35.548471,-6.002092],[-35.547685,-6.001278],[-35.547328,-6.000721],[-35.546172,-5.999665],[-35.546072,-5.999693]]]}},{"type":"Feature","id":521,"properties":{"area_ha":0.0,"fonte":"ANA (2021)"},"geometry":{"type":"Polygon","coordinates":[[[-35.56867,-6.004628],[-35.568213,-6.005009],[-35.568346,-6.005142],[-35.568746,-6.005123],[-35.56867,-6.004628]]]}},{"type":"Feature","id":522,"properties":{"area_ha":0.0,"fonte":"ANA (2021)"},"geometry":{"type":"Polygon","coordinates":[[[-35.564901,-6.002801],[-35.565358,-6.002706],[-35.565282,-6.002477],[-35.56511,-6.002401],[-35.564825,-6.002629],[-35.564901,-6.002801]]]}},{"type":"Feature","id":523,"properties":{"area_ha":0.0,"fonte":"ANA (2021)"},"geometry":{"type":"Polygon","coordinates":[[[-35.540859,-5.997166],[-35.540573,-5.997737],[-35.541392,-5.997909],[-35.541963,-5.998403],[-35.542229,-5.99848],[-35.542344,-5.998365],[-35.541639,-5.997414],[-35.540859,-5.997166]]]}},{"type":"Feature","id":524,"properties":{"area_ha":0.0,"fonte":"ANA (2021)"},"geometry":{"type":"Polygon","coordinates":[[[-35.538536,-5.99511],[-35.537756,-5.995301],[-35.537889,-5.996024],[-35.538822,-5.996843],[-35.539298,-5.996957],[-35.538651,-5.996195],[-35.538536,-5.99511]]]}},{"type":"Feature","id":525,"properties":{"area_ha":0.0,"fonte":"ANA (2021)"},"geometry":{"type":"Polygon","coordinates":[[[-35.546731,-5.984588],[-35.546703,-5.984417],[-35.546531,-5.98396],[-35.546246,-5.984645],[-35.546731,-5.984588]]]}},{"type":"Feature","id":526,"properties":{"area_ha":0.0,"fonte":"ANA (2021)"},"geometry":{"type":"Polygon","coordinates":[[[-35.541534,-5.982618],[-35.54132,-5.982618],[-35.541392,-5.983089],[-35.541534,-5.982618]]]}},{"type":"Feature","id":527,"properties":{"area_ha":0.0,"fonte":"ANA (2021)"},"geometry":{"type":"Polygon","coordinates":[[[-35.537337,-5.982033],[-35.537166,-5.981447],[-35.536552,-5.980862],[-35.536452,-5.980948],[-35.536638,-5.981433],[-35.536538,-5.981933],[-35.537337,-5.982033]]]}},{"type":"Feature","id":528,"properties":{"area_ha":0.0,"fonte":"ANA (2021)"},"geometry":{"type":"Polygon","coordinates":[[[-35.53867,-5.986059],[-35.538846,-5.985973],[-35.53876,-5.98565],[-35.538774,-5.985892],[-35.538608,-5.985978],[-35.53867,-5.986059]]]}},{"type":"Feature","id":529,"properties":{"area_ha":0.0,"fonte":"ANA (2021)"},"geometry":{"type":"Polygon","coordinates":[[[-35.540356,-5.977624],[-35.54082,-5.977433],[-35.540915,-5.976624],[-35.540427,-5.9771],[-35.540356,-5.977624]]]}},{"type":"Feature","id":530,"properties":{"area_ha":0.0,"fonte":"ANA (2021)"},"geometry":{"type":"Polygon","coordinates":[[[-35.530719,-5.978433],[-35.531612,-5.978504],[-35.531635,-5.977755],[-35.531481,-5.977481],[-35.531124,-5.977386],[-35.530719,-5.978433]]]}},{"type":"Feature","id":531,"properties":{"area_ha":0.0,"fonte":"ANA (2021)"},"geometry":{"type":"Polygon","coordinates":[[[-35.555739,-5.983775],[-35.554704,-5.984619],[-35.554871,-5.984679],[-35.554942,-5.984536],[-35.555299,-5.984691],[-35.555454,-5.984619],[-35.555406,-5.984381],[-35.555739,-5.983775]]]}},{"type":"Feature","id":532,"properties":{"area_ha":0.0,"fonte":"ANA (2021)"},"geometry":{"type":"Polygon","coordinates":[[[-35.556287,-5.98356],[-35.556144,-5.983537],[-35.556179,-5.984036],[-35.556406,-5.983786],[-35.556287,-5.98356]]]}},{"type":"Feature","id":533,"properties":{"area_ha":0.0,"fonte":"ANA (2021)"},"geometry":{"type":"Polygon","coordinates":[[[-35.555799,-5.981217],[-35.556108,-5.981121],[-35.556013,-5.980919],[-35.556191,-5.980848],[-35.556275,-5.98055],[-35.55593,-5.980039],[-35.555727,-5.98011],[-35.555644,-5.980372],[-35.555394,-5.980574],[-35.55537,-5.980812],[-35.555799,-5.981217]]]}},{"type":"Feature","id":534,"properties":{"area_ha":0.0,"fonte":"ANA (2021)"},"geometry":{"type":"Polygon","coordinates":[[[-35.572748,-5.989566],[-35.572391,-5.989363],[-35.572296,-5.989732],[-35.57251,-5.989815],[-35.572748,-5.989566]]]}},{"type":"Feature","id":535,"properties":{"area_ha":0.0,"fonte":"ANA (2021)"},"geometry":{"type":"Polygon","coordinates":[[[-35.574842,-5.991612],[-35.574866,-5.991921],[-35.574997,-5.992028],[-35.575259,-5.991826],[-35.575092,-5.991612],[-35.574842,-5.991612]]]}},{"type":"Feature","id":536,"properties":{"area_ha":0.0,"fonte":"ANA (2021)"},"geometry":{"type":"Polygon","coordinates":[[[-35.565467,-5.984628],[-35.564515,-5.984723],[-35.564384,-5.984985],[-35.564777,-5.985164],[-35.564848,-5.985449],[-35.565134,-5.985628],[-35.566002,-5.985639],[-35.566217,-5.985437],[-35.56542,-5.985068],[-35.565312,-5.984854],[-35.565467,-5.984628]]]}},{"type":"Feature","id":537,"properties":{"area_ha":0.0,"fonte":"ANA (2021)"},"geometry":{"type":"Polygon","coordinates":[[[-35.577357,-5.985534],[-35.5779,-5.985115],[-35.577129,-5.984629],[-35.576977,-5.985219],[-35.577357,-5.985534]]]}},{"type":"Feature","id":538,"properties":{"area_ha":0.0,"fonte":"ANA (2021)"},"geometry":{"type":"Polygon","coordinates":[[[-35.577176,-5.985657],[-35.577034,-5.985524],[-35.576682,-5.985581],[-35.576405,-5.98581],[-35.576596,-5.986086],[-35.577176,-5.985657]]]}},{"type":"Feature","id":539,"properties":{"area_ha":0.0,"fonte":"ANA (2021)"},"geometry":{"type":"Polygon","coordinates":[[[-35.575815,-5.984001],[-35.575663,-5.983887],[-35.575282,-5.98383],[-35.575406,-5.984306],[-35.575635,-5.984306],[-35.575815,-5.984001]]]}},{"type":"Feature","id":540,"properties":{"area_ha":0.0,"fonte":"ANA (2021)"},"geometry":{"type":"Polygon","coordinates":[[[-35.58204,-5.985191],[-35.582211,-5.984763],[-35.581735,-5.984363],[-35.581574,-5.984477],[-35.581345,-5.984277],[-35.580746,-5.984439],[-35.580527,-5.984877],[-35.580346,-5.984953],[-35.580784,-5.985029],[-35.581212,-5.985486],[-35.581431,-5.985543],[-35.58204,-5.985191]]]}},{"type":"Feature","id":541,"properties":{"area_ha":0.0,"fonte":"ANA (2021)"},"geometry":{"type":"Polygon","coordinates":[[[-35.59754,-5.985124],[-35.597497,-5.985524],[-35.597183,-5.985738],[-35.597083,-5.986038],[-35.59734,-5.986281],[-35.597254,-5.986438],[-35.59774,-5.986581],[-35.598125,-5.986052],[-35.598611,-5.986038],[-35.59754,-5.985124]]]}},{"type":"Feature","id":542,"properties":{"area_ha":0.0,"fonte":"ANA (2021)"},"geometry":{"type":"Polygon","coordinates":[[[-35.60445,-5.982669],[-35.604307,-5.983126],[-35.604393,-5.983411],[-35.604978,-5.98344],[-35.605321,-5.983268],[-35.605349,-5.983097],[-35.604707,-5.982997],[-35.60445,-5.982669]]]}},{"type":"Feature","id":543,"properties":{"area_ha":0.0,"fonte":"ANA (2021)"},"geometry":{"type":"Polygon","coordinates":[[[-35.606277,-5.984082],[-35.605835,-5.984625],[-35.60622,-5.985139],[-35.607619,-5.986352],[-35.607776,-5.986152],[-35.606877,-5.985139],[-35.606277,-5.984082]]]}},{"type":"Feature","id":544,"properties":{"area_ha":0.0,"fonte":"ANA (2021)"},"geometry":{"type":"Polygon","coordinates":[[[-35.608533,-5.986623],[-35.607905,-5.987066],[-35.60819,-5.98718],[-35.609018,-5.987951],[-35.609875,-5.988294],[-35.609075,-5.987437],[-35.608533,-5.986623]]]}},{"type":"Feature","id":545,"properties":{"area_ha":0.0,"fonte":"ANA (2021)"},"geometry":{"type":"Polygon","coordinates":[[[-35.613273,-5.990607],[-35.612987,-5.991663],[-35.614444,-5.992291],[-35.617656,-5.993176],[-35.617599,-5.992748],[-35.617042,-5.992391],[-35.615214,-5.991706],[-35.613887,-5.991049],[-35.613273,-5.990607]]]}},{"type":"Feature","id":546,"properties":{"area_ha":0.0,"fonte":"ANA (2021)"},"geometry":{"type":"Polygon","coordinates":[[[-35.61783,-5.992696],[-35.617794,-5.993398],[-35.617913,-5.993469],[-35.618044,-5.993338],[-35.619388,-5.994004],[-35.619983,-5.993767],[-35.619959,-5.993612],[-35.619007,-5.993481],[-35.618662,-5.993184],[-35.618448,-5.993195],[-35.617996,-5.992708],[-35.61783,-5.992696]]]}},{"type":"Feature","id":547,"properties":{"area_ha":0.0,"fonte":"ANA (2021)"},"geometry":{"type":"Polygon","coordinates":[[[-35.629307,-5.999414],[-35.628724,-5.999688],[-35.629271,-6.000776],[-35.629271,-6.001645],[-35.629087,-6.001871],[-35.62917,-6.002127],[-35.629771,-6.002371],[-35.629527,-6.001044],[-35.629735,-6.000497],[-35.629307,-5.999414]]]}},{"type":"Feature","id":548,"properties":{"area_ha":0.0,"fonte":"ANA (2021)"},"geometry":{"type":"Polygon","coordinates":[[[-35.628896,-5.997457],[-35.628837,-5.997713],[-35.629063,-5.997689],[-35.629033,-5.99754],[-35.628896,-5.997457]]]}},{"type":"Feature","id":549,"properties":{"area_ha":0.0,"fonte":"ANA (2021)"},"geometry":{"type":"Polygon","coordinates":[[[-35.631363,-6.004616],[-35.630449,-6.005034],[-35.630754,-6.005834],[-35.63142,-6.006748],[-35.631591,-6.006824],[-35.631363,-6.005415],[-35.631363,-6.004616]]]}},{"type":"Feature","id":550,"properties":{"area_ha":0.0,"fonte":"ANA (2021)"},"geometry":{"type":"Polygon","coordinates":[[[-35.639493,-5.985025],[-35.640207,-5.983573],[-35.640659,-5.983145],[-35.641301,-5.982098],[-35.641159,-5.982026],[-35.640254,-5.982931],[-35.639898,-5.98305],[-35.639564,-5.983359],[-35.639517,-5.983763],[-35.638993,-5.983835],[-35.638755,-5.984073],[-35.639493,-5.985025]]]}},{"type":"Feature","id":551,"properties":{"area_ha":0.0,"fonte":"ANA (2021)"},"geometry":{"type":"Polygon","coordinates":[[[-35.646584,-5.986333],[-35.646346,-5.986333],[-35.646132,-5.986714],[-35.647036,-5.986999],[-35.647321,-5.986952],[-35.646917,-5.986762],[-35.646584,-5.986333]]]}},{"type":"Feature","id":552,"properties":{"area_ha":0.0,"fonte":"ANA (2021)"},"geometry":{"type":"Polygon","coordinates":[[[-35.653913,-5.987927],[-35.653627,-5.988046],[-35.653532,-5.988879],[-35.654317,-5.988641],[-35.653913,-5.987927]]]}},{"type":"Feature","id":553,"properties":{"area_ha":0.0,"fonte":"ANA (2021)"},"geometry":{"type":"Polygon","coordinates":[[[-35.655626,-5.98857],[-35.655293,-5.988665],[-35.655388,-5.988879],[-35.655721,-5.98876],[-35.655626,-5.98857]]]}},{"type":"Feature","id":554,"properties":{"area_ha":0.0,"fonte":"ANA (2021)"},"geometry":{"type":"Polygon","coordinates":[[[-35.617995,-5.981411],[-35.618471,-5.981078],[-35.6189,-5.980535],[-35.619509,-5.980155],[-35.61988,-5.979679],[-35.619775,-5.979479],[-35.619471,-5.979384],[-35.619176,-5.979469],[-35.619061,-5.979898],[-35.618757,-5.980316],[-35.6185,-5.980383],[-35.618528,-5.980688],[-35.6183,-5.980497],[-35.617891,-5.980726],[-35.617995,-5.981411]]]}},{"type":"Feature","id":555,"properties":{"area_ha":0.0,"fonte":"ANA (2021)"},"geometry":{"type":"Polygon","coordinates":[[[-35.617386,-5.981068],[-35.617044,-5.981611],[-35.617415,-5.981639],[-35.61732,-5.981696],[-35.617377,-5.981925],[-35.61691,-5.982306],[-35.617215,-5.982734],[-35.617044,-5.983657],[-35.617481,-5.984695],[-35.617776,-5.984647],[-35.617815,-5.984495],[-35.617548,-5.984352],[-35.617367,-5.983238],[-35.617891,-5.982172],[-35.617386,-5.981068]]]}},{"type":"Feature","id":556,"properties":{"area_ha":0.0,"fonte":"ANA (2021)"},"geometry":{"type":"Polygon","coordinates":[[[-35.612874,-5.971697],[-35.612912,-5.970964],[-35.612198,-5.970992],[-35.612236,-5.971278],[-35.612874,-5.971697]]]}},{"type":"Feature","id":557,"properties":{"area_ha":0.0,"fonte":"ANA (2021)"},"geometry":{"type":"Polygon","coordinates":[[[-35.239916,-5.803128],[-35.240292,-5.803019],[-35.240182,-5.802719],[-35.239759,-5.802757],[-35.239916,-5.803128]]]}},{"type":"Feature","id":558,"properties":{"area_ha":0.0,"fonte":"ANA (2021)"},"geometry":{"type":"Polygon","coordinates":[[[-35.239778,-5.80319],[-35.239697,-5.802838],[-35.239388,-5.802933],[-35.239535,-5.80318],[-35.239778,-5.80319]]]}},{"type":"Feature","id":559,"properties":{"area_ha":0.0,"fonte":"ANA (2021)"},"geometry":{"type":"Polygon","coordinates":[[[-35.202821,-5.796722],[-35.203774,-5.796336],[-35.204027,-5.796101],[-35.203135,-5.795912],[-35.20271,-5.79604],[-35.202517,-5.796333],[-35.202821,-5.796722]]]}},{"type":"Feature","id":560,"properties":{"area_ha":0.0,"fonte":"ANA (2021)"},"geometry":{"type":"Polygon","coordinates":[[[-35.338373,-5.813595],[-35.337649,-5.813328],[-35.33685,-5.813347],[-35.336774,-5.813575],[-35.336488,-5.813614],[-35.336069,-5.813442],[-35.335993,-5.813556],[-35.335365,-5.813575],[-35.334813,-5.813423],[-35.334566,-5.813614],[-35.334566,-5.813804],[-35.335251,-5.813994],[-35.335289,-5.813709],[-35.335613,-5.813747],[-35.335974,-5.813975],[-35.337116,-5.814204],[-35.338468,-5.814166],[-35.338373,-5.813595]]]}},{"type":"Feature","id":561,"properties":{"area_ha":0.0,"fonte":"ANA (2021)"},"geometry":{"type":"Polygon","coordinates":[[[-35.340143,-5.813766],[-35.339819,-5.813785],[-35.339629,-5.813975],[-35.339724,-5.814223],[-35.340124,-5.814546],[-35.341133,-5.814908],[-35.341533,-5.815251],[-35.342789,-5.815765],[-35.34336,-5.815346],[-35.343246,-5.815098],[-35.34277,-5.814851],[-35.342618,-5.814622],[-35.341057,-5.814185],[-35.340143,-5.813766]]]}},{"type":"Feature","id":562,"properties":{"area_ha":0.0,"fonte":"ANA (2021)"},"geometry":{"type":"Polygon","coordinates":[[[-35.351077,-5.814482],[-35.350406,-5.814932],[-35.350691,-5.814953],[-35.35082,-5.815246],[-35.351555,-5.814903],[-35.351434,-5.814668],[-35.351077,-5.814482]]]}},{"type":"Feature","id":563,"properties":{"area_ha":0.0,"fonte":"ANA (2021)"},"geometry":{"type":"Polygon","coordinates":[[[-35.352519,-5.814468],[-35.353547,-5.814004],[-35.354517,-5.813304],[-35.354053,-5.813483],[-35.353604,-5.812947],[-35.353461,-5.81294],[-35.352661,-5.81329],[-35.35239,-5.813526],[-35.35249,-5.814254],[-35.352376,-5.814318],[-35.352519,-5.814468]]]}},{"type":"Feature","id":564,"properties":{"area_ha":0.0,"fonte":"ANA (2021)"},"geometry":{"type":"Polygon","coordinates":[[[-35.350233,-5.810309],[-35.349769,-5.810423],[-35.349733,-5.81173],[-35.350275,-5.811708],[-35.350233,-5.810309]]]}},{"type":"Feature","id":565,"properties":{"area_ha":0.0,"fonte":"ANA (2021)"},"geometry":{"type":"Polygon","coordinates":[[[-35.350261,-5.81178],[-35.349715,-5.811808],[-35.34974,-5.813061],[-35.350293,-5.813],[-35.350261,-5.81178]]]}},{"type":"Feature","id":566,"properties":{"area_ha":0.0,"fonte":"ANA (2021)"},"geometry":{"type":"Polygon","coordinates":[[[-35.348855,-5.817838],[-35.348769,-5.818452],[-35.348883,-5.818737],[-35.34964,-5.818994],[-35.349626,-5.819237],[-35.350068,-5.819394],[-35.35024,-5.818937],[-35.350211,-5.81848],[-35.348855,-5.817838]]]}},{"type":"Feature","id":567,"properties":{"area_ha":0.0,"fonte":"ANA (2021)"},"geometry":{"type":"Polygon","coordinates":[[[-35.348541,-5.819708],[-35.348584,-5.818751],[-35.347598,-5.818837],[-35.347513,-5.819865],[-35.348398,-5.819936],[-35.348541,-5.819708]]]}},{"type":"Feature","id":568,"properties":{"area_ha":0.0,"fonte":"ANA (2021)"},"geometry":{"type":"Polygon","coordinates":[[[-35.345029,-5.817424],[-35.344843,-5.817381],[-35.344641,-5.818229],[-35.344879,-5.818277],[-35.345029,-5.817424]]]}},{"type":"Feature","id":569,"properties":{"area_ha":0.0,"fonte":"ANA (2021)"},"geometry":{"type":"Polygon","coordinates":[[[-35.344893,-5.818341],[-35.344618,-5.818345],[-35.344558,-5.819065],[-35.344765,-5.819073],[-35.344893,-5.818341]]]}},{"type":"Feature","id":570,"properties":{"area_ha":0.0,"fonte":"ANA (2021)"},"geometry":{"type":"Polygon","coordinates":[[[-35.344765,-5.81919],[-35.344483,-5.819158],[-35.344368,-5.819933],[-35.344643,-5.819922],[-35.344765,-5.81919]]]}},{"type":"Feature","id":571,"properties":{"area_ha":0.0,"fonte":"ANA (2021)"},"geometry":{"type":"Polygon","coordinates":[[[-35.344543,-5.820086],[-35.344379,-5.820054],[-35.344326,-5.820368],[-35.344525,-5.820372],[-35.344543,-5.820086]]]}},{"type":"Feature","id":572,"properties":{"area_ha":0.0,"fonte":"ANA (2021)"},"geometry":{"type":"Polygon","coordinates":[[[-35.344483,-5.82049],[-35.344251,-5.820511],[-35.344172,-5.821321],[-35.34439,-5.821271],[-35.344483,-5.82049]]]}},{"type":"Feature","id":573,"properties":{"area_ha":0.0,"fonte":"ANA (2021)"},"geometry":{"type":"Polygon","coordinates":[[[-35.350243,-5.813097],[-35.349858,-5.813132],[-35.349844,-5.813532],[-35.349737,-5.813489],[-35.349787,-5.813846],[-35.350286,-5.813553],[-35.350243,-5.813097]]]}},{"type":"Feature","id":574,"properties":{"area_ha":0.0,"fonte":"ANA (2021)"},"geometry":{"type":"Polygon","coordinates":[[[-35.348794,-5.813553],[-35.348545,-5.813682],[-35.348487,-5.813746],[-35.348809,-5.813675],[-35.348794,-5.813553]]]}},{"type":"Feature","id":575,"properties":{"area_ha":0.0,"fonte":"ANA (2021)"},"geometry":{"type":"Polygon","coordinates":[[[-35.34838,-5.812518],[-35.348423,-5.811562],[-35.348166,-5.811569],[-35.348131,-5.812497],[-35.34838,-5.812518]]]}},{"type":"Feature","id":576,"properties":{"area_ha":0.0,"fonte":"ANA (2021)"},"geometry":{"type":"Polygon","coordinates":[[[-35.348502,-5.812483],[-35.348556,-5.812273],[-35.348821,-5.81214],[-35.348806,-5.811269],[-35.348357,-5.81126],[-35.348249,-5.811119],[-35.348161,-5.811512],[-35.34849,-5.81159],[-35.348411,-5.812083],[-35.348502,-5.812483]]]}},{"type":"Feature","id":577,"properties":{"area_ha":0.0,"fonte":"ANA (2021)"},"geometry":{"type":"Polygon","coordinates":[[[-35.349232,-5.811926],[-35.349282,-5.810848],[-35.349118,-5.810805],[-35.349232,-5.810691],[-35.349182,-5.810513],[-35.348982,-5.810691],[-35.349068,-5.810841],[-35.348968,-5.810841],[-35.348932,-5.811134],[-35.348975,-5.811933],[-35.349232,-5.811926]]]}},{"type":"Feature","id":578,"properties":{"area_ha":0.0,"fonte":"ANA (2021)"},"geometry":{"type":"Polygon","coordinates":[[[-35.348169,-5.811126],[-35.348233,-5.81062],[-35.347912,-5.810641],[-35.347862,-5.811105],[-35.348169,-5.811126]]]}},{"type":"Feature","id":579,"properties":{"area_ha":0.0,"fonte":"ANA (2021)"},"geometry":{"type":"Polygon","coordinates":[[[-35.350436,-5.812649],[-35.350341,-5.812385],[-35.350353,-5.812687],[-35.350436,-5.812649]]]}},{"type":"Feature","id":580,"properties":{"area_ha":0.0,"fonte":"ANA (2021)"},"geometry":{"type":"Polygon","coordinates":[[[-35.351407,-5.812031],[-35.351329,-5.811802],[-35.351269,-5.811816],[-35.351319,-5.812052],[-35.351407,-5.812031]]]}},{"type":"Feature","id":581,"properties":{"area_ha":0.0,"fonte":"ANA (2021)"},"geometry":{"type":"Polygon","coordinates":[[[-35.350732,-5.809086],[-35.350536,-5.808875],[-35.350461,-5.808943],[-35.350504,-5.809111],[-35.350732,-5.809086]]]}},{"type":"Feature","id":582,"properties":{"area_ha":0.0,"fonte":"ANA (2021)"},"geometry":{"type":"Polygon","coordinates":[[[-35.355708,-5.812643],[-35.35645,-5.812091],[-35.357074,-5.811849],[-35.357074,-5.81173],[-35.356888,-5.811768],[-35.356926,-5.811639],[-35.356574,-5.811782],[-35.356417,-5.811525],[-35.356327,-5.811658],[-35.355917,-5.811744],[-35.35617,-5.811796],[-35.35616,-5.811887],[-35.355993,-5.812068],[-35.355951,-5.811872],[-35.355827,-5.812077],[-35.355641,-5.812515],[-35.355708,-5.812643]]]}},{"type":"Feature","id":583,"properties":{"area_ha":0.0,"fonte":"ANA (2021)"},"geometry":{"type":"Polygon","coordinates":[[[-35.357326,-5.811025],[-35.358197,-5.810549],[-35.358392,-5.810264],[-35.358582,-5.810235],[-35.358658,-5.810383],[-35.35862,-5.810116],[-35.357464,-5.810459],[-35.357331,-5.810649],[-35.357326,-5.811025]]]}},{"type":"Feature","id":584,"properties":{"area_ha":0.0,"fonte":"ANA (2021)"},"geometry":{"type":"Polygon","coordinates":[[[-35.358406,-5.807323],[-35.358197,-5.80738],[-35.35814,-5.808427],[-35.358536,-5.808422],[-35.358406,-5.807323]]]}},{"type":"Feature","id":585,"properties":{"area_ha":0.0,"fonte":"ANA (2021)"},"geometry":{"type":"Polygon","coordinates":[[[-35.358492,-5.808579],[-35.358159,-5.808579],[-35.358194,-5.809936],[-35.358551,-5.809888],[-35.358492,-5.808579]]]}},{"type":"Feature","id":586,"properties":{"area_ha":0.0,"fonte":"ANA (2021)"},"geometry":{"type":"Polygon","coordinates":[[[-35.359337,-5.809245],[-35.359241,-5.808377],[-35.358908,-5.808365],[-35.358968,-5.809364],[-35.359337,-5.809245]]]}},{"type":"Feature","id":587,"properties":{"area_ha":0.0,"fonte":"ANA (2021)"},"geometry":{"type":"Polygon","coordinates":[[[-35.359277,-5.808258],[-35.35923,-5.807432],[-35.35893,-5.807397],[-35.35893,-5.808282],[-35.359277,-5.808258]]]}},{"type":"Feature","id":588,"properties":{"area_ha":0.0,"fonte":"ANA (2021)"},"geometry":{"type":"Polygon","coordinates":[[[-35.369302,-5.817072],[-35.369395,-5.8167],[-35.369287,-5.81655],[-35.368531,-5.81655],[-35.368388,-5.816665],[-35.368402,-5.816779],[-35.368802,-5.816779],[-35.369302,-5.817072]]]}},{"type":"Feature","id":589,"properties":{"area_ha":0.0,"fonte":"ANA (2021)"},"geometry":{"type":"Polygon","coordinates":[[[-35.369038,-5.817721],[-35.368666,-5.8177],[-35.368424,-5.818235],[-35.368495,-5.818378],[-35.369031,-5.818149],[-35.369138,-5.817842],[-35.369038,-5.817721]]]}},{"type":"Feature","id":590,"properties":{"area_ha":0.0,"fonte":"ANA (2021)"},"geometry":{"type":"Polygon","coordinates":[[[-35.368752,-5.817414],[-35.368709,-5.817243],[-35.368381,-5.817014],[-35.367396,-5.818249],[-35.367753,-5.818349],[-35.368338,-5.818185],[-35.368567,-5.81755],[-35.368752,-5.817414]]]}},{"type":"Feature","id":591,"properties":{"area_ha":0.0,"fonte":"ANA (2021)"},"geometry":{"type":"Polygon","coordinates":[[[-35.364336,-5.819922],[-35.364145,-5.820136],[-35.36436,-5.820398],[-35.36455,-5.820231],[-35.364336,-5.819922]]]}},{"type":"Feature","id":592,"properties":{"area_ha":0.0,"fonte":"ANA (2021)"},"geometry":{"type":"Polygon","coordinates":[[[-35.365764,-5.820184],[-35.365549,-5.820041],[-35.365549,-5.82035],[-35.365764,-5.820184]]]}},{"type":"Feature","id":593,"properties":{"area_ha":0.0,"fonte":"ANA (2021)"},"geometry":{"type":"Polygon","coordinates":[[[-35.37778,-5.819327],[-35.377137,-5.819922],[-35.378184,-5.820327],[-35.377994,-5.819684],[-35.37778,-5.819327]]]}},{"type":"Feature","id":594,"properties":{"area_ha":0.0,"fonte":"ANA (2021)"},"geometry":{"type":"Polygon","coordinates":[[[-35.391947,-5.823755],[-35.391804,-5.82387],[-35.39169,-5.824312],[-35.391947,-5.824255],[-35.391976,-5.824355],[-35.392247,-5.824127],[-35.392261,-5.823998],[-35.391947,-5.823755]]]}},{"type":"Feature","id":595,"properties":{"area_ha":0.0,"fonte":"ANA (2021)"},"geometry":{"type":"Polygon","coordinates":[[[-35.379438,-5.794764],[-35.379096,-5.794479],[-35.378734,-5.794536],[-35.378772,-5.795487],[-35.37862,-5.795659],[-35.379077,-5.795678],[-35.37921,-5.795487],[-35.379533,-5.795411],[-35.379438,-5.794764]]]}},{"type":"Feature","id":596,"properties":{"area_ha":0.0,"fonte":"ANA (2021)"},"geometry":{"type":"Polygon","coordinates":[[[-35.373556,-5.79543],[-35.373004,-5.795487],[-35.372928,-5.795659],[-35.373271,-5.795868],[-35.373613,-5.795868],[-35.373556,-5.79543]]]}},{"type":"Feature","id":597,"properties":{"area_ha":0.0,"fonte":"ANA (2021)"},"geometry":{"type":"Polygon","coordinates":[[[-35.384407,-5.797163],[-35.384216,-5.797067],[-35.384026,-5.797239],[-35.38414,-5.797391],[-35.384349,-5.79741],[-35.384407,-5.797163]]]}},{"type":"Feature","id":598,"properties":{"area_ha":0.0,"fonte":"ANA (2021)"},"geometry":{"type":"Polygon","coordinates":[[[-35.387414,-5.790538],[-35.387129,-5.789929],[-35.386957,-5.789967],[-35.387091,-5.790443],[-35.387414,-5.790538]]]}},{"type":"Feature","id":599,"properties":{"area_ha":0.0,"fonte":"ANA (2021)"},"geometry":{"type":"Polygon","coordinates":[[[-35.4522,-5.814811],[-35.45151,-5.814835],[-35.451343,-5.815763],[-35.451034,-5.816286],[-35.450962,-5.817143],[-35.451296,-5.818166],[-35.451581,-5.818428],[-35.451534,-5.817714],[-35.451819,-5.816643],[-35.451748,-5.815929],[-35.452176,-5.815477],[-35.4522,-5.814811]]]}},{"type":"Feature","id":600,"properties":{"area_ha":0.0,"fonte":"ANA (2021)"},"geometry":{"type":"Polygon","coordinates":[[[-35.452247,-5.818452],[-35.452271,-5.818666],[-35.452081,-5.818737],[-35.452128,-5.818975],[-35.452485,-5.819142],[-35.452652,-5.818975],[-35.453128,-5.819546],[-35.453699,-5.819713],[-35.454127,-5.819713],[-35.454103,-5.819356],[-35.454841,-5.819499],[-35.455079,-5.819237],[-35.455055,-5.81869],[-35.454579,-5.818666],[-35.454508,-5.818475],[-35.453604,-5.818547],[-35.453366,-5.818356],[-35.452937,-5.818594],[-35.452247,-5.818452]]]}},{"type":"Feature","id":601,"properties":{"area_ha":0.0,"fonte":"ANA (2021)"},"geometry":{"type":"Polygon","coordinates":[[[-35.452485,-5.813978],[-35.452937,-5.813669],[-35.45308,-5.81305],[-35.453842,-5.811599],[-35.453794,-5.81079],[-35.453604,-5.81029],[-35.453056,-5.810314],[-35.452695,-5.810091],[-35.452818,-5.809743],[-35.453056,-5.809648],[-35.452723,-5.809338],[-35.452081,-5.809386],[-35.451081,-5.809219],[-35.451367,-5.809886],[-35.451629,-5.810028],[-35.451986,-5.810885],[-35.452366,-5.811075],[-35.452295,-5.812336],[-35.451986,-5.812646],[-35.451771,-5.81355],[-35.451938,-5.813859],[-35.452485,-5.813978]]]}},{"type":"Feature","id":602,"properties":{"area_ha":0.0,"fonte":"ANA (2021)"},"geometry":{"type":"Polygon","coordinates":[[[-35.462446,-5.789113],[-35.461037,-5.788409],[-35.460961,-5.788656],[-35.461894,-5.789208],[-35.462712,-5.789436],[-35.463017,-5.789836],[-35.463359,-5.78995],[-35.463588,-5.790198],[-35.463664,-5.79056],[-35.464235,-5.790598],[-35.464768,-5.79134],[-35.464635,-5.791607],[-35.463417,-5.791721],[-35.463436,-5.792063],[-35.463721,-5.792159],[-35.463721,-5.79233],[-35.464654,-5.79212],[-35.464654,-5.792254],[-35.465016,-5.792006],[-35.465491,-5.791911],[-35.465796,-5.79094],[-35.465453,-5.790331],[-35.465301,-5.790407],[-35.46433,-5.790179],[-35.463074,-5.789284],[-35.462446,-5.789113]]]}},{"type":"Feature","id":603,"properties":{"area_ha":0.0,"fonte":"ANA (2021)"},"geometry":{"type":"Polygon","coordinates":[[[-35.477408,-5.794824],[-35.477446,-5.794233],[-35.476951,-5.794252],[-35.476913,-5.794824],[-35.477408,-5.794824]]]}},{"type":"Feature","id":604,"properties":{"area_ha":0.0,"fonte":"ANA (2021)"},"geometry":{"type":"Polygon","coordinates":[[[-35.480073,-5.793948],[-35.48072,-5.793053],[-35.480625,-5.792444],[-35.480358,-5.793186],[-35.479692,-5.793739],[-35.479844,-5.793967],[-35.480073,-5.793948]]]}},{"type":"Feature","id":605,"properties":{"area_ha":0.0,"fonte":"ANA (2021)"},"geometry":{"type":"Polygon","coordinates":[[[-35.480473,-5.786105],[-35.480054,-5.78561],[-35.479901,-5.78523],[-35.479616,-5.784963],[-35.479445,-5.785058],[-35.479673,-5.785344],[-35.479616,-5.785572],[-35.479921,-5.786257],[-35.480473,-5.786105]]]}},{"type":"Feature","id":606,"properties":{"area_ha":0.0,"fonte":"ANA (2021)"},"geometry":{"type":"Polygon","coordinates":[[[-35.490942,-5.790978],[-35.491171,-5.79056],[-35.491494,-5.790236],[-35.491133,-5.790217],[-35.490904,-5.790369],[-35.490542,-5.790921],[-35.490942,-5.790978]]]}},{"type":"Feature","id":607,"properties":{"area_ha":0.0,"fonte":"ANA (2021)"},"geometry":{"type":"Polygon","coordinates":[[[-35.491799,-5.786581],[-35.491247,-5.785572],[-35.490942,-5.785401],[-35.491247,-5.786581],[-35.491399,-5.786752],[-35.491799,-5.786581]]]}},{"type":"Feature","id":608,"properties":{"area_ha":0.0,"fonte":"ANA (2021)"},"geometry":{"type":"Polygon","coordinates":[[[-35.497243,-5.78759],[-35.496957,-5.786962],[-35.4973,-5.786467],[-35.497357,-5.785839],[-35.497243,-5.785972],[-35.497243,-5.786334],[-35.496824,-5.7866],[-35.496767,-5.786962],[-35.496862,-5.787609],[-35.497243,-5.78759]]]}},{"type":"Feature","id":609,"properties":{"area_ha":0.0,"fonte":"ANA (2021)"},"geometry":{"type":"Polygon","coordinates":[[[-35.501754,-5.788237],[-35.501583,-5.78858],[-35.502249,-5.788808],[-35.502383,-5.789094],[-35.502516,-5.788846],[-35.502421,-5.788447],[-35.501754,-5.788237]]]}},{"type":"Feature","id":610,"properties":{"area_ha":0.0,"fonte":"ANA (2021)"},"geometry":{"type":"Polygon","coordinates":[[[-35.497947,-5.783212],[-35.498252,-5.781917],[-35.498176,-5.78167],[-35.497985,-5.781689],[-35.497719,-5.782717],[-35.497548,-5.782907],[-35.497947,-5.783212]]]}},{"type":"Feature","id":611,"properties":{"area_ha":0.0,"fonte":"ANA (2021)"},"geometry":{"type":"Polygon","coordinates":[[[-35.495815,-5.782146],[-35.495397,-5.78186],[-35.495282,-5.781974],[-35.495492,-5.782051],[-35.495358,-5.782241],[-35.495587,-5.782184],[-35.495606,-5.782412],[-35.495815,-5.782146]]]}},{"type":"Feature","id":612,"properties":{"area_ha":0.0,"fonte":"ANA (2021)"},"geometry":{"type":"Polygon","coordinates":[[[-35.508341,-5.780223],[-35.508436,-5.779576],[-35.50737,-5.779538],[-35.507389,-5.779671],[-35.507713,-5.779728],[-35.508341,-5.780223]]]}},{"type":"Feature","id":613,"properties":{"area_ha":0.0,"fonte":"ANA (2021)"},"geometry":{"type":"Polygon","coordinates":[[[-35.509635,-5.782488],[-35.509578,-5.78207],[-35.50935,-5.781803],[-35.50935,-5.781613],[-35.509159,-5.781822],[-35.50935,-5.782222],[-35.509235,-5.782507],[-35.509635,-5.782488]]]}},{"type":"Feature","id":614,"properties":{"area_ha":0.0,"fonte":"ANA (2021)"},"geometry":{"type":"Polygon","coordinates":[[[-35.50796,-5.77554],[-35.507427,-5.775578],[-35.507123,-5.775521],[-35.50678,-5.775217],[-35.505733,-5.775141],[-35.506018,-5.775388],[-35.50657,-5.775426],[-35.506951,-5.775845],[-35.507808,-5.776073],[-35.50796,-5.77554]]]}},{"type":"Feature","id":615,"properties":{"area_ha":0.0,"fonte":"ANA (2021)"},"geometry":{"type":"Polygon","coordinates":[[[-35.511291,-5.775483],[-35.510587,-5.775521],[-35.510606,-5.775731],[-35.511253,-5.775807],[-35.511291,-5.775483]]]}},{"type":"Feature","id":616,"properties":{"area_ha":0.0,"fonte":"ANA (2021)"},"geometry":{"type":"Polygon","coordinates":[[[-35.506837,-5.769735],[-35.506171,-5.769715],[-35.506133,-5.769811],[-35.506685,-5.770248],[-35.50678,-5.770229],[-35.506837,-5.769735]]]}},{"type":"Feature","id":617,"properties":{"area_ha":0.0,"fonte":"ANA (2021)"},"geometry":{"type":"Polygon","coordinates":[[[-35.509616,-5.769144],[-35.509654,-5.768897],[-35.509407,-5.768516],[-35.509102,-5.768383],[-35.509083,-5.769125],[-35.509616,-5.769144]]]}},{"type":"Feature","id":618,"properties":{"area_ha":0.0,"fonte":"ANA (2021)"},"geometry":{"type":"Polygon","coordinates":[[[-35.503582,-5.76766],[-35.503201,-5.767222],[-35.502706,-5.767507],[-35.501126,-5.767184],[-35.501126,-5.767317],[-35.501393,-5.767298],[-35.502268,-5.767717],[-35.502345,-5.767926],[-35.50223,-5.768212],[-35.50303,-5.76785],[-35.503353,-5.768136],[-35.503582,-5.76766]]]}},{"type":"Feature","id":619,"properties":{"area_ha":0.0,"fonte":"ANA (2021)"},"geometry":{"type":"Polygon","coordinates":[[[-35.507313,-5.764488],[-35.50718,-5.764012],[-35.50657,-5.764317],[-35.505485,-5.764355],[-35.50501,-5.764602],[-35.504724,-5.764602],[-35.504991,-5.764983],[-35.505352,-5.764983],[-35.505428,-5.764793],[-35.506666,-5.764812],[-35.506913,-5.764564],[-35.507313,-5.764488]]]}},{"type":"Feature","id":620,"properties":{"area_ha":0.0,"fonte":"ANA (2021)"},"geometry":{"type":"Polygon","coordinates":[[[-35.503734,-5.76386],[-35.503277,-5.763651],[-35.503182,-5.763327],[-35.502744,-5.762984],[-35.503106,-5.763955],[-35.503506,-5.764203],[-35.503734,-5.76386]]]}},{"type":"Feature","id":621,"properties":{"area_ha":0.0,"fonte":"ANA (2021)"},"geometry":{"type":"Polygon","coordinates":[[[-35.501107,-5.762566],[-35.501393,-5.762223],[-35.501336,-5.761976],[-35.501164,-5.761957],[-35.500993,-5.761652],[-35.49947,-5.761176],[-35.498614,-5.761214],[-35.498595,-5.761366],[-35.499223,-5.761347],[-35.499375,-5.7615],[-35.499261,-5.761633],[-35.499356,-5.761671],[-35.499737,-5.761576],[-35.500403,-5.76188],[-35.500517,-5.762547],[-35.500746,-5.762375],[-35.501107,-5.762566]]]}},{"type":"Feature","id":622,"properties":{"area_ha":0.0,"fonte":"ANA (2021)"},"geometry":{"type":"Polygon","coordinates":[[[-35.502154,-5.757712],[-35.501031,-5.757483],[-35.499965,-5.757064],[-35.501164,-5.75794],[-35.501583,-5.758073],[-35.501983,-5.758073],[-35.502154,-5.757712]]]}},{"type":"Feature","id":623,"properties":{"area_ha":0.0,"fonte":"ANA (2021)"},"geometry":{"type":"Polygon","coordinates":[[[-35.507237,-5.758759],[-35.507541,-5.75834],[-35.507294,-5.757807],[-35.507389,-5.757369],[-35.507046,-5.757464],[-35.50678,-5.757045],[-35.506323,-5.756684],[-35.506647,-5.75577],[-35.506361,-5.755542],[-35.506418,-5.755884],[-35.505999,-5.756341],[-35.505961,-5.756588],[-35.506628,-5.757826],[-35.506818,-5.758663],[-35.507237,-5.758759]]]}},{"type":"Feature","id":624,"properties":{"area_ha":0.0,"fonte":"ANA (2021)"},"geometry":{"type":"Polygon","coordinates":[[[-35.511063,-5.760662],[-35.511234,-5.759653],[-35.511272,-5.759101],[-35.511044,-5.75912],[-35.510568,-5.760548],[-35.510796,-5.760719],[-35.511063,-5.760662]]]}},{"type":"Feature","id":625,"properties":{"area_ha":0.0,"fonte":"ANA (2021)"},"geometry":{"type":"Polygon","coordinates":[[[-35.516507,-5.763898],[-35.516488,-5.763403],[-35.517154,-5.762242],[-35.516317,-5.762737],[-35.516107,-5.762566],[-35.516012,-5.762242],[-35.515346,-5.761766],[-35.515803,-5.762623],[-35.51605,-5.763879],[-35.516107,-5.763974],[-35.516507,-5.763898]]]}},{"type":"Feature","id":626,"properties":{"area_ha":0.0,"fonte":"ANA (2021)"},"geometry":{"type":"Polygon","coordinates":[[[-35.521875,-5.766849],[-35.521571,-5.76702],[-35.521266,-5.76683],[-35.521114,-5.767705],[-35.521475,-5.767877],[-35.521666,-5.767839],[-35.521894,-5.767534],[-35.52197,-5.767134],[-35.521875,-5.766849]]]}},{"type":"Feature","id":627,"properties":{"area_ha":0.0,"fonte":"ANA (2021)"},"geometry":{"type":"Polygon","coordinates":[[[-35.519572,-5.770123],[-35.518639,-5.769133],[-35.518373,-5.768943],[-35.518201,-5.769019],[-35.518696,-5.76978],[-35.519096,-5.770047],[-35.519229,-5.770408],[-35.519134,-5.770732],[-35.519572,-5.770123]]]}},{"type":"Feature","id":628,"properties":{"area_ha":0.0,"fonte":"ANA (2021)"},"geometry":{"type":"Polygon","coordinates":[[[-35.51093,-5.765364],[-35.510663,-5.765269],[-35.510263,-5.764526],[-35.510035,-5.763536],[-35.509826,-5.763536],[-35.510244,-5.76563],[-35.510834,-5.765726],[-35.51093,-5.765364]]]}},{"type":"Feature","id":629,"properties":{"area_ha":0.0,"fonte":"ANA (2021)"},"geometry":{"type":"Polygon","coordinates":[[[-35.520809,-5.765745],[-35.520486,-5.765116],[-35.520086,-5.765116],[-35.520371,-5.765916],[-35.520809,-5.765745]]]}},{"type":"Feature","id":630,"properties":{"area_ha":0.0,"fonte":"ANA (2021)"},"geometry":{"type":"Polygon","coordinates":[[[-35.519876,-5.763632],[-35.5198,-5.763194],[-35.519477,-5.763422],[-35.519876,-5.763632]]]}},{"type":"Feature","id":631,"properties":{"area_ha":0.0,"fonte":"ANA (2021)"},"geometry":{"type":"Polygon","coordinates":[[[-35.519876,-5.764317],[-35.519705,-5.764698],[-35.5198,-5.764755],[-35.520029,-5.764679],[-35.519876,-5.764317]]]}},{"type":"Feature","id":632,"properties":{"area_ha":0.0,"fonte":"ANA (2021)"},"geometry":{"type":"Polygon","coordinates":[[[-35.519705,-5.760491],[-35.519362,-5.759748],[-35.519191,-5.7603],[-35.519705,-5.760491]]]}},{"type":"Feature","id":633,"properties":{"area_ha":0.0,"fonte":"ANA (2021)"},"geometry":{"type":"Polygon","coordinates":[[[-35.520657,-5.773911],[-35.520162,-5.774177],[-35.520181,-5.774539],[-35.52039,-5.774349],[-35.520657,-5.773911]]]}},{"type":"Feature","id":634,"properties":{"area_ha":0.0,"fonte":"ANA (2021)"},"geometry":{"type":"Polygon","coordinates":[[[-35.503666,-5.754865],[-35.502714,-5.753764],[-35.502595,-5.753437],[-35.502416,-5.753734],[-35.502684,-5.754597],[-35.502981,-5.754716],[-35.503071,-5.754954],[-35.503666,-5.754865]]]}},{"type":"Feature","id":635,"properties":{"area_ha":0.0,"fonte":"ANA (2021)"},"geometry":{"type":"Polygon","coordinates":[[[-35.512499,-5.757274],[-35.512559,-5.756857],[-35.512083,-5.756887],[-35.512053,-5.757185],[-35.512499,-5.757274]]]}},{"type":"Feature","id":636,"properties":{"area_ha":0.0,"fonte":"ANA (2021)"},"geometry":{"type":"Polygon","coordinates":[[[-35.513124,-5.75659],[-35.513094,-5.756203],[-35.513451,-5.755638],[-35.512737,-5.755935],[-35.513124,-5.75659]]]}},{"type":"Feature","id":637,"properties":{"area_ha":0.0,"fonte":"ANA (2021)"},"geometry":{"type":"Polygon","coordinates":[[[-35.51473,-5.755935],[-35.515265,-5.755578],[-35.514611,-5.754954],[-35.51473,-5.755935]]]}},{"type":"Feature","id":638,"properties":{"area_ha":0.0,"fonte":"ANA (2021)"},"geometry":{"type":"Polygon","coordinates":[[[-35.512351,-5.747518],[-35.51244,-5.74731],[-35.512142,-5.746685],[-35.51241,-5.746596],[-35.512737,-5.745614],[-35.511607,-5.746507],[-35.511399,-5.746834],[-35.511756,-5.74728],[-35.512351,-5.747518]]]}},{"type":"Feature","id":639,"properties":{"area_ha":0.0,"fonte":"ANA (2021)"},"geometry":{"type":"Polygon","coordinates":[[[-35.50896,-5.745228],[-35.509138,-5.744187],[-35.508722,-5.7438],[-35.508008,-5.745168],[-35.50896,-5.745228]]]}},{"type":"Feature","id":640,"properties":{"area_ha":0.0,"fonte":"ANA (2021)"},"geometry":{"type":"Polygon","coordinates":[[[-35.508662,-5.745971],[-35.507919,-5.745823],[-35.508127,-5.746655],[-35.508781,-5.746447],[-35.508662,-5.745971]]]}},{"type":"Feature","id":641,"properties":{"area_ha":0.0,"fonte":"ANA (2021)"},"geometry":{"type":"Polygon","coordinates":[[[-35.501851,-5.745376],[-35.501762,-5.744365],[-35.501851,-5.743562],[-35.501137,-5.743979],[-35.501286,-5.744782],[-35.501048,-5.745495],[-35.501851,-5.745376]]]}},{"type":"Feature","id":642,"properties":{"area_ha":0.0,"fonte":"ANA (2021)"},"geometry":{"type":"Polygon","coordinates":[[[-35.503398,-5.745644],[-35.503695,-5.745049],[-35.5031,-5.745347],[-35.503398,-5.745644]]]}},{"type":"Feature","id":643,"properties":{"area_ha":0.0,"fonte":"ANA (2021)"},"geometry":{"type":"Polygon","coordinates":[[[-35.529373,-5.760741],[-35.52905,-5.760817],[-35.527736,-5.760703],[-35.527793,-5.760912],[-35.528079,-5.76114],[-35.529069,-5.761274],[-35.529373,-5.760741]]]}},{"type":"Feature","id":644,"properties":{"area_ha":0.0,"fonte":"ANA (2021)"},"geometry":{"type":"Polygon","coordinates":[[[-35.526899,-5.760189],[-35.526232,-5.759732],[-35.525414,-5.758837],[-35.524919,-5.758742],[-35.525395,-5.759751],[-35.525699,-5.75977],[-35.526156,-5.760265],[-35.526194,-5.760474],[-35.525585,-5.761045],[-35.52648,-5.760741],[-35.526899,-5.760189]]]}},{"type":"Feature","id":645,"properties":{"area_ha":0.0,"fonte":"ANA (2021)"},"geometry":{"type":"Polygon","coordinates":[[[-35.524405,-5.757923],[-35.524291,-5.757657],[-35.522844,-5.756857],[-35.522711,-5.75701],[-35.523453,-5.757714],[-35.523739,-5.757771],[-35.52391,-5.758171],[-35.524405,-5.757923]]]}},{"type":"Feature","id":646,"properties":{"area_ha":0.0,"fonte":"ANA (2021)"},"geometry":{"type":"Polygon","coordinates":[[[-35.522673,-5.756515],[-35.522654,-5.756305],[-35.522083,-5.756115],[-35.521778,-5.755658],[-35.521645,-5.755715],[-35.522216,-5.756686],[-35.522673,-5.756515]]]}},{"type":"Feature","id":647,"properties":{"area_ha":0.0,"fonte":"ANA (2021)"},"geometry":{"type":"Polygon","coordinates":[[[-35.54187,-5.811452],[-35.54187,-5.812879],[-35.543417,-5.811392],[-35.54187,-5.811452]]]}},{"type":"Feature","id":648,"properties":{"area_ha":0.0,"fonte":"ANA (2021)"},"geometry":{"type":"Polygon","coordinates":[[[-35.529794,-5.817162],[-35.529021,-5.817579],[-35.527653,-5.816984],[-35.527772,-5.817757],[-35.528367,-5.818293],[-35.5292,-5.818114],[-35.530211,-5.817281],[-35.529794,-5.817162]]]}},{"type":"Feature","id":649,"properties":{"area_ha":0.0,"fonte":"ANA (2021)"},"geometry":{"type":"Polygon","coordinates":[[[-35.517362,-5.819899],[-35.518432,-5.819661],[-35.518611,-5.819185],[-35.519206,-5.818828],[-35.518968,-5.818412],[-35.518016,-5.818769],[-35.517302,-5.818471],[-35.517362,-5.819899]]]}},{"type":"Feature","id":650,"properties":{"area_ha":0.0,"fonte":"ANA (2021)"},"geometry":{"type":"Polygon","coordinates":[[[-35.512722,-5.819423],[-35.512722,-5.818352],[-35.512246,-5.817995],[-35.512424,-5.818769],[-35.512067,-5.819423],[-35.512722,-5.819423]]]}},{"type":"Feature","id":651,"properties":{"area_ha":0.0,"fonte":"ANA (2021)"},"geometry":{"type":"Polygon","coordinates":[[[-35.507487,-5.828405],[-35.506714,-5.828524],[-35.506773,-5.828762],[-35.507606,-5.829774],[-35.507844,-5.829417],[-35.508201,-5.829417],[-35.508082,-5.829179],[-35.507606,-5.828881],[-35.507487,-5.828405]]]}},{"type":"Feature","id":652,"properties":{"area_ha":0.0,"fonte":"ANA (2021)"},"geometry":{"type":"Polygon","coordinates":[[[-35.500479,-5.829131],[-35.499052,-5.828941],[-35.498814,-5.829226],[-35.497814,-5.829607],[-35.498243,-5.830321],[-35.498576,-5.830416],[-35.499432,-5.83013],[-35.499813,-5.830559],[-35.500622,-5.830939],[-35.501146,-5.831463],[-35.501526,-5.831035],[-35.501146,-5.830749],[-35.50086,-5.830226],[-35.501003,-5.829988],[-35.500479,-5.829131]]]}},{"type":"Feature","id":653,"properties":{"area_ha":0.0,"fonte":"ANA (2021)"},"geometry":{"type":"Polygon","coordinates":[[[-35.507618,-5.841409],[-35.507856,-5.841742],[-35.508332,-5.841695],[-35.508808,-5.841314],[-35.508522,-5.841124],[-35.508094,-5.841362],[-35.507618,-5.841409]]]}},{"type":"Feature","id":654,"properties":{"area_ha":0.0,"fonte":"ANA (2021)"},"geometry":{"type":"Polygon","coordinates":[[[-35.504715,-5.840862],[-35.504358,-5.840862],[-35.504322,-5.84104],[-35.504394,-5.841326],[-35.504822,-5.84154],[-35.504679,-5.841861],[-35.505357,-5.841861],[-35.504715,-5.840862]]]}},{"type":"Feature","id":655,"properties":{"area_ha":0.0,"fonte":"ANA (2021)"},"geometry":{"type":"Polygon","coordinates":[[[-35.605664,-5.883716],[-35.605235,-5.884335],[-35.604634,-5.884346],[-35.604651,-5.884791],[-35.605711,-5.88481],[-35.606139,-5.884239],[-35.606092,-5.883764],[-35.605664,-5.883716]]]}},{"type":"Feature","id":656,"properties":{"area_ha":0.0,"fonte":"ANA (2021)"},"geometry":{"type":"Polygon","coordinates":[[[-35.60633,-5.869392],[-35.60652,-5.868963],[-35.606901,-5.868583],[-35.60671,-5.868345],[-35.606235,-5.868773],[-35.605901,-5.868821],[-35.605806,-5.869392],[-35.60633,-5.869392]]]}},{"type":"Feature","id":657,"properties":{"area_ha":0.0,"fonte":"ANA (2021)"},"geometry":{"type":"Polygon","coordinates":[[[-35.611422,-5.871533],[-35.611089,-5.871914],[-35.611089,-5.872247],[-35.611755,-5.872485],[-35.611469,-5.872057],[-35.611422,-5.871533]]]}},{"type":"Feature","id":658,"properties":{"area_ha":0.0,"fonte":"ANA (2021)"},"geometry":{"type":"Polygon","coordinates":[[[-35.604474,-5.89547],[-35.603808,-5.895328],[-35.603617,-5.897041],[-35.604188,-5.89666],[-35.604236,-5.895899],[-35.604474,-5.89547]]]}},{"type":"Feature","id":659,"properties":{"area_ha":0.0,"fonte":"ANA (2021)"},"geometry":{"type":"Polygon","coordinates":[[[-35.619512,-5.875388],[-35.619655,-5.874531],[-35.619274,-5.874436],[-35.619084,-5.875197],[-35.619512,-5.875388]]]}},{"type":"Feature","id":660,"properties":{"area_ha":0.0,"fonte":"ANA (2021)"},"geometry":{"type":"Polygon","coordinates":[[[-35.626032,-5.869106],[-35.62665,-5.868297],[-35.625651,-5.868535],[-35.626032,-5.869106]]]}},{"type":"Feature","id":661,"properties":{"area_ha":0.0,"fonte":"ANA (2021)"},"geometry":{"type":"Polygon","coordinates":[[[-35.616942,-5.883764],[-35.616657,-5.883573],[-35.616466,-5.884239],[-35.616942,-5.883764]]]}},{"type":"Feature","id":662,"properties":{"area_ha":0.0,"fonte":"ANA (2021)"},"geometry":{"type":"Polygon","coordinates":[[[-35.609899,-5.886619],[-35.609423,-5.886286],[-35.608995,-5.887142],[-35.609328,-5.887475],[-35.609899,-5.886619]]]}},{"type":"Feature","id":663,"properties":{"area_ha":0.0,"fonte":"ANA (2021)"},"geometry":{"type":"Polygon","coordinates":[[[-35.674595,-5.906579],[-35.674238,-5.906936],[-35.674298,-5.907263],[-35.674714,-5.906817],[-35.674595,-5.906579]]]}},{"type":"Feature","id":664,"properties":{"area_ha":0.0,"fonte":"ANA (2021)"},"geometry":{"type":"Polygon","coordinates":[[[-35.681912,-5.904229],[-35.681377,-5.904437],[-35.681704,-5.904646],[-35.681912,-5.904229]]]}},{"type":"Feature","id":665,"properties":{"area_ha":0.0,"fonte":"ANA (2021)"},"geometry":{"type":"Polygon","coordinates":[[[-35.67748,-5.910832],[-35.677213,-5.910446],[-35.677242,-5.910951],[-35.67748,-5.910832]]]}},{"type":"Feature","id":666,"properties":{"area_ha":0.0,"fonte":"ANA (2021)"},"geometry":{"type":"Polygon","coordinates":[[[-35.677837,-5.915472],[-35.67748,-5.91568],[-35.677748,-5.916365],[-35.677837,-5.915472]]]}},{"type":"Feature","id":667,"properties":{"area_ha":0.0,"fonte":"ANA (2021)"},"geometry":{"type":"Polygon","coordinates":[[[-35.696605,-5.927013],[-35.696933,-5.926804],[-35.696962,-5.926507],[-35.696576,-5.926596],[-35.696427,-5.926804],[-35.696605,-5.927013]]]}},{"type":"Feature","id":668,"properties":{"area_ha":0.0,"fonte":"ANA (2021)"},"geometry":{"type":"Polygon","coordinates":[[[-35.715403,-5.886552],[-35.715141,-5.88679],[-35.715379,-5.8871],[-35.715498,-5.886862],[-35.715403,-5.886552]]]}},{"type":"Feature","id":669,"properties":{"area_ha":0.0,"fonte":"ANA (2021)"},"geometry":{"type":"Polygon","coordinates":[[[-35.7204,-5.879414],[-35.720162,-5.87939],[-35.720138,-5.879723],[-35.720281,-5.879723],[-35.7204,-5.879414]]]}},{"type":"Feature","id":670,"properties":{"area_ha":0.0,"fonte":"ANA (2021)"},"geometry":{"type":"Polygon","coordinates":[[[-35.724969,-5.892905],[-35.724992,-5.893286],[-35.725468,-5.893048],[-35.725421,-5.892858],[-35.724969,-5.892905]]]}},{"type":"Feature","id":671,"properties":{"area_ha":0.0,"fonte":"ANA (2021)"},"geometry":{"type":"Polygon","coordinates":[[[-36.145554,-6.002397],[-36.144926,-6.002854],[-36.145268,-6.003425],[-36.145097,-6.003767],[-36.145611,-6.004396],[-36.145839,-6.00588],[-36.14641,-6.006623],[-36.146125,-6.005652],[-36.146239,-6.004852],[-36.145782,-6.003596],[-36.145782,-6.003253],[-36.146639,-6.003653],[-36.146639,-6.00331],[-36.147039,-6.003025],[-36.14641,-6.002682],[-36.145782,-6.002739],[-36.145554,-6.002397]]]}},{"type":"Feature","id":672,"properties":{"area_ha":0.0,"fonte":"ANA (2021)"},"geometry":{"type":"Polygon","coordinates":[[[-36.150522,-6.003539],[-36.149894,-6.003767],[-36.151379,-6.005309],[-36.150522,-6.003539]]]}},{"type":"Feature","id":673,"properties":{"area_ha":0.0,"fonte":"ANA (2021)"},"geometry":{"type":"Polygon","coordinates":[[[-36.202325,-5.962396],[-36.201112,-5.961575],[-36.200755,-5.96186],[-36.201397,-5.963395],[-36.202325,-5.962396]]]}},{"type":"Feature","id":674,"properties":{"area_ha":0.0,"fonte":"ANA (2021)"},"geometry":{"type":"Polygon","coordinates":[[[-36.212581,-5.976316],[-36.212319,-5.976054],[-36.212057,-5.976078],[-36.211629,-5.975863],[-36.211248,-5.975316],[-36.210915,-5.975388],[-36.210963,-5.975602],[-36.211177,-5.975625],[-36.212176,-5.976601],[-36.212248,-5.976815],[-36.212581,-5.976316]]]}},{"type":"Feature","id":675,"properties":{"area_ha":0.0,"fonte":"ANA (2021)"},"geometry":{"type":"Polygon","coordinates":[[[-36.207846,-5.986138],[-36.20746,-5.985624],[-36.207432,-5.985338],[-36.207318,-5.98531],[-36.207203,-5.98541],[-36.207218,-5.985838],[-36.206961,-5.986009],[-36.206989,-5.986138],[-36.207846,-5.986138]]]}},{"type":"Feature","id":676,"properties":{"area_ha":0.0,"fonte":"ANA (2021)"},"geometry":{"type":"Polygon","coordinates":[[[-36.188225,-5.979559],[-36.188096,-5.979473],[-36.187839,-5.979602],[-36.187868,-5.98013],[-36.188125,-5.980173],[-36.188296,-5.979958],[-36.188225,-5.979559]]]}}]}