{"type":"FeatureCollection","features":[{"type":"Feature","id":1,"properties":{"area_atuacao":"Açude do Bêbado — Escola Agrícola de Jundiaí, Macaíba","acao":"Linhas de nucleação","fonte_dado":"Nucleação","elemento":1},"geometry":{"type":"MultiLineString","coordinates":[[[-35.35586,-5.886669],[-35.355862,-5.886667],[-35.355863,-5.886669],[-35.355862,-5.886671],[-35.35586,-5.886669]],[[-35.355842,-5.886669],[-35.355844,-5.886667],[-35.355845,-5.886669],[-35.355844,-5.886671],[-35.355842,-5.886669]],[[-35.355842,-5.886687],[-35.355844,-5.886686],[-35.355845,-5.886687],[-35.355844,-5.886689],[-35.355842,-5.886687]],[[-35.35586,-5.886687],[-35.355862,-5.886685],[-35.355863,-5.886687],[-35.355862,-5.886689],[-35.35586,-5.886687]],[[-35.355851,-5.886678],[-35.355853,-5.886676],[-35.355854,-5.886678],[-35.355853,-5.88668],[-35.355851,-5.886678]],[[-35.355863,-5.886669],[-35.355863,-5.886687]],[[-35.355862,-5.886689],[-35.355844,-5.886689]],[[-35.355842,-5.886687],[-35.355842,-5.886669]],[[-35.355844,-5.886667],[-35.355862,-5.886667]]]}},{"type":"Feature","id":2,"properties":{"area_atuacao":"Açude do Bêbado — Escola Agrícola de Jundiaí, Macaíba","acao":"Linhas de nucleação","fonte_dado":"Nucleação","elemento":2},"geometry":{"type":"MultiLineString","coordinates":[[[-35.35586,-5.886669],[-35.355862,-5.886667],[-35.355863,-5.886669],[-35.355862,-5.886671],[-35.35586,-5.886669]],[[-35.355842,-5.886669],[-35.355844,-5.886667],[-35.355845,-5.886669],[-35.355844,-5.886671],[-35.355842,-5.886669]],[[-35.355842,-5.886687],[-35.355844,-5.886686],[-35.355845,-5.886687],[-35.355844,-5.886689],[-35.355842,-5.886687]],[[-35.35586,-5.886687],[-35.355862,-5.886685],[-35.355863,-5.886687],[-35.355862,-5.886689],[-35.35586,-5.886687]],[[-35.355851,-5.886678],[-35.355853,-5.886676],[-35.355854,-5.886678],[-35.355853,-5.88668],[-35.355851,-5.886678]],[[-35.355863,-5.886669],[-35.355863,-5.886687]],[[-35.355862,-5.886689],[-35.355844,-5.886689]],[[-35.355842,-5.886687],[-35.355842,-5.886669]],[[-35.355844,-5.886667],[-35.355862,-5.886667]]]}},{"type":"Feature","id":3,"properties":{"area_atuacao":"Açude do Bêbado — Escola Agrícola de Jundiaí, Macaíba","acao":"Linhas de nucleação","fonte_dado":"Nucleação","elemento":3},"geometry":{"type":"MultiLineString","coordinates":[[[-35.355888,-5.886715],[-35.35589,-5.886714],[-35.355892,-5.886715],[-35.35589,-5.886717],[-35.355888,-5.886715]],[[-35.35587,-5.886715],[-35.355872,-5.886714],[-35.355874,-5.886715],[-35.355872,-5.886717],[-35.35587,-5.886715]],[[-35.35587,-5.886733],[-35.355872,-5.886732],[-35.355874,-5.886733],[-35.355872,-5.886735],[-35.35587,-5.886733]],[[-35.355888,-5.886733],[-35.35589,-5.886732],[-35.355892,-5.886733],[-35.35589,-5.886735],[-35.355888,-5.886733]],[[-35.355879,-5.886724],[-35.355881,-5.886723],[-35.355883,-5.886724],[-35.355881,-5.886726],[-35.355879,-5.886724]],[[-35.355892,-5.886715],[-35.355892,-5.886733]],[[-35.35589,-5.886735],[-35.355872,-5.886735]],[[-35.35587,-5.886733],[-35.35587,-5.886715]],[[-35.355872,-5.886714],[-35.35589,-5.886714]]]}},{"type":"Feature","id":4,"properties":{"area_atuacao":"Açude do Bêbado — Escola Agrícola de Jundiaí, Macaíba","acao":"Linhas de nucleação","fonte_dado":"Nucleação","elemento":4},"geometry":{"type":"MultiLineString","coordinates":[[[-35.355911,-5.886786],[-35.355912,-5.886784],[-35.355914,-5.886786],[-35.355912,-5.886788],[-35.355911,-5.886786]],[[-35.355893,-5.886786],[-35.355894,-5.886784],[-35.355896,-5.886786],[-35.355894,-5.886788],[-35.355893,-5.886786]],[[-35.355893,-5.886804],[-35.355894,-5.886802],[-35.355896,-5.886804],[-35.355895,-5.886806],[-35.355893,-5.886804]],[[-35.355911,-5.886804],[-35.355913,-5.886802],[-35.355914,-5.886804],[-35.355913,-5.886806],[-35.355911,-5.886804]],[[-35.355902,-5.886795],[-35.355903,-5.886793],[-35.355905,-5.886795],[-35.355903,-5.886797],[-35.355902,-5.886795]],[[-35.355914,-5.886786],[-35.355914,-5.886804]],[[-35.355913,-5.886806],[-35.355895,-5.886806]],[[-35.355893,-5.886804],[-35.355893,-5.886786]],[[-35.355894,-5.886784],[-35.355912,-5.886784]]]}},{"type":"Feature","id":5,"properties":{"area_atuacao":"Açude do Bêbado — Escola Agrícola de Jundiaí, Macaíba","acao":"Linhas de nucleação","fonte_dado":"Nucleação","elemento":5},"geometry":{"type":"MultiLineString","coordinates":[[[-35.355911,-5.886786],[-35.355912,-5.886784],[-35.355914,-5.886786],[-35.355912,-5.886788],[-35.355911,-5.886786]],[[-35.355893,-5.886786],[-35.355894,-5.886784],[-35.355896,-5.886786],[-35.355894,-5.886788],[-35.355893,-5.886786]],[[-35.355893,-5.886804],[-35.355894,-5.886802],[-35.355896,-5.886804],[-35.355895,-5.886806],[-35.355893,-5.886804]],[[-35.355911,-5.886804],[-35.355913,-5.886802],[-35.355914,-5.886804],[-35.355913,-5.886806],[-35.355911,-5.886804]],[[-35.355902,-5.886795],[-35.355903,-5.886793],[-35.355905,-5.886795],[-35.355903,-5.886797],[-35.355902,-5.886795]],[[-35.355914,-5.886786],[-35.355914,-5.886804]],[[-35.355913,-5.886806],[-35.355895,-5.886806]],[[-35.355893,-5.886804],[-35.355893,-5.886786]],[[-35.355894,-5.886784],[-35.355912,-5.886784]]]}},{"type":"Feature","id":6,"properties":{"area_atuacao":"Açude do Bêbado — Escola Agrícola de Jundiaí, Macaíba","acao":"Linhas de nucleação","fonte_dado":"Nucleação","elemento":6},"geometry":{"type":"MultiLineString","coordinates":[[[-35.355911,-5.886786],[-35.355912,-5.886784],[-35.355914,-5.886786],[-35.355912,-5.886788],[-35.355911,-5.886786]],[[-35.355893,-5.886786],[-35.355894,-5.886784],[-35.355896,-5.886786],[-35.355894,-5.886788],[-35.355893,-5.886786]],[[-35.355893,-5.886804],[-35.355894,-5.886802],[-35.355896,-5.886804],[-35.355895,-5.886806],[-35.355893,-5.886804]],[[-35.355911,-5.886804],[-35.355913,-5.886802],[-35.355914,-5.886804],[-35.355913,-5.886806],[-35.355911,-5.886804]],[[-35.355902,-5.886795],[-35.355903,-5.886793],[-35.355905,-5.886795],[-35.355903,-5.886797],[-35.355902,-5.886795]],[[-35.355914,-5.886786],[-35.355914,-5.886804]],[[-35.355913,-5.886806],[-35.355895,-5.886806]],[[-35.355893,-5.886804],[-35.355893,-5.886786]],[[-35.355894,-5.886784],[-35.355912,-5.886784]]]}},{"type":"Feature","id":7,"properties":{"area_atuacao":"Açude do Bêbado — Escola Agrícola de Jundiaí, Macaíba","acao":"Linhas de nucleação","fonte_dado":"Nucleação","elemento":7},"geometry":{"type":"MultiLineString","coordinates":[[[-35.355857,-5.886793],[-35.355859,-5.886791],[-35.355861,-5.886793],[-35.355859,-5.886795],[-35.355857,-5.886793]],[[-35.355839,-5.886793],[-35.355841,-5.886792],[-35.355843,-5.886793],[-35.355841,-5.886795],[-35.355839,-5.886793]],[[-35.355839,-5.886811],[-35.355841,-5.88681],[-35.355843,-5.886811],[-35.355842,-5.886813],[-35.355841,-5.886813],[-35.355841,-5.886813],[-35.355841,-5.886813],[-35.355841,-5.886813],[-35.35584,-5.886813],[-35.35584,-5.886813],[-35.355839,-5.886811]],[[-35.355857,-5.886811],[-35.355859,-5.88681],[-35.355861,-5.886811],[-35.355859,-5.886813],[-35.355857,-5.886811]],[[-35.355848,-5.886802],[-35.35585,-5.886801],[-35.355852,-5.886802],[-35.35585,-5.886804],[-35.355848,-5.886802]],[[-35.355861,-5.886793],[-35.355861,-5.886811]],[[-35.355859,-5.886813],[-35.355841,-5.886813]],[[-35.355839,-5.886811],[-35.355839,-5.886793]],[[-35.355841,-5.886792],[-35.355859,-5.886791]]]}},{"type":"Feature","id":8,"properties":{"area_atuacao":"Açude do Bêbado — Escola Agrícola de Jundiaí, Macaíba","acao":"Linhas de nucleação","fonte_dado":"Nucleação","elemento":8},"geometry":{"type":"MultiLineString","coordinates":[[[-35.355771,-5.886872],[-35.355773,-5.88687],[-35.355775,-5.886871],[-35.355775,-5.886872],[-35.355775,-5.886872],[-35.355775,-5.886873],[-35.355774,-5.886873],[-35.355774,-5.886874],[-35.355773,-5.886874],[-35.355771,-5.886872]],[[-35.355753,-5.886869],[-35.355756,-5.886867],[-35.355756,-5.886867],[-35.355756,-5.886867],[-35.355757,-5.886868],[-35.355757,-5.886869],[-35.355753,-5.886869]],[[-35.35575,-5.886886],[-35.355752,-5.886885],[-35.355754,-5.886887],[-35.355753,-5.886888],[-35.355752,-5.886888],[-35.355752,-5.886889],[-35.355752,-5.886888],[-35.355751,-5.886888],[-35.355751,-5.886888],[-35.355751,-5.886888],[-35.35575,-5.886886]],[[-35.355768,-5.88689],[-35.35577,-5.886888],[-35.355771,-5.886889],[-35.355772,-5.88689],[-35.355772,-5.88689],[-35.355772,-5.88689],[-35.355768,-5.88689]],[[-35.355761,-5.886879],[-35.355763,-5.886878],[-35.355764,-5.88688],[-35.355762,-5.886881],[-35.355761,-5.886879]],[[-35.355775,-5.886872],[-35.355772,-5.88689]],[[-35.35577,-5.886892],[-35.355752,-5.886888]],[[-35.35575,-5.886886],[-35.355753,-5.886869]],[[-35.355756,-5.886867],[-35.355773,-5.88687]]]}},{"type":"Feature","id":9,"properties":{"area_atuacao":"Açude do Bêbado — Escola Agrícola de Jundiaí, Macaíba","acao":"Linhas de nucleação","fonte_dado":"Nucleação","elemento":9},"geometry":{"type":"MultiLineString","coordinates":[[[-35.355771,-5.886872],[-35.355773,-5.88687],[-35.355775,-5.886871],[-35.355775,-5.886872],[-35.355775,-5.886872],[-35.355775,-5.886873],[-35.355774,-5.886873],[-35.355774,-5.886874],[-35.355773,-5.886874],[-35.355771,-5.886872]],[[-35.355753,-5.886869],[-35.355756,-5.886867],[-35.355756,-5.886867],[-35.355756,-5.886867],[-35.355757,-5.886868],[-35.355757,-5.886869],[-35.355753,-5.886869]],[[-35.35575,-5.886886],[-35.355752,-5.886885],[-35.355754,-5.886887],[-35.355753,-5.886888],[-35.355752,-5.886888],[-35.355752,-5.886889],[-35.355752,-5.886888],[-35.355751,-5.886888],[-35.355751,-5.886888],[-35.355751,-5.886888],[-35.35575,-5.886886]],[[-35.355768,-5.88689],[-35.35577,-5.886888],[-35.355771,-5.886889],[-35.355772,-5.88689],[-35.355772,-5.88689],[-35.355772,-5.88689],[-35.355768,-5.88689]],[[-35.355761,-5.886879],[-35.355763,-5.886878],[-35.355764,-5.88688],[-35.355762,-5.886881],[-35.355761,-5.886879]],[[-35.355775,-5.886872],[-35.355772,-5.88689]],[[-35.35577,-5.886892],[-35.355752,-5.886888]],[[-35.35575,-5.886886],[-35.355753,-5.886869]],[[-35.355756,-5.886867],[-35.355773,-5.88687]]]}},{"type":"Feature","id":10,"properties":{"area_atuacao":"Açude do Bêbado — Escola Agrícola de Jundiaí, Macaíba","acao":"Linhas de nucleação","fonte_dado":"Nucleação","elemento":10},"geometry":{"type":"MultiLineString","coordinates":[[[-35.355771,-5.886872],[-35.355773,-5.88687],[-35.355775,-5.886871],[-35.355775,-5.886872],[-35.355775,-5.886872],[-35.355775,-5.886873],[-35.355774,-5.886873],[-35.355774,-5.886874],[-35.355773,-5.886874],[-35.355771,-5.886872]],[[-35.355753,-5.886869],[-35.355756,-5.886867],[-35.355756,-5.886867],[-35.355756,-5.886867],[-35.355757,-5.886868],[-35.355757,-5.886869],[-35.355753,-5.886869]],[[-35.35575,-5.886886],[-35.355752,-5.886885],[-35.355754,-5.886887],[-35.355753,-5.886888],[-35.355752,-5.886888],[-35.355752,-5.886889],[-35.355752,-5.886888],[-35.355751,-5.886888],[-35.355751,-5.886888],[-35.355751,-5.886888],[-35.35575,-5.886886]],[[-35.355768,-5.88689],[-35.35577,-5.886888],[-35.355771,-5.886889],[-35.355772,-5.88689],[-35.355772,-5.88689],[-35.355772,-5.88689],[-35.355768,-5.88689]],[[-35.355761,-5.886879],[-35.355763,-5.886878],[-35.355764,-5.88688],[-35.355762,-5.886881],[-35.355761,-5.886879]],[[-35.355775,-5.886872],[-35.355772,-5.88689]],[[-35.35577,-5.886892],[-35.355752,-5.886888]],[[-35.35575,-5.886886],[-35.355753,-5.886869]],[[-35.355756,-5.886867],[-35.355773,-5.88687]]]}},{"type":"Feature","id":11,"properties":{"area_atuacao":"Açude do Bêbado — Escola Agrícola de Jundiaí, Macaíba","acao":"Linhas de nucleação","fonte_dado":"Nucleação","elemento":11},"geometry":{"type":"MultiLineString","coordinates":[[[-35.355771,-5.886872],[-35.355773,-5.88687],[-35.355775,-5.886871],[-35.355775,-5.886872],[-35.355775,-5.886872],[-35.355775,-5.886873],[-35.355774,-5.886873],[-35.355774,-5.886874],[-35.355773,-5.886874],[-35.355771,-5.886872]],[[-35.355753,-5.886869],[-35.355756,-5.886867],[-35.355756,-5.886867],[-35.355756,-5.886867],[-35.355757,-5.886868],[-35.355757,-5.886869],[-35.355753,-5.886869]],[[-35.35575,-5.886886],[-35.355752,-5.886885],[-35.355754,-5.886887],[-35.355753,-5.886888],[-35.355752,-5.886888],[-35.355752,-5.886889],[-35.355752,-5.886888],[-35.355751,-5.886888],[-35.355751,-5.886888],[-35.355751,-5.886888],[-35.35575,-5.886886]],[[-35.355768,-5.88689],[-35.35577,-5.886888],[-35.355771,-5.886889],[-35.355772,-5.88689],[-35.355772,-5.88689],[-35.355772,-5.88689],[-35.355768,-5.88689]],[[-35.355761,-5.886879],[-35.355763,-5.886878],[-35.355764,-5.88688],[-35.355762,-5.886881],[-35.355761,-5.886879]],[[-35.355775,-5.886872],[-35.355772,-5.88689]],[[-35.35577,-5.886892],[-35.355752,-5.886888]],[[-35.35575,-5.886886],[-35.355753,-5.886869]],[[-35.355756,-5.886867],[-35.355773,-5.88687]]]}},{"type":"Feature","id":12,"properties":{"area_atuacao":"Açude do Bêbado — Escola Agrícola de Jundiaí, Macaíba","acao":"Linhas de nucleação","fonte_dado":"Nucleação","elemento":12},"geometry":{"type":"MultiLineString","coordinates":[[[-35.355761,-5.886925],[-35.355763,-5.886924],[-35.355764,-5.886924],[-35.355764,-5.886925],[-35.355764,-5.886925],[-35.355764,-5.886926],[-35.355764,-5.886926],[-35.355764,-5.886926],[-35.355764,-5.886927],[-35.355762,-5.886927],[-35.355761,-5.886925]],[[-35.355743,-5.886922],[-35.355745,-5.88692],[-35.355745,-5.88692],[-35.355746,-5.886921],[-35.355746,-5.886921],[-35.355747,-5.886922],[-35.355743,-5.886922]],[[-35.35574,-5.88694],[-35.355742,-5.886938],[-35.355743,-5.88694],[-35.355743,-5.886941],[-35.355742,-5.886942],[-35.355742,-5.886942],[-35.355742,-5.886942],[-35.355741,-5.886942],[-35.355741,-5.886942],[-35.355741,-5.886941],[-35.35574,-5.886941],[-35.35574,-5.88694]],[[-35.355758,-5.886943],[-35.35576,-5.886941],[-35.355761,-5.886942],[-35.355761,-5.886942],[-35.355761,-5.886943],[-35.355761,-5.886943],[-35.355758,-5.886943]],[[-35.35575,-5.886932],[-35.355752,-5.886931],[-35.355754,-5.886933],[-35.355752,-5.886934],[-35.35575,-5.886932]],[[-35.355764,-5.886926],[-35.355761,-5.886943]],[[-35.355759,-5.886945],[-35.355741,-5.886942]],[[-35.35574,-5.88694],[-35.355743,-5.886922]],[[-35.355745,-5.88692],[-35.355763,-5.886924]]]}},{"type":"Feature","id":13,"properties":{"area_atuacao":"Açude do Bêbado — Escola Agrícola de Jundiaí, Macaíba","acao":"Linhas de nucleação","fonte_dado":"Nucleação","elemento":13},"geometry":{"type":"MultiLineString","coordinates":[[[-35.355717,-5.886992],[-35.355719,-5.886991],[-35.355721,-5.886992],[-35.355719,-5.886994],[-35.355717,-5.886992]],[[-35.355699,-5.886993],[-35.355701,-5.886991],[-35.355703,-5.886993],[-35.355701,-5.886994],[-35.355699,-5.886993]],[[-35.3557,-5.887011],[-35.355701,-5.887009],[-35.355703,-5.887011],[-35.355702,-5.887012],[-35.355702,-5.887012],[-35.355702,-5.887012],[-35.355701,-5.887012],[-35.355701,-5.887012],[-35.355701,-5.887012],[-35.3557,-5.887012],[-35.3557,-5.887011]],[[-35.355718,-5.887011],[-35.355719,-5.887009],[-35.355721,-5.887011],[-35.355719,-5.887012],[-35.355718,-5.887011]],[[-35.355708,-5.887002],[-35.35571,-5.887],[-35.355712,-5.887002],[-35.35571,-5.887003],[-35.355708,-5.887002]],[[-35.355721,-5.886992],[-35.355721,-5.887011]],[[-35.355719,-5.887012],[-35.355701,-5.887012]],[[-35.3557,-5.887011],[-35.355699,-5.886993]],[[-35.355701,-5.886991],[-35.355719,-5.886991]]]}},{"type":"Feature","id":14,"properties":{"area_atuacao":"Açude do Bêbado — Escola Agrícola de Jundiaí, Macaíba","acao":"Linhas de nucleação","fonte_dado":"Nucleação","elemento":14},"geometry":{"type":"MultiLineString","coordinates":[[[-35.355717,-5.886992],[-35.355719,-5.886991],[-35.355721,-5.886992],[-35.355719,-5.886994],[-35.355717,-5.886992]],[[-35.355699,-5.886993],[-35.355701,-5.886991],[-35.355703,-5.886993],[-35.355701,-5.886994],[-35.355699,-5.886993]],[[-35.3557,-5.887011],[-35.355701,-5.887009],[-35.355703,-5.887011],[-35.355702,-5.887012],[-35.355702,-5.887012],[-35.355702,-5.887012],[-35.355701,-5.887012],[-35.355701,-5.887012],[-35.355701,-5.887012],[-35.3557,-5.887012],[-35.3557,-5.887011]],[[-35.355718,-5.887011],[-35.355719,-5.887009],[-35.355721,-5.887011],[-35.355719,-5.887012],[-35.355718,-5.887011]],[[-35.355708,-5.887002],[-35.35571,-5.887],[-35.355712,-5.887002],[-35.35571,-5.887003],[-35.355708,-5.887002]],[[-35.355721,-5.886992],[-35.355721,-5.887011]],[[-35.355719,-5.887012],[-35.355701,-5.887012]],[[-35.3557,-5.887011],[-35.355699,-5.886993]],[[-35.355701,-5.886991],[-35.355719,-5.886991]]]}},{"type":"Feature","id":15,"properties":{"area_atuacao":"Açude do Bêbado — Escola Agrícola de Jundiaí, Macaíba","acao":"Linhas de nucleação","fonte_dado":"Nucleação","elemento":15},"geometry":{"type":"MultiLineString","coordinates":[[[-35.355717,-5.886992],[-35.355719,-5.886991],[-35.355721,-5.886992],[-35.355719,-5.886994],[-35.355717,-5.886992]],[[-35.355699,-5.886993],[-35.355701,-5.886991],[-35.355703,-5.886993],[-35.355701,-5.886994],[-35.355699,-5.886993]],[[-35.3557,-5.887011],[-35.355701,-5.887009],[-35.355703,-5.887011],[-35.355702,-5.887012],[-35.355702,-5.887012],[-35.355702,-5.887012],[-35.355701,-5.887012],[-35.355701,-5.887012],[-35.355701,-5.887012],[-35.3557,-5.887012],[-35.3557,-5.887011]],[[-35.355718,-5.887011],[-35.355719,-5.887009],[-35.355721,-5.887011],[-35.355719,-5.887012],[-35.355718,-5.887011]],[[-35.355708,-5.887002],[-35.35571,-5.887],[-35.355712,-5.887002],[-35.35571,-5.887003],[-35.355708,-5.887002]],[[-35.355721,-5.886992],[-35.355721,-5.887011]],[[-35.355719,-5.887012],[-35.355701,-5.887012]],[[-35.3557,-5.887011],[-35.355699,-5.886993]],[[-35.355701,-5.886991],[-35.355719,-5.886991]]]}},{"type":"Feature","id":16,"properties":{"area_atuacao":"Açude do Bêbado — Escola Agrícola de Jundiaí, Macaíba","acao":"Linhas de nucleação","fonte_dado":"Nucleação","elemento":16},"geometry":{"type":"MultiLineString","coordinates":[[[-35.355812,-5.887014],[-35.355814,-5.887012],[-35.355816,-5.887014],[-35.355814,-5.887016],[-35.355812,-5.887014]],[[-35.355794,-5.887014],[-35.355796,-5.887012],[-35.355798,-5.887014],[-35.355796,-5.887016],[-35.355794,-5.887014]],[[-35.355794,-5.887032],[-35.355796,-5.88703],[-35.355798,-5.887032],[-35.355797,-5.887033],[-35.355796,-5.887034],[-35.355796,-5.887034],[-35.355796,-5.887034],[-35.355796,-5.887034],[-35.355795,-5.887034],[-35.355795,-5.887033],[-35.355794,-5.887032]],[[-35.355812,-5.887032],[-35.355814,-5.88703],[-35.355816,-5.887032],[-35.355814,-5.887034],[-35.355812,-5.887032]],[[-35.355803,-5.887023],[-35.355805,-5.887021],[-35.355807,-5.887023],[-35.355805,-5.887025],[-35.355803,-5.887023]],[[-35.355816,-5.887014],[-35.355816,-5.887032]],[[-35.355814,-5.887034],[-35.355796,-5.887034]],[[-35.355794,-5.887032],[-35.355794,-5.887014]],[[-35.355796,-5.887012],[-35.355814,-5.887012]]]}},{"type":"Feature","id":17,"properties":{"area_atuacao":"Açude do Bêbado — Escola Agrícola de Jundiaí, Macaíba","acao":"Linhas de nucleação","fonte_dado":"Nucleação","elemento":17},"geometry":{"type":"MultiLineString","coordinates":[[[-35.355812,-5.887014],[-35.355814,-5.887012],[-35.355816,-5.887014],[-35.355814,-5.887016],[-35.355812,-5.887014]],[[-35.355794,-5.887014],[-35.355796,-5.887012],[-35.355798,-5.887014],[-35.355796,-5.887016],[-35.355794,-5.887014]],[[-35.355794,-5.887032],[-35.355796,-5.88703],[-35.355798,-5.887032],[-35.355797,-5.887033],[-35.355796,-5.887034],[-35.355796,-5.887034],[-35.355796,-5.887034],[-35.355796,-5.887034],[-35.355795,-5.887034],[-35.355795,-5.887033],[-35.355794,-5.887032]],[[-35.355812,-5.887032],[-35.355814,-5.88703],[-35.355816,-5.887032],[-35.355814,-5.887034],[-35.355812,-5.887032]],[[-35.355803,-5.887023],[-35.355805,-5.887021],[-35.355807,-5.887023],[-35.355805,-5.887025],[-35.355803,-5.887023]],[[-35.355816,-5.887014],[-35.355816,-5.887032]],[[-35.355814,-5.887034],[-35.355796,-5.887034]],[[-35.355794,-5.887032],[-35.355794,-5.887014]],[[-35.355796,-5.887012],[-35.355814,-5.887012]]]}},{"type":"Feature","id":18,"properties":{"area_atuacao":"Açude do Bêbado — Escola Agrícola de Jundiaí, Macaíba","acao":"Linhas de nucleação","fonte_dado":"Nucleação","elemento":18},"geometry":{"type":"MultiLineString","coordinates":[[[-35.355812,-5.887014],[-35.355814,-5.887012],[-35.355816,-5.887014],[-35.355814,-5.887016],[-35.355812,-5.887014]],[[-35.355794,-5.887014],[-35.355796,-5.887012],[-35.355798,-5.887014],[-35.355796,-5.887016],[-35.355794,-5.887014]],[[-35.355794,-5.887032],[-35.355796,-5.88703],[-35.355798,-5.887032],[-35.355797,-5.887033],[-35.355796,-5.887034],[-35.355796,-5.887034],[-35.355796,-5.887034],[-35.355796,-5.887034],[-35.355795,-5.887034],[-35.355795,-5.887033],[-35.355794,-5.887032]],[[-35.355812,-5.887032],[-35.355814,-5.88703],[-35.355816,-5.887032],[-35.355814,-5.887034],[-35.355812,-5.887032]],[[-35.355803,-5.887023],[-35.355805,-5.887021],[-35.355807,-5.887023],[-35.355805,-5.887025],[-35.355803,-5.887023]],[[-35.355816,-5.887014],[-35.355816,-5.887032]],[[-35.355814,-5.887034],[-35.355796,-5.887034]],[[-35.355794,-5.887032],[-35.355794,-5.887014]],[[-35.355796,-5.887012],[-35.355814,-5.887012]]]}},{"type":"Feature","id":19,"properties":{"area_atuacao":"Açude do Bêbado — Escola Agrícola de Jundiaí, Macaíba","acao":"Linhas de nucleação","fonte_dado":"Nucleação","elemento":19},"geometry":{"type":"MultiLineString","coordinates":[[[-35.356096,-5.886944],[-35.356098,-5.886942],[-35.3561,-5.886944],[-35.356098,-5.886945],[-35.356096,-5.886944]],[[-35.356078,-5.886944],[-35.35608,-5.886942],[-35.356082,-5.886944],[-35.35608,-5.886946],[-35.356078,-5.886944]],[[-35.356078,-5.886962],[-35.35608,-5.88696],[-35.356082,-5.886962],[-35.35608,-5.886964],[-35.356078,-5.886962]],[[-35.356096,-5.886962],[-35.356098,-5.88696],[-35.3561,-5.886962],[-35.356098,-5.886964],[-35.356096,-5.886962]],[[-35.356087,-5.886953],[-35.356089,-5.886951],[-35.356091,-5.886953],[-35.356089,-5.886955],[-35.356087,-5.886953]],[[-35.3561,-5.886944],[-35.3561,-5.886962]],[[-35.356098,-5.886964],[-35.35608,-5.886964]],[[-35.356078,-5.886962],[-35.356078,-5.886944]],[[-35.35608,-5.886942],[-35.356098,-5.886942]]]}},{"type":"Feature","id":20,"properties":{"area_atuacao":"Açude do Bêbado — Escola Agrícola de Jundiaí, Macaíba","acao":"Linhas de nucleação","fonte_dado":"Nucleação","elemento":20},"geometry":{"type":"MultiLineString","coordinates":[[[-35.356096,-5.886944],[-35.356098,-5.886942],[-35.3561,-5.886944],[-35.356098,-5.886945],[-35.356096,-5.886944]],[[-35.356078,-5.886944],[-35.35608,-5.886942],[-35.356082,-5.886944],[-35.35608,-5.886946],[-35.356078,-5.886944]],[[-35.356078,-5.886962],[-35.35608,-5.88696],[-35.356082,-5.886962],[-35.35608,-5.886964],[-35.356078,-5.886962]],[[-35.356096,-5.886962],[-35.356098,-5.88696],[-35.3561,-5.886962],[-35.356098,-5.886964],[-35.356096,-5.886962]],[[-35.356087,-5.886953],[-35.356089,-5.886951],[-35.356091,-5.886953],[-35.356089,-5.886955],[-35.356087,-5.886953]],[[-35.3561,-5.886944],[-35.3561,-5.886962]],[[-35.356098,-5.886964],[-35.35608,-5.886964]],[[-35.356078,-5.886962],[-35.356078,-5.886944]],[[-35.35608,-5.886942],[-35.356098,-5.886942]]]}},{"type":"Feature","id":21,"properties":{"area_atuacao":"Açude do Bêbado — Escola Agrícola de Jundiaí, Macaíba","acao":"Linhas de nucleação","fonte_dado":"Nucleação","elemento":21},"geometry":{"type":"MultiLineString","coordinates":[[[-35.356096,-5.886944],[-35.356098,-5.886942],[-35.3561,-5.886944],[-35.356098,-5.886945],[-35.356096,-5.886944]],[[-35.356078,-5.886944],[-35.35608,-5.886942],[-35.356082,-5.886944],[-35.35608,-5.886946],[-35.356078,-5.886944]],[[-35.356078,-5.886962],[-35.35608,-5.88696],[-35.356082,-5.886962],[-35.35608,-5.886964],[-35.356078,-5.886962]],[[-35.356096,-5.886962],[-35.356098,-5.88696],[-35.3561,-5.886962],[-35.356098,-5.886964],[-35.356096,-5.886962]],[[-35.356087,-5.886953],[-35.356089,-5.886951],[-35.356091,-5.886953],[-35.356089,-5.886955],[-35.356087,-5.886953]],[[-35.3561,-5.886944],[-35.3561,-5.886962]],[[-35.356098,-5.886964],[-35.35608,-5.886964]],[[-35.356078,-5.886962],[-35.356078,-5.886944]],[[-35.35608,-5.886942],[-35.356098,-5.886942]]]}},{"type":"Feature","id":22,"properties":{"area_atuacao":"Açude do Bêbado — Escola Agrícola de Jundiaí, Macaíba","acao":"Linhas de nucleação","fonte_dado":"Nucleação","elemento":22},"geometry":{"type":"MultiLineString","coordinates":[[[-35.356134,-5.886991],[-35.356136,-5.886989],[-35.356138,-5.886991],[-35.356136,-5.886993],[-35.356134,-5.886991]],[[-35.356116,-5.886991],[-35.356118,-5.886989],[-35.35612,-5.886991],[-35.356118,-5.886993],[-35.356116,-5.886991]],[[-35.356116,-5.887009],[-35.356118,-5.887007],[-35.35612,-5.887009],[-35.356119,-5.887011],[-35.356119,-5.887011],[-35.356118,-5.887011],[-35.356118,-5.887011],[-35.356118,-5.887011],[-35.356117,-5.887011],[-35.356117,-5.887011],[-35.356116,-5.887009]],[[-35.356134,-5.887009],[-35.356136,-5.887007],[-35.356138,-5.887009],[-35.356136,-5.887011],[-35.356134,-5.887009]],[[-35.356125,-5.887],[-35.356127,-5.886998],[-35.356129,-5.887],[-35.356127,-5.887002],[-35.356125,-5.887]],[[-35.356138,-5.886991],[-35.356138,-5.887009]],[[-35.356136,-5.887011],[-35.356118,-5.887011]],[[-35.356116,-5.887009],[-35.356116,-5.886991]],[[-35.356118,-5.886989],[-35.356136,-5.886989]]]}},{"type":"Feature","id":23,"properties":{"area_atuacao":"Açude do Bêbado — Escola Agrícola de Jundiaí, Macaíba","acao":"Linhas de nucleação","fonte_dado":"Nucleação","elemento":23},"geometry":{"type":"MultiLineString","coordinates":[[[-35.356075,-5.88701],[-35.356077,-5.887008],[-35.356079,-5.88701],[-35.356077,-5.887012],[-35.356075,-5.88701]],[[-35.356057,-5.88701],[-35.356059,-5.887008],[-35.35606,-5.88701],[-35.356059,-5.887012],[-35.356057,-5.88701]],[[-35.356057,-5.887028],[-35.356059,-5.887026],[-35.356061,-5.887028],[-35.35606,-5.887029],[-35.356059,-5.88703],[-35.356059,-5.88703],[-35.356059,-5.88703],[-35.356058,-5.88703],[-35.356058,-5.88703],[-35.356058,-5.887029],[-35.356057,-5.887028]],[[-35.356075,-5.887028],[-35.356077,-5.887026],[-35.356079,-5.887028],[-35.356077,-5.88703],[-35.356075,-5.887028]],[[-35.356066,-5.887019],[-35.356068,-5.887017],[-35.35607,-5.887019],[-35.356068,-5.887021],[-35.356066,-5.887019]],[[-35.356079,-5.88701],[-35.356079,-5.887028]],[[-35.356077,-5.88703],[-35.356059,-5.88703]],[[-35.356057,-5.887028],[-35.356057,-5.88701]],[[-35.356059,-5.887008],[-35.356077,-5.887008]]]}},{"type":"Feature","id":24,"properties":{"area_atuacao":"Açude do Bêbado — Escola Agrícola de Jundiaí, Macaíba","acao":"Linhas de nucleação","fonte_dado":"Nucleação","elemento":24},"geometry":{"type":"MultiLineString","coordinates":[[[-35.355886,-5.887062],[-35.355888,-5.887061],[-35.355889,-5.887064],[-35.355887,-5.887064],[-35.355886,-5.887062]],[[-35.35587,-5.887054],[-35.355872,-5.887053],[-35.355873,-5.887055],[-35.355871,-5.887056],[-35.35587,-5.887054]],[[-35.355862,-5.88707],[-35.355864,-5.887069],[-35.355865,-5.887071],[-35.355864,-5.887072],[-35.355863,-5.887072],[-35.355863,-5.887072],[-35.355862,-5.887072],[-35.355862,-5.887072],[-35.355862,-5.887072],[-35.355861,-5.887071],[-35.355862,-5.88707]],[[-35.355878,-5.887078],[-35.35588,-5.887077],[-35.355881,-5.88708],[-35.355878,-5.88708],[-35.355878,-5.887078]],[[-35.355874,-5.887066],[-35.355876,-5.887065],[-35.355877,-5.887067],[-35.355875,-5.887068],[-35.355874,-5.887066]],[[-35.355889,-5.887064],[-35.355881,-5.88708]],[[-35.355878,-5.88708],[-35.355862,-5.887072]],[[-35.355862,-5.88707],[-35.35587,-5.887054]],[[-35.355872,-5.887053],[-35.355888,-5.887061]]]}},{"type":"Feature","id":25,"properties":{"area_atuacao":"Açude do Bêbado — Escola Agrícola de Jundiaí, Macaíba","acao":"Linhas de nucleação","fonte_dado":"Nucleação","elemento":25},"geometry":{"type":"MultiLineString","coordinates":[[[-35.35594,-5.887096],[-35.355942,-5.887094],[-35.355943,-5.887096],[-35.355942,-5.887098],[-35.35594,-5.887096]],[[-35.355922,-5.887096],[-35.355924,-5.887094],[-35.355925,-5.887096],[-35.355924,-5.887098],[-35.355922,-5.887096]],[[-35.355922,-5.887114],[-35.355924,-5.887112],[-35.355926,-5.887114],[-35.355924,-5.887116],[-35.355922,-5.887114]],[[-35.35594,-5.887114],[-35.355942,-5.887112],[-35.355944,-5.887114],[-35.355942,-5.887116],[-35.35594,-5.887114]],[[-35.355931,-5.887105],[-35.355933,-5.887103],[-35.355934,-5.887105],[-35.355933,-5.887107],[-35.355931,-5.887105]],[[-35.355943,-5.887096],[-35.355944,-5.887114]],[[-35.355942,-5.887116],[-35.355924,-5.887116]],[[-35.355922,-5.887114],[-35.355922,-5.887096]],[[-35.355924,-5.887094],[-35.355942,-5.887094]]]}},{"type":"Feature","id":26,"properties":{"area_atuacao":"Açude do Bêbado — Escola Agrícola de Jundiaí, Macaíba","acao":"Linhas de nucleação","fonte_dado":"Nucleação","elemento":26},"geometry":{"type":"MultiLineString","coordinates":[[[-35.355961,-5.887156],[-35.355963,-5.887154],[-35.355964,-5.887156],[-35.355963,-5.887157],[-35.355961,-5.887156]],[[-35.355943,-5.887156],[-35.355945,-5.887154],[-35.355946,-5.887156],[-35.355945,-5.887157],[-35.355943,-5.887156]],[[-35.355943,-5.887174],[-35.355945,-5.887172],[-35.355946,-5.887174],[-35.355945,-5.887176],[-35.355943,-5.887174]],[[-35.355961,-5.887174],[-35.355963,-5.887172],[-35.355964,-5.887174],[-35.355963,-5.887175],[-35.355961,-5.887174]],[[-35.355952,-5.887165],[-35.355954,-5.887163],[-35.355955,-5.887165],[-35.355954,-5.887166],[-35.355952,-5.887165]],[[-35.355964,-5.887156],[-35.355964,-5.887174]],[[-35.355963,-5.887175],[-35.355945,-5.887176]],[[-35.355943,-5.887174],[-35.355943,-5.887156]],[[-35.355945,-5.887154],[-35.355963,-5.887154]]]}},{"type":"Feature","id":27,"properties":{"area_atuacao":"Açude do Bêbado — Escola Agrícola de Jundiaí, Macaíba","acao":"Linhas de nucleação","fonte_dado":"Nucleação","elemento":27},"geometry":{"type":"MultiLineString","coordinates":[[[-35.355886,-5.887062],[-35.355888,-5.887061],[-35.355889,-5.887064],[-35.355887,-5.887064],[-35.355886,-5.887062]],[[-35.35587,-5.887054],[-35.355872,-5.887053],[-35.355873,-5.887055],[-35.355871,-5.887056],[-35.35587,-5.887054]],[[-35.355862,-5.88707],[-35.355864,-5.887069],[-35.355865,-5.887071],[-35.355864,-5.887072],[-35.355863,-5.887072],[-35.355863,-5.887072],[-35.355862,-5.887072],[-35.355862,-5.887072],[-35.355862,-5.887072],[-35.355861,-5.887071],[-35.355862,-5.88707]],[[-35.355878,-5.887078],[-35.35588,-5.887077],[-35.355881,-5.88708],[-35.355878,-5.88708],[-35.355878,-5.887078]],[[-35.355874,-5.887066],[-35.355876,-5.887065],[-35.355877,-5.887067],[-35.355875,-5.887068],[-35.355874,-5.887066]],[[-35.355889,-5.887064],[-35.355881,-5.88708]],[[-35.355878,-5.88708],[-35.355862,-5.887072]],[[-35.355862,-5.88707],[-35.35587,-5.887054]],[[-35.355872,-5.887053],[-35.355888,-5.887061]]]}},{"type":"Feature","id":28,"properties":{"area_atuacao":"Açude do Bêbado — Escola Agrícola de Jundiaí, Macaíba","acao":"Linhas de nucleação","fonte_dado":"Nucleação","elemento":28},"geometry":{"type":"MultiLineString","coordinates":[[[-35.355881,-5.887113],[-35.355883,-5.887112],[-35.355885,-5.887113],[-35.355883,-5.887115],[-35.355881,-5.887113]],[[-35.355863,-5.887113],[-35.355865,-5.887112],[-35.355867,-5.887113],[-35.355865,-5.887115],[-35.355863,-5.887113]],[[-35.355863,-5.887131],[-35.355865,-5.88713],[-35.355867,-5.887131],[-35.355865,-5.887133],[-35.355863,-5.887131]],[[-35.355881,-5.887131],[-35.355883,-5.88713],[-35.355885,-5.887131],[-35.355883,-5.887133],[-35.355881,-5.887131]],[[-35.355872,-5.887122],[-35.355874,-5.887121],[-35.355876,-5.887122],[-35.355874,-5.887124],[-35.355872,-5.887122]],[[-35.355885,-5.887113],[-35.355885,-5.887131]],[[-35.355883,-5.887133],[-35.355865,-5.887133]],[[-35.355863,-5.887131],[-35.355863,-5.887113]],[[-35.355865,-5.887112],[-35.355883,-5.887112]]]}},{"type":"Feature","id":29,"properties":{"area_atuacao":"Açude do Bêbado — Escola Agrícola de Jundiaí, Macaíba","acao":"Linhas de nucleação","fonte_dado":"Nucleação","elemento":29},"geometry":{"type":"MultiLineString","coordinates":[[[-35.355881,-5.887113],[-35.355883,-5.887112],[-35.355885,-5.887113],[-35.355883,-5.887115],[-35.355881,-5.887113]],[[-35.355863,-5.887113],[-35.355865,-5.887112],[-35.355867,-5.887113],[-35.355865,-5.887115],[-35.355863,-5.887113]],[[-35.355863,-5.887131],[-35.355865,-5.88713],[-35.355867,-5.887131],[-35.355865,-5.887133],[-35.355863,-5.887131]],[[-35.355881,-5.887131],[-35.355883,-5.88713],[-35.355885,-5.887131],[-35.355883,-5.887133],[-35.355881,-5.887131]],[[-35.355872,-5.887122],[-35.355874,-5.887121],[-35.355876,-5.887122],[-35.355874,-5.887124],[-35.355872,-5.887122]],[[-35.355885,-5.887113],[-35.355885,-5.887131]],[[-35.355883,-5.887133],[-35.355865,-5.887133]],[[-35.355863,-5.887131],[-35.355863,-5.887113]],[[-35.355865,-5.887112],[-35.355883,-5.887112]]]}},{"type":"Feature","id":30,"properties":{"area_atuacao":"Açude do Bêbado — Escola Agrícola de Jundiaí, Macaíba","acao":"Linhas de nucleação","fonte_dado":"Nucleação","elemento":30},"geometry":{"type":"MultiLineString","coordinates":[[[-35.355831,-5.88713],[-35.355833,-5.887129],[-35.355834,-5.887131],[-35.355832,-5.887132],[-35.355831,-5.88713]],[[-35.355814,-5.887124],[-35.355815,-5.887122],[-35.355816,-5.887122],[-35.355817,-5.887123],[-35.355817,-5.887123],[-35.355817,-5.887123],[-35.355817,-5.887125],[-35.355814,-5.887124]],[[-35.355808,-5.88714],[-35.35581,-5.887139],[-35.355811,-5.887142],[-35.35581,-5.887143],[-35.355809,-5.887143],[-35.355809,-5.887143],[-35.355809,-5.887143],[-35.355808,-5.887143],[-35.355808,-5.887142],[-35.355808,-5.887142],[-35.355808,-5.88714]],[[-35.355824,-5.887147],[-35.355827,-5.887146],[-35.355828,-5.887148],[-35.355825,-5.887149],[-35.355824,-5.887147]],[[-35.355819,-5.887135],[-35.355822,-5.887134],[-35.355823,-5.887137],[-35.35582,-5.887138],[-35.355819,-5.887135]],[[-35.355834,-5.887131],[-35.355828,-5.887148]],[[-35.355825,-5.887149],[-35.355809,-5.887143]],[[-35.355808,-5.88714],[-35.355814,-5.887124]],[[-35.355816,-5.887122],[-35.355833,-5.887129]]]}},{"type":"Feature","id":31,"properties":{"area_atuacao":"Açude do Bêbado — Escola Agrícola de Jundiaí, Macaíba","acao":"Linhas de nucleação","fonte_dado":"Nucleação","elemento":31},"geometry":{"type":"MultiLineString","coordinates":[[[-35.355793,-5.887185],[-35.355795,-5.887183],[-35.355797,-5.887185],[-35.355795,-5.887187],[-35.355793,-5.887185]],[[-35.355775,-5.887185],[-35.355777,-5.887183],[-35.355779,-5.887185],[-35.355777,-5.887187],[-35.355775,-5.887185]],[[-35.355775,-5.887203],[-35.355777,-5.887201],[-35.355779,-5.887203],[-35.355777,-5.887205],[-35.355775,-5.887203]],[[-35.355793,-5.887203],[-35.355795,-5.887201],[-35.355797,-5.887203],[-35.355795,-5.887205],[-35.355793,-5.887203]],[[-35.355784,-5.887194],[-35.355786,-5.887192],[-35.355788,-5.887194],[-35.355786,-5.887196],[-35.355784,-5.887194]],[[-35.355797,-5.887185],[-35.355797,-5.887203]],[[-35.355795,-5.887205],[-35.355777,-5.887205]],[[-35.355775,-5.887203],[-35.355775,-5.887185]],[[-35.355777,-5.887183],[-35.355795,-5.887183]]]}},{"type":"Feature","id":32,"properties":{"area_atuacao":"Açude do Bêbado — Escola Agrícola de Jundiaí, Macaíba","acao":"Linhas de nucleação","fonte_dado":"Nucleação","elemento":32},"geometry":{"type":"MultiLineString","coordinates":[[[-35.356268,-5.887018],[-35.35627,-5.887017],[-35.356272,-5.887019],[-35.356269,-5.88702],[-35.356268,-5.887018]],[[-35.356251,-5.887013],[-35.356251,-5.887012],[-35.356252,-5.887012],[-35.356253,-5.887012],[-35.356253,-5.887012],[-35.356254,-5.887013],[-35.356254,-5.887013],[-35.356254,-5.887014],[-35.356251,-5.887013]],[[-35.356246,-5.887031],[-35.356248,-5.88703],[-35.35625,-5.887032],[-35.356249,-5.887033],[-35.356248,-5.887033],[-35.356248,-5.887033],[-35.356247,-5.887033],[-35.356247,-5.887033],[-35.356247,-5.887033],[-35.356246,-5.887032],[-35.356246,-5.887031]],[[-35.356263,-5.887036],[-35.356266,-5.887034],[-35.356267,-5.887037],[-35.356266,-5.887038],[-35.356266,-5.887038],[-35.356265,-5.887038],[-35.356265,-5.887038],[-35.356264,-5.887038],[-35.356264,-5.887038],[-35.356264,-5.887037],[-35.356263,-5.887036]],[[-35.356257,-5.887025],[-35.356259,-5.887023],[-35.356261,-5.887025],[-35.356258,-5.887027],[-35.356257,-5.887025]],[[-35.356272,-5.887019],[-35.356267,-5.887037]],[[-35.356265,-5.887038],[-35.356247,-5.887033]],[[-35.356246,-5.887031],[-35.356251,-5.887013]],[[-35.356253,-5.887012],[-35.35627,-5.887017]]]}},{"type":"Feature","id":33,"properties":{"area_atuacao":"Açude do Bêbado — Escola Agrícola de Jundiaí, Macaíba","acao":"Linhas de nucleação","fonte_dado":"Nucleação","elemento":33},"geometry":{"type":"MultiLineString","coordinates":[[[-35.356268,-5.887072],[-35.356271,-5.887071],[-35.356272,-5.887073],[-35.35627,-5.887075],[-35.356268,-5.887072]],[[-35.356251,-5.887068],[-35.356252,-5.887067],[-35.356252,-5.887066],[-35.356253,-5.887066],[-35.356253,-5.887066],[-35.356253,-5.887067],[-35.356254,-5.887067],[-35.356254,-5.887067],[-35.356254,-5.887069],[-35.356251,-5.887068]],[[-35.356246,-5.887085],[-35.356248,-5.887084],[-35.35625,-5.887086],[-35.356249,-5.887087],[-35.356248,-5.887087],[-35.356248,-5.887087],[-35.356248,-5.887087],[-35.356247,-5.887087],[-35.356247,-5.887087],[-35.356247,-5.887087],[-35.356246,-5.887085]],[[-35.356264,-5.88709],[-35.356266,-5.887089],[-35.356267,-5.887091],[-35.356266,-5.887092],[-35.356266,-5.887092],[-35.356265,-5.887092],[-35.356265,-5.887092],[-35.356265,-5.887092],[-35.356264,-5.887092],[-35.356264,-5.887091],[-35.356264,-5.88709]],[[-35.356257,-5.887079],[-35.35626,-5.887077],[-35.356261,-5.88708],[-35.356259,-5.887081],[-35.356257,-5.887079]],[[-35.356272,-5.887073],[-35.356267,-5.887091]],[[-35.356265,-5.887092],[-35.356248,-5.887087]],[[-35.356246,-5.887085],[-35.356251,-5.887068]],[[-35.356253,-5.887066],[-35.356271,-5.887071]]]}},{"type":"Feature","id":34,"properties":{"area_atuacao":"Açude do Bêbado — Escola Agrícola de Jundiaí, Macaíba","acao":"Linhas de nucleação","fonte_dado":"Nucleação","elemento":34},"geometry":{"type":"MultiLineString","coordinates":[[[-35.356269,-5.887127],[-35.356271,-5.887125],[-35.356272,-5.887127],[-35.35627,-5.887129],[-35.356269,-5.887127]],[[-35.356251,-5.887122],[-35.356252,-5.887121],[-35.356252,-5.887121],[-35.356253,-5.887121],[-35.356253,-5.887121],[-35.356254,-5.887121],[-35.356254,-5.887121],[-35.356254,-5.887121],[-35.356255,-5.887123],[-35.356251,-5.887122]],[[-35.356246,-5.887139],[-35.356249,-5.887138],[-35.35625,-5.88714],[-35.356249,-5.887141],[-35.356249,-5.887142],[-35.356248,-5.887142],[-35.356248,-5.887142],[-35.356247,-5.887141],[-35.356247,-5.887141],[-35.356247,-5.887141],[-35.356246,-5.887139]],[[-35.356264,-5.887144],[-35.356266,-5.887143],[-35.356267,-5.887145],[-35.356267,-5.887146],[-35.356266,-5.887146],[-35.356266,-5.887146],[-35.356265,-5.887146],[-35.356265,-5.887146],[-35.356265,-5.887146],[-35.356264,-5.887146],[-35.356264,-5.887144]],[[-35.356258,-5.887133],[-35.35626,-5.887132],[-35.356261,-5.887134],[-35.356259,-5.887135],[-35.356258,-5.887133]],[[-35.356272,-5.887127],[-35.356267,-5.887145]],[[-35.356265,-5.887146],[-35.356248,-5.887142]],[[-35.356246,-5.887139],[-35.356251,-5.887122]],[[-35.356253,-5.887121],[-35.356271,-5.887125]]]}},{"type":"Feature","id":35,"properties":{"area_atuacao":"Açude do Bêbado — Escola Agrícola de Jundiaí, Macaíba","acao":"Linhas de nucleação","fonte_dado":"Nucleação","elemento":35},"geometry":{"type":"MultiLineString","coordinates":[[[-35.356295,-5.887181],[-35.356297,-5.887179],[-35.356298,-5.887182],[-35.356296,-5.887183],[-35.356295,-5.887181]],[[-35.356277,-5.887176],[-35.356278,-5.887175],[-35.356278,-5.887175],[-35.356279,-5.887175],[-35.356279,-5.887175],[-35.35628,-5.887175],[-35.35628,-5.887175],[-35.35628,-5.887175],[-35.356281,-5.887177],[-35.356277,-5.887176]],[[-35.356273,-5.887194],[-35.356275,-5.887192],[-35.356276,-5.887194],[-35.356275,-5.887195],[-35.356275,-5.887196],[-35.356274,-5.887196],[-35.356274,-5.887196],[-35.356274,-5.887196],[-35.356273,-5.887195],[-35.356273,-5.887195],[-35.356273,-5.887194]],[[-35.35629,-5.887198],[-35.356292,-5.887197],[-35.356293,-5.887199],[-35.356293,-5.8872],[-35.356292,-5.8872],[-35.356292,-5.8872],[-35.356291,-5.8872],[-35.356291,-5.8872],[-35.356291,-5.8872],[-35.35629,-5.8872],[-35.35629,-5.887198]],[[-35.356284,-5.887187],[-35.356286,-5.887186],[-35.356287,-5.887188],[-35.356285,-5.887189],[-35.356284,-5.887187]],[[-35.356298,-5.887182],[-35.356293,-5.887199]],[[-35.356291,-5.8872],[-35.356274,-5.887196]],[[-35.356273,-5.887194],[-35.356277,-5.887176]],[[-35.356279,-5.887175],[-35.356297,-5.887179]]]}},{"type":"Feature","id":36,"properties":{"area_atuacao":"Açude do Bêbado — Escola Agrícola de Jundiaí, Macaíba","acao":"Linhas de nucleação","fonte_dado":"Nucleação","elemento":36},"geometry":{"type":"MultiLineString","coordinates":[[[-35.356349,-5.88718],[-35.356351,-5.887179],[-35.356352,-5.887181],[-35.35635,-5.887183],[-35.356349,-5.88718]],[[-35.356331,-5.887176],[-35.356332,-5.887175],[-35.356333,-5.887175],[-35.356333,-5.887174],[-35.356334,-5.887175],[-35.356334,-5.887175],[-35.356334,-5.887175],[-35.356335,-5.887176],[-35.356335,-5.887177],[-35.356331,-5.887176]],[[-35.356327,-5.887193],[-35.356329,-5.887192],[-35.35633,-5.887194],[-35.356329,-5.887195],[-35.356329,-5.887195],[-35.356328,-5.887196],[-35.356328,-5.887195],[-35.356328,-5.887195],[-35.356327,-5.887195],[-35.356327,-5.887195],[-35.356327,-5.887193]],[[-35.356344,-5.887198],[-35.356346,-5.887197],[-35.356348,-5.887199],[-35.356347,-5.8872],[-35.356346,-5.8872],[-35.356346,-5.8872],[-35.356345,-5.8872],[-35.356345,-5.8872],[-35.356345,-5.8872],[-35.356344,-5.887199],[-35.356344,-5.887198]],[[-35.356338,-5.887187],[-35.35634,-5.887186],[-35.356341,-5.887188],[-35.356339,-5.887189],[-35.356338,-5.887187]],[[-35.356352,-5.887181],[-35.356348,-5.887199]],[[-35.356345,-5.8872],[-35.356328,-5.887195]],[[-35.356327,-5.887193],[-35.356331,-5.887176]],[[-35.356334,-5.887175],[-35.356351,-5.887179]]]}},{"type":"Feature","id":37,"properties":{"area_atuacao":"Açude do Bêbado — Escola Agrícola de Jundiaí, Macaíba","acao":"Linhas de nucleação","fonte_dado":"Nucleação","elemento":37},"geometry":{"type":"MultiLineString","coordinates":[[[-35.356322,-5.887228],[-35.356324,-5.887226],[-35.356325,-5.887228],[-35.356323,-5.88723],[-35.356322,-5.887228]],[[-35.356304,-5.887223],[-35.356305,-5.887222],[-35.356306,-5.887222],[-35.356306,-5.887222],[-35.356307,-5.887222],[-35.356307,-5.887222],[-35.356307,-5.887222],[-35.356308,-5.887222],[-35.356308,-5.887224],[-35.356304,-5.887223]],[[-35.3563,-5.88724],[-35.356302,-5.887239],[-35.356303,-5.887241],[-35.356303,-5.887242],[-35.356302,-5.887243],[-35.356301,-5.887243],[-35.356301,-5.887243],[-35.356301,-5.887242],[-35.356301,-5.887242],[-35.3563,-5.887242],[-35.3563,-5.88724]],[[-35.356317,-5.887245],[-35.356319,-5.887244],[-35.356321,-5.887246],[-35.35632,-5.887247],[-35.356319,-5.887247],[-35.356319,-5.887247],[-35.356319,-5.887247],[-35.356318,-5.887247],[-35.356318,-5.887247],[-35.356317,-5.887246],[-35.356317,-5.887245]],[[-35.356311,-5.887234],[-35.356313,-5.887233],[-35.356314,-5.887235],[-35.356312,-5.887236],[-35.356311,-5.887234]],[[-35.356325,-5.887228],[-35.356321,-5.887246]],[[-35.356319,-5.887247],[-35.356301,-5.887243]],[[-35.3563,-5.88724],[-35.356304,-5.887223]],[[-35.356307,-5.887222],[-35.356324,-5.887226]]]}},{"type":"Feature","id":38,"properties":{"area_atuacao":"Açude do Bêbado — Escola Agrícola de Jundiaí, Macaíba","acao":"Linhas de nucleação","fonte_dado":"Nucleação","elemento":38},"geometry":{"type":"MultiLineString","coordinates":[[[-35.356402,-5.887172],[-35.356405,-5.887171],[-35.356406,-5.887173],[-35.356404,-5.887174],[-35.356402,-5.887172]],[[-35.356385,-5.887167],[-35.356386,-5.887166],[-35.356386,-5.887166],[-35.356387,-5.887166],[-35.356387,-5.887166],[-35.356387,-5.887166],[-35.356388,-5.887166],[-35.356388,-5.887167],[-35.356388,-5.887168],[-35.356385,-5.887167]],[[-35.35638,-5.887185],[-35.356382,-5.887184],[-35.356384,-5.887186],[-35.356383,-5.887187],[-35.356382,-5.887187],[-35.356382,-5.887187],[-35.356382,-5.887187],[-35.356381,-5.887187],[-35.356381,-5.887187],[-35.35638,-5.887186],[-35.35638,-5.887185]],[[-35.356398,-5.88719],[-35.3564,-5.887188],[-35.356401,-5.887191],[-35.3564,-5.887192],[-35.3564,-5.887192],[-35.356399,-5.887192],[-35.356399,-5.887192],[-35.356399,-5.887192],[-35.356398,-5.887192],[-35.356398,-5.887191],[-35.356398,-5.88719]],[[-35.356391,-5.887179],[-35.356393,-5.887177],[-35.356395,-5.887179],[-35.356393,-5.887181],[-35.356391,-5.887179]],[[-35.356406,-5.887173],[-35.356401,-5.887191]],[[-35.356399,-5.887192],[-35.356382,-5.887187]],[[-35.35638,-5.887185],[-35.356385,-5.887167]],[[-35.356387,-5.887166],[-35.356405,-5.887171]]]}},{"type":"Feature","id":39,"properties":{"area_atuacao":"Açude do Bêbado — Escola Agrícola de Jundiaí, Macaíba","acao":"Linhas de nucleação","fonte_dado":"Nucleação","elemento":39},"geometry":{"type":"MultiLineString","coordinates":[[[-35.356368,-5.88713],[-35.356371,-5.887129],[-35.356372,-5.887131],[-35.35637,-5.887132],[-35.356368,-5.88713]],[[-35.356351,-5.887125],[-35.356352,-5.887124],[-35.356352,-5.887124],[-35.356353,-5.887124],[-35.356353,-5.887124],[-35.356353,-5.887124],[-35.356354,-5.887124],[-35.356354,-5.887125],[-35.356354,-5.887126],[-35.356351,-5.887125]],[[-35.356346,-5.887143],[-35.356348,-5.887141],[-35.35635,-5.887144],[-35.356349,-5.887145],[-35.356348,-5.887145],[-35.356348,-5.887145],[-35.356348,-5.887145],[-35.356347,-5.887145],[-35.356347,-5.887145],[-35.356347,-5.887144],[-35.356346,-5.887143]],[[-35.356364,-5.887147],[-35.356366,-5.887146],[-35.356367,-5.887148],[-35.356365,-5.88715],[-35.356364,-5.887147]],[[-35.356357,-5.887136],[-35.35636,-5.887135],[-35.356361,-5.887137],[-35.356359,-5.887139],[-35.356357,-5.887136]],[[-35.356372,-5.887131],[-35.356367,-5.887148]],[[-35.356365,-5.88715],[-35.356348,-5.887145]],[[-35.356346,-5.887143],[-35.356351,-5.887125]],[[-35.356353,-5.887124],[-35.356371,-5.887129]]]}},{"type":"Feature","id":40,"properties":{"area_atuacao":"Açude do Bêbado — Escola Agrícola de Jundiaí, Macaíba","acao":"Linhas de nucleação","fonte_dado":"Nucleação","elemento":40},"geometry":{"type":"MultiLineString","coordinates":[[[-35.356319,-5.887107],[-35.356321,-5.887106],[-35.356323,-5.887108],[-35.35632,-5.887109],[-35.356319,-5.887107]],[[-35.356302,-5.887103],[-35.356302,-5.887102],[-35.356303,-5.887101],[-35.356304,-5.887101],[-35.356304,-5.887101],[-35.356304,-5.887101],[-35.356304,-5.887102],[-35.356305,-5.887102],[-35.356305,-5.887103],[-35.356302,-5.887103]],[[-35.356297,-5.88712],[-35.356299,-5.887119],[-35.356301,-5.887121],[-35.3563,-5.887122],[-35.356299,-5.887122],[-35.356299,-5.887122],[-35.356298,-5.887122],[-35.356298,-5.887122],[-35.356298,-5.887122],[-35.356297,-5.887122],[-35.356297,-5.88712]],[[-35.356315,-5.887125],[-35.356317,-5.887123],[-35.356318,-5.887126],[-35.356317,-5.887127],[-35.356317,-5.887127],[-35.356316,-5.887127],[-35.356316,-5.887127],[-35.356315,-5.887127],[-35.356315,-5.887127],[-35.356315,-5.887126],[-35.356315,-5.887125]],[[-35.356308,-5.887114],[-35.35631,-5.887112],[-35.356312,-5.887115],[-35.356309,-5.887116],[-35.356308,-5.887114]],[[-35.356323,-5.887108],[-35.356318,-5.887126]],[[-35.356316,-5.887127],[-35.356298,-5.887122]],[[-35.356297,-5.88712],[-35.356302,-5.887103]],[[-35.356304,-5.887101],[-35.356321,-5.887106]]]}},{"type":"Feature","id":41,"properties":{"area_atuacao":"Açude do Bêbado — Escola Agrícola de Jundiaí, Macaíba","acao":"Linhas de nucleação","fonte_dado":"Nucleação","elemento":41},"geometry":{"type":"MultiLineString","coordinates":[[[-35.356823,-5.887085],[-35.356825,-5.887084],[-35.356826,-5.887087],[-35.356823,-5.887087],[-35.356823,-5.887085]],[[-35.356807,-5.887077],[-35.356809,-5.887076],[-35.35681,-5.887078],[-35.356807,-5.887079],[-35.356807,-5.887077]],[[-35.356798,-5.887093],[-35.356801,-5.887092],[-35.356802,-5.887094],[-35.3568,-5.887095],[-35.3568,-5.887095],[-35.356799,-5.887095],[-35.356799,-5.887095],[-35.356799,-5.887095],[-35.356798,-5.887095],[-35.356798,-5.887094],[-35.356798,-5.887093]],[[-35.356814,-5.887101],[-35.356817,-5.8871],[-35.356818,-5.887103],[-35.356815,-5.887103],[-35.356814,-5.887101]],[[-35.356811,-5.887089],[-35.356813,-5.887088],[-35.356814,-5.887091],[-35.356811,-5.887091],[-35.356811,-5.887089]],[[-35.356826,-5.887087],[-35.356818,-5.887103]],[[-35.356815,-5.887103],[-35.356799,-5.887095]],[[-35.356798,-5.887093],[-35.356807,-5.887077]],[[-35.356809,-5.887076],[-35.356825,-5.887084]]]}},{"type":"Feature","id":42,"properties":{"area_atuacao":"Açude do Bêbado — Escola Agrícola de Jundiaí, Macaíba","acao":"Linhas de nucleação","fonte_dado":"Nucleação","elemento":42},"geometry":{"type":"MultiLineString","coordinates":[[[-35.356786,-5.887125],[-35.356789,-5.887124],[-35.356789,-5.887127],[-35.356787,-5.887127],[-35.356786,-5.887125]],[[-35.35677,-5.887117],[-35.356773,-5.887116],[-35.356773,-5.887118],[-35.356771,-5.887119],[-35.35677,-5.887117]],[[-35.356762,-5.887133],[-35.356764,-5.887132],[-35.356765,-5.887135],[-35.356764,-5.887135],[-35.356763,-5.887136],[-35.356763,-5.887135],[-35.356763,-5.887135],[-35.356762,-5.887135],[-35.356762,-5.887135],[-35.356762,-5.887134],[-35.356762,-5.887133]],[[-35.356778,-5.887141],[-35.35678,-5.88714],[-35.356781,-5.887143],[-35.356779,-5.887144],[-35.356778,-5.887141]],[[-35.356774,-5.887129],[-35.356776,-5.887128],[-35.356777,-5.887131],[-35.356775,-5.887131],[-35.356774,-5.887129]],[[-35.356789,-5.887127],[-35.356781,-5.887143]],[[-35.356779,-5.887144],[-35.356763,-5.887135]],[[-35.356762,-5.887133],[-35.35677,-5.887117]],[[-35.356773,-5.887116],[-35.356789,-5.887124]]]}},{"type":"Feature","id":43,"properties":{"area_atuacao":"Açude do Bêbado — Escola Agrícola de Jundiaí, Macaíba","acao":"Linhas de nucleação","fonte_dado":"Nucleação","elemento":43},"geometry":{"type":"MultiLineString","coordinates":[[[-35.356734,-5.887112],[-35.356736,-5.887111],[-35.356737,-5.887114],[-35.356734,-5.887115],[-35.356734,-5.887112]],[[-35.356717,-5.887104],[-35.35672,-5.887103],[-35.356721,-5.887106],[-35.356718,-5.887106],[-35.356717,-5.887104]],[[-35.356709,-5.88712],[-35.356712,-5.887119],[-35.356712,-5.887122],[-35.356711,-5.887123],[-35.356711,-5.887123],[-35.35671,-5.887123],[-35.35671,-5.887123],[-35.35671,-5.887122],[-35.35671,-5.887122],[-35.356709,-5.887122],[-35.356709,-5.88712]],[[-35.356725,-5.887128],[-35.356728,-5.887128],[-35.356729,-5.88713],[-35.356726,-5.887131],[-35.356725,-5.887128]],[[-35.356721,-5.887116],[-35.356724,-5.887115],[-35.356725,-5.887118],[-35.356722,-5.887119],[-35.356721,-5.887116]],[[-35.356737,-5.887114],[-35.356729,-5.88713]],[[-35.356726,-5.887131],[-35.35671,-5.887123]],[[-35.356709,-5.88712],[-35.356717,-5.887104]],[[-35.35672,-5.887103],[-35.356736,-5.887111]]]}},{"type":"Feature","id":44,"properties":{"area_atuacao":"Açude do Bêbado — Escola Agrícola de Jundiaí, Macaíba","acao":"Linhas de nucleação","fonte_dado":"Nucleação","elemento":44},"geometry":{"type":"MultiLineString","coordinates":[[[-35.356679,-5.887111],[-35.356682,-5.88711],[-35.356683,-5.887112],[-35.35668,-5.887113],[-35.356679,-5.887111]],[[-35.356663,-5.887103],[-35.356666,-5.887102],[-35.356667,-5.887104],[-35.356664,-5.887105],[-35.356663,-5.887103]],[[-35.356655,-5.887119],[-35.356658,-5.887118],[-35.356658,-5.88712],[-35.356657,-5.887121],[-35.356657,-5.887121],[-35.356656,-5.887121],[-35.356656,-5.887121],[-35.356656,-5.887121],[-35.356655,-5.887121],[-35.356655,-5.88712],[-35.356655,-5.887119]],[[-35.356671,-5.887127],[-35.356674,-5.887126],[-35.356674,-5.887128],[-35.356672,-5.887129],[-35.356671,-5.887127]],[[-35.356667,-5.887115],[-35.35667,-5.887114],[-35.35667,-5.887116],[-35.356668,-5.887117],[-35.356667,-5.887115]],[[-35.356683,-5.887112],[-35.356674,-5.887128]],[[-35.356672,-5.887129],[-35.356656,-5.887121]],[[-35.356655,-5.887119],[-35.356663,-5.887103]],[[-35.356666,-5.887102],[-35.356682,-5.88711]]]}},{"type":"Feature","id":45,"properties":{"area_atuacao":"Açude do Bêbado — Escola Agrícola de Jundiaí, Macaíba","acao":"Linhas de nucleação","fonte_dado":"Nucleação","elemento":45},"geometry":{"type":"MultiLineString","coordinates":[[[-35.356705,-5.887158],[-35.356708,-5.887158],[-35.356708,-5.88716],[-35.356706,-5.887161],[-35.356705,-5.887158]],[[-35.356689,-5.88715],[-35.35669,-5.887149],[-35.356692,-5.887149],[-35.356692,-5.88715],[-35.356692,-5.88715],[-35.356692,-5.88715],[-35.356692,-5.887152],[-35.356689,-5.88715]],[[-35.356681,-5.887166],[-35.356683,-5.887166],[-35.356684,-5.887168],[-35.356683,-5.887169],[-35.356682,-5.887169],[-35.356682,-5.887169],[-35.356682,-5.887169],[-35.356681,-5.887169],[-35.356681,-5.887168],[-35.356681,-5.887168],[-35.356681,-5.887168],[-35.356681,-5.887166]],[[-35.356697,-5.887175],[-35.356699,-5.887174],[-35.3567,-5.887176],[-35.356698,-5.887177],[-35.356697,-5.887175]],[[-35.356693,-5.887162],[-35.356695,-5.887162],[-35.356696,-5.887164],[-35.356694,-5.887165],[-35.356693,-5.887162]],[[-35.356708,-5.88716],[-35.3567,-5.887176]],[[-35.356698,-5.887177],[-35.356682,-5.887169]],[[-35.356681,-5.887166],[-35.356689,-5.88715]],[[-35.356692,-5.887149],[-35.356708,-5.887158]]]}},{"type":"Feature","id":46,"properties":{"area_atuacao":"Açude do Bêbado — Escola Agrícola de Jundiaí, Macaíba","acao":"Linhas de nucleação","fonte_dado":"Nucleação","elemento":46},"geometry":{"type":"MultiLineString","coordinates":[[[-35.356758,-5.887171],[-35.35676,-5.88717],[-35.356761,-5.887173],[-35.356759,-5.887174],[-35.356758,-5.887171]],[[-35.356742,-5.887163],[-35.356744,-5.887162],[-35.356745,-5.887165],[-35.356743,-5.887165],[-35.356742,-5.887163]],[[-35.356734,-5.887179],[-35.356736,-5.887178],[-35.356737,-5.887181],[-35.356736,-5.887182],[-35.356735,-5.887182],[-35.356735,-5.887182],[-35.356734,-5.887182],[-35.356734,-5.887181],[-35.356734,-5.887181],[-35.356734,-5.887181],[-35.356733,-5.88718],[-35.356734,-5.887179]],[[-35.35675,-5.887187],[-35.356752,-5.887187],[-35.356753,-5.887189],[-35.35675,-5.88719],[-35.35675,-5.887187]],[[-35.356746,-5.887175],[-35.356748,-5.887174],[-35.356749,-5.887177],[-35.356746,-5.887178],[-35.356746,-5.887175]],[[-35.356761,-5.887173],[-35.356753,-5.887189]],[[-35.35675,-5.88719],[-35.356734,-5.887182]],[[-35.356734,-5.887179],[-35.356742,-5.887163]],[[-35.356744,-5.887162],[-35.35676,-5.88717]]]}},{"type":"Feature","id":47,"properties":{"area_atuacao":"Açude do Bêbado — Escola Agrícola de Jundiaí, Macaíba","acao":"Linhas de nucleação","fonte_dado":"Nucleação","elemento":47},"geometry":{"type":"MultiLineString","coordinates":[[[-35.35672,-5.88721],[-35.356723,-5.88721],[-35.356724,-5.887212],[-35.356721,-5.887213],[-35.35672,-5.88721]],[[-35.356704,-5.887202],[-35.356706,-5.887201],[-35.356707,-5.887201],[-35.356707,-5.887202],[-35.356707,-5.887202],[-35.356707,-5.887202],[-35.356708,-5.887203],[-35.356708,-5.887204],[-35.356704,-5.887202]],[[-35.356696,-5.887218],[-35.356699,-5.887218],[-35.356699,-5.88722],[-35.356698,-5.887221],[-35.356698,-5.887221],[-35.356697,-5.887221],[-35.356697,-5.887221],[-35.356697,-5.887221],[-35.356696,-5.88722],[-35.356696,-5.88722],[-35.356696,-5.887218]],[[-35.356712,-5.887227],[-35.356715,-5.887226],[-35.356715,-5.887228],[-35.356713,-5.887229],[-35.356712,-5.887227]],[[-35.356708,-5.887214],[-35.356711,-5.887214],[-35.356712,-5.887216],[-35.356709,-5.887217],[-35.356708,-5.887214]],[[-35.356724,-5.887212],[-35.356715,-5.887228]],[[-35.356713,-5.887229],[-35.356697,-5.887221]],[[-35.356696,-5.887218],[-35.356704,-5.887202]],[[-35.356707,-5.887201],[-35.356723,-5.88721]]]}},{"type":"Feature","id":48,"properties":{"area_atuacao":"Açude do Bêbado — Escola Agrícola de Jundiaí, Macaíba","acao":"Linhas de nucleação","fonte_dado":"Nucleação","elemento":48},"geometry":{"type":"MultiLineString","coordinates":[[[-35.356773,-5.887223],[-35.356776,-5.887222],[-35.356776,-5.887225],[-35.356774,-5.887226],[-35.356773,-5.887223]],[[-35.356757,-5.887215],[-35.356758,-5.887214],[-35.356759,-5.887214],[-35.35676,-5.887214],[-35.35676,-5.887215],[-35.35676,-5.887215],[-35.35676,-5.887217],[-35.356757,-5.887215]],[[-35.356749,-5.887231],[-35.356751,-5.88723],[-35.356752,-5.887233],[-35.356751,-5.887234],[-35.35675,-5.887234],[-35.35675,-5.887234],[-35.35675,-5.887234],[-35.356749,-5.887233],[-35.356749,-5.887233],[-35.356749,-5.887233],[-35.356749,-5.887232],[-35.356749,-5.887231]],[[-35.356765,-5.887239],[-35.356767,-5.887239],[-35.356768,-5.887241],[-35.356766,-5.887242],[-35.356765,-5.887239]],[[-35.356761,-5.887227],[-35.356763,-5.887226],[-35.356764,-5.887229],[-35.356762,-5.88723],[-35.356761,-5.887227]],[[-35.356776,-5.887225],[-35.356768,-5.887241]],[[-35.356766,-5.887242],[-35.35675,-5.887234]],[[-35.356749,-5.887231],[-35.356757,-5.887215]],[[-35.356759,-5.887214],[-35.356776,-5.887222]]]}},{"type":"Feature","id":49,"properties":{"area_atuacao":"Açude do Bêbado — Escola Agrícola de Jundiaí, Macaíba","acao":"Linhas de nucleação","fonte_dado":"Nucleação","elemento":49},"geometry":{"type":"MultiLineString","coordinates":[[[-35.356736,-5.887262],[-35.356738,-5.887262],[-35.356739,-5.887264],[-35.356736,-5.887265],[-35.356736,-5.887262]],[[-35.35672,-5.887254],[-35.356722,-5.887253],[-35.356723,-5.887256],[-35.35672,-5.887257],[-35.35672,-5.887254]],[[-35.356711,-5.88727],[-35.356714,-5.88727],[-35.356715,-5.887272],[-35.356713,-5.887273],[-35.356713,-5.887273],[-35.356713,-5.887273],[-35.356712,-5.887273],[-35.356712,-5.887273],[-35.356712,-5.887272],[-35.356711,-5.887272],[-35.356711,-5.88727]],[[-35.356728,-5.887279],[-35.35673,-5.887278],[-35.356731,-5.88728],[-35.356728,-5.887281],[-35.356728,-5.887279]],[[-35.356724,-5.887266],[-35.356726,-5.887266],[-35.356727,-5.887268],[-35.356724,-5.887269],[-35.356724,-5.887266]],[[-35.356739,-5.887264],[-35.356731,-5.88728]],[[-35.356728,-5.887281],[-35.356712,-5.887273]],[[-35.356711,-5.88727],[-35.35672,-5.887254]],[[-35.356722,-5.887253],[-35.356738,-5.887262]]]}},{"type":"Feature","id":50,"properties":{"area_atuacao":"Açude do Bêbado — Escola Agrícola de Jundiaí, Macaíba","acao":"Linhas de nucleação","fonte_dado":"Nucleação","elemento":50},"geometry":{"type":"MultiLineString","coordinates":[[[-35.356651,-5.887178],[-35.356654,-5.887177],[-35.356654,-5.88718],[-35.356652,-5.887181],[-35.356651,-5.887178]],[[-35.356635,-5.88717],[-35.356637,-5.887169],[-35.356638,-5.887172],[-35.356636,-5.887172],[-35.356635,-5.88717]],[[-35.356627,-5.887186],[-35.356629,-5.887185],[-35.35663,-5.887188],[-35.356629,-5.887189],[-35.356628,-5.887189],[-35.356628,-5.887189],[-35.356628,-5.887188],[-35.356627,-5.887188],[-35.356627,-5.887188],[-35.356627,-5.887188],[-35.356627,-5.887186]],[[-35.356643,-5.887194],[-35.356645,-5.887193],[-35.356646,-5.887196],[-35.356644,-5.887197],[-35.356643,-5.887194]],[[-35.356639,-5.887182],[-35.356641,-5.887181],[-35.356642,-5.887184],[-35.35664,-5.887185],[-35.356639,-5.887182]],[[-35.356654,-5.88718],[-35.356646,-5.887196]],[[-35.356644,-5.887197],[-35.356628,-5.887188]],[[-35.356627,-5.887186],[-35.356635,-5.88717]],[[-35.356637,-5.887169],[-35.356654,-5.887177]]]}},{"type":"Feature","id":51,"properties":{"area_atuacao":"Açude do Bêbado — Escola Agrícola de Jundiaí, Macaíba","acao":"Linhas de nucleação","fonte_dado":"Nucleação","elemento":51},"geometry":{"type":"MultiLineString","coordinates":[[[-35.35667,-5.887229],[-35.356672,-5.887228],[-35.356673,-5.887231],[-35.35667,-5.887232],[-35.35667,-5.887229]],[[-35.356654,-5.887221],[-35.356656,-5.88722],[-35.356657,-5.887223],[-35.356654,-5.887223],[-35.356654,-5.887221]],[[-35.356645,-5.887237],[-35.356648,-5.887236],[-35.356649,-5.887239],[-35.356647,-5.88724],[-35.356647,-5.88724],[-35.356646,-5.88724],[-35.356646,-5.887239],[-35.356646,-5.887239],[-35.356646,-5.887239],[-35.356645,-5.887239],[-35.356645,-5.887237]],[[-35.356661,-5.887245],[-35.356664,-5.887244],[-35.356665,-5.887247],[-35.356662,-5.887248],[-35.356661,-5.887245]],[[-35.356657,-5.887233],[-35.35666,-5.887232],[-35.356661,-5.887235],[-35.356658,-5.887235],[-35.356657,-5.887233]],[[-35.356673,-5.887231],[-35.356665,-5.887247]],[[-35.356662,-5.887248],[-35.356646,-5.887239]],[[-35.356645,-5.887237],[-35.356654,-5.887221]],[[-35.356656,-5.88722],[-35.356672,-5.887228]]]}},{"type":"Feature","id":52,"properties":{"area_atuacao":"Açude do Bêbado — Escola Agrícola de Jundiaí, Macaíba","acao":"Linhas de nucleação","fonte_dado":"Nucleação","elemento":52},"geometry":{"type":"MultiLineString","coordinates":[[[-35.356606,-5.887181],[-35.356609,-5.887181],[-35.35661,-5.887183],[-35.356607,-5.887184],[-35.356606,-5.887181]],[[-35.35659,-5.887173],[-35.356593,-5.887172],[-35.356594,-5.887175],[-35.356591,-5.887176],[-35.35659,-5.887173]],[[-35.356582,-5.887189],[-35.356585,-5.887189],[-35.356585,-5.887191],[-35.356584,-5.887192],[-35.356583,-5.887192],[-35.356583,-5.887192],[-35.356583,-5.887192],[-35.356583,-5.887192],[-35.356582,-5.887191],[-35.356582,-5.887191],[-35.356582,-5.887189]],[[-35.356598,-5.887197],[-35.356601,-5.887197],[-35.356601,-5.887199],[-35.356599,-5.8872],[-35.356598,-5.887197]],[[-35.356594,-5.887185],[-35.356597,-5.887185],[-35.356597,-5.887187],[-35.356595,-5.887188],[-35.356594,-5.887185]],[[-35.35661,-5.887183],[-35.356601,-5.887199]],[[-35.356599,-5.8872],[-35.356583,-5.887192]],[[-35.356582,-5.887189],[-35.35659,-5.887173]],[[-35.356593,-5.887172],[-35.356609,-5.887181]]]}},{"type":"Feature","id":53,"properties":{"area_atuacao":"Açude do Bêbado — Escola Agrícola de Jundiaí, Macaíba","acao":"Linhas de nucleação","fonte_dado":"Nucleação","elemento":53},"geometry":{"type":"MultiLineString","coordinates":[[[-35.356777,-5.887316],[-35.35678,-5.887315],[-35.356781,-5.887318],[-35.356778,-5.887318],[-35.356777,-5.887316]],[[-35.356761,-5.887308],[-35.356763,-5.887307],[-35.356764,-5.887307],[-35.356764,-5.887307],[-35.356764,-5.887307],[-35.356764,-5.887308],[-35.356765,-5.887308],[-35.356765,-5.88731],[-35.356761,-5.887308]],[[-35.356753,-5.887324],[-35.356756,-5.887323],[-35.356756,-5.887326],[-35.356755,-5.887327],[-35.356755,-5.887327],[-35.356754,-5.887327],[-35.356754,-5.887326],[-35.356754,-5.887326],[-35.356753,-5.887326],[-35.356753,-5.887325],[-35.356753,-5.887324]],[[-35.356769,-5.887332],[-35.356772,-5.887331],[-35.356772,-5.887334],[-35.35677,-5.887335],[-35.356769,-5.887332]],[[-35.356765,-5.88732],[-35.356768,-5.887319],[-35.356769,-5.887322],[-35.356766,-5.887322],[-35.356765,-5.88732]],[[-35.356781,-5.887318],[-35.356772,-5.887334]],[[-35.35677,-5.887335],[-35.356754,-5.887326]],[[-35.356753,-5.887324],[-35.356761,-5.887308]],[[-35.356764,-5.887307],[-35.35678,-5.887315]]]}},{"type":"Feature","id":54,"properties":{"area_atuacao":"Açude do Bêbado — Escola Agrícola de Jundiaí, Macaíba","acao":"Linhas de nucleação","fonte_dado":"Nucleação","elemento":54},"geometry":{"type":"MultiLineString","coordinates":[[[-35.356827,-5.887352],[-35.35683,-5.887351],[-35.356831,-5.887354],[-35.356828,-5.887355],[-35.356827,-5.887352]],[[-35.356811,-5.887344],[-35.356813,-5.887343],[-35.356814,-5.887343],[-35.356814,-5.887343],[-35.356814,-5.887343],[-35.356815,-5.887344],[-35.356815,-5.887346],[-35.356811,-5.887344]],[[-35.356803,-5.88736],[-35.356806,-5.887359],[-35.356806,-5.887362],[-35.356805,-5.887362],[-35.356805,-5.887363],[-35.356805,-5.887363],[-35.356804,-5.887363],[-35.356804,-5.887362],[-35.356804,-5.887362],[-35.356803,-5.887362],[-35.356803,-5.887362],[-35.356803,-5.88736]],[[-35.356819,-5.887368],[-35.356822,-5.887367],[-35.356822,-5.88737],[-35.35682,-5.887371],[-35.356819,-5.887368]],[[-35.356815,-5.887356],[-35.356818,-5.887355],[-35.356819,-5.887358],[-35.356816,-5.887358],[-35.356815,-5.887356]],[[-35.356831,-5.887354],[-35.356822,-5.88737]],[[-35.35682,-5.887371],[-35.356804,-5.887362]],[[-35.356803,-5.88736],[-35.356811,-5.887344]],[[-35.356814,-5.887343],[-35.35683,-5.887351]]]}},{"type":"Feature","id":55,"properties":{"area_atuacao":"Açude do Bêbado — Escola Agrícola de Jundiaí, Macaíba","acao":"Linhas de nucleação","fonte_dado":"Nucleação","elemento":55},"geometry":{"type":"MultiLineString","coordinates":[[[-35.356871,-5.887402],[-35.356874,-5.887401],[-35.356874,-5.887404],[-35.356872,-5.887405],[-35.356871,-5.887402]],[[-35.356855,-5.887394],[-35.356857,-5.887393],[-35.356858,-5.887396],[-35.356856,-5.887396],[-35.356855,-5.887394]],[[-35.356847,-5.88741],[-35.356849,-5.887409],[-35.35685,-5.887412],[-35.356849,-5.887413],[-35.356848,-5.887413],[-35.356848,-5.887413],[-35.356848,-5.887413],[-35.356847,-5.887412],[-35.356847,-5.887412],[-35.356847,-5.887412],[-35.356847,-5.887411],[-35.356847,-5.88741]],[[-35.356863,-5.887418],[-35.356865,-5.887418],[-35.356866,-5.88742],[-35.356864,-5.887421],[-35.356863,-5.887418]],[[-35.356859,-5.887406],[-35.356861,-5.887405],[-35.356862,-5.887408],[-35.35686,-5.887409],[-35.356859,-5.887406]],[[-35.356874,-5.887404],[-35.356866,-5.88742]],[[-35.356864,-5.887421],[-35.356848,-5.887413]],[[-35.356847,-5.88741],[-35.356855,-5.887394]],[[-35.356857,-5.887393],[-35.356874,-5.887401]]]}},{"type":"Feature","id":56,"properties":{"area_atuacao":"Açude do Bêbado — Escola Agrícola de Jundiaí, Macaíba","acao":"Linhas de nucleação","fonte_dado":"Nucleação","elemento":56},"geometry":{"type":"MultiLineString","coordinates":[[[-35.356926,-5.887445],[-35.356929,-5.887444],[-35.35693,-5.887447],[-35.356927,-5.887447],[-35.356926,-5.887445]],[[-35.35691,-5.887437],[-35.356912,-5.887436],[-35.356913,-5.887436],[-35.356913,-5.887436],[-35.356913,-5.887436],[-35.356914,-5.887437],[-35.356914,-5.887438],[-35.35691,-5.887437]],[[-35.356902,-5.887453],[-35.356905,-5.887452],[-35.356905,-5.887455],[-35.356904,-5.887455],[-35.356904,-5.887455],[-35.356903,-5.887455],[-35.356903,-5.887455],[-35.356903,-5.887455],[-35.356902,-5.887455],[-35.356902,-5.887454],[-35.356902,-5.887453]],[[-35.356918,-5.887461],[-35.356921,-5.88746],[-35.356921,-5.887463],[-35.356919,-5.887464],[-35.356918,-5.887461]],[[-35.356914,-5.887449],[-35.356917,-5.887448],[-35.356918,-5.887451],[-35.356915,-5.887451],[-35.356914,-5.887449]],[[-35.35693,-5.887447],[-35.356921,-5.887463]],[[-35.356919,-5.887464],[-35.356903,-5.887455]],[[-35.356902,-5.887453],[-35.35691,-5.887437]],[[-35.356913,-5.887436],[-35.356929,-5.887444]]]}},{"type":"Feature","id":57,"properties":{"area_atuacao":"Açude do Bêbado — Escola Agrícola de Jundiaí, Macaíba","acao":"Linhas de nucleação","fonte_dado":"Nucleação","elemento":57},"geometry":{"type":"MultiLineString","coordinates":[[[-35.35698,-5.887439],[-35.356983,-5.887438],[-35.356983,-5.88744],[-35.356981,-5.887441],[-35.35698,-5.887439]],[[-35.356964,-5.88743],[-35.356965,-5.88743],[-35.356967,-5.88743],[-35.356967,-5.88743],[-35.356967,-5.88743],[-35.356967,-5.88743],[-35.356968,-5.887431],[-35.356967,-5.887432],[-35.356964,-5.88743]],[[-35.356956,-5.887447],[-35.356958,-5.887446],[-35.356959,-5.887448],[-35.356958,-5.887449],[-35.356958,-5.887449],[-35.356957,-5.887449],[-35.356957,-5.887449],[-35.356957,-5.887449],[-35.356956,-5.887449],[-35.356956,-5.887449],[-35.356956,-5.887448],[-35.356956,-5.887447]],[[-35.356972,-5.887455],[-35.356974,-5.887454],[-35.356975,-5.887456],[-35.356973,-5.887457],[-35.356972,-5.887455]],[[-35.356968,-5.887443],[-35.356971,-5.887442],[-35.356971,-5.887444],[-35.356969,-5.887445],[-35.356968,-5.887443]],[[-35.356983,-5.88744],[-35.356975,-5.887456]],[[-35.356973,-5.887457],[-35.356957,-5.887449]],[[-35.356956,-5.887447],[-35.356964,-5.88743]],[[-35.356967,-5.88743],[-35.356983,-5.887438]]]}},{"type":"Feature","id":58,"properties":{"area_atuacao":"Açude do Bêbado — Escola Agrícola de Jundiaí, Macaíba","acao":"Linhas de nucleação","fonte_dado":"Nucleação","elemento":58},"geometry":{"type":"MultiLineString","coordinates":[[[-35.356985,-5.887385],[-35.356987,-5.887384],[-35.356988,-5.887386],[-35.356986,-5.887387],[-35.356985,-5.887385]],[[-35.356969,-5.887376],[-35.35697,-5.887376],[-35.356971,-5.887376],[-35.356972,-5.887376],[-35.356972,-5.887376],[-35.356972,-5.887376],[-35.356972,-5.887377],[-35.356972,-5.887378],[-35.356969,-5.887376]],[[-35.356961,-5.887393],[-35.356963,-5.887392],[-35.356964,-5.887394],[-35.356963,-5.887395],[-35.356962,-5.887395],[-35.356962,-5.887395],[-35.356961,-5.887395],[-35.356961,-5.887395],[-35.356961,-5.887395],[-35.356961,-5.887394],[-35.356961,-5.887393]],[[-35.356977,-5.887401],[-35.356979,-5.8874],[-35.35698,-5.887402],[-35.356978,-5.887403],[-35.356977,-5.887401]],[[-35.356973,-5.887389],[-35.356975,-5.887388],[-35.356976,-5.88739],[-35.356974,-5.887391],[-35.356973,-5.887389]],[[-35.356988,-5.887386],[-35.35698,-5.887402]],[[-35.356978,-5.887403],[-35.356961,-5.887395]],[[-35.356961,-5.887393],[-35.356969,-5.887376]],[[-35.356971,-5.887376],[-35.356987,-5.887384]]]}},{"type":"Feature","id":59,"properties":{"area_atuacao":"Açude do Bêbado — Escola Agrícola de Jundiaí, Macaíba","acao":"Linhas de nucleação","fonte_dado":"Nucleação","elemento":59},"geometry":{"type":"MultiLineString","coordinates":[[[-35.357029,-5.887416],[-35.357032,-5.887415],[-35.357033,-5.887417],[-35.35703,-5.887418],[-35.357029,-5.887416]],[[-35.357013,-5.887408],[-35.357014,-5.887407],[-35.357016,-5.887407],[-35.357016,-5.887407],[-35.357016,-5.887407],[-35.357017,-5.887408],[-35.357016,-5.887409],[-35.357013,-5.887408]],[[-35.357005,-5.887424],[-35.357007,-5.887423],[-35.357008,-5.887425],[-35.357007,-5.887426],[-35.357006,-5.887426],[-35.357006,-5.887426],[-35.357006,-5.887426],[-35.357006,-5.887426],[-35.357005,-5.887426],[-35.357005,-5.887425],[-35.357005,-5.887425],[-35.357005,-5.887424]],[[-35.357021,-5.887432],[-35.357024,-5.887431],[-35.357024,-5.887434],[-35.357022,-5.887434],[-35.357021,-5.887432]],[[-35.357017,-5.88742],[-35.35702,-5.887419],[-35.35702,-5.887421],[-35.357018,-5.887422],[-35.357017,-5.88742]],[[-35.357033,-5.887417],[-35.357024,-5.887434]],[[-35.357022,-5.887434],[-35.357006,-5.887426]],[[-35.357005,-5.887424],[-35.357013,-5.887408]],[[-35.357016,-5.887407],[-35.357032,-5.887415]]]}},{"type":"Feature","id":60,"properties":{"area_atuacao":"Açude do Bêbado — Escola Agrícola de Jundiaí, Macaíba","acao":"Linhas de nucleação","fonte_dado":"Nucleação","elemento":60},"geometry":{"type":"MultiLineString","coordinates":[[[-35.357034,-5.887362],[-35.357036,-5.887361],[-35.357037,-5.887363],[-35.357035,-5.887364],[-35.357034,-5.887362]],[[-35.357018,-5.887354],[-35.357019,-5.887353],[-35.35702,-5.887353],[-35.357021,-5.887353],[-35.357021,-5.887353],[-35.357021,-5.887354],[-35.357021,-5.887355],[-35.357018,-5.887354]],[[-35.35701,-5.88737],[-35.357012,-5.887369],[-35.357013,-5.887371],[-35.357012,-5.887372],[-35.357011,-5.887372],[-35.357011,-5.887372],[-35.357011,-5.887372],[-35.35701,-5.887372],[-35.35701,-5.887372],[-35.35701,-5.887371],[-35.35701,-5.887371],[-35.35701,-5.88737]],[[-35.357026,-5.887378],[-35.357028,-5.887377],[-35.357029,-5.88738],[-35.357027,-5.88738],[-35.357026,-5.887378]],[[-35.357022,-5.887366],[-35.357024,-5.887365],[-35.357025,-5.887367],[-35.357023,-5.887368],[-35.357022,-5.887366]],[[-35.357037,-5.887363],[-35.357029,-5.88738]],[[-35.357027,-5.88738],[-35.357011,-5.887372]],[[-35.35701,-5.88737],[-35.357018,-5.887354]],[[-35.35702,-5.887353],[-35.357036,-5.887361]]]}},{"type":"Feature","id":61,"properties":{"area_atuacao":"Açude do Bêbado — Escola Agrícola de Jundiaí, Macaíba","acao":"Linhas de nucleação","fonte_dado":"Nucleação","elemento":61},"geometry":{"type":"MultiLineString","coordinates":[[[-35.357061,-5.887315],[-35.357064,-5.887314],[-35.357064,-5.887317],[-35.357062,-5.887317],[-35.357061,-5.887315]],[[-35.357045,-5.887307],[-35.357048,-5.887306],[-35.357048,-5.887308],[-35.357046,-5.887309],[-35.357045,-5.887307]],[[-35.357037,-5.887323],[-35.357039,-5.887322],[-35.35704,-5.887324],[-35.357039,-5.887325],[-35.357038,-5.887325],[-35.357038,-5.887325],[-35.357038,-5.887325],[-35.357038,-5.887325],[-35.357037,-5.887325],[-35.357037,-5.887324],[-35.357037,-5.887323]],[[-35.357053,-5.887331],[-35.357056,-5.88733],[-35.357056,-5.887333],[-35.357054,-5.887333],[-35.357053,-5.887331]],[[-35.357049,-5.887319],[-35.357052,-5.887318],[-35.357052,-5.88732],[-35.35705,-5.887321],[-35.357049,-5.887319]],[[-35.357064,-5.887317],[-35.357056,-5.887333]],[[-35.357054,-5.887333],[-35.357038,-5.887325]],[[-35.357037,-5.887323],[-35.357045,-5.887307]],[[-35.357048,-5.887306],[-35.357064,-5.887314]]]}},{"type":"Feature","id":62,"properties":{"area_atuacao":"Açude do Bêbado — Escola Agrícola de Jundiaí, Macaíba","acao":"Linhas de nucleação","fonte_dado":"Nucleação","elemento":62},"geometry":{"type":"MultiLineString","coordinates":[[[-35.357056,-5.887261],[-35.357058,-5.88726],[-35.357059,-5.887263],[-35.357056,-5.887263],[-35.357056,-5.887261]],[[-35.357039,-5.887253],[-35.35704,-5.887252],[-35.357042,-5.887252],[-35.357042,-5.887252],[-35.357043,-5.887253],[-35.357043,-5.887253],[-35.357043,-5.887254],[-35.357039,-5.887253]],[[-35.357031,-5.887269],[-35.357034,-5.887268],[-35.357034,-5.88727],[-35.357033,-5.887271],[-35.357033,-5.887271],[-35.357032,-5.887271],[-35.357032,-5.887271],[-35.357032,-5.887271],[-35.357032,-5.887271],[-35.357031,-5.88727],[-35.357031,-5.887269]],[[-35.357047,-5.887277],[-35.35705,-5.887276],[-35.357051,-5.887279],[-35.357048,-5.887279],[-35.357047,-5.887277]],[[-35.357043,-5.887265],[-35.357046,-5.887264],[-35.357047,-5.887267],[-35.357044,-5.887267],[-35.357043,-5.887265]],[[-35.357059,-5.887263],[-35.357051,-5.887279]],[[-35.357048,-5.887279],[-35.357032,-5.887271]],[[-35.357031,-5.887269],[-35.357039,-5.887253]],[[-35.357042,-5.887252],[-35.357058,-5.88726]]]}},{"type":"Feature","id":63,"properties":{"area_atuacao":"Açude do Bêbado — Escola Agrícola de Jundiaí, Macaíba","acao":"Linhas de nucleação","fonte_dado":"Nucleação","elemento":63},"geometry":{"type":"MultiLineString","coordinates":[[[-35.35706,-5.887207],[-35.357063,-5.887206],[-35.357063,-5.887209],[-35.357061,-5.887209],[-35.35706,-5.887207]],[[-35.357044,-5.887199],[-35.357047,-5.887198],[-35.357047,-5.8872],[-35.357045,-5.887201],[-35.357044,-5.887199]],[[-35.357036,-5.887215],[-35.357038,-5.887214],[-35.357039,-5.887216],[-35.357038,-5.887217],[-35.357037,-5.887217],[-35.357037,-5.887217],[-35.357037,-5.887217],[-35.357037,-5.887217],[-35.357036,-5.887217],[-35.357036,-5.887217],[-35.357036,-5.887216],[-35.357036,-5.887215]],[[-35.357052,-5.887223],[-35.357055,-5.887222],[-35.357055,-5.887225],[-35.357053,-5.887225],[-35.357052,-5.887223]],[[-35.357048,-5.887211],[-35.357051,-5.88721],[-35.357051,-5.887213],[-35.357049,-5.887213],[-35.357048,-5.887211]],[[-35.357063,-5.887209],[-35.357055,-5.887225]],[[-35.357053,-5.887225],[-35.357037,-5.887217]],[[-35.357036,-5.887215],[-35.357044,-5.887199]],[[-35.357047,-5.887198],[-35.357063,-5.887206]]]}},{"type":"Feature","id":64,"properties":{"area_atuacao":"Açude do Bêbado — Escola Agrícola de Jundiaí, Macaíba","acao":"Linhas de nucleação","fonte_dado":"Nucleação","elemento":64},"geometry":{"type":"MultiLineString","coordinates":[[[-35.357025,-5.887483],[-35.357027,-5.887482],[-35.357028,-5.887485],[-35.357025,-5.887485],[-35.357025,-5.887483]],[[-35.357009,-5.887475],[-35.357011,-5.887474],[-35.357012,-5.887476],[-35.357009,-5.887477],[-35.357009,-5.887475]],[[-35.357,-5.887491],[-35.357003,-5.88749],[-35.357004,-5.887493],[-35.357003,-5.887493],[-35.357002,-5.887494],[-35.357002,-5.887494],[-35.357001,-5.887493],[-35.357001,-5.887493],[-35.357001,-5.887493],[-35.357001,-5.887493],[-35.357,-5.887493],[-35.357,-5.887492],[-35.357,-5.887491]],[[-35.357016,-5.887499],[-35.357019,-5.887498],[-35.35702,-5.887501],[-35.357017,-5.887502],[-35.357016,-5.887499]],[[-35.357013,-5.887487],[-35.357015,-5.887486],[-35.357016,-5.887489],[-35.357013,-5.887489],[-35.357013,-5.887487]],[[-35.357028,-5.887485],[-35.35702,-5.887501]],[[-35.357017,-5.887502],[-35.357001,-5.887493]],[[-35.357,-5.887491],[-35.357009,-5.887475]],[[-35.357011,-5.887474],[-35.357027,-5.887482]]]}},{"type":"Feature","id":65,"properties":{"area_atuacao":"Açude do Bêbado — Escola Agrícola de Jundiaí, Macaíba","acao":"Linhas de nucleação","fonte_dado":"Nucleação","elemento":65},"geometry":{"type":"MultiLineString","coordinates":[[[-35.356971,-5.887492],[-35.356974,-5.887491],[-35.356974,-5.887494],[-35.356972,-5.887495],[-35.356971,-5.887492]],[[-35.356955,-5.887484],[-35.356958,-5.887483],[-35.356958,-5.887486],[-35.356956,-5.887486],[-35.356955,-5.887484]],[[-35.356947,-5.8875],[-35.356949,-5.887499],[-35.35695,-5.887502],[-35.356949,-5.887503],[-35.356948,-5.887503],[-35.356948,-5.887503],[-35.356948,-5.887503],[-35.356948,-5.887502],[-35.356947,-5.887502],[-35.356947,-5.887501],[-35.356947,-5.8875]],[[-35.356963,-5.887508],[-35.356966,-5.887508],[-35.356966,-5.88751],[-35.356964,-5.887511],[-35.356963,-5.887508]],[[-35.356959,-5.887496],[-35.356962,-5.887495],[-35.356962,-5.887498],[-35.35696,-5.887499],[-35.356959,-5.887496]],[[-35.356974,-5.887494],[-35.356966,-5.88751]],[[-35.356964,-5.887511],[-35.356948,-5.887503]],[[-35.356947,-5.8875],[-35.356955,-5.887484]],[[-35.356958,-5.887483],[-35.356974,-5.887491]]]}},{"type":"Feature","id":66,"properties":{"area_atuacao":"Açude do Bêbado — Escola Agrícola de Jundiaí, Macaíba","acao":"Linhas de nucleação","fonte_dado":"Nucleação","elemento":66},"geometry":{"type":"MultiLineString","coordinates":[[[-35.357006,-5.887534],[-35.357008,-5.887533],[-35.357009,-5.887536],[-35.357007,-5.887536],[-35.357006,-5.887534]],[[-35.35699,-5.887526],[-35.356991,-5.887525],[-35.356992,-5.887525],[-35.356992,-5.887525],[-35.356993,-5.887525],[-35.356993,-5.887526],[-35.356993,-5.887527],[-35.35699,-5.887526]],[[-35.356982,-5.887542],[-35.356984,-5.887541],[-35.356985,-5.887543],[-35.356984,-5.887544],[-35.356983,-5.887544],[-35.356983,-5.887544],[-35.356982,-5.887544],[-35.356982,-5.887544],[-35.356982,-5.887544],[-35.356982,-5.887544],[-35.356981,-5.887543],[-35.356982,-5.887542]],[[-35.356998,-5.88755],[-35.357,-5.887549],[-35.357001,-5.887552],[-35.356998,-5.887552],[-35.356998,-5.88755]],[[-35.356994,-5.887538],[-35.356996,-5.887537],[-35.356997,-5.887539],[-35.356995,-5.88754],[-35.356994,-5.887538]],[[-35.357009,-5.887536],[-35.357001,-5.887552]],[[-35.356998,-5.887552],[-35.356982,-5.887544]],[[-35.356982,-5.887542],[-35.35699,-5.887526]],[[-35.356992,-5.887525],[-35.357008,-5.887533]]]}},{"type":"Feature","id":67,"properties":{"area_atuacao":"Açude do Bêbado — Escola Agrícola de Jundiaí, Macaíba","acao":"Linhas de nucleação","fonte_dado":"Nucleação","elemento":67},"geometry":{"type":"MultiLineString","coordinates":[[[-35.357059,-5.887525],[-35.357062,-5.887524],[-35.357062,-5.887526],[-35.35706,-5.887527],[-35.357059,-5.887525]],[[-35.357043,-5.887517],[-35.357044,-5.887516],[-35.357046,-5.887516],[-35.357046,-5.887516],[-35.357046,-5.887516],[-35.357046,-5.887516],[-35.357047,-5.887517],[-35.357046,-5.887518],[-35.357043,-5.887517]],[[-35.357035,-5.887533],[-35.357037,-5.887532],[-35.357038,-5.887534],[-35.357037,-5.887535],[-35.357036,-5.887535],[-35.357036,-5.887535],[-35.357036,-5.887535],[-35.357036,-5.887535],[-35.357035,-5.887535],[-35.357035,-5.887534],[-35.357035,-5.887533]],[[-35.357051,-5.887541],[-35.357054,-5.88754],[-35.357054,-5.887542],[-35.357052,-5.887543],[-35.357051,-5.887541]],[[-35.357047,-5.887529],[-35.35705,-5.887528],[-35.35705,-5.88753],[-35.357048,-5.887531],[-35.357047,-5.887529]],[[-35.357062,-5.887526],[-35.357054,-5.887542]],[[-35.357052,-5.887543],[-35.357036,-5.887535]],[[-35.357035,-5.887533],[-35.357043,-5.887517]],[[-35.357046,-5.887516],[-35.357062,-5.887524]]]}},{"type":"Feature","id":68,"properties":{"area_atuacao":"Açude do Bêbado — Escola Agrícola de Jundiaí, Macaíba","acao":"Linhas de nucleação","fonte_dado":"Nucleação","elemento":68},"geometry":{"type":"MultiLineString","coordinates":[[[-35.357082,-5.887465],[-35.357084,-5.887464],[-35.357085,-5.887467],[-35.357082,-5.887468],[-35.357082,-5.887465]],[[-35.357065,-5.887457],[-35.357068,-5.887456],[-35.357069,-5.887459],[-35.357066,-5.887459],[-35.357065,-5.887457]],[[-35.357057,-5.887473],[-35.35706,-5.887472],[-35.35706,-5.887475],[-35.357059,-5.887476],[-35.357059,-5.887476],[-35.357058,-5.887476],[-35.357058,-5.887475],[-35.357058,-5.887475],[-35.357058,-5.887475],[-35.357057,-5.887475],[-35.357057,-5.887473]],[[-35.357073,-5.887481],[-35.357076,-5.88748],[-35.357077,-5.887483],[-35.357074,-5.887484],[-35.357073,-5.887481]],[[-35.357069,-5.887469],[-35.357072,-5.887468],[-35.357073,-5.887471],[-35.35707,-5.887472],[-35.357069,-5.887469]],[[-35.357085,-5.887467],[-35.357077,-5.887483]],[[-35.357074,-5.887484],[-35.357058,-5.887475]],[[-35.357057,-5.887473],[-35.357065,-5.887457]],[[-35.357068,-5.887456],[-35.357084,-5.887464]]]}},{"type":"Feature","id":69,"properties":{"area_atuacao":"Açude do Bêbado — Escola Agrícola de Jundiaí, Macaíba","acao":"Linhas de nucleação","fonte_dado":"Nucleação","elemento":69},"geometry":{"type":"MultiLineString","coordinates":[[[-35.35704,-5.887576],[-35.357043,-5.887575],[-35.357044,-5.887577],[-35.357041,-5.887578],[-35.35704,-5.887576]],[[-35.357024,-5.887567],[-35.357026,-5.887566],[-35.357027,-5.887567],[-35.357027,-5.887567],[-35.357028,-5.887567],[-35.357028,-5.887568],[-35.357028,-5.887569],[-35.357024,-5.887567]],[[-35.357016,-5.887584],[-35.357019,-5.887583],[-35.357019,-5.887585],[-35.357018,-5.887586],[-35.357018,-5.887586],[-35.357017,-5.887586],[-35.357017,-5.887586],[-35.357017,-5.887586],[-35.357017,-5.887586],[-35.357016,-5.887585],[-35.357016,-5.887585],[-35.357016,-5.887584]],[[-35.357032,-5.887592],[-35.357035,-5.887591],[-35.357036,-5.887593],[-35.357033,-5.887594],[-35.357032,-5.887592]],[[-35.357028,-5.88758],[-35.357031,-5.887579],[-35.357032,-5.887581],[-35.357029,-5.887582],[-35.357028,-5.88758]],[[-35.357044,-5.887577],[-35.357036,-5.887593]],[[-35.357033,-5.887594],[-35.357017,-5.887586]],[[-35.357016,-5.887584],[-35.357024,-5.887567]],[[-35.357027,-5.887567],[-35.357043,-5.887575]]]}},{"type":"Feature","id":70,"properties":{"area_atuacao":"Açude do Bêbado — Escola Agrícola de Jundiaí, Macaíba","acao":"Linhas de nucleação","fonte_dado":"Nucleação","elemento":70},"geometry":{"type":"MultiLineString","coordinates":[[[-35.357094,-5.887566],[-35.357096,-5.887566],[-35.357097,-5.887568],[-35.357095,-5.887569],[-35.357094,-5.887566]],[[-35.357078,-5.887558],[-35.35708,-5.887557],[-35.357081,-5.88756],[-35.357079,-5.887561],[-35.357078,-5.887558]],[[-35.35707,-5.887574],[-35.357072,-5.887574],[-35.357073,-5.887576],[-35.357072,-5.887577],[-35.357071,-5.887577],[-35.357071,-5.887577],[-35.357071,-5.887577],[-35.35707,-5.887577],[-35.35707,-5.887577],[-35.35707,-5.887576],[-35.357069,-5.887576],[-35.35707,-5.887574]],[[-35.357086,-5.887583],[-35.357088,-5.887582],[-35.357089,-5.887584],[-35.357086,-5.887585],[-35.357086,-5.887583]],[[-35.357082,-5.88757],[-35.357084,-5.88757],[-35.357085,-5.887572],[-35.357083,-5.887573],[-35.357082,-5.88757]],[[-35.357097,-5.887568],[-35.357089,-5.887584]],[[-35.357086,-5.887585],[-35.35707,-5.887577]],[[-35.35707,-5.887574],[-35.357078,-5.887558]],[[-35.35708,-5.887557],[-35.357096,-5.887566]]]}},{"type":"Feature","id":71,"properties":{"area_atuacao":"Açude do Bêbado — Escola Agrícola de Jundiaí, Macaíba","acao":"Linhas de nucleação","fonte_dado":"Nucleação","elemento":71},"geometry":{"type":"MultiLineString","coordinates":[[[-35.357113,-5.887617],[-35.357116,-5.887616],[-35.357116,-5.887619],[-35.357114,-5.88762],[-35.357113,-5.887617]],[[-35.357097,-5.887609],[-35.357098,-5.887608],[-35.357099,-5.887608],[-35.3571,-5.887608],[-35.3571,-5.887609],[-35.3571,-5.887609],[-35.3571,-5.887611],[-35.357097,-5.887609]],[[-35.357089,-5.887625],[-35.357091,-5.887624],[-35.357092,-5.887627],[-35.357091,-5.887628],[-35.35709,-5.887628],[-35.35709,-5.887628],[-35.35709,-5.887627],[-35.357089,-5.887627],[-35.357089,-5.887627],[-35.357089,-5.887627],[-35.357089,-5.887625]],[[-35.357105,-5.887633],[-35.357107,-5.887632],[-35.357108,-5.887635],[-35.357106,-5.887636],[-35.357105,-5.887633]],[[-35.357101,-5.887621],[-35.357103,-5.88762],[-35.357104,-5.887623],[-35.357102,-5.887624],[-35.357101,-5.887621]],[[-35.357116,-5.887619],[-35.357108,-5.887635]],[[-35.357106,-5.887636],[-35.35709,-5.887627]],[[-35.357089,-5.887625],[-35.357097,-5.887609]],[[-35.357099,-5.887608],[-35.357116,-5.887616]]]}},{"type":"Feature","id":72,"properties":{"area_atuacao":"Açude do Bêbado — Escola Agrícola de Jundiaí, Macaíba","acao":"Linhas de nucleação","fonte_dado":"Nucleação","elemento":72},"geometry":{"type":"MultiLineString","coordinates":[[[-35.357147,-5.887575],[-35.35715,-5.887574],[-35.357151,-5.887577],[-35.357148,-5.887578],[-35.357147,-5.887575]],[[-35.357131,-5.887567],[-35.357134,-5.887566],[-35.357134,-5.887569],[-35.357132,-5.887569],[-35.357131,-5.887567]],[[-35.357123,-5.887583],[-35.357125,-5.887582],[-35.357126,-5.887585],[-35.357125,-5.887586],[-35.357125,-5.887586],[-35.357124,-5.887586],[-35.357124,-5.887586],[-35.357124,-5.887585],[-35.357124,-5.887585],[-35.357123,-5.887585],[-35.357123,-5.887585],[-35.357123,-5.887583]],[[-35.357139,-5.887591],[-35.357142,-5.88759],[-35.357142,-5.887593],[-35.35714,-5.887594],[-35.357139,-5.887591]],[[-35.357135,-5.887579],[-35.357138,-5.887578],[-35.357138,-5.887581],[-35.357136,-5.887582],[-35.357135,-5.887579]],[[-35.357151,-5.887577],[-35.357142,-5.887593]],[[-35.35714,-5.887594],[-35.357124,-5.887585]],[[-35.357123,-5.887583],[-35.357131,-5.887567]],[[-35.357134,-5.887566],[-35.35715,-5.887574]]]}},{"type":"Feature","id":73,"properties":{"area_atuacao":"Açude do Bêbado — Escola Agrícola de Jundiaí, Macaíba","acao":"Linhas de nucleação","fonte_dado":"Nucleação","elemento":73},"geometry":{"type":"MultiLineString","coordinates":[[[-35.357167,-5.887626],[-35.357169,-5.887625],[-35.35717,-5.887628],[-35.357167,-5.887628],[-35.357167,-5.887626]],[[-35.35715,-5.887618],[-35.357152,-5.887617],[-35.357153,-5.887617],[-35.357153,-5.887617],[-35.357153,-5.887617],[-35.357154,-5.887618],[-35.357154,-5.887619],[-35.35715,-5.887618]],[[-35.357142,-5.887634],[-35.357145,-5.887633],[-35.357145,-5.887635],[-35.357145,-5.887636],[-35.357144,-5.887636],[-35.357144,-5.887636],[-35.357143,-5.887636],[-35.357143,-5.887636],[-35.357143,-5.887636],[-35.357143,-5.887636],[-35.357142,-5.887635],[-35.357142,-5.887634]],[[-35.357158,-5.887642],[-35.357161,-5.887641],[-35.357162,-5.887644],[-35.357159,-5.887644],[-35.357158,-5.887642]],[[-35.357154,-5.88763],[-35.357157,-5.887629],[-35.357158,-5.887631],[-35.357155,-5.887632],[-35.357154,-5.88763]],[[-35.35717,-5.887628],[-35.357162,-5.887644]],[[-35.357159,-5.887644],[-35.357143,-5.887636]],[[-35.357142,-5.887634],[-35.35715,-5.887618]],[[-35.357153,-5.887617],[-35.357169,-5.887625]]]}},{"type":"Feature","id":74,"properties":{"area_atuacao":"Açude do Bêbado — Escola Agrícola de Jundiaí, Macaíba","acao":"Linhas de nucleação","fonte_dado":"Nucleação","elemento":74},"geometry":{"type":"MultiLineString","coordinates":[[[-35.357164,-5.88768],[-35.357166,-5.887679],[-35.357167,-5.887682],[-35.357165,-5.887682],[-35.357164,-5.88768]],[[-35.357148,-5.887672],[-35.357149,-5.887671],[-35.35715,-5.887671],[-35.35715,-5.887671],[-35.357151,-5.887672],[-35.357151,-5.887672],[-35.357151,-5.887673],[-35.357148,-5.887672]],[[-35.35714,-5.887688],[-35.357142,-5.887687],[-35.357143,-5.88769],[-35.357142,-5.887691],[-35.357141,-5.887691],[-35.357141,-5.88769],[-35.35714,-5.88769],[-35.35714,-5.88769],[-35.35714,-5.88769],[-35.35714,-5.887689],[-35.35714,-5.887688]],[[-35.357156,-5.887696],[-35.357158,-5.887695],[-35.357159,-5.887698],[-35.357156,-5.887699],[-35.357156,-5.887696]],[[-35.357152,-5.887684],[-35.357154,-5.887683],[-35.357155,-5.887686],[-35.357152,-5.887686],[-35.357152,-5.887684]],[[-35.357167,-5.887682],[-35.357159,-5.887698]],[[-35.357156,-5.887699],[-35.35714,-5.88769]],[[-35.35714,-5.887688],[-35.357148,-5.887672]],[[-35.35715,-5.887671],[-35.357166,-5.887679]]]}},{"type":"Feature","id":75,"properties":{"area_atuacao":"Açude do Bêbado — Escola Agrícola de Jundiaí, Macaíba","acao":"Linhas de nucleação","fonte_dado":"Nucleação","elemento":75},"geometry":{"type":"MultiLineString","coordinates":[[[-35.357212,-5.887655],[-35.357214,-5.887655],[-35.357215,-5.887657],[-35.357213,-5.887658],[-35.357212,-5.887655]],[[-35.357196,-5.887647],[-35.357197,-5.887646],[-35.357198,-5.887646],[-35.357199,-5.887646],[-35.357199,-5.887647],[-35.357199,-5.887647],[-35.357199,-5.887648],[-35.357199,-5.887649],[-35.357196,-5.887647]],[[-35.357188,-5.887663],[-35.35719,-5.887662],[-35.357191,-5.887665],[-35.35719,-5.887666],[-35.357189,-5.887666],[-35.357189,-5.887666],[-35.357189,-5.887666],[-35.357189,-5.887666],[-35.357188,-5.887665],[-35.357188,-5.887665],[-35.357188,-5.887665],[-35.357188,-5.887664],[-35.357188,-5.887663]],[[-35.357204,-5.887671],[-35.357206,-5.887671],[-35.357207,-5.887673],[-35.357205,-5.887674],[-35.357204,-5.887671]],[[-35.3572,-5.887659],[-35.357202,-5.887658],[-35.357203,-5.887661],[-35.357201,-5.887662],[-35.3572,-5.887659]],[[-35.357215,-5.887657],[-35.357207,-5.887673]],[[-35.357205,-5.887674],[-35.357189,-5.887666]],[[-35.357188,-5.887663],[-35.357196,-5.887647]],[[-35.357198,-5.887646],[-35.357214,-5.887655]]]}},{"type":"Feature","id":76,"properties":{"area_atuacao":"Açude do Bêbado — Escola Agrícola de Jundiaí, Macaíba","acao":"Linhas de nucleação","fonte_dado":"Nucleação","elemento":76},"geometry":{"type":"MultiLineString","coordinates":[[[-35.357215,-5.887601],[-35.357217,-5.8876],[-35.357218,-5.887603],[-35.357216,-5.887604],[-35.357215,-5.887601]],[[-35.357199,-5.887593],[-35.357201,-5.887592],[-35.357202,-5.887595],[-35.357199,-5.887595],[-35.357199,-5.887593]],[[-35.35719,-5.887609],[-35.357193,-5.887608],[-35.357194,-5.887611],[-35.357192,-5.887612],[-35.357192,-5.887612],[-35.357192,-5.887612],[-35.357191,-5.887611],[-35.357191,-5.887611],[-35.357191,-5.887611],[-35.35719,-5.887611],[-35.35719,-5.887609]],[[-35.357207,-5.887617],[-35.357209,-5.887616],[-35.35721,-5.887619],[-35.357207,-5.88762],[-35.357207,-5.887617]],[[-35.357203,-5.887605],[-35.357205,-5.887604],[-35.357206,-5.887607],[-35.357203,-5.887608],[-35.357203,-5.887605]],[[-35.357218,-5.887603],[-35.35721,-5.887619]],[[-35.357207,-5.88762],[-35.357191,-5.887611]],[[-35.35719,-5.887609],[-35.357199,-5.887593]],[[-35.357201,-5.887592],[-35.357217,-5.8876]]]}},{"type":"Feature","id":77,"properties":{"area_atuacao":"Açude do Bêbado — Escola Agrícola de Jundiaí, Macaíba","acao":"Linhas de nucleação","fonte_dado":"Nucleação","elemento":77},"geometry":{"type":"MultiLineString","coordinates":[[[-35.357266,-5.88766],[-35.357268,-5.887659],[-35.357269,-5.887662],[-35.357267,-5.887662],[-35.357266,-5.88766]],[[-35.35725,-5.887652],[-35.357251,-5.887651],[-35.357252,-5.887651],[-35.357253,-5.887651],[-35.357253,-5.887652],[-35.357253,-5.887652],[-35.357253,-5.887653],[-35.35725,-5.887652]],[[-35.357242,-5.887668],[-35.357244,-5.887667],[-35.357245,-5.88767],[-35.357244,-5.887671],[-35.357243,-5.887671],[-35.357243,-5.88767],[-35.357242,-5.88767],[-35.357242,-5.88767],[-35.357242,-5.88767],[-35.357242,-5.887669],[-35.357242,-5.887668]],[[-35.357258,-5.887676],[-35.35726,-5.887675],[-35.357261,-5.887678],[-35.357259,-5.887679],[-35.357258,-5.887676]],[[-35.357254,-5.887664],[-35.357256,-5.887663],[-35.357257,-5.887666],[-35.357255,-5.887666],[-35.357254,-5.887664]],[[-35.357269,-5.887662],[-35.357261,-5.887678]],[[-35.357259,-5.887679],[-35.357242,-5.88767]],[[-35.357242,-5.887668],[-35.35725,-5.887652]],[[-35.357252,-5.887651],[-35.357268,-5.887659]]]}},{"type":"Feature","id":78,"properties":{"area_atuacao":"Açude do Bêbado — Escola Agrícola de Jundiaí, Macaíba","acao":"Linhas de nucleação","fonte_dado":"Nucleação","elemento":78},"geometry":{"type":"MultiLineString","coordinates":[[[-35.357308,-5.887694],[-35.357311,-5.887693],[-35.357312,-5.887695],[-35.357309,-5.887696],[-35.357308,-5.887694]],[[-35.357292,-5.887686],[-35.357293,-5.887685],[-35.357295,-5.887685],[-35.357295,-5.887685],[-35.357295,-5.887685],[-35.357295,-5.887685],[-35.357296,-5.887686],[-35.357295,-5.887687],[-35.357292,-5.887686]],[[-35.357284,-5.887702],[-35.357286,-5.887701],[-35.357287,-5.887703],[-35.357286,-5.887704],[-35.357285,-5.887704],[-35.357285,-5.887704],[-35.357285,-5.887704],[-35.357285,-5.887704],[-35.357284,-5.887704],[-35.357284,-5.887703],[-35.357284,-5.887702]],[[-35.3573,-5.88771],[-35.357303,-5.887709],[-35.357303,-5.887712],[-35.357301,-5.887712],[-35.3573,-5.88771]],[[-35.357296,-5.887698],[-35.357299,-5.887697],[-35.357299,-5.887699],[-35.357297,-5.8877],[-35.357296,-5.887698]],[[-35.357312,-5.887695],[-35.357303,-5.887712]],[[-35.357301,-5.887712],[-35.357285,-5.887704]],[[-35.357284,-5.887702],[-35.357292,-5.887686]],[[-35.357295,-5.887685],[-35.357311,-5.887693]]]}},{"type":"Feature","id":79,"properties":{"area_atuacao":"Açude do Bêbado — Escola Agrícola de Jundiaí, Macaíba","acao":"Linhas de nucleação","fonte_dado":"Nucleação","elemento":79},"geometry":{"type":"MultiLineString","coordinates":[[[-35.357203,-5.887318],[-35.357206,-5.887317],[-35.357207,-5.887319],[-35.357204,-5.88732],[-35.357203,-5.887318]],[[-35.357187,-5.88731],[-35.357189,-5.887309],[-35.35719,-5.887309],[-35.35719,-5.887309],[-35.35719,-5.887309],[-35.357191,-5.88731],[-35.357191,-5.887311],[-35.357187,-5.88731]],[[-35.357179,-5.887326],[-35.357182,-5.887325],[-35.357182,-5.887327],[-35.357181,-5.887328],[-35.357181,-5.887328],[-35.35718,-5.887328],[-35.35718,-5.887328],[-35.35718,-5.887328],[-35.357179,-5.887328],[-35.357179,-5.887327],[-35.357179,-5.887326]],[[-35.357195,-5.887334],[-35.357198,-5.887333],[-35.357198,-5.887336],[-35.357196,-5.887336],[-35.357195,-5.887334]],[[-35.357191,-5.887322],[-35.357194,-5.887321],[-35.357194,-5.887323],[-35.357192,-5.887324],[-35.357191,-5.887322]],[[-35.357207,-5.887319],[-35.357198,-5.887336]],[[-35.357196,-5.887336],[-35.35718,-5.887328]],[[-35.357179,-5.887326],[-35.357187,-5.88731]],[[-35.35719,-5.887309],[-35.357206,-5.887317]]]}},{"type":"Feature","id":80,"properties":{"area_atuacao":"Açude do Bêbado — Escola Agrícola de Jundiaí, Macaíba","acao":"Linhas de nucleação","fonte_dado":"Nucleação","elemento":80},"geometry":{"type":"MultiLineString","coordinates":[[[-35.357194,-5.887376],[-35.357197,-5.887375],[-35.357198,-5.887378],[-35.357195,-5.887378],[-35.357194,-5.887376]],[[-35.357178,-5.887368],[-35.357179,-5.887367],[-35.357181,-5.887367],[-35.357181,-5.887367],[-35.357181,-5.887368],[-35.357182,-5.887368],[-35.357181,-5.887369],[-35.357178,-5.887368]],[[-35.35717,-5.887384],[-35.357172,-5.887383],[-35.357173,-5.887385],[-35.357172,-5.887386],[-35.357171,-5.887386],[-35.357171,-5.887386],[-35.357171,-5.887386],[-35.357171,-5.887386],[-35.35717,-5.887386],[-35.35717,-5.887385],[-35.35717,-5.887384]],[[-35.357186,-5.887392],[-35.357189,-5.887391],[-35.357189,-5.887394],[-35.357187,-5.887394],[-35.357186,-5.887392]],[[-35.357182,-5.88738],[-35.357185,-5.887379],[-35.357185,-5.887381],[-35.357183,-5.887382],[-35.357182,-5.88738]],[[-35.357198,-5.887378],[-35.357189,-5.887394]],[[-35.357187,-5.887394],[-35.357171,-5.887386]],[[-35.35717,-5.887384],[-35.357178,-5.887368]],[[-35.357181,-5.887367],[-35.357197,-5.887375]]]}},{"type":"Feature","id":81,"properties":{"area_atuacao":"Açude do Bêbado — Escola Agrícola de Jundiaí, Macaíba","acao":"Linhas de nucleação","fonte_dado":"Nucleação","elemento":81},"geometry":{"type":"MultiLineString","coordinates":[[[-35.357204,-5.88745],[-35.357206,-5.88745],[-35.357206,-5.887453],[-35.357203,-5.887452],[-35.357204,-5.88745]],[[-35.357194,-5.887434],[-35.357197,-5.887435],[-35.357197,-5.887435],[-35.357197,-5.887436],[-35.357197,-5.887436],[-35.357196,-5.887437],[-35.357194,-5.887434]],[[-35.357179,-5.887444],[-35.357181,-5.887444],[-35.357181,-5.887447],[-35.35718,-5.887447],[-35.357179,-5.887447],[-35.357179,-5.887446],[-35.357178,-5.887446],[-35.357178,-5.887446],[-35.357178,-5.887445],[-35.357178,-5.887445],[-35.357179,-5.887444]],[[-35.357188,-5.887459],[-35.357191,-5.88746],[-35.35719,-5.887462],[-35.357189,-5.887462],[-35.357188,-5.887462],[-35.357188,-5.887461],[-35.357188,-5.887461],[-35.357188,-5.887461],[-35.357188,-5.88746],[-35.357188,-5.887459]],[[-35.357191,-5.887447],[-35.357194,-5.887447],[-35.357193,-5.88745],[-35.357191,-5.887449],[-35.357191,-5.887447]],[[-35.357206,-5.887453],[-35.35719,-5.887462]],[[-35.357188,-5.887462],[-35.357178,-5.887446]],[[-35.357179,-5.887444],[-35.357194,-5.887434]],[[-35.357197,-5.887435],[-35.357206,-5.88745]]]}},{"type":"Feature","id":82,"properties":{"area_atuacao":"Açude do Bêbado — Escola Agrícola de Jundiaí, Macaíba","acao":"Linhas de nucleação","fonte_dado":"Nucleação","elemento":82},"geometry":{"type":"MultiLineString","coordinates":[[[-35.357297,-5.88757],[-35.357299,-5.887569],[-35.3573,-5.887572],[-35.357297,-5.887572],[-35.357297,-5.88757]],[[-35.357282,-5.887559],[-35.357284,-5.887559],[-35.357285,-5.887561],[-35.357282,-5.887562],[-35.357282,-5.887559]],[[-35.357271,-5.887574],[-35.357274,-5.887573],[-35.357274,-5.887576],[-35.357272,-5.887576],[-35.357271,-5.887574]],[[-35.357286,-5.887584],[-35.357289,-5.887584],[-35.357289,-5.887585],[-35.357289,-5.887586],[-35.357289,-5.887586],[-35.357289,-5.887586],[-35.357286,-5.887584]],[[-35.357284,-5.887572],[-35.357287,-5.887571],[-35.357287,-5.887574],[-35.357284,-5.887574],[-35.357284,-5.887572]],[[-35.3573,-5.887572],[-35.357289,-5.887586]],[[-35.357287,-5.887587],[-35.357272,-5.887576]],[[-35.357271,-5.887574],[-35.357282,-5.887559]],[[-35.357284,-5.887559],[-35.357299,-5.887569]]]}},{"type":"Feature","id":83,"properties":{"area_atuacao":"Açude do Bêbado — Escola Agrícola de Jundiaí, Macaíba","acao":"Linhas de nucleação","fonte_dado":"Nucleação","elemento":83},"geometry":{"type":"MultiLineString","coordinates":[[[-35.357348,-5.887607],[-35.35735,-5.887606],[-35.357351,-5.887608],[-35.357348,-5.887609],[-35.357348,-5.887607]],[[-35.357331,-5.887599],[-35.357334,-5.887598],[-35.357335,-5.8876],[-35.357332,-5.887601],[-35.357331,-5.887599]],[[-35.357323,-5.887615],[-35.357326,-5.887614],[-35.357327,-5.887616],[-35.357325,-5.887617],[-35.357325,-5.887617],[-35.357324,-5.887617],[-35.357324,-5.887617],[-35.357324,-5.887617],[-35.357324,-5.887617],[-35.357323,-5.887616],[-35.357323,-5.887615]],[[-35.357339,-5.887623],[-35.357342,-5.887622],[-35.357343,-5.887625],[-35.35734,-5.887625],[-35.357339,-5.887623]],[[-35.357335,-5.887611],[-35.357338,-5.88761],[-35.357339,-5.887612],[-35.357336,-5.887613],[-35.357335,-5.887611]],[[-35.357351,-5.887608],[-35.357343,-5.887625]],[[-35.35734,-5.887625],[-35.357324,-5.887617]],[[-35.357323,-5.887615],[-35.357331,-5.887599]],[[-35.357334,-5.887598],[-35.35735,-5.887606]]]}},{"type":"Feature","id":84,"properties":{"area_atuacao":"Açude do Bêbado — Escola Agrícola de Jundiaí, Macaíba","acao":"Linhas de nucleação","fonte_dado":"Nucleação","elemento":84},"geometry":{"type":"MultiLineString","coordinates":[[[-35.357397,-5.887655],[-35.357399,-5.887655],[-35.3574,-5.887657],[-35.357397,-5.887658],[-35.357397,-5.887655]],[[-35.357381,-5.887647],[-35.357382,-5.887646],[-35.357383,-5.887646],[-35.357383,-5.887647],[-35.357383,-5.887647],[-35.357384,-5.887647],[-35.357384,-5.887648],[-35.357384,-5.887649],[-35.357381,-5.887647]],[[-35.357372,-5.887663],[-35.357375,-5.887663],[-35.357376,-5.887665],[-35.357375,-5.887666],[-35.357374,-5.887666],[-35.357374,-5.887666],[-35.357373,-5.887666],[-35.357373,-5.887666],[-35.357373,-5.887666],[-35.357373,-5.887665],[-35.357372,-5.887665],[-35.357372,-5.887663]],[[-35.357388,-5.887672],[-35.357391,-5.887671],[-35.357392,-5.887673],[-35.357389,-5.887674],[-35.357388,-5.887672]],[[-35.357384,-5.887659],[-35.357387,-5.887659],[-35.357388,-5.887661],[-35.357385,-5.887662],[-35.357384,-5.887659]],[[-35.3574,-5.887657],[-35.357392,-5.887673]],[[-35.357389,-5.887674],[-35.357373,-5.887666]],[[-35.357372,-5.887663],[-35.357381,-5.887647]],[[-35.357383,-5.887646],[-35.357399,-5.887655]]]}},{"type":"Feature","id":85,"properties":{"area_atuacao":"Açude do Bêbado — Escola Agrícola de Jundiaí, Macaíba","acao":"Linhas de nucleação","fonte_dado":"Nucleação","elemento":85},"geometry":{"type":"MultiLineString","coordinates":[[[-35.357443,-5.887613],[-35.357445,-5.887612],[-35.357446,-5.887614],[-35.357444,-5.887615],[-35.357443,-5.887613]],[[-35.357427,-5.887605],[-35.357429,-5.887604],[-35.35743,-5.887606],[-35.357427,-5.887607],[-35.357427,-5.887605]],[[-35.357418,-5.887621],[-35.357421,-5.88762],[-35.357422,-5.887622],[-35.35742,-5.887623],[-35.35742,-5.887623],[-35.35742,-5.887623],[-35.357419,-5.887623],[-35.357419,-5.887623],[-35.357419,-5.887622],[-35.357418,-5.887622],[-35.357418,-5.887621]],[[-35.357435,-5.887629],[-35.357437,-5.887628],[-35.357438,-5.88763],[-35.357435,-5.887631],[-35.357435,-5.887629]],[[-35.357431,-5.887617],[-35.357433,-5.887616],[-35.357434,-5.887618],[-35.357431,-5.887619],[-35.357431,-5.887617]],[[-35.357446,-5.887614],[-35.357438,-5.88763]],[[-35.357435,-5.887631],[-35.357419,-5.887623]],[[-35.357418,-5.887621],[-35.357427,-5.887605]],[[-35.357429,-5.887604],[-35.357445,-5.887612]]]}},{"type":"Feature","id":86,"properties":{"area_atuacao":"Açude do Bêbado — Escola Agrícola de Jundiaí, Macaíba","acao":"Linhas de nucleação","fonte_dado":"Nucleação","elemento":86},"geometry":{"type":"MultiLineString","coordinates":[[[-35.357495,-5.887576],[-35.357498,-5.887575],[-35.357498,-5.887577],[-35.357496,-5.887578],[-35.357495,-5.887576]],[[-35.357479,-5.887568],[-35.357482,-5.887567],[-35.357482,-5.887569],[-35.35748,-5.88757],[-35.357479,-5.887568]],[[-35.357471,-5.887584],[-35.357473,-5.887583],[-35.357474,-5.887585],[-35.357473,-5.887586],[-35.357472,-5.887586],[-35.357472,-5.887586],[-35.357472,-5.887586],[-35.357471,-5.887586],[-35.357471,-5.887586],[-35.357471,-5.887585],[-35.357471,-5.887584]],[[-35.357487,-5.887592],[-35.357489,-5.887591],[-35.35749,-5.887594],[-35.357488,-5.887594],[-35.357487,-5.887592]],[[-35.357483,-5.88758],[-35.357485,-5.887579],[-35.357486,-5.887581],[-35.357484,-5.887582],[-35.357483,-5.88758]],[[-35.357498,-5.887577],[-35.35749,-5.887594]],[[-35.357488,-5.887594],[-35.357472,-5.887586]],[[-35.357471,-5.887584],[-35.357479,-5.887568]],[[-35.357482,-5.887567],[-35.357498,-5.887575]]]}},{"type":"Feature","id":87,"properties":{"area_atuacao":"Açude do Bêbado — Escola Agrícola de Jundiaí, Macaíba","acao":"Linhas de nucleação","fonte_dado":"Nucleação","elemento":87},"geometry":{"type":"MultiLineString","coordinates":[[[-35.357494,-5.88763],[-35.357497,-5.887629],[-35.357497,-5.887632],[-35.357495,-5.887632],[-35.357494,-5.88763]],[[-35.357478,-5.887622],[-35.35748,-5.887621],[-35.357481,-5.887623],[-35.357479,-5.887624],[-35.357478,-5.887622]],[[-35.35747,-5.887638],[-35.357472,-5.887637],[-35.357473,-5.88764],[-35.357472,-5.88764],[-35.357471,-5.887641],[-35.357471,-5.88764],[-35.357471,-5.88764],[-35.35747,-5.88764],[-35.35747,-5.88764],[-35.35747,-5.887639],[-35.35747,-5.887638]],[[-35.357486,-5.887646],[-35.357488,-5.887645],[-35.357489,-5.887648],[-35.357487,-5.887649],[-35.357486,-5.887646]],[[-35.357482,-5.887634],[-35.357484,-5.887633],[-35.357485,-5.887636],[-35.357483,-5.887636],[-35.357482,-5.887634]],[[-35.357497,-5.887632],[-35.357489,-5.887648]],[[-35.357487,-5.887649],[-35.357471,-5.88764]],[[-35.35747,-5.887638],[-35.357478,-5.887622]],[[-35.35748,-5.887621],[-35.357497,-5.887629]]]}},{"type":"Feature","id":88,"properties":{"area_atuacao":"Açude do Bêbado — Escola Agrícola de Jundiaí, Macaíba","acao":"Linhas de nucleação","fonte_dado":"Nucleação","elemento":88},"geometry":{"type":"MultiLineString","coordinates":[[[-35.357453,-5.887666],[-35.357456,-5.887665],[-35.357457,-5.887668],[-35.357454,-5.887668],[-35.357453,-5.887666]],[[-35.357437,-5.887658],[-35.35744,-5.887657],[-35.357441,-5.887659],[-35.357438,-5.88766],[-35.357437,-5.887658]],[[-35.357429,-5.887674],[-35.357432,-5.887673],[-35.357432,-5.887675],[-35.357431,-5.887676],[-35.357431,-5.887676],[-35.35743,-5.887676],[-35.35743,-5.887676],[-35.35743,-5.887676],[-35.357429,-5.887676],[-35.357429,-5.887675],[-35.357429,-5.887674]],[[-35.357445,-5.887682],[-35.357448,-5.887681],[-35.357448,-5.887684],[-35.357446,-5.887684],[-35.357445,-5.887682]],[[-35.357441,-5.88767],[-35.357444,-5.887669],[-35.357445,-5.887671],[-35.357442,-5.887672],[-35.357441,-5.88767]],[[-35.357457,-5.887668],[-35.357448,-5.887684]],[[-35.357446,-5.887684],[-35.35743,-5.887676]],[[-35.357429,-5.887674],[-35.357437,-5.887658]],[[-35.35744,-5.887657],[-35.357456,-5.887665]]]}},{"type":"Feature","id":89,"properties":{"area_atuacao":"Açude do Bêbado — Escola Agrícola de Jundiaí, Macaíba","acao":"Linhas de nucleação","fonte_dado":"Nucleação","elemento":89},"geometry":{"type":"MultiLineString","coordinates":[[[-35.357505,-5.887683],[-35.357507,-5.887682],[-35.357508,-5.887685],[-35.357506,-5.887686],[-35.357505,-5.887683]],[[-35.357489,-5.887675],[-35.35749,-5.887674],[-35.357491,-5.887674],[-35.357491,-5.887674],[-35.357492,-5.887675],[-35.357492,-5.887675],[-35.357492,-5.887677],[-35.357489,-5.887675]],[[-35.357481,-5.887691],[-35.357483,-5.88769],[-35.357484,-5.887693],[-35.357483,-5.887694],[-35.357482,-5.887694],[-35.357482,-5.887694],[-35.357481,-5.887693],[-35.357481,-5.887693],[-35.357481,-5.887693],[-35.357481,-5.887693],[-35.35748,-5.887692],[-35.357481,-5.887691]],[[-35.357497,-5.887699],[-35.357499,-5.887698],[-35.3575,-5.887701],[-35.357497,-5.887702],[-35.357497,-5.887699]],[[-35.357493,-5.887687],[-35.357495,-5.887686],[-35.357496,-5.887689],[-35.357493,-5.88769],[-35.357493,-5.887687]],[[-35.357508,-5.887685],[-35.3575,-5.887701]],[[-35.357497,-5.887702],[-35.357481,-5.887693]],[[-35.357481,-5.887691],[-35.357489,-5.887675]],[[-35.357491,-5.887674],[-35.357507,-5.887682]]]}},{"type":"Feature","id":90,"properties":{"area_atuacao":"Açude do Bêbado — Escola Agrícola de Jundiaí, Macaíba","acao":"Linhas de nucleação","fonte_dado":"Nucleação","elemento":90},"geometry":{"type":"MultiLineString","coordinates":[[[-35.357545,-5.887647],[-35.357548,-5.887646],[-35.357549,-5.887649],[-35.357546,-5.88765],[-35.357545,-5.887647]],[[-35.357529,-5.887639],[-35.357532,-5.887638],[-35.357533,-5.887641],[-35.35753,-5.887641],[-35.357529,-5.887639]],[[-35.357521,-5.887655],[-35.357524,-5.887654],[-35.357524,-5.887657],[-35.357523,-5.887658],[-35.357523,-5.887658],[-35.357522,-5.887658],[-35.357522,-5.887658],[-35.357522,-5.887657],[-35.357521,-5.887657],[-35.357521,-5.887657],[-35.357521,-5.887655]],[[-35.357537,-5.887663],[-35.35754,-5.887663],[-35.35754,-5.887665],[-35.357538,-5.887666],[-35.357537,-5.887663]],[[-35.357533,-5.887651],[-35.357536,-5.88765],[-35.357536,-5.887653],[-35.357534,-5.887654],[-35.357533,-5.887651]],[[-35.357549,-5.887649],[-35.35754,-5.887665]],[[-35.357538,-5.887666],[-35.357522,-5.887658]],[[-35.357521,-5.887655],[-35.357529,-5.887639]],[[-35.357532,-5.887638],[-35.357548,-5.887646]]]}},{"type":"Feature","id":91,"properties":{"area_atuacao":"Açude do Bêbado — Escola Agrícola de Jundiaí, Macaíba","acao":"Linhas de nucleação","fonte_dado":"Nucleação","elemento":91},"geometry":{"type":"MultiLineString","coordinates":[[[-35.357547,-5.887593],[-35.357549,-5.887592],[-35.35755,-5.887595],[-35.357547,-5.887595],[-35.357547,-5.887593]],[[-35.35753,-5.887585],[-35.357532,-5.887584],[-35.357533,-5.887584],[-35.357533,-5.887584],[-35.357534,-5.887585],[-35.357534,-5.887585],[-35.357534,-5.887586],[-35.35753,-5.887585]],[[-35.357522,-5.887601],[-35.357525,-5.8876],[-35.357525,-5.887603],[-35.357524,-5.887604],[-35.357524,-5.887604],[-35.357523,-5.887603],[-35.357523,-5.887603],[-35.357523,-5.887603],[-35.357523,-5.887603],[-35.357522,-5.887603],[-35.357522,-5.887602],[-35.357522,-5.887601]],[[-35.357538,-5.887609],[-35.357541,-5.887608],[-35.357542,-5.887611],[-35.357539,-5.887612],[-35.357538,-5.887609]],[[-35.357534,-5.887597],[-35.357537,-5.887596],[-35.357538,-5.887599],[-35.357535,-5.887599],[-35.357534,-5.887597]],[[-35.35755,-5.887595],[-35.357542,-5.887611]],[[-35.357539,-5.887612],[-35.357523,-5.887603]],[[-35.357522,-5.887601],[-35.35753,-5.887585]],[[-35.357533,-5.887584],[-35.357549,-5.887592]]]}},{"type":"Feature","id":92,"properties":{"area_atuacao":"Açude do Bêbado — Escola Agrícola de Jundiaí, Macaíba","acao":"Linhas de nucleação","fonte_dado":"Nucleação","elemento":92},"geometry":{"type":"MultiLineString","coordinates":[[[-35.357593,-5.887621],[-35.357595,-5.88762],[-35.357596,-5.887623],[-35.357594,-5.887624],[-35.357593,-5.887621]],[[-35.357577,-5.887613],[-35.357579,-5.887612],[-35.35758,-5.887615],[-35.357578,-5.887615],[-35.357577,-5.887613]],[[-35.357569,-5.887629],[-35.357571,-5.887628],[-35.357572,-5.887631],[-35.357571,-5.887632],[-35.35757,-5.887632],[-35.35757,-5.887632],[-35.357569,-5.887631],[-35.357569,-5.887631],[-35.357569,-5.887631],[-35.357569,-5.887631],[-35.357569,-5.887629]],[[-35.357585,-5.887637],[-35.357587,-5.887636],[-35.357588,-5.887639],[-35.357585,-5.88764],[-35.357585,-5.887637]],[[-35.357581,-5.887625],[-35.357583,-5.887624],[-35.357584,-5.887627],[-35.357582,-5.887627],[-35.357581,-5.887625]],[[-35.357596,-5.887623],[-35.357588,-5.887639]],[[-35.357585,-5.88764],[-35.357569,-5.887631]],[[-35.357569,-5.887629],[-35.357577,-5.887613]],[[-35.357579,-5.887612],[-35.357595,-5.88762]]]}},{"type":"Feature","id":93,"properties":{"area_atuacao":"Açude do Bêbado — Escola Agrícola de Jundiaí, Macaíba","acao":"Linhas de nucleação","fonte_dado":"Nucleação","elemento":93},"geometry":{"type":"MultiLineString","coordinates":[[[-35.357592,-5.887675],[-35.357594,-5.887675],[-35.357595,-5.887677],[-35.357593,-5.887678],[-35.357592,-5.887675]],[[-35.357576,-5.887667],[-35.357577,-5.887666],[-35.357578,-5.887666],[-35.357578,-5.887666],[-35.357579,-5.887667],[-35.357579,-5.887668],[-35.357579,-5.887669],[-35.357576,-5.887667]],[[-35.357567,-5.887683],[-35.35757,-5.887682],[-35.357571,-5.887685],[-35.35757,-5.887686],[-35.357569,-5.887686],[-35.357569,-5.887686],[-35.357568,-5.887686],[-35.357568,-5.887685],[-35.357568,-5.887685],[-35.357567,-5.887684],[-35.357567,-5.887683]],[[-35.357584,-5.887691],[-35.357586,-5.887691],[-35.357587,-5.887693],[-35.357584,-5.887694],[-35.357584,-5.887691]],[[-35.35758,-5.887679],[-35.357582,-5.887678],[-35.357583,-5.887681],[-35.35758,-5.887682],[-35.35758,-5.887679]],[[-35.357595,-5.887677],[-35.357587,-5.887693]],[[-35.357584,-5.887694],[-35.357568,-5.887686]],[[-35.357567,-5.887683],[-35.357576,-5.887667]],[[-35.357578,-5.887666],[-35.357594,-5.887675]]]}},{"type":"Feature","id":94,"properties":{"area_atuacao":"Açude do Bêbado — Escola Agrícola de Jundiaí, Macaíba","acao":"Linhas de nucleação","fonte_dado":"Nucleação","elemento":94},"geometry":{"type":"MultiLineString","coordinates":[[[-35.357551,-5.887711],[-35.357554,-5.88771],[-35.357554,-5.887713],[-35.357552,-5.887714],[-35.357551,-5.887711]],[[-35.357535,-5.887703],[-35.357536,-5.887702],[-35.357538,-5.887702],[-35.357538,-5.887702],[-35.357538,-5.887703],[-35.357538,-5.887703],[-35.357538,-5.887705],[-35.357535,-5.887703]],[[-35.357527,-5.887719],[-35.357529,-5.887718],[-35.35753,-5.887721],[-35.357529,-5.887722],[-35.357528,-5.887722],[-35.357528,-5.887722],[-35.357528,-5.887722],[-35.357527,-5.887721],[-35.357527,-5.887721],[-35.357527,-5.887721],[-35.357527,-5.88772],[-35.357527,-5.887719]],[[-35.357543,-5.887727],[-35.357545,-5.887727],[-35.357546,-5.887729],[-35.357544,-5.88773],[-35.357543,-5.887727]],[[-35.357539,-5.887715],[-35.357541,-5.887714],[-35.357542,-5.887717],[-35.35754,-5.887718],[-35.357539,-5.887715]],[[-35.357554,-5.887713],[-35.357546,-5.887729]],[[-35.357544,-5.88773],[-35.357528,-5.887722]],[[-35.357527,-5.887719],[-35.357535,-5.887703]],[[-35.357538,-5.887702],[-35.357554,-5.88771]]]}},{"type":"Feature","id":95,"properties":{"area_atuacao":"Açude do Bêbado — Escola Agrícola de Jundiaí, Macaíba","acao":"Linhas de nucleação","fonte_dado":"Nucleação","elemento":95},"geometry":{"type":"MultiLineString","coordinates":[[[-35.357602,-5.887728],[-35.357605,-5.887728],[-35.357606,-5.88773],[-35.357603,-5.887731],[-35.357602,-5.887728]],[[-35.357586,-5.88772],[-35.357588,-5.887719],[-35.357589,-5.887719],[-35.357589,-5.88772],[-35.357589,-5.88772],[-35.35759,-5.88772],[-35.35759,-5.887721],[-35.35759,-5.887722],[-35.357586,-5.88772]],[[-35.357578,-5.887736],[-35.357581,-5.887736],[-35.357581,-5.887738],[-35.35758,-5.887739],[-35.35758,-5.887739],[-35.357579,-5.887739],[-35.357579,-5.887739],[-35.357579,-5.887739],[-35.357579,-5.887738],[-35.357578,-5.887738],[-35.357578,-5.887738],[-35.357578,-5.887736]],[[-35.357594,-5.887745],[-35.357597,-5.887744],[-35.357598,-5.887746],[-35.357595,-5.887747],[-35.357594,-5.887745]],[[-35.35759,-5.887732],[-35.357593,-5.887732],[-35.357594,-5.887734],[-35.357591,-5.887735],[-35.35759,-5.887732]],[[-35.357606,-5.88773],[-35.357598,-5.887746]],[[-35.357595,-5.887747],[-35.357579,-5.887739]],[[-35.357578,-5.887736],[-35.357586,-5.88772]],[[-35.357589,-5.887719],[-35.357605,-5.887728]]]}},{"type":"Feature","id":96,"properties":{"area_atuacao":"Açude do Bêbado — Escola Agrícola de Jundiaí, Macaíba","acao":"Linhas de nucleação","fonte_dado":"Nucleação","elemento":96},"geometry":{"type":"MultiLineString","coordinates":[[[-35.357643,-5.887693],[-35.357646,-5.887692],[-35.357646,-5.887694],[-35.357644,-5.887695],[-35.357643,-5.887693]],[[-35.357627,-5.887684],[-35.357628,-5.887683],[-35.357629,-5.887684],[-35.35763,-5.887684],[-35.35763,-5.887684],[-35.35763,-5.887685],[-35.35763,-5.887686],[-35.357627,-5.887684]],[[-35.357619,-5.8877],[-35.357621,-5.8877],[-35.357622,-5.887702],[-35.357621,-5.887703],[-35.357621,-5.887703],[-35.35762,-5.887703],[-35.35762,-5.887703],[-35.35762,-5.887703],[-35.357619,-5.887703],[-35.357619,-5.887703],[-35.357619,-5.887702],[-35.357619,-5.8877]],[[-35.357635,-5.887709],[-35.357637,-5.887708],[-35.357638,-5.88771],[-35.357636,-5.887711],[-35.357635,-5.887709]],[[-35.357631,-5.887697],[-35.357633,-5.887696],[-35.357634,-5.887698],[-35.357632,-5.887699],[-35.357631,-5.887697]],[[-35.357646,-5.887694],[-35.357638,-5.88771]],[[-35.357636,-5.887711],[-35.35762,-5.887703]],[[-35.357619,-5.8877],[-35.357627,-5.887684]],[[-35.357629,-5.887684],[-35.357646,-5.887692]]]}},{"type":"Feature","id":97,"properties":{"area_atuacao":"Açude do Bêbado — Escola Agrícola de Jundiaí, Macaíba","acao":"Linhas de nucleação","fonte_dado":"Nucleação","elemento":97},"geometry":{"type":"MultiLineString","coordinates":[[[-35.357639,-5.887649],[-35.357642,-5.887648],[-35.357642,-5.887651],[-35.35764,-5.887652],[-35.357639,-5.887649]],[[-35.357623,-5.887641],[-35.357624,-5.88764],[-35.357626,-5.88764],[-35.357626,-5.88764],[-35.357626,-5.887641],[-35.357626,-5.887641],[-35.357626,-5.887641],[-35.357626,-5.887643],[-35.357623,-5.887641]],[[-35.357615,-5.887657],[-35.357617,-5.887656],[-35.357618,-5.887659],[-35.357617,-5.88766],[-35.357617,-5.88766],[-35.357616,-5.88766],[-35.357616,-5.88766],[-35.357616,-5.887659],[-35.357615,-5.887659],[-35.357615,-5.887659],[-35.357615,-5.887659],[-35.357615,-5.887658],[-35.357615,-5.887657]],[[-35.357631,-5.887665],[-35.357633,-5.887664],[-35.357634,-5.887667],[-35.357632,-5.887668],[-35.357631,-5.887665]],[[-35.357627,-5.887653],[-35.357629,-5.887652],[-35.35763,-5.887655],[-35.357628,-5.887656],[-35.357627,-5.887653]],[[-35.357642,-5.887651],[-35.357634,-5.887667]],[[-35.357632,-5.887668],[-35.357616,-5.887659]],[[-35.357615,-5.887657],[-35.357623,-5.887641]],[[-35.357626,-5.88764],[-35.357642,-5.887648]]]}},{"type":"Feature","id":98,"properties":{"area_atuacao":"Açude do Bêbado — Escola Agrícola de Jundiaí, Macaíba","acao":"Linhas de nucleação","fonte_dado":"Nucleação","elemento":98},"geometry":{"type":"MultiLineString","coordinates":[[[-35.357691,-5.887666],[-35.357693,-5.887666],[-35.357694,-5.887668],[-35.357691,-5.887669],[-35.357691,-5.887666]],[[-35.357674,-5.887658],[-35.357677,-5.887657],[-35.357678,-5.88766],[-35.357675,-5.887661],[-35.357674,-5.887658]],[[-35.357666,-5.887674],[-35.357669,-5.887674],[-35.357669,-5.887676],[-35.357668,-5.887677],[-35.357668,-5.887677],[-35.357667,-5.887677],[-35.357667,-5.887677],[-35.357667,-5.887677],[-35.357667,-5.887676],[-35.357666,-5.887676],[-35.357666,-5.887676],[-35.357666,-5.887674]],[[-35.357682,-5.887683],[-35.357685,-5.887682],[-35.357686,-5.887684],[-35.357683,-5.887685],[-35.357682,-5.887683]],[[-35.357678,-5.88767],[-35.357681,-5.88767],[-35.357682,-5.887672],[-35.357679,-5.887673],[-35.357678,-5.88767]],[[-35.357694,-5.887668],[-35.357686,-5.887684]],[[-35.357683,-5.887685],[-35.357667,-5.887677]],[[-35.357666,-5.887674],[-35.357674,-5.887658]],[[-35.357677,-5.887657],[-35.357693,-5.887666]]]}},{"type":"Feature","id":99,"properties":{"area_atuacao":"Açude do Bêbado — Escola Agrícola de Jundiaí, Macaíba","acao":"Linhas de nucleação","fonte_dado":"Nucleação","elemento":99},"geometry":{"type":"MultiLineString","coordinates":[[[-35.357689,-5.887721],[-35.357692,-5.88772],[-35.357693,-5.887722],[-35.35769,-5.887723],[-35.357689,-5.887721]],[[-35.357673,-5.887712],[-35.357675,-5.887712],[-35.357676,-5.887712],[-35.357676,-5.887712],[-35.357676,-5.887712],[-35.357677,-5.887713],[-35.357677,-5.887714],[-35.357673,-5.887712]],[[-35.357665,-5.887729],[-35.357668,-5.887728],[-35.357668,-5.88773],[-35.357667,-5.887731],[-35.357667,-5.887731],[-35.357666,-5.887731],[-35.357666,-5.887731],[-35.357666,-5.887731],[-35.357665,-5.887731],[-35.357665,-5.88773],[-35.357665,-5.887729]],[[-35.357681,-5.887737],[-35.357684,-5.887736],[-35.357684,-5.887738],[-35.357682,-5.887739],[-35.357681,-5.887737]],[[-35.357677,-5.887725],[-35.35768,-5.887724],[-35.357681,-5.887726],[-35.357678,-5.887727],[-35.357677,-5.887725]],[[-35.357693,-5.887722],[-35.357684,-5.887738]],[[-35.357682,-5.887739],[-35.357666,-5.887731]],[[-35.357665,-5.887729],[-35.357673,-5.887712]],[[-35.357676,-5.887712],[-35.357692,-5.88772]]]}},{"type":"Feature","id":100,"properties":{"area_atuacao":"Açude do Bêbado — Escola Agrícola de Jundiaí, Macaíba","acao":"Linhas de nucleação","fonte_dado":"Nucleação","elemento":100},"geometry":{"type":"MultiLineString","coordinates":[[[-35.357649,-5.887757],[-35.357651,-5.887756],[-35.357652,-5.887758],[-35.35765,-5.887759],[-35.357649,-5.887757]],[[-35.357633,-5.887748],[-35.357634,-5.887747],[-35.357635,-5.887748],[-35.357635,-5.887748],[-35.357636,-5.887748],[-35.357636,-5.887749],[-35.357636,-5.88775],[-35.357633,-5.887748]],[[-35.357625,-5.887764],[-35.357627,-5.887764],[-35.357628,-5.887766],[-35.357627,-5.887767],[-35.357626,-5.887767],[-35.357626,-5.887767],[-35.357625,-5.887767],[-35.357625,-5.887767],[-35.357625,-5.887766],[-35.357625,-5.887766],[-35.357625,-5.887764]],[[-35.357641,-5.887773],[-35.357643,-5.887772],[-35.357644,-5.887774],[-35.357641,-5.887775],[-35.357641,-5.887773]],[[-35.357637,-5.88776],[-35.357639,-5.88776],[-35.35764,-5.887762],[-35.357637,-5.887763],[-35.357637,-5.88776]],[[-35.357652,-5.887758],[-35.357644,-5.887774]],[[-35.357641,-5.887775],[-35.357625,-5.887767]],[[-35.357625,-5.887764],[-35.357633,-5.887748]],[[-35.357635,-5.887748],[-35.357651,-5.887756]]]}},{"type":"Feature","id":101,"properties":{"area_atuacao":"Açude do Bêbado — Escola Agrícola de Jundiaí, Macaíba","acao":"Linhas de nucleação","fonte_dado":"Nucleação","elemento":101},"geometry":{"type":"MultiLineString","coordinates":[[[-35.357601,-5.887783],[-35.357604,-5.887782],[-35.357605,-5.887784],[-35.357602,-5.887785],[-35.357601,-5.887783]],[[-35.357585,-5.887774],[-35.357587,-5.887774],[-35.357588,-5.887774],[-35.357588,-5.887774],[-35.357588,-5.887774],[-35.357588,-5.887774],[-35.357589,-5.887775],[-35.357589,-5.887776],[-35.357585,-5.887774]],[[-35.357577,-5.887791],[-35.35758,-5.88779],[-35.35758,-5.887792],[-35.357579,-5.887793],[-35.357579,-5.887793],[-35.357578,-5.887793],[-35.357578,-5.887793],[-35.357578,-5.887793],[-35.357577,-5.887792],[-35.357577,-5.887792],[-35.357577,-5.887791]],[[-35.357593,-5.887799],[-35.357596,-5.887798],[-35.357596,-5.8878],[-35.357594,-5.887801],[-35.357593,-5.887799]],[[-35.357589,-5.887787],[-35.357592,-5.887786],[-35.357592,-5.887788],[-35.35759,-5.887789],[-35.357589,-5.887787]],[[-35.357605,-5.887784],[-35.357596,-5.8878]],[[-35.357594,-5.887801],[-35.357578,-5.887793]],[[-35.357577,-5.887791],[-35.357585,-5.887774]],[[-35.357588,-5.887774],[-35.357604,-5.887782]]]}},{"type":"Feature","id":102,"properties":{"area_atuacao":"Açude do Bêbado — Escola Agrícola de Jundiaí, Macaíba","acao":"Linhas de nucleação","fonte_dado":"Nucleação","elemento":102},"geometry":{"type":"MultiLineString","coordinates":[[[-35.357648,-5.887811],[-35.35765,-5.88781],[-35.357651,-5.887812],[-35.357649,-5.887813],[-35.357648,-5.887811]],[[-35.357632,-5.887803],[-35.357634,-5.887802],[-35.357635,-5.887804],[-35.357632,-5.887805],[-35.357632,-5.887803]],[[-35.357623,-5.887819],[-35.357626,-5.887818],[-35.357627,-5.88782],[-35.357625,-5.887821],[-35.357625,-5.887821],[-35.357625,-5.887821],[-35.357624,-5.887821],[-35.357624,-5.887821],[-35.357624,-5.88782],[-35.357623,-5.88782],[-35.357623,-5.887819]],[[-35.35764,-5.887827],[-35.357642,-5.887826],[-35.357643,-5.887828],[-35.35764,-5.887829],[-35.35764,-5.887827]],[[-35.357636,-5.887815],[-35.357638,-5.887814],[-35.357639,-5.887816],[-35.357636,-5.887817],[-35.357636,-5.887815]],[[-35.357651,-5.887812],[-35.357643,-5.887828]],[[-35.35764,-5.887829],[-35.357624,-5.887821]],[[-35.357623,-5.887819],[-35.357632,-5.887803]],[[-35.357634,-5.887802],[-35.35765,-5.88781]]]}},{"type":"Feature","id":103,"properties":{"area_atuacao":"Açude do Bêbado — Escola Agrícola de Jundiaí, Macaíba","acao":"Linhas de nucleação","fonte_dado":"Nucleação","elemento":103},"geometry":{"type":"MultiLineString","coordinates":[[[-35.357737,-5.887694],[-35.357739,-5.887694],[-35.35774,-5.887696],[-35.357738,-5.887697],[-35.357737,-5.887694]],[[-35.357721,-5.887686],[-35.357723,-5.887685],[-35.357724,-5.887688],[-35.357722,-5.887689],[-35.357721,-5.887686]],[[-35.357713,-5.887702],[-35.357715,-5.887702],[-35.357716,-5.887704],[-35.357715,-5.887705],[-35.357714,-5.887705],[-35.357714,-5.887705],[-35.357714,-5.887705],[-35.357713,-5.887705],[-35.357713,-5.887705],[-35.357713,-5.887704],[-35.357712,-5.887704],[-35.357713,-5.887702]],[[-35.357729,-5.887711],[-35.357731,-5.88771],[-35.357732,-5.887712],[-35.357729,-5.887713],[-35.357729,-5.887711]],[[-35.357725,-5.887698],[-35.357727,-5.887698],[-35.357728,-5.8877],[-35.357726,-5.887701],[-35.357725,-5.887698]],[[-35.35774,-5.887696],[-35.357732,-5.887712]],[[-35.357729,-5.887713],[-35.357713,-5.887705]],[[-35.357713,-5.887702],[-35.357721,-5.887686]],[[-35.357723,-5.887685],[-35.357739,-5.887694]]]}},{"type":"Feature","id":104,"properties":{"area_atuacao":"Açude do Bêbado — Escola Agrícola de Jundiaí, Macaíba","acao":"Linhas de nucleação","fonte_dado":"Nucleação","elemento":104},"geometry":{"type":"MultiLineString","coordinates":[[[-35.357782,-5.887695],[-35.357785,-5.887695],[-35.357786,-5.887697],[-35.357783,-5.887698],[-35.357782,-5.887695]],[[-35.357766,-5.887687],[-35.357767,-5.887686],[-35.357769,-5.887686],[-35.357769,-5.887687],[-35.357769,-5.887687],[-35.357769,-5.887687],[-35.35777,-5.887688],[-35.357769,-5.887689],[-35.357766,-5.887687]],[[-35.357758,-5.887703],[-35.357761,-5.887703],[-35.357761,-5.887705],[-35.35776,-5.887706],[-35.357759,-5.887706],[-35.357759,-5.887706],[-35.357759,-5.887706],[-35.357759,-5.887706],[-35.357758,-5.887705],[-35.357758,-5.887705],[-35.357758,-5.887703]],[[-35.357774,-5.887712],[-35.357777,-5.887711],[-35.357777,-5.887713],[-35.357775,-5.887714],[-35.357774,-5.887712]],[[-35.35777,-5.887699],[-35.357773,-5.887699],[-35.357773,-5.887701],[-35.357771,-5.887702],[-35.35777,-5.887699]],[[-35.357786,-5.887697],[-35.357777,-5.887713]],[[-35.357775,-5.887714],[-35.357759,-5.887706]],[[-35.357758,-5.887703],[-35.357766,-5.887687]],[[-35.357769,-5.887686],[-35.357785,-5.887695]]]}},{"type":"Feature","id":105,"properties":{"area_atuacao":"Açude do Bêbado — Escola Agrícola de Jundiaí, Macaíba","acao":"Linhas de nucleação","fonte_dado":"Nucleação","elemento":105},"geometry":{"type":"MultiLineString","coordinates":[[[-35.356373,-5.88881],[-35.356376,-5.888809],[-35.356376,-5.888812],[-35.356374,-5.888812],[-35.356373,-5.88881]],[[-35.356357,-5.888802],[-35.35636,-5.888801],[-35.35636,-5.888803],[-35.356358,-5.888804],[-35.356357,-5.888802]],[[-35.356349,-5.888818],[-35.356351,-5.888817],[-35.356352,-5.888819],[-35.356351,-5.88882],[-35.35635,-5.88882],[-35.35635,-5.88882],[-35.35635,-5.88882],[-35.356349,-5.88882],[-35.356349,-5.88882],[-35.356349,-5.88882],[-35.356349,-5.888819],[-35.356349,-5.888818]],[[-35.356365,-5.888826],[-35.356367,-5.888825],[-35.356368,-5.888828],[-35.356366,-5.888828],[-35.356365,-5.888826]],[[-35.356361,-5.888814],[-35.356364,-5.888813],[-35.356364,-5.888815],[-35.356362,-5.888816],[-35.356361,-5.888814]],[[-35.356376,-5.888812],[-35.356368,-5.888828]],[[-35.356366,-5.888828],[-35.35635,-5.88882]],[[-35.356349,-5.888818],[-35.356357,-5.888802]],[[-35.35636,-5.888801],[-35.356376,-5.888809]]]}},{"type":"Feature","id":106,"properties":{"area_atuacao":"Açude do Bêbado — Escola Agrícola de Jundiaí, Macaíba","acao":"Linhas de nucleação","fonte_dado":"Nucleação","elemento":106},"geometry":{"type":"MultiLineString","coordinates":[[[-35.356327,-5.888849],[-35.356329,-5.888848],[-35.35633,-5.888851],[-35.356327,-5.888851],[-35.356327,-5.888849]],[[-35.356311,-5.888841],[-35.356311,-5.88884],[-35.356313,-5.88884],[-35.356313,-5.88884],[-35.356313,-5.88884],[-35.356314,-5.888841],[-35.356314,-5.888841],[-35.356314,-5.888842],[-35.356311,-5.888841]],[[-35.356302,-5.888857],[-35.356305,-5.888856],[-35.356306,-5.888859],[-35.356304,-5.888859],[-35.356304,-5.888859],[-35.356303,-5.888859],[-35.356303,-5.888859],[-35.356303,-5.888859],[-35.356303,-5.888859],[-35.356302,-5.888858],[-35.356302,-5.888857]],[[-35.356318,-5.888865],[-35.356321,-5.888864],[-35.356322,-5.888867],[-35.356319,-5.888868],[-35.356318,-5.888865]],[[-35.356314,-5.888853],[-35.356317,-5.888852],[-35.356318,-5.888855],[-35.356315,-5.888855],[-35.356314,-5.888853]],[[-35.35633,-5.888851],[-35.356322,-5.888867]],[[-35.356319,-5.888868],[-35.356303,-5.888859]],[[-35.356302,-5.888857],[-35.356311,-5.888841]],[[-35.356313,-5.88884],[-35.356329,-5.888848]]]}},{"type":"Feature","id":107,"properties":{"area_atuacao":"Açude do Bêbado — Escola Agrícola de Jundiaí, Macaíba","acao":"Linhas de nucleação","fonte_dado":"Nucleação","elemento":107},"geometry":{"type":"MultiLineString","coordinates":[[[-35.356355,-5.888913],[-35.356358,-5.888912],[-35.356358,-5.888914],[-35.356356,-5.888915],[-35.356355,-5.888913]],[[-35.356339,-5.888904],[-35.35634,-5.888904],[-35.356342,-5.888904],[-35.356342,-5.888904],[-35.356342,-5.888904],[-35.356342,-5.888905],[-35.356342,-5.888906],[-35.356339,-5.888904]],[[-35.356331,-5.88892],[-35.356333,-5.88892],[-35.356334,-5.888922],[-35.356333,-5.888923],[-35.356332,-5.888923],[-35.356332,-5.888923],[-35.356332,-5.888923],[-35.356331,-5.888923],[-35.356331,-5.888923],[-35.356331,-5.888922],[-35.356331,-5.888922],[-35.356331,-5.88892]],[[-35.356347,-5.888929],[-35.356349,-5.888928],[-35.35635,-5.88893],[-35.356348,-5.888931],[-35.356347,-5.888929]],[[-35.356343,-5.888917],[-35.356345,-5.888916],[-35.356346,-5.888918],[-35.356344,-5.888919],[-35.356343,-5.888917]],[[-35.356358,-5.888914],[-35.35635,-5.88893]],[[-35.356348,-5.888931],[-35.356332,-5.888923]],[[-35.356331,-5.88892],[-35.356339,-5.888904]],[[-35.356342,-5.888904],[-35.356358,-5.888912]]]}},{"type":"Feature","id":108,"properties":{"area_atuacao":"Açude do Bêbado — Escola Agrícola de Jundiaí, Macaíba","acao":"Linhas de nucleação","fonte_dado":"Nucleação","elemento":108},"geometry":{"type":"MultiLineString","coordinates":[[[-35.356303,-5.888898],[-35.356305,-5.888897],[-35.356306,-5.888899],[-35.356304,-5.8889],[-35.356303,-5.888898]],[[-35.356287,-5.88889],[-35.356288,-5.888889],[-35.356289,-5.888889],[-35.35629,-5.888889],[-35.35629,-5.888889],[-35.35629,-5.88889],[-35.35629,-5.888891],[-35.356287,-5.88889]],[[-35.356279,-5.888906],[-35.356281,-5.888905],[-35.356282,-5.888907],[-35.356281,-5.888908],[-35.35628,-5.888908],[-35.35628,-5.888908],[-35.35628,-5.888908],[-35.356279,-5.888908],[-35.356279,-5.888908],[-35.356279,-5.888907],[-35.356279,-5.888906]],[[-35.356295,-5.888914],[-35.356297,-5.888913],[-35.356298,-5.888916],[-35.356296,-5.888916],[-35.356295,-5.888914]],[[-35.356291,-5.888902],[-35.356293,-5.888901],[-35.356294,-5.888903],[-35.356292,-5.888904],[-35.356291,-5.888902]],[[-35.356306,-5.888899],[-35.356298,-5.888916]],[[-35.356296,-5.888916],[-35.35628,-5.888908]],[[-35.356279,-5.888906],[-35.356287,-5.88889]],[[-35.356289,-5.888889],[-35.356305,-5.888897]]]}},{"type":"Feature","id":109,"properties":{"area_atuacao":"Açude do Bêbado — Escola Agrícola de Jundiaí, Macaíba","acao":"Linhas de nucleação","fonte_dado":"Nucleação","elemento":109},"geometry":{"type":"MultiLineString","coordinates":[[[-35.356316,-5.88895],[-35.356319,-5.88895],[-35.35632,-5.888952],[-35.356317,-5.888953],[-35.356316,-5.88895]],[[-35.3563,-5.888942],[-35.356303,-5.888941],[-35.356303,-5.888944],[-35.356301,-5.888945],[-35.3563,-5.888942]],[[-35.356292,-5.888958],[-35.356295,-5.888957],[-35.356295,-5.88896],[-35.356294,-5.888961],[-35.356293,-5.888961],[-35.356293,-5.888961],[-35.356293,-5.888961],[-35.356293,-5.888961],[-35.356292,-5.88896],[-35.356292,-5.88896],[-35.356292,-5.888958]],[[-35.356308,-5.888966],[-35.356311,-5.888966],[-35.356311,-5.888968],[-35.356309,-5.888969],[-35.356308,-5.888966]],[[-35.356304,-5.888954],[-35.356307,-5.888954],[-35.356307,-5.888956],[-35.356305,-5.888957],[-35.356304,-5.888954]],[[-35.35632,-5.888952],[-35.356311,-5.888968]],[[-35.356309,-5.888969],[-35.356293,-5.888961]],[[-35.356292,-5.888958],[-35.3563,-5.888942]],[[-35.356303,-5.888941],[-35.356319,-5.88895]]]}},{"type":"Feature","id":110,"properties":{"area_atuacao":"Açude do Bêbado — Escola Agrícola de Jundiaí, Macaíba","acao":"Linhas de nucleação","fonte_dado":"Nucleação","elemento":110},"geometry":{"type":"MultiLineString","coordinates":[[[-35.356411,-5.888939],[-35.356413,-5.888938],[-35.356414,-5.888941],[-35.356412,-5.888941],[-35.356411,-5.888939]],[[-35.356395,-5.888931],[-35.356396,-5.88893],[-35.356397,-5.88893],[-35.356398,-5.88893],[-35.356398,-5.88893],[-35.356398,-5.888931],[-35.356398,-5.888932],[-35.356395,-5.888931]],[[-35.356387,-5.888947],[-35.356389,-5.888946],[-35.35639,-5.888949],[-35.356389,-5.888949],[-35.356388,-5.88895],[-35.356388,-5.88895],[-35.356388,-5.888949],[-35.356388,-5.888949],[-35.356387,-5.888949],[-35.356387,-5.888949],[-35.356387,-5.888948],[-35.356387,-5.888947]],[[-35.356403,-5.888955],[-35.356405,-5.888954],[-35.356406,-5.888957],[-35.356404,-5.888958],[-35.356403,-5.888955]],[[-35.356399,-5.888943],[-35.356401,-5.888942],[-35.356402,-5.888945],[-35.3564,-5.888945],[-35.356399,-5.888943]],[[-35.356414,-5.888941],[-35.356406,-5.888957]],[[-35.356404,-5.888958],[-35.356388,-5.888949]],[[-35.356387,-5.888947],[-35.356395,-5.888931]],[[-35.356397,-5.88893],[-35.356413,-5.888938]]]}},{"type":"Feature","id":111,"properties":{"area_atuacao":"Açude do Bêbado — Escola Agrícola de Jundiaí, Macaíba","acao":"Linhas de nucleação","fonte_dado":"Nucleação","elemento":111},"geometry":{"type":"MultiLineString","coordinates":[[[-35.356439,-5.888991],[-35.356441,-5.88899],[-35.356442,-5.888992],[-35.35644,-5.888993],[-35.356439,-5.888991]],[[-35.356423,-5.888982],[-35.356424,-5.888982],[-35.356425,-5.888982],[-35.356426,-5.888982],[-35.356426,-5.888982],[-35.356426,-5.888983],[-35.356426,-5.888984],[-35.356423,-5.888982]],[[-35.356415,-5.888999],[-35.356417,-5.888998],[-35.356418,-5.889],[-35.356417,-5.889001],[-35.356416,-5.889001],[-35.356416,-5.889001],[-35.356415,-5.889001],[-35.356415,-5.889001],[-35.356415,-5.889001],[-35.356415,-5.889],[-35.356415,-5.888999]],[[-35.356431,-5.889007],[-35.356433,-5.889006],[-35.356434,-5.889008],[-35.356432,-5.889009],[-35.356431,-5.889007]],[[-35.356427,-5.888995],[-35.356429,-5.888994],[-35.35643,-5.888996],[-35.356428,-5.888997],[-35.356427,-5.888995]],[[-35.356442,-5.888992],[-35.356434,-5.889008]],[[-35.356432,-5.889009],[-35.356415,-5.889001]],[[-35.356415,-5.888999],[-35.356423,-5.888982]],[[-35.356425,-5.888982],[-35.356441,-5.88899]]]}},{"type":"Feature","id":112,"properties":{"area_atuacao":"Açude do Bêbado — Escola Agrícola de Jundiaí, Macaíba","acao":"Linhas de nucleação","fonte_dado":"Nucleação","elemento":112},"geometry":{"type":"MultiLineString","coordinates":[[[-35.356439,-5.888991],[-35.356441,-5.88899],[-35.356442,-5.888992],[-35.35644,-5.888993],[-35.356439,-5.888991]],[[-35.356423,-5.888982],[-35.356424,-5.888982],[-35.356425,-5.888982],[-35.356426,-5.888982],[-35.356426,-5.888982],[-35.356426,-5.888983],[-35.356426,-5.888984],[-35.356423,-5.888982]],[[-35.356415,-5.888999],[-35.356417,-5.888998],[-35.356418,-5.889],[-35.356417,-5.889001],[-35.356416,-5.889001],[-35.356416,-5.889001],[-35.356415,-5.889001],[-35.356415,-5.889001],[-35.356415,-5.889001],[-35.356415,-5.889],[-35.356415,-5.888999]],[[-35.356431,-5.889007],[-35.356433,-5.889006],[-35.356434,-5.889008],[-35.356432,-5.889009],[-35.356431,-5.889007]],[[-35.356427,-5.888995],[-35.356429,-5.888994],[-35.35643,-5.888996],[-35.356428,-5.888997],[-35.356427,-5.888995]],[[-35.356442,-5.888992],[-35.356434,-5.889008]],[[-35.356432,-5.889009],[-35.356415,-5.889001]],[[-35.356415,-5.888999],[-35.356423,-5.888982]],[[-35.356425,-5.888982],[-35.356441,-5.88899]]]}},{"type":"Feature","id":113,"properties":{"area_atuacao":"Açude do Bêbado — Escola Agrícola de Jundiaí, Macaíba","acao":"Linhas de nucleação","fonte_dado":"Nucleação","elemento":113},"geometry":{"type":"MultiLineString","coordinates":[[[-35.356439,-5.888991],[-35.356441,-5.88899],[-35.356442,-5.888992],[-35.35644,-5.888993],[-35.356439,-5.888991]],[[-35.356423,-5.888982],[-35.356424,-5.888982],[-35.356425,-5.888982],[-35.356426,-5.888982],[-35.356426,-5.888982],[-35.356426,-5.888983],[-35.356426,-5.888984],[-35.356423,-5.888982]],[[-35.356415,-5.888999],[-35.356417,-5.888998],[-35.356418,-5.889],[-35.356417,-5.889001],[-35.356416,-5.889001],[-35.356416,-5.889001],[-35.356415,-5.889001],[-35.356415,-5.889001],[-35.356415,-5.889001],[-35.356415,-5.889],[-35.356415,-5.888999]],[[-35.356431,-5.889007],[-35.356433,-5.889006],[-35.356434,-5.889008],[-35.356432,-5.889009],[-35.356431,-5.889007]],[[-35.356427,-5.888995],[-35.356429,-5.888994],[-35.35643,-5.888996],[-35.356428,-5.888997],[-35.356427,-5.888995]],[[-35.356442,-5.888992],[-35.356434,-5.889008]],[[-35.356432,-5.889009],[-35.356415,-5.889001]],[[-35.356415,-5.888999],[-35.356423,-5.888982]],[[-35.356425,-5.888982],[-35.356441,-5.88899]]]}},{"type":"Feature","id":114,"properties":{"area_atuacao":"Açude do Bêbado — Escola Agrícola de Jundiaí, Macaíba","acao":"Linhas de nucleação","fonte_dado":"Nucleação","elemento":114},"geometry":{"type":"MultiLineString","coordinates":[[[-35.356473,-5.888945],[-35.356475,-5.888944],[-35.356476,-5.888946],[-35.356474,-5.888947],[-35.356473,-5.888945]],[[-35.356457,-5.888937],[-35.356458,-5.888936],[-35.356459,-5.888936],[-35.35646,-5.888936],[-35.35646,-5.888936],[-35.35646,-5.888937],[-35.35646,-5.888938],[-35.356457,-5.888937]],[[-35.356449,-5.888953],[-35.356451,-5.888952],[-35.356452,-5.888954],[-35.356451,-5.888955],[-35.35645,-5.888955],[-35.35645,-5.888955],[-35.35645,-5.888955],[-35.356449,-5.888955],[-35.356449,-5.888955],[-35.356449,-5.888954],[-35.356449,-5.888953]],[[-35.356465,-5.888961],[-35.356467,-5.88896],[-35.356468,-5.888963],[-35.356466,-5.888963],[-35.356465,-5.888961]],[[-35.356461,-5.888949],[-35.356463,-5.888948],[-35.356464,-5.88895],[-35.356462,-5.888951],[-35.356461,-5.888949]],[[-35.356476,-5.888946],[-35.356468,-5.888963]],[[-35.356466,-5.888963],[-35.35645,-5.888955]],[[-35.356449,-5.888953],[-35.356457,-5.888937]],[[-35.356459,-5.888936],[-35.356475,-5.888944]]]}},{"type":"Feature","id":115,"properties":{"area_atuacao":"Açude do Bêbado — Escola Agrícola de Jundiaí, Macaíba","acao":"Linhas de nucleação","fonte_dado":"Nucleação","elemento":115},"geometry":{"type":"MultiLineString","coordinates":[[[-35.356264,-5.888936],[-35.356267,-5.888935],[-35.356267,-5.888937],[-35.356265,-5.888938],[-35.356264,-5.888936]],[[-35.356248,-5.888927],[-35.356249,-5.888926],[-35.356251,-5.888927],[-35.356251,-5.888927],[-35.356251,-5.888927],[-35.356251,-5.888927],[-35.356252,-5.888928],[-35.356251,-5.888929],[-35.356248,-5.888927]],[[-35.35624,-5.888944],[-35.356242,-5.888943],[-35.356243,-5.888945],[-35.356242,-5.888946],[-35.356241,-5.888946],[-35.356241,-5.888946],[-35.356241,-5.888946],[-35.35624,-5.888946],[-35.35624,-5.888945],[-35.35624,-5.888945],[-35.35624,-5.888944]],[[-35.356256,-5.888952],[-35.356258,-5.888951],[-35.356259,-5.888953],[-35.356257,-5.888954],[-35.356256,-5.888952]],[[-35.356252,-5.88894],[-35.356255,-5.888939],[-35.356255,-5.888941],[-35.356253,-5.888942],[-35.356252,-5.88894]],[[-35.356267,-5.888937],[-35.356259,-5.888953]],[[-35.356257,-5.888954],[-35.356241,-5.888946]],[[-35.35624,-5.888944],[-35.356248,-5.888927]],[[-35.356251,-5.888927],[-35.356267,-5.888935]]]}},{"type":"Feature","id":116,"properties":{"area_atuacao":"Açude do Bêbado — Escola Agrícola de Jundiaí, Macaíba","acao":"Linhas de nucleação","fonte_dado":"Nucleação","elemento":116},"geometry":{"type":"MultiLineString","coordinates":[[[-35.356278,-5.888988],[-35.35628,-5.888987],[-35.356281,-5.88899],[-35.356278,-5.888991],[-35.356278,-5.888988]],[[-35.356261,-5.88898],[-35.356264,-5.888979],[-35.356265,-5.888982],[-35.356262,-5.888982],[-35.356261,-5.88898]],[[-35.356253,-5.888996],[-35.356256,-5.888995],[-35.356256,-5.888998],[-35.356255,-5.888999],[-35.356255,-5.888999],[-35.356254,-5.888999],[-35.356254,-5.888999],[-35.356254,-5.888998],[-35.356253,-5.888998],[-35.356253,-5.888997],[-35.356253,-5.888996]],[[-35.356269,-5.889004],[-35.356272,-5.889004],[-35.356273,-5.889006],[-35.35627,-5.889007],[-35.356269,-5.889004]],[[-35.356265,-5.888992],[-35.356268,-5.888991],[-35.356269,-5.888994],[-35.356266,-5.888995],[-35.356265,-5.888992]],[[-35.356281,-5.88899],[-35.356273,-5.889006]],[[-35.35627,-5.889007],[-35.356254,-5.888999]],[[-35.356253,-5.888996],[-35.356261,-5.88898]],[[-35.356264,-5.888979],[-35.35628,-5.888987]]]}},{"type":"Feature","id":117,"properties":{"area_atuacao":"Açude do Bêbado — Escola Agrícola de Jundiaí, Macaíba","acao":"Linhas de nucleação","fonte_dado":"Nucleação","elemento":117},"geometry":{"type":"MultiLineString","coordinates":[[[-35.356322,-5.889001],[-35.356325,-5.889],[-35.356326,-5.889002],[-35.356323,-5.889003],[-35.356322,-5.889001]],[[-35.356306,-5.888992],[-35.356307,-5.888991],[-35.356309,-5.888992],[-35.356309,-5.888992],[-35.356309,-5.888992],[-35.35631,-5.888993],[-35.356309,-5.888994],[-35.356306,-5.888992]],[[-35.356298,-5.889008],[-35.3563,-5.889008],[-35.356301,-5.88901],[-35.3563,-5.889011],[-35.356299,-5.889011],[-35.356299,-5.889011],[-35.356299,-5.889011],[-35.356299,-5.889011],[-35.356298,-5.889011],[-35.356298,-5.88901],[-35.356298,-5.889008]],[[-35.356314,-5.889017],[-35.356317,-5.889016],[-35.356317,-5.889018],[-35.356315,-5.889019],[-35.356314,-5.889017]],[[-35.35631,-5.889005],[-35.356313,-5.889004],[-35.356313,-5.889006],[-35.356311,-5.889007],[-35.35631,-5.889005]],[[-35.356326,-5.889002],[-35.356317,-5.889018]],[[-35.356315,-5.889019],[-35.356299,-5.889011]],[[-35.356298,-5.889008],[-35.356306,-5.888992]],[[-35.356309,-5.888992],[-35.356325,-5.889]]]}},{"type":"Feature","id":118,"properties":{"area_atuacao":"Açude do Bêbado — Escola Agrícola de Jundiaí, Macaíba","acao":"Linhas de nucleação","fonte_dado":"Nucleação","elemento":118},"geometry":{"type":"MultiLineString","coordinates":[[[-35.356485,-5.888995],[-35.356487,-5.888994],[-35.356488,-5.888997],[-35.356486,-5.888998],[-35.356485,-5.888995]],[[-35.356469,-5.888987],[-35.35647,-5.888986],[-35.356471,-5.888986],[-35.356471,-5.888986],[-35.356472,-5.888987],[-35.356472,-5.888987],[-35.356472,-5.888989],[-35.356469,-5.888987]],[[-35.35646,-5.889003],[-35.356463,-5.889002],[-35.356464,-5.889005],[-35.356462,-5.889006],[-35.356462,-5.889006],[-35.356462,-5.889006],[-35.356461,-5.889006],[-35.356461,-5.889005],[-35.356461,-5.889005],[-35.35646,-5.889004],[-35.35646,-5.889003]],[[-35.356477,-5.889011],[-35.356479,-5.889011],[-35.35648,-5.889013],[-35.356477,-5.889014],[-35.356477,-5.889011]],[[-35.356473,-5.888999],[-35.356475,-5.888998],[-35.356476,-5.889001],[-35.356473,-5.889002],[-35.356473,-5.888999]],[[-35.356488,-5.888997],[-35.35648,-5.889013]],[[-35.356477,-5.889014],[-35.356461,-5.889006]],[[-35.35646,-5.889003],[-35.356469,-5.888987]],[[-35.356471,-5.888986],[-35.356487,-5.888994]]]}},{"type":"Feature","id":119,"properties":{"area_atuacao":"Açude do Bêbado — Escola Agrícola de Jundiaí, Macaíba","acao":"Linhas de nucleação","fonte_dado":"Nucleação","elemento":119},"geometry":{"type":"MultiLineString","coordinates":[[[-35.356225,-5.888973],[-35.356228,-5.888973],[-35.356229,-5.888975],[-35.356226,-5.888976],[-35.356225,-5.888973]],[[-35.356209,-5.888965],[-35.35621,-5.888964],[-35.356212,-5.888964],[-35.356212,-5.888965],[-35.356212,-5.888965],[-35.356213,-5.888966],[-35.356213,-5.888967],[-35.356209,-5.888965]],[[-35.356201,-5.888981],[-35.356204,-5.888981],[-35.356204,-5.888983],[-35.356203,-5.888984],[-35.356203,-5.888984],[-35.356202,-5.888984],[-35.356202,-5.888984],[-35.356202,-5.888984],[-35.356201,-5.888983],[-35.356201,-5.888983],[-35.356201,-5.888981]],[[-35.356217,-5.88899],[-35.35622,-5.888989],[-35.35622,-5.888991],[-35.356218,-5.888992],[-35.356217,-5.88899]],[[-35.356213,-5.888977],[-35.356216,-5.888977],[-35.356217,-5.888979],[-35.356214,-5.88898],[-35.356213,-5.888977]],[[-35.356229,-5.888975],[-35.35622,-5.888991]],[[-35.356218,-5.888992],[-35.356202,-5.888984]],[[-35.356201,-5.888981],[-35.356209,-5.888965]],[[-35.356212,-5.888964],[-35.356228,-5.888973]]]}},{"type":"Feature","id":120,"properties":{"area_atuacao":"Açude do Bêbado — Escola Agrícola de Jundiaí, Macaíba","acao":"Linhas de nucleação","fonte_dado":"Nucleação","elemento":120},"geometry":{"type":"MultiLineString","coordinates":[[[-35.356213,-5.889026],[-35.356215,-5.889025],[-35.356216,-5.889028],[-35.356213,-5.889029],[-35.356213,-5.889026]],[[-35.356196,-5.889018],[-35.356198,-5.889017],[-35.356199,-5.889017],[-35.356199,-5.889017],[-35.356199,-5.889018],[-35.3562,-5.889018],[-35.3562,-5.88902],[-35.356196,-5.889018]],[[-35.356188,-5.889034],[-35.356191,-5.889033],[-35.356192,-5.889036],[-35.35619,-5.889037],[-35.35619,-5.889037],[-35.356189,-5.889037],[-35.356189,-5.889036],[-35.356189,-5.889036],[-35.356189,-5.889036],[-35.356188,-5.889036],[-35.356188,-5.889034]],[[-35.356204,-5.889042],[-35.356207,-5.889041],[-35.356208,-5.889044],[-35.356205,-5.889045],[-35.356204,-5.889042]],[[-35.3562,-5.88903],[-35.356203,-5.889029],[-35.356204,-5.889032],[-35.356201,-5.889033],[-35.3562,-5.88903]],[[-35.356216,-5.889028],[-35.356208,-5.889044]],[[-35.356205,-5.889045],[-35.356189,-5.889036]],[[-35.356188,-5.889034],[-35.356196,-5.889018]],[[-35.356199,-5.889017],[-35.356215,-5.889025]]]}},{"type":"Feature","id":121,"properties":{"area_atuacao":"Açude do Bêbado — Escola Agrícola de Jundiaí, Macaíba","acao":"Linhas de nucleação","fonte_dado":"Nucleação","elemento":121},"geometry":{"type":"MultiLineString","coordinates":[[[-35.356173,-5.888989],[-35.356176,-5.888988],[-35.356177,-5.88899],[-35.356174,-5.888991],[-35.356173,-5.888989]],[[-35.356157,-5.88898],[-35.35616,-5.88898],[-35.356161,-5.888982],[-35.356158,-5.888983],[-35.356157,-5.88898]],[[-35.356149,-5.888997],[-35.356152,-5.888996],[-35.356152,-5.888998],[-35.356151,-5.888999],[-35.356151,-5.888999],[-35.35615,-5.888999],[-35.35615,-5.888999],[-35.35615,-5.888999],[-35.356149,-5.888999],[-35.356149,-5.888998],[-35.356149,-5.888998],[-35.356149,-5.888997]],[[-35.356165,-5.889005],[-35.356168,-5.889004],[-35.356168,-5.889006],[-35.356166,-5.889007],[-35.356165,-5.889005]],[[-35.356161,-5.888993],[-35.356164,-5.888992],[-35.356165,-5.888994],[-35.356162,-5.888995],[-35.356161,-5.888993]],[[-35.356177,-5.88899],[-35.356168,-5.889006]],[[-35.356166,-5.889007],[-35.35615,-5.888999]],[[-35.356149,-5.888997],[-35.356157,-5.88898]],[[-35.35616,-5.88898],[-35.356176,-5.888988]]]}},{"type":"Feature","id":122,"properties":{"area_atuacao":"Açude do Bêbado — Escola Agrícola de Jundiaí, Macaíba","acao":"Linhas de nucleação","fonte_dado":"Nucleação","elemento":122},"geometry":{"type":"MultiLineString","coordinates":[[[-35.356144,-5.889041],[-35.356147,-5.889041],[-35.356147,-5.889043],[-35.356145,-5.889044],[-35.356144,-5.889041]],[[-35.356128,-5.889033],[-35.356131,-5.889032],[-35.356131,-5.889035],[-35.356129,-5.889036],[-35.356128,-5.889033]],[[-35.35612,-5.889049],[-35.356122,-5.889049],[-35.356123,-5.889051],[-35.356122,-5.889052],[-35.356121,-5.889052],[-35.356121,-5.889052],[-35.356121,-5.889052],[-35.35612,-5.889052],[-35.35612,-5.889051],[-35.35612,-5.889051],[-35.35612,-5.889051],[-35.35612,-5.889049]],[[-35.356136,-5.889057],[-35.356138,-5.889057],[-35.356139,-5.889059],[-35.356137,-5.88906],[-35.356136,-5.889057]],[[-35.356132,-5.889045],[-35.356135,-5.889045],[-35.356135,-5.889047],[-35.356133,-5.889048],[-35.356132,-5.889045]],[[-35.356147,-5.889043],[-35.356139,-5.889059]],[[-35.356137,-5.88906],[-35.356121,-5.889052]],[[-35.35612,-5.889049],[-35.356128,-5.889033]],[[-35.356131,-5.889032],[-35.356147,-5.889041]]]}},{"type":"Feature","id":123,"properties":{"area_atuacao":"Açude do Bêbado — Escola Agrícola de Jundiaí, Macaíba","acao":"Linhas de nucleação","fonte_dado":"Nucleação","elemento":123},"geometry":{"type":"MultiLineString","coordinates":[[[-35.356086,-5.889054],[-35.356088,-5.889054],[-35.356089,-5.889056],[-35.356086,-5.889057],[-35.356086,-5.889054]],[[-35.35607,-5.889046],[-35.356072,-5.889045],[-35.356073,-5.889048],[-35.35607,-5.889049],[-35.35607,-5.889046]],[[-35.356061,-5.889062],[-35.356064,-5.889062],[-35.356065,-5.889064],[-35.356063,-5.889065],[-35.356063,-5.889065],[-35.356062,-5.889065],[-35.356062,-5.889065],[-35.356062,-5.889065],[-35.356062,-5.889064],[-35.356061,-5.889064],[-35.356061,-5.889062]],[[-35.356077,-5.889071],[-35.35608,-5.88907],[-35.356081,-5.889072],[-35.356078,-5.889073],[-35.356077,-5.889071]],[[-35.356074,-5.889058],[-35.356076,-5.889058],[-35.356077,-5.88906],[-35.356074,-5.889061],[-35.356074,-5.889058]],[[-35.356089,-5.889056],[-35.356081,-5.889072]],[[-35.356078,-5.889073],[-35.356062,-5.889065]],[[-35.356061,-5.889062],[-35.35607,-5.889046]],[[-35.356072,-5.889045],[-35.356088,-5.889054]]]}},{"type":"Feature","id":124,"properties":{"area_atuacao":"Açude do Bêbado — Escola Agrícola de Jundiaí, Macaíba","acao":"Linhas de nucleação","fonte_dado":"Nucleação","elemento":124},"geometry":{"type":"MultiLineString","coordinates":[[[-35.357248,-5.887525],[-35.35725,-5.887525],[-35.35725,-5.887527],[-35.357247,-5.887527],[-35.357248,-5.887525]],[[-35.357236,-5.887511],[-35.357238,-5.887511],[-35.357238,-5.887514],[-35.357236,-5.887514],[-35.357236,-5.887511]],[[-35.357222,-5.887523],[-35.357225,-5.887523],[-35.357224,-5.887526],[-35.357222,-5.887525],[-35.357222,-5.887523]],[[-35.357234,-5.887536],[-35.357236,-5.887537],[-35.357237,-5.887538],[-35.357237,-5.887539],[-35.357237,-5.887539],[-35.357236,-5.887539],[-35.357234,-5.887536]],[[-35.357235,-5.887524],[-35.357237,-5.887524],[-35.357237,-5.887526],[-35.357235,-5.887526],[-35.357235,-5.887524]],[[-35.35725,-5.887527],[-35.357236,-5.887539]],[[-35.357234,-5.887539],[-35.357222,-5.887525]],[[-35.357222,-5.887523],[-35.357236,-5.887511]],[[-35.357238,-5.887511],[-35.35725,-5.887525]]]}}]}