{"type":"FeatureCollection","features":[{"type":"Feature","id":1,"properties":{"regime":"Intermitente","ordem":2,"largura":"10 - 50","dominialidade":"Estadual","fonte":"ANA (2021), MDE/Maxar(imagens do basemap/arcmap), Cartas topográficas"},"geometry":{"type":"LineString","coordinates":[[-36.274851,-5.999332],[-36.276217,-5.997292]]}},{"type":"Feature","id":2,"properties":{"regime":"Intermitente","ordem":1,"largura":"<=10","dominialidade":"Estadual","fonte":"ANA (2021), MDE/Maxar(imagens do basemap/arcmap), Cartas topográficas"},"geometry":{"type":"LineString","coordinates":[[-36.351692,-5.999968],[-36.350336,-5.999768],[-36.349736,-5.999254],[-36.349151,-5.997812],[-36.3471,-5.996605]]}},{"type":"Feature","id":3,"properties":{"nome":"Riacho Condessa","regime":"Intermitente","ordem":1,"largura":"<=10","dominialidade":"Estadual","fonte":"ANA (2021), MDE/Maxar(imagens do basemap/arcmap), Cartas topográficas"},"geometry":{"type":"LineString","coordinates":[[-36.357444,-5.963582],[-36.355459,-5.967187],[-36.353746,-5.968679],[-36.353582,-5.969222],[-36.353653,-5.969893],[-36.35249,-5.971178],[-36.352447,-5.972934],[-36.352097,-5.973869],[-36.349891,-5.976146],[-36.349856,-5.976553],[-36.349128,-5.977388],[-36.34912,-5.977909],[-36.349948,-5.978923],[-36.351724,-5.98018],[-36.351233,-5.981664],[-36.351906,-5.982617]]}},{"type":"Feature","id":4,"properties":{"regime":"Intermitente","ordem":2,"largura":"<=10","dominialidade":"Estadual","fonte":"ANA (2021), MDE/Maxar(imagens do basemap/arcmap), Cartas topográficas"},"geometry":{"type":"LineString","coordinates":[[-36.3471,-5.996605],[-36.346465,-5.996375],[-36.345585,-5.995661],[-36.344026,-5.996208],[-36.343586,-5.995828],[-36.342896,-5.994336],[-36.342321,-5.993937]]}},{"type":"Feature","id":5,"properties":{"regime":"Intermitente","ordem":2,"largura":"10 - 50","dominialidade":"Estadual","fonte":"ANA (2021), MDE/Maxar(imagens do basemap/arcmap), Cartas topográficas"},"geometry":{"type":"LineString","coordinates":[[-36.306497,-5.991219],[-36.305932,-5.990922],[-36.304653,-5.991487],[-36.304445,-5.99119],[-36.30379,-5.991338],[-36.303642,-5.991695],[-36.30385,-5.992201],[-36.30379,-5.993629],[-36.303523,-5.99461],[-36.30301,-5.99476],[-36.302244,-5.994907],[-36.301619,-5.994551],[-36.300846,-5.99348],[-36.300361,-5.99345],[-36.29967,-5.993031]]}},{"type":"Feature","id":6,"properties":{"regime":"Intermitente","ordem":1,"largura":"<=10","dominialidade":"Estadual","fonte":"ANA (2021), MDE/Maxar(imagens do basemap/arcmap), Cartas topográficas"},"geometry":{"type":"LineString","coordinates":[[-36.302518,-5.999616],[-36.301972,-5.998629],[-36.301916,-5.99806],[-36.300184,-5.994982],[-36.299715,-5.993688],[-36.29967,-5.993031]]}},{"type":"Feature","id":7,"properties":{"regime":"Intermitente","ordem":2,"largura":"10 - 50","dominialidade":"Estadual","fonte":"ANA (2021), MDE/Maxar(imagens do basemap/arcmap), Cartas topográficas"},"geometry":{"type":"LineString","coordinates":[[-36.29967,-5.993031],[-36.298984,-5.992685],[-36.298432,-5.992114],[-36.297499,-5.991752],[-36.296776,-5.991752],[-36.295522,-5.99232],[-36.29293,-5.991847],[-36.292892,-5.990458],[-36.292626,-5.989221],[-36.292192,-5.988936],[-36.291217,-5.99021],[-36.286553,-5.992304],[-36.283336,-5.991733],[-36.283032,-5.991905],[-36.283432,-5.993713],[-36.282822,-5.99476],[-36.282613,-5.994474],[-36.280919,-5.995655],[-36.280024,-5.995481],[-36.279206,-5.996378],[-36.278616,-5.99674],[-36.276217,-5.997292]]}},{"type":"Feature","id":8,"properties":{"nome":"Rio Potengi","regime":"Intermitente","ordem":3,"largura":"10 - 50","dominialidade":"Estadual","fonte":"ANA (2021), MDE/Maxar(imagens do basemap/arcmap), Cartas topográficas"},"geometry":{"type":"LineString","coordinates":[[-36.276217,-5.997292],[-36.275722,-5.99674],[-36.274384,-5.99603],[-36.273152,-5.995902],[-36.271706,-5.995369],[-36.271211,-5.99396],[-36.270678,-5.993656],[-36.269563,-5.993615],[-36.266928,-5.994303],[-36.264758,-5.994284],[-36.264434,-5.993466],[-36.264662,-5.992571],[-36.264453,-5.992076],[-36.262629,-5.990967],[-36.26215,-5.990458],[-36.260737,-5.987383],[-36.259466,-5.985623],[-36.258856,-5.985356],[-36.258628,-5.985033],[-36.257638,-5.984804],[-36.256039,-5.986517],[-36.255582,-5.986765],[-36.255297,-5.986384],[-36.254459,-5.986403],[-36.254098,-5.986708],[-36.254021,-5.987203],[-36.253089,-5.987355],[-36.252708,-5.986955],[-36.251813,-5.986746],[-36.251928,-5.986194],[-36.251395,-5.985718],[-36.249986,-5.981797],[-36.249377,-5.980883],[-36.247662,-5.979636]]}},{"type":"Feature","id":9,"properties":{"regime":"Intermitente","ordem":1,"largura":"<=10","dominialidade":"Estadual","fonte":"ANA (2021), MDE/Maxar(imagens do basemap/arcmap), Cartas topográficas"},"geometry":{"type":"LineString","coordinates":[[-36.370504,-5.96628],[-36.36986,-5.965416],[-36.369157,-5.965028],[-36.368857,-5.964414],[-36.36789,-5.964043],[-36.366916,-5.962187],[-36.366673,-5.961345],[-36.365802,-5.960745],[-36.364874,-5.960574],[-36.364103,-5.960874],[-36.363141,-5.959758],[-36.362404,-5.957847],[-36.362083,-5.955232],[-36.361701,-5.953962],[-36.361782,-5.952106],[-36.362761,-5.950766],[-36.364546,-5.949495],[-36.36486,-5.949053],[-36.364803,-5.948581],[-36.365431,-5.947054],[-36.36139,-5.944841],[-36.359834,-5.94357],[-36.357193,-5.942143],[-36.356571,-5.941136],[-36.355837,-5.940644],[-36.355094,-5.939601],[-36.353667,-5.938816],[-36.35284,-5.938792],[-36.352322,-5.938558],[-36.351769,-5.937758],[-36.350434,-5.936717],[-36.349345,-5.934743],[-36.348429,-5.933928],[-36.347085,-5.933279],[-36.346171,-5.933669],[-36.345329,-5.934454],[-36.344643,-5.934282],[-36.342591,-5.932705],[-36.342353,-5.932724],[-36.341544,-5.931725],[-36.341454,-5.931132],[-36.34007,-5.930527],[-36.339797,-5.929872],[-36.338583,-5.928433],[-36.338583,-5.927873],[-36.338285,-5.927437],[-36.337442,-5.926909],[-36.336528,-5.927166],[-36.334958,-5.926423],[-36.33392,-5.926858],[-36.332378,-5.926116],[-36.331407,-5.925059],[-36.32878,-5.923853],[-36.327667,-5.924024],[-36.326967,-5.924724],[-36.324849,-5.925858]]}},{"type":"Feature","id":10,"properties":{"regime":"Intermitente","ordem":1,"largura":"<=10","dominialidade":"Estadual","fonte":"ANA (2021), MDE/Maxar(imagens do basemap/arcmap), Cartas topográficas"},"geometry":{"type":"LineString","coordinates":[[-36.338383,-5.963795],[-36.337036,-5.962742],[-36.335703,-5.962088],[-36.334204,-5.961731],[-36.33349,-5.961814],[-36.332824,-5.960398],[-36.331789,-5.959565],[-36.331741,-5.958257],[-36.331444,-5.957995],[-36.331039,-5.956841],[-36.330968,-5.955604],[-36.33123,-5.954914],[-36.331099,-5.953284],[-36.331349,-5.952406],[-36.331056,-5.951349],[-36.331161,-5.949684],[-36.331779,-5.94759],[-36.33177,-5.946666],[-36.331478,-5.945786],[-36.331521,-5.944544],[-36.33207,-5.944323],[-36.332189,-5.943573],[-36.331868,-5.942645],[-36.332237,-5.942681],[-36.332562,-5.942447],[-36.332285,-5.941158],[-36.33238,-5.939933],[-36.331107,-5.937993],[-36.330369,-5.936018],[-36.33,-5.935542],[-36.33006,-5.934722],[-36.329681,-5.933189],[-36.327847,-5.931474],[-36.327276,-5.930605],[-36.326383,-5.930046],[-36.326871,-5.928321],[-36.3268,-5.927583],[-36.326098,-5.926881],[-36.325277,-5.92681],[-36.324861,-5.926263],[-36.324849,-5.925858]]}},{"type":"Feature","id":11,"properties":{"regime":"Intermitente","ordem":2,"largura":"10 - 50","dominialidade":"Estadual","fonte":"ANA (2021), MDE/Maxar(imagens do basemap/arcmap), Cartas topográficas"},"geometry":{"type":"LineString","coordinates":[[-36.302789,-5.943967],[-36.301685,-5.945349],[-36.301304,-5.946156],[-36.300885,-5.946537],[-36.299876,-5.94688],[-36.297116,-5.946366],[-36.296621,-5.947184],[-36.296355,-5.947299],[-36.294699,-5.946994],[-36.293138,-5.947165],[-36.292776,-5.947413],[-36.293042,-5.948612],[-36.292586,-5.949469],[-36.291577,-5.949164],[-36.290549,-5.947851],[-36.290187,-5.947584],[-36.289083,-5.947356],[-36.288303,-5.946499],[-36.287256,-5.946423],[-36.287256,-5.946747],[-36.287808,-5.947318],[-36.288017,-5.949374],[-36.287827,-5.949587],[-36.287465,-5.949259],[-36.287103,-5.949259],[-36.286233,-5.949593],[-36.285592,-5.949936],[-36.285219,-5.950611],[-36.284591,-5.950325],[-36.283791,-5.948974],[-36.281916,-5.947408],[-36.281302,-5.946038],[-36.279917,-5.944039],[-36.277819,-5.942597],[-36.277462,-5.942568],[-36.276876,-5.943125],[-36.276291,-5.944538],[-36.274949,-5.946409],[-36.274621,-5.947294],[-36.274749,-5.947751],[-36.275434,-5.948536],[-36.275577,-5.94835],[-36.277233,-5.948793],[-36.277419,-5.950021],[-36.277062,-5.951563],[-36.275734,-5.951291],[-36.275049,-5.952105],[-36.275691,-5.953947],[-36.275691,-5.954218],[-36.275206,-5.954846],[-36.273721,-5.955446],[-36.273007,-5.954975],[-36.270951,-5.955631],[-36.270509,-5.95636],[-36.270266,-5.95763]]}},{"type":"Feature","id":12,"properties":{"regime":"Intermitente","ordem":2,"largura":"10 - 50","dominialidade":"Estadual","fonte":"ANA (2021), MDE/Maxar(imagens do basemap/arcmap), Cartas topográficas"},"geometry":{"type":"LineString","coordinates":[[-36.290222,-5.966199],[-36.28975,-5.965014],[-36.288508,-5.964058],[-36.288109,-5.963258],[-36.287609,-5.961474],[-36.287723,-5.960017],[-36.287515,-5.959371],[-36.286781,-5.958747],[-36.285282,-5.958476],[-36.28434,-5.95809],[-36.284068,-5.95819],[-36.284168,-5.959261],[-36.283943,-5.959361],[-36.283172,-5.959047],[-36.281602,-5.959089],[-36.281188,-5.959361],[-36.280317,-5.960617],[-36.27886,-5.961945],[-36.278032,-5.962387],[-36.27709,-5.963701],[-36.276605,-5.963587],[-36.275962,-5.962559],[-36.276319,-5.961645],[-36.276148,-5.961359],[-36.275548,-5.961645],[-36.27522,-5.960303],[-36.274549,-5.959561],[-36.274392,-5.958644],[-36.274164,-5.958344],[-36.27088,-5.958687],[-36.270837,-5.958073],[-36.270266,-5.95763]]}},{"type":"Feature","id":13,"properties":{"regime":"Intermitente","ordem":3,"largura":"10 - 50","dominialidade":"Estadual","fonte":"ANA (2021), MDE/Maxar(imagens do basemap/arcmap), Cartas topográficas"},"geometry":{"type":"LineString","coordinates":[[-36.270266,-5.95763],[-36.269752,-5.95763],[-36.269067,-5.95793],[-36.266369,-5.959757],[-36.264812,-5.960172],[-36.264127,-5.959358],[-36.263356,-5.959058],[-36.262286,-5.959315],[-36.261914,-5.959044],[-36.261572,-5.958358],[-36.260601,-5.95763],[-36.258631,-5.956731],[-36.258445,-5.956788],[-36.258202,-5.957116],[-36.258288,-5.957416],[-36.257845,-5.95853],[-36.26003,-5.9603],[-36.260358,-5.961057],[-36.260943,-5.961356],[-36.261643,-5.962227],[-36.261101,-5.963212],[-36.259759,-5.963612],[-36.258574,-5.964397],[-36.258259,-5.964997],[-36.258702,-5.966168],[-36.25943,-5.967153],[-36.260058,-5.969808],[-36.260758,-5.970565],[-36.262071,-5.971108],[-36.26427,-5.970922],[-36.264798,-5.972407],[-36.264627,-5.972678],[-36.262885,-5.973135],[-36.260929,-5.973235],[-36.260715,-5.973378],[-36.260858,-5.974505],[-36.260687,-5.974791],[-36.259459,-5.975276],[-36.257803,-5.975633],[-36.256161,-5.976904],[-36.254433,-5.977818],[-36.252777,-5.977789],[-36.251392,-5.978003],[-36.247662,-5.97965]]}},{"type":"Feature","id":14,"properties":{"nome":"Rio Potengi","regime":"Intermitente","ordem":4,"largura":"10 - 50","dominialidade":"Estadual","fonte":"ANA (2021), MDE/Maxar(imagens do basemap/arcmap), Cartas topográficas"},"geometry":{"type":"LineString","coordinates":[[-36.247662,-5.979636],[-36.245379,-5.980007],[-36.244199,-5.97955],[-36.243666,-5.977799],[-36.242867,-5.977171],[-36.242543,-5.975781],[-36.240982,-5.974087],[-36.239766,-5.973194],[-36.238106,-5.972846],[-36.236333,-5.971929],[-36.234034,-5.970394],[-36.23263,-5.970046],[-36.231818,-5.970049],[-36.230379,-5.970299],[-36.229637,-5.970813],[-36.229161,-5.971422],[-36.229172,-5.973718],[-36.228375,-5.976313],[-36.226534,-5.978751],[-36.220709,-5.981568],[-36.21831,-5.98193],[-36.217437,-5.983059]]}},{"type":"Feature","id":15,"properties":{"regime":"Intermitente","ordem":2,"largura":"10 - 50","dominialidade":"Estadual","fonte":"ANA (2021), MDE/Maxar(imagens do basemap/arcmap), Cartas topográficas"},"geometry":{"type":"LineString","coordinates":[[-36.310838,-5.898949],[-36.310267,-5.898462],[-36.307935,-5.897736],[-36.307507,-5.896832],[-36.306293,-5.896927],[-36.306234,-5.896522],[-36.306924,-5.895428],[-36.306602,-5.895071],[-36.3064,-5.894976],[-36.305127,-5.895606],[-36.304758,-5.895606],[-36.304627,-5.895452],[-36.30508,-5.894345],[-36.305151,-5.893298],[-36.305008,-5.893096],[-36.304318,-5.893298],[-36.303557,-5.89287],[-36.303033,-5.893001],[-36.302141,-5.892668],[-36.301665,-5.892739],[-36.301082,-5.891264],[-36.299107,-5.890348],[-36.298988,-5.890086],[-36.300856,-5.888063],[-36.30038,-5.887088],[-36.299892,-5.886909],[-36.298167,-5.885529],[-36.296775,-5.88309],[-36.296704,-5.882614],[-36.298143,-5.881377],[-36.297929,-5.880306],[-36.297489,-5.880306],[-36.296906,-5.880961],[-36.296097,-5.881401],[-36.294788,-5.881282],[-36.292706,-5.880009],[-36.293001,-5.878079],[-36.292373,-5.877903],[-36.290351,-5.878522],[-36.289661,-5.878129],[-36.287983,-5.877915],[-36.28815,-5.876939],[-36.286865,-5.875809],[-36.287043,-5.875298],[-36.288102,-5.874227],[-36.287864,-5.871812],[-36.287971,-5.871514],[-36.288281,-5.871383],[-36.288982,-5.871371],[-36.288911,-5.8718],[-36.289589,-5.872894],[-36.291112,-5.872869],[-36.291778,-5.873656],[-36.29254,-5.873691],[-36.292644,-5.873437],[-36.292409,-5.873227],[-36.292492,-5.871942],[-36.292254,-5.870812],[-36.292671,-5.868861],[-36.293325,-5.867659],[-36.294083,-5.867094],[-36.294788,-5.865366],[-36.294418,-5.864635]]}},{"type":"Feature","id":16,"properties":{"nome":"Riacho da Casinha","regime":"Intermitente","ordem":1,"largura":"<=10","dominialidade":"Estadual","fonte":"ANA (2021), MDE/Maxar(imagens do basemap/arcmap), Cartas topográficas"},"geometry":{"type":"LineString","coordinates":[[-36.336135,-5.907123],[-36.335307,-5.906052],[-36.333536,-5.905424],[-36.331466,-5.903268],[-36.327854,-5.900427],[-36.326698,-5.89997],[-36.326327,-5.899171],[-36.324497,-5.898583],[-36.324171,-5.8981],[-36.322829,-5.897443],[-36.322529,-5.896901],[-36.322486,-5.896444],[-36.322957,-5.895587],[-36.3229,-5.894445],[-36.322558,-5.893931],[-36.322244,-5.893803],[-36.322158,-5.892532],[-36.321815,-5.892204],[-36.321787,-5.891718],[-36.321387,-5.891961],[-36.320031,-5.891604],[-36.319488,-5.890077],[-36.318617,-5.889306],[-36.318674,-5.889092],[-36.319117,-5.88892],[-36.319488,-5.888078],[-36.317875,-5.887207],[-36.318246,-5.885865],[-36.318717,-5.885308],[-36.319723,-5.884986],[-36.320416,-5.884252],[-36.320645,-5.883052],[-36.320345,-5.881139],[-36.319745,-5.880054],[-36.320802,-5.878541],[-36.315719,-5.874658],[-36.314691,-5.874843],[-36.311864,-5.873915],[-36.309566,-5.872302],[-36.307167,-5.871745],[-36.306182,-5.870932],[-36.30574,-5.870946],[-36.304212,-5.869775],[-36.303541,-5.86859],[-36.301241,-5.867848],[-36.29853,-5.867719]]}},{"type":"Feature","id":17,"properties":{"nome":"Riacho da Casinha","regime":"Intermitente","ordem":3,"largura":"10 - 50","dominialidade":"Estadual","fonte":"ANA (2021), MDE/Maxar(imagens do basemap/arcmap), Cartas topográficas"},"geometry":{"type":"LineString","coordinates":[[-36.284651,-5.859793],[-36.284382,-5.859353],[-36.283996,-5.859467],[-36.283354,-5.858639],[-36.282783,-5.858454],[-36.282097,-5.859225],[-36.281583,-5.85941],[-36.279956,-5.858996],[-36.279199,-5.859182],[-36.278828,-5.859639],[-36.2783,-5.859639],[-36.277457,-5.859167],[-36.276072,-5.858839],[-36.274873,-5.858996],[-36.274842,-5.859535],[-36.276746,-5.861771],[-36.276579,-5.862961],[-36.275367,-5.864084],[-36.274887,-5.864259],[-36.272096,-5.864246],[-36.27165,-5.865019],[-36.271174,-5.864662],[-36.27168,-5.863294],[-36.271264,-5.862104],[-36.270193,-5.86142],[-36.268706,-5.861093],[-36.267486,-5.861331],[-36.266951,-5.862194],[-36.267665,-5.863116],[-36.26826,-5.865406],[-36.267063,-5.867063]]}},{"type":"Feature","id":18,"properties":{"regime":"Intermitente","ordem":1,"largura":"<=10","dominialidade":"Estadual","fonte":"ANA (2021), MDE/Maxar(imagens do basemap/arcmap), Cartas topográficas"},"geometry":{"type":"LineString","coordinates":[[-36.257469,-5.840566],[-36.257355,-5.841289],[-36.257869,-5.841613],[-36.257793,-5.842127],[-36.258364,-5.84266],[-36.259468,-5.844392],[-36.260915,-5.847418],[-36.261828,-5.848523],[-36.261885,-5.849056],[-36.263256,-5.850331],[-36.26396,-5.851416],[-36.264893,-5.858573],[-36.266397,-5.860896],[-36.266259,-5.86127],[-36.265712,-5.861486],[-36.265521,-5.861962],[-36.265902,-5.863237],[-36.266168,-5.863561],[-36.266968,-5.863675],[-36.26733,-5.864608],[-36.267025,-5.866302],[-36.267063,-5.867063]]}},{"type":"Feature","id":19,"properties":{"regime":"Intermitente","ordem":3,"largura":"10 - 50","dominialidade":"Estadual","fonte":"ANA (2021), MDE/Maxar(imagens do basemap/arcmap), Cartas topográficas"},"geometry":{"type":"LineString","coordinates":[[-36.267063,-5.867063],[-36.266732,-5.867346]]}},{"type":"Feature","id":20,"properties":{"nome":"Riacho Chapador","regime":"Intermitente","ordem":1,"largura":"<=10","dominialidade":"Estadual","fonte":"ANA (2021), MDE/Maxar(imagens do basemap/arcmap), Cartas topográficas"},"geometry":{"type":"LineString","coordinates":[[-36.29207,-5.927447],[-36.291827,-5.927119],[-36.289786,-5.926576],[-36.289272,-5.925991],[-36.288858,-5.922764],[-36.288501,-5.92255],[-36.287049,-5.922519],[-36.286488,-5.922279],[-36.285445,-5.920623],[-36.28506,-5.918139],[-36.284489,-5.917653],[-36.283889,-5.916568],[-36.282676,-5.91504],[-36.282276,-5.912856],[-36.282533,-5.911],[-36.282744,-5.905527],[-36.282292,-5.903944],[-36.281661,-5.903135],[-36.280793,-5.9026],[-36.280365,-5.902005],[-36.280281,-5.900328],[-36.280674,-5.899792],[-36.280852,-5.898995],[-36.280555,-5.898745],[-36.280365,-5.896378],[-36.279936,-5.895533],[-36.280162,-5.894534],[-36.280091,-5.893725],[-36.278953,-5.891805],[-36.278449,-5.890512],[-36.278449,-5.889846],[-36.278747,-5.889001],[-36.27858,-5.887943],[-36.277783,-5.887145],[-36.277283,-5.885028],[-36.27745,-5.884588],[-36.277343,-5.884278],[-36.276201,-5.883529],[-36.275463,-5.881661],[-36.275404,-5.881113],[-36.275927,-5.880316],[-36.275772,-5.879412],[-36.275273,-5.879043],[-36.274404,-5.877842],[-36.273559,-5.875807],[-36.272643,-5.875724],[-36.271929,-5.875379],[-36.271406,-5.873713],[-36.267795,-5.868318],[-36.267652,-5.867223],[-36.267063,-5.867063]]}},{"type":"Feature","id":21,"properties":{"nome":"Riacho Chapador","regime":"Intermitente","ordem":3,"largura":"10 - 50","dominialidade":"Estadual","fonte":"ANA (2021), MDE/Maxar(imagens do basemap/arcmap), Cartas topográficas"},"geometry":{"type":"LineString","coordinates":[[-36.266732,-5.867346],[-36.265228,-5.867955],[-36.265019,-5.86885],[-36.26441,-5.869116],[-36.263896,-5.868773],[-36.262887,-5.868488],[-36.262639,-5.868145],[-36.261174,-5.867745],[-36.258452,-5.868297],[-36.257728,-5.869154],[-36.256853,-5.869763],[-36.256129,-5.86982],[-36.255463,-5.870277],[-36.251656,-5.871419],[-36.249486,-5.872352],[-36.24724,-5.872048],[-36.245583,-5.870677],[-36.245298,-5.870125],[-36.24408,-5.869611],[-36.242557,-5.869935],[-36.241747,-5.869775],[-36.241319,-5.870158],[-36.240044,-5.870106],[-36.237558,-5.87082],[-36.23687,-5.870444],[-36.236013,-5.870563],[-36.235918,-5.871538],[-36.235656,-5.8718],[-36.234157,-5.871848],[-36.232263,-5.872857],[-36.231007,-5.875541],[-36.23045,-5.876026],[-36.229761,-5.87573],[-36.229536,-5.874927],[-36.228523,-5.873727],[-36.22798,-5.873642],[-36.227438,-5.875169],[-36.226852,-5.875669],[-36.225853,-5.874898],[-36.223554,-5.873942],[-36.22314,-5.873313],[-36.222855,-5.873185],[-36.222378,-5.873398],[-36.22145,-5.873172]]}},{"type":"Feature","id":22,"properties":{"regime":"Intermitente","ordem":1,"largura":"<=10","dominialidade":"Estadual","fonte":"ANA (2021), MDE/Maxar(imagens do basemap/arcmap), Cartas topográficas"},"geometry":{"type":"LineString","coordinates":[[-36.223222,-5.855468],[-36.222984,-5.856813],[-36.224006,-5.858025],[-36.22377,-5.858931],[-36.2239,-5.85968],[-36.222794,-5.860846],[-36.221414,-5.863654],[-36.22095,-5.863999],[-36.219665,-5.864368],[-36.21907,-5.864796],[-36.218987,-5.86507],[-36.219023,-5.865355],[-36.220284,-5.866212],[-36.220034,-5.866854],[-36.219094,-5.867235],[-36.21907,-5.86758],[-36.219605,-5.868329],[-36.218844,-5.869008],[-36.218701,-5.869317],[-36.218785,-5.870066],[-36.219249,-5.870304],[-36.219905,-5.869955],[-36.220135,-5.870028],[-36.221545,-5.871363],[-36.221616,-5.872458],[-36.22145,-5.873172]]}},{"type":"Feature","id":23,"properties":{"nome":"Riacho Chapador","regime":"Intermitente","ordem":3,"largura":"10 - 50","dominialidade":"Estadual","fonte":"ANA (2021), MDE/Maxar(imagens do basemap/arcmap), Cartas topográficas"},"geometry":{"type":"LineString","coordinates":[[-36.22145,-5.873172],[-36.21989,-5.873723],[-36.219319,-5.874222],[-36.217534,-5.875127],[-36.216821,-5.875769],[-36.216368,-5.87753],[-36.215893,-5.87772],[-36.215702,-5.878196],[-36.214822,-5.87872],[-36.214679,-5.879148],[-36.21337,-5.8801],[-36.21161,-5.880433],[-36.211419,-5.881979],[-36.210928,-5.882538],[-36.209896,-5.88286],[-36.209726,-5.882597],[-36.208802,-5.882217],[-36.207898,-5.883193],[-36.206946,-5.883098],[-36.204685,-5.883764],[-36.203472,-5.88443],[-36.201996,-5.884549],[-36.201544,-5.885406],[-36.202663,-5.887309],[-36.203091,-5.889118],[-36.203829,-5.890117],[-36.204233,-5.891473],[-36.203876,-5.892092],[-36.204328,-5.893068],[-36.204043,-5.894353],[-36.204233,-5.895566],[-36.202996,-5.896994],[-36.200759,-5.89816],[-36.201473,-5.899873],[-36.201402,-5.90042],[-36.201143,-5.900825],[-36.199355,-5.901443],[-36.199065,-5.902712]]}},{"type":"Feature","id":24,"properties":{"nome":"Riacho das Canoas","regime":"Intermitente","ordem":1,"largura":"<=10","dominialidade":"Estadual","fonte":"ANA (2021), MDE/Maxar(imagens do basemap/arcmap), Cartas topográficas"},"geometry":{"type":"LineString","coordinates":[[-36.257812,-5.941011],[-36.257979,-5.939809],[-36.257574,-5.938619],[-36.257515,-5.937549],[-36.256955,-5.936442],[-36.254505,-5.933896],[-36.253862,-5.933515],[-36.25311,-5.933606],[-36.252582,-5.933277],[-36.251211,-5.931379],[-36.251111,-5.930408],[-36.252211,-5.928937],[-36.252054,-5.928095],[-36.252625,-5.926824],[-36.252396,-5.925825],[-36.251668,-5.924711],[-36.251611,-5.92394],[-36.252196,-5.923698],[-36.253026,-5.9239],[-36.255523,-5.923355],[-36.256151,-5.923469],[-36.256765,-5.922813]]}},{"type":"Feature","id":25,"properties":{"regime":"Intermitente","ordem":1,"largura":"<=10","dominialidade":"Estadual","fonte":"ANA (2021), MDE/Maxar(imagens do basemap/arcmap), Cartas topográficas"},"geometry":{"type":"LineString","coordinates":[[-36.268558,-5.936147],[-36.267001,-5.935019],[-36.26663,-5.934434],[-36.266616,-5.933349],[-36.26633,-5.932863],[-36.264717,-5.931821],[-36.263404,-5.930608],[-36.26299,-5.929309],[-36.261762,-5.92771],[-36.261448,-5.926767],[-36.26169,-5.925654],[-36.261491,-5.925297],[-36.260334,-5.924397],[-36.260106,-5.923312],[-36.259663,-5.922784],[-36.259292,-5.92257],[-36.257336,-5.923298],[-36.256765,-5.922813]]}},{"type":"Feature","id":26,"properties":{"nome":"Riacho das Canoas","regime":"Intermitente","ordem":2,"largura":"10 - 50","dominialidade":"Estadual","fonte":"ANA (2021), MDE/Maxar(imagens do basemap/arcmap), Cartas topográficas"},"geometry":{"type":"LineString","coordinates":[[-36.256765,-5.922813],[-36.255366,-5.920828],[-36.255052,-5.92],[-36.254752,-5.919786],[-36.253995,-5.920386],[-36.253367,-5.920286],[-36.25331,-5.919557],[-36.251711,-5.916003],[-36.251797,-5.915117],[-36.251557,-5.914857]]}},{"type":"Feature","id":27,"properties":{"regime":"Intermitente","ordem":1,"largura":"<=10","dominialidade":"Estadual","fonte":"ANA (2021), MDE/Maxar(imagens do basemap/arcmap), Cartas topográficas"},"geometry":{"type":"LineString","coordinates":[[-36.267032,-5.894297],[-36.267152,-5.899133],[-36.266391,-5.900915],[-36.265863,-5.901072],[-36.266834,-5.904599],[-36.267333,-5.905669],[-36.267019,-5.906298],[-36.266048,-5.911237],[-36.264764,-5.911409],[-36.262162,-5.911274],[-36.261671,-5.911801],[-36.261104,-5.912881],[-36.260252,-5.91562],[-36.259648,-5.916575],[-36.257509,-5.916045],[-36.255798,-5.916263],[-36.255569,-5.917362],[-36.255241,-5.917633],[-36.253898,-5.916287],[-36.25265,-5.915742],[-36.251557,-5.914857]]}},{"type":"Feature","id":28,"properties":{"nome":"Riacho das Canoas","regime":"Intermitente","ordem":2,"largura":"10 - 50","dominialidade":"Estadual","fonte":"ANA (2021), MDE/Maxar(imagens do basemap/arcmap), Cartas topográficas"},"geometry":{"type":"LineString","coordinates":[[-36.251557,-5.914857],[-36.251257,-5.914571],[-36.251072,-5.913386],[-36.250715,-5.912887],[-36.250158,-5.912544],[-36.249944,-5.913058],[-36.249116,-5.913429],[-36.248117,-5.913201],[-36.246789,-5.912573],[-36.245918,-5.912644],[-36.244091,-5.913372],[-36.241821,-5.912144],[-36.240079,-5.911859],[-36.239779,-5.911488],[-36.239808,-5.910046],[-36.238408,-5.907033],[-36.237009,-5.905834],[-36.236581,-5.904892],[-36.236295,-5.905149],[-36.236153,-5.904906],[-36.235282,-5.904635],[-36.234925,-5.904792],[-36.234768,-5.905363],[-36.233968,-5.905249],[-36.232012,-5.905777],[-36.231527,-5.906291],[-36.230912,-5.906108],[-36.230114,-5.906562],[-36.229957,-5.906848],[-36.229514,-5.906962],[-36.228186,-5.906819],[-36.227682,-5.907834],[-36.22653,-5.908304],[-36.226345,-5.909004],[-36.225674,-5.90926],[-36.225259,-5.909189],[-36.22497,-5.909807],[-36.223646,-5.91056],[-36.223289,-5.910374],[-36.223246,-5.91076],[-36.221947,-5.910917],[-36.221233,-5.910346],[-36.220605,-5.909189],[-36.219178,-5.908118],[-36.218535,-5.907062],[-36.217936,-5.906591],[-36.216779,-5.906462],[-36.215737,-5.905334],[-36.214552,-5.905092],[-36.214138,-5.90472],[-36.211982,-5.904264],[-36.209769,-5.904749],[-36.209569,-5.905006],[-36.209512,-5.905349],[-36.210697,-5.906448],[-36.210669,-5.907205],[-36.209955,-5.908404],[-36.209898,-5.9095]]}},{"type":"Feature","id":29,"properties":{"regime":"Intermitente","ordem":1,"largura":"<=10","dominialidade":"Estadual","fonte":"ANA (2021), MDE/Maxar(imagens do basemap/arcmap), Cartas topográficas"},"geometry":{"type":"LineString","coordinates":[[-36.232374,-5.94454],[-36.231846,-5.943712],[-36.229769,-5.942101],[-36.229462,-5.940014],[-36.228134,-5.937316],[-36.226892,-5.936545],[-36.225121,-5.93586],[-36.224581,-5.934834],[-36.224693,-5.934418],[-36.224522,-5.933989],[-36.223708,-5.93289],[-36.222861,-5.931058],[-36.221034,-5.929801],[-36.221119,-5.929459],[-36.221847,-5.92913],[-36.221548,-5.928588],[-36.22159,-5.927432],[-36.222133,-5.926147],[-36.221976,-5.924776],[-36.221219,-5.924419],[-36.221105,-5.923405],[-36.220877,-5.923149],[-36.220277,-5.922977],[-36.218507,-5.922677],[-36.21835,-5.921378],[-36.216494,-5.920479],[-36.215737,-5.919008],[-36.215137,-5.918509],[-36.214652,-5.918366],[-36.213952,-5.916867],[-36.213024,-5.91581],[-36.212068,-5.913098],[-36.211154,-5.911227],[-36.21094,-5.9096],[-36.209898,-5.9095]]}},{"type":"Feature","id":30,"properties":{"nome":"Riacho das Canoas","regime":"Intermitente","ordem":2,"largura":"10 - 50","dominialidade":"Estadual","fonte":"ANA (2021), MDE/Maxar(imagens do basemap/arcmap), Cartas topográficas"},"geometry":{"type":"LineString","coordinates":[[-36.209898,-5.9095],[-36.209841,-5.909971],[-36.209384,-5.910599],[-36.208142,-5.910499],[-36.207328,-5.909429],[-36.207257,-5.908715],[-36.205615,-5.90713],[-36.204515,-5.905003],[-36.202402,-5.904646],[-36.201374,-5.904703],[-36.200746,-5.904175],[-36.200061,-5.903075],[-36.199661,-5.90279],[-36.199065,-5.902712]]}},{"type":"Feature","id":31,"properties":{"nome":"Riacho das Canoas","regime":"Intermitente","ordem":3,"largura":"10 - 50","dominialidade":"Estadual","fonte":"ANA (2021), MDE/Maxar(imagens do basemap/arcmap), Cartas topográficas"},"geometry":{"type":"LineString","coordinates":[[-36.199065,-5.902712],[-36.198254,-5.903943]]}},{"type":"Feature","id":32,"properties":{"regime":"Intermitente","ordem":1,"largura":"<=10","dominialidade":"Estadual","fonte":"ANA (2021), MDE/Maxar(imagens do basemap/arcmap), Cartas topográficas"},"geometry":{"type":"LineString","coordinates":[[-36.16196,-5.855651],[-36.162341,-5.858069],[-36.163708,-5.861338],[-36.164549,-5.862547],[-36.164644,-5.863113],[-36.165367,-5.863989],[-36.166738,-5.866483],[-36.168127,-5.868539],[-36.16965,-5.868596],[-36.172544,-5.867777],[-36.173134,-5.868006],[-36.174485,-5.867739],[-36.175685,-5.869605],[-36.177417,-5.871051],[-36.177493,-5.871375],[-36.17795,-5.871717],[-36.178197,-5.872898],[-36.179168,-5.873869],[-36.179225,-5.874325],[-36.180101,-5.875694],[-36.180077,-5.876051],[-36.179185,-5.876634],[-36.179839,-5.8773],[-36.180696,-5.877633],[-36.180256,-5.87868],[-36.181671,-5.879537],[-36.181921,-5.879953],[-36.181778,-5.880941],[-36.182635,-5.881833],[-36.182695,-5.88219],[-36.182052,-5.884677],[-36.181683,-5.885331],[-36.181636,-5.886176],[-36.182064,-5.886735],[-36.182695,-5.886913],[-36.183515,-5.886604],[-36.184341,-5.885874],[-36.18449,-5.885367],[-36.184777,-5.8852],[-36.184967,-5.885367],[-36.185061,-5.886746],[-36.184348,-5.887817],[-36.184194,-5.888388],[-36.184301,-5.888864],[-36.184788,-5.889352],[-36.185181,-5.891006],[-36.184884,-5.891625],[-36.184098,-5.892172],[-36.184289,-5.892731],[-36.184217,-5.894813],[-36.184729,-5.895289],[-36.185217,-5.895455],[-36.185479,-5.895241],[-36.185788,-5.894349],[-36.187334,-5.894016],[-36.18754,-5.893595],[-36.189163,-5.891917],[-36.190047,-5.891874],[-36.190642,-5.892969],[-36.190559,-5.89354],[-36.190737,-5.893992],[-36.192343,-5.895491],[-36.191974,-5.896931],[-36.192129,-5.897192],[-36.19245,-5.8973],[-36.192956,-5.896952],[-36.193688,-5.897502],[-36.195841,-5.898251],[-36.196067,-5.898525],[-36.196067,-5.898929],[-36.195674,-5.89981],[-36.195912,-5.900702],[-36.195805,-5.901987],[-36.196948,-5.903558],[-36.198254,-5.903943]]}},{"type":"Feature","id":33,"properties":{"regime":"Intermitente","ordem":3,"largura":"10 - 50","dominialidade":"Estadual","fonte":"ANA (2021), MDE/Maxar(imagens do basemap/arcmap), Cartas topográficas"},"geometry":{"type":"LineString","coordinates":[[-36.198254,-5.903943],[-36.197854,-5.904267],[-36.198253,-5.905192],[-36.198385,-5.907151],[-36.197873,-5.908283],[-36.197588,-5.908645],[-36.196464,-5.908607],[-36.194504,-5.908949],[-36.193799,-5.909654],[-36.193838,-5.910472],[-36.194599,-5.912262],[-36.194865,-5.913556],[-36.19477,-5.914241],[-36.193381,-5.915383],[-36.190202,-5.916335],[-36.189629,-5.916988],[-36.188489,-5.917382],[-36.187651,-5.918296],[-36.186242,-5.919305],[-36.184129,-5.919857],[-36.18175,-5.921037],[-36.180551,-5.922217],[-36.179599,-5.92256],[-36.18017,-5.92395],[-36.179949,-5.924635]]}},{"type":"Feature","id":34,"properties":{"nome":"Riacho Gameleira","regime":"Intermitente","ordem":1,"largura":"<=10","dominialidade":"Estadual","fonte":"ANA (2021), MDE/Maxar(imagens do basemap/arcmap), Cartas topográficas"},"geometry":{"type":"LineString","coordinates":[[-36.141772,-5.860024],[-36.141441,-5.860662],[-36.141477,-5.861197],[-36.143147,-5.862289],[-36.143183,-5.862782],[-36.144639,-5.864259],[-36.144846,-5.864716],[-36.144817,-5.86523],[-36.145146,-5.865466],[-36.145553,-5.866415],[-36.145859,-5.866687],[-36.146195,-5.868371],[-36.146688,-5.868785],[-36.147387,-5.86992],[-36.147566,-5.871048],[-36.149029,-5.87209],[-36.148858,-5.873475],[-36.149571,-5.87421],[-36.152348,-5.874225],[-36.152991,-5.874846],[-36.152976,-5.875774],[-36.151777,-5.876302],[-36.151549,-5.876802],[-36.151742,-5.877451],[-36.15247,-5.878087],[-36.153141,-5.879386],[-36.153733,-5.87995],[-36.154157,-5.881289],[-36.155289,-5.882469],[-36.156612,-5.882336],[-36.15701,-5.88241],[-36.157277,-5.882819],[-36.157362,-5.883562],[-36.158416,-5.884992],[-36.158538,-5.885898],[-36.15913,-5.887148],[-36.159237,-5.888382],[-36.159559,-5.889389],[-36.159451,-5.889717],[-36.15888,-5.889674],[-36.158609,-5.890074],[-36.158545,-5.890303],[-36.15918,-5.891423],[-36.158652,-5.891752],[-36.158595,-5.892137],[-36.158795,-5.892423],[-36.160586,-5.892894],[-36.160272,-5.894629],[-36.160672,-5.895271],[-36.162141,-5.896776],[-36.162788,-5.897776],[-36.163273,-5.897985],[-36.164006,-5.897852],[-36.164682,-5.898185],[-36.165891,-5.899546],[-36.16807,-5.900821],[-36.168603,-5.902087],[-36.168004,-5.903467],[-36.168822,-5.904771],[-36.169983,-5.905694],[-36.171459,-5.906332],[-36.172667,-5.908102],[-36.173914,-5.908921],[-36.174685,-5.90834],[-36.17518,-5.90855],[-36.17518,-5.90895],[-36.174609,-5.909901],[-36.173521,-5.910847],[-36.173756,-5.911807]]}},{"type":"Feature","id":35,"properties":{"nome":"Riacho Gameleira","regime":"Intermitente","ordem":3,"largura":"10 - 50","dominialidade":"Estadual","fonte":"ANA (2021), MDE/Maxar(imagens do basemap/arcmap), Cartas topográficas"},"geometry":{"type":"LineString","coordinates":[[-36.17993,-5.924635],[-36.180365,-5.925117],[-36.181043,-5.925292],[-36.181794,-5.925938],[-36.182298,-5.927413],[-36.182041,-5.929231],[-36.180661,-5.930659],[-36.180604,-5.931125],[-36.182413,-5.932524],[-36.183954,-5.932836],[-36.185456,-5.933451],[-36.185534,-5.933979],[-36.185267,-5.934378],[-36.184239,-5.935159],[-36.184506,-5.935711],[-36.1858,-5.935882],[-36.186048,-5.936092],[-36.188275,-5.939118],[-36.188789,-5.939156],[-36.189208,-5.938033],[-36.189588,-5.938052],[-36.190102,-5.938738],[-36.191022,-5.939446],[-36.192293,-5.939532]]}},{"type":"Feature","id":36,"properties":{"regime":"Intermitente","ordem":1,"largura":"<=10","dominialidade":"Estadual","fonte":"ANA (2021), MDE/Maxar(imagens do basemap/arcmap), Cartas topográficas"},"geometry":{"type":"LineString","coordinates":[[-36.241029,-5.947036],[-36.24076,-5.947031],[-36.239987,-5.946379],[-36.238695,-5.945972],[-36.236663,-5.945958],[-36.235828,-5.947072],[-36.235171,-5.947414],[-36.234571,-5.947129],[-36.234607,-5.947429],[-36.234407,-5.94765],[-36.232687,-5.948242],[-36.232473,-5.948735],[-36.230602,-5.949213],[-36.229125,-5.948906],[-36.227221,-5.947943],[-36.2269,-5.947657],[-36.226043,-5.94573],[-36.225698,-5.945539],[-36.223438,-5.946884],[-36.222355,-5.948288],[-36.220713,-5.948799],[-36.219595,-5.948847],[-36.219143,-5.948347],[-36.21756,-5.945123],[-36.216335,-5.943648],[-36.216276,-5.943196],[-36.215609,-5.942613],[-36.215514,-5.94197],[-36.215054,-5.941897],[-36.214388,-5.942279],[-36.212987,-5.94234],[-36.212798,-5.942748],[-36.211483,-5.942932],[-36.211215,-5.942576],[-36.209591,-5.942356],[-36.209305,-5.942375],[-36.208925,-5.942796],[-36.208544,-5.942794],[-36.207535,-5.94249],[-36.206811,-5.942755],[-36.205609,-5.942325],[-36.205327,-5.942642],[-36.206088,-5.943917],[-36.206279,-5.944926],[-36.205498,-5.945383],[-36.205289,-5.945097],[-36.204959,-5.945234],[-36.204645,-5.946105],[-36.204103,-5.946862],[-36.202161,-5.946933],[-36.201533,-5.946308],[-36.200674,-5.943918],[-36.200117,-5.943115],[-36.200159,-5.942102],[-36.198732,-5.940774],[-36.195263,-5.938961],[-36.194906,-5.938447],[-36.194292,-5.936362],[-36.193792,-5.936006],[-36.193307,-5.936091],[-36.193178,-5.936305],[-36.193449,-5.937576],[-36.192293,-5.939532]]}},{"type":"Feature","id":37,"properties":{"nome":"Riacho Gameleira","regime":"Intermitente","ordem":3,"largura":"10 -50","dominialidade":"Estadual","fonte":"ANA (2021), MDE/Maxar(imagens do basemap/arcmap), Cartas topográficas"},"geometry":{"type":"LineString","coordinates":[[-36.192293,-5.939532],[-36.192964,-5.939875],[-36.193991,-5.941218],[-36.195191,-5.944158],[-36.198732,-5.949326],[-36.200302,-5.952053],[-36.200431,-5.952595],[-36.203372,-5.956264],[-36.203796,-5.95719],[-36.205213,-5.958591],[-36.205656,-5.959753],[-36.205613,-5.961266],[-36.205927,-5.961865]]}},{"type":"Feature","id":38,"properties":{"nome":"Rio Potengi","regime":"Intermitente","ordem":4,"largura":"10 - 50","dominialidade":"Estadual","fonte":"ANA (2021), MDE/Maxar(imagens do basemap/arcmap), Cartas topográficas"},"geometry":{"type":"LineString","coordinates":[[-36.217437,-5.983059],[-36.217544,-5.985058],[-36.218334,-5.987247],[-36.217806,-5.988032]]}},{"type":"Feature","id":39,"properties":{"nome":"Riacho Olho-d'_gua","regime":"Intermitente","ordem":2,"largura":"<=10","dominialidade":"Estadual","fonte":"ANA (2021), MDE/Maxar(imagens do basemap/arcmap), Cartas topográficas"},"geometry":{"type":"LineString","coordinates":[[-36.230259,-6.000039],[-36.229557,-5.999047],[-36.228868,-5.998583],[-36.228211,-5.998611],[-36.227341,-5.999068],[-36.227183,-5.998897],[-36.227198,-5.997912],[-36.226784,-5.997597],[-36.226313,-5.997669],[-36.224856,-5.998454],[-36.224285,-5.998525],[-36.2244,-5.997526],[-36.225113,-5.996541],[-36.225356,-5.995841],[-36.225085,-5.994699],[-36.224685,-5.994471],[-36.223743,-5.994357],[-36.222617,-5.993756],[-36.221499,-5.992019],[-36.22069,-5.991115],[-36.218715,-5.98983],[-36.218144,-5.988162],[-36.217806,-5.988032]]}},{"type":"Feature","id":40,"properties":{"nome":"Rio Potengi","regime":"Intermitente","ordem":4,"largura":"10 - 50","dominialidade":"Estadual","fonte":"ANA (2021), MDE/Maxar(imagens do basemap/arcmap), Cartas topográficas"},"geometry":{"type":"LineString","coordinates":[[-36.217787,-5.988032],[-36.215961,-5.989035],[-36.215176,-5.989142],[-36.214284,-5.989],[-36.213177,-5.988286],[-36.212035,-5.988179],[-36.210314,-5.989731],[-36.20969,-5.989616],[-36.208859,-5.989107],[-36.207859,-5.987465],[-36.20743,-5.987192],[-36.20668,-5.987388],[-36.203969,-5.989464],[-36.202577,-5.989499],[-36.200894,-5.988721],[-36.198294,-5.990249],[-36.19733,-5.989821],[-36.196616,-5.988893],[-36.195546,-5.988536],[-36.192226,-5.988214],[-36.191298,-5.987215],[-36.186837,-5.986287],[-36.183861,-5.987334],[-36.181626,-5.988571],[-36.181126,-5.989714],[-36.18109,-5.990641],[-36.180202,-5.992901],[-36.179117,-5.993282]]}},{"type":"Feature","id":41,"properties":{"nome":"Riacho da Grota","regime":"Intermitente","ordem":3,"largura":"10 - 50","dominialidade":"Estadual","fonte":"ANA (2021), MDE/Maxar(imagens do basemap/arcmap), Cartas topográficas"},"geometry":{"type":"LineString","coordinates":[[-36.183246,-5.998202],[-36.182304,-5.996531],[-36.182482,-5.995603],[-36.181733,-5.994996],[-36.180127,-5.995424],[-36.179234,-5.994568],[-36.179117,-5.993282]]}},{"type":"Feature","id":42,"properties":{"nome":"Rio Potengi","regime":"Intermitente","ordem":4,"largura":"10 - 50","dominialidade":"Estadual","fonte":"ANA (2021), MDE/Maxar(imagens do basemap/arcmap), Cartas topográficas"},"geometry":{"type":"LineString","coordinates":[[-36.179117,-5.993282],[-36.177746,-5.993025],[-36.176701,-5.991739],[-36.174771,-5.991647]]}},{"type":"Feature","id":43,"properties":{"regime":"Intermitente","ordem":1,"largura":"<=10","dominialidade":"Estadual","fonte":"ANA (2021), MDE/Maxar(imagens do basemap/arcmap), Cartas topográficas"},"geometry":{"type":"LineString","coordinates":[[-36.172934,-6.000629],[-36.172611,-5.999852],[-36.172573,-5.998815],[-36.173407,-5.998174],[-36.173635,-5.99766],[-36.172702,-5.996309],[-36.172759,-5.995966],[-36.173255,-5.99569],[-36.173654,-5.994653],[-36.174568,-5.994291],[-36.174891,-5.993606],[-36.175086,-5.992949],[-36.174701,-5.992597],[-36.174771,-5.991647]]}},{"type":"Feature","id":44,"properties":{"nome":"Rio Potengi","regime":"Intermitente","ordem":4,"largura":"10 - 50","dominialidade":"Estadual","fonte":"ANA (2021), MDE/Maxar(imagens do basemap/arcmap), Cartas topográficas"},"geometry":{"type":"LineString","coordinates":[[-36.174771,-5.991647],[-36.173849,-5.991082],[-36.173284,-5.989268],[-36.172957,-5.987126],[-36.172005,-5.985847],[-36.17147,-5.984182],[-36.171559,-5.981594],[-36.170518,-5.980999],[-36.168942,-5.980779],[-36.167466,-5.981112],[-36.166086,-5.98097],[-36.163231,-5.979542],[-36.161902,-5.979222],[-36.158333,-5.982699],[-36.156932,-5.984558],[-36.15495,-5.985633],[-36.153999,-5.984824],[-36.147569,-5.981547],[-36.146093,-5.981401],[-36.144077,-5.982012],[-36.143003,-5.981839]]}},{"type":"Feature","id":45,"properties":{"regime":"Intermitente","ordem":2,"largura":"10 - 50","dominialidade":"Estadual","fonte":"ANA (2021), MDE/Maxar(imagens do basemap/arcmap), Cartas topográficas"},"geometry":{"type":"LineString","coordinates":[[-36.144026,-5.999501],[-36.143307,-5.998742],[-36.143427,-5.998247],[-36.142789,-5.997587],[-36.142551,-5.996064],[-36.142163,-5.995932],[-36.141788,-5.993323],[-36.142441,-5.991944],[-36.141767,-5.990621],[-36.142358,-5.98866],[-36.143271,-5.987442],[-36.143785,-5.985748],[-36.1435,-5.985044],[-36.141705,-5.982642]]}},{"type":"Feature","id":46,"properties":{"nome":"Rio Potengi","regime":"Intermitente","ordem":4,"largura":"10 - 50","dominialidade":"Estadual","fonte":"ANA (2021), MDE/Maxar(imagens do basemap/arcmap), Cartas topográficas"},"geometry":{"type":"LineString","coordinates":[[-36.130194,-5.973794],[-36.12751,-5.971719],[-36.125987,-5.970862],[-36.124312,-5.970139],[-36.123358,-5.970077],[-36.118411,-5.973984],[-36.11685,-5.974498],[-36.114185,-5.973489],[-36.112928,-5.973203],[-36.111653,-5.973184],[-36.10973,-5.973785],[-36.108999,-5.974307],[-36.108453,-5.975034]]}},{"type":"Feature","id":47,"properties":{"nome":"Riacho Cachoeirinha","regime":"Intermitente","ordem":3,"largura":"10 - 50","dominialidade":"Estadual","fonte":"ANA (2021), MDE/Maxar(imagens do basemap/arcmap), Cartas topográficas"},"geometry":{"type":"LineString","coordinates":[[-36.107927,-5.993039],[-36.107192,-5.992457],[-36.106929,-5.991643],[-36.103263,-5.987019],[-36.103049,-5.9859],[-36.102287,-5.984877],[-36.101931,-5.984044],[-36.102145,-5.983259],[-36.10312,-5.98176],[-36.102906,-5.980665],[-36.101202,-5.97703],[-36.101031,-5.976287],[-36.101393,-5.974821]]}},{"type":"Feature","id":48,"properties":{"nome":"Rio Potengi","regime":"Intermitente","ordem":4,"largura":"10 - 50","dominialidade":"Estadual","fonte":"ANA (2021), MDE/Maxar(imagens do basemap/arcmap), Cartas topográficas"},"geometry":{"type":"LineString","coordinates":[[-36.101393,-5.974821],[-36.101317,-5.974346],[-36.101754,-5.972004],[-36.101733,-5.969434],[-36.100956,-5.96789],[-36.099394,-5.966141]]}},{"type":"Feature","id":49,"properties":{"nome":"Riacho Fechado","regime":"Intermitente","ordem":2,"largura":"<=10","dominialidade":"Estadual","fonte":"ANA (2021), MDE/Maxar(imagens do basemap/arcmap), Cartas topográficas"},"geometry":{"type":"LineString","coordinates":[[-36.128395,-5.8731],[-36.128444,-5.873274],[-36.128087,-5.873286],[-36.127766,-5.874035],[-36.127956,-5.874428],[-36.127623,-5.874773],[-36.127528,-5.875975],[-36.126052,-5.877379],[-36.125327,-5.877141],[-36.124895,-5.876659],[-36.124601,-5.876629],[-36.12328,-5.877212],[-36.122674,-5.876653],[-36.121436,-5.876807],[-36.120354,-5.877343],[-36.118284,-5.87789],[-36.117308,-5.878616],[-36.115392,-5.879139],[-36.11525,-5.879425],[-36.115,-5.879353],[-36.114191,-5.879806],[-36.113632,-5.880448],[-36.113953,-5.880924],[-36.114262,-5.881019],[-36.114476,-5.88159],[-36.11456,-5.882114],[-36.114227,-5.882899],[-36.114334,-5.883708],[-36.113632,-5.884148],[-36.112811,-5.883648],[-36.111704,-5.883732],[-36.111217,-5.883541],[-36.110764,-5.883077],[-36.110467,-5.88347],[-36.110003,-5.883553],[-36.109765,-5.883827],[-36.109912,-5.884717],[-36.109649,-5.885637],[-36.109396,-5.88579],[-36.108897,-5.886944],[-36.108064,-5.887765],[-36.10798,-5.88836],[-36.107683,-5.8888],[-36.10666,-5.889657],[-36.106247,-5.890812],[-36.106386,-5.891513],[-36.108012,-5.892327],[-36.10851,-5.892361],[-36.109361,-5.893023],[-36.109396,-5.893428],[-36.108888,-5.894536],[-36.108787,-5.895356],[-36.10961,-5.895962],[-36.111407,-5.896069],[-36.111788,-5.896402],[-36.111871,-5.897747],[-36.11134,-5.900058],[-36.111799,-5.901066],[-36.112585,-5.901161],[-36.113497,-5.902813],[-36.113483,-5.903027],[-36.111798,-5.903769],[-36.111712,-5.904085],[-36.112381,-5.905655],[-36.111249,-5.907472],[-36.111714,-5.90965]]}},{"type":"Feature","id":50,"properties":{"regime":"Intermitente","ordem":1,"largura":"<=10","dominialidade":"Estadual","fonte":"ANA (2021), MDE/Maxar(imagens do basemap/arcmap), Cartas topográficas"},"geometry":{"type":"LineString","coordinates":[[-36.14175,-5.895121],[-36.140751,-5.895311],[-36.140251,-5.895145],[-36.139752,-5.89549],[-36.138776,-5.895418],[-36.138015,-5.89499],[-36.1377,-5.894998],[-36.137244,-5.895362],[-36.137344,-5.895719],[-36.136544,-5.896168],[-36.135887,-5.896925],[-36.135252,-5.896811],[-36.134924,-5.897146],[-36.134995,-5.89766],[-36.134431,-5.898403],[-36.133796,-5.898595],[-36.133796,-5.89881],[-36.133325,-5.899045],[-36.132818,-5.900323],[-36.13229,-5.900494],[-36.131883,-5.90028],[-36.131326,-5.900373],[-36.130619,-5.901144],[-36.129249,-5.901072],[-36.128449,-5.902293],[-36.127935,-5.902643],[-36.127585,-5.902643],[-36.127257,-5.903071],[-36.126543,-5.903214],[-36.125908,-5.902993],[-36.125622,-5.903207],[-36.125073,-5.9031],[-36.125444,-5.905562],[-36.126165,-5.906298],[-36.127372,-5.906791],[-36.127214,-5.907526],[-36.127343,-5.908118],[-36.128801,-5.910008],[-36.128956,-5.911059],[-36.129584,-5.911559],[-36.12977,-5.91218],[-36.13084,-5.913529],[-36.131654,-5.915021],[-36.132325,-5.915706],[-36.132554,-5.916391]]}},{"type":"Feature","id":51,"properties":{"nome":"Riacho Fechado","regime":"Intermitente","ordem":3,"largura":"10 - 50","dominialidade":"Estadual","fonte":"ANA (2021), MDE/Maxar(imagens do basemap/arcmap), Cartas topográficas"},"geometry":{"type":"LineString","coordinates":[[-36.121152,-5.931311],[-36.120651,-5.932125],[-36.119686,-5.932638],[-36.118994,-5.932836],[-36.118344,-5.932394],[-36.115037,-5.933988],[-36.114073,-5.933786],[-36.113074,-5.934774],[-36.111343,-5.935848],[-36.110789,-5.93676],[-36.109647,-5.937343],[-36.107756,-5.937772],[-36.107648,-5.939009],[-36.107315,-5.939866],[-36.105935,-5.941424],[-36.105055,-5.941329],[-36.102915,-5.941851],[-36.102726,-5.942267],[-36.10242,-5.943756],[-36.101093,-5.94704],[-36.101436,-5.947136],[-36.101114,-5.947868],[-36.101819,-5.948586],[-36.101571,-5.949819],[-36.102771,-5.950285],[-36.103494,-5.951132],[-36.103618,-5.952179],[-36.103951,-5.95257],[-36.104522,-5.952731],[-36.106035,-5.952512],[-36.107682,-5.952636],[-36.108643,-5.952408],[-36.108986,-5.952446],[-36.109576,-5.952884],[-36.109623,-5.953321],[-36.109224,-5.954568],[-36.109176,-5.957129],[-36.109614,-5.958137],[-36.109918,-5.958132],[-36.11028,-5.95859],[-36.11036,-5.959259]]}},{"type":"Feature","id":52,"properties":{"regime":"Intermitente","ordem":1,"largura":"<=10","dominialidade":"Estadual","fonte":"ANA (2021), MDE/Maxar(imagens do basemap/arcmap), Cartas topográficas"},"geometry":{"type":"LineString","coordinates":[[-36.180747,-5.955421],[-36.180003,-5.954291],[-36.179706,-5.952506],[-36.180062,-5.951495],[-36.179527,-5.950781],[-36.179884,-5.949651],[-36.179795,-5.948193],[-36.18149,-5.94507],[-36.180241,-5.943286],[-36.179616,-5.942602],[-36.178456,-5.942334],[-36.176126,-5.939898],[-36.172559,-5.939597],[-36.169637,-5.939098],[-36.167332,-5.939241],[-36.166589,-5.939092],[-36.165934,-5.938676],[-36.165696,-5.9382],[-36.165815,-5.937694],[-36.165459,-5.936951],[-36.165459,-5.936475],[-36.164834,-5.935999],[-36.162492,-5.935365],[-36.161482,-5.935805],[-36.16039,-5.935627],[-36.15948,-5.935761],[-36.157101,-5.936504],[-36.155921,-5.93629],[-36.155211,-5.936761],[-36.154446,-5.936943],[-36.151113,-5.939385],[-36.147821,-5.942453],[-36.146289,-5.944625],[-36.145297,-5.946913],[-36.144209,-5.94875],[-36.143371,-5.948711],[-36.143109,-5.949092],[-36.143371,-5.950044],[-36.142972,-5.950583],[-36.142492,-5.951981],[-36.142539,-5.952749],[-36.142839,-5.953449],[-36.143496,-5.954005],[-36.14411,-5.955019],[-36.143895,-5.955733],[-36.143596,-5.955961],[-36.141012,-5.956604],[-36.140825,-5.957058],[-36.140954,-5.957774],[-36.14084,-5.958788],[-36.139056,-5.960159],[-36.138485,-5.960016],[-36.1369,-5.958702],[-36.135843,-5.958231],[-36.130918,-5.957746],[-36.129262,-5.957931],[-36.128277,-5.958417],[-36.126535,-5.95816],[-36.122994,-5.959716],[-36.122052,-5.959902],[-36.121652,-5.959359],[-36.121381,-5.958403],[-36.119654,-5.958274],[-36.112277,-5.957003],[-36.111896,-5.957027],[-36.11089,-5.958095],[-36.11036,-5.959259]]}},{"type":"Feature","id":53,"properties":{"nome":"Riacho Fechado","regime":"Intermitente","ordem":3,"largura":"10 - 50","dominialidade":"Estadual","fonte":"ANA (2021), MDE/Maxar(imagens do basemap/arcmap), Cartas topográficas"},"geometry":{"type":"LineString","coordinates":[[-36.11036,-5.959259],[-36.110276,-5.960211],[-36.109752,-5.960659],[-36.108647,-5.962673],[-36.107921,-5.963161],[-36.1076,-5.96334],[-36.104078,-5.963828],[-36.103059,-5.963749],[-36.102165,-5.96422],[-36.100152,-5.965826],[-36.099377,-5.966174]]}},{"type":"Feature","id":54,"properties":{"nome":"Rio Potengi","regime":"Intermitente","ordem":4,"largura":"10 - 50","dominialidade":"Estadual","fonte":"ANA (2021), MDE/Maxar(imagens do basemap/arcmap), Cartas topográficas"},"geometry":{"type":"LineString","coordinates":[[-36.099394,-5.966141],[-36.095952,-5.96526],[-36.094605,-5.965405],[-36.092569,-5.965935],[-36.088892,-5.967976],[-36.085397,-5.969141],[-36.084293,-5.969148]]}},{"type":"Feature","id":55,"properties":{"nome":"Riacho da Carna0ba","regime":"Intermitente","ordem":1,"largura":"<=10","dominialidade":"Estadual","fonte":"ANA (2021), MDE/Maxar(imagens do basemap/arcmap), Cartas topográficas"},"geometry":{"type":"LineString","coordinates":[[-36.103524,-5.862742],[-36.103215,-5.86511],[-36.103024,-5.865348],[-36.102651,-5.865358],[-36.101682,-5.866332],[-36.100799,-5.867536],[-36.10047,-5.868499],[-36.09887,-5.86927],[-36.098422,-5.870008],[-36.097247,-5.870642],[-36.095583,-5.872648],[-36.094409,-5.87291],[-36.094837,-5.873945],[-36.094587,-5.874231],[-36.09227,-5.874492],[-36.092256,-5.874749],[-36.092627,-5.875006],[-36.092622,-5.875489],[-36.092241,-5.87582],[-36.091899,-5.875792],[-36.09157,-5.876291],[-36.090804,-5.876525],[-36.089555,-5.877729],[-36.089928,-5.878447],[-36.0904,-5.87859],[-36.090483,-5.879192],[-36.091625,-5.880584],[-36.092641,-5.883387],[-36.092484,-5.884058],[-36.091028,-5.884572],[-36.091549,-5.88509],[-36.091684,-5.8855],[-36.088544,-5.887741],[-36.087568,-5.887926],[-36.086959,-5.887727],[-36.08663,-5.887955],[-36.086639,-5.889869],[-36.08675,-5.890448],[-36.087007,-5.890701],[-36.087109,-5.891693],[-36.08794,-5.892417],[-36.088431,-5.893262],[-36.088378,-5.894118],[-36.087921,-5.894827],[-36.088645,-5.897122],[-36.088731,-5.898249],[-36.088788,-5.901223],[-36.088408,-5.903066],[-36.088587,-5.904831],[-36.088472,-5.906169],[-36.088853,-5.906997],[-36.089665,-5.907675],[-36.090005,-5.90857],[-36.091251,-5.908957],[-36.09191,-5.910033],[-36.092334,-5.909985],[-36.093053,-5.908578],[-36.093414,-5.908285],[-36.093988,-5.908161],[-36.095022,-5.90861],[-36.095163,-5.909244],[-36.094869,-5.91038],[-36.093659,-5.911029],[-36.094975,-5.912224],[-36.095598,-5.914069],[-36.095915,-5.916677],[-36.095249,-5.91758]]}},{"type":"Feature","id":56,"properties":{"nome":"Rio Potengi","regime":"Intermitente","ordem":4,"largura":"10 - 50","dominialidade":"Estadual","fonte":"ANA (2021), MDE/Maxar(imagens do basemap/arcmap), Cartas topográficas"},"geometry":{"type":"LineString","coordinates":[[-36.080706,-5.970082],[-36.07819,-5.968823],[-36.077148,-5.968662],[-36.074027,-5.968881],[-36.072912,-5.969327],[-36.07183,-5.968864],[-36.07143,-5.968897]]}},{"type":"Feature","id":57,"properties":{"nome":"Riacho Jacu","regime":"Intermitente","ordem":2,"largura":"<=10","dominialidade":"Estadual","fonte":"ANA (2021), MDE/Maxar(imagens do basemap/arcmap), Cartas topográficas"},"geometry":{"type":"LineString","coordinates":[[-36.078103,-5.999287],[-36.077998,-5.998515],[-36.077244,-5.997129],[-36.07741,-5.996268],[-36.079379,-5.99452],[-36.080442,-5.99415],[-36.080918,-5.993789]]}},{"type":"Feature","id":58,"properties":{"nome":"Riacho Jacar_","regime":"Intermitente","ordem":2,"largura":"<=10","dominialidade":"Estadual","fonte":"ANA (2021), MDE/Maxar(imagens do basemap/arcmap), Cartas topográficas"},"geometry":{"type":"LineString","coordinates":[[-36.083105,-5.999251],[-36.081901,-5.996936],[-36.080607,-5.995965],[-36.080464,-5.995556],[-36.080939,-5.994265],[-36.080918,-5.993789]]}},{"type":"Feature","id":59,"properties":{"nome":"Riacho Jacu","regime":"Intermitente","ordem":3,"largura":"10 - 50","dominialidade":"Estadual","fonte":"ANA (2021), MDE/Maxar(imagens do basemap/arcmap), Cartas topográficas"},"geometry":{"type":"LineString","coordinates":[[-36.080918,-5.993789],[-36.081471,-5.993096],[-36.081495,-5.992406],[-36.081043,-5.991763],[-36.080876,-5.990645],[-36.079901,-5.989027],[-36.078711,-5.987528],[-36.078616,-5.986172],[-36.078806,-5.984244],[-36.078616,-5.983982],[-36.074952,-5.982031],[-36.074294,-5.982112],[-36.074095,-5.981722],[-36.071573,-5.981008],[-36.070097,-5.980366],[-36.068765,-5.978867],[-36.067194,-5.978034],[-36.0656,-5.977487],[-36.064744,-5.976392]]}},{"type":"Feature","id":60,"properties":{"nome":"Rio Potengi","regime":"Intermitente","ordem":4,"largura":"50 - 200","dominialidade":"Estadual","fonte":"ANA (2021), MDE/Maxar(imagens do basemap/arcmap), Cartas topográficas"},"geometry":{"type":"LineString","coordinates":[[-36.064744,-5.976392],[-36.063688,-5.97596],[-36.062356,-5.976866],[-36.061445,-5.977885],[-36.059604,-5.978843],[-36.0555,-5.979133],[-36.053545,-5.97888]]}},{"type":"Feature","id":61,"properties":{"nome":"Riacho da Gamelaira","regime":"Intermitente","ordem":2,"largura":"<=10","dominialidade":"Estadual","fonte":"ANA (2021), MDE/Maxar(imagens do basemap/arcmap), Cartas topográficas"},"geometry":{"type":"LineString","coordinates":[[-36.060803,-5.999257],[-36.059599,-5.998464],[-36.059409,-5.998036],[-36.059342,-5.996932],[-36.059561,-5.996515],[-36.059209,-5.995333],[-36.059475,-5.99459],[-36.060037,-5.994276],[-36.060637,-5.993581],[-36.061017,-5.99283],[-36.061065,-5.992011],[-36.060493,-5.991467],[-36.057581,-5.989984],[-36.056991,-5.989508],[-36.05703,-5.988354],[-36.057448,-5.987642],[-36.057486,-5.986167],[-36.057172,-5.985263],[-36.056829,-5.984844],[-36.055487,-5.98413],[-36.054459,-5.981694],[-36.053812,-5.98118],[-36.053422,-5.980228],[-36.053631,-5.979562],[-36.053545,-5.97888]]}},{"type":"Feature","id":62,"properties":{"nome":"Rio Potengi","regime":"Intermitente","ordem":4,"largura":"50 - 200","dominialidade":"Estadual","fonte":"ANA (2021), MDE/Maxar(imagens do basemap/arcmap), Cartas topográficas"},"geometry":{"type":"LineString","coordinates":[[-36.049753,-5.9787],[-36.048587,-5.978438],[-36.046208,-5.977344],[-36.043618,-5.975686]]}},{"type":"Feature","id":63,"properties":{"regime":"Intermitente","ordem":2,"largura":"10 - 50","dominialidade":"Estadual","fonte":"ANA (2021), MDE/Maxar(imagens do basemap/arcmap), Cartas topográficas"},"geometry":{"type":"LineString","coordinates":[[-36.0486,-5.999854],[-36.048854,-5.99933],[-36.048497,-5.998652],[-36.045476,-5.997165],[-36.045071,-5.997188],[-36.044678,-5.996843],[-36.044369,-5.996344],[-36.043917,-5.994357],[-36.043534,-5.994095],[-36.043227,-5.993131],[-36.043631,-5.991002],[-36.043477,-5.988325],[-36.044357,-5.983578],[-36.04519,-5.981555],[-36.045452,-5.979628],[-36.045,-5.977867],[-36.043618,-5.975686]]}},{"type":"Feature","id":64,"properties":{"nome":"Rio Potengi","regime":"Intermitente","ordem":4,"largura":"50 - 200","dominialidade":"Estadual","fonte":"ANA (2021), MDE/Maxar(imagens do basemap/arcmap), Cartas topográficas"},"geometry":{"type":"LineString","coordinates":[[-36.039897,-5.971619],[-36.040101,-5.964174],[-36.039164,-5.963161],[-36.037984,-5.962666]]}},{"type":"Feature","id":65,"properties":{"nome":"Riacho Canapum","regime":"Intermitente","ordem":2,"largura":"10 - 50","dominialidade":"Estadual","fonte":"ANA (2021), MDE/Maxar(imagens do basemap/arcmap), Cartas topográficas"},"geometry":{"type":"LineString","coordinates":[[-36.061066,-5.946504],[-36.061185,-5.946777],[-36.061019,-5.947158],[-36.060257,-5.947432],[-36.059746,-5.948419],[-36.059722,-5.948883],[-36.059103,-5.949585],[-36.059091,-5.950561],[-36.058841,-5.951036],[-36.058473,-5.951334],[-36.056819,-5.951726],[-36.056736,-5.952143],[-36.056248,-5.952666],[-36.05501,-5.952488],[-36.054975,-5.952738],[-36.055415,-5.953511],[-36.05526,-5.953892],[-36.05457,-5.953868],[-36.052869,-5.954403],[-36.052857,-5.954867],[-36.052,-5.955736],[-36.052016,-5.956204],[-36.051703,-5.956807],[-36.04924,-5.957934],[-36.047908,-5.959424],[-36.048399,-5.960733],[-36.047923,-5.961259],[-36.046659,-5.961518],[-36.046325,-5.961375],[-36.04592,-5.96061],[-36.045062,-5.959792],[-36.043482,-5.95951],[-36.043006,-5.961557],[-36.042268,-5.96258],[-36.041745,-5.962413],[-36.040866,-5.961121],[-36.040829,-5.960798],[-36.040341,-5.960319],[-36.039746,-5.960438],[-36.039461,-5.961081]]}},{"type":"Feature","id":66,"properties":{"nome":"Rio Potengi","regime":"Intermitente","ordem":4,"largura":"50 - 200","dominialidade":"Estadual","fonte":"ANA (2021), MDE/Maxar(imagens do basemap/arcmap), Cartas topográficas"},"geometry":{"type":"LineString","coordinates":[[-36.037984,-5.962666],[-36.034653,-5.963218],[-36.033701,-5.963579],[-36.030788,-5.965654],[-36.028085,-5.967139],[-36.02424,-5.969614],[-36.021944,-5.971667],[-36.01816,-5.972863]]}},{"type":"Feature","id":67,"properties":{"regime":"Intermitente","ordem":1,"largura":"<=10","dominialidade":"Estadual","fonte":"ANA (2021), MDE/Maxar(imagens do basemap/arcmap), Cartas topográficas"},"geometry":{"type":"LineString","coordinates":[[-36.014376,-5.999548],[-36.015425,-5.998575],[-36.015764,-5.998541],[-36.017463,-5.999253],[-36.017798,-5.998081],[-36.016561,-5.997167],[-36.015647,-5.996768],[-36.015399,-5.996371],[-36.015761,-5.996292],[-36.015799,-5.996082],[-36.015362,-5.995245],[-36.015514,-5.99475],[-36.015761,-5.994426],[-36.016599,-5.994312],[-36.016884,-5.994065],[-36.017794,-5.992748],[-36.018174,-5.993198],[-36.019661,-5.992968],[-36.020563,-5.992018],[-36.0213,-5.990637],[-36.02091,-5.989629],[-36.020738,-5.988273],[-36.020882,-5.985084],[-36.020339,-5.983538],[-36.019463,-5.982372],[-36.016552,-5.982475],[-36.01589,-5.981729],[-36.016199,-5.980801],[-36.017635,-5.97952],[-36.018433,-5.97534],[-36.018483,-5.973449],[-36.01816,-5.972863]]}},{"type":"Feature","id":68,"properties":{"nome":"Rio Potengi","regime":"Intermitente","ordem":4,"largura":"50 - 200","dominialidade":"Estadual","fonte":"ANA (2021), MDE/Maxar(imagens do basemap/arcmap), Cartas topográficas"},"geometry":{"type":"LineString","coordinates":[[-36.01816,-5.972863],[-36.016811,-5.972391],[-36.014191,-5.972923],[-36.012373,-5.972407],[-36.011917,-5.971979],[-36.010097,-5.968998],[-36.007985,-5.968226]]}},{"type":"Feature","id":69,"properties":{"regime":"Intermitente","ordem":2,"largura":"<=10","dominialidade":"Estadual","fonte":"ANA (2021), MDE/Maxar(imagens do basemap/arcmap), Cartas topográficas"},"geometry":{"type":"LineString","coordinates":[[-36.00105,-5.996665],[-36.000722,-5.995052],[-36.000819,-5.992972],[-36.001635,-5.990401],[-36.002391,-5.988916],[-36.002463,-5.98833],[-36.002348,-5.987402],[-36.001335,-5.98479],[-36.001549,-5.982591],[-36.001449,-5.981863],[-36.000816,-5.980383],[-36.001049,-5.979964],[-36.001535,-5.979921],[-36.004153,-5.978638],[-36.006674,-5.975481],[-36.006647,-5.975085],[-36.007096,-5.974198],[-36.008387,-5.973754],[-36.009214,-5.973063],[-36.00945,-5.972608],[-36.00796,-5.970787],[-36.008066,-5.97044],[-36.008495,-5.970282],[-36.008433,-5.969912],[-36.007928,-5.969222],[-36.006407,-5.968508]]}},{"type":"Feature","id":70,"properties":{"nome":"Rio Potengi","regime":"Intermitente","ordem":4,"largura":"50 - 200","dominialidade":"Estadual","fonte":"ANA (2021), MDE/Maxar(imagens do basemap/arcmap), Cartas topográficas"},"geometry":{"type":"LineString","coordinates":[[-36.006407,-5.968508],[-36.003899,-5.968234],[-36.002475,-5.967513],[-35.999932,-5.963609],[-35.999739,-5.962664]]}},{"type":"Feature","id":71,"properties":{"regime":"Intermitente","ordem":1,"largura":"<=10","dominialidade":"Estadual","fonte":"ANA (2021), MDE/Maxar(imagens do basemap/arcmap), Cartas topográficas"},"geometry":{"type":"LineString","coordinates":[[-36.031741,-5.935536],[-36.030804,-5.93524],[-36.029919,-5.935564],[-36.029576,-5.93544],[-36.028577,-5.935764],[-36.027793,-5.935765],[-36.027443,-5.935872],[-36.026987,-5.936607],[-36.026073,-5.9368],[-36.025373,-5.937742],[-36.025026,-5.93874],[-36.024752,-5.940455],[-36.02482,-5.943108],[-36.024558,-5.944782],[-36.02396,-5.946337],[-36.023096,-5.946977],[-36.022096,-5.946996],[-36.02202,-5.947215],[-36.021353,-5.947598],[-36.020612,-5.947234],[-36.019954,-5.947839],[-36.018855,-5.94843],[-36.019026,-5.948672],[-36.018857,-5.949484],[-36.018336,-5.949562],[-36.017965,-5.95009],[-36.017322,-5.950248],[-36.016972,-5.950726],[-36.015409,-5.951347],[-36.01406,-5.951475],[-36.012767,-5.95115],[-36.012374,-5.951303],[-36.010749,-5.951188],[-36.009569,-5.951987],[-36.008617,-5.952216],[-36.007274,-5.952066],[-36.006166,-5.95232],[-36.005571,-5.952254],[-36.004694,-5.953103],[-36.0046,-5.954348],[-36.004146,-5.954139],[-36.002659,-5.954424],[-36.001593,-5.954196],[-36.000535,-5.956418],[-36.000505,-5.957464]]}},{"type":"Feature","id":72,"properties":{"nome":"Riacho do Boqueir_o","regime":"Intermitente","ordem":2,"largura":"<=10","dominialidade":"Estadual","fonte":"ANA (2021), MDE/Maxar(imagens do basemap/arcmap), Cartas topográficas"},"geometry":{"type":"LineString","coordinates":[[-36.082566,-5.850439],[-36.082328,-5.850273],[-36.080547,-5.850531],[-36.079452,-5.849936],[-36.078739,-5.85075],[-36.077482,-5.850407],[-36.077311,-5.850636],[-36.077406,-5.851055],[-36.077825,-5.851683],[-36.077527,-5.852288],[-36.077137,-5.852596],[-36.076669,-5.852561],[-36.07556,-5.851226],[-36.075065,-5.851321],[-36.074037,-5.851987],[-36.073789,-5.852406],[-36.073808,-5.853244],[-36.074417,-5.85391],[-36.074627,-5.854576],[-36.074022,-5.855478],[-36.073109,-5.856363],[-36.073123,-5.857277],[-36.072937,-5.857648],[-36.072266,-5.858133],[-36.072209,-5.858419],[-36.073509,-5.859333],[-36.073551,-5.860703],[-36.073366,-5.861046],[-36.07308,-5.861089],[-36.072395,-5.860632],[-36.071762,-5.861074],[-36.071538,-5.862531],[-36.072166,-5.863359],[-36.073023,-5.863587],[-36.07378,-5.864044],[-36.073894,-5.864658],[-36.073052,-5.865586],[-36.072966,-5.866285],[-36.072338,-5.867528],[-36.071424,-5.868513],[-36.069923,-5.867754],[-36.068816,-5.86763],[-36.068352,-5.867785],[-36.067508,-5.868748],[-36.065997,-5.869557],[-36.065901,-5.869914],[-36.066187,-5.870331],[-36.06577,-5.870592],[-36.06445,-5.87058],[-36.063903,-5.870354],[-36.063296,-5.869522],[-36.062404,-5.868915],[-36.059941,-5.868046],[-36.059655,-5.867499]]}},{"type":"Feature","id":73,"properties":{"regime":"Intermitente","ordem":2,"largura":"<=10","dominialidade":"Estadual","fonte":"ANA (2021), MDE/Maxar(imagens do basemap/arcmap), Cartas topográficas"},"geometry":{"type":"LineString","coordinates":[[-36.028428,-5.865806],[-36.028909,-5.866585],[-36.028747,-5.867524],[-36.029399,-5.867907],[-36.029832,-5.867945],[-36.030886,-5.869917],[-36.03179,-5.870048],[-36.032492,-5.870548],[-36.033516,-5.872321],[-36.033444,-5.873618],[-36.032744,-5.875285],[-36.032654,-5.876277],[-36.03302,-5.877676],[-36.034103,-5.878943],[-36.034014,-5.879508],[-36.034251,-5.881397],[-36.033915,-5.882331],[-36.033625,-5.885277]]}},{"type":"Feature","id":74,"properties":{"nome":"Riacho do Boqueir_o","regime":"Intermitente","ordem":3,"largura":"<=10","dominialidade":"Estadual","fonte":"ANA (2021), MDE/Maxar(imagens do basemap/arcmap), Cartas topográficas"},"geometry":{"type":"LineString","coordinates":[[-36.033079,-5.888373],[-36.03403,-5.89035],[-36.034373,-5.891836],[-36.033854,-5.89481],[-36.034463,-5.895781],[-36.035282,-5.896333],[-36.035834,-5.897875],[-36.035813,-5.898151],[-36.035123,-5.898746]]}},{"type":"Feature","id":75,"properties":{"regime":"Intermitente","ordem":1,"largura":"<=10","dominialidade":"Estadual","fonte":"ANA (2021), MDE/Maxar(imagens do basemap/arcmap), Cartas topográficas"},"geometry":{"type":"LineString","coordinates":[[-36.070899,-5.890007],[-36.069475,-5.889054],[-36.068802,-5.888924],[-36.067821,-5.887913],[-36.06672,-5.887288],[-36.065441,-5.886604],[-36.06443,-5.886366],[-36.064162,-5.886604],[-36.064341,-5.88714],[-36.064274,-5.88848],[-36.063566,-5.889347],[-36.06309,-5.889499],[-36.062634,-5.889347],[-36.061973,-5.888655],[-36.061772,-5.888669],[-36.06085,-5.888981],[-36.059597,-5.889844],[-36.059193,-5.890915],[-36.058336,-5.892104],[-36.057622,-5.89402],[-36.057765,-5.89496],[-36.05811,-5.895543],[-36.057706,-5.896316],[-36.057503,-5.896292],[-36.056968,-5.895578],[-36.053324,-5.894687],[-36.052532,-5.894673],[-36.050416,-5.895636],[-36.050187,-5.896245],[-36.048378,-5.896923],[-36.047293,-5.897014],[-36.046448,-5.89742],[-36.045287,-5.897306],[-36.044926,-5.897011],[-36.043964,-5.896821],[-36.043488,-5.897135],[-36.043498,-5.897496],[-36.044326,-5.897982],[-36.044374,-5.898229],[-36.043507,-5.89881],[-36.043155,-5.899552],[-36.042965,-5.900609],[-36.043212,-5.902093]]}},{"type":"Feature","id":76,"properties":{"nome":"Riacho do Boqueir_o","regime":"Intermitente","ordem":3,"largura":"10 - 50","dominialidade":"Estadual","fonte":"ANA (2021), MDE/Maxar(imagens do basemap/arcmap), Cartas topográficas"},"geometry":{"type":"LineString","coordinates":[[-36.02295,-5.906666],[-36.020437,-5.907484],[-36.018781,-5.906475],[-36.017417,-5.906212],[-36.015869,-5.906399],[-36.01467,-5.906056],[-36.013718,-5.905466],[-36.013147,-5.904743],[-36.012519,-5.902896],[-36.012176,-5.902421],[-36.010805,-5.901278],[-36.009777,-5.900841],[-36.005492,-5.902754],[-36.002476,-5.903766]]}},{"type":"Feature","id":77,"properties":{"regime":"Intermitente","ordem":1,"largura":"<=10","dominialidade":"Estadual","fonte":"ANA (2021), MDE/Maxar(imagens do basemap/arcmap), Cartas topográficas"},"geometry":{"type":"LineString","coordinates":[[-36.006108,-5.847894],[-36.005323,-5.849929],[-36.004145,-5.850999],[-36.00386,-5.851784],[-36.00386,-5.852582],[-36.003889,-5.853801],[-36.004484,-5.854812],[-36.004484,-5.856627],[-36.004871,-5.858411],[-36.005317,-5.859214],[-36.005406,-5.859809],[-36.005109,-5.861832],[-36.005466,-5.862546],[-36.005258,-5.863259],[-36.005436,-5.863676],[-36.00493,-5.866948],[-36.005139,-5.867423],[-36.005347,-5.871112],[-36.005644,-5.871528],[-36.005793,-5.872361],[-36.005587,-5.873312],[-36.005654,-5.874005],[-36.00615,-5.875276],[-36.004288,-5.882081],[-36.003122,-5.884199],[-36.003693,-5.888577],[-36.003598,-5.890385],[-36.003305,-5.890866],[-36.003172,-5.892046],[-36.001211,-5.894388],[-36.000659,-5.896253],[-36.000631,-5.900027],[-36.000393,-5.90124],[-36.001654,-5.903429],[-36.002476,-5.903766]]}},{"type":"Feature","id":78,"properties":{"regime":"Intermitente","ordem":1,"largura":"<=10","dominialidade":"Estadual","fonte":"ANA (2021), MDE/Maxar(imagens do basemap/arcmap), Cartas topográficas"},"geometry":{"type":"LineString","coordinates":[[-36.038059,-5.932956],[-36.037196,-5.93308],[-36.036031,-5.932858],[-36.031523,-5.929322],[-36.028783,-5.927896],[-36.028014,-5.927822],[-36.027586,-5.927537],[-36.026539,-5.926156],[-36.026301,-5.925443],[-36.02554,-5.924348],[-36.024588,-5.923777],[-36.022542,-5.921897],[-36.022328,-5.921659],[-36.022359,-5.921277],[-36.019044,-5.919518],[-36.019401,-5.919089],[-36.019306,-5.918542],[-36.019225,-5.918134],[-36.018735,-5.9179],[-36.018592,-5.918185],[-36.017973,-5.918495],[-36.01714,-5.918399],[-36.01676,-5.918566],[-36.016499,-5.918386],[-36.016038,-5.918513],[-36.014975,-5.919494],[-36.01449,-5.919407],[-36.012524,-5.921302]]}},{"type":"Feature","id":79,"properties":{"regime":"Intermitente","ordem":1,"largura":"<=10","dominialidade":"Estadual","fonte":"ANA (2021), MDE/Maxar(imagens do basemap/arcmap), Cartas topográficas"},"geometry":{"type":"LineString","coordinates":[[-36.012678,-5.926348],[-36.011151,-5.92907],[-36.010381,-5.929368],[-36.009734,-5.930111],[-36.009947,-5.931048],[-36.009325,-5.932181],[-36.007826,-5.933009],[-36.005813,-5.93525],[-36.004471,-5.936135],[-36.003685,-5.936935],[-36.002658,-5.937392],[-36.001772,-5.93742],[-36.001473,-5.937777],[-36.000959,-5.937963],[-35.999989,-5.937861]]}},{"type":"Feature","id":80,"properties":{"nome":"Riacho da Cauv","regime":"Intermitente","ordem":1,"largura":"<=10","dominialidade":"Estadual","fonte":"ANA (2021), MDE/Maxar(imagens do basemap/arcmap), Cartas topográficas"},"geometry":{"type":"LineString","coordinates":[[-36.002966,-5.824943],[-36.003882,-5.825867],[-36.004459,-5.827602],[-36.005358,-5.828344],[-36.005187,-5.8308],[-36.006551,-5.831712],[-36.006731,-5.832205],[-36.007429,-5.832899],[-36.008266,-5.835721],[-36.007657,-5.837472],[-36.007238,-5.837929],[-36.006601,-5.838176],[-36.005887,-5.839613],[-36.005668,-5.839785],[-36.005325,-5.839747],[-36.004849,-5.839328],[-36.004494,-5.839468],[-36.004278,-5.840917],[-36.00385,-5.841117],[-36.003051,-5.841045]]}},{"type":"Feature","id":81,"properties":{"regime":"Intermitente","ordem":1,"largura":"<=10","fonte":"ANA (2021), MDE/Maxar(imagens do basemap/arcmap), Cartas topográficas"},"geometry":{"type":"LineString","coordinates":[[-36.02295,-5.906666],[-36.024321,-5.907608],[-36.024582,-5.907917],[-36.024678,-5.908464],[-36.02513,-5.908798],[-36.025962,-5.90994],[-36.026838,-5.911458],[-36.0272,-5.913228],[-36.027866,-5.914884],[-36.029237,-5.916312],[-36.029816,-5.916531],[-36.031959,-5.918768],[-36.032492,-5.918653],[-36.035499,-5.92029],[-36.036128,-5.920367],[-36.036984,-5.920119],[-36.037784,-5.920957],[-36.038221,-5.92187],[-36.0391,-5.922286],[-36.041516,-5.924934],[-36.042732,-5.926005]]}},{"type":"Feature","id":82,"properties":{"regime":"Intermitente","ordem":1,"largura":"<=10","fonte":"ANA (2021), MDE/Maxar(imagens do basemap/arcmap), Cartas topográficas"},"geometry":{"type":"LineString","coordinates":[[-36.019382,-5.839545],[-36.019744,-5.839088],[-36.01963,-5.838593],[-36.019763,-5.837717],[-36.019554,-5.837394],[-36.019344,-5.836061],[-36.018335,-5.834862]]}},{"type":"Feature","id":83,"properties":{"regime":"Intermitente","ordem":1,"largura":"<=10","fonte":"ANA (2021), MDE/Maxar(imagens do basemap/arcmap), Cartas topográficas"},"geometry":{"type":"LineString","coordinates":[[-36.028445,-5.86054],[-36.028196,-5.859936],[-36.027889,-5.859793],[-36.027775,-5.859029],[-36.026583,-5.858002],[-36.025909,-5.857031],[-36.025671,-5.856222],[-36.026099,-5.85489],[-36.02529,-5.853795],[-36.024481,-5.85213]]}},{"type":"Feature","id":84,"properties":{"regime":"Intermitente","ordem":1,"largura":"<=10","fonte":"ANA (2021), MDE/Maxar(imagens do basemap/arcmap), Cartas topográficas"},"geometry":{"type":"LineString","coordinates":[[-36.028428,-5.865806],[-36.027299,-5.865966],[-36.025395,-5.864158],[-36.023206,-5.862445],[-36.021302,-5.860255],[-36.017781,-5.857971],[-36.015211,-5.85464]]}},{"type":"Feature","id":85,"properties":{"regime":"Intermitente","ordem":1,"largura":"<=10","fonte":"ANA (2021), MDE/Maxar(imagens do basemap/arcmap), Cartas topográficas"},"geometry":{"type":"LineString","coordinates":[[-36.087408,-5.854389],[-36.088074,-5.854425],[-36.090392,-5.857742],[-36.090963,-5.860807],[-36.094068,-5.862865],[-36.094629,-5.862468],[-36.095109,-5.861794],[-36.095972,-5.861289],[-36.097419,-5.860982],[-36.098913,-5.859755],[-36.099675,-5.859101],[-36.09979,-5.858472],[-36.100361,-5.857939],[-36.100513,-5.857406],[-36.101179,-5.856854],[-36.106251,-5.854709],[-36.107708,-5.853728],[-36.108839,-5.85349],[-36.110594,-5.854174],[-36.111278,-5.853966]]}},{"type":"Feature","id":86,"properties":{"regime":"Intermitente","ordem":1,"largura":"<=10","fonte":"ANA (2021), MDE/Maxar(imagens do basemap/arcmap), Cartas topográficas"},"geometry":{"type":"LineString","coordinates":[[-36.059655,-5.867499],[-36.060362,-5.86703],[-36.061409,-5.865907],[-36.061524,-5.865146],[-36.061409,-5.864194],[-36.061067,-5.863509],[-36.061314,-5.862347],[-36.059147,-5.853541]]}},{"type":"Feature","id":87,"properties":{"regime":"Intermitente","ordem":1,"largura":"<=10","fonte":"ANA (2021), MDE/Maxar(imagens do basemap/arcmap), Cartas topográficas"},"geometry":{"type":"LineString","coordinates":[[-36.046643,-5.876562],[-36.046843,-5.875471],[-36.047605,-5.874329],[-36.046415,-5.871379],[-36.045606,-5.870808],[-36.045416,-5.868618],[-36.047652,-5.867334],[-36.049984,-5.866858],[-36.049937,-5.864335],[-36.049223,-5.861956],[-36.04845,-5.860338],[-36.047355,-5.85891],[-36.046784,-5.85734],[-36.045356,-5.855008],[-36.044357,-5.851962],[-36.043072,-5.850677]]}},{"type":"Feature","id":88,"properties":{"regime":"Intermitente","ordem":1,"largura":"<=10","fonte":"ANA (2021), MDE/Maxar(imagens do basemap/arcmap), Cartas topográficas"},"geometry":{"type":"LineString","coordinates":[[-36.043212,-5.902093],[-36.044569,-5.90219],[-36.045759,-5.903469],[-36.046919,-5.903588],[-36.047752,-5.903915],[-36.049655,-5.905997],[-36.049804,-5.906711],[-36.050278,-5.907578],[-36.051291,-5.908347],[-36.052035,-5.908644],[-36.053611,-5.910191],[-36.056229,-5.911142],[-36.057622,-5.912306],[-36.058098,-5.912934],[-36.059202,-5.913639]]}},{"type":"Feature","id":89,"properties":{"regime":"Intermitente","ordem":1,"largura":"<=10","fonte":"ANA (2021), MDE/Maxar(imagens do basemap/arcmap), Cartas topográficas"},"geometry":{"type":"LineString","coordinates":[[-36.033079,-5.888373],[-36.031283,-5.88768],[-36.028035,-5.887359],[-36.027893,-5.886074],[-36.027429,-5.88536],[-36.025454,-5.882576],[-36.02305,-5.879982]]}},{"type":"Feature","id":90,"properties":{"regime":"Intermitente","ordem":1,"largura":"<=10","fonte":"ANA (2021), MDE/Maxar(imagens do basemap/arcmap), Cartas topográficas"},"geometry":{"type":"LineString","coordinates":[[-36.006407,-5.968508],[-36.006296,-5.967731],[-36.007112,-5.965814],[-36.007112,-5.964529],[-36.007362,-5.963387],[-36.00829,-5.962602],[-36.009396,-5.962031],[-36.010797,-5.961866],[-36.011961,-5.960927],[-36.012145,-5.959461],[-36.014821,-5.957712],[-36.01624,-5.957706],[-36.017452,-5.957022],[-36.019252,-5.956456],[-36.024066,-5.955606],[-36.025458,-5.955178],[-36.026122,-5.954365]]}},{"type":"Feature","id":91,"properties":{"regime":"Intermitente","ordem":1,"largura":"<=10","fonte":"ANA (2021), MDE/Maxar(imagens do basemap/arcmap), Cartas topográficas"},"geometry":{"type":"LineString","coordinates":[[-36.039461,-5.961081],[-36.037515,-5.959647],[-36.03695,-5.958933],[-36.035136,-5.957982],[-36.034779,-5.957238],[-36.034779,-5.956197],[-36.035196,-5.955424],[-36.035671,-5.954888],[-36.03814,-5.953461],[-36.038913,-5.952092],[-36.039598,-5.952211],[-36.041561,-5.95126],[-36.04168,-5.950665],[-36.042453,-5.950308],[-36.043167,-5.949505],[-36.044505,-5.95001],[-36.045844,-5.949743]]}},{"type":"Feature","id":92,"properties":{"regime":"Intermitente","ordem":1,"largura":"<=10","fonte":"ANA (2021), MDE/Maxar(imagens do basemap/arcmap), Cartas topográficas"},"geometry":{"type":"LineString","coordinates":[[-36.057987,-5.934551],[-36.056193,-5.931839],[-36.056193,-5.930744],[-36.055741,-5.929816],[-36.056145,-5.929126],[-36.055955,-5.928436],[-36.056098,-5.927461],[-36.056455,-5.926913],[-36.056407,-5.925581],[-36.056836,-5.923202],[-36.056788,-5.92125],[-36.056407,-5.920156],[-36.055836,-5.919561],[-36.054551,-5.918823],[-36.054432,-5.918086]]}},{"type":"Feature","id":93,"properties":{"regime":"Intermitente","ordem":1,"largura":"<=10","fonte":"ANA (2021), MDE/Maxar(imagens do basemap/arcmap), Cartas topográficas"},"geometry":{"type":"LineString","coordinates":[[-36.061066,-5.946504],[-36.062301,-5.945925],[-36.062853,-5.945449],[-36.062929,-5.944631],[-36.062549,-5.943755],[-36.06291,-5.94267],[-36.063253,-5.942004],[-36.064662,-5.940691],[-36.065156,-5.939834],[-36.066965,-5.939948],[-36.067593,-5.940119],[-36.069211,-5.941109],[-36.070924,-5.941319],[-36.072047,-5.939644],[-36.072657,-5.938977],[-36.073875,-5.938216],[-36.074617,-5.937112],[-36.075036,-5.936864],[-36.075816,-5.936769],[-36.076178,-5.936941]]}},{"type":"Feature","id":94,"properties":{"regime":"Intermitente","ordem":1,"largura":"<=10","fonte":"ANA (2021), MDE/Maxar(imagens do basemap/arcmap), Cartas topográficas"},"geometry":{"type":"LineString","coordinates":[[-36.138749,-5.98249],[-36.138944,-5.983341],[-36.138246,-5.985025],[-36.138113,-5.988451],[-36.137716,-5.990873],[-36.137783,-5.992526],[-36.137507,-5.993101],[-36.13635,-5.994391],[-36.136506,-5.997832],[-36.137154,-5.998952]]}},{"type":"Feature","id":95,"properties":{"regime":"Intermitente","ordem":1,"largura":"<=10","fonte":"ANA (2021), MDE/Maxar(imagens do basemap/arcmap), Cartas topográficas"},"geometry":{"type":"LineString","coordinates":[[-36.107927,-5.993039],[-36.108641,-5.992872],[-36.108974,-5.992444],[-36.109545,-5.992158],[-36.109878,-5.993491],[-36.110187,-5.993277],[-36.111924,-5.993324],[-36.112305,-5.992967],[-36.1119,-5.992777],[-36.111829,-5.992515],[-36.113971,-5.991825],[-36.115351,-5.991087],[-36.116612,-5.990707],[-36.117587,-5.991087],[-36.118706,-5.991016],[-36.119253,-5.989874],[-36.12149,-5.988161],[-36.122013,-5.988042],[-36.122275,-5.988066],[-36.122442,-5.988565],[-36.122941,-5.988708],[-36.123346,-5.988779],[-36.124369,-5.988327],[-36.125321,-5.98828],[-36.127081,-5.989041],[-36.128176,-5.99085],[-36.128343,-5.991516]]}},{"type":"Feature","id":96,"properties":{"regime":"Intermitente","ordem":1,"largura":"<=10","fonte":"ANA (2021), MDE/Maxar(imagens do basemap/arcmap), Cartas topográficas"},"geometry":{"type":"LineString","coordinates":[[-36.07143,-5.968897],[-36.072634,-5.967577],[-36.073646,-5.965518],[-36.074466,-5.964483],[-36.074966,-5.96302],[-36.074252,-5.961342],[-36.074002,-5.961164],[-36.074324,-5.959451],[-36.073753,-5.958487],[-36.072146,-5.956988],[-36.071968,-5.955489],[-36.072682,-5.954097],[-36.074288,-5.952741],[-36.075638,-5.950944],[-36.078,-5.94935],[-36.079213,-5.947137]]}},{"type":"Feature","id":97,"properties":{"regime":"Intermitente","ordem":1,"largura":"<=10","fonte":"ANA (2021), MDE/Maxar(imagens do basemap/arcmap), Cartas topográficas"},"geometry":{"type":"LineString","coordinates":[[-36.082566,-5.850439],[-36.082788,-5.850165],[-36.082693,-5.849937],[-36.081304,-5.848718],[-36.081208,-5.84809],[-36.082598,-5.848718],[-36.08315,-5.848395],[-36.082979,-5.848071],[-36.083245,-5.848014],[-36.084445,-5.848547],[-36.085606,-5.848471],[-36.086481,-5.847595],[-36.087719,-5.847081],[-36.088728,-5.845825],[-36.088613,-5.845349],[-36.089089,-5.844987],[-36.091583,-5.844835],[-36.093791,-5.844378],[-36.094591,-5.843236],[-36.094562,-5.842552],[-36.093639,-5.841808],[-36.09341,-5.841142],[-36.094039,-5.840647],[-36.095219,-5.840533],[-36.095714,-5.839715],[-36.09657,-5.839467],[-36.09678,-5.838839],[-36.09737,-5.838763],[-36.097808,-5.838477],[-36.098531,-5.838534],[-36.098816,-5.837963],[-36.098455,-5.837183],[-36.098759,-5.83684],[-36.100568,-5.836022],[-36.101086,-5.835574],[-36.100444,-5.834075]]}},{"type":"Feature","id":98,"properties":{"regime":"Intermitente","ordem":1,"largura":"<=10","fonte":"ANA (2021), MDE/Maxar(imagens do basemap/arcmap), Cartas topográficas"},"geometry":{"type":"LineString","coordinates":[[-36.128395,-5.8731],[-36.12903,-5.873322],[-36.129002,-5.87375],[-36.129109,-5.873615],[-36.129451,-5.873743],[-36.129694,-5.873293],[-36.12998,-5.87325],[-36.130437,-5.873807],[-36.131365,-5.874378],[-36.132171,-5.87425],[-36.132428,-5.874428],[-36.132585,-5.875171],[-36.133235,-5.875392]]}},{"type":"Feature","id":99,"properties":{"regime":"Intermitente","ordem":1,"largura":"<=10","fonte":"ANA (2021), MDE/Maxar(imagens do basemap/arcmap), Cartas topográficas"},"geometry":{"type":"LineString","coordinates":[[-36.132554,-5.916391],[-36.133087,-5.916889],[-36.136025,-5.916544],[-36.136608,-5.916033],[-36.136775,-5.915402],[-36.136608,-5.914688],[-36.135903,-5.914299],[-36.135351,-5.913481],[-36.13537,-5.913253],[-36.135675,-5.912834],[-36.136113,-5.912758],[-36.138131,-5.912823],[-36.138252,-5.912138],[-36.13968,-5.910389],[-36.139694,-5.910175],[-36.138669,-5.908735],[-36.140905,-5.908152],[-36.142678,-5.90726]]}},{"type":"Feature","id":100,"properties":{"regime":"Intermitente","ordem":1,"largura":"<=10","fonte":"ANA (2021), MDE/Maxar(imagens do basemap/arcmap), Cartas topográficas"},"geometry":{"type":"LineString","coordinates":[[-36.111714,-5.90965],[-36.110885,-5.909404],[-36.110237,-5.908442],[-36.108914,-5.9073],[-36.108372,-5.906177],[-36.107648,-5.905911],[-36.107791,-5.905368],[-36.107677,-5.905035],[-36.106259,-5.90355],[-36.106268,-5.902532],[-36.105516,-5.902104],[-36.103727,-5.899991],[-36.102614,-5.898058],[-36.101976,-5.897649],[-36.100986,-5.897878]]}},{"type":"Feature","id":101,"properties":{"regime":"Intermitente","ordem":1,"largura":"<=10","fonte":"ANA (2021), MDE/Maxar(imagens do basemap/arcmap), Cartas topográficas"},"geometry":{"type":"LineString","coordinates":[[-36.215264,-5.977027],[-36.214841,-5.977522],[-36.214318,-5.977569],[-36.213319,-5.977165],[-36.212986,-5.976665],[-36.212438,-5.97657],[-36.210868,-5.975523],[-36.210654,-5.976189],[-36.209845,-5.97676],[-36.209488,-5.976736],[-36.208988,-5.975856],[-36.208465,-5.975404],[-36.206989,-5.975523],[-36.206751,-5.975904],[-36.206466,-5.975808],[-36.205919,-5.975428],[-36.205609,-5.974928],[-36.205728,-5.974571],[-36.204919,-5.973239],[-36.204419,-5.972953],[-36.204481,-5.972139],[-36.203301,-5.971168],[-36.202121,-5.969379],[-36.200826,-5.96896],[-36.199856,-5.968123],[-36.198618,-5.968027],[-36.198116,-5.967735],[-36.197938,-5.966902],[-36.197724,-5.966854],[-36.197438,-5.96739],[-36.196927,-5.967437],[-36.196605,-5.966973]]}},{"type":"Feature","id":102,"properties":{"regime":"Intermitente","ordem":1,"largura":"<=10","fonte":"ANA (2021), MDE/Maxar(imagens do basemap/arcmap), Cartas topográficas"},"geometry":{"type":"LineString","coordinates":[[-36.205927,-5.961865],[-36.205038,-5.962737],[-36.204695,-5.962223],[-36.20361,-5.962927],[-36.202697,-5.962794],[-36.202126,-5.962965],[-36.201459,-5.962337],[-36.200527,-5.960776],[-36.198966,-5.959977],[-36.198128,-5.960072],[-36.196434,-5.961233],[-36.195749,-5.961252],[-36.193464,-5.961994],[-36.19257,-5.96288],[-36.191694,-5.963346]]}},{"type":"Feature","id":103,"properties":{"regime":"Intermitente","ordem":1,"largura":"<=10","fonte":"ANA (2021), MDE/Maxar(imagens do basemap/arcmap), Cartas topográficas"},"geometry":{"type":"LineString","coordinates":[[-36.306497,-5.991219],[-36.3082,-5.992447],[-36.308585,-5.992518],[-36.309342,-5.99209],[-36.30987,-5.991404],[-36.30997,-5.990476],[-36.309456,-5.988992],[-36.308999,-5.98872],[-36.308642,-5.987764],[-36.308742,-5.987435],[-36.309741,-5.98695],[-36.310255,-5.986293],[-36.310027,-5.985522],[-36.310227,-5.98478],[-36.30947,-5.983581],[-36.309499,-5.982938],[-36.309313,-5.98251],[-36.308971,-5.982296],[-36.308685,-5.981225],[-36.3074,-5.979526],[-36.307043,-5.978698],[-36.306986,-5.97797]]}},{"type":"Feature","id":104,"properties":{"regime":"Intermitente","ordem":1,"largura":"<=10","fonte":"ANA (2021), MDE/Maxar(imagens do basemap/arcmap), Cartas topográficas"},"geometry":{"type":"LineString","coordinates":[[-36.302789,-5.943967],[-36.304692,-5.945528],[-36.304845,-5.945262],[-36.30532,-5.945414],[-36.30553,-5.945719],[-36.305416,-5.946423],[-36.306539,-5.947679],[-36.306748,-5.94846],[-36.307529,-5.94924],[-36.307719,-5.949716],[-36.307795,-5.950858],[-36.307548,-5.952019],[-36.307814,-5.952324],[-36.310508,-5.953231]]}},{"type":"Feature","id":105,"properties":{"regime":"Intermitente","ordem":1,"largura":"<=10","fonte":"ANA (2021), MDE/Maxar(imagens do basemap/arcmap), Cartas topográficas"},"geometry":{"type":"LineString","coordinates":[[-36.317618,-5.934254],[-36.317913,-5.934028],[-36.318484,-5.934085],[-36.319912,-5.935598],[-36.320854,-5.936084],[-36.321308,-5.936976],[-36.321618,-5.939903],[-36.322367,-5.943055],[-36.321922,-5.945703],[-36.32216,-5.94907],[-36.322667,-5.951256],[-36.322517,-5.953398]]}},{"type":"Feature","id":106,"properties":{"regime":"Intermitente","ordem":1,"largura":"<=10","fonte":"ANA (2021), MDE/Maxar(imagens do basemap/arcmap), Cartas topográficas"},"geometry":{"type":"LineString","coordinates":[[-36.315606,-5.969326],[-36.316169,-5.969219],[-36.316324,-5.968778],[-36.317371,-5.9691],[-36.317264,-5.969516],[-36.317514,-5.969659],[-36.317894,-5.969742],[-36.318335,-5.969576],[-36.318453,-5.969873],[-36.319048,-5.969635],[-36.320202,-5.969992],[-36.320405,-5.969897],[-36.320643,-5.970123],[-36.321285,-5.970004],[-36.321844,-5.970373],[-36.322308,-5.970254],[-36.322701,-5.96973],[-36.32307,-5.969909],[-36.323391,-5.970527],[-36.323914,-5.970266],[-36.324807,-5.970539],[-36.324902,-5.970896],[-36.325782,-5.971432],[-36.326044,-5.971253],[-36.326234,-5.970587],[-36.326532,-5.970468],[-36.326805,-5.970539],[-36.327234,-5.971753],[-36.329649,-5.971812],[-36.330529,-5.972455],[-36.332219,-5.972455],[-36.333361,-5.972823],[-36.333611,-5.972621],[-36.33417,-5.972931],[-36.334979,-5.973061],[-36.335407,-5.972823],[-36.336418,-5.973216],[-36.336621,-5.973514],[-36.337239,-5.973454],[-36.337442,-5.973228],[-36.338025,-5.97374],[-36.338298,-5.973133],[-36.338786,-5.97305],[-36.341891,-5.974287],[-36.342569,-5.97512],[-36.342998,-5.97606],[-36.344152,-5.976678],[-36.34483,-5.976773],[-36.346043,-5.977797]]}},{"type":"Feature","id":107,"properties":{"regime":"Intermitente","ordem":1,"largura":"<=10","fonte":"ANA (2021), MDE/Maxar(imagens do basemap/arcmap), Cartas topográficas"},"geometry":{"type":"LineString","coordinates":[[-36.342321,-5.993937],[-36.343148,-5.993239],[-36.343719,-5.993315],[-36.344481,-5.99243],[-36.344633,-5.99183],[-36.344586,-5.990431],[-36.345223,-5.98848],[-36.345309,-5.987509],[-36.346565,-5.985378]]}},{"type":"Feature","id":108,"properties":{"regime":"Intermitente","ordem":1,"largura":"<=10","fonte":"ANA (2021), MDE/Maxar(imagens do basemap/arcmap), Cartas topográficas"},"geometry":{"type":"LineString","coordinates":[[-36.351906,-5.982617],[-36.352642,-5.982097],[-36.353463,-5.982118],[-36.354498,-5.981754],[-36.355433,-5.982061],[-36.356454,-5.983004],[-36.357682,-5.983318],[-36.358688,-5.983139],[-36.359473,-5.982482],[-36.359588,-5.982147],[-36.359281,-5.98134],[-36.359373,-5.979998],[-36.359966,-5.978813],[-36.361201,-5.977143],[-36.362177,-5.97697],[-36.362884,-5.977391],[-36.364804,-5.976385],[-36.365089,-5.976463],[-36.365925,-5.975828],[-36.366546,-5.975978]]}},{"type":"Feature","id":109,"properties":{"regime":"Intermitente","ordem":1,"largura":"<=10","fonte":"ANA (2021), MDE/Maxar(imagens do basemap/arcmap), Cartas topográficas"},"geometry":{"type":"LineString","coordinates":[[-36.173756,-5.911807],[-36.17228,-5.911447],[-36.17197,-5.911971],[-36.171054,-5.912756],[-36.169567,-5.913029],[-36.169127,-5.912887],[-36.168603,-5.913374],[-36.167652,-5.913815],[-36.1667,-5.913577],[-36.166498,-5.913684],[-36.166105,-5.913446],[-36.165046,-5.913577],[-36.164665,-5.91347],[-36.164606,-5.913065],[-36.164237,-5.912922],[-36.163143,-5.913279],[-36.162476,-5.913731],[-36.161643,-5.913827],[-36.161513,-5.914183],[-36.161096,-5.91435],[-36.159954,-5.914279],[-36.159764,-5.913898],[-36.158717,-5.913529],[-36.158122,-5.912922],[-36.157705,-5.912815],[-36.157456,-5.912387],[-36.156718,-5.912137],[-36.15673,-5.91178],[-36.156147,-5.911078],[-36.155326,-5.91046],[-36.154255,-5.910043],[-36.153696,-5.909496],[-36.152792,-5.907426],[-36.152732,-5.90676],[-36.151995,-5.906343],[-36.151792,-5.905998]]}},{"type":"Feature","id":110,"properties":{"regime":"Intermitente","ordem":1,"largura":"<=10","fonte":"ANA (2021), MDE/Maxar(imagens do basemap/arcmap), Cartas topográficas"},"geometry":{"type":"LineString","coordinates":[[-36.095249,-5.91758],[-36.096115,-5.917474],[-36.097733,-5.917641],[-36.098209,-5.917926],[-36.098875,-5.917998],[-36.099851,-5.918593],[-36.10204,-5.918997],[-36.103991,-5.918402],[-36.105371,-5.918807],[-36.106347,-5.919592],[-36.107489,-5.921757],[-36.108988,-5.922804],[-36.109654,-5.92378],[-36.109773,-5.924375],[-36.110654,-5.924922]]}},{"type":"Feature","id":111,"properties":{"regime":"Intermitente","ordem":1,"largura":"<=10","fonte":"ANA (2021), MDE/Maxar(imagens do basemap/arcmap), Cartas topográficas"},"geometry":{"type":"LineString","coordinates":[[-36.088453,-5.927563],[-36.087424,-5.926441],[-36.085045,-5.92606],[-36.083712,-5.925537],[-36.082403,-5.924347],[-36.081761,-5.922777],[-36.081809,-5.921373],[-36.081618,-5.919874],[-36.081333,-5.91916]]}},{"type":"Feature","id":112,"properties":{"regime":"Intermitente","ordem":1,"largura":"<=10","fonte":"ANA (2021), MDE/Maxar(imagens do basemap/arcmap), Cartas topográficas"},"geometry":{"type":"LineString","coordinates":[[-36.092712,-5.919568],[-36.0878,-5.918065],[-36.087415,-5.917494],[-36.086572,-5.916909],[-36.086301,-5.916238],[-36.086858,-5.915438],[-36.087229,-5.914253],[-36.087158,-5.913796],[-36.087557,-5.91334],[-36.087343,-5.911641],[-36.086572,-5.910327]]}},{"type":"Feature","id":113,"properties":{"regime":"Intermitente","ordem":1,"largura":"<=10","fonte":"ANA (2021), MDE/Maxar(imagens do basemap/arcmap), Cartas topográficas"},"geometry":{"type":"LineString","coordinates":[[-36.29853,-5.867719],[-36.298851,-5.866634],[-36.300193,-5.864764],[-36.301921,-5.864307],[-36.303177,-5.864621],[-36.303534,-5.864279],[-36.303448,-5.863493],[-36.303577,-5.863393],[-36.304904,-5.863436],[-36.306118,-5.863993],[-36.307845,-5.865121],[-36.308959,-5.866392],[-36.309402,-5.866449],[-36.311015,-5.865835],[-36.312671,-5.86592],[-36.313285,-5.866263],[-36.313528,-5.866905],[-36.315269,-5.867377],[-36.316212,-5.868105],[-36.316968,-5.868405],[-36.317839,-5.867991],[-36.318339,-5.867976],[-36.319866,-5.868662],[-36.32068,-5.869247],[-36.320752,-5.870517],[-36.321323,-5.871545],[-36.321908,-5.871974],[-36.322993,-5.873273],[-36.323935,-5.873459],[-36.324307,-5.873715],[-36.325906,-5.875586],[-36.326091,-5.876128]]}},{"type":"Feature","id":114,"properties":{"regime":"Intermitente","ordem":1,"largura":"<=10","fonte":"ANA (2021), MDE/Maxar(imagens do basemap/arcmap), Cartas topográficas"},"geometry":{"type":"LineString","coordinates":[[-36.310838,-5.898949],[-36.310867,-5.89961],[-36.311604,-5.902097],[-36.31145,-5.903763],[-36.311521,-5.904179],[-36.311973,-5.904738],[-36.312104,-5.906939],[-36.315649,-5.908414],[-36.317303,-5.910568],[-36.319504,-5.911317]]}},{"type":"Feature","id":115,"properties":{"regime":"Intermitente","ordem":1,"largura":"<=10","fonte":"ANA (2021), MDE/Maxar(imagens do basemap/arcmap), Cartas topográficas"},"geometry":{"type":"LineString","coordinates":[[-36.284651,-5.859793],[-36.285338,-5.85897],[-36.285291,-5.858304],[-36.288317,-5.854497],[-36.28816,-5.851727],[-36.28836,-5.850514],[-36.287589,-5.849714],[-36.286104,-5.848829],[-36.284248,-5.846987],[-36.281265,-5.84683],[-36.280708,-5.846516],[-36.280379,-5.845745],[-36.279052,-5.844318],[-36.278966,-5.843647],[-36.277995,-5.842376],[-36.278124,-5.841805]]}},{"type":"Feature","id":116,"properties":{"nome":"Rio Potengi","regime":"Intermitente","ordem":1,"largura":"<=10","dominialidade":"Estadual","fonte":"ANA (2021), MDE/Maxar(imagens do basemap/arcmap), Cartas topográficas"},"geometry":{"type":"LineString","coordinates":[[-36.391,-6.044445],[-36.389484,-6.044124],[-36.388751,-6.044285],[-36.388056,-6.0438],[-36.387152,-6.043562],[-36.38661,-6.043924],[-36.386043,-6.043274],[-36.384582,-6.042639],[-36.383653,-6.042531],[-36.382701,-6.042757],[-36.381441,-6.042439],[-36.380204,-6.041392],[-36.380179,-6.040675],[-36.379608,-6.039711],[-36.379334,-6.03958],[-36.379025,-6.039925],[-36.378042,-6.040041],[-36.376384,-6.040806],[-36.37561,-6.040651],[-36.374754,-6.040806],[-36.374385,-6.04058],[-36.37385,-6.040711],[-36.37222,-6.039818],[-36.368817,-6.041389],[-36.367232,-6.041212],[-36.3655,-6.041727],[-36.364736,-6.041484],[-36.362392,-6.040009],[-36.361576,-6.04012],[-36.360381,-6.040704],[-36.359003,-6.040879],[-36.357515,-6.041579]]}},{"type":"Feature","id":117,"properties":{"regime":"Intermitente","ordem":1,"largura":"<=10","dominialidade":"Estadual","fonte":"ANA (2021), MDE/Maxar(imagens do basemap/arcmap), Cartas topográficas"},"geometry":{"type":"LineString","coordinates":[[-36.366757,-6.058988],[-36.364349,-6.058055],[-36.364149,-6.057824],[-36.364386,-6.056517],[-36.364377,-6.055184],[-36.363825,-6.053814],[-36.363151,-6.053203],[-36.362697,-6.052165],[-36.362016,-6.051373],[-36.362061,-6.050955],[-36.361588,-6.050625],[-36.36093,-6.049006],[-36.36081,-6.047449],[-36.358991,-6.04463],[-36.358406,-6.041153]]}},{"type":"Feature","id":118,"properties":{"nome":"Rio Potengi","regime":"Intermitente","ordem":2,"largura":"10 - 50","dominialidade":"Estadual","fonte":"ANA (2021), MDE/Maxar(imagens do basemap/arcmap), Cartas topográficas"},"geometry":{"type":"LineString","coordinates":[[-36.343718,-6.040076],[-36.342985,-6.040202],[-36.342081,-6.040771],[-36.341191,-6.041032],[-36.340644,-6.041532],[-36.339716,-6.041543],[-36.338419,-6.042579],[-36.337884,-6.042733],[-36.337112,-6.042547],[-36.336953,-6.042662],[-36.337027,-6.044304],[-36.336611,-6.044732],[-36.336278,-6.045648],[-36.335885,-6.045886],[-36.334315,-6.04591],[-36.333875,-6.046302],[-36.333791,-6.046707],[-36.332637,-6.046362],[-36.331674,-6.047754],[-36.331174,-6.048051],[-36.331222,-6.048563],[-36.331507,-6.049039],[-36.332437,-6.0495],[-36.333351,-6.050407],[-36.333482,-6.050907],[-36.333351,-6.051442],[-36.332935,-6.051394],[-36.332732,-6.051002],[-36.332078,-6.050847],[-36.331554,-6.051137],[-36.330666,-6.051051],[-36.329984,-6.051716],[-36.329806,-6.052691],[-36.329972,-6.054892],[-36.329136,-6.054488],[-36.328804,-6.054804],[-36.329092,-6.055523],[-36.328811,-6.056457],[-36.329116,-6.057474],[-36.328806,-6.058152],[-36.328283,-6.058687],[-36.327926,-6.059627],[-36.327438,-6.06002],[-36.326629,-6.059818],[-36.326451,-6.060389],[-36.325737,-6.06071],[-36.324726,-6.060627]]}},{"type":"Feature","id":119,"properties":{"regime":"Intermitente","ordem":1,"largura":"<=10","dominialidade":"Estadual","fonte":"ANA (2021), MDE/Maxar(imagens do basemap/arcmap), Cartas topográficas"},"geometry":{"type":"LineString","coordinates":[[-36.362857,-6.078701],[-36.361815,-6.077673],[-36.362402,-6.077259],[-36.362359,-6.076687],[-36.360887,-6.07616],[-36.359845,-6.074118],[-36.35836,-6.072005],[-36.357232,-6.071348],[-36.357018,-6.070592],[-36.35639,-6.069792],[-36.355048,-6.069378],[-36.354742,-6.068854],[-36.354084,-6.068603],[-36.353118,-6.067553],[-36.352392,-6.067171],[-36.351176,-6.066785],[-36.349859,-6.066012],[-36.349294,-6.066294],[-36.348181,-6.065895],[-36.347595,-6.065937],[-36.34738,-6.066734],[-36.346896,-6.067265],[-36.345904,-6.066898],[-36.345611,-6.067779],[-36.345097,-6.068265],[-36.343455,-6.068878],[-36.342373,-6.067836],[-36.341885,-6.067708],[-36.341613,-6.068008],[-36.340942,-6.067893],[-36.340614,-6.068079],[-36.338986,-6.067865],[-36.338587,-6.068222],[-36.338101,-6.067808],[-36.337687,-6.067893],[-36.336074,-6.067579],[-36.333718,-6.067851],[-36.332662,-6.068464],[-36.330949,-6.06608],[-36.330335,-6.065895],[-36.329921,-6.065466],[-36.328779,-6.064938],[-36.328579,-6.064381],[-36.328193,-6.064181],[-36.327528,-6.063168],[-36.325416,-6.062959],[-36.325201,-6.06278],[-36.324726,-6.060627]]}},{"type":"Feature","id":120,"properties":{"nome":"Rio Potengi","regime":"Intermitente","ordem":2,"largura":"10 - 50","dominialidade":"Estadual","fonte":"ANA (2021), MDE/Maxar(imagens do basemap/arcmap), Cartas topográficas"},"geometry":{"type":"LineString","coordinates":[[-36.324726,-6.060627],[-36.324226,-6.06027],[-36.322953,-6.060329],[-36.322215,-6.060615],[-36.321382,-6.060115],[-36.321049,-6.060424],[-36.320669,-6.060175],[-36.320514,-6.060413],[-36.317849,-6.059889],[-36.316699,-6.059476],[-36.316219,-6.059437],[-36.315648,-6.059711],[-36.314384,-6.057048],[-36.314073,-6.056796],[-36.313723,-6.057088],[-36.312969,-6.058414],[-36.312245,-6.058852],[-36.311522,-6.058756],[-36.311275,-6.05809],[-36.311332,-6.057348],[-36.311865,-6.056396],[-36.311179,-6.055768],[-36.310722,-6.056053],[-36.30958,-6.056282],[-36.309504,-6.056948],[-36.308648,-6.057119],[-36.306768,-6.058063],[-36.306292,-6.057615],[-36.304893,-6.057339],[-36.304712,-6.056797],[-36.30377,-6.056568],[-36.303494,-6.056207]]}},{"type":"Feature","id":121,"properties":{"nome":"Riacho Cachoeira Preta","regime":"Intermitente","ordem":1,"largura":"<=10","dominialidade":"Estadual","fonte":"ANA (2021), MDE/Maxar(imagens do basemap/arcmap), Cartas topográficas"},"geometry":{"type":"LineString","coordinates":[[-36.31954,-6.112345],[-36.316685,-6.108545],[-36.316305,-6.106861],[-36.315572,-6.106575],[-36.315277,-6.10411],[-36.315581,-6.103777],[-36.316476,-6.104405],[-36.316743,-6.104148],[-36.316743,-6.103748],[-36.316466,-6.102835],[-36.315867,-6.102768],[-36.315553,-6.102435],[-36.315591,-6.102016],[-36.313925,-6.099275],[-36.314925,-6.098586],[-36.314572,-6.096818],[-36.314354,-6.096696],[-36.313725,-6.096819],[-36.313611,-6.096096],[-36.312859,-6.095325],[-36.313173,-6.09423],[-36.312888,-6.093793],[-36.312217,-6.093521],[-36.311774,-6.092508],[-36.312084,-6.092126],[-36.313173,-6.092336],[-36.313706,-6.092079],[-36.313682,-6.091361],[-36.314401,-6.091556],[-36.314982,-6.091223],[-36.31486,-6.09085],[-36.315229,-6.090414],[-36.315667,-6.0893],[-36.316931,-6.089472],[-36.317111,-6.089269],[-36.317247,-6.088939],[-36.316428,-6.08832],[-36.316095,-6.08734],[-36.315353,-6.086502],[-36.316352,-6.085674],[-36.316752,-6.084703],[-36.315573,-6.083059],[-36.315448,-6.082067],[-36.315791,-6.081943],[-36.316305,-6.082438],[-36.31738,-6.082057],[-36.317542,-6.081895],[-36.317247,-6.081086],[-36.318151,-6.080515],[-36.316333,-6.077546],[-36.316438,-6.077146],[-36.316038,-6.07648],[-36.315515,-6.076737],[-36.315315,-6.076508],[-36.315448,-6.076147],[-36.31534,-6.075735],[-36.31383,-6.07411],[-36.313249,-6.073957]]}},{"type":"Feature","id":122,"properties":{"nome":"Rio Potengi","regime":"Intermitente","ordem":2,"largura":"10 - 50","dominialidade":"Estadual","fonte":"ANA (2021), MDE/Maxar(imagens do basemap/arcmap), Cartas topográficas"},"geometry":{"type":"LineString","coordinates":[[-36.303494,-6.056207],[-36.304445,-6.05477],[-36.304065,-6.054436],[-36.300733,-6.054508],[-36.29814,-6.055364],[-36.295477,-6.054556],[-36.295522,-6.053627],[-36.296546,-6.052342],[-36.296807,-6.051581],[-36.296213,-6.048964],[-36.296903,-6.048488],[-36.296879,-6.047964],[-36.296474,-6.046893],[-36.294666,-6.044514],[-36.293904,-6.044514],[-36.293095,-6.044252],[-36.29201,-6.043173],[-36.293019,-6.042617],[-36.294214,-6.042491],[-36.293785,-6.041207],[-36.293285,-6.040951],[-36.292387,-6.039795],[-36.290712,-6.038506],[-36.289627,-6.037278],[-36.288404,-6.036818],[-36.286647,-6.03709],[-36.286081,-6.036585],[-36.285839,-6.036109],[-36.286028,-6.035662],[-36.286647,-6.035187],[-36.286623,-6.034282],[-36.28527,-6.033634],[-36.285362,-6.032641],[-36.284711,-6.031918],[-36.285077,-6.032022],[-36.284973,-6.031279],[-36.285648,-6.031103],[-36.287081,-6.031179],[-36.287633,-6.030739],[-36.287652,-6.029833],[-36.286043,-6.027667],[-36.285712,-6.026961],[-36.28612,-6.025899],[-36.288026,-6.02486],[-36.288197,-6.024378],[-36.288034,-6.023838],[-36.286953,-6.02307],[-36.285395,-6.021307],[-36.283878,-6.020251],[-36.282308,-6.019833]]}},{"type":"Feature","id":123,"properties":{"nome":"Riacho do Cedro","regime":"Intermitente","ordem":1,"largura":"<=10","dominialidade":"Estadual","fonte":"ANA (2021), MDE/Maxar(imagens do basemap/arcmap), Cartas topográficas"},"geometry":{"type":"LineString","coordinates":[[-36.315058,-6.042496],[-36.314381,-6.041995],[-36.313586,-6.041023],[-36.312561,-6.040511],[-36.312026,-6.040582],[-36.311229,-6.041153],[-36.310622,-6.041117],[-36.309992,-6.041557],[-36.309611,-6.041415],[-36.308909,-6.041605],[-36.308231,-6.041534],[-36.30722,-6.039904],[-36.307053,-6.039226],[-36.306214,-6.038396],[-36.306268,-6.037774],[-36.305422,-6.035876],[-36.304687,-6.03502],[-36.303984,-6.034907],[-36.303853,-6.033765],[-36.304269,-6.033301],[-36.303841,-6.032658],[-36.302794,-6.033241],[-36.303098,-6.032427],[-36.302087,-6.031523],[-36.302568,-6.030719],[-36.301842,-6.030231],[-36.30164,-6.030767],[-36.301176,-6.030909],[-36.300536,-6.030299],[-36.300545,-6.029101],[-36.301223,-6.028328],[-36.301485,-6.027412],[-36.300843,-6.026686],[-36.300242,-6.027214],[-36.299274,-6.027028],[-36.299665,-6.026531],[-36.299558,-6.026198],[-36.299998,-6.025817],[-36.299582,-6.025211],[-36.29995,-6.024842],[-36.300129,-6.023474],[-36.300795,-6.023343],[-36.299724,-6.022189]]}},{"type":"Feature","id":124,"properties":{"nome":"Rio Potengi","regime":"Intermitente","ordem":2,"largura":"10 - 50","dominialidade":"Estadual","fonte":"ANA (2021), MDE/Maxar(imagens do basemap/arcmap), Cartas topográficas"},"geometry":{"type":"LineString","coordinates":[[-36.282308,-6.019833],[-36.281669,-6.01952],[-36.281269,-6.019],[-36.281621,-6.017549],[-36.281324,-6.016771],[-36.279755,-6.014405],[-36.278656,-6.01299],[-36.27657,-6.011199],[-36.276956,-6.01051],[-36.277241,-6.009368],[-36.276742,-6.008226],[-36.277122,-6.00687],[-36.278122,-6.00637],[-36.278693,-6.004514],[-36.278645,-6.003943],[-36.27717,-6.003015],[-36.276714,-6.001992],[-36.274974,-6.000417],[-36.274851,-5.999332]]}},{"type":"Feature","id":125,"properties":{"regime":"Intermitente","ordem":1,"largura":"<=10","dominialidade":"Estadual","fonte":"ANA (2021), MDE/Maxar(imagens do basemap/arcmap), Cartas topográficas"},"geometry":{"type":"LineString","coordinates":[[-36.385791,-6.024741],[-36.384982,-6.025002],[-36.383816,-6.024776],[-36.382674,-6.024824],[-36.382032,-6.023908],[-36.382032,-6.023468],[-36.380228,-6.021542],[-36.378022,-6.02129],[-36.376559,-6.020838],[-36.376187,-6.019558],[-36.375706,-6.019173],[-36.374553,-6.018753],[-36.373049,-6.018614],[-36.372633,-6.018197],[-36.371955,-6.018102],[-36.371467,-6.017769],[-36.371431,-6.017222],[-36.370479,-6.016127],[-36.370384,-6.015532],[-36.369659,-6.014878],[-36.369416,-6.014356],[-36.368355,-6.013746],[-36.366994,-6.013783],[-36.366113,-6.013069],[-36.364852,-6.011404],[-36.363764,-6.009525],[-36.362646,-6.008958],[-36.362092,-6.009024],[-36.360889,-6.008446],[-36.35982,-6.008341],[-36.359147,-6.007791],[-36.358737,-6.007763],[-36.357856,-6.005669],[-36.3565,-6.004884],[-36.355715,-6.004884],[-36.353573,-6.003361],[-36.35348,-6.000885],[-36.352717,-6.000197],[-36.351692,-5.999968]]}},{"type":"Feature","id":126,"properties":{"regime":"Intermitente","ordem":2,"largura":"10 - 50","dominialidade":"Estadual","fonte":"ANA (2021), MDE/Maxar(imagens do basemap/arcmap), Cartas topográficas"},"geometry":{"type":"LineString","coordinates":[[-36.339656,-5.997727],[-36.339675,-6.000011],[-36.339504,-6.00102],[-36.340284,-6.002752],[-36.340056,-6.003095],[-36.338285,-6.003152],[-36.336762,-6.002714],[-36.336363,-6.003304],[-36.336477,-6.004808],[-36.33562,-6.004599],[-36.335392,-6.00378],[-36.334383,-6.002714],[-36.333736,-6.002866],[-36.333241,-6.003647],[-36.332156,-6.003437],[-36.33187,-6.005151],[-36.331025,-6.004763],[-36.330553,-6.004914],[-36.330375,-6.005318],[-36.330625,-6.006175],[-36.329543,-6.006618],[-36.328876,-6.007614]]}},{"type":"Feature","id":127,"properties":{"nome":"Riacho Catol_","regime":"Intermitente","ordem":1,"largura":"<=10","dominialidade":"Estadual","fonte":"ANA (2021), MDE/Maxar(imagens do basemap/arcmap), Cartas topográficas"},"geometry":{"type":"LineString","coordinates":[[-36.364879,-6.019813],[-36.363854,-6.020095],[-36.363259,-6.019761],[-36.361427,-6.019654],[-36.361015,-6.019478],[-36.359369,-6.019809],[-36.358203,-6.019512],[-36.356977,-6.02013],[-36.356406,-6.019928],[-36.355514,-6.019083],[-36.355585,-6.018833],[-36.355383,-6.018477],[-36.355121,-6.018405],[-36.354455,-6.017477],[-36.353717,-6.017525],[-36.353015,-6.016977],[-36.352742,-6.016573],[-36.3527,-6.015842],[-36.35187,-6.015234],[-36.349934,-6.014848],[-36.346995,-6.014955],[-36.346317,-6.01524],[-36.345127,-6.014705],[-36.344747,-6.015122],[-36.344188,-6.015193],[-36.343141,-6.014574],[-36.342558,-6.014574],[-36.341308,-6.013563],[-36.340654,-6.013492],[-36.340238,-6.013182],[-36.340702,-6.012564],[-36.340809,-6.011909],[-36.339916,-6.010957],[-36.339226,-6.010791],[-36.338156,-6.011231],[-36.337644,-6.012195],[-36.337263,-6.011517],[-36.336038,-6.010601],[-36.335455,-6.010493],[-36.335217,-6.01085],[-36.33417,-6.011219],[-36.331874,-6.00991],[-36.331386,-6.010006],[-36.330898,-6.009696],[-36.330125,-6.008447],[-36.329613,-6.008292],[-36.329256,-6.007698],[-36.328876,-6.007614]]}},{"type":"Feature","id":128,"properties":{"regime":"Intermitente","ordem":2,"largura":"10 - 50","dominialidade":"Estadual","fonte":"ANA (2021), MDE/Maxar(imagens do basemap/arcmap), Cartas topográficas"},"geometry":{"type":"LineString","coordinates":[[-36.328876,-6.007614],[-36.327377,-6.007293],[-36.325556,-6.006472],[-36.324081,-6.005259],[-36.323153,-6.005497],[-36.322166,-6.004509],[-36.321309,-6.004533],[-36.320981,-6.00516],[-36.319977,-6.005961],[-36.319156,-6.005758],[-36.317716,-6.004771],[-36.316531,-6.00311],[-36.315701,-6.002502],[-36.314912,-6.001995],[-36.313231,-6.001463],[-36.312897,-6.00245],[-36.312089,-6.003212],[-36.311553,-6.002903],[-36.308292,-5.999556]]}},{"type":"Feature","id":129,"properties":{"regime":"Intermitente","ordem":1,"largura":"<=10","dominialidade":"Estadual","fonte":"ANA (2021), MDE/Maxar(imagens do basemap/arcmap), Cartas topográficas"},"geometry":{"type":"LineString","coordinates":[[-36.313538,-6.025303],[-36.312806,-6.025046],[-36.312532,-6.024499],[-36.312818,-6.024154],[-36.313472,-6.023963],[-36.313293,-6.022417],[-36.314043,-6.021191],[-36.312615,-6.01786],[-36.311342,-6.016206],[-36.310664,-6.015921],[-36.310831,-6.015409],[-36.311901,-6.014303],[-36.312235,-6.013589],[-36.311997,-6.013232],[-36.311901,-6.01228],[-36.311687,-6.011876],[-36.311057,-6.01159],[-36.310724,-6.011067],[-36.310414,-6.009663],[-36.309712,-6.008568],[-36.309332,-6.008413],[-36.308332,-6.00582],[-36.307833,-6.005249],[-36.305941,-6.005237],[-36.305596,-6.004904],[-36.305524,-6.004499],[-36.305858,-6.003904],[-36.305072,-6.003202],[-36.303205,-6.003655],[-36.302348,-6.003],[-36.302503,-6.002655],[-36.303626,-6.00196],[-36.303987,-6.001427],[-36.302863,-6.000415],[-36.302518,-5.999616]]}},{"type":"Feature","id":130,"properties":{"nome":"Riacho Olho-d'_gua","regime":"Intermitente","ordem":1,"largura":"<=10","dominialidade":"Estadual","fonte":"ANA (2021), MDE/Maxar(imagens do basemap/arcmap), Cartas topográficas"},"geometry":{"type":"LineString","coordinates":[[-36.261491,-6.021303],[-36.259872,-6.020425],[-36.259852,-6.020074],[-36.259167,-6.018875],[-36.258177,-6.018723],[-36.257747,-6.017186],[-36.257034,-6.016448],[-36.255512,-6.016001],[-36.251952,-6.015563],[-36.25159,-6.015049],[-36.248944,-6.014002],[-36.248621,-6.013431],[-36.245556,-6.010975],[-36.245412,-6.010594],[-36.244052,-6.01029],[-36.243614,-6.010062],[-36.243538,-6.009643],[-36.243215,-6.009471],[-36.242638,-6.009691],[-36.242414,-6.010248],[-36.241914,-6.010581],[-36.240956,-6.010262],[-36.240344,-6.010451],[-36.239594,-6.010379],[-36.238762,-6.011295],[-36.237715,-6.011248],[-36.237203,-6.010974],[-36.236334,-6.009987],[-36.236156,-6.00913],[-36.236346,-6.00844],[-36.234978,-6.006881],[-36.234526,-6.006655],[-36.233896,-6.006751]]}},{"type":"Feature","id":131,"properties":{"nome":"Riacho da Grota","regime":"Intermitente","ordem":1,"largura":"<=10","dominialidade":"Estadual","fonte":"ANA (2021), MDE/Maxar(imagens do basemap/arcmap), Cartas topográficas"},"geometry":{"type":"LineString","coordinates":[[-36.243361,-6.186688],[-36.241077,-6.184328],[-36.24003,-6.183919],[-36.238345,-6.182377],[-36.23826,-6.181177],[-36.237774,-6.180759],[-36.23746,-6.179997],[-36.237089,-6.179893],[-36.236784,-6.178998],[-36.237165,-6.177761],[-36.236565,-6.177675],[-36.237127,-6.176257],[-36.23746,-6.175847],[-36.238193,-6.175838],[-36.238583,-6.174686],[-36.239611,-6.174658],[-36.239782,-6.173773],[-36.240039,-6.17343],[-36.239678,-6.173021],[-36.239649,-6.172431],[-36.239763,-6.172126],[-36.240049,-6.17225],[-36.24042,-6.171955],[-36.23982,-6.171231],[-36.238469,-6.170251],[-36.237612,-6.169366],[-36.237051,-6.169328],[-36.236202,-6.168789],[-36.235461,-6.169366],[-36.235233,-6.169166],[-36.235404,-6.1677],[-36.236213,-6.1675],[-36.236851,-6.167681],[-36.237336,-6.167567],[-36.237393,-6.166434],[-36.237841,-6.16574],[-36.23686,-6.165273],[-36.237565,-6.163655],[-36.237041,-6.162418],[-36.237441,-6.161866],[-36.237213,-6.16119],[-36.237508,-6.160286],[-36.237203,-6.159905],[-36.23747,-6.159639],[-36.237374,-6.15942],[-36.237593,-6.158706],[-36.238383,-6.158811],[-36.23885,-6.158477],[-36.239116,-6.157697],[-36.239383,-6.157497],[-36.239811,-6.157592],[-36.241458,-6.154689],[-36.242162,-6.154156],[-36.242495,-6.153423],[-36.243171,-6.153166],[-36.243777,-6.151383],[-36.243523,-6.15092],[-36.243852,-6.150502],[-36.24359,-6.150111],[-36.243685,-6.149388],[-36.243523,-6.14856],[-36.243694,-6.148379],[-36.243732,-6.147342],[-36.244056,-6.147066],[-36.245369,-6.147208],[-36.245607,-6.146942],[-36.245626,-6.146513],[-36.245988,-6.146142],[-36.245836,-6.145666],[-36.245093,-6.145076],[-36.24437,-6.14381],[-36.24081,-6.141126],[-36.24082,-6.140603],[-36.240125,-6.138975],[-36.239982,-6.137814],[-36.24037,-6.136602]]}},{"type":"Feature","id":132,"properties":{"nome":"Riacho Grota Funda","regime":"Intermitente","ordem":1,"largura":"<=10","dominialidade":"Estadual","fonte":"ANA (2021), MDE/Maxar(imagens do basemap/arcmap), Cartas topográficas"},"geometry":{"type":"LineString","coordinates":[[-36.222513,-6.114584],[-36.223185,-6.115264],[-36.22354,-6.116099],[-36.224027,-6.119251],[-36.224466,-6.120505],[-36.225553,-6.121417],[-36.226467,-6.122514],[-36.227359,-6.125064],[-36.227557,-6.1266],[-36.227926,-6.127421],[-36.228342,-6.127718],[-36.228544,-6.12823],[-36.229579,-6.129408],[-36.229985,-6.129673],[-36.230103,-6.130217],[-36.23084,-6.131525],[-36.231971,-6.13325],[-36.232684,-6.133952],[-36.233101,-6.135023],[-36.233874,-6.135368],[-36.234076,-6.135725],[-36.234576,-6.135785],[-36.235135,-6.135487],[-36.235849,-6.135725],[-36.236361,-6.135594],[-36.237408,-6.135713],[-36.238252,-6.136094],[-36.238526,-6.136724],[-36.239276,-6.1372],[-36.24037,-6.136602]]}},{"type":"Feature","id":133,"properties":{"nome":"Riacho da Grota","regime":"Intermitente","ordem":2,"largura":"10 - 50","dominialidade":"Estadual","fonte":"ANA (2021), MDE/Maxar(imagens do basemap/arcmap), Cartas topográficas"},"geometry":{"type":"LineString","coordinates":[[-36.24037,-6.136602],[-36.240904,-6.135535],[-36.241266,-6.135467],[-36.242833,-6.136094],[-36.243416,-6.136927],[-36.244272,-6.136808],[-36.245426,-6.13613],[-36.246473,-6.135868],[-36.246592,-6.135463],[-36.245676,-6.134476],[-36.245117,-6.133548],[-36.245165,-6.133155],[-36.246042,-6.132542],[-36.245771,-6.131763],[-36.246033,-6.131513],[-36.246985,-6.131597],[-36.247508,-6.131121],[-36.24836,-6.128854],[-36.249115,-6.128372],[-36.249329,-6.127599],[-36.249957,-6.126564]]}},{"type":"Feature","id":134,"properties":{"nome":"Riacho Tanque Grande","regime":"Intermitente","ordem":1,"largura":"<=10","dominialidade":"Estadual","fonte":"ANA (2021), MDE/Maxar(imagens do basemap/arcmap), Cartas topográficas"},"geometry":{"type":"LineString","coordinates":[[-36.289099,-6.175968],[-36.288433,-6.172333],[-36.287786,-6.171666],[-36.287643,-6.170991],[-36.28711,-6.170772],[-36.286691,-6.170058],[-36.286054,-6.169858],[-36.286282,-6.16902],[-36.286054,-6.168126],[-36.286263,-6.167897],[-36.285606,-6.167421],[-36.286234,-6.166384],[-36.285349,-6.164756],[-36.284397,-6.164204],[-36.283883,-6.16311],[-36.28386,-6.160978],[-36.283503,-6.160864],[-36.283284,-6.160293],[-36.283303,-6.159655],[-36.282675,-6.159141],[-36.281485,-6.15956],[-36.281085,-6.159484],[-36.281095,-6.158332],[-36.280923,-6.158018],[-36.281114,-6.156847],[-36.281545,-6.156019],[-36.281199,-6.155048],[-36.280638,-6.15461],[-36.280143,-6.154687],[-36.278411,-6.152659],[-36.277792,-6.152459],[-36.276602,-6.152497],[-36.276126,-6.151155],[-36.275708,-6.150946],[-36.275612,-6.150651],[-36.276269,-6.15048],[-36.276333,-6.150041],[-36.275508,-6.149242],[-36.27547,-6.149004],[-36.27637,-6.148583],[-36.276465,-6.148365],[-36.275917,-6.148167],[-36.275308,-6.148357],[-36.274937,-6.148205],[-36.274347,-6.147443],[-36.274128,-6.147615],[-36.274375,-6.148281],[-36.274032,-6.148843],[-36.273737,-6.148919],[-36.2731,-6.148633],[-36.271958,-6.147633],[-36.271743,-6.147707],[-36.271586,-6.148167],[-36.268598,-6.148567],[-36.268103,-6.149442],[-36.267103,-6.149766],[-36.267037,-6.149509],[-36.267951,-6.148024],[-36.26739,-6.146257],[-36.266885,-6.146178],[-36.264743,-6.147405],[-36.2644,-6.147139],[-36.264286,-6.14653],[-36.264524,-6.145721],[-36.264305,-6.145645],[-36.263487,-6.144112],[-36.263201,-6.144331],[-36.263411,-6.144626],[-36.263392,-6.145007],[-36.262773,-6.145112],[-36.262249,-6.144874],[-36.262069,-6.144531],[-36.26223,-6.143722],[-36.26185,-6.143265],[-36.262192,-6.142846],[-36.26243,-6.141771],[-36.262021,-6.140457],[-36.262354,-6.138925],[-36.262116,-6.138839],[-36.262011,-6.138506],[-36.262202,-6.137821],[-36.26184,-6.137526],[-36.261164,-6.137878],[-36.26007,-6.137155],[-36.260641,-6.136146],[-36.259689,-6.13606],[-36.258518,-6.135613],[-36.258109,-6.134766],[-36.258077,-6.13421],[-36.25889,-6.134356],[-36.259131,-6.134245],[-36.259128,-6.133776],[-36.257043,-6.130882],[-36.256577,-6.13053],[-36.256605,-6.129455],[-36.256358,-6.128931],[-36.255901,-6.12857],[-36.254959,-6.128417],[-36.255006,-6.127104],[-36.254768,-6.127075],[-36.254064,-6.127751],[-36.253502,-6.127922],[-36.25256,-6.127808],[-36.250971,-6.128075],[-36.249957,-6.126564]]}},{"type":"Feature","id":135,"properties":{"nome":"Riacho da Grota","regime":"Intermitente","ordem":2,"largura":"10 - 50","dominialidade":"Estadual","fonte":"ANA (2021), MDE/Maxar(imagens do basemap/arcmap), Cartas topográficas"},"geometry":{"type":"LineString","coordinates":[[-36.249957,-6.126564],[-36.24948,-6.124993],[-36.249119,-6.122024],[-36.248452,-6.120653],[-36.248872,-6.118804],[-36.2487,-6.117893],[-36.248757,-6.116598],[-36.249956,-6.116313],[-36.251003,-6.114733],[-36.251936,-6.112411],[-36.252488,-6.108889],[-36.253573,-6.106243],[-36.25381,-6.103513],[-36.254624,-6.101457],[-36.25491,-6.101399]]}},{"type":"Feature","id":136,"properties":{"nome":"Riacho da Caixa-d'05gua","regime":"Intermitente","ordem":1,"largura":"<=10","dominialidade":"Estadual","fonte":"ANA (2021), MDE/Maxar(imagens do basemap/arcmap), Cartas topográficas"},"geometry":{"type":"LineString","coordinates":[[-36.296284,-6.121901],[-36.295927,-6.121701],[-36.295484,-6.121815],[-36.295099,-6.122158],[-36.293657,-6.124542],[-36.291515,-6.12597],[-36.291158,-6.12577],[-36.289674,-6.125827],[-36.289145,-6.12517],[-36.288689,-6.125228],[-36.288446,-6.12577],[-36.287132,-6.126027],[-36.286975,-6.126584],[-36.286518,-6.127055],[-36.285733,-6.127155],[-36.284648,-6.126969],[-36.284891,-6.126441],[-36.284891,-6.125584],[-36.283477,-6.124828],[-36.281493,-6.125113],[-36.280879,-6.125413],[-36.279409,-6.125228],[-36.279109,-6.124956],[-36.278838,-6.124],[-36.279666,-6.123157],[-36.279523,-6.122986],[-36.278581,-6.123029],[-36.277524,-6.121944],[-36.277381,-6.120773],[-36.27661,-6.120288],[-36.275226,-6.120516],[-36.274869,-6.119974],[-36.27424,-6.120245],[-36.273455,-6.120202],[-36.273284,-6.119545],[-36.27277,-6.118989],[-36.272127,-6.11719],[-36.271656,-6.117204],[-36.271199,-6.115962],[-36.270429,-6.115734],[-36.2701,-6.114806],[-36.269258,-6.114905],[-36.26853,-6.114177],[-36.26546,-6.114063],[-36.264275,-6.114491],[-36.263747,-6.114306],[-36.26289,-6.113135],[-36.262591,-6.113078],[-36.262048,-6.113549],[-36.261448,-6.113521],[-36.260706,-6.113221],[-36.26072,-6.112407],[-36.259535,-6.111593],[-36.25895,-6.111779],[-36.257522,-6.111022],[-36.257451,-6.109823],[-36.258865,-6.108191],[-36.258622,-6.106397],[-36.258136,-6.105297],[-36.255638,-6.102685],[-36.25491,-6.101399]]}},{"type":"Feature","id":137,"properties":{"nome":"Riacho da Grota","regime":"Intermitente","ordem":2,"largura":"10 - 50","dominialidade":"Estadual","fonte":"ANA (2021), MDE/Maxar(imagens do basemap/arcmap), Cartas topográficas"},"geometry":{"type":"LineString","coordinates":[[-36.25491,-6.101399],[-36.256452,-6.098887],[-36.255238,-6.09676],[-36.255152,-6.095732],[-36.254867,-6.095461],[-36.253154,-6.095689],[-36.252854,-6.095532],[-36.249242,-6.092948],[-36.248057,-6.091749],[-36.247186,-6.091406],[-36.247,-6.090906],[-36.247386,-6.089436],[-36.2483,-6.08718],[-36.246187,-6.084996],[-36.246244,-6.082226],[-36.246798,-6.081625],[-36.2469,-6.080656],[-36.246569,-6.080135],[-36.244659,-6.079685],[-36.243645,-6.077543],[-36.242874,-6.077001],[-36.242717,-6.076401],[-36.24326,-6.074916],[-36.24316,-6.074531],[-36.240213,-6.072768],[-36.239062,-6.072354]]}},{"type":"Feature","id":138,"properties":{"nome":"Riacho dos Macacos","regime":"Intermitente","ordem":1,"largura":"<=10","dominialidade":"Estadual","fonte":"ANA (2021), MDE/Maxar(imagens do basemap/arcmap), Cartas topográficas"},"geometry":{"type":"LineString","coordinates":[[-36.221786,-6.110708],[-36.222338,-6.109928],[-36.222395,-6.109433],[-36.222167,-6.10869],[-36.221482,-6.108557],[-36.220682,-6.107453],[-36.219921,-6.107167],[-36.220454,-6.106958],[-36.219807,-6.106197],[-36.218921,-6.105583],[-36.21896,-6.105197],[-36.218664,-6.10445],[-36.217684,-6.104303],[-36.217732,-6.102937],[-36.217375,-6.10247],[-36.217284,-6.101942],[-36.215057,-6.099096],[-36.214933,-6.098521],[-36.215766,-6.097983],[-36.216014,-6.097469],[-36.215823,-6.097145],[-36.217499,-6.097164],[-36.21776,-6.096898],[-36.218625,-6.096947],[-36.220016,-6.096603],[-36.227906,-6.095908],[-36.230923,-6.095113],[-36.231923,-6.09459],[-36.232113,-6.094095],[-36.231904,-6.092691],[-36.231295,-6.091173],[-36.231019,-6.088679],[-36.230481,-6.087727],[-36.230143,-6.086187],[-36.2302,-6.085495],[-36.230438,-6.085176]]}},{"type":"Feature","id":139,"properties":{"nome":"Riacho Jirigua_u","regime":"Intermitente","ordem":1,"largura":"<=10","dominialidade":"Estadual","fonte":"ANA (2021), MDE/Maxar(imagens do basemap/arcmap), Cartas topográficas"},"geometry":{"type":"LineString","coordinates":[[-36.201104,-6.072872],[-36.201989,-6.073215],[-36.202517,-6.074357],[-36.202746,-6.074971],[-36.202175,-6.076342],[-36.202903,-6.077055],[-36.202617,-6.078497],[-36.202846,-6.079411],[-36.20336,-6.080111],[-36.203674,-6.081081],[-36.204274,-6.081381],[-36.205173,-6.081067],[-36.206544,-6.081667],[-36.206915,-6.081353],[-36.207286,-6.081524],[-36.207595,-6.082294],[-36.208469,-6.082887],[-36.209014,-6.083005],[-36.209588,-6.082951],[-36.211312,-6.082138],[-36.211769,-6.082095],[-36.212062,-6.08249],[-36.214996,-6.084647],[-36.216295,-6.084765],[-36.217494,-6.085279],[-36.218322,-6.08495],[-36.220278,-6.085336],[-36.221977,-6.085179],[-36.222348,-6.085393],[-36.223076,-6.085393],[-36.223247,-6.08615],[-36.225489,-6.087335],[-36.225646,-6.086866],[-36.22616,-6.087335],[-36.226926,-6.087042],[-36.227521,-6.08717],[-36.227525,-6.087357],[-36.228401,-6.087123],[-36.228801,-6.087204],[-36.229458,-6.086766],[-36.229729,-6.08561],[-36.230438,-6.085176]]}},{"type":"Feature","id":140,"properties":{"nome":"Riacho dos Macacos","regime":"Intermitente","ordem":2,"largura":"10 - 50","dominialidade":"Estadual","fonte":"ANA (2021), MDE/Maxar(imagens do basemap/arcmap), Cartas topográficas"},"geometry":{"type":"LineString","coordinates":[[-36.230438,-6.085176],[-36.230954,-6.085685],[-36.232001,-6.085792],[-36.232941,-6.085483],[-36.235095,-6.084269],[-36.235797,-6.082687],[-36.236534,-6.081997],[-36.237198,-6.080878],[-36.238128,-6.079825],[-36.238765,-6.078499],[-36.239431,-6.078077],[-36.239645,-6.077476],[-36.238813,-6.07471],[-36.239193,-6.073199],[-36.239062,-6.072354]]}},{"type":"Feature","id":141,"properties":{"nome":"Riacho da Grota","regime":"Intermitente","ordem":3,"largura":"10 - 50","dominialidade":"Estadual","fonte":"ANA (2021), MDE/Maxar(imagens do basemap/arcmap), Cartas topográficas"},"geometry":{"type":"LineString","coordinates":[[-36.239062,-6.072354],[-36.236778,-6.071402],[-36.23544,-6.070343],[-36.232269,-6.066173],[-36.231026,-6.064948],[-36.229473,-6.061504],[-36.228753,-6.060593],[-36.227855,-6.058934],[-36.226374,-6.057256],[-36.226439,-6.057036],[-36.225845,-6.056531],[-36.225422,-6.056501],[-36.224911,-6.055858],[-36.22494,-6.05502],[-36.225428,-6.054883],[-36.227125,-6.052846],[-36.227173,-6.052398],[-36.226002,-6.051304]]}},{"type":"Feature","id":142,"properties":{"nome":"Riacho Capim-a_u","regime":"Intermitente","ordem":1,"largura":"<=10","dominialidade":"Estadual","fonte":"ANA (2021), MDE/Maxar(imagens do basemap/arcmap), Cartas topográficas"},"geometry":{"type":"LineString","coordinates":[[-36.293899,-6.108032],[-36.293709,-6.107432],[-36.292947,-6.106632],[-36.292843,-6.105462],[-36.292214,-6.105424],[-36.29171,-6.105148],[-36.291253,-6.10353],[-36.290511,-6.102959],[-36.29012,-6.103206],[-36.289359,-6.102949],[-36.289188,-6.102702],[-36.289055,-6.101036],[-36.28863,-6.100238],[-36.288207,-6.100493],[-36.287151,-6.100436],[-36.287246,-6.100798],[-36.286961,-6.100969],[-36.286589,-6.101807],[-36.286466,-6.101617],[-36.285685,-6.101559],[-36.285209,-6.101731],[-36.284752,-6.101674],[-36.284733,-6.100941],[-36.283639,-6.100731],[-36.281183,-6.100827],[-36.280051,-6.099399],[-36.278423,-6.099751],[-36.276729,-6.099304],[-36.276662,-6.098542],[-36.276434,-6.098466],[-36.276301,-6.097952],[-36.27672,-6.097148],[-36.277176,-6.096915],[-36.278452,-6.095582],[-36.278518,-6.094849],[-36.278737,-6.094573],[-36.278299,-6.094316],[-36.278319,-6.093466],[-36.276834,-6.092898],[-36.275939,-6.092984],[-36.275787,-6.092527],[-36.275768,-6.092051],[-36.277309,-6.091461],[-36.27769,-6.09088],[-36.277433,-6.090424],[-36.277452,-6.089853],[-36.277709,-6.088977],[-36.278138,-6.088596],[-36.278176,-6.088273],[-36.277871,-6.087939],[-36.27611,-6.088301],[-36.276082,-6.088587],[-36.275606,-6.088701],[-36.275235,-6.088606],[-36.275092,-6.088244],[-36.275368,-6.087606],[-36.27512,-6.087321],[-36.274987,-6.086502],[-36.275292,-6.085912],[-36.275197,-6.085332],[-36.274949,-6.085113],[-36.274968,-6.084808],[-36.275473,-6.084332],[-36.275244,-6.083894],[-36.275377,-6.083342],[-36.275006,-6.083247],[-36.274349,-6.083628],[-36.273883,-6.083533],[-36.273807,-6.083171],[-36.274483,-6.082295],[-36.27453,-6.081972],[-36.273398,-6.080782],[-36.273464,-6.080516],[-36.274997,-6.080002],[-36.275082,-6.07963],[-36.274644,-6.079002],[-36.274587,-6.078507],[-36.275054,-6.078241],[-36.274978,-6.078031],[-36.271799,-6.077974],[-36.271599,-6.077318],[-36.271732,-6.077184],[-36.273065,-6.077222],[-36.273293,-6.077137],[-36.273369,-6.076842],[-36.27316,-6.07667],[-36.27197,-6.076642],[-36.271161,-6.076147],[-36.270657,-6.07609],[-36.269533,-6.07668],[-36.269372,-6.076489],[-36.269699,-6.07566],[-36.269684,-6.075037],[-36.268985,-6.074603],[-36.267319,-6.074413],[-36.267376,-6.073994],[-36.268271,-6.07329],[-36.268185,-6.072881],[-36.267186,-6.072947],[-36.265873,-6.072471],[-36.265054,-6.071186],[-36.264226,-6.071263],[-36.263655,-6.069492],[-36.262989,-6.069502],[-36.26277,-6.069797],[-36.262446,-6.069768],[-36.261904,-6.070092],[-36.260762,-6.069616],[-36.260171,-6.068826],[-36.259267,-6.068122],[-36.258763,-6.067132],[-36.258277,-6.066903],[-36.257573,-6.065514],[-36.257116,-6.063743],[-36.256279,-6.061764],[-36.255755,-6.060174],[-36.255831,-6.05966],[-36.255498,-6.05946],[-36.254803,-6.05572],[-36.254613,-6.055254],[-36.253871,-6.054825],[-36.254004,-6.053607],[-36.253346,-6.052428],[-36.252224,-6.047763],[-36.251843,-6.047525],[-36.251006,-6.047573],[-36.250853,-6.04743],[-36.250387,-6.045745],[-36.250596,-6.044784],[-36.249854,-6.044546]]}},{"type":"Feature","id":143,"properties":{"nome":"Riacho Cachoeira do Boi","regime":"Intermitente","ordem":1,"largura":"<=10","dominialidade":"Estadual","fonte":"ANA (2021), MDE/Maxar(imagens do basemap/arcmap), Cartas topográficas"},"geometry":{"type":"LineString","coordinates":[[-36.299082,-6.088943],[-36.297116,-6.086776],[-36.295751,-6.086669],[-36.293958,-6.087523],[-36.292637,-6.087473],[-36.291586,-6.086345],[-36.289767,-6.083883],[-36.288471,-6.081742],[-36.288177,-6.081563],[-36.288129,-6.08088],[-36.287569,-6.080006],[-36.287237,-6.079706],[-36.286395,-6.079422],[-36.284798,-6.079421],[-36.282847,-6.077832],[-36.282628,-6.077461],[-36.282143,-6.077404],[-36.280801,-6.074167],[-36.27983,-6.073625],[-36.279592,-6.073006],[-36.27826,-6.073168],[-36.277279,-6.073577],[-36.276956,-6.074672],[-36.277003,-6.075633],[-36.27589,-6.076233],[-36.275595,-6.076109],[-36.275661,-6.075005],[-36.274681,-6.074348],[-36.274805,-6.073473],[-36.274395,-6.073073],[-36.274348,-6.072588],[-36.274015,-6.072321],[-36.274081,-6.071959],[-36.273596,-6.071226],[-36.27332,-6.069456],[-36.272892,-6.069056],[-36.272597,-6.069028],[-36.272463,-6.069675],[-36.271873,-6.070436],[-36.270188,-6.069704],[-36.269655,-6.068019],[-36.268037,-6.066677],[-36.268494,-6.065744],[-36.268237,-6.065649],[-36.2674,-6.065992],[-36.267331,-6.064276],[-36.266563,-6.063899],[-36.265792,-6.063018],[-36.26604,-6.062257],[-36.265858,-6.062042],[-36.266258,-6.06108],[-36.264763,-6.060843],[-36.264192,-6.060424],[-36.264535,-6.0597],[-36.263992,-6.059433],[-36.26404,-6.058977],[-36.264858,-6.05853],[-36.265106,-6.058101],[-36.263471,-6.057321],[-36.263193,-6.056721],[-36.262089,-6.056283],[-36.262098,-6.05497],[-36.262926,-6.055113],[-36.263497,-6.054475],[-36.263631,-6.053504],[-36.26325,-6.053057],[-36.262117,-6.05299],[-36.262365,-6.051943],[-36.262041,-6.051534],[-36.260813,-6.051125],[-36.261261,-6.050135],[-36.260737,-6.049554],[-36.26069,-6.048422],[-36.261051,-6.048174],[-36.260842,-6.047365],[-36.257187,-6.046813],[-36.256778,-6.045576],[-36.256321,-6.044862],[-36.256121,-6.044767],[-36.255607,-6.045024],[-36.254722,-6.044567],[-36.254465,-6.0443],[-36.254436,-6.04391],[-36.254037,-6.043625],[-36.253285,-6.043853],[-36.252228,-6.043273],[-36.25082,-6.042968],[-36.250658,-6.043196],[-36.249749,-6.04329],[-36.249854,-6.044546]]}},{"type":"Feature","id":144,"properties":{"nome":"Riacho Capim-a_u","regime":"Intermitente","ordem":2,"largura":"10 - 50","dominialidade":"Estadual","fonte":"ANA (2021), MDE/Maxar(imagens do basemap/arcmap), Cartas topográficas"},"geometry":{"type":"LineString","coordinates":[[-36.249854,-6.044546],[-36.248426,-6.045422],[-36.246656,-6.045802],[-36.246456,-6.046107],[-36.246399,-6.047078],[-36.246104,-6.047544],[-36.245799,-6.047487],[-36.245219,-6.046944],[-36.244381,-6.045393],[-36.243058,-6.045679],[-36.241686,-6.045634],[-36.241098,-6.045859],[-36.240489,-6.045526],[-36.240117,-6.045745],[-36.238956,-6.045899],[-36.238613,-6.045764],[-36.238002,-6.046117],[-36.23652,-6.046231],[-36.235025,-6.047639],[-36.23375,-6.04802],[-36.233017,-6.048496],[-36.228249,-6.049562],[-36.226002,-6.051304]]}},{"type":"Feature","id":145,"properties":{"nome":"Riacho da Grota","regime":"Intermitente","ordem":3,"largura":"10 - 50","dominialidade":"Estadual","fonte":"ANA (2021), MDE/Maxar(imagens do basemap/arcmap), Cartas topográficas"},"geometry":{"type":"LineString","coordinates":[[-36.226002,-6.051304],[-36.224508,-6.051294],[-36.223052,-6.050171],[-36.222376,-6.049981],[-36.221481,-6.048686],[-36.220434,-6.046354],[-36.218702,-6.043699],[-36.21736,-6.041862],[-36.216361,-6.040881],[-36.215885,-6.039749],[-36.214101,-6.037976]]}},{"type":"Feature","id":146,"properties":{"regime":"Intermitente","ordem":1,"largura":"<=10","dominialidade":"Estadual","fonte":"ANA (2021), MDE/Maxar(imagens do basemap/arcmap), Cartas topográficas"},"geometry":{"type":"LineString","coordinates":[[-36.262571,-6.038321],[-36.261785,-6.039202],[-36.260477,-6.038321],[-36.259239,-6.038488],[-36.258145,-6.038964],[-36.256717,-6.038773],[-36.255242,-6.037964],[-36.254552,-6.038036],[-36.253386,-6.038869],[-36.252029,-6.037917],[-36.252196,-6.036989],[-36.251934,-6.036275],[-36.250483,-6.036323],[-36.25009,-6.036061],[-36.248817,-6.036001],[-36.247318,-6.034847],[-36.246247,-6.033503],[-36.246426,-6.033301],[-36.245795,-6.031694],[-36.244201,-6.030814],[-36.243904,-6.03104],[-36.243785,-6.03148],[-36.24275,-6.032194],[-36.24259,-6.03198],[-36.241762,-6.031861],[-36.240925,-6.032255],[-36.240477,-6.031659],[-36.239751,-6.031576],[-36.239192,-6.032004],[-36.238883,-6.031944],[-36.238609,-6.031418],[-36.237327,-6.031067],[-36.237027,-6.031457],[-36.236587,-6.031361],[-36.236266,-6.03173],[-36.234933,-6.032349],[-36.234767,-6.032622],[-36.234374,-6.032575],[-36.233279,-6.031849],[-36.232708,-6.031754],[-36.232363,-6.032147],[-36.232494,-6.033051],[-36.231959,-6.033063],[-36.231768,-6.033741],[-36.232613,-6.035026],[-36.232066,-6.035978],[-36.23159,-6.036049],[-36.230174,-6.035561],[-36.22883,-6.03638],[-36.227176,-6.035442],[-36.226331,-6.035371],[-36.225689,-6.035704],[-36.225558,-6.036394],[-36.225035,-6.037286],[-36.224594,-6.037619],[-36.220311,-6.03612],[-36.219871,-6.036406],[-36.219074,-6.037572],[-36.217504,-6.037952],[-36.216956,-6.03737],[-36.215172,-6.037798],[-36.214993,-6.037572],[-36.214636,-6.037584],[-36.214101,-6.037976]]}},{"type":"Feature","id":147,"properties":{"nome":"Riacho da Grota","regime":"Intermitente","ordem":3,"largura":"10 - 50","dominialidade":"Estadual","fonte":"ANA (2021), MDE/Maxar(imagens do basemap/arcmap), Cartas topográficas"},"geometry":{"type":"LineString","coordinates":[[-36.214101,-6.037976],[-36.213363,-6.038],[-36.212864,-6.038666],[-36.212292,-6.038857],[-36.211721,-6.038726],[-36.210151,-6.037715],[-36.20977,-6.036953],[-36.210115,-6.036108],[-36.209416,-6.034286],[-36.207515,-6.032283]]}},{"type":"Feature","id":148,"properties":{"nome":"Riacho do Tigre","regime":"Intermitente","ordem":1,"largura":"<=10","dominialidade":"Estadual","fonte":"ANA (2021), MDE/Maxar(imagens do basemap/arcmap), Cartas topográficas"},"geometry":{"type":"LineString","coordinates":[[-36.177671,-6.067646],[-36.177052,-6.06638],[-36.176872,-6.0648],[-36.176529,-6.06462],[-36.176025,-6.063401],[-36.176091,-6.062021],[-36.175844,-6.06067],[-36.175625,-6.060337],[-36.176129,-6.059613],[-36.176486,-6.058159],[-36.178659,-6.057711],[-36.179049,-6.057497],[-36.17908,-6.057215],[-36.179403,-6.056977],[-36.179993,-6.056767],[-36.181107,-6.057272],[-36.181631,-6.057062],[-36.182106,-6.055968],[-36.182487,-6.05572],[-36.183163,-6.054702],[-36.184153,-6.05454],[-36.184552,-6.054131],[-36.185209,-6.05277],[-36.187138,-6.051729],[-36.187608,-6.050562],[-36.188607,-6.050238],[-36.189035,-6.049534],[-36.18894,-6.049134],[-36.188188,-6.048211],[-36.187847,-6.047514],[-36.187817,-6.046964],[-36.188445,-6.045831],[-36.18698,-6.045517],[-36.186846,-6.044784],[-36.187141,-6.043956],[-36.188411,-6.044287],[-36.188774,-6.044126],[-36.190244,-6.041891],[-36.191405,-6.0419],[-36.191643,-6.041701],[-36.191767,-6.041358],[-36.191234,-6.040568],[-36.191244,-6.040178],[-36.191567,-6.040073],[-36.191853,-6.038141],[-36.192966,-6.037998],[-36.192376,-6.036951],[-36.193471,-6.036637],[-36.193842,-6.03718],[-36.194499,-6.037199],[-36.19491,-6.037791],[-36.194927,-6.038817],[-36.196317,-6.038893],[-36.196773,-6.038645],[-36.197145,-6.038065],[-36.198192,-6.03757],[-36.198401,-6.036723],[-36.19921,-6.036304],[-36.200086,-6.036361],[-36.200666,-6.036742],[-36.201342,-6.036129],[-36.202027,-6.036076],[-36.202227,-6.035685],[-36.202827,-6.035476],[-36.203483,-6.034762],[-36.204692,-6.034429],[-36.206177,-6.032925],[-36.207515,-6.032283]]}},{"type":"Feature","id":149,"properties":{"nome":"Riacho da Grota","regime":"Intermitente","ordem":3,"largura":"10 - 50","dominialidade":"Estadual","fonte":"ANA (2021), MDE/Maxar(imagens do basemap/arcmap), Cartas topográficas"},"geometry":{"type":"LineString","coordinates":[[-36.207515,-6.032283],[-36.206681,-6.030993],[-36.206329,-6.029937],[-36.206187,-6.028947],[-36.20631,-6.028299],[-36.205977,-6.025968],[-36.202294,-6.021913],[-36.201266,-6.020076],[-36.201209,-6.018905],[-36.200876,-6.018153],[-36.199895,-6.01744],[-36.198439,-6.016811],[-36.197954,-6.016431],[-36.197573,-6.015612]]}},{"type":"Feature","id":150,"properties":{"regime":"Intermitente","ordem":1,"largura":"<=10","dominialidade":"Estadual","fonte":"ANA (2021), MDE/Maxar(imagens do basemap/arcmap), Cartas topográficas"},"geometry":{"type":"LineString","coordinates":[[-36.176368,-6.03612],[-36.178547,-6.032414],[-36.179434,-6.030435],[-36.179445,-6.02955],[-36.179816,-6.029328],[-36.180151,-6.027123],[-36.180751,-6.026644],[-36.181793,-6.026345],[-36.182264,-6.025966],[-36.1823,-6.025702],[-36.181886,-6.025031],[-36.182164,-6.024353],[-36.18245,-6.02411],[-36.182864,-6.024182],[-36.184306,-6.025267],[-36.185212,-6.024981],[-36.18589,-6.024103],[-36.186611,-6.02436],[-36.187404,-6.02436],[-36.187597,-6.024103],[-36.187347,-6.023068],[-36.188003,-6.022882],[-36.188303,-6.022447],[-36.188282,-6.021983],[-36.186933,-6.019742],[-36.187604,-6.019699],[-36.188139,-6.018935],[-36.18841,-6.018935],[-36.188696,-6.019228],[-36.189295,-6.018992],[-36.190295,-6.019427],[-36.190909,-6.019285],[-36.191166,-6.019092],[-36.19103,-6.018699],[-36.191173,-6.018078],[-36.191858,-6.017215],[-36.192408,-6.016101],[-36.193484,-6.016024],[-36.194183,-6.015553],[-36.195508,-6.015507],[-36.196506,-6.015149],[-36.196259,-6.013794],[-36.196471,-6.012948]]}},{"type":"Feature","id":151,"properties":{"nome":"Riacho da Grota","regime":"Intermitente","ordem":3,"largura":"10 - 50","dominialidade":"Estadual","fonte":"ANA (2021), MDE/Maxar(imagens do basemap/arcmap), Cartas topográficas"},"geometry":{"type":"LineString","coordinates":[[-36.196471,-6.012948],[-36.196136,-6.012243],[-36.194299,-6.010368],[-36.1921,-6.00756],[-36.190225,-6.002401],[-36.188959,-6.001393],[-36.188255,-6.001573],[-36.187408,-6.001393],[-36.185554,-6.000581],[-36.183984,-5.999368],[-36.183246,-5.998202]]}},{"type":"Feature","id":152,"properties":{"regime":"Intermitente","ordem":1,"largura":"<=10","dominialidade":"Estadual","fonte":"ANA (2021), MDE/Maxar(imagens do basemap/arcmap), Cartas topográficas"},"geometry":{"type":"LineString","coordinates":[[-36.161194,-6.015975],[-36.161599,-6.016046],[-36.16198,-6.015868],[-36.162408,-6.01494],[-36.162896,-6.014547],[-36.163351,-6.014511],[-36.163345,-6.014201],[-36.163633,-6.014011],[-36.163975,-6.014103],[-36.16499,-6.013288],[-36.165941,-6.013079],[-36.167892,-6.010576],[-36.168418,-6.010545],[-36.169045,-6.010089],[-36.169606,-6.009995],[-36.170508,-6.009319],[-36.171544,-6.008879],[-36.170746,-6.007677],[-36.170532,-6.006877],[-36.170917,-6.005664],[-36.171445,-6.00455],[-36.172545,-6.004136],[-36.172659,-6.003779],[-36.174201,-6.002137],[-36.174319,-6.001719],[-36.173401,-6.00081],[-36.172934,-6.000629]]}},{"type":"Feature","id":153,"properties":{"regime":"Intermitente","ordem":1,"largura":"<=10","dominialidade":"Estadual","fonte":"ANA (2021), MDE/Maxar(imagens do basemap/arcmap), Cartas topográficas"},"geometry":{"type":"LineString","coordinates":[[-36.14907,-6.015205],[-36.149582,-6.014575],[-36.149272,-6.013611],[-36.149284,-6.012873],[-36.149035,-6.012766],[-36.148797,-6.012255],[-36.148285,-6.012064],[-36.148142,-6.011351],[-36.146726,-6.010339],[-36.146952,-6.009447],[-36.146703,-6.009209],[-36.146274,-6.006259],[-36.145608,-6.003344]]}},{"type":"Feature","id":154,"properties":{"nome":"Riacho Cachoeirinha","regime":"Intermitente","ordem":1,"largura":"<=10","dominialidade":"Estadual","fonte":"ANA (2021), MDE/Maxar(imagens do basemap/arcmap), Cartas topográficas"},"geometry":{"type":"LineString","coordinates":[[-36.203956,-6.1312],[-36.204089,-6.130562],[-36.203346,-6.13002],[-36.201243,-6.127326],[-36.200329,-6.126765],[-36.199368,-6.126964],[-36.198273,-6.12764],[-36.197959,-6.127535],[-36.197864,-6.127136],[-36.196551,-6.125699],[-36.196713,-6.124718],[-36.196408,-6.12389],[-36.196437,-6.122777],[-36.19518,-6.121958],[-36.194533,-6.121044],[-36.191868,-6.120093],[-36.191068,-6.120064],[-36.190278,-6.12035],[-36.189593,-6.119207],[-36.18985,-6.118608],[-36.189593,-6.118246],[-36.189203,-6.118094],[-36.18906,-6.118284],[-36.188898,-6.117751],[-36.186757,-6.116323],[-36.186909,-6.115857],[-36.186614,-6.114753],[-36.186367,-6.114467],[-36.185634,-6.114553],[-36.185177,-6.114344],[-36.184511,-6.112764],[-36.184901,-6.11225],[-36.18473,-6.111879],[-36.183968,-6.11048],[-36.18295,-6.110023],[-36.18254,-6.108138],[-36.182655,-6.107367],[-36.183035,-6.106606],[-36.182969,-6.105635],[-36.183378,-6.105035],[-36.182988,-6.103646],[-36.180316,-6.101738],[-36.179723,-6.102066],[-36.1788,-6.101923],[-36.178332,-6.101387],[-36.177128,-6.100631],[-36.175393,-6.100476],[-36.174917,-6.10001],[-36.175117,-6.098287],[-36.174888,-6.097735],[-36.174012,-6.096802],[-36.173927,-6.096355],[-36.175166,-6.095829],[-36.175231,-6.095565],[-36.174992,-6.095279]]}},{"type":"Feature","id":155,"properties":{"regime":"Intermitente","ordem":1,"largura":"<=10","dominialidade":"Estadual","fonte":"ANA (2021), MDE/Maxar(imagens do basemap/arcmap), Cartas topográficas"},"geometry":{"type":"LineString","coordinates":[[-36.211187,-6.110995],[-36.209521,-6.11087],[-36.20951,-6.109948],[-36.209236,-6.109639],[-36.208825,-6.109449],[-36.208361,-6.108872],[-36.206743,-6.108425],[-36.206732,-6.107872],[-36.206077,-6.10717],[-36.205833,-6.10582],[-36.202139,-6.103815],[-36.201776,-6.103018],[-36.201449,-6.102834],[-36.201485,-6.101912],[-36.201294,-6.101412],[-36.199076,-6.101376],[-36.198665,-6.10093],[-36.198302,-6.101001],[-36.198064,-6.101448],[-36.197803,-6.101507],[-36.195453,-6.101364],[-36.194775,-6.099931],[-36.194436,-6.098116],[-36.193696,-6.097408],[-36.193151,-6.097551],[-36.192193,-6.097468],[-36.192152,-6.09726],[-36.191729,-6.097099],[-36.191444,-6.097408],[-36.188707,-6.09682],[-36.187624,-6.098039],[-36.187137,-6.098212],[-36.18689,-6.099544],[-36.18603,-6.100264],[-36.184323,-6.099907],[-36.184085,-6.100216],[-36.182235,-6.099955],[-36.181753,-6.099604],[-36.181646,-6.09883],[-36.180998,-6.098765],[-36.180795,-6.099354],[-36.180236,-6.099372],[-36.179231,-6.099937],[-36.17816,-6.09933],[-36.177625,-6.099306],[-36.17731,-6.098949],[-36.17772,-6.097956],[-36.177087,-6.097659],[-36.176716,-6.096222],[-36.176011,-6.095736],[-36.17565,-6.095194],[-36.17525,-6.094984],[-36.174992,-6.095279]]}},{"type":"Feature","id":156,"properties":{"nome":"Riacho Cachoeirinha","regime":"Intermitente","ordem":2,"largura":"10 - 50","dominialidade":"Estadual","fonte":"ANA (2021), MDE/Maxar(imagens do basemap/arcmap), Cartas topográficas"},"geometry":{"type":"LineString","coordinates":[[-36.174992,-6.095279],[-36.174317,-6.09507],[-36.173384,-6.094423],[-36.172356,-6.092662],[-36.17287,-6.091901],[-36.172608,-6.091166],[-36.17208,-6.091101],[-36.172324,-6.091251],[-36.172023,-6.091311],[-36.170634,-6.090007],[-36.169977,-6.089921],[-36.169606,-6.090625],[-36.168464,-6.090042],[-36.167055,-6.090939],[-36.166484,-6.090435],[-36.165998,-6.090387],[-36.164104,-6.088988],[-36.162781,-6.089007],[-36.162382,-6.088484],[-36.161744,-6.088094],[-36.160821,-6.088122],[-36.159022,-6.086847],[-36.157727,-6.086247],[-36.157185,-6.086238],[-36.156633,-6.085628],[-36.15511,-6.08481],[-36.154882,-6.084125],[-36.155224,-6.083772],[-36.155034,-6.081907],[-36.153949,-6.081536],[-36.153511,-6.08165],[-36.151588,-6.080194],[-36.150027,-6.078595],[-36.149218,-6.077472],[-36.149142,-6.076234],[-36.148305,-6.075625],[-36.148467,-6.074445],[-36.148762,-6.073769],[-36.148647,-6.073398],[-36.148038,-6.072779],[-36.148114,-6.072484],[-36.1486,-6.072456],[-36.149152,-6.071913],[-36.149632,-6.068919],[-36.147848,-6.068001],[-36.14721,-6.066726]]}},{"type":"Feature","id":157,"properties":{"regime":"Intermitente","ordem":1,"largura":"<=10","dominialidade":"Estadual","fonte":"ANA (2021), MDE/Maxar(imagens do basemap/arcmap), Cartas topográficas"},"geometry":{"type":"LineString","coordinates":[[-36.19653,-6.07808],[-36.19575,-6.07883],[-36.19515,-6.079085],[-36.194578,-6.080168],[-36.194007,-6.080144],[-36.193722,-6.080317],[-36.193175,-6.081596],[-36.192728,-6.081971],[-36.192372,-6.08222],[-36.192187,-6.082006],[-36.191354,-6.082006],[-36.190397,-6.082429],[-36.188564,-6.083797],[-36.187036,-6.083434],[-36.186679,-6.082881],[-36.186708,-6.082214],[-36.185727,-6.082476],[-36.185162,-6.082339],[-36.184168,-6.082762],[-36.183359,-6.082649],[-36.183151,-6.083113],[-36.182491,-6.083053],[-36.181372,-6.085141],[-36.181135,-6.085147],[-36.180534,-6.084469],[-36.180337,-6.084475],[-36.180291,-6.084914],[-36.179832,-6.085397],[-36.179394,-6.085114],[-36.178624,-6.085153],[-36.177892,-6.085813],[-36.17581,-6.084106],[-36.174567,-6.084332],[-36.174079,-6.083737],[-36.173788,-6.083827],[-36.173633,-6.084195],[-36.17405,-6.084445],[-36.173984,-6.085314],[-36.17336,-6.08554],[-36.173169,-6.086349],[-36.172794,-6.086492],[-36.172592,-6.086242],[-36.17142,-6.085813],[-36.171194,-6.086004],[-36.170463,-6.085522],[-36.170189,-6.085088],[-36.170445,-6.084451],[-36.169999,-6.08388],[-36.16963,-6.082815],[-36.169106,-6.08244],[-36.169124,-6.082131],[-36.168529,-6.080947],[-36.168166,-6.08093],[-36.167643,-6.080168],[-36.167238,-6.079419],[-36.166847,-6.07801],[-36.166305,-6.077634],[-36.165924,-6.078062],[-36.165537,-6.077801],[-36.16593,-6.075873],[-36.165846,-6.075076],[-36.166102,-6.074898],[-36.165311,-6.074023],[-36.1648,-6.074035],[-36.164823,-6.07388],[-36.164437,-6.073631],[-36.164454,-6.073107],[-36.163561,-6.072166],[-36.161825,-6.071733],[-36.161141,-6.072958],[-36.160261,-6.073987],[-36.159773,-6.073987],[-36.159511,-6.074184],[-36.158892,-6.07391],[-36.159107,-6.073119],[-36.158714,-6.072435],[-36.158262,-6.072191],[-36.158161,-6.071198],[-36.155537,-6.070311],[-36.155032,-6.07049],[-36.152236,-6.067908],[-36.149934,-6.066861],[-36.148381,-6.066583],[-36.14721,-6.066726]]}},{"type":"Feature","id":158,"properties":{"nome":"Riacho Cachoeirinha","regime":"Intermitente","ordem":2,"largura":"10 - 50","dominialidade":"Estadual","fonte":"ANA (2021), MDE/Maxar(imagens do basemap/arcmap), Cartas topográficas"},"geometry":{"type":"LineString","coordinates":[[-36.14721,-6.066726],[-36.145939,-6.065313],[-36.145183,-6.064899],[-36.143175,-6.062424],[-36.142489,-6.061053],[-36.139225,-6.059968],[-36.138882,-6.059102],[-36.139206,-6.058512],[-36.139272,-6.057208],[-36.137978,-6.055257],[-36.136664,-6.05501],[-36.134409,-6.055162],[-36.133514,-6.054743],[-36.133381,-6.05422],[-36.133571,-6.054058],[-36.133971,-6.054162],[-36.134428,-6.053544],[-36.134618,-6.052592],[-36.133999,-6.052354],[-36.132981,-6.050384],[-36.1336,-6.048775],[-36.133533,-6.048537],[-36.131687,-6.046396],[-36.131506,-6.044711],[-36.132667,-6.041266],[-36.132305,-6.040266],[-36.131353,-6.039581],[-36.130801,-6.038448],[-36.129774,-6.037278],[-36.127803,-6.036716],[-36.127356,-6.036117],[-36.125338,-6.034746],[-36.123891,-6.034242],[-36.12373,-6.033851],[-36.120808,-6.032671],[-36.120046,-6.032043],[-36.119486,-6.030672]]}},{"type":"Feature","id":159,"properties":{"regime":"Intermitente","ordem":1,"largura":"<=10","dominialidade":"Estadual","fonte":"ANA (2021), MDE/Maxar(imagens do basemap/arcmap), Cartas topográficas"},"geometry":{"type":"LineString","coordinates":[[-36.163609,-6.10309],[-36.163539,-6.102701],[-36.163263,-6.102215],[-36.162911,-6.102044],[-36.162825,-6.101673],[-36.162597,-6.101682],[-36.161435,-6.100702],[-36.160055,-6.099179],[-36.160027,-6.098656],[-36.159246,-6.097561],[-36.158704,-6.097114],[-36.157857,-6.096971],[-36.157086,-6.096362],[-36.157343,-6.095743],[-36.157248,-6.09541],[-36.156543,-6.095686],[-36.15483,-6.094249],[-36.15523,-6.093868],[-36.15285,-6.092954],[-36.152898,-6.092431],[-36.152641,-6.091993],[-36.151975,-6.091498],[-36.151746,-6.091517],[-36.151394,-6.091993],[-36.150804,-6.092145],[-36.148241,-6.092443],[-36.148099,-6.093061],[-36.147527,-6.093169],[-36.14729,-6.092538],[-36.146695,-6.092574],[-36.146492,-6.092157],[-36.146588,-6.091515],[-36.147376,-6.090437],[-36.14723,-6.089968],[-36.146302,-6.089599],[-36.146076,-6.088886],[-36.14673,-6.088636],[-36.147075,-6.088017],[-36.147028,-6.087077],[-36.14673,-6.086221],[-36.146207,-6.085471],[-36.145541,-6.085007],[-36.145207,-6.084507],[-36.144351,-6.084055],[-36.14347,-6.082961],[-36.142852,-6.081545],[-36.141852,-6.080581],[-36.139806,-6.079106],[-36.138807,-6.079011],[-36.1382,-6.078214],[-36.138248,-6.077904],[-36.137486,-6.077381],[-36.136011,-6.077357],[-36.135011,-6.07681],[-36.134702,-6.076298],[-36.13469,-6.075311],[-36.134036,-6.074978],[-36.133643,-6.07405],[-36.132037,-6.072693],[-36.132085,-6.071932],[-36.130895,-6.070254],[-36.129967,-6.069862],[-36.128349,-6.070183],[-36.126874,-6.069957],[-36.126493,-6.069707],[-36.125589,-6.06847],[-36.125268,-6.066638],[-36.123186,-6.065329],[-36.121353,-6.063889],[-36.120723,-6.063152],[-36.120259,-6.062985],[-36.119783,-6.061724],[-36.118558,-6.061058],[-36.118522,-6.060629],[-36.119319,-6.059868]]}},{"type":"Feature","id":160,"properties":{"regime":"Intermitente","ordem":1,"largura":"<=10","dominialidade":"Estadual","fonte":"ANA (2021), MDE/Maxar(imagens do basemap/arcmap), Cartas topográficas"},"geometry":{"type":"LineString","coordinates":[[-36.132322,-6.089788],[-36.131565,-6.089403],[-36.129366,-6.086861],[-36.128538,-6.086961],[-36.128053,-6.086619],[-36.127896,-6.085505],[-36.127482,-6.084805],[-36.126782,-6.084563],[-36.127125,-6.083235],[-36.126625,-6.082364],[-36.126025,-6.082193],[-36.125854,-6.080722],[-36.124541,-6.07978],[-36.123941,-6.078652],[-36.12327,-6.078295],[-36.121771,-6.076211],[-36.121571,-6.075383],[-36.121771,-6.074655],[-36.119758,-6.072113],[-36.11873,-6.071999],[-36.117974,-6.071641],[-36.117934,-6.070911],[-36.117317,-6.071128],[-36.117288,-6.070172],[-36.117631,-6.069529],[-36.117459,-6.069187],[-36.116546,-6.069287],[-36.115089,-6.067488],[-36.114476,-6.067845],[-36.113776,-6.066831],[-36.113662,-6.066131],[-36.114233,-6.065503],[-36.114176,-6.065175],[-36.113291,-6.065475],[-36.113319,-6.065032],[-36.112648,-6.063819],[-36.112734,-6.063062],[-36.112534,-6.062819],[-36.112705,-6.062691],[-36.11252,-6.062063],[-36.113705,-6.061092],[-36.115989,-6.060978],[-36.116346,-6.059636],[-36.116631,-6.059279],[-36.117237,-6.059071],[-36.118605,-6.059226],[-36.119319,-6.059868]]}},{"type":"Feature","id":161,"properties":{"regime":"Intermitente","ordem":2,"largura":"10 - 50","dominialidade":"Estadual","fonte":"ANA (2021), MDE/Maxar(imagens do basemap/arcmap), Cartas topográficas"},"geometry":{"type":"LineString","coordinates":[[-36.119319,-6.059868],[-36.119866,-6.059951],[-36.119902,-6.058773],[-36.120366,-6.057929],[-36.120354,-6.056727],[-36.121341,-6.053848],[-36.121282,-6.053372],[-36.120235,-6.052016],[-36.119961,-6.051028],[-36.121389,-6.049113],[-36.121675,-6.047412],[-36.121579,-6.047126],[-36.120806,-6.047197],[-36.119604,-6.046091],[-36.119474,-6.04508],[-36.119236,-6.044651],[-36.117951,-6.044306],[-36.117225,-6.043783],[-36.117011,-6.041737],[-36.116416,-6.040832],[-36.11569,-6.04063],[-36.115655,-6.03944],[-36.116249,-6.035883],[-36.11939,-6.032944],[-36.119319,-6.032659],[-36.118772,-6.032564],[-36.119111,-6.03197],[-36.119069,-6.031231],[-36.119486,-6.030672]]}},{"type":"Feature","id":162,"properties":{"nome":"Riacho Cachoeirinha","regime":"Intermitente","ordem":3,"largura":"10 - 50","dominialidade":"Estadual","fonte":"ANA (2021), MDE/Maxar(imagens do basemap/arcmap), Cartas topográficas"},"geometry":{"type":"LineString","coordinates":[[-36.119486,-6.030672],[-36.119331,-6.029851],[-36.118867,-6.029197],[-36.116023,-6.025877],[-36.115869,-6.025378],[-36.115916,-6.024295],[-36.115619,-6.023914],[-36.115488,-6.021749],[-36.114596,-6.019869],[-36.113263,-6.018668],[-36.113477,-6.017882],[-36.111586,-6.016324],[-36.111609,-6.015479],[-36.112062,-6.014289],[-36.111479,-6.011232],[-36.111693,-6.008971],[-36.110408,-6.008139],[-36.109611,-6.007901],[-36.108588,-6.00708],[-36.107517,-6.005783],[-36.107553,-6.005366],[-36.107029,-6.004546],[-36.106767,-6.003665],[-36.108256,-6.001089],[-36.107326,-5.998311]]}},{"type":"Feature","id":163,"properties":{"nome":"Riacho Jacu","regime":"Intermitente","ordem":1,"largura":"<=10","dominialidade":"Estadual","fonte":"ANA (2021), MDE/Maxar(imagens do basemap/arcmap), Cartas topográficas"},"geometry":{"type":"LineString","coordinates":[[-36.107742,-6.097219],[-36.106557,-6.096605],[-36.105029,-6.09482],[-36.103773,-6.09432],[-36.103159,-6.094363],[-36.102531,-6.093635],[-36.101703,-6.093535],[-36.100518,-6.093078],[-36.100246,-6.091879],[-36.100275,-6.09078],[-36.099832,-6.089181],[-36.100989,-6.087539],[-36.100903,-6.087068],[-36.100632,-6.086868],[-36.101146,-6.086611],[-36.100513,-6.085213],[-36.099713,-6.084557],[-36.099214,-6.083572],[-36.098657,-6.083686],[-36.098172,-6.083429],[-36.097415,-6.082387],[-36.095873,-6.081087],[-36.09553,-6.080416],[-36.094788,-6.079974],[-36.094731,-6.079588],[-36.094031,-6.07916],[-36.093703,-6.078132],[-36.092347,-6.076947],[-36.089434,-6.076819],[-36.089034,-6.076462],[-36.087521,-6.076119],[-36.08735,-6.075448],[-36.08705,-6.075105],[-36.085865,-6.074215],[-36.085708,-6.073878],[-36.084609,-6.073164],[-36.084637,-6.072678],[-36.086008,-6.07155],[-36.08625,-6.071022],[-36.085479,-6.070937],[-36.081539,-6.067639],[-36.081125,-6.066953],[-36.080197,-6.067025],[-36.079555,-6.066696],[-36.079039,-6.066092],[-36.07807,-6.065626],[-36.077727,-6.065154],[-36.075914,-6.064141],[-36.075414,-6.063427],[-36.074758,-6.060986],[-36.074386,-6.060443],[-36.073501,-6.060186],[-36.071388,-6.059001],[-36.070575,-6.058287],[-36.070146,-6.05676],[-36.069418,-6.056246],[-36.06919,-6.055889],[-36.069275,-6.055318],[-36.068519,-6.054218],[-36.066134,-6.052448],[-36.065335,-6.052548],[-36.064664,-6.052277],[-36.064464,-6.051863],[-36.064621,-6.051349],[-36.064535,-6.050821],[-36.064236,-6.050421],[-36.062922,-6.04985],[-36.062565,-6.04945],[-36.06248,-6.04885],[-36.062151,-6.048693],[-36.061209,-6.04875],[-36.061023,-6.048408],[-36.061066,-6.04788],[-36.060367,-6.046638],[-36.06138,-6.044767],[-36.062936,-6.043625],[-36.063579,-6.043754],[-36.06445,-6.043482],[-36.065035,-6.042769],[-36.065349,-6.041669],[-36.066035,-6.041355],[-36.066134,-6.041098],[-36.06602,-6.040156],[-36.065035,-6.039613],[-36.065007,-6.039271],[-36.064578,-6.039028],[-36.064564,-6.038685],[-36.065306,-6.037829],[-36.063712,-6.036417],[-36.063455,-6.03596],[-36.064069,-6.034946],[-36.064283,-6.033875],[-36.064497,-6.03339],[-36.065582,-6.032933],[-36.066196,-6.033147],[-36.067338,-6.033147],[-36.068466,-6.031348],[-36.068324,-6.029849],[-36.068638,-6.028407],[-36.070008,-6.027251]]}},{"type":"Feature","id":164,"properties":{"regime":"Intermitente","ordem":1,"largura":"<=10","dominialidade":"Estadual","fonte":"ANA (2021), MDE/Maxar(imagens do basemap/arcmap), Cartas topográficas"},"geometry":{"type":"LineString","coordinates":[[-36.096762,-6.068349],[-36.095705,-6.067307],[-36.094221,-6.066964],[-36.091865,-6.065337],[-36.091665,-6.063995],[-36.092693,-6.064123],[-36.093136,-6.063738],[-36.092261,-6.062621],[-36.091243,-6.060689],[-36.090681,-6.059994],[-36.088701,-6.058548],[-36.087407,-6.057139],[-36.086607,-6.056844],[-36.085237,-6.055426],[-36.084532,-6.055112],[-36.081125,-6.050724],[-36.08005,-6.049734],[-36.079897,-6.049068],[-36.080583,-6.047783],[-36.081116,-6.047335],[-36.081677,-6.047155],[-36.081829,-6.046669],[-36.081639,-6.046022],[-36.081953,-6.045441],[-36.08162,-6.044994],[-36.08181,-6.043585],[-36.081458,-6.043052],[-36.080801,-6.042748],[-36.080468,-6.04231],[-36.07964,-6.042006],[-36.079412,-6.041653],[-36.078565,-6.041587],[-36.077708,-6.040692],[-36.077232,-6.039835],[-36.07688,-6.038255],[-36.076566,-6.037903],[-36.076385,-6.037218],[-36.07393,-6.0358],[-36.072578,-6.033611],[-36.071959,-6.031603],[-36.070674,-6.030584],[-36.070427,-6.03008],[-36.070408,-6.029242],[-36.070113,-6.028976],[-36.06997,-6.028033],[-36.070008,-6.027251]]}},{"type":"Feature","id":165,"properties":{"nome":"Riacho Jacu","regime":"Intermitente","ordem":2,"largura":"<=10","dominialidade":"Estadual","fonte":"ANA (2021), MDE/Maxar(imagens do basemap/arcmap), Cartas topográficas"},"geometry":{"type":"LineString","coordinates":[[-36.070008,-6.027251],[-36.070708,-6.025995],[-36.072307,-6.022083],[-36.072378,-6.021297],[-36.071008,-6.020341],[-36.069751,-6.01987],[-36.06918,-6.019242],[-36.06898,-6.016972],[-36.070108,-6.016186],[-36.072745,-6.015367],[-36.072963,-6.015478],[-36.073449,-6.01533],[-36.073416,-6.01454],[-36.073939,-6.013421],[-36.07426,-6.011199],[-36.072155,-6.009638],[-36.071512,-6.007568],[-36.07175,-6.006426],[-36.072202,-6.006521],[-36.073059,-6.005688],[-36.074058,-6.00645],[-36.074867,-6.00476],[-36.075272,-6.003261],[-36.077794,-6.001048],[-36.07827,-5.999882],[-36.078103,-5.999287]]}},{"type":"Feature","id":166,"properties":{"nome":"Riacho Jacar_","regime":"Intermitente","ordem":1,"largura":"<=10","dominialidade":"Estadual","fonte":"ANA (2021), MDE/Maxar(imagens do basemap/arcmap), Cartas topográficas"},"geometry":{"type":"LineString","coordinates":[[-36.097275,-6.057607],[-36.097789,-6.057051],[-36.097382,-6.055851],[-36.097568,-6.055387],[-36.098253,-6.054902],[-36.098881,-6.053674],[-36.099574,-6.053389],[-36.100709,-6.052211],[-36.101301,-6.051997],[-36.100751,-6.051054],[-36.101094,-6.050233],[-36.100958,-6.049984],[-36.099809,-6.049398],[-36.099716,-6.049127],[-36.100009,-6.04897],[-36.099481,-6.04857],[-36.098588,-6.04685],[-36.098903,-6.046671],[-36.099309,-6.045322],[-36.099681,-6.045222],[-36.09988,-6.044851],[-36.099966,-6.043074],[-36.099509,-6.042374],[-36.098667,-6.042003],[-36.098674,-6.040925],[-36.099324,-6.039569],[-36.099731,-6.039162],[-36.100137,-6.039433],[-36.10103,-6.039262],[-36.101223,-6.038955],[-36.101044,-6.038377],[-36.101265,-6.038041],[-36.102315,-6.037663],[-36.102764,-6.037184],[-36.104021,-6.036613],[-36.104228,-6.036142],[-36.105698,-6.031195],[-36.105456,-6.029946],[-36.105904,-6.029712],[-36.105149,-6.028754],[-36.105127,-6.026805],[-36.10443,-6.026114],[-36.104021,-6.026056],[-36.103657,-6.024864],[-36.104256,-6.024457],[-36.105827,-6.023957],[-36.105877,-6.023743],[-36.106284,-6.023564],[-36.106305,-6.023293],[-36.105962,-6.022772],[-36.105042,-6.022251],[-36.104185,-6.020866],[-36.104156,-6.019467],[-36.104606,-6.018211],[-36.104428,-6.017654],[-36.103899,-6.017625],[-36.103742,-6.01714],[-36.102936,-6.016826],[-36.1023,-6.015919],[-36.102115,-6.015063],[-36.101587,-6.01432],[-36.101487,-6.013621],[-36.101037,-6.013257],[-36.101158,-6.012714],[-36.101037,-6.01235],[-36.100059,-6.011522],[-36.098931,-6.011393],[-36.098945,-6.010487],[-36.097889,-6.010194],[-36.097518,-6.00958],[-36.096647,-6.009152],[-36.095512,-6.008952],[-36.095012,-6.00836],[-36.094748,-6.007674],[-36.092328,-6.005733],[-36.091229,-6.005233],[-36.090986,-6.004583],[-36.089794,-6.003506],[-36.089623,-6.002963],[-36.089843,-6.002576],[-36.089408,-6.00257],[-36.089301,-6.002178],[-36.088566,-6.001978],[-36.088623,-6.001521],[-36.088431,-6.001393],[-36.086596,-6.001578],[-36.084968,-6.001485],[-36.084711,-6.001671],[-36.083874,-6.001548],[-36.083726,-6.00125]]}},{"type":"Feature","id":167,"properties":{"regime":"Intermitente","ordem":1,"largura":"<=10","dominialidade":"Estadual","fonte":"ANA (2021), MDE/Maxar(imagens do basemap/arcmap), Cartas topográficas"},"geometry":{"type":"LineString","coordinates":[[-36.095267,-6.045623],[-36.095067,-6.045194],[-36.095488,-6.044545],[-36.095403,-6.043895],[-36.095181,-6.043531],[-36.094653,-6.043367],[-36.094353,-6.042682],[-36.094025,-6.04241],[-36.094046,-6.042082],[-36.093711,-6.042003],[-36.093268,-6.04134],[-36.093254,-6.040733],[-36.093018,-6.040433],[-36.092747,-6.040462],[-36.092533,-6.040083],[-36.092562,-6.038199],[-36.091891,-6.036971],[-36.091712,-6.036792],[-36.091112,-6.03675],[-36.090156,-6.035722],[-36.089856,-6.034958],[-36.088871,-6.034223],[-36.088741,-6.033536],[-36.088118,-6.033355],[-36.087761,-6.032475],[-36.086423,-6.03168],[-36.086733,-6.031138],[-36.086766,-6.030757],[-36.086547,-6.030471],[-36.086095,-6.030533],[-36.085695,-6.029948],[-36.084934,-6.029834],[-36.084277,-6.028734],[-36.083164,-6.028801],[-36.081541,-6.026974],[-36.081902,-6.02654],[-36.082305,-6.02689],[-36.082509,-6.026827],[-36.082569,-6.025649],[-36.083027,-6.025292],[-36.08314,-6.024924],[-36.082589,-6.024469],[-36.082539,-6.024077],[-36.082696,-6.02287],[-36.083253,-6.022078],[-36.083196,-6.021735],[-36.082696,-6.021343],[-36.082275,-6.021442],[-36.082275,-6.020372],[-36.082782,-6.019529],[-36.083281,-6.019208],[-36.083595,-6.018266],[-36.08326,-6.017452],[-36.083581,-6.017002],[-36.08361,-6.016581],[-36.083281,-6.016082],[-36.083574,-6.01586],[-36.083438,-6.015568],[-36.083574,-6.014654],[-36.084188,-6.013912],[-36.084274,-6.013362],[-36.085637,-6.013783],[-36.086294,-6.013783],[-36.086494,-6.013348],[-36.086051,-6.01237],[-36.086222,-6.009072],[-36.086308,-6.008793],[-36.087015,-6.008586],[-36.087257,-6.007987],[-36.086986,-6.007116],[-36.085816,-6.007408],[-36.084952,-6.007216],[-36.084923,-6.006687],[-36.085116,-6.006559],[-36.084716,-6.005017],[-36.082139,-6.002669],[-36.082161,-6.00214],[-36.08293,-6.001949],[-36.083726,-6.00125]]}},{"type":"Feature","id":168,"properties":{"nome":"Riacho Jacar_","regime":"Intermitente","ordem":2,"largura":"<=10","dominialidade":"Estadual","fonte":"ANA (2021), MDE/Maxar(imagens do basemap/arcmap), Cartas topográficas"},"geometry":{"type":"LineString","coordinates":[[-36.083726,-6.00125],[-36.083105,-5.999251]]}},{"type":"Feature","id":169,"properties":{"nome":"Riacho da Gamelaira","regime":"Intermitente","ordem":1,"largura":"<=10","dominialidade":"Estadual","fonte":"ANA (2021), MDE/Maxar(imagens do basemap/arcmap), Cartas topográficas"},"geometry":{"type":"LineString","coordinates":[[-36.096333,-6.097754],[-36.095608,-6.095514],[-36.095358,-6.0953],[-36.094727,-6.09524],[-36.093656,-6.09555],[-36.092859,-6.09524],[-36.092169,-6.09474],[-36.090161,-6.091559],[-36.08914,-6.090931],[-36.08874,-6.09101],[-36.087556,-6.089553],[-36.086806,-6.087847],[-36.085885,-6.086955],[-36.085614,-6.086241],[-36.083986,-6.084599],[-36.083508,-6.084664],[-36.083287,-6.083486],[-36.082808,-6.082979],[-36.082494,-6.082251],[-36.081831,-6.082058],[-36.080103,-6.083022],[-36.079489,-6.082551],[-36.079653,-6.082051],[-36.078718,-6.08108],[-36.078659,-6.080144],[-36.078418,-6.079602],[-36.078204,-6.079517],[-36.077804,-6.079767],[-36.077433,-6.080545],[-36.076934,-6.080737],[-36.075606,-6.080038],[-36.075399,-6.079588],[-36.074835,-6.080031],[-36.074221,-6.080944],[-36.07335,-6.080966],[-36.072222,-6.083643],[-36.070323,-6.084245],[-36.069917,-6.084035],[-36.068931,-6.084985],[-36.068596,-6.084635],[-36.067682,-6.084328],[-36.067261,-6.083236],[-36.067004,-6.083172],[-36.065976,-6.084435],[-36.065298,-6.084407],[-36.064306,-6.08355],[-36.063956,-6.082915],[-36.064377,-6.082401],[-36.063578,-6.082294],[-36.062892,-6.082729],[-36.061836,-6.082729],[-36.061572,-6.08193],[-36.060808,-6.081394],[-36.06023,-6.080552],[-36.05933,-6.080366],[-36.059045,-6.080687],[-36.057788,-6.081209],[-36.057631,-6.081573],[-36.05796,-6.082079],[-36.05791,-6.082329],[-36.057446,-6.082907],[-36.056968,-6.082993],[-36.056496,-6.083793],[-36.056175,-6.083764],[-36.056189,-6.083493],[-36.055904,-6.083143],[-36.055069,-6.082722],[-36.054812,-6.083214],[-36.054469,-6.083364],[-36.052991,-6.083636],[-36.050771,-6.083621],[-36.049408,-6.081294],[-36.049222,-6.080595],[-36.049429,-6.079774],[-36.049358,-6.078903],[-36.049572,-6.078425],[-36.049993,-6.078268],[-36.0504,-6.077454],[-36.050307,-6.076526],[-36.04813,-6.073899],[-36.047045,-6.072257],[-36.04691,-6.070422],[-36.046374,-6.069266],[-36.045974,-6.068773],[-36.045489,-6.068552],[-36.044975,-6.067653],[-36.044019,-6.066982],[-36.044176,-6.064019],[-36.045039,-6.062449],[-36.045089,-6.062013],[-36.04339,-6.06045],[-36.04334,-6.059993],[-36.043826,-6.059865],[-36.043933,-6.058823],[-36.043486,-6.057972],[-36.043201,-6.055331],[-36.043401,-6.054275],[-36.043229,-6.053432]]}},{"type":"Feature","id":170,"properties":{"regime":"Intermitente","ordem":2,"largura":"<=10","dominialidade":"Estadual","fonte":"ANA (2021), MDE/Maxar(imagens do basemap/arcmap), Cartas topográficas"},"geometry":{"type":"LineString","coordinates":[[-36.026005,-6.056838],[-36.027087,-6.055741],[-36.02851,-6.05703],[-36.028867,-6.056973],[-36.029481,-6.057401],[-36.031549,-6.057276],[-36.03401,-6.058615],[-36.035098,-6.058365],[-36.036056,-6.058465],[-36.036263,-6.059506],[-36.037133,-6.060285],[-36.038175,-6.060471],[-36.039332,-6.060999],[-36.040688,-6.060499],[-36.040959,-6.060057],[-36.041159,-6.058815],[-36.041687,-6.058287],[-36.041687,-6.057972],[-36.042415,-6.057516],[-36.042615,-6.056402],[-36.042615,-6.055917],[-36.042373,-6.055474],[-36.042615,-6.053718],[-36.042458,-6.052362]]}},{"type":"Feature","id":171,"properties":{"nome":"Riacho da Gamelaira","regime":"Intermitente","ordem":2,"largura":"<=10","dominialidade":"Estadual","fonte":"ANA (2021), MDE/Maxar(imagens do basemap/arcmap), Cartas topográficas"},"geometry":{"type":"LineString","coordinates":[[-36.042458,-6.052362],[-36.042287,-6.051919],[-36.039646,-6.049878],[-36.039317,-6.049164],[-36.039018,-6.048022],[-36.039403,-6.044824],[-36.039617,-6.04431],[-36.040119,-6.04402],[-36.04163,-6.041778],[-36.041971,-6.041012],[-36.042963,-6.040412],[-36.043948,-6.040334],[-36.043463,-6.03937],[-36.043449,-6.038827],[-36.043741,-6.038592],[-36.043433,-6.037989],[-36.044176,-6.036626],[-36.046877,-6.035877],[-36.047722,-6.035008],[-36.048501,-6.033789],[-36.048465,-6.033432],[-36.047585,-6.032474],[-36.047472,-6.032099],[-36.048096,-6.031207],[-36.048192,-6.03016],[-36.047983,-6.028994],[-36.049298,-6.027424],[-36.0505,-6.02643],[-36.050973,-6.025503],[-36.051672,-6.02527],[-36.052659,-6.025818],[-36.053361,-6.025859],[-36.053908,-6.025663],[-36.055116,-6.023736],[-36.056335,-6.022415],[-36.056508,-6.021689],[-36.055259,-6.019161],[-36.055235,-6.018287],[-36.05649,-6.017775],[-36.057103,-6.016853],[-36.057686,-6.014801],[-36.058203,-6.0142],[-36.058988,-6.011624],[-36.06016,-6.010155],[-36.060678,-6.008501],[-36.060844,-6.007799],[-36.059869,-6.006574],[-36.059904,-6.005574],[-36.059583,-6.004611],[-36.060505,-6.002053],[-36.060595,-6.001273],[-36.061118,-6.000423],[-36.0611,-5.999727],[-36.060803,-5.999257]]}},{"type":"Feature","id":172,"properties":{"regime":"Intermitente","ordem":2,"largura":"10 - 50","dominialidade":"Estadual","fonte":"ANA (2021), MDE/Maxar(imagens do basemap/arcmap), Cartas topográficas"},"geometry":{"type":"LineString","coordinates":[[-36.047453,-6.005665],[-36.048317,-6.004294],[-36.048417,-6.003773],[-36.048967,-6.003345],[-36.048703,-6.001974],[-36.047817,-6.000604],[-36.048082,-6.000175],[-36.0486,-5.999854]]}},{"type":"Feature","id":173,"properties":{"regime":"Intermitente","ordem":1,"largura":"<=10","dominialidade":"Estadual","fonte":"ANA (2021), MDE/Maxar(imagens do basemap/arcmap), Cartas topográficas"},"geometry":{"type":"LineString","coordinates":[[-36.033709,-6.031742],[-36.033055,-6.028577],[-36.032377,-6.027732],[-36.031675,-6.027459],[-36.031675,-6.026959],[-36.031021,-6.026543],[-36.031068,-6.025662],[-36.030723,-6.025377],[-36.029831,-6.025282],[-36.030188,-6.024306],[-36.02995,-6.023878],[-36.028974,-6.02289],[-36.027939,-6.022283],[-36.027083,-6.021177],[-36.027321,-6.020344],[-36.027325,-6.019049],[-36.027939,-6.018702],[-36.027939,-6.018143],[-36.027618,-6.017751],[-36.025227,-6.016501],[-36.024739,-6.015657],[-36.023573,-6.015086],[-36.022681,-6.015157],[-36.02186,-6.014883],[-36.020828,-6.014203],[-36.020313,-6.013515],[-36.018981,-6.013087],[-36.018076,-6.012195],[-36.017446,-6.012004],[-36.017136,-6.011576],[-36.017017,-6.010196],[-36.016066,-6.009208],[-36.012853,-6.007876],[-36.012413,-6.007376],[-36.012096,-6.00619],[-36.01045,-6.004319],[-36.010451,-6.003615],[-36.010224,-6.003938],[-36.010212,-6.003557],[-36.01045,-6.003319],[-36.010748,-6.003224],[-36.011771,-6.003664],[-36.012163,-6.003593],[-36.011878,-6.002903],[-36.013674,-6.000737],[-36.014263,-6.001227],[-36.014686,-6.001261],[-36.015078,-6.000797],[-36.014376,-5.999548]]}},{"type":"Feature","id":174,"properties":{"nome":"Riacho do Formigueiro","regime":"Intermitente","ordem":1,"largura":"<=10","dominialidade":"Estadual","fonte":"ANA (2021), MDE/Maxar(imagens do basemap/arcmap), Cartas topográficas"},"geometry":{"type":"LineString","coordinates":[[-36.011372,-6.049265],[-36.009926,-6.04838],[-36.008994,-6.048216],[-36.007626,-6.047162],[-36.006213,-6.041918],[-36.005827,-6.041527],[-36.001765,-6.0385],[-36.000407,-6.037849],[-36.000071,-6.037878]]}},{"type":"Feature","id":175,"properties":{"nome":"Riacho do Ronca","regime":"Intermitente","ordem":1,"largura":"<=10","dominialidade":"Estadual","fonte":"ANA (2021), MDE/Maxar(imagens do basemap/arcmap), Cartas topográficas"},"geometry":{"type":"LineString","coordinates":[[-36.019569,-6.051249],[-36.018522,-6.051268],[-36.017666,-6.050002],[-36.017808,-6.049184],[-36.017294,-6.048394],[-36.01718,-6.047861],[-36.016771,-6.047585],[-36.016961,-6.047128],[-36.016581,-6.046376],[-36.016698,-6.045753],[-36.016524,-6.044891],[-36.014258,-6.040856],[-36.013687,-6.039466],[-36.01303,-6.038525],[-36.012517,-6.036863],[-36.010775,-6.034821],[-36.010699,-6.034041],[-36.009385,-6.031509],[-36.008814,-6.031319],[-36.008776,-6.030957],[-36.0083,-6.030671],[-36.008167,-6.030234],[-36.007805,-6.030024],[-36.007227,-6.028666],[-36.00672,-6.028692],[-36.006244,-6.027702],[-36.005597,-6.027188],[-36.005254,-6.026312],[-36.004721,-6.026217],[-36.004626,-6.025874],[-36.003903,-6.025075],[-36.003517,-6.024038],[-36.000819,-6.021768],[-36.000748,-6.020911],[-35.998487,-6.018345]]}},{"type":"Feature","id":176,"properties":{"regime":"Intermitente","ordem":1,"largura":"<=10","dominialidade":"Estadual","fonte":"ANA (2021), MDE/Maxar(imagens do basemap/arcmap), Cartas topográficas"},"geometry":{"type":"LineString","coordinates":[[-36.018917,-6.077349],[-36.018503,-6.077835],[-36.017147,-6.078477],[-36.016376,-6.079748],[-36.016205,-6.08069],[-36.012735,-6.080547],[-36.011579,-6.080033],[-36.010109,-6.078934],[-36.01008,-6.076079],[-36.009409,-6.075764],[-36.009186,-6.074884]]}},{"type":"Feature","id":177,"properties":{"regime":"Intermitente","ordem":1,"largura":"<=10","dominialidade":"Estadual","fonte":"ANA (2021), MDE/Maxar(imagens do basemap/arcmap), Cartas topográficas"},"geometry":{"type":"LineString","coordinates":[[-36.03883,-6.008906],[-36.040329,-6.008563],[-36.040672,-6.008149],[-36.042813,-6.006914],[-36.042916,-6.00666],[-36.044855,-6.006393],[-36.044969,-6.005822],[-36.045669,-6.005836],[-36.04634,-6.005601],[-36.047453,-6.005665]]}},{"type":"Feature","id":178,"properties":{"nome":"Riacho da Gamelaira","regime":"Intermitente","ordem":1,"largura":"<=10","dominialidade":"Estadual","fonte":"ANA (2021), MDE/Maxar(imagens do basemap/arcmap), Cartas topográficas"},"geometry":{"type":"LineString","coordinates":[[-36.043229,-6.053432],[-36.042859,-6.052459],[-36.042419,-6.052259]]}},{"type":"Feature","id":179,"properties":{"nome":"Riacho do Ronca","regime":"Intermitente","ordem":1,"largura":"<=10","dominialidade":"Estadual","fonte":"ANA (2021), MDE/Maxar(imagens do basemap/arcmap), Cartas topográficas"},"geometry":{"type":"LineString","coordinates":[[-36.01599,-6.054632],[-36.017418,-6.053965],[-36.017551,-6.053604],[-36.019235,-6.0525]]}},{"type":"Feature","id":180,"properties":{"regime":"Intermitente","ordem":1,"largura":"<=10","dominialidade":"Estadual","fonte":"ANA (2021), MDE/Maxar(imagens do basemap/arcmap), Cartas topográficas"},"geometry":{"type":"LineString","coordinates":[[-36.019235,-6.0525],[-36.020263,-6.053699],[-36.021476,-6.054556],[-36.021533,-6.054855],[-36.023189,-6.05497],[-36.023917,-6.05604],[-36.024274,-6.056283],[-36.026005,-6.056838]]}},{"type":"Feature","id":181,"properties":{"regime":"Intermitente","ordem":1,"largura":"<=10","dominialidade":"Estadual","fonte":"ANA (2021), MDE/Maxar(imagens do basemap/arcmap), Cartas topográficas"},"geometry":{"type":"LineString","coordinates":[[-36.009186,-6.074884],[-36.008957,-6.074599],[-36.008381,-6.074399],[-36.007763,-6.073204],[-36.007549,-6.07318],[-36.00668,-6.072179],[-36.006004,-6.071875],[-36.005709,-6.071494],[-36.003406,-6.07099],[-36.001266,-6.0689],[-36.000671,-6.068734],[-35.999339,-6.067639]]}},{"type":"Feature","id":182,"properties":{"regime":"Intermitente","ordem":1,"largura":"<=10","dominialidade":"Estadual","fonte":"ANA (2021), MDE/Maxar(imagens do basemap/arcmap), Cartas topográficas"},"geometry":{"type":"LineString","coordinates":[[-36.158398,-6.012945],[-36.155614,-6.008138],[-36.153615,-6.007448],[-36.15283,-6.006687],[-36.151902,-6.006187],[-36.150641,-6.004165],[-36.148594,-6.003284],[-36.146691,-6.00307],[-36.145608,-6.003344]]}},{"type":"Feature","id":183,"properties":{"nome":"Riacho Olho-d'_gua","regime":"Intermitente","ordem":2,"largura":"<=10","dominialidade":"Estadual","fonte":"ANA (2021), MDE/Maxar(imagens do basemap/arcmap), Cartas topográficas"},"geometry":{"type":"LineString","coordinates":[[-36.231325,-6.004804],[-36.231491,-6.003793],[-36.231265,-6.00202],[-36.231432,-6.001651],[-36.232038,-6.001485],[-36.232229,-6.001068],[-36.231574,-6.00058],[-36.230599,-6.000449],[-36.230259,-6.000039]]}},{"type":"Feature","id":184,"properties":{"nome":"Riacho Olho-d'_gua","regime":"Intermitente","ordem":1,"largura":"<=10","dominialidade":"Estadual","fonte":"ANA (2021), MDE/Maxar(imagens do basemap/arcmap), Cartas topográficas"},"geometry":{"type":"LineString","coordinates":[[-36.238903,-6.019086],[-36.237833,-6.017331],[-36.237841,-6.016627],[-36.237297,-6.015368],[-36.236316,-6.014863],[-36.236167,-6.013792],[-36.23471,-6.013078],[-36.234501,-6.012156],[-36.231825,-6.011145],[-36.232092,-6.010252],[-36.230843,-6.009628],[-36.230456,-6.008795],[-36.230754,-6.008111],[-36.230516,-6.007575],[-36.229832,-6.007248],[-36.229856,-6.006846],[-36.230053,-6.006727],[-36.230612,-6.005025],[-36.231325,-6.004804]]}},{"type":"Feature","id":185,"properties":{"regime":"Intermitente","ordem":1,"largura":"<=10","dominialidade":"Estadual","fonte":"ANA (2021), MDE/Maxar(imagens do basemap/arcmap), Cartas topográficas"},"geometry":{"type":"LineString","coordinates":[[-36.004204,-5.914842],[-36.003633,-5.914604],[-36.002273,-5.915015]]}},{"type":"Feature","id":186,"properties":{"regime":"Intermitente","ordem":2,"largura":"10 -50","dominialidade":"Estadual","fonte":"ANA (2021), MDE/Maxar(imagens do basemap/arcmap), Cartas topográficas"},"geometry":{"type":"LineString","coordinates":[[-36.324849,-5.925858],[-36.322231,-5.926346],[-36.32166,-5.927714],[-36.321874,-5.928523],[-36.322636,-5.929082],[-36.322541,-5.929963],[-36.322719,-5.930688],[-36.32354,-5.931652],[-36.323611,-5.932057],[-36.322486,-5.933457],[-36.321939,-5.934718],[-36.321606,-5.93473],[-36.320713,-5.93335],[-36.32003,-5.933154],[-36.319645,-5.932812],[-36.318803,-5.931527],[-36.318517,-5.931384],[-36.317461,-5.932012],[-36.316575,-5.932141],[-36.316376,-5.932341],[-36.31639,-5.932655],[-36.317518,-5.933768],[-36.317618,-5.934254]]}},{"type":"Feature","id":187,"properties":{"regime":"Intermitente","ordem":1,"largura":"<=10","dominialidade":"Estadual","fonte":"ANA (2021), MDE/Maxar(imagens do basemap/arcmap), Cartas topográficas"},"geometry":{"type":"LineString","coordinates":[[-36.337973,-5.980289],[-36.338187,-5.980599],[-36.338115,-5.981408],[-36.337402,-5.984525],[-36.336593,-5.984668],[-36.335569,-5.985834],[-36.334451,-5.985619],[-36.334023,-5.986262],[-36.331286,-5.986405],[-36.330876,-5.986127],[-36.329676,-5.985963],[-36.328859,-5.985619],[-36.32786,-5.984644],[-36.327679,-5.984235],[-36.325124,-5.981884],[-36.323244,-5.981646],[-36.322554,-5.981408],[-36.321719,-5.980798],[-36.321459,-5.981079],[-36.321059,-5.981002],[-36.319917,-5.980355],[-36.319213,-5.980355],[-36.318661,-5.980584],[-36.318246,-5.98012],[-36.317005,-5.980032],[-36.316034,-5.97967],[-36.315577,-5.979156],[-36.315349,-5.978204],[-36.316491,-5.975691],[-36.317519,-5.974663],[-36.31788,-5.973997],[-36.31769,-5.973445],[-36.316852,-5.972741],[-36.315158,-5.970514],[-36.315606,-5.969326]]}},{"type":"Feature","id":188,"properties":{"nome":"Riacho Gameleira","regime":"Intermitente","ordem":3,"largura":"10 - 50","dominialidade":"Estadual","fonte":"ANA (2021), MDE/Maxar(imagens do basemap/arcmap), Cartas topográficas"},"geometry":{"type":"LineString","coordinates":[[-36.215264,-5.977027],[-36.215793,-5.977456],[-36.216114,-5.978807],[-36.21715,-5.980345],[-36.217437,-5.983059]]}},{"type":"Feature","id":189,"properties":{"nome":"Riacho Gameleira","regime":"Intermitente","ordem":3,"largura":"10 - 50","dominialidade":"Estadual","fonte":"ANA (2021), MDE/Maxar(imagens do basemap/arcmap), Cartas topográficas"},"geometry":{"type":"LineString","coordinates":[[-36.205927,-5.961865],[-36.206855,-5.961994],[-36.207698,-5.962908],[-36.207455,-5.964307],[-36.208055,-5.966734],[-36.20792,-5.968668],[-36.209733,-5.970005],[-36.210182,-5.970165],[-36.210676,-5.969674],[-36.210973,-5.969768],[-36.211732,-5.97071],[-36.211023,-5.971795],[-36.210989,-5.97254],[-36.212173,-5.972463],[-36.212407,-5.972773],[-36.212723,-5.974343],[-36.213851,-5.975286],[-36.214215,-5.975312],[-36.214336,-5.976371],[-36.21495,-5.976628],[-36.215264,-5.977027]]}},{"type":"Feature","id":190,"properties":{"nome":"Riacho Condessa","regime":"Intermitente","ordem":2,"largura":"<=10","dominialidade":"Estadual","fonte":"ANA (2021), MDE/Maxar(imagens do basemap/arcmap), Cartas topográficas"},"geometry":{"type":"LineString","coordinates":[[-36.351906,-5.982617],[-36.352098,-5.98311],[-36.351718,-5.984385],[-36.350155,-5.986625],[-36.34942,-5.987189],[-36.34977,-5.989787],[-36.349484,-5.99225],[-36.350612,-5.994591],[-36.35032,-5.99502],[-36.349884,-5.995234],[-36.348685,-5.995277],[-36.3471,-5.996605]]}},{"type":"Feature","id":191,"properties":{"nome":"Riacho da Casinha","regime":"Intermitente","ordem":2,"largura":"10 - 50","dominialidade":"Estadual","fonte":"ANA (2021), MDE/Maxar(imagens do basemap/arcmap), Cartas topográficas"},"geometry":{"type":"LineString","coordinates":[[-36.29853,-5.867719],[-36.297431,-5.868033],[-36.296745,-5.867148],[-36.296831,-5.866606],[-36.296674,-5.866263],[-36.296288,-5.865835],[-36.294418,-5.864635]]}},{"type":"Feature","id":192,"properties":{"nome":"Riacho Gameleira","regime":"Intermitente","ordem":2,"largura":"<=10","dominialidade":"Estadual","fonte":"ANA (2021), MDE/Maxar(imagens do basemap/arcmap), Cartas topográficas"},"geometry":{"type":"LineString","coordinates":[[-36.173756,-5.911807],[-36.174069,-5.912561],[-36.174854,-5.913263],[-36.175758,-5.913691],[-36.176139,-5.914024],[-36.176258,-5.914464],[-36.175972,-5.915844],[-36.175409,-5.916402],[-36.175142,-5.917335],[-36.174371,-5.918134],[-36.174695,-5.918658],[-36.175104,-5.918715],[-36.176037,-5.920047],[-36.17626,-5.921394],[-36.177017,-5.922793],[-36.177652,-5.92349],[-36.17993,-5.924635]]}},{"type":"Feature","id":193,"properties":{"regime":"Intermitente","ordem":1,"largura":"<=10","dominialidade":"Estadual","fonte":"ANA (2021), MDE/Maxar(imagens do basemap/arcmap), Cartas topográficas"},"geometry":{"type":"LineString","coordinates":[[-36.330602,-5.908366],[-36.327475,-5.908195],[-36.326947,-5.908381],[-36.326304,-5.90918],[-36.325391,-5.909851],[-36.324263,-5.910165],[-36.324077,-5.910051],[-36.323192,-5.910408],[-36.321873,-5.910427],[-36.321079,-5.911207],[-36.320437,-5.911507],[-36.319994,-5.911479],[-36.319225,-5.90999],[-36.317893,-5.909133],[-36.317524,-5.907063],[-36.317691,-5.906409],[-36.31706,-5.904958],[-36.317512,-5.90328],[-36.317215,-5.902459],[-36.315323,-5.902804],[-36.314788,-5.90209],[-36.313872,-5.901888],[-36.312967,-5.900936],[-36.312503,-5.899913],[-36.311647,-5.899794],[-36.310838,-5.898949]]}},{"type":"Feature","id":194,"properties":{"nome":"Riacho da Casinha","regime":"Intermitente","ordem":3,"largura":"10 - 50","dominialidade":"Estadual","fonte":"ANA (2021), MDE/Maxar(imagens do basemap/arcmap), Cartas topográficas"},"geometry":{"type":"LineString","coordinates":[[-36.294418,-5.864635],[-36.293447,-5.864336],[-36.291591,-5.862879],[-36.291112,-5.86277],[-36.290605,-5.862352],[-36.290463,-5.861837],[-36.287751,-5.861238],[-36.286509,-5.861223],[-36.285181,-5.860367],[-36.284651,-5.859793]]}},{"type":"Feature","id":195,"properties":{"regime":"Intermitente","ordem":2,"largura":"10 - 50","dominialidade":"Estadual","fonte":"ANA (2021), MDE/Maxar(imagens do basemap/arcmap), Cartas topográficas"},"geometry":{"type":"LineString","coordinates":[[-36.317618,-5.934254],[-36.317518,-5.934568],[-36.31679,-5.935039],[-36.315676,-5.935496],[-36.314977,-5.934511],[-36.313392,-5.93424],[-36.312573,-5.934633],[-36.311363,-5.934855],[-36.309109,-5.935918],[-36.30848,-5.937112],[-36.308081,-5.937441],[-36.307349,-5.937111],[-36.305639,-5.937241],[-36.304797,-5.938026],[-36.303926,-5.939596],[-36.303798,-5.941538],[-36.302789,-5.943967]]}},{"type":"Feature","id":196,"properties":{"regime":"Intermitente","ordem":2,"largura":"10 - 50","dominialidade":"Estadual","fonte":"ANA (2021), MDE/Maxar(imagens do basemap/arcmap), Cartas topográficas"},"geometry":{"type":"LineString","coordinates":[[-36.342321,-5.993937],[-36.340212,-5.996427],[-36.339656,-5.997727]]}},{"type":"Feature","id":197,"properties":{"regime":"Intermitente","ordem":2,"largura":"10 - 50","dominialidade":"Estadual","fonte":"ANA (2021), MDE/Maxar(imagens do basemap/arcmap), Cartas topográficas"},"geometry":{"type":"LineString","coordinates":[[-36.308292,-5.999556],[-36.308126,-5.999271],[-36.308233,-5.998533],[-36.3079,-5.996879],[-36.307912,-5.995821],[-36.307531,-5.99494],[-36.307793,-5.994274],[-36.306408,-5.992141]]}},{"type":"Feature","id":198,"properties":{"regime":"Intermitente","ordem":2,"largura":"10 - 50","dominialidade":"Estadual","fonte":"ANA (2021), MDE/Maxar(imagens do basemap/arcmap), Cartas topográficas"},"geometry":{"type":"LineString","coordinates":[[-36.306408,-5.992141],[-36.306318,-5.991606],[-36.306497,-5.991219]]}},{"type":"Feature","id":199,"properties":{"nome":"Riacho da Grota","regime":"Intermitente","ordem":3,"largura":"10 - 50","dominialidade":"Estadual","fonte":"ANA (2021), MDE/Maxar(imagens do basemap/arcmap), Cartas topográficas"},"geometry":{"type":"LineString","coordinates":[[-36.197573,-6.015612],[-36.196471,-6.012948]]}},{"type":"Feature","id":200,"properties":{"regime":"Intermitente","ordem":2,"largura":"10 - 50","dominialidade":"Estadual","fonte":"ANA (2021), MDE/Maxar(imagens do basemap/arcmap), Cartas topográficas"},"geometry":{"type":"LineString","coordinates":[[-36.145608,-6.003344],[-36.144597,-6.002011],[-36.144073,-6.000357],[-36.144026,-5.999501]]}},{"type":"Feature","id":201,"properties":{"nome":"Rio Potengi","regime":"Intermitente","ordem":4,"largura":"10 - 50","dominialidade":"Estadual","fonte":"ANA (2021), MDE/Maxar(imagens do basemap/arcmap), Cartas topográficas"},"geometry":{"type":"LineString","coordinates":[[-36.143003,-5.981839],[-36.141215,-5.981419],[-36.138095,-5.98182]]}},{"type":"Feature","id":202,"properties":{"nome":"Riacho Cachoeirinha","regime":"Intermitente","ordem":3,"largura":"10 - 50","dominialidade":"Estadual","fonte":"ANA (2021), MDE/Maxar(imagens do basemap/arcmap), Cartas topográficas"},"geometry":{"type":"LineString","coordinates":[[-36.107326,-5.998311],[-36.107052,-5.99725],[-36.107271,-5.996508],[-36.10904,-5.995302],[-36.108855,-5.994252],[-36.108474,-5.993515],[-36.107927,-5.993039]]}},{"type":"Feature","id":203,"properties":{"nome":"Riacho Fechado","regime":"Intermitente","ordem":1,"largura":"<=10","dominialidade":"Estadual","fonte":"ANA (2021), MDE/Maxar(imagens do basemap/arcmap), Cartas topográficas"},"geometry":{"type":"LineString","coordinates":[[-36.137426,-5.865373],[-36.13616,-5.866053],[-36.135715,-5.866645],[-36.133927,-5.867905],[-36.133564,-5.86891],[-36.132327,-5.869957],[-36.132099,-5.870223],[-36.132184,-5.87042],[-36.131609,-5.870768],[-36.131332,-5.870671],[-36.130604,-5.872084],[-36.129662,-5.871799],[-36.129443,-5.87232],[-36.128361,-5.872977],[-36.128395,-5.8731]]}},{"type":"Feature","id":204,"properties":{"nome":"Riacho Fechado","regime":"Intermitente","ordem":2,"largura":"<=10","dominialidade":"Estadual","fonte":"ANA (2021), MDE/Maxar(imagens do basemap/arcmap), Cartas topográficas"},"geometry":{"type":"LineString","coordinates":[[-36.111714,-5.90965],[-36.112384,-5.911547],[-36.112369,-5.913092],[-36.113326,-5.913749],[-36.114182,-5.913806],[-36.114868,-5.914805],[-36.114554,-5.915548],[-36.114725,-5.915919],[-36.116546,-5.916943],[-36.116595,-5.917632],[-36.118051,-5.917475],[-36.119224,-5.919214],[-36.119636,-5.921544],[-36.119151,-5.922743],[-36.119265,-5.923228],[-36.119836,-5.924056],[-36.120706,-5.924794],[-36.12109,-5.927961],[-36.121733,-5.928603],[-36.121817,-5.929064],[-36.121759,-5.930383],[-36.121152,-5.931311]]}},{"type":"Feature","id":205,"properties":{"regime":"Intermitente","ordem":2,"largura":"<=10","dominialidade":"Estadual","fonte":"ANA (2021), MDE/Maxar(imagens do basemap/arcmap), Cartas topográficas"},"geometry":{"type":"LineString","coordinates":[[-36.132554,-5.916391],[-36.131611,-5.916192],[-36.131212,-5.916648],[-36.131711,-5.917055],[-36.132047,-5.917633],[-36.132004,-5.917876],[-36.132989,-5.919332],[-36.133139,-5.919839],[-36.132704,-5.920353],[-36.132918,-5.92091],[-36.132541,-5.921288],[-36.129984,-5.921973],[-36.1299,-5.922222],[-36.131116,-5.922884],[-36.131559,-5.92356],[-36.131245,-5.923715],[-36.130801,-5.9234],[-36.130644,-5.923528],[-36.130814,-5.924489],[-36.130315,-5.925027],[-36.130087,-5.92517],[-36.129933,-5.925003],[-36.129373,-5.925042],[-36.127885,-5.926346],[-36.126061,-5.927269],[-36.125761,-5.92754],[-36.125732,-5.927826],[-36.125975,-5.928468],[-36.125218,-5.928896],[-36.124733,-5.929696],[-36.122835,-5.930365],[-36.121826,-5.931143],[-36.121152,-5.931311]]}},{"type":"Feature","id":206,"properties":{"nome":"Riacho da Carna0ba","regime":"Intermitente","ordem":2,"largura":"<=10","dominialidade":"Estadual","fonte":"ANA (2021), MDE/Maxar(imagens do basemap/arcmap), Cartas topográficas"},"geometry":{"type":"LineString","coordinates":[[-36.095249,-5.91758],[-36.09349,-5.91855],[-36.092712,-5.919568]]}},{"type":"Feature","id":207,"properties":{"nome":"Riacho da Carna0ba","regime":"Intermitente","ordem":2,"largura":"<=10","dominialidade":"Estadual","fonte":"ANA (2021), MDE/Maxar(imagens do basemap/arcmap), Cartas topográficas"},"geometry":{"type":"LineString","coordinates":[[-36.092712,-5.919568],[-36.092546,-5.920187],[-36.092808,-5.920925],[-36.092593,-5.922257],[-36.091856,-5.924113],[-36.091903,-5.926231],[-36.091475,-5.927034],[-36.090642,-5.927087],[-36.089572,-5.927516],[-36.088453,-5.927563]]}},{"type":"Feature","id":208,"properties":{"nome":"Riacho da Carna0ba","regime":"Intermitente","ordem":2,"largura":"<=10","dominialidade":"Estadual","fonte":"ANA (2021), MDE/Maxar(imagens do basemap/arcmap), Cartas topográficas"},"geometry":{"type":"LineString","coordinates":[[-36.088453,-5.927563],[-36.088144,-5.927849],[-36.088187,-5.929018],[-36.087406,-5.929729],[-36.087501,-5.930323],[-36.088501,-5.931275],[-36.089246,-5.932643],[-36.089362,-5.933646],[-36.089027,-5.93579],[-36.088368,-5.937017],[-36.088672,-5.93919],[-36.089527,-5.939527],[-36.091772,-5.938501],[-36.09236,-5.93875],[-36.092706,-5.940185],[-36.093174,-5.940403],[-36.093271,-5.94108],[-36.09367,-5.941802],[-36.093636,-5.942651],[-36.093299,-5.943974],[-36.092893,-5.944476],[-36.089098,-5.947192],[-36.088512,-5.947829],[-36.088815,-5.949315],[-36.090166,-5.94998],[-36.090361,-5.951147],[-36.090025,-5.952031],[-36.08818,-5.95224],[-36.087384,-5.953258],[-36.08756,-5.953928],[-36.089667,-5.956317],[-36.089821,-5.957023],[-36.089566,-5.957641],[-36.088111,-5.958683],[-36.088029,-5.959107],[-36.088823,-5.961119],[-36.08879,-5.961947],[-36.087151,-5.964659],[-36.086259,-5.965552],[-36.08464,-5.967942],[-36.084293,-5.969148]]}},{"type":"Feature","id":209,"properties":{"nome":"Rio Potengi","regime":"Intermitente","ordem":4,"largura":"50 - 200","dominialidade":"Estadual","fonte":"ANA (2021), MDE/Maxar(imagens do basemap/arcmap), Cartas topográficas"},"geometry":{"type":"LineString","coordinates":[[-36.07143,-5.968897],[-36.070859,-5.96923],[-36.071025,-5.970277],[-36.07005,-5.971514],[-36.067766,-5.97318],[-36.064886,-5.974465],[-36.064744,-5.976392]]}},{"type":"Feature","id":210,"properties":{"regime":"Intermitente","ordem":1,"largura":"<=10","dominialidade":"Estadual","fonte":"ANA (2021), MDE/Maxar(imagens do basemap/arcmap), Cartas topográficas"},"geometry":{"type":"LineString","coordinates":[[-36.021985,-6.060242],[-36.022652,-6.0591],[-36.022575,-6.05852],[-36.022756,-6.05811],[-36.023327,-6.057635],[-36.023346,-6.057216],[-36.024146,-6.056768],[-36.025583,-6.057397],[-36.026005,-6.056838]]}},{"type":"Feature","id":211,"properties":{"nome":"Riacho do Ronca","regime":"Intermitente","ordem":1,"largura":"<=10","dominialidade":"Estadual","fonte":"ANA (2021), MDE/Maxar(imagens do basemap/arcmap), Cartas topográficas"},"geometry":{"type":"LineString","coordinates":[[-36.019235,-6.0525],[-36.01915,-6.05191],[-36.019569,-6.051249]]}},{"type":"Feature","id":212,"properties":{"nome":"Rio Potengi","regime":"Intermitente","ordem":4,"largura":"50 - 200","dominialidade":"Estadual","fonte":"ANA (2021), MDE/Maxar(imagens do basemap/arcmap), Cartas topográficas"},"geometry":{"type":"LineString","coordinates":[[-36.053545,-5.97888],[-36.049753,-5.9787]]}},{"type":"Feature","id":213,"properties":{"nome":"Riacho Canapum","regime":"Intermitente","ordem":1,"largura":"<=10","dominialidade":"Estadual","fonte":"ANA (2021), MDE/Maxar(imagens do basemap/arcmap), Cartas topográficas"},"geometry":{"type":"LineString","coordinates":[[-36.07865,-5.90419],[-36.078079,-5.904704],[-36.076732,-5.908049],[-36.076438,-5.909715],[-36.075782,-5.911055],[-36.075824,-5.912484],[-36.07541,-5.913198],[-36.075795,-5.913498],[-36.075452,-5.913798],[-36.07541,-5.914469],[-36.074496,-5.916011],[-36.074781,-5.917024],[-36.074482,-5.919323],[-36.074539,-5.921593],[-36.075081,-5.92235],[-36.075452,-5.924263],[-36.077423,-5.925847],[-36.077665,-5.926561],[-36.077324,-5.927722],[-36.077037,-5.927975],[-36.076115,-5.927946],[-36.074267,-5.928332],[-36.074166,-5.928785],[-36.073782,-5.929203],[-36.072626,-5.930131],[-36.070984,-5.930744],[-36.070855,-5.931087],[-36.069713,-5.932058],[-36.068479,-5.932355],[-36.066598,-5.93231],[-36.065659,-5.931894],[-36.065337,-5.931382],[-36.064838,-5.931227],[-36.064029,-5.931489],[-36.063684,-5.932096],[-36.062994,-5.932524],[-36.063041,-5.932941],[-36.062422,-5.933012],[-36.061019,-5.933785],[-36.057987,-5.934551]]}},{"type":"Feature","id":214,"properties":{"nome":"Riacho Canapum","regime":"Intermitente","ordem":2,"largura":"<=10","dominialidade":"Estadual","fonte":"ANA (2021), MDE/Maxar(imagens do basemap/arcmap), Cartas topográficas"},"geometry":{"type":"LineString","coordinates":[[-36.057987,-5.934551],[-36.057628,-5.934916],[-36.05758,-5.93532],[-36.058413,-5.936093],[-36.058779,-5.936744],[-36.059026,-5.938746],[-36.058473,-5.940543],[-36.05902,-5.942863],[-36.058603,-5.943458],[-36.058901,-5.944017],[-36.060643,-5.945724],[-36.061066,-5.946504]]}},{"type":"Feature","id":215,"properties":{"nome":"Riacho Canapum","regime":"Intermitente","ordem":2,"largura":"10 - 50","dominialidade":"Estadual","fonte":"ANA (2021), MDE/Maxar(imagens do basemap/arcmap), Cartas topográficas"},"geometry":{"type":"LineString","coordinates":[[-36.039461,-5.961081],[-36.038821,-5.96198],[-36.037984,-5.962666]]}},{"type":"Feature","id":216,"properties":{"regime":"Intermitente","ordem":1,"largura":"<=10","dominialidade":"Estadual","fonte":"ANA (2021), MDE/Maxar(imagens do basemap/arcmap), Cartas topográficas"},"geometry":{"type":"LineString","coordinates":[[-36.045911,-6.007785],[-36.047439,-6.006136],[-36.047453,-6.005665]]}},{"type":"Feature","id":217,"properties":{"nome":"Riacho do Boqueir_o","regime":"Intermitente","ordem":1,"largura":"<=10","dominialidade":"Estadual","fonte":"ANA (2021), MDE/Maxar(imagens do basemap/arcmap), Cartas topográficas"},"geometry":{"type":"LineString","coordinates":[[-36.108623,-5.83911],[-36.10837,-5.840358],[-36.108609,-5.841009],[-36.10824,-5.843475],[-36.107027,-5.844879],[-36.106955,-5.845569],[-36.105842,-5.847758],[-36.104725,-5.847933],[-36.103139,-5.849547],[-36.102741,-5.849293],[-36.102149,-5.849471],[-36.101635,-5.84909],[-36.101732,-5.848536],[-36.101504,-5.848233],[-36.100757,-5.847993],[-36.099793,-5.848136],[-36.099455,-5.846783],[-36.098865,-5.846494],[-36.098544,-5.846601],[-36.098348,-5.847206],[-36.097212,-5.84781],[-36.096799,-5.848234],[-36.095915,-5.848191],[-36.095025,-5.849884],[-36.093785,-5.850166],[-36.092536,-5.850213],[-36.091763,-5.850047],[-36.09062,-5.850368],[-36.090156,-5.851689],[-36.089502,-5.852545],[-36.088217,-5.853081],[-36.087408,-5.854389]]}},{"type":"Feature","id":218,"properties":{"nome":"Riacho do Boqueir_o","regime":"Intermitente","ordem":2,"largura":"<=10","dominialidade":"Estadual","fonte":"ANA (2021), MDE/Maxar(imagens do basemap/arcmap), Cartas topográficas"},"geometry":{"type":"LineString","coordinates":[[-36.087408,-5.854389],[-36.08673,-5.854235],[-36.086373,-5.853319],[-36.086254,-5.852355],[-36.085957,-5.852111],[-36.085421,-5.852093],[-36.085029,-5.852866],[-36.08391,-5.85201],[-36.08322,-5.85063],[-36.082566,-5.850439]]}},{"type":"Feature","id":219,"properties":{"nome":"Riacho do Boqueir_o","regime":"Intermitente","ordem":2,"largura":"<=10","dominialidade":"Estadual","fonte":"ANA (2021), MDE/Maxar(imagens do basemap/arcmap), Cartas topográficas"},"geometry":{"type":"LineString","coordinates":[[-36.046643,-5.876562],[-36.045528,-5.877469],[-36.042552,-5.87741],[-36.040882,-5.878006],[-36.039583,-5.878747],[-36.036249,-5.881494],[-36.033625,-5.885277]]}},{"type":"Feature","id":220,"properties":{"nome":"Riacho do Boqueir_o","regime":"Intermitente","ordem":2,"largura":"<=10","dominialidade":"Estadual","fonte":"ANA (2021), MDE/Maxar(imagens do basemap/arcmap), Cartas topográficas"},"geometry":{"type":"LineString","coordinates":[[-36.059655,-5.867499],[-36.058882,-5.867273],[-36.057801,-5.867442],[-36.057597,-5.867725],[-36.056395,-5.868141],[-36.055622,-5.868736],[-36.055848,-5.870128],[-36.055111,-5.871163],[-36.053697,-5.871308],[-36.052339,-5.872217],[-36.052874,-5.874264],[-36.052578,-5.87491],[-36.051447,-5.87581],[-36.05035,-5.876341],[-36.046643,-5.876562]]}},{"type":"Feature","id":221,"properties":{"nome":"Riacho do Boqueir_o","regime":"Intermitente","ordem":3,"largura":"<=10","dominialidade":"Estadual","fonte":"ANA (2021), MDE/Maxar(imagens do basemap/arcmap), Cartas topográficas"},"geometry":{"type":"LineString","coordinates":[[-36.033625,-5.885277],[-36.032925,-5.88722],[-36.033079,-5.888373]]}},{"type":"Feature","id":222,"properties":{"regime":"Intermitente","ordem":1,"largura":"<=10","dominialidade":"Estadual","fonte":"ANA (2021), MDE/Maxar(imagens do basemap/arcmap), Cartas topográficas"},"geometry":{"type":"LineString","coordinates":[[-36.014795,-5.836023],[-36.015823,-5.836651],[-36.016165,-5.837279],[-36.017897,-5.838364],[-36.018811,-5.839335],[-36.019382,-5.839545]]}},{"type":"Feature","id":223,"properties":{"regime":"Intermitente","ordem":2,"largura":"<=10","dominialidade":"Estadual","fonte":"ANA (2021), MDE/Maxar(imagens do basemap/arcmap), Cartas topográficas"},"geometry":{"type":"LineString","coordinates":[[-36.019382,-5.839545],[-36.020053,-5.839633],[-36.020291,-5.840382],[-36.020723,-5.840554],[-36.021106,-5.841001],[-36.021207,-5.841727],[-36.022385,-5.842417],[-36.023527,-5.84407],[-36.024872,-5.844891],[-36.025252,-5.846033],[-36.026192,-5.847342],[-36.027763,-5.848948],[-36.028024,-5.849638],[-36.028964,-5.850079],[-36.029369,-5.851078],[-36.029345,-5.851554],[-36.030035,-5.852268],[-36.030582,-5.85335],[-36.031272,-5.856039],[-36.030511,-5.857681],[-36.028445,-5.86054]]}},{"type":"Feature","id":224,"properties":{"regime":"Intermitente","ordem":2,"largura":"<=10","dominialidade":"Estadual","fonte":"ANA (2021), MDE/Maxar(imagens do basemap/arcmap), Cartas topográficas"},"geometry":{"type":"LineString","coordinates":[[-36.028445,-5.86054],[-36.028278,-5.860749],[-36.028215,-5.862691],[-36.028588,-5.864617],[-36.028428,-5.865806]]}},{"type":"Feature","id":225,"properties":{"regime":"Intermitente","ordem":2,"largura":"10 - 50","dominialidade":"Estadual","fonte":"ANA (2021), MDE/Maxar(imagens do basemap/arcmap), Cartas topográficas"},"geometry":{"type":"LineString","coordinates":[[-36.043212,-5.902093],[-36.043136,-5.902969],[-36.04227,-5.903274],[-36.041214,-5.903131],[-36.040405,-5.902645],[-36.03911,-5.900513],[-36.038463,-5.899819],[-36.037849,-5.899469],[-36.037007,-5.899571],[-36.035741,-5.899171],[-36.035123,-5.898746]]}},{"type":"Feature","id":226,"properties":{"nome":"Riacho do Boqueir_o","regime":"Intermitente","ordem":3,"largura":"10 - 50","dominialidade":"Estadual","fonte":"ANA (2021), MDE/Maxar(imagens do basemap/arcmap), Cartas topográficas"},"geometry":{"type":"LineString","coordinates":[[-36.035123,-5.898746],[-36.033747,-5.898896],[-36.032,-5.899397],[-36.030088,-5.901907],[-36.027328,-5.903753],[-36.026586,-5.903487],[-36.026072,-5.902935],[-36.025958,-5.903391],[-36.025158,-5.903886],[-36.024492,-5.904895],[-36.024701,-5.905314],[-36.024568,-5.905885],[-36.02394,-5.905923],[-36.02295,-5.906666]]}},{"type":"Feature","id":227,"properties":{"nome":"Riacho Olho-d'_gua","regime":"Intermitente","ordem":1,"largura":"<=10","dominialidade":"Estadual","fonte":"ANA (2021), MDE/Maxar(imagens do basemap/arcmap), Cartas topográficas"},"geometry":{"type":"LineString","coordinates":[[-36.233896,-6.006751],[-36.233561,-6.0066],[-36.233216,-6.006791],[-36.232871,-6.006624],[-36.232633,-6.005779],[-36.231979,-6.004911],[-36.231325,-6.004804]]}},{"type":"Feature","id":228,"properties":{"nome":"Rio Potengi","regime":"Intermitente","ordem":2,"largura":"<=10","dominialidade":"Estadual","fonte":"ANA (2021), MDE/Maxar(imagens do basemap/arcmap), Cartas topográficas"},"geometry":{"type":"LineString","coordinates":[[-36.357515,-6.041579],[-36.35567,-6.041698],[-36.354326,-6.042503],[-36.354078,-6.04335],[-36.354338,-6.04403],[-36.354255,-6.04478],[-36.353005,-6.045422],[-36.349805,-6.043899],[-36.34783,-6.042317],[-36.347461,-6.041686],[-36.343718,-6.040076]]}},{"type":"Feature","id":229,"properties":{"nome":"Riacho do Cedro","regime":"Intermitente","ordem":1,"largura":"<=10","dominialidade":"Estadual","fonte":"ANA (2021), MDE/Maxar(imagens do basemap/arcmap), Cartas topográficas"},"geometry":{"type":"LineString","coordinates":[[-36.299724,-6.022189],[-36.29907,-6.022439],[-36.297511,-6.021998],[-36.296405,-6.021451],[-36.296262,-6.020844],[-36.295917,-6.020856],[-36.295866,-6.02153],[-36.293823,-6.022034],[-36.294216,-6.021177],[-36.293823,-6.021154],[-36.293597,-6.019595],[-36.293133,-6.019452],[-36.290896,-6.019738],[-36.289774,-6.019186],[-36.288912,-6.019039],[-36.287919,-6.01925],[-36.28783,-6.019743],[-36.287518,-6.019304],[-36.286397,-6.019184],[-36.285879,-6.019719],[-36.284458,-6.019232],[-36.282308,-6.019833]]}},{"type":"Feature","id":230,"properties":{"regime":"Intermitente","ordem":1,"largura":"<=10","dominialidade":"Estadual","fonte":"ANA (2021), MDE/Maxar(imagens do basemap/arcmap), Cartas topográficas"},"geometry":{"type":"LineString","coordinates":[[-36.319066,-6.036921],[-36.318385,-6.035119],[-36.317481,-6.034647],[-36.317267,-6.033755],[-36.315209,-6.032946],[-36.314852,-6.031899],[-36.314174,-6.031768],[-36.314079,-6.030804],[-36.314555,-6.030721],[-36.313972,-6.028175],[-36.314079,-6.027128],[-36.313538,-6.025303]]}},{"type":"Feature","id":231,"properties":{"nome":"Riacho Cachoeira Preta","regime":"Intermitente","ordem":1,"largura":"<=10","dominialidade":"Estadual","fonte":"ANA (2021), MDE/Maxar(imagens do basemap/arcmap), Cartas topográficas"},"geometry":{"type":"LineString","coordinates":[[-36.313249,-6.073957],[-36.312212,-6.074805],[-36.311565,-6.074738],[-36.309204,-6.073691],[-36.308557,-6.073091],[-36.308938,-6.071911],[-36.308795,-6.07114],[-36.308062,-6.070645],[-36.308024,-6.069998],[-36.30831,-6.069027],[-36.308119,-6.068713],[-36.307488,-6.068505],[-36.306416,-6.068513],[-36.306235,-6.067952],[-36.306387,-6.067057],[-36.306144,-6.066237],[-36.304702,-6.065953],[-36.304645,-6.065658],[-36.305607,-6.064992],[-36.306444,-6.064687],[-36.30692,-6.063888],[-36.307377,-6.063669],[-36.30751,-6.063278],[-36.306121,-6.061936],[-36.30495,-6.06147],[-36.304864,-6.061242],[-36.305397,-6.060528],[-36.305216,-6.060157],[-36.30415,-6.0599],[-36.304141,-6.059062],[-36.303903,-6.058391],[-36.303282,-6.057611],[-36.302742,-6.057301],[-36.302923,-6.056825],[-36.303494,-6.056207]]}},{"type":"Feature","id":232,"properties":{"regime":"Intermitente","ordem":1,"largura":"<=10","fonte":"ANA (2021), MDE/Maxar(imagens do basemap/arcmap), Cartas topográficas"},"geometry":{"type":"LineString","coordinates":[[-36.299136,-6.008226],[-36.297836,-6.008389],[-36.297262,-6.00819],[-36.29585,-6.007469],[-36.295523,-6.006766],[-36.294637,-6.006258],[-36.293745,-6.006705],[-36.292644,-6.006294],[-36.291959,-6.005569],[-36.290848,-6.005241],[-36.29045,-6.004586],[-36.28972,-6.004244],[-36.288687,-6.003187],[-36.288413,-6.003225],[-36.287796,-6.003898],[-36.287308,-6.004044],[-36.286436,-6.003918],[-36.286013,-6.003024],[-36.285924,-6.00214],[-36.284728,-6.001777],[-36.284583,-6.001467],[-36.283255,-6.00095],[-36.281514,-5.999072],[-36.281048,-5.999003],[-36.280808,-5.998754],[-36.280432,-5.997836],[-36.280242,-5.997981],[-36.280246,-5.998638],[-36.279903,-5.999237],[-36.279542,-5.998594],[-36.278848,-5.998324],[-36.278511,-5.997848],[-36.277448,-5.997735],[-36.276593,-5.997225]]}},{"type":"Feature","id":233,"properties":{"regime":"Intermitente","ordem":2,"largura":"<=10","dominialidade":"Estadual","fonte":"ANA (2021), MDE/Maxar(imagens do basemap/arcmap), Cartas topográficas"},"geometry":{"type":"LineString","coordinates":[[-36.315606,-5.969326],[-36.315106,-5.968641],[-36.313807,-5.967927],[-36.312508,-5.968127],[-36.310395,-5.967241],[-36.309481,-5.967341],[-36.308296,-5.966513],[-36.30634,-5.966128],[-36.305655,-5.966128],[-36.304384,-5.96687],[-36.303956,-5.966727],[-36.303599,-5.966156],[-36.302728,-5.966185],[-36.301928,-5.966628],[-36.3015,-5.96657],[-36.301486,-5.966171],[-36.301086,-5.965942],[-36.299944,-5.965757],[-36.297074,-5.966056],[-36.295947,-5.965685],[-36.294205,-5.965685],[-36.29202,-5.966142],[-36.291107,-5.965971],[-36.290222,-5.966199]]}},{"type":"Feature","id":234,"properties":{"regime":"Intermitente","ordem":4,"largura":"<=10","fonte":"ANA (2021), MDE/Maxar(imagens do basemap/arcmap), Cartas topográficas"},"geometry":{"type":"LineString","coordinates":[[-36.144077,-5.982012],[-36.14376,-5.982313],[-36.141705,-5.982642],[-36.140175,-5.983146],[-36.139381,-5.983017],[-36.138404,-5.982372],[-36.138095,-5.98182]]}},{"type":"Feature","id":235,"properties":{"regime":"Intermitente","ordem":1,"largura":"<=10","dominialidade":"Estadual","fonte":"ANA (2021), MDE/Maxar(imagens do basemap/arcmap), Cartas topográficas"},"geometry":{"type":"LineString","coordinates":[[-36.012524,-5.921302],[-36.011218,-5.921148],[-36.010611,-5.920541],[-36.010762,-5.919739],[-36.009847,-5.918849],[-36.00747,-5.9179],[-36.006007,-5.916436],[-36.005863,-5.915645],[-36.004115,-5.914799]]}},{"type":"Feature","id":236,"properties":{"nome":"Rio Potengi","regime":"Intermitente","ordem":5,"largura":"50 - 200","dominialidade":"Estadual","fonte":"ANA (2021), MDE/Maxar(imagens do basemap/arcmap), Cartas topográficas"},"geometry":{"type":"LineString","coordinates":[[-35.501622,-5.826942],[-35.501234,-5.826731],[-35.493486,-5.827989],[-35.490682,-5.828935],[-35.487937,-5.829254]]}},{"type":"Feature","id":237,"properties":{"regime":"Intermitente","ordem":1,"largura":"<=10","dominialidade":"Estadual","fonte":"ANA (2021), MDE/Maxar(imagens do basemap/arcmap), Cartas topográficas"},"geometry":{"type":"LineString","coordinates":[[-35.480379,-5.862579],[-35.482257,-5.859528],[-35.48589,-5.856146],[-35.486473,-5.854018],[-35.487105,-5.853523],[-35.488222,-5.851277],[-35.489078,-5.845839],[-35.48953,-5.844538],[-35.489411,-5.84267],[-35.489815,-5.842197],[-35.489765,-5.841014],[-35.490068,-5.838905],[-35.490694,-5.838722],[-35.491241,-5.836144],[-35.490362,-5.8343],[-35.48953,-5.833685],[-35.489957,-5.829997],[-35.487889,-5.830296],[-35.487937,-5.829254]]}},{"type":"Feature","id":238,"properties":{"nome":"Rio Potengi","regime":"Intermitente","ordem":5,"largura":"50 - 200","dominialidade":"Estadual","fonte":"ANA (2021), MDE/Maxar(imagens do basemap/arcmap), Cartas topográficas"},"geometry":{"type":"LineString","coordinates":[[-35.487937,-5.829254],[-35.486632,-5.828644],[-35.484871,-5.826166],[-35.484465,-5.824934],[-35.483777,-5.824259]]}},{"type":"Feature","id":239,"properties":{"nome":"Rio Potengi","regime":"Perene","ordem":5,"largura":"50 - 200","dominialidade":"Estadual","fonte":"ANA (2021), MDE/Maxar(imagens do basemap/arcmap), Cartas topográficas"},"geometry":{"type":"LineString","coordinates":[[-35.483777,-5.824259],[-35.482619,-5.823047],[-35.48171,-5.822525],[-35.480545,-5.821413],[-35.479237,-5.820936],[-35.477151,-5.820699],[-35.473474,-5.819814],[-35.469089,-5.817488],[-35.466332,-5.81562],[-35.464446,-5.815231],[-35.462384,-5.815734],[-35.455057,-5.818659]]}},{"type":"Feature","id":240,"properties":{"nome":"Rio Camaragibe","regime":"Intermitente","ordem":4,"largura":"10 - 50","dominialidade":"Estadual","fonte":"ANA (2021), MDE/Maxar(imagens do basemap/arcmap), Cartas topográficas"},"geometry":{"type":"LineString","coordinates":[[-35.499107,-5.797692],[-35.498405,-5.797616],[-35.49658,-5.796266],[-35.49563,-5.79528],[-35.495196,-5.794221],[-35.494697,-5.794182],[-35.493514,-5.793657],[-35.493257,-5.793331],[-35.492672,-5.793274],[-35.492059,-5.794849],[-35.491531,-5.794991],[-35.49136,-5.79597],[-35.491004,-5.796012],[-35.490847,-5.795588],[-35.49049,-5.795445],[-35.488722,-5.796041],[-35.487881,-5.795913],[-35.487866,-5.796339],[-35.488323,-5.796693],[-35.488357,-5.796952],[-35.486868,-5.796878],[-35.485428,-5.797162],[-35.484629,-5.797034],[-35.484529,-5.797332],[-35.484986,-5.797828],[-35.4848,-5.798027],[-35.483816,-5.79824],[-35.483602,-5.7978],[-35.483246,-5.797814],[-35.482961,-5.798254],[-35.482604,-5.798254],[-35.482419,-5.799574],[-35.480936,-5.799347],[-35.48057,-5.799046],[-35.480793,-5.798722],[-35.480365,-5.798311],[-35.480067,-5.797514],[-35.479056,-5.797132],[-35.478653,-5.796746],[-35.478255,-5.796708]]}},{"type":"Feature","id":241,"properties":{"nome":"Rio Potengi","regime":"Perene","ordem":5,"largura":"50 - 200","dominialidade":"Estadual","fonte":"ANA (2021), MDE/Maxar(imagens do basemap/arcmap), Cartas topográficas"},"geometry":{"type":"LineString","coordinates":[[-35.452642,-5.810768],[-35.452688,-5.810238],[-35.452265,-5.810108],[-35.452118,-5.809635],[-35.451202,-5.809291],[-35.450446,-5.809306],[-35.447494,-5.810569],[-35.444713,-5.81098],[-35.441833,-5.811037],[-35.440592,-5.811491],[-35.435929,-5.811378],[-35.434432,-5.811902],[-35.433416,-5.812042],[-35.431063,-5.811688],[-35.430236,-5.811886],[-35.429195,-5.811659],[-35.426239,-5.812104],[-35.423719,-5.811744]]}},{"type":"Feature","id":242,"properties":{"regime":"Perene","ordem":1,"largura":"<=10","dominialidade":"Estadual","fonte":"ANA (2021), MDE/Maxar(imagens do basemap/arcmap), Cartas topográficas"},"geometry":{"type":"LineString","coordinates":[[-35.441203,-5.822371],[-35.440547,-5.821037],[-35.440632,-5.82047],[-35.440304,-5.81932],[-35.439748,-5.818441],[-35.439677,-5.817377],[-35.439349,-5.817377],[-35.439078,-5.816426],[-35.439734,-5.81627],[-35.439819,-5.815689],[-35.439534,-5.814397],[-35.438921,-5.814029],[-35.435484,-5.81471],[-35.434272,-5.815745],[-35.432446,-5.814738],[-35.431206,-5.814922],[-35.430543,-5.814323],[-35.42563,-5.813035],[-35.423719,-5.811744]]}},{"type":"Feature","id":243,"properties":{"nome":"Rio Potengi","regime":"Perene","ordem":5,"largura":"50 - 200","dominialidade":"Estadual","fonte":"ANA (2021), MDE/Maxar(imagens do basemap/arcmap), Cartas topográficas"},"geometry":{"type":"LineString","coordinates":[[-35.423719,-5.811744],[-35.421905,-5.811601],[-35.418698,-5.810755],[-35.416069,-5.809387],[-35.414048,-5.808037],[-35.412955,-5.807038],[-35.409368,-5.799056],[-35.408935,-5.797655]]}},{"type":"Feature","id":244,"properties":{"regime":"Intermitente","ordem":1,"largura":"<=10","dominialidade":"Estadual","fonte":"ANA (2021), MDE/Maxar(imagens do basemap/arcmap), Cartas topográficas"},"geometry":{"type":"LineString","coordinates":[[-35.471612,-5.764809],[-35.470892,-5.764787],[-35.470485,-5.76417],[-35.469736,-5.763553],[-35.468139,-5.762829],[-35.466877,-5.762744],[-35.466399,-5.762929],[-35.464752,-5.764851],[-35.465358,-5.766724],[-35.463891,-5.76751],[-35.462622,-5.768635],[-35.46138,-5.768661],[-35.459647,-5.769838],[-35.459319,-5.770136],[-35.459283,-5.77059],[-35.457971,-5.771889],[-35.456296,-5.774208],[-35.455789,-5.775202],[-35.454656,-5.77528],[-35.454185,-5.776017],[-35.453079,-5.777024],[-35.451746,-5.777968],[-35.451147,-5.778167],[-35.451046,-5.7784],[-35.449356,-5.779267],[-35.447711,-5.779529],[-35.447347,-5.77987],[-35.447525,-5.780402],[-35.446905,-5.781083],[-35.446163,-5.781487],[-35.445586,-5.782615],[-35.444866,-5.783246],[-35.44478,-5.784076],[-35.443268,-5.786538],[-35.442776,-5.786808],[-35.442149,-5.786836],[-35.439311,-5.78644],[-35.438488,-5.786585],[-35.437675,-5.78638]]}},{"type":"Feature","id":245,"properties":{"regime":"Intermitente","ordem":1,"largura":"<=10","dominialidade":"Estadual","fonte":"ANA (2021), MDE/Maxar(imagens do basemap/arcmap), Cartas topográficas"},"geometry":{"type":"LineString","coordinates":[[-35.448525,-5.765044],[-35.448002,-5.766434],[-35.446463,-5.767267],[-35.446498,-5.767811],[-35.446172,-5.768568],[-35.445767,-5.768722],[-35.446177,-5.771406],[-35.443651,-5.772288],[-35.442666,-5.772281],[-35.44096,-5.773025],[-35.440902,-5.773517],[-35.440164,-5.774167],[-35.439101,-5.774563],[-35.438619,-5.775018],[-35.438483,-5.775562],[-35.438251,-5.775479],[-35.438462,-5.776053],[-35.43812,-5.776224],[-35.437871,-5.776082],[-35.436718,-5.77892],[-35.436534,-5.780126],[-35.437656,-5.785247],[-35.437675,-5.78638]]}},{"type":"Feature","id":246,"properties":{"regime":"Intermitente","ordem":2,"largura":"10 - 50","dominialidade":"Estadual","fonte":"ANA (2021), MDE/Maxar(imagens do basemap/arcmap), Cartas topográficas"},"geometry":{"type":"LineString","coordinates":[[-35.436896,-5.787804],[-35.433913,-5.791931],[-35.432434,-5.792321],[-35.431899,-5.792723],[-35.431554,-5.792434],[-35.431435,-5.792682],[-35.431221,-5.792599],[-35.431109,-5.792339],[-35.429427,-5.793007],[-35.427068,-5.793315],[-35.426694,-5.793734],[-35.425993,-5.793728],[-35.425868,-5.79309],[-35.424881,-5.793078],[-35.423871,-5.79225],[-35.421964,-5.791919],[-35.421529,-5.792261],[-35.421031,-5.792209],[-35.42036,-5.791523],[-35.417656,-5.791186],[-35.416741,-5.790826],[-35.414697,-5.791464]]}},{"type":"Feature","id":247,"properties":{"nome":"Rio Potengi","regime":"Perene","ordem":5,"largura":"10 - 50","dominialidade":"Estadual","fonte":"ANA (2021), MDE/Maxar(imagens do basemap/arcmap), Cartas topográficas"},"geometry":{"type":"LineString","coordinates":[[-35.402213,-5.791435],[-35.401737,-5.790952],[-35.400474,-5.790834],[-35.399905,-5.791018],[-35.398897,-5.791742],[-35.398385,-5.792406],[-35.397804,-5.794213],[-35.39794,-5.795254],[-35.397269,-5.797725],[-35.396609,-5.797884],[-35.396021,-5.798404],[-35.395992,-5.798263],[-35.395629,-5.798292],[-35.395011,-5.798552],[-35.394239,-5.79841],[-35.394018,-5.798646],[-35.392509,-5.798866],[-35.39093,-5.799454],[-35.390162,-5.799161],[-35.389319,-5.800367],[-35.388371,-5.800816],[-35.387753,-5.801652],[-35.386507,-5.802774],[-35.385813,-5.803738],[-35.385642,-5.804381],[-35.385766,-5.804656],[-35.385442,-5.804731],[-35.385052,-5.805211],[-35.384708,-5.806237]]}},{"type":"Feature","id":248,"properties":{"regime":"Intermitente","ordem":1,"largura":"<=10","dominialidade":"Estadual","fonte":"ANA (2021), MDE/Maxar(imagens do basemap/arcmap), Cartas topográficas"},"geometry":{"type":"LineString","coordinates":[[-35.406026,-5.822207],[-35.404562,-5.821276],[-35.404024,-5.821194],[-35.403397,-5.820807],[-35.401838,-5.819114],[-35.400126,-5.818499],[-35.400392,-5.817752],[-35.400098,-5.817269],[-35.398187,-5.816437],[-35.39369,-5.816985],[-35.393186,-5.816617],[-35.393119,-5.816049],[-35.39273,-5.815519],[-35.391494,-5.81464]]}},{"type":"Feature","id":249,"properties":{"regime":"Intermitente","ordem":1,"largura":"<=10","dominialidade":"Estadual","fonte":"ANA (2021), MDE/Maxar(imagens do basemap/arcmap), Cartas topográficas"},"geometry":{"type":"LineString","coordinates":[[-35.416973,-5.824174],[-35.417581,-5.822263],[-35.417429,-5.821365],[-35.416925,-5.820882],[-35.416044,-5.819252],[-35.414644,-5.817922],[-35.414568,-5.817487],[-35.414255,-5.81749],[-35.413303,-5.815936],[-35.412134,-5.816494],[-35.411779,-5.815931],[-35.408426,-5.815236],[-35.408255,-5.814129],[-35.40854,-5.813145],[-35.408426,-5.811708],[-35.407998,-5.811471],[-35.407713,-5.810904],[-35.406686,-5.810393],[-35.404984,-5.810053],[-35.404765,-5.81059],[-35.404214,-5.810686],[-35.402959,-5.811386],[-35.40189,-5.812335],[-35.401115,-5.812587],[-35.400716,-5.81236],[-35.399527,-5.8122],[-35.399641,-5.811812],[-35.39905,-5.811449],[-35.397532,-5.811346],[-35.396304,-5.811538],[-35.395715,-5.812332],[-35.394888,-5.812691],[-35.393723,-5.812775],[-35.392791,-5.813159],[-35.391731,-5.812673],[-35.388993,-5.812332],[-35.388147,-5.812814]]}},{"type":"Feature","id":250,"properties":{"regime":"Intermitente","ordem":2,"largura":"<=10","dominialidade":"Estadual","fonte":"ANA (2021), MDE/Maxar(imagens do basemap/arcmap), Cartas topográficas"},"geometry":{"type":"LineString","coordinates":[[-35.386396,-5.811517],[-35.385751,-5.811017],[-35.38539,-5.811178],[-35.385466,-5.810327],[-35.384905,-5.809655],[-35.385875,-5.808426],[-35.385047,-5.807569],[-35.385135,-5.807227],[-35.384725,-5.806704],[-35.384111,-5.806291]]}},{"type":"Feature","id":251,"properties":{"nome":"Rio Potengi","regime":"Perene","ordem":5,"largura":"10 - 50","dominialidade":"Estadual","fonte":"ANA (2021), MDE/Maxar(imagens do basemap/arcmap), Cartas topográficas"},"geometry":{"type":"LineString","coordinates":[[-35.384708,-5.806237],[-35.384259,-5.80618],[-35.383661,-5.806629],[-35.382912,-5.806488],[-35.382092,-5.806842],[-35.381237,-5.806488],[-35.379848,-5.806603],[-35.378508,-5.808544],[-35.377734,-5.811619],[-35.376312,-5.812825],[-35.374863,-5.813482],[-35.373485,-5.814414],[-35.371389,-5.814893],[-35.367609,-5.815293]]}},{"type":"Feature","id":252,"properties":{"regime":"Perene","ordem":1,"largura":"<=10","dominialidade":"Estadual","fonte":"ANA (2021), MDE/Maxar(imagens do basemap/arcmap), Cartas topográficas"},"geometry":{"type":"LineString","coordinates":[[-35.35274,-5.787733],[-35.358171,-5.787881],[-35.360293,-5.78866],[-35.365766,-5.789125],[-35.366453,-5.789323],[-35.367374,-5.790123],[-35.367448,-5.790969],[-35.366695,-5.792233],[-35.366545,-5.793059],[-35.365879,-5.793532],[-35.366209,-5.79608],[-35.365689,-5.7967],[-35.364354,-5.797195],[-35.363919,-5.797268],[-35.363455,-5.797091],[-35.362754,-5.797339],[-35.362207,-5.79916],[-35.362504,-5.800413],[-35.363343,-5.801698],[-35.363431,-5.802896],[-35.362754,-5.808311],[-35.362528,-5.808784],[-35.361742,-5.808842],[-35.361649,-5.809387],[-35.3608,-5.809349],[-35.360313,-5.809811]]}},{"type":"Feature","id":253,"properties":{"nome":"Rio Potengi","regime":"Perene","ordem":5,"largura":"10 - 50","dominialidade":"Estadual","fonte":"ANA (2021), MDE/Maxar(imagens do basemap/arcmap), Cartas topográficas"},"geometry":{"type":"LineString","coordinates":[[-35.332979,-5.812163],[-35.333158,-5.811205],[-35.333989,-5.809834],[-35.334393,-5.808439],[-35.33459,-5.806879],[-35.334393,-5.805684],[-35.333253,-5.804478],[-35.331339,-5.803154],[-35.326502,-5.799063],[-35.320501,-5.797337],[-35.318802,-5.797384],[-35.315106,-5.798188],[-35.312634,-5.800044],[-35.311767,-5.800358],[-35.310934,-5.800186],[-35.308596,-5.798625],[-35.307987,-5.797881],[-35.305841,-5.79652],[-35.302818,-5.796864],[-35.299835,-5.798121],[-35.298514,-5.798169],[-35.297791,-5.797952],[-35.296091,-5.797857]]}},{"type":"Feature","id":254,"properties":{"regime":"Perene","ordem":1,"largura":"<=10","dominialidade":"Estadual","fonte":"ANA (2021), MDE/Maxar(imagens do basemap/arcmap), Cartas topográficas"},"geometry":{"type":"LineString","coordinates":[[-35.346075,-5.799032],[-35.344958,-5.799022],[-35.341861,-5.798346],[-35.335414,-5.797411],[-35.334323,-5.796986],[-35.331739,-5.795476],[-35.328876,-5.795731],[-35.327496,-5.794633],[-35.32699,-5.79333],[-35.326515,-5.792858],[-35.325885,-5.79276],[-35.324339,-5.792967],[-35.323982,-5.793265],[-35.323255,-5.793056],[-35.32267,-5.792747],[-35.322595,-5.792141],[-35.322021,-5.791506],[-35.321943,-5.791172],[-35.321305,-5.790644],[-35.319665,-5.790608],[-35.31934,-5.790935],[-35.318663,-5.790974],[-35.31821,-5.791318],[-35.317337,-5.791165],[-35.316392,-5.791541],[-35.315932,-5.791311],[-35.314927,-5.79147],[-35.313679,-5.791328],[-35.313041,-5.791548]]}},{"type":"Feature","id":255,"properties":{"nome":"Rio Potengi","regime":"Perene","ordem":5,"largura":"50 - 200","dominialidade":"Estadual","fonte":"ANA (2021), MDE/Maxar(imagens do basemap/arcmap), Cartas topográficas"},"geometry":{"type":"LineString","coordinates":[[-35.292822,-5.797101],[-35.290589,-5.797349],[-35.289151,-5.797963],[-35.288236,-5.79937],[-35.288412,-5.803097],[-35.287786,-5.804133],[-35.286569,-5.804853],[-35.285269,-5.80495],[-35.284741,-5.803999],[-35.284822,-5.803505],[-35.284554,-5.802022],[-35.283992,-5.801235],[-35.282528,-5.800739],[-35.281058,-5.800647],[-35.279403,-5.800738],[-35.278333,-5.801058],[-35.27757,-5.801589],[-35.27653,-5.803059],[-35.275092,-5.804348],[-35.272929,-5.804986],[-35.272407,-5.804774],[-35.271896,-5.803733],[-35.272073,-5.801843],[-35.271636,-5.800967],[-35.270778,-5.800588],[-35.269504,-5.800863],[-35.268421,-5.801414],[-35.267601,-5.80143],[-35.266073,-5.800302],[-35.264516,-5.798767],[-35.264539,-5.79794],[-35.265134,-5.797479],[-35.265129,-5.797094],[-35.264708,-5.796743],[-35.262667,-5.796698],[-35.261994,-5.795149],[-35.261035,-5.794335],[-35.2597,-5.793993],[-35.258617,-5.793227]]}},{"type":"Feature","id":256,"properties":{"regime":"Perene","ordem":1,"largura":"<=10","dominialidade":"Estadual","fonte":"ANA (2021), MDE/Maxar(imagens do basemap/arcmap), Cartas topográficas"},"geometry":{"type":"LineString","coordinates":[[-35.304719,-5.767193],[-35.303119,-5.76466],[-35.302367,-5.763988],[-35.302085,-5.763476],[-35.301601,-5.76329],[-35.299352,-5.763834],[-35.29863,-5.764545],[-35.294467,-5.766722],[-35.293189,-5.767668],[-35.289121,-5.771675],[-35.287831,-5.773107],[-35.28534,-5.778555],[-35.285321,-5.779255],[-35.283914,-5.780201],[-35.283857,-5.780447],[-35.28283,-5.781279],[-35.281993,-5.781355],[-35.280643,-5.781979],[-35.279571,-5.782927],[-35.275357,-5.784363],[-35.274711,-5.784438],[-35.274045,-5.784193],[-35.273741,-5.784344],[-35.273743,-5.784874],[-35.273342,-5.785101],[-35.273,-5.784892],[-35.272296,-5.785157],[-35.27222,-5.78756],[-35.271745,-5.787522],[-35.270471,-5.785668]]}},{"type":"Feature","id":257,"properties":{"nome":"Rio Potengi","regime":"Perene","ordem":5,"largura":"50 - 200","dominialidade":"Estadual","fonte":"ANA (2021), MDE/Maxar(imagens do basemap/arcmap), Cartas topográficas"},"geometry":{"type":"LineString","coordinates":[[-35.258617,-5.793227],[-35.258151,-5.792375],[-35.257618,-5.790578],[-35.25711,-5.789762],[-35.255474,-5.788263],[-35.250473,-5.785516]]}},{"type":"Feature","id":258,"properties":{"nome":"Rio Grande","regime":"Intermitente","ordem":4,"largura":"10 - 50","dominialidade":"Estadual","fonte":"ANA (2021), MDE/Maxar(imagens do basemap/arcmap), Cartas topográficas"},"geometry":{"type":"LineString","coordinates":[[-35.500035,-5.982592],[-35.499051,-5.982749],[-35.498837,-5.983004],[-35.49898,-5.98367],[-35.497781,-5.983921],[-35.497458,-5.982853],[-35.496992,-5.982238],[-35.4953,-5.982082],[-35.495101,-5.982238],[-35.49457,-5.98189],[-35.494435,-5.981094],[-35.493745,-5.979585],[-35.494402,-5.978338],[-35.494416,-5.977841],[-35.494081,-5.977924],[-35.494003,-5.97743],[-35.49275,-5.976918],[-35.492609,-5.976064],[-35.491839,-5.97543],[-35.489995,-5.973236],[-35.489757,-5.972726],[-35.488816,-5.972272],[-35.488312,-5.971147],[-35.488302,-5.970201],[-35.488131,-5.969946],[-35.487437,-5.969681],[-35.486781,-5.968527],[-35.486886,-5.968234],[-35.487697,-5.967734],[-35.487875,-5.966958],[-35.489171,-5.966173],[-35.488835,-5.964925]]}},{"type":"Feature","id":259,"properties":{"nome":"Riacho do Mel","regime":"Intermitente","ordem":1,"largura":"<=10","dominialidade":"Estadual","fonte":"ANA (2021), MDE/Maxar(imagens do basemap/arcmap), Cartas topográficas"},"geometry":{"type":"LineString","coordinates":[[-35.499422,-5.959943],[-35.499065,-5.960187],[-35.497952,-5.959715],[-35.496916,-5.959932],[-35.496241,-5.959176],[-35.495899,-5.959166],[-35.495661,-5.959488],[-35.495338,-5.959507],[-35.495404,-5.960169],[-35.495186,-5.960604],[-35.495137,-5.961667],[-35.494748,-5.961908],[-35.494273,-5.962996],[-35.493564,-5.962642],[-35.492847,-5.962769],[-35.492105,-5.96258],[-35.492077,-5.963365],[-35.492562,-5.964159],[-35.49201,-5.96466],[-35.491677,-5.964528],[-35.490423,-5.965086],[-35.488873,-5.964755]]}},{"type":"Feature","id":260,"properties":{"nome":"Rio Grande","regime":"Intermitente","ordem":4,"largura":"10 - 50","dominialidade":"Estadual","fonte":"ANA (2021), MDE/Maxar(imagens do basemap/arcmap), Cartas topográficas"},"geometry":{"type":"LineString","coordinates":[[-35.488835,-5.964925],[-35.489063,-5.964149],[-35.487928,-5.961752],[-35.486658,-5.961081],[-35.48547,-5.961081],[-35.484727,-5.962027],[-35.484401,-5.963238],[-35.48443,-5.964154],[-35.484243,-5.964452],[-35.483272,-5.964775],[-35.482978,-5.964376],[-35.482627,-5.963062],[-35.482284,-5.960698],[-35.480253,-5.959418],[-35.479896,-5.959376],[-35.479083,-5.958312]]}},{"type":"Feature","id":261,"properties":{"regime":"Perene","ordem":2,"largura":"10 - 50","dominialidade":"Estadual","fonte":"ANA (2021), MDE/Maxar(imagens do basemap/arcmap), Cartas topográficas"},"geometry":{"type":"LineString","coordinates":[[-35.493878,-5.953223],[-35.493244,-5.953603],[-35.490927,-5.953589],[-35.488545,-5.954823],[-35.485277,-5.954317],[-35.48277,-5.955185],[-35.482542,-5.955791],[-35.48165,-5.955958],[-35.481023,-5.957312],[-35.480716,-5.957567],[-35.478656,-5.957397],[-35.477557,-5.957731]]}},{"type":"Feature","id":262,"properties":{"nome":"Rio Grande","regime":"Intermitente","ordem":4,"largura":"10 - 50","dominialidade":"Estadual","fonte":"ANA (2021), MDE/Maxar(imagens do basemap/arcmap), Cartas topográficas"},"geometry":{"type":"LineString","coordinates":[[-35.477557,-5.957731],[-35.477158,-5.958553],[-35.477636,-5.959071],[-35.477971,-5.960128],[-35.477322,-5.96039],[-35.476917,-5.959448],[-35.474962,-5.957787],[-35.473682,-5.955285],[-35.472873,-5.954433],[-35.472851,-5.954128],[-35.472573,-5.954078],[-35.472395,-5.954263],[-35.471653,-5.953901],[-35.470177,-5.953837],[-35.470748,-5.951461],[-35.469721,-5.95149],[-35.467784,-5.952567],[-35.466855,-5.952589],[-35.466691,-5.952312],[-35.467603,-5.951766],[-35.466976,-5.951397],[-35.466848,-5.950979],[-35.466234,-5.950731],[-35.466124,-5.950116],[-35.465118,-5.949499],[-35.464774,-5.9495],[-35.464227,-5.951081],[-35.463931,-5.951],[-35.462918,-5.949236],[-35.46243,-5.948947],[-35.461289,-5.949071],[-35.460773,-5.948952],[-35.460624,-5.949307],[-35.459953,-5.949425],[-35.459554,-5.950944],[-35.458728,-5.950371],[-35.457326,-5.950318],[-35.4565,-5.949632],[-35.455223,-5.9479],[-35.454747,-5.947522],[-35.454724,-5.946766],[-35.453743,-5.94639]]}},{"type":"Feature","id":263,"properties":{"regime":"Intermitente","ordem":1,"largura":"<=10","dominialidade":"Estadual","fonte":"ANA (2021), MDE/Maxar(imagens do basemap/arcmap), Cartas topográficas"},"geometry":{"type":"LineString","coordinates":[[-35.467157,-5.929869],[-35.464719,-5.930323],[-35.463421,-5.930994],[-35.46247,-5.932819],[-35.462413,-5.934086],[-35.461957,-5.935202],[-35.46113,-5.935334],[-35.460509,-5.935061],[-35.459941,-5.934531],[-35.459295,-5.934332],[-35.458329,-5.934689],[-35.457327,-5.934209],[-35.45591,-5.934313],[-35.455254,-5.934701],[-35.453942,-5.93507],[-35.453115,-5.936119],[-35.451813,-5.937159],[-35.451451,-5.93907],[-35.45109,-5.939193],[-35.451,-5.940795],[-35.451366,-5.941784],[-35.451908,-5.942181],[-35.452478,-5.942294],[-35.452725,-5.942984],[-35.453438,-5.943505],[-35.453781,-5.944034],[-35.454169,-5.945788],[-35.453814,-5.946062],[-35.453743,-5.94639]]}},{"type":"Feature","id":264,"properties":{"nome":"Rio Grande","regime":"Intermitente","ordem":4,"largura":"10 - 50","dominialidade":"Estadual","fonte":"ANA (2021), MDE/Maxar(imagens do basemap/arcmap), Cartas topográficas"},"geometry":{"type":"LineString","coordinates":[[-35.453743,-5.94639],[-35.452626,-5.946086],[-35.452287,-5.94624],[-35.451889,-5.946701],[-35.452067,-5.947386],[-35.452454,-5.947942],[-35.451562,-5.948681],[-35.450297,-5.94809],[-35.449916,-5.948491],[-35.449144,-5.94835],[-35.448918,-5.949165],[-35.449037,-5.949721],[-35.448906,-5.949851],[-35.44849,-5.94965],[-35.448277,-5.950619],[-35.44817,-5.951565],[-35.448337,-5.952153]]}},{"type":"Feature","id":265,"properties":{"regime":"Intermitente","ordem":1,"largura":"<=10","dominialidade":"Estadual","fonte":"ANA (2021), MDE/Maxar(imagens do basemap/arcmap), Cartas topográficas"},"geometry":{"type":"LineString","coordinates":[[-35.485373,-6.011289],[-35.483981,-6.007113],[-35.485266,-6.001852],[-35.487204,-6.001028],[-35.487658,-5.999697],[-35.487524,-5.998568]]}},{"type":"Feature","id":266,"properties":{"regime":"Intermitente","ordem":1,"largura":"<=10","dominialidade":"Estadual","fonte":"ANA (2021), MDE/Maxar(imagens do basemap/arcmap), Cartas topográficas"},"geometry":{"type":"LineString","coordinates":[[-35.495891,-6.016524],[-35.495653,-6.014549],[-35.494713,-6.012336],[-35.4935,-6.011765],[-35.494392,-6.009302],[-35.496166,-6.007876],[-35.497735,-6.007161],[-35.498282,-6.005543],[-35.497866,-6.003806],[-35.495272,-6.003163],[-35.492703,-6.00371],[-35.489907,-6.002283],[-35.489669,-6.001426],[-35.489904,-6.000357],[-35.488301,-6.000498],[-35.487959,-5.999164],[-35.487524,-5.998568]]}},{"type":"Feature","id":267,"properties":{"regime":"Intermitente","ordem":1,"largura":"<=10","dominialidade":"Estadual","fonte":"ANA (2021), MDE/Maxar(imagens do basemap/arcmap), Cartas topográficas"},"geometry":{"type":"LineString","coordinates":[[-35.441383,-5.9852],[-35.439633,-5.984282],[-35.439144,-5.983616],[-35.439001,-5.982883],[-35.438678,-5.982722],[-35.438464,-5.982212],[-35.438545,-5.981748],[-35.439919,-5.981219],[-35.440109,-5.980396],[-35.439695,-5.979999],[-35.439201,-5.978727],[-35.438753,-5.978787],[-35.438626,-5.979134],[-35.438489,-5.979048],[-35.438302,-5.978278],[-35.438393,-5.976987],[-35.438787,-5.975451],[-35.438878,-5.973281],[-35.43833,-5.972467],[-35.438342,-5.971876],[-35.437724,-5.97158],[-35.4377,-5.971261],[-35.436666,-5.969713],[-35.436939,-5.968684],[-35.436405,-5.968637],[-35.436048,-5.968247],[-35.434277,-5.968401],[-35.433956,-5.969157],[-35.432637,-5.969594],[-35.431045,-5.96911],[-35.428414,-5.96907],[-35.427772,-5.968722],[-35.425462,-5.965884],[-35.425613,-5.964977],[-35.425043,-5.964623],[-35.424095,-5.965139],[-35.423545,-5.965178],[-35.422299,-5.964413],[-35.421947,-5.964598]]}},{"type":"Feature","id":268,"properties":{"regime":"Intermitente","ordem":1,"largura":"<=10","dominialidade":"Estadual","fonte":"ANA (2021), MDE/Maxar(imagens do basemap/arcmap), Cartas topográficas"},"geometry":{"type":"LineString","coordinates":[[-35.403369,-5.98082],[-35.407058,-5.976924],[-35.407894,-5.976678],[-35.408826,-5.97594],[-35.412477,-5.974144],[-35.415234,-5.973312],[-35.417135,-5.972461],[-35.418105,-5.97161],[-35.419816,-5.969983],[-35.420577,-5.968773],[-35.421338,-5.965483],[-35.421313,-5.964087]]}},{"type":"Feature","id":269,"properties":{"regime":"Perene","ordem":2,"largura":"10 - 50","dominialidade":"Estadual","fonte":"ANA (2021), MDE/Maxar(imagens do basemap/arcmap), Cartas topográficas"},"geometry":{"type":"LineString","coordinates":[[-35.417553,-5.952129],[-35.417428,-5.950787],[-35.417152,-5.950186],[-35.416736,-5.949887],[-35.414442,-5.949625],[-35.413591,-5.949205],[-35.412652,-5.947868],[-35.41222,-5.947719],[-35.410943,-5.945916],[-35.411441,-5.944689],[-35.412908,-5.944759],[-35.413358,-5.944388],[-35.413963,-5.943106]]}},{"type":"Feature","id":270,"properties":{"nome":"Rio Grande","regime":"Perene","ordem":4,"largura":"<=10","dominialidade":"Estadual","fonte":"ANA (2021), MDE/Maxar(imagens do basemap/arcmap), Cartas topográficas"},"geometry":{"type":"LineString","coordinates":[[-35.396803,-5.921009],[-35.396381,-5.921127],[-35.394741,-5.919856],[-35.394265,-5.920039],[-35.392929,-5.919714],[-35.390899,-5.919657],[-35.390134,-5.919479],[-35.389386,-5.918919],[-35.388289,-5.91919],[-35.387332,-5.918955],[-35.3871,-5.919122],[-35.387219,-5.919357],[-35.386963,-5.919741],[-35.385859,-5.920693],[-35.385009,-5.921032]]}},{"type":"Feature","id":271,"properties":{"regime":"Intermitente","ordem":1,"largura":"<=10","dominialidade":"Estadual","fonte":"ANA (2021), MDE/Maxar(imagens do basemap/arcmap), Cartas topográficas"},"geometry":{"type":"LineString","coordinates":[[-35.408511,-5.899143],[-35.406337,-5.899305],[-35.404729,-5.899965],[-35.404392,-5.899443],[-35.403956,-5.899232],[-35.400648,-5.900325],[-35.399249,-5.900057],[-35.397987,-5.900184],[-35.397666,-5.899964],[-35.39726,-5.90022],[-35.396854,-5.901007],[-35.396832,-5.902816],[-35.397622,-5.904528],[-35.397729,-5.905237],[-35.39746,-5.907007],[-35.396683,-5.908287],[-35.396576,-5.909339],[-35.395839,-5.909422],[-35.395549,-5.909951],[-35.394928,-5.910256],[-35.393766,-5.910688],[-35.392761,-5.910823],[-35.390786,-5.910795],[-35.390172,-5.911171],[-35.388917,-5.911511],[-35.387434,-5.911022],[-35.386629,-5.910888],[-35.385536,-5.911018],[-35.384585,-5.910651],[-35.38341,-5.911015],[-35.382469,-5.910844],[-35.381221,-5.910197]]}},{"type":"Feature","id":272,"properties":{"nome":"Rio Grande","regime":"Perene","ordem":4,"largura":"<=10","dominialidade":"Estadual","fonte":"ANA (2021), MDE/Maxar(imagens do basemap/arcmap), Cartas topográficas"},"geometry":{"type":"LineString","coordinates":[[-35.381221,-5.910197],[-35.380603,-5.909291],[-35.381152,-5.909078],[-35.381295,-5.907937],[-35.381103,-5.907362],[-35.381163,-5.906595],[-35.381574,-5.90658],[-35.381701,-5.906369],[-35.381666,-5.906149],[-35.381359,-5.906043],[-35.381174,-5.905447],[-35.381362,-5.903113],[-35.380403,-5.902381],[-35.380432,-5.901135],[-35.38091,-5.900277],[-35.380511,-5.898972],[-35.380504,-5.898596],[-35.380929,-5.898016],[-35.380545,-5.897559],[-35.380847,-5.89661],[-35.380532,-5.893957],[-35.380655,-5.893237],[-35.37953,-5.891459]]}},{"type":"Feature","id":273,"properties":{"regime":"Intermitente","ordem":1,"largura":"<=10","dominialidade":"Estadual","fonte":"ANA (2021), MDE/Maxar(imagens do basemap/arcmap), Cartas topográficas"},"geometry":{"type":"LineString","coordinates":[[-35.368938,-5.916809],[-35.370036,-5.916143],[-35.370885,-5.915022],[-35.371412,-5.913923],[-35.373494,-5.911915],[-35.375184,-5.910362],[-35.376873,-5.909184],[-35.376611,-5.907387],[-35.377277,-5.905945],[-35.378227,-5.904526],[-35.379178,-5.901618],[-35.37875,-5.900979],[-35.379791,-5.895461],[-35.379761,-5.895157],[-35.37932,-5.894725],[-35.379335,-5.89442],[-35.37957,-5.894257],[-35.379441,-5.893718],[-35.379869,-5.893321],[-35.379563,-5.892349],[-35.379545,-5.891475]]}},{"type":"Feature","id":274,"properties":{"nome":"Rio Grande","regime":"Perene","ordem":4,"largura":"<=10","dominialidade":"Estadual","fonte":"ANA (2021), MDE/Maxar(imagens do basemap/arcmap), Cartas topográficas"},"geometry":{"type":"LineString","coordinates":[[-35.37953,-5.891459],[-35.378108,-5.888581],[-35.376974,-5.888134],[-35.374478,-5.88773],[-35.373912,-5.886265],[-35.372757,-5.885513],[-35.37193,-5.884535],[-35.371089,-5.884535],[-35.370067,-5.883347],[-35.370789,-5.882676],[-35.370718,-5.882222],[-35.370048,-5.881655],[-35.370062,-5.881329],[-35.370447,-5.880804],[-35.370105,-5.880095],[-35.369748,-5.880137],[-35.369363,-5.879201],[-35.368707,-5.87869],[-35.368764,-5.877782],[-35.368008,-5.877016],[-35.367837,-5.876123],[-35.366996,-5.875981],[-35.366882,-5.875413],[-35.367242,-5.875092],[-35.366767,-5.874539],[-35.365279,-5.874813],[-35.36449,-5.874244]]}},{"type":"Feature","id":275,"properties":{"regime":"Intermitente","ordem":2,"largura":"<=10","dominialidade":"Estadual","fonte":"ANA (2021), MDE/Maxar(imagens do basemap/arcmap), Cartas topográficas"},"geometry":{"type":"LineString","coordinates":[[-35.469813,-5.89978],[-35.468415,-5.898915],[-35.468141,-5.898409],[-35.466069,-5.897766],[-35.465271,-5.896957],[-35.462304,-5.895529],[-35.461619,-5.894797],[-35.460687,-5.895118],[-35.459506,-5.895918],[-35.458392,-5.896064],[-35.455949,-5.895459],[-35.45511,-5.895718],[-35.454221,-5.896745],[-35.45379,-5.89625],[-35.452044,-5.89664],[-35.451893,-5.897959],[-35.449655,-5.89852],[-35.446018,-5.899194],[-35.442311,-5.898839],[-35.440566,-5.899266],[-35.437747,-5.899442],[-35.436392,-5.90008],[-35.435422,-5.901483],[-35.434448,-5.901783],[-35.43269,-5.902901],[-35.431059,-5.90348],[-35.430308,-5.903291]]}},{"type":"Feature","id":276,"properties":{"regime":"Intermitente","ordem":1,"largura":"<=10","dominialidade":"Estadual","fonte":"ANA (2021), MDE/Maxar(imagens do basemap/arcmap), Cartas topográficas"},"geometry":{"type":"LineString","coordinates":[[-35.447376,-5.920968],[-35.446643,-5.920742],[-35.445839,-5.9201],[-35.444664,-5.918459],[-35.443456,-5.91636],[-35.44262,-5.914195],[-35.442677,-5.913807],[-35.442325,-5.913466],[-35.442306,-5.912833],[-35.441964,-5.912502],[-35.441914,-5.912125],[-35.441374,-5.911906],[-35.441212,-5.911329],[-35.440594,-5.910488],[-35.439273,-5.909835],[-35.435632,-5.909428],[-35.434538,-5.909022],[-35.434059,-5.908649],[-35.433445,-5.908539],[-35.432789,-5.907915],[-35.431943,-5.906393],[-35.432,-5.905958],[-35.431636,-5.904866],[-35.431156,-5.904061],[-35.430308,-5.903291]]}},{"type":"Feature","id":277,"properties":{"regime":"Intermitente","ordem":2,"largura":"<=10","dominialidade":"Estadual","fonte":"ANA (2021), MDE/Maxar(imagens do basemap/arcmap), Cartas topográficas"},"geometry":{"type":"LineString","coordinates":[[-35.430308,-5.903291],[-35.429224,-5.902648],[-35.427113,-5.902421],[-35.426752,-5.901286],[-35.424927,-5.901466],[-35.42409,-5.899669],[-35.423843,-5.899508],[-35.424071,-5.898998],[-35.423624,-5.898941],[-35.423447,-5.898362],[-35.42287,-5.897631],[-35.423093,-5.895991],[-35.423646,-5.89474],[-35.423668,-5.894293],[-35.422111,-5.891563],[-35.42159,-5.889304],[-35.420601,-5.888198],[-35.420896,-5.886827],[-35.420468,-5.886231],[-35.420281,-5.885243],[-35.41984,-5.885181],[-35.419536,-5.884604],[-35.419831,-5.883866],[-35.420453,-5.883291],[-35.42049,-5.882861],[-35.418756,-5.882429],[-35.418024,-5.881427],[-35.418272,-5.880528],[-35.41773,-5.880112],[-35.415296,-5.881408],[-35.414963,-5.881218],[-35.415486,-5.880679],[-35.414118,-5.875577],[-35.414356,-5.871978],[-35.413969,-5.871267]]}},{"type":"Feature","id":278,"properties":{"regime":"Intermitente","ordem":2,"largura":"10 - 50","dominialidade":"Estadual","fonte":"ANA (2021), MDE/Maxar(imagens do basemap/arcmap), Cartas topográficas"},"geometry":{"type":"LineString","coordinates":[[-35.494639,-5.889669],[-35.49064,-5.88802],[-35.48833,-5.886322],[-35.488006,-5.883844],[-35.486238,-5.883901],[-35.484051,-5.883504],[-35.483443,-5.883277],[-35.482644,-5.882312],[-35.481237,-5.88271],[-35.479308,-5.881795],[-35.477813,-5.880835],[-35.476465,-5.879778],[-35.47559,-5.877395],[-35.474525,-5.876108],[-35.474279,-5.875393],[-35.473498,-5.874841],[-35.472567,-5.87503],[-35.469182,-5.87469],[-35.468805,-5.874177],[-35.467274,-5.873151],[-35.462267,-5.868139],[-35.461249,-5.867713],[-35.455074,-5.867162],[-35.452412,-5.866216],[-35.451879,-5.866254],[-35.450529,-5.865403],[-35.44962,-5.865905],[-35.447677,-5.865422],[-35.44743,-5.864798],[-35.44564,-5.864507],[-35.443286,-5.865426],[-35.440432,-5.865932],[-35.438626,-5.866632],[-35.435622,-5.867162],[-35.427549,-5.8707],[-35.426552,-5.870718],[-35.422654,-5.869507],[-35.420943,-5.869148],[-35.419479,-5.869205],[-35.419193,-5.868997],[-35.416798,-5.869564],[-35.414877,-5.870415],[-35.414136,-5.870888],[-35.413969,-5.871267]]}},{"type":"Feature","id":279,"properties":{"regime":"Intermitente","ordem":3,"largura":"10 - 50","dominialidade":"Estadual","fonte":"ANA (2021), MDE/Maxar(imagens do basemap/arcmap), Cartas topográficas"},"geometry":{"type":"LineString","coordinates":[[-35.413969,-5.871267],[-35.413072,-5.871107],[-35.411184,-5.87027],[-35.409143,-5.870077],[-35.405662,-5.870615],[-35.404149,-5.871117],[-35.40271,-5.871167],[-35.399909,-5.871049],[-35.397812,-5.871275],[-35.396903,-5.871162],[-35.395926,-5.870521],[-35.394379,-5.870542],[-35.388485,-5.871474],[-35.387496,-5.871985],[-35.387249,-5.872761],[-35.384312,-5.873914],[-35.384112,-5.875163],[-35.383275,-5.875314],[-35.382572,-5.876108],[-35.381355,-5.875617],[-35.380309,-5.875655],[-35.379453,-5.876184],[-35.378312,-5.876184],[-35.377381,-5.875825],[-35.376487,-5.875806],[-35.374852,-5.876752],[-35.373806,-5.876619],[-35.371239,-5.875087],[-35.36949,-5.873442],[-35.366355,-5.87224],[-35.365402,-5.872534],[-35.36449,-5.874244]]}},{"type":"Feature","id":280,"properties":{"nome":"Rio Grande","regime":"Intermitente","ordem":4,"largura":"10 - 50","dominialidade":"Estadual","fonte":"ANA (2021), MDE/Maxar(imagens do basemap/arcmap), Cartas topográficas"},"geometry":{"type":"LineString","coordinates":[[-35.36449,-5.874244],[-35.363676,-5.874989],[-35.36336,-5.874559],[-35.362761,-5.87445]]}},{"type":"Feature","id":281,"properties":{"regime":"Perene","ordem":1,"largura":"<=10","dominialidade":"Estadual","fonte":"ANA (2021), MDE/Maxar(imagens do basemap/arcmap), Cartas topográficas"},"geometry":{"type":"LineString","coordinates":[[-35.346235,-5.901586],[-35.347338,-5.900545],[-35.348346,-5.898957],[-35.349848,-5.897557],[-35.353594,-5.89281],[-35.354735,-5.892091],[-35.354906,-5.890578],[-35.356408,-5.890124],[-35.358882,-5.889742],[-35.360762,-5.887381],[-35.361618,-5.885622],[-35.362595,-5.884239],[-35.363122,-5.882465],[-35.364983,-5.880289],[-35.364698,-5.879986],[-35.364564,-5.878271],[-35.364115,-5.878038],[-35.362761,-5.87445]]}},{"type":"Feature","id":282,"properties":{"nome":"Rio Grande","regime":"Perene","ordem":4,"largura":"10 - 50","dominialidade":"Estadual","fonte":"ANA (2021), MDE/Maxar(imagens do basemap/arcmap), Cartas topográficas"},"geometry":{"type":"LineString","coordinates":[[-35.362761,-5.87445],[-35.362317,-5.874151],[-35.362433,-5.873773],[-35.36231,-5.873532],[-35.361582,-5.873007],[-35.36114,-5.872884],[-35.36076,-5.873031],[-35.360498,-5.871915],[-35.359719,-5.871229],[-35.360194,-5.870614],[-35.360208,-5.869938],[-35.36058,-5.869385],[-35.360337,-5.868841],[-35.359495,-5.868264],[-35.357855,-5.868283],[-35.357328,-5.867768],[-35.356992,-5.866911],[-35.356434,-5.866373],[-35.355959,-5.866023],[-35.355155,-5.865876],[-35.354354,-5.863663],[-35.354887,-5.863511]]}},{"type":"Feature","id":283,"properties":{"regime":"Intermitente","ordem":1,"largura":"<=10","dominialidade":"Estadual","fonte":"ANA (2021), MDE/Maxar(imagens do basemap/arcmap), Cartas topográficas"},"geometry":{"type":"LineString","coordinates":[[-35.377292,-5.856497],[-35.376059,-5.857349],[-35.375365,-5.859464],[-35.373026,-5.858499],[-35.370821,-5.858404],[-35.370307,-5.858801],[-35.369319,-5.861677],[-35.368102,-5.862963],[-35.364736,-5.864533],[-35.363101,-5.866159],[-35.361979,-5.866424],[-35.35753,-5.865441],[-35.356579,-5.864911],[-35.356047,-5.863852],[-35.355215,-5.863153]]}},{"type":"Feature","id":284,"properties":{"nome":"Rio Jundia1","regime":"Perene","ordem":4,"largura":"10 - 50","dominialidade":"Estadual","fonte":"ANA (2021), MDE/Maxar(imagens do basemap/arcmap), Cartas topográficas"},"geometry":{"type":"LineString","coordinates":[[-35.354887,-5.863511],[-35.355215,-5.863153],[-35.354271,-5.862642],[-35.354564,-5.862149],[-35.355098,-5.861923],[-35.355094,-5.861327],[-35.354642,-5.860972],[-35.354114,-5.861029],[-35.353701,-5.860452],[-35.353031,-5.860509],[-35.352755,-5.860263],[-35.351999,-5.860452],[-35.351833,-5.860381],[-35.351814,-5.860036],[-35.350991,-5.85971],[-35.35092,-5.857842],[-35.350112,-5.856674],[-35.349465,-5.856452],[-35.348405,-5.856542],[-35.348001,-5.856215],[-35.347022,-5.855974],[-35.34543,-5.856329],[-35.345216,-5.856097],[-35.345244,-5.855492],[-35.344179,-5.855813],[-35.343504,-5.855459],[-35.342796,-5.85543],[-35.340457,-5.854414],[-35.339773,-5.853596],[-35.338789,-5.853917],[-35.338199,-5.853146],[-35.337838,-5.853671],[-35.337634,-5.853629],[-35.337296,-5.851969],[-35.336874,-5.851647],[-35.336561,-5.852248],[-35.336073,-5.852585]]}},{"type":"Feature","id":285,"properties":{"regime":"Intermitente","ordem":1,"largura":"<=10","dominialidade":"Estadual","fonte":"ANA (2021), MDE/Maxar(imagens do basemap/arcmap), Cartas topográficas"},"geometry":{"type":"LineString","coordinates":[[-35.3257,-5.893939],[-35.326515,-5.891827],[-35.328419,-5.889557],[-35.332602,-5.885395],[-35.331138,-5.884677],[-35.331315,-5.883875],[-35.332627,-5.882699],[-35.333326,-5.880868],[-35.333743,-5.880251],[-35.336063,-5.880081],[-35.337032,-5.879835],[-35.337907,-5.878567],[-35.339067,-5.877659],[-35.33958,-5.876449],[-35.339561,-5.8759],[-35.340056,-5.874898],[-35.34081,-5.874503],[-35.340989,-5.874033],[-35.341144,-5.873137],[-35.340303,-5.86546],[-35.33939,-5.862528],[-35.338496,-5.860598],[-35.338591,-5.858953],[-35.338363,-5.857402],[-35.337964,-5.856513],[-35.337451,-5.856002],[-35.337108,-5.855094],[-35.336937,-5.8543],[-35.337052,-5.853825],[-35.336215,-5.853373],[-35.336067,-5.852572]]}},{"type":"Feature","id":286,"properties":{"nome":"Rio Jundia1","regime":"Perene","ordem":4,"largura":"10 - 50","dominialidade":"Estadual","fonte":"ANA (2021), MDE/Maxar(imagens do basemap/arcmap), Cartas topográficas"},"geometry":{"type":"LineString","coordinates":[[-35.336067,-5.852572],[-35.335627,-5.852609],[-35.334334,-5.851909],[-35.333631,-5.852231],[-35.332775,-5.852023],[-35.332091,-5.851361],[-35.331863,-5.850661],[-35.331368,-5.850056],[-35.330691,-5.850106]]}},{"type":"Feature","id":287,"properties":{"regime":"Intermitente","ordem":1,"largura":"<=10","dominialidade":"Estadual","fonte":"ANA (2021), MDE/Maxar(imagens do basemap/arcmap), Cartas topográficas"},"geometry":{"type":"LineString","coordinates":[[-35.327014,-5.864909],[-35.327427,-5.864625],[-35.32834,-5.864469],[-35.329338,-5.863746],[-35.330237,-5.863533],[-35.330736,-5.863207],[-35.331748,-5.861462],[-35.332019,-5.860653],[-35.331892,-5.858707],[-35.332048,-5.85817],[-35.331824,-5.857735],[-35.331506,-5.85756],[-35.330986,-5.85761],[-35.329674,-5.856229],[-35.329693,-5.855302],[-35.330111,-5.853978],[-35.330531,-5.853043],[-35.33137,-5.852399],[-35.331365,-5.851316],[-35.330691,-5.850106]]}},{"type":"Feature","id":288,"properties":{"nome":"Rio Jundia1","regime":"Perene","ordem":4,"largura":"50 - 200","dominialidade":"Estadual","fonte":"ANA (2021), MDE/Maxar(imagens do basemap/arcmap), Cartas topográficas"},"geometry":{"type":"LineString","coordinates":[[-35.323021,-5.84527],[-35.321138,-5.844722],[-35.32053,-5.844986],[-35.319903,-5.846079],[-35.319274,-5.84644],[-35.317832,-5.846704],[-35.31722,-5.846353],[-35.317007,-5.845799],[-35.317145,-5.845157],[-35.31816,-5.843202],[-35.318509,-5.841565]]}},{"type":"Feature","id":289,"properties":{"regime":"Intermitente","ordem":1,"largura":"<=10","dominialidade":"Estadual","fonte":"ANA (2021), MDE/Maxar(imagens do basemap/arcmap), Cartas topográficas"},"geometry":{"type":"LineString","coordinates":[[-35.308667,-5.821237],[-35.309035,-5.821474],[-35.309273,-5.822088],[-35.309784,-5.822278],[-35.309415,-5.823011],[-35.309582,-5.823247],[-35.309441,-5.823481],[-35.309059,-5.823495],[-35.30875,-5.823141],[-35.30837,-5.823294],[-35.308298,-5.824027],[-35.307003,-5.824051],[-35.30692,-5.824347],[-35.307129,-5.824622],[-35.306938,-5.824796],[-35.306373,-5.824418],[-35.305826,-5.824441],[-35.305421,-5.824845],[-35.304697,-5.824607],[-35.304531,-5.825553],[-35.303901,-5.825954],[-35.303937,-5.826617],[-35.302689,-5.828354],[-35.302824,-5.829814],[-35.302309,-5.830352],[-35.301154,-5.830017],[-35.300384,-5.830305],[-35.300348,-5.831074],[-35.2992,-5.832327],[-35.298328,-5.832717],[-35.295811,-5.836976]]}},{"type":"Feature","id":290,"properties":{"nome":"Rio Jundia1","regime":"Perene","ordem":4,"largura":"200 - 600","dominialidade":"Estadual","fonte":"ANA (2021), MDE/Maxar(imagens do basemap/arcmap), Cartas topográficas"},"geometry":{"type":"LineString","coordinates":[[-35.295811,-5.836976],[-35.294081,-5.836323],[-35.29199,-5.834135],[-35.289565,-5.832106],[-35.286016,-5.830045],[-35.282558,-5.828372]]}},{"type":"Feature","id":291,"properties":{"regime":"Perene","ordem":1,"largura":"<=10","dominialidade":"Estadual","fonte":"ANA (2021), MDE/Maxar(imagens do basemap/arcmap), Cartas topográficas"},"geometry":{"type":"LineString","coordinates":[[-35.269469,-5.847732],[-35.273685,-5.846591],[-35.27841,-5.844185],[-35.2786,-5.843664],[-35.279693,-5.842742],[-35.279955,-5.842884],[-35.280811,-5.8413],[-35.280922,-5.840508]]}},{"type":"Feature","id":292,"properties":{"nome":"Rio Jundia1","regime":"Perene","ordem":4,"largura":"50 - 200","dominialidade":"Estadual","fonte":"ANA (2021), MDE/Maxar(imagens do basemap/arcmap), Cartas topográficas"},"geometry":{"type":"LineString","coordinates":[[-35.282558,-5.828372],[-35.281408,-5.825456],[-35.280913,-5.820704]]}},{"type":"Feature","id":293,"properties":{"nome":"Rio da Prata","regime":"Perene","ordem":1,"largura":"<=10","dominialidade":"Estadual","fonte":"ANA (2021), MDE/Maxar(imagens do basemap/arcmap), Cartas topográficas"},"geometry":{"type":"LineString","coordinates":[[-35.321059,-5.82265],[-35.320142,-5.822337],[-35.319013,-5.822928],[-35.3183,-5.822869],[-35.317825,-5.822136],[-35.317255,-5.821982],[-35.31676,-5.821505],[-35.315895,-5.819223],[-35.3145,-5.817709],[-35.313523,-5.817009],[-35.313035,-5.816811],[-35.312491,-5.816856],[-35.310575,-5.817596],[-35.309545,-5.8178],[-35.308513,-5.817719],[-35.307509,-5.817364],[-35.305842,-5.81585],[-35.305311,-5.815581],[-35.304395,-5.815643],[-35.303561,-5.816125],[-35.303314,-5.817023],[-35.30373,-5.817624],[-35.303588,-5.81794],[-35.303217,-5.8182],[-35.302186,-5.818347],[-35.300786,-5.819199],[-35.30017,-5.819273],[-35.299523,-5.818716],[-35.29879,-5.818515],[-35.298064,-5.81866],[-35.296778,-5.819298],[-35.296232,-5.819109],[-35.295756,-5.819653],[-35.295043,-5.81918],[-35.294318,-5.819925],[-35.293712,-5.819972],[-35.293439,-5.819547],[-35.293083,-5.819665],[-35.292548,-5.82028],[-35.292156,-5.819677],[-35.291954,-5.819653],[-35.292251,-5.821355],[-35.291659,-5.821651],[-35.290897,-5.821012],[-35.290283,-5.820979],[-35.289981,-5.821426],[-35.290527,-5.822018],[-35.290256,-5.822517],[-35.289707,-5.822845],[-35.289312,-5.82235],[-35.288622,-5.821923],[-35.287377,-5.822658],[-35.287004,-5.823435],[-35.286603,-5.823802],[-35.285564,-5.823566],[-35.284186,-5.822029],[-35.280913,-5.820704]]}},{"type":"Feature","id":294,"properties":{"nome":"Rio Jundia1","regime":"Perene","ordem":4,"largura":"200 - 600","dominialidade":"Estadual","fonte":"ANA (2021), MDE/Maxar(imagens do basemap/arcmap), Cartas topográficas"},"geometry":{"type":"LineString","coordinates":[[-35.280913,-5.820704],[-35.279876,-5.818373],[-35.275253,-5.81666],[-35.273519,-5.815298],[-35.271334,-5.812756],[-35.268836,-5.811492],[-35.264644,-5.811189],[-35.260005,-5.809884],[-35.257977,-5.807998],[-35.257228,-5.806939]]}},{"type":"Feature","id":295,"properties":{"nome":"Rio Potengi","regime":"Perene","ordem":5,"largura":">=600","dominialidade":"Estadual","fonte":"ANA (2021), MDE/Maxar(imagens do basemap/arcmap), Cartas topográficas"},"geometry":{"type":"LineString","coordinates":[[-35.243134,-5.782072],[-35.242489,-5.78213],[-35.240947,-5.784527],[-35.237775,-5.787249],[-35.233463,-5.788177]]}},{"type":"Feature","id":296,"properties":{"regime":"Efêmero","ordem":1,"largura":"<=10","dominialidade":"Estadual","fonte":"ANA (2021), MDE/Maxar(imagens do basemap/arcmap), Cartas topográficas"},"geometry":{"type":"LineString","coordinates":[[-35.204014,-5.796073],[-35.206458,-5.794066],[-35.208859,-5.791252],[-35.211711,-5.789431],[-35.212258,-5.78884],[-35.214516,-5.787327],[-35.217,-5.785258]]}},{"type":"Feature","id":297,"properties":{"regime":"Perene","ordem":1,"largura":"<=10","dominialidade":"Estadual","fonte":"ANA (2021), MDE/Maxar(imagens do basemap/arcmap), Cartas topográficas"},"geometry":{"type":"LineString","coordinates":[[-35.244172,-5.769594],[-35.237606,-5.768751],[-35.236726,-5.768429],[-35.236875,-5.767414],[-35.237807,-5.76632],[-35.238727,-5.765976],[-35.239281,-5.764929],[-35.238964,-5.764191],[-35.238102,-5.763506],[-35.237041,-5.763729],[-35.236214,-5.764508],[-35.235425,-5.765999],[-35.234236,-5.766793],[-35.232423,-5.767298],[-35.230481,-5.767229],[-35.228522,-5.766241],[-35.227138,-5.763951],[-35.226315,-5.76322],[-35.22142,-5.76303],[-35.220181,-5.76327],[-35.218882,-5.766189],[-35.216601,-5.767513],[-35.212798,-5.767797],[-35.207305,-5.765532]]}},{"type":"Feature","id":298,"properties":{"nome":"Rio Doce","regime":"Perene","ordem":1,"largura":"<=10","dominialidade":"Estadual","fonte":"ANA (2021), MDE/Maxar(imagens do basemap/arcmap), Cartas topográficas"},"geometry":{"type":"LineString","coordinates":[[-35.215376,-5.754911],[-35.213522,-5.755904],[-35.212666,-5.757649],[-35.211041,-5.758813],[-35.207415,-5.763342]]}},{"type":"Feature","id":299,"properties":{"nome":"Rio Potengi","regime":"Perene","ordem":5,"largura":"200 - 600","dominialidade":"Estadual","fonte":"ANA (2021), MDE/Maxar(imagens do basemap/arcmap), Cartas topográficas"},"geometry":{"type":"LineString","coordinates":[[-35.207415,-5.763342],[-35.204798,-5.758746],[-35.198106,-5.753394]]}},{"type":"Feature","id":300,"properties":{"regime":"Perene","ordem":3,"largura":"<=10","dominialidade":"Estadual","fonte":"ANA (2021), MDE/Maxar(imagens do basemap/arcmap), Cartas topográficas"},"geometry":{"type":"LineString","coordinates":[[-35.412373,-5.789663],[-35.408736,-5.789143],[-35.408178,-5.788514],[-35.407263,-5.788292],[-35.406859,-5.787606],[-35.406478,-5.78763],[-35.406312,-5.788221],[-35.40598,-5.788099],[-35.405421,-5.78881],[-35.405742,-5.789531],[-35.405646,-5.789971],[-35.405219,-5.790254],[-35.404577,-5.789852],[-35.403721,-5.789663],[-35.402213,-5.791435]]}},{"type":"Feature","id":301,"properties":{"regime":"Intermitente","ordem":2,"largura":"10 - 50","dominialidade":"Estadual","fonte":"ANA (2021), MDE/Maxar(imagens do basemap/arcmap), Cartas topográficas"},"geometry":{"type":"LineString","coordinates":[[-35.414697,-5.791464],[-35.413615,-5.791205],[-35.412373,-5.789663]]}},{"type":"Feature","id":302,"properties":{"regime":"Intermitente","ordem":1,"largura":"<=10","dominialidade":"Estadual","fonte":"ANA (2021), MDE/Maxar(imagens do basemap/arcmap), Cartas topográficas"},"geometry":{"type":"LineString","coordinates":[[-35.415122,-5.785776],[-35.414391,-5.784467],[-35.414219,-5.783389],[-35.413573,-5.782595]]}},{"type":"Feature","id":303,"properties":{"regime":"Intermitente","ordem":1,"largura":"<=10","dominialidade":"Estadual","fonte":"ANA (2021), MDE/Maxar(imagens do basemap/arcmap), Cartas topográficas"},"geometry":{"type":"LineString","coordinates":[[-35.499113,-5.94383],[-35.49835,-5.944383],[-35.498057,-5.944887],[-35.497282,-5.947785],[-35.496959,-5.948497],[-35.496182,-5.948681],[-35.496203,-5.949766],[-35.49559,-5.950688],[-35.494121,-5.95122],[-35.493886,-5.951809],[-35.493878,-5.953223]]}},{"type":"Feature","id":304,"properties":{"regime":"Intermitente","ordem":2,"largura":"10 - 50","dominialidade":"Estadual","fonte":"ANA (2021), MDE/Maxar(imagens do basemap/arcmap), Cartas topográficas"},"geometry":{"type":"LineString","coordinates":[[-35.487524,-5.998568],[-35.487642,-5.997908],[-35.485208,-5.995904],[-35.482936,-5.992823],[-35.481557,-5.991696],[-35.479218,-5.991091],[-35.47379,-5.985938],[-35.473048,-5.984586],[-35.47263,-5.983309],[-35.471964,-5.982335],[-35.471508,-5.982231],[-35.470975,-5.982401],[-35.470738,-5.982212],[-35.469939,-5.980293],[-35.469112,-5.98],[-35.467715,-5.980028],[-35.466688,-5.978506],[-35.466108,-5.978506],[-35.464891,-5.977352],[-35.463484,-5.976851],[-35.46315,-5.977034],[-35.462685,-5.976983],[-35.4624,-5.97669],[-35.462486,-5.975698],[-35.461953,-5.975177],[-35.461117,-5.975206],[-35.460967,-5.975496],[-35.460594,-5.975452],[-35.45931,-5.974402],[-35.459225,-5.973986],[-35.458882,-5.974062],[-35.458378,-5.973334],[-35.45815,-5.972587],[-35.457694,-5.972294],[-35.457085,-5.971149],[-35.457019,-5.970421],[-35.456525,-5.969722],[-35.456781,-5.969088],[-35.456905,-5.967358],[-35.457304,-5.966488],[-35.458445,-5.965892],[-35.458704,-5.965128],[-35.460015,-5.964424],[-35.460156,-5.964007],[-35.460005,-5.963174],[-35.458615,-5.961885],[-35.458045,-5.961625],[-35.457466,-5.961703],[-35.457238,-5.961429],[-35.456886,-5.96141],[-35.456496,-5.960606],[-35.455878,-5.960351],[-35.454521,-5.958836],[-35.454655,-5.957478],[-35.454206,-5.956549],[-35.452578,-5.95662],[-35.451265,-5.955485],[-35.451,-5.9544],[-35.450486,-5.953972],[-35.449892,-5.953925],[-35.449851,-5.953546],[-35.449048,-5.953204],[-35.448906,-5.953345],[-35.44868,-5.952991],[-35.448947,-5.952769],[-35.448755,-5.951882],[-35.448337,-5.952153]]}},{"type":"Feature","id":305,"properties":{"regime":"Intermitente","ordem":2,"largura":"10 - 50","dominialidade":"Estadual","fonte":"ANA (2021), MDE/Maxar(imagens do basemap/arcmap), Cartas topográficas"},"geometry":{"type":"LineString","coordinates":[[-35.412373,-5.789663],[-35.414676,-5.789821],[-35.415246,-5.787929],[-35.414752,-5.787078],[-35.414295,-5.786813],[-35.41441,-5.786529],[-35.415018,-5.78634],[-35.415122,-5.785776]]}},{"type":"Feature","id":306,"properties":{"nome":"Rio Camaragibe","regime":"Intermitente","ordem":4,"largura":"10 - 50","dominialidade":"Estadual","fonte":"ANA (2021), MDE/Maxar(imagens do basemap/arcmap), Cartas topográficas"},"geometry":{"type":"LineString","coordinates":[[-35.475303,-5.793643],[-35.474632,-5.793529],[-35.473534,-5.794225],[-35.472935,-5.79404],[-35.471238,-5.795686],[-35.470368,-5.795487],[-35.467915,-5.79702],[-35.467545,-5.797034],[-35.467031,-5.796651],[-35.466718,-5.796722],[-35.466461,-5.797247],[-35.465719,-5.797488],[-35.465662,-5.798282],[-35.466161,-5.799701],[-35.466661,-5.799389],[-35.466989,-5.799602],[-35.467017,-5.799871],[-35.465791,-5.802383],[-35.465876,-5.803915],[-35.465477,-5.804369],[-35.46378,-5.804837],[-35.463252,-5.805405],[-35.461783,-5.806313],[-35.461355,-5.806044],[-35.460414,-5.806114],[-35.460249,-5.806331],[-35.459473,-5.806511],[-35.459144,-5.80558],[-35.458974,-5.805547],[-35.458646,-5.805816],[-35.458382,-5.80716],[-35.457177,-5.807561],[-35.456649,-5.809207],[-35.455665,-5.808696],[-35.454781,-5.809803],[-35.452642,-5.810768]]}},{"type":"Feature","id":307,"properties":{"nome":"Rio Camaragibe","regime":"Intermitente","ordem":4,"largura":"<=10","dominialidade":"Estadual","fonte":"ANA (2021), MDE/Maxar(imagens do basemap/arcmap), Cartas topográficas"},"geometry":{"type":"LineString","coordinates":[[-35.477973,-5.796553],[-35.477399,-5.795998],[-35.477385,-5.794636],[-35.476991,-5.79429],[-35.476757,-5.793615],[-35.476312,-5.79386],[-35.475303,-5.793643]]}},{"type":"Feature","id":308,"properties":{"nome":"Rio Camaragibe","regime":"Intermitente","ordem":1,"largura":"<=10","dominialidade":"Estadual","fonte":"ANA (2021), MDE/Maxar(imagens do basemap/arcmap), Cartas topográficas"},"geometry":{"type":"LineString","coordinates":[[-35.477077,-5.797307],[-35.476771,-5.796608],[-35.475916,-5.795927],[-35.475787,-5.794892],[-35.475303,-5.793643]]}},{"type":"Feature","id":309,"properties":{"nome":"Rio Camaragibe","regime":"Intermitente","ordem":1,"largura":"<=10","dominialidade":"Estadual","fonte":"ANA (2021), MDE/Maxar(imagens do basemap/arcmap), Cartas topográficas"},"geometry":{"type":"LineString","coordinates":[[-35.48229,-5.800978],[-35.480636,-5.800879],[-35.478468,-5.801077],[-35.478409,-5.801403],[-35.477812,-5.80146],[-35.47737,-5.800907],[-35.477199,-5.799942],[-35.478026,-5.799105],[-35.478283,-5.798509],[-35.477599,-5.797999],[-35.477077,-5.797307]]}},{"type":"Feature","id":310,"properties":{"regime":"Intermitente","ordem":1,"largura":"<=10","dominialidade":"Estadual","fonte":"ANA (2021), MDE/Maxar(imagens do basemap/arcmap), Cartas topográficas"},"geometry":{"type":"LineString","coordinates":[[-35.387113,-5.813961],[-35.386906,-5.813045],[-35.38643,-5.812365],[-35.386396,-5.811517]]}},{"type":"Feature","id":311,"properties":{"nome":"Rio Grande","regime":"Intermitente","ordem":4,"largura":"10 - 50","dominialidade":"Estadual","fonte":"ANA (2021), MDE/Maxar(imagens do basemap/arcmap), Cartas topográficas"},"geometry":{"type":"LineString","coordinates":[[-35.448337,-5.952153],[-35.448278,-5.952359],[-35.447765,-5.952522],[-35.44729,-5.952368],[-35.446767,-5.951848],[-35.445508,-5.951872],[-35.444319,-5.953858],[-35.44319,-5.954248],[-35.441752,-5.953302],[-35.441192,-5.952414],[-35.438757,-5.951092],[-35.436198,-5.951978],[-35.435382,-5.9529],[-35.434108,-5.953461],[-35.43417,-5.951671],[-35.434622,-5.950761],[-35.435775,-5.949638],[-35.435882,-5.948976],[-35.433517,-5.947688],[-35.430367,-5.945395],[-35.429928,-5.94465],[-35.429238,-5.944],[-35.427491,-5.944094],[-35.426351,-5.944544],[-35.424818,-5.944366],[-35.422987,-5.942333],[-35.422072,-5.942889],[-35.421597,-5.943421],[-35.420599,-5.943409],[-35.418329,-5.942972],[-35.416653,-5.943976],[-35.415869,-5.944047],[-35.414835,-5.943929],[-35.414336,-5.943633],[-35.413963,-5.943106]]}},{"type":"Feature","id":312,"properties":{"regime":"Intermitente","ordem":1,"largura":"<=10","dominialidade":"Estadual","fonte":"ANA (2021), MDE/Maxar(imagens do basemap/arcmap), Cartas topográficas"},"geometry":{"type":"LineString","coordinates":[[-35.396803,-5.921009],[-35.396846,-5.922621],[-35.392593,-5.925101],[-35.390819,-5.927993],[-35.387561,-5.931904],[-35.385565,-5.934741],[-35.384392,-5.93726],[-35.381758,-5.938586],[-35.379201,-5.937581]]}},{"type":"Feature","id":313,"properties":{"regime":"Intermitente","ordem":1,"largura":"<=10","dominialidade":"Estadual","fonte":"ANA (2021), MDE/Maxar(imagens do basemap/arcmap), Cartas topográficas"},"geometry":{"type":"LineString","coordinates":[[-35.419264,-5.915661],[-35.418541,-5.915907],[-35.418275,-5.916285],[-35.417052,-5.916965]]}},{"type":"Feature","id":314,"properties":{"regime":"Intermitente","ordem":2,"largura":"10 - 50","dominialidade":"Estadual","fonte":"ANA (2021), MDE/Maxar(imagens do basemap/arcmap), Cartas topográficas"},"geometry":{"type":"LineString","coordinates":[[-35.417052,-5.916965],[-35.416697,-5.916702],[-35.416146,-5.916739],[-35.415138,-5.917118],[-35.41181,-5.919501],[-35.410194,-5.920144],[-35.408521,-5.920579],[-35.406981,-5.920106]]}},{"type":"Feature","id":315,"properties":{"regime":"Intermitente","ordem":1,"largura":"<=10","dominialidade":"Estadual","fonte":"ANA (2021), MDE/Maxar(imagens do basemap/arcmap), Cartas topográficas"},"geometry":{"type":"LineString","coordinates":[[-35.419416,-5.918366],[-35.417052,-5.916965]]}},{"type":"Feature","id":316,"properties":{"regime":"Intermitente","ordem":1,"largura":"<=10","dominialidade":"Estadual","fonte":"ANA (2021), MDE/Maxar(imagens do basemap/arcmap), Cartas topográficas"},"geometry":{"type":"LineString","coordinates":[[-35.409871,-5.917193],[-35.409262,-5.917458],[-35.408559,-5.917382],[-35.407114,-5.919085],[-35.406981,-5.920106]]}},{"type":"Feature","id":317,"properties":{"regime":"Intermitente","ordem":1,"largura":"<=10","dominialidade":"Estadual","fonte":"ANA (2021), MDE/Maxar(imagens do basemap/arcmap), Cartas topográficas"},"geometry":{"type":"LineString","coordinates":[[-35.384962,-5.927444],[-35.384562,-5.926065],[-35.384962,-5.923964],[-35.385009,-5.921032]]}},{"type":"Feature","id":318,"properties":{"nome":"Rio Potengi","regime":"Perene","ordem":5,"largura":"200 - 600","dominialidade":"Estadual","fonte":"ANA (2021), MDE/Maxar(imagens do basemap/arcmap), Cartas topográficas"},"geometry":{"type":"LineString","coordinates":[[-35.217,-5.785258],[-35.215065,-5.784276],[-35.209899,-5.779097],[-35.207931,-5.772414],[-35.207161,-5.768413],[-35.207415,-5.763342]]}},{"type":"Feature","id":319,"properties":{"regime":"Perene","ordem":2,"largura":"<=10","dominialidade":"Estadual","fonte":"ANA (2021), MDE/Maxar(imagens do basemap/arcmap), Cartas topográficas"},"geometry":{"type":"LineString","coordinates":[[-35.313041,-5.791548],[-35.311693,-5.792201],[-35.311347,-5.792673],[-35.311415,-5.793002],[-35.310627,-5.793137],[-35.308758,-5.794192],[-35.306829,-5.794391],[-35.306298,-5.794234],[-35.305704,-5.794416],[-35.305081,-5.794245],[-35.302963,-5.795029],[-35.296349,-5.796424],[-35.295281,-5.796878],[-35.292822,-5.797101]]}},{"type":"Feature","id":320,"properties":{"regime":"Intermitente","ordem":1,"largura":"<=10","dominialidade":"Estadual","fonte":"ANA (2021), MDE/Maxar(imagens do basemap/arcmap), Cartas topográficas"},"geometry":{"type":"LineString","coordinates":[[-35.309124,-5.785797],[-35.308876,-5.786364],[-35.30939,-5.786951],[-35.310265,-5.786743],[-35.311615,-5.788389],[-35.312318,-5.788918],[-35.313041,-5.791548]]}},{"type":"Feature","id":321,"properties":{"nome":"Rio da Prata","regime":"Intermitente","ordem":1,"largura":"<=10","dominialidade":"Estadual","fonte":"ANA (2021), MDE/Maxar(imagens do basemap/arcmap), Cartas topográficas"},"geometry":{"type":"LineString","coordinates":[[-35.432266,-5.836024],[-35.427938,-5.835464],[-35.420294,-5.835897],[-35.41941,-5.836329],[-35.418632,-5.838663],[-35.418019,-5.839883],[-35.415959,-5.840983],[-35.414718,-5.841366],[-35.410803,-5.843487],[-35.404315,-5.845246],[-35.402853,-5.845366],[-35.398924,-5.844912],[-35.397712,-5.843969],[-35.3961,-5.843728],[-35.39471,-5.843841],[-35.392671,-5.8446],[-35.389726,-5.844508],[-35.388136,-5.843316],[-35.385519,-5.842586],[-35.380827,-5.842869],[-35.37933,-5.843146],[-35.378317,-5.843018],[-35.37692,-5.843373],[-35.373814,-5.843043],[-35.373362,-5.842617],[-35.373265,-5.841838],[-35.372618,-5.840674],[-35.3726,-5.840272],[-35.37039,-5.837836],[-35.370247,-5.836814],[-35.370622,-5.835573],[-35.37034,-5.834514],[-35.369794,-5.833273],[-35.368997,-5.832705],[-35.368486,-5.832611],[-35.36807,-5.832835],[-35.364993,-5.833237],[-35.363519,-5.832953],[-35.362485,-5.833001],[-35.361689,-5.833202],[-35.361261,-5.833592],[-35.359324,-5.832351],[-35.359134,-5.832055],[-35.356816,-5.832599],[-35.356519,-5.832859],[-35.356721,-5.833509],[-35.356522,-5.833763],[-35.355648,-5.833977]]}},{"type":"Feature","id":322,"properties":{"regime":"Intermitente","ordem":2,"largura":"10 - 50","dominialidade":"Estadual","fonte":"ANA (2021), MDE/Maxar(imagens do basemap/arcmap), Cartas topográficas"},"geometry":{"type":"LineString","coordinates":[[-35.421947,-5.964598],[-35.420361,-5.963165],[-35.419077,-5.961293],[-35.41806,-5.958042],[-35.417553,-5.952129]]}},{"type":"Feature","id":323,"properties":{"regime":"Intermitente","ordem":1,"largura":"<=10","dominialidade":"Estadual","fonte":"ANA (2021), MDE/Maxar(imagens do basemap/arcmap), Cartas topográficas"},"geometry":{"type":"LineString","coordinates":[[-35.501273,-5.948341],[-35.498728,-5.950383],[-35.498357,-5.950901],[-35.496985,-5.951749],[-35.496902,-5.951986],[-35.496345,-5.951909],[-35.496018,-5.95227],[-35.493878,-5.953223]]}},{"type":"Feature","id":324,"properties":{"regime":"Intermitente","ordem":2,"largura":"10 - 50","dominialidade":"Estadual","fonte":"ANA (2021), MDE/Maxar(imagens do basemap/arcmap), Cartas topográficas"},"geometry":{"type":"LineString","coordinates":[[-35.475956,-5.899223],[-35.474093,-5.899506],[-35.473143,-5.900202],[-35.470445,-5.900059],[-35.469813,-5.89978]]}},{"type":"Feature","id":325,"properties":{"regime":"Intermitente","ordem":2,"largura":"10 - 50","dominialidade":"Estadual","fonte":"ANA (2021), MDE/Maxar(imagens do basemap/arcmap), Cartas topográficas"},"geometry":{"type":"LineString","coordinates":[[-35.499685,-5.912013],[-35.502348,-5.912613],[-35.502503,-5.913137],[-35.502229,-5.913684],[-35.500516,-5.913779],[-35.497632,-5.911252],[-35.496796,-5.911403],[-35.496149,-5.911176],[-35.493857,-5.908462],[-35.492993,-5.908074],[-35.492499,-5.907564],[-35.491738,-5.904443],[-35.491091,-5.903592],[-35.490027,-5.900849],[-35.488544,-5.899582],[-35.488277,-5.898844],[-35.486935,-5.898706],[-35.484121,-5.898818],[-35.480672,-5.898296],[-35.480082,-5.898769],[-35.478968,-5.898975],[-35.478067,-5.898731],[-35.475956,-5.899223]]}},{"type":"Feature","id":326,"properties":{"regime":"Perene","ordem":1,"largura":"<=10","dominialidade":"Estadual","fonte":"ANA (2021), MDE/Maxar(imagens do basemap/arcmap), Cartas topográficas"},"geometry":{"type":"LineString","coordinates":[[-35.467543,-5.9039],[-35.468066,-5.90252],[-35.468537,-5.902329],[-35.469184,-5.901306],[-35.469399,-5.900378],[-35.469813,-5.89978]]}},{"type":"Feature","id":327,"properties":{"regime":"Perene","ordem":1,"largura":"<=10","dominialidade":"Estadual","fonte":"ANA (2021), MDE/Maxar(imagens do basemap/arcmap), Cartas topográficas"},"geometry":{"type":"LineString","coordinates":[[-35.47847,-5.904137],[-35.478226,-5.903268],[-35.477281,-5.901781],[-35.476924,-5.901549],[-35.476715,-5.900681],[-35.47643,-5.900342],[-35.476347,-5.899641],[-35.475956,-5.899223]]}},{"type":"Feature","id":328,"properties":{"regime":"Intermitente","ordem":1,"largura":"<=10","dominialidade":"Estadual","fonte":"ANA (2021), MDE/Maxar(imagens do basemap/arcmap), Cartas topográficas"},"geometry":{"type":"LineString","coordinates":[[-35.666394,-6.034081],[-35.666166,-6.033724],[-35.666123,-6.032511],[-35.665866,-6.032154],[-35.665466,-6.031883],[-35.663664,-6.031695],[-35.661783,-6.030912],[-35.660555,-6.029813],[-35.660398,-6.028713],[-35.659599,-6.028542],[-35.659036,-6.028767],[-35.658043,-6.028471],[-35.657357,-6.028642],[-35.656229,-6.028114],[-35.65563,-6.028028],[-35.655002,-6.027585],[-35.654887,-6.0272],[-35.655173,-6.026857],[-35.654944,-6.026315],[-35.654446,-6.026013],[-35.651504,-6.02523],[-35.651047,-6.024602],[-35.65059,-6.024544],[-35.650433,-6.024145],[-35.64902,-6.024216],[-35.647778,-6.023588],[-35.647364,-6.023288],[-35.647378,-6.023031],[-35.645765,-6.02206],[-35.644865,-6.022075],[-35.64408,-6.02186],[-35.643723,-6.019514],[-35.643104,-6.018134],[-35.641867,-6.017658],[-35.640963,-6.017944],[-35.640297,-6.016659],[-35.638631,-6.015469],[-35.637346,-6.013328],[-35.635204,-6.011519],[-35.633729,-6.009473],[-35.631826,-6.007522],[-35.631635,-6.00657],[-35.630731,-6.004524],[-35.63033,-6.00309],[-35.629529,-6.001859],[-35.629493,-6.000417],[-35.629202,-6.00003]]}},{"type":"Feature","id":329,"properties":{"regime":"Intermitente","ordem":2,"largura":"10 - 50","dominialidade":"Estadual","fonte":"ANA (2021), MDE/Maxar(imagens do basemap/arcmap), Cartas topográficas"},"geometry":{"type":"LineString","coordinates":[[-35.651974,-6.04388],[-35.651103,-6.042195],[-35.650932,-6.041367],[-35.650118,-6.040439],[-35.649647,-6.040153],[-35.647363,-6.039711],[-35.646278,-6.03898],[-35.645493,-6.039111],[-35.644993,-6.03904],[-35.644765,-6.038683],[-35.643822,-6.038926],[-35.642066,-6.038611],[-35.641481,-6.037755],[-35.640581,-6.037013],[-35.640324,-6.036998],[-35.638883,-6.035528],[-35.638183,-6.035228],[-35.63677,-6.033729],[-35.63657,-6.032844],[-35.636698,-6.031716],[-35.63607,-6.030302],[-35.636213,-6.029731],[-35.635756,-6.029089],[-35.635413,-6.027918],[-35.634671,-6.027576],[-35.634043,-6.027533],[-35.632901,-6.027761],[-35.631673,-6.02769],[-35.629503,-6.028504]]}},{"type":"Feature","id":330,"properties":{"regime":"Intermitente","ordem":1,"largura":"<=10","dominialidade":"Estadual","fonte":"ANA (2021), MDE/Maxar(imagens do basemap/arcmap), Cartas topográficas"},"geometry":{"type":"LineString","coordinates":[[-35.627195,-6.044791],[-35.627934,-6.043364],[-35.63057,-6.040461],[-35.631541,-6.038015],[-35.630723,-6.035587],[-35.629657,-6.034322],[-35.629019,-6.032627],[-35.629042,-6.031435],[-35.629768,-6.030304],[-35.629357,-6.028918],[-35.629503,-6.028504]]}},{"type":"Feature","id":331,"properties":{"regime":"Intermitente","ordem":2,"largura":"<=10","dominialidade":"Estadual","fonte":"ANA (2021), MDE/Maxar(imagens do basemap/arcmap), Cartas topográficas"},"geometry":{"type":"LineString","coordinates":[[-35.626254,-6.023237],[-35.625186,-6.022885],[-35.624463,-6.02305],[-35.623821,-6.022721],[-35.623107,-6.022879],[-35.622379,-6.022365],[-35.621679,-6.022736],[-35.620294,-6.022065],[-35.620137,-6.021608],[-35.620294,-6.021365],[-35.619923,-6.020965],[-35.61978,-6.020294],[-35.619552,-6.020037],[-35.618738,-6.019895],[-35.618367,-6.019609],[-35.61791,-6.01881],[-35.617867,-6.018167],[-35.616297,-6.016511],[-35.614141,-6.017068],[-35.613884,-6.017468],[-35.612385,-6.018281],[-35.611071,-6.018396],[-35.610129,-6.017839],[-35.609258,-6.016682],[-35.607845,-6.01594],[-35.607459,-6.015226],[-35.607831,-6.014127],[-35.607488,-6.012728],[-35.606217,-6.010072],[-35.605332,-6.009944],[-35.605004,-6.010115],[-35.604547,-6.010786],[-35.602877,-6.011072],[-35.601649,-6.010957],[-35.600378,-6.010386],[-35.599107,-6.008887],[-35.598037,-6.00883],[-35.597251,-6.009016],[-35.596893,-6.008695],[-35.595718,-6.008396],[-35.59451,-6.008573],[-35.593911,-6.008073],[-35.593026,-6.007759],[-35.593017,-6.007601]]}},{"type":"Feature","id":332,"properties":{"regime":"Intermitente","ordem":1,"largura":"<=10","dominialidade":"Estadual","fonte":"ANA (2021), MDE/Maxar(imagens do basemap/arcmap), Cartas topográficas"},"geometry":{"type":"LineString","coordinates":[[-35.576055,-6.029045],[-35.576217,-6.028369],[-35.576657,-6.027821],[-35.57662,-6.026584],[-35.576847,-6.025454],[-35.577882,-6.023396],[-35.578489,-6.023074],[-35.580036,-6.022765],[-35.580999,-6.022789],[-35.581487,-6.022563],[-35.583022,-6.018363],[-35.58301,-6.016935],[-35.583212,-6.016781],[-35.583594,-6.013748],[-35.583415,-6.012557],[-35.583548,-6.011236],[-35.583141,-6.010035],[-35.581951,-6.009155],[-35.581011,-6.008024],[-35.580536,-6.007929],[-35.580345,-6.007489],[-35.579262,-6.006466],[-35.578763,-6.005336],[-35.57887,-6.004265],[-35.578335,-6.001707],[-35.578239,-6.00022],[-35.577179,-5.999324]]}},{"type":"Feature","id":333,"properties":{"regime":"Intermitente","ordem":1,"largura":"<=10","dominialidade":"Estadual","fonte":"ANA (2021), MDE/Maxar(imagens do basemap/arcmap), Cartas topográficas"},"geometry":{"type":"LineString","coordinates":[[-35.5549,-6.023248],[-35.554543,-6.022505],[-35.554603,-6.02188],[-35.553978,-6.020423],[-35.554038,-6.01953],[-35.553651,-6.018341],[-35.552402,-6.015961],[-35.552194,-6.015277],[-35.552214,-6.014448],[-35.551926,-6.013671],[-35.551116,-6.013268],[-35.550855,-6.012868],[-35.550945,-6.011916],[-35.550558,-6.010875],[-35.550469,-6.009774],[-35.550736,-6.009061],[-35.551688,-6.007782],[-35.551926,-6.007008],[-35.551748,-6.005938],[-35.550379,-6.004926],[-35.549725,-6.004034],[-35.549041,-6.002517],[-35.54803,-6.001922],[-35.54713,-6.000928],[-35.545923,-6.000123]]}},{"type":"Feature","id":334,"properties":{"regime":"Intermitente","ordem":1,"largura":"<=10","dominialidade":"Estadual","fonte":"ANA (2021), MDE/Maxar(imagens do basemap/arcmap), Cartas topográficas"},"geometry":{"type":"LineString","coordinates":[[-35.507971,-6.020982],[-35.508757,-6.020125],[-35.509363,-6.018162],[-35.510149,-6.017627],[-35.510613,-6.016699],[-35.510898,-6.015699],[-35.510755,-6.013486],[-35.510898,-6.012987],[-35.512112,-6.010203],[-35.513504,-6.008632]]}},{"type":"Feature","id":335,"properties":{"regime":"Perene","ordem":1,"largura":"<=10","dominialidade":"Estadual","fonte":"ANA (2021), MDE/Maxar(imagens do basemap/arcmap), Cartas topográficas"},"geometry":{"type":"LineString","coordinates":[[-35.537834,-6.033331],[-35.53731,-6.030476],[-35.537358,-6.026217],[-35.536858,-6.025146],[-35.536073,-6.024884],[-35.535524,-6.022914],[-35.534193,-6.022267],[-35.533931,-6.0216],[-35.533955,-6.020518],[-35.533527,-6.019875],[-35.532706,-6.016913],[-35.53292,-6.01627],[-35.532527,-6.014557],[-35.532849,-6.012558],[-35.532777,-6.011666],[-35.53242,-6.010988],[-35.53169,-6.010375]]}},{"type":"Feature","id":336,"properties":{"regime":"Intermitente","ordem":2,"largura":"10 - 50","dominialidade":"Estadual","fonte":"ANA (2021), MDE/Maxar(imagens do basemap/arcmap), Cartas topográficas"},"geometry":{"type":"LineString","coordinates":[[-35.513504,-6.008632],[-35.513397,-6.007918],[-35.513004,-6.007276],[-35.512326,-6.006741],[-35.512112,-6.006241],[-35.512219,-6.005848],[-35.513789,-6.003885],[-35.514539,-6.002493],[-35.514789,-6.001494],[-35.515288,-6.000887],[-35.518643,-5.998567]]}},{"type":"Feature","id":337,"properties":{"regime":"Intermitente","ordem":1,"largura":"<=10","dominialidade":"Estadual","fonte":"ANA (2021), MDE/Maxar(imagens do basemap/arcmap), Cartas topográficas"},"geometry":{"type":"LineString","coordinates":[[-35.538889,-6.004484],[-35.537937,-6.00536],[-35.536148,-6.006235],[-35.532455,-6.006521],[-35.531389,-6.006806],[-35.528159,-6.00603],[-35.527658,-6.006102],[-35.526649,-6.005531],[-35.526554,-6.004027],[-35.526192,-6.003266],[-35.525526,-6.002656],[-35.52269,-6.000981],[-35.521605,-6.000848],[-35.520919,-6.000467],[-35.519627,-5.999213],[-35.519086,-5.998405]]}},{"type":"Feature","id":338,"properties":{"regime":"Intermitente","ordem":1,"largura":"<=10","dominialidade":"Estadual","fonte":"ANA (2021), MDE/Maxar(imagens do basemap/arcmap), Cartas topográficas"},"geometry":{"type":"LineString","coordinates":[[-35.53169,-6.010375],[-35.531219,-6.010753],[-35.529546,-6.011145],[-35.527316,-6.011309],[-35.525532,-6.01056],[-35.524925,-6.010488],[-35.52414,-6.010738],[-35.523711,-6.01109],[-35.523033,-6.011012],[-35.521891,-6.011416],[-35.520703,-6.01146],[-35.520321,-6.011773],[-35.519893,-6.011773],[-35.518891,-6.012251],[-35.51738,-6.011461],[-35.51578,-6.010235],[-35.513932,-6.00931],[-35.513504,-6.008632]]}},{"type":"Feature","id":339,"properties":{"regime":"Perene","ordem":1,"largura":"<=10","dominialidade":"Estadual","fonte":"ANA (2021), MDE/Maxar(imagens do basemap/arcmap), Cartas topográficas"},"geometry":{"type":"LineString","coordinates":[[-35.574266,-6.031058],[-35.573814,-6.030891],[-35.573742,-6.030629],[-35.574456,-6.03026],[-35.575027,-6.029451],[-35.575515,-6.029392],[-35.576055,-6.029045]]}},{"type":"Feature","id":340,"properties":{"nome":"Rio Potengi","regime":"Intermitente","ordem":5,"largura":"50 - 200","dominialidade":"Estadual","fonte":"ANA (2021), MDE/Maxar(imagens do basemap/arcmap), Cartas topográficas"},"geometry":{"type":"LineString","coordinates":[[-35.638937,-5.890917],[-35.636887,-5.891836],[-35.633155,-5.892797],[-35.632468,-5.89246],[-35.630826,-5.892496],[-35.627777,-5.891964],[-35.62585,-5.890679],[-35.625303,-5.889894],[-35.625303,-5.888776],[-35.624781,-5.886786],[-35.623899,-5.884778],[-35.62378,-5.88404],[-35.623922,-5.882883],[-35.622814,-5.881184],[-35.621854,-5.880142],[-35.617684,-5.878038],[-35.613904,-5.87673]]}},{"type":"Feature","id":341,"properties":{"regime":"Intermitente","ordem":2,"largura":"<=10","dominialidade":"Estadual","fonte":"ANA (2021), MDE/Maxar(imagens do basemap/arcmap), Cartas topográficas"},"geometry":{"type":"LineString","coordinates":[[-35.613433,-5.917587],[-35.613675,-5.916754],[-35.614674,-5.915155],[-35.61684,-5.913898],[-35.616806,-5.913514],[-35.616323,-5.913065],[-35.616648,-5.912006],[-35.616565,-5.910888],[-35.616838,-5.910543],[-35.61697,-5.909446],[-35.616846,-5.908272],[-35.617362,-5.907622],[-35.617262,-5.906115],[-35.616654,-5.904949],[-35.616546,-5.904366],[-35.616829,-5.903675],[-35.617787,-5.9029],[-35.618103,-5.9029],[-35.619169,-5.903492],[-35.620035,-5.903592],[-35.619894,-5.902559],[-35.620052,-5.902226],[-35.621334,-5.901143]]}},{"type":"Feature","id":342,"properties":{"regime":"Intermitente","ordem":3,"largura":"<=10","dominialidade":"Estadual","fonte":"ANA (2021), MDE/Maxar(imagens do basemap/arcmap), Cartas topográficas"},"geometry":{"type":"LineString","coordinates":[[-35.6214,-5.897876],[-35.621161,-5.897631],[-35.620261,-5.897588],[-35.61969,-5.896489],[-35.619505,-5.896446],[-35.618948,-5.897003],[-35.619205,-5.898802],[-35.618648,-5.899101],[-35.617834,-5.898959],[-35.617463,-5.898602],[-35.617378,-5.897959],[-35.616273,-5.896379],[-35.617101,-5.895294],[-35.617044,-5.894752],[-35.61733,-5.894081],[-35.617573,-5.892425],[-35.618601,-5.890983],[-35.618843,-5.889955],[-35.618601,-5.889269],[-35.617915,-5.889169],[-35.616887,-5.890397],[-35.616193,-5.888993],[-35.614708,-5.888337],[-35.614555,-5.887709],[-35.614831,-5.886842],[-35.614594,-5.886214],[-35.615,-5.88601],[-35.614798,-5.885212],[-35.614477,-5.884998],[-35.612502,-5.884677],[-35.612395,-5.884511],[-35.612609,-5.883238],[-35.612918,-5.882702],[-35.613751,-5.882393],[-35.61368,-5.882],[-35.612157,-5.881596],[-35.611606,-5.881618],[-35.610801,-5.880989],[-35.611205,-5.880501],[-35.611669,-5.880418],[-35.611288,-5.87968],[-35.611479,-5.879407],[-35.612431,-5.879894],[-35.612823,-5.879573],[-35.612823,-5.878859],[-35.613549,-5.87849],[-35.613692,-5.878229],[-35.613585,-5.877848],[-35.612966,-5.877336],[-35.612338,-5.876279]]}},{"type":"Feature","id":343,"properties":{"nome":"Rio Potengi","regime":"Intermitente","ordem":5,"largura":"50 - 200","dominialidade":"Estadual","fonte":"ANA (2021), MDE/Maxar(imagens do basemap/arcmap), Cartas topográficas"},"geometry":{"type":"LineString","coordinates":[[-35.612338,-5.876279],[-35.609163,-5.875363],[-35.606059,-5.874792]]}},{"type":"Feature","id":344,"properties":{"regime":"Intermitente","ordem":1,"largura":"<=10","dominialidade":"Estadual","fonte":"ANA (2021), MDE/Maxar(imagens do basemap/arcmap), Cartas topográficas"},"geometry":{"type":"LineString","coordinates":[[-35.586076,-5.913702],[-35.586085,-5.913064],[-35.586628,-5.911989],[-35.586447,-5.911075],[-35.587208,-5.910804],[-35.587437,-5.910447],[-35.587608,-5.909818],[-35.587651,-5.90752],[-35.588422,-5.906278],[-35.587836,-5.904065],[-35.587694,-5.901267],[-35.587722,-5.900681],[-35.588222,-5.899725],[-35.588493,-5.898468],[-35.589464,-5.898026],[-35.589907,-5.897469],[-35.59062,-5.895856],[-35.591106,-5.895385],[-35.59152,-5.89547],[-35.592291,-5.896027],[-35.59268,-5.895828],[-35.592591,-5.894514],[-35.592719,-5.894257],[-35.593961,-5.894057],[-35.59419,-5.892943],[-35.593918,-5.891787],[-35.594061,-5.891216],[-35.594632,-5.89093],[-35.59636,-5.890745],[-35.596631,-5.890402],[-35.59694,-5.88798],[-35.59791,-5.887798],[-35.597902,-5.887399],[-35.598092,-5.887466],[-35.598025,-5.887218],[-35.598311,-5.887218],[-35.598454,-5.886524],[-35.598815,-5.886609],[-35.599215,-5.887304],[-35.599729,-5.887704],[-35.599996,-5.88778],[-35.600357,-5.887399],[-35.600605,-5.886162],[-35.600253,-5.88601],[-35.600224,-5.885239],[-35.6009,-5.884325],[-35.601128,-5.883297],[-35.601518,-5.883078],[-35.601966,-5.883354],[-35.602946,-5.882031],[-35.602841,-5.881308],[-35.603669,-5.881098],[-35.603489,-5.880556],[-35.603698,-5.880346],[-35.603448,-5.879959],[-35.603734,-5.879257],[-35.604519,-5.878614],[-35.604852,-5.877865],[-35.605161,-5.87614],[-35.605911,-5.876259],[-35.606161,-5.876128],[-35.606054,-5.875735],[-35.605399,-5.875545],[-35.606059,-5.874792]]}},{"type":"Feature","id":345,"properties":{"nome":"Rio Potengi","regime":"Intermitente","ordem":5,"largura":"50 - 200","dominialidade":"Estadual","fonte":"ANA (2021), MDE/Maxar(imagens do basemap/arcmap), Cartas topográficas"},"geometry":{"type":"LineString","coordinates":[[-35.606059,-5.874792],[-35.602834,-5.873496],[-35.600337,-5.8722],[-35.590215,-5.864226],[-35.585232,-5.860896]]}},{"type":"Feature","id":346,"properties":{"regime":"Intermitente","ordem":1,"largura":"<=10","dominialidade":"Estadual","fonte":"ANA (2021), MDE/Maxar(imagens do basemap/arcmap), Cartas topográficas"},"geometry":{"type":"LineString","coordinates":[[-35.591688,-5.884158],[-35.59168,-5.88345],[-35.590406,-5.88146],[-35.588041,-5.880952],[-35.587299,-5.878745],[-35.586591,-5.878404],[-35.5857,-5.876405],[-35.585734,-5.874165],[-35.585917,-5.873682],[-35.585184,-5.87314],[-35.585009,-5.872657],[-35.585611,-5.872086],[-35.586315,-5.872114],[-35.586877,-5.871562],[-35.586411,-5.869164],[-35.586677,-5.868393],[-35.586077,-5.867041],[-35.58602,-5.865937],[-35.585525,-5.865547],[-35.585973,-5.864509],[-35.585364,-5.863372],[-35.584088,-5.862563],[-35.584345,-5.862244],[-35.583966,-5.86194],[-35.583817,-5.861459],[-35.584231,-5.861602],[-35.584973,-5.861487],[-35.585232,-5.860896]]}},{"type":"Feature","id":347,"properties":{"nome":"Rio Potengi","regime":"Intermitente","ordem":5,"largura":"50 - 200","dominialidade":"Estadual","fonte":"ANA (2021), MDE/Maxar(imagens do basemap/arcmap), Cartas topográficas"},"geometry":{"type":"LineString","coordinates":[[-35.585232,-5.860896],[-35.582515,-5.859606],[-35.579752,-5.85885],[-35.577551,-5.858632]]}},{"type":"Feature","id":348,"properties":{"regime":"Intermitente","ordem":3,"largura":"<=10","dominialidade":"Estadual","fonte":"ANA (2021), MDE/Maxar(imagens do basemap/arcmap), Cartas topográficas"},"geometry":{"type":"LineString","coordinates":[[-35.614218,-5.84401],[-35.613718,-5.844106],[-35.613373,-5.844498],[-35.613207,-5.844903],[-35.613326,-5.845878],[-35.61313,-5.846295],[-35.611039,-5.8465],[-35.610268,-5.847092],[-35.609983,-5.847104],[-35.609815,-5.846436],[-35.608864,-5.846438],[-35.608674,-5.846057],[-35.606973,-5.84639],[-35.606211,-5.847568],[-35.605914,-5.848805],[-35.605569,-5.848995],[-35.605323,-5.850325],[-35.604903,-5.850387],[-35.604153,-5.851018],[-35.602868,-5.851375],[-35.602464,-5.851756],[-35.602404,-5.852624],[-35.601512,-5.854052],[-35.60031,-5.854397],[-35.59987,-5.854123],[-35.599382,-5.854195],[-35.59918,-5.854611],[-35.59843,-5.854944],[-35.597954,-5.855658],[-35.596967,-5.855598],[-35.59642,-5.856158],[-35.59617,-5.856122],[-35.59335,-5.855158],[-35.592208,-5.854528],[-35.592018,-5.855111],[-35.591732,-5.85523],[-35.590792,-5.855039],[-35.590281,-5.855123],[-35.590043,-5.855539],[-35.589103,-5.855789],[-35.588208,-5.857034],[-35.587158,-5.857044],[-35.586581,-5.856705],[-35.586593,-5.856384],[-35.587211,-5.856288],[-35.586741,-5.855061],[-35.586477,-5.855018],[-35.585646,-5.855556],[-35.585289,-5.855327],[-35.584375,-5.855341],[-35.583276,-5.85597],[-35.58122,-5.855013],[-35.58001,-5.85579],[-35.579292,-5.855955],[-35.579116,-5.8565],[-35.57852,-5.856509],[-35.577565,-5.85694],[-35.577308,-5.85784],[-35.577551,-5.858632]]}},{"type":"Feature","id":349,"properties":{"nome":"Rio Potengi","regime":"Intermitente","ordem":5,"largura":"50 - 200","dominialidade":"Estadual","fonte":"ANA (2021), MDE/Maxar(imagens do basemap/arcmap), Cartas topográficas"},"geometry":{"type":"LineString","coordinates":[[-35.577551,-5.858632],[-35.574418,-5.858006]]}},{"type":"Feature","id":350,"properties":{"regime":"Intermitente","ordem":3,"largura":"<=10","dominialidade":"Estadual","fonte":"ANA (2021), MDE/Maxar(imagens do basemap/arcmap), Cartas topográficas"},"geometry":{"type":"LineString","coordinates":[[-35.565332,-5.884052],[-35.565427,-5.883605],[-35.566007,-5.883339],[-35.56616,-5.882415],[-35.56714,-5.882263],[-35.566956,-5.881608],[-35.567112,-5.88134],[-35.567968,-5.881321],[-35.567844,-5.879884],[-35.568558,-5.879294],[-35.568901,-5.879294],[-35.569196,-5.878437],[-35.569634,-5.878437],[-35.569738,-5.877952],[-35.570233,-5.877495],[-35.57031,-5.876886],[-35.569653,-5.876924],[-35.569386,-5.876381],[-35.569415,-5.875306],[-35.569824,-5.875486],[-35.570252,-5.875096],[-35.57109,-5.875429],[-35.571423,-5.875144],[-35.571556,-5.874401],[-35.572632,-5.873811],[-35.571385,-5.87324],[-35.57108,-5.872736],[-35.570414,-5.872564],[-35.569995,-5.871879],[-35.569995,-5.871061],[-35.570167,-5.870804],[-35.570854,-5.870791],[-35.570953,-5.869498],[-35.573363,-5.868536],[-35.573419,-5.868326],[-35.573276,-5.868018],[-35.572578,-5.867701],[-35.572412,-5.867293],[-35.572487,-5.866843],[-35.572738,-5.866277],[-35.574111,-5.865569],[-35.574154,-5.865234],[-35.573312,-5.864154],[-35.573671,-5.862913],[-35.574528,-5.862796],[-35.574662,-5.861689],[-35.57436,-5.861209],[-35.573795,-5.860925],[-35.573375,-5.860225],[-35.572748,-5.859816],[-35.57279,-5.859481],[-35.573894,-5.859059],[-35.573364,-5.857826]]}},{"type":"Feature","id":351,"properties":{"nome":"Rio Potengi","regime":"Intermitente","ordem":5,"largura":"50 - 200","dominialidade":"Estadual","fonte":"ANA (2021), MDE/Maxar(imagens do basemap/arcmap), Cartas topográficas"},"geometry":{"type":"LineString","coordinates":[[-35.573364,-5.857826],[-35.57147,-5.857331],[-35.570296,-5.857514],[-35.568713,-5.857373],[-35.568064,-5.857206],[-35.566881,-5.85634],[-35.566698,-5.854241],[-35.566916,-5.851843],[-35.566806,-5.850427],[-35.566323,-5.849486],[-35.565132,-5.848395],[-35.56481,-5.847531]]}},{"type":"Feature","id":352,"properties":{"regime":"Intermitente","ordem":2,"largura":"10 - 50","dominialidade":"Estadual","fonte":"ANA (2021), MDE/Maxar(imagens do basemap/arcmap), Cartas topográficas"},"geometry":{"type":"LineString","coordinates":[[-35.55665,-5.877268],[-35.556038,-5.875899],[-35.55512,-5.874676],[-35.554709,-5.874384],[-35.554233,-5.874539],[-35.553626,-5.874118],[-35.55394,-5.873737],[-35.55454,-5.873556],[-35.554806,-5.872719],[-35.554463,-5.871243],[-35.555168,-5.870672],[-35.555501,-5.869906],[-35.554892,-5.869501],[-35.554321,-5.86953],[-35.554035,-5.86913],[-35.554073,-5.868826],[-35.554483,-5.868683],[-35.554778,-5.868921],[-35.555444,-5.868521],[-35.555701,-5.867607],[-35.557224,-5.86519],[-35.557984,-5.864398],[-35.558042,-5.863848],[-35.557823,-5.863572],[-35.557071,-5.863343],[-35.556624,-5.862829],[-35.558756,-5.862315],[-35.559258,-5.861607],[-35.559356,-5.861364],[-35.55887,-5.860514],[-35.558061,-5.860155],[-35.557957,-5.859888],[-35.558528,-5.858466],[-35.559142,-5.857937],[-35.559213,-5.856453],[-35.559384,-5.856138],[-35.560966,-5.855649],[-35.561793,-5.853243],[-35.562193,-5.852835],[-35.562759,-5.852851],[-35.563559,-5.852418],[-35.563542,-5.852185],[-35.563059,-5.85176],[-35.56395,-5.850453],[-35.564092,-5.850061],[-35.564,-5.84952],[-35.564259,-5.848837],[-35.564142,-5.848212],[-35.563776,-5.848271],[-35.563809,-5.847596],[-35.563617,-5.847321],[-35.563793,-5.846225]]}},{"type":"Feature","id":353,"properties":{"nome":"Rio Potengi","regime":"Intermitente","ordem":5,"largura":"50 - 200","dominialidade":"Estadual","fonte":"ANA (2021), MDE/Maxar(imagens do basemap/arcmap), Cartas topográficas"},"geometry":{"type":"LineString","coordinates":[[-35.563793,-5.846225],[-35.562346,-5.844297],[-35.560932,-5.842831]]}},{"type":"Feature","id":354,"properties":{"regime":"Intermitente","ordem":1,"largura":"<=10","dominialidade":"Estadual","fonte":"ANA (2021), MDE/Maxar(imagens do basemap/arcmap), Cartas topográficas"},"geometry":{"type":"LineString","coordinates":[[-35.597171,-5.82493],[-35.597067,-5.826719],[-35.596631,-5.828328],[-35.595662,-5.829717],[-35.592655,-5.832028],[-35.589547,-5.833246],[-35.587341,-5.83447],[-35.586949,-5.834945],[-35.586844,-5.835915],[-35.586166,-5.836602],[-35.5858,-5.837468],[-35.585142,-5.837227],[-35.584292,-5.837743],[-35.582074,-5.837869],[-35.581949,-5.83831],[-35.5816,-5.8386],[-35.580716,-5.838468],[-35.580275,-5.838789],[-35.579459,-5.838935],[-35.579359,-5.839218],[-35.579592,-5.839717],[-35.579608,-5.840434],[-35.579359,-5.841425],[-35.577835,-5.840783],[-35.57696,-5.840975],[-35.576471,-5.840348],[-35.576077,-5.840273],[-35.575036,-5.840708],[-35.57472,-5.840192],[-35.574367,-5.840433],[-35.574079,-5.8403],[-35.573976,-5.840616],[-35.573621,-5.840725],[-35.57223,-5.84045],[-35.567976,-5.841637],[-35.56751,-5.841399],[-35.567053,-5.840324],[-35.566377,-5.839838]]}},{"type":"Feature","id":355,"properties":{"nome":"Rio Potengi","regime":"Intermitente","ordem":5,"largura":"50 - 200","dominialidade":"Estadual","fonte":"ANA (2021), MDE/Maxar(imagens do basemap/arcmap), Cartas topográficas"},"geometry":{"type":"LineString","coordinates":[[-35.55565,-5.839357],[-35.554864,-5.83862],[-35.553634,-5.838],[-35.55214,-5.837573],[-35.549725,-5.836419]]}},{"type":"Feature","id":356,"properties":{"regime":"Intermitente","ordem":2,"largura":"<=10","dominialidade":"Estadual","fonte":"ANA (2021), MDE/Maxar(imagens do basemap/arcmap), Cartas topográficas"},"geometry":{"type":"LineString","coordinates":[[-35.569821,-5.825283],[-35.569121,-5.825585],[-35.567013,-5.827386],[-35.566899,-5.828166],[-35.567527,-5.828128],[-35.567641,-5.828338],[-35.566812,-5.829179],[-35.566213,-5.829409],[-35.566104,-5.829662],[-35.56448,-5.830066],[-35.562198,-5.829425],[-35.562065,-5.830525],[-35.561674,-5.830766],[-35.560399,-5.8304],[-35.559325,-5.830425],[-35.559042,-5.829899],[-35.558292,-5.830258],[-35.556644,-5.829733],[-35.554137,-5.829975],[-35.553229,-5.829817],[-35.551955,-5.829192],[-35.551555,-5.829592],[-35.551563,-5.830091],[-35.551022,-5.830366],[-35.551047,-5.830908],[-35.550506,-5.830883],[-35.550372,-5.831749],[-35.548967,-5.831655]]}},{"type":"Feature","id":357,"properties":{"nome":"Rio Potengi","regime":"Intermitente","ordem":5,"largura":"50 - 200","dominialidade":"Estadual","fonte":"ANA (2021), MDE/Maxar(imagens do basemap/arcmap), Cartas topográficas"},"geometry":{"type":"LineString","coordinates":[[-35.547321,-5.828647],[-35.54565,-5.827689],[-35.544318,-5.827441],[-35.542748,-5.827489],[-35.538988,-5.828165],[-35.536342,-5.829088],[-35.534429,-5.829508]]}},{"type":"Feature","id":358,"properties":{"regime":"Intermitente","ordem":1,"largura":"<=10","dominialidade":"Estadual","fonte":"ANA (2021), MDE/Maxar(imagens do basemap/arcmap), Cartas topográficas"},"geometry":{"type":"LineString","coordinates":[[-35.539424,-5.895012],[-35.539724,-5.894221],[-35.540856,-5.892763],[-35.540748,-5.892563],[-35.541348,-5.890265],[-35.541273,-5.889407],[-35.54049,-5.887183],[-35.540856,-5.886434],[-35.540748,-5.885751],[-35.541098,-5.884951],[-35.541231,-5.883969],[-35.541756,-5.883111],[-35.541989,-5.881962],[-35.542306,-5.881454],[-35.542614,-5.879471],[-35.543399,-5.877952],[-35.543449,-5.877194],[-35.544115,-5.876861],[-35.54449,-5.876253],[-35.54414,-5.875895],[-35.543782,-5.875037],[-35.543799,-5.874862],[-35.54419,-5.874896],[-35.544107,-5.874413],[-35.544329,-5.873945],[-35.544049,-5.873688],[-35.544145,-5.873362],[-35.543807,-5.87288],[-35.543721,-5.87178],[-35.54414,-5.8702],[-35.543883,-5.869715],[-35.544388,-5.869563],[-35.545377,-5.868487],[-35.545549,-5.868601],[-35.546091,-5.868373],[-35.546615,-5.86744],[-35.546336,-5.866419],[-35.544902,-5.864547],[-35.544787,-5.863681],[-35.545082,-5.863167],[-35.546291,-5.862843],[-35.546957,-5.862424],[-35.546967,-5.86113],[-35.546463,-5.860578],[-35.546072,-5.860787],[-35.545634,-5.860521],[-35.544959,-5.860721],[-35.544054,-5.860549],[-35.543845,-5.860131],[-35.54395,-5.859959],[-35.544635,-5.859398],[-35.545082,-5.859274],[-35.545025,-5.859036],[-35.545301,-5.85877],[-35.545292,-5.858275],[-35.545035,-5.858027],[-35.544035,-5.858027],[-35.544159,-5.857608],[-35.544711,-5.85757],[-35.545634,-5.857028],[-35.546834,-5.857447],[-35.54711,-5.857361],[-35.547291,-5.85667],[-35.546396,-5.855173],[-35.545149,-5.854429],[-35.54494,-5.853525],[-35.545006,-5.852935],[-35.544435,-5.852897],[-35.543721,-5.853497],[-35.543284,-5.853516],[-35.543065,-5.853325],[-35.54315,-5.852688],[-35.542855,-5.852231],[-35.543141,-5.851926],[-35.543483,-5.850832],[-35.545006,-5.850261],[-35.545111,-5.849166],[-35.545044,-5.848976],[-35.543788,-5.848804],[-35.543074,-5.848338],[-35.543902,-5.846492],[-35.543169,-5.845959],[-35.543645,-5.844902],[-35.543384,-5.844598],[-35.542189,-5.844083],[-35.542208,-5.843589],[-35.542465,-5.842551],[-35.543207,-5.841361],[-35.542732,-5.840981],[-35.54277,-5.840524],[-35.543502,-5.839258],[-35.543531,-5.838792],[-35.543341,-5.838059],[-35.541942,-5.837345],[-35.542655,-5.83625],[-35.541656,-5.834575],[-35.541618,-5.832929],[-35.540602,-5.832139],[-35.540086,-5.831349],[-35.539315,-5.830759],[-35.537535,-5.830663],[-35.53644,-5.830406],[-35.536117,-5.830502],[-35.534429,-5.829508]]}},{"type":"Feature","id":359,"properties":{"nome":"Rio Potengi","regime":"Intermitente","ordem":5,"largura":"50 - 200","dominialidade":"Estadual","fonte":"ANA (2021), MDE/Maxar(imagens do basemap/arcmap), Cartas topográficas"},"geometry":{"type":"LineString","coordinates":[[-35.534429,-5.829508],[-35.531835,-5.830653],[-35.531031,-5.830677]]}},{"type":"Feature","id":360,"properties":{"regime":"Intermitente","ordem":1,"largura":"<=10","dominialidade":"Estadual","fonte":"ANA (2021), MDE/Maxar(imagens do basemap/arcmap), Cartas topográficas"},"geometry":{"type":"LineString","coordinates":[[-35.525656,-5.864951],[-35.525956,-5.86408],[-35.53161,-5.853287],[-35.53181,-5.852659],[-35.531638,-5.849689],[-35.532091,-5.847419],[-35.532531,-5.84623],[-35.533518,-5.845885],[-35.533566,-5.845064],[-35.534256,-5.843006],[-35.534327,-5.84203],[-35.53453,-5.841614],[-35.534982,-5.841935],[-35.536516,-5.842018],[-35.536207,-5.841388],[-35.537123,-5.840662],[-35.537302,-5.840019],[-35.53753,-5.838436],[-35.537087,-5.838259],[-35.536623,-5.838627],[-35.536195,-5.838627],[-35.535624,-5.83714],[-35.535672,-5.835736],[-35.536778,-5.834606],[-35.536612,-5.834023],[-35.535951,-5.833494],[-35.533506,-5.833131],[-35.532913,-5.832185],[-35.531576,-5.83176],[-35.531031,-5.830677]]}},{"type":"Feature","id":361,"properties":{"nome":"Rio Potengi","regime":"Intermitente","ordem":5,"largura":"50 - 200","dominialidade":"Estadual","fonte":"ANA (2021), MDE/Maxar(imagens do basemap/arcmap), Cartas topográficas"},"geometry":{"type":"LineString","coordinates":[[-35.526826,-5.83054],[-35.525042,-5.830123],[-35.522915,-5.828909],[-35.521887,-5.826311],[-35.521687,-5.824541],[-35.520787,-5.821685],[-35.519974,-5.820843],[-35.516912,-5.820889]]}},{"type":"Feature","id":362,"properties":{"nome":"Rio Camaragibe","regime":"Intermitente","ordem":4,"largura":"10 - 50","dominialidade":"Estadual","fonte":"ANA (2021), MDE/Maxar(imagens do basemap/arcmap), Cartas topográficas"},"geometry":{"type":"LineString","coordinates":[[-35.649838,-5.792508],[-35.64833,-5.792819],[-35.647492,-5.791896],[-35.646512,-5.791306],[-35.645893,-5.791448],[-35.64556,-5.791743],[-35.644998,-5.79339],[-35.644722,-5.793638],[-35.644446,-5.793571],[-35.644256,-5.793323],[-35.644507,-5.792727],[-35.64438,-5.792543],[-35.643047,-5.791753],[-35.642562,-5.791772],[-35.6418,-5.792229],[-35.641448,-5.791896],[-35.641153,-5.790233],[-35.640734,-5.789573],[-35.639383,-5.789031],[-35.638993,-5.789107],[-35.637432,-5.791429],[-35.635861,-5.791039],[-35.634976,-5.790154],[-35.634367,-5.789926],[-35.633548,-5.790097],[-35.631978,-5.790963],[-35.632206,-5.792039],[-35.631531,-5.793304],[-35.631693,-5.794304]]}},{"type":"Feature","id":363,"properties":{"regime":"Intermitente","ordem":1,"largura":"<=10","dominialidade":"Estadual","fonte":"ANA (2021), MDE/Maxar(imagens do basemap/arcmap), Cartas topográficas"},"geometry":{"type":"LineString","coordinates":[[-35.667134,-5.736426],[-35.666171,-5.737295],[-35.665973,-5.738303],[-35.665193,-5.739788],[-35.66445,-5.740274],[-35.66407,-5.740864],[-35.661709,-5.741692],[-35.659837,-5.743048],[-35.659054,-5.743072],[-35.657616,-5.744576],[-35.657236,-5.744699],[-35.656246,-5.74608],[-35.653657,-5.748021],[-35.654076,-5.749278],[-35.653905,-5.750182],[-35.652391,-5.750734],[-35.649831,-5.7522],[-35.648013,-5.751914],[-35.647137,-5.751333],[-35.646171,-5.751495],[-35.645729,-5.752109],[-35.645186,-5.755298],[-35.645405,-5.756059],[-35.643549,-5.758105],[-35.643168,-5.759038],[-35.643463,-5.760018],[-35.643226,-5.760913],[-35.64234,-5.761722],[-35.642959,-5.763045],[-35.642978,-5.76355],[-35.642731,-5.76394],[-35.64216,-5.764539],[-35.641941,-5.764368],[-35.641379,-5.764654],[-35.640694,-5.765291],[-35.639894,-5.767214],[-35.638248,-5.769022],[-35.637762,-5.769213],[-35.636877,-5.769013],[-35.636268,-5.769175],[-35.635754,-5.76907],[-35.635497,-5.769213],[-35.634993,-5.770736],[-35.634079,-5.77065],[-35.63366,-5.770888],[-35.633641,-5.771164],[-35.632861,-5.771221],[-35.632299,-5.771487],[-35.631385,-5.771164],[-35.629948,-5.771364],[-35.629739,-5.77222],[-35.629434,-5.772515],[-35.628682,-5.772763],[-35.628901,-5.773496],[-35.628444,-5.773962],[-35.628349,-5.774419],[-35.628825,-5.774743],[-35.628835,-5.775133],[-35.628625,-5.775656],[-35.627283,-5.776846],[-35.627711,-5.777883],[-35.627635,-5.778217],[-35.626731,-5.779321],[-35.626493,-5.779977],[-35.625503,-5.780272],[-35.625094,-5.780149],[-35.624742,-5.780739],[-35.624818,-5.781005],[-35.625865,-5.781348],[-35.627226,-5.78112],[-35.627578,-5.781272],[-35.628581,-5.781232],[-35.628587,-5.781643],[-35.628035,-5.782071],[-35.625284,-5.782937],[-35.623238,-5.781624],[-35.622991,-5.7817],[-35.622762,-5.782081],[-35.623133,-5.782928],[-35.622914,-5.783718],[-35.621782,-5.78426],[-35.621534,-5.784603],[-35.621944,-5.786821],[-35.621963,-5.787858],[-35.621801,-5.78821],[-35.622153,-5.788772],[-35.622133,-5.789101]]}},{"type":"Feature","id":364,"properties":{"nome":"Rio Camaragibe","regime":"Intermitente","ordem":4,"largura":"10 - 50","dominialidade":"Estadual","fonte":"ANA (2021), MDE/Maxar(imagens do basemap/arcmap), Cartas topográficas"},"geometry":{"type":"LineString","coordinates":[[-35.622133,-5.789101],[-35.621398,-5.79007],[-35.618893,-5.790495],[-35.618807,-5.791704],[-35.618426,-5.792713],[-35.618051,-5.793484],[-35.617579,-5.793713],[-35.616675,-5.793227],[-35.615285,-5.792085],[-35.615028,-5.792123],[-35.614448,-5.793113],[-35.612573,-5.794798],[-35.611753,-5.794725],[-35.611326,-5.794493],[-35.610097,-5.793307]]}},{"type":"Feature","id":365,"properties":{"regime":"Intermitente","ordem":2,"largura":"<=10","dominialidade":"Estadual","fonte":"ANA (2021), MDE/Maxar(imagens do basemap/arcmap), Cartas topográficas"},"geometry":{"type":"LineString","coordinates":[[-35.631262,-5.740585],[-35.631433,-5.741289],[-35.632359,-5.743132],[-35.632389,-5.743584],[-35.63209,-5.744183],[-35.631671,-5.744392],[-35.631738,-5.744982],[-35.631157,-5.745468],[-35.631339,-5.747069],[-35.631024,-5.747457],[-35.6305,-5.747638],[-35.630091,-5.747533],[-35.629406,-5.748237],[-35.629844,-5.749189],[-35.630576,-5.749446],[-35.630548,-5.749684],[-35.631155,-5.750352],[-35.631833,-5.751844],[-35.632451,-5.752273],[-35.632061,-5.752749],[-35.631519,-5.753034],[-35.631138,-5.755376],[-35.630377,-5.755832],[-35.629425,-5.757698],[-35.626893,-5.758193],[-35.626236,-5.757698],[-35.625846,-5.757793],[-35.62558,-5.758164],[-35.624999,-5.758003],[-35.624685,-5.758697],[-35.624732,-5.759164],[-35.625094,-5.759982],[-35.625485,-5.760275],[-35.625427,-5.760449],[-35.623866,-5.761115],[-35.623438,-5.761705],[-35.623686,-5.762019],[-35.623761,-5.762627],[-35.623324,-5.763209],[-35.623467,-5.763361],[-35.624047,-5.763304],[-35.623543,-5.764789],[-35.623857,-5.765836],[-35.623229,-5.766112],[-35.622144,-5.766055],[-35.62202,-5.766188],[-35.621573,-5.769196],[-35.620716,-5.770223],[-35.620269,-5.770195],[-35.620164,-5.770937],[-35.620507,-5.772032],[-35.620583,-5.77308],[-35.620321,-5.773362],[-35.619631,-5.773479],[-35.619459,-5.773671],[-35.619079,-5.773326],[-35.618184,-5.773393],[-35.618156,-5.774211],[-35.616994,-5.775231],[-35.616414,-5.775277],[-35.61629,-5.775668],[-35.614969,-5.776848],[-35.613159,-5.776619],[-35.611893,-5.776934],[-35.611512,-5.776705],[-35.611303,-5.77543],[-35.610437,-5.775277],[-35.609875,-5.774849],[-35.609557,-5.774929]]}},{"type":"Feature","id":366,"properties":{"regime":"Intermitente","ordem":1,"largura":"<=10","dominialidade":"Estadual","fonte":"ANA (2021), MDE/Maxar(imagens do basemap/arcmap), Cartas topográficas"},"geometry":{"type":"LineString","coordinates":[[-35.597458,-5.74521],[-35.600038,-5.747818],[-35.600218,-5.748436],[-35.601501,-5.749271],[-35.602386,-5.749595],[-35.604052,-5.750823],[-35.605165,-5.751308],[-35.605537,-5.75186],[-35.606269,-5.752365],[-35.606983,-5.752536],[-35.607402,-5.75286],[-35.609212,-5.753002],[-35.609549,-5.753274],[-35.609552,-5.753695],[-35.608896,-5.753726],[-35.608211,-5.75403],[-35.608135,-5.754992],[-35.607278,-5.756591],[-35.607021,-5.75778],[-35.60666,-5.757999],[-35.606584,-5.758399],[-35.606707,-5.759494],[-35.60725,-5.760303],[-35.607849,-5.760731],[-35.608744,-5.760912],[-35.609391,-5.761388],[-35.610429,-5.761673],[-35.611371,-5.763815],[-35.611257,-5.764272],[-35.611461,-5.765491],[-35.610962,-5.765813],[-35.610876,-5.766956],[-35.609353,-5.769621],[-35.609582,-5.770277],[-35.609163,-5.773352],[-35.609363,-5.77417],[-35.609239,-5.774703],[-35.609557,-5.774929]]}},{"type":"Feature","id":367,"properties":{"regime":"Intermitente","ordem":2,"largura":"<=10","dominialidade":"Estadual","fonte":"ANA (2021), MDE/Maxar(imagens do basemap/arcmap), Cartas topográficas"},"geometry":{"type":"LineString","coordinates":[[-35.60691,-5.778534],[-35.6071,-5.780076],[-35.606662,-5.780362],[-35.605216,-5.779886],[-35.604664,-5.779277],[-35.604283,-5.779296],[-35.604321,-5.782151],[-35.604169,-5.782361],[-35.60276,-5.781904],[-35.602646,-5.78238],[-35.604207,-5.783769],[-35.604169,-5.784493],[-35.601535,-5.785816],[-35.601903,-5.78622],[-35.601992,-5.786795],[-35.601802,-5.787507],[-35.601296,-5.788216],[-35.600903,-5.788287],[-35.600546,-5.787657],[-35.599547,-5.787859],[-35.597703,-5.788727],[-35.596132,-5.787395],[-35.595799,-5.788501],[-35.595276,-5.788466],[-35.594824,-5.788698]]}},{"type":"Feature","id":368,"properties":{"nome":"Rio Camaragibe","regime":"Intermitente","ordem":4,"largura":"10 - 50","dominialidade":"Estadual","fonte":"ANA (2021), MDE/Maxar(imagens do basemap/arcmap), Cartas topográficas"},"geometry":{"type":"LineString","coordinates":[[-35.594824,-5.788698],[-35.593059,-5.78818],[-35.591833,-5.788052],[-35.591291,-5.788738],[-35.591462,-5.789666],[-35.591019,-5.790151],[-35.589112,-5.790643],[-35.58825,-5.791065],[-35.587593,-5.790551],[-35.58755,-5.78948],[-35.586379,-5.788809],[-35.583703,-5.788158],[-35.582096,-5.788623],[-35.581411,-5.788595],[-35.580883,-5.787638],[-35.580754,-5.786125],[-35.581356,-5.785165]]}},{"type":"Feature","id":369,"properties":{"regime":"Intermitente","ordem":1,"largura":"<=10","dominialidade":"Estadual","fonte":"ANA (2021), MDE/Maxar(imagens do basemap/arcmap), Cartas topográficas"},"geometry":{"type":"LineString","coordinates":[[-35.574478,-5.744263],[-35.576576,-5.744902],[-35.577525,-5.745378],[-35.579057,-5.746334],[-35.579666,-5.747166],[-35.579371,-5.748308],[-35.578866,-5.748736],[-35.57878,-5.749916],[-35.579618,-5.75005],[-35.579837,-5.749793],[-35.580065,-5.749812],[-35.580084,-5.749992],[-35.580399,-5.74984],[-35.580589,-5.749973],[-35.580332,-5.750935],[-35.580522,-5.751334],[-35.580379,-5.752572],[-35.58106,-5.753591],[-35.580998,-5.753923],[-35.581601,-5.755462],[-35.581484,-5.755513],[-35.581664,-5.756293],[-35.583568,-5.761281],[-35.584101,-5.763565],[-35.585138,-5.76445],[-35.585538,-5.765031],[-35.585605,-5.766515],[-35.585262,-5.767429],[-35.584672,-5.767896],[-35.584834,-5.768467],[-35.583911,-5.770475],[-35.584053,-5.77196],[-35.58294,-5.773435],[-35.583092,-5.774025],[-35.58392,-5.774472],[-35.584025,-5.774805],[-35.583711,-5.77551],[-35.583235,-5.775358],[-35.582949,-5.775624],[-35.584175,-5.777404],[-35.583908,-5.777918]]}},{"type":"Feature","id":370,"properties":{"nome":"Rio Camaragibe","regime":"Intermitente","ordem":4,"largura":"10 - 50","dominialidade":"Estadual","fonte":"ANA (2021), MDE/Maxar(imagens do basemap/arcmap), Cartas topográficas"},"geometry":{"type":"LineString","coordinates":[[-35.569918,-5.787353],[-35.568248,-5.788466],[-35.56652,-5.788695],[-35.564622,-5.788438],[-35.563879,-5.788138],[-35.56338,-5.787324],[-35.563308,-5.786411],[-35.562966,-5.78554],[-35.561951,-5.783768],[-35.56081,-5.783327],[-35.55894,-5.784255],[-35.557426,-5.785325],[-35.555228,-5.783655],[-35.554538,-5.783408]]}},{"type":"Feature","id":371,"properties":{"regime":"Intermitente","ordem":2,"largura":"<=10","dominialidade":"Estadual","fonte":"ANA (2021), MDE/Maxar(imagens do basemap/arcmap), Cartas topográficas"},"geometry":{"type":"LineString","coordinates":[[-35.556037,-5.759847],[-35.556154,-5.760018],[-35.555878,-5.760542],[-35.556231,-5.761474],[-35.555945,-5.762359],[-35.556088,-5.762759],[-35.555602,-5.76334],[-35.554965,-5.763435],[-35.553899,-5.765311],[-35.55348,-5.765672],[-35.55526,-5.766328],[-35.555003,-5.767061],[-35.555117,-5.767423],[-35.555441,-5.767747],[-35.556264,-5.767753],[-35.556164,-5.768936],[-35.557183,-5.769703],[-35.557059,-5.771306],[-35.556725,-5.77143],[-35.555631,-5.771287],[-35.555165,-5.771487],[-35.554984,-5.771868],[-35.555022,-5.773267],[-35.556231,-5.773334],[-35.556288,-5.774171],[-35.556059,-5.77537],[-35.55546,-5.776236],[-35.554165,-5.776265],[-35.552909,-5.775979],[-35.55268,-5.776265],[-35.552385,-5.777474],[-35.551814,-5.777617],[-35.551538,-5.777912],[-35.551414,-5.778997],[-35.551067,-5.779773],[-35.548588,-5.781662],[-35.548626,-5.782099],[-35.549016,-5.782375]]}},{"type":"Feature","id":372,"properties":{"nome":"Rio Camaragibe","regime":"Intermitente","ordem":4,"largura":"10 - 50","dominialidade":"Estadual","fonte":"ANA (2021), MDE/Maxar(imagens do basemap/arcmap), Cartas topográficas"},"geometry":{"type":"LineString","coordinates":[[-35.549016,-5.782375],[-35.549054,-5.78328],[-35.549406,-5.783851],[-35.549387,-5.784327],[-35.548721,-5.784974],[-35.546437,-5.785079],[-35.545713,-5.786135],[-35.544866,-5.785764],[-35.544545,-5.786094],[-35.543334,-5.785888]]}},{"type":"Feature","id":373,"properties":{"regime":"Intermitente","ordem":1,"largura":"<=10","dominialidade":"Estadual","fonte":"ANA (2021), MDE/Maxar(imagens do basemap/arcmap), Cartas topográficas"},"geometry":{"type":"LineString","coordinates":[[-35.516597,-5.730629],[-35.517215,-5.731315],[-35.518136,-5.73144],[-35.519424,-5.732285],[-35.520337,-5.73219],[-35.520956,-5.732447],[-35.522422,-5.733627],[-35.522764,-5.734684],[-35.524021,-5.736231],[-35.526391,-5.737777],[-35.528304,-5.738453],[-35.528684,-5.739281],[-35.528922,-5.739205],[-35.529408,-5.739481],[-35.529636,-5.740138],[-35.531314,-5.741446],[-35.53217,-5.742389],[-35.532494,-5.742436],[-35.532703,-5.74315],[-35.533027,-5.743283],[-35.533066,-5.743739],[-35.533665,-5.744311],[-35.53435,-5.746291],[-35.534236,-5.747167],[-35.535073,-5.748642],[-35.534873,-5.749318],[-35.537224,-5.751621],[-35.537491,-5.752097],[-35.537729,-5.752687],[-35.537348,-5.753622],[-35.536446,-5.753847],[-35.536149,-5.753688],[-35.536054,-5.753964],[-35.536349,-5.754973],[-35.536691,-5.755316],[-35.536806,-5.756068],[-35.536549,-5.756715],[-35.53554,-5.757581],[-35.536158,-5.758923],[-35.536158,-5.75937],[-35.535537,-5.760101],[-35.534995,-5.7617],[-35.535366,-5.762328],[-35.535223,-5.76348],[-35.534966,-5.763394],[-35.5337,-5.763822],[-35.532539,-5.764831],[-35.532235,-5.765383],[-35.53312,-5.766801],[-35.534348,-5.767392],[-35.5343,-5.768153],[-35.534919,-5.768391],[-35.535347,-5.768002],[-35.53587,-5.768067],[-35.536118,-5.767677],[-35.536813,-5.767848],[-35.536613,-5.768372],[-35.537041,-5.769533],[-35.536565,-5.770827],[-35.537431,-5.771094],[-35.537649,-5.772035],[-35.537022,-5.772122],[-35.536908,-5.772446],[-35.535966,-5.773045],[-35.53528,-5.773131],[-35.5347,-5.773492],[-35.535166,-5.774216],[-35.535337,-5.773968],[-35.53529,-5.774254],[-35.535661,-5.774197],[-35.535756,-5.774644],[-35.536223,-5.775149],[-35.535956,-5.776138],[-35.53666,-5.775977],[-35.537279,-5.776433],[-35.537469,-5.776909],[-35.538107,-5.776776],[-35.538631,-5.777185],[-35.53864,-5.778442],[-35.538212,-5.779441],[-35.538564,-5.780126],[-35.539316,-5.780964],[-35.540241,-5.780661],[-35.540686,-5.780317],[-35.541277,-5.779346],[-35.543589,-5.780269],[-35.542704,-5.782592],[-35.54337,-5.78439],[-35.543894,-5.784724],[-35.54404,-5.785147],[-35.543951,-5.785247],[-35.543713,-5.785038],[-35.543108,-5.785853]]}},{"type":"Feature","id":374,"properties":{"nome":"Rio Camaragibe","regime":"Intermitente","ordem":4,"largura":"10 - 50","dominialidade":"Estadual","fonte":"ANA (2021), MDE/Maxar(imagens do basemap/arcmap), Cartas topográficas"},"geometry":{"type":"LineString","coordinates":[[-35.53634,-5.793991],[-35.533447,-5.795179],[-35.531801,-5.795493],[-35.530278,-5.796959],[-35.529355,-5.797426],[-35.526861,-5.796169],[-35.525614,-5.795874],[-35.523709,-5.796168],[-35.523292,-5.795979],[-35.522321,-5.794941],[-35.52175,-5.794665],[-35.521293,-5.794827],[-35.520636,-5.795846],[-35.520313,-5.795712],[-35.519608,-5.796321],[-35.517483,-5.796563],[-35.516315,-5.796302],[-35.514802,-5.79536],[-35.513974,-5.793837],[-35.51365,-5.793599],[-35.512927,-5.793495],[-35.511623,-5.793828],[-35.510005,-5.792724]]}},{"type":"Feature","id":375,"properties":{"regime":"Intermitente","ordem":2,"largura":"<=10","dominialidade":"Estadual","fonte":"ANA (2021), MDE/Maxar(imagens do basemap/arcmap), Cartas topográficas"},"geometry":{"type":"LineString","coordinates":[[-35.507142,-5.761029],[-35.507463,-5.762278],[-35.507737,-5.762564],[-35.508653,-5.762647],[-35.508927,-5.763254],[-35.510111,-5.763504],[-35.510303,-5.765169],[-35.512484,-5.76726],[-35.513001,-5.768042],[-35.513184,-5.769392],[-35.512959,-5.770258],[-35.513892,-5.771898],[-35.513734,-5.772331],[-35.513584,-5.772273],[-35.5138,-5.773897],[-35.513742,-5.775088],[-35.514808,-5.775896],[-35.514808,-5.777545],[-35.514342,-5.778219],[-35.514408,-5.778952],[-35.513942,-5.780701],[-35.514408,-5.781168],[-35.514333,-5.781709],[-35.514475,-5.781892],[-35.514725,-5.781701],[-35.515108,-5.781884],[-35.515849,-5.783175],[-35.516748,-5.783208],[-35.51724,-5.784149],[-35.51694,-5.784907],[-35.516141,-5.785606],[-35.515924,-5.786073],[-35.514791,-5.786956],[-35.514383,-5.786997],[-35.514017,-5.787289],[-35.5137,-5.787114],[-35.513342,-5.787888],[-35.513775,-5.788555],[-35.513522,-5.790123],[-35.512926,-5.790179],[-35.512801,-5.78997],[-35.512385,-5.790237],[-35.511495,-5.791932],[-35.510994,-5.791894],[-35.511201,-5.792756],[-35.511055,-5.792804],[-35.510727,-5.792252],[-35.510494,-5.792202],[-35.509836,-5.792551]]}},{"type":"Feature","id":376,"properties":{"nome":"Rio Camaragibe","regime":"Intermitente","ordem":4,"largura":"10 - 50","dominialidade":"Estadual","fonte":"ANA (2021), MDE/Maxar(imagens do basemap/arcmap), Cartas topográficas"},"geometry":{"type":"LineString","coordinates":[[-35.510005,-5.792724],[-35.508453,-5.791591],[-35.508215,-5.790915],[-35.507816,-5.790792],[-35.507168,-5.791153],[-35.506826,-5.790925],[-35.506645,-5.790392],[-35.50614,-5.790106],[-35.505522,-5.790021],[-35.504541,-5.790725],[-35.503495,-5.790944],[-35.50299,-5.79182],[-35.502476,-5.792181],[-35.502263,-5.792276],[-35.50162,-5.791991],[-35.501172,-5.7924],[-35.500658,-5.793828],[-35.50023,-5.793952],[-35.500097,-5.794332],[-35.50023,-5.795141],[-35.499735,-5.79695],[-35.499497,-5.79754],[-35.499107,-5.797692]]}},{"type":"Feature","id":377,"properties":{"nome":"Rio Grande","regime":"Intermitente","ordem":4,"largura":"10 - 50","dominialidade":"Estadual","fonte":"ANA (2021), MDE/Maxar(imagens do basemap/arcmap), Cartas topográficas"},"geometry":{"type":"LineString","coordinates":[[-35.6176,-5.984578],[-35.617238,-5.983864],[-35.617562,-5.982408],[-35.617533,-5.981742],[-35.617086,-5.981151],[-35.616734,-5.981123],[-35.616125,-5.980485],[-35.615306,-5.980533],[-35.614516,-5.98],[-35.613374,-5.978553],[-35.613012,-5.977697],[-35.611889,-5.977287],[-35.611004,-5.97782],[-35.611252,-5.978848],[-35.611946,-5.979895],[-35.611889,-5.980628],[-35.611462,-5.980859],[-35.610005,-5.980723],[-35.609329,-5.98039],[-35.606464,-5.979714],[-35.606884,-5.978977],[-35.605583,-5.979041],[-35.60477,-5.979305],[-35.603837,-5.97882],[-35.603057,-5.978867],[-35.602419,-5.979153],[-35.601972,-5.979667],[-35.601601,-5.980609],[-35.601315,-5.980875],[-35.600354,-5.981047],[-35.600182,-5.981256],[-35.599973,-5.981056],[-35.599507,-5.981561],[-35.598373,-5.981927],[-35.598165,-5.982151],[-35.597679,-5.981999],[-35.597746,-5.982655]]}},{"type":"Feature","id":378,"properties":{"regime":"Intermitente","ordem":1,"largura":"<=10","dominialidade":"Estadual","fonte":"ANA (2021), MDE/Maxar(imagens do basemap/arcmap), Cartas topográficas"},"geometry":{"type":"LineString","coordinates":[[-35.629202,-6.00003],[-35.628059,-5.998281],[-35.62731,-5.997603],[-35.625204,-5.996972],[-35.62449,-5.996247],[-35.624229,-5.996282],[-35.622819,-5.995565],[-35.622325,-5.995545],[-35.621504,-5.995164],[-35.62016,-5.993831],[-35.619137,-5.993683],[-35.616233,-5.99225],[-35.614996,-5.991999],[-35.612593,-5.99081],[-35.610344,-5.988573],[-35.609036,-5.987681],[-35.607322,-5.985896],[-35.605288,-5.98316],[-35.603991,-5.982624],[-35.602968,-5.982707],[-35.602314,-5.982398],[-35.60141,-5.983171],[-35.600386,-5.983136],[-35.599232,-5.983683]]}},{"type":"Feature","id":379,"properties":{"nome":"Rio Grande","regime":"Intermitente","ordem":4,"largura":"10 - 50","dominialidade":"Estadual","fonte":"ANA (2021), MDE/Maxar(imagens do basemap/arcmap), Cartas topográficas"},"geometry":{"type":"LineString","coordinates":[[-35.593264,-5.982551],[-35.592206,-5.981913],[-35.591826,-5.98137],[-35.590408,-5.981209],[-35.589894,-5.980866],[-35.588104,-5.981485],[-35.586905,-5.980828],[-35.586343,-5.980419],[-35.585868,-5.979334],[-35.585944,-5.978125],[-35.585687,-5.977125],[-35.58444,-5.976678],[-35.583407,-5.977057],[-35.581004,-5.976992],[-35.580785,-5.978296],[-35.579557,-5.978715],[-35.578977,-5.978506],[-35.578196,-5.978734],[-35.57733,-5.979552],[-35.57733,-5.980143],[-35.576321,-5.98058],[-35.576113,-5.979949],[-35.574648,-5.979227],[-35.573685,-5.979012],[-35.572911,-5.978394],[-35.572495,-5.977049],[-35.572757,-5.976573],[-35.572614,-5.976324],[-35.571163,-5.975741],[-35.570817,-5.975062]]}},{"type":"Feature","id":380,"properties":{"regime":"Intermitente","ordem":1,"largura":"<=10","dominialidade":"Estadual","fonte":"ANA (2021), MDE/Maxar(imagens do basemap/arcmap), Cartas topográficas"},"geometry":{"type":"LineString","coordinates":[[-35.578056,-5.939353],[-35.577856,-5.94039],[-35.578551,-5.943131],[-35.577342,-5.944454],[-35.575172,-5.945568],[-35.574687,-5.947119],[-35.575458,-5.948176],[-35.5756,-5.949232],[-35.57719,-5.951193],[-35.577152,-5.951526],[-35.577428,-5.95164],[-35.577637,-5.952297],[-35.578123,-5.952544],[-35.578104,-5.952744],[-35.578732,-5.953391],[-35.579198,-5.953268],[-35.580074,-5.954467],[-35.580055,-5.954705],[-35.578599,-5.956428],[-35.578608,-5.957189],[-35.579055,-5.957969],[-35.578599,-5.958864],[-35.578951,-5.959112],[-35.579017,-5.959626],[-35.577456,-5.961025],[-35.576743,-5.962062],[-35.576847,-5.96249],[-35.57639,-5.963575],[-35.573963,-5.965803],[-35.57383,-5.966421],[-35.574506,-5.970286],[-35.574211,-5.971323],[-35.57355,-5.971997]]}},{"type":"Feature","id":381,"properties":{"nome":"Rio Grande","regime":"Intermitente","ordem":4,"largura":"10 - 50","dominialidade":"Estadual","fonte":"ANA (2021), MDE/Maxar(imagens do basemap/arcmap), Cartas topográficas"},"geometry":{"type":"LineString","coordinates":[[-35.569439,-5.973295],[-35.568807,-5.972766],[-35.568307,-5.972802],[-35.5677,-5.973754],[-35.567867,-5.974063],[-35.567641,-5.974349],[-35.567022,-5.974361],[-35.566915,-5.974515],[-35.567403,-5.974765],[-35.567046,-5.975003],[-35.56613,-5.974789],[-35.565571,-5.974218],[-35.564869,-5.97423],[-35.564548,-5.974432],[-35.564048,-5.975003],[-35.563679,-5.976431],[-35.563025,-5.976942],[-35.562454,-5.97818],[-35.562514,-5.978734]]}},{"type":"Feature","id":382,"properties":{"regime":"Intermitente","ordem":2,"largura":"50 - 200","dominialidade":"Estadual","fonte":"ANA (2021), MDE/Maxar(imagens do basemap/arcmap), Cartas topográficas"},"geometry":{"type":"LineString","coordinates":[[-35.587327,-5.999038],[-35.58597,-5.998455],[-35.584733,-5.998348],[-35.583652,-5.999455],[-35.582917,-5.999611],[-35.581909,-5.999123],[-35.581089,-5.997922],[-35.580171,-5.997365]]}},{"type":"Feature","id":383,"properties":{"regime":"Intermitente","ordem":1,"largura":"<=10","dominialidade":"Estadual","fonte":"ANA (2021), MDE/Maxar(imagens do basemap/arcmap), Cartas topográficas"},"geometry":{"type":"LineString","coordinates":[[-35.577179,-5.999324],[-35.577569,-5.99753]]}},{"type":"Feature","id":384,"properties":{"regime":"Intermitente","ordem":2,"largura":"50 - 200","dominialidade":"Estadual","fonte":"ANA (2021), MDE/Maxar(imagens do basemap/arcmap), Cartas topográficas"},"geometry":{"type":"LineString","coordinates":[[-35.571771,-5.991619],[-35.571915,-5.990748],[-35.571623,-5.990334],[-35.570495,-5.990177],[-35.570145,-5.989777],[-35.569553,-5.98992],[-35.569617,-5.988949],[-35.569446,-5.988557],[-35.568411,-5.98785],[-35.568039,-5.985915],[-35.567594,-5.985745],[-35.565341,-5.985644],[-35.564641,-5.985066],[-35.56462,-5.984595],[-35.565585,-5.983133],[-35.564263,-5.982061],[-35.56417,-5.981368],[-35.564663,-5.980462],[-35.563935,-5.979905],[-35.563304,-5.978993],[-35.562514,-5.978734]]}},{"type":"Feature","id":385,"properties":{"nome":"Rio Grande","regime":"Intermitente","ordem":4,"largura":"10 - 50","dominialidade":"Estadual","fonte":"ANA (2021), MDE/Maxar(imagens do basemap/arcmap), Cartas topográficas"},"geometry":{"type":"LineString","coordinates":[[-35.562514,-5.978734],[-35.562382,-5.979371],[-35.561501,-5.979491],[-35.56048,-5.979227],[-35.560423,-5.978713],[-35.559887,-5.978534],[-35.559409,-5.978898],[-35.559095,-5.978349],[-35.55811,-5.978468],[-35.557146,-5.977514],[-35.556004,-5.977799]]}},{"type":"Feature","id":386,"properties":{"regime":"Intermitente","ordem":1,"largura":"<=10","dominialidade":"Estadual","fonte":"ANA (2021), MDE/Maxar(imagens do basemap/arcmap), Cartas topográficas"},"geometry":{"type":"LineString","coordinates":[[-35.566847,-5.946404],[-35.566067,-5.947775],[-35.566114,-5.949126],[-35.565286,-5.950545],[-35.56481,-5.95183],[-35.563211,-5.953124],[-35.562459,-5.954123],[-35.561298,-5.955008],[-35.561451,-5.957988],[-35.56106,-5.958482],[-35.561023,-5.961397],[-35.560518,-5.962014],[-35.560699,-5.964593],[-35.560442,-5.965059],[-35.560301,-5.966682],[-35.560056,-5.967389],[-35.557967,-5.967931]]}},{"type":"Feature","id":387,"properties":{"nome":"Rio Grande","regime":"Intermitente","ordem":4,"largura":"10 - 50","dominialidade":"Estadual","fonte":"ANA (2021), MDE/Maxar(imagens do basemap/arcmap), Cartas topográficas"},"geometry":{"type":"LineString","coordinates":[[-35.556004,-5.977799],[-35.555925,-5.978234],[-35.555262,-5.978798],[-35.554598,-5.980976],[-35.554755,-5.981247],[-35.554632,-5.981611],[-35.554084,-5.981668],[-35.553991,-5.982382],[-35.553548,-5.982903],[-35.553677,-5.983217],[-35.554041,-5.983453],[-35.554469,-5.983381],[-35.554626,-5.983645],[-35.554562,-5.983995],[-35.554005,-5.984395],[-35.554105,-5.98473],[-35.553934,-5.984952],[-35.552858,-5.9851],[-35.551771,-5.984987],[-35.5505,-5.984159],[-35.550136,-5.984209],[-35.549844,-5.984473],[-35.549979,-5.986658],[-35.546788,-5.988364],[-35.545925,-5.987843],[-35.54641,-5.987586],[-35.546393,-5.987347],[-35.545054,-5.9874],[-35.543747,-5.98825],[-35.543434,-5.989047]]}},{"type":"Feature","id":388,"properties":{"regime":"Intermitente","ordem":1,"largura":"<=10","dominialidade":"Estadual","fonte":"ANA (2021), MDE/Maxar(imagens do basemap/arcmap), Cartas topográficas"},"geometry":{"type":"LineString","coordinates":[[-35.545923,-6.000123],[-35.54496,-5.99984],[-35.542428,-5.998575],[-35.541629,-5.997746],[-35.53884,-5.996709],[-35.538278,-5.996071],[-35.538031,-5.994177],[-35.538193,-5.992712]]}},{"type":"Feature","id":389,"properties":{"nome":"Rio Grande","regime":"Intermitente","ordem":4,"largura":"10 - 50","dominialidade":"Estadual","fonte":"ANA (2021), MDE/Maxar(imagens do basemap/arcmap), Cartas topográficas"},"geometry":{"type":"LineString","coordinates":[[-35.535895,-5.989133],[-35.535999,-5.988839],[-35.535818,-5.988554],[-35.53499,-5.988782],[-35.534762,-5.98823],[-35.534476,-5.988135],[-35.533848,-5.988249],[-35.532744,-5.989991],[-35.531564,-5.98923],[-35.530926,-5.989439],[-35.529945,-5.987992],[-35.529417,-5.987659],[-35.529451,-5.987355],[-35.530298,-5.987212],[-35.530304,-5.986995],[-35.529441,-5.986336],[-35.528032,-5.986565],[-35.528204,-5.987726],[-35.528023,-5.987831],[-35.52728,-5.987593],[-35.526757,-5.988468],[-35.526195,-5.988868],[-35.52472,-5.988011],[-35.525847,-5.986332],[-35.525739,-5.986041],[-35.524901,-5.985384],[-35.524254,-5.985242],[-35.523968,-5.985403],[-35.524082,-5.985737],[-35.524987,-5.986441],[-35.523721,-5.986498],[-35.523302,-5.98705],[-35.522607,-5.986945],[-35.522188,-5.987288],[-35.521451,-5.987418],[-35.518543,-5.986308],[-35.517449,-5.986232],[-35.515298,-5.985118],[-35.514469,-5.985423],[-35.51348,-5.986726]]}},{"type":"Feature","id":390,"properties":{"regime":"Intermitente","ordem":2,"largura":"10 - 50","dominialidade":"Estadual","fonte":"ANA (2021), MDE/Maxar(imagens do basemap/arcmap), Cartas topográficas"},"geometry":{"type":"LineString","coordinates":[[-35.520847,-5.993636],[-35.521586,-5.992071],[-35.521559,-5.991572],[-35.521322,-5.991379],[-35.520487,-5.991322],[-35.519852,-5.990958],[-35.518196,-5.991665],[-35.517732,-5.991622],[-35.517297,-5.990147],[-35.517375,-5.989473],[-35.516272,-5.988685]]}},{"type":"Feature","id":391,"properties":{"nome":"Rio Grande","regime":"Intermitente","ordem":4,"largura":"10 - 50","dominialidade":"Estadual","fonte":"ANA (2021), MDE/Maxar(imagens do basemap/arcmap), Cartas topográficas"},"geometry":{"type":"LineString","coordinates":[[-35.51348,-5.986726],[-35.512994,-5.98685],[-35.51249,-5.986051],[-35.512385,-5.986527],[-35.511898,-5.986674],[-35.511294,-5.986551],[-35.510605,-5.985898],[-35.510028,-5.986047],[-35.509672,-5.985699],[-35.508378,-5.985327],[-35.508188,-5.985537],[-35.508264,-5.986374],[-35.507198,-5.986745],[-35.507103,-5.986422],[-35.506179,-5.986098],[-35.505876,-5.985241],[-35.505599,-5.984975],[-35.504742,-5.984937],[-35.504362,-5.984119],[-35.503505,-5.983167],[-35.502296,-5.982263],[-35.501516,-5.98231],[-35.50055,-5.982932],[-35.500178,-5.982856],[-35.500035,-5.982592]]}},{"type":"Feature","id":392,"properties":{"nome":"Riacho do Mel","regime":"Intermitente","ordem":1,"largura":"<=10","dominialidade":"Estadual","fonte":"ANA (2021), MDE/Maxar(imagens do basemap/arcmap), Cartas topográficas"},"geometry":{"type":"LineString","coordinates":[[-35.536143,-5.94661],[-35.534885,-5.946323],[-35.531821,-5.946951],[-35.529708,-5.946951],[-35.528623,-5.947313],[-35.52689,-5.947066],[-35.521541,-5.948341],[-35.518248,-5.948427],[-35.517344,-5.94816],[-35.516525,-5.94817],[-35.516154,-5.94837],[-35.516192,-5.948798],[-35.51486,-5.949236],[-35.513784,-5.948684],[-35.512756,-5.948541],[-35.512042,-5.948655],[-35.511662,-5.948998],[-35.511747,-5.949826],[-35.511329,-5.950425],[-35.510263,-5.950854],[-35.51012,-5.952367],[-35.509891,-5.952795],[-35.509539,-5.952672],[-35.509292,-5.953157],[-35.509254,-5.953823],[-35.508749,-5.954128],[-35.507027,-5.954385],[-35.506446,-5.953795],[-35.506141,-5.953976],[-35.505761,-5.954366],[-35.505665,-5.955822],[-35.505313,-5.956622],[-35.504409,-5.95704],[-35.502924,-5.957012],[-35.502601,-5.957545],[-35.502268,-5.957659],[-35.501478,-5.957135],[-35.501192,-5.957145],[-35.50083,-5.958201],[-35.500002,-5.958839],[-35.500059,-5.959391],[-35.499422,-5.959943]]}},{"type":"Feature","id":393,"properties":{"regime":"Intermitente","ordem":2,"largura":"10 - 50","dominialidade":"Estadual","fonte":"ANA (2021), MDE/Maxar(imagens do basemap/arcmap), Cartas topográficas"},"geometry":{"type":"LineString","coordinates":[[-35.533767,-5.92282],[-35.531517,-5.921794],[-35.529978,-5.920467],[-35.528186,-5.919414],[-35.526958,-5.919424],[-35.525352,-5.920078],[-35.523969,-5.920138],[-35.523579,-5.91989],[-35.522932,-5.919814],[-35.522199,-5.918226],[-35.521771,-5.918234],[-35.520562,-5.917359],[-35.517611,-5.916407],[-35.515859,-5.916174],[-35.514937,-5.915246],[-35.513623,-5.914513],[-35.512983,-5.91443],[-35.51231,-5.913913],[-35.512034,-5.91418],[-35.511844,-5.914027],[-35.511587,-5.914113],[-35.51112,-5.91339],[-35.509892,-5.913428],[-35.509093,-5.913104],[-35.508493,-5.912476],[-35.50527,-5.911768],[-35.504477,-5.911267],[-35.50284,-5.911134],[-35.501241,-5.911172],[-35.500165,-5.911438],[-35.499685,-5.912013]]}},{"type":"Feature","id":394,"properties":{"regime":"Intermitente","ordem":1,"largura":"<=10","dominialidade":"Estadual","fonte":"ANA (2021), MDE/Maxar(imagens do basemap/arcmap), Cartas topográficas"},"geometry":{"type":"LineString","coordinates":[[-35.507035,-5.888661],[-35.504385,-5.888641],[-35.503561,-5.888364],[-35.503311,-5.887793],[-35.502942,-5.887543],[-35.501115,-5.887785],[-35.499954,-5.887623],[-35.498983,-5.887152],[-35.49864,-5.886409],[-35.497746,-5.886371],[-35.497479,-5.886885],[-35.496832,-5.886942],[-35.496498,-5.887206],[-35.495747,-5.888751],[-35.494909,-5.889284],[-35.494639,-5.889669]]}},{"type":"Feature","id":395,"properties":{"regime":"Intermitente","ordem":1,"largura":"<=10","dominialidade":"Estadual","fonte":"ANA (2021), MDE/Maxar(imagens do basemap/arcmap), Cartas topográficas"},"geometry":{"type":"LineString","coordinates":[[-35.566377,-5.839838],[-35.566322,-5.839012],[-35.566588,-5.837908],[-35.567102,-5.83749],[-35.568587,-5.836823],[-35.569101,-5.836728],[-35.569577,-5.836995],[-35.569938,-5.836785],[-35.570167,-5.836328],[-35.570928,-5.836081],[-35.571671,-5.834882],[-35.571918,-5.834044],[-35.573003,-5.834177],[-35.574336,-5.834672],[-35.575877,-5.836233],[-35.576487,-5.836519],[-35.576867,-5.836271],[-35.576963,-5.835681],[-35.578105,-5.834254],[-35.578866,-5.832236],[-35.579656,-5.831741],[-35.579913,-5.831008],[-35.580265,-5.83078],[-35.580465,-5.830247],[-35.582459,-5.828527],[-35.582835,-5.827515],[-35.583235,-5.827049],[-35.583435,-5.825573],[-35.584405,-5.824326],[-35.584814,-5.824335],[-35.585347,-5.823528],[-35.585588,-5.823444],[-35.585905,-5.82277],[-35.586238,-5.822778],[-35.586754,-5.822137],[-35.591934,-5.819463]]}},{"type":"Feature","id":396,"properties":{"regime":"Intermitente","ordem":1,"largura":"<=10","dominialidade":"Estadual","fonte":"ANA (2021), MDE/Maxar(imagens do basemap/arcmap), Cartas topográficas"},"geometry":{"type":"LineString","coordinates":[[-35.569804,-5.824496],[-35.568946,-5.823687],[-35.568589,-5.820189],[-35.567975,-5.818633]]}},{"type":"Feature","id":397,"properties":{"regime":"Intermitente","ordem":1,"largura":"<=10","dominialidade":"Estadual","fonte":"ANA (2021), MDE/Maxar(imagens do basemap/arcmap), Cartas topográficas"},"geometry":{"type":"LineString","coordinates":[[-35.569804,-5.824496],[-35.570054,-5.824325],[-35.570834,-5.822792],[-35.571129,-5.82165],[-35.571196,-5.821184],[-35.570834,-5.820717],[-35.570796,-5.820004],[-35.572947,-5.818014],[-35.573157,-5.817396],[-35.573147,-5.815007],[-35.573252,-5.814731],[-35.574213,-5.814055]]}},{"type":"Feature","id":398,"properties":{"regime":"Intermitente","ordem":1,"largura":"<=10","fonte":"ANA (2021), MDE/Maxar(imagens do basemap/arcmap), Cartas topográficas"},"geometry":{"type":"LineString","coordinates":[[-35.516912,-5.820889],[-35.518073,-5.819548],[-35.519311,-5.818635],[-35.520234,-5.818206],[-35.520976,-5.81814],[-35.522345,-5.818844],[-35.522982,-5.818558],[-35.524153,-5.817616],[-35.525914,-5.817749],[-35.527275,-5.817235],[-35.52855,-5.817806],[-35.529036,-5.817787],[-35.530339,-5.817036],[-35.530263,-5.815893],[-35.530596,-5.815141],[-35.533112,-5.813987],[-35.537951,-5.813488],[-35.538665,-5.81296],[-35.539236,-5.812774],[-35.540022,-5.812831],[-35.543132,-5.811712],[-35.545716,-5.811526],[-35.54603,-5.811169],[-35.548885,-5.810927]]}},{"type":"Feature","id":399,"properties":{"regime":"Intermitente","ordem":1,"largura":"<=10","fonte":"ANA (2021), MDE/Maxar(imagens do basemap/arcmap), Cartas topográficas"},"geometry":{"type":"LineString","coordinates":[[-35.541854,-5.827604],[-35.542253,-5.826213],[-35.543467,-5.824178],[-35.54474,-5.823869],[-35.545858,-5.824119],[-35.546572,-5.823881],[-35.547238,-5.823203],[-35.548036,-5.821692],[-35.549178,-5.821002],[-35.549225,-5.820062],[-35.549035,-5.819931],[-35.548916,-5.819039],[-35.549106,-5.81792],[-35.550058,-5.816826]]}},{"type":"Feature","id":400,"properties":{"regime":"Intermitente","ordem":1,"largura":"<=10","fonte":"ANA (2021), MDE/Maxar(imagens do basemap/arcmap), Cartas topográficas"},"geometry":{"type":"LineString","coordinates":[[-35.526826,-5.83054],[-35.527076,-5.832657],[-35.526862,-5.833228],[-35.526636,-5.833633],[-35.525934,-5.833752],[-35.524982,-5.83443],[-35.524578,-5.835251],[-35.524185,-5.83562],[-35.523769,-5.836476],[-35.523769,-5.837309],[-35.523162,-5.83813],[-35.522995,-5.838749],[-35.521877,-5.840521],[-35.521615,-5.841247],[-35.520437,-5.842199]]}},{"type":"Feature","id":401,"properties":{"regime":"Intermitente","ordem":1,"largura":"<=10","fonte":"ANA (2021), MDE/Maxar(imagens do basemap/arcmap), Cartas topográficas"},"geometry":{"type":"LineString","coordinates":[[-35.569804,-5.824496],[-35.571603,-5.823832],[-35.57215,-5.823427],[-35.572602,-5.822856],[-35.575541,-5.820429],[-35.57635,-5.819334],[-35.578587,-5.817371],[-35.578932,-5.817241],[-35.579634,-5.817371],[-35.580062,-5.81705],[-35.58024,-5.816503],[-35.582977,-5.813552]]}},{"type":"Feature","id":402,"properties":{"regime":"Intermitente","ordem":1,"largura":"<=10","fonte":"ANA (2021), MDE/Maxar(imagens do basemap/arcmap), Cartas topográficas"},"geometry":{"type":"LineString","coordinates":[[-35.553895,-5.882882],[-35.553576,-5.88355],[-35.551691,-5.884854]]}},{"type":"Feature","id":403,"properties":{"regime":"Intermitente","ordem":1,"largura":"<=10","fonte":"ANA (2021), MDE/Maxar(imagens do basemap/arcmap), Cartas topográficas"},"geometry":{"type":"LineString","coordinates":[[-35.551691,-5.884854],[-35.550602,-5.884914],[-35.549785,-5.884598],[-35.548869,-5.88479]]}},{"type":"Feature","id":404,"properties":{"regime":"Intermitente","ordem":1,"largura":"<=10","fonte":"ANA (2021), MDE/Maxar(imagens do basemap/arcmap), Cartas topográficas"},"geometry":{"type":"LineString","coordinates":[[-35.554042,-5.890498],[-35.549167,-5.894006]]}},{"type":"Feature","id":405,"properties":{"regime":"Intermitente","ordem":1,"largura":"<=10","fonte":"ANA (2021), MDE/Maxar(imagens do basemap/arcmap), Cartas topográficas"},"geometry":{"type":"LineString","coordinates":[[-35.554157,-5.893772],[-35.553589,-5.894147],[-35.552431,-5.894356],[-35.551657,-5.894714]]}},{"type":"Feature","id":406,"properties":{"regime":"Intermitente","ordem":1,"largura":"<=10","fonte":"ANA (2021), MDE/Maxar(imagens do basemap/arcmap), Cartas topográficas"},"geometry":{"type":"LineString","coordinates":[[-35.553965,-5.893939],[-35.554039,-5.89453],[-35.553356,-5.895255],[-35.552848,-5.896479],[-35.552098,-5.897304],[-35.551615,-5.897495]]}},{"type":"Feature","id":407,"properties":{"regime":"Intermitente","ordem":1,"largura":"<=10","fonte":"ANA (2021), MDE/Maxar(imagens do basemap/arcmap), Cartas topográficas"},"geometry":{"type":"LineString","coordinates":[[-35.55665,-5.877268],[-35.55692,-5.877608],[-35.557362,-5.877516],[-35.557945,-5.877883],[-35.558578,-5.877999]]}},{"type":"Feature","id":408,"properties":{"regime":"Intermitente","ordem":1,"largura":"<=10","fonte":"ANA (2021), MDE/Maxar(imagens do basemap/arcmap), Cartas topográficas"},"geometry":{"type":"LineString","coordinates":[[-35.558578,-5.877999],[-35.55936,-5.87894],[-35.559635,-5.879723]]}},{"type":"Feature","id":409,"properties":{"regime":"Intermitente","ordem":1,"largura":"<=10","fonte":"ANA (2021), MDE/Maxar(imagens do basemap/arcmap), Cartas topográficas"},"geometry":{"type":"LineString","coordinates":[[-35.563602,-5.915426],[-35.563993,-5.915584],[-35.564401,-5.916242],[-35.565059,-5.9178],[-35.565842,-5.918291],[-35.566042,-5.919107],[-35.566458,-5.91974],[-35.566658,-5.920856]]}},{"type":"Feature","id":410,"properties":{"regime":"Intermitente","ordem":1,"largura":"<=10","fonte":"ANA (2021), MDE/Maxar(imagens do basemap/arcmap), Cartas topográficas"},"geometry":{"type":"LineString","coordinates":[[-35.535895,-5.989133],[-35.537346,-5.98868],[-35.537964,-5.987276],[-35.538012,-5.98661],[-35.537595,-5.985539],[-35.536537,-5.98423],[-35.53687,-5.982041]]}},{"type":"Feature","id":411,"properties":{"regime":"Intermitente","ordem":1,"largura":"<=10","fonte":"ANA (2021), MDE/Maxar(imagens do basemap/arcmap), Cartas topográficas"},"geometry":{"type":"LineString","coordinates":[[-35.54745,-5.937118],[-35.547652,-5.939299],[-35.548158,-5.940875],[-35.548931,-5.947091],[-35.548991,-5.948132],[-35.548616,-5.948971],[-35.548497,-5.950458],[-35.550971,-5.953325],[-35.551638,-5.955039],[-35.550888,-5.958786],[-35.5514,-5.961083],[-35.552399,-5.962486],[-35.553636,-5.963022],[-35.55416,-5.963605],[-35.554933,-5.965032],[-35.554898,-5.965913],[-35.555314,-5.966365],[-35.556623,-5.967578],[-35.55736,-5.968019],[-35.557967,-5.967931]]}},{"type":"Feature","id":412,"properties":{"regime":"Intermitente","ordem":1,"largura":"<=10","fonte":"ANA (2021), MDE/Maxar(imagens do basemap/arcmap), Cartas topográficas"},"geometry":{"type":"LineString","coordinates":[[-35.507142,-5.761029],[-35.506904,-5.76072],[-35.507225,-5.759911],[-35.506928,-5.759066],[-35.507106,-5.757876],[-35.507023,-5.757591],[-35.506131,-5.756806],[-35.506107,-5.756568],[-35.506659,-5.755949],[-35.506326,-5.75475],[-35.507125,-5.753988],[-35.507192,-5.753532],[-35.506849,-5.752361],[-35.507849,-5.750762],[-35.508287,-5.749191],[-35.508363,-5.746412],[-35.509248,-5.742186],[-35.509143,-5.740721],[-35.509819,-5.738303]]}},{"type":"Feature","id":413,"properties":{"regime":"Intermitente","ordem":1,"largura":"<=10","fonte":"ANA (2021), MDE/Maxar(imagens do basemap/arcmap), Cartas topográficas"},"geometry":{"type":"LineString","coordinates":[[-35.509819,-5.738303],[-35.509724,-5.73718],[-35.509257,-5.73659]]}},{"type":"Feature","id":414,"properties":{"regime":"Intermitente","ordem":1,"largura":"<=10","fonte":"ANA (2021), MDE/Maxar(imagens do basemap/arcmap), Cartas topográficas"},"geometry":{"type":"LineString","coordinates":[[-35.53634,-5.793991],[-35.536291,-5.794493],[-35.536634,-5.795645],[-35.536482,-5.796511],[-35.536662,-5.797139],[-35.536187,-5.797605],[-35.536053,-5.799404]]}},{"type":"Feature","id":415,"properties":{"regime":"Intermitente","ordem":1,"largura":"<=10","fonte":"ANA (2021), MDE/Maxar(imagens do basemap/arcmap), Cartas topográficas"},"geometry":{"type":"LineString","coordinates":[[-35.554538,-5.783408],[-35.55439,-5.784795],[-35.554556,-5.784904],[-35.554823,-5.784745],[-35.555056,-5.784912],[-35.555414,-5.78567],[-35.554931,-5.786186],[-35.554206,-5.787693],[-35.554115,-5.789134],[-35.55304,-5.791458],[-35.552225,-5.79207],[-35.552215,-5.792888],[-35.551492,-5.793802],[-35.550578,-5.794021],[-35.550074,-5.794592],[-35.549893,-5.795096],[-35.54996,-5.796676],[-35.550407,-5.798199]]}},{"type":"Feature","id":416,"properties":{"regime":"Intermitente","ordem":1,"largura":"<=10","fonte":"ANA (2021), MDE/Maxar(imagens do basemap/arcmap), Cartas topográficas"},"geometry":{"type":"LineString","coordinates":[[-35.551644,-5.782342],[-35.552994,-5.781882],[-35.554279,-5.781774],[-35.555397,-5.781299],[-35.555742,-5.781073],[-35.556218,-5.780014],[-35.556789,-5.779359],[-35.55742,-5.779264],[-35.558288,-5.779478],[-35.559883,-5.778967],[-35.560204,-5.778764],[-35.561102,-5.777391],[-35.561244,-5.7768],[-35.561818,-5.775992],[-35.5641,-5.775034],[-35.564608,-5.775267],[-35.565333,-5.774726]]}},{"type":"Feature","id":417,"properties":{"regime":"Intermitente","ordem":1,"largura":"<=10","fonte":"ANA (2021), MDE/Maxar(imagens do basemap/arcmap), Cartas topográficas"},"geometry":{"type":"LineString","coordinates":[[-35.569918,-5.787353],[-35.570747,-5.787735],[-35.571282,-5.787735],[-35.572089,-5.789763],[-35.572708,-5.789963],[-35.573678,-5.790981],[-35.573659,-5.792599],[-35.574202,-5.793889],[-35.574321,-5.7949],[-35.574166,-5.796685],[-35.573678,-5.797648],[-35.573138,-5.800431],[-35.573291,-5.801211],[-35.573633,-5.801801],[-35.574185,-5.802201],[-35.574699,-5.802943],[-35.575108,-5.805232],[-35.576282,-5.806373],[-35.57706,-5.808397]]}},{"type":"Feature","id":418,"properties":{"regime":"Intermitente","ordem":1,"largura":"<=10","fonte":"ANA (2021), MDE/Maxar(imagens do basemap/arcmap), Cartas topográficas"},"geometry":{"type":"LineString","coordinates":[[-35.556046,-5.75984],[-35.557676,-5.760066],[-35.557962,-5.759399],[-35.560522,-5.758096],[-35.561055,-5.757486],[-35.561807,-5.75703],[-35.563654,-5.756725],[-35.564158,-5.756392],[-35.565462,-5.754993],[-35.565852,-5.754193],[-35.566975,-5.753222],[-35.570506,-5.751462],[-35.571258,-5.751195],[-35.57182,-5.751243]]}},{"type":"Feature","id":419,"properties":{"regime":"Intermitente","ordem":1,"largura":"<=10","fonte":"ANA (2021), MDE/Maxar(imagens do basemap/arcmap), Cartas topográficas"},"geometry":{"type":"LineString","coordinates":[[-35.57182,-5.751243],[-35.573209,-5.751167],[-35.573914,-5.75091],[-35.574828,-5.750024],[-35.575084,-5.749158]]}},{"type":"Feature","id":420,"properties":{"regime":"Intermitente","ordem":1,"largura":"<=10","fonte":"ANA (2021), MDE/Maxar(imagens do basemap/arcmap), Cartas topográficas"},"geometry":{"type":"LineString","coordinates":[[-35.553842,-5.753365],[-35.554478,-5.753677],[-35.556173,-5.75342],[-35.556706,-5.753258],[-35.55702,-5.752811],[-35.557422,-5.751569],[-35.55741,-5.750736],[-35.556744,-5.749618],[-35.556898,-5.748904],[-35.557553,-5.74838],[-35.557683,-5.747083],[-35.557689,-5.745783],[-35.557255,-5.742372],[-35.558278,-5.740314],[-35.560146,-5.738291],[-35.561324,-5.737518],[-35.561717,-5.736649],[-35.564275,-5.735043],[-35.56475,-5.734413],[-35.565762,-5.733842],[-35.567213,-5.732533]]}},{"type":"Feature","id":421,"properties":{"regime":"Intermitente","ordem":1,"largura":"<=10","fonte":"ANA (2021), MDE/Maxar(imagens do basemap/arcmap), Cartas topográficas"},"geometry":{"type":"LineString","coordinates":[[-35.581356,-5.785165],[-35.581966,-5.786218],[-35.582575,-5.78618],[-35.583041,-5.785638],[-35.58367,-5.785362],[-35.584155,-5.783896],[-35.58445,-5.783601],[-35.584726,-5.783354],[-35.585497,-5.783363],[-35.587258,-5.781831],[-35.589989,-5.778728],[-35.591779,-5.77494],[-35.591331,-5.773788],[-35.591646,-5.773445],[-35.59313,-5.772855],[-35.594796,-5.771409],[-35.595215,-5.770752],[-35.596433,-5.770124]]}},{"type":"Feature","id":422,"properties":{"regime":"Intermitente","ordem":1,"largura":"<=10","fonte":"ANA (2021), MDE/Maxar(imagens do basemap/arcmap), Cartas topográficas"},"geometry":{"type":"LineString","coordinates":[[-35.583908,-5.777918],[-35.584691,-5.777838],[-35.584929,-5.777286],[-35.586166,-5.77622],[-35.587061,-5.774012],[-35.58806,-5.772822],[-35.588279,-5.77226],[-35.588251,-5.770652],[-35.588669,-5.770148]]}},{"type":"Feature","id":423,"properties":{"regime":"Intermitente","ordem":3,"largura":"<=10","fonte":"ANA (2021), MDE/Maxar(imagens do basemap/arcmap), Cartas topográficas"},"geometry":{"type":"LineString","coordinates":[[-35.607566,-5.793693],[-35.607886,-5.793999],[-35.607486,-5.794941],[-35.607581,-5.795532]]}},{"type":"Feature","id":424,"properties":{"regime":"Intermitente","ordem":2,"largura":"<=10","fonte":"ANA (2021), MDE/Maxar(imagens do basemap/arcmap), Cartas topográficas"},"geometry":{"type":"LineString","coordinates":[[-35.607581,-5.795532],[-35.607876,-5.796065],[-35.607933,-5.796893],[-35.608504,-5.797483],[-35.608476,-5.79812],[-35.607933,-5.798891],[-35.607772,-5.799529],[-35.6084,-5.800843],[-35.609057,-5.801014],[-35.609123,-5.801347],[-35.608885,-5.801357],[-35.60898,-5.801737],[-35.608838,-5.802042],[-35.607258,-5.803165],[-35.606408,-5.8051]]}},{"type":"Feature","id":425,"properties":{"regime":"Intermitente","ordem":1,"largura":"<=10","fonte":"ANA (2021), MDE/Maxar(imagens do basemap/arcmap), Cartas topográficas"},"geometry":{"type":"LineString","coordinates":[[-35.606408,-5.8051],[-35.606608,-5.805275],[-35.606575,-5.805999],[-35.604942,-5.808523],[-35.604374,-5.810017],[-35.604041,-5.81015],[-35.603727,-5.81076],[-35.603641,-5.811235],[-35.603831,-5.811502],[-35.603327,-5.812758],[-35.603279,-5.814091],[-35.602803,-5.815633],[-35.602213,-5.817089],[-35.601109,-5.818583],[-35.60081,-5.819304],[-35.601766,-5.820715],[-35.603907,-5.821638]]}},{"type":"Feature","id":426,"properties":{"regime":"Intermitente","ordem":1,"largura":"<=10","fonte":"ANA (2021), MDE/Maxar(imagens do basemap/arcmap), Cartas topográficas"},"geometry":{"type":"LineString","coordinates":[[-35.606408,-5.8051],[-35.605839,-5.805011],[-35.605649,-5.805706],[-35.604317,-5.807209],[-35.60366,-5.808456],[-35.603298,-5.808732],[-35.602575,-5.808742],[-35.601319,-5.809475],[-35.600719,-5.810141],[-35.598473,-5.811826],[-35.597093,-5.813539],[-35.595646,-5.814424],[-35.59419,-5.815709]]}},{"type":"Feature","id":427,"properties":{"regime":"Intermitente","ordem":2,"largura":"<=10","fonte":"ANA (2021), MDE/Maxar(imagens do basemap/arcmap), Cartas topográficas"},"geometry":{"type":"LineString","coordinates":[[-35.607534,-5.795643],[-35.606468,-5.796166],[-35.605525,-5.797556],[-35.604897,-5.799136],[-35.602518,-5.801658]]}},{"type":"Feature","id":428,"properties":{"regime":"Intermitente","ordem":1,"largura":"<=10","fonte":"ANA (2021), MDE/Maxar(imagens do basemap/arcmap), Cartas topográficas"},"geometry":{"type":"LineString","coordinates":[[-35.602518,-5.801658],[-35.599434,-5.802762],[-35.596807,-5.803314]]}},{"type":"Feature","id":429,"properties":{"regime":"Intermitente","ordem":1,"largura":"<=10","fonte":"ANA (2021), MDE/Maxar(imagens do basemap/arcmap), Cartas topográficas"},"geometry":{"type":"LineString","coordinates":[[-35.602518,-5.801658],[-35.601609,-5.803357],[-35.60074,-5.806902],[-35.600181,-5.808378],[-35.599122,-5.808877]]}},{"type":"Feature","id":430,"properties":{"regime":"Intermitente","ordem":1,"largura":"<=10","fonte":"ANA (2021), MDE/Maxar(imagens do basemap/arcmap), Cartas topográficas"},"geometry":{"type":"LineString","coordinates":[[-35.610097,-5.793307],[-35.60962,-5.794263],[-35.610201,-5.795652],[-35.612438,-5.797375],[-35.612809,-5.799164],[-35.612552,-5.80044],[-35.613599,-5.803076],[-35.614113,-5.805113],[-35.613865,-5.806607],[-35.615198,-5.808111],[-35.614417,-5.809929],[-35.613266,-5.811404]]}},{"type":"Feature","id":431,"properties":{"regime":"Intermitente","ordem":1,"largura":"<=10","fonte":"ANA (2021), MDE/Maxar(imagens do basemap/arcmap), Cartas topográficas"},"geometry":{"type":"LineString","coordinates":[[-35.629012,-5.796915],[-35.629068,-5.797539],[-35.630001,-5.797882],[-35.629991,-5.800223],[-35.629848,-5.801108],[-35.629353,-5.801822],[-35.629363,-5.802222],[-35.630476,-5.803745],[-35.631124,-5.803707],[-35.631647,-5.803983],[-35.63218,-5.804944],[-35.631447,-5.808047],[-35.63198,-5.810531],[-35.631704,-5.810788],[-35.633132,-5.812092],[-35.635242,-5.812761],[-35.635802,-5.813338],[-35.637539,-5.817717]]}},{"type":"Feature","id":432,"properties":{"regime":"Intermitente","ordem":1,"largura":"<=10","fonte":"ANA (2021), MDE/Maxar(imagens do basemap/arcmap), Cartas topográficas"},"geometry":{"type":"LineString","coordinates":[[-35.631693,-5.794304],[-35.63202,-5.794412],[-35.633009,-5.794231],[-35.633733,-5.794403]]}},{"type":"Feature","id":433,"properties":{"regime":"Intermitente","ordem":1,"largura":"<=10","fonte":"ANA (2021), MDE/Maxar(imagens do basemap/arcmap), Cartas topográficas"},"geometry":{"type":"LineString","coordinates":[[-35.639776,-5.921546],[-35.639077,-5.922898],[-35.638506,-5.92325],[-35.637449,-5.924478],[-35.635831,-5.925648],[-35.634936,-5.925896],[-35.634546,-5.926619],[-35.633413,-5.927514],[-35.632252,-5.928837],[-35.630729,-5.92936],[-35.629835,-5.929931],[-35.628721,-5.931169],[-35.629216,-5.933025],[-35.629454,-5.933386],[-35.630063,-5.93371],[-35.630729,-5.93489],[-35.630111,-5.936803],[-35.630672,-5.937127],[-35.63072,-5.937403],[-35.63053,-5.938926],[-35.630937,-5.940561],[-35.631034,-5.943085],[-35.6317,-5.945303],[-35.632405,-5.946769],[-35.633223,-5.947882],[-35.633506,-5.948751]]}},{"type":"Feature","id":434,"properties":{"regime":"Intermitente","ordem":1,"largura":"<=10","fonte":"ANA (2021), MDE/Maxar(imagens do basemap/arcmap), Cartas topográficas"},"geometry":{"type":"LineString","coordinates":[[-35.621334,-5.901143],[-35.621402,-5.902063],[-35.621992,-5.903224],[-35.622706,-5.903795],[-35.622887,-5.904319],[-35.622706,-5.906651],[-35.623163,-5.908383],[-35.624581,-5.909716],[-35.625181,-5.909839],[-35.625257,-5.910563],[-35.626258,-5.911657],[-35.627037,-5.9122],[-35.626998,-5.912799],[-35.627195,-5.912872],[-35.62736,-5.912676],[-35.627684,-5.912875],[-35.627779,-5.914579],[-35.627027,-5.916797],[-35.627198,-5.918234],[-35.627056,-5.92069],[-35.626703,-5.922193],[-35.626992,-5.92319],[-35.627874,-5.924068]]}},{"type":"Feature","id":435,"properties":{"regime":"Intermitente","ordem":1,"largura":"<=10","fonte":"ANA (2021), MDE/Maxar(imagens do basemap/arcmap), Cartas topográficas"},"geometry":{"type":"LineString","coordinates":[[-35.613433,-5.917587],[-35.615008,-5.917618],[-35.615296,-5.918031],[-35.616084,-5.918217],[-35.616246,-5.919064],[-35.615989,-5.920064],[-35.616607,-5.920416],[-35.616731,-5.921044],[-35.616189,-5.921482],[-35.616331,-5.92171],[-35.617615,-5.921836],[-35.618321,-5.92212],[-35.621328,-5.924014],[-35.621595,-5.92487],[-35.62129,-5.925613],[-35.621557,-5.926717],[-35.622204,-5.927583],[-35.624231,-5.928706],[-35.625059,-5.929496],[-35.625069,-5.929877],[-35.624564,-5.93101],[-35.623279,-5.932132],[-35.622594,-5.933217],[-35.62168,-5.93336],[-35.620919,-5.934303],[-35.620805,-5.934797],[-35.621189,-5.935685],[-35.621319,-5.93711],[-35.622061,-5.937833],[-35.622261,-5.938519],[-35.623451,-5.939802],[-35.623317,-5.940375],[-35.623539,-5.942154],[-35.622813,-5.942792],[-35.622423,-5.943744],[-35.622763,-5.944519],[-35.622461,-5.945181],[-35.622765,-5.94599],[-35.622328,-5.947685],[-35.622318,-5.949445],[-35.622984,-5.950645],[-35.623651,-5.951092],[-35.624374,-5.951273]]}},{"type":"Feature","id":436,"properties":{"regime":"Intermitente","ordem":1,"largura":"<=10","fonte":"ANA (2021), MDE/Maxar(imagens do basemap/arcmap), Cartas topográficas"},"geometry":{"type":"LineString","coordinates":[[-35.602325,-5.922588],[-35.602489,-5.924699],[-35.602822,-5.926041],[-35.603897,-5.92666],[-35.60384,-5.927364],[-35.60305,-5.928106],[-35.603583,-5.928858],[-35.60326,-5.929344],[-35.603621,-5.930669],[-35.60326,-5.930933],[-35.603003,-5.931904],[-35.602232,-5.932437],[-35.601489,-5.933493],[-35.601128,-5.934874],[-35.601071,-5.936011],[-35.600745,-5.9369],[-35.600266,-5.93761],[-35.598986,-5.938367],[-35.598653,-5.938881],[-35.597863,-5.941612],[-35.598025,-5.942935],[-35.597796,-5.943316],[-35.597968,-5.944867],[-35.597673,-5.946476],[-35.597399,-5.947507],[-35.596226,-5.948389],[-35.596045,-5.948827],[-35.594969,-5.952367],[-35.594912,-5.953462]]}},{"type":"Feature","id":437,"properties":{"regime":"Intermitente","ordem":1,"largura":"<=10","fonte":"ANA (2021), MDE/Maxar(imagens do basemap/arcmap), Cartas topográficas"},"geometry":{"type":"LineString","coordinates":[[-35.57355,-5.971997],[-35.573876,-5.972088],[-35.575266,-5.97101],[-35.576389,-5.97041],[-35.579396,-5.969497],[-35.580834,-5.968545],[-35.581129,-5.968021],[-35.582157,-5.967317],[-35.584403,-5.964795],[-35.585792,-5.964214],[-35.587039,-5.963234],[-35.588924,-5.961292],[-35.589638,-5.960769],[-35.589923,-5.960826],[-35.590513,-5.960464],[-35.591798,-5.958751],[-35.59354,-5.956924]]}},{"type":"Feature","id":438,"properties":{"regime":"Intermitente","ordem":1,"largura":"<=10","fonte":"ANA (2021), MDE/Maxar(imagens do basemap/arcmap), Cartas topográficas"},"geometry":{"type":"LineString","coordinates":[[-35.599232,-5.983683],[-35.59786,-5.985635],[-35.597039,-5.987513],[-35.596958,-5.989263],[-35.597162,-5.989892],[-35.59642,-5.991272],[-35.594536,-5.992595],[-35.592996,-5.99319],[-35.592098,-5.993987],[-35.587892,-5.998877],[-35.587327,-5.999038]]}},{"type":"Feature","id":439,"properties":{"regime":"Intermitente","ordem":1,"largura":"<=10","fonte":"ANA (2021), MDE/Maxar(imagens do basemap/arcmap), Cartas topográficas"},"geometry":{"type":"LineString","coordinates":[[-35.533767,-5.92282],[-35.535165,-5.921674],[-35.535926,-5.921503],[-35.537297,-5.921474],[-35.538615,-5.922007],[-35.539809,-5.921846],[-35.54141,-5.921276],[-35.542018,-5.920922],[-35.542779,-5.920047],[-35.543198,-5.918838],[-35.543806,-5.918195],[-35.544064,-5.917258],[-35.545282,-5.916335]]}},{"type":"Feature","id":440,"properties":{"regime":"Intermitente","ordem":3,"largura":"<=10","fonte":"ANA (2021), MDE/Maxar(imagens do basemap/arcmap), Cartas topográficas"},"geometry":{"type":"LineString","coordinates":[[-35.565332,-5.884052],[-35.564774,-5.885077],[-35.563194,-5.885943],[-35.562166,-5.8872],[-35.561433,-5.888751],[-35.561252,-5.890179],[-35.560643,-5.891397],[-35.561014,-5.892187],[-35.560376,-5.893072],[-35.55892,-5.894015],[-35.55853,-5.89529],[-35.557293,-5.896603],[-35.557359,-5.897203],[-35.557064,-5.898022]]}},{"type":"Feature","id":441,"properties":{"regime":"Intermitente","ordem":2,"largura":"<=10","fonte":"ANA (2021), MDE/Maxar(imagens do basemap/arcmap), Cartas topográficas"},"geometry":{"type":"LineString","coordinates":[[-35.557064,-5.898022],[-35.557302,-5.899449],[-35.556284,-5.901096],[-35.556036,-5.902228],[-35.555218,-5.903875]]}},{"type":"Feature","id":442,"properties":{"regime":"Intermitente","ordem":1,"largura":"<=10","fonte":"ANA (2021), MDE/Maxar(imagens do basemap/arcmap), Cartas topográficas"},"geometry":{"type":"LineString","coordinates":[[-35.555218,-5.903875],[-35.555341,-5.904484],[-35.555104,-5.906036],[-35.554789,-5.906578],[-35.554885,-5.906864],[-35.552572,-5.909062],[-35.551525,-5.910281],[-35.55064,-5.911775],[-35.549802,-5.912546]]}},{"type":"Feature","id":443,"properties":{"regime":"Intermitente","ordem":1,"largura":"<=10","fonte":"ANA (2021), MDE/Maxar(imagens do basemap/arcmap), Cartas topográficas"},"geometry":{"type":"LineString","coordinates":[[-35.551877,-5.906626],[-35.553162,-5.904684],[-35.554171,-5.904123],[-35.555218,-5.903875]]}},{"type":"Feature","id":444,"properties":{"regime":"Intermitente","ordem":1,"largura":"<=10","fonte":"ANA (2021), MDE/Maxar(imagens do basemap/arcmap), Cartas topográficas"},"geometry":{"type":"LineString","coordinates":[[-35.551753,-5.898754],[-35.552581,-5.898926],[-35.553505,-5.898688],[-35.554209,-5.898783],[-35.554551,-5.89904]]}},{"type":"Feature","id":445,"properties":{"regime":"Intermitente","ordem":1,"largura":"<=10","fonte":"ANA (2021), MDE/Maxar(imagens do basemap/arcmap), Cartas topográficas"},"geometry":{"type":"LineString","coordinates":[[-35.552305,-5.900306],[-35.553343,-5.899944],[-35.554551,-5.89904]]}},{"type":"Feature","id":446,"properties":{"regime":"Intermitente","ordem":1,"largura":"<=10","fonte":"ANA (2021), MDE/Maxar(imagens do basemap/arcmap), Cartas topográficas"},"geometry":{"type":"LineString","coordinates":[[-35.551677,-5.901753],[-35.553685,-5.9022],[-35.554447,-5.901324],[-35.555189,-5.899992],[-35.555503,-5.898907]]}},{"type":"Feature","id":447,"properties":{"regime":"Intermitente","ordem":2,"largura":"<=10","fonte":"ANA (2021), MDE/Maxar(imagens do basemap/arcmap), Cartas topográficas"},"geometry":{"type":"LineString","coordinates":[[-35.554551,-5.89904],[-35.554837,-5.899135],[-35.555503,-5.898907]]}},{"type":"Feature","id":448,"properties":{"regime":"Intermitente","ordem":2,"largura":"<=10","fonte":"ANA (2021), MDE/Maxar(imagens do basemap/arcmap), Cartas topográficas"},"geometry":{"type":"LineString","coordinates":[[-35.555503,-5.898907],[-35.55617,-5.89805],[-35.556703,-5.89786],[-35.557064,-5.898022]]}},{"type":"Feature","id":449,"properties":{"regime":"Intermitente","ordem":2,"largura":"<=10","fonte":"ANA (2021), MDE/Maxar(imagens do basemap/arcmap), Cartas topográficas"},"geometry":{"type":"LineString","coordinates":[[-35.614218,-5.84401],[-35.614294,-5.842358],[-35.614094,-5.841235],[-35.614399,-5.840121],[-35.614789,-5.839617],[-35.615341,-5.836999],[-35.615018,-5.835229]]}},{"type":"Feature","id":450,"properties":{"regime":"Intermitente","ordem":1,"largura":"<=10","fonte":"ANA (2021), MDE/Maxar(imagens do basemap/arcmap), Cartas topográficas"},"geometry":{"type":"LineString","coordinates":[[-35.615018,-5.835229],[-35.615751,-5.834512],[-35.615903,-5.833601],[-35.61516,-5.831279],[-35.614085,-5.830061],[-35.614142,-5.8285],[-35.615294,-5.826539],[-35.61635,-5.826425],[-35.617007,-5.825968]]}},{"type":"Feature","id":451,"properties":{"regime":"Intermitente","ordem":1,"largura":"<=10","fonte":"ANA (2021), MDE/Maxar(imagens do basemap/arcmap), Cartas topográficas"},"geometry":{"type":"LineString","coordinates":[[-35.615018,-5.835229],[-35.613723,-5.834487],[-35.613028,-5.834534],[-35.612762,-5.834325],[-35.610715,-5.834848],[-35.607365,-5.833839],[-35.606175,-5.833145],[-35.606121,-5.832244],[-35.604718,-5.830684],[-35.603453,-5.829671],[-35.603929,-5.827929],[-35.605109,-5.82632]]}},{"type":"Feature","id":452,"properties":{"regime":"Intermitente","ordem":1,"largura":"<=10","fonte":"ANA (2021), MDE/Maxar(imagens do basemap/arcmap), Cartas topográficas"},"geometry":{"type":"LineString","coordinates":[[-35.620785,-5.840798],[-35.621265,-5.8407],[-35.621637,-5.840967],[-35.621798,-5.840824],[-35.623169,-5.83793],[-35.624244,-5.836369],[-35.624606,-5.835151],[-35.626376,-5.833114],[-35.626605,-5.832543],[-35.626529,-5.832067],[-35.626852,-5.831582],[-35.628175,-5.830335],[-35.628185,-5.829954],[-35.629993,-5.826547],[-35.630764,-5.825614],[-35.631297,-5.825344]]}},{"type":"Feature","id":453,"properties":{"regime":"Intermitente","ordem":1,"largura":"<=10","fonte":"ANA (2021), MDE/Maxar(imagens do basemap/arcmap), Cartas topográficas"},"geometry":{"type":"LineString","coordinates":[[-35.631262,-5.740585],[-35.630838,-5.739932],[-35.629715,-5.739371],[-35.628097,-5.739361],[-35.626337,-5.739018],[-35.623719,-5.738257],[-35.617114,-5.735601],[-35.616,-5.735287],[-35.61265,-5.734878],[-35.610413,-5.73424]]}},{"type":"Feature","id":454,"properties":{"regime":"Intermitente","ordem":1,"largura":"<=10","fonte":"ANA (2021), MDE/Maxar(imagens do basemap/arcmap), Cartas topográficas"},"geometry":{"type":"LineString","coordinates":[[-35.633413,-5.724921],[-35.632547,-5.722466],[-35.631747,-5.721221],[-35.631,-5.71898]]}},{"type":"Feature","id":455,"properties":{"regime":"Intermitente","ordem":1,"largura":"<=10","dominialidade":"Estadual","fonte":"ANA (2021), MDE/Maxar(imagens do basemap/arcmap), Cartas topográficas"},"geometry":{"type":"LineString","coordinates":[[-35.504059,-5.7404],[-35.502692,-5.741416],[-35.501823,-5.743546],[-35.501538,-5.745283],[-35.501764,-5.747186],[-35.501704,-5.747757],[-35.501312,-5.748329],[-35.501431,-5.749161],[-35.50124,-5.74978],[-35.502145,-5.751719],[-35.502228,-5.752374],[-35.502833,-5.75315],[-35.502549,-5.753659],[-35.503168,-5.754491],[-35.50329,-5.755892],[-35.503596,-5.756181],[-35.504708,-5.756558],[-35.504767,-5.756995],[-35.504941,-5.756981],[-35.504746,-5.757681],[-35.505031,-5.757891],[-35.505155,-5.757739],[-35.505904,-5.758989],[-35.506011,-5.75969],[-35.50569,-5.759988],[-35.506213,-5.76069],[-35.507142,-5.761029]]}},{"type":"Feature","id":456,"properties":{"regime":"Intermitente","ordem":1,"largura":"<=10","dominialidade":"Estadual","fonte":"ANA (2021), MDE/Maxar(imagens do basemap/arcmap), Cartas topográficas"},"geometry":{"type":"LineString","coordinates":[[-35.395772,-5.815141],[-35.395173,-5.815311],[-35.391494,-5.81464]]}},{"type":"Feature","id":457,"properties":{"regime":"Intermitente","ordem":2,"largura":"<=10","dominialidade":"Estadual","fonte":"ANA (2021), MDE/Maxar(imagens do basemap/arcmap), Cartas topográficas"},"geometry":{"type":"LineString","coordinates":[[-35.391494,-5.81464],[-35.388147,-5.812814]]}},{"type":"Feature","id":458,"properties":{"regime":"Intermitente","ordem":2,"largura":"<=10","dominialidade":"Estadual","fonte":"ANA (2021), MDE/Maxar(imagens do basemap/arcmap), Cartas topográficas"},"geometry":{"type":"LineString","coordinates":[[-35.388147,-5.812814],[-35.387822,-5.812021],[-35.387225,-5.811481],[-35.386702,-5.81167],[-35.386396,-5.811517]]}},{"type":"Feature","id":459,"properties":{"regime":"Intermitente","ordem":1,"largura":"<=10","dominialidade":"Estadual","fonte":"ANA (2021), MDE/Maxar(imagens do basemap/arcmap), Cartas topográficas"},"geometry":{"type":"LineString","coordinates":[[-35.415122,-5.785776],[-35.415931,-5.784827],[-35.416349,-5.783654],[-35.416159,-5.783049]]}},{"type":"Feature","id":460,"properties":{"regime":"Intermitente","ordem":2,"largura":"10 - 50","dominialidade":"Estadual","fonte":"ANA (2021), MDE/Maxar(imagens do basemap/arcmap), Cartas topográficas"},"geometry":{"type":"LineString","coordinates":[[-35.437675,-5.78638],[-35.43708,-5.786747],[-35.436896,-5.787804]]}},{"type":"Feature","id":461,"properties":{"nome":"Rio Camaragibe","regime":"Intermitente","ordem":4,"largura":"<=10","dominialidade":"Estadual","fonte":"ANA (2021), MDE/Maxar(imagens do basemap/arcmap), Cartas topográficas"},"geometry":{"type":"LineString","coordinates":[[-35.478255,-5.796708],[-35.477973,-5.796553]]}},{"type":"Feature","id":462,"properties":{"regime":"Intermitente","ordem":1,"largura":"<=10","dominialidade":"Estadual","fonte":"ANA (2021), MDE/Maxar(imagens do basemap/arcmap), Cartas topográficas"},"geometry":{"type":"LineString","coordinates":[[-35.546475,-5.724126],[-35.548683,-5.724964],[-35.5519,-5.725345],[-35.553851,-5.72622],[-35.553775,-5.728685],[-35.554194,-5.731588],[-35.554003,-5.732845],[-35.555116,-5.735655],[-35.555355,-5.737023],[-35.555231,-5.739031],[-35.55485,-5.739726],[-35.554546,-5.742781],[-35.554146,-5.743314],[-35.554137,-5.745579],[-35.553756,-5.746826],[-35.552766,-5.748216],[-35.552994,-5.748406],[-35.552871,-5.748606],[-35.552442,-5.748549],[-35.552423,-5.750167],[-35.553842,-5.753365]]}},{"type":"Feature","id":463,"properties":{"regime":"Intermitente","ordem":2,"largura":"<=10","dominialidade":"Estadual","fonte":"ANA (2021), MDE/Maxar(imagens do basemap/arcmap), Cartas topográficas"},"geometry":{"type":"LineString","coordinates":[[-35.553842,-5.753365],[-35.55467,-5.754022],[-35.554574,-5.754745],[-35.554822,-5.754783],[-35.554825,-5.75498],[-35.55447,-5.755145],[-35.554241,-5.755583],[-35.55426,-5.755878],[-35.554603,-5.755897],[-35.554403,-5.756239],[-35.554651,-5.756525],[-35.554584,-5.756782],[-35.554936,-5.757134],[-35.555774,-5.756706],[-35.556192,-5.757325],[-35.556526,-5.757296],[-35.55684,-5.756963],[-35.55722,-5.757543],[-35.557287,-5.757934],[-35.555916,-5.758581],[-35.555469,-5.759],[-35.556037,-5.759847]]}},{"type":"Feature","id":464,"properties":{"regime":"Intermitente","ordem":2,"largura":"<=10","dominialidade":"Estadual","fonte":"ANA (2021), MDE/Maxar(imagens do basemap/arcmap), Cartas topográficas"},"geometry":{"type":"LineString","coordinates":[[-35.583908,-5.777918],[-35.584879,-5.778584],[-35.58467,-5.779184],[-35.583851,-5.779507],[-35.583499,-5.779431],[-35.582738,-5.78044],[-35.583061,-5.780935],[-35.582918,-5.782229],[-35.582224,-5.782163],[-35.581205,-5.783267],[-35.58071,-5.783372],[-35.580739,-5.783819],[-35.580435,-5.784197]]}},{"type":"Feature","id":465,"properties":{"regime":"Intermitente","ordem":2,"largura":"<=10","dominialidade":"Estadual","fonte":"ANA (2021), MDE/Maxar(imagens do basemap/arcmap), Cartas topográficas"},"geometry":{"type":"LineString","coordinates":[[-35.637425,-5.73148],[-35.63813,-5.73246],[-35.638189,-5.733444],[-35.637854,-5.734021],[-35.637968,-5.734811],[-35.637625,-5.735459],[-35.636359,-5.736458],[-35.635884,-5.7372],[-35.635792,-5.737768],[-35.63425,-5.738796],[-35.634374,-5.739538],[-35.634041,-5.739776],[-35.633289,-5.739728],[-35.633241,-5.740109],[-35.633,-5.740191],[-35.632785,-5.740109],[-35.632756,-5.739842],[-35.632566,-5.739976],[-35.632137,-5.739823],[-35.631262,-5.740585]]}},{"type":"Feature","id":466,"properties":{"regime":"Intermitente","ordem":2,"largura":"<=10","dominialidade":"Estadual","fonte":"ANA (2021), MDE/Maxar(imagens do basemap/arcmap), Cartas topográficas"},"geometry":{"type":"LineString","coordinates":[[-35.609557,-5.774929],[-35.609896,-5.775741],[-35.610353,-5.776131],[-35.610315,-5.777228]]}},{"type":"Feature","id":467,"properties":{"nome":"Rio Camaragibe","regime":"Intermitente","ordem":4,"largura":"10 - 50","dominialidade":"Estadual","fonte":"ANA (2021), MDE/Maxar(imagens do basemap/arcmap), Cartas topográficas"},"geometry":{"type":"LineString","coordinates":[[-35.5976,-5.789587],[-35.597044,-5.789632],[-35.596568,-5.789929],[-35.595283,-5.789727],[-35.595093,-5.788799],[-35.594824,-5.788698]]}},{"type":"Feature","id":468,"properties":{"nome":"Rio Camaragibe","regime":"Intermitente","ordem":4,"largura":"<=10","dominialidade":"Estadual","fonte":"ANA (2021), MDE/Maxar(imagens do basemap/arcmap), Cartas topográficas"},"geometry":{"type":"LineString","coordinates":[[-35.631693,-5.794304],[-35.631045,-5.795379],[-35.630032,-5.795912],[-35.629312,-5.797029],[-35.629012,-5.796915]]}},{"type":"Feature","id":469,"properties":{"nome":"Rio Camaragibe","regime":"Intermitente","ordem":4,"largura":"10 - 50","dominialidade":"Estadual","fonte":"ANA (2021), MDE/Maxar(imagens do basemap/arcmap), Cartas topográficas"},"geometry":{"type":"LineString","coordinates":[[-35.629012,-5.796915],[-35.628455,-5.796258],[-35.626899,-5.795287],[-35.626771,-5.793488],[-35.626288,-5.792766],[-35.625492,-5.792499],[-35.623987,-5.792474],[-35.623494,-5.791261],[-35.624008,-5.790652],[-35.623209,-5.788615],[-35.62259,-5.788739],[-35.622133,-5.789101]]}},{"type":"Feature","id":470,"properties":{"nome":"Rio Camaragibe","regime":"Intermitente","ordem":4,"largura":"10 - 50","dominialidade":"Estadual","fonte":"ANA (2021), MDE/Maxar(imagens do basemap/arcmap), Cartas topográficas"},"geometry":{"type":"LineString","coordinates":[[-35.610097,-5.793307],[-35.60947,-5.792932],[-35.608908,-5.793008],[-35.607928,-5.793341],[-35.607566,-5.793693]]}},{"type":"Feature","id":471,"properties":{"nome":"Rio Camaragibe","regime":"Intermitente","ordem":4,"largura":"10 - 50","dominialidade":"Estadual","fonte":"ANA (2021), MDE/Maxar(imagens do basemap/arcmap), Cartas topográficas"},"geometry":{"type":"LineString","coordinates":[[-35.607566,-5.793693],[-35.607233,-5.79435],[-35.606948,-5.794474],[-35.606072,-5.794303],[-35.605215,-5.793741],[-35.60493,-5.793284],[-35.603864,-5.792884],[-35.602646,-5.79277],[-35.600894,-5.792942],[-35.599971,-5.79239],[-35.598125,-5.792494],[-35.597849,-5.792371],[-35.597849,-5.792075],[-35.598477,-5.790914],[-35.598505,-5.790419],[-35.597947,-5.789735],[-35.5976,-5.789587]]}},{"type":"Feature","id":472,"properties":{"nome":"Rio Camaragibe","regime":"Intermitente","ordem":4,"largura":"10 - 50","dominialidade":"Estadual","fonte":"ANA (2021), MDE/Maxar(imagens do basemap/arcmap), Cartas topográficas"},"geometry":{"type":"LineString","coordinates":[[-35.581356,-5.785165],[-35.580435,-5.784197]]}},{"type":"Feature","id":473,"properties":{"nome":"Rio Camaragibe","regime":"Intermitente","ordem":4,"largura":"10 - 50","dominialidade":"Estadual","fonte":"ANA (2021), MDE/Maxar(imagens do basemap/arcmap), Cartas topográficas"},"geometry":{"type":"LineString","coordinates":[[-35.580435,-5.784197],[-35.57927,-5.783598],[-35.578756,-5.783541],[-35.577299,-5.784812],[-35.576914,-5.785898],[-35.575815,-5.786396],[-35.575286,-5.786368],[-35.574473,-5.785483],[-35.572245,-5.786168],[-35.569918,-5.787353]]}},{"type":"Feature","id":474,"properties":{"nome":"Rio Camaragibe","regime":"Intermitente","ordem":4,"largura":"10 - 50","dominialidade":"Estadual","fonte":"ANA (2021), MDE/Maxar(imagens do basemap/arcmap), Cartas topográficas"},"geometry":{"type":"LineString","coordinates":[[-35.554538,-5.783408],[-35.551644,-5.782342]]}},{"type":"Feature","id":475,"properties":{"nome":"Rio Camaragibe","regime":"Intermitente","ordem":4,"largura":"10 - 50","dominialidade":"Estadual","fonte":"ANA (2021), MDE/Maxar(imagens do basemap/arcmap), Cartas topográficas"},"geometry":{"type":"LineString","coordinates":[[-35.551644,-5.782342],[-35.549949,-5.781852],[-35.549311,-5.782004],[-35.549016,-5.782375]]}},{"type":"Feature","id":476,"properties":{"nome":"Rio Camaragibe","regime":"Intermitente","ordem":4,"largura":"10 - 50","dominialidade":"Estadual","fonte":"ANA (2021), MDE/Maxar(imagens do basemap/arcmap), Cartas topográficas"},"geometry":{"type":"LineString","coordinates":[[-35.543334,-5.785888],[-35.542772,-5.785802],[-35.542239,-5.786097],[-35.541782,-5.787715],[-35.540421,-5.789619],[-35.539746,-5.792836],[-35.53634,-5.793991]]}},{"type":"Feature","id":477,"properties":{"nome":"Rio Camaragibe","regime":"Intermitente","ordem":1,"largura":"<=10","dominialidade":"Estadual","fonte":"ANA (2021), MDE/Maxar(imagens do basemap/arcmap), Cartas topográficas"},"geometry":{"type":"LineString","coordinates":[[-35.478255,-5.796708],[-35.477584,-5.796708],[-35.477613,-5.797318],[-35.477077,-5.797307]]}},{"type":"Feature","id":478,"properties":{"nome":"Rio Potengi","regime":"Intermitente","ordem":5,"largura":"10 - 50","dominialidade":"Estadual","fonte":"ANA (2021), MDE/Maxar(imagens do basemap/arcmap), Cartas topográficas"},"geometry":{"type":"LineString","coordinates":[[-35.516912,-5.820889],[-35.513235,-5.821614],[-35.511094,-5.822256],[-35.507938,-5.823903],[-35.506282,-5.825097]]}},{"type":"Feature","id":479,"properties":{"nome":"Rio Potengi","regime":"Intermitente","ordem":5,"largura":"50 - 200","dominialidade":"Estadual","fonte":"ANA (2021), MDE/Maxar(imagens do basemap/arcmap), Cartas topográficas"},"geometry":{"type":"LineString","coordinates":[[-35.531031,-5.830677],[-35.529668,-5.831026],[-35.528379,-5.831013],[-35.526826,-5.83054]]}},{"type":"Feature","id":480,"properties":{"regime":"Intermitente","ordem":2,"largura":"<=10","dominialidade":"Estadual","fonte":"ANA (2021), MDE/Maxar(imagens do basemap/arcmap), Cartas topográficas"},"geometry":{"type":"LineString","coordinates":[[-35.569821,-5.825283],[-35.570336,-5.825121],[-35.569804,-5.824496]]}},{"type":"Feature","id":481,"properties":{"regime":"Intermitente","ordem":2,"largura":"<=10","dominialidade":"Estadual","fonte":"ANA (2021), MDE/Maxar(imagens do basemap/arcmap), Cartas topográficas"},"geometry":{"type":"LineString","coordinates":[[-35.566377,-5.839838],[-35.564532,-5.839742],[-35.563732,-5.840491],[-35.56275,-5.84065],[-35.561858,-5.841158],[-35.561625,-5.841866],[-35.561209,-5.842149],[-35.560268,-5.842299]]}},{"type":"Feature","id":482,"properties":{"nome":"Rio Potengi","regime":"Intermitente","ordem":5,"largura":"50 - 200","dominialidade":"Estadual","fonte":"ANA (2021), MDE/Maxar(imagens do basemap/arcmap), Cartas topográficas"},"geometry":{"type":"LineString","coordinates":[[-35.56481,-5.847531],[-35.563793,-5.846225]]}},{"type":"Feature","id":483,"properties":{"regime":"Intermitente","ordem":2,"largura":"<=10","dominialidade":"Estadual","fonte":"ANA (2021), MDE/Maxar(imagens do basemap/arcmap), Cartas topográficas"},"geometry":{"type":"LineString","coordinates":[[-35.554157,-5.893772],[-35.554214,-5.891335],[-35.553985,-5.89084],[-35.554042,-5.890498]]}},{"type":"Feature","id":484,"properties":{"regime":"Intermitente","ordem":2,"largura":"<=10","dominialidade":"Estadual","fonte":"ANA (2021), MDE/Maxar(imagens do basemap/arcmap), Cartas topográficas"},"geometry":{"type":"LineString","coordinates":[[-35.554042,-5.890498],[-35.554347,-5.888413],[-35.5539,-5.887366],[-35.554661,-5.884778],[-35.554356,-5.883674],[-35.554052,-5.883417],[-35.553895,-5.882882]]}},{"type":"Feature","id":485,"properties":{"regime":"Intermitente","ordem":2,"largura":"<=10","dominialidade":"Estadual","fonte":"ANA (2021), MDE/Maxar(imagens do basemap/arcmap), Cartas topográficas"},"geometry":{"type":"LineString","coordinates":[[-35.553895,-5.882882],[-35.554157,-5.881741],[-35.555213,-5.880142],[-35.555346,-5.87802],[-35.556076,-5.877791],[-35.55665,-5.877268]]}},{"type":"Feature","id":486,"properties":{"regime":"Intermitente","ordem":1,"largura":"<=10","dominialidade":"Estadual","fonte":"ANA (2021), MDE/Maxar(imagens do basemap/arcmap), Cartas topográficas"},"geometry":{"type":"LineString","coordinates":[[-35.561861,-5.924745],[-35.561895,-5.921831],[-35.561345,-5.91969],[-35.561428,-5.918191],[-35.562844,-5.916817],[-35.563327,-5.915668],[-35.563602,-5.915426]]}},{"type":"Feature","id":487,"properties":{"regime":"Intermitente","ordem":2,"largura":"<=10","dominialidade":"Estadual","fonte":"ANA (2021), MDE/Maxar(imagens do basemap/arcmap), Cartas topográficas"},"geometry":{"type":"LineString","coordinates":[[-35.563602,-5.915426],[-35.563652,-5.912603],[-35.56436,-5.911595],[-35.564335,-5.910388],[-35.564543,-5.910013],[-35.565018,-5.907106],[-35.565842,-5.90674],[-35.565892,-5.906174],[-35.567025,-5.905383],[-35.567633,-5.9047],[-35.567391,-5.903992],[-35.567783,-5.901943],[-35.568266,-5.902018],[-35.56813,-5.901327],[-35.568695,-5.900833],[-35.568682,-5.900138],[-35.568178,-5.898501],[-35.568501,-5.898358],[-35.568825,-5.898501],[-35.569044,-5.898072],[-35.569634,-5.898015],[-35.569824,-5.897263],[-35.569719,-5.895683],[-35.569358,-5.894313],[-35.569015,-5.893742],[-35.569044,-5.892],[-35.569596,-5.891048],[-35.568924,-5.889705],[-35.567464,-5.889145],[-35.567054,-5.887106],[-35.566683,-5.886946],[-35.566112,-5.885033],[-35.565579,-5.884119],[-35.565332,-5.884052]]}},{"type":"Feature","id":488,"properties":{"nome":"Rio Potengi","regime":"Intermitente","ordem":5,"largura":"50 - 200","dominialidade":"Estadual","fonte":"ANA (2021), MDE/Maxar(imagens do basemap/arcmap), Cartas topográficas"},"geometry":{"type":"LineString","coordinates":[[-35.574418,-5.858006],[-35.573364,-5.857826]]}},{"type":"Feature","id":489,"properties":{"regime":"Intermitente","ordem":2,"largura":"<=10","dominialidade":"Estadual","fonte":"ANA (2021), MDE/Maxar(imagens do basemap/arcmap), Cartas topográficas"},"geometry":{"type":"LineString","coordinates":[[-35.640186,-5.843065],[-35.639224,-5.842892],[-35.637968,-5.843378],[-35.637358,-5.843073],[-35.637101,-5.842254],[-35.636578,-5.842273],[-35.636197,-5.842454],[-35.636065,-5.842906],[-35.634722,-5.84451],[-35.633846,-5.845129],[-35.633561,-5.845072],[-35.631657,-5.845671],[-35.631162,-5.846014],[-35.630407,-5.846006],[-35.629994,-5.846354],[-35.629513,-5.846248],[-35.629135,-5.846509],[-35.627374,-5.845681],[-35.62646,-5.844348],[-35.625937,-5.844044],[-35.625109,-5.844053],[-35.625271,-5.843106],[-35.624688,-5.842702],[-35.624081,-5.842654],[-35.623189,-5.843309],[-35.622451,-5.843416],[-35.622392,-5.842963],[-35.621928,-5.842726],[-35.621499,-5.842166],[-35.621249,-5.841072],[-35.620785,-5.840798]]}},{"type":"Feature","id":490,"properties":{"regime":"Intermitente","ordem":2,"largura":"<=10","dominialidade":"Estadual","fonte":"ANA (2021), MDE/Maxar(imagens do basemap/arcmap), Cartas topográficas"},"geometry":{"type":"LineString","coordinates":[[-35.620785,-5.840798],[-35.620429,-5.840858],[-35.619941,-5.841357],[-35.619013,-5.841036],[-35.618573,-5.841119],[-35.617585,-5.841869],[-35.617894,-5.842119],[-35.617621,-5.84244],[-35.617668,-5.842773],[-35.617917,-5.842943],[-35.617954,-5.843725],[-35.616966,-5.843737],[-35.616514,-5.843546],[-35.61655,-5.843999],[-35.616157,-5.844463],[-35.616117,-5.844895],[-35.615789,-5.845093],[-35.615348,-5.844938],[-35.614218,-5.84401]]}},{"type":"Feature","id":491,"properties":{"regime":"Intermitente","ordem":1,"largura":"<=10","dominialidade":"Estadual","fonte":"ANA (2021), MDE/Maxar(imagens do basemap/arcmap), Cartas topográficas"},"geometry":{"type":"LineString","coordinates":[[-35.589344,-5.926599],[-35.59317,-5.926837],[-35.594978,-5.926361],[-35.596891,-5.924612],[-35.598141,-5.923137],[-35.600758,-5.922384],[-35.602325,-5.922588]]}},{"type":"Feature","id":492,"properties":{"regime":"Intermitente","ordem":2,"largura":"<=10","dominialidade":"Estadual","fonte":"ANA (2021), MDE/Maxar(imagens do basemap/arcmap), Cartas topográficas"},"geometry":{"type":"LineString","coordinates":[[-35.602325,-5.922588],[-35.603948,-5.92315],[-35.605855,-5.921643],[-35.607379,-5.921226],[-35.608903,-5.921951],[-35.609144,-5.921293],[-35.610802,-5.92046],[-35.610868,-5.919419],[-35.611218,-5.91867],[-35.612068,-5.918461],[-35.612992,-5.918495],[-35.613433,-5.917587]]}},{"type":"Feature","id":493,"properties":{"regime":"Intermitente","ordem":2,"largura":"<=10","dominialidade":"Estadual","fonte":"ANA (2021), MDE/Maxar(imagens do basemap/arcmap), Cartas topográficas"},"geometry":{"type":"LineString","coordinates":[[-35.639776,-5.921546],[-35.639311,-5.921421],[-35.639264,-5.920778],[-35.639722,-5.918619],[-35.639543,-5.918292],[-35.637994,-5.918411],[-35.637581,-5.917276],[-35.636877,-5.916231],[-35.636361,-5.914633],[-35.635706,-5.91386],[-35.634755,-5.913473],[-35.633743,-5.913473],[-35.63295,-5.913699],[-35.631516,-5.913318],[-35.631063,-5.912527],[-35.630777,-5.912519],[-35.630527,-5.912204],[-35.630052,-5.910705],[-35.629562,-5.910267],[-35.630009,-5.909806],[-35.629701,-5.909253],[-35.628687,-5.908804],[-35.627419,-5.907706],[-35.625534,-5.905056],[-35.625029,-5.903182],[-35.624523,-5.902914],[-35.623304,-5.903063],[-35.622768,-5.902855],[-35.621334,-5.901143]]}},{"type":"Feature","id":494,"properties":{"regime":"Intermitente","ordem":3,"largura":"<=10","dominialidade":"Estadual","fonte":"ANA (2021), MDE/Maxar(imagens do basemap/arcmap), Cartas topográficas"},"geometry":{"type":"LineString","coordinates":[[-35.621334,-5.901143],[-35.622284,-5.900052],[-35.622034,-5.899086],[-35.622242,-5.898395],[-35.622142,-5.897962],[-35.6214,-5.897876]]}},{"type":"Feature","id":495,"properties":{"nome":"Rio Potengi","regime":"Intermitente","ordem":5,"largura":"50 - 200","dominialidade":"Estadual","fonte":"ANA (2021), MDE/Maxar(imagens do basemap/arcmap), Cartas topográficas"},"geometry":{"type":"LineString","coordinates":[[-35.613904,-5.87673],[-35.612338,-5.876279]]}},{"type":"Feature","id":496,"properties":{"regime":"Intermitente","ordem":2,"largura":"10 - 50","dominialidade":"Estadual","fonte":"ANA (2021), MDE/Maxar(imagens do basemap/arcmap), Cartas topográficas"},"geometry":{"type":"LineString","coordinates":[[-35.599232,-5.983683],[-35.598245,-5.983374],[-35.598411,-5.98316],[-35.598162,-5.982696],[-35.597746,-5.982655]]}},{"type":"Feature","id":497,"properties":{"nome":"Rio Grande","regime":"Intermitente","ordem":4,"largura":"10 - 50","dominialidade":"Estadual","fonte":"ANA (2021), MDE/Maxar(imagens do basemap/arcmap), Cartas topográficas"},"geometry":{"type":"LineString","coordinates":[[-35.597746,-5.982655],[-35.596756,-5.982665],[-35.596476,-5.982458],[-35.596402,-5.982102],[-35.596655,-5.981426],[-35.597101,-5.98085],[-35.59607,-5.980026],[-35.595462,-5.980355],[-35.5949,-5.980171],[-35.594957,-5.980914],[-35.594272,-5.981989],[-35.594034,-5.981903],[-35.593264,-5.982551]]}},{"type":"Feature","id":498,"properties":{"nome":"Rio Grande","regime":"Intermitente","ordem":4,"largura":"10 - 50","dominialidade":"Estadual","fonte":"ANA (2021), MDE/Maxar(imagens do basemap/arcmap), Cartas topográficas"},"geometry":{"type":"LineString","coordinates":[[-35.570817,-5.975062],[-35.569439,-5.973295]]}},{"type":"Feature","id":499,"properties":{"regime":"Intermitente","ordem":2,"largura":"10 - 50","dominialidade":"Estadual","fonte":"ANA (2021), MDE/Maxar(imagens do basemap/arcmap), Cartas topográficas"},"geometry":{"type":"LineString","coordinates":[[-35.57355,-5.971997],[-35.572441,-5.972294],[-35.571927,-5.972703],[-35.571375,-5.972741],[-35.570832,-5.973046],[-35.569842,-5.973008],[-35.569439,-5.973295]]}},{"type":"Feature","id":500,"properties":{"regime":"Intermitente","ordem":2,"largura":"10 - 50","dominialidade":"Estadual","fonte":"ANA (2021), MDE/Maxar(imagens do basemap/arcmap), Cartas topográficas"},"geometry":{"type":"LineString","coordinates":[[-35.557967,-5.967931],[-35.557903,-5.968995],[-35.557489,-5.970451],[-35.556682,-5.971194],[-35.556468,-5.971722],[-35.556632,-5.973635],[-35.55629,-5.974327],[-35.556061,-5.975883],[-35.555826,-5.976162],[-35.556004,-5.977799]]}},{"type":"Feature","id":501,"properties":{"regime":"Intermitente","ordem":1,"largura":"<=10","dominialidade":"Estadual","fonte":"ANA (2021), MDE/Maxar(imagens do basemap/arcmap), Cartas topográficas"},"geometry":{"type":"LineString","coordinates":[[-35.54745,-5.937118],[-35.547345,-5.936411],[-35.546749,-5.9356],[-35.545318,-5.934434],[-35.54469,-5.934158],[-35.543719,-5.933872],[-35.541967,-5.933758],[-35.540464,-5.933939],[-35.540026,-5.933529],[-35.538703,-5.933111],[-35.538018,-5.93313],[-35.537774,-5.932883],[-35.537266,-5.932911],[-35.536552,-5.932587],[-35.536788,-5.930144],[-35.534791,-5.925934],[-35.534629,-5.924459],[-35.534182,-5.923041],[-35.533767,-5.92282]]}},{"type":"Feature","id":502,"properties":{"regime":"Intermitente","ordem":1,"largura":"<=10","dominialidade":"Estadual","fonte":"ANA (2021), MDE/Maxar(imagens do basemap/arcmap), Cartas topográficas"},"geometry":{"type":"LineString","coordinates":[[-35.496337,-5.891092],[-35.496014,-5.890559],[-35.494639,-5.889669]]}},{"type":"Feature","id":503,"properties":{"nome":"Rio Grande","regime":"Intermitente","ordem":4,"largura":"10 - 50","dominialidade":"Estadual","fonte":"ANA (2021), MDE/Maxar(imagens do basemap/arcmap), Cartas topográficas"},"geometry":{"type":"LineString","coordinates":[[-35.540391,-5.994015],[-35.540557,-5.99338],[-35.540235,-5.993194],[-35.539464,-5.99343],[-35.538193,-5.992712]]}},{"type":"Feature","id":504,"properties":{"nome":"Rio Grande","regime":"Intermitente","ordem":4,"largura":"10 - 50","dominialidade":"Estadual","fonte":"ANA (2021), MDE/Maxar(imagens do basemap/arcmap), Cartas topográficas"},"geometry":{"type":"LineString","coordinates":[[-35.538193,-5.992712],[-35.537516,-5.99026],[-35.537016,-5.990196],[-35.536494,-5.990629],[-35.536037,-5.990467],[-35.535723,-5.98962],[-35.535895,-5.989133]]}},{"type":"Feature","id":505,"properties":{"regime":"Intermitente","ordem":2,"largura":"10 - 50","dominialidade":"Estadual","fonte":"ANA (2021), MDE/Maxar(imagens do basemap/arcmap), Cartas topográficas"},"geometry":{"type":"LineString","coordinates":[[-35.406981,-5.920106],[-35.405326,-5.921676],[-35.404908,-5.921392],[-35.404433,-5.921865],[-35.403889,-5.922093],[-35.40333,-5.921676],[-35.402741,-5.922243],[-35.398787,-5.923432]]}},{"type":"Feature","id":506,"properties":{"nome":"Rio Grande","regime":"Perene","ordem":4,"largura":"<=10","dominialidade":"Estadual","fonte":"ANA (2021), MDE/Maxar(imagens do basemap/arcmap), Cartas topográficas"},"geometry":{"type":"LineString","coordinates":[[-35.413963,-5.943106],[-35.414027,-5.941565],[-35.413535,-5.940843],[-35.411806,-5.939531],[-35.409786,-5.938645],[-35.408081,-5.937534],[-35.406256,-5.937238],[-35.40502,-5.936606],[-35.403577,-5.935406],[-35.403606,-5.934809],[-35.403327,-5.934454],[-35.402382,-5.93446],[-35.400475,-5.932492],[-35.40035,-5.931824],[-35.39994,-5.931375],[-35.399655,-5.930371],[-35.397926,-5.929135],[-35.397878,-5.928402],[-35.398259,-5.925985],[-35.399013,-5.925441],[-35.398787,-5.923432]]}},{"type":"Feature","id":507,"properties":{"nome":"Rio Grande","regime":"Perene","ordem":4,"largura":"10 - 50","dominialidade":"Estadual","fonte":"ANA (2021), MDE/Maxar(imagens do basemap/arcmap), Cartas topográficas"},"geometry":{"type":"LineString","coordinates":[[-35.398787,-5.923432],[-35.397516,-5.923101],[-35.397332,-5.921901],[-35.396803,-5.921009]]}},{"type":"Feature","id":508,"properties":{"nome":"Rio Grande","regime":"Perene","ordem":4,"largura":"<=10","dominialidade":"Estadual","fonte":"ANA (2021), MDE/Maxar(imagens do basemap/arcmap), Cartas topográficas"},"geometry":{"type":"LineString","coordinates":[[-35.385009,-5.921032],[-35.38459,-5.9209],[-35.381559,-5.91832],[-35.381232,-5.91768],[-35.381112,-5.916337],[-35.380479,-5.915952],[-35.380464,-5.915225],[-35.380752,-5.914966],[-35.380539,-5.912596],[-35.381221,-5.910197]]}},{"type":"Feature","id":509,"properties":{"regime":"Intermitente","ordem":2,"largura":"10 - 50","dominialidade":"Estadual","fonte":"ANA (2021), MDE/Maxar(imagens do basemap/arcmap), Cartas topográficas"},"geometry":{"type":"LineString","coordinates":[[-35.629503,-6.028504],[-35.628846,-6.027733],[-35.627618,-6.024792],[-35.626254,-6.023237]]}},{"type":"Feature","id":510,"properties":{"regime":"Intermitente","ordem":2,"largura":"50-200","dominialidade":"Estadual","fonte":"ANA (2021), MDE/Maxar(imagens do basemap/arcmap), Cartas topográficas"},"geometry":{"type":"LineString","coordinates":[[-35.59467,-6.004694],[-35.594906,-6.004095],[-35.594782,-6.003391],[-35.593111,-6.001635],[-35.591698,-6.000821],[-35.591377,-6.00031],[-35.590218,-6.000004],[-35.588999,-5.999322],[-35.588043,-5.999265],[-35.587395,-5.999597],[-35.587327,-5.999038]]}},{"type":"Feature","id":511,"properties":{"regime":"Intermitente","ordem":2,"largura":"10 - 50","dominialidade":"Estadual","fonte":"ANA (2021), MDE/Maxar(imagens do basemap/arcmap), Cartas topográficas"},"geometry":{"type":"LineString","coordinates":[[-35.593017,-6.007601],[-35.592954,-6.006532],[-35.59354,-6.005668],[-35.594255,-6.005329],[-35.59467,-6.004694]]}},{"type":"Feature","id":512,"properties":{"regime":"Intermitente","ordem":2,"largura":"50 - 200","dominialidade":"Estadual","fonte":"ANA (2021), MDE/Maxar(imagens do basemap/arcmap), Cartas topográficas"},"geometry":{"type":"LineString","coordinates":[[-35.580171,-5.997365],[-35.578676,-5.997858],[-35.578347,-5.997537],[-35.578112,-5.997779],[-35.577569,-5.99753]]}},{"type":"Feature","id":513,"properties":{"regime":"Intermitente","ordem":2,"largura":"10 - 50","dominialidade":"Estadual","fonte":"ANA (2021), MDE/Maxar(imagens do basemap/arcmap), Cartas topográficas"},"geometry":{"type":"LineString","coordinates":[[-35.577569,-5.99753],[-35.576912,-5.997037],[-35.576099,-5.995317],[-35.573315,-5.994224],[-35.57325,-5.993346],[-35.571771,-5.991619]]}},{"type":"Feature","id":514,"properties":{"nome":"Rio Grande","regime":"Intermitente","ordem":4,"largura":"<=10","dominialidade":"Estadual","fonte":"ANA (2021), MDE/Maxar(imagens do basemap/arcmap), Cartas topográficas"},"geometry":{"type":"LineString","coordinates":[[-35.635665,-5.986339],[-35.63503,-5.986274],[-35.634257,-5.986708],[-35.633852,-5.986474],[-35.633673,-5.98676],[-35.633259,-5.986617],[-35.632189,-5.986945],[-35.631675,-5.98681],[-35.631739,-5.98666],[-35.631146,-5.986524],[-35.629984,-5.984852],[-35.62914,-5.984547],[-35.628755,-5.984576],[-35.62852,-5.98491],[-35.62797,-5.984811],[-35.627032,-5.985216],[-35.626461,-5.985225],[-35.626499,-5.985844],[-35.626042,-5.985806],[-35.625804,-5.986053],[-35.625109,-5.985673],[-35.624681,-5.985863],[-35.624386,-5.985615],[-35.624015,-5.985615],[-35.623701,-5.985358],[-35.623311,-5.984416],[-35.622949,-5.984397],[-35.622549,-5.984073],[-35.620567,-5.984682],[-35.620151,-5.984645],[-35.619542,-5.985197],[-35.618999,-5.985406],[-35.617686,-5.984978],[-35.6176,-5.984578]]}},{"type":"Feature","id":515,"properties":{"nome":"Rio Grande","regime":"Intermitente","ordem":4,"largura":"10 - 50","dominialidade":"Estadual","fonte":"ANA (2021), MDE/Maxar(imagens do basemap/arcmap), Cartas topográficas"},"geometry":{"type":"LineString","coordinates":[[-35.543434,-5.989047],[-35.543062,-5.990812],[-35.542255,-5.991652],[-35.542141,-5.992145],[-35.542398,-5.992732],[-35.541856,-5.992744],[-35.54147,-5.993987],[-35.541199,-5.993701],[-35.540992,-5.994236],[-35.540391,-5.994015]]}},{"type":"Feature","id":516,"properties":{"regime":"Intermitente","ordem":2,"largura":"10 - 50","dominialidade":"Estadual","fonte":"ANA (2021), MDE/Maxar(imagens do basemap/arcmap), Cartas topográficas"},"geometry":{"type":"LineString","coordinates":[[-35.518643,-5.998567],[-35.519086,-5.998405],[-35.519578,-5.997827],[-35.520264,-5.997544],[-35.520223,-5.995491],[-35.520673,-5.995234],[-35.520887,-5.994434],[-35.520847,-5.993636]]}},{"type":"Feature","id":517,"properties":{"regime":"Intermitente","ordem":2,"largura":"10 - 50","dominialidade":"Estadual","fonte":"ANA (2021), MDE/Maxar(imagens do basemap/arcmap), Cartas topográficas"},"geometry":{"type":"LineString","coordinates":[[-35.516272,-5.988685],[-35.514769,-5.988395],[-35.514955,-5.987653],[-35.514317,-5.987406],[-35.513684,-5.987467],[-35.51348,-5.986726]]}},{"type":"Feature","id":518,"properties":{"regime":"Intermitente","ordem":2,"largura":"<=10","dominialidade":"Estadual","fonte":"ANA (2021), MDE/Maxar(imagens do basemap/arcmap), Cartas topográficas"},"geometry":{"type":"LineString","coordinates":[[-35.610315,-5.777228],[-35.610072,-5.777556]]}},{"type":"Feature","id":519,"properties":{"regime":"Intermitente","ordem":2,"largura":"10 - 50","dominialidade":"Estadual","fonte":"ANA (2021), MDE/Maxar(imagens do basemap/arcmap), Cartas topográficas"},"geometry":{"type":"LineString","coordinates":[[-35.610072,-5.777556],[-35.60953,-5.777727],[-35.609301,-5.778027],[-35.60883,-5.779983],[-35.608473,-5.779412],[-35.607482,-5.778691],[-35.60691,-5.778534]]}},{"type":"Feature","id":520,"properties":{"nome":"Rio Potengi","regime":"Perene","ordem":5,"largura":"50 - 200","dominialidade":"Estadual","fonte":"ANA (2021), MDE/Maxar(imagens do basemap/arcmap), Cartas topográficas"},"geometry":{"type":"LineString","coordinates":[[-35.361204,-5.810141],[-35.360503,-5.809786],[-35.359588,-5.809905],[-35.358589,-5.810378],[-35.355535,-5.811974],[-35.353793,-5.813186],[-35.350223,-5.815237],[-35.349581,-5.815438],[-35.348024,-5.816703],[-35.345232,-5.816525],[-35.341868,-5.814492],[-35.340442,-5.814031],[-35.33847,-5.813712],[-35.336461,-5.814055],[-35.335439,-5.813842],[-35.333882,-5.813144],[-35.332979,-5.812163]]}},{"type":"Feature","id":521,"properties":{"nome":"Rio Potengi","regime":"Perene","ordem":5,"largura":"200 - 600","dominialidade":"Estadual","fonte":"ANA (2021), MDE/Maxar(imagens do basemap/arcmap), Cartas topográficas"},"geometry":{"type":"LineString","coordinates":[[-35.250473,-5.785516],[-35.248979,-5.783339],[-35.247503,-5.782389],[-35.245711,-5.781838]]}},{"type":"Feature","id":522,"properties":{"nome":"Rio Potengi","regime":"Perene","ordem":5,"largura":"200 - 600","dominialidade":"Estadual","fonte":"ANA (2021), MDE/Maxar(imagens do basemap/arcmap), Cartas topográficas"},"geometry":{"type":"LineString","coordinates":[[-35.225073,-5.786988],[-35.217,-5.785258]]}},{"type":"Feature","id":523,"properties":{"regime":"Perene","ordem":1,"largura":"<=10","dominialidade":"Estadual","fonte":"ANA (2021), MDE/Maxar(imagens do basemap/arcmap), Cartas topográficas"},"geometry":{"type":"LineString","coordinates":[[-35.270471,-5.785668],[-35.269577,-5.785952],[-35.269121,-5.788354],[-35.268341,-5.789149],[-35.267823,-5.789121],[-35.265964,-5.788203],[-35.264536,-5.789113],[-35.262218,-5.788979],[-35.261914,-5.789716],[-35.261629,-5.792024],[-35.261097,-5.792365],[-35.25711,-5.789762]]}},{"type":"Feature","id":524,"properties":{"nome":"Rio Potengi","regime":"Intermitente","ordem":5,"largura":"50 - 200","dominialidade":"Estadual","fonte":"ANA (2021), MDE/Maxar(imagens do basemap/arcmap), Cartas topográficas"},"geometry":{"type":"LineString","coordinates":[[-35.560932,-5.842831],[-35.560006,-5.842089],[-35.558493,-5.841463],[-35.55772,-5.84069],[-35.556816,-5.840499],[-35.55565,-5.839357]]}},{"type":"Feature","id":525,"properties":{"nome":"Rio Potengi","regime":"Intermitente","ordem":5,"largura":"50 - 200","dominialidade":"Estadual","fonte":"ANA (2021), MDE/Maxar(imagens do basemap/arcmap), Cartas topográficas"},"geometry":{"type":"LineString","coordinates":[[-35.549725,-5.836419],[-35.549249,-5.834301],[-35.549213,-5.833789],[-35.549487,-5.833361],[-35.549396,-5.832889],[-35.548936,-5.832259],[-35.548967,-5.831655]]}},{"type":"Feature","id":526,"properties":{"nome":"Rio Potengi","regime":"Intermitente","ordem":5,"largura":"10 - 50","dominialidade":"Estadual","fonte":"ANA (2021), MDE/Maxar(imagens do basemap/arcmap), Cartas topográficas"},"geometry":{"type":"LineString","coordinates":[[-35.548967,-5.831655],[-35.54832,-5.831274],[-35.548292,-5.830265],[-35.547321,-5.828647]]}},{"type":"Feature","id":527,"properties":{"nome":"Rio Potengi","regime":"Intermitente","ordem":5,"largura":"50 - 200","dominialidade":"Estadual","fonte":"ANA (2021), MDE/Maxar(imagens do basemap/arcmap), Cartas topográficas"},"geometry":{"type":"LineString","coordinates":[[-35.506282,-5.825097],[-35.501622,-5.826942]]}},{"type":"Feature","id":528,"properties":{"nome":"Rio Grande","regime":"Intermitente","ordem":4,"largura":"10 - 50","dominialidade":"Estadual","fonte":"ANA (2021), MDE/Maxar(imagens do basemap/arcmap), Cartas topográficas"},"geometry":{"type":"LineString","coordinates":[[-35.479083,-5.958312],[-35.478656,-5.958277],[-35.478042,-5.957752],[-35.477557,-5.957731]]}},{"type":"Feature","id":529,"properties":{"nome":"Rio Jundia1","regime":"Perene","ordem":4,"largura":"200 - 600","dominialidade":"Estadual","fonte":"ANA (2021), MDE/Maxar(imagens do basemap/arcmap), Cartas topográficas"},"geometry":{"type":"LineString","coordinates":[[-35.308205,-5.838889],[-35.306194,-5.839647],[-35.302656,-5.839169],[-35.299819,-5.837788],[-35.295811,-5.836976]]}},{"type":"Feature","id":530,"properties":{"nome":"Rio Jundia1","regime":"Perene","ordem":4,"largura":"10 - 50","dominialidade":"Estadual","fonte":"ANA (2021), MDE/Maxar(imagens do basemap/arcmap), Cartas topográficas"},"geometry":{"type":"LineString","coordinates":[[-35.330691,-5.850106],[-35.328136,-5.849696],[-35.327641,-5.84928],[-35.327622,-5.848618],[-35.327242,-5.847578],[-35.327884,-5.846067],[-35.327489,-5.845611],[-35.326348,-5.844986],[-35.323021,-5.84527]]}},{"type":"Feature","id":531,"properties":{"nome":"Riacho do Boqueir_o","regime":"Intermitente","ordem":3,"largura":"10 - 50","dominialidade":"Estadual","fonte":"ANA (2021), MDE/Maxar(imagens do basemap/arcmap), Cartas topográficas"},"geometry":{"type":"LineString","coordinates":[[-36.002476,-5.903766],[-36.00144,-5.904381],[-36.000869,-5.90499],[-36.000393,-5.905676],[-36.000225,-5.906728]]}},{"type":"Feature","id":532,"properties":{"nome":"Riacho da Cauv","regime":"Intermitente","ordem":1,"largura":"<=10","dominialidade":"Estadual","fonte":"ANA (2021), MDE/Maxar(imagens do basemap/arcmap), Cartas topográficas"},"geometry":{"type":"MultiLineString","coordinates":[[[-36.000296,-5.823515],[-36.002966,-5.824943]],[[-36.003051,-5.841045],[-36.002708,-5.840955],[-36.002046,-5.841176],[-36.001366,-5.840974],[-36.001086,-5.841689]]]}},{"type":"Feature","id":533,"properties":{"regime":"Intermitente","ordem":1,"largura":"<=10","dominialidade":"Estadual","fonte":"ANA (2021), MDE/Maxar(imagens do basemap/arcmap), Cartas topográficas"},"geometry":{"type":"LineString","coordinates":[[-35.995363,-6.001305],[-35.996851,-6.001959],[-35.997812,-6.001065],[-36.00036,-5.997349],[-36.001044,-5.996665]]}},{"type":"Feature","id":534,"properties":{"regime":"Intermitente","ordem":1,"largura":"<=10","dominialidade":"Estadual","fonte":"ANA (2021), MDE/Maxar(imagens do basemap/arcmap), Cartas topográficas"},"geometry":{"type":"LineString","coordinates":[[-35.997464,-6.00817],[-35.99794,-6.00707],[-35.998523,-6.006921],[-35.998791,-6.006606],[-35.999231,-6.004203],[-35.998829,-6.003509],[-35.998901,-6.003165],[-35.999582,-6.002555],[-36.000385,-6.002341],[-36.000897,-6.001465],[-36.000641,-6.001216],[-36.000807,-6.000348],[-36.000647,-6.000033],[-36.001605,-5.999777],[-36.001169,-5.998479],[-36.001511,-5.998138],[-36.000941,-5.997197],[-36.00105,-5.996665]]}},{"type":"Feature","id":535,"properties":{"regime":"Perene","ordem":1,"largura":"<=10","dominialidade":"Estadual","fonte":"ANA (2021), MDE/Maxar(imagens do basemap/arcmap), Cartas topográficas"},"geometry":{"type":"LineString","coordinates":[[-35.997237,-6.010008],[-35.997751,-6.009903],[-35.997808,-6.009532],[-35.997408,-6.00857],[-35.997464,-6.00817]]}},{"type":"Feature","id":536,"properties":{"nome":"Riacho do Formigueiro","regime":"Intermitente","ordem":2,"largura":"10 - 50","dominialidade":"Estadual","fonte":"ANA (2021), MDE/Maxar(imagens do basemap/arcmap), Cartas topográficas"},"geometry":{"type":"LineString","coordinates":[[-35.987909,-6.027827],[-35.987802,-6.026381],[-35.988107,-6.026152],[-35.987812,-6.02561],[-35.987688,-6.024496],[-35.986279,-6.024477],[-35.985956,-6.023811],[-35.985014,-6.023268],[-35.982996,-6.02106],[-35.982587,-6.019747],[-35.98192,-6.018795],[-35.981987,-6.018576],[-35.980988,-6.018557],[-35.980331,-6.018167],[-35.980823,-6.017832],[-35.981111,-6.017215],[-35.980236,-6.017177],[-35.979788,-6.017653],[-35.978894,-6.017491],[-35.977866,-6.016872]]}},{"type":"Feature","id":537,"properties":{"nome":"Riacho do Ronca","regime":"Intermitente","ordem":1,"largura":"<=10","dominialidade":"Estadual","fonte":"ANA (2021), MDE/Maxar(imagens do basemap/arcmap), Cartas topográficas"},"geometry":{"type":"LineString","coordinates":[[-35.998487,-6.018345],[-35.998294,-6.018159],[-35.998301,-6.01611],[-35.997751,-6.014875],[-35.997758,-6.014219],[-35.997085,-6.013933],[-35.996374,-6.013034],[-35.995067,-6.01267],[-35.994225,-6.01212],[-35.993946,-6.011699],[-35.994161,-6.010842],[-35.993854,-6.010428],[-35.993083,-6.009914],[-35.991776,-6.009622],[-35.991284,-6.009036],[-35.991434,-6.008294],[-35.991134,-6.007758],[-35.992106,-6.006124],[-35.992062,-6.005453],[-35.99244,-6.005246],[-35.992497,-6.004803],[-35.990377,-6.002719],[-35.990163,-6.002326],[-35.99022,-6.001484],[-35.990056,-6.001241],[-35.989878,-6.000998],[-35.988578,-6.000534],[-35.985231,-6.000384],[-35.985009,-5.99992]]}},{"type":"Feature","id":538,"properties":{"regime":"Intermitente","ordem":1,"largura":"<=10","dominialidade":"Estadual","fonte":"ANA (2021), MDE/Maxar(imagens do basemap/arcmap), Cartas topográficas"},"geometry":{"type":"LineString","coordinates":[[-35.974219,-6.004011],[-35.975095,-6.003426],[-35.975461,-6.001599],[-35.975522,-6.000234]]}},{"type":"Feature","id":539,"properties":{"regime":"Intermitente","ordem":1,"largura":"<=10","dominialidade":"Estadual","fonte":"ANA (2021), MDE/Maxar(imagens do basemap/arcmap), Cartas topográficas"},"geometry":{"type":"LineString","coordinates":[[-35.999339,-6.067639],[-35.999007,-6.067492],[-35.99839,-6.066379],[-35.996461,-6.065124],[-35.996056,-6.063518],[-35.995033,-6.06234],[-35.995093,-6.061496],[-35.994819,-6.06058],[-35.993784,-6.059759],[-35.992975,-6.058819],[-35.991869,-6.058081],[-35.990845,-6.057784],[-35.989442,-6.054964],[-35.989227,-6.054131],[-35.987062,-6.053191],[-35.986289,-6.052216],[-35.985706,-6.052014],[-35.984635,-6.052525],[-35.984076,-6.052085],[-35.983552,-6.052097],[-35.982232,-6.051014],[-35.981411,-6.051181],[-35.980638,-6.05061],[-35.979483,-6.050562],[-35.978996,-6.051086],[-35.978059,-6.051427]]}},{"type":"Feature","id":540,"properties":{"regime":"Intermitente","ordem":1,"largura":"<=10","dominialidade":"Estadual","fonte":"ANA (2021), MDE/Maxar(imagens do basemap/arcmap), Cartas topográficas"},"geometry":{"type":"LineString","coordinates":[[-35.98263,-6.09317],[-35.983101,-6.093099],[-35.983844,-6.091442],[-35.983487,-6.090215],[-35.983758,-6.088889],[-35.983653,-6.087985],[-35.984234,-6.086757],[-35.984053,-6.085605],[-35.984605,-6.084834],[-35.984005,-6.083863],[-35.983787,-6.082817],[-35.984326,-6.082288],[-35.984529,-6.080761],[-35.984396,-6.077353],[-35.98391,-6.076449],[-35.98412,-6.075678],[-35.984776,-6.075516],[-35.984872,-6.074165],[-35.984044,-6.072004],[-35.984186,-6.071081],[-35.983406,-6.069872],[-35.983875,-6.065431],[-35.983409,-6.064251],[-35.983257,-6.062595],[-35.983628,-6.061729],[-35.983752,-6.060329],[-35.982296,-6.057579]]}},{"type":"Feature","id":541,"properties":{"regime":"Intermitente","ordem":2,"largura":"10 - 50","dominialidade":"Estadual","fonte":"ANA (2021), MDE/Maxar(imagens do basemap/arcmap), Cartas topográficas"},"geometry":{"type":"LineString","coordinates":[[-35.978059,-6.051427],[-35.977498,-6.050713],[-35.977417,-6.049517],[-35.976572,-6.048518],[-35.976156,-6.04822],[-35.972218,-6.046947],[-35.971874,-6.04634],[-35.97129,-6.04427],[-35.970279,-6.04264],[-35.970231,-6.041272],[-35.969628,-6.039206]]}},{"type":"Feature","id":542,"properties":{"regime":"Intermitente","ordem":1,"largura":"<=10","dominialidade":"Estadual","fonte":"ANA (2021), MDE/Maxar(imagens do basemap/arcmap), Cartas topográficas"},"geometry":{"type":"LineString","coordinates":[[-35.972856,-6.071536],[-35.972802,-6.070988],[-35.971169,-6.069257],[-35.971256,-6.068734],[-35.971042,-6.068353],[-35.970018,-6.06783],[-35.968948,-6.066854],[-35.968186,-6.065688],[-35.967449,-6.065248],[-35.966949,-6.06426],[-35.966509,-6.063951],[-35.966092,-6.063178],[-35.965545,-6.062821],[-35.964903,-6.061952],[-35.964926,-6.06175],[-35.964094,-6.061048],[-35.963891,-6.060453],[-35.964046,-6.059597],[-35.963475,-6.059382],[-35.962868,-6.059751],[-35.96244,-6.059573],[-35.962333,-6.059299],[-35.962618,-6.058478],[-35.963284,-6.058217],[-35.963844,-6.057503],[-35.964736,-6.057051],[-35.964748,-6.056634],[-35.964308,-6.056396],[-35.964141,-6.055278],[-35.964308,-6.055171],[-35.964593,-6.055325],[-35.964891,-6.055088],[-35.964712,-6.054493],[-35.966033,-6.053481],[-35.965521,-6.051994],[-35.965759,-6.051233],[-35.966009,-6.050852],[-35.967187,-6.050007],[-35.968388,-6.049353],[-35.968281,-6.048889],[-35.967437,-6.047997],[-35.967127,-6.046783],[-35.966259,-6.046153],[-35.96658,-6.044773],[-35.966068,-6.044083],[-35.965973,-6.043071],[-35.966568,-6.041989],[-35.966913,-6.042012],[-35.967758,-6.041191],[-35.967901,-6.040287],[-35.968305,-6.040073],[-35.96871,-6.040121],[-35.969628,-6.039206]]}},{"type":"Feature","id":543,"properties":{"regime":"Intermitente","ordem":2,"largura":"<=10","dominialidade":"Estadual","fonte":"ANA (2021), MDE/Maxar(imagens do basemap/arcmap), Cartas topográficas"},"geometry":{"type":"LineString","coordinates":[[-35.96428,-6.026494],[-35.960502,-6.023724],[-35.959664,-6.023324],[-35.958741,-6.022201],[-35.957856,-6.021801],[-35.95678,-6.020336],[-35.955476,-6.019231],[-35.955029,-6.019308],[-35.954458,-6.018518],[-35.952373,-6.017632],[-35.951422,-6.01769],[-35.95028,-6.01827],[-35.949594,-6.01827],[-35.949347,-6.018042],[-35.948481,-6.015834],[-35.948024,-6.015415],[-35.947396,-6.015215],[-35.946073,-6.013759],[-35.944122,-6.012331],[-35.942599,-6.011731],[-35.941561,-6.011912]]}},{"type":"Feature","id":544,"properties":{"regime":"Intermitente","ordem":1,"largura":"<=10","dominialidade":"Estadual","fonte":"ANA (2021), MDE/Maxar(imagens do basemap/arcmap), Cartas topográficas"},"geometry":{"type":"LineString","coordinates":[[-35.965642,-6.012025],[-35.965042,-6.012768],[-35.9635,-6.012989],[-35.958432,-6.011276],[-35.955955,-6.010855],[-35.954428,-6.009363],[-35.951276,-6.005102],[-35.95012,-6.00446],[-35.94992,-6.004117],[-35.948792,-6.003389],[-35.947678,-6.002247],[-35.94755,-6.001618],[-35.947193,-6.00129],[-35.945908,-6.000676],[-35.945715,-6.000185],[-35.94498,-6.000162],[-35.944809,-5.999848]]}},{"type":"Feature","id":545,"properties":{"regime":"Intermitente","ordem":3,"largura":"<=10","dominialidade":"Estadual","fonte":"ANA (2021), MDE/Maxar(imagens do basemap/arcmap), Cartas topográficas"},"geometry":{"type":"LineString","coordinates":[[-35.903822,-6.027182],[-35.902972,-6.027218],[-35.902002,-6.027896],[-35.901373,-6.027839],[-35.900588,-6.027247],[-35.899981,-6.026369],[-35.896734,-6.025469],[-35.895713,-6.02482],[-35.895406,-6.02437],[-35.895127,-6.023156],[-35.895156,-6.022935],[-35.895977,-6.022307],[-35.895327,-6.02115],[-35.896312,-6.019994],[-35.895513,-6.019137],[-35.895392,-6.018852],[-35.895549,-6.018281],[-35.897435,-6.017647],[-35.897692,-6.01724],[-35.89773,-6.016392],[-35.898301,-6.015607],[-35.90055,-6.013758],[-35.900343,-6.013258],[-35.899243,-6.012723],[-35.898494,-6.012116],[-35.89808,-6.011381],[-35.898216,-6.010867],[-35.899643,-6.010795],[-35.899977,-6.008857]]}},{"type":"Feature","id":546,"properties":{"regime":"Intermitente","ordem":1,"largura":"<=10","dominialidade":"Estadual","fonte":"ANA (2021), MDE/Maxar(imagens do basemap/arcmap), Cartas topográficas"},"geometry":{"type":"LineString","coordinates":[[-35.912063,-6.01853],[-35.911898,-6.018359],[-35.910392,-6.01813],[-35.909072,-6.017338],[-35.908692,-6.017348],[-35.908101,-6.016988],[-35.907546,-6.017006],[-35.906573,-6.016317],[-35.906373,-6.015774],[-35.906387,-6.015004],[-35.905195,-6.013397],[-35.904239,-6.012505],[-35.903732,-6.011334],[-35.902997,-6.010978],[-35.90239,-6.010956],[-35.902012,-6.010571],[-35.901955,-6.010007],[-35.901648,-6.009678],[-35.899977,-6.008857]]}},{"type":"Feature","id":547,"properties":{"regime":"Intermitente","ordem":3,"largura":"10 - 50","dominialidade":"Estadual","fonte":"ANA (2021), MDE/Maxar(imagens do basemap/arcmap), Cartas topográficas"},"geometry":{"type":"LineString","coordinates":[[-35.898378,-6.005495],[-35.89775,-6.003618],[-35.8974,-6.003532],[-35.896237,-6.00406],[-35.895851,-6.003761],[-35.895751,-6.003325],[-35.896215,-6.002104],[-35.896472,-6.001869],[-35.897343,-6.001519],[-35.898178,-6.000898],[-35.899572,-6.000607],[-35.899991,-6.000321],[-35.900057,-6.000026]]}},{"type":"Feature","id":548,"properties":{"regime":"Perene","ordem":1,"largura":"<=10","dominialidade":"Estadual","fonte":"ANA (2021), MDE/Maxar(imagens do basemap/arcmap), Cartas topográficas"},"geometry":{"type":"LineString","coordinates":[[-35.885283,-6.006513],[-35.884931,-6.005599],[-35.885046,-6.00515],[-35.884817,-6.004181],[-35.885131,-6.003686],[-35.88456,-6.001716],[-35.883827,-6.000155],[-35.883909,-6.000001]]}},{"type":"Feature","id":549,"properties":{"nome":"Riacho do Fund_o","regime":"Intermitente","ordem":1,"largura":"<=10","dominialidade":"Estadual","fonte":"ANA (2021), MDE/Maxar(imagens do basemap/arcmap), Cartas topográficas"},"geometry":{"type":"LineString","coordinates":[[-35.955408,-6.169803],[-35.953485,-6.16887],[-35.952095,-6.169099],[-35.950615,-6.168275],[-35.949773,-6.167366],[-35.948936,-6.166833],[-35.94791,-6.166606],[-35.947356,-6.166719],[-35.946271,-6.165805],[-35.946042,-6.165196],[-35.944748,-6.163388],[-35.943929,-6.162703],[-35.942673,-6.160799],[-35.942121,-6.157887],[-35.941626,-6.156573],[-35.940275,-6.155336],[-35.939456,-6.155279],[-35.939094,-6.154993],[-35.938542,-6.15427],[-35.938721,-6.153388],[-35.938447,-6.152975],[-35.937648,-6.15269],[-35.937223,-6.152776],[-35.936746,-6.152223],[-35.935097,-6.151186],[-35.934026,-6.14992],[-35.933745,-6.149263],[-35.93325,-6.149016],[-35.932299,-6.149035],[-35.93169,-6.148768],[-35.931404,-6.148407],[-35.931404,-6.147569]]}},{"type":"Feature","id":550,"properties":{"nome":"Riacho do Exu","regime":"Intermitente","ordem":1,"largura":"<=10","dominialidade":"Estadual","fonte":"ANA (2021), MDE/Maxar(imagens do basemap/arcmap), Cartas topográficas"},"geometry":{"type":"LineString","coordinates":[[-35.963589,-6.167542],[-35.963094,-6.166172],[-35.963056,-6.165448],[-35.962775,-6.164987],[-35.962941,-6.164173],[-35.962181,-6.163176],[-35.961461,-6.162645],[-35.961457,-6.161946],[-35.961081,-6.16137],[-35.960586,-6.161085],[-35.960224,-6.161199],[-35.959386,-6.160628],[-35.959101,-6.160152],[-35.958054,-6.159238],[-35.958225,-6.158077],[-35.957921,-6.157715],[-35.957483,-6.157525],[-35.956645,-6.157582],[-35.955218,-6.156878],[-35.954608,-6.156326],[-35.954123,-6.155346],[-35.952578,-6.153789],[-35.950866,-6.150738],[-35.948638,-6.148676],[-35.947089,-6.147607],[-35.946899,-6.14677],[-35.947075,-6.146538],[-35.946728,-6.145323],[-35.945205,-6.14401],[-35.944653,-6.143762],[-35.941816,-6.142924],[-35.938888,-6.142908],[-35.936918,-6.141671],[-35.936004,-6.140728],[-35.935357,-6.13931],[-35.934538,-6.138254],[-35.93446,-6.136964],[-35.933891,-6.136169],[-35.931614,-6.135191],[-35.931449,-6.134571],[-35.93188,-6.133883],[-35.931613,-6.133616],[-35.931575,-6.13314]]}},{"type":"Feature","id":551,"properties":{"nome":"Riacho do Fund_o","regime":"Intermitente","ordem":2,"largura":"10 - 50","dominialidade":"Estadual","fonte":"ANA (2021), MDE/Maxar(imagens do basemap/arcmap), Cartas topográficas"},"geometry":{"type":"LineString","coordinates":[[-35.931575,-6.13314],[-35.930877,-6.133053],[-35.93048,-6.132099],[-35.930526,-6.131793],[-35.931048,-6.131236],[-35.931018,-6.130959],[-35.929178,-6.129869],[-35.929032,-6.129421],[-35.929222,-6.129219],[-35.929987,-6.129243],[-35.93216,-6.126592],[-35.933023,-6.126094]]}},{"type":"Feature","id":552,"properties":{"nome":"Riacho Soo Pedro","regime":"Intermitente","ordem":2,"largura":"10 - 50","dominialidade":"Estadual","fonte":"ANA (2021), MDE/Maxar(imagens do basemap/arcmap), Cartas topográficas"},"geometry":{"type":"LineString","coordinates":[[-35.976049,-6.142839],[-35.974207,-6.143315],[-35.972325,-6.14319],[-35.971117,-6.14253],[-35.969095,-6.142459],[-35.96662,-6.140603],[-35.966025,-6.140674],[-35.964502,-6.14027],[-35.963265,-6.140198],[-35.96079,-6.139413],[-35.959743,-6.13958],[-35.958958,-6.13927],[-35.95822,-6.139794],[-35.956769,-6.139199],[-35.953914,-6.137272],[-35.953081,-6.13701],[-35.952272,-6.137058],[-35.951606,-6.137533],[-35.951106,-6.137605],[-35.950765,-6.137305]]}},{"type":"Feature","id":553,"properties":{"nome":"Riacho Soo Pedro","regime":"Intermitente","ordem":3,"largura":"10 - 50","dominialidade":"Estadual","fonte":"ANA (2021), MDE/Maxar(imagens do basemap/arcmap), Cartas topográficas"},"geometry":{"type":"LineString","coordinates":[[-35.921289,-6.122874],[-35.920992,-6.122874],[-35.920402,-6.123302],[-35.92003,-6.123321],[-35.919831,-6.123064],[-35.919612,-6.122293],[-35.919735,-6.121313],[-35.919183,-6.120133],[-35.91905,-6.118886],[-35.918165,-6.117458],[-35.91826,-6.116992],[-35.919136,-6.115821],[-35.919079,-6.11524],[-35.920316,-6.114222],[-35.921306,-6.113917],[-35.921525,-6.113527],[-35.921487,-6.112709],[-35.920849,-6.11208],[-35.919002,-6.108464]]}},{"type":"Feature","id":554,"properties":{"regime":"Intermitente","ordem":1,"largura":"<=10","dominialidade":"Estadual","fonte":"ANA (2021), MDE/Maxar(imagens do basemap/arcmap), Cartas topográficas"},"geometry":{"type":"LineString","coordinates":[[-35.974392,-6.100114],[-35.974171,-6.100685],[-35.973792,-6.100885],[-35.97245,-6.100999],[-35.9721,-6.101527],[-35.972051,-6.10217],[-35.970873,-6.103112],[-35.970087,-6.103412],[-35.969309,-6.103133],[-35.968588,-6.103419],[-35.966226,-6.103176],[-35.96452,-6.103369],[-35.963477,-6.103754],[-35.963292,-6.10434],[-35.962649,-6.104654],[-35.960322,-6.10454],[-35.959665,-6.104226],[-35.958052,-6.104682],[-35.956753,-6.104782],[-35.955054,-6.105439],[-35.954711,-6.105368],[-35.954354,-6.10561],[-35.954169,-6.106439],[-35.953741,-6.10691],[-35.953469,-6.108223],[-35.953027,-6.108709],[-35.952042,-6.10858],[-35.951656,-6.108808],[-35.951085,-6.109865]]}},{"type":"Feature","id":555,"properties":{"regime":"Intermitente","ordem":1,"largura":"<=10","dominialidade":"Estadual","fonte":"ANA (2021), MDE/Maxar(imagens do basemap/arcmap), Cartas topográficas"},"geometry":{"type":"LineString","coordinates":[[-35.984442,-6.103178],[-35.984882,-6.105022],[-35.98543,-6.106022],[-35.98562,-6.10695],[-35.984395,-6.108342],[-35.984342,-6.108915],[-35.983065,-6.110022],[-35.982329,-6.110236],[-35.981915,-6.110743],[-35.980792,-6.111339],[-35.979005,-6.112213],[-35.97812,-6.112422],[-35.977363,-6.112907],[-35.977087,-6.112822],[-35.974741,-6.113405],[-35.972183,-6.113393],[-35.971787,-6.113556],[-35.971136,-6.114285],[-35.970612,-6.114214],[-35.969423,-6.113357],[-35.968935,-6.113345],[-35.966984,-6.114107],[-35.96602,-6.114083],[-35.964997,-6.114428],[-35.964485,-6.114404],[-35.961499,-6.116343],[-35.960666,-6.116498],[-35.959714,-6.116201],[-35.95856,-6.116686]]}},{"type":"Feature","id":556,"properties":{"regime":"Intermitente","ordem":3,"largura":"10 - 50","dominialidade":"Estadual","fonte":"ANA (2021), MDE/Maxar(imagens do basemap/arcmap), Cartas topográficas"},"geometry":{"type":"LineString","coordinates":[[-35.931757,-6.107078],[-35.931412,-6.107007],[-35.930875,-6.10629],[-35.929925,-6.105698],[-35.929104,-6.104639],[-35.92833,-6.105186],[-35.926867,-6.104592],[-35.926236,-6.105044],[-35.924415,-6.104302],[-35.922487,-6.104129],[-35.92137,-6.10339],[-35.92099,-6.103402],[-35.920894,-6.104508],[-35.920585,-6.104782],[-35.918884,-6.10552],[-35.918027,-6.105639],[-35.917539,-6.106507],[-35.917512,-6.107143],[-35.917242,-6.107632],[-35.916611,-6.107593],[-35.914998,-6.106009]]}},{"type":"Feature","id":557,"properties":{"nome":"Riacho Soo Pedro","regime":"Intermitente","ordem":4,"largura":"10 - 50","dominialidade":"Estadual","fonte":"ANA (2021), MDE/Maxar(imagens do basemap/arcmap), Cartas topográficas"},"geometry":{"type":"LineString","coordinates":[[-35.910513,-6.101812],[-35.909153,-6.102273],[-35.906726,-6.102216],[-35.905498,-6.10293],[-35.903852,-6.10254],[-35.902472,-6.101807],[-35.901824,-6.101997],[-35.901469,-6.102819],[-35.900987,-6.102607],[-35.900821,-6.102818]]}},{"type":"Feature","id":558,"properties":{"nome":"Riacho do Gavi_o","regime":"Intermitente","ordem":2,"largura":"10 - 50","dominialidade":"Estadual","fonte":"ANA (2021), MDE/Maxar(imagens do basemap/arcmap), Cartas topográficas"},"geometry":{"type":"LineString","coordinates":[[-35.908081,-6.117349],[-35.907567,-6.117083],[-35.906748,-6.115826],[-35.906767,-6.114951],[-35.906386,-6.114551],[-35.905777,-6.114456],[-35.905168,-6.114094],[-35.903931,-6.112876],[-35.903893,-6.111943],[-35.904388,-6.111181]]}},{"type":"Feature","id":559,"properties":{"nome":"Riacho Soo Pedro","regime":"Intermitente","ordem":4,"largura":"10 - 50","dominialidade":"Estadual","fonte":"ANA (2021), MDE/Maxar(imagens do basemap/arcmap), Cartas topográficas"},"geometry":{"type":"LineString","coordinates":[[-35.900821,-6.102818],[-35.90049,-6.101992],[-35.899758,-6.101468],[-35.899515,-6.101064],[-35.899954,-6.099256],[-35.899954,-6.098304],[-35.899211,-6.098028],[-35.897232,-6.098609],[-35.895699,-6.09799],[-35.894833,-6.097257],[-35.893853,-6.095239],[-35.892606,-6.093764],[-35.892983,-6.091182],[-35.892783,-6.090649],[-35.892426,-6.090345],[-35.891032,-6.089769],[-35.890628,-6.089264],[-35.887959,-6.089574],[-35.887042,-6.089031],[-35.885957,-6.088817],[-35.885022,-6.088218],[-35.884315,-6.088403],[-35.882926,-6.088156]]}},{"type":"Feature","id":560,"properties":{"nome":"Riacho do Fund_o","regime":"Intermitente","ordem":1,"largura":"<=10","dominialidade":"Estadual","fonte":"ANA (2021), MDE/Maxar(imagens do basemap/arcmap), Cartas topográficas"},"geometry":{"type":"LineString","coordinates":[[-35.889442,-6.142144],[-35.889991,-6.141751],[-35.891448,-6.14128],[-35.891895,-6.140861],[-35.892631,-6.138877],[-35.892575,-6.137968],[-35.893382,-6.136783],[-35.894546,-6.135834],[-35.895038,-6.135712],[-35.895631,-6.135983],[-35.896637,-6.135291],[-35.89683,-6.134527],[-35.897465,-6.133928],[-35.897715,-6.133164],[-35.898265,-6.132557],[-35.898259,-6.131197],[-35.898556,-6.1304],[-35.897914,-6.129008],[-35.897141,-6.128133],[-35.8961,-6.126271],[-35.895755,-6.125986],[-35.895719,-6.124873],[-35.89535,-6.124308],[-35.895178,-6.12297],[-35.894482,-6.121953],[-35.894349,-6.121165],[-35.893595,-6.12037],[-35.893387,-6.119722],[-35.892858,-6.119127],[-35.892197,-6.117753],[-35.891281,-6.116575],[-35.891204,-6.115909],[-35.890704,-6.114749],[-35.890948,-6.113737],[-35.891466,-6.112976],[-35.891501,-6.112411],[-35.891028,-6.11116],[-35.89109,-6.110813],[-35.89158,-6.110271],[-35.891247,-6.109985],[-35.891218,-6.109295],[-35.891023,-6.108976],[-35.891099,-6.10772],[-35.889124,-6.10583],[-35.888972,-6.104665],[-35.888586,-6.103841],[-35.887563,-6.103403],[-35.886659,-6.102613],[-35.886907,-6.101614],[-35.886645,-6.099767],[-35.885322,-6.096687],[-35.885461,-6.096194],[-35.885357,-6.095445],[-35.885601,-6.095038],[-35.885459,-6.09391],[-35.88484,-6.092677]]}},{"type":"Feature","id":561,"properties":{"nome":"Riacho Salgado","regime":"Intermitente","ordem":4,"largura":"10 - 50","dominialidade":"Estadual","fonte":"ANA (2021), MDE/Maxar(imagens do basemap/arcmap), Cartas topográficas"},"geometry":{"type":"LineString","coordinates":[[-35.872021,-6.046548],[-35.871964,-6.044906],[-35.871236,-6.043821],[-35.871221,-6.04295],[-35.870179,-6.041637],[-35.86928,-6.041166],[-35.869165,-6.040566],[-35.869522,-6.038524],[-35.869123,-6.037482],[-35.869522,-6.036911],[-35.869408,-6.036297],[-35.870093,-6.03437],[-35.870222,-6.033099],[-35.869993,-6.0315],[-35.869437,-6.02993],[-35.868965,-6.029287],[-35.86908,-6.028588],[-35.869722,-6.028374],[-35.869893,-6.028045],[-35.869408,-6.027317],[-35.869322,-6.026703],[-35.869879,-6.025675],[-35.869479,-6.025047],[-35.868637,-6.022592],[-35.867809,-6.022106],[-35.867766,-6.021107],[-35.866738,-6.019822],[-35.867238,-6.018951],[-35.867281,-6.018437],[-35.867209,-6.018023],[-35.866695,-6.017709],[-35.866767,-6.017495],[-35.867681,-6.017266],[-35.867581,-6.016652],[-35.868123,-6.016367],[-35.868152,-6.016124],[-35.867638,-6.015567],[-35.867638,-6.015153],[-35.86803,-6.014505],[-35.868129,-6.013715],[-35.868786,-6.013368]]}},{"type":"Feature","id":562,"properties":{"nome":"Riacho S","regime":"Intermitente","ordem":2,"largura":"10 - 50","dominialidade":"Estadual","fonte":"ANA (2021), MDE/Maxar(imagens do basemap/arcmap), Cartas topográficas"},"geometry":{"type":"LineString","coordinates":[[-35.940524,-6.064158],[-35.940077,-6.063416],[-35.939573,-6.063188],[-35.939269,-6.063379],[-35.939249,-6.063778],[-35.93884,-6.06412],[-35.93858,-6.064211],[-35.937917,-6.064008],[-35.937288,-6.063207],[-35.936736,-6.063007],[-35.935804,-6.062179],[-35.933748,-6.061027],[-35.932758,-6.060675],[-35.932368,-6.06019],[-35.931397,-6.059628],[-35.930179,-6.058124],[-35.929798,-6.058115],[-35.929236,-6.059105],[-35.928646,-6.058971],[-35.927685,-6.057677],[-35.926768,-6.057151],[-35.925857,-6.056287],[-35.925096,-6.056763],[-35.923811,-6.056963],[-35.920566,-6.057991],[-35.918967,-6.056687],[-35.918205,-6.056459],[-35.917101,-6.056944],[-35.916673,-6.05662],[-35.91594,-6.056535],[-35.915388,-6.056687],[-35.913989,-6.056544],[-35.913598,-6.056782],[-35.913018,-6.056773],[-35.912513,-6.056373],[-35.912304,-6.05564],[-35.911933,-6.055174],[-35.910486,-6.054774],[-35.909982,-6.054384],[-35.909449,-6.053184],[-35.908516,-6.051919],[-35.908473,-6.051041],[-35.908692,-6.050414],[-35.908288,-6.048773],[-35.907193,-6.047178],[-35.906622,-6.046714],[-35.906194,-6.046583],[-35.905575,-6.046702],[-35.903981,-6.047511],[-35.902458,-6.047892],[-35.902006,-6.048356],[-35.901921,-6.048887],[-35.901506,-6.049237],[-35.900745,-6.048927],[-35.899674,-6.048999],[-35.899091,-6.049189],[-35.898841,-6.049701],[-35.897319,-6.049582],[-35.896517,-6.04832],[-35.893312,-6.046836],[-35.891377,-6.046914],[-35.888627,-6.048072],[-35.888137,-6.047779],[-35.88772,-6.04798],[-35.887121,-6.047601]]}},{"type":"Feature","id":563,"properties":{"nome":"Riacho dos Cavalos","regime":"Intermitente","ordem":2,"largura":"10 - 50","dominialidade":"Estadual","fonte":"ANA (2021), MDE/Maxar(imagens do basemap/arcmap), Cartas topográficas"},"geometry":{"type":"LineString","coordinates":[[-35.90887,-6.069762],[-35.907567,-6.069846],[-35.906866,-6.07009],[-35.905759,-6.069233],[-35.905837,-6.068715],[-35.905676,-6.068531],[-35.904421,-6.067883],[-35.904177,-6.067347],[-35.903439,-6.06677],[-35.902999,-6.065741],[-35.90313,-6.06495],[-35.902814,-6.06429],[-35.902945,-6.063493],[-35.902701,-6.063184],[-35.901081,-6.063477],[-35.898483,-6.063413],[-35.898233,-6.06322],[-35.898483,-6.062264],[-35.897934,-6.062077],[-35.896819,-6.062135],[-35.895413,-6.061286],[-35.895278,-6.060864],[-35.895423,-6.059851],[-35.894609,-6.058823],[-35.894295,-6.057873],[-35.895287,-6.055896]]}},{"type":"Feature","id":564,"properties":{"nome":"Riacho S","regime":"Intermitente","ordem":3,"largura":"10 - 50","dominialidade":"Estadual","fonte":"ANA (2021), MDE/Maxar(imagens do basemap/arcmap), Cartas topográficas"},"geometry":{"type":"LineString","coordinates":[[-35.887121,-6.047601],[-35.887008,-6.046153],[-35.886781,-6.045606],[-35.888138,-6.044523],[-35.88834,-6.043596],[-35.887781,-6.043048],[-35.885549,-6.041735],[-35.885397,-6.041525],[-35.88533,-6.040193],[-35.884511,-6.039184],[-35.883845,-6.039108],[-35.883322,-6.039317],[-35.88297,-6.039151]]}},{"type":"Feature","id":565,"properties":{"regime":"Intermitente","ordem":1,"largura":"<=10","dominialidade":"Estadual","fonte":"ANA (2021), MDE/Maxar(imagens do basemap/arcmap), Cartas topográficas"},"geometry":{"type":"LineString","coordinates":[[-35.913121,-6.097353],[-35.912671,-6.09697],[-35.911642,-6.096563],[-35.91118,-6.096102],[-35.910333,-6.095787],[-35.907877,-6.093827],[-35.906293,-6.091795],[-35.904697,-6.090645],[-35.903874,-6.089779],[-35.903636,-6.08928],[-35.903507,-6.08818],[-35.903607,-6.087538],[-35.904188,-6.087029],[-35.904155,-6.086272],[-35.903755,-6.085696],[-35.903355,-6.084288],[-35.902589,-6.083583],[-35.902351,-6.082275],[-35.900804,-6.081218],[-35.90069,-6.080457],[-35.899796,-6.079105],[-35.899596,-6.078425],[-35.898967,-6.078163],[-35.898727,-6.077592],[-35.897907,-6.07662],[-35.895537,-6.070472],[-35.89435,-6.069061],[-35.892221,-6.067788],[-35.890959,-6.066003],[-35.890222,-6.062838],[-35.889532,-6.061649],[-35.888199,-6.060161],[-35.888152,-6.05946],[-35.887569,-6.058829],[-35.887485,-6.057342],[-35.886867,-6.05658],[-35.886189,-6.054808],[-35.885951,-6.054522],[-35.885201,-6.05432],[-35.884951,-6.053915],[-35.885189,-6.052964],[-35.885058,-6.052702],[-35.883976,-6.051833],[-35.883881,-6.051548],[-35.883916,-6.050025],[-35.883428,-6.048002],[-35.883476,-6.047753],[-35.884285,-6.047074],[-35.884356,-6.046254],[-35.884166,-6.045468],[-35.883345,-6.044564],[-35.883107,-6.043838],[-35.883916,-6.042423],[-35.884011,-6.041328],[-35.88297,-6.039151]]}},{"type":"Feature","id":566,"properties":{"nome":"Riacho S","regime":"Intermitente","ordem":3,"largura":"10 - 50","dominialidade":"Estadual","fonte":"ANA (2021), MDE/Maxar(imagens do basemap/arcmap), Cartas topográficas"},"geometry":{"type":"LineString","coordinates":[[-35.882888,-6.031023],[-35.883216,-6.031023],[-35.883933,-6.030525],[-35.883799,-6.029119],[-35.883371,-6.028763],[-35.882336,-6.02856],[-35.882134,-6.027953],[-35.881587,-6.02743],[-35.880468,-6.027489],[-35.88023,-6.027347],[-35.878767,-6.025229],[-35.878791,-6.024848],[-35.879386,-6.024729],[-35.879386,-6.024551],[-35.878898,-6.024123],[-35.878624,-6.023456],[-35.877851,-6.023123],[-35.876542,-6.02166],[-35.875971,-6.021339],[-35.875674,-6.020506],[-35.875049,-6.019798],[-35.874763,-6.019025],[-35.875251,-6.017609],[-35.875263,-6.017062],[-35.874796,-6.016724],[-35.874133,-6.016586],[-35.874109,-6.016062],[-35.873681,-6.015527],[-35.87232,-6.014898],[-35.871706,-6.014278],[-35.87048,-6.014147],[-35.869457,-6.013544],[-35.869057,-6.01362],[-35.868786,-6.013368]]}},{"type":"Feature","id":567,"properties":{"nome":"Riacho Salgado","regime":"Intermitente","ordem":4,"largura":"10 - 50","dominialidade":"Estadual","fonte":"ANA (2021), MDE/Maxar(imagens do basemap/arcmap), Cartas topográficas"},"geometry":{"type":"LineString","coordinates":[[-35.861364,-6.0041],[-35.86114,-6.003552],[-35.860893,-6.003453],[-35.859888,-6.003372],[-35.857928,-6.003575],[-35.856441,-6.00298],[-35.853542,-6.002661],[-35.853081,-6.002357],[-35.852667,-6.001595]]}},{"type":"Feature","id":568,"properties":{"regime":"Intermitente","ordem":1,"largura":"<=10","dominialidade":"Estadual","fonte":"ANA (2021), MDE/Maxar(imagens do basemap/arcmap), Cartas topográficas"},"geometry":{"type":"LineString","coordinates":[[-35.85896,-6.039876],[-35.859096,-6.039412],[-35.85841,-6.039462],[-35.858532,-6.039063],[-35.857768,-6.038649],[-35.857704,-6.037856],[-35.856776,-6.037435],[-35.856729,-6.036428],[-35.856073,-6.03552],[-35.855977,-6.034925],[-35.855311,-6.034919],[-35.854597,-6.034205],[-35.854486,-6.033525],[-35.853509,-6.032399],[-35.85196,-6.031521],[-35.85136,-6.031528],[-35.84914,-6.030536],[-35.848683,-6.030036],[-35.848597,-6.028973],[-35.848069,-6.028102],[-35.847998,-6.027552],[-35.848091,-6.025282],[-35.848712,-6.023133],[-35.847827,-6.020813],[-35.847995,-6.018467],[-35.847349,-6.018231],[-35.847035,-6.017718],[-35.846696,-6.017615],[-35.84564,-6.016487],[-35.845787,-6.015707],[-35.846225,-6.014902],[-35.846363,-6.013651],[-35.846163,-6.010481],[-35.845768,-6.009834],[-35.843189,-6.008568],[-35.842637,-6.008497],[-35.840971,-6.007421],[-35.840467,-6.006707],[-35.840548,-6.005522],[-35.840177,-6.00468],[-35.840058,-6.003252],[-35.838739,-6.001877],[-35.838292,-6.000806],[-35.838367,-5.999938]]}},{"type":"Feature","id":569,"properties":{"regime":"Intermitente","ordem":1,"largura":"<=10","dominialidade":"Estadual","fonte":"ANA (2021), MDE/Maxar(imagens do basemap/arcmap), Cartas topográficas"},"geometry":{"type":"LineString","coordinates":[[-35.864912,-6.08771],[-35.864303,-6.086891],[-35.862456,-6.087138],[-35.860181,-6.086986],[-35.859763,-6.086272],[-35.858868,-6.086006],[-35.858713,-6.085726],[-35.859042,-6.084755],[-35.858956,-6.084512],[-35.8569,-6.083308],[-35.856776,-6.082499],[-35.855272,-6.081328],[-35.854682,-6.080253],[-35.853493,-6.079777],[-35.85295,-6.078911],[-35.853179,-6.078492],[-35.851979,-6.07774],[-35.851342,-6.076036],[-35.85079,-6.075494],[-35.850828,-6.07497],[-35.850209,-6.074485],[-35.849828,-6.073866],[-35.850475,-6.073457],[-35.850142,-6.072572],[-35.849238,-6.071849],[-35.848353,-6.071592],[-35.847868,-6.071002],[-35.847858,-6.070193],[-35.847611,-6.069936],[-35.847287,-6.068527],[-35.847411,-6.068118],[-35.847201,-6.067423],[-35.846973,-6.067271],[-35.84664,-6.065957],[-35.846849,-6.065586],[-35.847382,-6.065357],[-35.847382,-6.065177],[-35.84644,-6.064044],[-35.84664,-6.06354],[-35.846592,-6.062835],[-35.847001,-6.062388],[-35.846982,-6.061465],[-35.844971,-6.06048],[-35.844292,-6.060599],[-35.843246,-6.060029],[-35.842544,-6.060099],[-35.842318,-6.059956],[-35.842318,-6.059433],[-35.842877,-6.059064],[-35.842889,-6.058279],[-35.842686,-6.057934],[-35.840438,-6.057493],[-35.839807,-6.0576],[-35.839593,-6.056934],[-35.839403,-6.056803],[-35.839189,-6.056934],[-35.838974,-6.056304],[-35.83876,-6.056173],[-35.838736,-6.054079],[-35.838867,-6.053698],[-35.83945,-6.053353],[-35.839526,-6.053119],[-35.839165,-6.052544],[-35.839331,-6.051557],[-35.83882,-6.050248],[-35.837118,-6.049724],[-35.837237,-6.048999],[-35.836845,-6.04838],[-35.836167,-6.048332],[-35.835393,-6.048987],[-35.834858,-6.048903],[-35.83462,-6.048071],[-35.833656,-6.047666],[-35.833192,-6.046227],[-35.832907,-6.045905],[-35.832133,-6.045275],[-35.830908,-6.044751],[-35.829885,-6.043562],[-35.828838,-6.042753],[-35.828618,-6.042055],[-35.828065,-6.041634],[-35.827957,-6.040433],[-35.826435,-6.039064],[-35.826542,-6.038136],[-35.825269,-6.037542],[-35.824738,-6.035213],[-35.823746,-6.034853],[-35.823258,-6.034127],[-35.822668,-6.033671],[-35.822525,-6.033086],[-35.821324,-6.032573],[-35.820983,-6.031751],[-35.819456,-6.030295],[-35.819882,-6.02931],[-35.819815,-6.028824],[-35.818578,-6.028101],[-35.817788,-6.027187],[-35.817615,-6.026538],[-35.815845,-6.025905],[-35.814296,-6.024541],[-35.813675,-6.024313],[-35.813553,-6.022907],[-35.813196,-6.022728],[-35.813018,-6.022264],[-35.812483,-6.021743],[-35.81244,-6.021265],[-35.812092,-6.020797],[-35.811034,-6.020637],[-35.810705,-6.020765],[-35.809741,-6.020408],[-35.809499,-6.020123],[-35.809606,-6.019787],[-35.809263,-6.019587],[-35.808035,-6.019452],[-35.8078,-6.019266]]}},{"type":"Feature","id":570,"properties":{"regime":"Intermitente","ordem":1,"largura":"<=10","dominialidade":"Estadual","fonte":"ANA (2021), MDE/Maxar(imagens do basemap/arcmap), Cartas topográficas"},"geometry":{"type":"LineString","coordinates":[[-35.796792,-6.065937],[-35.797477,-6.065614],[-35.798238,-6.065823],[-35.799419,-6.065671],[-35.79958,-6.064405],[-35.799761,-6.064158],[-35.799761,-6.062768],[-35.800094,-6.062387],[-35.800799,-6.062054],[-35.801779,-6.062359],[-35.802436,-6.061826],[-35.804844,-6.061854],[-35.805101,-6.061702],[-35.805539,-6.061064],[-35.80629,-6.060493],[-35.806547,-6.059808],[-35.807223,-6.059427],[-35.808251,-6.059475],[-35.808508,-6.059056],[-35.808213,-6.058932],[-35.80827,-6.058799],[-35.809308,-6.058352],[-35.810145,-6.057428],[-35.810669,-6.057276],[-35.810707,-6.0568],[-35.811106,-6.056686],[-35.81241,-6.054478],[-35.812877,-6.054126],[-35.814295,-6.05404],[-35.814476,-6.053783],[-35.814181,-6.052841],[-35.813543,-6.052156],[-35.8132,-6.051223],[-35.812391,-6.050547],[-35.813067,-6.049119],[-35.813039,-6.046987],[-35.811982,-6.046388],[-35.811211,-6.045055],[-35.810278,-6.044103],[-35.808794,-6.043313],[-35.808537,-6.042857],[-35.808718,-6.042276],[-35.807604,-6.04082],[-35.807804,-6.039621],[-35.806804,-6.039049],[-35.806614,-6.037165],[-35.807661,-6.03528],[-35.807613,-6.034329],[-35.808213,-6.033529],[-35.808765,-6.033462],[-35.808889,-6.033263],[-35.808613,-6.032844],[-35.808641,-6.032073],[-35.808975,-6.031968],[-35.80906,-6.032168],[-35.809469,-6.032235],[-35.810231,-6.031397],[-35.811211,-6.031035],[-35.811211,-6.029603],[-35.810916,-6.029417],[-35.811106,-6.029151],[-35.811164,-6.028408],[-35.810897,-6.027676],[-35.81124,-6.026924],[-35.810621,-6.02641],[-35.81083,-6.026086],[-35.811335,-6.025886],[-35.811544,-6.025515],[-35.810802,-6.024954],[-35.809793,-6.024706],[-35.808908,-6.023945],[-35.808879,-6.023031],[-35.808346,-6.022079],[-35.807452,-6.021108],[-35.80729,-6.020452],[-35.807261,-6.02028],[-35.807775,-6.019881],[-35.8078,-6.019266]]}},{"type":"Feature","id":571,"properties":{"regime":"Intermitente","ordem":2,"largura":"<=10","dominialidade":"Estadual","fonte":"ANA (2021), MDE/Maxar(imagens do basemap/arcmap), Cartas topográficas"},"geometry":{"type":"LineString","coordinates":[[-35.8078,-6.019266],[-35.806435,-6.018524],[-35.806486,-6.017907],[-35.807096,-6.016775],[-35.806962,-6.016384],[-35.80741,-6.015832],[-35.807314,-6.015328],[-35.807629,-6.014557],[-35.807486,-6.013834],[-35.806896,-6.013767],[-35.806812,-6.012501],[-35.806601,-6.012206]]}},{"type":"Feature","id":572,"properties":{"regime":"Intermitente","ordem":1,"largura":"<=10","dominialidade":"Estadual","fonte":"ANA (2021), MDE/Maxar(imagens do basemap/arcmap), Cartas topográficas"},"geometry":{"type":"LineString","coordinates":[[-35.859929,-6.052743],[-35.86006,-6.052469],[-35.859846,-6.052076],[-35.859798,-6.050899],[-35.858775,-6.050232],[-35.858644,-6.049411],[-35.858097,-6.04865],[-35.857721,-6.047432],[-35.85685,-6.046475],[-35.856051,-6.045918],[-35.854038,-6.043363],[-35.853652,-6.043206],[-35.852324,-6.04342],[-35.851311,-6.042963],[-35.850011,-6.043077],[-35.84974,-6.042863],[-35.849498,-6.041821],[-35.849026,-6.041749],[-35.848013,-6.042006],[-35.847513,-6.041335],[-35.846014,-6.04115],[-35.844087,-6.039465],[-35.84283,-6.03878],[-35.842502,-6.03828],[-35.84026,-6.036938],[-35.838719,-6.035525],[-35.837448,-6.033802],[-35.836934,-6.033564],[-35.835697,-6.033602],[-35.835468,-6.032765],[-35.835792,-6.031613],[-35.835659,-6.031356],[-35.834945,-6.030557],[-35.834288,-6.029195],[-35.833479,-6.028329],[-35.832489,-6.02615],[-35.830671,-6.024893],[-35.830214,-6.023961],[-35.828244,-6.023475],[-35.826721,-6.022818],[-35.826036,-6.022799],[-35.825027,-6.023104],[-35.823742,-6.022619],[-35.823495,-6.022285],[-35.822895,-6.022523],[-35.822315,-6.022181],[-35.821867,-6.022162],[-35.821287,-6.021733],[-35.820211,-6.021857],[-35.819773,-6.021448],[-35.81965,-6.019744],[-35.819268,-6.018921],[-35.817289,-6.017249],[-35.815633,-6.016527],[-35.814767,-6.014976],[-35.813787,-6.014776],[-35.81352,-6.014509],[-35.812997,-6.0147],[-35.812749,-6.014605],[-35.812702,-6.014186],[-35.81214,-6.013976],[-35.811693,-6.013539],[-35.810893,-6.013481],[-35.810176,-6.013133],[-35.807733,-6.013015],[-35.806601,-6.012206]]}},{"type":"Feature","id":573,"properties":{"regime":"Intermitente","ordem":2,"largura":"<=10","dominialidade":"Estadual","fonte":"ANA (2021), MDE/Maxar(imagens do basemap/arcmap), Cartas topográficas"},"geometry":{"type":"LineString","coordinates":[[-35.806601,-6.012206],[-35.805288,-6.012527],[-35.805074,-6.011984],[-35.804574,-6.011784],[-35.803879,-6.012777],[-35.802704,-6.012627],[-35.801833,-6.011742],[-35.801348,-6.011756],[-35.800663,-6.010871],[-35.800477,-6.009729],[-35.799906,-6.008258],[-35.798864,-6.007544]]}},{"type":"Feature","id":574,"properties":{"nome":"Riacho da Serra","regime":"Intermitente","ordem":1,"largura":"<=10","dominialidade":"Estadual","fonte":"ANA (2021), MDE/Maxar(imagens do basemap/arcmap), Cartas topográficas"},"geometry":{"type":"LineString","coordinates":[[-35.774597,-6.043899],[-35.774867,-6.044338],[-35.775307,-6.044564],[-35.776057,-6.043826],[-35.77733,-6.043422],[-35.778032,-6.042827],[-35.778662,-6.042613],[-35.778971,-6.042208],[-35.778983,-6.041483],[-35.779947,-6.041102],[-35.780316,-6.039841],[-35.780661,-6.039317],[-35.78122,-6.039044],[-35.782107,-6.039013],[-35.784111,-6.036938],[-35.784968,-6.037033],[-35.785408,-6.036509],[-35.785741,-6.036402],[-35.787609,-6.036843],[-35.788013,-6.036712],[-35.78981,-6.034832],[-35.790322,-6.033333],[-35.791328,-6.031807],[-35.792868,-6.031441],[-35.793332,-6.03162],[-35.794997,-6.031632],[-35.795735,-6.030846],[-35.79558,-6.03043],[-35.796175,-6.029716],[-35.795818,-6.02723],[-35.797472,-6.02604],[-35.797936,-6.0251],[-35.797674,-6.024755],[-35.798233,-6.024743],[-35.79909,-6.024374],[-35.799102,-6.02422],[-35.798507,-6.023886],[-35.799215,-6.02141],[-35.798645,-6.020536],[-35.797757,-6.019655],[-35.797836,-6.019266],[-35.796836,-6.019266],[-35.796308,-6.018866],[-35.794752,-6.015725],[-35.79528,-6.015282],[-35.795366,-6.014554],[-35.797065,-6.012156],[-35.797365,-6.011456],[-35.797679,-6.011356],[-35.798039,-6.010498]]}},{"type":"Feature","id":575,"properties":{"nome":"Riacho da Serra","regime":"Intermitente","ordem":3,"largura":"<=10","dominialidade":"Estadual","fonte":"ANA (2021), MDE/Maxar(imagens do basemap/arcmap), Cartas topográficas"},"geometry":{"type":"LineString","coordinates":[[-35.798864,-6.007544],[-35.798821,-6.00456],[-35.798336,-6.003561],[-35.797607,-6.002704],[-35.797193,-6.001562],[-35.797479,-6.000791],[-35.798264,-6.000649],[-35.799266,-5.999963]]}},{"type":"Feature","id":576,"properties":{"regime":"Intermitente","ordem":1,"largura":"<=10","dominialidade":"Estadual","fonte":"ANA (2021), MDE/Maxar(imagens do basemap/arcmap), Cartas topográficas"},"geometry":{"type":"LineString","coordinates":[[-35.83635,-6.016594],[-35.835839,-6.016094],[-35.835482,-6.015107],[-35.835149,-6.014869],[-35.832436,-6.013608],[-35.830414,-6.013263],[-35.829093,-6.012418],[-35.828462,-6.011502],[-35.828367,-6.010681],[-35.828569,-6.009682],[-35.828129,-6.008992],[-35.828177,-6.007969],[-35.827986,-6.007041],[-35.827094,-6.006708],[-35.826642,-6.006969],[-35.826285,-6.006351],[-35.824667,-6.005066],[-35.823811,-6.00522],[-35.823358,-6.004852],[-35.822823,-6.004852],[-35.822645,-6.004483],[-35.82268,-6.003305],[-35.823073,-6.003031],[-35.822347,-6.002686],[-35.821717,-6.001758],[-35.821724,-6.000406]]}},{"type":"Feature","id":577,"properties":{"regime":"Intermitente","ordem":1,"largura":"<=10","dominialidade":"Estadual","fonte":"ANA (2021), MDE/Maxar(imagens do basemap/arcmap), Cartas topográficas"},"geometry":{"type":"LineString","coordinates":[[-35.788771,-6.063684],[-35.787724,-6.063532],[-35.786772,-6.063779],[-35.78641,-6.063931],[-35.78603,-6.064521],[-35.785173,-6.065968],[-35.78523,-6.066178],[-35.784088,-6.067948],[-35.784316,-6.068881],[-35.783802,-6.069509],[-35.783669,-6.069966],[-35.783879,-6.070289],[-35.783802,-6.070556],[-35.783117,-6.071222],[-35.783155,-6.072612],[-35.782965,-6.072897],[-35.780452,-6.073506],[-35.780186,-6.074401],[-35.779919,-6.074725],[-35.779234,-6.074991],[-35.778796,-6.075867],[-35.77813,-6.076343],[-35.777426,-6.076552],[-35.775217,-6.076209],[-35.774285,-6.075886],[-35.773142,-6.075239],[-35.772115,-6.073963],[-35.771734,-6.073811],[-35.771201,-6.074001],[-35.770991,-6.073716],[-35.769964,-6.074496],[-35.769164,-6.074306],[-35.767966,-6.073216],[-35.767184,-6.072916],[-35.766252,-6.072193],[-35.766194,-6.071184],[-35.766746,-6.070251],[-35.76549,-6.069185],[-35.765642,-6.066996],[-35.765243,-6.066444],[-35.765281,-6.065321],[-35.764462,-6.064807],[-35.763644,-6.064598],[-35.762673,-6.064864],[-35.76096,-6.064541],[-35.760503,-6.064997],[-35.759532,-6.065093],[-35.758675,-6.064674],[-35.758276,-6.064065],[-35.757952,-6.063893],[-35.7578,-6.063018],[-35.75721,-6.062732]]}},{"type":"Feature","id":578,"properties":{"regime":"Intermitente","ordem":1,"largura":"<=10","dominialidade":"Estadual","fonte":"ANA (2021), MDE/Maxar(imagens do basemap/arcmap), Cartas topográficas"},"geometry":{"type":"LineString","coordinates":[[-35.789564,-6.058092],[-35.788802,-6.057407],[-35.787832,-6.057331],[-35.786461,-6.057654],[-35.78589,-6.057331],[-35.784824,-6.057255],[-35.78431,-6.057007],[-35.783511,-6.055979],[-35.781988,-6.055313],[-35.779627,-6.054913],[-35.779304,-6.054666],[-35.775934,-6.054875],[-35.775211,-6.055427],[-35.773898,-6.055332],[-35.772241,-6.055732],[-35.769862,-6.054666],[-35.768758,-6.055066],[-35.768054,-6.055618],[-35.765636,-6.056284],[-35.763771,-6.05813],[-35.763314,-6.058854],[-35.762895,-6.05893],[-35.762248,-6.058549],[-35.761601,-6.058644],[-35.760915,-6.05931],[-35.76082,-6.059977],[-35.760249,-6.060091],[-35.759221,-6.060795],[-35.757337,-6.060262],[-35.756861,-6.060757],[-35.756861,-6.061043],[-35.757298,-6.061614],[-35.75721,-6.062732]]}},{"type":"Feature","id":579,"properties":{"regime":"Intermitente","ordem":2,"largura":"<=10","dominialidade":"Estadual","fonte":"ANA (2021), MDE/Maxar(imagens do basemap/arcmap), Cartas topográficas"},"geometry":{"type":"LineString","coordinates":[[-35.75721,-6.062732],[-35.756505,-6.062542],[-35.755154,-6.06277],[-35.752413,-6.06475],[-35.751318,-6.065091],[-35.750462,-6.064746],[-35.749908,-6.064155],[-35.749329,-6.063855],[-35.748891,-6.062884],[-35.747825,-6.062466],[-35.747692,-6.061609],[-35.748015,-6.060391],[-35.747578,-6.059096],[-35.745864,-6.056945],[-35.745465,-6.056165],[-35.745179,-6.055422],[-35.745921,-6.054642],[-35.745883,-6.05428],[-35.744932,-6.053329],[-35.744194,-6.051473],[-35.743932,-6.048712],[-35.744075,-6.047737],[-35.744932,-6.045215],[-35.745836,-6.044025],[-35.746288,-6.042264],[-35.746193,-6.041455],[-35.745384,-6.040456],[-35.744456,-6.03879],[-35.74348,-6.038386],[-35.743195,-6.037933],[-35.743147,-6.037481],[-35.744384,-6.036577],[-35.744622,-6.036149],[-35.744765,-6.034769]]}},{"type":"Feature","id":580,"properties":{"regime":"Intermitente","ordem":1,"largura":"<=10","dominialidade":"Estadual","fonte":"ANA (2021), MDE/Maxar(imagens do basemap/arcmap), Cartas topográficas"},"geometry":{"type":"LineString","coordinates":[[-35.777267,-6.034126],[-35.7782,-6.033098],[-35.778178,-6.032356],[-35.776467,-6.030624],[-35.774906,-6.028168],[-35.773802,-6.027388],[-35.772793,-6.027197],[-35.771594,-6.027331],[-35.7707,-6.027673],[-35.769729,-6.02853],[-35.768986,-6.028682],[-35.768491,-6.028168],[-35.768415,-6.027559],[-35.767521,-6.027045],[-35.766626,-6.027064],[-35.765122,-6.026398],[-35.76457,-6.026531],[-35.764208,-6.026798],[-35.764218,-6.027209],[-35.763485,-6.027825],[-35.763028,-6.02794],[-35.762324,-6.027426],[-35.761467,-6.027216],[-35.760953,-6.027806],[-35.761524,-6.028796],[-35.761296,-6.029044],[-35.760839,-6.029101],[-35.759716,-6.029006],[-35.758593,-6.028358],[-35.758059,-6.028256],[-35.757051,-6.028454],[-35.756404,-6.02832],[-35.754405,-6.027616],[-35.753948,-6.027559],[-35.752635,-6.027921]]}},{"type":"Feature","id":581,"properties":{"regime":"Intermitente","ordem":3,"largura":"<=10","dominialidade":"Estadual","fonte":"ANA (2021), MDE/Maxar(imagens do basemap/arcmap), Cartas topográficas"},"geometry":{"type":"LineString","coordinates":[[-35.745127,-6.025801],[-35.744803,-6.025572],[-35.744575,-6.024449],[-35.743889,-6.023935],[-35.743318,-6.02384],[-35.742481,-6.022869],[-35.742595,-6.022298],[-35.74328,-6.022279],[-35.743604,-6.02186],[-35.743889,-6.02186],[-35.743946,-6.021556],[-35.74349,-6.020737],[-35.7429,-6.020832],[-35.741757,-6.019823],[-35.740958,-6.0195],[-35.739625,-6.019309],[-35.738521,-6.018262],[-35.737608,-6.017901],[-35.736922,-6.017063],[-35.737189,-6.016473],[-35.737341,-6.015293],[-35.737684,-6.014665],[-35.737741,-6.01396],[-35.737531,-6.013503],[-35.737246,-6.013161],[-35.736009,-6.012875],[-35.735438,-6.012495],[-35.735152,-6.011448],[-35.735095,-6.009868],[-35.734771,-6.009087],[-35.732696,-6.008573],[-35.730945,-6.006993],[-35.729803,-6.005109],[-35.728927,-6.00292],[-35.727714,-6.001968],[-35.72739,-6.00139],[-35.727513,-6.000692],[-35.726707,-6.000081]]}},{"type":"Feature","id":582,"properties":{"nome":"Riacho dos Macacos","regime":"Intermitente","ordem":1,"largura":"<=10","dominialidade":"Estadual","fonte":"ANA (2021), MDE/Maxar(imagens do basemap/arcmap), Cartas topográficas"},"geometry":{"type":"LineString","coordinates":[[-35.775551,-6.096063],[-35.774795,-6.095896],[-35.7741,-6.094683],[-35.773362,-6.094221],[-35.772643,-6.094112],[-35.771934,-6.093426],[-35.770992,-6.09385],[-35.769598,-6.093483],[-35.768598,-6.092517],[-35.768132,-6.091314],[-35.767461,-6.09098],[-35.767171,-6.090585],[-35.7667,-6.090599],[-35.766366,-6.089962],[-35.765576,-6.089729],[-35.765077,-6.089043],[-35.764315,-6.088596],[-35.76294,-6.087073],[-35.762022,-6.086592],[-35.761284,-6.086778],[-35.760731,-6.086539],[-35.759796,-6.086523],[-35.759178,-6.086036],[-35.758065,-6.085804],[-35.756929,-6.08525],[-35.756769,-6.085637],[-35.756287,-6.085804],[-35.756269,-6.086286],[-35.755501,-6.086488],[-35.755085,-6.087112],[-35.754454,-6.087196],[-35.754014,-6.08694],[-35.754059,-6.086606],[-35.753699,-6.086523],[-35.753164,-6.086922],[-35.752842,-6.087618],[-35.752259,-6.087981],[-35.751813,-6.087731],[-35.750421,-6.088023],[-35.74847,-6.087148],[-35.748131,-6.087303],[-35.747382,-6.087208],[-35.747048,-6.087386],[-35.745686,-6.086934],[-35.744503,-6.087086],[-35.744116,-6.086428],[-35.743635,-6.086528],[-35.742629,-6.08572],[-35.741921,-6.085756],[-35.741243,-6.084977],[-35.740094,-6.084483],[-35.739642,-6.08371],[-35.738952,-6.083555],[-35.738244,-6.083109],[-35.73784,-6.083472],[-35.737197,-6.083549],[-35.73718,-6.082925],[-35.736882,-6.082425],[-35.736603,-6.082169],[-35.736281,-6.082217],[-35.736127,-6.081878],[-35.734943,-6.080961],[-35.734741,-6.080355],[-35.733913,-6.079505],[-35.733515,-6.079415],[-35.73292,-6.078844],[-35.731867,-6.078427],[-35.731754,-6.078177],[-35.731445,-6.078445],[-35.73088,-6.077838],[-35.7306,-6.077041],[-35.730743,-6.076607],[-35.731118,-6.076327],[-35.731189,-6.075923],[-35.731271,-6.07526],[-35.731028,-6.073856],[-35.730415,-6.072298],[-35.729219,-6.071685],[-35.72869,-6.071203],[-35.729582,-6.069835],[-35.729903,-6.069716],[-35.729931,-6.068759],[-35.729059,-6.068229],[-35.728636,-6.067117],[-35.727964,-6.066183],[-35.727726,-6.065695],[-35.728029,-6.065148],[-35.727714,-6.065094],[-35.727774,-6.064368],[-35.727298,-6.063601],[-35.726828,-6.063613],[-35.726334,-6.064446],[-35.725483,-6.06491],[-35.724323,-6.064285],[-35.724583,-6.063688],[-35.724085,-6.063631],[-35.723961,-6.062768],[-35.723372,-6.062536],[-35.723502,-6.061864],[-35.72305,-6.061394],[-35.723104,-6.060603],[-35.722925,-6.060169],[-35.723157,-6.059758],[-35.72311,-6.058777],[-35.72333,-6.058592]]}},{"type":"Feature","id":583,"properties":{"regime":"Intermitente","ordem":1,"largura":"<=10","dominialidade":"Estadual","fonte":"ANA (2021), MDE/Maxar(imagens do basemap/arcmap), Cartas topográficas"},"geometry":{"type":"LineString","coordinates":[[-35.778375,-6.007305],[-35.777794,-6.006705],[-35.776795,-6.006363],[-35.775719,-6.006191],[-35.77472,-6.006344],[-35.774177,-6.006039],[-35.772759,-6.005725],[-35.772283,-6.005297],[-35.77194,-6.005258],[-35.770474,-6.006395],[-35.768704,-6.007257],[-35.7678,-6.007095],[-35.767505,-6.007229],[-35.76623,-6.006562],[-35.765268,-6.006934],[-35.763146,-6.005849],[-35.761136,-6.006512],[-35.758844,-6.00662],[-35.757721,-6.00721],[-35.75714,-6.007314],[-35.755817,-6.007467],[-35.754563,-6.007286],[-35.754056,-6.007],[-35.752838,-6.007248],[-35.751096,-6.005734],[-35.750963,-6.005278],[-35.751249,-6.004935],[-35.751156,-6.004622],[-35.749707,-6.003564],[-35.750154,-6.003212],[-35.749583,-6.002784],[-35.74886,-6.002584],[-35.748679,-6.002394],[-35.748726,-6.002108],[-35.747556,-6.001023],[-35.746323,-6.000442],[-35.746166,-5.999457]]}},{"type":"Feature","id":584,"properties":{"nome":"Rio Grande","regime":"Intermitente","ordem":1,"largura":"<=10","dominialidade":"Estadual","fonte":"ANA (2021), MDE/Maxar(imagens do basemap/arcmap), Cartas topográficas"},"geometry":{"type":"LineString","coordinates":[[-35.881157,-6.110109],[-35.879088,-6.109141],[-35.878929,-6.108896],[-35.878391,-6.108913],[-35.877801,-6.10811],[-35.877487,-6.108068],[-35.875703,-6.108739],[-35.875474,-6.108981],[-35.875189,-6.110109],[-35.874561,-6.110837],[-35.872733,-6.110352],[-35.872419,-6.109667],[-35.871248,-6.109096],[-35.870606,-6.10921],[-35.870092,-6.109709],[-35.869078,-6.109866],[-35.868365,-6.110637],[-35.867765,-6.112165],[-35.867479,-6.112336],[-35.866509,-6.113835],[-35.865909,-6.113721],[-35.865732,-6.11394],[-35.864553,-6.11365],[-35.864338,-6.113379],[-35.863725,-6.113179],[-35.863453,-6.113179],[-35.863268,-6.113578],[-35.862325,-6.113164],[-35.860569,-6.112865],[-35.86017,-6.113179],[-35.85937,-6.11315],[-35.858899,-6.113493]]}},{"type":"Feature","id":585,"properties":{"regime":"Intermitente","ordem":1,"largura":"<=10","dominialidade":"Estadual","fonte":"ANA (2021), MDE/Maxar(imagens do basemap/arcmap), Cartas topográficas"},"geometry":{"type":"LineString","coordinates":[[-35.885725,-6.129383],[-35.883755,-6.129283],[-35.883178,-6.128974],[-35.881828,-6.128726],[-35.880543,-6.128969],[-35.8796,-6.128926],[-35.879349,-6.128703],[-35.879058,-6.128969],[-35.878058,-6.128726],[-35.876988,-6.129397],[-35.875189,-6.129668],[-35.873932,-6.130511],[-35.87319,-6.130611],[-35.872234,-6.131096],[-35.871163,-6.130539],[-35.869264,-6.130653],[-35.868579,-6.130468],[-35.867993,-6.129397],[-35.866123,-6.128826],[-35.865666,-6.126499],[-35.865195,-6.125314],[-35.865109,-6.124771],[-35.86608,-6.123972],[-35.866908,-6.12273],[-35.866937,-6.121902],[-35.866737,-6.121488],[-35.865252,-6.119903],[-35.864381,-6.119618],[-35.86184,-6.117847],[-35.861069,-6.118076],[-35.860812,-6.117876],[-35.860598,-6.117562],[-35.860969,-6.116848],[-35.860711,-6.116564],[-35.85887,-6.115834],[-35.858471,-6.115392],[-35.858199,-6.114564],[-35.858257,-6.114135],[-35.858899,-6.113493]]}},{"type":"Feature","id":586,"properties":{"nome":"Rio Grande","regime":"Intermitente","ordem":2,"largura":"10 - 50","dominialidade":"Estadual","fonte":"ANA (2021), MDE/Maxar(imagens do basemap/arcmap), Cartas topográficas"},"geometry":{"type":"LineString","coordinates":[[-35.847663,-6.114821],[-35.844765,-6.113821],[-35.842709,-6.113436]]}},{"type":"Feature","id":587,"properties":{"regime":"Intermitente","ordem":1,"largura":"<=10","dominialidade":"Estadual","fonte":"ANA (2021), MDE/Maxar(imagens do basemap/arcmap), Cartas topográficas"},"geometry":{"type":"LineString","coordinates":[[-35.829785,-6.077217],[-35.830717,-6.078058],[-35.831031,-6.078986],[-35.831602,-6.079428],[-35.832159,-6.081213],[-35.831787,-6.082655],[-35.831074,-6.083826],[-35.831331,-6.084654],[-35.831231,-6.085082],[-35.831873,-6.08581],[-35.834714,-6.087823],[-35.835571,-6.089522],[-35.836599,-6.090336],[-35.838069,-6.09075],[-35.84121,-6.09212],[-35.842809,-6.094048],[-35.842938,-6.09469],[-35.842509,-6.096903],[-35.842866,-6.097745],[-35.842666,-6.098359],[-35.842866,-6.09963],[-35.842138,-6.100901],[-35.842452,-6.101629],[-35.842552,-6.1025],[-35.841895,-6.103799],[-35.842324,-6.105384],[-35.841596,-6.105683],[-35.84131,-6.106069],[-35.841515,-6.106831],[-35.841153,-6.107154],[-35.841139,-6.107611],[-35.84158,-6.109024],[-35.841167,-6.109253],[-35.841082,-6.109538],[-35.840939,-6.111009],[-35.841267,-6.111523],[-35.841196,-6.112179],[-35.840787,-6.112793]]}},{"type":"Feature","id":588,"properties":{"nome":"Rio Grande","regime":"Intermitente","ordem":2,"largura":"<=10","dominialidade":"Estadual","fonte":"ANA (2021), MDE/Maxar(imagens do basemap/arcmap), Cartas topográficas"},"geometry":{"type":"LineString","coordinates":[[-35.834219,-6.113697],[-35.83272,-6.114863],[-35.829814,-6.115357],[-35.828889,-6.115315],[-35.828223,-6.115601],[-35.828152,-6.116005],[-35.82927,-6.117957],[-35.829318,-6.118575],[-35.828961,-6.119384],[-35.828509,-6.119575],[-35.827747,-6.119527],[-35.827271,-6.119955]]}},{"type":"Feature","id":589,"properties":{"regime":"Intermitente","ordem":1,"largura":"<=10","dominialidade":"Estadual","fonte":"ANA (2021), MDE/Maxar(imagens do basemap/arcmap), Cartas topográficas"},"geometry":{"type":"LineString","coordinates":[[-35.885642,-6.140633],[-35.88509,-6.14187],[-35.882501,-6.143374],[-35.880826,-6.145106],[-35.879265,-6.146267],[-35.878541,-6.147181],[-35.876957,-6.147987],[-35.876371,-6.147771],[-35.876048,-6.147353],[-35.87561,-6.147486],[-35.874658,-6.148438],[-35.874544,-6.149351],[-35.874182,-6.14958],[-35.873738,-6.149149],[-35.873116,-6.148894],[-35.872248,-6.149282],[-35.869956,-6.148913],[-35.869633,-6.148704],[-35.870261,-6.148133],[-35.870337,-6.147314],[-35.870185,-6.146991],[-35.869728,-6.147048],[-35.869489,-6.146557],[-35.865864,-6.143774],[-35.865407,-6.14326],[-35.865312,-6.14267],[-35.864703,-6.141794],[-35.86377,-6.141071],[-35.863199,-6.141566],[-35.862454,-6.141763],[-35.861505,-6.141356],[-35.860077,-6.141604],[-35.85922,-6.141413],[-35.856917,-6.138006],[-35.856536,-6.13753],[-35.855851,-6.137168],[-35.855166,-6.136978],[-35.854736,-6.137409],[-35.853795,-6.137492],[-35.853167,-6.136634],[-35.848884,-6.135836],[-35.848694,-6.135036],[-35.847875,-6.134656],[-35.847475,-6.134922],[-35.845952,-6.134713],[-35.844201,-6.13536],[-35.843592,-6.135398]]}},{"type":"Feature","id":590,"properties":{"nome":"Rio Grande","regime":"Intermitente","ordem":3,"largura":"10 - 50","dominialidade":"Estadual","fonte":"ANA (2021), MDE/Maxar(imagens do basemap/arcmap), Cartas topográficas"},"geometry":{"type":"LineString","coordinates":[[-35.804661,-6.116906],[-35.803412,-6.116847],[-35.802758,-6.117263],[-35.801223,-6.117441],[-35.799866,-6.118322],[-35.799069,-6.118358],[-35.798546,-6.118048],[-35.795881,-6.118167],[-35.795131,-6.118476],[-35.794263,-6.118536],[-35.792692,-6.118191],[-35.792086,-6.118738],[-35.791217,-6.11894],[-35.790694,-6.11894],[-35.79017,-6.118667],[-35.789147,-6.118691],[-35.78879,-6.118286],[-35.787731,-6.117905],[-35.787136,-6.117453],[-35.786335,-6.117808],[-35.785556,-6.117361],[-35.785032,-6.117334]]}},{"type":"Feature","id":591,"properties":{"regime":"Intermitente","ordem":1,"largura":"<=10","dominialidade":"Estadual","fonte":"ANA (2021), MDE/Maxar(imagens do basemap/arcmap), Cartas topográficas"},"geometry":{"type":"LineString","coordinates":[[-35.822708,-6.078806],[-35.821238,-6.077335],[-35.820795,-6.076464],[-35.819725,-6.076279],[-35.816883,-6.075265],[-35.816455,-6.075479],[-35.814899,-6.075322],[-35.813428,-6.075451],[-35.8131,-6.075636],[-35.811701,-6.074922],[-35.811001,-6.075322],[-35.810844,-6.075793],[-35.810559,-6.075879],[-35.810259,-6.076336],[-35.809888,-6.076536],[-35.80916,-6.07645],[-35.808546,-6.076764],[-35.808089,-6.07792],[-35.807032,-6.078891],[-35.807061,-6.080961],[-35.805134,-6.082689],[-35.804363,-6.083674],[-35.804163,-6.084616],[-35.803649,-6.085116],[-35.803743,-6.08561],[-35.803092,-6.086044],[-35.80265,-6.086101],[-35.801008,-6.087572],[-35.800008,-6.089299],[-35.800107,-6.090212],[-35.799908,-6.090584],[-35.798921,-6.091481],[-35.79781,-6.093182],[-35.796525,-6.094624],[-35.795925,-6.095752],[-35.794569,-6.096994],[-35.793127,-6.097423],[-35.792741,-6.097751],[-35.792641,-6.098108],[-35.793557,-6.098772],[-35.794298,-6.099764],[-35.794683,-6.102048],[-35.794597,-6.102462]]}},{"type":"Feature","id":592,"properties":{"regime":"Intermitente","ordem":1,"largura":"<=10","dominialidade":"Estadual","fonte":"ANA (2021), MDE/Maxar(imagens do basemap/arcmap), Cartas topográficas"},"geometry":{"type":"LineString","coordinates":[[-35.829671,-6.086575],[-35.827411,-6.086944],[-35.825935,-6.088074],[-35.825586,-6.088602],[-35.824279,-6.08881],[-35.823615,-6.088581],[-35.820796,-6.088738],[-35.820284,-6.088484],[-35.819466,-6.088569],[-35.818314,-6.089359],[-35.817924,-6.090397],[-35.816886,-6.091101],[-35.815563,-6.09151],[-35.81523,-6.091786],[-35.815163,-6.092338],[-35.814564,-6.093176],[-35.812803,-6.093852],[-35.812413,-6.094404],[-35.811156,-6.095384],[-35.810776,-6.095527],[-35.808263,-6.095546],[-35.806369,-6.096374],[-35.805446,-6.097345],[-35.804627,-6.098763],[-35.803704,-6.099857],[-35.802514,-6.100552],[-35.801201,-6.102008],[-35.799953,-6.102317],[-35.799421,-6.102161],[-35.798764,-6.101532],[-35.798203,-6.101304],[-35.797222,-6.101228],[-35.795811,-6.102591],[-35.795033,-6.102303],[-35.794597,-6.102462]]}},{"type":"Feature","id":593,"properties":{"regime":"Intermitente","ordem":2,"largura":"10 - 50","dominialidade":"Estadual","fonte":"ANA (2021), MDE/Maxar(imagens do basemap/arcmap), Cartas topográficas"},"geometry":{"type":"LineString","coordinates":[[-35.790876,-6.107787],[-35.790581,-6.108292],[-35.789629,-6.108977],[-35.790295,-6.110386],[-35.790019,-6.11228],[-35.789772,-6.112613],[-35.790076,-6.113298],[-35.789915,-6.11346],[-35.788725,-6.11346],[-35.788592,-6.11365],[-35.78883,-6.114164],[-35.788706,-6.114317],[-35.78764,-6.114079],[-35.786917,-6.11523],[-35.785841,-6.115792],[-35.785698,-6.116553],[-35.785032,-6.117334]]}},{"type":"Feature","id":594,"properties":{"nome":"Rio Grande","regime":"Intermitente","ordem":3,"largura":"10 - 50","dominialidade":"Estadual","fonte":"ANA (2021), MDE/Maxar(imagens do basemap/arcmap), Cartas topográficas"},"geometry":{"type":"LineString","coordinates":[[-35.785032,-6.117334],[-35.78466,-6.117389],[-35.783109,-6.116694],[-35.7825,-6.116608],[-35.781215,-6.116827],[-35.77992,-6.117722],[-35.779511,-6.117103],[-35.779692,-6.116542],[-35.778997,-6.115942],[-35.778426,-6.116589],[-35.777893,-6.11657],[-35.777665,-6.117027],[-35.777265,-6.117208],[-35.776475,-6.11718],[-35.775561,-6.117617],[-35.772097,-6.117522],[-35.770974,-6.118341],[-35.769251,-6.118988],[-35.767623,-6.12013],[-35.766081,-6.122167],[-35.765329,-6.12231],[-35.765044,-6.122709],[-35.764444,-6.122957],[-35.763959,-6.12269],[-35.764283,-6.122119],[-35.764273,-6.121777],[-35.763607,-6.121053],[-35.763531,-6.120739],[-35.76374,-6.11974],[-35.763445,-6.118046],[-35.762303,-6.116904],[-35.761123,-6.116789],[-35.760375,-6.116219]]}},{"type":"Feature","id":595,"properties":{"regime":"Intermitente","ordem":1,"largura":"<=10","dominialidade":"Estadual","fonte":"ANA (2021), MDE/Maxar(imagens do basemap/arcmap), Cartas topográficas"},"geometry":{"type":"LineString","coordinates":[[-35.785241,-6.098777],[-35.784203,-6.098358],[-35.782804,-6.098539],[-35.78051,-6.099738],[-35.780073,-6.100404],[-35.778531,-6.100861],[-35.778064,-6.101185],[-35.777074,-6.10206],[-35.77638,-6.103136],[-35.774809,-6.103593],[-35.773981,-6.103564],[-35.772991,-6.104012],[-35.771488,-6.105201],[-35.769803,-6.104954],[-35.768632,-6.106096],[-35.767833,-6.106439],[-35.7665,-6.107771],[-35.765387,-6.108361],[-35.76513,-6.108828],[-35.764482,-6.109342],[-35.763017,-6.109837],[-35.762465,-6.110227],[-35.762093,-6.110312],[-35.761465,-6.109894],[-35.760742,-6.109818],[-35.760171,-6.109856],[-35.759657,-6.110208],[-35.758619,-6.110008],[-35.757106,-6.110379],[-35.755745,-6.110474],[-35.755402,-6.110408],[-35.754984,-6.109884],[-35.753851,-6.109199],[-35.753261,-6.108571],[-35.752899,-6.109047],[-35.75269,-6.109047],[-35.75229,-6.108761],[-35.750529,-6.108333],[-35.748635,-6.10858],[-35.748045,-6.109056],[-35.747236,-6.108752],[-35.746684,-6.108761],[-35.745171,-6.110465],[-35.744609,-6.110474],[-35.744114,-6.110826],[-35.743743,-6.111892],[-35.743258,-6.11194],[-35.742886,-6.111645],[-35.742353,-6.111716]]}},{"type":"Feature","id":596,"properties":{"nome":"Rio Grande","regime":"Intermitente","ordem":3,"largura":"10 - 50","dominialidade":"Estadual","fonte":"ANA (2021), MDE/Maxar(imagens do basemap/arcmap), Cartas topográficas"},"geometry":{"type":"LineString","coordinates":[[-35.742353,-6.111716],[-35.741725,-6.111516],[-35.741173,-6.11184],[-35.740697,-6.110917],[-35.74045,-6.11085],[-35.739555,-6.111564],[-35.739241,-6.111621],[-35.738518,-6.111183],[-35.738242,-6.111278],[-35.738127,-6.111593],[-35.737794,-6.111631],[-35.737161,-6.110884],[-35.736062,-6.110374],[-35.735862,-6.109679],[-35.735624,-6.109556],[-35.733787,-6.10966],[-35.731608,-6.109518],[-35.729504,-6.108947],[-35.729171,-6.108756],[-35.728924,-6.107785],[-35.728676,-6.10749],[-35.728296,-6.107329],[-35.726992,-6.107471],[-35.725364,-6.10632],[-35.724355,-6.106158],[-35.723508,-6.105663],[-35.721738,-6.105082],[-35.718816,-6.105758],[-35.717017,-6.104902],[-35.716493,-6.103959],[-35.715922,-6.103598],[-35.715009,-6.103664],[-35.714856,-6.10355],[-35.714971,-6.103169],[-35.714761,-6.103074],[-35.713971,-6.103245],[-35.713496,-6.102792],[-35.713238,-6.102779],[-35.710426,-6.103614]]}},{"type":"Feature","id":597,"properties":{"regime":"Intermitente","ordem":1,"largura":"<=10","dominialidade":"Estadual","fonte":"ANA (2021), MDE/Maxar(imagens do basemap/arcmap), Cartas topográficas"},"geometry":{"type":"LineString","coordinates":[[-35.842177,-6.165183],[-35.841413,-6.164791],[-35.841256,-6.163884],[-35.839993,-6.162478],[-35.839545,-6.161131],[-35.839058,-6.1609],[-35.838575,-6.160296],[-35.837028,-6.159641],[-35.835969,-6.159463],[-35.834791,-6.160212],[-35.833328,-6.159332],[-35.833602,-6.158571],[-35.833423,-6.158166],[-35.832507,-6.157405],[-35.832341,-6.156393],[-35.831484,-6.155656],[-35.830723,-6.153312],[-35.82945,-6.152134],[-35.829081,-6.15198],[-35.828462,-6.152098],[-35.827891,-6.151968],[-35.827534,-6.151611],[-35.827106,-6.15173],[-35.825871,-6.151331],[-35.825519,-6.151578],[-35.825243,-6.151359],[-35.824976,-6.151454],[-35.824767,-6.151825],[-35.823965,-6.151942],[-35.821873,-6.153034],[-35.82125,-6.152628],[-35.820082,-6.152463],[-35.819618,-6.152913],[-35.818383,-6.152684],[-35.816998,-6.153048],[-35.81612,-6.153048],[-35.815777,-6.152977],[-35.815506,-6.152613],[-35.813457,-6.152178],[-35.810631,-6.152606],[-35.807782,-6.151842],[-35.807111,-6.1514],[-35.806562,-6.151457],[-35.805312,-6.1501],[-35.804984,-6.150457],[-35.805027,-6.150878],[-35.804856,-6.151057],[-35.803849,-6.151507],[-35.803199,-6.150743],[-35.802864,-6.150736],[-35.802507,-6.150414],[-35.802193,-6.148444],[-35.801039,-6.146356],[-35.79944,-6.145652],[-35.798564,-6.145737],[-35.79806,-6.145319],[-35.797327,-6.145614],[-35.797146,-6.145157],[-35.796689,-6.145166],[-35.795966,-6.144805],[-35.795718,-6.144205],[-35.795956,-6.143263],[-35.795595,-6.142882],[-35.795376,-6.141216],[-35.794871,-6.140874],[-35.794902,-6.140554],[-35.793996,-6.140074],[-35.790236,-6.140883],[-35.789627,-6.141369],[-35.789503,-6.141968],[-35.788951,-6.142263],[-35.788418,-6.142216],[-35.785667,-6.140579],[-35.784411,-6.140483],[-35.783593,-6.140759],[-35.783374,-6.141007],[-35.783616,-6.141609],[-35.783336,-6.14194],[-35.783307,-6.142397],[-35.78345,-6.144081],[-35.782736,-6.144414],[-35.781975,-6.145157],[-35.779966,-6.146204],[-35.779414,-6.147022],[-35.778853,-6.147355],[-35.777939,-6.146851],[-35.777891,-6.145975],[-35.777444,-6.14548],[-35.777159,-6.145537],[-35.776349,-6.146308],[-35.775065,-6.14648],[-35.773966,-6.146406],[-35.772971,-6.146023],[-35.771495,-6.146061],[-35.769002,-6.144571],[-35.768478,-6.14361],[-35.76746,-6.142839],[-35.766356,-6.142887],[-35.765547,-6.142592],[-35.765147,-6.142649],[-35.764709,-6.143144],[-35.764414,-6.143106],[-35.764281,-6.142877],[-35.763158,-6.144114],[-35.762621,-6.144188],[-35.761721,-6.143867],[-35.759846,-6.142011],[-35.759341,-6.141916],[-35.758846,-6.141545],[-35.758275,-6.141726],[-35.75738,-6.141697]]}},{"type":"Feature","id":598,"properties":{"regime":"Intermitente","ordem":1,"largura":"<=10","dominialidade":"Estadual","fonte":"ANA (2021), MDE/Maxar(imagens do basemap/arcmap), Cartas topográficas"},"geometry":{"type":"LineString","coordinates":[[-35.784074,-6.133867],[-35.783431,-6.133968],[-35.780947,-6.135073],[-35.779386,-6.134178],[-35.776997,-6.133959],[-35.774218,-6.134492],[-35.772809,-6.134026],[-35.772339,-6.134094],[-35.771353,-6.133512],[-35.771086,-6.133559],[-35.771029,-6.133949],[-35.769649,-6.134321],[-35.767555,-6.134359],[-35.766708,-6.133911],[-35.766327,-6.133359],[-35.765575,-6.13295],[-35.764433,-6.13296],[-35.763529,-6.133626],[-35.761892,-6.134111],[-35.76134,-6.134825],[-35.759665,-6.136281],[-35.758722,-6.136862],[-35.758599,-6.137871],[-35.758408,-6.138061],[-35.758523,-6.138252],[-35.75818,-6.138566],[-35.757942,-6.140127],[-35.75738,-6.141697]]}},{"type":"Feature","id":599,"properties":{"regime":"Intermitente","ordem":2,"largura":"10 - 50","dominialidade":"Estadual","fonte":"ANA (2021), MDE/Maxar(imagens do basemap/arcmap), Cartas topográficas"},"geometry":{"type":"LineString","coordinates":[[-35.75738,-6.141697],[-35.756752,-6.141925],[-35.756381,-6.142734],[-35.75582,-6.142792],[-35.754744,-6.142601],[-35.753335,-6.141887],[-35.752269,-6.141697],[-35.751927,-6.141097],[-35.751013,-6.141078],[-35.750252,-6.141621],[-35.749071,-6.140878],[-35.747796,-6.141316],[-35.74733,-6.141231],[-35.746759,-6.141802],[-35.745664,-6.142144],[-35.745559,-6.141887],[-35.745245,-6.142144],[-35.743979,-6.141802],[-35.742333,-6.143915],[-35.742276,-6.144943],[-35.741628,-6.146142]]}},{"type":"Feature","id":600,"properties":{"nome":"Rio Grande do Sul","regime":"Intermitente","ordem":1,"largura":"<=10","dominialidade":"Estadual","fonte":"ANA (2021), MDE/Maxar(imagens do basemap/arcmap), Cartas topográficas"},"geometry":{"type":"LineString","coordinates":[[-35.766535,-6.172075],[-35.765036,-6.170447],[-35.764293,-6.170119],[-35.76308,-6.168977],[-35.761752,-6.168234],[-35.760421,-6.167144],[-35.7604,-6.166699],[-35.759493,-6.16532],[-35.757486,-6.164019],[-35.757141,-6.16328],[-35.756313,-6.16231],[-35.755641,-6.162081],[-35.755213,-6.16231],[-35.754728,-6.162267],[-35.754485,-6.16191],[-35.754157,-6.161824],[-35.7537,-6.16121],[-35.753657,-6.160639],[-35.753,-6.159411],[-35.752458,-6.158955],[-35.752501,-6.157927],[-35.752144,-6.156799],[-35.751073,-6.155814],[-35.749602,-6.152573],[-35.749574,-6.151788],[-35.749002,-6.151087]]}},{"type":"Feature","id":601,"properties":{"nome":"Rio Grande do Sul","regime":"Intermitente","ordem":3,"largura":"10 - 50","dominialidade":"Estadual","fonte":"ANA (2021), MDE/Maxar(imagens do basemap/arcmap), Cartas topográficas"},"geometry":{"type":"LineString","coordinates":[[-35.725581,-6.117864],[-35.725265,-6.11756],[-35.724884,-6.116598],[-35.725113,-6.116218],[-35.724894,-6.114761],[-35.723799,-6.113952],[-35.721382,-6.114171],[-35.720163,-6.11401],[-35.71983,-6.113819],[-35.719878,-6.113086],[-35.720316,-6.11282],[-35.720611,-6.112058],[-35.71904,-6.11164],[-35.718269,-6.110897],[-35.717336,-6.110992],[-35.716775,-6.110279],[-35.714919,-6.108746],[-35.713149,-6.109165],[-35.712435,-6.108984],[-35.711559,-6.108118]]}},{"type":"Feature","id":602,"properties":{"nome":"Rio Grande","regime":"Intermitente","ordem":4,"largura":"10 - 50","dominialidade":"Estadual","fonte":"ANA (2021), MDE/Maxar(imagens do basemap/arcmap), Cartas topográficas"},"geometry":{"type":"LineString","coordinates":[[-35.710426,-6.103614],[-35.709883,-6.103343],[-35.708441,-6.101173],[-35.707956,-6.100973],[-35.706785,-6.101059],[-35.703644,-6.100573],[-35.70313,-6.100388],[-35.702718,-6.099885]]}},{"type":"Feature","id":603,"properties":{"regime":"Intermitente","ordem":1,"largura":"<=10","dominialidade":"Estadual","fonte":"ANA (2021), MDE/Maxar(imagens do basemap/arcmap), Cartas topográficas"},"geometry":{"type":"LineString","coordinates":[[-35.691438,-6.106919],[-35.691934,-6.106482],[-35.691924,-6.1057],[-35.692447,-6.104159],[-35.692324,-6.103502],[-35.69259,-6.103226],[-35.692609,-6.102798],[-35.693685,-6.102246],[-35.694132,-6.101532],[-35.694836,-6.101465],[-35.695893,-6.100599],[-35.698044,-6.099923],[-35.700633,-6.100332],[-35.701775,-6.100323]]}},{"type":"Feature","id":604,"properties":{"nome":"Rio Grande","regime":"Intermitente","ordem":4,"largura":"10 - 50","dominialidade":"Estadual","fonte":"ANA (2021), MDE/Maxar(imagens do basemap/arcmap), Cartas topográficas"},"geometry":{"type":"LineString","coordinates":[[-35.690188,-6.02935],[-35.689927,-6.029171],[-35.689563,-6.028322],[-35.689094,-6.028142],[-35.687773,-6.028291],[-35.687125,-6.028695],[-35.686673,-6.028695],[-35.686512,-6.028237],[-35.686914,-6.027187],[-35.686607,-6.026839],[-35.68581,-6.026643],[-35.685733,-6.026512],[-35.686054,-6.026227],[-35.68493,-6.025543],[-35.683585,-6.025787],[-35.68302,-6.025501],[-35.68255,-6.025917],[-35.682535,-6.027353],[-35.682366,-6.027589],[-35.681242,-6.027625],[-35.681307,-6.027],[-35.681938,-6.025673],[-35.681486,-6.025323],[-35.68161,-6.024662],[-35.681206,-6.024442],[-35.68092,-6.02399],[-35.680849,-6.022735],[-35.680302,-6.022366],[-35.680516,-6.021932],[-35.680462,-6.021063],[-35.680623,-6.020825],[-35.680218,-6.019993]]}},{"type":"Feature","id":605,"properties":{"regime":"Intermitente","ordem":1,"largura":"<=10","dominialidade":"Estadual","fonte":"ANA (2021), MDE/Maxar(imagens do basemap/arcmap), Cartas topográficas"},"geometry":{"type":"LineString","coordinates":[[-35.679274,-6.000681],[-35.679013,-6.001403],[-35.678357,-6.002307],[-35.677766,-6.004677],[-35.676843,-6.005933],[-35.676615,-6.006999],[-35.675282,-6.007941],[-35.675016,-6.007932],[-35.674825,-6.007589],[-35.673902,-6.007846],[-35.67316,-6.008627]]}},{"type":"Feature","id":606,"properties":{"nome":"Rio Grande","regime":"Intermitente","ordem":4,"largura":"10 - 50","dominialidade":"Estadual","fonte":"ANA (2021), MDE/Maxar(imagens do basemap/arcmap), Cartas topográficas"},"geometry":{"type":"LineString","coordinates":[[-35.667584,-6.00803],[-35.665879,-6.008236],[-35.664862,-6.007809],[-35.664556,-6.007875],[-35.663947,-6.007646],[-35.664184,-6.00718],[-35.664004,-6.006866],[-35.663452,-6.006675],[-35.66269,-6.00678],[-35.662309,-6.006438],[-35.660986,-6.005971],[-35.66032,-6.005362],[-35.659264,-6.004981],[-35.658312,-6.003639],[-35.657674,-6.003611],[-35.657037,-6.003068],[-35.656646,-6.002535],[-35.65638,-6.001393],[-35.655542,-6.00087],[-35.654686,-6.000679],[-35.654828,-5.999918]]}},{"type":"Feature","id":607,"properties":{"regime":"Intermitente","ordem":1,"largura":"<=10","dominialidade":"Estadual","fonte":"ANA (2021), MDE/Maxar(imagens do basemap/arcmap), Cartas topográficas"},"geometry":{"type":"LineString","coordinates":[[-35.697349,-6.104168],[-35.697958,-6.104016],[-35.698129,-6.104159],[-35.698291,-6.103825],[-35.69931,-6.10354],[-35.699704,-6.103026],[-35.700461,-6.103016],[-35.700947,-6.102483],[-35.701775,-6.100323]]}},{"type":"Feature","id":608,"properties":{"regime":"Intermitente","ordem":1,"largura":"<=10","dominialidade":"Estadual","fonte":"ANA (2021), MDE/Maxar(imagens do basemap/arcmap), Cartas topográficas"},"geometry":{"type":"LineString","coordinates":[[-35.978478,-6.022509],[-35.980124,-6.023128],[-35.981067,-6.024337],[-35.981695,-6.024784],[-35.981923,-6.025746],[-35.981571,-6.026621],[-35.982656,-6.028058],[-35.982742,-6.02842],[-35.982685,-6.028991],[-35.982266,-6.02902],[-35.982038,-6.030324],[-35.982428,-6.031057],[-35.98313,-6.031705],[-35.98317,-6.032008],[-35.982704,-6.033055],[-35.982095,-6.033798],[-35.982066,-6.035102],[-35.981667,-6.035558],[-35.981807,-6.03591],[-35.981695,-6.036444],[-35.98258,-6.037481],[-35.984265,-6.037529],[-35.985902,-6.038233],[-35.985987,-6.038585],[-35.985692,-6.039565],[-35.985873,-6.039861],[-35.985473,-6.040898],[-35.985435,-6.041755],[-35.98811,-6.045305]]}},{"type":"Feature","id":609,"properties":{"regime":"Intermitente","ordem":1,"largura":"<=10","dominialidade":"Estadual","fonte":"ANA (2021), MDE/Maxar(imagens do basemap/arcmap), Cartas topográficas"},"geometry":{"type":"LineString","coordinates":[[-35.976891,-6.041914],[-35.975282,-6.040709],[-35.974283,-6.038764],[-35.974083,-6.037717],[-35.97434,-6.03667],[-35.975755,-6.033335],[-35.976215,-6.033005],[-35.976342,-6.032661],[-35.976967,-6.032558],[-35.977367,-6.032748],[-35.977595,-6.032606],[-35.977357,-6.032139],[-35.977456,-6.031797],[-35.977176,-6.03134],[-35.977386,-6.030912],[-35.977284,-6.030177],[-35.977662,-6.029427],[-35.977548,-6.026372],[-35.977245,-6.025115],[-35.977414,-6.024801],[-35.977214,-6.024278],[-35.97751,-6.022983],[-35.978176,-6.022517],[-35.978478,-6.022509]]}},{"type":"Feature","id":610,"properties":{"regime":"Intermitente","ordem":1,"largura":"<=10","dominialidade":"Estadual","fonte":"ANA (2021), MDE/Maxar(imagens do basemap/arcmap), Cartas topográficas"},"geometry":{"type":"LineString","coordinates":[[-35.956748,-6.030301],[-35.956575,-6.029668],[-35.956274,-6.029473],[-35.955126,-6.029161],[-35.954448,-6.028633],[-35.953598,-6.028604],[-35.952042,-6.027962],[-35.951335,-6.026919],[-35.950019,-6.025996],[-35.949351,-6.025192],[-35.948187,-6.024621],[-35.946231,-6.022751],[-35.943961,-6.02188],[-35.940578,-6.021444],[-35.939807,-6.021102],[-35.938401,-6.02158],[-35.937437,-6.01931],[-35.937644,-6.018689],[-35.938001,-6.018346],[-35.937965,-6.017654],[-35.93788,-6.01739],[-35.937708,-6.017482],[-35.937466,-6.017275],[-35.937159,-6.016733],[-35.937423,-6.015755],[-35.937694,-6.015619],[-35.937771,-6.014549],[-35.938044,-6.013863],[-35.937643,-6.01231]]}},{"type":"Feature","id":611,"properties":{"regime":"Intermitente","ordem":1,"largura":"<=10","dominialidade":"Estadual","fonte":"ANA (2021), MDE/Maxar(imagens do basemap/arcmap), Cartas topográficas"},"geometry":{"type":"LineString","coordinates":[[-35.9973,-6.049172],[-35.995843,-6.04784],[-35.995468,-6.047852],[-35.994457,-6.046989],[-35.993598,-6.045524],[-35.992771,-6.04516],[-35.992592,-6.04438],[-35.990733,-6.041743],[-35.990905,-6.041517],[-35.99081,-6.040803],[-35.990334,-6.039762],[-35.990804,-6.038346],[-35.990531,-6.037471],[-35.990578,-6.03643],[-35.989579,-6.035175],[-35.989581,-6.034013],[-35.989775,-6.033545],[-35.989639,-6.032282]]}},{"type":"Feature","id":612,"properties":{"regime":"Intermitente","ordem":1,"largura":"<=10","dominialidade":"Estadual","fonte":"ANA (2021), MDE/Maxar(imagens do basemap/arcmap), Cartas topográficas"},"geometry":{"type":"LineString","coordinates":[[-35.940524,-6.064158],[-35.940882,-6.06442],[-35.94151,-6.064524],[-35.942729,-6.06442],[-35.943138,-6.065124],[-35.945308,-6.066085],[-35.945888,-6.065914],[-35.946469,-6.065276],[-35.948944,-6.064572],[-35.950543,-6.063601],[-35.953322,-6.063782],[-35.953722,-6.064067],[-35.957243,-6.063915],[-35.958937,-6.064343]]}},{"type":"Feature","id":613,"properties":{"regime":"Intermitente","ordem":1,"largura":"<=10","dominialidade":"Estadual","fonte":"ANA (2021), MDE/Maxar(imagens do basemap/arcmap), Cartas topográficas"},"geometry":{"type":"LineString","coordinates":[[-35.946284,-6.084529],[-35.946445,-6.084189],[-35.947379,-6.083862],[-35.947694,-6.083482],[-35.948479,-6.08363],[-35.949491,-6.08341],[-35.949972,-6.082185],[-35.950787,-6.082512],[-35.951959,-6.081917],[-35.952483,-6.080995],[-35.952578,-6.080269],[-35.952096,-6.079674],[-35.95184,-6.07899],[-35.951176,-6.078262],[-35.950894,-6.077569],[-35.94955,-6.075897],[-35.948104,-6.075011],[-35.947522,-6.074267],[-35.946769,-6.073833],[-35.946299,-6.072804],[-35.946403,-6.071382],[-35.946689,-6.070847],[-35.946412,-6.070425]]}},{"type":"Feature","id":614,"properties":{"regime":"Intermitente","ordem":1,"largura":"<=10","dominialidade":"Estadual","fonte":"ANA (2021), MDE/Maxar(imagens do basemap/arcmap), Cartas topográficas"},"geometry":{"type":"LineString","coordinates":[[-35.941103,-6.053482],[-35.940432,-6.053832],[-35.936796,-6.054817],[-35.934357,-6.053913],[-35.933672,-6.053221],[-35.931282,-6.052931],[-35.93008,-6.052533],[-35.928991,-6.051301],[-35.929045,-6.050635],[-35.928343,-6.05007],[-35.928575,-6.049505],[-35.928099,-6.04847],[-35.927463,-6.047768],[-35.928343,-6.046673],[-35.927667,-6.045331],[-35.926624,-6.044365],[-35.926749,-6.043467],[-35.926166,-6.042801],[-35.926677,-6.041992],[-35.926255,-6.040921],[-35.926767,-6.040165],[-35.926582,-6.039505]]}},{"type":"Feature","id":615,"properties":{"regime":"Intermitente","ordem":1,"largura":"<=10","dominialidade":"Estadual","fonte":"ANA (2021), MDE/Maxar(imagens do basemap/arcmap), Cartas topográficas"},"geometry":{"type":"LineString","coordinates":[[-35.918585,-6.049467],[-35.918343,-6.048828],[-35.917615,-6.048497],[-35.91725,-6.048439],[-35.916401,-6.048846],[-35.91543,-6.048846],[-35.914467,-6.047776],[-35.912768,-6.046876],[-35.912568,-6.046555],[-35.912639,-6.045741],[-35.912318,-6.044471],[-35.912418,-6.043464],[-35.913091,-6.041832],[-35.912939,-6.041458],[-35.911347,-6.040473],[-35.910683,-6.039431],[-35.910398,-6.038531],[-35.91104,-6.035262],[-35.911126,-6.033956],[-35.910898,-6.033465],[-35.911026,-6.032649],[-35.91064,-6.032085],[-35.909491,-6.031714],[-35.908006,-6.031828],[-35.906807,-6.031493],[-35.906579,-6.031129],[-35.906757,-6.029808],[-35.906712,-6.02883],[-35.906507,-6.028373],[-35.905908,-6.028009],[-35.904956,-6.028159],[-35.90477,-6.027617],[-35.903822,-6.027182]]}},{"type":"Feature","id":616,"properties":{"regime":"Intermitente","ordem":1,"largura":"<=10","dominialidade":"Estadual","fonte":"ANA (2021), MDE/Maxar(imagens do basemap/arcmap), Cartas topográficas"},"geometry":{"type":"LineString","coordinates":[[-35.899842,-6.038513],[-35.898508,-6.037806],[-35.897958,-6.037264],[-35.895973,-6.034901],[-35.89545,-6.033375],[-35.895053,-6.033152],[-35.893664,-6.03281],[-35.893232,-6.033059],[-35.892097,-6.032923],[-35.891512,-6.032524],[-35.89079,-6.032333],[-35.89047,-6.031974],[-35.889021,-6.031653],[-35.888052,-6.031747],[-35.886565,-6.032674],[-35.885865,-6.032638],[-35.884887,-6.031846],[-35.88462,-6.03176],[-35.883952,-6.032045],[-35.883174,-6.031731],[-35.882888,-6.03104]]}},{"type":"Feature","id":617,"properties":{"regime":"Perene","ordem":1,"largura":"<=10","dominialidade":"Estadual","fonte":"ANA (2021), MDE/Maxar(imagens do basemap/arcmap), Cartas topográficas"},"geometry":{"type":"LineString","coordinates":[[-35.906858,-6.058787],[-35.904764,-6.05937],[-35.904061,-6.059904],[-35.901634,-6.060736],[-35.899278,-6.060427],[-35.898481,-6.060594],[-35.897851,-6.060439],[-35.897363,-6.059927],[-35.897018,-6.058488],[-35.896399,-6.057215],[-35.895792,-6.056275],[-35.895287,-6.055896]]}},{"type":"Feature","id":618,"properties":{"regime":"Intermitente","ordem":1,"largura":"<=10","dominialidade":"Estadual","fonte":"ANA (2021), MDE/Maxar(imagens do basemap/arcmap), Cartas topográficas"},"geometry":{"type":"LineString","coordinates":[[-35.930603,-6.074561],[-35.928736,-6.073426],[-35.927608,-6.071884],[-35.925624,-6.070642],[-35.923996,-6.069086],[-35.92361,-6.06823],[-35.923182,-6.067773],[-35.921041,-6.066431],[-35.919399,-6.065688],[-35.918533,-6.066009],[-35.918285,-6.066516],[-35.918442,-6.067187],[-35.918371,-6.068401],[-35.917586,-6.069986],[-35.91712,-6.070576],[-35.916429,-6.070942],[-35.91149,-6.071056],[-35.910162,-6.0699],[-35.90887,-6.069762]]}},{"type":"Feature","id":619,"properties":{"regime":"Intermitente","ordem":1,"largura":"<=10","dominialidade":"Estadual","fonte":"ANA (2021), MDE/Maxar(imagens do basemap/arcmap), Cartas topográficas"},"geometry":{"type":"LineString","coordinates":[[-35.936519,-6.096146],[-35.933956,-6.094287],[-35.933581,-6.093814],[-35.932213,-6.093326],[-35.931497,-6.092779],[-35.930202,-6.092707],[-35.927727,-6.092208],[-35.926014,-6.091577],[-35.925126,-6.090883],[-35.925324,-6.090578],[-35.9252,-6.090171],[-35.924087,-6.089233],[-35.922504,-6.089245],[-35.921686,-6.088757],[-35.920708,-6.088841],[-35.91997,-6.087484],[-35.919821,-6.085505]]}},{"type":"Feature","id":620,"properties":{"regime":"Intermitente","ordem":1,"largura":"<=10","dominialidade":"Estadual","fonte":"ANA (2021), MDE/Maxar(imagens do basemap/arcmap), Cartas topográficas"},"geometry":{"type":"LineString","coordinates":[[-35.880451,-6.00761],[-35.879309,-6.007539],[-35.877953,-6.007881],[-35.876097,-6.007224],[-35.875069,-6.007367],[-35.874897,-6.006596],[-35.873156,-6.006025],[-35.872827,-6.006325],[-35.872641,-6.006995],[-35.872238,-6.007086],[-35.871842,-6.007453],[-35.871285,-6.007453],[-35.869752,-6.007078],[-35.867944,-6.005797],[-35.865289,-6.004537],[-35.864375,-6.004426],[-35.864161,-6.004669],[-35.863576,-6.004612],[-35.862519,-6.004412],[-35.861748,-6.004012],[-35.861364,-6.0041]]}},{"type":"Feature","id":621,"properties":{"regime":"Intermitente","ordem":1,"largura":"<=10","dominialidade":"Estadual","fonte":"ANA (2021), MDE/Maxar(imagens do basemap/arcmap), Cartas topográficas"},"geometry":{"type":"LineString","coordinates":[[-35.857216,-6.016547],[-35.855769,-6.014914],[-35.854891,-6.013435],[-35.853799,-6.012787],[-35.852775,-6.010807],[-35.852162,-6.010422],[-35.851034,-6.00751],[-35.850448,-6.006553],[-35.850206,-6.004654],[-35.849855,-6.003708],[-35.848731,-6.002595]]}},{"type":"Feature","id":622,"properties":{"regime":"Intermitente","ordem":1,"largura":"<=10","dominialidade":"Estadual","fonte":"ANA (2021), MDE/Maxar(imagens do basemap/arcmap), Cartas topográficas"},"geometry":{"type":"LineString","coordinates":[[-35.859958,-6.060535],[-35.860301,-6.059793],[-35.861881,-6.057946],[-35.861919,-6.057375],[-35.863061,-6.056709],[-35.864908,-6.055072],[-35.86506,-6.054177],[-35.865364,-6.053625],[-35.866527,-6.052428],[-35.867097,-6.05216],[-35.867362,-6.0513],[-35.867078,-6.050503],[-35.86723,-6.050028],[-35.8683,-6.049509],[-35.870371,-6.04938],[-35.870847,-6.049171],[-35.871551,-6.046963],[-35.872021,-6.046548]]}},{"type":"Feature","id":623,"properties":{"regime":"Intermitente","ordem":1,"largura":"<=10","dominialidade":"Estadual","fonte":"ANA (2021), MDE/Maxar(imagens do basemap/arcmap), Cartas topográficas"},"geometry":{"type":"LineString","coordinates":[[-35.865929,-6.079172],[-35.865663,-6.078316],[-35.865929,-6.076774],[-35.867242,-6.07508],[-35.867274,-6.074488],[-35.866234,-6.073652],[-35.866481,-6.072453],[-35.866095,-6.071355],[-35.866295,-6.070927],[-35.866624,-6.070713],[-35.868608,-6.070527],[-35.869051,-6.069842],[-35.869508,-6.069571],[-35.870221,-6.068143],[-35.87085,-6.068057],[-35.871349,-6.067443],[-35.871869,-6.066109],[-35.87212,-6.065873],[-35.872991,-6.065487],[-35.874847,-6.065573],[-35.876398,-6.064388],[-35.877122,-6.06336],[-35.877065,-6.061875],[-35.877517,-6.061424]]}},{"type":"Feature","id":624,"properties":{"regime":"Intermitente","ordem":1,"largura":"<=10","dominialidade":"Estadual","fonte":"ANA (2021), MDE/Maxar(imagens do basemap/arcmap), Cartas topográficas"},"geometry":{"type":"LineString","coordinates":[[-35.874156,-6.092667],[-35.873604,-6.09476],[-35.874079,-6.095522],[-35.876345,-6.096436],[-35.876973,-6.096455],[-35.878096,-6.095826],[-35.879276,-6.095503],[-35.881004,-6.095198],[-35.881806,-6.095249],[-35.88413,-6.093923],[-35.884416,-6.092876],[-35.88484,-6.092677]]}},{"type":"Feature","id":625,"properties":{"regime":"Intermitente","ordem":1,"largura":"<=10","dominialidade":"Estadual","fonte":"ANA (2021), MDE/Maxar(imagens do basemap/arcmap), Cartas topográficas"},"geometry":{"type":"LineString","coordinates":[[-35.908005,-6.121899],[-35.908779,-6.12269],[-35.90915,-6.123419],[-35.909693,-6.125931],[-35.910035,-6.126674],[-35.910064,-6.12853],[-35.910435,-6.129229],[-35.911349,-6.130014],[-35.912206,-6.129915],[-35.913462,-6.129401],[-35.914104,-6.129472],[-35.915518,-6.130143],[-35.915932,-6.130571]]}},{"type":"Feature","id":626,"properties":{"regime":"Intermitente","ordem":1,"largura":"<=10","dominialidade":"Estadual","fonte":"ANA (2021), MDE/Maxar(imagens do basemap/arcmap), Cartas topográficas"},"geometry":{"type":"LineString","coordinates":[[-35.906548,-6.132026],[-35.906939,-6.132269],[-35.90861,-6.13264],[-35.909366,-6.133068],[-35.909777,-6.134013],[-35.909994,-6.135781],[-35.910391,-6.136212],[-35.910808,-6.13808],[-35.911519,-6.138756],[-35.911294,-6.139522],[-35.911998,-6.139976],[-35.912279,-6.140407],[-35.912665,-6.140523],[-35.912893,-6.141121],[-35.91285,-6.142905],[-35.912479,-6.144247],[-35.912322,-6.146774]]}},{"type":"Feature","id":627,"properties":{"regime":"Intermitente","ordem":2,"largura":"10 - 50","dominialidade":"Estadual","fonte":"ANA (2021), MDE/Maxar(imagens do basemap/arcmap), Cartas topográficas"},"geometry":{"type":"LineString","coordinates":[[-35.921289,-6.122874],[-35.921188,-6.123292],[-35.9223,-6.124314],[-35.923037,-6.124575],[-35.923323,-6.124885],[-35.923799,-6.125718],[-35.923656,-6.126527]]}},{"type":"Feature","id":628,"properties":{"regime":"Intermitente","ordem":2,"largura":"10 - 50","dominialidade":"Estadual","fonte":"ANA (2021), MDE/Maxar(imagens do basemap/arcmap), Cartas topográficas"},"geometry":{"type":"LineString","coordinates":[[-35.921289,-6.122874],[-35.921188,-6.123292],[-35.9223,-6.124314],[-35.923037,-6.124575],[-35.923323,-6.124885],[-35.923799,-6.125718],[-35.923656,-6.126527]]}},{"type":"Feature","id":629,"properties":{"regime":"Intermitente","ordem":1,"largura":"<=10","dominialidade":"Estadual","fonte":"ANA (2021), MDE/Maxar(imagens do basemap/arcmap), Cartas topográficas"},"geometry":{"type":"LineString","coordinates":[[-35.923663,-6.126496],[-35.923782,-6.127079],[-35.924115,-6.127448],[-35.925001,-6.127728],[-35.925412,-6.128197],[-35.925536,-6.130346],[-35.925262,-6.131095]]}},{"type":"Feature","id":630,"properties":{"regime":"Intermitente","ordem":1,"largura":"<=10","dominialidade":"Estadual","fonte":"ANA (2021), MDE/Maxar(imagens do basemap/arcmap), Cartas topográficas"},"geometry":{"type":"LineString","coordinates":[[-35.923663,-6.126496],[-35.923204,-6.126836],[-35.923014,-6.126372],[-35.922827,-6.126452],[-35.922026,-6.128049],[-35.921967,-6.128609],[-35.920703,-6.129294],[-35.920503,-6.129608],[-35.920917,-6.130707],[-35.920689,-6.131478],[-35.919266,-6.132011],[-35.918945,-6.132321],[-35.918088,-6.13495],[-35.917922,-6.136342],[-35.917624,-6.136532],[-35.917327,-6.137746]]}},{"type":"Feature","id":631,"properties":{"regime":"Intermitente","ordem":1,"largura":"<=10","dominialidade":"Estadual","fonte":"ANA (2021), MDE/Maxar(imagens do basemap/arcmap), Cartas topográficas"},"geometry":{"type":"LineString","coordinates":[[-35.93488,-6.1269],[-35.935069,-6.126596],[-35.935747,-6.126394],[-35.936282,-6.125941],[-35.93683,-6.125989],[-35.937567,-6.125644],[-35.939043,-6.126358],[-35.941922,-6.126203],[-35.943373,-6.127024],[-35.944396,-6.126572],[-35.94492,-6.126548],[-35.947644,-6.127095],[-35.949726,-6.126439],[-35.952403,-6.126227],[-35.953688,-6.126382],[-35.955972,-6.126322],[-35.958352,-6.126739],[-35.960858,-6.12673]]}},{"type":"Feature","id":632,"properties":{"regime":"Intermitente","ordem":1,"largura":"<=10","dominialidade":"Estadual","fonte":"ANA (2021), MDE/Maxar(imagens do basemap/arcmap), Cartas topográficas"},"geometry":{"type":"LineString","coordinates":[[-35.965338,-6.132344],[-35.964219,-6.132546],[-35.962991,-6.132241],[-35.96202,-6.132394],[-35.961097,-6.132194],[-35.959803,-6.132346],[-35.958994,-6.132003],[-35.957671,-6.132889],[-35.957233,-6.134031],[-35.956205,-6.134297],[-35.955843,-6.13405],[-35.955529,-6.134107],[-35.954349,-6.134916],[-35.953635,-6.135915],[-35.951922,-6.135982],[-35.951084,-6.136363],[-35.950841,-6.136674],[-35.950765,-6.137305]]}},{"type":"Feature","id":633,"properties":{"regime":"Intermitente","ordem":1,"largura":"<=10","dominialidade":"Estadual","fonte":"ANA (2021), MDE/Maxar(imagens do basemap/arcmap), Cartas topográficas"},"geometry":{"type":"LineString","coordinates":[[-35.983139,-6.145454],[-35.981307,-6.14405],[-35.978404,-6.143705],[-35.977038,-6.142755],[-35.976049,-6.142839]]}},{"type":"Feature","id":634,"properties":{"regime":"Perene","ordem":1,"largura":"<=10","dominialidade":"Estadual","fonte":"ANA (2021), MDE/Maxar(imagens do basemap/arcmap), Cartas topográficas"},"geometry":{"type":"LineString","coordinates":[[-35.930776,-6.119755],[-35.931414,-6.118723],[-35.931852,-6.118332],[-35.932156,-6.11837],[-35.932756,-6.117599],[-35.933108,-6.117428],[-35.935649,-6.117038],[-35.937562,-6.11758],[-35.938244,-6.117427]]}},{"type":"Feature","id":635,"properties":{"regime":"Intermitente","ordem":1,"largura":"<=10","dominialidade":"Estadual","fonte":"ANA (2021), MDE/Maxar(imagens do basemap/arcmap), Cartas topográficas"},"geometry":{"type":"LineString","coordinates":[[-35.951085,-6.109865],[-35.951775,-6.109694],[-35.952602,-6.109815],[-35.953201,-6.109358],[-35.954172,-6.10923],[-35.954159,-6.108878],[-35.954372,-6.108716],[-35.956528,-6.109287],[-35.957756,-6.109858],[-35.958841,-6.109944],[-35.959883,-6.110657],[-35.960254,-6.110372],[-35.961494,-6.110628],[-35.963466,-6.110472],[-35.965294,-6.109944],[-35.966179,-6.109472],[-35.967007,-6.109658],[-35.967788,-6.109388],[-35.968706,-6.10943],[-35.969455,-6.109086],[-35.969891,-6.109158],[-35.970662,-6.108844],[-35.971041,-6.108268]]}},{"type":"Feature","id":636,"properties":{"regime":"Intermitente","ordem":1,"largura":"<=10","dominialidade":"Estadual","fonte":"ANA (2021), MDE/Maxar(imagens do basemap/arcmap), Cartas topográficas"},"geometry":{"type":"LineString","coordinates":[[-35.95856,-6.116686],[-35.959889,-6.116777],[-35.9602,-6.117312],[-35.961285,-6.117931],[-35.961442,-6.118617],[-35.962984,-6.120458],[-35.963398,-6.121943],[-35.964212,-6.122086],[-35.964926,-6.122714],[-35.966782,-6.123771],[-35.97035,-6.124263],[-35.972435,-6.124784],[-35.973135,-6.125213],[-35.974762,-6.125127],[-35.975062,-6.125284],[-35.976076,-6.124956],[-35.976651,-6.125023]]}},{"type":"Feature","id":637,"properties":{"regime":"Intermitente","ordem":1,"largura":"<=10","dominialidade":"Estadual","fonte":"ANA (2021), MDE/Maxar(imagens do basemap/arcmap), Cartas topográficas"},"geometry":{"type":"LineString","coordinates":[[-35.931404,-6.147569],[-35.931056,-6.148386],[-35.929657,-6.150028],[-35.930071,-6.150699],[-35.929947,-6.151469],[-35.93037,-6.151998],[-35.930137,-6.154039],[-35.930518,-6.155438],[-35.930147,-6.155914],[-35.929043,-6.158903],[-35.930071,-6.160083],[-35.92988,-6.160445],[-35.929937,-6.160911],[-35.930623,-6.161492],[-35.930799,-6.16282],[-35.930656,-6.164147],[-35.93147,-6.164433],[-35.932569,-6.165475],[-35.933069,-6.165689]]}},{"type":"Feature","id":638,"properties":{"regime":"Intermitente","ordem":1,"largura":"<=10","dominialidade":"Estadual","fonte":"ANA (2021), MDE/Maxar(imagens do basemap/arcmap), Cartas topográficas"},"geometry":{"type":"LineString","coordinates":[[-35.850743,-6.112796],[-35.851325,-6.113173],[-35.851705,-6.114197],[-35.852347,-6.114697],[-35.853728,-6.115125],[-35.854882,-6.115827],[-35.854941,-6.116029],[-35.853954,-6.117374],[-35.853787,-6.119028],[-35.854798,-6.120313],[-35.854834,-6.120991],[-35.856214,-6.122311],[-35.857285,-6.122621],[-35.859331,-6.1245],[-35.860937,-6.125333],[-35.861104,-6.125642],[-35.861009,-6.126452],[-35.861163,-6.127177],[-35.861687,-6.128117],[-35.862554,-6.129051]]}},{"type":"Feature","id":639,"properties":{"regime":"Perene","ordem":1,"largura":"<=10","dominialidade":"Estadual","fonte":"ANA (2021), MDE/Maxar(imagens do basemap/arcmap), Cartas topográficas"},"geometry":{"type":"LineString","coordinates":[[-35.847663,-6.114821],[-35.848306,-6.115669],[-35.848151,-6.116371],[-35.848651,-6.117121],[-35.848615,-6.118453],[-35.848782,-6.11906],[-35.849032,-6.119405],[-35.849769,-6.119619],[-35.850269,-6.120083],[-35.850578,-6.121178],[-35.851625,-6.122939],[-35.851741,-6.123477],[-35.85159,-6.124319],[-35.852054,-6.125259],[-35.853588,-6.127222],[-35.854518,-6.128007],[-35.855516,-6.128554],[-35.85617,-6.128602]]}},{"type":"Feature","id":640,"properties":{"regime":"Intermitente","ordem":1,"largura":"<=10","dominialidade":"Estadual","fonte":"ANA (2021), MDE/Maxar(imagens do basemap/arcmap), Cartas topográficas"},"geometry":{"type":"LineString","coordinates":[[-35.862259,-6.091749],[-35.860507,-6.09093],[-35.859518,-6.090074],[-35.858809,-6.089733],[-35.857225,-6.090001],[-35.854435,-6.091083],[-35.853807,-6.091007],[-35.85316,-6.09173],[-35.851799,-6.092729],[-35.851142,-6.093814],[-35.850047,-6.09449],[-35.849057,-6.095451],[-35.849429,-6.096746],[-35.850019,-6.097622],[-35.849333,-6.099449],[-35.847887,-6.100943],[-35.847868,-6.103323],[-35.847249,-6.104141],[-35.847154,-6.104993],[-35.846697,-6.105421],[-35.845912,-6.10545],[-35.84574,-6.105878],[-35.845926,-6.10692],[-35.845769,-6.10732],[-35.845084,-6.107948],[-35.844955,-6.109205],[-35.844256,-6.109804],[-35.844227,-6.110404],[-35.84357,-6.111203],[-35.842728,-6.112745],[-35.842709,-6.113436]]}},{"type":"Feature","id":641,"properties":{"regime":"Intermitente","ordem":1,"largura":"<=10","dominialidade":"Estadual","fonte":"ANA (2021), MDE/Maxar(imagens do basemap/arcmap), Cartas topográficas"},"geometry":{"type":"LineString","coordinates":[[-35.863575,-6.095764],[-35.863453,-6.096064],[-35.863746,-6.096692],[-35.863889,-6.098862],[-35.863596,-6.099962],[-35.863889,-6.101254],[-35.863689,-6.102082],[-35.863239,-6.10266],[-35.863004,-6.103417],[-35.861847,-6.10438],[-35.860668,-6.104608],[-35.859956,-6.105392],[-35.859112,-6.105843],[-35.857141,-6.105779],[-35.85545,-6.106093],[-35.855128,-6.105579],[-35.854065,-6.105629],[-35.853494,-6.10635],[-35.853437,-6.107028],[-35.852951,-6.107663],[-35.853608,-6.108877],[-35.853558,-6.109169],[-35.852459,-6.110497],[-35.852468,-6.110914],[-35.852146,-6.11158]]}},{"type":"Feature","id":642,"properties":{"regime":"Intermitente","ordem":1,"largura":"<=10","dominialidade":"Estadual","fonte":"ANA (2021), MDE/Maxar(imagens do basemap/arcmap), Cartas topográficas"},"geometry":{"type":"LineString","coordinates":[[-35.836534,-6.095678],[-35.835401,-6.096325],[-35.834735,-6.097867],[-35.834028,-6.098722],[-35.832921,-6.099198],[-35.832434,-6.100828],[-35.8326,-6.102256],[-35.832969,-6.103113],[-35.833849,-6.104195],[-35.834908,-6.104707],[-35.835297,-6.105461],[-35.835063,-6.106479],[-35.835099,-6.107515],[-35.836242,-6.110072],[-35.836229,-6.110501],[-35.834217,-6.11202],[-35.834219,-6.113697]]}},{"type":"Feature","id":643,"properties":{"regime":"Intermitente","ordem":1,"largura":"<=10","dominialidade":"Estadual","fonte":"ANA (2021), MDE/Maxar(imagens do basemap/arcmap), Cartas topográficas"},"geometry":{"type":"LineString","coordinates":[[-35.843592,-6.135398],[-35.844086,-6.135984],[-35.844334,-6.137088],[-35.844229,-6.137954],[-35.844467,-6.13941],[-35.84579,-6.140067],[-35.846237,-6.140666],[-35.846259,-6.141019],[-35.846721,-6.141073],[-35.846957,-6.141623],[-35.846751,-6.142313],[-35.846865,-6.142656],[-35.848405,-6.145954],[-35.849756,-6.146744],[-35.849956,-6.147238],[-35.84968,-6.147867],[-35.850451,-6.149094],[-35.85048,-6.149704],[-35.851003,-6.150103],[-35.851803,-6.15036],[-35.851725,-6.151198],[-35.851992,-6.151807],[-35.851972,-6.152416],[-35.852943,-6.15392],[-35.852981,-6.154453],[-35.852791,-6.154758]]}},{"type":"Feature","id":644,"properties":{"regime":"Intermitente","ordem":1,"largura":"<=10","dominialidade":"Estadual","fonte":"ANA (2021), MDE/Maxar(imagens do basemap/arcmap), Cartas topográficas"},"geometry":{"type":"LineString","coordinates":[[-35.838205,-6.133932],[-35.838043,-6.135402],[-35.837759,-6.135631],[-35.837545,-6.136259],[-35.839016,-6.137045],[-35.839358,-6.137473],[-35.839387,-6.13833],[-35.839016,-6.139343],[-35.838059,-6.140899],[-35.837488,-6.14247],[-35.837459,-6.143355],[-35.838216,-6.144954],[-35.838901,-6.148623],[-35.839501,-6.149651],[-35.839744,-6.150622],[-35.839715,-6.153434],[-35.840072,-6.155133]]}},{"type":"Feature","id":645,"properties":{"regime":"Intermitente","ordem":1,"largura":"<=10","dominialidade":"Estadual","fonte":"ANA (2021), MDE/Maxar(imagens do basemap/arcmap), Cartas topográficas"},"geometry":{"type":"LineString","coordinates":[[-35.821992,-6.10105],[-35.820231,-6.101155],[-35.819731,-6.10154],[-35.81779,-6.102354],[-35.817204,-6.103225],[-35.816105,-6.103482],[-35.815919,-6.104096],[-35.815163,-6.104981],[-35.814592,-6.106465],[-35.81462,-6.106994],[-35.813664,-6.108878],[-35.813535,-6.109592],[-35.814249,-6.110534],[-35.814106,-6.110848],[-35.811565,-6.112076],[-35.810751,-6.113247],[-35.810577,-6.11408],[-35.810294,-6.114446],[-35.809224,-6.114832],[-35.80808,-6.114616],[-35.806525,-6.116145],[-35.805255,-6.116873],[-35.804661,-6.116906]]}},{"type":"Feature","id":646,"properties":{"regime":"Intermitente","ordem":1,"largura":"<=10","dominialidade":"Estadual","fonte":"ANA (2021), MDE/Maxar(imagens do basemap/arcmap), Cartas topográficas"},"geometry":{"type":"LineString","coordinates":[[-35.770349,-6.165528],[-35.769262,-6.164481],[-35.76775,-6.163731],[-35.765703,-6.163279],[-35.765228,-6.162791],[-35.765002,-6.162113],[-35.763895,-6.161269],[-35.763324,-6.159091],[-35.762479,-6.158354],[-35.761492,-6.156807],[-35.760005,-6.156046],[-35.759541,-6.155391],[-35.758363,-6.155011],[-35.757328,-6.154987],[-35.757126,-6.154594],[-35.755888,-6.15413],[-35.755864,-6.153856],[-35.755305,-6.153464],[-35.754984,-6.152465],[-35.754294,-6.15206],[-35.753937,-6.151453],[-35.753378,-6.151168],[-35.753283,-6.150787],[-35.751641,-6.151073],[-35.750653,-6.151013],[-35.749464,-6.151215],[-35.749002,-6.151087]]}},{"type":"Feature","id":647,"properties":{"regime":"Intermitente","ordem":1,"largura":"<=10","dominialidade":"Estadual","fonte":"ANA (2021), MDE/Maxar(imagens do basemap/arcmap), Cartas topográficas"},"geometry":{"type":"LineString","coordinates":[[-35.75001,-6.127416],[-35.749284,-6.128082],[-35.748333,-6.128332],[-35.746272,-6.128054],[-35.745872,-6.128239],[-35.745786,-6.129153],[-35.744673,-6.129981],[-35.743559,-6.130366],[-35.74226,-6.130595],[-35.739548,-6.130466],[-35.735593,-6.129824],[-35.730214,-6.132255]]}},{"type":"Feature","id":648,"properties":{"regime":"Intermitente","ordem":1,"largura":"<=10","dominialidade":"Estadual","fonte":"ANA (2021), MDE/Maxar(imagens do basemap/arcmap), Cartas topográficas"},"geometry":{"type":"LineString","coordinates":[[-35.726198,-6.145415],[-35.726182,-6.148457],[-35.726491,-6.149385],[-35.726443,-6.150099],[-35.726705,-6.151346],[-35.727067,-6.152069],[-35.728945,-6.154041],[-35.729861,-6.154724],[-35.733463,-6.156543]]}},{"type":"Feature","id":649,"properties":{"regime":"Intermitente","ordem":1,"largura":"<=10","dominialidade":"Estadual","fonte":"ANA (2021), MDE/Maxar(imagens do basemap/arcmap), Cartas topográficas"},"geometry":{"type":"LineString","coordinates":[[-35.726198,-6.145415],[-35.725042,-6.146115],[-35.724414,-6.146157],[-35.723401,-6.146871],[-35.722758,-6.147071],[-35.722344,-6.147485],[-35.722644,-6.14897],[-35.722301,-6.149684],[-35.721759,-6.150112]]}},{"type":"Feature","id":650,"properties":{"regime":"Intermitente","ordem":1,"largura":"<=10","dominialidade":"Estadual","fonte":"ANA (2021), MDE/Maxar(imagens do basemap/arcmap), Cartas topográficas"},"geometry":{"type":"LineString","coordinates":[[-35.724274,-6.130549],[-35.722706,-6.132323],[-35.722028,-6.132644],[-35.72135,-6.13268],[-35.720814,-6.13318],[-35.719601,-6.133251],[-35.717138,-6.134286],[-35.716888,-6.135],[-35.716781,-6.137213],[-35.716281,-6.13807],[-35.715603,-6.140283],[-35.716174,-6.142852],[-35.716067,-6.143281]]}},{"type":"Feature","id":651,"properties":{"regime":"Perene","ordem":1,"largura":"<=10","dominialidade":"Estadual","fonte":"ANA (2021), MDE/Maxar(imagens do basemap/arcmap), Cartas topográficas"},"geometry":{"type":"LineString","coordinates":[[-35.752635,-6.027921],[-35.752599,-6.028236],[-35.753306,-6.029227],[-35.752814,-6.030007],[-35.752849,-6.030326],[-35.754289,-6.031185],[-35.754348,-6.031518],[-35.753991,-6.032006],[-35.754087,-6.03228],[-35.755098,-6.033457],[-35.755467,-6.033469],[-35.757358,-6.034849],[-35.757775,-6.034933],[-35.757977,-6.03523],[-35.758905,-6.035385],[-35.75944,-6.036265],[-35.759976,-6.036515],[-35.761261,-6.036646],[-35.763224,-6.037395],[-35.76389,-6.038478],[-35.764386,-6.038569],[-35.764818,-6.039394],[-35.765877,-6.040037],[-35.767174,-6.040132],[-35.770767,-6.039834]]}},{"type":"Feature","id":652,"properties":{"regime":"Intermitente","ordem":1,"largura":"<=10","dominialidade":"Estadual","fonte":"ANA (2021), MDE/Maxar(imagens do basemap/arcmap), Cartas topográficas"},"geometry":{"type":"LineString","coordinates":[[-35.744765,-6.034769],[-35.745878,-6.035156],[-35.746001,-6.036074],[-35.746977,-6.03677],[-35.747491,-6.03687],[-35.748576,-6.036613],[-35.749104,-6.037212],[-35.749547,-6.037255],[-35.751031,-6.038369],[-35.751488,-6.038283],[-35.752802,-6.038583],[-35.754187,-6.039696],[-35.754486,-6.040996],[-35.755514,-6.041652],[-35.756542,-6.044308],[-35.756913,-6.044508],[-35.757485,-6.04525],[-35.759426,-6.046407],[-35.759669,-6.046878],[-35.761496,-6.048177],[-35.762481,-6.04832],[-35.763091,-6.048122]]}},{"type":"Feature","id":653,"properties":{"regime":"Intermitente","ordem":1,"largura":"<=10","dominialidade":"Estadual","fonte":"ANA (2021), MDE/Maxar(imagens do basemap/arcmap), Cartas topográficas"},"geometry":{"type":"LineString","coordinates":[[-35.72333,-6.058592],[-35.724218,-6.059303],[-35.725146,-6.060564],[-35.725907,-6.061112],[-35.728239,-6.061231],[-35.730333,-6.060993],[-35.731332,-6.061302],[-35.732022,-6.061088],[-35.735116,-6.063015],[-35.737638,-6.064205],[-35.740538,-6.067088],[-35.740565,-6.067489],[-35.741897,-6.068964],[-35.743991,-6.070891],[-35.744372,-6.071605],[-35.744284,-6.072311],[-35.744443,-6.072914],[-35.744848,-6.073556],[-35.745799,-6.073651]]}},{"type":"Feature","id":654,"properties":{"regime":"Intermitente","ordem":1,"largura":"<=10","dominialidade":"Estadual","fonte":"ANA (2021), MDE/Maxar(imagens do basemap/arcmap), Cartas topográficas"},"geometry":{"type":"LineString","coordinates":[[-35.713576,-6.019593],[-35.713942,-6.020375],[-35.715274,-6.021065],[-35.716059,-6.021827],[-35.717725,-6.024587],[-35.717939,-6.025848],[-35.71832,-6.026705],[-35.71782,-6.027585],[-35.718011,-6.028109],[-35.720913,-6.031725],[-35.721865,-6.033248],[-35.722555,-6.03489],[-35.724031,-6.035651],[-35.724031,-6.036627],[-35.724768,-6.038293],[-35.725387,-6.040625],[-35.725821,-6.041325]]}},{"type":"Feature","id":655,"properties":{"regime":"Intermitente","ordem":1,"largura":"<=10","dominialidade":"Estadual","fonte":"ANA (2021), MDE/Maxar(imagens do basemap/arcmap), Cartas topográficas"},"geometry":{"type":"LineString","coordinates":[[-35.722525,-6.003833],[-35.722838,-6.004143],[-35.723675,-6.0044],[-35.724903,-6.006094],[-35.724579,-6.007198],[-35.724711,-6.00837],[-35.724341,-6.008559],[-35.724122,-6.008978],[-35.724237,-6.010367],[-35.725017,-6.011567],[-35.725311,-6.0123],[-35.725208,-6.012766],[-35.725661,-6.013515],[-35.725522,-6.016735],[-35.725969,-6.017677],[-35.725874,-6.019409],[-35.726511,-6.020523],[-35.726283,-6.021646],[-35.727825,-6.023778],[-35.728691,-6.02434],[-35.729595,-6.02531],[-35.7297,-6.025744],[-35.730071,-6.025834],[-35.730195,-6.026224],[-35.730823,-6.026519],[-35.732222,-6.030174],[-35.733003,-6.03124],[-35.733298,-6.032439]]}},{"type":"Feature","id":656,"properties":{"regime":"Perene","ordem":1,"largura":"<=10","dominialidade":"Estadual","fonte":"ANA (2021), MDE/Maxar(imagens do basemap/arcmap), Cartas topográficas"},"geometry":{"type":"LineString","coordinates":[[-35.690837,-6.032735],[-35.69278,-6.033091],[-35.694208,-6.032604],[-35.694969,-6.032794],[-35.695897,-6.032366],[-35.697063,-6.033008],[-35.697578,-6.033577],[-35.698693,-6.034019],[-35.699883,-6.034103],[-35.701049,-6.033841],[-35.701536,-6.033996],[-35.703357,-6.036161]]}},{"type":"Feature","id":657,"properties":{"regime":"Perene","ordem":1,"largura":"<=10","dominialidade":"Estadual","fonte":"ANA (2021), MDE/Maxar(imagens do basemap/arcmap), Cartas topográficas"},"geometry":{"type":"LineString","coordinates":[[-35.690188,-6.02935],[-35.692801,-6.028216],[-35.694483,-6.026441]]}},{"type":"Feature","id":658,"properties":{"regime":"Intermitente","ordem":1,"largura":"<=10","dominialidade":"Estadual","fonte":"ANA (2021), MDE/Maxar(imagens do basemap/arcmap), Cartas topográficas"},"geometry":{"type":"LineString","coordinates":[[-35.680218,-6.019993],[-35.681187,-6.020177],[-35.681851,-6.020058],[-35.683255,-6.019012],[-35.684088,-6.018964],[-35.684826,-6.019249],[-35.686039,-6.019226],[-35.6873,-6.019654],[-35.688609,-6.019725],[-35.689585,-6.019273],[-35.690013,-6.018726],[-35.691203,-6.018226],[-35.692821,-6.017013]]}},{"type":"Feature","id":659,"properties":{"regime":"Intermitente","ordem":1,"largura":"<=10","dominialidade":"Estadual","fonte":"ANA (2021), MDE/Maxar(imagens do basemap/arcmap), Cartas topográficas"},"geometry":{"type":"LineString","coordinates":[[-35.669701,-6.021108],[-35.669493,-6.019651],[-35.669834,-6.018761],[-35.66988,-6.017956],[-35.669463,-6.017153],[-35.668125,-6.015725],[-35.668809,-6.014267],[-35.669909,-6.013137],[-35.670653,-6.012751],[-35.670532,-6.012138],[-35.66923,-6.010938],[-35.668779,-6.010996],[-35.668482,-6.010579],[-35.667589,-6.010163],[-35.667233,-6.009479],[-35.667677,-6.008777],[-35.667584,-6.00803]]}},{"type":"Feature","id":660,"properties":{"regime":"Intermitente","ordem":1,"largura":"<=10","dominialidade":"Estadual","fonte":"ANA (2021), MDE/Maxar(imagens do basemap/arcmap), Cartas topográficas"},"geometry":{"type":"LineString","coordinates":[[-35.651974,-6.04388],[-35.653086,-6.044572],[-35.655197,-6.044572],[-35.656121,-6.044104],[-35.657071,-6.044156],[-35.658201,-6.044364],[-35.659183,-6.044899],[-35.664061,-6.045583],[-35.66531,-6.045167],[-35.666559,-6.043918]]}},{"type":"Feature","id":661,"properties":{"regime":"Intermitente","ordem":1,"largura":"<=10","dominialidade":"Estadual","fonte":"ANA (2021), MDE/Maxar(imagens do basemap/arcmap), Cartas topográficas"},"geometry":{"type":"LineString","coordinates":[[-35.79553,-6.010106],[-35.794035,-6.009758],[-35.792589,-6.01005],[-35.791744,-6.009877],[-35.788443,-6.01074],[-35.786331,-6.012108],[-35.785171,-6.01187],[-35.782848,-6.012425],[-35.7814,-6.012528]]}},{"type":"Feature","id":662,"properties":{"regime":"Intermitente","ordem":1,"largura":"<=10","dominialidade":"Estadual","fonte":"ANA (2021), MDE/Maxar(imagens do basemap/arcmap), Cartas topográficas"},"geometry":{"type":"LineString","coordinates":[[-35.711559,-6.108118],[-35.711238,-6.108961],[-35.710864,-6.108855],[-35.710179,-6.109147],[-35.709494,-6.109954],[-35.709337,-6.110361],[-35.710145,-6.111289],[-35.710122,-6.111695],[-35.708637,-6.11498],[-35.708373,-6.116036],[-35.707238,-6.116943],[-35.706931,-6.117585],[-35.70691,-6.117949],[-35.707443,-6.118919],[-35.707374,-6.119834],[-35.707681,-6.120576],[-35.707352,-6.121989],[-35.706496,-6.122882],[-35.70711,-6.124616],[-35.706998,-6.124979],[-35.707213,-6.126523],[-35.707581,-6.127307],[-35.707581,-6.1278]]}},{"type":"Feature","id":663,"properties":{"regime":"Intermitente","ordem":1,"largura":"<=10","dominialidade":"Estadual","fonte":"ANA (2021), MDE/Maxar(imagens do basemap/arcmap), Cartas topográficas"},"geometry":{"type":"LineString","coordinates":[[-35.70313,-6.100388],[-35.702981,-6.100718],[-35.703493,-6.102824],[-35.704349,-6.10531],[-35.70423,-6.105667],[-35.704421,-6.107809],[-35.704373,-6.108094],[-35.70379,-6.10857],[-35.704002,-6.108788],[-35.703921,-6.10901]]}},{"type":"Feature","id":664,"properties":{"regime":"Intermitente","ordem":1,"largura":"<=10","dominialidade":"Estadual","fonte":"ANA (2021), MDE/Maxar(imagens do basemap/arcmap), Cartas topográficas"},"geometry":{"type":"LineString","coordinates":[[-35.699607,-6.080931],[-35.698557,-6.080962],[-35.698055,-6.081848],[-35.696156,-6.082504],[-35.695885,-6.083389],[-35.694728,-6.084517],[-35.692629,-6.085303],[-35.691016,-6.086216],[-35.689831,-6.086573],[-35.688104,-6.085702],[-35.686933,-6.08476],[-35.68542,-6.084218],[-35.682691,-6.084333]]}},{"type":"Feature","id":665,"properties":{"regime":"Intermitente","ordem":1,"largura":"<=10","dominialidade":"Estadual","fonte":"ANA (2021), MDE/Maxar(imagens do basemap/arcmap), Cartas topográficas"},"geometry":{"type":"LineString","coordinates":[[-35.688044,-6.047492],[-35.686375,-6.04813],[-35.684847,-6.04776],[-35.682182,-6.048461],[-35.679619,-6.050567],[-35.678505,-6.051983],[-35.678196,-6.053292],[-35.67852,-6.05405],[-35.678363,-6.055267],[-35.676602,-6.056766],[-35.676312,-6.057906],[-35.675174,-6.058955],[-35.674891,-6.059633],[-35.674246,-6.060204],[-35.673972,-6.060894],[-35.672509,-6.06187],[-35.672325,-6.063253],[-35.670748,-6.064666],[-35.670023,-6.066022],[-35.669868,-6.066831],[-35.669202,-6.067759],[-35.669225,-6.068116],[-35.66963,-6.068354],[-35.66957,-6.068734],[-35.670046,-6.069972],[-35.670391,-6.0704],[-35.670023,-6.072375],[-35.670855,-6.073767]]}},{"type":"Feature","id":666,"properties":{"regime":"Intermitente","ordem":1,"largura":"<=10","dominialidade":"Estadual","fonte":"ANA (2021), MDE/Maxar(imagens do basemap/arcmap), Cartas topográficas"},"geometry":{"type":"LineString","coordinates":[[-35.693817,-6.054739],[-35.693589,-6.055083],[-35.693652,-6.055374],[-35.693289,-6.055811],[-35.692932,-6.056054],[-35.692332,-6.056111],[-35.691219,-6.056882],[-35.686593,-6.057881],[-35.68488,-6.058652],[-35.684394,-6.059195],[-35.683595,-6.062821],[-35.682466,-6.064124],[-35.682396,-6.064677],[-35.682109,-6.065076],[-35.680583,-6.066233],[-35.680278,-6.066705],[-35.680234,-6.0676],[-35.679966,-6.067985],[-35.680069,-6.068489],[-35.679455,-6.06926],[-35.678684,-6.069774],[-35.678598,-6.069988],[-35.678812,-6.070274],[-35.678669,-6.070616],[-35.677741,-6.071373],[-35.677285,-6.072472],[-35.6754,-6.074243],[-35.675372,-6.075499],[-35.674244,-6.076941]]}},{"type":"Feature","id":667,"properties":{"regime":"Intermitente","ordem":1,"largura":"<=10","dominialidade":"Estadual","fonte":"ANA (2021), MDE/Maxar(imagens do basemap/arcmap), Cartas topográficas"},"geometry":{"type":"LineString","coordinates":[[-35.933856,-6.039741],[-35.932762,-6.039407],[-35.932324,-6.038627],[-35.932,-6.038427],[-35.930675,-6.038167],[-35.930001,-6.036771],[-35.928973,-6.035625]]}},{"type":"Feature","id":668,"properties":{"regime":"Intermitente","ordem":1,"largura":"<=10","dominialidade":"Estadual","fonte":"ANA (2021), MDE/Maxar(imagens do basemap/arcmap), Cartas topográficas"},"geometry":{"type":"LineString","coordinates":[[-35.930074,-6.040838],[-35.929275,-6.0408],[-35.928515,-6.040431],[-35.927474,-6.040259],[-35.926582,-6.039505]]}},{"type":"Feature","id":669,"properties":{"regime":"Intermitente","ordem":1,"largura":"<=10","dominialidade":"Estadual","fonte":"ANA (2021), MDE/Maxar(imagens do basemap/arcmap), Cartas topográficas"},"geometry":{"type":"LineString","coordinates":[[-35.922821,-6.031718],[-35.923368,-6.031959],[-35.92431,-6.031688],[-35.924496,-6.031217],[-35.924439,-6.03036],[-35.925924,-6.028704],[-35.926538,-6.028676],[-35.927223,-6.028947],[-35.92895,-6.028476],[-35.930078,-6.027719],[-35.930121,-6.026991],[-35.930364,-6.026705],[-35.932063,-6.026506],[-35.932834,-6.02582],[-35.933205,-6.02582],[-35.934433,-6.026477],[-35.935146,-6.026477]]}},{"type":"Feature","id":670,"properties":{"regime":"Intermitente","ordem":1,"largura":"<=10","dominialidade":"Estadual","fonte":"ANA (2021), MDE/Maxar(imagens do basemap/arcmap), Cartas topográficas"},"geometry":{"type":"LineString","coordinates":[[-35.811109,-6.121451],[-35.811353,-6.12166],[-35.812038,-6.121703],[-35.812281,-6.121989],[-35.812095,-6.122345],[-35.812495,-6.123687],[-35.812748,-6.124234],[-35.813137,-6.124416],[-35.813894,-6.125329],[-35.814179,-6.126286],[-35.813851,-6.127],[-35.813328,-6.12715],[-35.813123,-6.127514],[-35.813209,-6.128156],[-35.812735,-6.128586],[-35.812566,-6.129969],[-35.813837,-6.130812],[-35.814422,-6.131925],[-35.81555,-6.132939],[-35.816181,-6.133871],[-35.816464,-6.134652],[-35.816407,-6.135095],[-35.816821,-6.135994],[-35.817192,-6.13628],[-35.818205,-6.136237],[-35.818879,-6.135945],[-35.819462,-6.13608],[-35.820047,-6.136294],[-35.821189,-6.137279],[-35.823388,-6.137236],[-35.825301,-6.138692]]}},{"type":"Feature","id":671,"properties":{"regime":"Perene","ordem":1,"largura":"<=10","dominialidade":"Estadual","fonte":"ANA (2021), MDE/Maxar(imagens do basemap/arcmap), Cartas topográficas"},"geometry":{"type":"LineString","coordinates":[[-35.689028,-6.046638],[-35.688588,-6.047224],[-35.688044,-6.047492]]}},{"type":"Feature","id":672,"properties":{"nome":"Riacho dos Cavalos","regime":"Perene","ordem":2,"largura":"10 - 50","dominialidade":"Estadual","fonte":"ANA (2021), MDE/Maxar(imagens do basemap/arcmap), Cartas topográficas"},"geometry":{"type":"LineString","coordinates":[[-35.895287,-6.055896],[-35.895259,-6.055546],[-35.89448,-6.054704],[-35.894723,-6.052798],[-35.89443,-6.051963],[-35.892503,-6.050407],[-35.891425,-6.050307],[-35.889526,-6.049365],[-35.888534,-6.049257],[-35.888134,-6.048993],[-35.887121,-6.047601]]}},{"type":"Feature","id":673,"properties":{"regime":"Perene","ordem":1,"largura":"<=10","dominialidade":"Estadual","fonte":"ANA (2021), MDE/Maxar(imagens do basemap/arcmap), Cartas topográficas"},"geometry":{"type":"LineString","coordinates":[[-35.932634,-6.075167],[-35.930603,-6.074561]]}},{"type":"Feature","id":674,"properties":{"regime":"Intermitente","ordem":1,"largura":"<=10","dominialidade":"Estadual","fonte":"ANA (2021), MDE/Maxar(imagens do basemap/arcmap), Cartas topográficas"},"geometry":{"type":"LineString","coordinates":[[-35.97945,-6.055037],[-35.978584,-6.053991],[-35.978059,-6.051427]]}},{"type":"Feature","id":675,"properties":{"regime":"Perene","ordem":1,"largura":"<=10","dominialidade":"Estadual","fonte":"ANA (2021), MDE/Maxar(imagens do basemap/arcmap), Cartas topográficas"},"geometry":{"type":"LineString","coordinates":[[-35.982296,-6.057579],[-35.97945,-6.055037]]}},{"type":"Feature","id":676,"properties":{"regime":"Intermitente","ordem":1,"largura":"<=10","dominialidade":"Estadual","fonte":"ANA (2021), MDE/Maxar(imagens do basemap/arcmap), Cartas topográficas"},"geometry":{"type":"LineString","coordinates":[[-35.924052,-6.122894],[-35.92438,-6.122382],[-35.925056,-6.122141],[-35.926722,-6.122454],[-35.928886,-6.120896]]}},{"type":"Feature","id":677,"properties":{"regime":"Intermitente","ordem":1,"largura":"<=10","dominialidade":"Estadual","fonte":"ANA (2021), MDE/Maxar(imagens do basemap/arcmap), Cartas topográficas"},"geometry":{"type":"LineString","coordinates":[[-35.929528,-6.120506],[-35.930776,-6.119755]]}},{"type":"Feature","id":678,"properties":{"regime":"Perene","ordem":1,"largura":"<=10","dominialidade":"Estadual","fonte":"ANA (2021), MDE/Maxar(imagens do basemap/arcmap), Cartas topográficas"},"geometry":{"type":"LineString","coordinates":[[-35.928886,-6.120896],[-35.929528,-6.120506]]}},{"type":"Feature","id":679,"properties":{"nome":"Rio Potengi","regime":"Intermitente","ordem":4,"largura":"50 - 200","dominialidade":"Estadual","fonte":"ANA (2021), MDE/Maxar(imagens do basemap/arcmap), Cartas topográficas"},"geometry":{"type":"LineString","coordinates":[[-35.999739,-5.962664],[-35.995646,-5.960633],[-35.993938,-5.958935]]}},{"type":"Feature","id":680,"properties":{"regime":"Intermitente","ordem":1,"largura":"<=10","dominialidade":"Estadual","fonte":"ANA (2021), MDE/Maxar(imagens do basemap/arcmap), Cartas topográficas"},"geometry":{"type":"LineString","coordinates":[[-36.000505,-5.957464],[-36.000105,-5.957702],[-35.999344,-5.957731],[-35.998649,-5.957112],[-35.99785,-5.957045],[-35.997145,-5.957426],[-35.99665,-5.95675],[-35.995213,-5.956341],[-35.994985,-5.955237],[-35.994442,-5.954628],[-35.994109,-5.954628],[-35.993928,-5.954837],[-35.9934,-5.954418]]}},{"type":"Feature","id":681,"properties":{"nome":"Rio Potengi","regime":"Intermitente","ordem":4,"largura":"50 - 200","dominialidade":"Estadual","fonte":"ANA (2021), MDE/Maxar(imagens do basemap/arcmap), Cartas topográficas"},"geometry":{"type":"LineString","coordinates":[[-35.993938,-5.958935],[-35.993509,-5.958503],[-35.993403,-5.954021],[-35.990325,-5.951007],[-35.99029,-5.950429],[-35.98957,-5.949704],[-35.98861,-5.949347]]}},{"type":"Feature","id":682,"properties":{"nome":"Riacho do Boqueir_o","regime":"Intermitente","ordem":3,"largura":"10 - 50","dominialidade":"Estadual","fonte":"ANA (2021), MDE/Maxar(imagens do basemap/arcmap), Cartas topográficas"},"geometry":{"type":"LineString","coordinates":[[-36.000225,-5.906728],[-35.999286,-5.908227],[-35.997834,-5.909277]]}},{"type":"Feature","id":683,"properties":{"nome":"Riacho da Caivara","regime":"Intermitente","ordem":1,"largura":"<=10","dominialidade":"Estadual","fonte":"ANA (2021), MDE/Maxar(imagens do basemap/arcmap), Cartas topográficas"},"geometry":{"type":"LineString","coordinates":[[-35.978294,-5.865847],[-35.979494,-5.868474],[-35.979893,-5.86895],[-35.981297,-5.873544],[-35.981595,-5.875222],[-35.981321,-5.877448],[-35.982118,-5.878958],[-35.983129,-5.879909],[-35.983332,-5.880492],[-35.983498,-5.88117],[-35.983022,-5.882991],[-35.983463,-5.884775],[-35.9837,-5.88518],[-35.984099,-5.885403],[-35.98445,-5.885287],[-35.98489,-5.885489],[-35.9852,-5.885965],[-35.985045,-5.886524],[-35.985223,-5.887833],[-35.985901,-5.888368],[-35.986208,-5.889793],[-35.986627,-5.889475],[-35.986794,-5.889546],[-35.986806,-5.889915],[-35.987615,-5.890331],[-35.987936,-5.890914],[-35.987936,-5.891783],[-35.988182,-5.892244],[-35.990815,-5.894638],[-35.991981,-5.898564],[-35.992312,-5.898937],[-35.992802,-5.900623],[-35.993145,-5.900989]]}},{"type":"Feature","id":684,"properties":{"nome":"Riacho do Boqueir_o","regime":"Intermitente","ordem":3,"largura":"10 - 50","dominialidade":"Estadual","fonte":"ANA (2021), MDE/Maxar(imagens do basemap/arcmap), Cartas topográficas"},"geometry":{"type":"LineString","coordinates":[[-35.997834,-5.909277],[-35.997594,-5.91017],[-35.997137,-5.910599],[-35.996966,-5.911541],[-35.99738,-5.912726],[-35.998137,-5.91314],[-35.99925,-5.913411]]}},{"type":"Feature","id":685,"properties":{"nome":"Riacho do Boqueir_o","regime":"Intermitente","ordem":3,"largura":"10 - 50","dominialidade":"Estadual","fonte":"ANA (2021), MDE/Maxar(imagens do basemap/arcmap), Cartas topográficas"},"geometry":{"type":"LineString","coordinates":[[-36.000898,-5.918299],[-35.999384,-5.917642],[-35.998414,-5.91789],[-35.997833,-5.918375],[-35.997281,-5.919098],[-35.996484,-5.920965],[-35.996184,-5.923114],[-35.996642,-5.92423],[-35.995751,-5.925837],[-35.995443,-5.92612],[-35.994577,-5.926212],[-35.994027,-5.92652],[-35.993186,-5.927511],[-35.993236,-5.928111],[-35.993752,-5.928785],[-35.993844,-5.930776],[-35.992528,-5.931658],[-35.992203,-5.932266],[-35.99194,-5.933622],[-35.995291,-5.935545],[-35.995776,-5.935906],[-35.995766,-5.936125],[-35.995043,-5.936849],[-35.993825,-5.937534],[-35.993511,-5.938057],[-35.993596,-5.93978],[-35.993006,-5.941351],[-35.992547,-5.941308],[-35.992083,-5.941579],[-35.990751,-5.943045],[-35.989523,-5.94374],[-35.988809,-5.944758],[-35.989256,-5.945957],[-35.989573,-5.948204]]}},{"type":"Feature","id":686,"properties":{"regime":"Intermitente","ordem":1,"largura":"<=10","dominialidade":"Estadual","fonte":"ANA (2021), MDE/Maxar(imagens do basemap/arcmap), Cartas topográficas"},"geometry":{"type":"LineString","coordinates":[[-35.999989,-5.937861],[-35.999668,-5.937739],[-35.998447,-5.938023],[-35.998176,-5.93852],[-35.998342,-5.939134],[-35.998199,-5.939551],[-35.997486,-5.939884],[-35.997401,-5.940275],[-35.997676,-5.94075],[-35.997185,-5.942174],[-35.997301,-5.942599],[-35.996477,-5.943348],[-35.994786,-5.944181],[-35.994286,-5.945031],[-35.99392,-5.94513],[-35.993529,-5.945555],[-35.992804,-5.945397],[-35.992771,-5.946638],[-35.992421,-5.947746],[-35.991813,-5.947746],[-35.991512,-5.948191],[-35.990939,-5.947762],[-35.990239,-5.948162],[-35.989573,-5.948204]]}},{"type":"Feature","id":687,"properties":{"nome":"Riacho do Boqueir_o","regime":"Intermitente","ordem":3,"largura":"10 - 50","dominialidade":"Estadual","fonte":"ANA (2021), MDE/Maxar(imagens do basemap/arcmap), Cartas topográficas"},"geometry":{"type":"LineString","coordinates":[[-35.989573,-5.948204],[-35.98861,-5.949347]]}},{"type":"Feature","id":688,"properties":{"nome":"Rio Potengi","regime":"Intermitente","ordem":4,"largura":"50 - 200","dominialidade":"Estadual","fonte":"ANA (2021), MDE/Maxar(imagens do basemap/arcmap), Cartas topográficas"},"geometry":{"type":"LineString","coordinates":[[-35.976911,-5.953345],[-35.97565,-5.953548],[-35.973782,-5.954214],[-35.969817,-5.956161],[-35.967201,-5.957107],[-35.963125,-5.959209]]}},{"type":"Feature","id":689,"properties":{"nome":"Riacho do Formigueiro","regime":"Intermitente","ordem":3,"largura":"10 - 50","dominialidade":"Estadual","fonte":"ANA (2021), MDE/Maxar(imagens do basemap/arcmap), Cartas topográficas"},"geometry":{"type":"LineString","coordinates":[[-35.980516,-6.000118],[-35.980478,-5.999376],[-35.979878,-5.99831],[-35.979821,-5.997006],[-35.981725,-5.995073]]}},{"type":"Feature","id":690,"properties":{"nome":"Riacho do Ronca","regime":"Intermitente","ordem":1,"largura":"<=10","dominialidade":"Estadual","fonte":"ANA (2021), MDE/Maxar(imagens do basemap/arcmap), Cartas topográficas"},"geometry":{"type":"LineString","coordinates":[[-35.985009,-5.99992],[-35.984631,-5.998872],[-35.984304,-5.998633],[-35.98419,-5.998271],[-35.982686,-5.997139],[-35.981725,-5.995073]]}},{"type":"Feature","id":691,"properties":{"nome":"Riacho do Formigueiro","regime":"Intermitente","ordem":3,"largura":"10 - 50","dominialidade":"Estadual","fonte":"ANA (2021), MDE/Maxar(imagens do basemap/arcmap), Cartas topográficas"},"geometry":{"type":"LineString","coordinates":[[-35.981725,-5.995073],[-35.981477,-5.994274],[-35.981439,-5.992266],[-35.980821,-5.991095],[-35.98102,-5.990467],[-35.980887,-5.990153],[-35.980297,-5.989667],[-35.978279,-5.988658],[-35.977741,-5.988262],[-35.977651,-5.987983],[-35.978365,-5.986822],[-35.978289,-5.986393],[-35.977718,-5.985613],[-35.977413,-5.984528],[-35.977661,-5.983129],[-35.977543,-5.981806],[-35.977984,-5.980102],[-35.977109,-5.979188],[-35.976842,-5.978608],[-35.974334,-5.977337],[-35.972064,-5.975181],[-35.971598,-5.973516],[-35.970912,-5.972802],[-35.970789,-5.971069],[-35.97057,-5.970584],[-35.969666,-5.970346],[-35.967724,-5.970441],[-35.967753,-5.969785],[-35.969237,-5.969347],[-35.968885,-5.968271],[-35.965876,-5.968552],[-35.963955,-5.96651],[-35.963755,-5.965197],[-35.962575,-5.964378]]}},{"type":"Feature","id":692,"properties":{"regime":"Intermitente","ordem":1,"largura":"<=10","dominialidade":"Estadual","fonte":"ANA (2021), MDE/Maxar(imagens do basemap/arcmap), Cartas topográficas"},"geometry":{"type":"LineString","coordinates":[[-35.975522,-6.000234],[-35.975347,-5.999959],[-35.97523,-5.998552],[-35.974964,-5.998135],[-35.974364,-5.997802],[-35.973673,-5.996695],[-35.972482,-5.99542],[-35.972315,-5.993746],[-35.972433,-5.991758],[-35.971741,-5.990931],[-35.972174,-5.990149],[-35.972032,-5.989807],[-35.971357,-5.989466],[-35.971312,-5.989071],[-35.971649,-5.989116],[-35.971582,-5.988891],[-35.971033,-5.988308],[-35.969259,-5.987875],[-35.967868,-5.986709],[-35.967685,-5.986018],[-35.966469,-5.98526],[-35.966869,-5.983694],[-35.96666,-5.982645],[-35.966344,-5.98232],[-35.966685,-5.981346],[-35.966585,-5.97998],[-35.966819,-5.979439],[-35.967643,-5.978772],[-35.96751,-5.978473],[-35.965503,-5.97699],[-35.964778,-5.976849],[-35.963592,-5.977119],[-35.962913,-5.976807],[-35.962816,-5.975987],[-35.963404,-5.974808],[-35.963279,-5.97435],[-35.961722,-5.973676],[-35.961272,-5.973001],[-35.961513,-5.972075],[-35.96097,-5.969953],[-35.961647,-5.967271],[-35.96218,-5.966388],[-35.961947,-5.96613],[-35.962575,-5.964378]]}},{"type":"Feature","id":693,"properties":{"nome":"Riacho do Formigueiro","regime":"Intermitente","ordem":3,"largura":"10 - 50","dominialidade":"Estadual","fonte":"ANA (2021), MDE/Maxar(imagens do basemap/arcmap), Cartas topográficas"},"geometry":{"type":"LineString","coordinates":[[-35.962575,-5.964378],[-35.961966,-5.963874],[-35.96128,-5.961571],[-35.961376,-5.961085],[-35.962499,-5.961095],[-35.962661,-5.960895],[-35.962404,-5.960076],[-35.961433,-5.959553],[-35.961347,-5.958925],[-35.961765,-5.958533]]}},{"type":"Feature","id":694,"properties":{"nome":"Rio Potengi","regime":"Intermitente","ordem":4,"largura":"10 - 50","dominialidade":"Estadual","fonte":"ANA (2021), MDE/Maxar(imagens do basemap/arcmap), Cartas topográficas"},"geometry":{"type":"LineString","coordinates":[[-35.93803,-5.953845],[-35.936853,-5.953476],[-35.935663,-5.953536],[-35.934366,-5.953916],[-35.933462,-5.953821],[-35.932474,-5.953381],[-35.930107,-5.953012],[-35.924729,-5.952584],[-35.923957,-5.952729]]}},{"type":"Feature","id":695,"properties":{"nome":"Riacho Salgado","regime":"Intermitente","ordem":1,"largura":"<=10","dominialidade":"Estadual","fonte":"ANA (2021), MDE/Maxar(imagens do basemap/arcmap), Cartas topográficas"},"geometry":{"type":"LineString","coordinates":[[-35.966813,-5.887847],[-35.967804,-5.889821],[-35.968845,-5.891361],[-35.968778,-5.892103],[-35.96922,-5.892136],[-35.969345,-5.892411],[-35.970177,-5.89281],[-35.971676,-5.894559],[-35.971918,-5.895084],[-35.971935,-5.895767],[-35.972218,-5.895983],[-35.972276,-5.8964],[-35.973634,-5.897607],[-35.974375,-5.900172],[-35.974375,-5.900889],[-35.973925,-5.901147],[-35.973833,-5.901638],[-35.973333,-5.901718],[-35.973026,-5.902188],[-35.972451,-5.903978],[-35.97096,-5.905253],[-35.970919,-5.905552],[-35.972035,-5.907784],[-35.972209,-5.908634],[-35.97111,-5.909492],[-35.970461,-5.910341],[-35.969231,-5.911126],[-35.969028,-5.911216],[-35.968628,-5.910941],[-35.967621,-5.910774],[-35.966788,-5.911315],[-35.966172,-5.912207],[-35.966343,-5.913063],[-35.967609,-5.914328],[-35.968235,-5.915303],[-35.967261,-5.916815],[-35.967442,-5.917557],[-35.966538,-5.918062],[-35.966091,-5.918071],[-35.964815,-5.916292],[-35.964206,-5.915968],[-35.962847,-5.91664],[-35.961132,-5.917101],[-35.960465,-5.917531],[-35.959771,-5.918395],[-35.958195,-5.919082],[-35.956259,-5.918709],[-35.955421,-5.918861],[-35.954184,-5.918785],[-35.951595,-5.91829],[-35.950688,-5.918428],[-35.948547,-5.919894],[-35.947947,-5.920627]]}},{"type":"Feature","id":696,"properties":{"regime":"Intermitente","ordem":1,"largura":"<=10","dominialidade":"Estadual","fonte":"ANA (2021), MDE/Maxar(imagens do basemap/arcmap), Cartas topográficas"},"geometry":{"type":"LineString","coordinates":[[-35.93848,-5.899778],[-35.940295,-5.900819],[-35.940803,-5.901418],[-35.941409,-5.902895],[-35.942953,-5.905052],[-35.943926,-5.908072],[-35.944668,-5.908489],[-35.944979,-5.909098],[-35.944776,-5.90933],[-35.945429,-5.910464],[-35.945309,-5.910737],[-35.945467,-5.911146],[-35.946233,-5.911795],[-35.9469,-5.911762],[-35.948424,-5.912253],[-35.948532,-5.912628],[-35.948884,-5.912857],[-35.948874,-5.913238],[-35.948598,-5.913628],[-35.9476,-5.914463],[-35.948408,-5.915541],[-35.948941,-5.916797],[-35.94876,-5.917188],[-35.947285,-5.918025],[-35.948027,-5.91911],[-35.947578,-5.919965],[-35.947947,-5.920627]]}},{"type":"Feature","id":697,"properties":{"nome":"Riacho Salgado","regime":"Intermitente","ordem":2,"largura":"10 - 50","dominialidade":"Estadual","fonte":"ANA (2021), MDE/Maxar(imagens do basemap/arcmap), Cartas topográficas"},"geometry":{"type":"LineString","coordinates":[[-35.947947,-5.920627],[-35.947757,-5.921074],[-35.947005,-5.921455],[-35.94593,-5.92116],[-35.94572,-5.920722],[-35.944902,-5.920303],[-35.944521,-5.920389],[-35.943721,-5.920951],[-35.943017,-5.921855],[-35.943065,-5.92313],[-35.942455,-5.924472],[-35.942779,-5.925452],[-35.944341,-5.926809],[-35.945592,-5.927487],[-35.945687,-5.927887],[-35.945477,-5.928363],[-35.94425,-5.928886],[-35.944355,-5.929557],[-35.944164,-5.929809],[-35.942632,-5.928705],[-35.942279,-5.928715],[-35.942118,-5.929381],[-35.942489,-5.93058],[-35.94246,-5.931085],[-35.942165,-5.931323],[-35.941756,-5.931265],[-35.941166,-5.930571],[-35.940718,-5.92862],[-35.938748,-5.928543],[-35.938358,-5.928724],[-35.938158,-5.930799],[-35.936864,-5.931818],[-35.936854,-5.932864],[-35.93596,-5.93334],[-35.935484,-5.933283],[-35.934951,-5.932893],[-35.934608,-5.932246],[-35.934618,-5.930818],[-35.934332,-5.930761],[-35.933009,-5.930932],[-35.931477,-5.931427],[-35.930422,-5.93236],[-35.928526,-5.932027],[-35.927736,-5.932094],[-35.92726,-5.932208],[-35.926623,-5.932722],[-35.925709,-5.935434],[-35.926042,-5.935834],[-35.925899,-5.936557],[-35.926032,-5.937262],[-35.926347,-5.937167],[-35.927016,-5.937857],[-35.927156,-5.938775],[-35.92786,-5.939651],[-35.928631,-5.940231],[-35.931661,-5.941614],[-35.93219,-5.942563],[-35.931962,-5.943115],[-35.930696,-5.944115],[-35.929821,-5.943458],[-35.92924,-5.943579],[-35.928697,-5.944674]]}},{"type":"Feature","id":698,"properties":{"nome":"Rio Potengi","regime":"Intermitente","ordem":4,"largura":"10 - 50","dominialidade":"Estadual","fonte":"ANA (2021), MDE/Maxar(imagens do basemap/arcmap), Cartas topográficas"},"geometry":{"type":"LineString","coordinates":[[-35.923957,-5.952729],[-35.922968,-5.952334],[-35.922159,-5.952239],[-35.917103,-5.955047],[-35.915687,-5.956105],[-35.913772,-5.956915],[-35.913474,-5.956986],[-35.912497,-5.956671],[-35.911238,-5.95701],[-35.91064,-5.95737]]}},{"type":"Feature","id":699,"properties":{"regime":"Intermitente","ordem":1,"largura":"<=10","dominialidade":"Estadual","fonte":"ANA (2021), MDE/Maxar(imagens do basemap/arcmap), Cartas topográficas"},"geometry":{"type":"LineString","coordinates":[[-35.947146,-5.982322],[-35.946901,-5.981649],[-35.946558,-5.981315],[-35.942397,-5.978845],[-35.942222,-5.978399],[-35.941339,-5.978408],[-35.940106,-5.97795],[-35.939648,-5.976709],[-35.938424,-5.97491],[-35.937591,-5.97421],[-35.936225,-5.973536],[-35.934118,-5.972062],[-35.932461,-5.971179],[-35.931362,-5.970879],[-35.929946,-5.971146],[-35.92928,-5.970887],[-35.928522,-5.971262],[-35.926798,-5.970554],[-35.925224,-5.970521],[-35.924783,-5.969172],[-35.924108,-5.968614],[-35.924316,-5.968106],[-35.923823,-5.966811],[-35.922484,-5.965607],[-35.921934,-5.965532],[-35.917763,-5.966571],[-35.916113,-5.966579],[-35.915098,-5.966212],[-35.915139,-5.965534],[-35.914632,-5.96508],[-35.914632,-5.964755],[-35.915665,-5.962748],[-35.914157,-5.961357],[-35.913258,-5.960874],[-35.912192,-5.959975],[-35.911284,-5.958875],[-35.909955,-5.958174],[-35.909631,-5.957509]]}},{"type":"Feature","id":700,"properties":{"nome":"Rio Potengi","regime":"Intermitente","ordem":4,"largura":"10 - 50","dominialidade":"Estadual","fonte":"ANA (2021), MDE/Maxar(imagens do basemap/arcmap), Cartas topográficas"},"geometry":{"type":"LineString","coordinates":[[-35.91064,-5.95737],[-35.909631,-5.957509],[-35.907193,-5.958318],[-35.906663,-5.958646],[-35.906681,-5.95908],[-35.906395,-5.959389],[-35.905741,-5.959199],[-35.905396,-5.958854],[-35.903397,-5.959092],[-35.903159,-5.959389],[-35.902065,-5.959603],[-35.901254,-5.960079],[-35.900827,-5.960043],[-35.900756,-5.960329],[-35.900245,-5.960174],[-35.89984,-5.960555],[-35.89871,-5.960484],[-35.89802,-5.96109],[-35.894641,-5.962673],[-35.891988,-5.963553],[-35.890798,-5.963613],[-35.889715,-5.963983]]}},{"type":"Feature","id":701,"properties":{"regime":"Intermitente","ordem":2,"largura":"10 - 50","dominialidade":"Estadual","fonte":"ANA (2021), MDE/Maxar(imagens do basemap/arcmap), Cartas topográficas"},"geometry":{"type":"LineString","coordinates":[[-35.92827,-6.000167],[-35.927965,-5.999986],[-35.927337,-6.000053],[-35.925748,-5.998465],[-35.924815,-5.998132],[-35.924368,-5.996951],[-35.925082,-5.996561],[-35.925044,-5.995667],[-35.925415,-5.994877],[-35.925386,-5.994534],[-35.925224,-5.994134],[-35.924882,-5.993944],[-35.924615,-5.994068],[-35.923635,-5.993611],[-35.923407,-5.993287],[-35.923873,-5.992421],[-35.923778,-5.992173],[-35.922283,-5.991469],[-35.921046,-5.989404],[-35.919714,-5.9883],[-35.918405,-5.988088],[-35.917253,-5.988297],[-35.916397,-5.987222]]}},{"type":"Feature","id":702,"properties":{"regime":"Intermitente","ordem":1,"largura":"<=10","dominialidade":"Estadual","fonte":"ANA (2021), MDE/Maxar(imagens do basemap/arcmap), Cartas topográficas"},"geometry":{"type":"LineString","coordinates":[[-35.944809,-5.999848],[-35.944481,-5.999053],[-35.94309,-5.997962],[-35.942241,-5.996579],[-35.941691,-5.996962],[-35.941383,-5.996896],[-35.941313,-5.99655],[-35.940592,-5.996055],[-35.940242,-5.996163],[-35.939093,-5.995896],[-35.938801,-5.996063],[-35.93901,-5.996338],[-35.938493,-5.996754],[-35.937486,-5.997129],[-35.936275,-5.996304],[-35.935803,-5.996529],[-35.93557,-5.996446],[-35.933871,-5.994797],[-35.93323,-5.994697],[-35.932991,-5.994112],[-35.931548,-5.994697],[-35.931056,-5.994689],[-35.930757,-5.994406],[-35.931128,-5.992723],[-35.931065,-5.991832],[-35.930848,-5.991549],[-35.930457,-5.991258],[-35.928933,-5.990816],[-35.927975,-5.990142],[-35.926243,-5.99],[-35.925501,-5.990541],[-35.924835,-5.990508],[-35.922187,-5.988709],[-35.921746,-5.987835],[-35.921554,-5.986835],[-35.921104,-5.986586],[-35.920496,-5.986561],[-35.919788,-5.987169],[-35.916397,-5.987222]]}},{"type":"Feature","id":703,"properties":{"regime":"Intermitente","ordem":2,"largura":"10 - 50","dominialidade":"Estadual","fonte":"ANA (2021), MDE/Maxar(imagens do basemap/arcmap), Cartas topográficas"},"geometry":{"type":"LineString","coordinates":[[-35.916397,-5.987222],[-35.913713,-5.986299],[-35.912466,-5.986594],[-35.911847,-5.986251],[-35.9106,-5.985033],[-35.909668,-5.98449],[-35.907735,-5.984347],[-35.906108,-5.983519],[-35.904309,-5.983072],[-35.903766,-5.982663],[-35.903786,-5.982311],[-35.904823,-5.981406],[-35.905023,-5.980759],[-35.90488,-5.980493],[-35.904138,-5.980597],[-35.903862,-5.980436],[-35.903652,-5.980083],[-35.90369,-5.979313],[-35.902891,-5.978523],[-35.902263,-5.978304],[-35.901044,-5.978741],[-35.900093,-5.978018],[-35.899169,-5.978237],[-35.89876,-5.978075]]}},{"type":"Feature","id":704,"properties":{"regime":"Intermitente","ordem":3,"largura":"10 - 50","dominialidade":"Estadual","fonte":"ANA (2021), MDE/Maxar(imagens do basemap/arcmap), Cartas topográficas"},"geometry":{"type":"LineString","coordinates":[[-35.901689,-5.992972],[-35.902031,-5.992829],[-35.902164,-5.992506],[-35.902033,-5.990812],[-35.902581,-5.989469],[-35.902169,-5.988304],[-35.901351,-5.986866],[-35.90215,-5.985448],[-35.901981,-5.985163],[-35.899468,-5.984154],[-35.899849,-5.983135],[-35.899815,-5.982612],[-35.898407,-5.98225],[-35.897189,-5.980946],[-35.896684,-5.980842],[-35.896265,-5.981068],[-35.89539,-5.98108],[-35.894942,-5.98087],[-35.894504,-5.980004],[-35.893838,-5.979576],[-35.893157,-5.978519]]}},{"type":"Feature","id":705,"properties":{"regime":"Intermitente","ordem":3,"largura":"10 - 50","dominialidade":"Estadual","fonte":"ANA (2021), MDE/Maxar(imagens do basemap/arcmap), Cartas topográficas"},"geometry":{"type":"LineString","coordinates":[[-35.892859,-5.970937],[-35.890975,-5.971356],[-35.890099,-5.970994],[-35.889709,-5.970585],[-35.88956,-5.969018],[-35.889235,-5.968175],[-35.889282,-5.966833],[-35.889661,-5.965864],[-35.889496,-5.964071]]}},{"type":"Feature","id":706,"properties":{"nome":"Rio Potengi","regime":"Intermitente","ordem":4,"largura":"10 - 50","dominialidade":"Estadual","fonte":"ANA (2021), MDE/Maxar(imagens do basemap/arcmap), Cartas topográficas"},"geometry":{"type":"LineString","coordinates":[[-35.889715,-5.963983],[-35.889394,-5.964112],[-35.888835,-5.963827],[-35.888479,-5.963976],[-35.887824,-5.963839],[-35.886408,-5.964172],[-35.885587,-5.964029],[-35.884814,-5.963636],[-35.882815,-5.961733]]}},{"type":"Feature","id":707,"properties":{"regime":"Intermitente","ordem":2,"largura":"10 - 50","dominialidade":"Estadual","fonte":"ANA (2021), MDE/Maxar(imagens do basemap/arcmap), Cartas topográficas"},"geometry":{"type":"LineString","coordinates":[[-35.878854,-5.987072],[-35.879085,-5.986355],[-35.878645,-5.98593],[-35.878664,-5.985711],[-35.878957,-5.985587],[-35.878921,-5.985321],[-35.878718,-5.985143],[-35.878292,-5.983788],[-35.877436,-5.983503],[-35.876694,-5.983722],[-35.876503,-5.982161],[-35.87618,-5.981942],[-35.875961,-5.982418],[-35.875647,-5.982627],[-35.875313,-5.982541],[-35.874619,-5.981028],[-35.875342,-5.980819],[-35.875799,-5.98019],[-35.875837,-5.979914],[-35.875209,-5.978991],[-35.875247,-5.978392],[-35.876199,-5.978049],[-35.875932,-5.977449],[-35.87558,-5.977402],[-35.875161,-5.976517],[-35.875901,-5.974971],[-35.875808,-5.974641],[-35.875228,-5.974423],[-35.875047,-5.974137],[-35.875104,-5.973709],[-35.875523,-5.973414],[-35.875818,-5.972843],[-35.87695,-5.972291],[-35.877882,-5.971198],[-35.877445,-5.969749],[-35.878292,-5.969416],[-35.878749,-5.968978],[-35.879596,-5.969064],[-35.880396,-5.968693],[-35.880548,-5.967484],[-35.881348,-5.965605]]}},{"type":"Feature","id":708,"properties":{"nome":"Rio Potengi","regime":"Intermitente","ordem":4,"largura":"10 - 50","dominialidade":"Estadual","fonte":"ANA (2021), MDE/Maxar(imagens do basemap/arcmap), Cartas topográficas"},"geometry":{"type":"LineString","coordinates":[[-35.882815,-5.961733],[-35.882101,-5.960853],[-35.878531,-5.953858],[-35.877663,-5.952681],[-35.876972,-5.952103],[-35.875891,-5.951751],[-35.875082,-5.951239],[-35.874772,-5.950621],[-35.87438,-5.950395],[-35.873538,-5.949254],[-35.871929,-5.948122],[-35.871638,-5.947373]]}},{"type":"Feature","id":709,"properties":{"regime":"Intermitente","ordem":1,"largura":"<=10","dominialidade":"Estadual","fonte":"ANA (2021), MDE/Maxar(imagens do basemap/arcmap), Cartas topográficas"},"geometry":{"type":"LineString","coordinates":[[-35.858629,-5.969405],[-35.861865,-5.969671],[-35.862683,-5.969576],[-35.864571,-5.968945],[-35.8647,-5.968508],[-35.864532,-5.968107],[-35.865103,-5.967203],[-35.866947,-5.966311],[-35.867409,-5.965049],[-35.867737,-5.962728],[-35.868004,-5.962157],[-35.868261,-5.959892],[-35.869422,-5.95776],[-35.870783,-5.955932],[-35.871211,-5.952477],[-35.871877,-5.95065],[-35.871552,-5.949643],[-35.870145,-5.947357]]}},{"type":"Feature","id":710,"properties":{"nome":"Rio Potengi","regime":"Intermitente","ordem":4,"largura":"10 - 50","dominialidade":"Estadual","fonte":"ANA (2021), MDE/Maxar(imagens do basemap/arcmap), Cartas topográficas"},"geometry":{"type":"LineString","coordinates":[[-35.868586,-5.945994],[-35.866861,-5.945612],[-35.866099,-5.945172],[-35.864362,-5.943066],[-35.864386,-5.941531],[-35.864814,-5.940056],[-35.865112,-5.93939],[-35.865455,-5.939294],[-35.865697,-5.938739],[-35.865565,-5.936601]]}},{"type":"Feature","id":711,"properties":{"regime":"Intermitente","ordem":1,"largura":"<=10","dominialidade":"Estadual","fonte":"ANA (2021), MDE/Maxar(imagens do basemap/arcmap), Cartas topográficas"},"geometry":{"type":"LineString","coordinates":[[-35.909719,-5.929393],[-35.909224,-5.929764],[-35.908453,-5.929849],[-35.905586,-5.931086],[-35.905167,-5.931],[-35.904996,-5.930734],[-35.903968,-5.93022],[-35.903435,-5.930163],[-35.903276,-5.930318],[-35.902055,-5.929591],[-35.901296,-5.929882],[-35.900437,-5.929706],[-35.899256,-5.928611],[-35.898143,-5.929382],[-35.89642,-5.929258],[-35.895621,-5.929839],[-35.894916,-5.929944],[-35.894812,-5.930153],[-35.894496,-5.930009],[-35.894567,-5.929631],[-35.894421,-5.929515],[-35.893469,-5.929706],[-35.892413,-5.929315],[-35.892223,-5.929392],[-35.891815,-5.931172],[-35.888949,-5.930943],[-35.888094,-5.930794],[-35.886721,-5.930134],[-35.886293,-5.930277],[-35.885585,-5.929705],[-35.884694,-5.929439],[-35.884656,-5.929116],[-35.884171,-5.928849],[-35.883561,-5.929801],[-35.88261,-5.929135],[-35.880992,-5.929258],[-35.880915,-5.929477],[-35.881115,-5.929772],[-35.880725,-5.930315],[-35.879915,-5.93022],[-35.87965,-5.930372],[-35.878983,-5.930163],[-35.878698,-5.929735],[-35.877099,-5.929839],[-35.876747,-5.929715],[-35.876242,-5.929801],[-35.876023,-5.930296],[-35.874672,-5.930486],[-35.874548,-5.930648],[-35.874967,-5.931097],[-35.874262,-5.931771],[-35.874253,-5.932171],[-35.873882,-5.932837],[-35.873101,-5.932961],[-35.872663,-5.933494],[-35.871512,-5.933446],[-35.870531,-5.933874],[-35.870617,-5.935055],[-35.870198,-5.935483],[-35.869932,-5.935454],[-35.868466,-5.936273],[-35.867667,-5.936463],[-35.867314,-5.936216],[-35.866686,-5.936235],[-35.866402,-5.936723],[-35.865631,-5.93687]]}},{"type":"Feature","id":712,"properties":{"nome":"Rio Potengi","regime":"Intermitente","ordem":4,"largura":"10 - 50","dominialidade":"Estadual","fonte":"ANA (2021), MDE/Maxar(imagens do basemap/arcmap), Cartas topográficas"},"geometry":{"type":"LineString","coordinates":[[-35.865565,-5.936601],[-35.865457,-5.935904],[-35.864446,-5.934976],[-35.86341,-5.934845],[-35.862578,-5.934964],[-35.861721,-5.934702],[-35.858164,-5.935416],[-35.857795,-5.935012],[-35.856189,-5.934405],[-35.854238,-5.933298],[-35.85322,-5.932246],[-35.853145,-5.931721],[-35.851912,-5.930639],[-35.850092,-5.929907],[-35.849106,-5.928798],[-35.848947,-5.928232],[-35.849955,-5.925925],[-35.850138,-5.925925],[-35.85023,-5.925275],[-35.850863,-5.924876],[-35.851263,-5.924301],[-35.851821,-5.922302],[-35.852431,-5.92143],[-35.852512,-5.920528],[-35.852495,-5.919879],[-35.851188,-5.916306],[-35.85063,-5.91534],[-35.850272,-5.91524],[-35.849935,-5.91444]]}},{"type":"Feature","id":713,"properties":{"nome":"Riacho do Xinxo","regime":"Intermitente","ordem":1,"largura":"<=10","dominialidade":"Estadual","fonte":"ANA (2021), MDE/Maxar(imagens do basemap/arcmap), Cartas topográficas"},"geometry":{"type":"LineString","coordinates":[[-35.97559,-5.79785],[-35.976712,-5.800208],[-35.977402,-5.801101],[-35.977402,-5.804194],[-35.977973,-5.804789],[-35.978251,-5.807796],[-35.978668,-5.808914],[-35.978549,-5.81002],[-35.977871,-5.810841],[-35.977216,-5.811366],[-35.975931,-5.811853],[-35.976491,-5.813756],[-35.976348,-5.814042],[-35.975027,-5.81466],[-35.972779,-5.815065],[-35.972243,-5.814922],[-35.972041,-5.815279],[-35.968805,-5.8166],[-35.968829,-5.816838],[-35.969269,-5.817016],[-35.969769,-5.818265],[-35.969067,-5.818979],[-35.967913,-5.819086],[-35.967817,-5.819372],[-35.966568,-5.820383],[-35.965456,-5.820795],[-35.964874,-5.822263],[-35.965765,-5.822879],[-35.965366,-5.823519],[-35.964482,-5.823887],[-35.962775,-5.823845],[-35.961626,-5.82442],[-35.962034,-5.826335],[-35.962816,-5.826435],[-35.963266,-5.826144],[-35.963549,-5.826219],[-35.963816,-5.82701],[-35.963616,-5.827435],[-35.962467,-5.827235],[-35.961592,-5.828118],[-35.961143,-5.829192],[-35.960651,-5.82935],[-35.960493,-5.830191],[-35.960668,-5.831499],[-35.958877,-5.831499],[-35.95702,-5.832015],[-35.956695,-5.831999],[-35.956504,-5.831499],[-35.956129,-5.831274],[-35.955579,-5.831557],[-35.953964,-5.832706],[-35.954039,-5.832948],[-35.954713,-5.833164],[-35.954445,-5.835422]]}},{"type":"Feature","id":714,"properties":{"nome":"Riacho da Cabaceira","regime":"Intermitente","ordem":1,"largura":"<=10","dominialidade":"Estadual","fonte":"ANA (2021), MDE/Maxar(imagens do basemap/arcmap), Cartas topográficas"},"geometry":{"type":"LineString","coordinates":[[-35.995179,-5.820241],[-35.994373,-5.821139],[-35.993859,-5.822291],[-35.990775,-5.824711],[-35.988953,-5.826404],[-35.988592,-5.826299],[-35.986989,-5.826843],[-35.98468,-5.828212],[-35.983595,-5.82979],[-35.982926,-5.831903],[-35.981829,-5.832563],[-35.980289,-5.83298],[-35.979248,-5.833896],[-35.978889,-5.834629],[-35.978173,-5.834845],[-35.978207,-5.835178],[-35.97754,-5.835586],[-35.976966,-5.835428],[-35.975741,-5.835928],[-35.974809,-5.836469],[-35.974009,-5.837432],[-35.973112,-5.83793],[-35.970733,-5.837549],[-35.970181,-5.83772],[-35.96999,-5.838244],[-35.969771,-5.838263],[-35.969162,-5.837654],[-35.969057,-5.837044],[-35.968867,-5.836968],[-35.968467,-5.837301],[-35.967725,-5.837006],[-35.96645,-5.837473],[-35.965365,-5.838491],[-35.964813,-5.838358],[-35.964184,-5.838577],[-35.963957,-5.83807],[-35.963328,-5.838006],[-35.962861,-5.838206],[-35.961643,-5.837435],[-35.96171,-5.836235],[-35.960767,-5.835455],[-35.959159,-5.83635],[-35.958521,-5.836016],[-35.957541,-5.835931],[-35.956175,-5.836064],[-35.955675,-5.836292],[-35.955304,-5.835912],[-35.954514,-5.835931],[-35.954445,-5.835422]]}},{"type":"Feature","id":715,"properties":{"nome":"Riacho do Xinxo","regime":"Intermitente","ordem":2,"largura":"10 - 50","dominialidade":"Estadual","fonte":"ANA (2021), MDE/Maxar(imagens do basemap/arcmap), Cartas topográficas"},"geometry":{"type":"LineString","coordinates":[[-35.954445,-5.835422],[-35.954023,-5.835571],[-35.951786,-5.834815],[-35.951006,-5.835063],[-35.950727,-5.836855],[-35.950252,-5.837295],[-35.94895,-5.837318],[-35.947998,-5.838023],[-35.948065,-5.838413],[-35.949064,-5.838946],[-35.949226,-5.83927],[-35.947837,-5.840155],[-35.946972,-5.840063]]}},{"type":"Feature","id":716,"properties":{"regime":"Intermitente","ordem":1,"largura":"<=10","dominialidade":"Estadual","fonte":"ANA (2021), MDE/Maxar(imagens do basemap/arcmap), Cartas topográficas"},"geometry":{"type":"LineString","coordinates":[[-35.928616,-5.81203],[-35.929433,-5.812558],[-35.929681,-5.812938],[-35.929995,-5.812891],[-35.93068,-5.813233],[-35.931917,-5.812967],[-35.934402,-5.814785],[-35.935639,-5.817726],[-35.935982,-5.819296],[-35.936016,-5.821177],[-35.936695,-5.82357],[-35.936772,-5.824807],[-35.936629,-5.825083],[-35.935963,-5.825892],[-35.935163,-5.826225],[-35.935087,-5.826463],[-35.93601,-5.826796],[-35.935468,-5.82712],[-35.935421,-5.827908],[-35.938693,-5.830594],[-35.939443,-5.830868],[-35.939494,-5.831717],[-35.940008,-5.83244],[-35.940945,-5.832884],[-35.94076,-5.833383],[-35.940807,-5.833982],[-35.941178,-5.834296],[-35.942454,-5.834115],[-35.943948,-5.834496],[-35.944519,-5.8354],[-35.944357,-5.836152],[-35.944548,-5.836447],[-35.944976,-5.836504],[-35.945695,-5.835794],[-35.945919,-5.835927],[-35.946136,-5.836477],[-35.946013,-5.836924],[-35.946661,-5.838259],[-35.946995,-5.839961]]}},{"type":"Feature","id":717,"properties":{"nome":"Riacho do Xinxo","regime":"Intermitente","ordem":2,"largura":"10 - 50","dominialidade":"Estadual","fonte":"ANA (2021), MDE/Maxar(imagens do basemap/arcmap), Cartas topográficas"},"geometry":{"type":"LineString","coordinates":[[-35.946995,-5.839961],[-35.946661,-5.841033],[-35.946667,-5.841986],[-35.945928,-5.843323],[-35.946452,-5.844189],[-35.948409,-5.844639],[-35.948626,-5.845405],[-35.946561,-5.845905],[-35.946427,-5.846288],[-35.94721,-5.846479],[-35.947477,-5.846946],[-35.948568,-5.847612],[-35.948774,-5.847919],[-35.948268,-5.848495],[-35.948434,-5.849852],[-35.948843,-5.850568],[-35.949909,-5.850885],[-35.949869,-5.852473]]}},{"type":"Feature","id":718,"properties":{"nome":"Riacho da Cauv","regime":"Intermitente","ordem":2,"largura":"10 - 50","dominialidade":"Estadual","fonte":"ANA (2021), MDE/Maxar(imagens do basemap/arcmap), Cartas topográficas"},"geometry":{"type":"LineString","coordinates":[[-35.984363,-5.856376],[-35.982522,-5.855876],[-35.982031,-5.856026],[-35.981448,-5.857075],[-35.981423,-5.857467],[-35.980724,-5.857725],[-35.980732,-5.858216],[-35.980174,-5.858974],[-35.980495,-5.859478],[-35.980493,-5.859821],[-35.979486,-5.85964],[-35.978906,-5.860401],[-35.976717,-5.86142],[-35.975946,-5.861591],[-35.974832,-5.861258],[-35.974232,-5.861315],[-35.973328,-5.862153],[-35.972928,-5.861715],[-35.973147,-5.860392],[-35.972919,-5.858755],[-35.972595,-5.858536],[-35.972338,-5.858917],[-35.971196,-5.859278],[-35.970006,-5.859231],[-35.970283,-5.860125],[-35.969816,-5.860316],[-35.968341,-5.860696],[-35.966114,-5.860392],[-35.964648,-5.860782],[-35.963848,-5.861391],[-35.963696,-5.861306],[-35.963544,-5.85983],[-35.963192,-5.859526],[-35.961593,-5.859545]]}},{"type":"Feature","id":719,"properties":{"nome":"Riacho do Xinxo","regime":"Intermitente","ordem":3,"largura":"10 - 50","dominialidade":"Estadual","fonte":"ANA (2021), MDE/Maxar(imagens do basemap/arcmap), Cartas topográficas"},"geometry":{"type":"LineString","coordinates":[[-35.937563,-5.861723],[-35.937791,-5.862677],[-35.939007,-5.864326],[-35.940632,-5.864812],[-35.941056,-5.864834],[-35.941739,-5.864501],[-35.941964,-5.864618],[-35.942072,-5.866958],[-35.940566,-5.871075],[-35.939718,-5.872531],[-35.941193,-5.873843],[-35.941279,-5.875444],[-35.942031,-5.876767],[-35.942174,-5.878232],[-35.941358,-5.878817],[-35.940617,-5.878667],[-35.93776,-5.87666],[-35.936744,-5.876468],[-35.936494,-5.876968],[-35.936836,-5.877992],[-35.935688,-5.879218],[-35.934108,-5.880132],[-35.93307,-5.880046],[-35.931414,-5.880513],[-35.929682,-5.882074],[-35.928759,-5.883844],[-35.927887,-5.884591],[-35.927295,-5.885807],[-35.927287,-5.886523],[-35.92807,-5.887406],[-35.928553,-5.889371],[-35.928495,-5.890404],[-35.927612,-5.89067],[-35.926254,-5.891612],[-35.925538,-5.892586],[-35.925963,-5.896867],[-35.92563,-5.898016],[-35.924938,-5.898974],[-35.923997,-5.899273],[-35.922698,-5.897849],[-35.921974,-5.897724],[-35.9198,-5.896683],[-35.916244,-5.896075],[-35.916011,-5.895867],[-35.916769,-5.893236],[-35.916494,-5.892603],[-35.915644,-5.892436],[-35.913229,-5.893619],[-35.911763,-5.893927],[-35.910922,-5.894959],[-35.910781,-5.895467],[-35.911455,-5.898441],[-35.912213,-5.900398],[-35.913329,-5.902413],[-35.912771,-5.902796],[-35.91198,-5.902721],[-35.909023,-5.901439],[-35.906134,-5.900748],[-35.905784,-5.900464],[-35.905617,-5.899607],[-35.905909,-5.897774],[-35.905869,-5.896715],[-35.903485,-5.895801],[-35.903002,-5.895151],[-35.902461,-5.894984],[-35.901795,-5.895268],[-35.901528,-5.895634],[-35.90147,-5.896134],[-35.90187,-5.898141],[-35.901636,-5.898774],[-35.899098,-5.90057],[-35.898072,-5.900664],[-35.897472,-5.89934],[-35.896556,-5.898257],[-35.896023,-5.898207],[-35.895257,-5.898441],[-35.895115,-5.899115],[-35.896165,-5.900081],[-35.896756,-5.901106],[-35.896465,-5.901664],[-35.895224,-5.902047],[-35.895182,-5.902895],[-35.894674,-5.903537],[-35.893875,-5.903629],[-35.892542,-5.902463],[-35.891917,-5.902205],[-35.891876,-5.901972],[-35.891145,-5.90182],[-35.890435,-5.902392],[-35.890252,-5.903029],[-35.890377,-5.903471],[-35.890983,-5.904051],[-35.892459,-5.90467],[-35.892975,-5.905203],[-35.893105,-5.906263]]}},{"type":"Feature","id":720,"properties":{"regime":"Intermitente","ordem":1,"largura":"<=10","dominialidade":"Estadual","fonte":"ANA (2021), MDE/Maxar(imagens do basemap/arcmap), Cartas topográficas"},"geometry":{"type":"LineString","coordinates":[[-35.930272,-5.913083],[-35.929737,-5.91338],[-35.929475,-5.913285],[-35.928083,-5.914035],[-35.927833,-5.914653],[-35.926727,-5.915189],[-35.926204,-5.915831],[-35.924693,-5.916854],[-35.923058,-5.917523],[-35.921735,-5.917704],[-35.921362,-5.918113],[-35.920669,-5.918389],[-35.920164,-5.918199],[-35.919175,-5.91858],[-35.918689,-5.918551],[-35.91729,-5.917371],[-35.916386,-5.917199],[-35.915586,-5.917447],[-35.914587,-5.918456],[-35.913864,-5.918513],[-35.912322,-5.917989],[-35.91154,-5.918069],[-35.910323,-5.917761],[-35.909825,-5.918023],[-35.908523,-5.91778],[-35.906287,-5.916628],[-35.905631,-5.915924],[-35.905107,-5.914772],[-35.904612,-5.914258],[-35.903775,-5.91384],[-35.903641,-5.914087],[-35.902052,-5.914106],[-35.901462,-5.913526],[-35.899816,-5.914003],[-35.899069,-5.913785],[-35.898412,-5.913419],[-35.897636,-5.911917],[-35.89677,-5.911279],[-35.895256,-5.910718]]}},{"type":"Feature","id":721,"properties":{"nome":"Riacho do Xinxo","regime":"Intermitente","ordem":3,"largura":"10 - 50","dominialidade":"Estadual","fonte":"ANA (2021), MDE/Maxar(imagens do basemap/arcmap), Cartas topográficas"},"geometry":{"type":"LineString","coordinates":[[-35.891211,-5.907072],[-35.890235,-5.907846],[-35.889679,-5.908681],[-35.888756,-5.908234],[-35.888261,-5.908319],[-35.887975,-5.908167],[-35.887737,-5.908234],[-35.887404,-5.908986],[-35.886993,-5.909303],[-35.886425,-5.909291],[-35.886205,-5.909147],[-35.886252,-5.908938],[-35.886587,-5.908897],[-35.886566,-5.908472],[-35.884682,-5.907368],[-35.882464,-5.906787],[-35.881484,-5.906187],[-35.881008,-5.906425],[-35.880694,-5.906254],[-35.87938,-5.906749],[-35.874583,-5.90456],[-35.873765,-5.90397],[-35.873746,-5.903189],[-35.872195,-5.901695]]}},{"type":"Feature","id":722,"properties":{"nome":"Riacho da On_a","regime":"Intermitente","ordem":2,"largura":"10 - 50","dominialidade":"Estadual","fonte":"ANA (2021), MDE/Maxar(imagens do basemap/arcmap), Cartas topográficas"},"geometry":{"type":"LineString","coordinates":[[-35.918455,-5.859502],[-35.918225,-5.861572],[-35.917737,-5.862892],[-35.917369,-5.863344],[-35.917916,-5.8662],[-35.917842,-5.867001],[-35.917668,-5.867191],[-35.915358,-5.867568],[-35.915525,-5.868508],[-35.916254,-5.869597],[-35.91614,-5.869866],[-35.915751,-5.870055],[-35.914906,-5.870007],[-35.912693,-5.8704],[-35.909671,-5.870019],[-35.909157,-5.870223],[-35.908941,-5.870925],[-35.908227,-5.871354],[-35.907906,-5.87133],[-35.90737,-5.869331],[-35.906989,-5.868879],[-35.905919,-5.868843],[-35.905252,-5.869046],[-35.902278,-5.868522],[-35.899851,-5.868391],[-35.898519,-5.869295],[-35.89853,-5.869641],[-35.89884,-5.869795],[-35.899863,-5.869938],[-35.899958,-5.871056],[-35.899447,-5.872722],[-35.898633,-5.872638],[-35.895913,-5.873519],[-35.895842,-5.874269],[-35.896187,-5.875351],[-35.895996,-5.876446],[-35.894326,-5.876777]]}},{"type":"Feature","id":723,"properties":{"regime":"Intermitente","ordem":1,"largura":"<=10","dominialidade":"Estadual","fonte":"ANA (2021), MDE/Maxar(imagens do basemap/arcmap), Cartas topográficas"},"geometry":{"type":"LineString","coordinates":[[-35.890161,-5.861809],[-35.890292,-5.862794],[-35.891094,-5.864132],[-35.892205,-5.864846],[-35.892541,-5.865873],[-35.893875,-5.866625],[-35.894075,-5.867225],[-35.893609,-5.867596],[-35.893171,-5.867444],[-35.892533,-5.869319],[-35.892502,-5.87042]]}},{"type":"Feature","id":724,"properties":{"nome":"Riacho da On_a","regime":"Intermitente","ordem":3,"largura":"10 - 50","dominialidade":"Estadual","fonte":"ANA (2021), MDE/Maxar(imagens do basemap/arcmap), Cartas topográficas"},"geometry":{"type":"LineString","coordinates":[[-35.882522,-5.886486],[-35.882725,-5.887566],[-35.881654,-5.888387],[-35.880048,-5.890374],[-35.879227,-5.890671],[-35.878704,-5.891468],[-35.879037,-5.892729],[-35.877228,-5.894514],[-35.876669,-5.895442],[-35.875813,-5.895834],[-35.875587,-5.896156],[-35.875709,-5.896844],[-35.875087,-5.897238],[-35.874992,-5.89844],[-35.874551,-5.898654],[-35.874706,-5.899606],[-35.873623,-5.900379],[-35.87304,-5.900491],[-35.872208,-5.900213],[-35.871994,-5.90032],[-35.871328,-5.901324]]}},{"type":"Feature","id":725,"properties":{"nome":"Riacho do Xinxo","regime":"Intermitente","ordem":4,"largura":"10 - 50","dominialidade":"Estadual","fonte":"ANA (2021), MDE/Maxar(imagens do basemap/arcmap), Cartas topográficas"},"geometry":{"type":"LineString","coordinates":[[-35.864888,-5.908163],[-35.863467,-5.909328],[-35.862943,-5.910765],[-35.862258,-5.911375],[-35.86122,-5.911384],[-35.860916,-5.91186],[-35.860678,-5.911869],[-35.859993,-5.911146],[-35.85966,-5.911089],[-35.85902,-5.911444],[-35.85847,-5.911194],[-35.856795,-5.911336],[-35.855483,-5.911957],[-35.854368,-5.911822],[-35.852447,-5.912789],[-35.851436,-5.912222],[-35.850218,-5.912869],[-35.849656,-5.914466]]}},{"type":"Feature","id":726,"properties":{"nome":"Rio Potengi","regime":"Intermitente","ordem":5,"largura":"10 - 50","dominialidade":"Estadual","fonte":"ANA (2021), MDE/Maxar(imagens do basemap/arcmap), Cartas topográficas"},"geometry":{"type":"LineString","coordinates":[[-35.849935,-5.91444],[-35.845583,-5.91469],[-35.844583,-5.915082],[-35.84218,-5.914666],[-35.84105,-5.914273],[-35.839027,-5.913191],[-35.835601,-5.910668],[-35.835506,-5.910038],[-35.835078,-5.909717],[-35.834447,-5.908527],[-35.833638,-5.90811],[-35.831627,-5.907742],[-35.828939,-5.908563],[-35.825119,-5.911228],[-35.823889,-5.911294],[-35.823323,-5.911097],[-35.823031,-5.910782],[-35.822383,-5.910585],[-35.821738,-5.909943],[-35.821396,-5.909143],[-35.821548,-5.90821],[-35.820863,-5.906973],[-35.820463,-5.905393],[-35.820577,-5.904194],[-35.820901,-5.903528],[-35.820558,-5.902576],[-35.819245,-5.901776],[-35.817741,-5.901167]]}},{"type":"Feature","id":727,"properties":{"regime":"Intermitente","ordem":1,"largura":"<=10","dominialidade":"Estadual","fonte":"ANA (2021), MDE/Maxar(imagens do basemap/arcmap), Cartas topográficas"},"geometry":{"type":"LineString","coordinates":[[-35.820761,-5.919155],[-35.820475,-5.918375],[-35.819848,-5.91807],[-35.818668,-5.918013],[-35.81843,-5.917547],[-35.817725,-5.91787],[-35.817135,-5.917689],[-35.816602,-5.917413],[-35.815926,-5.916652],[-35.814556,-5.915986],[-35.813585,-5.913854],[-35.813766,-5.913197],[-35.813614,-5.912635],[-35.813357,-5.912369],[-35.812919,-5.912398],[-35.812805,-5.91216],[-35.811862,-5.912036],[-35.811453,-5.911208],[-35.811453,-5.910475],[-35.810082,-5.909999],[-35.810297,-5.909252],[-35.809745,-5.908567],[-35.809078,-5.908148],[-35.808374,-5.908034],[-35.807461,-5.908799],[-35.806588,-5.908884],[-35.806349,-5.908603],[-35.805899,-5.908852],[-35.805937,-5.907462],[-35.80491,-5.906663],[-35.80435,-5.90668]]}},{"type":"Feature","id":728,"properties":{"nome":"Rio Potengi","regime":"Intermitente","ordem":5,"largura":"50 - 200","dominialidade":"Estadual","fonte":"ANA (2021), MDE/Maxar(imagens do basemap/arcmap), Cartas topográficas"},"geometry":{"type":"LineString","coordinates":[[-35.803357,-5.900205],[-35.797425,-5.89236]]}},{"type":"Feature","id":729,"properties":{"regime":"Intermitente","ordem":1,"largura":"<=10","dominialidade":"Estadual","fonte":"ANA (2021), MDE/Maxar(imagens do basemap/arcmap), Cartas topográficas"},"geometry":{"type":"LineString","coordinates":[[-35.873503,-5.861659],[-35.871193,-5.862235],[-35.869603,-5.862911],[-35.868509,-5.862939],[-35.867319,-5.863615],[-35.866834,-5.864276],[-35.866028,-5.864909],[-35.8634,-5.868298],[-35.86158,-5.870189],[-35.859902,-5.871248],[-35.858534,-5.871022],[-35.858106,-5.871522],[-35.857118,-5.875761],[-35.856752,-5.876202],[-35.854748,-5.876197],[-35.852671,-5.875819],[-35.852063,-5.876136],[-35.851745,-5.876651],[-35.849232,-5.877027],[-35.847366,-5.876885],[-35.846867,-5.876594],[-35.846134,-5.876852],[-35.845734,-5.876702],[-35.845634,-5.877277],[-35.844884,-5.877785],[-35.844585,-5.879492],[-35.843743,-5.880275],[-35.843052,-5.880525],[-35.842003,-5.881824],[-35.841453,-5.88199],[-35.841345,-5.882365],[-35.841062,-5.882398],[-35.840737,-5.88274],[-35.839646,-5.882615],[-35.838529,-5.882841],[-35.837797,-5.882698],[-35.837281,-5.881666],[-35.837056,-5.881616],[-35.836398,-5.882523],[-35.835515,-5.88254],[-35.834932,-5.882981],[-35.833666,-5.883273],[-35.83325,-5.88239],[-35.832409,-5.881491],[-35.831876,-5.881257],[-35.831584,-5.881782],[-35.830743,-5.88184],[-35.830144,-5.882798],[-35.829777,-5.88294],[-35.829253,-5.882848],[-35.828486,-5.883448],[-35.828212,-5.884072],[-35.82817,-5.885713],[-35.827828,-5.886421],[-35.827404,-5.886621],[-35.827379,-5.886912],[-35.827229,-5.887012],[-35.825796,-5.886679],[-35.82578,-5.887137],[-35.825197,-5.887595],[-35.825144,-5.88794],[-35.824081,-5.888336],[-35.82324,-5.887803],[-35.820283,-5.88837],[-35.819067,-5.887987],[-35.818402,-5.888073],[-35.817452,-5.887862],[-35.81691,-5.88752],[-35.816277,-5.887645],[-35.815711,-5.887054],[-35.814412,-5.886421],[-35.813703,-5.886226],[-35.81337,-5.886322],[-35.812723,-5.88581],[-35.811526,-5.885405],[-35.8113,-5.885136],[-35.810633,-5.885049],[-35.809931,-5.885322],[-35.808884,-5.884965],[-35.807861,-5.88493],[-35.806524,-5.885292],[-35.804848,-5.886737],[-35.803076,-5.889483]]}},{"type":"Feature","id":730,"properties":{"nome":"Rio Potengi","regime":"Intermitente","ordem":5,"largura":"50-200","dominialidade":"Estadual","fonte":"ANA (2021), MDE/Maxar(imagens do basemap/arcmap), Cartas topográficas"},"geometry":{"type":"LineString","coordinates":[[-35.797425,-5.89236],[-35.796739,-5.892134],[-35.795869,-5.89243],[-35.794071,-5.893852],[-35.791093,-5.899871],[-35.790011,-5.900685],[-35.788279,-5.901589],[-35.78726,-5.901524],[-35.78515,-5.899794],[-35.782682,-5.895044],[-35.781937,-5.894714],[-35.781141,-5.894625],[-35.777057,-5.891579],[-35.776153,-5.8875],[-35.775506,-5.886953],[-35.774231,-5.886972],[-35.773203,-5.887791],[-35.772365,-5.888952],[-35.77188,-5.890009],[-35.771394,-5.891874],[-35.770955,-5.892106],[-35.770428,-5.891823]]}},{"type":"Feature","id":731,"properties":{"regime":"Intermitente","ordem":1,"largura":"<=10","dominialidade":"Estadual","fonte":"ANA (2021), MDE/Maxar(imagens do basemap/arcmap), Cartas topográficas"},"geometry":{"type":"LineString","coordinates":[[-35.792135,-5.916286],[-35.79205,-5.916595],[-35.791392,-5.917062],[-35.791367,-5.917411],[-35.790318,-5.918977],[-35.789493,-5.919535],[-35.788794,-5.920484],[-35.787628,-5.921317],[-35.786831,-5.921526],[-35.786119,-5.919508],[-35.784539,-5.917733],[-35.783182,-5.916975],[-35.782599,-5.916276],[-35.780958,-5.915826],[-35.779884,-5.915276],[-35.779239,-5.913976],[-35.777968,-5.912903],[-35.77761,-5.911737],[-35.775595,-5.911112],[-35.773861,-5.909573],[-35.771637,-5.908226],[-35.771696,-5.90725],[-35.771434,-5.906536],[-35.769412,-5.905929],[-35.769471,-5.90512],[-35.768829,-5.904454],[-35.768745,-5.904002],[-35.768829,-5.903193],[-35.768567,-5.900813],[-35.768389,-5.900576],[-35.767294,-5.900314],[-35.765664,-5.898577],[-35.765236,-5.897708],[-35.762928,-5.896174],[-35.760798,-5.89584],[-35.760013,-5.896459],[-35.759013,-5.89822],[-35.758383,-5.898494],[-35.75699,-5.897724]]}},{"type":"Feature","id":732,"properties":{"nome":"Rio Potengi","regime":"Intermitente","ordem":5,"largura":"10 - 50","dominialidade":"Estadual","fonte":"ANA (2021), MDE/Maxar(imagens do basemap/arcmap), Cartas topográficas"},"geometry":{"type":"LineString","coordinates":[[-35.752544,-5.897576],[-35.753015,-5.895727],[-35.752847,-5.895306],[-35.752432,-5.89468],[-35.750131,-5.893316],[-35.749144,-5.893514],[-35.74857,-5.893211],[-35.742436,-5.893212],[-35.741511,-5.892768],[-35.738797,-5.890337],[-35.736551,-5.889338],[-35.736275,-5.888862],[-35.735798,-5.888614],[-35.734543,-5.888462],[-35.734143,-5.888614],[-35.733638,-5.888472],[-35.733012,-5.887974],[-35.732449,-5.887891],[-35.731801,-5.888243],[-35.731326,-5.888091],[-35.731002,-5.88771],[-35.730427,-5.887545],[-35.730069,-5.887786],[-35.728737,-5.887234],[-35.727528,-5.887091],[-35.726957,-5.886635],[-35.726138,-5.886844],[-35.725068,-5.886679],[-35.722959,-5.885359],[-35.722436,-5.884607],[-35.721303,-5.88415],[-35.721234,-5.883807],[-35.720485,-5.883094],[-35.719923,-5.882885],[-35.719314,-5.882142],[-35.718229,-5.881819],[-35.71761,-5.882114],[-35.716725,-5.881704],[-35.715954,-5.881666],[-35.715773,-5.881457],[-35.714479,-5.881733]]}},{"type":"Feature","id":733,"properties":{"regime":"Intermitente","ordem":1,"largura":"<=10","dominialidade":"Estadual","fonte":"ANA (2021), MDE/Maxar(imagens do basemap/arcmap), Cartas topográficas"},"geometry":{"type":"LineString","coordinates":[[-35.735742,-5.911308],[-35.73591,-5.910796],[-35.735609,-5.910384],[-35.735534,-5.909568],[-35.735154,-5.909306],[-35.735251,-5.90906],[-35.734893,-5.908551],[-35.734943,-5.908068],[-35.734377,-5.907254],[-35.734208,-5.906456],[-35.733865,-5.905952],[-35.732875,-5.905619],[-35.732294,-5.904895],[-35.731476,-5.90441],[-35.729829,-5.904115],[-35.729049,-5.903363],[-35.728744,-5.903268],[-35.727754,-5.903477],[-35.726879,-5.903163],[-35.725737,-5.903639],[-35.72311,-5.90264],[-35.720635,-5.903991],[-35.718056,-5.90401],[-35.717199,-5.905048],[-35.71678,-5.904848],[-35.716457,-5.904201],[-35.716057,-5.90402],[-35.714706,-5.904553],[-35.71264,-5.903592],[-35.712231,-5.903744],[-35.711603,-5.902859],[-35.710584,-5.902259],[-35.710072,-5.900595],[-35.709575,-5.900565],[-35.707548,-5.898519],[-35.706644,-5.898166],[-35.705987,-5.898176],[-35.705626,-5.899061],[-35.704274,-5.900965],[-35.703539,-5.900825]]}},{"type":"Feature","id":734,"properties":{"nome":"Rio Potengi","regime":"Intermitente","ordem":5,"largura":"50 - 200","dominialidade":"Estadual","fonte":"ANA (2021), MDE/Maxar(imagens do basemap/arcmap), Cartas topográficas"},"geometry":{"type":"LineString","coordinates":[[-35.703856,-5.901283],[-35.703177,-5.902006],[-35.70319,-5.90224],[-35.701862,-5.902643],[-35.697028,-5.902342],[-35.695422,-5.902062],[-35.694618,-5.901703],[-35.69365,-5.901187],[-35.692381,-5.900124],[-35.691851,-5.900045],[-35.690536,-5.898911],[-35.68843,-5.897927],[-35.686941,-5.898087],[-35.686255,-5.898473],[-35.685798,-5.898408],[-35.684271,-5.898922],[-35.681874,-5.897347],[-35.681889,-5.896931],[-35.681639,-5.896475],[-35.68044,-5.89559],[-35.679694,-5.894282],[-35.678717,-5.893915],[-35.67827,-5.892944],[-35.677727,-5.892335],[-35.67727,-5.892135],[-35.676941,-5.891393],[-35.676473,-5.891092],[-35.676014,-5.89125],[-35.675348,-5.891012],[-35.672879,-5.889471],[-35.672473,-5.889518],[-35.671801,-5.889112],[-35.670979,-5.888947],[-35.670379,-5.888395],[-35.669703,-5.88849],[-35.668631,-5.887865],[-35.667234,-5.887489],[-35.666681,-5.88753],[-35.664672,-5.88687],[-35.663755,-5.886832],[-35.663721,-5.886522]]}},{"type":"Feature","id":735,"properties":{"regime":"Intermitente","ordem":1,"largura":"<=10","dominialidade":"Estadual","fonte":"ANA (2021), MDE/Maxar(imagens do basemap/arcmap), Cartas topográficas"},"geometry":{"type":"LineString","coordinates":[[-35.884518,-5.814216],[-35.883102,-5.813541],[-35.881811,-5.812492],[-35.880495,-5.812051],[-35.880012,-5.812242],[-35.878988,-5.811959],[-35.878437,-5.812184],[-35.877622,-5.812184],[-35.875581,-5.812708],[-35.875173,-5.813067],[-35.874557,-5.813075],[-35.872259,-5.814449],[-35.872338,-5.814886],[-35.871109,-5.815457],[-35.869527,-5.817039],[-35.868661,-5.816981],[-35.86792,-5.817872],[-35.867137,-5.817822],[-35.866737,-5.818097],[-35.866495,-5.81803],[-35.866495,-5.818613],[-35.86615,-5.818996],[-35.865846,-5.818971],[-35.865696,-5.81843],[-35.86448,-5.818513],[-35.863064,-5.820287],[-35.863256,-5.820853],[-35.862764,-5.821736],[-35.862956,-5.822078],[-35.86273,-5.822899],[-35.861964,-5.823908],[-35.860841,-5.824576],[-35.860233,-5.825509],[-35.859994,-5.825462],[-35.858925,-5.826167],[-35.8585,-5.826233],[-35.857718,-5.82615],[-35.855552,-5.824484],[-35.854003,-5.82371],[-35.85392,-5.82336],[-35.852646,-5.822744],[-35.852279,-5.821911],[-35.851405,-5.821328],[-35.850097,-5.819438],[-35.849556,-5.819088],[-35.848948,-5.81833],[-35.848455,-5.818274],[-35.847982,-5.818546],[-35.846175,-5.817649],[-35.843815,-5.81718],[-35.842977,-5.817222],[-35.841894,-5.817589],[-35.841345,-5.816972],[-35.840821,-5.816728],[-35.839945,-5.816773],[-35.839529,-5.816464],[-35.839229,-5.816789],[-35.8391,-5.817532],[-35.838463,-5.817922],[-35.838238,-5.817864],[-35.837522,-5.818413],[-35.836398,-5.818205],[-35.835815,-5.817231],[-35.83554,-5.817164],[-35.835107,-5.816573],[-35.833909,-5.817221],[-35.833724,-5.81773],[-35.833524,-5.817697],[-35.832917,-5.818147],[-35.83243,-5.818029],[-35.831626,-5.818322],[-35.831209,-5.818022],[-35.830285,-5.818913],[-35.829593,-5.818414],[-35.829177,-5.818505],[-35.828961,-5.818197],[-35.827427,-5.818089]]}},{"type":"Feature","id":736,"properties":{"regime":"Intermitente","ordem":1,"largura":"<=10","dominialidade":"Estadual","fonte":"ANA (2021), MDE/Maxar(imagens do basemap/arcmap), Cartas topográficas"},"geometry":{"type":"LineString","coordinates":[[-35.848431,-5.800172],[-35.847365,-5.800553],[-35.847004,-5.800286],[-35.846604,-5.800315],[-35.846252,-5.8006],[-35.84612,-5.801166],[-35.83958,-5.804931],[-35.839332,-5.805616],[-35.83819,-5.807244],[-35.835963,-5.809595],[-35.835833,-5.811372],[-35.835436,-5.812925],[-35.833945,-5.814772],[-35.833393,-5.814982],[-35.83272,-5.814722],[-35.82989,-5.814877],[-35.829129,-5.815191],[-35.828187,-5.816095],[-35.828244,-5.816286],[-35.827625,-5.816628],[-35.82773,-5.816819],[-35.827444,-5.816971],[-35.827387,-5.817228],[-35.827427,-5.818089]]}},{"type":"Feature","id":737,"properties":{"regime":"Intermitente","ordem":2,"largura":"<=10","dominialidade":"Estadual","fonte":"ANA (2021), MDE/Maxar(imagens do basemap/arcmap), Cartas topográficas"},"geometry":{"type":"LineString","coordinates":[[-35.8216,-5.82781],[-35.821461,-5.828413],[-35.820328,-5.829299],[-35.820442,-5.829584],[-35.820785,-5.829565],[-35.820804,-5.829698],[-35.819968,-5.830707],[-35.819624,-5.830736],[-35.819909,-5.83125],[-35.819681,-5.831402],[-35.819747,-5.83243],[-35.819567,-5.832735],[-35.817933,-5.834708],[-35.817463,-5.834533],[-35.816721,-5.834733],[-35.816759,-5.835152],[-35.81654,-5.835409],[-35.815379,-5.83559],[-35.814522,-5.836113],[-35.813266,-5.837998],[-35.812828,-5.839521],[-35.810915,-5.84073],[-35.810686,-5.841424],[-35.809116,-5.842605],[-35.808869,-5.8431],[-35.808059,-5.84329],[-35.807603,-5.843709],[-35.80766,-5.844746],[-35.807412,-5.845193],[-35.807422,-5.845755],[-35.806917,-5.84625],[-35.806539,-5.847134]]}},{"type":"Feature","id":738,"properties":{"regime":"Intermitente","ordem":2,"largura":"10 - 50","dominialidade":"Estadual","fonte":"ANA (2021), MDE/Maxar(imagens do basemap/arcmap), Cartas topográficas"},"geometry":{"type":"LineString","coordinates":[[-35.853461,-5.838636],[-35.853052,-5.83876],[-35.852938,-5.839017],[-35.853404,-5.839654],[-35.853357,-5.840187],[-35.853594,-5.840519],[-35.853214,-5.84151],[-35.853319,-5.842443],[-35.852862,-5.842576],[-35.852376,-5.842243],[-35.851862,-5.842253],[-35.851605,-5.842738],[-35.850806,-5.842576],[-35.850016,-5.842767],[-35.849632,-5.842564],[-35.849064,-5.842671],[-35.848579,-5.842538],[-35.847844,-5.845648],[-35.846856,-5.846193],[-35.846417,-5.847209],[-35.845257,-5.847288],[-35.844781,-5.84764],[-35.844458,-5.847564],[-35.84362,-5.84843],[-35.843355,-5.849113],[-35.843411,-5.849534],[-35.842074,-5.849976],[-35.839879,-5.849086],[-35.839394,-5.849144],[-35.839032,-5.849515],[-35.838052,-5.849638],[-35.837259,-5.850162],[-35.836734,-5.850033],[-35.836424,-5.8496],[-35.835996,-5.849505],[-35.834511,-5.850238],[-35.834549,-5.850647],[-35.835335,-5.851673],[-35.835182,-5.851797],[-35.834116,-5.851606],[-35.833652,-5.852738],[-35.833012,-5.8535],[-35.832428,-5.853213]]}},{"type":"Feature","id":739,"properties":{"regime":"Intermitente","ordem":1,"largura":"<=10","dominialidade":"Estadual","fonte":"ANA (2021), MDE/Maxar(imagens do basemap/arcmap), Cartas topográficas"},"geometry":{"type":"LineString","coordinates":[[-35.87281,-5.857993],[-35.869029,-5.857445],[-35.868762,-5.857235],[-35.866992,-5.856935],[-35.862433,-5.855379],[-35.859121,-5.853533],[-35.858692,-5.852926],[-35.858198,-5.85261],[-35.857636,-5.852533],[-35.857144,-5.852866],[-35.853001,-5.852296],[-35.851327,-5.852453],[-35.849908,-5.85162],[-35.849317,-5.851477],[-35.84907,-5.85181],[-35.846947,-5.851686],[-35.8459,-5.851924],[-35.842921,-5.853447],[-35.841294,-5.853409],[-35.840504,-5.853761],[-35.839305,-5.853457],[-35.838515,-5.85362],[-35.836307,-5.854705],[-35.835012,-5.854315],[-35.834165,-5.854677],[-35.833299,-5.854468],[-35.832614,-5.853858],[-35.832428,-5.853213]]}},{"type":"Feature","id":740,"properties":{"regime":"Intermitente","ordem":2,"largura":"10 - 50","dominialidade":"Estadual","fonte":"ANA (2021), MDE/Maxar(imagens do basemap/arcmap), Cartas topográficas"},"geometry":{"type":"LineString","coordinates":[[-35.832428,-5.853213],[-35.830049,-5.852939],[-35.828648,-5.85376],[-35.828289,-5.854579],[-35.827737,-5.854785],[-35.827065,-5.854507],[-35.826539,-5.854617],[-35.824504,-5.854046],[-35.82181,-5.853956],[-35.819983,-5.85282],[-35.818496,-5.852499],[-35.818092,-5.852773],[-35.816533,-5.850893],[-35.815855,-5.850464],[-35.814392,-5.85075],[-35.814217,-5.849969],[-35.813421,-5.849553],[-35.812022,-5.849181],[-35.810335,-5.849156],[-35.809597,-5.848775],[-35.808895,-5.848704],[-35.8083,-5.848382],[-35.808229,-5.848026],[-35.808647,-5.847605],[-35.808455,-5.847359],[-35.807087,-5.847431],[-35.806539,-5.847134]]}},{"type":"Feature","id":741,"properties":{"regime":"Intermitente","ordem":3,"largura":"10 - 50","dominialidade":"Estadual","fonte":"ANA (2021), MDE/Maxar(imagens do basemap/arcmap), Cartas topográficas"},"geometry":{"type":"LineString","coordinates":[[-35.806539,-5.847134],[-35.806218,-5.847395],[-35.805171,-5.847395],[-35.80455,-5.847732],[-35.803982,-5.847621],[-35.802645,-5.848091],[-35.801245,-5.848716],[-35.79958,-5.849977],[-35.798487,-5.850505],[-35.797697,-5.851495],[-35.797593,-5.852018],[-35.797831,-5.852532],[-35.797528,-5.853242],[-35.797117,-5.853343],[-35.796308,-5.852989],[-35.795432,-5.853027],[-35.794852,-5.852846],[-35.79429,-5.852951],[-35.793795,-5.853503],[-35.793632,-5.853987],[-35.79271,-5.854607],[-35.791755,-5.85568],[-35.790959,-5.856147],[-35.790569,-5.856032],[-35.790178,-5.856385],[-35.789671,-5.857474],[-35.787618,-5.858821],[-35.785601,-5.859185],[-35.784648,-5.85885],[-35.784515,-5.85865],[-35.783011,-5.858612],[-35.782107,-5.859173],[-35.781831,-5.859792],[-35.781155,-5.860344],[-35.779661,-5.860144]]}},{"type":"Feature","id":742,"properties":{"regime":"Intermitente","ordem":1,"largura":"<=10","dominialidade":"Estadual","fonte":"ANA (2021), MDE/Maxar(imagens do basemap/arcmap), Cartas topográficas"},"geometry":{"type":"LineString","coordinates":[[-35.802252,-5.803067],[-35.800705,-5.80465],[-35.800408,-5.806075],[-35.800017,-5.806646],[-35.800036,-5.807132],[-35.799741,-5.807684],[-35.79895,-5.808171],[-35.797707,-5.809599],[-35.796624,-5.80992],[-35.796267,-5.810206],[-35.796052,-5.812298],[-35.795376,-5.813221],[-35.795329,-5.814287],[-35.794815,-5.814944],[-35.794358,-5.816571],[-35.793454,-5.818018],[-35.793159,-5.818894],[-35.793359,-5.819465],[-35.792654,-5.821968],[-35.793178,-5.823205],[-35.793081,-5.824304],[-35.792759,-5.824319],[-35.792216,-5.824766],[-35.791303,-5.826921],[-35.790332,-5.827431],[-35.789409,-5.827374],[-35.788857,-5.82785],[-35.787524,-5.828364],[-35.786392,-5.829582],[-35.786039,-5.829658],[-35.786087,-5.829915],[-35.785697,-5.830268],[-35.784945,-5.830448],[-35.782879,-5.832162],[-35.782441,-5.83218],[-35.781652,-5.832704],[-35.781081,-5.833818],[-35.781119,-5.834655],[-35.781642,-5.836083],[-35.7813,-5.837054],[-35.78149,-5.838177],[-35.781347,-5.838929],[-35.780747,-5.839348],[-35.78031,-5.840613],[-35.780938,-5.841499],[-35.781899,-5.842317],[-35.78149,-5.84344],[-35.781086,-5.84355],[-35.78051,-5.844316],[-35.78049,-5.844916],[-35.779891,-5.845515],[-35.779948,-5.846495],[-35.779596,-5.847019],[-35.779624,-5.847676],[-35.77931,-5.847885],[-35.779063,-5.84897],[-35.780024,-5.851292],[-35.780414,-5.853548],[-35.780719,-5.854414],[-35.781195,-5.855023],[-35.781747,-5.856756],[-35.781087,-5.858342],[-35.781033,-5.859059],[-35.780395,-5.86003],[-35.779661,-5.860144]]}},{"type":"Feature","id":743,"properties":{"regime":"Intermitente","ordem":3,"largura":"<=10","dominialidade":"Estadual","fonte":"ANA (2021), MDE/Maxar(imagens do basemap/arcmap), Cartas topográficas"},"geometry":{"type":"LineString","coordinates":[[-35.779661,-5.860144],[-35.777691,-5.859649],[-35.775283,-5.86043],[-35.773537,-5.863089],[-35.773122,-5.863352],[-35.771815,-5.863158],[-35.771009,-5.862752]]}},{"type":"Feature","id":744,"properties":{"regime":"Intermitente","ordem":1,"largura":"<=10","dominialidade":"Estadual","fonte":"ANA (2021), MDE/Maxar(imagens do basemap/arcmap), Cartas topográficas"},"geometry":{"type":"LineString","coordinates":[[-35.819081,-5.861212],[-35.817727,-5.861208],[-35.816013,-5.862274],[-35.815595,-5.862179],[-35.814072,-5.862407],[-35.813177,-5.861979],[-35.812701,-5.86214],[-35.81242,-5.861864],[-35.811702,-5.862455],[-35.810322,-5.863083],[-35.809874,-5.862892],[-35.809437,-5.863149],[-35.808827,-5.860456],[-35.808104,-5.860066],[-35.806743,-5.860189],[-35.805944,-5.861132],[-35.805496,-5.861236],[-35.804421,-5.860846],[-35.803831,-5.860998],[-35.803041,-5.861588],[-35.80187,-5.86294],[-35.801575,-5.862949],[-35.800357,-5.864577],[-35.799881,-5.865738],[-35.798881,-5.866481],[-35.798177,-5.866776],[-35.79772,-5.86668],[-35.79752,-5.867023],[-35.796778,-5.867042],[-35.796835,-5.867261],[-35.796464,-5.867385],[-35.795759,-5.867347],[-35.794475,-5.867994],[-35.791857,-5.86747],[-35.791372,-5.867156],[-35.790972,-5.867271],[-35.787879,-5.865072],[-35.786613,-5.864796],[-35.785794,-5.8651],[-35.784595,-5.864158],[-35.784043,-5.864225],[-35.783596,-5.863787],[-35.782006,-5.86413],[-35.781587,-5.864034],[-35.781121,-5.864634],[-35.780303,-5.864672],[-35.779655,-5.865148],[-35.77898,-5.864967],[-35.778589,-5.865072],[-35.778418,-5.865377],[-35.777467,-5.865734],[-35.777342,-5.866033],[-35.7767,-5.865825],[-35.776181,-5.86629],[-35.775667,-5.866395],[-35.773621,-5.865338],[-35.772574,-5.865348],[-35.77127,-5.863911],[-35.770602,-5.862731]]}},{"type":"Feature","id":745,"properties":{"nome":"Riacho Pedra Branca","regime":"Intermitente","ordem":3,"largura":"10 - 50","dominialidade":"Estadual","fonte":"ANA (2021), MDE/Maxar(imagens do basemap/arcmap), Cartas topográficas"},"geometry":{"type":"LineString","coordinates":[[-35.754201,-5.86497],[-35.752964,-5.864418],[-35.752611,-5.864627],[-35.752735,-5.865008],[-35.752564,-5.866388],[-35.751279,-5.86634],[-35.749651,-5.86872],[-35.750099,-5.870204],[-35.749642,-5.870958],[-35.749309,-5.871109],[-35.7487,-5.870923],[-35.748366,-5.87148],[-35.746596,-5.870005],[-35.744769,-5.871185],[-35.742475,-5.871013],[-35.741885,-5.871185],[-35.740429,-5.873031],[-35.74,-5.873136],[-35.739762,-5.872984],[-35.73981,-5.872689],[-35.739391,-5.871765],[-35.738628,-5.871595],[-35.737449,-5.871642],[-35.736526,-5.871299],[-35.735679,-5.870718],[-35.734689,-5.869405],[-35.733623,-5.869129],[-35.732719,-5.869614],[-35.731396,-5.869462],[-35.727989,-5.867777],[-35.727541,-5.86813],[-35.726987,-5.868161],[-35.726761,-5.86793],[-35.726612,-5.8681],[-35.726274,-5.868045],[-35.726133,-5.867768],[-35.725704,-5.867597],[-35.725876,-5.867501],[-35.725628,-5.867254],[-35.724982,-5.867186],[-35.724753,-5.866987],[-35.72361,-5.867083],[-35.722935,-5.867692],[-35.722735,-5.868158],[-35.721821,-5.868034],[-35.721212,-5.868748],[-35.72066,-5.869081],[-35.719727,-5.869158],[-35.719337,-5.86831],[-35.719613,-5.867035],[-35.719584,-5.865769],[-35.71909,-5.864941],[-35.718994,-5.864418],[-35.719175,-5.864075],[-35.718261,-5.863447],[-35.717909,-5.86259],[-35.718747,-5.862076],[-35.717928,-5.861096],[-35.71769,-5.861077],[-35.717576,-5.860315],[-35.717205,-5.860192],[-35.715749,-5.860545],[-35.714787,-5.860353],[-35.713997,-5.86042],[-35.713798,-5.860848],[-35.713855,-5.861343],[-35.714254,-5.862114],[-35.713522,-5.862438],[-35.712884,-5.862381],[-35.712161,-5.861458],[-35.711313,-5.861163],[-35.710714,-5.861334],[-35.710314,-5.861029],[-35.709924,-5.861172],[-35.708182,-5.860772]]}},{"type":"Feature","id":746,"properties":{"regime":"Intermitente","ordem":1,"largura":"<=10","dominialidade":"Estadual","fonte":"ANA (2021), MDE/Maxar(imagens do basemap/arcmap), Cartas topográficas"},"geometry":{"type":"LineString","coordinates":[[-35.744143,-5.850915],[-35.744038,-5.850135],[-35.743429,-5.849335],[-35.743125,-5.84844],[-35.742458,-5.847825],[-35.741668,-5.847698],[-35.741333,-5.847443],[-35.740935,-5.847527],[-35.740136,-5.847279],[-35.739812,-5.847422],[-35.738565,-5.847041],[-35.73768,-5.84706],[-35.736719,-5.847984],[-35.73625,-5.847988],[-35.734328,-5.849016],[-35.733481,-5.849359],[-35.732871,-5.849188],[-35.731615,-5.84953],[-35.730711,-5.850016],[-35.730406,-5.850672],[-35.730026,-5.850606],[-35.729673,-5.850834],[-35.729588,-5.85152],[-35.729331,-5.851824],[-35.728255,-5.852376],[-35.727979,-5.852719],[-35.727389,-5.854185],[-35.727484,-5.854813],[-35.727298,-5.855225],[-35.726725,-5.85533],[-35.725931,-5.855086],[-35.723829,-5.853928],[-35.723306,-5.853261],[-35.722973,-5.853347],[-35.722773,-5.853138],[-35.722364,-5.853147],[-35.722259,-5.853328],[-35.721831,-5.852976],[-35.721479,-5.853404],[-35.721193,-5.853109],[-35.72085,-5.853547],[-35.720327,-5.853395],[-35.719023,-5.853813],[-35.718385,-5.853461],[-35.716711,-5.853426],[-35.716187,-5.853661],[-35.715321,-5.853128],[-35.714949,-5.854756],[-35.714055,-5.856821],[-35.7136,-5.856961],[-35.713093,-5.856716],[-35.712595,-5.856892],[-35.712303,-5.856669],[-35.711304,-5.857563],[-35.710295,-5.857801],[-35.709058,-5.859086],[-35.708572,-5.860381],[-35.708182,-5.860772]]}},{"type":"Feature","id":747,"properties":{"nome":"Riacho Pedra Branca","regime":"Intermitente","ordem":3,"largura":"10 - 50","dominialidade":"Estadual","fonte":"ANA (2021), MDE/Maxar(imagens do basemap/arcmap), Cartas topográficas"},"geometry":{"type":"LineString","coordinates":[[-35.708182,-5.860772],[-35.707916,-5.861058],[-35.707877,-5.861534],[-35.707053,-5.861896],[-35.706212,-5.861496],[-35.704185,-5.861239],[-35.703956,-5.86151],[-35.704461,-5.862286],[-35.704527,-5.862704],[-35.704261,-5.863104],[-35.703966,-5.863104],[-35.703661,-5.863494],[-35.703109,-5.863523],[-35.7027,-5.864075],[-35.702157,-5.864389],[-35.701862,-5.864456],[-35.700987,-5.863828],[-35.700473,-5.863828],[-35.700159,-5.864703],[-35.699283,-5.86496],[-35.69854,-5.864865],[-35.698207,-5.864998],[-35.697379,-5.866721],[-35.697332,-5.867435],[-35.696894,-5.868044],[-35.695875,-5.86832],[-35.695432,-5.868045],[-35.693772,-5.867673],[-35.693391,-5.867768],[-35.69322,-5.868215],[-35.692601,-5.868805],[-35.692544,-5.869262],[-35.692811,-5.870224],[-35.692278,-5.870633],[-35.691938,-5.870663],[-35.691707,-5.870985],[-35.690641,-5.871232],[-35.689422,-5.871118],[-35.686986,-5.869957],[-35.68627,-5.869373],[-35.683721,-5.869434],[-35.681427,-5.869053],[-35.681237,-5.868701],[-35.682094,-5.867549],[-35.682255,-5.866807],[-35.681514,-5.86604],[-35.680761,-5.866121],[-35.68,-5.867282],[-35.680078,-5.867855],[-35.679448,-5.868444],[-35.6788,-5.868586],[-35.678153,-5.870062],[-35.677649,-5.870861],[-35.677135,-5.871289],[-35.676611,-5.872327],[-35.676183,-5.872869],[-35.675422,-5.873317],[-35.676887,-5.874725],[-35.677687,-5.874963],[-35.677915,-5.875544],[-35.677734,-5.87601],[-35.676735,-5.876667],[-35.676383,-5.876677],[-35.67624,-5.876134],[-35.675612,-5.875592],[-35.675127,-5.876125],[-35.674165,-5.876096],[-35.672614,-5.875668],[-35.672176,-5.875325],[-35.670901,-5.875182],[-35.670482,-5.874954],[-35.670063,-5.874259],[-35.669635,-5.874145],[-35.669292,-5.874307],[-35.669092,-5.874783],[-35.669283,-5.875344],[-35.669283,-5.876686],[-35.668873,-5.877419],[-35.667988,-5.878276],[-35.66737,-5.878571],[-35.666789,-5.878152],[-35.666123,-5.878199],[-35.664695,-5.879256],[-35.664438,-5.879208],[-35.663343,-5.878142],[-35.662782,-5.87839],[-35.66263,-5.87897],[-35.663106,-5.879532],[-35.662858,-5.880132],[-35.662059,-5.880655],[-35.661202,-5.880817],[-35.660593,-5.881293],[-35.660545,-5.881902],[-35.661231,-5.882235],[-35.661792,-5.882197],[-35.661849,-5.882682],[-35.659946,-5.88292],[-35.65887,-5.885043],[-35.658001,-5.886208]]}},{"type":"Feature","id":748,"properties":{"nome":"Rio Potengi","regime":"Intermitente","ordem":5,"largura":"50 - 200","dominialidade":"Estadual","fonte":"ANA (2021), MDE/Maxar(imagens do basemap/arcmap), Cartas topográficas"},"geometry":{"type":"LineString","coordinates":[[-35.658001,-5.886208],[-35.657126,-5.886151],[-35.654294,-5.886855],[-35.652869,-5.886978],[-35.650189,-5.885523],[-35.649547,-5.884619],[-35.650154,-5.881371],[-35.650595,-5.880007],[-35.650257,-5.878761],[-35.649464,-5.877996],[-35.647893,-5.877302],[-35.646121,-5.877195],[-35.643979,-5.87817],[-35.642663,-5.880043],[-35.642697,-5.882898],[-35.642078,-5.884088],[-35.642125,-5.884873],[-35.642486,-5.885656],[-35.640531,-5.88799],[-35.640008,-5.889656],[-35.639262,-5.890534]]}},{"type":"Feature","id":749,"properties":{"nome":"Riacho Salgado","regime":"Intermitente","ordem":4,"largura":"10 - 50","dominialidade":"Estadual","fonte":"ANA (2021), MDE/Maxar(imagens do basemap/arcmap), Cartas topográficas"},"geometry":{"type":"LineString","coordinates":[[-35.842326,-6.00048],[-35.841651,-6.000642],[-35.84087,-5.999709],[-35.841384,-5.99772],[-35.841118,-5.99673],[-35.840908,-5.996511],[-35.840213,-5.996787],[-35.839604,-5.996759]]}},{"type":"Feature","id":750,"properties":{"regime":"Intermitente","ordem":1,"largura":"<=10","dominialidade":"Estadual","fonte":"ANA (2021), MDE/Maxar(imagens do basemap/arcmap), Cartas topográficas"},"geometry":{"type":"LineString","coordinates":[[-35.838367,-5.999938],[-35.838671,-5.999586],[-35.8387,-5.998919],[-35.839006,-5.998615],[-35.839633,-5.997235],[-35.839604,-5.996759]]}},{"type":"Feature","id":751,"properties":{"nome":"Riacho Salgado","regime":"Intermitente","ordem":4,"largura":"10 - 50","dominialidade":"Estadual","fonte":"ANA (2021), MDE/Maxar(imagens do basemap/arcmap), Cartas topográficas"},"geometry":{"type":"LineString","coordinates":[[-35.839604,-5.996759],[-35.837834,-5.995664],[-35.836835,-5.99457],[-35.836473,-5.993799],[-35.837529,-5.9912],[-35.837548,-5.990325],[-35.837225,-5.98982],[-35.836739,-5.989611],[-35.836139,-5.989931],[-35.835778,-5.99101],[-35.833941,-5.992533],[-35.832161,-5.993094],[-35.830743,-5.992914],[-35.83002,-5.991467],[-35.831324,-5.99002],[-35.831476,-5.989421],[-35.831343,-5.989002],[-35.830172,-5.988383],[-35.82891,-5.988287],[-35.828411,-5.987374],[-35.827564,-5.987508],[-35.827402,-5.987241],[-35.827421,-5.986204]]}},{"type":"Feature","id":752,"properties":{"nome":"Riacho da Serra","regime":"Intermitente","ordem":3,"largura":"10 - 50","dominialidade":"Estadual","fonte":"ANA (2021), MDE/Maxar(imagens do basemap/arcmap), Cartas topográficas"},"geometry":{"type":"LineString","coordinates":[[-35.801731,-5.991759],[-35.801293,-5.990379],[-35.801246,-5.989598],[-35.800608,-5.988456],[-35.800589,-5.987847],[-35.799894,-5.987466],[-35.799856,-5.986971],[-35.800151,-5.986648],[-35.80017,-5.985668],[-35.800503,-5.985068],[-35.800523,-5.984563],[-35.800427,-5.984345],[-35.798923,-5.984202],[-35.79879,-5.983954],[-35.798866,-5.983612],[-35.799326,-5.983591],[-35.799599,-5.983317],[-35.798961,-5.982422],[-35.799123,-5.981927],[-35.798999,-5.981661],[-35.799294,-5.981108],[-35.799314,-5.979915]]}},{"type":"Feature","id":753,"properties":{"regime":"Intermitente","ordem":1,"largura":"<=10","dominialidade":"Estadual","fonte":"ANA (2021), MDE/Maxar(imagens do basemap/arcmap), Cartas topográficas"},"geometry":{"type":"LineString","coordinates":[[-35.821724,-6.000406],[-35.821046,-5.999704],[-35.820309,-5.999632],[-35.820451,-5.999406],[-35.820166,-5.999049],[-35.819809,-5.999002],[-35.819868,-5.998621],[-35.8195,-5.998478],[-35.819273,-5.998633],[-35.819083,-5.998502],[-35.819145,-5.998222],[-35.818,-5.998002],[-35.817881,-5.997657],[-35.816858,-5.99761],[-35.816133,-5.99642],[-35.814039,-5.994826],[-35.813949,-5.994067],[-35.812635,-5.993351],[-35.812177,-5.992316],[-35.811897,-5.992101],[-35.811923,-5.991709],[-35.811041,-5.990614],[-35.810969,-5.989234],[-35.809922,-5.988021],[-35.80972,-5.988116],[-35.809054,-5.987735],[-35.809375,-5.987342],[-35.80903,-5.987021],[-35.809173,-5.986402],[-35.808602,-5.985629],[-35.807983,-5.985808],[-35.807352,-5.985712],[-35.807198,-5.985284],[-35.806175,-5.984939],[-35.805746,-5.985391],[-35.80489,-5.984927],[-35.8042,-5.985356],[-35.803652,-5.985129],[-35.803295,-5.984487],[-35.802284,-5.983726],[-35.801546,-5.982631],[-35.801332,-5.981941],[-35.801487,-5.981334],[-35.801035,-5.980537],[-35.799314,-5.979915]]}},{"type":"Feature","id":754,"properties":{"nome":"Riacho da Serra","regime":"Intermitente","ordem":3,"largura":"<=10","dominialidade":"Estadual","fonte":"ANA (2021), MDE/Maxar(imagens do basemap/arcmap), Cartas topográficas"},"geometry":{"type":"LineString","coordinates":[[-35.799314,-5.979915],[-35.800046,-5.978366],[-35.800221,-5.976659],[-35.799863,-5.974918],[-35.799572,-5.974668],[-35.798547,-5.972403],[-35.798248,-5.972203],[-35.798073,-5.972203],[-35.797347,-5.973158],[-35.79679,-5.973003],[-35.794658,-5.973336],[-35.79445,-5.973053],[-35.79395,-5.97142],[-35.794117,-5.971162],[-35.794758,-5.971004],[-35.795683,-5.971171],[-35.796149,-5.970796],[-35.796307,-5.970313],[-35.795616,-5.969665],[-35.794755,-5.969334],[-35.7946,-5.968689],[-35.793026,-5.96689],[-35.792993,-5.966499],[-35.793209,-5.966415],[-35.793309,-5.965774],[-35.792643,-5.965649],[-35.790852,-5.964508],[-35.790627,-5.963975],[-35.790977,-5.963709],[-35.791818,-5.963459],[-35.792626,-5.96385],[-35.793301,-5.963609],[-35.793267,-5.963334],[-35.792126,-5.96186],[-35.790427,-5.96151],[-35.790128,-5.960885],[-35.790694,-5.960319]]}},{"type":"Feature","id":755,"properties":{"nome":"Riacho Salgado","regime":"Intermitente","ordem":4,"largura":"10 - 50","dominialidade":"Estadual","fonte":"ANA (2021), MDE/Maxar(imagens do basemap/arcmap), Cartas topográficas"},"geometry":{"type":"LineString","coordinates":[[-35.790694,-5.960319],[-35.790752,-5.959345],[-35.790486,-5.958279],[-35.789795,-5.958154],[-35.788697,-5.958628],[-35.788287,-5.958354],[-35.788304,-5.958021],[-35.789558,-5.956291],[-35.788412,-5.954639],[-35.788953,-5.953348],[-35.788928,-5.952266],[-35.788412,-5.951591],[-35.787729,-5.951358]]}},{"type":"Feature","id":756,"properties":{"regime":"Intermitente","ordem":1,"largura":"<=10","dominialidade":"Estadual","fonte":"ANA (2021), MDE/Maxar(imagens do basemap/arcmap), Cartas topográficas"},"geometry":{"type":"LineString","coordinates":[[-35.821936,-5.952311],[-35.820237,-5.95174],[-35.818753,-5.95164],[-35.816069,-5.950755],[-35.812742,-5.950712],[-35.810724,-5.951512],[-35.809416,-5.951738],[-35.808476,-5.951666],[-35.806162,-5.952344],[-35.80489,-5.95174],[-35.800814,-5.950869],[-35.800171,-5.950881],[-35.796174,-5.952273],[-35.793307,-5.952392],[-35.79201,-5.951535],[-35.79165,-5.951015],[-35.790868,-5.951095],[-35.790535,-5.950227],[-35.788809,-5.949822],[-35.78787,-5.949989],[-35.78703,-5.951223]]}},{"type":"Feature","id":757,"properties":{"nome":"Riacho Salgado","regime":"Intermitente","ordem":4,"largura":"10 - 50","dominialidade":"Estadual","fonte":"ANA (2021), MDE/Maxar(imagens do basemap/arcmap), Cartas topográficas"},"geometry":{"type":"LineString","coordinates":[[-35.78703,-5.951223],[-35.786721,-5.950967],[-35.786538,-5.950314],[-35.786224,-5.949946],[-35.783937,-5.949194]]}},{"type":"Feature","id":758,"properties":{"regime":"Intermitente","ordem":1,"largura":"<=10","dominialidade":"Estadual","fonte":"ANA (2021), MDE/Maxar(imagens do basemap/arcmap), Cartas topográficas"},"geometry":{"type":"LineString","coordinates":[[-35.7758,-5.985675],[-35.776174,-5.98271],[-35.77668,-5.981127],[-35.776541,-5.980095],[-35.776699,-5.97952],[-35.777174,-5.978929],[-35.776956,-5.978357],[-35.777299,-5.976131],[-35.778206,-5.974199],[-35.779048,-5.9714],[-35.779595,-5.970329],[-35.779062,-5.969367],[-35.779123,-5.968877],[-35.778024,-5.967816],[-35.777782,-5.96702],[-35.778136,-5.966853],[-35.778265,-5.966517],[-35.779073,-5.966229],[-35.779131,-5.965812],[-35.779431,-5.965737],[-35.779814,-5.965254],[-35.780221,-5.963806],[-35.780697,-5.963539],[-35.781746,-5.961848],[-35.78302,-5.960274],[-35.784278,-5.959574],[-35.785568,-5.959233],[-35.78611,-5.958733],[-35.786301,-5.956085],[-35.787034,-5.953595],[-35.786535,-5.952912],[-35.786759,-5.952404],[-35.786389,-5.952439],[-35.786201,-5.952254],[-35.785662,-5.951269],[-35.785733,-5.951008],[-35.783937,-5.949194]]}},{"type":"Feature","id":759,"properties":{"nome":"Riacho Salgado","regime":"Intermitente","ordem":4,"largura":"10 - 50","dominialidade":"Estadual","fonte":"ANA (2021), MDE/Maxar(imagens do basemap/arcmap), Cartas topográficas"},"geometry":{"type":"LineString","coordinates":[[-35.764312,-5.950698],[-35.760756,-5.95306],[-35.759147,-5.953774],[-35.758681,-5.953536],[-35.75808,-5.952774],[-35.757615,-5.952645],[-35.756977,-5.952089],[-35.75632,-5.952175],[-35.754398,-5.954316],[-35.753446,-5.95503],[-35.752808,-5.955116],[-35.752475,-5.954944],[-35.752408,-5.954678],[-35.752466,-5.952603],[-35.751647,-5.950319],[-35.751162,-5.949776],[-35.75064,-5.949406],[-35.746526,-5.949481],[-35.745993,-5.949653],[-35.745746,-5.950585],[-35.746745,-5.952318],[-35.746869,-5.953345],[-35.74566,-5.954088],[-35.743604,-5.954488],[-35.743043,-5.954012],[-35.74309,-5.953612],[-35.743433,-5.953412],[-35.744052,-5.952489],[-35.744413,-5.951375],[-35.743205,-5.948955],[-35.742557,-5.948244],[-35.742205,-5.948035],[-35.741082,-5.948073],[-35.738658,-5.949173],[-35.737228,-5.949548],[-35.7358,-5.9495],[-35.734296,-5.948996],[-35.733125,-5.948264],[-35.732925,-5.947806],[-35.732983,-5.946988]]}},{"type":"Feature","id":760,"properties":{"regime":"Intermitente","ordem":3,"largura":"<=10","dominialidade":"Estadual","fonte":"ANA (2021), MDE/Maxar(imagens do basemap/arcmap), Cartas topográficas"},"geometry":{"type":"LineString","coordinates":[[-35.726707,-6.000081],[-35.726383,-5.999767],[-35.726421,-5.998577],[-35.726145,-5.997882],[-35.726193,-5.997064],[-35.726424,-5.997016],[-35.726583,-5.996512],[-35.727031,-5.996293],[-35.726878,-5.99575],[-35.726545,-5.995493],[-35.725527,-5.995417],[-35.725079,-5.995198],[-35.72328,-5.993856],[-35.722719,-5.993647]]}},{"type":"Feature","id":761,"properties":{"nome":"Riacho dos Macacos","regime":"Intermitente","ordem":2,"largura":"<=10","dominialidade":"Estadual","fonte":"ANA (2021), MDE/Maxar(imagens do basemap/arcmap), Cartas topográficas"},"geometry":{"type":"LineString","coordinates":[[-35.722881,-5.999291],[-35.723033,-5.998644],[-35.722928,-5.998263],[-35.723414,-5.997416],[-35.723471,-5.996455],[-35.722843,-5.995684],[-35.722909,-5.994979],[-35.722605,-5.994066],[-35.722338,-5.993837],[-35.722719,-5.993647]]}},{"type":"Feature","id":762,"properties":{"nome":"Riacho dos Macacos","regime":"Intermitente","ordem":3,"largura":"10 - 50","dominialidade":"Estadual","fonte":"ANA (2021), MDE/Maxar(imagens do basemap/arcmap), Cartas topográficas"},"geometry":{"type":"LineString","coordinates":[[-35.722719,-5.993647],[-35.722881,-5.99298],[-35.722424,-5.992486],[-35.722119,-5.991381],[-35.722976,-5.990915],[-35.723214,-5.991705],[-35.723566,-5.991724],[-35.723842,-5.991144],[-35.723772,-5.990816],[-35.724971,-5.989827]]}},{"type":"Feature","id":763,"properties":{"nome":"Riacho dos Macacos","regime":"Intermitente","ordem":1,"largura":"<=10","dominialidade":"Estadual","fonte":"ANA (2021), MDE/Maxar(imagens do basemap/arcmap), Cartas topográficas"},"geometry":{"type":"LineString","coordinates":[[-35.768288,-5.984442],[-35.765812,-5.985059],[-35.76311,-5.986147],[-35.762634,-5.986052],[-35.761388,-5.984957],[-35.760988,-5.984824],[-35.759941,-5.985309],[-35.75957,-5.986889],[-35.759198,-5.987041],[-35.75956,-5.988136],[-35.759541,-5.990782],[-35.759237,-5.99122],[-35.759422,-5.991532],[-35.758494,-5.992067],[-35.757458,-5.994122],[-35.756125,-5.994712]]}},{"type":"Feature","id":764,"properties":{"regime":"Intermitente","ordem":1,"largura":"<=10","dominialidade":"Estadual","fonte":"ANA (2021), MDE/Maxar(imagens do basemap/arcmap), Cartas topográficas"},"geometry":{"type":"LineString","coordinates":[[-35.746166,-5.999457],[-35.745612,-5.999199],[-35.745298,-5.998324],[-35.744498,-5.997848],[-35.744404,-5.997424],[-35.743984,-5.997315],[-35.743537,-5.996744]]}},{"type":"Feature","id":765,"properties":{"nome":"Riacho dos Macacos","regime":"Intermitente","ordem":2,"largura":"<=10","dominialidade":"Estadual","fonte":"ANA (2021), MDE/Maxar(imagens do basemap/arcmap), Cartas topográficas"},"geometry":{"type":"LineString","coordinates":[[-35.743537,-5.996744],[-35.742751,-5.997089],[-35.741704,-5.996651],[-35.740438,-5.996679],[-35.74,-5.996337],[-35.739867,-5.995385],[-35.738791,-5.994776],[-35.738135,-5.994081],[-35.737754,-5.994138]]}},{"type":"Feature","id":766,"properties":{"nome":"Riacho dos Macacos","regime":"Intermitente","ordem":3,"largura":"10 - 50","dominialidade":"Estadual","fonte":"ANA (2021), MDE/Maxar(imagens do basemap/arcmap), Cartas topográficas"},"geometry":{"type":"LineString","coordinates":[[-35.724971,-5.989827],[-35.72501,-5.989484],[-35.724448,-5.988132],[-35.723287,-5.987152],[-35.722563,-5.986191],[-35.722506,-5.984896],[-35.721878,-5.983117],[-35.719775,-5.980718],[-35.719108,-5.9797]]}},{"type":"Feature","id":767,"properties":{"regime":"Intermitente","ordem":1,"largura":"<=10","dominialidade":"Estadual","fonte":"ANA (2021), MDE/Maxar(imagens do basemap/arcmap), Cartas topográficas"},"geometry":{"type":"LineString","coordinates":[[-35.706541,-5.998651],[-35.708121,-5.995481],[-35.708587,-5.99254],[-35.708502,-5.991979],[-35.709472,-5.990627],[-35.711014,-5.989181],[-35.711568,-5.989119],[-35.713575,-5.9878],[-35.714136,-5.987915],[-35.715388,-5.987672],[-35.718143,-5.981699],[-35.718223,-5.980566],[-35.719108,-5.9797]]}},{"type":"Feature","id":768,"properties":{"nome":"Riacho dos Macacos","regime":"Intermitente","ordem":3,"largura":"10 - 50","dominialidade":"Estadual","fonte":"ANA (2021), MDE/Maxar(imagens do basemap/arcmap), Cartas topográficas"},"geometry":{"type":"LineString","coordinates":[[-35.719108,-5.9797],[-35.718357,-5.976016],[-35.718119,-5.975683],[-35.717519,-5.975417],[-35.717624,-5.974969],[-35.718414,-5.97417],[-35.718842,-5.972485],[-35.718233,-5.970705],[-35.718328,-5.969877],[-35.717871,-5.96845],[-35.718319,-5.967755],[-35.719251,-5.967384],[-35.720032,-5.966765],[-35.720155,-5.96626],[-35.719737,-5.965937],[-35.719803,-5.965118],[-35.720974,-5.963805]]}},{"type":"Feature","id":769,"properties":{"regime":"Intermitente","ordem":1,"largura":"<=10","dominialidade":"Estadual","fonte":"ANA (2021), MDE/Maxar(imagens do basemap/arcmap), Cartas topográficas"},"geometry":{"type":"LineString","coordinates":[[-35.700708,-5.975185],[-35.70086,-5.973181],[-35.700241,-5.969679],[-35.700708,-5.968023],[-35.702811,-5.967366],[-35.703525,-5.966871],[-35.704134,-5.966785],[-35.704943,-5.966376],[-35.705315,-5.965957],[-35.706257,-5.966671],[-35.70798,-5.965224],[-35.70955,-5.965148],[-35.710606,-5.965767],[-35.713633,-5.965986],[-35.716645,-5.965076],[-35.717288,-5.964691],[-35.719372,-5.964244],[-35.720229,-5.963682],[-35.720974,-5.963805]]}},{"type":"Feature","id":770,"properties":{"nome":"Riacho dos Macacos","regime":"Intermitente","ordem":3,"largura":"10 - 50","dominialidade":"Estadual","fonte":"ANA (2021), MDE/Maxar(imagens do basemap/arcmap), Cartas topográficas"},"geometry":{"type":"LineString","coordinates":[[-35.720974,-5.963805],[-35.72085,-5.962758],[-35.718975,-5.961939],[-35.718994,-5.961635],[-35.719251,-5.961397],[-35.7207,-5.960946],[-35.721821,-5.959979],[-35.722373,-5.959817],[-35.722906,-5.959103],[-35.722259,-5.958256],[-35.720955,-5.957666],[-35.720945,-5.956971],[-35.722591,-5.956404],[-35.722954,-5.956057],[-35.724477,-5.956419],[-35.724715,-5.956176]]}},{"type":"Feature","id":771,"properties":{"regime":"Intermitente","ordem":1,"largura":"<=10","dominialidade":"Estadual","fonte":"ANA (2021), MDE/Maxar(imagens do basemap/arcmap), Cartas topográficas"},"geometry":{"type":"LineString","coordinates":[[-35.762454,-5.966398],[-35.760789,-5.965627],[-35.759551,-5.964228],[-35.757676,-5.963058],[-35.757258,-5.962306],[-35.756058,-5.961021],[-35.75465,-5.960117],[-35.754393,-5.95966],[-35.753498,-5.958946],[-35.7529,-5.9586],[-35.751357,-5.958242],[-35.750938,-5.958251],[-35.750527,-5.958699],[-35.749082,-5.958794],[-35.747397,-5.960117],[-35.745574,-5.959629],[-35.74507,-5.959743],[-35.744622,-5.960187],[-35.742538,-5.960752],[-35.741368,-5.960857],[-35.739255,-5.962522],[-35.738103,-5.962322],[-35.737427,-5.96165],[-35.736641,-5.96145],[-35.736085,-5.96178],[-35.734172,-5.96197],[-35.733925,-5.961542],[-35.732878,-5.961275],[-35.731193,-5.959829],[-35.730422,-5.95961],[-35.729318,-5.959762],[-35.72868,-5.960228],[-35.728404,-5.960038]]}},{"type":"Feature","id":772,"properties":{"nome":"Riacho dos Macacos","regime":"Intermitente","ordem":3,"largura":"10 - 50","dominialidade":"Estadual","fonte":"ANA (2021), MDE/Maxar(imagens do basemap/arcmap), Cartas topográficas"},"geometry":{"type":"LineString","coordinates":[[-35.724715,-5.956176],[-35.72502,-5.955862],[-35.725787,-5.953155]]}},{"type":"Feature","id":773,"properties":{"nome":"Riacho Salgado","regime":"Intermitente","ordem":4,"largura":"10 - 50","dominialidade":"Estadual","fonte":"ANA (2021), MDE/Maxar(imagens do basemap/arcmap), Cartas topográficas"},"geometry":{"type":"LineString","coordinates":[[-35.721485,-5.949767],[-35.721742,-5.948939],[-35.721218,-5.94754],[-35.720381,-5.946512],[-35.719201,-5.94596],[-35.719442,-5.944558],[-35.719229,-5.944361],[-35.719485,-5.944051],[-35.719248,-5.943123],[-35.717897,-5.941153],[-35.717259,-5.939754],[-35.716726,-5.939554],[-35.716184,-5.939821],[-35.715593,-5.941201],[-35.714556,-5.942162],[-35.713699,-5.94239],[-35.712167,-5.942276],[-35.711862,-5.942114],[-35.711691,-5.941401],[-35.712177,-5.939973],[-35.712567,-5.939621],[-35.712291,-5.938954],[-35.711225,-5.93825],[-35.710149,-5.938498],[-35.70955,-5.93805],[-35.709017,-5.936813]]}},{"type":"Feature","id":774,"properties":{"regime":"Intermitente","ordem":2,"largura":"10 - 50","dominialidade":"Estadual","fonte":"ANA (2021), MDE/Maxar(imagens do basemap/arcmap), Cartas topográficas"},"geometry":{"type":"LineString","coordinates":[[-35.718607,-5.92123],[-35.716189,-5.922001],[-35.715551,-5.922001],[-35.71381,-5.922991],[-35.712563,-5.923363],[-35.711906,-5.923385],[-35.711026,-5.923001],[-35.709919,-5.92287],[-35.708004,-5.922906],[-35.705862,-5.922346],[-35.705303,-5.922715],[-35.704518,-5.922906],[-35.703756,-5.922775],[-35.702668,-5.923364]]}},{"type":"Feature","id":775,"properties":{"nome":"Riacho Salgado","regime":"Intermitente","ordem":4,"largura":"10 - 50","dominialidade":"Estadual","fonte":"ANA (2021), MDE/Maxar(imagens do basemap/arcmap), Cartas topográficas"},"geometry":{"type":"LineString","coordinates":[[-35.702668,-5.923364],[-35.701935,-5.922812],[-35.70144,-5.922679],[-35.700869,-5.92286],[-35.700374,-5.922755],[-35.699251,-5.921556],[-35.698071,-5.921251],[-35.697529,-5.921546],[-35.69678,-5.924352],[-35.696322,-5.924554],[-35.69578,-5.924173],[-35.695275,-5.922841],[-35.692351,-5.921096]]}},{"type":"Feature","id":776,"properties":{"regime":"Intermitente","ordem":1,"largura":"<=10","dominialidade":"Estadual","fonte":"ANA (2021), MDE/Maxar(imagens do basemap/arcmap), Cartas topográficas"},"geometry":{"type":"LineString","coordinates":[[-35.686603,-5.963579],[-35.686855,-5.962917],[-35.686912,-5.960053],[-35.687502,-5.958435],[-35.687816,-5.956188],[-35.687445,-5.954323],[-35.687455,-5.953352],[-35.686203,-5.951563],[-35.685832,-5.950164],[-35.685147,-5.949459],[-35.685004,-5.94905],[-35.685185,-5.948607],[-35.684661,-5.947765],[-35.684499,-5.946785],[-35.685071,-5.94511],[-35.687222,-5.943558],[-35.689144,-5.941512],[-35.68943,-5.940988],[-35.689801,-5.938476],[-35.690324,-5.937038],[-35.689877,-5.935477],[-35.690534,-5.934316],[-35.69081,-5.93326],[-35.690762,-5.932594],[-35.689763,-5.931756],[-35.689639,-5.931318],[-35.690905,-5.930214],[-35.690524,-5.929205],[-35.690391,-5.928006],[-35.690524,-5.927511],[-35.691105,-5.926949],[-35.691114,-5.92616],[-35.690381,-5.925236],[-35.690486,-5.92476],[-35.691248,-5.923799],[-35.6913,-5.922752],[-35.6918,-5.921812],[-35.6918,-5.921503],[-35.691407,-5.920956],[-35.691062,-5.920801],[-35.691231,-5.920191]]}},{"type":"Feature","id":777,"properties":{"nome":"Riacho Salgado","regime":"Intermitente","ordem":4,"largura":"10 - 50","dominialidade":"Estadual","fonte":"ANA (2021), MDE/Maxar(imagens do basemap/arcmap), Cartas topográficas"},"geometry":{"type":"LineString","coordinates":[[-35.691231,-5.920191],[-35.690726,-5.91969],[-35.688936,-5.919481],[-35.688413,-5.919043],[-35.688537,-5.918187],[-35.688993,-5.917063],[-35.688632,-5.916435],[-35.689374,-5.915738],[-35.689362,-5.915108],[-35.689208,-5.914061],[-35.688518,-5.912383],[-35.687935,-5.91161],[-35.687292,-5.911205],[-35.684782,-5.910277],[-35.683652,-5.909504],[-35.682724,-5.909206],[-35.682236,-5.909242],[-35.68151,-5.909468],[-35.680808,-5.909956],[-35.679043,-5.912578],[-35.677834,-5.913378],[-35.676825,-5.912863],[-35.675159,-5.911512],[-35.671771,-5.910427]]}},{"type":"Feature","id":778,"properties":{"regime":"Intermitente","ordem":1,"largura":"<=10","dominialidade":"Estadual","fonte":"ANA (2021), MDE/Maxar(imagens do basemap/arcmap), Cartas topográficas"},"geometry":{"type":"LineString","coordinates":[[-35.667914,-5.945078],[-35.668228,-5.944507],[-35.668714,-5.944127],[-35.66869,-5.94233],[-35.670201,-5.940593],[-35.670901,-5.940153],[-35.671729,-5.93833],[-35.672871,-5.937676],[-35.674917,-5.935178],[-35.675798,-5.933227],[-35.675572,-5.932881],[-35.675596,-5.932001],[-35.677047,-5.929668],[-35.676872,-5.92846],[-35.676489,-5.927744],[-35.676989,-5.92592],[-35.676381,-5.925512],[-35.674182,-5.925312],[-35.673333,-5.923314],[-35.673824,-5.922314],[-35.673354,-5.921484],[-35.672783,-5.920999],[-35.67086,-5.920352],[-35.671317,-5.918858],[-35.671251,-5.918363],[-35.671669,-5.917344],[-35.671955,-5.917201],[-35.672202,-5.916621],[-35.67324,-5.913556],[-35.673013,-5.912816],[-35.671925,-5.911428],[-35.671771,-5.910427]]}},{"type":"Feature","id":779,"properties":{"nome":"Riacho Salgado","regime":"Intermitente","ordem":4,"largura":"10 - 50","dominialidade":"Estadual","fonte":"ANA (2021), MDE/Maxar(imagens do basemap/arcmap), Cartas topográficas"},"geometry":{"type":"LineString","coordinates":[[-35.671771,-5.910427],[-35.670513,-5.910217],[-35.670014,-5.910341],[-35.669314,-5.910858],[-35.668548,-5.910908],[-35.668157,-5.910633],[-35.667973,-5.910167],[-35.667601,-5.908014],[-35.667357,-5.90761],[-35.666349,-5.907335],[-35.666025,-5.90746],[-35.665808,-5.907826],[-35.665583,-5.908976],[-35.665125,-5.90975],[-35.663743,-5.909933],[-35.662677,-5.909625],[-35.662427,-5.90935],[-35.662418,-5.909009],[-35.662643,-5.908343],[-35.662668,-5.905303],[-35.663235,-5.904429],[-35.663493,-5.903504],[-35.662652,-5.901905],[-35.662085,-5.901639],[-35.657963,-5.902022],[-35.657022,-5.90188],[-35.655789,-5.900922],[-35.65489,-5.900548],[-35.654038,-5.900883]]}},{"type":"Feature","id":780,"properties":{"regime":"Intermitente","ordem":1,"largura":"<=10","dominialidade":"Estadual","fonte":"ANA (2021), MDE/Maxar(imagens do basemap/arcmap), Cartas topográficas"},"geometry":{"type":"LineString","coordinates":[[-35.660343,-5.947422],[-35.659679,-5.94491],[-35.658965,-5.941007],[-35.658692,-5.940472],[-35.659013,-5.939615],[-35.659429,-5.939366],[-35.659096,-5.938949],[-35.659406,-5.938592],[-35.659269,-5.938066],[-35.659412,-5.936739],[-35.659212,-5.936339],[-35.6579,-5.935361],[-35.657536,-5.934187],[-35.657503,-5.933333],[-35.658015,-5.931501],[-35.658727,-5.930942],[-35.658809,-5.930448],[-35.657695,-5.929221],[-35.658166,-5.926508],[-35.659489,-5.923234],[-35.65948,-5.922668],[-35.658523,-5.921226],[-35.658009,-5.920869],[-35.656924,-5.921483],[-35.656696,-5.921226],[-35.65701,-5.920012],[-35.656753,-5.919612],[-35.655796,-5.920069],[-35.654797,-5.919984],[-35.654611,-5.919641],[-35.654925,-5.91947],[-35.655025,-5.91917],[-35.656053,-5.918413],[-35.657102,-5.918323],[-35.657167,-5.918071],[-35.655525,-5.917014],[-35.655282,-5.916472]]}},{"type":"Feature","id":781,"properties":{"nome":"Riacho Salgado","regime":"Intermitente","ordem":4,"largura":"10 - 50","dominialidade":"Estadual","fonte":"ANA (2021), MDE/Maxar(imagens do basemap/arcmap), Cartas topográficas"},"geometry":{"type":"LineString","coordinates":[[-35.653401,-5.90107],[-35.652065,-5.90137],[-35.650534,-5.900428],[-35.650192,-5.899755],[-35.6501,-5.899322],[-35.651149,-5.897831],[-35.651416,-5.896898],[-35.651337,-5.896005],[-35.651074,-5.895474],[-35.650733,-5.895232],[-35.647542,-5.895039],[-35.646561,-5.893717],[-35.644753,-5.892218],[-35.642034,-5.891838],[-35.641691,-5.891933],[-35.641505,-5.891681],[-35.639987,-5.891381],[-35.639262,-5.890534]]}},{"type":"Feature","id":782,"properties":{"regime":"Intermitente","ordem":1,"largura":"<=10","dominialidade":"Estadual","fonte":"ANA (2021), MDE/Maxar(imagens do basemap/arcmap), Cartas topográficas"},"geometry":{"type":"LineString","coordinates":[[-35.650794,-5.95005],[-35.65025,-5.94971],[-35.650393,-5.948663],[-35.650203,-5.948568],[-35.649826,-5.945744],[-35.648484,-5.944616],[-35.6472,-5.94434],[-35.645933,-5.941154],[-35.645523,-5.940529],[-35.644689,-5.939819],[-35.644413,-5.938886],[-35.642732,-5.938102],[-35.641391,-5.936542],[-35.641605,-5.934898],[-35.641224,-5.934041],[-35.642214,-5.933432],[-35.642976,-5.932518],[-35.642823,-5.931529],[-35.644441,-5.928864],[-35.644727,-5.926256],[-35.644422,-5.925628],[-35.643318,-5.925228],[-35.642919,-5.925342],[-35.642049,-5.926489],[-35.641397,-5.926834],[-35.641301,-5.925704],[-35.642056,-5.924659],[-35.640572,-5.921825],[-35.639776,-5.921546]]}},{"type":"Feature","id":783,"properties":{"nome":"Rio Camaragibe","regime":"Intermitente","ordem":1,"largura":"<=10","dominialidade":"Estadual","fonte":"ANA (2021), MDE/Maxar(imagens do basemap/arcmap), Cartas topográficas"},"geometry":{"type":"LineString","coordinates":[[-35.926797,-5.833257],[-35.926711,-5.832614],[-35.926397,-5.832214],[-35.925612,-5.832],[-35.92493,-5.830972],[-35.924441,-5.828402],[-35.922472,-5.823959],[-35.920607,-5.822127],[-35.92039,-5.821427],[-35.919282,-5.820902],[-35.918958,-5.817022],[-35.918591,-5.815781],[-35.916209,-5.813266],[-35.915227,-5.812824],[-35.915027,-5.812033],[-35.914252,-5.810892],[-35.914677,-5.810359],[-35.914694,-5.809684],[-35.913885,-5.808805],[-35.913461,-5.807886],[-35.912353,-5.807577],[-35.912297,-5.806209],[-35.911895,-5.805037],[-35.912095,-5.804696],[-35.911887,-5.803238],[-35.911462,-5.801831],[-35.910929,-5.800823],[-35.910813,-5.799757],[-35.91038,-5.799433],[-35.909172,-5.799224],[-35.909006,-5.799041],[-35.908111,-5.799038],[-35.906918,-5.798726],[-35.906327,-5.798409],[-35.905916,-5.797825],[-35.904997,-5.797485],[-35.90445,-5.796976],[-35.903376,-5.796443],[-35.902042,-5.795143],[-35.901852,-5.794261],[-35.901427,-5.79413],[-35.901344,-5.793844],[-35.899895,-5.792562],[-35.899774,-5.791628],[-35.899228,-5.791254],[-35.898062,-5.789547],[-35.897588,-5.789281],[-35.897379,-5.789522],[-35.896713,-5.789722],[-35.896355,-5.789489],[-35.896422,-5.789156],[-35.895897,-5.788922],[-35.895554,-5.788517],[-35.894931,-5.788406],[-35.895444,-5.786958],[-35.895606,-5.78535],[-35.895256,-5.784009],[-35.894864,-5.783284],[-35.893798,-5.782318],[-35.892982,-5.782352],[-35.891764,-5.781387],[-35.890534,-5.780911],[-35.889859,-5.780403],[-35.889706,-5.779943],[-35.888726,-5.779182],[-35.887544,-5.778662],[-35.887694,-5.776938],[-35.886978,-5.776297],[-35.885629,-5.776089],[-35.883821,-5.776522],[-35.883427,-5.777312],[-35.883288,-5.779129],[-35.882356,-5.780345],[-35.880898,-5.781211],[-35.879907,-5.780478],[-35.877992,-5.77977],[-35.876228,-5.777384],[-35.875582,-5.776971],[-35.87481,-5.775853],[-35.874207,-5.775669],[-35.873586,-5.775781],[-35.87302,-5.77683],[-35.872378,-5.77683],[-35.870172,-5.776439],[-35.868964,-5.775414],[-35.868381,-5.775664],[-35.867981,-5.775439],[-35.867332,-5.775039],[-35.86724,-5.774615],[-35.866398,-5.773756],[-35.864941,-5.77145],[-35.864242,-5.771425],[-35.863509,-5.772741],[-35.862943,-5.772874],[-35.862235,-5.77374],[-35.861652,-5.77389],[-35.861327,-5.773699],[-35.861635,-5.773141],[-35.861419,-5.772808],[-35.859728,-5.771267],[-35.859195,-5.771125],[-35.858136,-5.771628],[-35.857263,-5.771592],[-35.855709,-5.772194],[-35.854914,-5.771883],[-35.853948,-5.770726],[-35.852832,-5.770401],[-35.851402,-5.770304],[-35.851175,-5.769959],[-35.849426,-5.769868],[-35.848252,-5.770193],[-35.847178,-5.770126],[-35.846403,-5.769127],[-35.845362,-5.768835],[-35.845712,-5.76821],[-35.84587,-5.767111],[-35.845853,-5.766661],[-35.845445,-5.765937],[-35.845204,-5.765945],[-35.844413,-5.765362],[-35.843621,-5.764255],[-35.843067,-5.764114]]}},{"type":"Feature","id":784,"properties":{"regime":"Intermitente","ordem":1,"largura":"<=10","dominialidade":"Estadual","fonte":"ANA (2021), MDE/Maxar(imagens do basemap/arcmap), Cartas topográficas"},"geometry":{"type":"LineString","coordinates":[[-35.869522,-5.753316],[-35.867228,-5.754991],[-35.865762,-5.755572],[-35.865267,-5.755496],[-35.863773,-5.755791],[-35.86214,-5.755656],[-35.859757,-5.754439],[-35.859185,-5.754363],[-35.858681,-5.75462],[-35.858348,-5.753935],[-35.85652,-5.753364],[-35.854093,-5.75325],[-35.852732,-5.754011],[-35.852171,-5.753783],[-35.851752,-5.754173],[-35.851229,-5.754106],[-35.850867,-5.754277],[-35.850568,-5.755232],[-35.84975,-5.755757],[-35.84903,-5.755467],[-35.848211,-5.756105],[-35.847707,-5.756181],[-35.847098,-5.757533],[-35.846527,-5.75778],[-35.84588,-5.758589],[-35.844433,-5.759807],[-35.844566,-5.76075],[-35.844426,-5.761774],[-35.843138,-5.762425],[-35.84212,-5.763681],[-35.843065,-5.763919],[-35.843067,-5.764114]]}},{"type":"Feature","id":785,"properties":{"nome":"Rio Camaragibe","regime":"Intermitente","ordem":2,"largura":"<=10","dominialidade":"Estadual","fonte":"ANA (2021), MDE/Maxar(imagens do basemap/arcmap), Cartas topográficas"},"geometry":{"type":"LineString","coordinates":[[-35.843067,-5.764114],[-35.842056,-5.764363],[-35.841033,-5.764221],[-35.840533,-5.763769],[-35.83945,-5.763745],[-35.838606,-5.764078],[-35.837559,-5.765006],[-35.837523,-5.766089],[-35.836226,-5.766874],[-35.835358,-5.766838],[-35.834263,-5.767397],[-35.834251,-5.767683],[-35.833894,-5.767917],[-35.832312,-5.767611],[-35.831503,-5.767826],[-35.830908,-5.767683],[-35.829409,-5.768301],[-35.829059,-5.770816]]}},{"type":"Feature","id":786,"properties":{"regime":"Intermitente","ordem":1,"largura":"<=10","dominialidade":"Estadual","fonte":"ANA (2021), MDE/Maxar(imagens do basemap/arcmap), Cartas topográficas"},"geometry":{"type":"LineString","coordinates":[[-35.891053,-5.807197],[-35.890168,-5.806671],[-35.889093,-5.805482],[-35.887918,-5.804926],[-35.882084,-5.803048],[-35.881018,-5.801734],[-35.880167,-5.801142],[-35.879235,-5.801],[-35.877592,-5.801677],[-35.877154,-5.80162],[-35.876773,-5.801925],[-35.876126,-5.802001],[-35.874032,-5.801201],[-35.872909,-5.801125],[-35.871576,-5.801601],[-35.870948,-5.802058],[-35.869863,-5.80183],[-35.869583,-5.801322],[-35.868988,-5.801049],[-35.867488,-5.80109],[-35.867179,-5.800783],[-35.866741,-5.800725],[-35.865673,-5.801058],[-35.865013,-5.800959],[-35.863725,-5.800309],[-35.862873,-5.799587],[-35.86263,-5.798955],[-35.862382,-5.797033],[-35.862553,-5.796233],[-35.860412,-5.7933],[-35.860145,-5.792135],[-35.859513,-5.790706],[-35.85848,-5.789647],[-35.857966,-5.78938],[-35.857452,-5.788562],[-35.857423,-5.787746],[-35.856819,-5.786942],[-35.855529,-5.786639],[-35.854749,-5.785516],[-35.854064,-5.785307],[-35.853778,-5.784888],[-35.854619,-5.783941],[-35.85452,-5.783612],[-35.853531,-5.783194],[-35.853036,-5.782204],[-35.851494,-5.781252],[-35.847934,-5.779653],[-35.847246,-5.779847],[-35.845924,-5.778886],[-35.845022,-5.778987],[-35.844412,-5.77832],[-35.843156,-5.77773],[-35.843004,-5.77596],[-35.841747,-5.774666],[-35.840339,-5.774323],[-35.837838,-5.774201],[-35.837141,-5.774951],[-35.835637,-5.774685],[-35.834114,-5.773295],[-35.833829,-5.772779],[-35.829059,-5.770816]]}},{"type":"Feature","id":787,"properties":{"nome":"Rio Camaragibe","regime":"Intermitente","ordem":2,"largura":"<=10","dominialidade":"Estadual","fonte":"ANA (2021), MDE/Maxar(imagens do basemap/arcmap), Cartas topográficas"},"geometry":{"type":"LineString","coordinates":[[-35.829059,-5.770816],[-35.828115,-5.770375],[-35.827522,-5.769656],[-35.826214,-5.76925],[-35.824482,-5.769088],[-35.822788,-5.769317],[-35.822274,-5.768917],[-35.821922,-5.769202],[-35.821246,-5.768707],[-35.820913,-5.768879],[-35.821077,-5.769088],[-35.820837,-5.769307],[-35.820361,-5.768746],[-35.818276,-5.768555],[-35.817061,-5.768248],[-35.816497,-5.767765],[-35.816467,-5.767424],[-35.815783,-5.76748],[-35.815383,-5.766794],[-35.814745,-5.766366],[-35.814793,-5.766052],[-35.814584,-5.766147],[-35.814412,-5.766004],[-35.814698,-5.765443],[-35.814374,-5.76412],[-35.814165,-5.76373],[-35.813794,-5.763596],[-35.813946,-5.763263],[-35.813156,-5.763254],[-35.813061,-5.762702],[-35.812823,-5.762645],[-35.812204,-5.763301],[-35.811062,-5.763311],[-35.81091,-5.764205],[-35.809853,-5.764472],[-35.808997,-5.764367],[-35.808035,-5.763768],[-35.808039,-5.763276],[-35.807436,-5.762768],[-35.80696,-5.762683],[-35.80491,-5.763093],[-35.80396,-5.762319],[-35.803452,-5.761494],[-35.803136,-5.761694],[-35.803094,-5.762094],[-35.802703,-5.762319],[-35.802686,-5.762618],[-35.802495,-5.76266],[-35.802395,-5.76201],[-35.80182,-5.761469],[-35.800613,-5.761744],[-35.798439,-5.763335],[-35.79703,-5.762841],[-35.796365,-5.763151],[-35.795774,-5.763185],[-35.795166,-5.762618],[-35.794308,-5.76351],[-35.794042,-5.763493],[-35.793792,-5.763435],[-35.793758,-5.763235],[-35.793434,-5.763285],[-35.793225,-5.762927],[-35.791876,-5.762968],[-35.791335,-5.762785],[-35.791152,-5.76266],[-35.791234,-5.762401],[-35.791002,-5.761985],[-35.789894,-5.761386],[-35.789819,-5.761161],[-35.789203,-5.761036],[-35.788978,-5.760536],[-35.787179,-5.760153],[-35.786172,-5.759304],[-35.785089,-5.759221],[-35.784548,-5.758546],[-35.78354,-5.758321],[-35.782582,-5.758471],[-35.782149,-5.75768],[-35.781258,-5.757488],[-35.780858,-5.757605],[-35.780575,-5.756964],[-35.780042,-5.756547],[-35.778685,-5.756839],[-35.777685,-5.756689],[-35.776461,-5.757014],[-35.775278,-5.756822],[-35.774421,-5.756247],[-35.773863,-5.756447]]}},{"type":"Feature","id":788,"properties":{"regime":"Intermitente","ordem":1,"largura":"<=10","dominialidade":"Estadual","fonte":"ANA (2021), MDE/Maxar(imagens do basemap/arcmap), Cartas topográficas"},"geometry":{"type":"LineString","coordinates":[[-35.848502,-5.735621],[-35.847084,-5.736106],[-35.84617,-5.736068],[-35.844656,-5.735307],[-35.843524,-5.734964],[-35.842753,-5.735135],[-35.842315,-5.734745],[-35.841325,-5.735059],[-35.840792,-5.735554],[-35.837689,-5.737029],[-35.837185,-5.737838],[-35.835976,-5.739057],[-35.835424,-5.740028],[-35.835224,-5.741208],[-35.835101,-5.742531],[-35.835462,-5.744073],[-35.835405,-5.7459],[-35.834748,-5.746052],[-35.836021,-5.748147],[-35.835757,-5.749717],[-35.833444,-5.749517],[-35.833121,-5.749669],[-35.832805,-5.750889],[-35.833062,-5.751698],[-35.832606,-5.752082],[-35.832167,-5.752203],[-35.831596,-5.75166],[-35.830435,-5.752231],[-35.830169,-5.752241],[-35.830007,-5.751984],[-35.829493,-5.752146],[-35.828494,-5.751965],[-35.826961,-5.753631],[-35.826799,-5.753545],[-35.826495,-5.753783],[-35.825514,-5.753478],[-35.824954,-5.753866],[-35.824724,-5.753783],[-35.824477,-5.754513],[-35.823573,-5.754735],[-35.82166,-5.754544],[-35.821165,-5.755134],[-35.821136,-5.755639],[-35.819452,-5.755525],[-35.818148,-5.754992],[-35.817177,-5.755449],[-35.816425,-5.75522],[-35.814283,-5.755896],[-35.813979,-5.755382],[-35.813741,-5.755306],[-35.811333,-5.755772],[-35.808382,-5.754316],[-35.806142,-5.75472],[-35.803835,-5.753027],[-35.800787,-5.752127],[-35.799654,-5.751975],[-35.797294,-5.753278],[-35.796628,-5.75325],[-35.796047,-5.753878],[-35.795962,-5.754449],[-35.794962,-5.754735],[-35.794524,-5.753935],[-35.794363,-5.75404],[-35.794329,-5.75372],[-35.794096,-5.753869],[-35.793753,-5.753773],[-35.792307,-5.752679],[-35.791003,-5.753041],[-35.790785,-5.753252],[-35.790156,-5.75325],[-35.789975,-5.753469],[-35.789537,-5.753507],[-35.789309,-5.753278],[-35.788899,-5.753526],[-35.788918,-5.75383],[-35.788671,-5.754059],[-35.788062,-5.754154],[-35.787535,-5.75451],[-35.786168,-5.753707],[-35.784635,-5.753535],[-35.78434,-5.753164],[-35.783065,-5.752888],[-35.782855,-5.753145],[-35.782598,-5.752926],[-35.782218,-5.752955],[-35.781875,-5.75344],[-35.781532,-5.753212],[-35.781428,-5.752841],[-35.780581,-5.752774],[-35.780086,-5.753164],[-35.778173,-5.753964],[-35.778154,-5.754335],[-35.777859,-5.754649],[-35.777554,-5.754535],[-35.776468,-5.754742],[-35.775641,-5.754601],[-35.774603,-5.756077],[-35.774129,-5.756239]]}},{"type":"Feature","id":789,"properties":{"nome":"Rio Camaragibe","regime":"Intermitente","ordem":2,"largura":"<=10","dominialidade":"Estadual","fonte":"ANA (2021), MDE/Maxar(imagens do basemap/arcmap), Cartas topográficas"},"geometry":{"type":"LineString","coordinates":[[-35.773863,-5.756447],[-35.772863,-5.756905],[-35.771414,-5.758038],[-35.770579,-5.757863],[-35.769751,-5.758297],[-35.76963,-5.758625],[-35.769166,-5.758654],[-35.769046,-5.759393],[-35.768117,-5.759988],[-35.768233,-5.76017],[-35.767542,-5.760037],[-35.767658,-5.760345],[-35.767179,-5.761504],[-35.76725,-5.761769],[-35.766975,-5.761886],[-35.76689,-5.762198]]}},{"type":"Feature","id":790,"properties":{"regime":"Intermitente","ordem":1,"largura":"<=10","dominialidade":"Estadual","fonte":"ANA (2021), MDE/Maxar(imagens do basemap/arcmap), Cartas topográficas"},"geometry":{"type":"LineString","coordinates":[[-35.81197,-5.79372],[-35.811137,-5.793162],[-35.810762,-5.792604],[-35.809005,-5.791413],[-35.808089,-5.791146],[-35.808064,-5.790647],[-35.807781,-5.790247],[-35.805507,-5.789289],[-35.805276,-5.788796],[-35.80435,-5.788215],[-35.804158,-5.787224],[-35.804275,-5.786499],[-35.805224,-5.785767],[-35.805299,-5.784467],[-35.804341,-5.782927],[-35.8043,-5.781952],[-35.803908,-5.781053],[-35.803192,-5.780653],[-35.802976,-5.779904],[-35.803342,-5.779362],[-35.803808,-5.779087],[-35.803608,-5.778788],[-35.803425,-5.778846],[-35.803434,-5.778662],[-35.802767,-5.778513],[-35.801318,-5.775623],[-35.801143,-5.774923],[-35.800144,-5.774357],[-35.798378,-5.773841],[-35.798389,-5.77308],[-35.796246,-5.771725],[-35.795771,-5.771689],[-35.795063,-5.771228],[-35.793865,-5.76981],[-35.79264,-5.769443],[-35.791424,-5.769743],[-35.79015,-5.768711],[-35.789101,-5.769102],[-35.788818,-5.769418],[-35.788777,-5.770089],[-35.788326,-5.770076],[-35.787377,-5.769502],[-35.787052,-5.769818],[-35.786353,-5.769968],[-35.785536,-5.770676]]}},{"type":"Feature","id":791,"properties":{"nome":"Rio Camaragibe","regime":"Intermitente","ordem":3,"largura":"10 - 50","dominialidade":"Estadual","fonte":"ANA (2021), MDE/Maxar(imagens do basemap/arcmap), Cartas topográficas"},"geometry":{"type":"LineString","coordinates":[[-35.76689,-5.762198],[-35.766623,-5.762483],[-35.766775,-5.762959],[-35.7657,-5.764377],[-35.764681,-5.764235],[-35.762426,-5.764653],[-35.761769,-5.764273],[-35.760808,-5.762969],[-35.760389,-5.763264],[-35.759437,-5.763131],[-35.758771,-5.763388],[-35.758486,-5.763691],[-35.757724,-5.763844],[-35.757248,-5.764216],[-35.756924,-5.764777],[-35.756429,-5.765167],[-35.75602,-5.766269],[-35.755554,-5.766707]]}},{"type":"Feature","id":792,"properties":{"regime":"Intermitente","ordem":1,"largura":"<=10","dominialidade":"Estadual","fonte":"ANA (2021), MDE/Maxar(imagens do basemap/arcmap), Cartas topográficas"},"geometry":{"type":"LineString","coordinates":[[-35.772648,-5.79468],[-35.771786,-5.792852],[-35.77044,-5.791358],[-35.768213,-5.787675],[-35.767689,-5.787541],[-35.767289,-5.786913],[-35.766442,-5.786342],[-35.766252,-5.785904],[-35.764463,-5.785257],[-35.763857,-5.783899],[-35.764091,-5.782449],[-35.763638,-5.780927],[-35.762921,-5.780184],[-35.762064,-5.779642],[-35.761855,-5.778823],[-35.762169,-5.776977],[-35.762713,-5.775377],[-35.762616,-5.774788],[-35.760998,-5.771989],[-35.760294,-5.771314],[-35.76036,-5.770952],[-35.758947,-5.770617],[-35.758152,-5.769048],[-35.758095,-5.768296],[-35.757362,-5.766859],[-35.757134,-5.766726],[-35.75582,-5.767002],[-35.755554,-5.766707]]}},{"type":"Feature","id":793,"properties":{"nome":"Rio Camaragibe","regime":"Intermitente","ordem":3,"largura":"<=10","dominialidade":"Estadual","fonte":"ANA (2021), MDE/Maxar(imagens do basemap/arcmap), Cartas topográficas"},"geometry":{"type":"LineString","coordinates":[[-35.755554,-5.766707],[-35.754973,-5.76685],[-35.75424,-5.766735],[-35.753917,-5.766507],[-35.753622,-5.765708],[-35.75326,-5.765365],[-35.752803,-5.765336],[-35.751606,-5.764416],[-35.750957,-5.764194],[-35.75117,-5.763612],[-35.751071,-5.763429],[-35.750338,-5.763576],[-35.7503,-5.763252],[-35.751414,-5.761919],[-35.751242,-5.761444],[-35.750405,-5.761377],[-35.750091,-5.761501],[-35.749717,-5.76203],[-35.748882,-5.761205],[-35.748663,-5.760311],[-35.748225,-5.760102],[-35.747197,-5.760359],[-35.746702,-5.760901],[-35.746103,-5.761183],[-35.745817,-5.76191],[-35.74489,-5.76231],[-35.744542,-5.762319],[-35.744447,-5.761948],[-35.742962,-5.762024],[-35.741724,-5.760378],[-35.742181,-5.760044],[-35.742096,-5.75914],[-35.741068,-5.758607],[-35.741353,-5.758274],[-35.740468,-5.756989],[-35.740163,-5.75618],[-35.739868,-5.756047],[-35.739364,-5.75619],[-35.738545,-5.7556],[-35.737996,-5.755478]]}},{"type":"Feature","id":794,"properties":{"regime":"Intermitente","ordem":1,"largura":"<=10","dominialidade":"Estadual","fonte":"ANA (2021), MDE/Maxar(imagens do basemap/arcmap), Cartas topográficas"},"geometry":{"type":"LineString","coordinates":[[-35.747572,-5.71849],[-35.746563,-5.721145],[-35.745307,-5.722202],[-35.744679,-5.722335],[-35.742756,-5.72402],[-35.741709,-5.72757],[-35.741919,-5.72895],[-35.7411,-5.730568],[-35.741233,-5.731767],[-35.738823,-5.733842],[-35.737205,-5.734451],[-35.734207,-5.73783]]}},{"type":"Feature","id":795,"properties":{"regime":"Intermitente","ordem":2,"largura":"<=10","dominialidade":"Estadual","fonte":"ANA (2021), MDE/Maxar(imagens do basemap/arcmap), Cartas topográficas"},"geometry":{"type":"LineString","coordinates":[[-35.729997,-5.711985],[-35.729492,-5.714402],[-35.729416,-5.716049],[-35.72974,-5.716734],[-35.730244,-5.719209],[-35.72973,-5.721493],[-35.730092,-5.722521],[-35.730787,-5.723121],[-35.731662,-5.724291],[-35.731538,-5.724748],[-35.732681,-5.725072],[-35.732681,-5.72598],[-35.732424,-5.726319],[-35.731929,-5.72629],[-35.731481,-5.727033],[-35.731872,-5.727623],[-35.732262,-5.727813],[-35.732662,-5.727537],[-35.733461,-5.728213],[-35.733804,-5.729907],[-35.734608,-5.731401],[-35.73447,-5.731649],[-35.73487,-5.732648],[-35.734775,-5.733229],[-35.733728,-5.734038],[-35.733613,-5.734352],[-35.733756,-5.73517],[-35.733299,-5.736579],[-35.733499,-5.737502],[-35.734207,-5.73783]]}},{"type":"Feature","id":796,"properties":{"regime":"Intermitente","ordem":2,"largura":"<=10","dominialidade":"Estadual","fonte":"ANA (2021), MDE/Maxar(imagens do basemap/arcmap), Cartas topográficas"},"geometry":{"type":"LineString","coordinates":[[-35.734207,-5.73783],[-35.734178,-5.738392],[-35.733474,-5.738934],[-35.73355,-5.739372],[-35.734035,-5.739505],[-35.734121,-5.739696],[-35.733978,-5.741485],[-35.733678,-5.74158],[-35.733598,-5.742018],[-35.732789,-5.742932],[-35.732789,-5.743189],[-35.732551,-5.743151],[-35.732379,-5.743379],[-35.731932,-5.745111],[-35.730971,-5.745587],[-35.730771,-5.745225],[-35.730219,-5.745701],[-35.730372,-5.746543]]}},{"type":"Feature","id":797,"properties":{"regime":"Intermitente","ordem":1,"largura":"<=10","dominialidade":"Estadual","fonte":"ANA (2021), MDE/Maxar(imagens do basemap/arcmap), Cartas topográficas"},"geometry":{"type":"LineString","coordinates":[[-35.765288,-5.720981],[-35.765455,-5.72233],[-35.764755,-5.724554],[-35.763889,-5.726311],[-35.763906,-5.726636],[-35.763506,-5.726919],[-35.763092,-5.727937],[-35.762174,-5.728851],[-35.761951,-5.7299],[-35.761641,-5.730208],[-35.761108,-5.730067],[-35.760442,-5.730583],[-35.758726,-5.730908],[-35.757377,-5.731566],[-35.754832,-5.73502],[-35.754612,-5.735647],[-35.754737,-5.736696],[-35.753896,-5.737479],[-35.753429,-5.737354],[-35.753254,-5.738237],[-35.753368,-5.739209],[-35.753046,-5.739952],[-35.752397,-5.740702],[-35.752521,-5.74101],[-35.752405,-5.741651],[-35.751255,-5.742715],[-35.750683,-5.742679],[-35.750426,-5.74246],[-35.749893,-5.742821],[-35.749636,-5.743059],[-35.749535,-5.743675],[-35.749237,-5.743611],[-35.748981,-5.744136],[-35.748627,-5.744116],[-35.748275,-5.744411],[-35.747988,-5.745352],[-35.746334,-5.746724],[-35.74464,-5.748614],[-35.743583,-5.748875],[-35.743402,-5.749113],[-35.742527,-5.749217],[-35.742113,-5.749523],[-35.741063,-5.74935],[-35.740261,-5.748932],[-35.739823,-5.74916],[-35.739356,-5.748182],[-35.737891,-5.746486],[-35.73737,-5.746573],[-35.737311,-5.746333],[-35.736978,-5.746352],[-35.736978,-5.745677],[-35.736397,-5.745429],[-35.735921,-5.745696],[-35.735807,-5.745524],[-35.73569,-5.746128],[-35.735388,-5.746048],[-35.735036,-5.746961],[-35.734256,-5.747247],[-35.734231,-5.746959],[-35.733808,-5.746647],[-35.733037,-5.746971],[-35.732381,-5.746752],[-35.732047,-5.746819],[-35.731117,-5.7478],[-35.730972,-5.747761],[-35.730877,-5.747076],[-35.730372,-5.746543]]}},{"type":"Feature","id":798,"properties":{"regime":"Intermitente","ordem":2,"largura":"<=10","dominialidade":"Estadual","fonte":"ANA (2021), MDE/Maxar(imagens do basemap/arcmap), Cartas topográficas"},"geometry":{"type":"LineString","coordinates":[[-35.730372,-5.746543],[-35.730134,-5.746685],[-35.729554,-5.748132],[-35.729241,-5.748226],[-35.728473,-5.748016]]}},{"type":"Feature","id":799,"properties":{"nome":"Rio Camaragibe","regime":"Intermitente","ordem":3,"largura":"10 - 50","dominialidade":"Estadual","fonte":"ANA (2021), MDE/Maxar(imagens do basemap/arcmap), Cartas topográficas"},"geometry":{"type":"LineString","coordinates":[[-35.728473,-5.748016],[-35.728271,-5.747707],[-35.727521,-5.747873],[-35.727426,-5.747172],[-35.725654,-5.746481],[-35.725535,-5.746672],[-35.725832,-5.747076],[-35.725677,-5.747291],[-35.725154,-5.747398],[-35.724166,-5.746957],[-35.723809,-5.748468],[-35.723084,-5.748706],[-35.722763,-5.749325],[-35.722275,-5.749515],[-35.72212,-5.749111],[-35.720633,-5.747957],[-35.719988,-5.747602],[-35.719437,-5.747594],[-35.719003,-5.747255],[-35.718633,-5.747775],[-35.718349,-5.74785],[-35.718123,-5.749361],[-35.717206,-5.748825],[-35.71685,-5.749468],[-35.716409,-5.749658],[-35.716183,-5.751145],[-35.716659,-5.751324],[-35.716707,-5.751966],[-35.716386,-5.752442],[-35.716754,-5.75268],[-35.717694,-5.752454],[-35.717956,-5.752585],[-35.718253,-5.753263],[-35.718277,-5.754405],[-35.716457,-5.755976],[-35.717242,-5.757843],[-35.7175,-5.759366],[-35.717171,-5.759747],[-35.716421,-5.75945],[-35.716335,-5.759578],[-35.715886,-5.759188],[-35.715303,-5.759247],[-35.71359,-5.759961]]}},{"type":"Feature","id":800,"properties":{"regime":"Intermitente","ordem":1,"largura":"<=10","dominialidade":"Estadual","fonte":"ANA (2021), MDE/Maxar(imagens do basemap/arcmap), Cartas topográficas"},"geometry":{"type":"LineString","coordinates":[[-35.717892,-5.696238],[-35.718121,-5.697522],[-35.719487,-5.700183],[-35.720439,-5.703266],[-35.720581,-5.70457],[-35.72041,-5.704646],[-35.720258,-5.706369],[-35.718811,-5.708425],[-35.718668,-5.708958],[-35.717688,-5.709786],[-35.716724,-5.710271],[-35.712422,-5.715953],[-35.711613,-5.716477],[-35.711137,-5.716515],[-35.709624,-5.717962],[-35.708044,-5.720769],[-35.707797,-5.721293],[-35.708549,-5.722292],[-35.709005,-5.723377],[-35.709767,-5.724034],[-35.709967,-5.725357],[-35.710452,-5.726128],[-35.710443,-5.726604],[-35.709457,-5.727065],[-35.707958,-5.728755],[-35.707473,-5.729783],[-35.708482,-5.730268]]}},{"type":"Feature","id":801,"properties":{"nome":"Rio Camaragibe","regime":"Intermitente","ordem":3,"largura":"10 - 50","dominialidade":"Estadual","fonte":"ANA (2021), MDE/Maxar(imagens do basemap/arcmap), Cartas topográficas"},"geometry":{"type":"LineString","coordinates":[[-35.71359,-5.759961],[-35.713816,-5.760449],[-35.71447,-5.760627],[-35.714202,-5.760995],[-35.713495,-5.761317],[-35.7129,-5.761294],[-35.713346,-5.762318],[-35.713185,-5.762567],[-35.714042,-5.763744],[-35.713958,-5.763982],[-35.712198,-5.763483],[-35.711888,-5.763614],[-35.711746,-5.76403],[-35.71213,-5.764903],[-35.711781,-5.765208],[-35.711389,-5.766624],[-35.71096,-5.767373],[-35.71169,-5.768208],[-35.711591,-5.768444],[-35.711115,-5.768551],[-35.711258,-5.768955],[-35.711865,-5.76917],[-35.712198,-5.769657],[-35.712269,-5.769907],[-35.711769,-5.770419],[-35.712091,-5.770609],[-35.712028,-5.771052],[-35.710508,-5.770264],[-35.709295,-5.771335],[-35.708843,-5.771335],[-35.708712,-5.771109],[-35.708295,-5.771192],[-35.708153,-5.7708],[-35.708819,-5.768265],[-35.707998,-5.767064],[-35.707546,-5.766862],[-35.706856,-5.766921],[-35.706066,-5.768777],[-35.705559,-5.768955],[-35.703178,-5.767268],[-35.70262,-5.767932],[-35.702228,-5.767766],[-35.701443,-5.767135],[-35.701205,-5.766326],[-35.700205,-5.765708],[-35.698587,-5.767337],[-35.69666,-5.768825],[-35.69553,-5.768182],[-35.694649,-5.768729],[-35.695681,-5.769692],[-35.695494,-5.770229],[-35.694828,-5.770752],[-35.69497,-5.771775],[-35.695458,-5.772406],[-35.696755,-5.772703],[-35.69662,-5.773298],[-35.696041,-5.773179],[-35.69559,-5.77389],[-35.695173,-5.773786],[-35.694304,-5.774059],[-35.69384,-5.774012],[-35.693388,-5.774428],[-35.692769,-5.774452],[-35.692786,-5.775026],[-35.692258,-5.775666],[-35.691223,-5.775737],[-35.690907,-5.777102],[-35.690211,-5.777724],[-35.68995,-5.777533],[-35.689319,-5.77582],[-35.688974,-5.775499],[-35.68876,-5.775582],[-35.688653,-5.776153],[-35.687213,-5.77695],[-35.686996,-5.777534],[-35.684751,-5.778485],[-35.684465,-5.778949],[-35.683097,-5.779282],[-35.681931,-5.779318],[-35.681476,-5.779895],[-35.681043,-5.780049],[-35.680841,-5.78085],[-35.681134,-5.7814],[-35.68186,-5.781805],[-35.682312,-5.78234],[-35.682169,-5.782637],[-35.681218,-5.78277],[-35.680444,-5.783268],[-35.677696,-5.782572],[-35.677065,-5.782114],[-35.676768,-5.782388],[-35.676744,-5.783042],[-35.676541,-5.783363],[-35.675591,-5.783568]]}},{"type":"Feature","id":802,"properties":{"regime":"Intermitente","ordem":2,"largura":"<=10","dominialidade":"Estadual","fonte":"ANA (2021), MDE/Maxar(imagens do basemap/arcmap), Cartas topográficas"},"geometry":{"type":"LineString","coordinates":[[-35.686794,-5.73806],[-35.686611,-5.741167],[-35.686719,-5.742274],[-35.686544,-5.742424],[-35.686527,-5.743265],[-35.685553,-5.743365],[-35.685087,-5.743748],[-35.682838,-5.744531],[-35.682505,-5.745489],[-35.682371,-5.748802],[-35.682038,-5.749162],[-35.681922,-5.750019],[-35.682088,-5.750677],[-35.681897,-5.751044],[-35.68178,-5.750844],[-35.681589,-5.750902],[-35.681622,-5.751868],[-35.681231,-5.75176],[-35.680914,-5.752076],[-35.680889,-5.752293],[-35.681239,-5.752243],[-35.681327,-5.752583],[-35.680585,-5.753553],[-35.680661,-5.754648],[-35.679604,-5.756552],[-35.679614,-5.756856],[-35.678852,-5.757303],[-35.677796,-5.757427],[-35.677282,-5.758389],[-35.675559,-5.759873],[-35.675712,-5.75993],[-35.675464,-5.760197],[-35.675521,-5.760654],[-35.675245,-5.760739],[-35.67536,-5.761104],[-35.675131,-5.760968],[-35.675036,-5.761501],[-35.675369,-5.762595],[-35.674769,-5.763585],[-35.674712,-5.764261],[-35.675226,-5.76488],[-35.675673,-5.764794],[-35.676201,-5.765222],[-35.67594,-5.76567],[-35.676254,-5.765812],[-35.676245,-5.766146],[-35.676586,-5.766589],[-35.676587,-5.767288],[-35.677054,-5.76725],[-35.677301,-5.768059],[-35.677092,-5.768335],[-35.676844,-5.768154],[-35.67673,-5.768287],[-35.676768,-5.768915],[-35.677158,-5.768868],[-35.677225,-5.769077],[-35.676939,-5.769191],[-35.67772,-5.770229],[-35.677863,-5.77079],[-35.677139,-5.771418],[-35.676562,-5.771541],[-35.675712,-5.772294],[-35.674836,-5.772256],[-35.673779,-5.773522],[-35.673294,-5.774445],[-35.673513,-5.774835],[-35.673342,-5.774997],[-35.673399,-5.775511],[-35.673798,-5.776158],[-35.674741,-5.776177],[-35.675226,-5.776739],[-35.67535,-5.779175],[-35.67614,-5.779328],[-35.676159,-5.779613],[-35.676444,-5.779766],[-35.675997,-5.78007],[-35.676254,-5.781327],[-35.675854,-5.78165],[-35.675455,-5.781488],[-35.674674,-5.782269],[-35.674864,-5.78263],[-35.674788,-5.783439],[-35.675664,-5.783382],[-35.675591,-5.783568]]}},{"type":"Feature","id":803,"properties":{"nome":"Rio Camaragibe","regime":"Intermitente","ordem":3,"largura":"10 - 50","dominialidade":"Estadual","fonte":"ANA (2021), MDE/Maxar(imagens do basemap/arcmap), Cartas topográficas"},"geometry":{"type":"LineString","coordinates":[[-35.675591,-5.783568],[-35.675341,-5.785543],[-35.675151,-5.785697],[-35.673592,-5.785388],[-35.673149,-5.785517],[-35.672815,-5.786183],[-35.673271,-5.788303],[-35.67314,-5.788969],[-35.672655,-5.789194],[-35.672105,-5.788993],[-35.670979,-5.787704],[-35.667442,-5.787851],[-35.667225,-5.788443],[-35.667387,-5.788862],[-35.668186,-5.789233],[-35.668596,-5.789766],[-35.668529,-5.790194],[-35.668044,-5.79047],[-35.667882,-5.790899],[-35.668558,-5.792108],[-35.668887,-5.794322],[-35.668291,-5.794525],[-35.668281,-5.79424],[-35.667549,-5.793935],[-35.667168,-5.793963],[-35.666559,-5.794858],[-35.662523,-5.794753],[-35.662352,-5.795239],[-35.663166,-5.796638],[-35.662867,-5.797195]]}},{"type":"Feature","id":804,"properties":{"regime":"Intermitente","ordem":1,"largura":"<=10","dominialidade":"Estadual","fonte":"ANA (2021), MDE/Maxar(imagens do basemap/arcmap), Cartas topográficas"},"geometry":{"type":"LineString","coordinates":[[-35.774925,-5.81976],[-35.772781,-5.819045],[-35.772424,-5.818688],[-35.772019,-5.817499],[-35.771413,-5.816856],[-35.76989,-5.81644],[-35.769116,-5.815928],[-35.768059,-5.816158],[-35.766915,-5.815762],[-35.765166,-5.816452],[-35.765202,-5.816737],[-35.764995,-5.816932],[-35.764513,-5.817049],[-35.763382,-5.816773],[-35.763156,-5.817225],[-35.76174,-5.817392],[-35.760598,-5.818248],[-35.759813,-5.818367],[-35.758956,-5.819033],[-35.757576,-5.819319],[-35.756493,-5.819783],[-35.755458,-5.821639],[-35.754542,-5.822043],[-35.752987,-5.824345],[-35.750592,-5.825732],[-35.750331,-5.82616],[-35.750442,-5.827906],[-35.75109,-5.828535],[-35.75068,-5.828849],[-35.750207,-5.828691],[-35.749335,-5.829089],[-35.747896,-5.829168],[-35.746963,-5.829013],[-35.74615,-5.828439],[-35.744853,-5.828551],[-35.740668,-5.827935],[-35.740001,-5.827335],[-35.739935,-5.826983],[-35.739592,-5.826916],[-35.73943,-5.826393],[-35.739135,-5.826222],[-35.738983,-5.824994],[-35.738678,-5.824946],[-35.738869,-5.823718],[-35.738694,-5.823593],[-35.73846,-5.82377],[-35.737974,-5.823366],[-35.737803,-5.823185],[-35.73819,-5.822877],[-35.738174,-5.822691],[-35.737698,-5.822414],[-35.737451,-5.822605],[-35.737089,-5.82231],[-35.736632,-5.821444],[-35.735861,-5.821729],[-35.735185,-5.821606],[-35.734681,-5.821282],[-35.734496,-5.820796],[-35.730402,-5.81962],[-35.729132,-5.819426],[-35.729302,-5.818993]]}},{"type":"Feature","id":805,"properties":{"regime":"Intermitente","ordem":1,"largura":"<=10","dominialidade":"Estadual","fonte":"ANA (2021), MDE/Maxar(imagens do basemap/arcmap), Cartas topográficas"},"geometry":{"type":"LineString","coordinates":[[-35.792869,-5.800452],[-35.792362,-5.801524],[-35.790603,-5.802993],[-35.790097,-5.803153],[-35.789441,-5.802675],[-35.788408,-5.802308],[-35.786078,-5.802774],[-35.785812,-5.803089],[-35.784327,-5.803079],[-35.783347,-5.803783],[-35.782937,-5.804412],[-35.782144,-5.804299],[-35.780284,-5.804556],[-35.777969,-5.803907],[-35.776732,-5.804478],[-35.774752,-5.80583],[-35.7744,-5.805792],[-35.773857,-5.806268],[-35.773543,-5.806315],[-35.772782,-5.80602],[-35.772868,-5.805763],[-35.772563,-5.805297],[-35.771107,-5.804497],[-35.770707,-5.804469],[-35.769451,-5.805059],[-35.768927,-5.804716],[-35.768232,-5.804707],[-35.767252,-5.805354],[-35.766491,-5.805516],[-35.765796,-5.805497],[-35.764511,-5.805059],[-35.764054,-5.805287],[-35.764045,-5.805706],[-35.763369,-5.806877],[-35.763026,-5.806505],[-35.762074,-5.80621],[-35.762131,-5.805887],[-35.761884,-5.805858],[-35.761922,-5.805535],[-35.761303,-5.805316],[-35.761046,-5.804992],[-35.761123,-5.804383],[-35.76158,-5.804038],[-35.761513,-5.803802],[-35.76129,-5.803811],[-35.761456,-5.803536],[-35.761037,-5.803041],[-35.760228,-5.803193],[-35.759466,-5.80247],[-35.758753,-5.801118],[-35.758524,-5.800167],[-35.758115,-5.800263],[-35.756641,-5.800055],[-35.756116,-5.800366],[-35.75427,-5.800205],[-35.753057,-5.800901],[-35.752842,-5.800642],[-35.752442,-5.800681],[-35.751338,-5.801061],[-35.750977,-5.801442],[-35.749968,-5.801889],[-35.749549,-5.802384],[-35.749511,-5.803117],[-35.749149,-5.803469],[-35.74775,-5.802594],[-35.747597,-5.802325],[-35.747474,-5.802414],[-35.747334,-5.803406],[-35.746951,-5.80366],[-35.746865,-5.80425],[-35.746846,-5.805411],[-35.746996,-5.805724],[-35.746636,-5.808085],[-35.74676,-5.808628],[-35.746456,-5.809085],[-35.745171,-5.809132],[-35.744819,-5.809466],[-35.744514,-5.810779],[-35.741298,-5.811752],[-35.740714,-5.81149],[-35.740076,-5.811509],[-35.739991,-5.812994],[-35.740314,-5.815536],[-35.738473,-5.816391],[-35.737154,-5.815707],[-35.735184,-5.816116],[-35.734908,-5.815716],[-35.734708,-5.815659],[-35.734527,-5.815973],[-35.733918,-5.815973],[-35.733614,-5.815555],[-35.733319,-5.815526],[-35.733376,-5.815935],[-35.733004,-5.816002],[-35.732957,-5.816859],[-35.73152,-5.817372],[-35.730911,-5.817258],[-35.73073,-5.818211],[-35.729699,-5.818721],[-35.729283,-5.818734],[-35.729302,-5.818993]]}},{"type":"Feature","id":806,"properties":{"regime":"Intermitente","ordem":2,"largura":"10 - 50","dominialidade":"Estadual","fonte":"ANA (2021), MDE/Maxar(imagens do basemap/arcmap), Cartas topográficas"},"geometry":{"type":"LineString","coordinates":[[-35.729302,-5.818993],[-35.729161,-5.818912],[-35.728761,-5.8194],[-35.728171,-5.819276],[-35.727457,-5.818839],[-35.727063,-5.818266],[-35.725059,-5.817725],[-35.72096,-5.817087],[-35.719671,-5.817906],[-35.719357,-5.817839],[-35.718425,-5.816573],[-35.71777,-5.816358],[-35.717188,-5.816449],[-35.716083,-5.817078],[-35.714884,-5.81703],[-35.714475,-5.817373],[-35.714579,-5.818363],[-35.714418,-5.81842],[-35.713904,-5.817801],[-35.71359,-5.818144],[-35.713009,-5.81803],[-35.712581,-5.818363],[-35.712457,-5.818172],[-35.712781,-5.817411],[-35.712476,-5.817363],[-35.712352,-5.81665],[-35.712133,-5.81644],[-35.711705,-5.816469],[-35.711705,-5.815917],[-35.711048,-5.815679],[-35.711039,-5.815184],[-35.710192,-5.81466],[-35.710239,-5.814222],[-35.709697,-5.813452],[-35.709309,-5.813305],[-35.708745,-5.812424],[-35.70826,-5.812262],[-35.707546,-5.811643],[-35.706927,-5.811662],[-35.706166,-5.811358],[-35.705354,-5.810562]]}},{"type":"Feature","id":807,"properties":{"regime":"Intermitente","ordem":1,"largura":"<=10","dominialidade":"Estadual","fonte":"ANA (2021), MDE/Maxar(imagens do basemap/arcmap), Cartas topográficas"},"geometry":{"type":"LineString","coordinates":[[-35.732955,-5.790135],[-35.732526,-5.790477],[-35.731622,-5.790515],[-35.731441,-5.790849],[-35.730946,-5.790896],[-35.730518,-5.791248],[-35.729642,-5.791344],[-35.729024,-5.791943],[-35.723827,-5.794304],[-35.723836,-5.794665],[-35.723399,-5.795265],[-35.723484,-5.795465],[-35.722913,-5.796236],[-35.722504,-5.796255],[-35.721352,-5.797387],[-35.720705,-5.797701],[-35.72041,-5.797444],[-35.719649,-5.797283],[-35.719125,-5.797797],[-35.717793,-5.800214],[-35.716964,-5.800505]]}},{"type":"Feature","id":808,"properties":{"regime":"Intermitente","ordem":3,"largura":"10 - 50","dominialidade":"Estadual","fonte":"ANA (2021), MDE/Maxar(imagens do basemap/arcmap), Cartas topográficas"},"geometry":{"type":"LineString","coordinates":[[-35.705354,-5.810562],[-35.704795,-5.810625],[-35.704129,-5.80993],[-35.703624,-5.809844],[-35.703586,-5.810016],[-35.702615,-5.809197],[-35.701721,-5.80934],[-35.701569,-5.809911],[-35.700683,-5.811072],[-35.700131,-5.811262],[-35.69937,-5.810787],[-35.698618,-5.811044],[-35.698542,-5.811462],[-35.698751,-5.81185]]}},{"type":"Feature","id":809,"properties":{"regime":"Intermitente","ordem":1,"largura":"<=10","dominialidade":"Estadual","fonte":"ANA (2021), MDE/Maxar(imagens do basemap/arcmap), Cartas topográficas"},"geometry":{"type":"LineString","coordinates":[[-35.710591,-5.839109],[-35.711086,-5.838053],[-35.711914,-5.83712],[-35.711952,-5.836511],[-35.712248,-5.836083],[-35.711172,-5.833703],[-35.709982,-5.832751],[-35.709992,-5.830724],[-35.708564,-5.829239],[-35.708279,-5.82863],[-35.708231,-5.828202],[-35.708488,-5.827688],[-35.708098,-5.82626],[-35.708374,-5.825404],[-35.708336,-5.824682],[-35.707836,-5.823519],[-35.706984,-5.822539],[-35.705852,-5.821654],[-35.704395,-5.819541],[-35.702884,-5.818643],[-35.701864,-5.818322],[-35.701235,-5.818351],[-35.700265,-5.816571],[-35.699189,-5.815534],[-35.698913,-5.813668],[-35.699218,-5.813344],[-35.69918,-5.812697],[-35.69877,-5.812326]]}},{"type":"Feature","id":810,"properties":{"regime":"Intermitente","ordem":3,"largura":"10 - 50","dominialidade":"Estadual","fonte":"ANA (2021), MDE/Maxar(imagens do basemap/arcmap), Cartas topográficas"},"geometry":{"type":"LineString","coordinates":[[-35.69141,-5.806917],[-35.691214,-5.8067],[-35.69069,-5.806995],[-35.69009,-5.807005],[-35.688631,-5.805828],[-35.686826,-5.805701],[-35.68694,-5.804378],[-35.686674,-5.803598],[-35.68458,-5.80433],[-35.684292,-5.804279],[-35.68378,-5.803455],[-35.683561,-5.803445],[-35.683219,-5.803759],[-35.683523,-5.804692],[-35.683461,-5.805126],[-35.682752,-5.805311],[-35.682457,-5.805025],[-35.682048,-5.805206],[-35.681315,-5.80512],[-35.681029,-5.804835],[-35.680963,-5.804092],[-35.680592,-5.803445],[-35.679849,-5.802617],[-35.679497,-5.801761],[-35.679179,-5.801668],[-35.678888,-5.801636],[-35.678079,-5.802332],[-35.676889,-5.801532],[-35.676423,-5.80197],[-35.675842,-5.801799],[-35.675711,-5.801251],[-35.674986,-5.800942],[-35.674595,-5.801551],[-35.674043,-5.801637],[-35.67372,-5.802018],[-35.672739,-5.802084],[-35.672482,-5.803026],[-35.672073,-5.803007]]}},{"type":"Feature","id":811,"properties":{"regime":"Intermitente","ordem":1,"largura":"<=10","dominialidade":"Estadual","fonte":"ANA (2021), MDE/Maxar(imagens do basemap/arcmap), Cartas topográficas"},"geometry":{"type":"LineString","coordinates":[[-35.673298,-5.819307],[-35.673479,-5.816728],[-35.673146,-5.816081],[-35.673422,-5.815748],[-35.674002,-5.815557],[-35.674544,-5.814849],[-35.674336,-5.81452],[-35.674421,-5.81393],[-35.674126,-5.813502],[-35.673412,-5.813283],[-35.673289,-5.812112],[-35.672946,-5.81196],[-35.672908,-5.811712],[-35.672584,-5.811703],[-35.671604,-5.810332],[-35.670795,-5.810094],[-35.670433,-5.809553],[-35.670176,-5.809542],[-35.669481,-5.808914],[-35.670138,-5.807334],[-35.670186,-5.806553],[-35.670024,-5.806401],[-35.669828,-5.804182]]}},{"type":"Feature","id":812,"properties":{"regime":"Intermitente","ordem":3,"largura":"<=10","dominialidade":"Estadual","fonte":"ANA (2021), MDE/Maxar(imagens do basemap/arcmap), Cartas topográficas"},"geometry":{"type":"LineString","coordinates":[[-35.669828,-5.804182],[-35.668991,-5.803925],[-35.668829,-5.803468],[-35.668591,-5.803344],[-35.667373,-5.802982],[-35.666069,-5.801676],[-35.665748,-5.801581],[-35.664975,-5.802342],[-35.664796,-5.802259],[-35.664522,-5.801926],[-35.664626,-5.800828],[-35.664784,-5.800201],[-35.665645,-5.799242],[-35.66555,-5.798918],[-35.665236,-5.798369],[-35.664201,-5.798392],[-35.664047,-5.797738],[-35.663817,-5.797516],[-35.66296,-5.797237]]}},{"type":"Feature","id":813,"properties":{"regime":"Intermitente","ordem":1,"largura":"<=10","dominialidade":"Estadual","fonte":"ANA (2021), MDE/Maxar(imagens do basemap/arcmap), Cartas topográficas"},"geometry":{"type":"LineString","coordinates":[[-35.674277,-5.989806],[-35.675301,-5.991136],[-35.676181,-5.991222],[-35.676823,-5.992019],[-35.676894,-5.993411],[-35.677906,-5.995934],[-35.679238,-5.997754],[-35.679072,-5.998682],[-35.679405,-5.998979],[-35.679214,-5.999693],[-35.679274,-6.000681]]}},{"type":"Feature","id":814,"properties":{"nome":"Rio Grande","regime":"Intermitente","ordem":4,"largura":"<=10","dominialidade":"Estadual","fonte":"ANA (2021), MDE/Maxar(imagens do basemap/arcmap), Cartas topográficas"},"geometry":{"type":"LineString","coordinates":[[-35.645658,-5.995194],[-35.645387,-5.995305],[-35.644995,-5.995033],[-35.644731,-5.995205],[-35.644575,-5.995053],[-35.644359,-5.995197],[-35.643824,-5.995126],[-35.644467,-5.994498],[-35.643667,-5.994105],[-35.643803,-5.993734],[-35.644102,-5.993192],[-35.644881,-5.992706],[-35.644202,-5.992064],[-35.644152,-5.9916],[-35.643624,-5.99145],[-35.643239,-5.991864],[-35.64291,-5.991107],[-35.64124,-5.990993],[-35.639577,-5.990122],[-35.639227,-5.990165],[-35.639263,-5.989879],[-35.638828,-5.989238],[-35.639591,-5.988466],[-35.640134,-5.987167],[-35.639919,-5.987081],[-35.638699,-5.987495],[-35.638135,-5.987859],[-35.637785,-5.988516],[-35.637435,-5.98858],[-35.636679,-5.988487],[-35.636529,-5.987652]]}},{"type":"Feature","id":815,"properties":{"regime":"Intermitente","ordem":1,"largura":"<=10","dominialidade":"Estadual","fonte":"ANA (2021), MDE/Maxar(imagens do basemap/arcmap), Cartas topográficas"},"geometry":{"type":"LineString","coordinates":[[-35.653704,-5.969864],[-35.652476,-5.970978],[-35.64964,-5.97271],[-35.647784,-5.973652],[-35.647013,-5.973766],[-35.646195,-5.975327],[-35.645281,-5.975937],[-35.6449,-5.976498],[-35.644596,-5.976574],[-35.643882,-5.978145],[-35.643377,-5.97844],[-35.642908,-5.980386],[-35.64096,-5.982637],[-35.640389,-5.98298],[-35.639323,-5.98456],[-35.637543,-5.986197],[-35.63642,-5.985968],[-35.635665,-5.986339]]}},{"type":"Feature","id":816,"properties":{"regime":"Intermitente","ordem":1,"largura":"<=10","fonte":"ANA (2021), MDE/Maxar(imagens do basemap/arcmap), Cartas topográficas"},"geometry":{"type":"LineString","coordinates":[[-35.732658,-5.920189],[-35.736794,-5.922344],[-35.739859,-5.924457],[-35.740677,-5.925885],[-35.741344,-5.926227],[-35.743533,-5.928435]]}},{"type":"Feature","id":817,"properties":{"regime":"Intermitente","ordem":1,"largura":"<=10","fonte":"ANA (2021), MDE/Maxar(imagens do basemap/arcmap), Cartas topográficas"},"geometry":{"type":"LineString","coordinates":[[-35.803076,-5.889483],[-35.804224,-5.890677],[-35.805775,-5.892888],[-35.806706,-5.893647],[-35.807505,-5.894913],[-35.807515,-5.895465],[-35.809009,-5.895951],[-35.809095,-5.896341],[-35.810523,-5.896408],[-35.811928,-5.894927],[-35.814128,-5.894313],[-35.815177,-5.894513],[-35.815691,-5.894266],[-35.816881,-5.894561],[-35.817994,-5.894142],[-35.819307,-5.8948]]}},{"type":"Feature","id":818,"properties":{"regime":"Intermitente","ordem":1,"largura":"<=10","fonte":"ANA (2021), MDE/Maxar(imagens do basemap/arcmap), Cartas topográficas"},"geometry":{"type":"LineString","coordinates":[[-35.895256,-5.910718],[-35.895184,-5.912762],[-35.895684,-5.912979],[-35.895842,-5.914195],[-35.896342,-5.914761],[-35.89615,-5.915269],[-35.895717,-5.915627],[-35.896442,-5.916318],[-35.896717,-5.917459],[-35.897296,-5.918592],[-35.898296,-5.91902],[-35.899497,-5.919841],[-35.899699,-5.920472],[-35.900711,-5.921531],[-35.901306,-5.922768]]}},{"type":"Feature","id":819,"properties":{"regime":"Intermitente","ordem":1,"largura":"<=10","fonte":"ANA (2021), MDE/Maxar(imagens do basemap/arcmap), Cartas topográficas"},"geometry":{"type":"LineString","coordinates":[[-35.851912,-5.930639],[-35.853497,-5.93097],[-35.856755,-5.932709],[-35.858429,-5.932784],[-35.859528,-5.932093],[-35.860019,-5.93136],[-35.859986,-5.93076],[-35.861077,-5.929686],[-35.862218,-5.929319],[-35.862893,-5.929403],[-35.863134,-5.928936],[-35.864667,-5.928686],[-35.864675,-5.928412],[-35.865649,-5.927962],[-35.866057,-5.92598]]}},{"type":"Feature","id":820,"properties":{"regime":"Intermitente","ordem":1,"largura":"<=10","fonte":"ANA (2021), MDE/Maxar(imagens do basemap/arcmap), Cartas topográficas"},"geometry":{"type":"LineString","coordinates":[[-35.870145,-5.947357],[-35.870669,-5.947414],[-35.871221,-5.947861],[-35.872315,-5.949327],[-35.87447,-5.950447]]}},{"type":"Feature","id":821,"properties":{"regime":"Intermitente","ordem":2,"largura":"10 - 50","fonte":"ANA (2021), MDE/Maxar(imagens do basemap/arcmap), Cartas topográficas"},"geometry":{"type":"LineString","coordinates":[[-35.893157,-5.978519],[-35.894694,-5.978565],[-35.895941,-5.978089],[-35.896417,-5.977709],[-35.897778,-5.978622],[-35.898568,-5.978365],[-35.89876,-5.978075]]}},{"type":"Feature","id":822,"properties":{"regime":"Intermitente","ordem":3,"largura":"10 - 50","fonte":"ANA (2021), MDE/Maxar(imagens do basemap/arcmap), Cartas topográficas"},"geometry":{"type":"LineString","coordinates":[[-35.901689,-5.992972],[-35.900485,-5.993561],[-35.89976,-5.993572],[-35.899462,-5.994358],[-35.897773,-5.997046],[-35.896607,-5.997356],[-35.896155,-5.997772],[-35.896179,-5.998343],[-35.898237,-5.998795],[-35.900057,-6.000026]]}},{"type":"Feature","id":823,"properties":{"regime":"Intermitente","ordem":1,"largura":"<=10","fonte":"ANA (2021), MDE/Maxar(imagens do basemap/arcmap), Cartas topográficas"},"geometry":{"type":"LineString","coordinates":[[-35.728055,-5.710719],[-35.72835,-5.711214]]}},{"type":"Feature","id":824,"properties":{"regime":"Intermitente","ordem":1,"largura":"<=10","fonte":"ANA (2021), MDE/Maxar(imagens do basemap/arcmap), Cartas topográficas"},"geometry":{"type":"LineString","coordinates":[[-35.727846,-5.71149],[-35.72835,-5.711214]]}},{"type":"Feature","id":825,"properties":{"regime":"Intermitente","ordem":2,"largura":"<=10","fonte":"ANA (2021), MDE/Maxar(imagens do basemap/arcmap), Cartas topográficas"},"geometry":{"type":"LineString","coordinates":[[-35.729997,-5.711985],[-35.729854,-5.711747],[-35.72835,-5.711214]]}},{"type":"Feature","id":826,"properties":{"regime":"Intermitente","ordem":1,"largura":"<=10","fonte":"ANA (2021), MDE/Maxar(imagens do basemap/arcmap), Cartas topográficas"},"geometry":{"type":"LineString","coordinates":[[-35.633733,-5.794403],[-35.63478,-5.794821],[-35.635256,-5.794688],[-35.635436,-5.794869],[-35.635579,-5.796059],[-35.635771,-5.796303],[-35.635494,-5.796839],[-35.635341,-5.798181],[-35.635655,-5.799447],[-35.636493,-5.800713],[-35.637112,-5.80274],[-35.637035,-5.803682],[-35.63735,-5.805976],[-35.638407,-5.806245],[-35.639205,-5.808346],[-35.639424,-5.810174],[-35.64031,-5.812172],[-35.641699,-5.814618]]}},{"type":"Feature","id":827,"properties":{"regime":"Intermitente","ordem":2,"largura":"<=10","fonte":"ANA (2021), MDE/Maxar(imagens do basemap/arcmap), Cartas topográficas"},"geometry":{"type":"LineString","coordinates":[[-35.649838,-5.792508],[-35.650227,-5.791728],[-35.651112,-5.791328],[-35.651769,-5.791252],[-35.652664,-5.790729],[-35.653511,-5.789406],[-35.654501,-5.786864],[-35.654796,-5.785618],[-35.654872,-5.78261],[-35.654364,-5.781192]]}},{"type":"Feature","id":828,"properties":{"regime":"Intermitente","ordem":2,"largura":"<=10","fonte":"ANA (2021), MDE/Maxar(imagens do basemap/arcmap), Cartas topográficas"},"geometry":{"type":"LineString","coordinates":[[-35.654364,-5.781192],[-35.655552,-5.779629],[-35.655719,-5.778463],[-35.654799,-5.775973]]}},{"type":"Feature","id":829,"properties":{"regime":"Intermitente","ordem":1,"largura":"<=10","fonte":"ANA (2021), MDE/Maxar(imagens do basemap/arcmap), Cartas topográficas"},"geometry":{"type":"LineString","coordinates":[[-35.654928,-5.775781],[-35.655794,-5.773787],[-35.655088,-5.772585],[-35.654934,-5.771919]]}},{"type":"Feature","id":830,"properties":{"regime":"Intermitente","ordem":1,"largura":"<=10","fonte":"ANA (2021), MDE/Maxar(imagens do basemap/arcmap), Cartas topográficas"},"geometry":{"type":"LineString","coordinates":[[-35.659209,-5.795741],[-35.659392,-5.794272],[-35.659916,-5.793463],[-35.66037,-5.790839],[-35.661467,-5.789856],[-35.661838,-5.789285],[-35.662057,-5.785791],[-35.662552,-5.784145],[-35.662153,-5.783136],[-35.662448,-5.782479],[-35.6624,-5.781718],[-35.663028,-5.781042],[-35.662895,-5.780185],[-35.663266,-5.77891],[-35.662885,-5.776178],[-35.6624,-5.775027]]}},{"type":"Feature","id":831,"properties":{"regime":"Intermitente","ordem":1,"largura":"<=10","fonte":"ANA (2021), MDE/Maxar(imagens do basemap/arcmap), Cartas topográficas"},"geometry":{"type":"LineString","coordinates":[[-35.6624,-5.775027],[-35.661524,-5.774037]]}},{"type":"Feature","id":832,"properties":{"regime":"Intermitente","ordem":1,"largura":"<=10","fonte":"ANA (2021), MDE/Maxar(imagens do basemap/arcmap), Cartas topográficas"},"geometry":{"type":"LineString","coordinates":[[-35.654928,-5.775781],[-35.654799,-5.775973]]}},{"type":"Feature","id":833,"properties":{"regime":"Intermitente","ordem":1,"largura":"<=10","fonte":"ANA (2021), MDE/Maxar(imagens do basemap/arcmap), Cartas topográficas"},"geometry":{"type":"LineString","coordinates":[[-35.686794,-5.73806],[-35.688926,-5.736413],[-35.690154,-5.735147],[-35.692981,-5.733529],[-35.694332,-5.732425]]}},{"type":"Feature","id":834,"properties":{"regime":"Intermitente","ordem":2,"largura":"<=10","fonte":"ANA (2021), MDE/Maxar(imagens do basemap/arcmap), Cartas topográficas"},"geometry":{"type":"LineString","coordinates":[[-35.708482,-5.730268],[-35.708063,-5.730429],[-35.705883,-5.730229],[-35.704874,-5.729534],[-35.703856,-5.728183],[-35.703637,-5.727278],[-35.703961,-5.724823],[-35.703799,-5.723119],[-35.703399,-5.722339],[-35.702799,-5.72191],[-35.702181,-5.721016],[-35.702048,-5.720444],[-35.702009,-5.716542],[-35.702333,-5.713753]]}},{"type":"Feature","id":835,"properties":{"regime":"Intermitente","ordem":1,"largura":"<=10","fonte":"ANA (2021), MDE/Maxar(imagens do basemap/arcmap), Cartas topográficas"},"geometry":{"type":"LineString","coordinates":[[-35.702885,-5.705616],[-35.703009,-5.706025],[-35.702857,-5.7085],[-35.702352,-5.709718],[-35.702209,-5.710812],[-35.702333,-5.713753]]}},{"type":"Feature","id":836,"properties":{"regime":"Intermitente","ordem":1,"largura":"<=10","fonte":"ANA (2021), MDE/Maxar(imagens do basemap/arcmap), Cartas topográficas"},"geometry":{"type":"LineString","coordinates":[[-35.702257,-5.713458],[-35.701181,-5.713325],[-35.700829,-5.713116],[-35.698402,-5.709754]]}},{"type":"Feature","id":837,"properties":{"regime":"Intermitente","ordem":1,"largura":"<=10","fonte":"ANA (2021), MDE/Maxar(imagens do basemap/arcmap), Cartas topográficas"},"geometry":{"type":"LineString","coordinates":[[-35.737996,-5.755478],[-35.738036,-5.755749],[-35.737779,-5.755996],[-35.737512,-5.756815],[-35.737055,-5.757367],[-35.737065,-5.758414],[-35.736703,-5.759309],[-35.73755,-5.760822],[-35.737436,-5.761088],[-35.737607,-5.761488],[-35.737902,-5.761783],[-35.738854,-5.762069],[-35.739501,-5.761926],[-35.739692,-5.762583],[-35.739225,-5.763059],[-35.739244,-5.763744],[-35.739654,-5.76521],[-35.739387,-5.766475],[-35.738512,-5.767332],[-35.738312,-5.767913],[-35.737836,-5.768113],[-35.736932,-5.769131],[-35.737208,-5.770359],[-35.737122,-5.771139],[-35.737408,-5.774226],[-35.736827,-5.775689],[-35.736893,-5.776602],[-35.737493,-5.778544],[-35.737779,-5.780381],[-35.739121,-5.78296],[-35.742166,-5.786434],[-35.742423,-5.786672],[-35.743213,-5.786853]]}},{"type":"Feature","id":838,"properties":{"regime":"Intermitente","ordem":1,"largura":"<=10","fonte":"ANA (2021), MDE/Maxar(imagens do basemap/arcmap), Cartas topográficas"},"geometry":{"type":"LineString","coordinates":[[-35.785536,-5.770676],[-35.786429,-5.772465],[-35.786315,-5.77356],[-35.785334,-5.774931],[-35.784953,-5.774997],[-35.784373,-5.776254],[-35.783811,-5.777938],[-35.783754,-5.779261],[-35.783945,-5.780261],[-35.784592,-5.781521],[-35.786153,-5.782592],[-35.788037,-5.783183],[-35.788532,-5.783639],[-35.789075,-5.784506],[-35.789448,-5.785696],[-35.790664,-5.787751],[-35.790188,-5.789226],[-35.789486,-5.790271],[-35.789486,-5.793245],[-35.788356,-5.794602]]}},{"type":"Feature","id":839,"properties":{"regime":"Intermitente","ordem":1,"largura":"<=10","fonte":"ANA (2021), MDE/Maxar(imagens do basemap/arcmap), Cartas topográficas"},"geometry":{"type":"LineString","coordinates":[[-35.8216,-5.82781],[-35.823332,-5.828771],[-35.824779,-5.829038],[-35.82575,-5.828887],[-35.826797,-5.829314],[-35.828938,-5.8292],[-35.829595,-5.829466],[-35.8299,-5.829818],[-35.830442,-5.829942],[-35.831108,-5.829666],[-35.832232,-5.829704],[-35.833326,-5.828933],[-35.83542,-5.828267],[-35.836667,-5.827391],[-35.837828,-5.827505],[-35.838713,-5.828143],[-35.839598,-5.828143],[-35.840122,-5.828524],[-35.840417,-5.829161],[-35.841873,-5.829399],[-35.843329,-5.830294],[-35.844167,-5.830294],[-35.847565,-5.831903],[-35.848536,-5.83255],[-35.852267,-5.832769],[-35.853095,-5.833207]]}},{"type":"Feature","id":840,"properties":{"regime":"Intermitente","ordem":1,"largura":"<=10","fonte":"ANA (2021), MDE/Maxar(imagens do basemap/arcmap), Cartas topográficas"},"geometry":{"type":"LineString","coordinates":[[-35.872521,-5.834565],[-35.874727,-5.829908],[-35.876164,-5.828889],[-35.877506,-5.827405],[-35.877716,-5.826044],[-35.878106,-5.82553],[-35.879286,-5.825292],[-35.879914,-5.824616],[-35.880438,-5.823788],[-35.880847,-5.821703],[-35.881599,-5.821418],[-35.881371,-5.820628],[-35.881494,-5.820419],[-35.882551,-5.820295],[-35.883189,-5.820428],[-35.883649,-5.820802],[-35.884017,-5.820523],[-35.884492,-5.820561],[-35.885204,-5.821381],[-35.88691,-5.82216],[-35.888043,-5.821599],[-35.889071,-5.82158],[-35.890993,-5.822493],[-35.893734,-5.822741],[-35.896761,-5.823312],[-35.899826,-5.822769]]}},{"type":"Feature","id":841,"properties":{"regime":"Intermitente","ordem":1,"largura":"<=10","fonte":"ANA (2021), MDE/Maxar(imagens do basemap/arcmap), Cartas topográficas"},"geometry":{"type":"LineString","coordinates":[[-35.899826,-5.822769],[-35.900121,-5.822665]]}},{"type":"Feature","id":842,"properties":{"regime":"Intermitente","ordem":1,"largura":"<=10","fonte":"ANA (2021), MDE/Maxar(imagens do basemap/arcmap), Cartas topográficas"},"geometry":{"type":"LineString","coordinates":[[-35.913954,-5.850365],[-35.913783,-5.849031],[-35.913401,-5.848643],[-35.911878,-5.847815],[-35.911021,-5.84693],[-35.909719,-5.846958],[-35.909056,-5.846332],[-35.908706,-5.845624],[-35.907935,-5.844739],[-35.904766,-5.841445],[-35.903662,-5.841122],[-35.902289,-5.840414],[-35.90126,-5.838962],[-35.901,-5.838091]]}},{"type":"Feature","id":843,"properties":{"regime":"Intermitente","ordem":2,"largura":"10 - 50","fonte":"ANA (2021), MDE/Maxar(imagens do basemap/arcmap), Cartas topográficas"},"geometry":{"type":"LineString","coordinates":[[-35.937563,-5.861723],[-35.936697,-5.862096],[-35.936332,-5.86152],[-35.935802,-5.861468],[-35.93526,-5.860287],[-35.934622,-5.859707],[-35.935441,-5.856575],[-35.935193,-5.855757],[-35.93442,-5.855099],[-35.93447,-5.854405],[-35.93367,-5.853558]]}},{"type":"Feature","id":844,"properties":{"regime":"Intermitente","ordem":1,"largura":"<=10","fonte":"ANA (2021), MDE/Maxar(imagens do basemap/arcmap), Cartas topográficas"},"geometry":{"type":"LineString","coordinates":[[-35.933908,-5.844554],[-35.932519,-5.846096],[-35.932861,-5.846905]]}},{"type":"Feature","id":845,"properties":{"regime":"Intermitente","ordem":1,"largura":"<=10","fonte":"ANA (2021), MDE/Maxar(imagens do basemap/arcmap), Cartas topográficas"},"geometry":{"type":"LineString","coordinates":[[-35.933927,-5.845325],[-35.932861,-5.846905]]}},{"type":"Feature","id":846,"properties":{"regime":"Intermitente","ordem":2,"largura":"<=10","fonte":"ANA (2021), MDE/Maxar(imagens do basemap/arcmap), Cartas topográficas"},"geometry":{"type":"LineString","coordinates":[[-35.932861,-5.846905],[-35.932347,-5.847714]]}},{"type":"Feature","id":847,"properties":{"regime":"Intermitente","ordem":1,"largura":"<=10","fonte":"ANA (2021), MDE/Maxar(imagens do basemap/arcmap), Cartas topográficas"},"geometry":{"type":"LineString","coordinates":[[-35.961593,-5.859545],[-35.961736,-5.859722],[-35.961641,-5.860046],[-35.960185,-5.860798],[-35.959861,-5.861369],[-35.960261,-5.861864],[-35.961089,-5.861721],[-35.961317,-5.861845],[-35.960975,-5.862578],[-35.961622,-5.863206],[-35.960973,-5.86401],[-35.96096,-5.864689],[-35.962012,-5.864995],[-35.961974,-5.866023],[-35.962222,-5.866556],[-35.963611,-5.867232],[-35.963954,-5.867717],[-35.964696,-5.867822],[-35.965524,-5.86845],[-35.96502,-5.870497],[-35.963545,-5.871877],[-35.962716,-5.872153],[-35.962079,-5.872914],[-35.962231,-5.874047],[-35.962102,-5.87533],[-35.962726,-5.877169],[-35.96265,-5.877787],[-35.963145,-5.878482],[-35.963192,-5.879186],[-35.962916,-5.879834],[-35.964078,-5.88187],[-35.964775,-5.88265],[-35.964918,-5.883135],[-35.963414,-5.884991]]}},{"type":"Feature","id":848,"properties":{"regime":"Intermitente","ordem":1,"largura":"<=10","fonte":"ANA (2021), MDE/Maxar(imagens do basemap/arcmap), Cartas topográficas"},"geometry":{"type":"LineString","coordinates":[[-35.984363,-5.856376],[-35.984752,-5.856864],[-35.985456,-5.857178],[-35.985332,-5.858339],[-35.986056,-5.858492],[-35.986493,-5.859053],[-35.987274,-5.859453],[-35.98815,-5.859281],[-35.98853,-5.859386],[-35.989368,-5.860376],[-35.989768,-5.861585],[-35.990377,-5.862165],[-35.992118,-5.863136],[-35.99366,-5.863593],[-35.995088,-5.864459],[-35.996011,-5.864602]]}},{"type":"Feature","id":849,"properties":{"regime":"Intermitente","ordem":2,"largura":"<=10","fonte":"ANA (2021), MDE/Maxar(imagens do basemap/arcmap), Cartas topográficas"},"geometry":{"type":"LineString","coordinates":[[-35.880482,-5.880093],[-35.878809,-5.879328],[-35.877704,-5.879129],[-35.877333,-5.879271],[-35.876772,-5.879062],[-35.876046,-5.878641],[-35.875344,-5.877787],[-35.875487,-5.877358],[-35.876144,-5.876797],[-35.876753,-5.875426],[-35.87721,-5.874941],[-35.87721,-5.874179],[-35.878151,-5.873599]]}},{"type":"Feature","id":850,"properties":{"regime":"Intermitente","ordem":1,"largura":"<=10","fonte":"ANA (2021), MDE/Maxar(imagens do basemap/arcmap), Cartas topográficas"},"geometry":{"type":"LineString","coordinates":[[-35.878723,-5.871181],[-35.878066,-5.872247],[-35.878151,-5.873599]]}},{"type":"Feature","id":851,"properties":{"regime":"Intermitente","ordem":1,"largura":"<=10","fonte":"ANA (2021), MDE/Maxar(imagens do basemap/arcmap), Cartas topográficas"},"geometry":{"type":"LineString","coordinates":[[-35.882522,-5.886486],[-35.883002,-5.886248],[-35.884167,-5.886486],[-35.88509,-5.886115],[-35.886337,-5.886276],[-35.88845,-5.885839],[-35.889812,-5.886583],[-35.890563,-5.88661],[-35.891228,-5.886983],[-35.891867,-5.887019],[-35.892609,-5.887561],[-35.894075,-5.887999],[-35.894513,-5.887885],[-35.89476,-5.886981],[-35.895351,-5.886553],[-35.895836,-5.886867],[-35.896198,-5.886809],[-35.898967,-5.885772],[-35.899824,-5.885677],[-35.901061,-5.885991],[-35.903431,-5.885763],[-35.904535,-5.885896],[-35.905325,-5.885268],[-35.905972,-5.885467],[-35.906998,-5.885009],[-35.908038,-5.884811]]}},{"type":"Feature","id":852,"properties":{"regime":"Intermitente","ordem":1,"largura":"<=10","fonte":"ANA (2021), MDE/Maxar(imagens do basemap/arcmap), Cartas topográficas"},"geometry":{"type":"LineString","coordinates":[[-35.908038,-5.884811],[-35.909451,-5.884393]]}},{"type":"Feature","id":853,"properties":{"regime":"Intermitente","ordem":1,"largura":"<=10","fonte":"ANA (2021), MDE/Maxar(imagens do basemap/arcmap), Cartas topográficas"},"geometry":{"type":"LineString","coordinates":[[-35.888929,-5.882383],[-35.88963,-5.882131],[-35.889811,-5.881779],[-35.890677,-5.881637],[-35.8916,-5.881208],[-35.892628,-5.88176],[-35.892923,-5.881713],[-35.893837,-5.880847],[-35.89379,-5.879638],[-35.894913,-5.878619],[-35.895312,-5.878638],[-35.896531,-5.879428],[-35.897016,-5.879524],[-35.897311,-5.880047],[-35.898825,-5.880323],[-35.900823,-5.879248],[-35.903069,-5.879057],[-35.903564,-5.878867],[-35.904697,-5.878876],[-35.905335,-5.879114],[-35.906934,-5.878667],[-35.907752,-5.878715],[-35.908809,-5.878439],[-35.910903,-5.879181],[-35.911436,-5.880761]]}},{"type":"Feature","id":854,"properties":{"regime":"Intermitente","ordem":1,"largura":"<=10","fonte":"ANA (2021), MDE/Maxar(imagens do basemap/arcmap), Cartas topográficas"},"geometry":{"type":"LineString","coordinates":[[-35.864888,-5.908163],[-35.864566,-5.906587],[-35.864749,-5.906494],[-35.864939,-5.905761],[-35.865339,-5.905447],[-35.864939,-5.904077],[-35.864949,-5.90341],[-35.863645,-5.901297],[-35.863778,-5.900726],[-35.863578,-5.89946],[-35.862617,-5.898309],[-35.862941,-5.896843],[-35.862998,-5.895215],[-35.861437,-5.893474],[-35.861465,-5.892874],[-35.861998,-5.891834],[-35.862293,-5.890457],[-35.862893,-5.889283],[-35.863274,-5.88762],[-35.863797,-5.886554],[-35.865425,-5.884555],[-35.867966,-5.883518],[-35.869403,-5.881091]]}},{"type":"Feature","id":855,"properties":{"regime":"Intermitente","ordem":1,"largura":"<=10","fonte":"ANA (2021), MDE/Maxar(imagens do basemap/arcmap), Cartas topográficas"},"geometry":{"type":"LineString","coordinates":[[-35.82514,-5.969698],[-35.827036,-5.966372],[-35.827977,-5.965271],[-35.828843,-5.964558],[-35.830369,-5.96396],[-35.83113,-5.963449],[-35.832593,-5.961866],[-35.833343,-5.961498],[-35.834009,-5.961414],[-35.835151,-5.961474],[-35.836722,-5.962021]]}},{"type":"Feature","id":856,"properties":{"regime":"Intermitente","ordem":1,"largura":"<=10","fonte":"ANA (2021), MDE/Maxar(imagens do basemap/arcmap), Cartas topográficas"},"geometry":{"type":"LineString","coordinates":[[-35.878854,-5.987072],[-35.878045,-5.987775],[-35.87776,-5.988775],[-35.876884,-5.990564],[-35.877408,-5.992201],[-35.876865,-5.993134],[-35.877313,-5.994485],[-35.877008,-5.995494],[-35.876066,-5.996141],[-35.876042,-5.998906]]}},{"type":"Feature","id":857,"properties":{"regime":"Intermitente","ordem":1,"largura":"<=10","fonte":"ANA (2021), MDE/Maxar(imagens do basemap/arcmap), Cartas topográficas"},"geometry":{"type":"LineString","coordinates":[[-35.839772,-5.986343],[-35.840666,-5.986381],[-35.841552,-5.987409],[-35.841923,-5.987552],[-35.842513,-5.987618],[-35.843864,-5.98719],[-35.844283,-5.987352],[-35.845768,-5.986971],[-35.846548,-5.987314],[-35.84672,-5.987818]]}},{"type":"Feature","id":858,"properties":{"regime":"Intermitente","ordem":1,"largura":"<=10","fonte":"ANA (2021), MDE/Maxar(imagens do basemap/arcmap), Cartas topográficas"},"geometry":{"type":"LineString","coordinates":[[-35.772762,-5.947829],[-35.773791,-5.946334],[-35.774266,-5.945068],[-35.774485,-5.943755],[-35.774124,-5.943384],[-35.774281,-5.943021],[-35.774952,-5.941966],[-35.776513,-5.940176],[-35.776998,-5.937787],[-35.77795,-5.935903],[-35.779311,-5.934694]]}},{"type":"Feature","id":859,"properties":{"regime":"Intermitente","ordem":1,"largura":"<=10","fonte":"ANA (2021), MDE/Maxar(imagens do basemap/arcmap), Cartas topográficas"},"geometry":{"type":"LineString","coordinates":[[-35.764312,-5.950698],[-35.76453,-5.952197],[-35.764368,-5.95313],[-35.76571,-5.955547],[-35.765634,-5.956223],[-35.76511,-5.957127],[-35.765078,-5.957584],[-35.765472,-5.957851],[-35.765878,-5.958664],[-35.766248,-5.959015],[-35.766662,-5.959098],[-35.766966,-5.95964],[-35.767347,-5.959669],[-35.767709,-5.959983],[-35.768308,-5.960782],[-35.768204,-5.961296],[-35.769763,-5.966296],[-35.769003,-5.967469],[-35.768897,-5.968593],[-35.769016,-5.969366],[-35.770057,-5.971121],[-35.770295,-5.972073],[-35.769686,-5.974064],[-35.769952,-5.975521]]}},{"type":"Feature","id":860,"properties":{"regime":"Intermitente","ordem":1,"largura":"<=10","fonte":"ANA (2021), MDE/Maxar(imagens do basemap/arcmap), Cartas topográficas"},"geometry":{"type":"LineString","coordinates":[[-35.728404,-5.960038],[-35.727016,-5.964864],[-35.727006,-5.966777],[-35.728406,-5.970432],[-35.728063,-5.971469],[-35.728577,-5.973192],[-35.730329,-5.975659],[-35.730252,-5.978436],[-35.731309,-5.980235],[-35.733069,-5.980968],[-35.733697,-5.981596],[-35.73542,-5.982053],[-35.736743,-5.98212]]}},{"type":"Feature","id":861,"properties":{"regime":"Intermitente","ordem":1,"largura":"<=10","fonte":"ANA (2021), MDE/Maxar(imagens do basemap/arcmap), Cartas topográficas"},"geometry":{"type":"LineString","coordinates":[[-35.731758,-5.991692],[-35.733717,-5.99057],[-35.736439,-5.989818],[-35.738495,-5.988352],[-35.739323,-5.987543],[-35.740638,-5.984339],[-35.742121,-5.982756],[-35.74491,-5.981328],[-35.745519,-5.980138]]}},{"type":"Feature","id":862,"properties":{"regime":"Intermitente","ordem":1,"largura":"<=10","fonte":"ANA (2021), MDE/Maxar(imagens do basemap/arcmap), Cartas topográficas"},"geometry":{"type":"LineString","coordinates":[[-35.756125,-5.994712],[-35.756683,-5.995376],[-35.756436,-5.996461],[-35.756797,-5.996709],[-35.757568,-5.996709],[-35.759786,-5.996366],[-35.760024,-5.996014],[-35.760091,-5.994596],[-35.76029,-5.994263],[-35.761604,-5.994139],[-35.762775,-5.994862],[-35.763108,-5.995509],[-35.764326,-5.99569],[-35.76465,-5.99649],[-35.766858,-5.997032],[-35.767752,-5.997546],[-35.768771,-5.997794],[-35.769085,-5.997794],[-35.770151,-5.997127],[-35.770751,-5.996518],[-35.770912,-5.995871],[-35.773387,-5.995595],[-35.774367,-5.995995],[-35.775824,-5.99609]]}},{"type":"Feature","id":863,"properties":{"regime":"Intermitente","ordem":1,"largura":"<=10","fonte":"ANA (2021), MDE/Maxar(imagens do basemap/arcmap), Cartas topográficas"},"geometry":{"type":"LineString","coordinates":[[-35.721485,-5.949767],[-35.720602,-5.951401],[-35.72024,-5.951753],[-35.719127,-5.952076],[-35.718413,-5.952628],[-35.716538,-5.955074],[-35.715158,-5.956045],[-35.712483,-5.956045],[-35.711589,-5.955503],[-35.710808,-5.955712],[-35.710494,-5.956102],[-35.709875,-5.955998],[-35.709295,-5.956312],[-35.707572,-5.956007],[-35.706392,-5.956264],[-35.704088,-5.956245],[-35.703746,-5.95635],[-35.702632,-5.957387],[-35.701414,-5.958825],[-35.700871,-5.959919]]}},{"type":"Feature","id":864,"properties":{"regime":"Intermitente","ordem":1,"largura":"<=10","fonte":"ANA (2021), MDE/Maxar(imagens do basemap/arcmap), Cartas topográficas"},"geometry":{"type":"LineString","coordinates":[[-35.732983,-5.946988],[-35.734324,-5.946383],[-35.736045,-5.944885],[-35.737084,-5.945593],[-35.73894,-5.945926],[-35.740035,-5.946364],[-35.741919,-5.945517],[-35.742395,-5.945145],[-35.74293,-5.94428],[-35.743252,-5.942633],[-35.743623,-5.941833],[-35.746926,-5.938064]]}},{"type":"Feature","id":865,"properties":{"regime":"Intermitente","ordem":1,"largura":"<=10","fonte":"ANA (2021), MDE/Maxar(imagens do basemap/arcmap), Cartas topográficas"},"geometry":{"type":"LineString","coordinates":[[-35.709017,-5.936813],[-35.707921,-5.937664],[-35.707446,-5.938378],[-35.706779,-5.938407],[-35.703933,-5.940786],[-35.703534,-5.941719],[-35.702411,-5.942928],[-35.70203,-5.943851],[-35.700754,-5.944527],[-35.699812,-5.944527],[-35.69848,-5.947439],[-35.69808,-5.949124],[-35.696966,-5.951922]]}},{"type":"Feature","id":866,"properties":{"regime":"Intermitente","ordem":1,"largura":"<=10","fonte":"ANA (2021), MDE/Maxar(imagens do basemap/arcmap), Cartas topográficas"},"geometry":{"type":"LineString","coordinates":[[-35.655282,-5.916472],[-35.651816,-5.916765],[-35.645543,-5.915534],[-35.644087,-5.91501]]}},{"type":"Feature","id":867,"properties":{"regime":"Intermitente","ordem":1,"largura":"<=10","fonte":"ANA (2021), MDE/Maxar(imagens do basemap/arcmap), Cartas topográficas"},"geometry":{"type":"LineString","coordinates":[[-35.640186,-5.843065],[-35.640604,-5.843054],[-35.641041,-5.841436],[-35.642888,-5.838771],[-35.643288,-5.837086],[-35.643288,-5.836134],[-35.642755,-5.835192],[-35.642821,-5.834907],[-35.64324,-5.834307],[-35.643507,-5.834221],[-35.644087,-5.833279],[-35.64462,-5.832032],[-35.644934,-5.830309],[-35.64541,-5.829101],[-35.64778,-5.82555]]}},{"type":"Feature","id":868,"properties":{"regime":"Intermitente","ordem":1,"largura":"<=10","fonte":"ANA (2021), MDE/Maxar(imagens do basemap/arcmap), Cartas topográficas"},"geometry":{"type":"LineString","coordinates":[[-35.657943,-5.795617],[-35.656898,-5.798786],[-35.6564,-5.799147],[-35.65607,-5.801756],[-35.656184,-5.801889],[-35.655547,-5.803993],[-35.655661,-5.804269],[-35.655204,-5.805316],[-35.655023,-5.806857],[-35.654452,-5.808304],[-35.654509,-5.810046],[-35.653719,-5.811949],[-35.653814,-5.813977],[-35.654757,-5.81708],[-35.655316,-5.817905]]}},{"type":"Feature","id":869,"properties":{"regime":"Intermitente","ordem":1,"largura":"<=10","fonte":"ANA (2021), MDE/Maxar(imagens do basemap/arcmap), Cartas topográficas"},"geometry":{"type":"LineString","coordinates":[[-35.69141,-5.806917],[-35.692267,-5.807309],[-35.692572,-5.807842],[-35.692981,-5.80808],[-35.69399,-5.80788],[-35.695827,-5.80827],[-35.69616,-5.808175],[-35.696693,-5.806567],[-35.696579,-5.804578],[-35.69675,-5.802874],[-35.696455,-5.800999],[-35.69675,-5.800209],[-35.69754,-5.799457],[-35.698197,-5.798143],[-35.700005,-5.796897],[-35.70071,-5.796573],[-35.703061,-5.796611],[-35.704564,-5.79605],[-35.705174,-5.795364],[-35.706154,-5.793584],[-35.706327,-5.791831]]}},{"type":"Feature","id":870,"properties":{"regime":"Intermitente","ordem":1,"largura":"<=10","fonte":"ANA (2021), MDE/Maxar(imagens do basemap/arcmap), Cartas topográficas"},"geometry":{"type":"LineString","coordinates":[[-35.716964,-5.800505],[-35.718236,-5.800449],[-35.719739,-5.800802],[-35.720386,-5.800678],[-35.721604,-5.79985],[-35.723708,-5.799727],[-35.724584,-5.798575],[-35.724888,-5.797652],[-35.725678,-5.796871],[-35.726164,-5.79669],[-35.728886,-5.796471],[-35.729552,-5.796976],[-35.731227,-5.796985],[-35.732312,-5.797233],[-35.734301,-5.798499],[-35.735719,-5.799793],[-35.737652,-5.800069],[-35.739165,-5.799945],[-35.739993,-5.799631],[-35.741687,-5.797699]]}},{"type":"Feature","id":871,"properties":{"regime":"Intermitente","ordem":1,"largura":"<=10","fonte":"ANA (2021), MDE/Maxar(imagens do basemap/arcmap), Cartas topográficas"},"geometry":{"type":"LineString","coordinates":[[-35.637425,-5.73148],[-35.636687,-5.729224],[-35.634284,-5.726702],[-35.633413,-5.724921]]}},{"type":"Feature","id":872,"properties":{"regime":"Intermitente","ordem":1,"largura":"<=10","fonte":"ANA (2021), MDE/Maxar(imagens do basemap/arcmap), Cartas topográficas"},"geometry":{"type":"LineString","coordinates":[[-35.754201,-5.86497],[-35.754764,-5.863749],[-35.754755,-5.862321],[-35.755345,-5.859628],[-35.755954,-5.859019],[-35.756811,-5.857077],[-35.757458,-5.856925],[-35.757791,-5.857134],[-35.758552,-5.856801],[-35.759752,-5.854878],[-35.759704,-5.854079],[-35.759257,-5.853194],[-35.760106,-5.852478],[-35.760227,-5.849082],[-35.760523,-5.848749],[-35.761571,-5.848412],[-35.763835,-5.847997],[-35.764301,-5.847055],[-35.766059,-5.84611],[-35.768508,-5.842829],[-35.769108,-5.842372],[-35.770669,-5.841944],[-35.771573,-5.841287],[-35.771896,-5.840868],[-35.771677,-5.839671]]}},{"type":"Feature","id":873,"properties":{"regime":"Perene","ordem":1,"largura":"<=10","fonte":"ANA (2021), MDE/Maxar(imagens do basemap/arcmap), Cartas topográficas"},"geometry":{"type":"LineString","coordinates":[[-35.654799,-5.775973],[-35.654553,-5.775583]]}},{"type":"Feature","id":874,"properties":{"regime":"Intermitente","ordem":2,"largura":"<=10","dominialidade":"Estadual","fonte":"ANA (2021), MDE/Maxar(imagens do basemap/arcmap), Cartas topográficas"},"geometry":{"type":"LineString","coordinates":[[-35.716964,-5.800505],[-35.71508,-5.802137],[-35.714537,-5.802384],[-35.714661,-5.80267],[-35.714014,-5.803355],[-35.712101,-5.804107],[-35.711587,-5.804554],[-35.711482,-5.805154],[-35.710864,-5.805173],[-35.710756,-5.805364],[-35.71035,-5.805325],[-35.710045,-5.805525],[-35.709569,-5.805316],[-35.70836,-5.807629],[-35.707447,-5.808685],[-35.707076,-5.810103],[-35.706143,-5.810589],[-35.705688,-5.810428],[-35.705354,-5.810562]]}},{"type":"Feature","id":875,"properties":{"regime":"Intermitente","ordem":3,"largura":"10 - 50","dominialidade":"Estadual","fonte":"ANA (2021), MDE/Maxar(imagens do basemap/arcmap), Cartas topográficas"},"geometry":{"type":"LineString","coordinates":[[-35.698751,-5.81185],[-35.69877,-5.812326],[-35.697667,-5.812421],[-35.695249,-5.811259],[-35.695316,-5.812154],[-35.694716,-5.812582],[-35.693974,-5.811964],[-35.693203,-5.811726],[-35.692717,-5.810717],[-35.692784,-5.810507],[-35.691728,-5.809089],[-35.691728,-5.808109],[-35.691404,-5.807538],[-35.69141,-5.806917]]}},{"type":"Feature","id":876,"properties":{"regime":"Intermitente","ordem":3,"largura":"10 - 50","dominialidade":"Estadual","fonte":"ANA (2021), MDE/Maxar(imagens do basemap/arcmap), Cartas topográficas"},"geometry":{"type":"LineString","coordinates":[[-35.672073,-5.803007],[-35.672216,-5.80355],[-35.671997,-5.804026],[-35.670904,-5.803915],[-35.669828,-5.804182]]}},{"type":"Feature","id":877,"properties":{"regime":"Intermitente","ordem":1,"largura":"<=10","dominialidade":"Estadual","fonte":"ANA (2021), MDE/Maxar(imagens do basemap/arcmap), Cartas topográficas"},"geometry":{"type":"LineString","coordinates":[[-35.675226,-5.729149],[-35.677241,-5.730298],[-35.678566,-5.731414],[-35.67989,-5.731689],[-35.680165,-5.732031],[-35.682938,-5.732264],[-35.683379,-5.732963],[-35.685087,-5.734188],[-35.686111,-5.737244],[-35.686794,-5.73806]]}},{"type":"Feature","id":878,"properties":{"regime":"Intermitente","ordem":1,"largura":"<=10","fonte":"ANA (2021), MDE/Maxar(imagens do basemap/arcmap), Cartas topográficas"},"geometry":{"type":"LineString","coordinates":[[-35.702333,-5.713753],[-35.705112,-5.710013],[-35.705436,-5.709128],[-35.70674,-5.707757],[-35.707035,-5.705121],[-35.70693,-5.704607]]}},{"type":"Feature","id":879,"properties":{"regime":"Intermitente","ordem":2,"largura":"<=10","dominialidade":"Estadual","fonte":"ANA (2021), MDE/Maxar(imagens do basemap/arcmap), Cartas topográficas"},"geometry":{"type":"LineString","coordinates":[[-35.708482,-5.730268],[-35.708825,-5.730925],[-35.708834,-5.731524],[-35.709224,-5.731905],[-35.709329,-5.73241],[-35.709129,-5.732524],[-35.709453,-5.733009],[-35.70931,-5.733142],[-35.709586,-5.734047],[-35.709424,-5.734484],[-35.709653,-5.735731],[-35.709624,-5.736445],[-35.709443,-5.736616],[-35.709843,-5.737045],[-35.709843,-5.737673],[-35.709519,-5.738644],[-35.709576,-5.739596],[-35.710052,-5.741033],[-35.710233,-5.742365],[-35.710138,-5.742889],[-35.709272,-5.743802],[-35.708834,-5.744602],[-35.709015,-5.745782],[-35.710539,-5.747218],[-35.710769,-5.74791],[-35.709824,-5.750275],[-35.709443,-5.750598],[-35.709396,-5.751017],[-35.709919,-5.751769],[-35.709967,-5.752549],[-35.710661,-5.753301],[-35.710785,-5.753815],[-35.71168,-5.754976],[-35.710966,-5.755633],[-35.71089,-5.756509],[-35.710554,-5.75671],[-35.710406,-5.757705],[-35.710695,-5.758287],[-35.71108,-5.758403],[-35.712241,-5.759545],[-35.71359,-5.759961]]}},{"type":"Feature","id":880,"properties":{"regime":"Intermitente","ordem":1,"largura":"<=10","dominialidade":"Estadual","fonte":"ANA (2021), MDE/Maxar(imagens do basemap/arcmap), Cartas topográficas"},"geometry":{"type":"LineString","coordinates":[[-35.731119,-5.71097],[-35.729997,-5.711985]]}},{"type":"Feature","id":881,"properties":{"regime":"Intermitente","ordem":2,"largura":"<=10","dominialidade":"Estadual","fonte":"ANA (2021), MDE/Maxar(imagens do basemap/arcmap), Cartas topográficas"},"geometry":{"type":"LineString","coordinates":[[-35.785536,-5.770676],[-35.783212,-5.76933],[-35.782638,-5.769418],[-35.781397,-5.768694],[-35.781331,-5.767953],[-35.782072,-5.766529],[-35.78198,-5.765871],[-35.782189,-5.765079],[-35.781489,-5.764588],[-35.780165,-5.764372],[-35.779782,-5.764113],[-35.779382,-5.763597],[-35.779574,-5.763206],[-35.779349,-5.762823],[-35.778691,-5.762506],[-35.77705,-5.762506],[-35.775434,-5.762981],[-35.774718,-5.762548],[-35.774119,-5.762506],[-35.773452,-5.762839],[-35.772903,-5.762456],[-35.772403,-5.762639],[-35.772128,-5.762231],[-35.771795,-5.762215],[-35.771187,-5.762514],[-35.770771,-5.763381],[-35.770104,-5.763505],[-35.769555,-5.763414],[-35.769539,-5.763191],[-35.769895,-5.7631],[-35.769867,-5.762739],[-35.768877,-5.762491],[-35.76882,-5.762025],[-35.76862,-5.761987],[-35.768545,-5.761688],[-35.767781,-5.761749],[-35.767849,-5.762396],[-35.767449,-5.762453],[-35.76689,-5.762198]]}},{"type":"Feature","id":882,"properties":{"nome":"Rio Camaragibe","regime":"Intermitente","ordem":3,"largura":"<=10","dominialidade":"Estadual","fonte":"ANA (2021), MDE/Maxar(imagens do basemap/arcmap), Cartas topográficas"},"geometry":{"type":"LineString","coordinates":[[-35.737996,-5.755478],[-35.737063,-5.755202],[-35.736349,-5.754631],[-35.735457,-5.754286],[-35.735171,-5.753584],[-35.734089,-5.752728],[-35.732863,-5.752085],[-35.732863,-5.752406],[-35.732447,-5.75243],[-35.732352,-5.752002],[-35.731971,-5.751585],[-35.7314,-5.751574],[-35.731221,-5.751942],[-35.729996,-5.751681],[-35.729461,-5.751954],[-35.728961,-5.751526],[-35.728949,-5.751062],[-35.72933,-5.750991],[-35.729425,-5.750753],[-35.728473,-5.749991],[-35.728794,-5.749753],[-35.728402,-5.749242],[-35.728473,-5.748016]]}},{"type":"Feature","id":883,"properties":{"nome":"Riacho Soo Pedro","regime":"Intermitente","ordem":1,"largura":"<=10","dominialidade":"Estadual","fonte":"ANA (2021), MDE/Maxar(imagens do basemap/arcmap), Cartas topográficas"},"geometry":{"type":"LineString","coordinates":[[-35.973424,-6.13457],[-35.973782,-6.134732],[-35.976661,-6.134297],[-35.977319,-6.134875],[-35.977542,-6.136177],[-35.978375,-6.137129],[-35.978327,-6.138533],[-35.978018,-6.139746],[-35.977304,-6.141222],[-35.977232,-6.141816],[-35.976661,-6.142102],[-35.976049,-6.142839]]}},{"type":"Feature","id":884,"properties":{"regime":"Intermitente","ordem":2,"largura":"10 - 50","dominialidade":"Estadual","fonte":"ANA (2021), MDE/Maxar(imagens do basemap/arcmap), Cartas topográficas"},"geometry":{"type":"LineString","coordinates":[[-35.951085,-6.109865],[-35.949528,-6.10987],[-35.947787,-6.108966],[-35.947387,-6.109023],[-35.946731,-6.110108],[-35.946288,-6.11035],[-35.945731,-6.110536],[-35.94506,-6.110365],[-35.944775,-6.110136],[-35.944564,-6.109211],[-35.944254,-6.108724],[-35.943521,-6.108149],[-35.943295,-6.107687],[-35.942233,-6.10691],[-35.940949,-6.106653],[-35.940064,-6.106767],[-35.939521,-6.107438],[-35.938436,-6.107538],[-35.936751,-6.106938],[-35.934766,-6.107338],[-35.934195,-6.107132],[-35.931757,-6.107078]]}},{"type":"Feature","id":885,"properties":{"nome":"Riacho S","regime":"Intermitente","ordem":1,"largura":"<=10","dominialidade":"Estadual","fonte":"ANA (2021), MDE/Maxar(imagens do basemap/arcmap), Cartas topográficas"},"geometry":{"type":"LineString","coordinates":[[-35.977411,-6.081726],[-35.976816,-6.081655],[-35.97609,-6.08125],[-35.974805,-6.081345],[-35.973264,-6.080584],[-35.971569,-6.079204],[-35.969463,-6.078062],[-35.968107,-6.078074],[-35.966537,-6.07849],[-35.963826,-6.077217],[-35.962456,-6.076161],[-35.961642,-6.07602],[-35.960024,-6.074985],[-35.957454,-6.074366],[-35.957216,-6.073926],[-35.956253,-6.073081],[-35.954004,-6.071856],[-35.952969,-6.07088],[-35.952576,-6.070821],[-35.951851,-6.071606],[-35.951216,-6.071937],[-35.949781,-6.071749],[-35.948876,-6.071939],[-35.94846,-6.071844],[-35.947639,-6.070833],[-35.946412,-6.070425]]}},{"type":"Feature","id":886,"properties":{"nome":"Riacho S","regime":"Intermitente","ordem":2,"largura":"10 - 50","dominialidade":"Estadual","fonte":"ANA (2021), MDE/Maxar(imagens do basemap/arcmap), Cartas topográficas"},"geometry":{"type":"LineString","coordinates":[[-35.946412,-6.070425],[-35.945317,-6.070111],[-35.944617,-6.069464],[-35.942154,-6.068679],[-35.941084,-6.06774],[-35.940441,-6.066609],[-35.940344,-6.065786],[-35.940524,-6.064158]]}},{"type":"Feature","id":887,"properties":{"nome":"Riacho dos Cavalos","regime":"Intermitente","ordem":1,"largura":"<=10","dominialidade":"Estadual","fonte":"ANA (2021), MDE/Maxar(imagens do basemap/arcmap), Cartas topográficas"},"geometry":{"type":"LineString","coordinates":[[-35.946363,-6.088021],[-35.943065,-6.085985],[-35.941244,-6.084072],[-35.940381,-6.083679],[-35.93901,-6.084557],[-35.938003,-6.085864],[-35.937354,-6.086085],[-35.936426,-6.086792],[-35.935812,-6.086999],[-35.935098,-6.086763],[-35.934541,-6.086892],[-35.933827,-6.087192],[-35.933306,-6.087919],[-35.932643,-6.088212],[-35.930308,-6.087331],[-35.929499,-6.087516],[-35.928393,-6.086499],[-35.92808,-6.086528],[-35.927572,-6.087147],[-35.92703,-6.087421],[-35.923735,-6.085612],[-35.922033,-6.085303],[-35.920279,-6.085749],[-35.919821,-6.085505]]}},{"type":"Feature","id":888,"properties":{"nome":"Riacho dos Cavalos","regime":"Intermitente","ordem":2,"largura":"10 - 50","dominialidade":"Estadual","fonte":"ANA (2021), MDE/Maxar(imagens do basemap/arcmap), Cartas topográficas"},"geometry":{"type":"LineString","coordinates":[[-35.919821,-6.085505],[-35.919487,-6.085119],[-35.91891,-6.084863],[-35.917857,-6.083405],[-35.917328,-6.082965],[-35.917111,-6.082414],[-35.916612,-6.082114],[-35.916479,-6.080939],[-35.91615,-6.080529],[-35.916045,-6.079302],[-35.915436,-6.078464],[-35.913842,-6.078954],[-35.91309,-6.078997],[-35.912775,-6.078667],[-35.912108,-6.078476],[-35.910657,-6.078476],[-35.90934,-6.077174],[-35.909037,-6.076395],[-35.909453,-6.075283],[-35.909316,-6.074277],[-35.910875,-6.073302],[-35.911797,-6.072398],[-35.910161,-6.071226],[-35.909739,-6.070512],[-35.90887,-6.069762]]}},{"type":"Feature","id":889,"properties":{"nome":"Riacho S","regime":"Intermitente","ordem":3,"largura":"10 - 50","dominialidade":"Estadual","fonte":"ANA (2021), MDE/Maxar(imagens do basemap/arcmap), Cartas topográficas"},"geometry":{"type":"LineString","coordinates":[[-35.88297,-6.039151],[-35.882253,-6.038935],[-35.881896,-6.037531],[-35.882015,-6.036995],[-35.881622,-6.036139],[-35.881824,-6.035473],[-35.881563,-6.034723],[-35.881658,-6.034271],[-35.880647,-6.033783],[-35.881253,-6.032701],[-35.880837,-6.031856],[-35.880908,-6.031546],[-35.882253,-6.030773],[-35.882888,-6.031023]]}},{"type":"Feature","id":890,"properties":{"nome":"Riacho do Fund_o","regime":"Intermitente","ordem":2,"largura":"10 - 50","dominialidade":"Estadual","fonte":"ANA (2021), MDE/Maxar(imagens do basemap/arcmap), Cartas topográficas"},"geometry":{"type":"LineString","coordinates":[[-35.88484,-6.092677],[-35.884631,-6.091297],[-35.88364,-6.09005],[-35.882917,-6.08857],[-35.882926,-6.088156]]}},{"type":"Feature","id":891,"properties":{"regime":"Intermitente","ordem":2,"largura":"10 - 50","dominialidade":"Estadual","fonte":"ANA (2021), MDE/Maxar(imagens do basemap/arcmap), Cartas topográficas"},"geometry":{"type":"LineString","coordinates":[[-35.95856,-6.116686],[-35.957775,-6.116807],[-35.955063,-6.116212],[-35.952707,-6.115261],[-35.951481,-6.115665],[-35.950552,-6.116247],[-35.949991,-6.116067],[-35.949068,-6.116523],[-35.948249,-6.115638],[-35.948295,-6.115394],[-35.946691,-6.114736],[-35.946119,-6.114768],[-35.945332,-6.115134],[-35.944547,-6.115051],[-35.944238,-6.115288],[-35.943369,-6.11536],[-35.94005,-6.114979],[-35.938218,-6.113896],[-35.937451,-6.113093],[-35.93668,-6.112941],[-35.935646,-6.11198],[-35.934876,-6.111842],[-35.934218,-6.111236],[-35.933318,-6.110864],[-35.932245,-6.109422],[-35.931495,-6.108756],[-35.931757,-6.107078]]}},{"type":"Feature","id":892,"properties":{"nome":"Riacho Soo Pedro","regime":"Intermitente","ordem":2,"largura":"10 - 50","dominialidade":"Estadual","fonte":"ANA (2021), MDE/Maxar(imagens do basemap/arcmap), Cartas topográficas"},"geometry":{"type":"LineString","coordinates":[[-35.950765,-6.137305],[-35.949797,-6.137153],[-35.949155,-6.136415],[-35.948441,-6.135344],[-35.948417,-6.134678],[-35.94792,-6.133544],[-35.94718,-6.132893],[-35.946751,-6.133036],[-35.944158,-6.13256],[-35.942802,-6.133346],[-35.942397,-6.133369],[-35.941683,-6.132608],[-35.941469,-6.131632],[-35.940794,-6.130721],[-35.939994,-6.130466],[-35.939799,-6.130118],[-35.939341,-6.129902],[-35.936853,-6.129553],[-35.93662,-6.129163],[-35.935273,-6.128201],[-35.93488,-6.1269]]}},{"type":"Feature","id":893,"properties":{"nome":"Riacho do Fund_o","regime":"Intermitente","ordem":2,"largura":"<=10","dominialidade":"Estadual","fonte":"ANA (2021), MDE/Maxar(imagens do basemap/arcmap), Cartas topográficas"},"geometry":{"type":"LineString","coordinates":[[-35.931404,-6.147569],[-35.93108,-6.146446],[-35.930528,-6.145837],[-35.930509,-6.144295],[-35.929748,-6.144067],[-35.928938,-6.144695],[-35.928434,-6.144485],[-35.927654,-6.143895],[-35.927368,-6.143305],[-35.927197,-6.142144],[-35.927292,-6.141744],[-35.927654,-6.141497],[-35.92872,-6.141268],[-35.928872,-6.140888],[-35.928568,-6.139765],[-35.928358,-6.139574],[-35.928339,-6.138737],[-35.929199,-6.136727],[-35.929367,-6.135539],[-35.929805,-6.13493],[-35.930319,-6.134701],[-35.930643,-6.134263],[-35.9307,-6.13373],[-35.931575,-6.13314]]}},{"type":"Feature","id":894,"properties":{"nome":"Riacho Soo Pedro","regime":"Intermitente","ordem":3,"largura":"10 - 50","dominialidade":"Estadual","fonte":"ANA (2021), MDE/Maxar(imagens do basemap/arcmap), Cartas topográficas"},"geometry":{"type":"LineString","coordinates":[[-35.933023,-6.126094],[-35.930315,-6.126076],[-35.928354,-6.125638],[-35.926755,-6.124934],[-35.92647,-6.124648],[-35.926203,-6.123868],[-35.92586,-6.123735],[-35.925784,-6.123316],[-35.925458,-6.123046],[-35.924703,-6.122717],[-35.924052,-6.122894]]}},{"type":"Feature","id":895,"properties":{"nome":"Riacho Soo Pedro","regime":"Intermitente","ordem":3,"largura":"10 - 50","dominialidade":"Estadual","fonte":"ANA (2021), MDE/Maxar(imagens do basemap/arcmap), Cartas topográficas"},"geometry":{"type":"LineString","coordinates":[[-35.924052,-6.122894],[-35.923662,-6.122623],[-35.923423,-6.122666],[-35.922569,-6.123369],[-35.922089,-6.12336],[-35.921289,-6.122874]]}},{"type":"Feature","id":896,"properties":{"nome":"Riacho Soo Pedro","regime":"Intermitente","ordem":3,"largura":"10 - 50","dominialidade":"Estadual","fonte":"ANA (2021), MDE/Maxar(imagens do basemap/arcmap), Cartas topográficas"},"geometry":{"type":"LineString","coordinates":[[-35.919002,-6.108464],[-35.918022,-6.107797],[-35.916633,-6.108112],[-35.914998,-6.106009]]}},{"type":"Feature","id":897,"properties":{"nome":"Riacho do Gavi_o","regime":"Intermitente","ordem":1,"largura":"<=10","dominialidade":"Estadual","fonte":"ANA (2021), MDE/Maxar(imagens do basemap/arcmap), Cartas topográficas"},"geometry":{"type":"LineString","coordinates":[[-35.900975,-6.151075],[-35.901165,-6.14993],[-35.901076,-6.148681],[-35.900778,-6.148264],[-35.901373,-6.146807],[-35.901492,-6.145617],[-35.901313,-6.144279],[-35.901611,-6.143535],[-35.902979,-6.142821],[-35.903277,-6.141988],[-35.903336,-6.140858],[-35.902503,-6.13949],[-35.902592,-6.139044],[-35.903544,-6.137557],[-35.903961,-6.135207],[-35.904407,-6.135237],[-35.905478,-6.13485],[-35.906132,-6.134553],[-35.906548,-6.134106],[-35.906548,-6.132026]]}},{"type":"Feature","id":898,"properties":{"nome":"Riacho do Gavi_o","regime":"Intermitente","ordem":2,"largura":"10 - 50","dominialidade":"Estadual","fonte":"ANA (2021), MDE/Maxar(imagens do basemap/arcmap), Cartas topográficas"},"geometry":{"type":"LineString","coordinates":[[-35.906548,-6.132026],[-35.906578,-6.131073],[-35.907203,-6.129377],[-35.906638,-6.12786],[-35.906578,-6.127474],[-35.9069,-6.126258],[-35.906539,-6.125515],[-35.906843,-6.124944],[-35.907491,-6.124735],[-35.90829,-6.123555],[-35.908005,-6.121899]]}},{"type":"Feature","id":899,"properties":{"nome":"Riacho Salgado","regime":"Intermitente","ordem":4,"largura":"10 - 50","dominialidade":"Estadual","fonte":"ANA (2021), MDE/Maxar(imagens do basemap/arcmap), Cartas topográficas"},"geometry":{"type":"LineString","coordinates":[[-35.879685,-6.078386],[-35.879298,-6.077688],[-35.879554,-6.077315],[-35.880661,-6.077005],[-35.881232,-6.076672],[-35.881515,-6.076172],[-35.881215,-6.075273],[-35.88063,-6.074716],[-35.880815,-6.073545],[-35.880087,-6.072132],[-35.880715,-6.071804],[-35.8815,-6.070876],[-35.881486,-6.069919],[-35.882414,-6.068263],[-35.882371,-6.066949],[-35.882942,-6.065936],[-35.882928,-6.065308],[-35.882502,-6.064335],[-35.881451,-6.06305],[-35.880758,-6.062952],[-35.879559,-6.062124],[-35.878388,-6.061981],[-35.877517,-6.061424]]}},{"type":"Feature","id":900,"properties":{"nome":"Riacho Salgado","regime":"Intermitente","ordem":4,"largura":"10 - 50","dominialidade":"Estadual","fonte":"ANA (2021), MDE/Maxar(imagens do basemap/arcmap), Cartas topográficas"},"geometry":{"type":"LineString","coordinates":[[-35.877517,-6.061424],[-35.876761,-6.061125],[-35.875933,-6.060082],[-35.875776,-6.059554],[-35.875975,-6.058855],[-35.877474,-6.057355],[-35.87812,-6.054257],[-35.87609,-6.051688],[-35.875725,-6.049918],[-35.87529,-6.048855],[-35.874606,-6.048155],[-35.872178,-6.047005],[-35.872021,-6.046548]]}},{"type":"Feature","id":901,"properties":{"nome":"Riacho Salgado","regime":"Intermitente","ordem":4,"largura":"10 - 50","dominialidade":"Estadual","fonte":"ANA (2021), MDE/Maxar(imagens do basemap/arcmap), Cartas topográficas"},"geometry":{"type":"LineString","coordinates":[[-35.868786,-6.013368],[-35.868805,-6.012183],[-35.868267,-6.010779],[-35.868505,-6.009956],[-35.868243,-6.009427],[-35.868339,-6.008823],[-35.867949,-6.008309],[-35.866959,-6.007681],[-35.866261,-6.006332],[-35.865209,-6.005661]]}},{"type":"Feature","id":902,"properties":{"nome":"Riacho Salgado","regime":"Intermitente","ordem":4,"largura":"10 - 50","dominialidade":"Estadual","fonte":"ANA (2021), MDE/Maxar(imagens do basemap/arcmap), Cartas topográficas"},"geometry":{"type":"LineString","coordinates":[[-35.848074,-6.001995],[-35.847384,-6.000867],[-35.845395,-6.000053],[-35.844729,-6.00002],[-35.842326,-6.00048]]}},{"type":"Feature","id":903,"properties":{"nome":"Riacho Salgado","regime":"Intermitente","ordem":1,"largura":"<=10","dominialidade":"Estadual","fonte":"ANA (2021), MDE/Maxar(imagens do basemap/arcmap), Cartas topográficas"},"geometry":{"type":"LineString","coordinates":[[-35.848731,-6.002595],[-35.848431,-6.0026],[-35.848074,-6.001995]]}},{"type":"Feature","id":904,"properties":{"nome":"Riacho Salgado","regime":"Intermitente","ordem":4,"largura":"10 - 50","dominialidade":"Estadual","fonte":"ANA (2021), MDE/Maxar(imagens do basemap/arcmap), Cartas topográficas"},"geometry":{"type":"LineString","coordinates":[[-35.816053,-5.970527],[-35.813373,-5.968862],[-35.812631,-5.969233],[-35.811914,-5.969042],[-35.811774,-5.968795],[-35.812326,-5.967073],[-35.812298,-5.966416],[-35.811051,-5.965426],[-35.809918,-5.965103],[-35.80781,-5.965212],[-35.807234,-5.964534],[-35.806885,-5.96384],[-35.806882,-5.96338],[-35.806025,-5.962752],[-35.804607,-5.960458],[-35.803922,-5.959982],[-35.803408,-5.959858],[-35.802646,-5.960315],[-35.801285,-5.962837],[-35.80139,-5.963494],[-35.80081,-5.963722],[-35.800285,-5.963419],[-35.799905,-5.962542],[-35.798754,-5.961819],[-35.798354,-5.959687],[-35.797916,-5.959163],[-35.797288,-5.958849],[-35.796869,-5.958735],[-35.795936,-5.959078],[-35.794318,-5.959249],[-35.794128,-5.960496],[-35.793252,-5.961029],[-35.792624,-5.960886],[-35.792158,-5.960248],[-35.791691,-5.96002],[-35.790694,-5.960319]]}},{"type":"Feature","id":905,"properties":{"regime":"Intermitente","ordem":1,"largura":"<=10","dominialidade":"Estadual","fonte":"ANA (2021), MDE/Maxar(imagens do basemap/arcmap), Cartas topográficas"},"geometry":{"type":"LineString","coordinates":[[-35.669196,-5.724865],[-35.668025,-5.723847],[-35.667721,-5.722695],[-35.667292,-5.722076],[-35.666236,-5.719183],[-35.666263,-5.718358],[-35.663581,-5.717321],[-35.6624,-5.717327],[-35.660021,-5.715937],[-35.658717,-5.715976],[-35.655452,-5.716861],[-35.654025,-5.717613],[-35.653368,-5.71747],[-35.652473,-5.717755],[-35.65075,-5.718726],[-35.650122,-5.719316],[-35.649694,-5.720144],[-35.647391,-5.720154],[-35.645677,-5.719611],[-35.644354,-5.720097],[-35.644398,-5.721355],[-35.64365,-5.72359],[-35.642822,-5.72458],[-35.642156,-5.724656],[-35.642232,-5.725589],[-35.642784,-5.726103],[-35.642679,-5.726331],[-35.641195,-5.726759],[-35.641193,-5.72735],[-35.640672,-5.728241],[-35.640776,-5.728549],[-35.639167,-5.7295],[-35.639196,-5.730243],[-35.638882,-5.730766],[-35.638177,-5.731147],[-35.637692,-5.731185],[-35.637425,-5.73148]]}},{"type":"Feature","id":906,"properties":{"nome":"Rio Camaragibe","regime":"Intermitente","ordem":4,"largura":"10 - 50","dominialidade":"Estadual","fonte":"ANA (2021), MDE/Maxar(imagens do basemap/arcmap), Cartas topográficas"},"geometry":{"type":"LineString","coordinates":[[-35.66296,-5.797237],[-35.659209,-5.795741]]}},{"type":"Feature","id":907,"properties":{"nome":"Rio Camaragibe","regime":"Intermitente","ordem":4,"largura":"10 - 50","dominialidade":"Estadual","fonte":"ANA (2021), MDE/Maxar(imagens do basemap/arcmap), Cartas topográficas"},"geometry":{"type":"LineString","coordinates":[[-35.659209,-5.795741],[-35.657943,-5.795617]]}},{"type":"Feature","id":908,"properties":{"nome":"Rio Camaragibe","regime":"Intermitente","ordem":4,"largura":"10 - 50","dominialidade":"Estadual","fonte":"ANA (2021), MDE/Maxar(imagens do basemap/arcmap), Cartas topográficas"},"geometry":{"type":"LineString","coordinates":[[-35.657943,-5.795617],[-35.656749,-5.793869],[-35.655668,-5.793057],[-35.653498,-5.792372],[-35.652765,-5.792867],[-35.652384,-5.79279],[-35.651594,-5.79201],[-35.649838,-5.792508]]}},{"type":"Feature","id":909,"properties":{"regime":"Intermitente","ordem":1,"largura":"<=10","fonte":"ANA (2021), MDE/Maxar(imagens do basemap/arcmap), Cartas topográficas"},"geometry":{"type":"LineString","coordinates":[[-35.654364,-5.781192],[-35.653121,-5.779326],[-35.652233,-5.777523],[-35.652257,-5.775274]]}},{"type":"Feature","id":910,"properties":{"regime":"Intermitente","ordem":1,"largura":"<=10","dominialidade":"Estadual","fonte":"ANA (2021), MDE/Maxar(imagens do basemap/arcmap), Cartas topográficas"},"geometry":{"type":"LineString","coordinates":[[-35.663722,-5.832135],[-35.663531,-5.832872],[-35.662472,-5.834811],[-35.662137,-5.835046],[-35.659324,-5.835066],[-35.658716,-5.835391],[-35.655994,-5.835811],[-35.655166,-5.836858],[-35.654961,-5.837691],[-35.6543,-5.838523],[-35.6543,-5.839133],[-35.653929,-5.839637],[-35.653348,-5.839942],[-35.652968,-5.840579],[-35.652939,-5.841207],[-35.649122,-5.844053],[-35.648818,-5.844405],[-35.648923,-5.844586],[-35.648475,-5.844824],[-35.64803,-5.846205],[-35.647704,-5.846147],[-35.647695,-5.846404],[-35.647866,-5.846423],[-35.647731,-5.846603],[-35.647419,-5.846423],[-35.647371,-5.846794],[-35.646619,-5.847204],[-35.64621,-5.846813],[-35.64423,-5.846871],[-35.643798,-5.846481],[-35.643336,-5.846385],[-35.642118,-5.845329],[-35.641107,-5.843935],[-35.640186,-5.843065]]}},{"type":"Feature","id":911,"properties":{"regime":"Intermitente","ordem":2,"largura":"10 - 50","dominialidade":"Estadual","fonte":"ANA (2021), MDE/Maxar(imagens do basemap/arcmap), Cartas topográficas"},"geometry":{"type":"LineString","coordinates":[[-35.655282,-5.916472],[-35.655739,-5.915572],[-35.656424,-5.914815],[-35.656738,-5.912917],[-35.656467,-5.912331],[-35.656639,-5.911522],[-35.657476,-5.910504],[-35.657619,-5.909819],[-35.657571,-5.909438],[-35.657095,-5.908762],[-35.656781,-5.908562],[-35.655611,-5.908534],[-35.655325,-5.908296],[-35.654526,-5.907001],[-35.654402,-5.906059],[-35.653593,-5.905231],[-35.653507,-5.904317],[-35.654316,-5.903032],[-35.654383,-5.902634],[-35.654274,-5.902045],[-35.653401,-5.90107]]}},{"type":"Feature","id":912,"properties":{"regime":"Intermitente","ordem":1,"largura":"<=10","dominialidade":"Estadual","fonte":"ANA (2021), MDE/Maxar(imagens do basemap/arcmap), Cartas topográficas"},"geometry":{"type":"LineString","coordinates":[[-35.744962,-5.92064],[-35.743577,-5.920469],[-35.742849,-5.920069],[-35.74143,-5.919691],[-35.740241,-5.919037],[-35.737623,-5.918311],[-35.736005,-5.918513],[-35.732658,-5.920189]]}},{"type":"Feature","id":913,"properties":{"nome":"Riacho da Serra","regime":"Intermitente","ordem":2,"largura":"<=10","dominialidade":"Estadual","fonte":"ANA (2021), MDE/Maxar(imagens do basemap/arcmap), Cartas topográficas"},"geometry":{"type":"LineString","coordinates":[[-35.798039,-6.010498],[-35.798607,-6.009629],[-35.79865,-6.009215],[-35.79835,-6.008387],[-35.79885,-6.008044],[-35.798864,-6.007544]]}},{"type":"Feature","id":914,"properties":{"regime":"Intermitente","ordem":2,"largura":"10 - 50","dominialidade":"Estadual","fonte":"ANA (2021), MDE/Maxar(imagens do basemap/arcmap), Cartas topográficas"},"geometry":{"type":"LineString","coordinates":[[-35.728404,-5.960038],[-35.728157,-5.960133],[-35.727904,-5.959812],[-35.727171,-5.959735],[-35.726485,-5.957965],[-35.725667,-5.956642],[-35.725296,-5.95668],[-35.72521,-5.956433],[-35.724715,-5.956176]]}},{"type":"Feature","id":915,"properties":{"nome":"Riacho Salgado","regime":"Intermitente","ordem":4,"largura":"10 - 50","dominialidade":"Estadual","fonte":"ANA (2021), MDE/Maxar(imagens do basemap/arcmap), Cartas topográficas"},"geometry":{"type":"LineString","coordinates":[[-35.787729,-5.951358],[-35.78703,-5.951223]]}},{"type":"Feature","id":916,"properties":{"nome":"Riacho Salgado","regime":"Intermitente","ordem":4,"largura":"10 - 50","dominialidade":"Estadual","fonte":"ANA (2021), MDE/Maxar(imagens do basemap/arcmap), Cartas topográficas"},"geometry":{"type":"LineString","coordinates":[[-35.783937,-5.949194],[-35.783374,-5.949009],[-35.783017,-5.949115],[-35.781142,-5.948402],[-35.77548,-5.949139],[-35.773681,-5.94813],[-35.772762,-5.947829]]}},{"type":"Feature","id":917,"properties":{"nome":"Riacho Salgado","regime":"Intermitente","ordem":4,"largura":"10 - 50","dominialidade":"Estadual","fonte":"ANA (2021), MDE/Maxar(imagens do basemap/arcmap), Cartas topográficas"},"geometry":{"type":"LineString","coordinates":[[-35.772762,-5.947829],[-35.772082,-5.94753],[-35.769674,-5.948568],[-35.768589,-5.948558],[-35.766444,-5.94988],[-35.765343,-5.950138],[-35.764312,-5.950698]]}},{"type":"Feature","id":918,"properties":{"nome":"Riacho Salgado","regime":"Intermitente","ordem":4,"largura":"10 - 50","dominialidade":"Estadual","fonte":"ANA (2021), MDE/Maxar(imagens do basemap/arcmap), Cartas topográficas"},"geometry":{"type":"LineString","coordinates":[[-35.732983,-5.946988],[-35.732678,-5.946512],[-35.732337,-5.946308],[-35.732076,-5.946404],[-35.731593,-5.947007],[-35.731269,-5.947016],[-35.730759,-5.947476],[-35.730746,-5.947758],[-35.729014,-5.948529],[-35.728462,-5.94912],[-35.727862,-5.9507],[-35.728328,-5.952451],[-35.728347,-5.953203],[-35.727424,-5.953612],[-35.726281,-5.953363]]}},{"type":"Feature","id":919,"properties":{"nome":"Riacho dos Macacos","regime":"Intermitente","ordem":2,"largura":"<=10","dominialidade":"Estadual","fonte":"ANA (2021), MDE/Maxar(imagens do basemap/arcmap), Cartas topográficas"},"geometry":{"type":"LineString","coordinates":[[-35.756125,-5.994712],[-35.753621,-5.994751],[-35.75325,-5.995132],[-35.752441,-5.995341],[-35.751984,-5.995779],[-35.749976,-5.995503],[-35.747853,-5.996188],[-35.747292,-5.996083],[-35.747111,-5.996359],[-35.746587,-5.996559],[-35.746178,-5.996407],[-35.745607,-5.996873],[-35.745207,-5.996731],[-35.74475,-5.997007],[-35.743537,-5.996744]]}},{"type":"Feature","id":920,"properties":{"nome":"Riacho dos Macacos","regime":"Intermitente","ordem":2,"largura":"10 - 50","dominialidade":"Estadual","fonte":"ANA (2021), MDE/Maxar(imagens do basemap/arcmap), Cartas topográficas"},"geometry":{"type":"LineString","coordinates":[[-35.731758,-5.991692],[-35.728331,-5.990398],[-35.727303,-5.990759],[-35.727037,-5.990598],[-35.726761,-5.989779],[-35.72539,-5.990026],[-35.724971,-5.989827]]}},{"type":"Feature","id":921,"properties":{"regime":"Intermitente","ordem":2,"largura":"<=10","dominialidade":"Estadual","fonte":"ANA (2021), MDE/Maxar(imagens do basemap/arcmap), Cartas topográficas"},"geometry":{"type":"LineString","coordinates":[[-35.744765,-6.034769],[-35.744289,-6.033722],[-35.744361,-6.033365],[-35.744741,-6.032984],[-35.744694,-6.031842],[-35.745027,-6.031033],[-35.744194,-6.029177],[-35.744075,-6.028201],[-35.745127,-6.025801]]}},{"type":"Feature","id":922,"properties":{"regime":"Intermitente","ordem":2,"largura":"<=10","dominialidade":"Estadual","fonte":"ANA (2021), MDE/Maxar(imagens do basemap/arcmap), Cartas topográficas"},"geometry":{"type":"LineString","coordinates":[[-35.752635,-6.027921],[-35.751093,-6.027921],[-35.74976,-6.027483],[-35.747834,-6.026379],[-35.747324,-6.025808],[-35.745127,-6.025801]]}},{"type":"Feature","id":923,"properties":{"nome":"Riacho dos Macacos","regime":"Intermitente","ordem":2,"largura":"10 - 50","dominialidade":"Estadual","fonte":"ANA (2021), MDE/Maxar(imagens do basemap/arcmap), Cartas topográficas"},"geometry":{"type":"LineString","coordinates":[[-35.721309,-6.048152],[-35.720873,-6.048106],[-35.720875,-6.048473],[-35.720393,-6.048567],[-35.719988,-6.048319],[-35.719578,-6.048456],[-35.719203,-6.048319],[-35.718537,-6.048045],[-35.718287,-6.047504],[-35.717882,-6.047385],[-35.717436,-6.046683],[-35.716966,-6.046374],[-35.716966,-6.045434],[-35.717442,-6.044958],[-35.716913,-6.044137],[-35.717115,-6.044],[-35.71721,-6.043518],[-35.71699,-6.043132],[-35.717026,-6.042751],[-35.716598,-6.042697],[-35.716473,-6.041341],[-35.716068,-6.040824],[-35.716199,-6.040145],[-35.715681,-6.03895],[-35.715913,-6.038414],[-35.71652,-6.038206],[-35.71658,-6.0377],[-35.716181,-6.037278],[-35.715896,-6.036469],[-35.715116,-6.035833],[-35.714728,-6.035065],[-35.714147,-6.035208],[-35.714028,-6.035488],[-35.713588,-6.035143],[-35.713231,-6.034607],[-35.713112,-6.034012],[-35.712511,-6.033334],[-35.712624,-6.032995],[-35.711642,-6.03221],[-35.711446,-6.03174],[-35.71141,-6.031353],[-35.712285,-6.030729],[-35.712398,-6.029545],[-35.712154,-6.029206],[-35.711422,-6.029479],[-35.710857,-6.029021],[-35.710857,-6.028349],[-35.710393,-6.027445],[-35.710238,-6.02663],[-35.711107,-6.026416],[-35.711291,-6.026095],[-35.711244,-6.025321],[-35.711833,-6.024494],[-35.712487,-6.024572],[-35.712445,-6.024132],[-35.713266,-6.0239],[-35.713927,-6.023299],[-35.713641,-6.022418],[-35.712362,-6.021264],[-35.712237,-6.020759],[-35.713272,-6.019557],[-35.713576,-6.019593]]}},{"type":"Feature","id":924,"properties":{"nome":"Riacho dos Macacos","regime":"Intermitente","ordem":2,"largura":"10 - 50","dominialidade":"Estadual","fonte":"ANA (2021), MDE/Maxar(imagens do basemap/arcmap), Cartas topográficas"},"geometry":{"type":"LineString","coordinates":[[-35.722525,-6.003833],[-35.722468,-6.001892],[-35.722744,-6.001482],[-35.722881,-5.999291]]}},{"type":"Feature","id":925,"properties":{"nome":"Riacho dos Macacos","regime":"Intermitente","ordem":2,"largura":"10 - 50","dominialidade":"Estadual","fonte":"ANA (2021), MDE/Maxar(imagens do basemap/arcmap), Cartas topográficas"},"geometry":{"type":"LineString","coordinates":[[-35.716871,-6.013543],[-35.71843,-6.013549],[-35.718662,-6.013388],[-35.718721,-6.013144],[-35.718233,-6.012823],[-35.718049,-6.012389],[-35.718489,-6.010884],[-35.719524,-6.010682],[-35.719762,-6.010242],[-35.721017,-6.010128],[-35.721648,-6.00951],[-35.721779,-6.009183],[-35.720696,-6.008368],[-35.721053,-6.007327],[-35.721499,-6.006744],[-35.721809,-6.006631],[-35.722017,-6.005822],[-35.721892,-6.004691],[-35.722525,-6.003833]]}},{"type":"Feature","id":926,"properties":{"nome":"Riacho Salgado","regime":"Intermitente","ordem":4,"largura":"10 - 50","dominialidade":"Estadual","fonte":"ANA (2021), MDE/Maxar(imagens do basemap/arcmap), Cartas topográficas"},"geometry":{"type":"LineString","coordinates":[[-35.726281,-5.953363],[-35.725787,-5.953155]]}},{"type":"Feature","id":927,"properties":{"nome":"Riacho Salgado","regime":"Intermitente","ordem":4,"largura":"10 - 50","dominialidade":"Estadual","fonte":"ANA (2021), MDE/Maxar(imagens do basemap/arcmap), Cartas topográficas"},"geometry":{"type":"LineString","coordinates":[[-35.725787,-5.953155],[-35.725506,-5.952917],[-35.724807,-5.952803],[-35.724482,-5.952463],[-35.722884,-5.952251],[-35.722246,-5.951918],[-35.721666,-5.951347],[-35.721485,-5.949767]]}},{"type":"Feature","id":928,"properties":{"nome":"Riacho Salgado","regime":"Intermitente","ordem":4,"largura":"10 - 50","dominialidade":"Estadual","fonte":"ANA (2021), MDE/Maxar(imagens do basemap/arcmap), Cartas topográficas"},"geometry":{"type":"LineString","coordinates":[[-35.709017,-5.936813],[-35.709473,-5.935366],[-35.709407,-5.933558],[-35.708845,-5.933425],[-35.708046,-5.933729],[-35.706894,-5.933358],[-35.706171,-5.933348],[-35.705609,-5.932606],[-35.704257,-5.932156],[-35.702973,-5.930969],[-35.70243,-5.930189],[-35.702954,-5.928875],[-35.703848,-5.928456],[-35.704848,-5.928437],[-35.705095,-5.92819],[-35.705524,-5.926943],[-35.7054,-5.926724],[-35.704296,-5.926315],[-35.704039,-5.926048],[-35.703382,-5.924678],[-35.703306,-5.923926],[-35.702668,-5.923364]]}},{"type":"Feature","id":929,"properties":{"nome":"Riacho Salgado","regime":"Intermitente","ordem":4,"largura":"10 - 50","dominialidade":"Estadual","fonte":"ANA (2021), MDE/Maxar(imagens do basemap/arcmap), Cartas topográficas"},"geometry":{"type":"LineString","coordinates":[[-35.692351,-5.921096],[-35.691231,-5.920191]]}},{"type":"Feature","id":930,"properties":{"nome":"Riacho Salgado","regime":"Intermitente","ordem":4,"largura":"10 - 50","dominialidade":"Estadual","fonte":"ANA (2021), MDE/Maxar(imagens do basemap/arcmap), Cartas topográficas"},"geometry":{"type":"LineString","coordinates":[[-35.654038,-5.900883],[-35.653401,-5.90107]]}},{"type":"Feature","id":931,"properties":{"nome":"Rio Potengi","regime":"Intermitente","ordem":5,"largura":"50 - 200","dominialidade":"Estadual","fonte":"ANA (2021), MDE/Maxar(imagens do basemap/arcmap), Cartas topográficas"},"geometry":{"type":"LineString","coordinates":[[-35.639262,-5.890534],[-35.638937,-5.890917]]}},{"type":"Feature","id":932,"properties":{"regime":"Intermitente","ordem":1,"largura":"<=10","dominialidade":"Estadual","fonte":"ANA (2021), MDE/Maxar(imagens do basemap/arcmap), Cartas topográficas"},"geometry":{"type":"LineString","coordinates":[[-35.897434,-5.841229],[-35.897358,-5.840811],[-35.896421,-5.840201],[-35.895483,-5.839802],[-35.894731,-5.839802],[-35.894721,-5.839535],[-35.893941,-5.838936],[-35.893941,-5.838203],[-35.893703,-5.837993],[-35.893008,-5.838146],[-35.892645,-5.837887],[-35.891714,-5.838241],[-35.89048,-5.837708],[-35.88911,-5.838296],[-35.888539,-5.837572],[-35.888454,-5.836992],[-35.887664,-5.836639],[-35.886217,-5.83524],[-35.885131,-5.835986],[-35.884285,-5.836202],[-35.883562,-5.835802],[-35.883171,-5.835802],[-35.882381,-5.836335],[-35.880059,-5.83485],[-35.878983,-5.834412],[-35.877223,-5.834917],[-35.875747,-5.834688],[-35.874843,-5.835079],[-35.872521,-5.834565]]}},{"type":"Feature","id":933,"properties":{"regime":"Intermitente","ordem":2,"largura":"<=10","dominialidade":"Estadual","fonte":"ANA (2021), MDE/Maxar(imagens do basemap/arcmap), Cartas topográficas"},"geometry":{"type":"LineString","coordinates":[[-35.827427,-5.818089],[-35.827057,-5.818077],[-35.826352,-5.818502],[-35.826324,-5.818877],[-35.825006,-5.819627],[-35.824325,-5.819533],[-35.824447,-5.820676],[-35.824183,-5.82079],[-35.823792,-5.820656],[-35.823631,-5.820971],[-35.82444,-5.822056],[-35.824421,-5.822455],[-35.82364,-5.824216],[-35.823983,-5.824721],[-35.823602,-5.825282],[-35.823108,-5.825503],[-35.822517,-5.827528],[-35.821879,-5.827347],[-35.8216,-5.82781]]}},{"type":"Feature","id":934,"properties":{"nome":"Riacho Pedra Branca","regime":"Intermitente","ordem":3,"largura":"<=10","dominialidade":"Estadual","fonte":"ANA (2021), MDE/Maxar(imagens do basemap/arcmap), Cartas topográficas"},"geometry":{"type":"LineString","coordinates":[[-35.771009,-5.862752],[-35.770602,-5.862731]]}},{"type":"Feature","id":935,"properties":{"nome":"Riacho Pedra Branca","regime":"Intermitente","ordem":3,"largura":"<=10","dominialidade":"Estadual","fonte":"ANA (2021), MDE/Maxar(imagens do basemap/arcmap), Cartas topográficas"},"geometry":{"type":"LineString","coordinates":[[-35.770602,-5.862731],[-35.77001,-5.862781],[-35.769401,-5.863095],[-35.768877,-5.864075],[-35.767754,-5.864408],[-35.766584,-5.864303],[-35.765775,-5.863828],[-35.765118,-5.864113],[-35.763966,-5.863456],[-35.763452,-5.863361],[-35.761834,-5.862038],[-35.760387,-5.863123],[-35.759398,-5.863399],[-35.758493,-5.864018],[-35.757761,-5.864023],[-35.757208,-5.863713],[-35.754877,-5.864865],[-35.754201,-5.86497]]}},{"type":"Feature","id":936,"properties":{"regime":"Intermitente","ordem":1,"largura":"<=10","fonte":"ANA (2021), MDE/Maxar(imagens do basemap/arcmap), Cartas topográficas"},"geometry":{"type":"LineString","coordinates":[[-35.878151,-5.873599],[-35.878742,-5.873523],[-35.879361,-5.872752],[-35.879778,-5.872645]]}},{"type":"Feature","id":937,"properties":{"regime":"Intermitente","ordem":2,"largura":"<=10","fonte":"ANA (2021), MDE/Maxar(imagens do basemap/arcmap), Cartas topográficas"},"geometry":{"type":"LineString","coordinates":[[-35.868586,-5.945994],[-35.870145,-5.947357]]}},{"type":"Feature","id":938,"properties":{"nome":"Rio Potengi","regime":"Intermitente","ordem":4,"largura":"10 - 50","dominialidade":"Estadual","fonte":"ANA (2021), MDE/Maxar(imagens do basemap/arcmap), Cartas topográficas"},"geometry":{"type":"LineString","coordinates":[[-35.871638,-5.947373],[-35.871275,-5.946873],[-35.870644,-5.946481],[-35.86921,-5.945897],[-35.868586,-5.945994]]}},{"type":"Feature","id":939,"properties":{"nome":"Riacho da On_a","regime":"Intermitente","ordem":1,"largura":"<=10","dominialidade":"Estadual","fonte":"ANA (2021), MDE/Maxar(imagens do basemap/arcmap), Cartas topográficas"},"geometry":{"type":"LineString","coordinates":[[-35.91966,-5.828138],[-35.920041,-5.828795],[-35.919698,-5.830822],[-35.919774,-5.833934],[-35.920307,-5.83599],[-35.920831,-5.839823],[-35.921481,-5.842094],[-35.92127,-5.84279],[-35.920605,-5.843857],[-35.92051,-5.845617],[-35.920771,-5.846664],[-35.920295,-5.847759],[-35.920343,-5.848045],[-35.921164,-5.848556],[-35.921211,-5.848889],[-35.921069,-5.849341],[-35.91982,-5.850781],[-35.918927,-5.851019],[-35.917892,-5.851614],[-35.916441,-5.850472],[-35.915306,-5.850581],[-35.914823,-5.850341],[-35.913954,-5.850365]]}},{"type":"Feature","id":940,"properties":{"nome":"Riacho da On_a","regime":"Intermitente","ordem":2,"largura":"10 - 50","dominialidade":"Estadual","fonte":"ANA (2021), MDE/Maxar(imagens do basemap/arcmap), Cartas topográficas"},"geometry":{"type":"LineString","coordinates":[[-35.894326,-5.876777],[-35.892641,-5.87735],[-35.891547,-5.878052],[-35.890999,-5.878433],[-35.890357,-5.879444],[-35.889167,-5.879599],[-35.888691,-5.880336],[-35.888632,-5.881205],[-35.888929,-5.882383]]}},{"type":"Feature","id":941,"properties":{"nome":"Riacho da On_a","regime":"Intermitente","ordem":2,"largura":"10 - 50","dominialidade":"Estadual","fonte":"ANA (2021), MDE/Maxar(imagens do basemap/arcmap), Cartas topográficas"},"geometry":{"type":"LineString","coordinates":[[-35.888929,-5.882383],[-35.887617,-5.883522],[-35.887065,-5.883743],[-35.885693,-5.883953],[-35.884837,-5.883441],[-35.883861,-5.883263],[-35.883147,-5.883618]]}},{"type":"Feature","id":942,"properties":{"nome":"Riacho da On_a","regime":"Intermitente","ordem":3,"largura":"10 - 50","dominialidade":"Estadual","fonte":"ANA (2021), MDE/Maxar(imagens do basemap/arcmap), Cartas topográficas"},"geometry":{"type":"LineString","coordinates":[[-35.883147,-5.883618],[-35.882005,-5.884143],[-35.882743,-5.884988],[-35.882362,-5.885868],[-35.882522,-5.886486]]}},{"type":"Feature","id":943,"properties":{"regime":"Intermitente","ordem":2,"largura":"10 - 50","dominialidade":"Estadual","fonte":"ANA (2021), MDE/Maxar(imagens do basemap/arcmap), Cartas topográficas"},"geometry":{"type":"LineString","coordinates":[[-35.895256,-5.910718],[-35.895218,-5.908852],[-35.895028,-5.908481],[-35.894143,-5.907881],[-35.893353,-5.906749],[-35.893343,-5.906359],[-35.893105,-5.906263]]}},{"type":"Feature","id":944,"properties":{"regime":"Intermitente","ordem":1,"largura":"<=10","fonte":"ANA (2021), MDE/Maxar(imagens do basemap/arcmap), Cartas topográficas"},"geometry":{"type":"LineString","coordinates":[[-35.932347,-5.847714],[-35.932052,-5.847448],[-35.931805,-5.845763],[-35.930972,-5.84307],[-35.930901,-5.840148]]}},{"type":"Feature","id":945,"properties":{"nome":"Riacho da Cauv","regime":"Intermitente","ordem":1,"largura":"<=10","dominialidade":"Estadual","fonte":"ANA (2021), MDE/Maxar(imagens do basemap/arcmap), Cartas topográficas"},"geometry":{"type":"MultiLineString","coordinates":[[[-36.000296,-5.823515],[-36.000409,-5.823546]],[[-36.001086,-5.841689],[-36.000895,-5.842831],[-35.99937,-5.842834],[-35.998454,-5.84236],[-35.998379,-5.843584],[-35.998063,-5.843884],[-35.996697,-5.844084],[-35.996664,-5.844259],[-35.997205,-5.844833],[-35.997105,-5.845524],[-35.995607,-5.847456],[-35.995156,-5.847506],[-35.994175,-5.846258],[-35.993699,-5.846066],[-35.993074,-5.846257],[-35.993099,-5.846674],[-35.993416,-5.846699],[-35.993432,-5.847365],[-35.99215,-5.848214],[-35.992241,-5.848631],[-35.991059,-5.848872],[-35.989202,-5.850663],[-35.98921,-5.851804],[-35.990009,-5.852079],[-35.990118,-5.852254],[-35.989976,-5.852553],[-35.98861,-5.853736],[-35.988107,-5.853961],[-35.987544,-5.853719],[-35.98657,-5.855027],[-35.985729,-5.855427],[-35.985662,-5.855851],[-35.984363,-5.856376]]]}},{"type":"Feature","id":946,"properties":{"nome":"Riacho da Cauv","regime":"Intermitente","ordem":2,"largura":"10 - 50","dominialidade":"Estadual","fonte":"ANA (2021), MDE/Maxar(imagens do basemap/arcmap), Cartas topográficas"},"geometry":{"type":"LineString","coordinates":[[-35.961593,-5.859545],[-35.961431,-5.859078],[-35.962088,-5.85786],[-35.961945,-5.857746],[-35.960669,-5.857898],[-35.960013,-5.858222],[-35.959575,-5.857451],[-35.958119,-5.857175],[-35.958395,-5.856642],[-35.960974,-5.856023],[-35.961469,-5.855747],[-35.960812,-5.853349],[-35.95968,-5.851635],[-35.957824,-5.852778],[-35.956182,-5.855161],[-35.954891,-5.85606],[-35.95186,-5.856876],[-35.951485,-5.856718],[-35.951277,-5.856202],[-35.950789,-5.855758],[-35.950513,-5.853284],[-35.95017,-5.85256],[-35.949869,-5.852473]]}},{"type":"Feature","id":947,"properties":{"nome":"Riacho do Xinxo","regime":"Intermitente","ordem":3,"largura":"10 - 50","dominialidade":"Estadual","fonte":"ANA (2021), MDE/Maxar(imagens do basemap/arcmap), Cartas topográficas"},"geometry":{"type":"LineString","coordinates":[[-35.949869,-5.852473],[-35.949584,-5.853058],[-35.948751,-5.853317],[-35.94766,-5.85315],[-35.946061,-5.853242],[-35.946369,-5.855132],[-35.944245,-5.855815],[-35.942513,-5.856698],[-35.940989,-5.858305],[-35.93924,-5.857914],[-35.938624,-5.858713],[-35.938773,-5.860388],[-35.938507,-5.860712],[-35.937899,-5.860762],[-35.937675,-5.860978],[-35.937563,-5.861723]]}},{"type":"Feature","id":948,"properties":{"regime":"Intermitente","ordem":3,"largura":"10 - 50","dominialidade":"Estadual","fonte":"ANA (2021), MDE/Maxar(imagens do basemap/arcmap), Cartas topográficas"},"geometry":{"type":"LineString","coordinates":[[-35.893105,-5.906263],[-35.892867,-5.90634],[-35.891984,-5.905919],[-35.891243,-5.90666],[-35.891211,-5.907072]]}},{"type":"Feature","id":949,"properties":{"nome":"Riacho do Xinxo","regime":"Intermitente","ordem":3,"largura":"10 - 50","dominialidade":"Estadual","fonte":"ANA (2021), MDE/Maxar(imagens do basemap/arcmap), Cartas topográficas"},"geometry":{"type":"LineString","coordinates":[[-35.872195,-5.901695],[-35.871328,-5.901324]]}},{"type":"Feature","id":950,"properties":{"nome":"Riacho do Xinxo","regime":"Intermitente","ordem":4,"largura":"10 - 50","dominialidade":"Estadual","fonte":"ANA (2021), MDE/Maxar(imagens do basemap/arcmap), Cartas topográficas"},"geometry":{"type":"LineString","coordinates":[[-35.871328,-5.901324],[-35.870529,-5.90139],[-35.870262,-5.901619],[-35.87015,-5.903831],[-35.869948,-5.904417],[-35.86918,-5.905361],[-35.867645,-5.90614],[-35.865894,-5.907463],[-35.865361,-5.907653],[-35.864888,-5.908163]]}},{"type":"Feature","id":951,"properties":{"regime":"Intermitente","ordem":1,"largura":"<=10","dominialidade":"Estadual","fonte":"ANA (2021), MDE/Maxar(imagens do basemap/arcmap), Cartas topográficas"},"geometry":{"type":"LineString","coordinates":[[-35.638483,-6.068236],[-35.639953,-6.068007],[-35.64131,-6.067251],[-35.641612,-6.066614],[-35.642366,-6.06608],[-35.64248,-6.065495],[-35.643665,-6.064124],[-35.644593,-6.062568],[-35.646992,-6.059784],[-35.647734,-6.057914],[-35.648719,-6.056914],[-35.650689,-6.052403],[-35.650832,-6.051718],[-35.650532,-6.049548],[-35.650589,-6.048548],[-35.652346,-6.04505],[-35.651974,-6.04388]]}},{"type":"Feature","id":952,"properties":{"regime":"Intermitente","ordem":2,"largura":"<=10","dominialidade":"Estadual","fonte":"ANA (2021), MDE/Maxar(imagens do basemap/arcmap), Cartas topográficas"},"geometry":{"type":"LineString","coordinates":[[-35.73069,-6.135786],[-35.727015,-6.138511],[-35.726039,-6.139582],[-35.725753,-6.141009],[-35.724951,-6.142052],[-35.724929,-6.14252],[-35.725106,-6.143263],[-35.726063,-6.144483],[-35.726198,-6.145415]]}},{"type":"Feature","id":953,"properties":{"nome":"Rio Grande do Sul","regime":"Intermitente","ordem":2,"largura":"10 - 50","dominialidade":"Estadual","fonte":"ANA (2021), MDE/Maxar(imagens do basemap/arcmap), Cartas topográficas"},"geometry":{"type":"LineString","coordinates":[[-35.749002,-6.151087],[-35.74866,-6.150631],[-35.748132,-6.150517],[-35.746933,-6.149732],[-35.744092,-6.149146],[-35.743578,-6.148533],[-35.742878,-6.148118],[-35.74195,-6.14632],[-35.741628,-6.146142]]}},{"type":"Feature","id":954,"properties":{"nome":"Rio Grande do Sul","regime":"Intermitente","ordem":3,"largura":"10 - 50","dominialidade":"Estadual","fonte":"ANA (2021), MDE/Maxar(imagens do basemap/arcmap), Cartas topográficas"},"geometry":{"type":"LineString","coordinates":[[-35.741628,-6.146142],[-35.740274,-6.14518],[-35.740198,-6.144381],[-35.739075,-6.143972],[-35.738856,-6.142563],[-35.737924,-6.140821],[-35.737514,-6.140574],[-35.737105,-6.141202],[-35.736867,-6.141135],[-35.736306,-6.140031],[-35.735801,-6.138261],[-35.734564,-6.138071],[-35.733993,-6.137366],[-35.732793,-6.136814],[-35.731604,-6.135682],[-35.73069,-6.135786]]}},{"type":"Feature","id":955,"properties":{"nome":"Rio Grande do Sul","regime":"Intermitente","ordem":3,"largura":"10 - 50","dominialidade":"Estadual","fonte":"ANA (2021), MDE/Maxar(imagens do basemap/arcmap), Cartas topográficas"},"geometry":{"type":"LineString","coordinates":[[-35.73069,-6.135786],[-35.730928,-6.13393],[-35.731175,-6.133445],[-35.730214,-6.132255]]}},{"type":"Feature","id":956,"properties":{"nome":"Rio Grande do Sul","regime":"Intermitente","ordem":3,"largura":"10 - 50","dominialidade":"Estadual","fonte":"ANA (2021), MDE/Maxar(imagens do basemap/arcmap), Cartas topográficas"},"geometry":{"type":"LineString","coordinates":[[-35.730214,-6.132255],[-35.729824,-6.131599],[-35.728663,-6.130723],[-35.729005,-6.129666],[-35.728729,-6.129124],[-35.728434,-6.128876],[-35.727617,-6.129253],[-35.726721,-6.128715],[-35.726359,-6.128772],[-35.726188,-6.128305]]}},{"type":"Feature","id":957,"properties":{"nome":"Rio Grande do Sul","regime":"Intermitente","ordem":3,"largura":"10 - 50","dominialidade":"Estadual","fonte":"ANA (2021), MDE/Maxar(imagens do basemap/arcmap), Cartas topográficas"},"geometry":{"type":"LineString","coordinates":[[-35.711559,-6.108118],[-35.710931,-6.106414],[-35.711102,-6.105339],[-35.710522,-6.104292],[-35.710426,-6.103614]]}},{"type":"Feature","id":958,"properties":{"regime":"Intermitente","ordem":2,"largura":"<=10","dominialidade":"Estadual","fonte":"ANA (2021), MDE/Maxar(imagens do basemap/arcmap), Cartas topográficas"},"geometry":{"type":"LineString","coordinates":[[-35.843592,-6.135398],[-35.84245,-6.134541],[-35.841441,-6.134618],[-35.840699,-6.134085],[-35.840089,-6.134047],[-35.839176,-6.133666],[-35.838205,-6.133932]]}},{"type":"Feature","id":959,"properties":{"regime":"Intermitente","ordem":2,"largura":"10 - 50","dominialidade":"Estadual","fonte":"ANA (2021), MDE/Maxar(imagens do basemap/arcmap), Cartas topográficas"},"geometry":{"type":"LineString","coordinates":[[-35.838205,-6.133932],[-35.837462,-6.133533],[-35.83653,-6.132371],[-35.836168,-6.132638],[-35.835863,-6.133837],[-35.83514,-6.133761],[-35.834759,-6.133342],[-35.833674,-6.133],[-35.833484,-6.132828],[-35.833541,-6.132505],[-35.834226,-6.131572],[-35.833922,-6.131267],[-35.833179,-6.13121],[-35.832818,-6.130715],[-35.829696,-6.128774],[-35.829902,-6.127055],[-35.829144,-6.125823],[-35.828573,-6.124186],[-35.827811,-6.123691],[-35.826913,-6.123488],[-35.826517,-6.123672],[-35.825584,-6.12331],[-35.825394,-6.122244],[-35.824918,-6.122035],[-35.824339,-6.122272]]}},{"type":"Feature","id":960,"properties":{"nome":"Rio Grande","regime":"Intermitente","ordem":2,"largura":"10 - 50","dominialidade":"Estadual","fonte":"ANA (2021), MDE/Maxar(imagens do basemap/arcmap), Cartas topográficas"},"geometry":{"type":"LineString","coordinates":[[-35.857156,-6.113197],[-35.854517,-6.111967]]}},{"type":"Feature","id":961,"properties":{"nome":"Rio Grande","regime":"Intermitente","ordem":2,"largura":"<=10","dominialidade":"Estadual","fonte":"ANA (2021), MDE/Maxar(imagens do basemap/arcmap), Cartas topográficas"},"geometry":{"type":"LineString","coordinates":[[-35.852146,-6.11158],[-35.85109,-6.112665],[-35.850743,-6.112796]]}},{"type":"Feature","id":962,"properties":{"nome":"Rio Grande","regime":"Intermitente","ordem":2,"largura":"10 - 50","dominialidade":"Estadual","fonte":"ANA (2021), MDE/Maxar(imagens do basemap/arcmap), Cartas topográficas"},"geometry":{"type":"LineString","coordinates":[[-35.850743,-6.112796],[-35.848363,-6.112893],[-35.848134,-6.113064],[-35.848277,-6.113693],[-35.84802,-6.114635],[-35.847663,-6.114821]]}},{"type":"Feature","id":963,"properties":{"nome":"Rio Grande","regime":"Intermitente","ordem":2,"largura":"10 - 50","dominialidade":"Estadual","fonte":"ANA (2021), MDE/Maxar(imagens do basemap/arcmap), Cartas topográficas"},"geometry":{"type":"LineString","coordinates":[[-35.842709,-6.113436],[-35.840787,-6.112793]]}},{"type":"Feature","id":964,"properties":{"nome":"Rio Grande","regime":"Intermitente","ordem":2,"largura":"10 - 50","dominialidade":"Estadual","fonte":"ANA (2021), MDE/Maxar(imagens do basemap/arcmap), Cartas topográficas"},"geometry":{"type":"LineString","coordinates":[[-35.840787,-6.112793],[-35.839882,-6.113293],[-35.838835,-6.114435],[-35.837619,-6.114888],[-35.836979,-6.114816],[-35.836438,-6.115157],[-35.83579,-6.115196],[-35.835419,-6.11494],[-35.835171,-6.114245],[-35.834219,-6.113697]]}},{"type":"Feature","id":965,"properties":{"nome":"Rio Grande","regime":"Intermitente","ordem":3,"largura":"10 - 50","dominialidade":"Estadual","fonte":"ANA (2021), MDE/Maxar(imagens do basemap/arcmap), Cartas topográficas"},"geometry":{"type":"LineString","coordinates":[[-35.824339,-6.122272],[-35.822876,-6.122878],[-35.822269,-6.122569],[-35.821603,-6.121891],[-35.820592,-6.1222],[-35.816915,-6.120487],[-35.815595,-6.121463],[-35.814821,-6.121736],[-35.814429,-6.121689],[-35.814238,-6.120202],[-35.813477,-6.119571],[-35.812466,-6.120071],[-35.812228,-6.120785],[-35.811883,-6.121177],[-35.811109,-6.121451]]}},{"type":"Feature","id":966,"properties":{"nome":"Rio Grande","regime":"Intermitente","ordem":3,"largura":"10 - 50","dominialidade":"Estadual","fonte":"ANA (2021), MDE/Maxar(imagens do basemap/arcmap), Cartas topográficas"},"geometry":{"type":"LineString","coordinates":[[-35.811109,-6.121451],[-35.810396,-6.120856],[-35.809337,-6.120785],[-35.808813,-6.120523],[-35.808849,-6.119868],[-35.808587,-6.119059],[-35.807873,-6.118595],[-35.8076,-6.118524],[-35.806446,-6.119309],[-35.80566,-6.119297],[-35.804947,-6.118869],[-35.804792,-6.118239],[-35.805054,-6.117382],[-35.804947,-6.117061],[-35.804661,-6.116906]]}},{"type":"Feature","id":967,"properties":{"regime":"Intermitente","ordem":2,"largura":"<=10","dominialidade":"Estadual","fonte":"ANA (2021), MDE/Maxar(imagens do basemap/arcmap), Cartas topográficas"},"geometry":{"type":"LineString","coordinates":[[-35.701775,-6.100323],[-35.702108,-6.099999],[-35.702718,-6.099885]]}},{"type":"Feature","id":968,"properties":{"nome":"Rio Grande","regime":"Intermitente","ordem":4,"largura":"10 - 50","dominialidade":"Estadual","fonte":"ANA (2021), MDE/Maxar(imagens do basemap/arcmap), Cartas topográficas"},"geometry":{"type":"LineString","coordinates":[[-35.702718,-6.099885],[-35.702851,-6.098643],[-35.702182,-6.096653],[-35.70088,-6.094743],[-35.701094,-6.094374],[-35.700844,-6.093369],[-35.700862,-6.0924],[-35.701986,-6.09168],[-35.702194,-6.090668],[-35.701814,-6.089532],[-35.7022,-6.088694],[-35.70333,-6.087319],[-35.704663,-6.086885],[-35.704841,-6.086701],[-35.70483,-6.08613],[-35.703075,-6.084821],[-35.703223,-6.083506],[-35.702825,-6.083167],[-35.70176,-6.082852],[-35.70135,-6.081716],[-35.699607,-6.080931]]}},{"type":"Feature","id":969,"properties":{"nome":"Rio Grande","regime":"Intermitente","ordem":4,"largura":"10 - 50","dominialidade":"Estadual","fonte":"ANA (2021), MDE/Maxar(imagens do basemap/arcmap), Cartas topográficas"},"geometry":{"type":"LineString","coordinates":[[-35.699607,-6.080931],[-35.699392,-6.080722],[-35.699494,-6.080455],[-35.700529,-6.07986],[-35.700201,-6.078569],[-35.700874,-6.076826],[-35.70088,-6.076195],[-35.700225,-6.073179],[-35.698589,-6.072317],[-35.69828,-6.071591],[-35.698399,-6.070877],[-35.699629,-6.069039],[-35.699272,-6.068331],[-35.698546,-6.067849],[-35.697957,-6.067118],[-35.697826,-6.066606],[-35.697856,-6.065648],[-35.698047,-6.065345],[-35.699308,-6.065012],[-35.698528,-6.064024],[-35.698719,-6.063376],[-35.698653,-6.062692],[-35.698166,-6.061788],[-35.698041,-6.060866],[-35.697612,-6.059908],[-35.697975,-6.058367],[-35.697589,-6.05732],[-35.69722,-6.056779],[-35.696946,-6.056696],[-35.696167,-6.054887],[-35.695679,-6.054786],[-35.695161,-6.055131],[-35.694686,-6.054971],[-35.694305,-6.05509],[-35.693817,-6.054739]]}},{"type":"Feature","id":970,"properties":{"nome":"Rio Grande","regime":"Intermitente","ordem":4,"largura":"10 - 50","dominialidade":"Estadual","fonte":"ANA (2021), MDE/Maxar(imagens do basemap/arcmap), Cartas topográficas"},"geometry":{"type":"LineString","coordinates":[[-35.693817,-6.054739],[-35.694156,-6.054114],[-35.693722,-6.052603],[-35.693026,-6.051907],[-35.692699,-6.050985],[-35.692693,-6.050676],[-35.693198,-6.049783],[-35.693286,-6.049142],[-35.693097,-6.048516],[-35.692473,-6.047779],[-35.691937,-6.047916],[-35.691301,-6.04857],[-35.690968,-6.04851],[-35.689302,-6.047059],[-35.688683,-6.045828],[-35.688874,-6.045286],[-35.689849,-6.044995],[-35.68957,-6.044186],[-35.69001,-6.041997],[-35.690301,-6.041449],[-35.691574,-6.040236],[-35.691646,-6.039843],[-35.691592,-6.036845],[-35.690652,-6.035465],[-35.690837,-6.032735]]}},{"type":"Feature","id":971,"properties":{"nome":"Rio Grande","regime":"Intermitente","ordem":4,"largura":"10 - 50","dominialidade":"Estadual","fonte":"ANA (2021), MDE/Maxar(imagens do basemap/arcmap), Cartas topográficas"},"geometry":{"type":"LineString","coordinates":[[-35.690837,-6.032735],[-35.690914,-6.032104],[-35.690617,-6.031616],[-35.690492,-6.030159],[-35.690188,-6.02935]]}},{"type":"Feature","id":972,"properties":{"nome":"Rio Grande","regime":"Intermitente","ordem":4,"largura":"10 - 50","dominialidade":"Estadual","fonte":"ANA (2021), MDE/Maxar(imagens do basemap/arcmap), Cartas topográficas"},"geometry":{"type":"LineString","coordinates":[[-35.680218,-6.019993],[-35.679921,-6.019398],[-35.678844,-6.01847],[-35.677738,-6.017072],[-35.67753,-6.016411],[-35.676215,-6.015448],[-35.675382,-6.014109],[-35.674686,-6.012456],[-35.674793,-6.011873],[-35.674585,-6.010475],[-35.673889,-6.009838],[-35.673282,-6.009892],[-35.673027,-6.009452],[-35.673407,-6.00922],[-35.673512,-6.008897],[-35.67316,-6.008627]]}},{"type":"Feature","id":973,"properties":{"nome":"Rio Grande","regime":"Intermitente","ordem":4,"largura":"10 - 50","dominialidade":"Estadual","fonte":"ANA (2021), MDE/Maxar(imagens do basemap/arcmap), Cartas topográficas"},"geometry":{"type":"LineString","coordinates":[[-35.67316,-6.008627],[-35.672307,-6.008529],[-35.6717,-6.007875],[-35.671375,-6.008269],[-35.670588,-6.008274],[-35.668464,-6.007554],[-35.667584,-6.00803]]}},{"type":"Feature","id":974,"properties":{"nome":"Rio Grande","regime":"Intermitente","ordem":4,"largura":"<=10","dominialidade":"Estadual","fonte":"ANA (2021), MDE/Maxar(imagens do basemap/arcmap), Cartas topográficas"},"geometry":{"type":"LineString","coordinates":[[-35.636529,-5.987652],[-35.636157,-5.987809],[-35.635779,-5.987581],[-35.635665,-5.986339]]}},{"type":"Feature","id":975,"properties":{"regime":"Intermitente","ordem":2,"largura":"10 - 50","dominialidade":"Estadual","fonte":"ANA (2021), MDE/Maxar(imagens do basemap/arcmap), Cartas topográficas"},"geometry":{"type":"LineString","coordinates":[[-35.977866,-6.016872],[-35.977849,-6.017841],[-35.977545,-6.018141],[-35.978107,-6.019654],[-35.977821,-6.019949],[-35.978116,-6.021348],[-35.978505,-6.02187],[-35.978478,-6.022509]]}},{"type":"Feature","id":976,"properties":{"nome":"Riacho do Formigueiro","regime":"Intermitente","ordem":3,"largura":"10 - 50","dominialidade":"Estadual","fonte":"ANA (2021), MDE/Maxar(imagens do basemap/arcmap), Cartas topográficas"},"geometry":{"type":"LineString","coordinates":[[-35.977866,-6.016872],[-35.976828,-6.01545],[-35.976706,-6.014178],[-35.976017,-6.013629],[-35.976195,-6.013344],[-35.976481,-6.013332],[-35.977207,-6.011999],[-35.976743,-6.011559],[-35.976564,-6.010036],[-35.976983,-6.009434],[-35.977613,-6.009268],[-35.977851,-6.00853],[-35.978547,-6.008607],[-35.978881,-6.008447],[-35.978185,-6.007091],[-35.977613,-6.006615],[-35.97751,-6.00599],[-35.977696,-6.005862],[-35.978324,-6.00604],[-35.978688,-6.00579],[-35.978988,-6.005191],[-35.979559,-6.005119],[-35.979723,-6.004791],[-35.97834,-6.001036],[-35.978473,-6.000884],[-35.979691,-6.000865],[-35.980516,-6.000118]]}},{"type":"Feature","id":977,"properties":{"regime":"Intermitente","ordem":2,"largura":"10 - 50","dominialidade":"Estadual","fonte":"ANA (2021), MDE/Maxar(imagens do basemap/arcmap), Cartas topográficas"},"geometry":{"type":"LineString","coordinates":[[-35.937643,-6.01231],[-35.937212,-6.012578],[-35.936526,-6.01255],[-35.936184,-6.012141],[-35.936269,-6.011179],[-35.93587,-6.010151],[-35.934223,-6.009828],[-35.932376,-6.008762],[-35.93231,-6.008533],[-35.933014,-6.007287],[-35.931939,-6.006601],[-35.931577,-6.00603],[-35.93152,-6.005193],[-35.931253,-6.004564],[-35.931453,-6.004146],[-35.93133,-6.003546],[-35.931149,-6.003194],[-35.929474,-6.001852],[-35.92827,-6.000167]]}},{"type":"Feature","id":978,"properties":{"regime":"Intermitente","ordem":2,"largura":"10 - 50","dominialidade":"Estadual","fonte":"ANA (2021), MDE/Maxar(imagens do basemap/arcmap), Cartas topográficas"},"geometry":{"type":"LineString","coordinates":[[-35.89876,-5.978075],[-35.898408,-5.97641],[-35.898486,-5.975687],[-35.898884,-5.974792],[-35.898551,-5.974306],[-35.898132,-5.973821],[-35.896171,-5.973135],[-35.895248,-5.972536],[-35.894658,-5.971774],[-35.894534,-5.970889],[-35.894096,-5.969985],[-35.893304,-5.970236],[-35.892859,-5.970937]]}},{"type":"Feature","id":979,"properties":{"regime":"Intermitente","ordem":1,"largura":"<=10","dominialidade":"Estadual","fonte":"ANA (2021), MDE/Maxar(imagens do basemap/arcmap), Cartas topográficas"},"geometry":{"type":"LineString","coordinates":[[-35.902456,-6.000173],[-35.901694,-5.999317],[-35.901114,-5.997622],[-35.901713,-5.996366],[-35.901689,-5.992972]]}},{"type":"Feature","id":980,"properties":{"regime":"Intermitente","ordem":1,"largura":"<=10","dominialidade":"Estadual","fonte":"ANA (2021), MDE/Maxar(imagens do basemap/arcmap), Cartas topográficas"},"geometry":{"type":"LineString","coordinates":[[-35.942871,-6.042085],[-35.94195,-6.0416],[-35.940723,-6.03933],[-35.94038,-6.03918],[-35.939738,-6.038065],[-35.938531,-6.037817],[-35.938645,-6.036931],[-35.936197,-6.035418],[-35.934341,-6.033591],[-35.933613,-6.033691],[-35.93332,-6.033255],[-35.93307,-6.033219],[-35.930622,-6.03384],[-35.929551,-6.034404],[-35.928973,-6.035625]]}},{"type":"Feature","id":981,"properties":{"regime":"Intermitente","ordem":2,"largura":"10 - 50","dominialidade":"Estadual","fonte":"ANA (2021), MDE/Maxar(imagens do basemap/arcmap), Cartas topográficas"},"geometry":{"type":"LineString","coordinates":[[-35.926582,-6.039505],[-35.926933,-6.038696],[-35.925613,-6.036376],[-35.924804,-6.03549],[-35.925117,-6.034934]]}},{"type":"Feature","id":982,"properties":{"regime":"Intermitente","ordem":2,"largura":"10 - 50","dominialidade":"Estadual","fonte":"ANA (2021), MDE/Maxar(imagens do basemap/arcmap), Cartas topográficas"},"geometry":{"type":"LineString","coordinates":[[-35.928973,-6.035625],[-35.928537,-6.035611],[-35.928173,-6.036011],[-35.927003,-6.035982],[-35.925925,-6.035639],[-35.925117,-6.034934]]}},{"type":"Feature","id":983,"properties":{"regime":"Intermitente","ordem":3,"largura":"10 - 50","dominialidade":"Estadual","fonte":"ANA (2021), MDE/Maxar(imagens do basemap/arcmap), Cartas topográficas"},"geometry":{"type":"LineString","coordinates":[[-35.925117,-6.034934],[-35.922626,-6.032927],[-35.922821,-6.031718]]}},{"type":"Feature","id":984,"properties":{"regime":"Intermitente","ordem":3,"largura":"<=10","dominialidade":"Estadual","fonte":"ANA (2021), MDE/Maxar(imagens do basemap/arcmap), Cartas topográficas"},"geometry":{"type":"LineString","coordinates":[[-35.922275,-6.030892],[-35.92066,-6.030015],[-35.920095,-6.029399],[-35.919499,-6.029315],[-35.919177,-6.028869],[-35.9178,-6.028282],[-35.915792,-6.027916],[-35.914173,-6.028082],[-35.91373,-6.027932],[-35.913373,-6.027439],[-35.913237,-6.026261],[-35.91211,-6.024398],[-35.911938,-6.023178],[-35.911232,-6.022692],[-35.910725,-6.022871],[-35.910254,-6.023877],[-35.90934,-6.024363],[-35.907784,-6.024534],[-35.906906,-6.024341],[-35.906292,-6.023949],[-35.905999,-6.02407],[-35.905614,-6.024477],[-35.9048,-6.02482],[-35.904657,-6.025098],[-35.9048,-6.026583],[-35.904486,-6.026982],[-35.903822,-6.027182]]}},{"type":"Feature","id":985,"properties":{"regime":"Intermitente","ordem":3,"largura":"<=10","dominialidade":"Estadual","fonte":"ANA (2021), MDE/Maxar(imagens do basemap/arcmap), Cartas topográficas"},"geometry":{"type":"LineString","coordinates":[[-35.893157,-5.978519],[-35.892334,-5.977882],[-35.892001,-5.976882],[-35.892715,-5.974674],[-35.892669,-5.972995],[-35.893048,-5.971752],[-35.892859,-5.970937]]}},{"type":"Feature","id":986,"properties":{"regime":"Intermitente","ordem":1,"largura":"<=10","dominialidade":"Estadual","fonte":"ANA (2021), MDE/Maxar(imagens do basemap/arcmap), Cartas topográficas"},"geometry":{"type":"LineString","coordinates":[[-35.883909,-6.000001],[-35.884176,-5.999287],[-35.883938,-5.998992],[-35.884804,-5.996441],[-35.883681,-5.996279],[-35.883367,-5.995813],[-35.884401,-5.994484],[-35.88327,-5.991145],[-35.883661,-5.990098],[-35.883527,-5.989546],[-35.881614,-5.988281],[-35.881319,-5.987671],[-35.88011,-5.988128],[-35.879968,-5.988528],[-35.879206,-5.988633],[-35.878824,-5.987517],[-35.878854,-5.987072]]}},{"type":"Feature","id":987,"properties":{"nome":"Riacho do Boqueir_o","regime":"Intermitente","ordem":1,"largura":"<=10","dominialidade":"Estadual","fonte":"ANA (2021), MDE/Maxar(imagens do basemap/arcmap), Cartas topográficas"},"geometry":{"type":"LineString","coordinates":[[-35.997894,-5.907513],[-35.997834,-5.909277]]}},{"type":"Feature","id":988,"properties":{"regime":"Intermitente","ordem":2,"largura":"50 - 200","dominialidade":"Estadual","fonte":"ANA (2021), MDE/Maxar(imagens do basemap/arcmap), Cartas topográficas"},"geometry":{"type":"LineString","coordinates":[[-35.803076,-5.889483],[-35.798465,-5.891025],[-35.797425,-5.89236]]}},{"type":"Feature","id":989,"properties":{"nome":"Riacho do Formigueiro","regime":"Intermitente","ordem":1,"largura":"<=10","dominialidade":"Estadual","fonte":"ANA (2021), MDE/Maxar(imagens do basemap/arcmap), Cartas topográficas"},"geometry":{"type":"LineString","coordinates":[[-36.000071,-6.037878],[-35.999528,-6.037717],[-35.998177,-6.037783],[-35.997882,-6.037678],[-35.997606,-6.037069],[-35.997025,-6.036784],[-35.997073,-6.036489],[-35.996844,-6.036356],[-35.995902,-6.035946],[-35.995445,-6.035956],[-35.995255,-6.036222],[-35.994874,-6.035842],[-35.994151,-6.035813],[-35.993799,-6.034575],[-35.991257,-6.0345],[-35.99101,-6.033652],[-35.990058,-6.032491],[-35.989639,-6.032282]]}},{"type":"Feature","id":990,"properties":{"nome":"Riacho Soo Pedro","regime":"Intermitente","ordem":2,"largura":"10 - 50","dominialidade":"Estadual","fonte":"ANA (2021), MDE/Maxar(imagens do basemap/arcmap), Cartas topográficas"},"geometry":{"type":"LineString","coordinates":[[-35.93488,-6.1269],[-35.933401,-6.126121],[-35.933023,-6.126094]]}},{"type":"Feature","id":991,"properties":{"nome":"Riacho Soo Pedro","regime":"Intermitente","ordem":4,"largura":"10 - 50","dominialidade":"Estadual","fonte":"ANA (2021), MDE/Maxar(imagens do basemap/arcmap), Cartas topográficas"},"geometry":{"type":"LineString","coordinates":[[-35.913836,-6.102733],[-35.913055,-6.102657],[-35.912342,-6.102064],[-35.911571,-6.10173],[-35.910513,-6.101812]]}},{"type":"Feature","id":992,"properties":{"nome":"Riacho Soo Pedro","regime":"Intermitente","ordem":4,"largura":"10 - 50","dominialidade":"Estadual","fonte":"ANA (2021), MDE/Maxar(imagens do basemap/arcmap), Cartas topográficas"},"geometry":{"type":"LineString","coordinates":[[-35.914998,-6.106009],[-35.914635,-6.105437],[-35.914407,-6.103286],[-35.913836,-6.102733]]}},{"type":"Feature","id":993,"properties":{"nome":"Riacho do Gavi_o","regime":"Intermitente","ordem":2,"largura":"10 - 50","dominialidade":"Estadual","fonte":"ANA (2021), MDE/Maxar(imagens do basemap/arcmap), Cartas topográficas"},"geometry":{"type":"LineString","coordinates":[[-35.908005,-6.121899],[-35.908024,-6.120623],[-35.9077,-6.119767],[-35.908518,-6.118091],[-35.908081,-6.117349]]}},{"type":"Feature","id":994,"properties":{"nome":"Riacho do Gavi_o","regime":"Intermitente","ordem":2,"largura":"10 - 50","dominialidade":"Estadual","fonte":"ANA (2021), MDE/Maxar(imagens do basemap/arcmap), Cartas topográficas"},"geometry":{"type":"LineString","coordinates":[[-35.902884,-6.105185],[-35.902275,-6.104995],[-35.900821,-6.102818]]}},{"type":"Feature","id":995,"properties":{"nome":"Riacho do Gavi_o","regime":"Intermitente","ordem":2,"largura":"10 - 50","dominialidade":"Estadual","fonte":"ANA (2021), MDE/Maxar(imagens do basemap/arcmap), Cartas topográficas"},"geometry":{"type":"LineString","coordinates":[[-35.904388,-6.111181],[-35.904331,-6.110782],[-35.903265,-6.109754],[-35.902998,-6.108707],[-35.903455,-6.108307],[-35.903377,-6.107954],[-35.903546,-6.10766],[-35.903988,-6.107355],[-35.90315,-6.106156],[-35.902884,-6.105185]]}},{"type":"Feature","id":996,"properties":{"nome":"Riacho Salgado","regime":"Intermitente","ordem":4,"largura":"10 - 50","dominialidade":"Estadual","fonte":"ANA (2021), MDE/Maxar(imagens do basemap/arcmap), Cartas topográficas"},"geometry":{"type":"LineString","coordinates":[[-35.882926,-6.088156],[-35.882485,-6.087494],[-35.882749,-6.087137],[-35.882734,-6.086216],[-35.882178,-6.085581],[-35.881549,-6.085415],[-35.881171,-6.085074],[-35.880972,-6.082797]]}},{"type":"Feature","id":997,"properties":{"nome":"Riacho Salgado","regime":"Intermitente","ordem":4,"largura":"10 - 50","dominialidade":"Estadual","fonte":"ANA (2021), MDE/Maxar(imagens do basemap/arcmap), Cartas topográficas"},"geometry":{"type":"LineString","coordinates":[[-35.880972,-6.082797],[-35.88073,-6.08047],[-35.880201,-6.07907],[-35.879685,-6.078386]]}},{"type":"Feature","id":998,"properties":{"nome":"Riacho Salgado","regime":"Intermitente","ordem":4,"largura":"10 - 50","dominialidade":"Estadual","fonte":"ANA (2021), MDE/Maxar(imagens do basemap/arcmap), Cartas topográficas"},"geometry":{"type":"LineString","coordinates":[[-35.865209,-6.005661],[-35.864138,-6.005323],[-35.863224,-6.005342]]}},{"type":"Feature","id":999,"properties":{"nome":"Riacho Salgado","regime":"Intermitente","ordem":4,"largura":"10 - 50","dominialidade":"Estadual","fonte":"ANA (2021), MDE/Maxar(imagens do basemap/arcmap), Cartas topográficas"},"geometry":{"type":"LineString","coordinates":[[-35.863224,-6.005342],[-35.862211,-6.004956],[-35.861364,-6.0041]]}},{"type":"Feature","id":1000,"properties":{"nome":"Riacho Salgado","regime":"Intermitente","ordem":4,"largura":"<=10","dominialidade":"Estadual","fonte":"ANA (2021), MDE/Maxar(imagens do basemap/arcmap), Cartas topográficas"},"geometry":{"type":"LineString","coordinates":[[-35.852667,-6.001595],[-35.851815,-6.001348],[-35.851058,-6.001743],[-35.850102,-6.002704],[-35.849145,-6.002447],[-35.848731,-6.002595]]}},{"type":"Feature","id":1001,"properties":{"nome":"Riacho Salgado","regime":"Intermitente","ordem":4,"largura":"10 - 50","dominialidade":"Estadual","fonte":"ANA (2021), MDE/Maxar(imagens do basemap/arcmap), Cartas topográficas"},"geometry":{"type":"LineString","coordinates":[[-35.825052,-5.976697],[-35.823538,-5.976619],[-35.822386,-5.976096],[-35.822244,-5.97561],[-35.82252,-5.975372],[-35.822938,-5.975448],[-35.823814,-5.974973],[-35.823814,-5.973545]]}},{"type":"Feature","id":1002,"properties":{"nome":"Riacho Salgado","regime":"Intermitente","ordem":4,"largura":"10 - 50","dominialidade":"Estadual","fonte":"ANA (2021), MDE/Maxar(imagens do basemap/arcmap), Cartas topográficas"},"geometry":{"type":"LineString","coordinates":[[-35.827421,-5.986204],[-35.827564,-5.984576],[-35.828297,-5.984357]]}},{"type":"Feature","id":1003,"properties":{"nome":"Riacho Salgado","regime":"Intermitente","ordem":4,"largura":"10 - 50","dominialidade":"Estadual","fonte":"ANA (2021), MDE/Maxar(imagens do basemap/arcmap), Cartas topográficas"},"geometry":{"type":"LineString","coordinates":[[-35.828297,-5.984357],[-35.829192,-5.98431],[-35.829658,-5.983957],[-35.829598,-5.982931],[-35.82922,-5.982025]]}},{"type":"Feature","id":1004,"properties":{"regime":"Intermitente","ordem":1,"largura":"<=10","fonte":"ANA (2021), MDE/Maxar(imagens do basemap/arcmap), Cartas topográficas"},"geometry":{"type":"LineString","coordinates":[[-35.833373,-5.983901],[-35.83566,-5.985115],[-35.837202,-5.985315],[-35.838277,-5.985886],[-35.839772,-5.986343]]}},{"type":"Feature","id":1005,"properties":{"regime":"Intermitente","ordem":1,"largura":"<=10","fonte":"ANA (2021), MDE/Maxar(imagens do basemap/arcmap), Cartas topográficas"},"geometry":{"type":"LineString","coordinates":[[-35.82922,-5.982025],[-35.829607,-5.981927],[-35.830673,-5.982726],[-35.833373,-5.983901]]}},{"type":"Feature","id":1006,"properties":{"nome":"Riacho Salgado","regime":"Intermitente","ordem":4,"largura":"10 - 50","dominialidade":"Estadual","fonte":"ANA (2021), MDE/Maxar(imagens do basemap/arcmap), Cartas topográficas"},"geometry":{"type":"LineString","coordinates":[[-35.82922,-5.982025],[-35.82884,-5.981407],[-35.827945,-5.980769]]}},{"type":"Feature","id":1007,"properties":{"nome":"Riacho Salgado","regime":"Intermitente","ordem":4,"largura":"10 - 50","dominialidade":"Estadual","fonte":"ANA (2021), MDE/Maxar(imagens do basemap/arcmap), Cartas topográficas"},"geometry":{"type":"LineString","coordinates":[[-35.827945,-5.980769],[-35.827112,-5.980942],[-35.826382,-5.980524],[-35.826089,-5.980161],[-35.825884,-5.978942]]}},{"type":"Feature","id":1008,"properties":{"nome":"Riacho Salgado","regime":"Intermitente","ordem":4,"largura":"10 - 50","dominialidade":"Estadual","fonte":"ANA (2021), MDE/Maxar(imagens do basemap/arcmap), Cartas topográficas"},"geometry":{"type":"LineString","coordinates":[[-35.825884,-5.978942],[-35.825718,-5.977295],[-35.825404,-5.976676],[-35.825052,-5.976697]]}},{"type":"Feature","id":1009,"properties":{"nome":"Riacho Salgado","regime":"Intermitente","ordem":4,"largura":"<=10","dominialidade":"Estadual","fonte":"ANA (2021), MDE/Maxar(imagens do basemap/arcmap), Cartas topográficas"},"geometry":{"type":"LineString","coordinates":[[-35.823814,-5.973545],[-35.820359,-5.972108],[-35.820159,-5.971746],[-35.820267,-5.971101],[-35.82013,-5.970429]]}},{"type":"Feature","id":1010,"properties":{"regime":"Intermitente","ordem":1,"largura":"<=10","fonte":"ANA (2021), MDE/Maxar(imagens do basemap/arcmap), Cartas topográficas"},"geometry":{"type":"LineString","coordinates":[[-35.82013,-5.970429],[-35.820915,-5.970916],[-35.821838,-5.971039],[-35.822181,-5.971353],[-35.822552,-5.97141],[-35.823247,-5.971306],[-35.823746,-5.970947]]}},{"type":"Feature","id":1011,"properties":{"regime":"Intermitente","ordem":1,"largura":"<=10","fonte":"ANA (2021), MDE/Maxar(imagens do basemap/arcmap), Cartas topográficas"},"geometry":{"type":"LineString","coordinates":[[-35.823746,-5.970947],[-35.824846,-5.970164],[-35.82514,-5.969698]]}},{"type":"Feature","id":1012,"properties":{"nome":"Riacho Salgado","regime":"Intermitente","ordem":4,"largura":"<=10","dominialidade":"Estadual","fonte":"ANA (2021), MDE/Maxar(imagens do basemap/arcmap), Cartas topográficas"},"geometry":{"type":"LineString","coordinates":[[-35.82013,-5.970429],[-35.820045,-5.969395],[-35.818922,-5.96988],[-35.818989,-5.970518],[-35.818627,-5.970985],[-35.818275,-5.970946],[-35.817999,-5.97127],[-35.817171,-5.97127],[-35.816053,-5.970527]]}},{"type":"Feature","id":1013,"properties":{"nome":"Riacho da Serra","regime":"Intermitente","ordem":3,"largura":"<=10","dominialidade":"Estadual","fonte":"ANA (2021), MDE/Maxar(imagens do basemap/arcmap), Cartas topográficas"},"geometry":{"type":"LineString","coordinates":[[-35.799266,-5.999963],[-35.799961,-5.999002],[-35.800132,-5.997727],[-35.799361,-5.997279],[-35.799523,-5.996556],[-35.800065,-5.996584],[-35.799838,-5.99568],[-35.799294,-5.995357],[-35.799114,-5.994386],[-35.800408,-5.992777],[-35.801731,-5.991759]]}},{"type":"Feature","id":1014,"properties":{"regime":"Intermitente","ordem":1,"largura":"<=10","dominialidade":"Estadual","fonte":"ANA (2021), MDE/Maxar(imagens do basemap/arcmap), Cartas topográficas"},"geometry":{"type":"LineString","coordinates":[[-35.79603,-6.010317],[-35.79573,-6.010175]]}},{"type":"Feature","id":1015,"properties":{"regime":"Intermitente","ordem":1,"largura":"<=10","dominialidade":"Estadual","fonte":"ANA (2021), MDE/Maxar(imagens do basemap/arcmap), Cartas topográficas"},"geometry":{"type":"LineString","coordinates":[[-35.796295,-6.010443],[-35.79603,-6.010317]]}},{"type":"Feature","id":1016,"properties":{"regime":"Intermitente","ordem":1,"largura":"<=10","dominialidade":"Estadual","fonte":"ANA (2021), MDE/Maxar(imagens do basemap/arcmap), Cartas topográficas"},"geometry":{"type":"LineString","coordinates":[[-35.798039,-6.010498],[-35.79695,-6.010591],[-35.796295,-6.010443]]}},{"type":"Feature","id":1017,"properties":{"regime":"Intermitente","ordem":1,"largura":"<=10","dominialidade":"Estadual","fonte":"ANA (2021), MDE/Maxar(imagens do basemap/arcmap), Cartas topográficas"},"geometry":{"type":"LineString","coordinates":[[-35.79573,-6.010175],[-35.79553,-6.010106]]}},{"type":"Feature","id":1018,"properties":{"nome":"Rio Grande","regime":"Intermitente","ordem":2,"largura":"<=10","dominialidade":"Estadual","fonte":"ANA (2021), MDE/Maxar(imagens do basemap/arcmap), Cartas topográficas"},"geometry":{"type":"LineString","coordinates":[[-35.858899,-6.113493],[-35.858608,-6.113678],[-35.857971,-6.113578],[-35.857156,-6.113197]]}},{"type":"Feature","id":1019,"properties":{"nome":"Rio Grande","regime":"Intermitente","ordem":2,"largura":"<=10","dominialidade":"Estadual","fonte":"ANA (2021), MDE/Maxar(imagens do basemap/arcmap), Cartas topográficas"},"geometry":{"type":"LineString","coordinates":[[-35.854517,-6.111967],[-35.85256,-6.111437],[-35.852146,-6.11158]]}},{"type":"Feature","id":1020,"properties":{"nome":"Rio Grande","regime":"Intermitente","ordem":2,"largura":"10 - 50","dominialidade":"Estadual","fonte":"ANA (2021), MDE/Maxar(imagens do basemap/arcmap), Cartas topográficas"},"geometry":{"type":"LineString","coordinates":[[-35.827271,-6.119955],[-35.827057,-6.12036],[-35.825035,-6.121264],[-35.824606,-6.121621],[-35.824339,-6.122272]]}},{"type":"Feature","id":1021,"properties":{"regime":"Intermitente","ordem":2,"largura":"<=10","dominialidade":"Estadual","fonte":"ANA (2021), MDE/Maxar(imagens do basemap/arcmap), Cartas topográficas"},"geometry":{"type":"LineString","coordinates":[[-35.794597,-6.102462],[-35.794112,-6.103719],[-35.792884,-6.104375],[-35.791409,-6.105951],[-35.790876,-6.107787]]}},{"type":"Feature","id":1022,"properties":{"nome":"Rio Grande","regime":"Intermitente","ordem":3,"largura":"10 - 50","dominialidade":"Estadual","fonte":"ANA (2021), MDE/Maxar(imagens do basemap/arcmap), Cartas topográficas"},"geometry":{"type":"LineString","coordinates":[[-35.760375,-6.116219],[-35.760009,-6.116085],[-35.759438,-6.115381],[-35.75901,-6.115343],[-35.757763,-6.115904],[-35.756466,-6.115377],[-35.755269,-6.11421],[-35.755117,-6.113439],[-35.754517,-6.112906],[-35.752414,-6.113772],[-35.750634,-6.114867],[-35.749663,-6.116532]]}},{"type":"Feature","id":1023,"properties":{"nome":"Rio Grande","regime":"Intermitente","ordem":3,"largura":"10 - 50","dominialidade":"Estadual","fonte":"ANA (2021), MDE/Maxar(imagens do basemap/arcmap), Cartas topográficas"},"geometry":{"type":"LineString","coordinates":[[-35.749663,-6.116532],[-35.749492,-6.116589],[-35.749159,-6.116266],[-35.748978,-6.115647],[-35.748559,-6.115276],[-35.748169,-6.11539],[-35.748004,-6.115176],[-35.747493,-6.115124],[-35.747198,-6.115676],[-35.74636,-6.115562],[-35.74656,-6.115019],[-35.745323,-6.113772],[-35.745155,-6.113345],[-35.744523,-6.112982],[-35.743705,-6.112887],[-35.742929,-6.113387],[-35.742534,-6.113325],[-35.742953,-6.112535],[-35.742353,-6.111716]]}},{"type":"Feature","id":1024,"properties":{"nome":"Rio Grande do Sul","regime":"Intermitente","ordem":3,"largura":"10 - 50","dominialidade":"Estadual","fonte":"ANA (2021), MDE/Maxar(imagens do basemap/arcmap), Cartas topográficas"},"geometry":{"type":"LineString","coordinates":[[-35.727625,-6.120819],[-35.726064,-6.121005],[-35.726093,-6.120244]]}},{"type":"Feature","id":1025,"properties":{"nome":"Rio Grande do Sul","regime":"Intermitente","ordem":3,"largura":"10 - 50","dominialidade":"Estadual","fonte":"ANA (2021), MDE/Maxar(imagens do basemap/arcmap), Cartas topográficas"},"geometry":{"type":"LineString","coordinates":[[-35.726093,-6.120244],[-35.725581,-6.117864]]}},{"type":"Feature","id":1026,"properties":{"nome":"Rio Grande do Sul","regime":"Intermitente","ordem":3,"largura":"10 - 50","dominialidade":"Estadual","fonte":"ANA (2021), MDE/Maxar(imagens do basemap/arcmap), Cartas topográficas"},"geometry":{"type":"LineString","coordinates":[[-35.726188,-6.128305],[-35.727987,-6.124194],[-35.728553,-6.1223],[-35.728558,-6.121205],[-35.728177,-6.120729],[-35.727625,-6.120819]]}},{"type":"Feature","id":1027,"properties":{"regime":"Intermitente","ordem":1,"largura":"<=10","dominialidade":"Estadual","fonte":"ANA (2021), MDE/Maxar(imagens do basemap/arcmap), Cartas topográficas"},"geometry":{"type":"LineString","coordinates":[[-35.726188,-6.128305],[-35.724705,-6.129789],[-35.724274,-6.130549]]}},{"type":"Feature","id":1028,"properties":{"regime":"Intermitente","ordem":1,"largura":"<=10","dominialidade":"Estadual","fonte":"ANA (2021), MDE/Maxar(imagens do basemap/arcmap), Cartas topográficas"},"geometry":{"type":"LineString","coordinates":[[-35.775663,-6.168585],[-35.774354,-6.167931],[-35.773914,-6.168038],[-35.772927,-6.167669],[-35.770349,-6.165528]]}},{"type":"Feature","id":1029,"properties":{"nome":"Rio Grande","regime":"Intermitente","ordem":4,"largura":"10 - 50","dominialidade":"Estadual","fonte":"ANA (2021), MDE/Maxar(imagens do basemap/arcmap), Cartas topográficas"},"geometry":{"type":"LineString","coordinates":[[-35.654828,-5.999918],[-35.653482,-5.998317],[-35.652419,-5.998138],[-35.651384,-5.997717],[-35.650506,-5.996647],[-35.650898,-5.996211],[-35.650677,-5.995761],[-35.649271,-5.994748],[-35.648478,-5.994505],[-35.647429,-5.994484],[-35.646265,-5.994705],[-35.645658,-5.995194]]}},{"type":"Feature","id":1030,"properties":{"nome":"Riacho dos Macacos","regime":"Intermitente","ordem":2,"largura":"10 - 50","dominialidade":"Estadual","fonte":"ANA (2021), MDE/Maxar(imagens do basemap/arcmap), Cartas topográficas"},"geometry":{"type":"LineString","coordinates":[[-35.713576,-6.019593],[-35.714444,-6.019153],[-35.714872,-6.017957],[-35.715265,-6.017701],[-35.71498,-6.016601],[-35.71586,-6.016488],[-35.715973,-6.015803]]}},{"type":"Feature","id":1031,"properties":{"nome":"Riacho dos Macacos","regime":"Intermitente","ordem":2,"largura":"10 - 50","dominialidade":"Estadual","fonte":"ANA (2021), MDE/Maxar(imagens do basemap/arcmap), Cartas topográficas"},"geometry":{"type":"LineString","coordinates":[[-35.715973,-6.015803],[-35.715866,-6.014864],[-35.716871,-6.013543]]}},{"type":"Feature","id":1032,"properties":{"nome":"Riacho dos Macacos","regime":"Intermitente","ordem":2,"largura":"<=10","dominialidade":"Estadual","fonte":"ANA (2021), MDE/Maxar(imagens do basemap/arcmap), Cartas topográficas"},"geometry":{"type":"LineString","coordinates":[[-35.72333,-6.058592],[-35.723538,-6.058307],[-35.723836,-6.055493],[-35.723681,-6.055094],[-35.723092,-6.05494],[-35.723407,-6.053571],[-35.723729,-6.053316],[-35.723647,-6.05218],[-35.722499,-6.050847],[-35.722635,-6.050639],[-35.722909,-6.05074],[-35.722891,-6.050318],[-35.722356,-6.049723],[-35.722243,-6.049128],[-35.722665,-6.048622],[-35.722392,-6.048343],[-35.72207,-6.048479],[-35.721309,-6.048152]]}},{"type":"Feature","id":1033,"properties":{"nome":"Riacho dos Macacos","regime":"Intermitente","ordem":2,"largura":"<=10","dominialidade":"Estadual","fonte":"ANA (2021), MDE/Maxar(imagens do basemap/arcmap), Cartas topográficas"},"geometry":{"type":"LineString","coordinates":[[-35.737754,-5.994138],[-35.73724,-5.993891],[-35.73329,-5.993215],[-35.732738,-5.992197],[-35.731758,-5.991692]]}},{"type":"Feature","id":1034,"properties":{"nome":"Rio Potengi","regime":"Intermitente","ordem":5,"largura":"50 - 200","dominialidade":"Estadual","fonte":"ANA (2021), MDE/Maxar(imagens do basemap/arcmap), Cartas topográficas"},"geometry":{"type":"LineString","coordinates":[[-35.663721,-5.886522],[-35.661614,-5.886665],[-35.660219,-5.88616],[-35.658001,-5.886208]]}},{"type":"Feature","id":1035,"properties":{"nome":"Rio Potengi","regime":"Intermitente","ordem":5,"largura":"10 - 50","dominialidade":"Estadual","fonte":"ANA (2021), MDE/Maxar(imagens do basemap/arcmap), Cartas topográficas"},"geometry":{"type":"LineString","coordinates":[[-35.757203,-5.897559],[-35.755097,-5.899058],[-35.754812,-5.899474],[-35.754205,-5.899831],[-35.753758,-5.89983]]}},{"type":"Feature","id":1036,"properties":{"nome":"Rio Potengi","regime":"Intermitente","ordem":5,"largura":"10 - 50","dominialidade":"Estadual","fonte":"ANA (2021), MDE/Maxar(imagens do basemap/arcmap), Cartas topográficas"},"geometry":{"type":"LineString","coordinates":[[-35.753758,-5.89983],[-35.752266,-5.899177],[-35.752171,-5.898618],[-35.752544,-5.897576]]}},{"type":"Feature","id":1037,"properties":{"nome":"Rio Potengi","regime":"Intermitente","ordem":5,"largura":"10 - 50","dominialidade":"Estadual","fonte":"ANA (2021), MDE/Maxar(imagens do basemap/arcmap), Cartas topográficas"},"geometry":{"type":"LineString","coordinates":[[-35.770428,-5.891823],[-35.76851,-5.89077],[-35.767016,-5.890266],[-35.764746,-5.89014],[-35.763581,-5.889722],[-35.763518,-5.889216],[-35.763271,-5.889112],[-35.762595,-5.889264],[-35.7621,-5.889645],[-35.761805,-5.890197],[-35.76053,-5.893452],[-35.760301,-5.893785],[-35.75895,-5.894613],[-35.758198,-5.895422],[-35.757398,-5.89664],[-35.757203,-5.897559]]}},{"type":"Feature","id":1038,"properties":{"regime":"Intermitente","ordem":1,"largura":"<=10","dominialidade":"Estadual","fonte":"ANA (2021), MDE/Maxar(imagens do basemap/arcmap), Cartas topográficas"},"geometry":{"type":"LineString","coordinates":[[-35.831782,-5.920953],[-35.830313,-5.921194],[-35.829975,-5.921411],[-35.828499,-5.921363],[-35.827219,-5.922171],[-35.826358,-5.922001],[-35.825111,-5.922087],[-35.824932,-5.921833],[-35.824074,-5.921801],[-35.82376,-5.921401],[-35.823265,-5.921392],[-35.821314,-5.92025],[-35.820761,-5.919155]]}},{"type":"Feature","id":1039,"properties":{"regime":"Intermitente","ordem":1,"largura":"<=10","dominialidade":"Estadual","fonte":"ANA (2021), MDE/Maxar(imagens do basemap/arcmap), Cartas topográficas"},"geometry":{"type":"LineString","coordinates":[[-35.80435,-5.90668],[-35.803127,-5.903656],[-35.803127,-5.900571],[-35.803357,-5.900205]]}},{"type":"Feature","id":1040,"properties":{"nome":"Rio Potengi","regime":"Intermitente","ordem":5,"largura":"50 - 200","dominialidade":"Estadual","fonte":"ANA (2021), MDE/Maxar(imagens do basemap/arcmap), Cartas topográficas"},"geometry":{"type":"LineString","coordinates":[[-35.814827,-5.90173],[-35.809975,-5.901111],[-35.807606,-5.901472],[-35.805703,-5.901053],[-35.804295,-5.900989],[-35.803357,-5.900205]]}},{"type":"Feature","id":1041,"properties":{"nome":"Rio Potengi","regime":"Intermitente","ordem":5,"largura":"50 - 200","dominialidade":"Estadual","fonte":"ANA (2021), MDE/Maxar(imagens do basemap/arcmap), Cartas topográficas"},"geometry":{"type":"LineString","coordinates":[[-35.817741,-5.901167],[-35.814827,-5.90173]]}},{"type":"Feature","id":1042,"properties":{"regime":"Intermitente","ordem":2,"largura":"10 - 50","dominialidade":"Estadual","fonte":"ANA (2021), MDE/Maxar(imagens do basemap/arcmap), Cartas topográficas"},"geometry":{"type":"LineString","coordinates":[[-35.882029,-5.963547],[-35.8818,-5.962661],[-35.881895,-5.962223],[-35.882458,-5.961459]]}},{"type":"Feature","id":1043,"properties":{"regime":"Intermitente","ordem":2,"largura":"10 - 50","dominialidade":"Estadual","fonte":"ANA (2021), MDE/Maxar(imagens do basemap/arcmap), Cartas topográficas"},"geometry":{"type":"LineString","coordinates":[[-35.881348,-5.965605],[-35.882029,-5.963547]]}},{"type":"Feature","id":1044,"properties":{"regime":"Intermitente","ordem":2,"largura":"50 - 200","dominialidade":"Estadual","fonte":"ANA (2021), MDE/Maxar(imagens do basemap/arcmap), Cartas topográficas"},"geometry":{"type":"LineString","coordinates":[[-35.722138,-5.921518],[-35.718607,-5.92123]]}},{"type":"Feature","id":1045,"properties":{"regime":"Intermitente","ordem":2,"largura":"10 - 50","dominialidade":"Estadual","fonte":"ANA (2021), MDE/Maxar(imagens do basemap/arcmap), Cartas topográficas"},"geometry":{"type":"LineString","coordinates":[[-35.732658,-5.920189],[-35.730806,-5.920762],[-35.728581,-5.921012],[-35.727998,-5.921368],[-35.727427,-5.921047],[-35.725488,-5.921166],[-35.724574,-5.921611],[-35.722138,-5.921518]]}},{"type":"Feature","id":1046,"properties":{"regime":"Intermitente","ordem":3,"largura":"10 - 50","dominialidade":"Estadual","fonte":"ANA (2021), MDE/Maxar(imagens do basemap/arcmap), Cartas topográficas"},"geometry":{"type":"LineString","coordinates":[[-35.922821,-6.031718],[-35.922275,-6.030892]]}},{"type":"Feature","id":1047,"properties":{"regime":"Intermitente","ordem":3,"largura":"<=10","dominialidade":"Estadual","fonte":"ANA (2021), MDE/Maxar(imagens do basemap/arcmap), Cartas topográficas"},"geometry":{"type":"LineString","coordinates":[[-35.899977,-6.008857],[-35.900041,-6.008515],[-35.899827,-6.008158],[-35.898964,-6.007601],[-35.898949,-6.007059],[-35.898378,-6.005495]]}},{"type":"Feature","id":1048,"properties":{"regime":"Intermitente","ordem":2,"largura":"10 - 50","dominialidade":"Estadual","fonte":"ANA (2021), MDE/Maxar(imagens do basemap/arcmap), Cartas topográficas"},"geometry":{"type":"LineString","coordinates":[[-35.941561,-6.011912],[-35.939467,-6.01215],[-35.938649,-6.01195],[-35.938487,-6.012179],[-35.938049,-6.012055],[-35.937643,-6.01231]]}},{"type":"Feature","id":1049,"properties":{"regime":"Intermitente","ordem":2,"largura":"10 - 50","dominialidade":"Estadual","fonte":"ANA (2021), MDE/Maxar(imagens do basemap/arcmap), Cartas topográficas"},"geometry":{"type":"LineString","coordinates":[[-35.969628,-6.039206],[-35.969767,-6.038281],[-35.968868,-6.03683],[-35.968801,-6.034926],[-35.967745,-6.033584],[-35.966945,-6.033089],[-35.966783,-6.032785],[-35.966745,-6.032442],[-35.968087,-6.028492],[-35.967269,-6.027474],[-35.966441,-6.026846],[-35.965908,-6.026665],[-35.965061,-6.02676],[-35.96428,-6.026494]]}},{"type":"Feature","id":1050,"properties":{"nome":"Rio Potengi","regime":"Intermitente","ordem":4,"largura":"50 - 200","dominialidade":"Estadual","fonte":"ANA (2021), MDE/Maxar(imagens do basemap/arcmap), Cartas topográficas"},"geometry":{"type":"LineString","coordinates":[[-35.98861,-5.949347],[-35.986609,-5.949476],[-35.984693,-5.950675],[-35.984013,-5.950786],[-35.983902,-5.950658]]}},{"type":"Feature","id":1051,"properties":{"nome":"Rio Potengi","regime":"Intermitente","ordem":4,"largura":"50 - 200","dominialidade":"Estadual","fonte":"ANA (2021), MDE/Maxar(imagens do basemap/arcmap), Cartas topográficas"},"geometry":{"type":"LineString","coordinates":[[-35.983902,-5.950658],[-35.980102,-5.952486],[-35.976911,-5.953345]]}},{"type":"Feature","id":1052,"properties":{"nome":"Riacho do Formigueiro","regime":"Intermitente","ordem":2,"largura":"<=10","dominialidade":"Estadual","fonte":"ANA (2021), MDE/Maxar(imagens do basemap/arcmap), Cartas topográficas"},"geometry":{"type":"LineString","coordinates":[[-35.989639,-6.032282],[-35.989573,-6.031692],[-35.989972,-6.031473],[-35.99001,-6.030769],[-35.989287,-6.029864],[-35.98884,-6.029588],[-35.987909,-6.027827]]}},{"type":"Feature","id":1053,"properties":{"nome":"Riacho do Boqueir_o","regime":"Intermitente","ordem":3,"largura":"10 - 50","dominialidade":"Estadual","fonte":"ANA (2021), MDE/Maxar(imagens do basemap/arcmap), Cartas topográficas"},"geometry":{"type":"LineString","coordinates":[[-36.002273,-5.915015],[-36.001274,-5.916479],[-36.001797,-5.917597],[-36.001469,-5.918137],[-36.000898,-5.918299]]}},{"type":"Feature","id":1054,"properties":{"nome":"Riacho do Boqueir_o","regime":"Intermitente","ordem":3,"largura":"50 - 200","dominialidade":"Estadual","fonte":"ANA (2021), MDE/Maxar(imagens do basemap/arcmap), Cartas topográficas"},"geometry":{"type":"LineString","coordinates":[[-35.99925,-5.913411],[-36.000978,-5.912883],[-36.001749,-5.913169],[-36.002273,-5.915015]]}},{"type":"Feature","id":1055,"properties":{"nome":"Riacho da Caivara","regime":"Intermitente","ordem":1,"largura":"<=10","dominialidade":"Estadual","fonte":"ANA (2021), MDE/Maxar(imagens do basemap/arcmap), Cartas topográficas"},"geometry":{"type":"LineString","coordinates":[[-35.993145,-5.900989],[-35.994075,-5.90348],[-35.995565,-5.904604],[-35.996478,-5.906871],[-35.997906,-5.907216],[-35.997894,-5.907513]]}},{"type":"Feature","id":1056,"properties":{"nome":"Riacho Salgado","regime":"Intermitente","ordem":2,"largura":"10 - 50","dominialidade":"Estadual","fonte":"ANA (2021), MDE/Maxar(imagens do basemap/arcmap), Cartas topográficas"},"geometry":{"type":"LineString","coordinates":[[-35.928238,-5.946593],[-35.928031,-5.947462],[-35.928117,-5.947843],[-35.928549,-5.94812],[-35.928536,-5.9483],[-35.925785,-5.950646],[-35.925024,-5.950837],[-35.923624,-5.951617],[-35.923862,-5.952293],[-35.923541,-5.952563]]}},{"type":"Feature","id":1057,"properties":{"nome":"Riacho Salgado","regime":"Intermitente","ordem":2,"largura":"10 - 50","dominialidade":"Estadual","fonte":"ANA (2021), MDE/Maxar(imagens do basemap/arcmap), Cartas topográficas"},"geometry":{"type":"LineString","coordinates":[[-35.928697,-5.944674],[-35.92825,-5.944921],[-35.928107,-5.945549],[-35.928648,-5.945935],[-35.928238,-5.946593]]}},{"type":"Feature","id":1058,"properties":{"regime":"Intermitente","ordem":2,"largura":"<=10","fonte":"ANA (2021), MDE/Maxar(imagens do basemap/arcmap), Cartas topográficas"},"geometry":{"type":"LineString","coordinates":[[-35.93367,-5.853558],[-35.933118,-5.852616],[-35.931929,-5.851769],[-35.931824,-5.85116],[-35.931995,-5.850303],[-35.932471,-5.84937],[-35.932347,-5.847714]]}},{"type":"Feature","id":1059,"properties":{"regime":"Intermitente","ordem":2,"largura":"10 - 50","fonte":"ANA (2021), MDE/Maxar(imagens do basemap/arcmap), Cartas topográficas"},"geometry":{"type":"LineString","coordinates":[[-35.883147,-5.883618],[-35.883206,-5.882955],[-35.882244,-5.882222],[-35.880482,-5.880093]]}},{"type":"Feature","id":1060,"properties":{"nome":"Riacho da On_a","regime":"Intermitente","ordem":2,"largura":"10 - 50","dominialidade":"Estadual","fonte":"ANA (2021), MDE/Maxar(imagens do basemap/arcmap), Cartas topográficas"},"geometry":{"type":"LineString","coordinates":[[-35.915127,-5.855582],[-35.915299,-5.857289],[-35.915715,-5.858395],[-35.916607,-5.859157],[-35.917155,-5.858871],[-35.917666,-5.858954],[-35.91832,-5.859097],[-35.918455,-5.859502]]}},{"type":"Feature","id":1061,"properties":{"nome":"Riacho da On_a","regime":"Intermitente","ordem":2,"largura":"10 - 50","dominialidade":"Estadual","fonte":"ANA (2021), MDE/Maxar(imagens do basemap/arcmap), Cartas topográficas"},"geometry":{"type":"LineString","coordinates":[[-35.913954,-5.850365],[-35.914085,-5.85228],[-35.915258,-5.85408],[-35.915127,-5.855582]]}},{"type":"Feature","id":1062,"properties":{"regime":"Intermitente","ordem":1,"largura":"<=10","dominialidade":"Estadual","fonte":"ANA (2021), MDE/Maxar(imagens do basemap/arcmap), Cartas topográficas"},"geometry":{"type":"LineString","coordinates":[[-35.892847,-5.871389],[-35.893447,-5.871889],[-35.893504,-5.873754],[-35.894493,-5.87545],[-35.894456,-5.876238],[-35.894091,-5.876857]]}},{"type":"Feature","id":1063,"properties":{"regime":"Intermitente","ordem":1,"largura":"<=10","dominialidade":"Estadual","fonte":"ANA (2021), MDE/Maxar(imagens do basemap/arcmap), Cartas topográficas"},"geometry":{"type":"LineString","coordinates":[[-35.892502,-5.87042],[-35.892648,-5.871222],[-35.892847,-5.871389]]}},{"type":"Feature","id":1064,"properties":{"regime":"Intermitente","ordem":2,"largura":"<=10","dominialidade":"Estadual","fonte":"ANA (2021), MDE/Maxar(imagens do basemap/arcmap), Cartas topográficas"},"geometry":{"type":"LineString","coordinates":[[-35.872521,-5.834565],[-35.870608,-5.834831],[-35.868038,-5.834831],[-35.866363,-5.835888],[-35.864983,-5.836049],[-35.86366,-5.834955],[-35.861642,-5.835278],[-35.861176,-5.83583],[-35.860966,-5.836478],[-35.85991,-5.836411],[-35.85892,-5.837981],[-35.857987,-5.838334],[-35.856536,-5.837598],[-35.85566,-5.837589],[-35.855222,-5.838445],[-35.854466,-5.83867],[-35.853461,-5.838636]]}},{"type":"Feature","id":1065,"properties":{"nome":"Rio Potengi","regime":"Intermitente","ordem":4,"largura":"50 - 200","dominialidade":"Estadual","fonte":"ANA (2021), MDE/Maxar(imagens do basemap/arcmap), Cartas topográficas"},"geometry":{"type":"LineString","coordinates":[[-35.961765,-5.958533],[-35.961349,-5.957652],[-35.961227,-5.956816],[-35.960931,-5.956416],[-35.959658,-5.954948],[-35.95803,-5.953797],[-35.957233,-5.953],[-35.952588,-5.95215]]}},{"type":"Feature","id":1066,"properties":{"nome":"Rio Potengi","regime":"Intermitente","ordem":4,"largura":"50 - 200","dominialidade":"Estadual","fonte":"ANA (2021), MDE/Maxar(imagens do basemap/arcmap), Cartas topográficas"},"geometry":{"type":"LineString","coordinates":[[-35.963125,-5.959209],[-35.962622,-5.959294],[-35.961908,-5.95883],[-35.961765,-5.958533]]}},{"type":"Feature","id":1067,"properties":{"nome":"Rio Potengi","regime":"Perene","ordem":5,"largura":">=600","dominialidade":"Estadual","fonte":"ANA (2021), MDE/Maxar(imagens do basemap/arcmap), Cartas topográficas"},"geometry":{"type":"LineString","coordinates":[[-35.233463,-5.788177],[-35.231946,-5.788504],[-35.225073,-5.786988]]}},{"type":"Feature","id":1068,"properties":{"nome":"Rio Potengi","regime":"Perene","ordem":5,"largura":"200 - 600","dominialidade":"Estadual","fonte":"ANA (2021), MDE/Maxar(imagens do basemap/arcmap), Cartas topográficas"},"geometry":{"type":"LineString","coordinates":[[-35.245711,-5.781838],[-35.243134,-5.782072]]}},{"type":"Feature","id":1069,"properties":{"nome":"Rio Jundia1","regime":"Perene","ordem":4,"largura":"200 - 600","dominialidade":"Estadual","fonte":"ANA (2021), MDE/Maxar(imagens do basemap/arcmap), Cartas topográficas"},"geometry":{"type":"LineString","coordinates":[[-35.250989,-5.797719],[-35.250197,-5.796563],[-35.251681,-5.791726],[-35.25116,-5.788201],[-35.250473,-5.785516]]}},{"type":"Feature","id":1070,"properties":{"nome":"Rio Jundia1","regime":"Perene","ordem":4,"largura":">=600","dominialidade":"Estadual","fonte":"ANA (2021), MDE/Maxar(imagens do basemap/arcmap), Cartas topográficas"},"geometry":{"type":"LineString","coordinates":[[-35.257228,-5.806939],[-35.254151,-5.802887],[-35.253192,-5.800937],[-35.250989,-5.797719]]}},{"type":"Feature","id":1071,"properties":{"nome":"Rio da Prata","regime":"Perene","ordem":1,"largura":"<=10","dominialidade":"Estadual","fonte":"ANA (2021), MDE/Maxar(imagens do basemap/arcmap), Cartas topográficas"},"geometry":{"type":"LineString","coordinates":[[-35.355648,-5.833977],[-35.354778,-5.834065],[-35.354832,-5.834266],[-35.354463,-5.834171],[-35.353881,-5.833592],[-35.353952,-5.833333],[-35.353366,-5.83314],[-35.353287,-5.832859],[-35.352158,-5.832658],[-35.349448,-5.832646],[-35.346703,-5.832965],[-35.3458,-5.832185],[-35.345467,-5.832516],[-35.345218,-5.832481],[-35.344671,-5.832138],[-35.344505,-5.831807],[-35.343304,-5.83157],[-35.342972,-5.83123],[-35.342211,-5.831062],[-35.34145,-5.831168],[-35.341189,-5.830979],[-35.337148,-5.830861],[-35.336483,-5.830589],[-35.335996,-5.830672],[-35.335889,-5.830388],[-35.335508,-5.830317],[-35.335294,-5.83001],[-35.334082,-5.82949],[-35.33312,-5.82852],[-35.332359,-5.827054],[-35.330966,-5.827208],[-35.330707,-5.82709],[-35.33022,-5.826357],[-35.329852,-5.826215],[-35.329638,-5.825718],[-35.329234,-5.825943],[-35.328485,-5.825576],[-35.328021,-5.825576],[-35.327261,-5.826014],[-35.325557,-5.825518],[-35.3253,-5.825068],[-35.324492,-5.824512],[-35.322353,-5.8232],[-35.321557,-5.823011],[-35.321059,-5.82265]]}},{"type":"Feature","id":1072,"properties":{"regime":"Perene","ordem":1,"largura":"<=10","dominialidade":"Estadual","fonte":"ANA (2021), MDE/Maxar(imagens do basemap/arcmap), Cartas topográficas"},"geometry":{"type":"LineString","coordinates":[[-35.280739,-5.835602],[-35.282558,-5.828372]]}},{"type":"Feature","id":1073,"properties":{"regime":"Perene","ordem":1,"largura":"<=10","dominialidade":"Estadual","fonte":"ANA (2021), MDE/Maxar(imagens do basemap/arcmap), Cartas topográficas"},"geometry":{"type":"LineString","coordinates":[[-35.280922,-5.840508],[-35.28131,-5.838581],[-35.280739,-5.835602]]}},{"type":"Feature","id":1074,"properties":{"nome":"Rio Jundia1","regime":"Perene","ordem":4,"largura":"200 - 600","dominialidade":"Estadual","fonte":"ANA (2021), MDE/Maxar(imagens do basemap/arcmap), Cartas topográficas"},"geometry":{"type":"LineString","coordinates":[[-35.311479,-5.838812],[-35.310443,-5.838393],[-35.309011,-5.838586],[-35.308205,-5.838889]]}},{"type":"Feature","id":1075,"properties":{"nome":"Rio Jundia1","regime":"Perene","ordem":4,"largura":"50 - 200","dominialidade":"Estadual","fonte":"ANA (2021), MDE/Maxar(imagens do basemap/arcmap), Cartas topográficas"},"geometry":{"type":"LineString","coordinates":[[-35.318509,-5.841565],[-35.318049,-5.841212],[-35.317207,-5.841063],[-35.315888,-5.841517],[-35.314792,-5.841456],[-35.313404,-5.840983],[-35.312332,-5.840279],[-35.311893,-5.83928],[-35.311479,-5.838812]]}},{"type":"Feature","id":1076,"properties":{"nome":"Rio Potengi","regime":"Intermitente","ordem":4,"largura":"10 - 50","dominialidade":"Estadual","fonte":"ANA (2021), MDE/Maxar(imagens do basemap/arcmap), Cartas topográficas"},"geometry":{"type":"LineString","coordinates":[[-36.043618,-5.975686],[-36.042139,-5.975036],[-36.040725,-5.973745],[-36.039964,-5.972774],[-36.039897,-5.971619]]}},{"type":"Feature","id":1077,"properties":{"nome":"Rio Potengi","regime":"Intermitente","ordem":4,"largura":"50 - 200","dominialidade":"Estadual","fonte":"ANA (2021), MDE/Maxar(imagens do basemap/arcmap), Cartas topográficas"},"geometry":{"type":"LineString","coordinates":[[-36.007985,-5.968226],[-36.006407,-5.968508]]}},{"type":"Feature","id":1078,"properties":{"nome":"Rio Potengi","regime":"Intermitente","ordem":4,"largura":"50 - 200","dominialidade":"Estadual","fonte":"ANA (2021), MDE/Maxar(imagens do basemap/arcmap), Cartas topográficas"},"geometry":{"type":"LineString","coordinates":[[-35.952588,-5.95215],[-35.951146,-5.952062],[-35.948249,-5.955066],[-35.947249,-5.955466]]}},{"type":"Feature","id":1079,"properties":{"nome":"Rio Potengi","regime":"Intermitente","ordem":4,"largura":"10 - 50","dominialidade":"Estadual","fonte":"ANA (2021), MDE/Maxar(imagens do basemap/arcmap), Cartas topográficas"},"geometry":{"type":"LineString","coordinates":[[-35.947249,-5.955466],[-35.945078,-5.956231],[-35.941742,-5.95676],[-35.940291,-5.956236],[-35.93803,-5.953845]]}},{"type":"Feature","id":1080,"properties":{"nome":"Rio Potengi","regime":"Intermitente","ordem":4,"largura":"10 - 50","dominialidade":"Estadual","fonte":"ANA (2021), MDE/Maxar(imagens do basemap/arcmap), Cartas topográficas"},"geometry":{"type":"LineString","coordinates":[[-36.084293,-5.969148],[-36.0831,-5.969184],[-36.082033,-5.969591],[-36.081415,-5.970063],[-36.080706,-5.970082]]}},{"type":"Feature","id":1081,"properties":{"nome":"Rio Potengi","regime":"Intermitente","ordem":4,"largura":"10 - 50","dominialidade":"Estadual","fonte":"ANA (2021), MDE/Maxar(imagens do basemap/arcmap), Cartas topográficas"},"geometry":{"type":"LineString","coordinates":[[-36.105201,-5.976333],[-36.102287,-5.97545],[-36.101393,-5.974821]]}},{"type":"Feature","id":1082,"properties":{"nome":"Rio Potengi","regime":"Intermitente","ordem":4,"largura":"50 - 200","dominialidade":"Estadual","fonte":"ANA (2021), MDE/Maxar(imagens do basemap/arcmap), Cartas topográficas"},"geometry":{"type":"LineString","coordinates":[[-36.108453,-5.975034],[-36.107149,-5.976449],[-36.105909,-5.976638],[-36.105201,-5.976333]]}},{"type":"Feature","id":1083,"properties":{"nome":"Rio Potengi","regime":"Intermitente","ordem":4,"largura":"10 - 50","dominialidade":"Estadual","fonte":"ANA (2021), MDE/Maxar(imagens do basemap/arcmap), Cartas topográficas"},"geometry":{"type":"LineString","coordinates":[[-36.138095,-5.98182],[-36.13669,-5.981608],[-36.136297,-5.981361],[-36.136079,-5.981554],[-36.135463,-5.981532],[-36.133811,-5.98078],[-36.131184,-5.977049],[-36.130194,-5.973794]]}},{"type":"Feature","id":1084,"properties":{"nome":"Rio Potengi","regime":"Intermitente","ordem":5,"largura":"10 - 50","dominialidade":"Estadual","fonte":"ANA (2021), MDE/Maxar(imagens do basemap/arcmap), Cartas topográficas"},"geometry":{"type":"LineString","coordinates":[[-35.714479,-5.881733],[-35.712623,-5.881638],[-35.711909,-5.881952],[-35.710995,-5.881838],[-35.709486,-5.882419],[-35.708003,-5.882003],[-35.706871,-5.882153],[-35.705938,-5.882344],[-35.704131,-5.883227],[-35.703398,-5.883285],[-35.702998,-5.883602],[-35.70189,-5.883827],[-35.701682,-5.884027],[-35.701041,-5.88605],[-35.700233,-5.887334],[-35.699675,-5.888024],[-35.699159,-5.888349],[-35.698617,-5.888399],[-35.697676,-5.889015],[-35.69721,-5.889773],[-35.695253,-5.891289],[-35.694254,-5.892929],[-35.69425,-5.893768]]}},{"type":"Feature","id":1085,"properties":{"nome":"Rio Potengi","regime":"Intermitente","ordem":5,"largura":"50 - 200","dominialidade":"Estadual","fonte":"ANA (2021), MDE/Maxar(imagens do basemap/arcmap), Cartas topográficas"},"geometry":{"type":"LineString","coordinates":[[-35.69425,-5.893768],[-35.694387,-5.894437],[-35.695376,-5.894903],[-35.697693,-5.895519],[-35.698234,-5.896294],[-35.698989,-5.896363],[-35.701257,-5.897493],[-35.702032,-5.898593],[-35.702615,-5.899059],[-35.703031,-5.8999],[-35.703223,-5.899942],[-35.703856,-5.901283]]}},{"type":"Feature","id":1086,"properties":{"nome":"Rio Potengi","regime":"Perene","ordem":5,"largura":"50 - 200","dominialidade":"Estadual","fonte":"ANA (2021), MDE/Maxar(imagens do basemap/arcmap), Cartas topográficas"},"geometry":{"type":"LineString","coordinates":[[-35.455057,-5.818659],[-35.453911,-5.819164],[-35.452241,-5.81936],[-35.451706,-5.819238],[-35.451293,-5.818618],[-35.451406,-5.816424],[-35.452229,-5.814259]]}},{"type":"Feature","id":1087,"properties":{"nome":"Rio Potengi","regime":"Perene","ordem":5,"largura":"50 - 200","dominialidade":"Estadual","fonte":"ANA (2021), MDE/Maxar(imagens do basemap/arcmap), Cartas topográficas"},"geometry":{"type":"LineString","coordinates":[[-35.452229,-5.814259],[-35.453085,-5.811814],[-35.453141,-5.811165],[-35.452642,-5.810768]]}},{"type":"Feature","id":1088,"properties":{"nome":"Rio Potengi","regime":"Perene","ordem":5,"largura":"10 - 50","dominialidade":"Estadual","fonte":"ANA (2021), MDE/Maxar(imagens do basemap/arcmap), Cartas topográficas"},"geometry":{"type":"LineString","coordinates":[[-35.408935,-5.797655],[-35.407384,-5.79626],[-35.405812,-5.794318],[-35.402213,-5.791435]]}},{"type":"Feature","id":1089,"properties":{"nome":"Rio Potengi","regime":"Perene","ordem":5,"largura":"50 - 200","dominialidade":"Estadual","fonte":"ANA (2021), MDE/Maxar(imagens do basemap/arcmap), Cartas topográficas"},"geometry":{"type":"LineString","coordinates":[[-35.367609,-5.815293],[-35.365815,-5.815154],[-35.364115,-5.814019],[-35.363355,-5.813369],[-35.361204,-5.810141]]}},{"type":"Feature","id":1090,"properties":{"nome":"Rio Potengi","regime":"Perene","ordem":5,"largura":"10 - 50","dominialidade":"Estadual","fonte":"ANA (2021), MDE/Maxar(imagens do basemap/arcmap), Cartas topográficas"},"geometry":{"type":"LineString","coordinates":[[-35.296091,-5.797857],[-35.294523,-5.797762],[-35.292822,-5.797101]]}},{"type":"Feature","id":1091,"properties":{"ordem":1,"fonte":"ANA (2021), MDE/Maxar(imagens do basemap/arcmap), Cartas topográficas"},"geometry":{"type":"LineString","coordinates":[[-35.250197,-5.796563],[-35.248238,-5.797038],[-35.24689,-5.799244],[-35.244082,-5.801656],[-35.243357,-5.801975],[-35.242936,-5.801891],[-35.241714,-5.802154],[-35.240915,-5.803008],[-35.240123,-5.803222],[-35.23808,-5.803431],[-35.235618,-5.804168],[-35.232529,-5.804381]]}}]}