{"type":"FeatureCollection","features":[{"type":"Feature","id":1,"properties":{"formacao":"Savana-Estépica","subformacao":"Savana-Estépica Arborizada","unidade_vegetacao":"Savana-Estépica Arborizada","situacao":"Vegetação Natural Dominante","peso":2.1,"fonte":"Base de vegetação do acervo geoespacial do Projeto Potengi"},"geometry":{"type":"MultiPolygon","coordinates":[[[[-35.832752,-6.169506],[-35.83042,-6.169331],[-35.828548,-6.169913],[-35.827266,-6.171424],[-35.828209,-6.172056],[-35.832752,-6.169506]]],[[[-35.844285,-6.167082],[-35.844248,-6.167099],[-35.844262,-6.167099],[-35.844285,-6.167082]]],[[[-35.845918,-6.165348],[-35.845302,-6.166342],[-35.845968,-6.16529],[-35.845993,-6.16495],[-35.845918,-6.165348]]],[[[-35.851749,-6.158795],[-35.847632,-6.16154],[-35.847449,-6.162405],[-35.847791,-6.161842],[-35.855781,-6.160746],[-35.855035,-6.159202],[-35.853431,-6.158519],[-35.851749,-6.158795]]],[[[-35.984736,-6.147678],[-35.98475,-6.147594],[-35.984344,-6.148128],[-35.984915,-6.148201],[-35.984736,-6.147678]]],[[[-35.985671,-6.140905],[-35.986302,-6.141519],[-35.986798,-6.140811],[-35.985807,-6.138235],[-35.985671,-6.140905]]],[[[-35.747546,-6.128337],[-35.75011,-6.129442],[-35.751197,-6.128695],[-35.75161,-6.127813],[-35.752199,-6.127941],[-35.752637,-6.128885],[-35.749905,-6.131997],[-35.751441,-6.134186],[-35.752217,-6.13839],[-35.753248,-6.140458],[-35.756021,-6.143237],[-35.757873,-6.143625],[-35.760124,-6.143298],[-35.761434,-6.141904],[-35.761356,-6.140736],[-35.759545,-6.138777],[-35.760326,-6.136513],[-35.761531,-6.13536],[-35.76394,-6.134132],[-35.765661,-6.134013],[-35.765418,-6.134906],[-35.767408,-6.134642],[-35.769423,-6.135124],[-35.770691,-6.136381],[-35.772438,-6.137009],[-35.779237,-6.137603],[-35.777918,-6.142314],[-35.777824,-6.144546],[-35.77878,-6.145446],[-35.782169,-6.144789],[-35.784262,-6.147516],[-35.785492,-6.148189],[-35.786311,-6.147587],[-35.786233,-6.146421],[-35.785741,-6.144874],[-35.784045,-6.143886],[-35.783504,-6.141782],[-35.784646,-6.138602],[-35.788418,-6.14026],[-35.791904,-6.141039],[-35.793981,-6.139475],[-35.795731,-6.139778],[-35.798635,-6.1412],[-35.799652,-6.140778],[-35.802865,-6.137494],[-35.802505,-6.135847],[-35.802739,-6.134149],[-35.804401,-6.134274],[-35.805079,-6.133181],[-35.805645,-6.129793],[-35.806872,-6.127979],[-35.804821,-6.125347],[-35.805191,-6.124421],[-35.802626,-6.123276],[-35.801153,-6.123261],[-35.800146,-6.122327],[-35.796838,-6.120649],[-35.78737,-6.120986],[-35.786842,-6.122662],[-35.783548,-6.122034],[-35.782771,-6.125597],[-35.781259,-6.126055],[-35.780734,-6.125253],[-35.780901,-6.123169],[-35.780036,-6.122913],[-35.779283,-6.123714],[-35.778409,-6.126031],[-35.777365,-6.123094],[-35.774315,-6.119433],[-35.775444,-6.118851],[-35.775317,-6.117984],[-35.772715,-6.117312],[-35.771814,-6.116292],[-35.770137,-6.116355],[-35.769428,-6.117827],[-35.771045,-6.11852],[-35.772224,-6.120992],[-35.776905,-6.125156],[-35.777475,-6.126628],[-35.777333,-6.127189],[-35.776602,-6.127706],[-35.771435,-6.128366],[-35.764901,-6.127683],[-35.755863,-6.125098],[-35.75457,-6.124048],[-35.754263,-6.122976],[-35.755272,-6.121432],[-35.757574,-6.119699],[-35.759801,-6.118914],[-35.759921,-6.119876],[-35.760831,-6.119563],[-35.762022,-6.117517],[-35.76128,-6.117032],[-35.759966,-6.117432],[-35.759681,-6.116119],[-35.759224,-6.116004],[-35.758824,-6.116233],[-35.759052,-6.116975],[-35.758481,-6.117374],[-35.757225,-6.116918],[-35.756482,-6.116061],[-35.753464,-6.118583],[-35.750204,-6.119747],[-35.748952,-6.121477],[-35.751766,-6.122684],[-35.752393,-6.123395],[-35.751803,-6.124345],[-35.748838,-6.125035],[-35.748019,-6.125636],[-35.747546,-6.128337]]],[[[-35.70692,-6.136371],[-35.70782,-6.13851],[-35.708486,-6.139203],[-35.709929,-6.139209],[-35.70964,-6.139771],[-35.710539,-6.142306],[-35.711478,-6.142773],[-35.712306,-6.143849],[-35.712936,-6.141276],[-35.71412,-6.138996],[-35.715982,-6.139351],[-35.717173,-6.138364],[-35.717224,-6.137721],[-35.71901,-6.137641],[-35.718995,-6.136454],[-35.720373,-6.135912],[-35.722518,-6.132734],[-35.722892,-6.131481],[-35.722077,-6.1313],[-35.721145,-6.127675],[-35.719499,-6.126043],[-35.717754,-6.126988],[-35.717126,-6.12651],[-35.714752,-6.128378],[-35.71421,-6.126829],[-35.712016,-6.126448],[-35.711303,-6.12564],[-35.711593,-6.1248],[-35.710956,-6.124429],[-35.71002,-6.125005],[-35.70838,-6.124665],[-35.708449,-6.123809],[-35.709035,-6.123422],[-35.708756,-6.122754],[-35.70703,-6.122086],[-35.706072,-6.120182],[-35.704917,-6.11934],[-35.704671,-6.118245],[-35.703109,-6.116942],[-35.699671,-6.119591],[-35.700043,-6.121882],[-35.699506,-6.123026],[-35.698366,-6.123371],[-35.699265,-6.126024],[-35.701752,-6.12966],[-35.70368,-6.130559],[-35.703373,-6.131614],[-35.701696,-6.131677],[-35.702157,-6.132851],[-35.703828,-6.13382],[-35.703517,-6.13423],[-35.704538,-6.135006],[-35.705797,-6.134961],[-35.707136,-6.1358],[-35.70692,-6.136371]]],[[[-36.087502,-6.098335],[-36.089484,-6.099238],[-36.087968,-6.095615],[-36.085522,-6.093452],[-36.084582,-6.093076],[-36.082512,-6.093075],[-36.079503,-6.093923],[-36.073107,-6.09411],[-36.072261,-6.094674],[-36.072261,-6.095709],[-36.072637,-6.096649],[-36.075929,-6.099659],[-36.081195,-6.1006],[-36.08129,-6.101634],[-36.080014,-6.103523],[-36.080649,-6.104375],[-36.082272,-6.103727],[-36.083507,-6.101918],[-36.083302,-6.099439],[-36.084054,-6.097321],[-36.084878,-6.097325],[-36.085103,-6.097788],[-36.086498,-6.097334],[-36.087502,-6.098335]]],[[[-35.832854,-6.030666],[-35.830093,-6.030368],[-35.82893,-6.029831],[-35.827901,-6.028764],[-35.826353,-6.028378],[-35.82548,-6.028853],[-35.825615,-6.029493],[-35.82924,-6.032914],[-35.831327,-6.032351],[-35.832881,-6.033817],[-35.834151,-6.033012],[-35.835856,-6.0326],[-35.838425,-6.032973],[-35.839084,-6.034012],[-35.839992,-6.03426],[-35.841519,-6.033745],[-35.841546,-6.035727],[-35.840233,-6.035898],[-35.839949,-6.037137],[-35.839076,-6.037612],[-35.835796,-6.037996],[-35.833929,-6.039295],[-35.833893,-6.039743],[-35.838476,-6.045126],[-35.839703,-6.046028],[-35.841022,-6.048106],[-35.84259,-6.049394],[-35.842859,-6.050674],[-35.844796,-6.051988],[-35.847804,-6.056173],[-35.849554,-6.057929],[-35.85198,-6.057064],[-35.852753,-6.057217],[-35.852985,-6.057996],[-35.850643,-6.059058],[-35.850702,-6.059538],[-35.852729,-6.059975],[-35.853769,-6.064082],[-35.858273,-6.068825],[-35.857899,-6.069287],[-35.855216,-6.069167],[-35.855311,-6.071133],[-35.85448,-6.07311],[-35.857062,-6.072406],[-35.858349,-6.073155],[-35.859082,-6.074516],[-35.856983,-6.0755],[-35.856275,-6.076998],[-35.856377,-6.077821],[-35.857007,-6.078358],[-35.857774,-6.078252],[-35.857973,-6.078919],[-35.857567,-6.079787],[-35.858744,-6.080854],[-35.859304,-6.082283],[-35.860127,-6.082508],[-35.860669,-6.082059],[-35.861306,-6.080393],[-35.861178,-6.079894],[-35.859929,-6.079719],[-35.859389,-6.079107],[-35.860626,-6.075202],[-35.86118,-6.074591],[-35.862744,-6.075034],[-35.862518,-6.075752],[-35.864217,-6.078734],[-35.863351,-6.08536],[-35.864253,-6.085672],[-35.864953,-6.087205],[-35.864985,-6.088596],[-35.864107,-6.090615],[-35.862494,-6.092857],[-35.863053,-6.094845],[-35.864204,-6.094792],[-35.864698,-6.093995],[-35.864797,-6.092751],[-35.866003,-6.092008],[-35.868131,-6.092306],[-35.868339,-6.091488],[-35.869511,-6.091191],[-35.871124,-6.095032],[-35.874561,-6.097541],[-35.874583,-6.098521],[-35.87291,-6.104418],[-35.885242,-6.107898],[-35.884748,-6.110502],[-35.881588,-6.114156],[-35.881665,-6.116803],[-35.880204,-6.124336],[-35.876746,-6.135334],[-35.875704,-6.135812],[-35.874158,-6.135418],[-35.873949,-6.13443],[-35.875618,-6.129691],[-35.876256,-6.125292],[-35.878187,-6.120851],[-35.878046,-6.119034],[-35.878945,-6.116739],[-35.878376,-6.11489],[-35.87592,-6.11151],[-35.873569,-6.111117],[-35.87365,-6.110471],[-35.87286,-6.109641],[-35.870409,-6.108924],[-35.869243,-6.109726],[-35.867438,-6.109354],[-35.870405,-6.104358],[-35.867042,-6.102031],[-35.866134,-6.101904],[-35.865166,-6.102543],[-35.865161,-6.103373],[-35.866326,-6.104113],[-35.866499,-6.105015],[-35.865969,-6.107821],[-35.865322,-6.108248],[-35.862315,-6.108378],[-35.861706,-6.107561],[-35.860392,-6.107167],[-35.859081,-6.108254],[-35.856906,-6.108685],[-35.85583,-6.107596],[-35.853832,-6.107328],[-35.853509,-6.108312],[-35.852587,-6.109132],[-35.852456,-6.105996],[-35.853322,-6.104085],[-35.85503,-6.101842],[-35.857142,-6.100914],[-35.856893,-6.100204],[-35.855717,-6.099622],[-35.853581,-6.099561],[-35.853308,-6.099145],[-35.851259,-6.099288],[-35.851385,-6.093615],[-35.850282,-6.091656],[-35.850631,-6.08971],[-35.850075,-6.089387],[-35.850501,-6.082847],[-35.849783,-6.082135],[-35.849806,-6.080635],[-35.849435,-6.08042],[-35.848924,-6.080757],[-35.848398,-6.082501],[-35.847671,-6.083104],[-35.847213,-6.082788],[-35.847598,-6.081596],[-35.847659,-6.078409],[-35.845843,-6.080526],[-35.84508,-6.080375],[-35.844273,-6.079564],[-35.843756,-6.077553],[-35.842851,-6.077955],[-35.841904,-6.077696],[-35.8418,-6.076562],[-35.842334,-6.075944],[-35.843912,-6.075593],[-35.845326,-6.076075],[-35.845756,-6.075544],[-35.846025,-6.070963],[-35.844025,-6.070531],[-35.841684,-6.070731],[-35.841743,-6.072427],[-35.840121,-6.073337],[-35.837913,-6.073078],[-35.837654,-6.073904],[-35.836817,-6.074686],[-35.834231,-6.075525],[-35.833482,-6.076408],[-35.835192,-6.079259],[-35.835628,-6.082296],[-35.835405,-6.083875],[-35.832617,-6.087234],[-35.832439,-6.088253],[-35.834654,-6.088419],[-35.836179,-6.089942],[-35.837734,-6.090205],[-35.84682,-6.096518],[-35.845569,-6.097311],[-35.844149,-6.097556],[-35.841746,-6.09665],[-35.839873,-6.093411],[-35.837764,-6.091939],[-35.836126,-6.091816],[-35.835189,-6.093305],[-35.83303,-6.091771],[-35.83075,-6.088784],[-35.828357,-6.089637],[-35.827861,-6.088567],[-35.824513,-6.088034],[-35.82407,-6.087532],[-35.822728,-6.088558],[-35.821869,-6.0884],[-35.821632,-6.087724],[-35.821054,-6.087681],[-35.819527,-6.08982],[-35.81798,-6.089798],[-35.817113,-6.088512],[-35.816061,-6.08834],[-35.813483,-6.090305],[-35.812461,-6.089759],[-35.813113,-6.08887],[-35.814202,-6.088576],[-35.815766,-6.087191],[-35.815507,-6.086796],[-35.814514,-6.087097],[-35.813226,-6.086249],[-35.812144,-6.08645],[-35.811144,-6.085623],[-35.81073,-6.085968],[-35.81087,-6.086635],[-35.807728,-6.088371],[-35.808209,-6.089628],[-35.807401,-6.090037],[-35.806053,-6.089936],[-35.805631,-6.089153],[-35.80632,-6.089016],[-35.806876,-6.08812],[-35.805899,-6.087013],[-35.805679,-6.085774],[-35.807743,-6.085054],[-35.808719,-6.084155],[-35.810833,-6.077797],[-35.811034,-6.075283],[-35.813589,-6.074697],[-35.815376,-6.074928],[-35.815685,-6.072326],[-35.816775,-6.071241],[-35.818293,-6.072327],[-35.821308,-6.073526],[-35.821607,-6.074812],[-35.82449,-6.077654],[-35.824351,-6.079394],[-35.8233,-6.079996],[-35.822747,-6.079371],[-35.820883,-6.078843],[-35.820438,-6.079393],[-35.820851,-6.080493],[-35.819961,-6.081594],[-35.818312,-6.080886],[-35.817436,-6.081793],[-35.817957,-6.082806],[-35.821924,-6.083395],[-35.82586,-6.083106],[-35.827471,-6.084297],[-35.831192,-6.085451],[-35.832504,-6.085355],[-35.833095,-6.084233],[-35.832889,-6.083049],[-35.833189,-6.081808],[-35.832545,-6.081079],[-35.832685,-6.07681],[-35.830359,-6.076093],[-35.830852,-6.075158],[-35.832336,-6.074378],[-35.833173,-6.074359],[-35.834261,-6.073306],[-35.835144,-6.071671],[-35.834825,-6.070431],[-35.834109,-6.069972],[-35.832983,-6.070455],[-35.832619,-6.069779],[-35.832946,-6.068831],[-35.832666,-6.067108],[-35.831687,-6.066792],[-35.830914,-6.066004],[-35.828536,-6.06542],[-35.828153,-6.063933],[-35.823172,-6.064532],[-35.822789,-6.065152],[-35.821893,-6.064841],[-35.822035,-6.064123],[-35.817744,-6.064449],[-35.817202,-6.063922],[-35.815944,-6.060828],[-35.814534,-6.056508],[-35.813587,-6.056842],[-35.813503,-6.058944],[-35.811865,-6.060603],[-35.812075,-6.062159],[-35.809779,-6.062636],[-35.809842,-6.063937],[-35.810756,-6.065059],[-35.810606,-6.069019],[-35.807773,-6.070995],[-35.806998,-6.072315],[-35.805751,-6.073275],[-35.805961,-6.07483],[-35.807112,-6.075078],[-35.805525,-6.077148],[-35.805876,-6.077984],[-35.806918,-6.078549],[-35.806866,-6.079193],[-35.805484,-6.079738],[-35.805394,-6.080865],[-35.806155,-6.081815],[-35.806205,-6.083277],[-35.805808,-6.084058],[-35.803338,-6.085131],[-35.803191,-6.089423],[-35.800973,-6.089986],[-35.798892,-6.086206],[-35.798513,-6.08432],[-35.795854,-6.082014],[-35.794409,-6.081257],[-35.792765,-6.081943],[-35.792961,-6.085768],[-35.791995,-6.086343],[-35.790953,-6.085778],[-35.789727,-6.08439],[-35.789441,-6.080641],[-35.793975,-6.07936],[-35.794686,-6.0799],[-35.798413,-6.080341],[-35.802467,-6.078782],[-35.80371,-6.075795],[-35.803289,-6.072685],[-35.803572,-6.071247],[-35.800497,-6.071016],[-35.800371,-6.068413],[-35.801049,-6.068302],[-35.801714,-6.067299],[-35.799899,-6.067],[-35.799324,-6.065822],[-35.799434,-6.064453],[-35.80024,-6.06273],[-35.799697,-6.062203],[-35.797581,-6.062531],[-35.796757,-6.061334],[-35.794928,-6.061196],[-35.794654,-6.060446],[-35.793183,-6.061065],[-35.790415,-6.061181],[-35.789859,-6.060816],[-35.788893,-6.061392],[-35.78759,-6.060969],[-35.78651,-6.059834],[-35.785985,-6.060119],[-35.785927,-6.060844],[-35.787417,-6.063042],[-35.787152,-6.065188],[-35.788027,-6.065886],[-35.789374,-6.065355],[-35.7901,-6.06559],[-35.790498,-6.066433],[-35.78886,-6.067122],[-35.788261,-6.068792],[-35.789669,-6.0698],[-35.790608,-6.072037],[-35.790458,-6.072748],[-35.787117,-6.074934],[-35.786795,-6.076625],[-35.785848,-6.076824],[-35.784838,-6.075485],[-35.783428,-6.07565],[-35.783291,-6.077355],[-35.782593,-6.077934],[-35.778947,-6.079284],[-35.778689,-6.080167],[-35.780737,-6.083661],[-35.783344,-6.083676],[-35.783777,-6.084069],[-35.783563,-6.085588],[-35.782958,-6.086174],[-35.781348,-6.086504],[-35.782662,-6.091026],[-35.784043,-6.091221],[-35.784097,-6.095196],[-35.78384,-6.096079],[-35.782588,-6.09427],[-35.780217,-6.093641],[-35.779903,-6.094068],[-35.781035,-6.095056],[-35.78166,-6.096547],[-35.781097,-6.096595],[-35.774618,-6.094935],[-35.774576,-6.0943],[-35.772618,-6.094333],[-35.772641,-6.09289],[-35.771823,-6.091979],[-35.771943,-6.090475],[-35.771303,-6.088266],[-35.772112,-6.086526],[-35.77338,-6.085541],[-35.77262,-6.082963],[-35.773008,-6.080903],[-35.770451,-6.080351],[-35.769344,-6.079331],[-35.766071,-6.079372],[-35.765172,-6.079449],[-35.764875,-6.082237],[-35.760374,-6.081826],[-35.761025,-6.078345],[-35.763129,-6.076198],[-35.764749,-6.076392],[-35.764768,-6.074305],[-35.764592,-6.073715],[-35.764006,-6.073599],[-35.764866,-6.072151],[-35.764868,-6.070278],[-35.765795,-6.068907],[-35.765739,-6.067751],[-35.764938,-6.067546],[-35.764457,-6.065206],[-35.763975,-6.064736],[-35.762508,-6.065418],[-35.761627,-6.065281],[-35.759255,-6.062436],[-35.757011,-6.060755],[-35.757644,-6.058426],[-35.757497,-6.057478],[-35.756168,-6.057378],[-35.754602,-6.056696],[-35.754426,-6.058192],[-35.753397,-6.058546],[-35.753107,-6.059387],[-35.753242,-6.060475],[-35.754092,-6.060971],[-35.752994,-6.062182],[-35.749241,-6.064594],[-35.740802,-6.067193],[-35.740358,-6.068561],[-35.741301,-6.069279],[-35.742838,-6.072306],[-35.747459,-6.070159],[-35.750915,-6.072246],[-35.753085,-6.075922],[-35.75153,-6.079036],[-35.751993,-6.082303],[-35.754183,-6.087525],[-35.751432,-6.089285],[-35.74137,-6.08642],[-35.739328,-6.0902],[-35.737649,-6.09485],[-35.735887,-6.095138],[-35.734868,-6.093376],[-35.730667,-6.093341],[-35.730116,-6.091192],[-35.727045,-6.091521],[-35.726102,-6.092434],[-35.722943,-6.092055],[-35.720947,-6.09345],[-35.720801,-6.095265],[-35.719335,-6.097262],[-35.717118,-6.097798],[-35.714916,-6.099357],[-35.714045,-6.10374],[-35.720699,-6.103881],[-35.722339,-6.104382],[-35.727872,-6.10793],[-35.728724,-6.109092],[-35.729767,-6.107342],[-35.732518,-6.107877],[-35.733333,-6.108717],[-35.733504,-6.109586],[-35.735027,-6.109622],[-35.736102,-6.110248],[-35.736015,-6.111331],[-35.73667,-6.112158],[-35.738181,-6.112351],[-35.739256,-6.111964],[-35.739735,-6.110989],[-35.740534,-6.111049],[-35.74135,-6.111889],[-35.745279,-6.112963],[-35.746563,-6.11197],[-35.746793,-6.109108],[-35.745807,-6.106388],[-35.745857,-6.104758],[-35.748544,-6.095655],[-35.752945,-6.094384],[-35.758024,-6.095521],[-35.758091,-6.096549],[-35.758945,-6.097198],[-35.761204,-6.097221],[-35.762636,-6.096307],[-35.761967,-6.095233],[-35.762372,-6.093948],[-35.765324,-6.094755],[-35.769472,-6.097552],[-35.768559,-6.098774],[-35.767264,-6.104899],[-35.770037,-6.105367],[-35.773117,-6.103654],[-35.774107,-6.106321],[-35.78322,-6.107784],[-35.78375,-6.109509],[-35.7855,-6.109381],[-35.786651,-6.107906],[-35.78767,-6.107341],[-35.788804,-6.108204],[-35.787883,-6.109691],[-35.789059,-6.110038],[-35.790487,-6.111458],[-35.791582,-6.110956],[-35.798018,-6.113433],[-35.807447,-6.115956],[-35.812911,-6.114551],[-35.816743,-6.114393],[-35.819702,-6.116615],[-35.821655,-6.117281],[-35.825299,-6.120119],[-35.825542,-6.121748],[-35.827267,-6.122165],[-35.831986,-6.126423],[-35.833741,-6.125927],[-35.835613,-6.124191],[-35.842692,-6.119783],[-35.84263,-6.114678],[-35.843502,-6.110077],[-35.844922,-6.109043],[-35.846151,-6.107103],[-35.846276,-6.105533],[-35.846759,-6.104834],[-35.848065,-6.108371],[-35.848898,-6.112255],[-35.849995,-6.112836],[-35.85212,-6.112718],[-35.853598,-6.111388],[-35.855507,-6.111808],[-35.857379,-6.110563],[-35.858029,-6.11028],[-35.858292,-6.110576],[-35.85788,-6.112872],[-35.856616,-6.115103],[-35.855528,-6.115132],[-35.854667,-6.114459],[-35.852377,-6.113789],[-35.851524,-6.114446],[-35.85159,-6.11578],[-35.849763,-6.122179],[-35.8494,-6.124975],[-35.850819,-6.126504],[-35.850702,-6.127065],[-35.850415,-6.127897],[-35.848034,-6.129212],[-35.847528,-6.130029],[-35.848166,-6.133065],[-35.848669,-6.140573],[-35.849427,-6.141199],[-35.84919,-6.14232],[-35.847966,-6.142939],[-35.848465,-6.144043],[-35.846359,-6.144669],[-35.844084,-6.14649],[-35.842993,-6.149112],[-35.842116,-6.149971],[-35.842482,-6.150923],[-35.843616,-6.15051],[-35.845709,-6.151877],[-35.847024,-6.151975],[-35.848333,-6.151219],[-35.849731,-6.151181],[-35.85068,-6.150327],[-35.850591,-6.148685],[-35.851817,-6.146215],[-35.8568,-6.148127],[-35.859721,-6.148896],[-35.862261,-6.149086],[-35.867465,-6.146173],[-35.868432,-6.146521],[-35.869701,-6.148404],[-35.876098,-6.150121],[-35.880452,-6.150722],[-35.884982,-6.147345],[-35.888555,-6.147061],[-35.890924,-6.144073],[-35.893356,-6.143843],[-35.894768,-6.145737],[-35.893605,-6.147852],[-35.890846,-6.150397],[-35.888956,-6.150944],[-35.886132,-6.150733],[-35.880604,-6.152384],[-35.879452,-6.154361],[-35.879679,-6.157264],[-35.889396,-6.159149],[-35.892156,-6.156675],[-35.895053,-6.158024],[-35.898397,-6.154246],[-35.89957,-6.153829],[-35.900587,-6.154759],[-35.902346,-6.153964],[-35.902984,-6.154311],[-35.904221,-6.154015],[-35.904859,-6.15446],[-35.906153,-6.154028],[-35.906865,-6.153046],[-35.908519,-6.152853],[-35.911268,-6.150276],[-35.915659,-6.151558],[-35.916414,-6.153351],[-35.917821,-6.154399],[-35.917425,-6.155128],[-35.916098,-6.155775],[-35.915847,-6.15659],[-35.916351,-6.158453],[-35.917892,-6.159751],[-35.919019,-6.159241],[-35.92077,-6.157214],[-35.921463,-6.158498],[-35.920158,-6.161354],[-35.920825,-6.162361],[-35.922336,-6.161821],[-35.923251,-6.162331],[-35.923211,-6.163337],[-35.923762,-6.1636],[-35.92285,-6.165073],[-35.92274,-6.166451],[-35.923628,-6.167288],[-35.926632,-6.167512],[-35.92926,-6.168479],[-35.928453,-6.171924],[-35.936477,-6.170313],[-35.938401,-6.168048],[-35.940685,-6.16624],[-35.951825,-6.170607],[-35.953153,-6.171951],[-35.955247,-6.172331],[-35.956493,-6.168335],[-35.957462,-6.168188],[-35.958299,-6.169126],[-35.959277,-6.169257],[-35.96154,-6.171741],[-35.964806,-6.173007],[-35.965191,-6.175542],[-35.966054,-6.175256],[-35.966544,-6.175599],[-35.967717,-6.174862],[-35.968357,-6.175258],[-35.971106,-6.175265],[-35.971481,-6.17559],[-35.972006,-6.173639],[-35.971973,-6.171247],[-35.970479,-6.169678],[-35.968737,-6.169307],[-35.9695,-6.168752],[-35.971925,-6.169251],[-35.972311,-6.1652],[-35.971762,-6.164535],[-35.971529,-6.162814],[-35.970544,-6.161215],[-35.9692,-6.159502],[-35.967458,-6.158116],[-35.967436,-6.157218],[-35.965794,-6.154584],[-35.965919,-6.152088],[-35.966633,-6.151596],[-35.967131,-6.150558],[-35.968101,-6.150003],[-35.972002,-6.148678],[-35.974352,-6.145893],[-35.974076,-6.144707],[-35.977955,-6.141318],[-35.97845,-6.138575],[-35.978005,-6.13697],[-35.97551,-6.136374],[-35.974609,-6.137046],[-35.974194,-6.138],[-35.972775,-6.137731],[-35.969872,-6.13694],[-35.965905,-6.134592],[-35.963585,-6.130725],[-35.963682,-6.1295],[-35.962736,-6.128609],[-35.955905,-6.12925],[-35.954421,-6.130863],[-35.954505,-6.131937],[-35.958938,-6.134812],[-35.96052,-6.135177],[-35.961874,-6.136263],[-35.963761,-6.13706],[-35.964453,-6.139],[-35.963521,-6.14008],[-35.962957,-6.141844],[-35.961408,-6.14214],[-35.960598,-6.142737],[-35.961583,-6.144206],[-35.957779,-6.147289],[-35.955776,-6.150096],[-35.956988,-6.150843],[-35.956612,-6.153442],[-35.955763,-6.155596],[-35.956191,-6.157681],[-35.95892,-6.157473],[-35.962238,-6.158377],[-35.962354,-6.160109],[-35.961875,-6.160813],[-35.959873,-6.161485],[-35.953442,-6.160268],[-35.950545,-6.160463],[-35.942955,-6.158912],[-35.940732,-6.157022],[-35.936559,-6.155151],[-35.936118,-6.15323],[-35.936325,-6.152753],[-35.937466,-6.152264],[-35.939463,-6.152741],[-35.940104,-6.152131],[-35.940849,-6.150216],[-35.940636,-6.145438],[-35.940059,-6.144164],[-35.939366,-6.143291],[-35.937025,-6.142513],[-35.934044,-6.138841],[-35.933249,-6.13673],[-35.931483,-6.134733],[-35.930629,-6.134576],[-35.928598,-6.137129],[-35.927795,-6.137536],[-35.926743,-6.137457],[-35.926521,-6.136601],[-35.92784,-6.135767],[-35.927347,-6.132279],[-35.925808,-6.134683],[-35.924844,-6.132279],[-35.924954,-6.130889],[-35.923895,-6.127266],[-35.922114,-6.126666],[-35.920311,-6.127559],[-35.918655,-6.122958],[-35.918884,-6.121296],[-35.917073,-6.119856],[-35.914541,-6.121439],[-35.913959,-6.123914],[-35.913575,-6.128734],[-35.916125,-6.130665],[-35.916639,-6.132254],[-35.91561,-6.135795],[-35.915006,-6.140711],[-35.914307,-6.1418],[-35.913324,-6.141806],[-35.90949,-6.143662],[-35.908294,-6.143256],[-35.907217,-6.141351],[-35.906184,-6.140956],[-35.90515,-6.141592],[-35.904674,-6.143461],[-35.903972,-6.144044],[-35.903384,-6.143206],[-35.902013,-6.13882],[-35.901274,-6.138844],[-35.90024,-6.13948],[-35.898825,-6.141835],[-35.895736,-6.142556],[-35.895549,-6.141828],[-35.896445,-6.139832],[-35.896019,-6.137975],[-35.896226,-6.136404],[-35.897905,-6.134863],[-35.897286,-6.132356],[-35.897938,-6.12931],[-35.897719,-6.127945],[-35.895203,-6.124582],[-35.894514,-6.121913],[-35.895841,-6.122725],[-35.896894,-6.122883],[-35.897107,-6.121233],[-35.898065,-6.119896],[-35.896057,-6.117394],[-35.893838,-6.116159],[-35.892565,-6.116919],[-35.889958,-6.116404],[-35.888566,-6.115872],[-35.888414,-6.115005],[-35.889403,-6.1123],[-35.891511,-6.113527],[-35.89395,-6.113388],[-35.895047,-6.110691],[-35.896168,-6.110453],[-35.89702,-6.110838],[-35.896573,-6.112301],[-35.899067,-6.111504],[-35.901024,-6.110006],[-35.901793,-6.10746],[-35.90108,-6.105762],[-35.899512,-6.104138],[-35.89749,-6.102891],[-35.893197,-6.101747],[-35.892776,-6.099935],[-35.894301,-6.098541],[-35.894096,-6.097567],[-35.894886,-6.09653],[-35.89428,-6.095251],[-35.893091,-6.094203],[-35.893578,-6.091636],[-35.88681,-6.091404],[-35.886615,-6.090293],[-35.887092,-6.087862],[-35.8856,-6.085283],[-35.885721,-6.082004],[-35.884606,-6.081783],[-35.881753,-6.078555],[-35.88104,-6.078638],[-35.879617,-6.080981],[-35.878474,-6.081385],[-35.876327,-6.080442],[-35.876143,-6.077686],[-35.875525,-6.076563],[-35.875766,-6.074819],[-35.874157,-6.072466],[-35.874651,-6.07167],[-35.874355,-6.069979],[-35.872987,-6.069029],[-35.871506,-6.069652],[-35.870522,-6.069334],[-35.870825,-6.068704],[-35.874906,-6.066072],[-35.875235,-6.065118],[-35.876512,-6.06461],[-35.876744,-6.065389],[-35.87736,-6.065054],[-35.877826,-6.062901],[-35.876663,-6.062718],[-35.876033,-6.05953],[-35.877385,-6.057347],[-35.877378,-6.056205],[-35.874938,-6.054785],[-35.87385,-6.053657],[-35.873926,-6.05271],[-35.872057,-6.051524],[-35.871171,-6.051552],[-35.870727,-6.052186],[-35.869436,-6.052375],[-35.868895,-6.053001],[-35.867312,-6.053168],[-35.865869,-6.054011],[-35.865735,-6.05324],[-35.866493,-6.05246],[-35.866645,-6.050554],[-35.867229,-6.04921],[-35.866604,-6.048503],[-35.864941,-6.047981],[-35.861428,-6.045868],[-35.861977,-6.044213],[-35.861658,-6.042973],[-35.863288,-6.040867],[-35.863177,-6.039642],[-35.860716,-6.039053],[-35.860397,-6.037813],[-35.861836,-6.035488],[-35.863307,-6.035396],[-35.866568,-6.033816],[-35.869126,-6.033196],[-35.871237,-6.030314],[-35.87031,-6.028826],[-35.86828,-6.028066],[-35.865755,-6.028282],[-35.865659,-6.026857],[-35.8565,-6.029008],[-35.854214,-6.028837],[-35.853976,-6.026589],[-35.855767,-6.025102],[-35.859811,-6.024189],[-35.861378,-6.022888],[-35.864177,-6.019247],[-35.864801,-6.016658],[-35.865808,-6.014505],[-35.86493,-6.012411],[-35.86451,-6.008571],[-35.860659,-6.005431],[-35.854483,-6.004293],[-35.851045,-6.004711],[-35.850704,-6.008444],[-35.845114,-6.013439],[-35.843175,-6.013199],[-35.841271,-6.013721],[-35.83966,-6.014265],[-35.837263,-6.016081],[-35.836331,-6.02038],[-35.837221,-6.022727],[-35.841559,-6.023622],[-35.840262,-6.025139],[-35.837033,-6.026322],[-35.837255,-6.029015],[-35.835231,-6.031113],[-35.833826,-6.031278],[-35.832854,-6.030666]]],[[[-36.379497,-6.020144],[-36.376165,-6.021335],[-36.375451,-6.022286],[-36.375451,-6.023238],[-36.377117,-6.025855],[-36.37902,-6.027046],[-36.386634,-6.02657],[-36.388538,-6.027521],[-36.391631,-6.027284],[-36.392583,-6.025856],[-36.393059,-6.020383],[-36.394011,-6.0161],[-36.397104,-6.017766],[-36.398293,-6.019906],[-36.39889,-6.023361],[-36.399783,-6.021246],[-36.399556,-6.019318],[-36.397938,-6.018273],[-36.398083,-6.017279],[-36.39718,-6.016372],[-36.395438,-6.016217],[-36.394203,-6.015101],[-36.393901,-6.012194],[-36.393083,-6.010785],[-36.393321,-6.008881],[-36.39287,-6.007622],[-36.39358,-6.00694],[-36.393207,-6.00572],[-36.39344,-6.005497],[-36.390204,-6.00247],[-36.387489,-6.002437],[-36.385251,-6.003921],[-36.383586,-6.005695],[-36.384254,-6.007296],[-36.386634,-6.008962],[-36.387111,-6.010864],[-36.386397,-6.011816],[-36.382589,-6.012054],[-36.382351,-6.013483],[-36.383304,-6.014434],[-36.387111,-6.016576],[-36.38711,-6.017527],[-36.385445,-6.018241],[-36.383065,-6.018241],[-36.381399,-6.017051],[-36.3814,-6.016576],[-36.38021,-6.015386],[-36.378306,-6.015624],[-36.377355,-6.016576],[-36.377355,-6.018002],[-36.379496,-6.018242],[-36.379497,-6.020144]]],[[[-35.713347,-5.996843],[-35.714589,-5.999029],[-35.716018,-6.000454],[-35.715071,-6.001674],[-35.714637,-6.004009],[-35.711564,-6.008223],[-35.714152,-6.01219],[-35.716919,-6.012287],[-35.721076,-6.009044],[-35.721701,-6.006712],[-35.72413,-6.004864],[-35.72274,-6.002948],[-35.722805,-5.999589],[-35.722307,-5.998894],[-35.718715,-5.997547],[-35.717544,-5.995246],[-35.715532,-5.994975],[-35.71347,-5.996075],[-35.713347,-5.996843]]],[[[-36.239656,-5.849785],[-36.238972,-5.849902],[-36.238979,-5.851725],[-36.238506,-5.852179],[-36.23777,-5.852391],[-36.236694,-5.851708],[-36.235891,-5.851724],[-36.235172,-5.852212],[-36.234896,-5.853189],[-36.233291,-5.852152],[-36.23251,-5.852168],[-36.231359,-5.853755],[-36.229225,-5.853744],[-36.228242,-5.852402],[-36.227657,-5.852213],[-36.227523,-5.850848],[-36.225724,-5.85036],[-36.22474,-5.851208],[-36.223371,-5.851642],[-36.223075,-5.852829],[-36.221524,-5.853528],[-36.218531,-5.853044],[-36.217897,-5.855005],[-36.216516,-5.855565],[-36.215092,-5.855227],[-36.213918,-5.855815],[-36.213079,-5.854325],[-36.21071,-5.853701],[-36.209819,-5.854598],[-36.207579,-5.855688],[-36.206806,-5.855672],[-36.206087,-5.855092],[-36.205194,-5.856141],[-36.200899,-5.856513],[-36.195212,-5.853527],[-36.189719,-5.853527],[-36.185382,-5.852757],[-36.17633,-5.853001],[-36.173047,-5.850057],[-36.170057,-5.848905],[-36.166431,-5.84986],[-36.162148,-5.852906],[-36.157199,-5.850907],[-36.154534,-5.848813],[-36.151619,-5.848776],[-36.150749,-5.851061],[-36.151706,-5.858374],[-36.150388,-5.859949],[-36.148851,-5.859611],[-36.14295,-5.855233],[-36.142189,-5.853996],[-36.141046,-5.854757],[-36.140571,-5.85628],[-36.139238,-5.857613],[-36.134123,-5.859561],[-36.129018,-5.857506],[-36.125802,-5.855552],[-36.121904,-5.853882],[-36.12079,-5.851377],[-36.117026,-5.848027],[-36.11704,-5.845452],[-36.115345,-5.841437],[-36.112963,-5.840629],[-36.111968,-5.839622],[-36.110771,-5.839455],[-36.108027,-5.837553],[-36.106807,-5.833666],[-36.106038,-5.833373],[-36.105572,-5.832298],[-36.104763,-5.832101],[-36.102175,-5.829835],[-36.10163,-5.828816],[-36.100023,-5.829038],[-36.099738,-5.828742],[-36.098547,-5.829751],[-36.09788,-5.831099],[-36.096998,-5.831081],[-36.094727,-5.832139],[-36.092442,-5.834378],[-36.091149,-5.83463],[-36.089859,-5.836154],[-36.087924,-5.836144],[-36.086203,-5.83728],[-36.085461,-5.838089],[-36.085031,-5.839573],[-36.083548,-5.840552],[-36.082499,-5.839449],[-36.08058,-5.840946],[-36.079051,-5.840031],[-36.076752,-5.840032],[-36.076015,-5.839472],[-36.074962,-5.840988],[-36.075167,-5.841461],[-36.071322,-5.841297],[-36.07117,-5.842256],[-36.072258,-5.844595],[-36.072333,-5.845879],[-36.071249,-5.845713],[-36.067956,-5.843509],[-36.06615,-5.84174],[-36.064435,-5.843881],[-36.065146,-5.846436],[-36.064429,-5.84698],[-36.06462,-5.848476],[-36.06539,-5.850452],[-36.064586,-5.85332],[-36.063338,-5.852053],[-36.06008,-5.851831],[-36.059539,-5.850464],[-36.056349,-5.851709],[-36.055232,-5.84953],[-36.0542,-5.849018],[-36.052546,-5.850359],[-36.050655,-5.850459],[-36.050485,-5.849763],[-36.049607,-5.849337],[-36.047255,-5.846154],[-36.044836,-5.845824],[-36.043819,-5.846386],[-36.043147,-5.845808],[-36.042181,-5.845828],[-36.03786,-5.842245],[-36.033673,-5.83977],[-36.029104,-5.835202],[-36.02444,-5.833584],[-36.021497,-5.830272],[-36.016754,-5.829214],[-36.009496,-5.829333],[-36.008597,-5.827703],[-36.007115,-5.82859],[-36.001986,-5.829186],[-36.000987,-5.82833],[-36.0,-5.825886],[-35.998334,-5.826694],[-35.996335,-5.826839],[-35.995766,-5.826083],[-35.995006,-5.826444],[-35.994364,-5.826939],[-35.993684,-5.829019],[-35.991925,-5.830601],[-35.990894,-5.830566],[-35.988052,-5.828976],[-35.987331,-5.825757],[-35.985716,-5.825694],[-35.984825,-5.826268],[-35.984183,-5.82622],[-35.983788,-5.825773],[-35.983955,-5.824741],[-35.982811,-5.822662],[-35.982805,-5.82076],[-35.980346,-5.814363],[-35.978441,-5.811798],[-35.976045,-5.812706],[-35.975829,-5.812189],[-35.977918,-5.810256],[-35.978176,-5.808061],[-35.977569,-5.806005],[-35.9771,-5.806006],[-35.974713,-5.80815],[-35.974337,-5.807107],[-35.973751,-5.803094],[-35.974281,-5.801296],[-35.977121,-5.795993],[-35.976499,-5.793972],[-35.973784,-5.795398],[-35.973449,-5.797086],[-35.970007,-5.797023],[-35.969257,-5.797431],[-35.966865,-5.800481],[-35.965775,-5.800614],[-35.965293,-5.801866],[-35.963138,-5.804518],[-35.96201,-5.804701],[-35.960934,-5.805604],[-35.959619,-5.805589],[-35.957462,-5.804685],[-35.956279,-5.805689],[-35.953719,-5.806248],[-35.95182,-5.807374],[-35.948712,-5.80708],[-35.947505,-5.807629],[-35.94614,-5.810926],[-35.945465,-5.811369],[-35.943585,-5.815056],[-35.940611,-5.815294],[-35.938698,-5.813267],[-35.937673,-5.812775],[-35.93556,-5.812868],[-35.935162,-5.813548],[-35.936033,-5.815033],[-35.937102,-5.815656],[-35.93795,-5.817321],[-35.937496,-5.818275],[-35.936704,-5.818508],[-35.935557,-5.818058],[-35.935321,-5.816157],[-35.934129,-5.814487],[-35.932934,-5.813773],[-35.931198,-5.814104],[-35.929928,-5.813366],[-35.927516,-5.81448],[-35.928726,-5.815355],[-35.92848,-5.81589],[-35.926747,-5.81615],[-35.924609,-5.818053],[-35.923183,-5.818053],[-35.922016,-5.817342],[-35.921855,-5.816438],[-35.922042,-5.815701],[-35.922709,-5.815679],[-35.923659,-5.814723],[-35.923907,-5.813877],[-35.923516,-5.813721],[-35.923517,-5.81324],[-35.921234,-5.812883],[-35.920033,-5.811749],[-35.921616,-5.810781],[-35.924374,-5.807107],[-35.924367,-5.805687],[-35.924782,-5.804823],[-35.923103,-5.803357],[-35.922949,-5.802652],[-35.92354,-5.802237],[-35.922843,-5.800722],[-35.921909,-5.801112],[-35.920545,-5.79934],[-35.918512,-5.79948],[-35.916971,-5.801537],[-35.916127,-5.800805],[-35.91486,-5.800501],[-35.91443,-5.799424],[-35.91765,-5.795841],[-35.916898,-5.79326],[-35.915838,-5.791562],[-35.915768,-5.789435],[-35.913512,-5.78829],[-35.910668,-5.785699],[-35.90554,-5.782524],[-35.900723,-5.77688],[-35.899149,-5.774151],[-35.897248,-5.775222],[-35.896766,-5.77665],[-35.899152,-5.779508],[-35.899384,-5.782837],[-35.90438,-5.786176],[-35.905095,-5.787595],[-35.907022,-5.788177],[-35.906725,-5.789742],[-35.904698,-5.791972],[-35.904438,-5.793351],[-35.90551,-5.794748],[-35.906615,-5.795457],[-35.906421,-5.796278],[-35.905812,-5.79664],[-35.905809,-5.798068],[-35.907712,-5.798782],[-35.910812,-5.798782],[-35.911996,-5.799201],[-35.911387,-5.800367],[-35.911669,-5.801683],[-35.912784,-5.803354],[-35.915563,-5.805681],[-35.915804,-5.809253],[-35.918663,-5.814725],[-35.91866,-5.816626],[-35.916999,-5.81877],[-35.916042,-5.819243],[-35.915566,-5.8221],[-35.91604,-5.824483],[-35.918898,-5.825911],[-35.922656,-5.825821],[-35.924425,-5.827451],[-35.924874,-5.82927],[-35.925885,-5.82923],[-35.926837,-5.830684],[-35.928688,-5.830534],[-35.929541,-5.831001],[-35.92994,-5.831952],[-35.929817,-5.835744],[-35.930955,-5.840838],[-35.930356,-5.841658],[-35.931009,-5.846142],[-35.930895,-5.847573],[-35.929825,-5.848356],[-35.929199,-5.849519],[-35.929353,-5.850567],[-35.930351,-5.8507],[-35.930818,-5.851541],[-35.929366,-5.852642],[-35.928772,-5.854901],[-35.92966,-5.857156],[-35.93123,-5.857562],[-35.934691,-5.857301],[-35.93486,-5.855932],[-35.935785,-5.855482],[-35.936992,-5.855976],[-35.936351,-5.858808],[-35.93656,-5.859918],[-35.937227,-5.860485],[-35.937853,-5.860072],[-35.937971,-5.858583],[-35.939137,-5.857346],[-35.944322,-5.856293],[-35.945543,-5.855865],[-35.946509,-5.854901],[-35.944733,-5.851453],[-35.944249,-5.842354],[-35.946842,-5.837869],[-35.953345,-5.832298],[-35.952984,-5.829263],[-35.95022,-5.822875],[-35.95197,-5.820331],[-35.95426,-5.818581],[-35.9568,-5.819104],[-35.960017,-5.81759],[-35.961484,-5.818618],[-35.961261,-5.822529],[-35.962293,-5.823608],[-35.965972,-5.822796],[-35.965998,-5.825722],[-35.96315,-5.83236],[-35.961518,-5.832322],[-35.959057,-5.832974],[-35.960202,-5.834814],[-35.962923,-5.834724],[-35.968336,-5.837237],[-35.969402,-5.836816],[-35.971811,-5.836817],[-35.975163,-5.840127],[-35.978619,-5.840616],[-35.981934,-5.838836],[-35.983128,-5.838967],[-35.983191,-5.84035],[-35.983862,-5.841652],[-35.986064,-5.843195],[-35.990798,-5.839913],[-35.995367,-5.837622],[-35.998518,-5.834222],[-36.002062,-5.831885],[-36.008729,-5.833344],[-36.011641,-5.834785],[-36.013306,-5.839234],[-36.012742,-5.842129],[-36.012672,-5.845143],[-36.010932,-5.849095],[-36.007203,-5.853713],[-36.003746,-5.857047],[-35.999481,-5.859375],[-35.997975,-5.86319],[-35.996461,-5.864916],[-35.996278,-5.865842],[-35.995217,-5.866493],[-35.994264,-5.866277],[-35.993475,-5.865382],[-35.992131,-5.865261],[-35.987132,-5.866163],[-35.982608,-5.866244],[-35.976543,-5.865124],[-35.97503,-5.865763],[-35.974962,-5.867993],[-35.971779,-5.868236],[-35.969243,-5.867942],[-35.965408,-5.86609],[-35.963187,-5.863168],[-35.960502,-5.8623],[-35.959377,-5.862926],[-35.958843,-5.864223],[-35.959193,-5.865795],[-35.957595,-5.867242],[-35.955253,-5.867171],[-35.952268,-5.863565],[-35.950278,-5.862081],[-35.950225,-5.861116],[-35.950807,-5.860282],[-35.951574,-5.860381],[-35.952285,-5.859557],[-35.950548,-5.856504],[-35.948912,-5.855964],[-35.947889,-5.857475],[-35.948251,-5.861364],[-35.949131,-5.861488],[-35.949444,-5.862778],[-35.948505,-5.863399],[-35.948764,-5.866126],[-35.947532,-5.867151],[-35.941745,-5.869847],[-35.942058,-5.871393],[-35.945414,-5.872996],[-35.946073,-5.873874],[-35.943655,-5.875191],[-35.943518,-5.877657],[-35.94595,-5.878414],[-35.950142,-5.880915],[-35.950895,-5.882641],[-35.950732,-5.884702],[-35.952139,-5.887168],[-35.953255,-5.888058],[-35.954471,-5.888436],[-35.956363,-5.887771],[-35.958219,-5.88603],[-35.959153,-5.886216],[-35.960492,-5.889576],[-35.960197,-5.891051],[-35.961168,-5.893024],[-35.962716,-5.892218],[-35.964136,-5.889626],[-35.964167,-5.887374],[-35.962529,-5.886331],[-35.961753,-5.884891],[-35.961766,-5.883221],[-35.959239,-5.878425],[-35.958413,-5.876118],[-35.958481,-5.875259],[-35.960365,-5.874708],[-35.961971,-5.873158],[-35.963082,-5.873356],[-35.964017,-5.875039],[-35.962873,-5.876739],[-35.962846,-5.878579],[-35.964203,-5.879429],[-35.964027,-5.881662],[-35.967411,-5.882375],[-35.969816,-5.883968],[-35.969583,-5.885637],[-35.971011,-5.88968],[-35.974101,-5.891106],[-35.974342,-5.89515],[-35.973953,-5.896453],[-35.974471,-5.89904],[-35.976517,-5.900789],[-35.97805,-5.900904],[-35.978399,-5.901736],[-35.978709,-5.903083],[-35.977407,-5.90529],[-35.97281,-5.907135],[-35.972048,-5.906273],[-35.969003,-5.905758],[-35.967088,-5.904464],[-35.965368,-5.904451],[-35.964438,-5.90346],[-35.962845,-5.903341],[-35.960958,-5.904698],[-35.958657,-5.903778],[-35.957092,-5.904064],[-35.955613,-5.902328],[-35.952619,-5.899873],[-35.952469,-5.898767],[-35.953341,-5.898257],[-35.95173,-5.89687],[-35.951264,-5.896936],[-35.950564,-5.899605],[-35.950855,-5.900432],[-35.950333,-5.902524],[-35.950514,-5.903977],[-35.951113,-5.904656],[-35.95291,-5.904444],[-35.953809,-5.905087],[-35.951567,-5.907165],[-35.954194,-5.908455],[-35.95404,-5.910401],[-35.954907,-5.910696],[-35.953636,-5.912503],[-35.954081,-5.915875],[-35.954984,-5.915712],[-35.955869,-5.916527],[-35.958724,-5.920194],[-35.959745,-5.922155],[-35.959743,-5.922636],[-35.958018,-5.924241],[-35.958021,-5.926225],[-35.958636,-5.927986],[-35.959352,-5.9287],[-35.960411,-5.928842],[-35.963888,-5.932901],[-35.965558,-5.933543],[-35.96726,-5.935283],[-35.967849,-5.936615],[-35.968889,-5.937189],[-35.969744,-5.939901],[-35.972685,-5.940235],[-35.974575,-5.93941],[-35.976682,-5.937711],[-35.977312,-5.935743],[-35.978383,-5.935606],[-35.97873,-5.933914],[-35.979305,-5.933819],[-35.981,-5.933935],[-35.98161,-5.934681],[-35.982776,-5.93494],[-35.983874,-5.934561],[-35.985803,-5.934935],[-35.987283,-5.936485],[-35.98732,-5.939021],[-35.988581,-5.939576],[-35.989683,-5.939139],[-35.989521,-5.938206],[-35.990587,-5.936752],[-35.991708,-5.937035],[-35.993146,-5.93813],[-35.994,-5.937474],[-36.003952,-5.940281],[-36.000643,-5.948546],[-36.00142,-5.949524],[-36.001772,-5.951068],[-36.002791,-5.950776],[-36.003171,-5.95016],[-36.004195,-5.95042],[-36.002364,-5.95378],[-36.000759,-5.955044],[-36.000877,-5.956384],[-36.002161,-5.958136],[-36.001099,-5.958977],[-36.000717,-5.961558],[-36.001987,-5.962009],[-36.003196,-5.961841],[-36.003546,-5.962899],[-36.008935,-5.966784],[-36.011778,-5.966479],[-36.013205,-5.966102],[-36.014481,-5.965098],[-36.014901,-5.965259],[-36.01497,-5.967329],[-36.015517,-5.967564],[-36.015325,-5.97084],[-36.01564,-5.971475],[-36.020093,-5.971219],[-36.02154,-5.970353],[-36.022558,-5.968787],[-36.022556,-5.966892],[-36.023755,-5.966014],[-36.024185,-5.964368],[-36.025358,-5.963842],[-36.026079,-5.965527],[-36.027016,-5.965833],[-36.028055,-5.964501],[-36.029054,-5.958718],[-36.031246,-5.955779],[-36.031467,-5.953995],[-36.033796,-5.95002],[-36.033118,-5.948914],[-36.031422,-5.949789],[-36.030719,-5.949352],[-36.030074,-5.949634],[-36.028858,-5.952331],[-36.025379,-5.952365],[-36.023942,-5.949729],[-36.024895,-5.948424],[-36.025012,-5.946233],[-36.02662,-5.945967],[-36.029032,-5.947742],[-36.03173,-5.948052],[-36.032952,-5.946217],[-36.034694,-5.945686],[-36.036645,-5.946105],[-36.037717,-5.94833],[-36.037362,-5.949239],[-36.036218,-5.95009],[-36.035408,-5.95245],[-36.035048,-5.95526],[-36.036133,-5.955474],[-36.03645,-5.957443],[-36.03882,-5.957357],[-36.041086,-5.955707],[-36.041597,-5.953788],[-36.043005,-5.953797],[-36.043727,-5.954073],[-36.043754,-5.95471],[-36.044971,-5.955765],[-36.048469,-5.958269],[-36.049728,-5.958558],[-36.048288,-5.963348],[-36.046581,-5.964858],[-36.04576,-5.967121],[-36.044738,-5.967242],[-36.044511,-5.968404],[-36.047885,-5.966297],[-36.050423,-5.966649],[-36.051332,-5.966258],[-36.053924,-5.963765],[-36.054801,-5.963612],[-36.056366,-5.964072],[-36.057209,-5.961287],[-36.059066,-5.960303],[-36.058683,-5.956132],[-36.059108,-5.955184],[-36.0606,-5.954376],[-36.063024,-5.951557],[-36.060745,-5.95169],[-36.060334,-5.951271],[-36.060332,-5.95071],[-36.061983,-5.950099],[-36.062254,-5.949473],[-36.059859,-5.949381],[-36.059214,-5.947783],[-36.060148,-5.9463],[-36.059488,-5.94612],[-36.058848,-5.946532],[-36.058109,-5.945626],[-36.059218,-5.944398],[-36.058207,-5.944389],[-36.058195,-5.943667],[-36.058686,-5.943442],[-36.058722,-5.942986],[-36.058432,-5.940459],[-36.057544,-5.941441],[-36.056932,-5.941493],[-36.056708,-5.940495],[-36.055956,-5.940603],[-36.055043,-5.941485],[-36.054545,-5.942659],[-36.053915,-5.942939],[-36.053518,-5.941993],[-36.053149,-5.941966],[-36.053238,-5.939549],[-36.052493,-5.93658],[-36.050542,-5.9365],[-36.050002,-5.936067],[-36.049801,-5.935201],[-36.050435,-5.934004],[-36.050754,-5.929335],[-36.051912,-5.92702],[-36.054001,-5.924909],[-36.054413,-5.923645],[-36.054428,-5.921064],[-36.053149,-5.920488],[-36.052378,-5.919129],[-36.052376,-5.915648],[-36.051954,-5.914126],[-36.051331,-5.913633],[-36.049709,-5.913931],[-36.04898,-5.913014],[-36.048819,-5.911103],[-36.04954,-5.909862],[-36.049159,-5.909057],[-36.043394,-5.904875],[-36.041432,-5.904385],[-36.040422,-5.903662],[-36.039462,-5.903979],[-36.036979,-5.903321],[-36.036079,-5.903469],[-36.034606,-5.905777],[-36.03341,-5.906293],[-36.032417,-5.905356],[-36.031434,-5.905974],[-36.031261,-5.907039],[-36.030353,-5.907274],[-36.029642,-5.907264],[-36.028342,-5.9057],[-36.026669,-5.906051],[-36.025894,-5.905173],[-36.026492,-5.904354],[-36.029813,-5.902972],[-36.031726,-5.899175],[-36.034105,-5.896056],[-36.032842,-5.894778],[-36.032968,-5.893592],[-36.033935,-5.892882],[-36.033433,-5.892022],[-36.033632,-5.890955],[-36.032155,-5.888609],[-36.02926,-5.886089],[-36.029714,-5.884278],[-36.030722,-5.883788],[-36.030683,-5.882316],[-36.031245,-5.881049],[-36.031135,-5.875854],[-36.03216,-5.872694],[-36.030894,-5.870526],[-36.02989,-5.870713],[-36.028993,-5.871516],[-36.02864,-5.871075],[-36.028968,-5.868877],[-36.028069,-5.867494],[-36.02728,-5.867172],[-36.025439,-5.865253],[-36.024534,-5.863669],[-36.024998,-5.862987],[-36.028091,-5.865185],[-36.027277,-5.862369],[-36.027959,-5.861436],[-36.027033,-5.861192],[-36.026901,-5.86057],[-36.025201,-5.860422],[-36.024533,-5.859732],[-36.024885,-5.858074],[-36.026373,-5.857922],[-36.028174,-5.859145],[-36.029975,-5.856873],[-36.03022,-5.855493],[-36.030078,-5.853863],[-36.026651,-5.848754],[-36.02663,-5.847879],[-36.028181,-5.848032],[-36.029728,-5.849584],[-36.031688,-5.853294],[-36.031983,-5.855262],[-36.032666,-5.855893],[-36.032521,-5.856582],[-36.031859,-5.856969],[-36.030101,-5.861815],[-36.030101,-5.863905],[-36.03034,-5.8656],[-36.030937,-5.865982],[-36.03051,-5.867876],[-36.033241,-5.87024],[-36.035419,-5.870065],[-36.037845,-5.87109],[-36.039349,-5.870561],[-36.040765,-5.869176],[-36.042044,-5.868669],[-36.044348,-5.870104],[-36.044956,-5.871559],[-36.046115,-5.871796],[-36.047211,-5.870738],[-36.048665,-5.87203],[-36.051912,-5.87203],[-36.052842,-5.871563],[-36.056788,-5.867616],[-36.057716,-5.86623],[-36.057715,-5.865302],[-36.058852,-5.863716],[-36.060395,-5.862784],[-36.061113,-5.863142],[-36.06054,-5.863878],[-36.060494,-5.865526],[-36.060964,-5.866229],[-36.062814,-5.867384],[-36.063708,-5.867164],[-36.065061,-5.868404],[-36.065603,-5.869474],[-36.067698,-5.869726],[-36.068056,-5.871203],[-36.068774,-5.871559],[-36.061746,-5.873836],[-36.057201,-5.874157],[-36.051904,-5.876152],[-36.051611,-5.876829],[-36.052976,-5.877365],[-36.053453,-5.878073],[-36.053426,-5.878889],[-36.052913,-5.879272],[-36.051438,-5.878414],[-36.049276,-5.8783],[-36.046074,-5.87914],[-36.044202,-5.880265],[-36.043748,-5.88112],[-36.04438,-5.883507],[-36.045919,-5.884792],[-36.0477,-5.884222],[-36.048603,-5.883165],[-36.051025,-5.8818],[-36.053413,-5.881509],[-36.05515,-5.883323],[-36.054522,-5.888847],[-36.052424,-5.890986],[-36.052041,-5.891565],[-36.052188,-5.892138],[-36.050865,-5.893023],[-36.050658,-5.893804],[-36.05175,-5.894634],[-36.053496,-5.89392],[-36.054183,-5.894217],[-36.053932,-5.895251],[-36.050077,-5.896646],[-36.049662,-5.898021],[-36.047565,-5.897907],[-36.047467,-5.899689],[-36.047999,-5.901304],[-36.047768,-5.90201],[-36.048938,-5.90329],[-36.048473,-5.904191],[-36.049978,-5.905709],[-36.052699,-5.905697],[-36.053934,-5.907832],[-36.055653,-5.909408],[-36.056815,-5.912475],[-36.056657,-5.913358],[-36.057064,-5.914324],[-36.057075,-5.916411],[-36.057589,-5.917685],[-36.057657,-5.920713],[-36.058175,-5.921943],[-36.058417,-5.924431],[-36.057543,-5.927177],[-36.057601,-5.931568],[-36.059317,-5.933195],[-36.060399,-5.932851],[-36.061424,-5.933285],[-36.063214,-5.933014],[-36.065076,-5.931683],[-36.065098,-5.933069],[-36.064332,-5.935269],[-36.063915,-5.935848],[-36.062054,-5.936624],[-36.061196,-5.938391],[-36.061197,-5.940247],[-36.063049,-5.94233],[-36.065929,-5.939337],[-36.066541,-5.939382],[-36.067646,-5.940954],[-36.068455,-5.94127],[-36.071674,-5.941082],[-36.073426,-5.942788],[-36.072263,-5.945041],[-36.071354,-5.944896],[-36.070275,-5.945903],[-36.069043,-5.945933],[-36.068127,-5.946753],[-36.066632,-5.949476],[-36.067046,-5.950827],[-36.069941,-5.953176],[-36.071279,-5.952965],[-36.073015,-5.953287],[-36.07504,-5.952972],[-36.077679,-5.949945],[-36.078325,-5.950261],[-36.077923,-5.951466],[-36.079249,-5.952458],[-36.079059,-5.953211],[-36.077432,-5.953071],[-36.076897,-5.953769],[-36.077966,-5.95544],[-36.077523,-5.956494],[-36.07808,-5.957545],[-36.079528,-5.957457],[-36.079815,-5.958078],[-36.079151,-5.959263],[-36.077098,-5.959707],[-36.076606,-5.960948],[-36.077374,-5.962325],[-36.079167,-5.962415],[-36.078809,-5.963069],[-36.077469,-5.963354],[-36.076989,-5.963872],[-36.077976,-5.965264],[-36.078273,-5.966522],[-36.080361,-5.965929],[-36.080934,-5.965058],[-36.083152,-5.963645],[-36.082594,-5.962371],[-36.082536,-5.959215],[-36.083058,-5.957593],[-36.084541,-5.956042],[-36.083748,-5.954408],[-36.083545,-5.952519],[-36.084484,-5.950076],[-36.082676,-5.949046],[-36.082675,-5.947385],[-36.083041,-5.946645],[-36.085554,-5.945383],[-36.086056,-5.944569],[-36.084636,-5.943101],[-36.084706,-5.940552],[-36.084362,-5.939888],[-36.081743,-5.939141],[-36.080693,-5.937998],[-36.079684,-5.934092],[-36.079989,-5.933561],[-36.081018,-5.933415],[-36.08317,-5.932039],[-36.084362,-5.929675],[-36.083405,-5.928064],[-36.081964,-5.927942],[-36.07934,-5.925634],[-36.079204,-5.923925],[-36.079832,-5.923286],[-36.081341,-5.923057],[-36.082443,-5.923564],[-36.086489,-5.923655],[-36.088641,-5.924256],[-36.090262,-5.924292],[-36.091594,-5.923538],[-36.090243,-5.920213],[-36.090296,-5.919536],[-36.089378,-5.919211],[-36.089151,-5.918056],[-36.087847,-5.917874],[-36.086595,-5.916504],[-36.080678,-5.915853],[-36.078284,-5.915037],[-36.078737,-5.912642],[-36.078562,-5.911522],[-36.079225,-5.91089],[-36.079527,-5.909294],[-36.08049,-5.909323],[-36.080876,-5.908883],[-36.08218,-5.906253],[-36.085977,-5.901508],[-36.08625,-5.898589],[-36.085864,-5.896261],[-36.086514,-5.895246],[-36.084966,-5.891511],[-36.085298,-5.886036],[-36.084347,-5.881752],[-36.085353,-5.87987],[-36.085161,-5.878407],[-36.0855,-5.8769],[-36.086287,-5.876362],[-36.086613,-5.875023],[-36.08786,-5.874221],[-36.089369,-5.875695],[-36.088977,-5.877326],[-36.08984,-5.878626],[-36.090187,-5.880909],[-36.091249,-5.882478],[-36.092772,-5.882634],[-36.095302,-5.885089],[-36.094111,-5.888892],[-36.093392,-5.889607],[-36.092204,-5.889609],[-36.091521,-5.890163],[-36.092848,-5.892264],[-36.093732,-5.89497],[-36.094821,-5.8962],[-36.094737,-5.896705],[-36.093859,-5.897279],[-36.093719,-5.899057],[-36.09326,-5.899876],[-36.092009,-5.901004],[-36.091008,-5.902944],[-36.091077,-5.904254],[-36.092057,-5.90511],[-36.095403,-5.904421],[-36.096427,-5.902994],[-36.097742,-5.903285],[-36.098057,-5.903819],[-36.09727,-5.905102],[-36.101368,-5.904478],[-36.102023,-5.905081],[-36.101698,-5.905866],[-36.099238,-5.907558],[-36.098816,-5.908464],[-36.099293,-5.909095],[-36.103183,-5.909852],[-36.103255,-5.911731],[-36.102576,-5.912138],[-36.102315,-5.912949],[-36.10026,-5.914522],[-36.103279,-5.915586],[-36.10553,-5.915593],[-36.105661,-5.916433],[-36.106198,-5.916856],[-36.107279,-5.916786],[-36.107699,-5.917307],[-36.111075,-5.915362],[-36.11225,-5.913628],[-36.111565,-5.91342],[-36.11083,-5.912476],[-36.110702,-5.912048],[-36.111238,-5.911406],[-36.106443,-5.907008],[-36.106163,-5.905667],[-36.104821,-5.904367],[-36.103525,-5.901772],[-36.101905,-5.9004],[-36.100996,-5.89824],[-36.101986,-5.897999],[-36.102181,-5.894819],[-36.103052,-5.893365],[-36.104399,-5.892274],[-36.105555,-5.892398],[-36.106342,-5.889943],[-36.10696,-5.889623],[-36.108025,-5.889806],[-36.109024,-5.890822],[-36.109301,-5.8921],[-36.110449,-5.893284],[-36.111131,-5.894905],[-36.111704,-5.895158],[-36.112267,-5.897607],[-36.114084,-5.897847],[-36.115021,-5.898963],[-36.114737,-5.901194],[-36.117234,-5.901693],[-36.116097,-5.903808],[-36.114001,-5.904385],[-36.113519,-5.905031],[-36.113949,-5.905744],[-36.115422,-5.906219],[-36.115369,-5.907576],[-36.119678,-5.909727],[-36.120777,-5.911536],[-36.121549,-5.912012],[-36.121793,-5.912853],[-36.123175,-5.913112],[-36.123354,-5.913571],[-36.122623,-5.913962],[-36.122603,-5.914562],[-36.123818,-5.915228],[-36.1231,-5.915776],[-36.122915,-5.917125],[-36.125299,-5.920358],[-36.125423,-5.921193],[-36.12645,-5.92136],[-36.12765,-5.920531],[-36.128445,-5.921232],[-36.132497,-5.92144],[-36.132179,-5.923068],[-36.133098,-5.923411],[-36.134343,-5.925613],[-36.134366,-5.926533],[-36.135901,-5.928664],[-36.136532,-5.931463],[-36.135208,-5.931458],[-36.133402,-5.932792],[-36.131876,-5.932955],[-36.131161,-5.933636],[-36.132579,-5.934841],[-36.133353,-5.934624],[-36.135031,-5.936124],[-36.13577,-5.936362],[-36.137136,-5.93582],[-36.137608,-5.93824],[-36.138136,-5.938739],[-36.139857,-5.938498],[-36.140797,-5.937374],[-36.140208,-5.934028],[-36.138904,-5.931363],[-36.138844,-5.929707],[-36.139633,-5.929307],[-36.139792,-5.929685],[-36.142092,-5.929304],[-36.143387,-5.929676],[-36.143604,-5.930517],[-36.145955,-5.930691],[-36.148833,-5.930168],[-36.153332,-5.931877],[-36.156152,-5.929698],[-36.159414,-5.930306],[-36.159615,-5.928944],[-36.160338,-5.928171],[-36.163116,-5.928927],[-36.163688,-5.930069],[-36.164882,-5.930525],[-36.164644,-5.932342],[-36.166981,-5.932698],[-36.168247,-5.93224],[-36.171377,-5.932105],[-36.172448,-5.931725],[-36.173429,-5.930053],[-36.174622,-5.929315],[-36.177183,-5.929229],[-36.177448,-5.927046],[-36.17636,-5.92403],[-36.174999,-5.922094],[-36.173723,-5.919065],[-36.173301,-5.917198],[-36.175282,-5.916057],[-36.174869,-5.915292],[-36.172598,-5.915309],[-36.171239,-5.915759],[-36.170165,-5.916797],[-36.168767,-5.917136],[-36.168355,-5.916372],[-36.16844,-5.915277],[-36.17187,-5.911916],[-36.167787,-5.911524],[-36.167638,-5.908612],[-36.168961,-5.907424],[-36.169653,-5.905824],[-36.171005,-5.905465],[-36.176918,-5.910856],[-36.177789,-5.910608],[-36.178545,-5.91181],[-36.177827,-5.914959],[-36.177702,-5.917759],[-36.17972,-5.922176],[-36.18272,-5.920092],[-36.185071,-5.920264],[-36.186257,-5.922015],[-36.186991,-5.925327],[-36.189161,-5.925991],[-36.190302,-5.927727],[-36.191096,-5.927864],[-36.190941,-5.929839],[-36.192481,-5.932523],[-36.195588,-5.933302],[-36.196417,-5.934189],[-36.196411,-5.939097],[-36.197709,-5.941854],[-36.199008,-5.942776],[-36.19931,-5.944359],[-36.198458,-5.94558],[-36.199587,-5.948691],[-36.199254,-5.949309],[-36.198357,-5.948693],[-36.195954,-5.944341],[-36.192467,-5.940551],[-36.190352,-5.940993],[-36.190079,-5.942073],[-36.191965,-5.946388],[-36.190511,-5.946726],[-36.186474,-5.938596],[-36.184693,-5.937777],[-36.184222,-5.93655],[-36.182956,-5.937008],[-36.183173,-5.938472],[-36.184194,-5.939925],[-36.183459,-5.942072],[-36.18194,-5.942144],[-36.179902,-5.941601],[-36.17654,-5.942867],[-36.174197,-5.942603],[-36.170994,-5.94122],[-36.172694,-5.943189],[-36.171906,-5.942397],[-36.174595,-5.946559],[-36.176123,-5.947588],[-36.174475,-5.949301],[-36.173049,-5.948187],[-36.173374,-5.947661],[-36.171383,-5.945312],[-36.170436,-5.945335],[-36.170359,-5.947531],[-36.171112,-5.948779],[-36.170753,-5.949736],[-36.169209,-5.94953],[-36.166991,-5.944642],[-36.164749,-5.941265],[-36.162061,-5.940563],[-36.162077,-5.939764],[-36.159318,-5.938158],[-36.158342,-5.938545],[-36.159394,-5.940208],[-36.160422,-5.940376],[-36.160755,-5.940951],[-36.162131,-5.941485],[-36.16387,-5.941613],[-36.166413,-5.945976],[-36.167068,-5.948481],[-36.166608,-5.950741],[-36.16577,-5.95178],[-36.165749,-5.953247],[-36.166329,-5.954299],[-36.166012,-5.955926],[-36.165036,-5.956314],[-36.164197,-5.954968],[-36.161462,-5.954858],[-36.162035,-5.956001],[-36.16234,-5.958134],[-36.162088,-5.958941],[-36.160446,-5.95937],[-36.159396,-5.957091],[-36.157584,-5.954848],[-36.157663,-5.953844],[-36.156542,-5.952477],[-36.155487,-5.952675],[-36.155523,-5.953411],[-36.154615,-5.954691],[-36.155748,-5.955354],[-36.156255,-5.956126],[-36.156162,-5.957057],[-36.158871,-5.959964],[-36.159176,-5.962305],[-36.158064,-5.964424],[-36.158032,-5.966459],[-36.159127,-5.966136],[-36.160182,-5.966329],[-36.159741,-5.967391],[-36.157351,-5.968684],[-36.156632,-5.973035],[-36.15588,-5.974197],[-36.155278,-5.976575],[-36.155288,-5.977958],[-36.156297,-5.978724],[-36.156294,-5.979532],[-36.156899,-5.980152],[-36.157675,-5.980095],[-36.157766,-5.978948],[-36.158584,-5.978374],[-36.159162,-5.980089],[-36.160403,-5.98018],[-36.163484,-5.978043],[-36.16287,-5.974482],[-36.161752,-5.973592],[-36.161814,-5.971291],[-36.162812,-5.970673],[-36.164381,-5.971135],[-36.165413,-5.970865],[-36.167557,-5.969293],[-36.16888,-5.970601],[-36.169174,-5.969124],[-36.169665,-5.96893],[-36.170129,-5.969079],[-36.170079,-5.969709],[-36.170603,-5.969863],[-36.171179,-5.96933],[-36.172856,-5.969165],[-36.172901,-5.968591],[-36.174341,-5.967659],[-36.176594,-5.967722],[-36.176832,-5.968204],[-36.178257,-5.968916],[-36.178735,-5.970343],[-36.18017,-5.971769],[-36.180374,-5.973021],[-36.184305,-5.973234],[-36.185956,-5.974163],[-36.187048,-5.975396],[-36.187145,-5.977189],[-36.189605,-5.978401],[-36.190476,-5.979718],[-36.190585,-5.981478],[-36.192063,-5.982951],[-36.194438,-5.982956],[-36.19619,-5.981039],[-36.197104,-5.98076],[-36.197934,-5.979265],[-36.199355,-5.978562],[-36.199902,-5.979178],[-36.199713,-5.980837],[-36.200487,-5.983084],[-36.200176,-5.984041],[-36.199329,-5.984801],[-36.199245,-5.986639],[-36.201432,-5.987549],[-36.203827,-5.986196],[-36.203926,-5.985686],[-36.2019,-5.981962],[-36.202055,-5.980734],[-36.20289,-5.980213],[-36.203461,-5.980565],[-36.203734,-5.981668],[-36.204895,-5.983145],[-36.205686,-5.985755],[-36.206443,-5.986275],[-36.20707,-5.985392],[-36.20631,-5.982509],[-36.206441,-5.981712],[-36.207217,-5.980957],[-36.204287,-5.977146],[-36.206425,-5.975795],[-36.208669,-5.97565],[-36.210062,-5.974822],[-36.210019,-5.974354],[-36.208716,-5.970976],[-36.208919,-5.970227],[-36.206662,-5.967658],[-36.206571,-5.966293],[-36.20721,-5.965258],[-36.206922,-5.964849],[-36.204173,-5.964841],[-36.2038,-5.964504],[-36.204258,-5.963258],[-36.201416,-5.963701],[-36.201408,-5.96231],[-36.204308,-5.962268],[-36.204434,-5.961302],[-36.203279,-5.95859],[-36.203634,-5.958162],[-36.204414,-5.958276],[-36.204804,-5.957029],[-36.205818,-5.957898],[-36.207028,-5.958128],[-36.207673,-5.956615],[-36.206641,-5.954469],[-36.207074,-5.953055],[-36.210572,-5.953567],[-36.211421,-5.954678],[-36.210267,-5.955217],[-36.209669,-5.956139],[-36.210145,-5.957491],[-36.211875,-5.957398],[-36.211803,-5.9583],[-36.210141,-5.959093],[-36.211004,-5.960405],[-36.213289,-5.961268],[-36.217794,-5.960048],[-36.219605,-5.960909],[-36.220569,-5.962426],[-36.219938,-5.963438],[-36.220621,-5.964634],[-36.220011,-5.965454],[-36.220127,-5.967279],[-36.221191,-5.966939],[-36.221919,-5.964979],[-36.22173,-5.963708],[-36.222327,-5.963807],[-36.22307,-5.965734],[-36.225206,-5.964918],[-36.22638,-5.965675],[-36.22741,-5.967554],[-36.228582,-5.966201],[-36.229812,-5.965885],[-36.230263,-5.966054],[-36.230376,-5.966616],[-36.231325,-5.966717],[-36.2304,-5.970247],[-36.231697,-5.970837],[-36.231155,-5.97217],[-36.230524,-5.972615],[-36.230479,-5.974035],[-36.232517,-5.975106],[-36.233226,-5.976051],[-36.235131,-5.976289],[-36.236277,-5.975476],[-36.23758,-5.975331],[-36.238194,-5.97446],[-36.239993,-5.973802],[-36.239554,-5.974849],[-36.239761,-5.97609],[-36.236537,-5.979783],[-36.238608,-5.980609],[-36.239561,-5.983039],[-36.239898,-5.98316],[-36.244382,-5.979752],[-36.248013,-5.978867],[-36.249392,-5.977931],[-36.249428,-5.976093],[-36.253062,-5.976371],[-36.254153,-5.975951],[-36.255116,-5.976763],[-36.256089,-5.97673],[-36.256266,-5.979115],[-36.255574,-5.979945],[-36.255014,-5.979972],[-36.253736,-5.982483],[-36.252396,-5.980422],[-36.251778,-5.980309],[-36.251213,-5.98101],[-36.250601,-5.983428],[-36.250046,-5.983262],[-36.249751,-5.982329],[-36.248689,-5.981437],[-36.24848,-5.982774],[-36.247516,-5.982896],[-36.246894,-5.983877],[-36.246417,-5.986815],[-36.245871,-5.987637],[-36.245259,-5.987835],[-36.24335,-5.990572],[-36.239833,-5.990781],[-36.238138,-5.990196],[-36.236401,-5.990837],[-36.233839,-5.990545],[-36.233271,-5.9909],[-36.233474,-5.991682],[-36.232923,-5.992499],[-36.234757,-5.995344],[-36.234636,-5.996204],[-36.235864,-5.997368],[-36.235526,-5.99765],[-36.235668,-5.998861],[-36.233037,-6.001931],[-36.232955,-6.003193],[-36.231988,-6.00412],[-36.231362,-6.004009],[-36.23136,-6.002492],[-36.230297,-6.000253],[-36.230794,-5.99868],[-36.229864,-5.99676],[-36.228079,-5.995703],[-36.227628,-5.994019],[-36.227044,-5.993533],[-36.226202,-5.993674],[-36.225727,-5.994444],[-36.221907,-5.993922],[-36.220176,-5.993231],[-36.218583,-5.993436],[-36.217215,-5.994721],[-36.215299,-5.992204],[-36.214925,-5.992515],[-36.214947,-5.99334],[-36.214459,-5.993592],[-36.213757,-5.993624],[-36.212869,-5.993023],[-36.211996,-5.993197],[-36.211546,-5.992422],[-36.211722,-5.991147],[-36.212251,-5.990898],[-36.212069,-5.990493],[-36.211764,-5.990327],[-36.210257,-5.991143],[-36.20905,-5.990292],[-36.208526,-5.989121],[-36.207043,-5.988808],[-36.206868,-5.993067],[-36.206256,-5.993845],[-36.204762,-5.993914],[-36.204076,-5.994639],[-36.20259,-5.99647],[-36.20129,-6.000148],[-36.199387,-6.000387],[-36.199149,-6.001814],[-36.198197,-6.002052],[-36.197959,-6.002528],[-36.197959,-6.004908],[-36.198435,-6.005145],[-36.198911,-6.006573],[-36.19891,-6.009428],[-36.198435,-6.011094],[-36.201528,-6.011332],[-36.206049,-6.008714],[-36.207953,-6.008715],[-36.208905,-6.009191],[-36.208905,-6.011094],[-36.208428,-6.012521],[-36.20938,-6.012997],[-36.209381,-6.016804],[-36.207477,-6.016804],[-36.207239,-6.013949],[-36.206287,-6.012759],[-36.20486,-6.01276],[-36.204145,-6.013949],[-36.204383,-6.01728],[-36.206762,-6.018708],[-36.208191,-6.020374],[-36.208667,-6.026323],[-36.215567,-6.03013],[-36.216043,-6.032984],[-36.219136,-6.03703],[-36.22104,-6.03703],[-36.223658,-6.035126],[-36.224609,-6.037031],[-36.226036,-6.037268],[-36.227702,-6.03584],[-36.231034,-6.034174],[-36.232461,-6.034175],[-36.233889,-6.036554],[-36.233889,-6.038457],[-36.232699,-6.040361],[-36.2327,-6.042979],[-36.233889,-6.044644],[-36.236982,-6.044644],[-36.237696,-6.042264],[-36.236982,-6.041075],[-36.236744,-6.039409],[-36.237697,-6.037982],[-36.238171,-6.037982],[-36.240075,-6.03584],[-36.240552,-6.03465],[-36.241503,-6.034175],[-36.242455,-6.034175],[-36.243883,-6.034888],[-36.243882,-6.037268],[-36.244358,-6.037506],[-36.251972,-6.037029],[-36.252924,-6.036554],[-36.253876,-6.035127],[-36.254115,-6.032747],[-36.256494,-6.032509],[-36.257921,-6.033462],[-36.25816,-6.035127],[-36.253162,-6.038933],[-36.253163,-6.03941],[-36.251496,-6.040599],[-36.251021,-6.041551],[-36.251021,-6.04512],[-36.251735,-6.048927],[-36.252687,-6.049404],[-36.252924,-6.050355],[-36.252924,-6.051307],[-36.252449,-6.051782],[-36.247927,-6.051782],[-36.246024,-6.052497],[-36.243883,-6.052258],[-36.241979,-6.051307],[-36.241979,-6.0475],[-36.241502,-6.046547],[-36.240076,-6.046309],[-36.239361,-6.047024],[-36.23841,-6.047262],[-36.237458,-6.049641],[-36.235079,-6.050117],[-36.234365,-6.053449],[-36.235792,-6.055352],[-36.243406,-6.055351],[-36.243645,-6.061776],[-36.242693,-6.06368],[-36.238409,-6.063918],[-36.236744,-6.062014],[-36.235554,-6.059635],[-36.232699,-6.057494],[-36.231747,-6.057256],[-36.231509,-6.056779],[-36.22913,-6.056541],[-36.228416,-6.057731],[-36.230368,-6.059969],[-36.230733,-6.06189],[-36.231985,-6.063442],[-36.236031,-6.066297],[-36.237458,-6.066535],[-36.2396,-6.070343],[-36.241265,-6.071056],[-36.243883,-6.073436],[-36.245309,-6.073674],[-36.245786,-6.073436],[-36.245786,-6.07296],[-36.24769,-6.073198],[-36.24769,-6.077719],[-36.248166,-6.078194],[-36.247213,-6.079384],[-36.248166,-6.080336],[-36.248165,-6.081288],[-36.248641,-6.081525],[-36.24983,-6.083667],[-36.250783,-6.084144],[-36.254352,-6.087951],[-36.256493,-6.088189],[-36.256731,-6.089615],[-36.255779,-6.090806],[-36.254828,-6.090806],[-36.252924,-6.089616],[-36.251973,-6.089616],[-36.251496,-6.090092],[-36.251496,-6.092472],[-36.254352,-6.094851],[-36.255304,-6.097706],[-36.26149,-6.097706],[-36.262442,-6.098183],[-36.262918,-6.102941],[-36.264107,-6.104131],[-36.26625,-6.104368],[-36.267676,-6.105083],[-36.269104,-6.107224],[-36.268628,-6.109603],[-36.267202,-6.110079],[-36.266012,-6.111745],[-36.265774,-6.114125],[-36.264822,-6.115552],[-36.263394,-6.11579],[-36.26268,-6.114838],[-36.261253,-6.114125],[-36.259785,-6.114346],[-36.261381,-6.115626],[-36.261834,-6.116795],[-36.261737,-6.118019],[-36.266725,-6.124832],[-36.267439,-6.12507],[-36.268391,-6.126974],[-36.268391,-6.129352],[-36.267677,-6.133399],[-36.265298,-6.133636],[-36.262204,-6.131257],[-36.259587,-6.131256],[-36.258635,-6.129829],[-36.258635,-6.128401],[-36.257922,-6.12745],[-36.256731,-6.126974],[-36.254828,-6.125308],[-36.25459,-6.12388],[-36.253639,-6.12269],[-36.253162,-6.120787],[-36.251258,-6.119359],[-36.249831,-6.11936],[-36.249593,-6.127687],[-36.248641,-6.129829],[-36.248166,-6.129591],[-36.24769,-6.127687],[-36.247451,-6.116504],[-36.249831,-6.111508],[-36.249831,-6.109127],[-36.248879,-6.106748],[-36.248879,-6.102465],[-36.250069,-6.100085],[-36.250069,-6.098658],[-36.248641,-6.095803],[-36.246262,-6.093424],[-36.246024,-6.08795],[-36.245547,-6.086998],[-36.243645,-6.085571],[-36.240789,-6.085572],[-36.238172,-6.084382],[-36.236744,-6.082954],[-36.236506,-6.082002],[-36.23603,-6.082002],[-36.235316,-6.080812],[-36.23484,-6.073197],[-36.232937,-6.07296],[-36.231985,-6.073673],[-36.230796,-6.072008],[-36.230796,-6.070581],[-36.231985,-6.068676],[-36.23151,-6.067249],[-36.228178,-6.064632],[-36.226513,-6.061301],[-36.224609,-6.060348],[-36.223181,-6.060349],[-36.221754,-6.059635],[-36.22104,-6.058683],[-36.220801,-6.056304],[-36.221754,-6.056066],[-36.222943,-6.054399],[-36.222943,-6.052259],[-36.221183,-6.051342],[-36.221071,-6.052374],[-36.220478,-6.051612],[-36.219943,-6.0525],[-36.218194,-6.053446],[-36.218897,-6.052489],[-36.218661,-6.050593],[-36.21985,-6.04869],[-36.21985,-6.047261],[-36.21747,-6.045358],[-36.216519,-6.04393],[-36.215568,-6.043454],[-36.213187,-6.04393],[-36.21295,-6.040599],[-36.211521,-6.039886],[-36.208667,-6.039885],[-36.206049,-6.038458],[-36.205097,-6.035603],[-36.20486,-6.030606],[-36.204146,-6.028702],[-36.20367,-6.028464],[-36.20248,-6.026084],[-36.20248,-6.024181],[-36.201528,-6.022992],[-36.200815,-6.021088],[-36.198435,-6.018708],[-36.196055,-6.017756],[-36.195817,-6.01728],[-36.194152,-6.017518],[-36.1932,-6.018708],[-36.192725,-6.018708],[-36.191773,-6.017281],[-36.191773,-6.015139],[-36.190821,-6.012759],[-36.188441,-6.009191],[-36.186062,-6.007287],[-36.184634,-6.001576],[-36.183682,-6.000148],[-36.181915,-5.998941],[-36.182002,-5.996608],[-36.180152,-5.996192],[-36.176601,-5.993497],[-36.173759,-5.992539],[-36.173198,-5.991569],[-36.173028,-5.989617],[-36.171287,-5.984339],[-36.171289,-5.983077],[-36.169509,-5.982432],[-36.166131,-5.982511],[-36.165429,-5.982226],[-36.165348,-5.981426],[-36.163497,-5.980448],[-36.161527,-5.982219],[-36.162549,-5.983322],[-36.162225,-5.983765],[-36.161757,-5.984199],[-36.160891,-5.984182],[-36.160393,-5.983163],[-36.159453,-5.983166],[-36.158211,-5.985807],[-36.156535,-5.986899],[-36.153914,-5.98591],[-36.15339,-5.985218],[-36.152277,-5.985884],[-36.151662,-5.985566],[-36.151128,-5.984584],[-36.149379,-5.983519],[-36.147895,-5.98341],[-36.147232,-5.985698],[-36.147614,-5.987596],[-36.146925,-5.987609],[-36.145797,-5.986808],[-36.145676,-5.988341],[-36.144395,-5.989929],[-36.143075,-5.989552],[-36.143229,-5.993115],[-36.142022,-5.994381],[-36.141853,-5.995179],[-36.139509,-5.995084],[-36.139211,-5.995809],[-36.13816,-5.996191],[-36.136867,-5.996054],[-36.136387,-5.990567],[-36.138047,-5.987477],[-36.137482,-5.986522],[-36.137722,-5.985597],[-36.13587,-5.984955],[-36.133126,-5.981854],[-36.132163,-5.980008],[-36.13109,-5.978947],[-36.131174,-5.977878],[-36.129729,-5.976042],[-36.129216,-5.974602],[-36.127519,-5.977188],[-36.127323,-5.982127],[-36.127649,-5.9846],[-36.130157,-5.989456],[-36.128594,-5.990275],[-36.128144,-5.989879],[-36.127547,-5.98999],[-36.12731,-5.991764],[-36.126177,-5.993598],[-36.125581,-5.997503],[-36.122552,-5.997561],[-36.121417,-5.997195],[-36.121645,-5.993546],[-36.11898,-5.992673],[-36.117028,-5.993092],[-36.115327,-5.990316],[-36.116413,-5.987806],[-36.117919,-5.986407],[-36.118326,-5.985105],[-36.1175,-5.98494],[-36.116422,-5.985453],[-36.116091,-5.986553],[-36.114958,-5.986809],[-36.111635,-5.986527],[-36.10947,-5.984806],[-36.108751,-5.984635],[-36.107488,-5.983338],[-36.108782,-5.981913],[-36.107702,-5.979348],[-36.105766,-5.979116],[-36.104608,-5.978321],[-36.10421,-5.978559],[-36.104433,-5.983665],[-36.105064,-5.985723],[-36.104884,-5.987098],[-36.105212,-5.988103],[-36.108098,-5.991483],[-36.109112,-5.993522],[-36.111578,-5.992999],[-36.112588,-5.993729],[-36.112174,-5.994458],[-36.111888,-5.999027],[-36.110257,-5.998493],[-36.109383,-5.999636],[-36.108015,-6.0],[-36.108253,-6.00229],[-36.107777,-6.002052],[-36.107539,-6.002528],[-36.107539,-6.004669],[-36.108967,-6.005621],[-36.109681,-6.007287],[-36.111585,-6.009666],[-36.111822,-6.014425],[-36.113964,-6.016804],[-36.114202,-6.020374],[-36.115154,-6.022278],[-36.117771,-6.025132],[-36.118009,-6.026798],[-36.119199,-6.027988],[-36.121103,-6.027988],[-36.122529,-6.028702],[-36.123668,-6.030025],[-36.124433,-6.032508],[-36.128955,-6.035602],[-36.130144,-6.034651],[-36.131096,-6.032509],[-36.13062,-6.026322],[-36.132524,-6.025371],[-36.134189,-6.023943],[-36.134189,-6.023467],[-36.136331,-6.021801],[-36.14109,-6.022753],[-36.141804,-6.02204],[-36.141803,-6.020374],[-36.141328,-6.019185],[-36.13871,-6.017042],[-36.13871,-6.016091],[-36.140614,-6.015139],[-36.14799,-6.015377],[-36.149181,-6.016329],[-36.150131,-6.018708],[-36.150132,-6.021088],[-36.149418,-6.023229],[-36.146562,-6.023229],[-36.144659,-6.024181],[-36.143707,-6.026323],[-36.142755,-6.032271],[-36.140851,-6.03584],[-36.139662,-6.03703],[-36.133476,-6.03703],[-36.132285,-6.038934],[-36.132285,-6.041552],[-36.133475,-6.042979],[-36.134189,-6.044643],[-36.134189,-6.046548],[-36.135141,-6.049165],[-36.136094,-6.049403],[-36.138234,-6.051307],[-36.139662,-6.051782],[-36.141328,-6.05321],[-36.14585,-6.053448],[-36.14799,-6.055352],[-36.149655,-6.055352],[-36.150132,-6.054876],[-36.151321,-6.054638],[-36.152749,-6.052973],[-36.154176,-6.049879],[-36.153938,-6.048689],[-36.153225,-6.047737],[-36.149894,-6.045357],[-36.149418,-6.044407],[-36.14918,-6.041313],[-36.150608,-6.039885],[-36.161078,-6.03465],[-36.165122,-6.03465],[-36.166074,-6.035841],[-36.167502,-6.036554],[-36.170358,-6.036554],[-36.172023,-6.037506],[-36.172975,-6.039409],[-36.172737,-6.040837],[-36.171785,-6.041313],[-36.170595,-6.041313],[-36.169644,-6.042027],[-36.167407,-6.042312],[-36.164409,-6.044169],[-36.163457,-6.047976],[-36.162981,-6.048451],[-36.15965,-6.048452],[-36.15965,-6.052021],[-36.158936,-6.054638],[-36.155128,-6.054638],[-36.154652,-6.060348],[-36.153701,-6.06368],[-36.152511,-6.065583],[-36.152273,-6.068439],[-36.15156,-6.069628],[-36.149894,-6.06939],[-36.148228,-6.068201],[-36.145849,-6.067964],[-36.143946,-6.066298],[-36.142994,-6.06487],[-36.142042,-6.064393],[-36.139186,-6.064394],[-36.137931,-6.06277],[-36.137758,-6.058207],[-36.137283,-6.057732],[-36.131333,-6.057731],[-36.130858,-6.056779],[-36.130858,-6.055352],[-36.131334,-6.0544],[-36.131334,-6.051306],[-36.131096,-6.050831],[-36.130144,-6.050593],[-36.129669,-6.049164],[-36.129669,-6.043216],[-36.128716,-6.0406],[-36.126574,-6.03822],[-36.122292,-6.03822],[-36.121341,-6.037744],[-36.120864,-6.036792],[-36.120864,-6.033937],[-36.120151,-6.032985],[-36.119199,-6.032509],[-36.117771,-6.032985],[-36.116819,-6.03584],[-36.116819,-6.041789],[-36.118961,-6.043693],[-36.122054,-6.049641],[-36.12253,-6.051307],[-36.12253,-6.054638],[-36.121103,-6.057017],[-36.12015,-6.057255],[-36.119912,-6.052972],[-36.116819,-6.048213],[-36.114678,-6.046072],[-36.113727,-6.044168],[-36.113963,-6.024894],[-36.11087,-6.018709],[-36.109204,-6.017994],[-36.108492,-6.017042],[-36.108729,-6.012759],[-36.10516,-6.007048],[-36.104684,-6.006811],[-36.104684,-6.000386],[-36.105586,-5.99859],[-36.106354,-5.998491],[-36.106677,-5.997428],[-36.107721,-5.996381],[-36.10763,-5.995985],[-36.107065,-5.995556],[-36.103824,-5.996053],[-36.10261,-5.997495],[-36.100213,-5.998192],[-36.098483,-5.995775],[-36.097283,-5.995259],[-36.095401,-5.995275],[-36.09246,-5.992457],[-36.093151,-5.990801],[-36.090554,-5.989717],[-36.08941,-5.988506],[-36.088356,-5.988156],[-36.086482,-5.986039],[-36.086056,-5.984843],[-36.083592,-5.984117],[-36.081548,-5.986178],[-36.082222,-5.986771],[-36.083,-5.986558],[-36.083101,-5.987302],[-36.082551,-5.988698],[-36.086571,-5.993032],[-36.087714,-5.993776],[-36.087209,-5.994592],[-36.084798,-5.994221],[-36.081656,-5.995753],[-36.080023,-5.995524],[-36.079004,-5.994606],[-36.080583,-5.993365],[-36.080629,-5.992786],[-36.080125,-5.991041],[-36.078917,-5.99064],[-36.078723,-5.990045],[-36.078869,-5.987183],[-36.077721,-5.983777],[-36.07696,-5.984355],[-36.075295,-5.984033],[-36.075523,-5.98272],[-36.072569,-5.981825],[-36.07203,-5.98131],[-36.071219,-5.981334],[-36.070937,-5.982139],[-36.071376,-5.985774],[-36.071092,-5.98684],[-36.071598,-5.988547],[-36.073043,-5.990516],[-36.072673,-5.991653],[-36.069937,-5.991335],[-36.068597,-5.99045],[-36.067868,-5.991182],[-36.067489,-5.992434],[-36.064815,-5.994558],[-36.065385,-5.995267],[-36.064839,-5.997633],[-36.064199,-5.997624],[-36.062484,-5.9989],[-36.062329,-6.007048],[-36.063044,-6.008715],[-36.067089,-6.011569],[-36.070657,-6.01157],[-36.070896,-6.01038],[-36.069944,-6.009428],[-36.070181,-6.006811],[-36.072561,-6.005621],[-36.073989,-6.005859],[-36.073751,-6.011807],[-36.075179,-6.014187],[-36.075179,-6.016091],[-36.078272,-6.02418],[-36.079224,-6.024895],[-36.080176,-6.02775],[-36.080889,-6.028464],[-36.084221,-6.028701],[-36.08779,-6.031558],[-36.088979,-6.035126],[-36.093976,-6.03822],[-36.095166,-6.038458],[-36.095404,-6.03941],[-36.094452,-6.040123],[-36.093976,-6.042027],[-36.09588,-6.043454],[-36.098022,-6.046072],[-36.098022,-6.046548],[-36.098973,-6.046786],[-36.100163,-6.048451],[-36.102067,-6.049641],[-36.107302,-6.049641],[-36.110395,-6.051307],[-36.111585,-6.052972],[-36.110395,-6.055353],[-36.110395,-6.056779],[-36.111346,-6.058683],[-36.110871,-6.059634],[-36.108491,-6.06011],[-36.107302,-6.061777],[-36.101829,-6.061777],[-36.099925,-6.061062],[-36.093977,-6.055114],[-36.093976,-6.05321],[-36.095404,-6.052735],[-36.095879,-6.051783],[-36.090645,-6.047499],[-36.090169,-6.047499],[-36.090169,-6.051069],[-36.089455,-6.052021],[-36.088741,-6.052258],[-36.0866,-6.052259],[-36.084697,-6.05083],[-36.083745,-6.050593],[-36.081127,-6.051069],[-36.079938,-6.050593],[-36.078272,-6.048927],[-36.075893,-6.047976],[-36.073275,-6.047976],[-36.071609,-6.050117],[-36.069706,-6.050356],[-36.069705,-6.050831],[-36.070658,-6.052734],[-36.073275,-6.054401],[-36.07375,-6.057017],[-36.076606,-6.058683],[-36.077082,-6.059635],[-36.081841,-6.060587],[-36.083745,-6.060587],[-36.084934,-6.061063],[-36.08541,-6.062014],[-36.08541,-6.063441],[-36.084934,-6.063681],[-36.083269,-6.063681],[-36.080414,-6.062966],[-36.08089,-6.066535],[-36.080889,-6.068677],[-36.080413,-6.068915],[-36.078034,-6.065108],[-36.077082,-6.064393],[-36.071958,-6.063911],[-36.066613,-6.060586],[-36.064947,-6.057731],[-36.064251,-6.0575],[-36.063689,-6.055382],[-36.062529,-6.053526],[-36.061833,-6.049582],[-36.061368,-6.049117],[-36.059745,-6.048422],[-36.05116,-6.048653],[-36.049767,-6.049349],[-36.045126,-6.053526],[-36.044198,-6.056078],[-36.044198,-6.061879],[-36.044894,-6.064431],[-36.044894,-6.066752],[-36.046055,-6.073481],[-36.045591,-6.073945],[-36.043966,-6.073945],[-36.043039,-6.073017],[-36.040021,-6.066752],[-36.040254,-6.050974],[-36.039557,-6.049117],[-36.037933,-6.046797],[-36.037702,-6.039837],[-36.037005,-6.037747],[-36.035613,-6.035659],[-36.032597,-6.02893],[-36.027028,-6.025218],[-36.025868,-6.025218],[-36.021923,-6.027074],[-36.021227,-6.027074],[-36.0203,-6.025914],[-36.018907,-6.022201],[-36.017051,-6.019881],[-36.013106,-6.019185],[-36.009394,-6.019185],[-36.003593,-6.017794],[-36.0,-6.01566],[-35.999156,-6.014292],[-35.996791,-6.013896],[-35.994386,-6.0128],[-35.99065,-6.013371],[-35.987763,-6.012891],[-35.986659,-6.011642],[-35.985096,-6.011859],[-35.983637,-6.018333],[-35.983849,-6.021098],[-35.987924,-6.024704],[-35.991643,-6.029009],[-35.992412,-6.033399],[-35.993655,-6.035074],[-35.997906,-6.037806],[-35.999156,-6.039399],[-35.998117,-6.041654],[-35.990413,-6.048218],[-35.989332,-6.049573],[-35.987219,-6.048825],[-35.984535,-6.0488],[-35.978926,-6.046945],[-35.976553,-6.046684],[-35.97352,-6.045763],[-35.972494,-6.044593],[-35.967205,-6.0463],[-35.967273,-6.043128],[-35.964911,-6.039874],[-35.966372,-6.038516],[-35.96625,-6.037041],[-35.967632,-6.035677],[-35.966877,-6.034154],[-35.963522,-6.032283],[-35.963785,-6.031204],[-35.964965,-6.030493],[-35.964868,-6.029372],[-35.961747,-6.025154],[-35.955178,-6.019347],[-35.956253,-6.017857],[-35.956844,-6.017829],[-35.958747,-6.01994],[-35.961455,-6.020956],[-35.963569,-6.023077],[-35.966129,-6.022461],[-35.967743,-6.022808],[-35.969052,-6.021087],[-35.97185,-6.02031],[-35.973171,-6.018561],[-35.97661,-6.017503],[-35.977602,-6.008038],[-35.979327,-6.006638],[-35.976848,-6.002763],[-35.971512,-6.001103],[-35.971675,-6.000021],[-35.970491,-5.999333],[-35.963892,-5.99264],[-35.962871,-5.992564],[-35.961123,-5.990968],[-35.958768,-5.991014],[-35.955835,-5.989812],[-35.953966,-5.990656],[-35.953285,-5.991446],[-35.952584,-5.990914],[-35.952366,-5.988976],[-35.951078,-5.988051],[-35.951354,-5.986138],[-35.950579,-5.985199],[-35.951145,-5.98252],[-35.950251,-5.980953],[-35.952764,-5.980839],[-35.954127,-5.979259],[-35.954705,-5.977316],[-35.950047,-5.974511],[-35.952871,-5.968486],[-35.955311,-5.95965],[-35.957789,-5.953725],[-35.955769,-5.952519],[-35.951346,-5.952659],[-35.949868,-5.955304],[-35.940851,-5.95774],[-35.939862,-5.957255],[-35.937473,-5.954614],[-35.934159,-5.95471],[-35.932711,-5.955803],[-35.933354,-5.957767],[-35.933308,-5.95835],[-35.932744,-5.9586],[-35.932757,-5.95995],[-35.933732,-5.960609],[-35.934181,-5.962577],[-35.933792,-5.964424],[-35.932133,-5.963245],[-35.931204,-5.96429],[-35.931224,-5.96518],[-35.933496,-5.96619],[-35.933467,-5.968111],[-35.932738,-5.969497],[-35.933501,-5.970383],[-35.937767,-5.970702],[-35.942657,-5.970011],[-35.939896,-5.976036],[-35.939375,-5.976333],[-35.933898,-5.974517],[-35.932442,-5.976109],[-35.932063,-5.977839],[-35.92591,-5.979077],[-35.921962,-5.978902],[-35.920438,-5.977828],[-35.92022,-5.975889],[-35.918737,-5.975145],[-35.918137,-5.968241],[-35.922411,-5.964711],[-35.923429,-5.963242],[-35.922314,-5.961993],[-35.92204,-5.959211],[-35.920898,-5.958597],[-35.922563,-5.954605],[-35.923279,-5.949921],[-35.920982,-5.948401],[-35.909848,-5.942806],[-35.901964,-5.937653],[-35.898149,-5.935805],[-35.896208,-5.9353],[-35.893367,-5.935208],[-35.891597,-5.935676],[-35.887702,-5.939081],[-35.886663,-5.943234],[-35.888111,-5.945264],[-35.894188,-5.94668],[-35.896688,-5.947948],[-35.898751,-5.950024],[-35.902528,-5.950787],[-35.909326,-5.950934],[-35.917411,-5.952019],[-35.920901,-5.952123],[-35.920835,-5.953552],[-35.91742,-5.956584],[-35.913983,-5.957768],[-35.910707,-5.956923],[-35.908444,-5.955793],[-35.902196,-5.954965],[-35.897941,-5.955416],[-35.896279,-5.956205],[-35.896704,-5.960201],[-35.899705,-5.962947],[-35.901768,-5.963462],[-35.902446,-5.965661],[-35.905851,-5.967675],[-35.906511,-5.966098],[-35.90796,-5.965005],[-35.911312,-5.964895],[-35.912968,-5.967421],[-35.91199,-5.96954],[-35.906635,-5.976821],[-35.903683,-5.979767],[-35.904274,-5.981453],[-35.909885,-5.983103],[-35.916034,-5.981822],[-35.918003,-5.981969],[-35.921932,-5.983944],[-35.923523,-5.987305],[-35.927812,-5.989427],[-35.929043,-5.99108],[-35.932774,-5.990878],[-35.93535,-5.989629],[-35.943701,-5.988931],[-35.945482,-5.989905],[-35.944951,-5.991907],[-35.948673,-5.994946],[-35.949534,-5.996572],[-35.945927,-5.999905],[-35.945902,-6.001918],[-35.944992,-6.002676],[-35.94604,-6.006421],[-35.946341,-6.010296],[-35.9469,-6.011312],[-35.944823,-6.009817],[-35.943337,-6.009826],[-35.942013,-6.010928],[-35.940517,-6.011056],[-35.94099,-6.012891],[-35.94187,-6.014277],[-35.938293,-6.023489],[-35.937867,-6.027297],[-35.936617,-6.029002],[-35.935416,-6.028553],[-35.932767,-6.032315],[-35.934952,-6.032838],[-35.935501,-6.033719],[-35.93498,-6.037159],[-35.933835,-6.039113],[-35.932624,-6.043462],[-35.931184,-6.044435],[-35.929001,-6.044426],[-35.926824,-6.045982],[-35.929657,-6.051442],[-35.926774,-6.052493],[-35.925668,-6.05232],[-35.923376,-6.05414],[-35.923084,-6.055475],[-35.923855,-6.056346],[-35.927733,-6.05678],[-35.928017,-6.058043],[-35.925234,-6.057587],[-35.921355,-6.059657],[-35.92109,-6.061377],[-35.922021,-6.062564],[-35.920354,-6.064179],[-35.91913,-6.064234],[-35.918548,-6.063987],[-35.917918,-6.060084],[-35.914903,-6.05833],[-35.910112,-6.057278],[-35.907887,-6.052803],[-35.907482,-6.050687],[-35.904774,-6.050485],[-35.901857,-6.051102],[-35.900618,-6.054067],[-35.899532,-6.055097],[-35.89894,-6.057138],[-35.899345,-6.059253],[-35.899104,-6.060486],[-35.89759,-6.059678],[-35.897583,-6.062165],[-35.898402,-6.06172],[-35.902727,-6.061536],[-35.905962,-6.061904],[-35.907431,-6.063153],[-35.90695,-6.064257],[-35.905412,-6.065535],[-35.905362,-6.06781],[-35.909557,-6.067616],[-35.913981,-6.066174],[-35.915629,-6.066803],[-35.917206,-6.068314],[-35.918355,-6.068653],[-35.920622,-6.071354],[-35.920511,-6.074384],[-35.919533,-6.076843],[-35.916826,-6.078033],[-35.916636,-6.078778],[-35.916965,-6.081208],[-35.917853,-6.083174],[-35.919741,-6.084074],[-35.92095,-6.085303],[-35.92005,-6.086756],[-35.92028,-6.088798],[-35.921328,-6.090395],[-35.921708,-6.092196],[-35.922666,-6.09328],[-35.92279,-6.096443],[-35.92231,-6.096318],[-35.921752,-6.097167],[-35.922604,-6.098774],[-35.922918,-6.102537],[-35.923527,-6.103354],[-35.926009,-6.103717],[-35.927283,-6.1031],[-35.928497,-6.103249],[-35.929452,-6.10433],[-35.930768,-6.104725],[-35.931841,-6.103559],[-35.933677,-6.103577],[-35.936515,-6.104856],[-35.938431,-6.104643],[-35.939138,-6.104993],[-35.940965,-6.104357],[-35.941835,-6.104956],[-35.942932,-6.106581],[-35.943963,-6.106717],[-35.944984,-6.103113],[-35.946291,-6.100539],[-35.947564,-6.099921],[-35.949953,-6.099922],[-35.951124,-6.099059],[-35.952141,-6.099372],[-35.954182,-6.099109],[-35.954852,-6.099931],[-35.956417,-6.098741],[-35.958117,-6.098155],[-35.961045,-6.099086],[-35.963175,-6.102174],[-35.962513,-6.104129],[-35.963653,-6.105133],[-35.96354,-6.106568],[-35.962948,-6.10718],[-35.96123,-6.108365],[-35.958517,-6.108425],[-35.957253,-6.108988],[-35.957305,-6.110041],[-35.961654,-6.111546],[-35.963871,-6.110923],[-35.967112,-6.109327],[-35.971452,-6.109256],[-35.969878,-6.112027],[-35.969951,-6.112819],[-35.97315,-6.113451],[-35.976703,-6.113059],[-35.981705,-6.111462],[-35.984625,-6.108792],[-35.985267,-6.107528],[-35.986975,-6.106473],[-35.985536,-6.102429],[-35.984365,-6.101817],[-35.982791,-6.102384],[-35.982731,-6.103148],[-35.980555,-6.103083],[-35.978136,-6.103576],[-35.974792,-6.103231],[-35.973519,-6.103851],[-35.972275,-6.100669],[-35.9702,-6.099758],[-35.971384,-6.097954],[-35.965183,-6.093719],[-35.964046,-6.093555],[-35.964052,-6.094511],[-35.963593,-6.095113],[-35.962764,-6.094176],[-35.960188,-6.093224],[-35.953062,-6.09425],[-35.952471,-6.09341],[-35.949467,-6.092948],[-35.949229,-6.093885],[-35.947513,-6.093758],[-35.942297,-6.092174],[-35.940425,-6.09299],[-35.939206,-6.094891],[-35.937697,-6.096292],[-35.937817,-6.097893],[-35.936673,-6.097808],[-35.936145,-6.097212],[-35.936164,-6.095938],[-35.934203,-6.092687],[-35.934002,-6.091078],[-35.93487,-6.090506],[-35.936252,-6.090688],[-35.937113,-6.090195],[-35.936215,-6.088057],[-35.936089,-6.086535],[-35.93739,-6.085676],[-35.938716,-6.086572],[-35.940932,-6.085414],[-35.941441,-6.086735],[-35.940412,-6.089008],[-35.940783,-6.090549],[-35.941681,-6.090616],[-35.942549,-6.089007],[-35.941946,-6.084184],[-35.939294,-6.083429],[-35.937943,-6.083886],[-35.935718,-6.082923],[-35.93531,-6.083929],[-35.9358,-6.085],[-35.935178,-6.085591],[-35.933771,-6.08469],[-35.932759,-6.085013],[-35.931433,-6.086188],[-35.930156,-6.085974],[-35.92888,-6.083646],[-35.928981,-6.082966],[-35.930861,-6.083336],[-35.932204,-6.082667],[-35.932874,-6.081561],[-35.934431,-6.082182],[-35.935103,-6.081453],[-35.934117,-6.080188],[-35.935248,-6.079631],[-35.936842,-6.079796],[-35.9388,-6.080756],[-35.941135,-6.081314],[-35.943328,-6.08321],[-35.946495,-6.083732],[-35.950165,-6.083717],[-35.952227,-6.085216],[-35.953114,-6.085282],[-35.956109,-6.082526],[-35.957094,-6.082599],[-35.958141,-6.084407],[-35.960218,-6.085714],[-35.96134,-6.085318],[-35.963016,-6.085443],[-35.965859,-6.082098],[-35.9678,-6.082627],[-35.969074,-6.084067],[-35.96849,-6.086426],[-35.967694,-6.087712],[-35.97147,-6.090107],[-35.975921,-6.093994],[-35.977847,-6.094677],[-35.97836,-6.096665],[-35.980395,-6.096383],[-35.982369,-6.095446],[-35.983583,-6.094236],[-35.984523,-6.088022],[-35.983617,-6.086762],[-35.981369,-6.08692],[-35.97859,-6.09094],[-35.977427,-6.090095],[-35.977265,-6.086507],[-35.972083,-6.082763],[-35.971604,-6.081751],[-35.970408,-6.081337],[-35.969065,-6.079938],[-35.963508,-6.078115],[-35.961884,-6.076044],[-35.961158,-6.076749],[-35.958636,-6.076127],[-35.957482,-6.075174],[-35.95425,-6.075042],[-35.951036,-6.077512],[-35.949369,-6.077387],[-35.945847,-6.072466],[-35.94436,-6.071488],[-35.943163,-6.072483],[-35.943308,-6.073469],[-35.941709,-6.0753],[-35.940513,-6.074885],[-35.939701,-6.07385],[-35.939914,-6.072566],[-35.940982,-6.071778],[-35.941,-6.070154],[-35.937554,-6.06708],[-35.938913,-6.065189],[-35.939695,-6.065316],[-35.943393,-6.064057],[-35.947443,-6.061987],[-35.952892,-6.062253],[-35.955985,-6.063182],[-35.95714,-6.064942],[-35.952067,-6.069029],[-35.953695,-6.070266],[-35.959882,-6.072121],[-35.973707,-6.072034],[-35.976184,-6.073473],[-35.978474,-6.077271],[-35.981512,-6.078893],[-35.984639,-6.083032],[-35.986907,-6.083479],[-35.988491,-6.081643],[-35.99186,-6.082731],[-35.994667,-6.081823],[-35.994986,-6.079615],[-35.991935,-6.072691],[-35.993619,-6.071421],[-35.995513,-6.072957],[-35.996768,-6.073469],[-35.99832,-6.073863],[-36.000588,-6.07371],[-36.001618,-6.077914],[-36.004711,-6.080293],[-36.006615,-6.081245],[-36.011374,-6.081482],[-36.013039,-6.080292],[-36.015418,-6.079341],[-36.017321,-6.079341],[-36.01875,-6.080055],[-36.01875,-6.081482],[-36.018036,-6.08291],[-36.018037,-6.084338],[-36.016608,-6.086717],[-36.016608,-6.090684],[-36.018743,-6.092364],[-36.021955,-6.091935],[-36.023669,-6.088723],[-36.022955,-6.086867],[-36.021741,-6.085225],[-36.021884,-6.083583],[-36.023092,-6.080203],[-36.022414,-6.078977],[-36.022978,-6.077704],[-36.021992,-6.075601],[-36.023561,-6.075382],[-36.023863,-6.073455],[-36.024862,-6.072133],[-36.025089,-6.070971],[-36.02679,-6.072295],[-36.028758,-6.072696],[-36.030231,-6.070993],[-36.031778,-6.07149],[-36.034104,-6.074349],[-36.035159,-6.074132],[-36.035688,-6.073583],[-36.035444,-6.075982],[-36.036369,-6.0766],[-36.039659,-6.081775],[-36.045465,-6.086248],[-36.048861,-6.090116],[-36.052491,-6.091433],[-36.062029,-6.091596],[-36.063837,-6.093229],[-36.066805,-6.091006],[-36.073201,-6.09063],[-36.076587,-6.08809],[-36.076868,-6.086116],[-36.076117,-6.085363],[-36.072825,-6.085833],[-36.071226,-6.08715],[-36.069062,-6.087715],[-36.066994,-6.087715],[-36.065301,-6.086586],[-36.063795,-6.083858],[-36.062949,-6.083293],[-36.062009,-6.08367],[-36.061068,-6.085552],[-36.060973,-6.086586],[-36.058434,-6.090065],[-36.058152,-6.0911],[-36.057399,-6.090347],[-36.057212,-6.087243],[-36.059092,-6.082353],[-36.059752,-6.081412],[-36.062573,-6.080096],[-36.065112,-6.078215],[-36.067088,-6.075581],[-36.066805,-6.073605],[-36.061149,-6.071544],[-36.061378,-6.069867],[-36.059474,-6.0682],[-36.058761,-6.062966],[-36.05757,-6.061301],[-36.057809,-6.060349],[-36.060189,-6.060111],[-36.061853,-6.060824],[-36.063757,-6.063918],[-36.063995,-6.066773],[-36.067089,-6.0682],[-36.068278,-6.070105],[-36.068277,-6.071056],[-36.069231,-6.072722],[-36.07042,-6.073674],[-36.077558,-6.074149],[-36.078986,-6.075338],[-36.079938,-6.076767],[-36.083983,-6.078908],[-36.087789,-6.080336],[-36.088742,-6.081288],[-36.088742,-6.083905],[-36.088266,-6.085808],[-36.089348,-6.086945],[-36.089379,-6.088843],[-36.091824,-6.090912],[-36.095869,-6.092041],[-36.100597,-6.094854],[-36.100639,-6.095564],[-36.101829,-6.096278],[-36.102305,-6.097231],[-36.102067,-6.100085],[-36.107402,-6.100287],[-36.11025,-6.102363],[-36.112659,-6.105024],[-36.114613,-6.106238],[-36.1158,-6.104186],[-36.116473,-6.1042],[-36.11728,-6.103053],[-36.119034,-6.102085],[-36.117719,-6.099212],[-36.116304,-6.097789],[-36.117557,-6.096083],[-36.117717,-6.095577],[-36.117146,-6.09487],[-36.118835,-6.091006],[-36.121022,-6.089452],[-36.121002,-6.088559],[-36.122625,-6.088233],[-36.123096,-6.088475],[-36.125664,-6.091519],[-36.12668,-6.091498],[-36.127105,-6.090852],[-36.128031,-6.091168],[-36.129588,-6.090601],[-36.131329,-6.091167],[-36.133365,-6.092646],[-36.135582,-6.091715],[-36.136769,-6.091908],[-36.138497,-6.093042],[-36.139362,-6.095248],[-36.139895,-6.095597],[-36.140664,-6.0954],[-36.140834,-6.096315],[-36.142524,-6.096282],[-36.144237,-6.097398],[-36.152911,-6.105367],[-36.156679,-6.107776],[-36.157613,-6.109071],[-36.159128,-6.106742],[-36.162376,-6.108109],[-36.163002,-6.110091],[-36.164155,-6.10964],[-36.164293,-6.11134],[-36.16575,-6.113301],[-36.165879,-6.115082],[-36.168486,-6.117119],[-36.168915,-6.117327],[-36.169476,-6.116947],[-36.16962,-6.116208],[-36.171213,-6.117801],[-36.172814,-6.118493],[-36.172904,-6.121757],[-36.173105,-6.12254],[-36.173656,-6.122902],[-36.17816,-6.123802],[-36.182115,-6.126343],[-36.183124,-6.125907],[-36.184258,-6.126976],[-36.185146,-6.126408],[-36.185625,-6.126772],[-36.187287,-6.126738],[-36.18841,-6.127427],[-36.190017,-6.12934],[-36.192991,-6.131244],[-36.201565,-6.130928],[-36.202484,-6.132645],[-36.203861,-6.132078],[-36.205868,-6.133006],[-36.209031,-6.133339],[-36.20953,-6.133098],[-36.210756,-6.133621],[-36.211489,-6.133177],[-36.21202,-6.133435],[-36.212948,-6.132942],[-36.21342,-6.133186],[-36.214043,-6.132526],[-36.215858,-6.133775],[-36.2162,-6.134915],[-36.216817,-6.135065],[-36.219455,-6.142559],[-36.223033,-6.144319],[-36.22496,-6.148173],[-36.225103,-6.155098],[-36.227173,-6.158096],[-36.227673,-6.162664],[-36.226102,-6.164092],[-36.223446,-6.165072],[-36.223111,-6.166427],[-36.223562,-6.167559],[-36.223105,-6.170347],[-36.223457,-6.171759],[-36.224344,-6.173133],[-36.225595,-6.173432],[-36.227643,-6.174663],[-36.228952,-6.180451],[-36.233306,-6.185091],[-36.235106,-6.189286],[-36.237161,-6.191373],[-36.243194,-6.191371],[-36.249746,-6.178878],[-36.251673,-6.177724],[-36.254557,-6.177463],[-36.254156,-6.174076],[-36.256594,-6.174058],[-36.259375,-6.172649],[-36.260993,-6.171338],[-36.263066,-6.173133],[-36.264489,-6.173453],[-36.265151,-6.175482],[-36.266813,-6.17648],[-36.267048,-6.177221],[-36.266676,-6.177956],[-36.271922,-6.178133],[-36.272687,-6.178659],[-36.273673,-6.180485],[-36.274407,-6.180832],[-36.277195,-6.179767],[-36.280024,-6.179634],[-36.281146,-6.180277],[-36.284291,-6.18025],[-36.285549,-6.179217],[-36.286946,-6.178983],[-36.288531,-6.180004],[-36.290084,-6.179836],[-36.290793,-6.180211],[-36.292154,-6.178843],[-36.291559,-6.17727],[-36.291917,-6.176939],[-36.291865,-6.175619],[-36.29294,-6.175255],[-36.294716,-6.175608],[-36.295426,-6.175136],[-36.295388,-6.174185],[-36.294951,-6.17354],[-36.294327,-6.174563],[-36.293137,-6.174801],[-36.292185,-6.173135],[-36.291947,-6.1679],[-36.290045,-6.167662],[-36.288378,-6.164331],[-36.286,-6.164807],[-36.285047,-6.16671],[-36.284571,-6.166948],[-36.284096,-6.166949],[-36.282906,-6.164806],[-36.282906,-6.161951],[-36.285285,-6.159334],[-36.285999,-6.157669],[-36.285999,-6.155527],[-36.28457,-6.15291],[-36.284572,-6.151958],[-36.285999,-6.151721],[-36.286237,-6.152196],[-36.28814,-6.152196],[-36.288378,-6.15172],[-36.288141,-6.151006],[-36.286237,-6.149816],[-36.285761,-6.148865],[-36.285999,-6.1472],[-36.287664,-6.145534],[-36.287902,-6.143392],[-36.285524,-6.139822],[-36.285761,-6.138157],[-36.287189,-6.137205],[-36.294805,-6.137387],[-36.295404,-6.13581],[-36.296623,-6.135115],[-36.29709,-6.134173],[-36.298136,-6.133768],[-36.299021,-6.131411],[-36.301419,-6.128906],[-36.300946,-6.127866],[-36.299584,-6.127073],[-36.29939,-6.124781],[-36.300978,-6.12367],[-36.303274,-6.120124],[-36.302411,-6.118337],[-36.30259,-6.117654],[-36.30204,-6.116936],[-36.301881,-6.115607],[-36.302214,-6.114625],[-36.303036,-6.11354],[-36.304749,-6.113655],[-36.30526,-6.113303],[-36.307648,-6.115194],[-36.309463,-6.115014],[-36.311454,-6.116495],[-36.311953,-6.115869],[-36.312992,-6.115534],[-36.313419,-6.116438],[-36.314687,-6.11706],[-36.317344,-6.11576],[-36.317677,-6.116763],[-36.321804,-6.116026],[-36.321253,-6.11422],[-36.323983,-6.113374],[-36.324108,-6.11195],[-36.325524,-6.111594],[-36.32893,-6.109361],[-36.328408,-6.108877],[-36.328154,-6.106913],[-36.328618,-6.106012],[-36.328287,-6.104958],[-36.328858,-6.103509],[-36.332921,-6.103409],[-36.335319,-6.101386],[-36.338061,-6.100569],[-36.3396,-6.098908],[-36.346475,-6.096562],[-36.349769,-6.092947],[-36.350958,-6.090568],[-36.350482,-6.088664],[-36.348341,-6.088665],[-36.346438,-6.089616],[-36.345723,-6.087475],[-36.345961,-6.08343],[-36.348341,-6.083429],[-36.35191,-6.084619],[-36.353813,-6.084857],[-36.356193,-6.084144],[-36.359591,-6.082103],[-36.361043,-6.082654],[-36.362379,-6.082478],[-36.368566,-6.078432],[-36.368805,-6.073911],[-36.366187,-6.06939],[-36.365473,-6.065345],[-36.364759,-6.064632],[-36.359524,-6.061776],[-36.354527,-6.061776],[-36.350245,-6.062252],[-36.349531,-6.061538],[-36.348579,-6.055352],[-36.346437,-6.051307],[-36.345961,-6.051069],[-36.345485,-6.051544],[-36.346199,-6.054162],[-36.345961,-6.056304],[-36.344058,-6.056303],[-36.341916,-6.055113],[-36.340726,-6.052259],[-36.33692,-6.047737],[-36.336919,-6.045119],[-36.340726,-6.0406],[-36.341678,-6.038219],[-36.341678,-6.036793],[-36.339536,-6.032985],[-36.337633,-6.031795],[-36.332398,-6.032034],[-36.332398,-6.033936],[-36.333587,-6.036078],[-36.333589,-6.037506],[-36.332637,-6.037743],[-36.330733,-6.036316],[-36.330257,-6.031319],[-36.333112,-6.029416],[-36.33335,-6.026561],[-36.330971,-6.023229],[-36.330494,-6.021088],[-36.33335,-6.019423],[-36.335491,-6.019422],[-36.336444,-6.019661],[-36.337158,-6.020374],[-36.339061,-6.022991],[-36.34025,-6.023705],[-36.34144,-6.023705],[-36.343106,-6.021564],[-36.343344,-6.019898],[-36.342392,-6.018946],[-36.34144,-6.018708],[-36.340488,-6.017756],[-36.340488,-6.01728],[-36.348817,-6.017043],[-36.35072,-6.015377],[-36.353099,-6.015139],[-36.353337,-6.011332],[-36.352862,-6.010856],[-36.348342,-6.010856],[-36.340013,-6.007049],[-36.336443,-6.004432],[-36.332111,-6.0],[-36.330019,-6.0],[-36.330019,-6.001338],[-36.328115,-6.002528],[-36.325022,-6.002765],[-36.322378,-6.001195],[-36.320192,-5.998547],[-36.317227,-5.998265],[-36.316885,-5.995672],[-36.313409,-5.990611],[-36.314355,-5.988048],[-36.315609,-5.986756],[-36.31432,-5.985873],[-36.312562,-5.986665],[-36.31193,-5.987805],[-36.312685,-5.98944],[-36.31218,-5.991576],[-36.310736,-5.994434],[-36.310784,-5.995556],[-36.308865,-5.996667],[-36.308232,-5.996094],[-36.307973,-5.994166],[-36.311123,-5.989458],[-36.311033,-5.988858],[-36.310026,-5.988719],[-36.309662,-5.988165],[-36.310748,-5.985546],[-36.309379,-5.980441],[-36.307961,-5.979482],[-36.30822,-5.978775],[-36.309154,-5.978976],[-36.310258,-5.977872],[-36.314033,-5.978213],[-36.316648,-5.977746],[-36.318841,-5.978366],[-36.32009,-5.98063],[-36.321743,-5.981212],[-36.322926,-5.980837],[-36.324534,-5.981087],[-36.325819,-5.982036],[-36.327687,-5.98158],[-36.328966,-5.982595],[-36.329994,-5.982473],[-36.32953,-5.981451],[-36.33003,-5.979381],[-36.329964,-5.976742],[-36.325441,-5.976412],[-36.324538,-5.975819],[-36.325206,-5.975078],[-36.325902,-5.972233],[-36.330979,-5.972404],[-36.331148,-5.9711],[-36.331666,-5.970545],[-36.331531,-5.969218],[-36.330632,-5.96856],[-36.328117,-5.969497],[-36.326177,-5.970869],[-36.325497,-5.970886],[-36.325428,-5.970024],[-36.325987,-5.968946],[-36.324777,-5.968791],[-36.324351,-5.968168],[-36.325344,-5.968043],[-36.325701,-5.96695],[-36.326587,-5.966027],[-36.326772,-5.964526],[-36.325448,-5.9641],[-36.322985,-5.964777],[-36.321704,-5.965539],[-36.318652,-5.965514],[-36.317841,-5.964599],[-36.316082,-5.965391],[-36.315172,-5.964865],[-36.316547,-5.96378],[-36.309877,-5.963161],[-36.307358,-5.962384],[-36.301283,-5.961941],[-36.298876,-5.962357],[-36.296412,-5.963494],[-36.295209,-5.964987],[-36.295502,-5.966456],[-36.306871,-5.966892],[-36.307897,-5.968547],[-36.308047,-5.971849],[-36.305877,-5.971823],[-36.30486,-5.972671],[-36.305006,-5.976039],[-36.304189,-5.977823],[-36.30074,-5.976781],[-36.297502,-5.9774],[-36.296322,-5.976853],[-36.295074,-5.974589],[-36.292093,-5.974503],[-36.288556,-5.972861],[-36.285636,-5.967644],[-36.284057,-5.967003],[-36.279918,-5.96874],[-36.277664,-5.968049],[-36.283104,-5.965286],[-36.280971,-5.964801],[-36.280555,-5.964047],[-36.279812,-5.963993],[-36.280885,-5.962425],[-36.279866,-5.961561],[-36.281282,-5.960807],[-36.281401,-5.960159],[-36.282401,-5.959507],[-36.283683,-5.959601],[-36.283443,-5.958332],[-36.284085,-5.957062],[-36.28402,-5.956136],[-36.283298,-5.955819],[-36.281658,-5.955962],[-36.276438,-5.960255],[-36.274834,-5.95994],[-36.271897,-5.957552],[-36.270817,-5.957473],[-36.270734,-5.956809],[-36.271548,-5.955946],[-36.273425,-5.955359],[-36.274949,-5.954088],[-36.274896,-5.95303],[-36.272651,-5.950497],[-36.270327,-5.952433],[-36.268682,-5.952642],[-36.268271,-5.951822],[-36.268461,-5.9494],[-36.268952,-5.948316],[-36.270227,-5.946763],[-36.271239,-5.946838],[-36.271949,-5.946429],[-36.269788,-5.941925],[-36.269077,-5.941478],[-36.269121,-5.940033],[-36.267777,-5.939012],[-36.267696,-5.937426],[-36.268541,-5.937027],[-36.269383,-5.93755],[-36.270134,-5.936617],[-36.2698,-5.934815],[-36.271206,-5.934193],[-36.271959,-5.934973],[-36.275255,-5.935346],[-36.277555,-5.936305],[-36.278099,-5.935422],[-36.277547,-5.933803],[-36.276024,-5.932439],[-36.275012,-5.932365],[-36.273801,-5.931355],[-36.271388,-5.930981],[-36.270309,-5.931758],[-36.27015,-5.932931],[-36.269445,-5.934131],[-36.268827,-5.933361],[-36.266622,-5.933792],[-36.264991,-5.936439],[-36.263829,-5.93655],[-36.261207,-5.932737],[-36.261081,-5.93174],[-36.26041,-5.930769],[-36.258412,-5.930294],[-36.258197,-5.928697],[-36.259432,-5.928525],[-36.257162,-5.927173],[-36.25455,-5.930209],[-36.256264,-5.93086],[-36.258231,-5.934363],[-36.259119,-5.935152],[-36.258155,-5.937056],[-36.25646,-5.93792],[-36.255505,-5.93798],[-36.253652,-5.933895],[-36.252409,-5.93242],[-36.251802,-5.932376],[-36.251228,-5.930161],[-36.250018,-5.930006],[-36.249889,-5.930787],[-36.248332,-5.93074],[-36.246404,-5.929347],[-36.24502,-5.927072],[-36.243027,-5.925675],[-36.242746,-5.92493],[-36.242962,-5.923893],[-36.244269,-5.923659],[-36.244919,-5.924036],[-36.246771,-5.922921],[-36.248467,-5.922913],[-36.250713,-5.921959],[-36.252464,-5.920375],[-36.252826,-5.918362],[-36.252483,-5.917547],[-36.251558,-5.917215],[-36.250189,-5.917379],[-36.24619,-5.91906],[-36.244747,-5.919284],[-36.243573,-5.918671],[-36.240819,-5.915703],[-36.239934,-5.913992],[-36.240317,-5.913428],[-36.240131,-5.909726],[-36.240695,-5.908583],[-36.242702,-5.907216],[-36.245397,-5.908335],[-36.245988,-5.90772],[-36.246662,-5.907769],[-36.247214,-5.908533],[-36.248957,-5.908794],[-36.248943,-5.909847],[-36.250085,-5.909995],[-36.252284,-5.908774],[-36.252133,-5.908104],[-36.253346,-5.907337],[-36.254111,-5.908842],[-36.254937,-5.909561],[-36.254824,-5.910146],[-36.256656,-5.910148],[-36.256776,-5.911211],[-36.257493,-5.911592],[-36.258188,-5.91138],[-36.258576,-5.91075],[-36.258562,-5.907456],[-36.257974,-5.906293],[-36.258435,-5.905604],[-36.259686,-5.906089],[-36.262934,-5.909686],[-36.266738,-5.909635],[-36.26641,-5.908625],[-36.267629,-5.908648],[-36.270763,-5.911972],[-36.272471,-5.911834],[-36.273471,-5.911182],[-36.275626,-5.912262],[-36.277853,-5.915915],[-36.277927,-5.916711],[-36.279141,-5.9168],[-36.278443,-5.917934],[-36.277264,-5.917386],[-36.276163,-5.917569],[-36.270712,-5.919607],[-36.268907,-5.916643],[-36.266758,-5.916354],[-36.264632,-5.917515],[-36.264043,-5.918986],[-36.264163,-5.920049],[-36.265812,-5.923264],[-36.267402,-5.923776],[-36.267679,-5.925443],[-36.267381,-5.927527],[-36.268544,-5.928271],[-36.268722,-5.92947],[-36.269583,-5.928874],[-36.268575,-5.927878],[-36.269015,-5.927451],[-36.270729,-5.928102],[-36.272966,-5.928135],[-36.273399,-5.92606],[-36.27487,-5.924587],[-36.275622,-5.92451],[-36.276903,-5.926381],[-36.281211,-5.926828],[-36.280419,-5.929141],[-36.284159,-5.930797],[-36.28185,-5.931682],[-36.282044,-5.932683],[-36.282756,-5.933132],[-36.282165,-5.933746],[-36.282745,-5.936752],[-36.283213,-5.936851],[-36.28314,-5.939546],[-36.284069,-5.939812],[-36.284475,-5.940697],[-36.284227,-5.942127],[-36.285167,-5.942262],[-36.285804,-5.941057],[-36.286634,-5.940855],[-36.286901,-5.941796],[-36.286842,-5.944294],[-36.286014,-5.946209],[-36.28681,-5.94732],[-36.285801,-5.949815],[-36.287457,-5.949475],[-36.28932,-5.94994],[-36.290304,-5.951264],[-36.291518,-5.954841],[-36.291365,-5.955949],[-36.29036,-5.957521],[-36.290435,-5.959173],[-36.291267,-5.959826],[-36.292453,-5.95853],[-36.292976,-5.95791],[-36.292708,-5.955257],[-36.294233,-5.954842],[-36.294888,-5.955153],[-36.294824,-5.957716],[-36.295283,-5.958803],[-36.29722,-5.959209],[-36.298091,-5.954992],[-36.296938,-5.951485],[-36.297834,-5.950431],[-36.297762,-5.947001],[-36.301191,-5.945672],[-36.302077,-5.94475],[-36.303438,-5.941867],[-36.30302,-5.939829],[-36.302707,-5.939476],[-36.301713,-5.939601],[-36.301583,-5.938669],[-36.301043,-5.939058],[-36.299959,-5.937728],[-36.299794,-5.936794],[-36.301373,-5.936119],[-36.301395,-5.935397],[-36.300588,-5.934449],[-36.300389,-5.933513],[-36.300556,-5.93224],[-36.301032,-5.931781],[-36.302541,-5.932879],[-36.303302,-5.933133],[-36.303868,-5.932845],[-36.304676,-5.933793],[-36.305867,-5.933748],[-36.305959,-5.934314],[-36.305563,-5.934614],[-36.306196,-5.935188],[-36.306299,-5.936479],[-36.30716,-5.9372],[-36.308485,-5.936309],[-36.309012,-5.935196],[-36.307263,-5.933257],[-36.308252,-5.930563],[-36.310231,-5.929984],[-36.311208,-5.930517],[-36.31043,-5.930921],[-36.309071,-5.932698],[-36.309256,-5.934225],[-36.309806,-5.935023],[-36.312035,-5.935153],[-36.313422,-5.934333],[-36.313584,-5.933127],[-36.315984,-5.931491],[-36.317667,-5.93168],[-36.318927,-5.931179],[-36.320326,-5.93329],[-36.320138,-5.933969],[-36.320822,-5.935203],[-36.322087,-5.936597],[-36.324249,-5.93761],[-36.323925,-5.93934],[-36.324959,-5.940008],[-36.325285,-5.942624],[-36.328329,-5.944493],[-36.329645,-5.943271],[-36.330038,-5.94172],[-36.329185,-5.940473],[-36.328691,-5.937211],[-36.327704,-5.936809],[-36.328026,-5.939664],[-36.327238,-5.940199],[-36.325617,-5.939224],[-36.325319,-5.935186],[-36.324543,-5.933813],[-36.323526,-5.933804],[-36.322829,-5.933161],[-36.323103,-5.932259],[-36.322323,-5.931807],[-36.321984,-5.930118],[-36.320098,-5.929867],[-36.31921,-5.929077],[-36.318343,-5.928882],[-36.317547,-5.92777],[-36.318267,-5.927231],[-36.319862,-5.927676],[-36.321232,-5.927513],[-36.321905,-5.926706],[-36.321772,-5.924062],[-36.319761,-5.920228],[-36.319401,-5.918753],[-36.319789,-5.918123],[-36.320879,-5.918071],[-36.32176,-5.917213],[-36.321315,-5.915074],[-36.320691,-5.91437],[-36.319996,-5.914581],[-36.318789,-5.91614],[-36.31801,-5.915688],[-36.317257,-5.915765],[-36.316622,-5.914336],[-36.315124,-5.91528],[-36.313679,-5.914648],[-36.312894,-5.916039],[-36.31228,-5.91606],[-36.311123,-5.914395],[-36.308963,-5.914237],[-36.310742,-5.916673],[-36.310131,-5.917549],[-36.308808,-5.917979],[-36.307617,-5.919341],[-36.308102,-5.920957],[-36.307317,-5.923204],[-36.308682,-5.926597],[-36.308492,-5.928163],[-36.307175,-5.928527],[-36.306223,-5.927668],[-36.304359,-5.923712],[-36.302637,-5.921413],[-36.302261,-5.919278],[-36.301059,-5.917282],[-36.299402,-5.916766],[-36.298513,-5.915976],[-36.298189,-5.913878],[-36.29908,-5.913055],[-36.299052,-5.911669],[-36.298522,-5.910642],[-36.297845,-5.909737],[-36.296148,-5.909745],[-36.294327,-5.906977],[-36.294867,-5.903527],[-36.296564,-5.903519],[-36.297283,-5.90647],[-36.297942,-5.906715],[-36.29914,-5.906144],[-36.30053,-5.902229],[-36.301649,-5.900928],[-36.300562,-5.900057],[-36.300224,-5.899177],[-36.301167,-5.89839],[-36.300684,-5.897631],[-36.301236,-5.895762],[-36.300905,-5.893037],[-36.301224,-5.891546],[-36.302924,-5.88976],[-36.305383,-5.889545],[-36.305239,-5.890523],[-36.304156,-5.891366],[-36.303268,-5.891432],[-36.302805,-5.893045],[-36.304203,-5.895122],[-36.304273,-5.89684],[-36.303411,-5.900069],[-36.303948,-5.90103],[-36.306456,-5.898448],[-36.307223,-5.898174],[-36.306852,-5.899464],[-36.305665,-5.90076],[-36.305797,-5.901692],[-36.304143,-5.902888],[-36.305676,-5.90412],[-36.305827,-5.904789],[-36.304563,-5.906212],[-36.305992,-5.90704],[-36.306804,-5.905322],[-36.307498,-5.905109],[-36.308125,-5.904035],[-36.30904,-5.904497],[-36.310486,-5.904207],[-36.310688,-5.904961],[-36.309718,-5.906259],[-36.311315,-5.905783],[-36.311925,-5.904906],[-36.312828,-5.904643],[-36.312951,-5.906561],[-36.317009,-5.90936],[-36.317265,-5.907798],[-36.315372,-5.905092],[-36.314843,-5.902287],[-36.31626,-5.902391],[-36.319001,-5.903777],[-36.318403,-5.906235],[-36.319271,-5.907287],[-36.319104,-5.909447],[-36.319635,-5.910474],[-36.322381,-5.910938],[-36.326021,-5.909488],[-36.328144,-5.909247],[-36.327509,-5.907822],[-36.327574,-5.906115],[-36.326373,-5.904974],[-36.323488,-5.905422],[-36.321983,-5.902941],[-36.321629,-5.901401],[-36.323308,-5.899877],[-36.325787,-5.899399],[-36.329712,-5.90041],[-36.330206,-5.901039],[-36.329163,-5.903992],[-36.329754,-5.906867],[-36.330435,-5.907706],[-36.331224,-5.907171],[-36.331758,-5.907276],[-36.332799,-5.908736],[-36.332801,-5.910444],[-36.332041,-5.912363],[-36.331249,-5.912964],[-36.328818,-5.911931],[-36.325304,-5.91174],[-36.323392,-5.913642],[-36.3234,-5.918779],[-36.324435,-5.920303],[-36.323854,-5.923422],[-36.324613,-5.924135],[-36.326463,-5.922163],[-36.32672,-5.920602],[-36.328297,-5.920388],[-36.332445,-5.917661],[-36.333602,-5.917614],[-36.333779,-5.9171],[-36.334332,-5.916943],[-36.33433,-5.915231],[-36.33561,-5.914468],[-36.335167,-5.913184],[-36.334545,-5.913337],[-36.333829,-5.912955],[-36.333427,-5.912004],[-36.333684,-5.910442],[-36.334721,-5.910189],[-36.33569,-5.909078],[-36.334639,-5.90775],[-36.333969,-5.904145],[-36.33521,-5.903452],[-36.33546,-5.902585],[-36.333798,-5.901541],[-36.333556,-5.902061],[-36.332847,-5.902107],[-36.332312,-5.899918],[-36.332912,-5.899327],[-36.333462,-5.899814],[-36.332225,-5.895799],[-36.333058,-5.894134],[-36.333033,-5.893064],[-36.331518,-5.890403],[-36.333629,-5.887915],[-36.332428,-5.885757],[-36.331548,-5.884912],[-36.330774,-5.884766],[-36.330614,-5.883292],[-36.330978,-5.882585],[-36.330306,-5.881611],[-36.330322,-5.880286],[-36.331111,-5.879021],[-36.330502,-5.879033],[-36.329749,-5.876303],[-36.328729,-5.874928],[-36.329804,-5.873755],[-36.329735,-5.873108],[-36.328122,-5.872007],[-36.326899,-5.869037],[-36.325903,-5.869076],[-36.324882,-5.868152],[-36.324646,-5.865654],[-36.319676,-5.866094],[-36.31695,-5.865092],[-36.31695,-5.869945],[-36.316198,-5.871029],[-36.316104,-5.871937],[-36.317352,-5.872685],[-36.317615,-5.873642],[-36.319063,-5.875325],[-36.319278,-5.880542],[-36.317995,-5.882138],[-36.314817,-5.882914],[-36.313481,-5.883942],[-36.312642,-5.883553],[-36.312085,-5.881659],[-36.312632,-5.878064],[-36.311277,-5.876838],[-36.310913,-5.874348],[-36.309137,-5.872952],[-36.305865,-5.87276],[-36.304489,-5.871815],[-36.303734,-5.870352],[-36.298431,-5.869542],[-36.296973,-5.87028],[-36.295555,-5.870191],[-36.294716,-5.871334],[-36.292312,-5.870242],[-36.290915,-5.870494],[-36.290219,-5.870114],[-36.290328,-5.868856],[-36.290912,-5.867854],[-36.291631,-5.867474],[-36.293225,-5.867519],[-36.293398,-5.867156],[-36.293289,-5.866403],[-36.292301,-5.865106],[-36.290231,-5.863585],[-36.287395,-5.863574],[-36.286456,-5.864443],[-36.284502,-5.863937],[-36.283667,-5.862868],[-36.281665,-5.862637],[-36.281928,-5.864711],[-36.283321,-5.86608],[-36.28336,-5.866504],[-36.282642,-5.866885],[-36.283424,-5.868631],[-36.285516,-5.871553],[-36.287828,-5.872284],[-36.288165,-5.872919],[-36.288186,-5.874989],[-36.288894,-5.875036],[-36.290712,-5.877393],[-36.290473,-5.877866],[-36.287621,-5.877863],[-36.286306,-5.876814],[-36.284522,-5.873583],[-36.282617,-5.873104],[-36.281192,-5.870725],[-36.279288,-5.870013],[-36.278109,-5.867825],[-36.277163,-5.867436],[-36.276894,-5.866129],[-36.276171,-5.866049],[-36.273928,-5.86711],[-36.272938,-5.867193],[-36.271305,-5.868298],[-36.271136,-5.869847],[-36.27023,-5.870206],[-36.270861,-5.872508],[-36.272371,-5.87403],[-36.27587,-5.879096],[-36.277039,-5.882018],[-36.277594,-5.882644],[-36.279535,-5.882075],[-36.280385,-5.882221],[-36.281659,-5.883026],[-36.282514,-5.884218],[-36.28227,-5.88602],[-36.280877,-5.887529],[-36.280714,-5.889049],[-36.281594,-5.889538],[-36.282049,-5.890875],[-36.282447,-5.89613],[-36.283228,-5.897722],[-36.282854,-5.898567],[-36.282862,-5.900951],[-36.283331,-5.903565],[-36.284194,-5.905625],[-36.284052,-5.914514],[-36.286424,-5.919748],[-36.287537,-5.920298],[-36.287773,-5.921024],[-36.287428,-5.922323],[-36.285759,-5.922502],[-36.285237,-5.920456],[-36.28229,-5.915041],[-36.282141,-5.908797],[-36.279515,-5.90812],[-36.279137,-5.907336],[-36.280955,-5.905944],[-36.280034,-5.904179],[-36.280001,-5.899072],[-36.278237,-5.892104],[-36.27658,-5.890685],[-36.274991,-5.888394],[-36.275719,-5.88738],[-36.27548,-5.885006],[-36.274056,-5.881198],[-36.273556,-5.878583],[-36.267985,-5.870483],[-36.265966,-5.868823],[-36.266024,-5.866254],[-36.264772,-5.863586],[-36.265061,-5.862449],[-36.264878,-5.861766],[-36.264108,-5.861145],[-36.263349,-5.858832],[-36.263342,-5.853833],[-36.262396,-5.852407],[-36.26075,-5.851971],[-36.259958,-5.851348],[-36.259996,-5.850881],[-36.261509,-5.850249],[-36.261619,-5.849652],[-36.256973,-5.841663],[-36.256923,-5.840656],[-36.257659,-5.840041],[-36.258464,-5.840768],[-36.258917,-5.84214],[-36.260324,-5.844001],[-36.261556,-5.847563],[-36.263182,-5.848814],[-36.263671,-5.849862],[-36.26465,-5.849884],[-36.265118,-5.850504],[-36.265437,-5.852494],[-36.265969,-5.853411],[-36.26599,-5.855152],[-36.267628,-5.856217],[-36.269053,-5.858116],[-36.26977,-5.859543],[-36.26977,-5.860971],[-36.270601,-5.861447],[-36.271847,-5.861497],[-36.272428,-5.862335],[-36.274631,-5.861157],[-36.274528,-5.858589],[-36.274899,-5.857912],[-36.276861,-5.856734],[-36.27964,-5.853733],[-36.279936,-5.851685],[-36.27878,-5.848864],[-36.278318,-5.848629],[-36.278346,-5.846495],[-36.280184,-5.844961],[-36.283203,-5.845048],[-36.283974,-5.846641],[-36.28502,-5.846449],[-36.285224,-5.845596],[-36.2867,-5.844302],[-36.290498,-5.844981],[-36.291041,-5.845955],[-36.291075,-5.848161],[-36.290571,-5.848459],[-36.289806,-5.850338],[-36.291864,-5.849484],[-36.293219,-5.846686],[-36.294675,-5.845687],[-36.295975,-5.843778],[-36.296669,-5.843643],[-36.297457,-5.842757],[-36.297456,-5.841979],[-36.296025,-5.840854],[-36.294787,-5.840574],[-36.293132,-5.841248],[-36.291671,-5.840605],[-36.289881,-5.84084],[-36.288949,-5.840496],[-36.287876,-5.839004],[-36.282692,-5.835005],[-36.278931,-5.834526],[-36.27549,-5.836512],[-36.272863,-5.838754],[-36.26961,-5.842341],[-36.266587,-5.84363],[-36.265268,-5.840873],[-36.264413,-5.837392],[-36.262948,-5.836333],[-36.262169,-5.836413],[-36.261647,-5.835369],[-36.26088,-5.83523],[-36.259913,-5.836582],[-36.257663,-5.837758],[-36.257566,-5.839007],[-36.256617,-5.839021],[-36.255082,-5.836563],[-36.253782,-5.836635],[-36.252255,-5.835586],[-36.251061,-5.836223],[-36.248478,-5.83363],[-36.246222,-5.833341],[-36.245815,-5.834287],[-36.246023,-5.835429],[-36.247571,-5.836377],[-36.247579,-5.837256],[-36.248719,-5.838316],[-36.248937,-5.839661],[-36.250054,-5.84087],[-36.250422,-5.843874],[-36.251295,-5.845123],[-36.249614,-5.846506],[-36.247064,-5.846284],[-36.24532,-5.846613],[-36.244631,-5.847312],[-36.245203,-5.8493],[-36.244529,-5.849518],[-36.24357,-5.849109],[-36.242714,-5.850373],[-36.241595,-5.851045],[-36.241354,-5.850575],[-36.239656,-5.849785]],[[-36.243784,-5.871269],[-36.24246,-5.870423],[-36.24168,-5.870532],[-36.240586,-5.867965],[-36.240636,-5.867493],[-36.241656,-5.86688],[-36.241992,-5.86552],[-36.240579,-5.863606],[-36.241658,-5.86264],[-36.242188,-5.861357],[-36.244194,-5.859555],[-36.244908,-5.856823],[-36.247352,-5.855819],[-36.247138,-5.854899],[-36.248068,-5.853087],[-36.249082,-5.852953],[-36.250161,-5.855677],[-36.251352,-5.856948],[-36.255068,-5.863555],[-36.25498,-5.867447],[-36.255459,-5.868665],[-36.257819,-5.869673],[-36.257556,-5.870281],[-36.256038,-5.871352],[-36.256045,-5.872188],[-36.253606,-5.873123],[-36.253191,-5.874763],[-36.252077,-5.874334],[-36.251409,-5.874633],[-36.25122,-5.877055],[-36.252303,-5.878805],[-36.252294,-5.879849],[-36.251767,-5.880159],[-36.250795,-5.879739],[-36.248344,-5.876218],[-36.246499,-5.874134],[-36.245264,-5.873416],[-36.243784,-5.871269]],[[-36.232097,-5.875577],[-36.234029,-5.877759],[-36.233144,-5.880964],[-36.232886,-5.88081],[-36.232758,-5.879927],[-36.233417,-5.877832],[-36.231757,-5.87759],[-36.230771,-5.875752],[-36.232979,-5.872043],[-36.234041,-5.871808],[-36.234578,-5.872041],[-36.23285,-5.873027],[-36.232097,-5.875577]],[[-36.286659,-6.019533],[-36.286163,-6.020197],[-36.286591,-6.020467],[-36.286356,-6.021012],[-36.286827,-6.021554],[-36.28666,-6.021944],[-36.288761,-6.023729],[-36.288773,-6.024817],[-36.286381,-6.026595],[-36.286608,-6.02791],[-36.285337,-6.027536],[-36.286388,-6.02536],[-36.287146,-6.025458],[-36.287944,-6.024896],[-36.287954,-6.023913],[-36.287199,-6.023308],[-36.28406,-6.022727],[-36.283787,-6.02141],[-36.282323,-6.022538],[-36.282157,-6.023624],[-36.281103,-6.021861],[-36.282524,-6.021379],[-36.28259,-6.021011],[-36.281035,-6.020773],[-36.28098,-6.020196],[-36.280253,-6.019795],[-36.279585,-6.02007],[-36.27973,-6.021555],[-36.279438,-6.021928],[-36.279166,-6.021325],[-36.278536,-6.021284],[-36.278623,-6.020369],[-36.276576,-6.021011],[-36.27808,-6.018969],[-36.279438,-6.019257],[-36.280627,-6.018277],[-36.280689,-6.017205],[-36.281614,-6.016769],[-36.283244,-6.019262],[-36.284059,-6.019493],[-36.284874,-6.019138],[-36.285015,-6.019513],[-36.285963,-6.019603],[-36.287321,-6.018805],[-36.287787,-6.019459],[-36.288223,-6.019294],[-36.288237,-6.020568],[-36.287196,-6.019505],[-36.286659,-6.019533]],[[-36.178244,-6.102125],[-36.177092,-6.101321],[-36.176763,-6.101468],[-36.176775,-6.102304],[-36.176341,-6.102326],[-36.176298,-6.101818],[-36.175314,-6.101183],[-36.174394,-6.101279],[-36.175198,-6.100686],[-36.175199,-6.098803],[-36.175462,-6.098349],[-36.175971,-6.09837],[-36.176478,-6.099607],[-36.175992,-6.099809],[-36.176013,-6.100284],[-36.177833,-6.100834],[-36.17889,-6.102135],[-36.178244,-6.102125]],[[-36.103795,-6.027175],[-36.102912,-6.026911],[-36.10327,-6.025915],[-36.102856,-6.025407],[-36.103119,-6.024918],[-36.104812,-6.025256],[-36.105545,-6.026554],[-36.105695,-6.028001],[-36.104398,-6.027983],[-36.103795,-6.027175]],[[-35.997111,-5.899899],[-35.998473,-5.9],[-35.998876,-5.901147],[-35.999747,-5.901212],[-35.999238,-5.895855],[-35.998128,-5.895346],[-35.996434,-5.895274],[-35.995877,-5.8947],[-35.995977,-5.894123],[-35.996639,-5.894066],[-35.997658,-5.892972],[-35.998164,-5.890723],[-35.999677,-5.890994],[-36.000519,-5.89226],[-36.001285,-5.892125],[-36.003355,-5.888991],[-36.002955,-5.885253],[-36.003925,-5.879594],[-36.006181,-5.871922],[-36.008739,-5.871381],[-36.011878,-5.871812],[-36.004781,-5.893683],[-36.003788,-5.894228],[-36.003002,-5.89594],[-36.002009,-5.896962],[-36.001557,-5.89863],[-36.002023,-5.900082],[-36.002796,-5.900181],[-36.002836,-5.901981],[-36.00375,-5.902401],[-36.006247,-5.901576],[-36.006971,-5.899565],[-36.007695,-5.899072],[-36.008203,-5.901004],[-36.008576,-5.901243],[-36.011465,-5.900951],[-36.012915,-5.901806],[-36.012481,-5.902923],[-36.01442,-5.903726],[-36.014504,-5.904803],[-36.015606,-5.906233],[-36.017078,-5.906849],[-36.016556,-5.907452],[-36.015434,-5.907317],[-36.01383,-5.906187],[-36.010822,-5.902498],[-36.009836,-5.902239],[-36.008411,-5.904504],[-36.005033,-5.906625],[-36.002809,-5.907483],[-36.002293,-5.909164],[-36.002527,-5.911041],[-36.003866,-5.912304],[-36.005767,-5.911282],[-36.006837,-5.911688],[-36.00819,-5.913368],[-36.008546,-5.91493],[-36.011343,-5.918346],[-36.012816,-5.92092],[-36.012673,-5.921514],[-36.009563,-5.921713],[-36.007191,-5.919038],[-36.00335,-5.919125],[-36.001671,-5.920952],[-36.000459,-5.923566],[-35.998521,-5.92436],[-35.997906,-5.925218],[-35.997726,-5.926801],[-35.995311,-5.928909],[-35.99522,-5.930763],[-35.996339,-5.931857],[-35.996423,-5.932874],[-35.997279,-5.934533],[-35.997954,-5.935009],[-35.996436,-5.935481],[-35.994935,-5.93505],[-35.991695,-5.933054],[-35.992571,-5.931683],[-35.992796,-5.927444],[-35.995629,-5.924889],[-35.997146,-5.920269],[-35.998243,-5.91817],[-35.997949,-5.915648],[-35.99644,-5.91394],[-35.995476,-5.911581],[-35.994682,-5.90913],[-35.994488,-5.906031],[-35.993054,-5.90268],[-35.991293,-5.899995],[-35.988619,-5.897085],[-35.986678,-5.893908],[-35.986623,-5.892521],[-35.985026,-5.889849],[-35.982792,-5.883459],[-35.981948,-5.882333],[-35.98057,-5.882442],[-35.979136,-5.879091],[-35.978353,-5.878607],[-35.979618,-5.873701],[-35.978457,-5.87106],[-35.979797,-5.869352],[-35.980627,-5.869254],[-35.982962,-5.873684],[-35.985113,-5.875599],[-35.985441,-5.881155],[-35.98703,-5.885316],[-35.991406,-5.893038],[-35.994092,-5.894408],[-35.99408,-5.896641],[-35.992932,-5.897992],[-35.993896,-5.900351],[-35.996365,-5.901013],[-35.997111,-5.899899]]],[[[-36.37569,-5.972647],[-36.374802,-5.973198],[-36.375353,-5.97398],[-36.37569,-5.972647]]],[[[-36.378576,-5.945716],[-36.377737,-5.94625],[-36.376795,-5.947893],[-36.378608,-5.948683],[-36.378576,-5.945716]]],[[[-36.3796,-5.937352],[-36.379441,-5.935926],[-36.379104,-5.936472],[-36.374915,-5.936233],[-36.374525,-5.93864],[-36.376372,-5.941079],[-36.37854,-5.942441],[-36.378529,-5.941467],[-36.379204,-5.941277],[-36.379721,-5.941815],[-36.379965,-5.941562],[-36.379929,-5.939795],[-36.380406,-5.93909],[-36.3796,-5.937352]]],[[[-36.350629,-5.920848],[-36.351498,-5.920668],[-36.351701,-5.919998],[-36.353136,-5.919027],[-36.351698,-5.917457],[-36.35257,-5.916593],[-36.354556,-5.915662],[-36.35487,-5.914854],[-36.353916,-5.913515],[-36.354019,-5.912837],[-36.355388,-5.912058],[-36.35644,-5.912135],[-36.356976,-5.912369],[-36.357167,-5.914788],[-36.357795,-5.915427],[-36.356909,-5.91635],[-36.356554,-5.917444],[-36.3559,-5.917989],[-36.354738,-5.918101],[-36.354465,-5.919004],[-36.357416,-5.921195],[-36.358448,-5.922784],[-36.360515,-5.921487],[-36.361575,-5.921827],[-36.362159,-5.923054],[-36.361808,-5.924083],[-36.360544,-5.925505],[-36.36079,-5.926708],[-36.359908,-5.927567],[-36.360208,-5.929827],[-36.359628,-5.930311],[-36.358012,-5.929272],[-36.357368,-5.929686],[-36.356764,-5.930498],[-36.356509,-5.932916],[-36.355804,-5.934116],[-36.354969,-5.934384],[-36.354967,-5.936162],[-36.355804,-5.936749],[-36.357396,-5.936338],[-36.35793,-5.938221],[-36.360354,-5.938463],[-36.359769,-5.936382],[-36.360645,-5.935589],[-36.360821,-5.93244],[-36.363646,-5.930144],[-36.364812,-5.926475],[-36.364177,-5.925903],[-36.364101,-5.923395],[-36.364507,-5.921646],[-36.365653,-5.920875],[-36.365996,-5.91996],[-36.365429,-5.919484],[-36.362878,-5.920427],[-36.361788,-5.917849],[-36.361802,-5.914896],[-36.360151,-5.911422],[-36.358364,-5.909488],[-36.356454,-5.906398],[-36.353982,-5.905147],[-36.35361,-5.905772],[-36.352851,-5.905813],[-36.352303,-5.90509],[-36.351433,-5.905271],[-36.348778,-5.908351],[-36.347493,-5.907378],[-36.346605,-5.907802],[-36.346028,-5.908737],[-36.346825,-5.910163],[-36.349956,-5.910685],[-36.349858,-5.911948],[-36.348996,-5.913987],[-36.350245,-5.914762],[-36.349146,-5.915952],[-36.348869,-5.918864],[-36.350629,-5.920848]]],[[[-35.842773,-5.878047],[-35.84265,-5.878582],[-35.841712,-5.87929],[-35.84189,-5.881092],[-35.841172,-5.88205],[-35.839769,-5.881555],[-35.839487,-5.881067],[-35.837894,-5.880948],[-35.836907,-5.882274],[-35.834583,-5.883267],[-35.833732,-5.882891],[-35.83436,-5.878039],[-35.833772,-5.877371],[-35.83395,-5.87614],[-35.833498,-5.874784],[-35.831366,-5.874391],[-35.829961,-5.87693],[-35.828141,-5.877649],[-35.827846,-5.878327],[-35.828618,-5.879707],[-35.828691,-5.880802],[-35.829701,-5.881189],[-35.829872,-5.882057],[-35.828149,-5.884573],[-35.82835,-5.887076],[-35.827736,-5.887731],[-35.827742,-5.888664],[-35.828452,-5.889807],[-35.827569,-5.890829],[-35.827244,-5.891894],[-35.828125,-5.893905],[-35.829547,-5.895178],[-35.83003,-5.896148],[-35.829129,-5.897403],[-35.828472,-5.899609],[-35.827326,-5.899911],[-35.82697,-5.901363],[-35.825964,-5.901909],[-35.826134,-5.90379],[-35.825245,-5.904889],[-35.825636,-5.907018],[-35.82528,-5.907458],[-35.825242,-5.909945],[-35.825904,-5.910694],[-35.829269,-5.908691],[-35.83215,-5.907741],[-35.834638,-5.908705],[-35.840409,-5.913727],[-35.845925,-5.914919],[-35.847328,-5.914402],[-35.850031,-5.914682],[-35.850589,-5.912702],[-35.853317,-5.912673],[-35.855181,-5.911412],[-35.861414,-5.911647],[-35.862891,-5.911213],[-35.86462,-5.90862],[-35.867532,-5.906272],[-35.869335,-5.905784],[-35.870334,-5.904304],[-35.870513,-5.901556],[-35.872413,-5.899831],[-35.873554,-5.899605],[-35.875614,-5.895871],[-35.876754,-5.895645],[-35.878348,-5.893742],[-35.87993,-5.889972],[-35.881928,-5.889033],[-35.882849,-5.885523],[-35.88258,-5.884881],[-35.883646,-5.883561],[-35.880069,-5.880181],[-35.877372,-5.879824],[-35.875363,-5.878896],[-35.875461,-5.877659],[-35.876822,-5.876672],[-35.876626,-5.875102],[-35.874408,-5.872757],[-35.876285,-5.86932],[-35.8749,-5.868594],[-35.866357,-5.871221],[-35.859921,-5.875561],[-35.857138,-5.876791],[-35.856521,-5.873478],[-35.855559,-5.871461],[-35.854561,-5.870919],[-35.853451,-5.872781],[-35.852433,-5.873482],[-35.851158,-5.873387],[-35.850087,-5.87074],[-35.851397,-5.861348],[-35.852893,-5.85866],[-35.852619,-5.85506],[-35.851038,-5.854787],[-35.849175,-5.856047],[-35.848542,-5.860978],[-35.847217,-5.861501],[-35.846286,-5.86112],[-35.844609,-5.85905],[-35.839236,-5.857091],[-35.838801,-5.856514],[-35.839121,-5.853504],[-35.838018,-5.853265],[-35.836712,-5.854568],[-35.836416,-5.858279],[-35.835582,-5.861717],[-35.835678,-5.864524],[-35.836541,-5.865757],[-35.838208,-5.86697],[-35.839868,-5.867251],[-35.841111,-5.868744],[-35.841147,-5.870302],[-35.839982,-5.87286],[-35.83976,-5.874632],[-35.841739,-5.874936],[-35.842579,-5.875466],[-35.842773,-5.878047]],[[-35.85018,-5.876261],[-35.852964,-5.875961],[-35.852964,-5.877418],[-35.851465,-5.87746],[-35.850437,-5.878231],[-35.849623,-5.877846],[-35.848723,-5.878016],[-35.848638,-5.878445],[-35.844413,-5.87739],[-35.844396,-5.876487],[-35.845383,-5.875532],[-35.85018,-5.876261]]],[[[-35.926675,-5.808608],[-35.926615,-5.809568],[-35.927943,-5.811633],[-35.929369,-5.811632],[-35.930363,-5.811142],[-35.929911,-5.808417],[-35.930122,-5.807877],[-35.928176,-5.805664],[-35.927491,-5.807753],[-35.928069,-5.808746],[-35.927185,-5.808357],[-35.926675,-5.808608]]],[[[-35.696921,-5.728084],[-35.696203,-5.728084],[-35.694238,-5.725597],[-35.69411,-5.72429],[-35.694974,-5.722211],[-35.687939,-5.723766],[-35.687193,-5.727997],[-35.686467,-5.728812],[-35.687738,-5.729167],[-35.690016,-5.729001],[-35.691473,-5.728209],[-35.692986,-5.728888],[-35.69338,-5.729763],[-35.693366,-5.731399],[-35.696269,-5.733543],[-35.697714,-5.735113],[-35.698917,-5.735317],[-35.699055,-5.735779],[-35.697442,-5.737397],[-35.69856,-5.73812],[-35.709227,-5.737113],[-35.71099,-5.736118],[-35.717813,-5.738665],[-35.721409,-5.739444],[-35.723869,-5.739179],[-35.727625,-5.73653],[-35.728119,-5.735438],[-35.726852,-5.735286],[-35.725641,-5.734461],[-35.723621,-5.734308],[-35.723409,-5.733333],[-35.723638,-5.731206],[-35.725677,-5.729668],[-35.727489,-5.729522],[-35.727782,-5.728755],[-35.726451,-5.728711],[-35.723747,-5.72766],[-35.719028,-5.727133],[-35.715941,-5.727972],[-35.714981,-5.729085],[-35.712169,-5.729381],[-35.71136,-5.726443],[-35.711433,-5.724079],[-35.712166,-5.723741],[-35.712231,-5.721374],[-35.711851,-5.720765],[-35.712481,-5.7197],[-35.714729,-5.718827],[-35.716033,-5.718684],[-35.716758,-5.719049],[-35.718559,-5.718678],[-35.720061,-5.720338],[-35.721362,-5.720286],[-35.720948,-5.716589],[-35.721596,-5.714845],[-35.723629,-5.71339],[-35.722869,-5.711641],[-35.722228,-5.710943],[-35.721398,-5.711162],[-35.721158,-5.713429],[-35.719071,-5.713384],[-35.71892,-5.712019],[-35.715724,-5.712398],[-35.715015,-5.712909],[-35.712085,-5.713388],[-35.710889,-5.713164],[-35.710687,-5.711481],[-35.711106,-5.707841],[-35.71396,-5.707929],[-35.716028,-5.706904],[-35.715049,-5.706235],[-35.713961,-5.706326],[-35.712087,-5.702921],[-35.710901,-5.702921],[-35.708754,-5.70458],[-35.706871,-5.704208],[-35.705651,-5.704751],[-35.702774,-5.703898],[-35.701883,-5.702703],[-35.699552,-5.701931],[-35.699428,-5.703629],[-35.69989,-5.704677],[-35.699204,-5.704983],[-35.699239,-5.706297],[-35.697989,-5.707091],[-35.698284,-5.709202],[-35.698061,-5.710539],[-35.698998,-5.711174],[-35.700322,-5.713475],[-35.704842,-5.717936],[-35.701308,-5.720715],[-35.700569,-5.721957],[-35.697709,-5.722136],[-35.698737,-5.724526],[-35.698526,-5.726714],[-35.696921,-5.728084]]],[[[-35.666812,-6.068511],[-35.667452,-6.069425],[-35.671125,-6.071195],[-35.673868,-6.070393],[-35.675133,-6.073157],[-35.668354,-6.073816],[-35.666347,-6.074866],[-35.665102,-6.074172],[-35.661711,-6.074696],[-35.665576,-6.076229],[-35.671021,-6.075374],[-35.672306,-6.076731],[-35.674073,-6.081304],[-35.681371,-6.079895],[-35.681728,-6.081037],[-35.680943,-6.084107],[-35.681942,-6.08789],[-35.680882,-6.090794],[-35.680845,-6.0926],[-35.681481,-6.093017],[-35.6821,-6.094441],[-35.681121,-6.096825],[-35.68181,-6.099576],[-35.68296,-6.09872],[-35.683448,-6.097217],[-35.684644,-6.097545],[-35.686514,-6.097094],[-35.686717,-6.095994],[-35.690234,-6.096031],[-35.691875,-6.097074],[-35.69244,-6.098621],[-35.696212,-6.096522],[-35.696568,-6.095295],[-35.698408,-6.094933],[-35.699438,-6.093382],[-35.703146,-6.092283],[-35.707149,-6.092336],[-35.709021,-6.091812],[-35.708854,-6.090961],[-35.707599,-6.089953],[-35.708435,-6.08933],[-35.710856,-6.089512],[-35.713453,-6.088491],[-35.71236,-6.087418],[-35.710384,-6.086583],[-35.708533,-6.087129],[-35.706071,-6.085496],[-35.704757,-6.084255],[-35.702935,-6.080537],[-35.70099,-6.079324],[-35.701521,-6.077612],[-35.70395,-6.075739],[-35.704048,-6.074528],[-35.703363,-6.073258],[-35.70408,-6.072169],[-35.704183,-6.070882],[-35.703349,-6.069525],[-35.704235,-6.067306],[-35.703573,-6.062839],[-35.70447,-6.061459],[-35.704483,-6.060318],[-35.703763,-6.059502],[-35.702538,-6.059105],[-35.700848,-6.060576],[-35.698187,-6.060452],[-35.698459,-6.059025],[-35.701298,-6.055964],[-35.701894,-6.05441],[-35.703128,-6.052751],[-35.706368,-6.049797],[-35.706149,-6.049064],[-35.705237,-6.048906],[-35.705062,-6.047638],[-35.706096,-6.046283],[-35.705596,-6.044453],[-35.701938,-6.042833],[-35.698476,-6.042214],[-35.696251,-6.042315],[-35.69458,-6.041572],[-35.687179,-6.042288],[-35.685605,-6.041425],[-35.684886,-6.040148],[-35.682263,-6.04218],[-35.679167,-6.042553],[-35.677364,-6.043934],[-35.675866,-6.048555],[-35.676811,-6.050022],[-35.673575,-6.054451],[-35.672459,-6.055095],[-35.672685,-6.056408],[-35.675351,-6.055862],[-35.678211,-6.060565],[-35.675562,-6.062942],[-35.668848,-6.066502],[-35.666812,-6.068511]]],[[[-35.580894,-6.039578],[-35.580888,-6.039266],[-35.586374,-6.038327],[-35.584029,-6.027668],[-35.582194,-6.027617],[-35.577882,-6.031457],[-35.576507,-6.034007],[-35.577721,-6.039859],[-35.579822,-6.040018],[-35.580894,-6.039578]]],[[[-35.469628,-6.019856],[-35.470408,-6.020569],[-35.470742,-6.019332],[-35.471647,-6.019087],[-35.472351,-6.021358],[-35.473239,-6.020791],[-35.474209,-6.020786],[-35.47513,-6.02141],[-35.476863,-6.020341],[-35.478351,-6.020453],[-35.479516,-6.02182],[-35.480511,-6.021502],[-35.483427,-6.025444],[-35.485755,-6.025709],[-35.489409,-6.027773],[-35.490534,-6.027859],[-35.491619,-6.026706],[-35.492918,-6.026394],[-35.493495,-6.024517],[-35.491138,-6.023925],[-35.48982,-6.022726],[-35.487028,-6.022239],[-35.485274,-6.022928],[-35.484319,-6.024227],[-35.481747,-6.022795],[-35.482505,-6.022167],[-35.481469,-6.01961],[-35.481527,-6.016185],[-35.480947,-6.013356],[-35.481028,-6.009648],[-35.481796,-6.00835],[-35.48154,-6.006973],[-35.479909,-6.006206],[-35.478899,-6.006843],[-35.476502,-6.009159],[-35.473695,-6.012873],[-35.470858,-6.014227],[-35.460931,-6.013635],[-35.459309,-6.016235],[-35.458509,-6.01864],[-35.460183,-6.018266],[-35.462474,-6.018987],[-35.4634,-6.018232],[-35.4644,-6.018754],[-35.465988,-6.018722],[-35.465756,-6.0201],[-35.466516,-6.020615],[-35.469628,-6.019856]]],[[[-35.662547,-6.013543],[-35.668408,-6.018033],[-35.668503,-6.019468],[-35.667629,-6.019877],[-35.666972,-6.021934],[-35.668557,-6.022246],[-35.670487,-6.024251],[-35.6731,-6.027489],[-35.675132,-6.030996],[-35.675399,-6.0322],[-35.672458,-6.032849],[-35.668361,-6.035012],[-35.666863,-6.030897],[-35.665174,-6.029644],[-35.663842,-6.030969],[-35.661091,-6.031633],[-35.660558,-6.033177],[-35.660849,-6.034625],[-35.65851,-6.035439],[-35.659226,-6.038543],[-35.662075,-6.03868],[-35.662517,-6.040297],[-35.669489,-6.036943],[-35.673174,-6.036878],[-35.674046,-6.038709],[-35.675822,-6.038349],[-35.678326,-6.034374],[-35.680723,-6.036249],[-35.682182,-6.036218],[-35.683499,-6.037941],[-35.686642,-6.036032],[-35.695343,-6.033448],[-35.693954,-6.031367],[-35.692864,-6.030661],[-35.694882,-6.027831],[-35.697271,-6.028947],[-35.697889,-6.028103],[-35.697638,-6.027238],[-35.696786,-6.026417],[-35.696784,-6.025374],[-35.690112,-6.020656],[-35.692034,-6.018179],[-35.692261,-6.016368],[-35.692833,-6.015378],[-35.699552,-6.01032],[-35.701881,-6.007873],[-35.701982,-6.006609],[-35.701514,-6.005302],[-35.700005,-6.004835],[-35.698006,-6.002424],[-35.697809,-5.996409],[-35.698685,-5.994418],[-35.698464,-5.991704],[-35.691199,-5.98678],[-35.690439,-5.985261],[-35.690487,-5.981884],[-35.687619,-5.981701],[-35.68646,-5.982039],[-35.68558,-5.98317],[-35.684618,-5.982248],[-35.683251,-5.981858],[-35.680965,-5.984272],[-35.671039,-5.983725],[-35.663931,-5.978074],[-35.663914,-5.974992],[-35.663086,-5.974873],[-35.661945,-5.97525],[-35.660875,-5.97692],[-35.660879,-5.977845],[-35.659878,-5.980378],[-35.659765,-5.983029],[-35.658588,-5.988152],[-35.661259,-5.988323],[-35.662152,-5.988872],[-35.662059,-5.994791],[-35.661116,-5.996584],[-35.662126,-5.998217],[-35.662131,-5.999301],[-35.659786,-6.002974],[-35.657679,-6.003735],[-35.657572,-6.004613],[-35.660871,-6.006959],[-35.660414,-6.010609],[-35.662547,-6.013543]]],[[[-35.451335,-6.004509],[-35.451488,-6.004564],[-35.451265,-6.004335],[-35.451335,-6.004509]]],[[[-35.512843,-5.942735],[-35.513081,-5.944042],[-35.511362,-5.94582],[-35.50998,-5.946478],[-35.510044,-5.948106],[-35.512531,-5.9514],[-35.512575,-5.952072],[-35.510495,-5.953307],[-35.510186,-5.954228],[-35.508633,-5.955781],[-35.503686,-5.959746],[-35.502496,-5.959846],[-35.500872,-5.961058],[-35.501492,-5.963732],[-35.502583,-5.964978],[-35.503793,-5.965524],[-35.504785,-5.967109],[-35.4999,-5.972649],[-35.498658,-5.972882],[-35.495797,-5.975845],[-35.494006,-5.976962],[-35.491624,-5.977654],[-35.49069,-5.979283],[-35.489175,-5.980086],[-35.488261,-5.981181],[-35.487764,-5.982671],[-35.487956,-5.983996],[-35.487487,-5.986071],[-35.492468,-5.988489],[-35.494233,-5.989862],[-35.496097,-5.990004],[-35.498525,-5.98968],[-35.499726,-5.988753],[-35.502956,-5.988708],[-35.504675,-5.989713],[-35.505463,-5.992029],[-35.511313,-5.992985],[-35.517115,-5.995466],[-35.518998,-5.998156],[-35.520931,-5.998377],[-35.523044,-5.994536],[-35.524511,-5.993169],[-35.525325,-5.993041],[-35.52876,-5.987911],[-35.530896,-5.986546],[-35.531893,-5.984439],[-35.531219,-5.982568],[-35.531286,-5.980826],[-35.532361,-5.979598],[-35.533841,-5.979856],[-35.535099,-5.981918],[-35.537032,-5.982138],[-35.53849,-5.98174],[-35.540385,-5.980574],[-35.5429,-5.98011],[-35.54433,-5.979128],[-35.545136,-5.980134],[-35.544966,-5.982379],[-35.546109,-5.98494],[-35.54808,-5.986546],[-35.550532,-5.985439],[-35.551487,-5.984682],[-35.551999,-5.981966],[-35.553719,-5.980633],[-35.554372,-5.98113],[-35.555774,-5.979562],[-35.555952,-5.976447],[-35.55567,-5.976036],[-35.556362,-5.975095],[-35.556266,-5.973486],[-35.557325,-5.971529],[-35.557634,-5.969792],[-35.556544,-5.969141],[-35.555144,-5.967473],[-35.554205,-5.964669],[-35.554758,-5.963401],[-35.553205,-5.959425],[-35.55448,-5.958503],[-35.554586,-5.957201],[-35.553771,-5.957611],[-35.552693,-5.95742],[-35.551005,-5.957875],[-35.550248,-5.955003],[-35.54809,-5.9526],[-35.544488,-5.951475],[-35.543753,-5.950299],[-35.545438,-5.949442],[-35.545655,-5.948784],[-35.544238,-5.945633],[-35.542842,-5.945663],[-35.542599,-5.94436],[-35.541737,-5.94382],[-35.543947,-5.941487],[-35.544828,-5.937498],[-35.540329,-5.938626],[-35.536313,-5.940449],[-35.538183,-5.945301],[-35.534802,-5.944791],[-35.533917,-5.94427],[-35.533231,-5.942783],[-35.531406,-5.942947],[-35.530733,-5.941781],[-35.530006,-5.942165],[-35.527546,-5.938782],[-35.526693,-5.938329],[-35.525463,-5.936747],[-35.523035,-5.936413],[-35.520528,-5.938202],[-35.519699,-5.937789],[-35.519017,-5.938194],[-35.517637,-5.937611],[-35.516692,-5.936536],[-35.51553,-5.938119],[-35.514141,-5.938251],[-35.513811,-5.937585],[-35.513033,-5.937355],[-35.509945,-5.941463],[-35.512843,-5.942735]]],[[[-35.650669,-5.960243],[-35.649146,-5.962164],[-35.649662,-5.965687],[-35.651881,-5.966026],[-35.654227,-5.965786],[-35.657027,-5.964137],[-35.657962,-5.963984],[-35.659049,-5.96593],[-35.661786,-5.967255],[-35.663659,-5.967394],[-35.664591,-5.968066],[-35.664904,-5.969917],[-35.66555,-5.970004],[-35.666167,-5.968558],[-35.667155,-5.968223],[-35.670776,-5.952144],[-35.67365,-5.943187],[-35.673688,-5.940802],[-35.6743,-5.940848],[-35.675307,-5.939806],[-35.67607,-5.93509],[-35.675907,-5.934257],[-35.674914,-5.933212],[-35.674051,-5.933445],[-35.670736,-5.932597],[-35.668667,-5.932515],[-35.664702,-5.934006],[-35.66345,-5.933314],[-35.661657,-5.933626],[-35.661242,-5.935906],[-35.65642,-5.937556],[-35.654017,-5.94446],[-35.65385,-5.946536],[-35.653364,-5.946871],[-35.652383,-5.950452],[-35.651547,-5.951284],[-35.65151,-5.95664],[-35.650669,-5.960243]]],[[[-35.598641,-5.949224],[-35.597794,-5.948441],[-35.597285,-5.945706],[-35.597475,-5.944986],[-35.598713,-5.944561],[-35.599593,-5.94359],[-35.595774,-5.940804],[-35.594442,-5.940746],[-35.593609,-5.941135],[-35.59141,-5.938569],[-35.591292,-5.937544],[-35.590913,-5.937277],[-35.59012,-5.937995],[-35.583247,-5.938402],[-35.581903,-5.939597],[-35.581607,-5.941045],[-35.582403,-5.944242],[-35.582136,-5.950088],[-35.583293,-5.950652],[-35.58366,-5.95163],[-35.586661,-5.951989],[-35.595056,-5.955653],[-35.595947,-5.951225],[-35.598641,-5.949224]]],[[[-35.476771,-5.92288],[-35.477578,-5.9234],[-35.477423,-5.92531],[-35.481475,-5.926535],[-35.485382,-5.928688],[-35.487153,-5.928961],[-35.487798,-5.930887],[-35.48832,-5.931431],[-35.48898,-5.931436],[-35.490692,-5.933763],[-35.49269,-5.932819],[-35.493749,-5.931071],[-35.495448,-5.930474],[-35.498327,-5.931217],[-35.49942,-5.932538],[-35.501558,-5.932992],[-35.503905,-5.932735],[-35.505682,-5.93025],[-35.504287,-5.928033],[-35.497353,-5.927503],[-35.497372,-5.92634],[-35.49845,-5.924165],[-35.497284,-5.921893],[-35.495143,-5.922384],[-35.493643,-5.924234],[-35.492941,-5.925491],[-35.493511,-5.926772],[-35.492866,-5.928252],[-35.490394,-5.927973],[-35.490194,-5.92695],[-35.487894,-5.924018],[-35.488431,-5.919628],[-35.487159,-5.918432],[-35.487562,-5.917547],[-35.489486,-5.918838],[-35.490136,-5.920124],[-35.491848,-5.92053],[-35.49251,-5.91994],[-35.492184,-5.918724],[-35.493416,-5.918086],[-35.492573,-5.917426],[-35.488672,-5.916075],[-35.485679,-5.914015],[-35.485565,-5.91309],[-35.486535,-5.912221],[-35.488394,-5.912528],[-35.487824,-5.910837],[-35.488371,-5.909917],[-35.489996,-5.910819],[-35.490878,-5.909834],[-35.492163,-5.909703],[-35.499489,-5.92116],[-35.500849,-5.923004],[-35.502023,-5.92328],[-35.502279,-5.924578],[-35.503626,-5.926334],[-35.506288,-5.925158],[-35.507523,-5.92507],[-35.510289,-5.927022],[-35.512326,-5.926353],[-35.513404,-5.926435],[-35.517149,-5.928553],[-35.521235,-5.929368],[-35.524702,-5.93086],[-35.525844,-5.930858],[-35.527807,-5.929183],[-35.535658,-5.925478],[-35.537421,-5.923804],[-35.537534,-5.923258],[-35.539344,-5.922211],[-35.541881,-5.922388],[-35.542833,-5.922006],[-35.544184,-5.920474],[-35.548383,-5.918576],[-35.54896,-5.919522],[-35.549335,-5.924094],[-35.549718,-5.925042],[-35.550862,-5.925237],[-35.557595,-5.922572],[-35.557591,-5.919099],[-35.561342,-5.918576],[-35.56079,-5.917252],[-35.557403,-5.914149],[-35.54922,-5.91415],[-35.547733,-5.915342],[-35.542936,-5.91434],[-35.536653,-5.917012],[-35.534752,-5.916055],[-35.534656,-5.915209],[-35.533895,-5.914653],[-35.529607,-5.91377],[-35.5263,-5.91367],[-35.525064,-5.915188],[-35.523328,-5.915487],[-35.519687,-5.913551],[-35.517636,-5.91311],[-35.515339,-5.91162],[-35.513368,-5.911186],[-35.510396,-5.907892],[-35.507696,-5.905898],[-35.502768,-5.900081],[-35.497185,-5.896692],[-35.49256,-5.891881],[-35.490928,-5.891317],[-35.488523,-5.891256],[-35.48388,-5.889854],[-35.483128,-5.894413],[-35.482486,-5.895288],[-35.480566,-5.895437],[-35.476985,-5.898191],[-35.475394,-5.897455],[-35.474417,-5.89855],[-35.474526,-5.899449],[-35.473793,-5.901499],[-35.474395,-5.903377],[-35.475105,-5.908776],[-35.475681,-5.909731],[-35.475614,-5.920868],[-35.476771,-5.92288]],[[-35.494362,-5.907824],[-35.495536,-5.909817],[-35.496765,-5.911021],[-35.498162,-5.911046],[-35.498764,-5.911648],[-35.499896,-5.911214],[-35.500734,-5.911361],[-35.499849,-5.912082],[-35.501945,-5.912443],[-35.502546,-5.912733],[-35.502619,-5.91331],[-35.502305,-5.913769],[-35.500884,-5.913937],[-35.49821,-5.912178],[-35.497487,-5.912082],[-35.496596,-5.912708],[-35.493405,-5.909505],[-35.494362,-5.907824]]],[[[-35.606273,-5.922561],[-35.607855,-5.922495],[-35.609062,-5.922001],[-35.609372,-5.92123],[-35.611155,-5.921141],[-35.611413,-5.921423],[-35.612695,-5.921109],[-35.616153,-5.920179],[-35.617665,-5.919062],[-35.619009,-5.919414],[-35.619388,-5.915525],[-35.619094,-5.914695],[-35.617268,-5.913028],[-35.616765,-5.911646],[-35.616529,-5.908291],[-35.615014,-5.905061],[-35.614817,-5.892111],[-35.613872,-5.888879],[-35.612915,-5.888306],[-35.611777,-5.888497],[-35.610629,-5.8904],[-35.608346,-5.896109],[-35.606631,-5.897631],[-35.604351,-5.897823],[-35.602443,-5.897062],[-35.600544,-5.895731],[-35.5994,-5.89268],[-35.599588,-5.890016],[-35.601111,-5.88507],[-35.602808,-5.883169],[-35.605296,-5.878061],[-35.605492,-5.876584],[-35.601877,-5.875362],[-35.600212,-5.874392],[-35.594943,-5.870392],[-35.593095,-5.878992],[-35.592122,-5.881363],[-35.591662,-5.88503],[-35.587861,-5.895498],[-35.58462,-5.901206],[-35.583667,-5.904445],[-35.583293,-5.906345],[-35.583291,-5.910344],[-35.583858,-5.91244],[-35.586812,-5.914629],[-35.586695,-5.917977],[-35.587499,-5.922291],[-35.589808,-5.923213],[-35.591971,-5.923078],[-35.597095,-5.924363],[-35.602127,-5.923925],[-35.606273,-5.922561]]],[[[-35.411392,-5.866571],[-35.410887,-5.867207],[-35.410399,-5.867204],[-35.409974,-5.866023],[-35.407555,-5.864959],[-35.407338,-5.864199],[-35.405453,-5.863412],[-35.40448,-5.863405],[-35.404156,-5.863955],[-35.404495,-5.864926],[-35.402955,-5.864513],[-35.401271,-5.864966],[-35.400678,-5.866272],[-35.399231,-5.866093],[-35.399285,-5.865421],[-35.397924,-5.865047],[-35.397268,-5.865402],[-35.397431,-5.861698],[-35.398179,-5.857955],[-35.397834,-5.856981],[-35.397009,-5.85685],[-35.396521,-5.857505],[-35.395851,-5.857184],[-35.393898,-5.857237],[-35.391698,-5.856053],[-35.391339,-5.854611],[-35.384943,-5.854385],[-35.384413,-5.855763],[-35.382631,-5.855424],[-35.381271,-5.857037],[-35.382118,-5.85829],[-35.382418,-5.859732],[-35.383819,-5.861327],[-35.38364,-5.862664],[-35.382044,-5.862609],[-35.381084,-5.863311],[-35.37834,-5.862853],[-35.37801,-5.863453],[-35.378209,-5.865271],[-35.377509,-5.867748],[-35.376558,-5.86813],[-35.37478,-5.866792],[-35.372688,-5.867176],[-35.37116,-5.866608],[-35.370647,-5.867872],[-35.370813,-5.869728],[-35.369871,-5.869836],[-35.368586,-5.873431],[-35.368216,-5.879536],[-35.370089,-5.882172],[-35.371806,-5.886169],[-35.379034,-5.891306],[-35.381319,-5.892071],[-35.383831,-5.891969],[-35.384973,-5.890822],[-35.385495,-5.891965],[-35.385248,-5.893309],[-35.385489,-5.89381],[-35.386268,-5.894021],[-35.386719,-5.898451],[-35.387491,-5.899429],[-35.38758,-5.901147],[-35.390233,-5.901247],[-35.390838,-5.899639],[-35.395907,-5.899063],[-35.396171,-5.898163],[-35.395744,-5.897579],[-35.396239,-5.896744],[-35.397585,-5.895927],[-35.399404,-5.895699],[-35.4012,-5.894596],[-35.402188,-5.894672],[-35.402096,-5.896963],[-35.402615,-5.898153],[-35.402584,-5.900266],[-35.399729,-5.900416],[-35.399513,-5.90132],[-35.398933,-5.901459],[-35.398789,-5.902643],[-35.401178,-5.903562],[-35.401962,-5.903278],[-35.409222,-5.903381],[-35.409058,-5.904429],[-35.407466,-5.905748],[-35.406981,-5.907133],[-35.402979,-5.907609],[-35.402953,-5.911241],[-35.412157,-5.910508],[-35.412666,-5.916075],[-35.420292,-5.915511],[-35.419977,-5.91705],[-35.408998,-5.919518],[-35.408962,-5.921866],[-35.410001,-5.922552],[-35.410382,-5.928421],[-35.412097,-5.930373],[-35.414187,-5.936374],[-35.421884,-5.934007],[-35.418577,-5.92761],[-35.419155,-5.926992],[-35.424972,-5.925618],[-35.428953,-5.925203],[-35.427919,-5.918715],[-35.428452,-5.918415],[-35.429379,-5.919018],[-35.433635,-5.920026],[-35.433955,-5.922326],[-35.434757,-5.923526],[-35.434659,-5.924239],[-35.428847,-5.928172],[-35.428408,-5.929731],[-35.426565,-5.930273],[-35.426562,-5.940383],[-35.427824,-5.941277],[-35.429118,-5.940529],[-35.430357,-5.941721],[-35.432894,-5.938327],[-35.435727,-5.939492],[-35.437771,-5.942141],[-35.439408,-5.94097],[-35.439777,-5.941497],[-35.441652,-5.940544],[-35.442872,-5.939442],[-35.442857,-5.935851],[-35.444644,-5.935988],[-35.445631,-5.935217],[-35.446685,-5.935364],[-35.447883,-5.933913],[-35.448476,-5.934452],[-35.44836,-5.935091],[-35.452517,-5.935563],[-35.453592,-5.934843],[-35.454222,-5.932242],[-35.452447,-5.931534],[-35.452967,-5.925161],[-35.454548,-5.924967],[-35.454676,-5.924075],[-35.454071,-5.919987],[-35.454127,-5.913454],[-35.456122,-5.914316],[-35.457235,-5.914309],[-35.46045,-5.915789],[-35.460735,-5.916982],[-35.459547,-5.91908],[-35.462052,-5.919148],[-35.461582,-5.912863],[-35.46195,-5.911602],[-35.461524,-5.90201],[-35.462015,-5.899889],[-35.461711,-5.898941],[-35.460692,-5.898184],[-35.461417,-5.89787],[-35.461055,-5.896855],[-35.459085,-5.89763],[-35.457305,-5.896075],[-35.455309,-5.895613],[-35.455117,-5.894858],[-35.456262,-5.89308],[-35.455924,-5.89216],[-35.45674,-5.890712],[-35.453765,-5.889806],[-35.451526,-5.889604],[-35.45104,-5.890291],[-35.448135,-5.890069],[-35.444857,-5.892113],[-35.442146,-5.89183],[-35.441084,-5.888479],[-35.439753,-5.888439],[-35.439631,-5.886826],[-35.438776,-5.886391],[-35.438585,-5.884833],[-35.439031,-5.883664],[-35.437719,-5.883379],[-35.433678,-5.883069],[-35.43165,-5.888463],[-35.429868,-5.887428],[-35.429149,-5.887667],[-35.427002,-5.885455],[-35.426201,-5.885147],[-35.42636,-5.88084],[-35.426057,-5.878367],[-35.426398,-5.877266],[-35.427162,-5.876461],[-35.428538,-5.87595],[-35.430888,-5.87756],[-35.431674,-5.877386],[-35.432697,-5.874049],[-35.436027,-5.875291],[-35.44186,-5.876233],[-35.443804,-5.873891],[-35.442893,-5.87292],[-35.443757,-5.871128],[-35.443759,-5.867708],[-35.444791,-5.865038],[-35.440661,-5.864908],[-35.439895,-5.861582],[-35.452032,-5.853072],[-35.458878,-5.849749],[-35.460219,-5.84778],[-35.461759,-5.847079],[-35.461063,-5.846083],[-35.461262,-5.845024],[-35.4587,-5.84618],[-35.45787,-5.846212],[-35.457359,-5.845702],[-35.459401,-5.843148],[-35.460438,-5.84318],[-35.460407,-5.840627],[-35.462188,-5.83854],[-35.46108,-5.838769],[-35.458211,-5.840364],[-35.451419,-5.841517],[-35.435758,-5.845622],[-35.434997,-5.846385],[-35.434243,-5.848291],[-35.430622,-5.859522],[-35.426803,-5.864291],[-35.423589,-5.866139],[-35.423006,-5.86731],[-35.419726,-5.867651],[-35.415048,-5.867392],[-35.411392,-5.866571]],[[-35.44096,-5.898233],[-35.440925,-5.899393],[-35.438684,-5.899876],[-35.437768,-5.900646],[-35.436853,-5.90067],[-35.437238,-5.901875],[-35.436371,-5.90226],[-35.436371,-5.902887],[-35.437215,-5.904019],[-35.435744,-5.903344],[-35.435094,-5.902478],[-35.434612,-5.902911],[-35.434564,-5.903898],[-35.43389,-5.902959],[-35.433465,-5.899946],[-35.434194,-5.899775],[-35.434707,-5.900161],[-35.436592,-5.899518],[-35.437277,-5.89879],[-35.44096,-5.898233]]],[[[-35.661643,-5.876955],[-35.662358,-5.880052],[-35.664349,-5.880788],[-35.667614,-5.879163],[-35.669784,-5.876168],[-35.670387,-5.873171],[-35.672943,-5.871375],[-35.676999,-5.870395],[-35.678903,-5.86621],[-35.679127,-5.863419],[-35.677158,-5.860929],[-35.677244,-5.858361],[-35.676068,-5.854995],[-35.679571,-5.85491],[-35.680812,-5.849972],[-35.680685,-5.848558],[-35.674582,-5.8495],[-35.672841,-5.848666],[-35.671376,-5.848906],[-35.669853,-5.849844],[-35.66923,-5.854594],[-35.661203,-5.853986],[-35.658838,-5.860245],[-35.658334,-5.865005],[-35.659093,-5.86822],[-35.658738,-5.871119],[-35.660015,-5.874726],[-35.661643,-5.876955]]],[[[-35.497125,-5.855611],[-35.497531,-5.860202],[-35.500234,-5.860509],[-35.500496,-5.861393],[-35.499763,-5.862871],[-35.500837,-5.863205],[-35.500629,-5.865766],[-35.498846,-5.868582],[-35.499241,-5.869304],[-35.501714,-5.869932],[-35.501487,-5.872562],[-35.502721,-5.881446],[-35.502461,-5.885447],[-35.503306,-5.885916],[-35.504914,-5.883938],[-35.50706,-5.884605],[-35.509343,-5.884401],[-35.510135,-5.884211],[-35.510361,-5.883035],[-35.511632,-5.883021],[-35.512289,-5.879694],[-35.511898,-5.877174],[-35.513169,-5.869174],[-35.513293,-5.86447],[-35.516995,-5.864313],[-35.518053,-5.861473],[-35.520788,-5.862184],[-35.52201,-5.859867],[-35.523088,-5.859347],[-35.526756,-5.860658],[-35.527514,-5.858564],[-35.52892,-5.857256],[-35.529736,-5.854858],[-35.530498,-5.850548],[-35.529775,-5.850542],[-35.529755,-5.849887],[-35.530368,-5.84505],[-35.531323,-5.84315],[-35.53151,-5.84146],[-35.532183,-5.83998],[-35.532309,-5.83778],[-35.533142,-5.836438],[-35.530699,-5.834042],[-35.529989,-5.833895],[-35.528032,-5.837792],[-35.527091,-5.838483],[-35.527387,-5.835588],[-35.526837,-5.832927],[-35.525419,-5.832483],[-35.524107,-5.831458],[-35.523122,-5.831725],[-35.52212,-5.830938],[-35.52116,-5.828709],[-35.520076,-5.82253],[-35.517127,-5.822137],[-35.516654,-5.823083],[-35.514994,-5.824269],[-35.513884,-5.826209],[-35.512232,-5.834106],[-35.511175,-5.836681],[-35.510962,-5.839329],[-35.509116,-5.847163],[-35.508844,-5.84749],[-35.507483,-5.847147],[-35.499055,-5.850483],[-35.498396,-5.853114],[-35.497125,-5.855611]]],[[[-35.466721,-5.773511],[-35.46869,-5.773283],[-35.469528,-5.771304],[-35.467971,-5.771278],[-35.468875,-5.769481],[-35.478029,-5.769145],[-35.480849,-5.76854],[-35.479493,-5.768172],[-35.477708,-5.766566],[-35.475923,-5.762818],[-35.472601,-5.760999],[-35.468128,-5.759095],[-35.463172,-5.758003],[-35.4637,-5.758557],[-35.463925,-5.759862],[-35.465288,-5.759762],[-35.465667,-5.76178],[-35.466554,-5.762535],[-35.467926,-5.762699],[-35.468119,-5.764181],[-35.465398,-5.764904],[-35.465803,-5.768257],[-35.465332,-5.769976],[-35.464225,-5.771735],[-35.461714,-5.773356],[-35.460742,-5.775134],[-35.461441,-5.777165],[-35.466721,-5.773511]]],[[[-35.499043,-5.73163],[-35.498671,-5.730865],[-35.497609,-5.731362],[-35.497288,-5.733068],[-35.498332,-5.734393],[-35.499651,-5.735102],[-35.499419,-5.735642],[-35.500499,-5.736581],[-35.500192,-5.737346],[-35.497612,-5.738432],[-35.495183,-5.740447],[-35.493308,-5.74047],[-35.49387,-5.742021],[-35.495332,-5.741784],[-35.495907,-5.742161],[-35.49592,-5.742793],[-35.495576,-5.743488],[-35.494436,-5.74326],[-35.494106,-5.743941],[-35.492472,-5.742923],[-35.492175,-5.743146],[-35.492731,-5.744136],[-35.494087,-5.74418],[-35.494914,-5.744683],[-35.495234,-5.745404],[-35.494502,-5.746046],[-35.493598,-5.746013],[-35.492908,-5.747538],[-35.488914,-5.748998],[-35.488103,-5.754248],[-35.48762,-5.754565],[-35.487295,-5.756069],[-35.488641,-5.756952],[-35.487978,-5.757114],[-35.489081,-5.758508],[-35.488635,-5.7588],[-35.488663,-5.76013],[-35.487791,-5.760271],[-35.486958,-5.761865],[-35.488649,-5.763849],[-35.492764,-5.770273],[-35.49287,-5.771197],[-35.492109,-5.771951],[-35.491733,-5.773092],[-35.488954,-5.773874],[-35.486987,-5.773421],[-35.485982,-5.773733],[-35.485436,-5.774988],[-35.483614,-5.774935],[-35.481392,-5.775976],[-35.479639,-5.773982],[-35.476521,-5.774003],[-35.475595,-5.774552],[-35.474924,-5.772929],[-35.473973,-5.773312],[-35.472683,-5.77494],[-35.471564,-5.775547],[-35.470591,-5.775472],[-35.469082,-5.776358],[-35.469047,-5.777755],[-35.465777,-5.780186],[-35.463557,-5.782999],[-35.463414,-5.78487],[-35.46,-5.78435],[-35.45774,-5.785646],[-35.457094,-5.786917],[-35.456014,-5.787674],[-35.457806,-5.791122],[-35.458573,-5.792089],[-35.459077,-5.791912],[-35.458979,-5.793678],[-35.458045,-5.794212],[-35.457825,-5.795276],[-35.4595,-5.795602],[-35.461247,-5.795084],[-35.461829,-5.795323],[-35.461422,-5.796223],[-35.461809,-5.796943],[-35.462833,-5.796655],[-35.46451,-5.796869],[-35.464315,-5.798228],[-35.465474,-5.800879],[-35.467387,-5.798732],[-35.469858,-5.797365],[-35.470294,-5.797485],[-35.47182,-5.798985],[-35.473305,-5.799676],[-35.473558,-5.802059],[-35.474404,-5.803053],[-35.477813,-5.804957],[-35.479113,-5.80484],[-35.479868,-5.803774],[-35.481323,-5.803409],[-35.482541,-5.803763],[-35.481577,-5.805764],[-35.483297,-5.806572],[-35.485801,-5.806391],[-35.486057,-5.805109],[-35.488467,-5.804822],[-35.489096,-5.805302],[-35.490778,-5.805431],[-35.49118,-5.804603],[-35.491023,-5.804065],[-35.490313,-5.803684],[-35.490267,-5.802407],[-35.490928,-5.801939],[-35.492964,-5.802095],[-35.49316,-5.801331],[-35.494897,-5.801335],[-35.496247,-5.802259],[-35.496217,-5.803165],[-35.497412,-5.803257],[-35.498275,-5.804144],[-35.500136,-5.803162],[-35.501454,-5.803393],[-35.502746,-5.802843],[-35.50284,-5.800601],[-35.503433,-5.799868],[-35.506819,-5.800386],[-35.507935,-5.801185],[-35.508399,-5.802324],[-35.509432,-5.803311],[-35.510445,-5.802912],[-35.511908,-5.802981],[-35.512466,-5.801597],[-35.512203,-5.79989],[-35.514173,-5.799218],[-35.514813,-5.79957],[-35.514081,-5.80146],[-35.514741,-5.801554],[-35.515799,-5.800034],[-35.516695,-5.799973],[-35.51767,-5.801551],[-35.518013,-5.801566],[-35.518331,-5.799298],[-35.51923,-5.799194],[-35.520087,-5.799606],[-35.520086,-5.800167],[-35.520664,-5.800731],[-35.520504,-5.802146],[-35.521668,-5.802624],[-35.523539,-5.802356],[-35.523009,-5.801191],[-35.525095,-5.800745],[-35.525666,-5.799801],[-35.526844,-5.799801],[-35.527985,-5.799149],[-35.528642,-5.800929],[-35.528421,-5.802556],[-35.526969,-5.80504],[-35.530177,-5.804508],[-35.533989,-5.806406],[-35.537607,-5.806602],[-35.543119,-5.804889],[-35.545788,-5.803173],[-35.548763,-5.797363],[-35.548209,-5.79666],[-35.548051,-5.79411],[-35.548737,-5.793698],[-35.5516,-5.795597],[-35.552328,-5.79385],[-35.553787,-5.794041],[-35.554563,-5.794787],[-35.555707,-5.794401],[-35.55716,-5.792043],[-35.558544,-5.792323],[-35.560446,-5.791566],[-35.561306,-5.791171],[-35.561252,-5.790742],[-35.562576,-5.789751],[-35.565041,-5.790334],[-35.567919,-5.790026],[-35.568836,-5.791283],[-35.569771,-5.791375],[-35.571654,-5.792661],[-35.572942,-5.792586],[-35.572597,-5.794748],[-35.572119,-5.795134],[-35.572354,-5.796498],[-35.573274,-5.797298],[-35.574218,-5.796971],[-35.575296,-5.797466],[-35.57725,-5.797195],[-35.577951,-5.794484],[-35.581022,-5.790101],[-35.582579,-5.789543],[-35.584417,-5.790357],[-35.586227,-5.790612],[-35.586318,-5.792004],[-35.587305,-5.79241],[-35.59025,-5.791608],[-35.590256,-5.78993],[-35.592306,-5.78985],[-35.59494,-5.790372],[-35.595479,-5.789173],[-35.595592,-5.786509],[-35.596144,-5.785991],[-35.596203,-5.78273],[-35.593415,-5.782782],[-35.593351,-5.781887],[-35.59225,-5.780384],[-35.593836,-5.779432],[-35.593391,-5.77488],[-35.592389,-5.774672],[-35.592424,-5.768687],[-35.589649,-5.767386],[-35.586594,-5.767584],[-35.585634,-5.76728],[-35.586624,-5.765541],[-35.586329,-5.764991],[-35.584942,-5.765347],[-35.585003,-5.766276],[-35.584441,-5.766496],[-35.583337,-5.765027],[-35.583596,-5.764354],[-35.582487,-5.764204],[-35.581533,-5.763406],[-35.579159,-5.763785],[-35.578365,-5.767106],[-35.579068,-5.768479],[-35.579603,-5.768764],[-35.57846,-5.769141],[-35.578045,-5.772326],[-35.573795,-5.77469],[-35.573059,-5.777075],[-35.572125,-5.783171],[-35.570409,-5.784228],[-35.569898,-5.785508],[-35.568107,-5.786873],[-35.56855,-5.783081],[-35.568956,-5.782254],[-35.569001,-5.7798],[-35.569642,-5.778596],[-35.570978,-5.778252],[-35.571808,-5.775545],[-35.570006,-5.775143],[-35.570543,-5.771028],[-35.571256,-5.769762],[-35.571279,-5.768642],[-35.569702,-5.767995],[-35.570348,-5.766621],[-35.569965,-5.764529],[-35.569582,-5.76358],[-35.567409,-5.763169],[-35.568549,-5.758309],[-35.568194,-5.757869],[-35.568602,-5.757653],[-35.569236,-5.755903],[-35.570182,-5.755547],[-35.569965,-5.754063],[-35.571104,-5.749872],[-35.569236,-5.748135],[-35.565793,-5.747658],[-35.565907,-5.746248],[-35.564742,-5.746605],[-35.564584,-5.747714],[-35.563742,-5.748046],[-35.562773,-5.747445],[-35.561231,-5.747195],[-35.559127,-5.748024],[-35.55793,-5.747076],[-35.550266,-5.746549],[-35.550031,-5.745009],[-35.550396,-5.743466],[-35.549463,-5.742405],[-35.54857,-5.742534],[-35.548857,-5.738994],[-35.546032,-5.738647],[-35.545329,-5.73978],[-35.544626,-5.739266],[-35.543567,-5.735557],[-35.544283,-5.735941],[-35.545442,-5.73504],[-35.5456,-5.733931],[-35.544522,-5.730484],[-35.54469,-5.729243],[-35.546641,-5.726951],[-35.545272,-5.726253],[-35.545014,-5.725243],[-35.546386,-5.724226],[-35.546301,-5.722768],[-35.543505,-5.722271],[-35.543434,-5.722881],[-35.542731,-5.723035],[-35.539444,-5.722557],[-35.53742,-5.720306],[-35.53721,-5.719403],[-35.536031,-5.718792],[-35.534847,-5.718759],[-35.534779,-5.718448],[-35.533465,-5.718781],[-35.532912,-5.718523],[-35.531631,-5.720138],[-35.529946,-5.721268],[-35.528502,-5.721391],[-35.528771,-5.722139],[-35.528261,-5.723104],[-35.528266,-5.724187],[-35.52775,-5.724447],[-35.52768,-5.725655],[-35.525742,-5.725299],[-35.521074,-5.721495],[-35.521012,-5.720949],[-35.516964,-5.72172],[-35.517511,-5.720573],[-35.517203,-5.718848],[-35.516187,-5.719213],[-35.515249,-5.717896],[-35.514152,-5.717768],[-35.513892,-5.717201],[-35.511945,-5.717594],[-35.51226,-5.718032],[-35.512026,-5.719899],[-35.510499,-5.720362],[-35.509739,-5.723657],[-35.508349,-5.724285],[-35.506567,-5.727109],[-35.504291,-5.72853],[-35.503069,-5.730106],[-35.502369,-5.73012],[-35.501776,-5.729417],[-35.500944,-5.72962],[-35.499855,-5.73052],[-35.500215,-5.731409],[-35.49997,-5.731811],[-35.499043,-5.73163]]],[[[-35.672914,-5.719792],[-35.67277,-5.721031],[-35.67389,-5.722095],[-35.674465,-5.722167],[-35.675236,-5.721621],[-35.674266,-5.720996],[-35.673572,-5.719568],[-35.672914,-5.719792]]],[[[-35.672254,-5.716854],[-35.672294,-5.717577],[-35.672575,-5.717514],[-35.672254,-5.716854]]],[[[-35.671762,-5.715699],[-35.671987,-5.716126],[-35.671559,-5.714954],[-35.671762,-5.715699]]],[[[-35.695679,-5.707231],[-35.695161,-5.707498],[-35.69507,-5.708057],[-35.695679,-5.707231]]],[[[-35.696174,-5.706559],[-35.698268,-5.704346],[-35.696203,-5.706111],[-35.695834,-5.70702],[-35.696174,-5.706559]]]]}},{"type":"Feature","id":2,"properties":{"formacao":"Formação Pioneira","subformacao":"Formação Pioneira com influência marinha","unidade_vegetacao":"Formação Pioneira com influência marinha","situacao":"Vegetação Natural Dominante","peso":1.4,"fonte":"Base de vegetação do acervo geoespacial do Projeto Potengi"},"geometry":{"type":"MultiPolygon","coordinates":[[[[-35.244785,-5.841226],[-35.244559,-5.841404],[-35.244786,-5.841481],[-35.244785,-5.841226]]],[[[-35.221335,-5.735728],[-35.215185,-5.737552],[-35.214279,-5.739337],[-35.210842,-5.740794],[-35.210213,-5.742737],[-35.211362,-5.743228],[-35.212889,-5.74248],[-35.214078,-5.742434],[-35.214884,-5.74177],[-35.215395,-5.742347],[-35.215734,-5.741974],[-35.216712,-5.742136],[-35.216752,-5.74302],[-35.217154,-5.743357],[-35.217238,-5.743109],[-35.217932,-5.744094],[-35.217953,-5.746934],[-35.221216,-5.746523],[-35.222347,-5.746833],[-35.222798,-5.746549],[-35.222441,-5.746017],[-35.222985,-5.744446],[-35.222814,-5.74228],[-35.224614,-5.739951],[-35.225389,-5.739823],[-35.225748,-5.740669],[-35.226912,-5.740915],[-35.22733,-5.740255],[-35.226255,-5.738062],[-35.22536,-5.737898],[-35.225309,-5.737499],[-35.225819,-5.737064],[-35.226941,-5.737091],[-35.227578,-5.737618],[-35.229512,-5.736894],[-35.228117,-5.735372],[-35.221335,-5.735728]]]]}},{"type":"Feature","id":3,"properties":{"formacao":"Savana-Estépica","subformacao":"Influência urbana","situacao":"Área Antrópica Dominante","peso":2.1,"fonte":"Base de vegetação do acervo geoespacial do Projeto Potengi"},"geometry":{"type":"MultiPolygon","coordinates":[[[[-35.928517,-6.171813],[-35.92926,-6.168479],[-35.926632,-6.167512],[-35.923628,-6.167288],[-35.92274,-6.166451],[-35.92285,-6.165073],[-35.923762,-6.1636],[-35.923211,-6.163337],[-35.921952,-6.167003],[-35.922795,-6.170164],[-35.925472,-6.1718],[-35.928517,-6.171813]]],[[[-35.919547,-6.161103],[-35.920295,-6.161184],[-35.921463,-6.158498],[-35.92077,-6.157214],[-35.918106,-6.159888],[-35.919547,-6.161103]]],[[[-35.972311,-6.1652],[-35.972391,-6.164366],[-35.968299,-6.156371],[-35.965858,-6.154383],[-35.967436,-6.157218],[-35.967458,-6.158116],[-35.9692,-6.159502],[-35.971529,-6.162814],[-35.971762,-6.164535],[-35.972311,-6.1652]]],[[[-35.703373,-6.131614],[-35.70368,-6.130559],[-35.701752,-6.12966],[-35.700004,-6.127369],[-35.701696,-6.131677],[-35.703373,-6.131614]]],[[[-36.175198,-6.100686],[-36.174394,-6.101279],[-36.175314,-6.101183],[-36.176298,-6.101818],[-36.176341,-6.102326],[-36.176775,-6.102304],[-36.176763,-6.101468],[-36.177092,-6.101321],[-36.178244,-6.102125],[-36.17889,-6.102135],[-36.177833,-6.100834],[-36.176013,-6.100284],[-36.175992,-6.099809],[-36.176478,-6.099607],[-36.175971,-6.09837],[-36.175462,-6.098349],[-36.175199,-6.098803],[-36.175198,-6.100686]]],[[[-36.353813,-6.084857],[-36.35191,-6.084619],[-36.348341,-6.083429],[-36.345961,-6.08343],[-36.345723,-6.087475],[-36.346438,-6.089616],[-36.348341,-6.088665],[-36.350482,-6.088664],[-36.350958,-6.090568],[-36.349769,-6.092947],[-36.346475,-6.096562],[-36.348507,-6.095874],[-36.35318,-6.091227],[-36.353549,-6.089997],[-36.354554,-6.089126],[-36.356546,-6.088528],[-36.35717,-6.087841],[-36.356918,-6.086881],[-36.357264,-6.086561],[-36.358548,-6.086752],[-36.358882,-6.086391],[-36.35802,-6.084465],[-36.359237,-6.082505],[-36.356193,-6.084144],[-36.353813,-6.084857]]],[[[-36.057212,-6.087243],[-36.057399,-6.090347],[-36.058152,-6.0911],[-36.058434,-6.090065],[-36.060973,-6.086586],[-36.061068,-6.085552],[-36.062009,-6.08367],[-36.062949,-6.083293],[-36.063795,-6.083858],[-36.065301,-6.086586],[-36.066994,-6.087715],[-36.069062,-6.087715],[-36.071226,-6.08715],[-36.072825,-6.085833],[-36.073954,-6.085457],[-36.076117,-6.085363],[-36.076868,-6.086116],[-36.076587,-6.08809],[-36.073201,-6.09063],[-36.066805,-6.091006],[-36.063837,-6.093229],[-36.06765,-6.099033],[-36.069684,-6.100142],[-36.069665,-6.101027],[-36.071712,-6.101022],[-36.074431,-6.102163],[-36.07499,-6.101818],[-36.077259,-6.101936],[-36.077828,-6.101362],[-36.080014,-6.103523],[-36.08129,-6.101634],[-36.081195,-6.1006],[-36.075929,-6.099659],[-36.072637,-6.096649],[-36.072261,-6.094674],[-36.073107,-6.09411],[-36.079503,-6.093923],[-36.082512,-6.093075],[-36.084582,-6.093076],[-36.085522,-6.093452],[-36.087968,-6.095615],[-36.089484,-6.099238],[-36.090365,-6.09968],[-36.091883,-6.099522],[-36.092673,-6.100121],[-36.094418,-6.099894],[-36.095464,-6.100528],[-36.095746,-6.099521],[-36.096539,-6.099214],[-36.100045,-6.100245],[-36.102724,-6.10026],[-36.102067,-6.100085],[-36.102305,-6.097231],[-36.101829,-6.096278],[-36.100639,-6.095564],[-36.100597,-6.094854],[-36.095869,-6.092041],[-36.091824,-6.090912],[-36.089379,-6.088843],[-36.089348,-6.086945],[-36.088266,-6.085808],[-36.088742,-6.083905],[-36.088742,-6.081288],[-36.087789,-6.080336],[-36.083983,-6.078908],[-36.079938,-6.076767],[-36.078986,-6.075338],[-36.077558,-6.074149],[-36.07042,-6.073674],[-36.069231,-6.072722],[-36.068277,-6.071056],[-36.068278,-6.070105],[-36.067089,-6.0682],[-36.063995,-6.066773],[-36.063757,-6.063918],[-36.063044,-6.06249],[-36.061854,-6.0613],[-36.061853,-6.060824],[-36.060189,-6.060111],[-36.057809,-6.060349],[-36.05757,-6.061301],[-36.058761,-6.062966],[-36.059474,-6.0682],[-36.061378,-6.069867],[-36.061149,-6.071544],[-36.066805,-6.073605],[-36.067088,-6.075581],[-36.065112,-6.078215],[-36.062573,-6.080096],[-36.059752,-6.081412],[-36.057212,-6.087243]]],[[[-35.580296,-6.041376],[-35.580894,-6.039578],[-35.578525,-6.04014],[-35.579432,-6.041889],[-35.580296,-6.041376]]],[[[-35.58206,-6.039472],[-35.582861,-6.039003],[-35.582884,-6.038978],[-35.5815,-6.039329],[-35.58206,-6.039472]]],[[[-36.104398,-6.027983],[-36.105695,-6.028001],[-36.105545,-6.026554],[-36.104812,-6.025256],[-36.103119,-6.024918],[-36.102856,-6.025407],[-36.10327,-6.025915],[-36.102912,-6.026911],[-36.103795,-6.027175],[-36.104398,-6.027983]]],[[[-36.279438,-6.019257],[-36.27808,-6.018969],[-36.276576,-6.021011],[-36.278623,-6.020369],[-36.278536,-6.021284],[-36.279166,-6.021325],[-36.279438,-6.021928],[-36.27973,-6.021555],[-36.279585,-6.02007],[-36.280253,-6.019795],[-36.28098,-6.020196],[-36.281035,-6.020773],[-36.28259,-6.021011],[-36.282524,-6.021379],[-36.281103,-6.021861],[-36.282157,-6.023624],[-36.282323,-6.022538],[-36.283787,-6.02141],[-36.28406,-6.022727],[-36.287199,-6.023308],[-36.287954,-6.023913],[-36.287944,-6.024896],[-36.287146,-6.025458],[-36.286388,-6.02536],[-36.285337,-6.027536],[-36.286608,-6.02791],[-36.286381,-6.026595],[-36.288773,-6.024817],[-36.288761,-6.023729],[-36.28666,-6.021944],[-36.286827,-6.021554],[-36.286356,-6.021012],[-36.286591,-6.020467],[-36.286163,-6.020197],[-36.286659,-6.019533],[-36.287196,-6.019505],[-36.288237,-6.020568],[-36.288223,-6.019294],[-36.287787,-6.019459],[-36.287321,-6.018805],[-36.285963,-6.019603],[-36.285015,-6.019513],[-36.284874,-6.019138],[-36.284059,-6.019493],[-36.283244,-6.019262],[-36.281614,-6.016769],[-36.280689,-6.017205],[-36.280627,-6.018277],[-36.279438,-6.019257]]],[[[-35.493405,-5.909505],[-35.496596,-5.912708],[-35.497487,-5.912082],[-35.498812,-5.912395],[-35.500884,-5.913937],[-35.502305,-5.913769],[-35.502619,-5.91331],[-35.502546,-5.912733],[-35.501945,-5.912443],[-35.499849,-5.912082],[-35.500734,-5.911361],[-35.499896,-5.911214],[-35.498764,-5.911648],[-35.498162,-5.911046],[-35.496765,-5.911021],[-35.495536,-5.909817],[-35.494362,-5.907824],[-35.493405,-5.909505]]],[[[-36.332312,-5.899918],[-36.332847,-5.902107],[-36.333556,-5.902061],[-36.333798,-5.901541],[-36.335035,-5.902241],[-36.332912,-5.899327],[-36.332312,-5.899918]]],[[[-35.44096,-5.898233],[-35.437277,-5.89879],[-35.436592,-5.899518],[-35.434707,-5.900161],[-35.434194,-5.899775],[-35.433465,-5.899946],[-35.43389,-5.902959],[-35.434564,-5.903898],[-35.434612,-5.902911],[-35.435094,-5.902478],[-35.435744,-5.903344],[-35.437215,-5.904019],[-35.436371,-5.902887],[-35.436371,-5.90226],[-35.437238,-5.901875],[-35.436853,-5.90067],[-35.437768,-5.900646],[-35.438684,-5.899876],[-35.440925,-5.899393],[-35.44096,-5.898233]]],[[[-36.30053,-5.902229],[-36.299766,-5.905071],[-36.29914,-5.906144],[-36.297942,-5.906715],[-36.297283,-5.90647],[-36.296564,-5.903519],[-36.294867,-5.903527],[-36.294327,-5.906977],[-36.296148,-5.909745],[-36.297845,-5.909737],[-36.298522,-5.910642],[-36.299052,-5.911669],[-36.29908,-5.913055],[-36.298189,-5.913878],[-36.298513,-5.915976],[-36.299402,-5.916766],[-36.301059,-5.917282],[-36.302261,-5.919278],[-36.302637,-5.921413],[-36.304359,-5.923712],[-36.306223,-5.927668],[-36.307175,-5.928527],[-36.308492,-5.928163],[-36.308682,-5.926597],[-36.307317,-5.923204],[-36.308102,-5.920957],[-36.307617,-5.919341],[-36.308808,-5.917979],[-36.310131,-5.917549],[-36.310742,-5.916673],[-36.308963,-5.914237],[-36.311123,-5.914395],[-36.31228,-5.91606],[-36.312894,-5.916039],[-36.313679,-5.914648],[-36.315124,-5.91528],[-36.316622,-5.914336],[-36.317257,-5.915765],[-36.31801,-5.915688],[-36.318789,-5.91614],[-36.319996,-5.914581],[-36.320691,-5.91437],[-36.321315,-5.915074],[-36.32176,-5.917213],[-36.320879,-5.918071],[-36.319789,-5.918123],[-36.319401,-5.918753],[-36.319761,-5.920228],[-36.321772,-5.924062],[-36.321905,-5.926706],[-36.321232,-5.927513],[-36.319862,-5.927676],[-36.318267,-5.927231],[-36.317547,-5.92777],[-36.318343,-5.928882],[-36.31921,-5.929077],[-36.320098,-5.929867],[-36.321984,-5.930118],[-36.322323,-5.931807],[-36.323103,-5.932259],[-36.322829,-5.933161],[-36.323526,-5.933804],[-36.324543,-5.933813],[-36.325319,-5.935186],[-36.325617,-5.939224],[-36.327238,-5.940199],[-36.328026,-5.939664],[-36.327704,-5.936809],[-36.328691,-5.937211],[-36.329185,-5.940473],[-36.330038,-5.94172],[-36.329645,-5.943271],[-36.328329,-5.944493],[-36.325285,-5.942624],[-36.324959,-5.940008],[-36.323925,-5.93934],[-36.324249,-5.93761],[-36.322087,-5.936597],[-36.320822,-5.935203],[-36.320138,-5.933969],[-36.320326,-5.93329],[-36.318927,-5.931179],[-36.317667,-5.93168],[-36.315984,-5.931491],[-36.313584,-5.933127],[-36.313422,-5.934333],[-36.312035,-5.935153],[-36.309806,-5.935023],[-36.309256,-5.934225],[-36.309071,-5.932698],[-36.31043,-5.930921],[-36.311208,-5.930517],[-36.310231,-5.929984],[-36.308252,-5.930563],[-36.307263,-5.933257],[-36.309012,-5.935196],[-36.308485,-5.936309],[-36.30716,-5.9372],[-36.306299,-5.936479],[-36.306196,-5.935188],[-36.305563,-5.934614],[-36.305959,-5.934314],[-36.305867,-5.933748],[-36.304676,-5.933793],[-36.303868,-5.932845],[-36.303302,-5.933133],[-36.302541,-5.932879],[-36.301032,-5.931781],[-36.300556,-5.93224],[-36.300389,-5.933513],[-36.300588,-5.934449],[-36.301395,-5.935397],[-36.301373,-5.936119],[-36.299794,-5.936794],[-36.299959,-5.937728],[-36.301043,-5.939058],[-36.301583,-5.938669],[-36.301713,-5.939601],[-36.302707,-5.939476],[-36.30302,-5.939829],[-36.303438,-5.941867],[-36.302077,-5.94475],[-36.301191,-5.945672],[-36.297762,-5.947001],[-36.297834,-5.950431],[-36.296938,-5.951485],[-36.298091,-5.954992],[-36.29722,-5.959209],[-36.295283,-5.958803],[-36.294824,-5.957716],[-36.294888,-5.955153],[-36.294233,-5.954842],[-36.292708,-5.955257],[-36.292976,-5.95791],[-36.292453,-5.95853],[-36.291267,-5.959826],[-36.290435,-5.959173],[-36.29036,-5.957521],[-36.291365,-5.955949],[-36.291518,-5.954841],[-36.290304,-5.951264],[-36.28932,-5.94994],[-36.287457,-5.949475],[-36.285801,-5.949815],[-36.28681,-5.94732],[-36.286014,-5.946209],[-36.286842,-5.944294],[-36.286901,-5.941796],[-36.286634,-5.940855],[-36.285804,-5.941057],[-36.285167,-5.942262],[-36.284227,-5.942127],[-36.284475,-5.940697],[-36.284069,-5.939812],[-36.28314,-5.939546],[-36.283213,-5.936851],[-36.282745,-5.936752],[-36.282165,-5.933746],[-36.282756,-5.933132],[-36.282044,-5.932683],[-36.28185,-5.931682],[-36.284159,-5.930797],[-36.280419,-5.929141],[-36.281211,-5.926828],[-36.276903,-5.926381],[-36.275622,-5.92451],[-36.27487,-5.924587],[-36.273399,-5.92606],[-36.272966,-5.928135],[-36.270729,-5.928102],[-36.269015,-5.927451],[-36.268575,-5.927878],[-36.269583,-5.928874],[-36.268722,-5.92947],[-36.268544,-5.928271],[-36.267381,-5.927527],[-36.267679,-5.925443],[-36.267402,-5.923776],[-36.265812,-5.923264],[-36.264163,-5.920049],[-36.264043,-5.918986],[-36.264632,-5.917515],[-36.266758,-5.916354],[-36.268907,-5.916643],[-36.270712,-5.919607],[-36.276163,-5.917569],[-36.277264,-5.917386],[-36.278443,-5.917934],[-36.279141,-5.9168],[-36.277927,-5.916711],[-36.277853,-5.915915],[-36.275626,-5.912262],[-36.273471,-5.911182],[-36.272471,-5.911834],[-36.270763,-5.911972],[-36.267629,-5.908648],[-36.26641,-5.908625],[-36.266738,-5.909635],[-36.262934,-5.909686],[-36.259686,-5.906089],[-36.258435,-5.905604],[-36.257974,-5.906293],[-36.258562,-5.907456],[-36.258576,-5.91075],[-36.258188,-5.91138],[-36.257493,-5.911592],[-36.256776,-5.911211],[-36.256656,-5.910148],[-36.254824,-5.910146],[-36.254937,-5.909561],[-36.254111,-5.908842],[-36.253346,-5.907337],[-36.252133,-5.908104],[-36.252284,-5.908774],[-36.250085,-5.909995],[-36.248943,-5.909847],[-36.248957,-5.908794],[-36.247214,-5.908533],[-36.246662,-5.907769],[-36.245988,-5.90772],[-36.245397,-5.908335],[-36.242702,-5.907216],[-36.241794,-5.907543],[-36.240131,-5.909726],[-36.240317,-5.913428],[-36.239934,-5.913992],[-36.240819,-5.915703],[-36.243573,-5.918671],[-36.244747,-5.919284],[-36.24619,-5.91906],[-36.250189,-5.917379],[-36.251558,-5.917215],[-36.252483,-5.917547],[-36.252826,-5.918362],[-36.252464,-5.920375],[-36.250713,-5.921959],[-36.248467,-5.922913],[-36.246771,-5.922921],[-36.244919,-5.924036],[-36.244269,-5.923659],[-36.242962,-5.923893],[-36.242746,-5.92493],[-36.243027,-5.925675],[-36.24502,-5.927072],[-36.246404,-5.929347],[-36.248332,-5.93074],[-36.249889,-5.930787],[-36.250018,-5.930006],[-36.251228,-5.930161],[-36.251802,-5.932376],[-36.252409,-5.93242],[-36.253652,-5.933895],[-36.255505,-5.93798],[-36.25646,-5.93792],[-36.258155,-5.937056],[-36.259119,-5.935152],[-36.258231,-5.934363],[-36.256264,-5.93086],[-36.25455,-5.930209],[-36.257162,-5.927173],[-36.259432,-5.928525],[-36.258197,-5.928697],[-36.258412,-5.930294],[-36.26041,-5.930769],[-36.261081,-5.93174],[-36.261207,-5.932737],[-36.263829,-5.93655],[-36.264991,-5.936439],[-36.266622,-5.933792],[-36.268827,-5.933361],[-36.269445,-5.934131],[-36.27015,-5.932931],[-36.270309,-5.931758],[-36.271388,-5.930981],[-36.273801,-5.931355],[-36.275012,-5.932365],[-36.276024,-5.932439],[-36.277547,-5.933803],[-36.278099,-5.935422],[-36.277555,-5.936305],[-36.275255,-5.935346],[-36.271959,-5.934973],[-36.271206,-5.934193],[-36.2698,-5.934815],[-36.270134,-5.936617],[-36.269383,-5.93755],[-36.268541,-5.937027],[-36.267696,-5.937426],[-36.267777,-5.939012],[-36.269121,-5.940033],[-36.269077,-5.941478],[-36.269788,-5.941925],[-36.271949,-5.946429],[-36.271239,-5.946838],[-36.270227,-5.946763],[-36.268952,-5.948316],[-36.268461,-5.9494],[-36.268271,-5.951822],[-36.268682,-5.952642],[-36.270327,-5.952433],[-36.272651,-5.950497],[-36.274896,-5.95303],[-36.274949,-5.954088],[-36.273425,-5.955359],[-36.271548,-5.955946],[-36.270734,-5.956809],[-36.270817,-5.957473],[-36.271897,-5.957552],[-36.274834,-5.95994],[-36.276438,-5.960255],[-36.281658,-5.955962],[-36.283298,-5.955819],[-36.28402,-5.956136],[-36.284085,-5.957062],[-36.283443,-5.958332],[-36.283683,-5.959601],[-36.282401,-5.959507],[-36.281401,-5.960159],[-36.281282,-5.960807],[-36.279866,-5.961561],[-36.280885,-5.962425],[-36.279812,-5.963993],[-36.280555,-5.964047],[-36.280971,-5.964801],[-36.283104,-5.965286],[-36.277664,-5.968049],[-36.279918,-5.96874],[-36.284057,-5.967003],[-36.285636,-5.967644],[-36.288556,-5.972861],[-36.292093,-5.974503],[-36.295074,-5.974589],[-36.296322,-5.976853],[-36.297502,-5.9774],[-36.30074,-5.976781],[-36.304189,-5.977823],[-36.305006,-5.976039],[-36.30486,-5.972671],[-36.305877,-5.971823],[-36.308047,-5.971849],[-36.307897,-5.968547],[-36.306871,-5.966892],[-36.295502,-5.966456],[-36.295209,-5.964987],[-36.296412,-5.963494],[-36.298876,-5.962357],[-36.301283,-5.961941],[-36.307358,-5.962384],[-36.309877,-5.963161],[-36.316547,-5.96378],[-36.315172,-5.964865],[-36.316082,-5.965391],[-36.317841,-5.964599],[-36.318652,-5.965514],[-36.321704,-5.965539],[-36.322985,-5.964777],[-36.325448,-5.9641],[-36.326772,-5.964526],[-36.326587,-5.966027],[-36.325701,-5.96695],[-36.325344,-5.968043],[-36.324351,-5.968168],[-36.324777,-5.968791],[-36.325987,-5.968946],[-36.325428,-5.970024],[-36.325497,-5.970886],[-36.326177,-5.970869],[-36.328117,-5.969497],[-36.330632,-5.96856],[-36.331531,-5.969218],[-36.331666,-5.970545],[-36.331148,-5.9711],[-36.330979,-5.972404],[-36.325902,-5.972233],[-36.325206,-5.975078],[-36.324538,-5.975819],[-36.325441,-5.976412],[-36.329964,-5.976742],[-36.33003,-5.979381],[-36.32953,-5.981451],[-36.329994,-5.982473],[-36.328966,-5.982595],[-36.327687,-5.98158],[-36.325819,-5.982036],[-36.324534,-5.981087],[-36.322926,-5.980837],[-36.321743,-5.981212],[-36.32009,-5.98063],[-36.318841,-5.978366],[-36.316648,-5.977746],[-36.314033,-5.978213],[-36.310258,-5.977872],[-36.309154,-5.978976],[-36.30822,-5.978775],[-36.307961,-5.979482],[-36.309379,-5.980441],[-36.310748,-5.985546],[-36.309662,-5.988165],[-36.310026,-5.988719],[-36.311033,-5.988858],[-36.311123,-5.989458],[-36.307973,-5.994166],[-36.308232,-5.996094],[-36.308865,-5.996667],[-36.310784,-5.995556],[-36.310736,-5.994434],[-36.31218,-5.991576],[-36.312685,-5.98944],[-36.31193,-5.987805],[-36.312562,-5.986665],[-36.31432,-5.985873],[-36.315609,-5.986756],[-36.314355,-5.988048],[-36.313409,-5.990611],[-36.316885,-5.995672],[-36.317227,-5.998265],[-36.320192,-5.998547],[-36.322378,-6.001195],[-36.325022,-6.002765],[-36.328115,-6.002528],[-36.330019,-6.001338],[-36.330019,-6.0],[-36.332111,-6.0],[-36.336443,-6.004432],[-36.340013,-6.007049],[-36.348342,-6.010856],[-36.352862,-6.010856],[-36.353337,-6.011332],[-36.353099,-6.015139],[-36.35072,-6.015377],[-36.348817,-6.017043],[-36.340488,-6.01728],[-36.340488,-6.017756],[-36.34144,-6.018708],[-36.342392,-6.018946],[-36.343344,-6.019898],[-36.343106,-6.021564],[-36.34144,-6.023705],[-36.34025,-6.023705],[-36.339061,-6.022991],[-36.337158,-6.020374],[-36.336444,-6.019661],[-36.335491,-6.019422],[-36.33335,-6.019423],[-36.330494,-6.021088],[-36.330971,-6.023229],[-36.33335,-6.026561],[-36.333112,-6.029416],[-36.330257,-6.031319],[-36.330733,-6.036316],[-36.332637,-6.037743],[-36.333589,-6.037506],[-36.333587,-6.036078],[-36.332398,-6.033936],[-36.332398,-6.032034],[-36.337633,-6.031795],[-36.339536,-6.032985],[-36.341678,-6.036793],[-36.341678,-6.038219],[-36.340726,-6.0406],[-36.336919,-6.045119],[-36.33692,-6.047737],[-36.340726,-6.052259],[-36.341916,-6.055113],[-36.344058,-6.056303],[-36.345961,-6.056304],[-36.346199,-6.054162],[-36.345485,-6.051544],[-36.345961,-6.051069],[-36.346437,-6.051307],[-36.348103,-6.053924],[-36.349293,-6.058445],[-36.349531,-6.061538],[-36.350245,-6.062252],[-36.354527,-6.061776],[-36.359524,-6.061776],[-36.365473,-6.065345],[-36.366187,-6.06939],[-36.368805,-6.073911],[-36.368566,-6.078432],[-36.362379,-6.082478],[-36.361043,-6.082654],[-36.362352,-6.083685],[-36.363652,-6.082791],[-36.365876,-6.082705],[-36.366482,-6.082077],[-36.367695,-6.081933],[-36.367835,-6.081492],[-36.369317,-6.081751],[-36.369939,-6.079905],[-36.370679,-6.080099],[-36.371756,-6.079688],[-36.372027,-6.076918],[-36.372867,-6.076639],[-36.373035,-6.07574],[-36.372699,-6.075107],[-36.374404,-6.074402],[-36.374298,-6.072856],[-36.376461,-6.072569],[-36.377596,-6.071783],[-36.378461,-6.069862],[-36.37959,-6.069582],[-36.380587,-6.070313],[-36.381325,-6.069858],[-36.381306,-6.068112],[-36.380391,-6.067118],[-36.380179,-6.065541],[-36.381765,-6.064424],[-36.382104,-6.062929],[-36.383558,-6.062782],[-36.384145,-6.061704],[-36.383941,-6.060113],[-36.384707,-6.058641],[-36.385636,-6.058537],[-36.386013,-6.058944],[-36.388299,-6.056847],[-36.388904,-6.05706],[-36.38978,-6.05585],[-36.390285,-6.055699],[-36.39071,-6.056157],[-36.392531,-6.054679],[-36.392629,-6.053953],[-36.395432,-6.053849],[-36.395871,-6.052788],[-36.396545,-6.052627],[-36.395984,-6.051381],[-36.395024,-6.050496],[-36.39594,-6.050371],[-36.396709,-6.049734],[-36.397137,-6.04996],[-36.397286,-6.051052],[-36.398648,-6.052197],[-36.399688,-6.05127],[-36.399657,-6.050484],[-36.400115,-6.050339],[-36.400633,-6.048582],[-36.401707,-6.04924],[-36.404028,-6.049272],[-36.404716,-6.050014],[-36.405605,-6.048674],[-36.40538,-6.048031],[-36.406367,-6.047756],[-36.406797,-6.046406],[-36.408283,-6.045386],[-36.408494,-6.044307],[-36.408995,-6.043832],[-36.411178,-6.04346],[-36.411445,-6.044025],[-36.412769,-6.044391],[-36.413563,-6.044001],[-36.413379,-6.043105],[-36.412707,-6.042433],[-36.411782,-6.042663],[-36.411255,-6.042392],[-36.411115,-6.041519],[-36.411653,-6.040437],[-36.412024,-6.040628],[-36.41201,-6.039957],[-36.410022,-6.039621],[-36.41055,-6.037904],[-36.409403,-6.035743],[-36.407529,-6.035871],[-36.406424,-6.035032],[-36.405782,-6.035866],[-36.4058,-6.036761],[-36.404429,-6.037577],[-36.404507,-6.038307],[-36.403276,-6.03894],[-36.402098,-6.038767],[-36.401558,-6.037609],[-36.400238,-6.037455],[-36.399656,-6.036772],[-36.399102,-6.037058],[-36.398421,-6.036772],[-36.39807,-6.035851],[-36.397057,-6.034938],[-36.395692,-6.035073],[-36.395273,-6.034636],[-36.395136,-6.03393],[-36.395819,-6.032681],[-36.395833,-6.031449],[-36.396439,-6.031761],[-36.397517,-6.031391],[-36.398321,-6.030299],[-36.398536,-6.02758],[-36.39889,-6.02724],[-36.398423,-6.024468],[-36.39889,-6.023361],[-36.398293,-6.019906],[-36.397104,-6.017766],[-36.394011,-6.0161],[-36.393059,-6.020383],[-36.392583,-6.025856],[-36.391631,-6.027284],[-36.388538,-6.027521],[-36.386634,-6.02657],[-36.37902,-6.027046],[-36.377117,-6.025855],[-36.375451,-6.023238],[-36.375451,-6.022286],[-36.376165,-6.021335],[-36.379497,-6.020144],[-36.379496,-6.018242],[-36.377355,-6.018002],[-36.377355,-6.016576],[-36.378306,-6.015624],[-36.38021,-6.015386],[-36.3814,-6.016576],[-36.381399,-6.017051],[-36.383065,-6.018241],[-36.385445,-6.018241],[-36.38711,-6.017527],[-36.387349,-6.017052],[-36.382351,-6.013483],[-36.382589,-6.012054],[-36.386397,-6.011816],[-36.387111,-6.010864],[-36.386634,-6.008962],[-36.384254,-6.007296],[-36.383586,-6.005695],[-36.385251,-6.003921],[-36.387489,-6.002437],[-36.390204,-6.00247],[-36.392654,-6.004497],[-36.392517,-6.003096],[-36.391841,-6.002446],[-36.392074,-6.001746],[-36.390888,-6.000534],[-36.390028,-6.000395],[-36.38777,-6.002095],[-36.385385,-6.002706],[-36.382298,-6.005786],[-36.38055,-6.0065],[-36.378943,-6.00625],[-36.377944,-6.005644],[-36.377266,-6.002824],[-36.378,-5.998219],[-36.378489,-5.997673],[-36.377955,-5.995166],[-36.378362,-5.994379],[-36.376358,-5.993326],[-36.375985,-5.992121],[-36.375248,-5.991722],[-36.373955,-5.992007],[-36.373102,-5.988227],[-36.372783,-5.984169],[-36.375353,-5.97398],[-36.374802,-5.973198],[-36.37569,-5.972647],[-36.376686,-5.968697],[-36.378636,-5.951165],[-36.378608,-5.948683],[-36.376795,-5.947893],[-36.377737,-5.94625],[-36.378576,-5.945716],[-36.37854,-5.942441],[-36.376372,-5.941079],[-36.374525,-5.93864],[-36.374915,-5.936233],[-36.379104,-5.936472],[-36.379441,-5.935926],[-36.379375,-5.933202],[-36.38013,-5.932482],[-36.380855,-5.930472],[-36.382283,-5.930097],[-36.382043,-5.929396],[-36.382445,-5.928206],[-36.381587,-5.927356],[-36.379169,-5.927551],[-36.378606,-5.926966],[-36.378477,-5.925255],[-36.377218,-5.924797],[-36.374958,-5.922533],[-36.373478,-5.922202],[-36.372913,-5.922426],[-36.36861,-5.920276],[-36.366631,-5.920372],[-36.365996,-5.91996],[-36.365653,-5.920875],[-36.364507,-5.921646],[-36.364101,-5.923395],[-36.364177,-5.925903],[-36.364812,-5.926475],[-36.363646,-5.930144],[-36.360821,-5.93244],[-36.360645,-5.935589],[-36.359769,-5.936382],[-36.360354,-5.938463],[-36.35793,-5.938221],[-36.357396,-5.936338],[-36.355804,-5.936749],[-36.354967,-5.936162],[-36.354969,-5.934384],[-36.355804,-5.934116],[-36.356509,-5.932916],[-36.356764,-5.930498],[-36.357368,-5.929686],[-36.358012,-5.929272],[-36.359628,-5.930311],[-36.360208,-5.929827],[-36.359908,-5.927567],[-36.36079,-5.926708],[-36.360544,-5.925505],[-36.361808,-5.924083],[-36.362159,-5.923054],[-36.361575,-5.921827],[-36.360515,-5.921487],[-36.358448,-5.922784],[-36.357416,-5.921195],[-36.354465,-5.919004],[-36.354738,-5.918101],[-36.3559,-5.917989],[-36.356554,-5.917444],[-36.356909,-5.91635],[-36.357795,-5.915427],[-36.357167,-5.914788],[-36.356976,-5.912369],[-36.35644,-5.912135],[-36.355388,-5.912058],[-36.354019,-5.912837],[-36.353916,-5.913515],[-36.35487,-5.914854],[-36.354556,-5.915662],[-36.35257,-5.916593],[-36.351698,-5.917457],[-36.353136,-5.919027],[-36.351701,-5.919998],[-36.351498,-5.920668],[-36.350629,-5.920848],[-36.348869,-5.918864],[-36.349146,-5.915952],[-36.350245,-5.914762],[-36.348996,-5.913987],[-36.349858,-5.911948],[-36.349956,-5.910685],[-36.346825,-5.910163],[-36.346028,-5.908737],[-36.346605,-5.907802],[-36.347493,-5.907378],[-36.348778,-5.908351],[-36.351433,-5.905271],[-36.352303,-5.90509],[-36.352851,-5.905813],[-36.35361,-5.905772],[-36.353982,-5.905147],[-36.34793,-5.904484],[-36.340762,-5.905615],[-36.33546,-5.902585],[-36.33521,-5.903452],[-36.333969,-5.904145],[-36.333971,-5.905002],[-36.334639,-5.90775],[-36.33569,-5.909078],[-36.334721,-5.910189],[-36.333684,-5.910442],[-36.333427,-5.912004],[-36.333829,-5.912955],[-36.334545,-5.913337],[-36.335167,-5.913184],[-36.33561,-5.914468],[-36.33433,-5.915231],[-36.334332,-5.916943],[-36.333779,-5.9171],[-36.333602,-5.917614],[-36.332445,-5.917661],[-36.328297,-5.920388],[-36.32672,-5.920602],[-36.326463,-5.922163],[-36.324613,-5.924135],[-36.323854,-5.923422],[-36.324435,-5.920303],[-36.3234,-5.918779],[-36.323392,-5.913642],[-36.325304,-5.91174],[-36.328818,-5.911931],[-36.331249,-5.912964],[-36.332041,-5.912363],[-36.332801,-5.910444],[-36.332799,-5.908736],[-36.331758,-5.907276],[-36.331224,-5.907171],[-36.330435,-5.907706],[-36.329754,-5.906867],[-36.329163,-5.903992],[-36.330206,-5.901039],[-36.329712,-5.90041],[-36.325787,-5.899399],[-36.323308,-5.899877],[-36.321629,-5.901401],[-36.321983,-5.902941],[-36.323488,-5.905422],[-36.326373,-5.904974],[-36.327574,-5.906115],[-36.327509,-5.907822],[-36.328144,-5.909247],[-36.326021,-5.909488],[-36.322381,-5.910938],[-36.319635,-5.910474],[-36.319104,-5.909447],[-36.319271,-5.907287],[-36.318403,-5.906235],[-36.319001,-5.903777],[-36.31626,-5.902391],[-36.314843,-5.902287],[-36.315372,-5.905092],[-36.317265,-5.907798],[-36.317009,-5.90936],[-36.312951,-5.906561],[-36.312828,-5.904643],[-36.311925,-5.904906],[-36.311315,-5.905783],[-36.309718,-5.906259],[-36.310688,-5.904961],[-36.310486,-5.904207],[-36.30904,-5.904497],[-36.308125,-5.904035],[-36.307498,-5.905109],[-36.306804,-5.905322],[-36.305992,-5.90704],[-36.304563,-5.906212],[-36.305827,-5.904789],[-36.305676,-5.90412],[-36.304143,-5.902888],[-36.305797,-5.901692],[-36.305665,-5.90076],[-36.306852,-5.899464],[-36.307223,-5.898174],[-36.306456,-5.898448],[-36.303948,-5.90103],[-36.303411,-5.900069],[-36.304273,-5.89684],[-36.304203,-5.895122],[-36.302805,-5.893045],[-36.303268,-5.891432],[-36.304156,-5.891366],[-36.305239,-5.890523],[-36.305383,-5.889545],[-36.302924,-5.88976],[-36.301224,-5.891546],[-36.300905,-5.893037],[-36.301236,-5.895762],[-36.300684,-5.897631],[-36.301167,-5.89839],[-36.300224,-5.899177],[-36.300562,-5.900057],[-36.301649,-5.900928],[-36.30053,-5.902229]]],[[[-35.844396,-5.876487],[-35.844413,-5.87739],[-35.848638,-5.878445],[-35.848723,-5.878016],[-35.849623,-5.877846],[-35.850437,-5.878231],[-35.851465,-5.87746],[-35.852964,-5.877418],[-35.852964,-5.875961],[-35.85018,-5.876261],[-35.845383,-5.875532],[-35.844396,-5.876487]]],[[[-36.234578,-5.872041],[-36.232979,-5.872043],[-36.230771,-5.875752],[-36.231757,-5.87759],[-36.232682,-5.87748],[-36.233497,-5.877986],[-36.232721,-5.880159],[-36.233144,-5.880964],[-36.234029,-5.877759],[-36.232097,-5.875577],[-36.23285,-5.873027],[-36.234578,-5.872041]]],[[[-35.98057,-5.882442],[-35.981948,-5.882333],[-35.982792,-5.883459],[-35.985026,-5.889849],[-35.986623,-5.892521],[-35.986678,-5.893908],[-35.988619,-5.897085],[-35.991293,-5.899995],[-35.993054,-5.90268],[-35.994488,-5.906031],[-35.994682,-5.90913],[-35.995476,-5.911581],[-35.99644,-5.91394],[-35.997949,-5.915648],[-35.998243,-5.91817],[-35.997146,-5.920269],[-35.995629,-5.924889],[-35.992796,-5.927444],[-35.992571,-5.931683],[-35.991695,-5.933054],[-35.994935,-5.93505],[-35.996436,-5.935481],[-35.99761,-5.935196],[-35.997954,-5.935009],[-35.997279,-5.934533],[-35.996423,-5.932874],[-35.996339,-5.931857],[-35.99522,-5.930763],[-35.995311,-5.928909],[-35.997726,-5.926801],[-35.997906,-5.925218],[-35.998521,-5.92436],[-36.000459,-5.923566],[-36.001671,-5.920952],[-36.00335,-5.919125],[-36.007191,-5.919038],[-36.009563,-5.921713],[-36.012673,-5.921514],[-36.012816,-5.92092],[-36.011343,-5.918346],[-36.008546,-5.91493],[-36.00819,-5.913368],[-36.006837,-5.911688],[-36.005767,-5.911282],[-36.003866,-5.912304],[-36.002527,-5.911041],[-36.002293,-5.909164],[-36.002809,-5.907483],[-36.005033,-5.906625],[-36.008411,-5.904504],[-36.009836,-5.902239],[-36.010822,-5.902498],[-36.01383,-5.906187],[-36.015434,-5.907317],[-36.016556,-5.907452],[-36.017078,-5.906849],[-36.015606,-5.906233],[-36.014504,-5.904803],[-36.01442,-5.903726],[-36.012481,-5.902923],[-36.012915,-5.901806],[-36.011465,-5.900951],[-36.008576,-5.901243],[-36.008203,-5.901004],[-36.007695,-5.899072],[-36.006971,-5.899565],[-36.006247,-5.901576],[-36.00375,-5.902401],[-36.002836,-5.901981],[-36.002796,-5.900181],[-36.002023,-5.900082],[-36.001557,-5.89863],[-36.002009,-5.896962],[-36.003002,-5.89594],[-36.003788,-5.894228],[-36.004781,-5.893683],[-36.011878,-5.871812],[-36.008739,-5.871381],[-36.006181,-5.871922],[-36.003925,-5.879594],[-36.002955,-5.885253],[-36.003355,-5.888991],[-36.001285,-5.892125],[-36.000519,-5.89226],[-35.999677,-5.890994],[-35.998164,-5.890723],[-35.997658,-5.892972],[-35.996639,-5.894066],[-35.995977,-5.894123],[-35.995877,-5.8947],[-35.996434,-5.895274],[-35.998128,-5.895346],[-35.999238,-5.895855],[-35.999747,-5.901212],[-35.998876,-5.901147],[-35.998473,-5.9],[-35.997111,-5.899899],[-35.996365,-5.901013],[-35.993896,-5.900351],[-35.992932,-5.897992],[-35.99408,-5.896641],[-35.994092,-5.894408],[-35.991406,-5.893038],[-35.98703,-5.885316],[-35.985441,-5.881155],[-35.985113,-5.875599],[-35.982962,-5.873684],[-35.980627,-5.869254],[-35.979797,-5.869352],[-35.978457,-5.87106],[-35.979618,-5.873701],[-35.978353,-5.878607],[-35.979136,-5.879091],[-35.98057,-5.882442]]],[[[-36.24168,-5.870532],[-36.24246,-5.870423],[-36.243784,-5.871269],[-36.245264,-5.873416],[-36.246499,-5.874134],[-36.248344,-5.876218],[-36.250795,-5.879739],[-36.251767,-5.880159],[-36.252294,-5.879849],[-36.252303,-5.878805],[-36.25122,-5.877055],[-36.251409,-5.874633],[-36.252077,-5.874334],[-36.253191,-5.874763],[-36.253606,-5.873123],[-36.256045,-5.872188],[-36.256038,-5.871352],[-36.257556,-5.870281],[-36.257819,-5.869673],[-36.255459,-5.868665],[-36.25498,-5.867447],[-36.255068,-5.863555],[-36.251352,-5.856948],[-36.250161,-5.855677],[-36.249082,-5.852953],[-36.248068,-5.853087],[-36.247138,-5.854899],[-36.247352,-5.855819],[-36.244908,-5.856823],[-36.244194,-5.859555],[-36.242188,-5.861357],[-36.241658,-5.86264],[-36.240579,-5.863606],[-36.241992,-5.86552],[-36.241494,-5.867159],[-36.240577,-5.867701],[-36.24168,-5.870532]]],[[[-36.072333,-5.845879],[-36.072258,-5.844595],[-36.07117,-5.842256],[-36.071322,-5.841297],[-36.066663,-5.841098],[-36.06615,-5.84174],[-36.067956,-5.843509],[-36.071249,-5.845713],[-36.072333,-5.845879]]],[[[-36.264878,-5.861766],[-36.264772,-5.863586],[-36.266024,-5.866254],[-36.265966,-5.868823],[-36.267985,-5.870483],[-36.273556,-5.878583],[-36.274056,-5.881198],[-36.27548,-5.885006],[-36.275719,-5.88738],[-36.274991,-5.888394],[-36.27658,-5.890685],[-36.278237,-5.892104],[-36.280001,-5.899072],[-36.280034,-5.904179],[-36.280955,-5.905944],[-36.279137,-5.907336],[-36.279515,-5.90812],[-36.282141,-5.908797],[-36.28229,-5.915041],[-36.285237,-5.920456],[-36.285475,-5.922365],[-36.287428,-5.922323],[-36.287773,-5.921024],[-36.287537,-5.920298],[-36.286424,-5.919748],[-36.284052,-5.914514],[-36.284194,-5.905625],[-36.283331,-5.903565],[-36.282862,-5.900951],[-36.282854,-5.898567],[-36.283228,-5.897722],[-36.282447,-5.89613],[-36.282049,-5.890875],[-36.281594,-5.889538],[-36.280714,-5.889049],[-36.280877,-5.887529],[-36.28227,-5.88602],[-36.282514,-5.884218],[-36.281659,-5.883026],[-36.280385,-5.882221],[-36.279535,-5.882075],[-36.277594,-5.882644],[-36.277039,-5.882018],[-36.27587,-5.879096],[-36.272371,-5.87403],[-36.270861,-5.872508],[-36.27023,-5.870206],[-36.271136,-5.869847],[-36.271305,-5.868298],[-36.272938,-5.867193],[-36.273928,-5.86711],[-36.276171,-5.866049],[-36.276894,-5.866129],[-36.277163,-5.867436],[-36.278109,-5.867825],[-36.279288,-5.870013],[-36.281192,-5.870725],[-36.282617,-5.873104],[-36.284522,-5.873583],[-36.286306,-5.876814],[-36.287621,-5.877863],[-36.290473,-5.877866],[-36.290712,-5.877393],[-36.288894,-5.875036],[-36.288186,-5.874989],[-36.288165,-5.872919],[-36.287828,-5.872284],[-36.285516,-5.871553],[-36.283424,-5.868631],[-36.282642,-5.866885],[-36.28336,-5.866504],[-36.283321,-5.86608],[-36.281928,-5.864711],[-36.281665,-5.862637],[-36.283667,-5.862868],[-36.284502,-5.863937],[-36.286456,-5.864443],[-36.287395,-5.863574],[-36.290231,-5.863585],[-36.292301,-5.865106],[-36.293289,-5.866403],[-36.293398,-5.867156],[-36.293225,-5.867519],[-36.291631,-5.867474],[-36.290912,-5.867854],[-36.290328,-5.868856],[-36.290219,-5.870114],[-36.290915,-5.870494],[-36.292312,-5.870242],[-36.294716,-5.871334],[-36.295555,-5.870191],[-36.296973,-5.87028],[-36.298431,-5.869542],[-36.303734,-5.870352],[-36.304489,-5.871815],[-36.305865,-5.87276],[-36.309137,-5.872952],[-36.310913,-5.874348],[-36.311277,-5.876838],[-36.312632,-5.878064],[-36.312085,-5.881659],[-36.312642,-5.883553],[-36.313481,-5.883942],[-36.314817,-5.882914],[-36.317995,-5.882138],[-36.319278,-5.880542],[-36.319063,-5.875325],[-36.317615,-5.873642],[-36.317352,-5.872685],[-36.316104,-5.871937],[-36.316198,-5.871029],[-36.31695,-5.869945],[-36.31695,-5.865092],[-36.314446,-5.864171],[-36.309497,-5.864719],[-36.301716,-5.861221],[-36.297504,-5.858865],[-36.293292,-5.855653],[-36.291365,-5.851727],[-36.291864,-5.849484],[-36.289806,-5.850338],[-36.290571,-5.848459],[-36.291075,-5.848161],[-36.291041,-5.845955],[-36.290498,-5.844981],[-36.2867,-5.844302],[-36.285224,-5.845596],[-36.28502,-5.846449],[-36.283974,-5.846641],[-36.283203,-5.845048],[-36.280184,-5.844961],[-36.278346,-5.846495],[-36.278318,-5.848629],[-36.27878,-5.848864],[-36.279936,-5.851685],[-36.27964,-5.853733],[-36.276861,-5.856734],[-36.274899,-5.857912],[-36.274528,-5.858589],[-36.274631,-5.861157],[-36.272428,-5.862335],[-36.271847,-5.861497],[-36.270601,-5.861447],[-36.26977,-5.860971],[-36.26977,-5.859543],[-36.269053,-5.858116],[-36.267628,-5.856217],[-36.26599,-5.855152],[-36.265969,-5.853411],[-36.265437,-5.852494],[-36.265118,-5.850504],[-36.26465,-5.849884],[-36.263671,-5.849862],[-36.263182,-5.848814],[-36.261556,-5.847563],[-36.260324,-5.844001],[-36.258917,-5.84214],[-36.258464,-5.840768],[-36.257659,-5.840041],[-36.256923,-5.840656],[-36.256973,-5.841663],[-36.261619,-5.849652],[-36.261509,-5.850249],[-36.259996,-5.850881],[-36.259958,-5.851348],[-36.26075,-5.851971],[-36.262396,-5.852407],[-36.263342,-5.853833],[-36.263349,-5.858832],[-36.264108,-5.861145],[-36.264878,-5.861766]]],[[[-36.257638,-5.832498],[-36.25725,-5.832282],[-36.255941,-5.833552],[-36.252255,-5.835586],[-36.253782,-5.836635],[-36.255082,-5.836563],[-36.256617,-5.839021],[-36.257566,-5.839007],[-36.257663,-5.837758],[-36.259913,-5.836582],[-36.26088,-5.83523],[-36.261647,-5.835369],[-36.262169,-5.836413],[-36.262948,-5.836333],[-36.261531,-5.834344],[-36.262236,-5.832187],[-36.259545,-5.832421],[-36.259117,-5.831462],[-36.257638,-5.832498]]],[[[-35.973751,-5.803094],[-35.974713,-5.80815],[-35.9771,-5.806006],[-35.977569,-5.806005],[-35.978176,-5.808061],[-35.977918,-5.810256],[-35.976465,-5.811334],[-35.975829,-5.812189],[-35.976045,-5.812706],[-35.978441,-5.811798],[-35.980346,-5.814363],[-35.981635,-5.817634],[-35.982805,-5.82076],[-35.982811,-5.822662],[-35.983955,-5.824741],[-35.983788,-5.825773],[-35.984825,-5.826268],[-35.985716,-5.825694],[-35.987331,-5.825757],[-35.988052,-5.828976],[-35.989776,-5.830024],[-35.991925,-5.830601],[-35.993684,-5.829019],[-35.994364,-5.826939],[-35.995766,-5.826083],[-35.996335,-5.826839],[-35.998334,-5.826694],[-36.0,-5.825886],[-36.000987,-5.82833],[-36.001986,-5.829186],[-36.007115,-5.82859],[-36.008597,-5.827703],[-36.007593,-5.825883],[-36.001644,-5.81944],[-36.001378,-5.817654],[-35.999821,-5.81582],[-35.994754,-5.814089],[-35.993857,-5.811469],[-35.992908,-5.810504],[-35.992249,-5.808583],[-35.990219,-5.806601],[-35.990085,-5.804936],[-35.987962,-5.804572],[-35.98589,-5.803532],[-35.985584,-5.802756],[-35.984142,-5.802147],[-35.981495,-5.799009],[-35.980369,-5.798565],[-35.979983,-5.797771],[-35.977455,-5.797079],[-35.977121,-5.795993],[-35.974281,-5.801296],[-35.973751,-5.803094]]],[[[-35.91765,-5.795841],[-35.91443,-5.799424],[-35.91486,-5.800501],[-35.916127,-5.800805],[-35.916971,-5.801537],[-35.918512,-5.79948],[-35.920545,-5.79934],[-35.921909,-5.801112],[-35.922843,-5.800722],[-35.92354,-5.802237],[-35.922949,-5.802652],[-35.923103,-5.803357],[-35.924782,-5.804823],[-35.923893,-5.808063],[-35.921616,-5.810781],[-35.920033,-5.811749],[-35.921234,-5.812883],[-35.923517,-5.81324],[-35.923516,-5.813721],[-35.923907,-5.813877],[-35.923659,-5.814723],[-35.922709,-5.815679],[-35.922042,-5.815701],[-35.922016,-5.817342],[-35.923183,-5.818053],[-35.925088,-5.817821],[-35.926747,-5.81615],[-35.92848,-5.81589],[-35.928726,-5.815355],[-35.927516,-5.81448],[-35.929928,-5.813366],[-35.931198,-5.814104],[-35.932934,-5.813773],[-35.934129,-5.814487],[-35.935321,-5.816157],[-35.935557,-5.818058],[-35.936704,-5.818508],[-35.937496,-5.818275],[-35.93795,-5.817321],[-35.937408,-5.816139],[-35.936033,-5.815033],[-35.935162,-5.813548],[-35.93556,-5.812868],[-35.937673,-5.812775],[-35.932759,-5.810416],[-35.930122,-5.807877],[-35.929911,-5.808417],[-35.930363,-5.811142],[-35.929369,-5.811632],[-35.927943,-5.811633],[-35.926615,-5.809568],[-35.926675,-5.808608],[-35.927185,-5.808357],[-35.928251,-5.808652],[-35.927491,-5.807753],[-35.928176,-5.805664],[-35.926576,-5.803812],[-35.926586,-5.802095],[-35.925711,-5.800468],[-35.926195,-5.798768],[-35.925378,-5.797564],[-35.923708,-5.796636],[-35.923389,-5.796852],[-35.920347,-5.792906],[-35.915768,-5.789435],[-35.915838,-5.791562],[-35.916497,-5.792352],[-35.91765,-5.795368],[-35.91765,-5.795841]]],[[[-35.489212,-5.745568],[-35.487752,-5.74801],[-35.488914,-5.748998],[-35.492908,-5.747538],[-35.493598,-5.746013],[-35.494502,-5.746046],[-35.495234,-5.745404],[-35.494914,-5.744683],[-35.494087,-5.74418],[-35.492731,-5.744136],[-35.492175,-5.743146],[-35.490653,-5.743724],[-35.490256,-5.745287],[-35.489212,-5.745568]]],[[[-35.499003,-5.73649],[-35.498164,-5.736485],[-35.497511,-5.737139],[-35.496608,-5.737135],[-35.495518,-5.737775],[-35.495129,-5.737371],[-35.494438,-5.738844],[-35.493135,-5.739233],[-35.493308,-5.74047],[-35.495183,-5.740447],[-35.497612,-5.738432],[-35.500192,-5.737346],[-35.500499,-5.736581],[-35.499419,-5.735642],[-35.499003,-5.73649]]],[[[-35.498332,-5.734393],[-35.497288,-5.733068],[-35.497382,-5.733858],[-35.498332,-5.734393]]],[[[-35.835706,-5.72964],[-35.836213,-5.729478],[-35.835478,-5.729278],[-35.835706,-5.72964]]],[[[-35.849652,-5.726882],[-35.851885,-5.72686],[-35.85325,-5.727439],[-35.854718,-5.730591],[-35.852249,-5.732314],[-35.852526,-5.732693],[-35.85415,-5.732337],[-35.862043,-5.734182],[-35.864526,-5.732281],[-35.865688,-5.729903],[-35.864303,-5.729358],[-35.864284,-5.728011],[-35.861256,-5.724101],[-35.857247,-5.723661],[-35.852868,-5.724042],[-35.849652,-5.726882]]],[[[-35.519952,-5.72127],[-35.518598,-5.721474],[-35.518882,-5.721581],[-35.520648,-5.721155],[-35.521012,-5.720949],[-35.520445,-5.720553],[-35.519952,-5.72127]]],[[[-35.517511,-5.720573],[-35.517684,-5.719597],[-35.517303,-5.718812],[-35.517125,-5.719796],[-35.517511,-5.720573]]],[[[-35.536031,-5.718792],[-35.5351,-5.718367],[-35.534779,-5.718448],[-35.534847,-5.718759],[-35.536031,-5.718792]]],[[[-35.745127,-5.711281],[-35.745353,-5.711064],[-35.745204,-5.709954],[-35.745127,-5.711281]]],[[[-35.724994,-5.696892],[-35.724133,-5.697671],[-35.724619,-5.698668],[-35.724241,-5.699769],[-35.723311,-5.700706],[-35.721913,-5.701285],[-35.722764,-5.702986],[-35.720444,-5.703549],[-35.719652,-5.702694],[-35.718995,-5.702926],[-35.718223,-5.702416],[-35.718393,-5.701019],[-35.717249,-5.699352],[-35.71717,-5.698161],[-35.715368,-5.696949],[-35.714164,-5.698732],[-35.71293,-5.698706],[-35.712126,-5.699863],[-35.710869,-5.69952],[-35.709692,-5.699858],[-35.709078,-5.698614],[-35.707377,-5.698238],[-35.707141,-5.700279],[-35.70587,-5.700435],[-35.705155,-5.701558],[-35.703583,-5.700267],[-35.701589,-5.701109],[-35.700776,-5.700831],[-35.69954,-5.701343],[-35.699552,-5.701931],[-35.701883,-5.702703],[-35.702774,-5.703898],[-35.705651,-5.704751],[-35.706871,-5.704208],[-35.708754,-5.70458],[-35.710901,-5.702921],[-35.712087,-5.702921],[-35.713961,-5.706326],[-35.715049,-5.706235],[-35.716028,-5.706904],[-35.71396,-5.707929],[-35.711106,-5.707841],[-35.710687,-5.711481],[-35.710889,-5.713164],[-35.712085,-5.713388],[-35.715015,-5.712909],[-35.715724,-5.712398],[-35.71892,-5.712019],[-35.719071,-5.713384],[-35.721158,-5.713429],[-35.721398,-5.711162],[-35.722228,-5.710943],[-35.723361,-5.712304],[-35.723629,-5.71339],[-35.721596,-5.714845],[-35.720948,-5.716589],[-35.721362,-5.720286],[-35.720061,-5.720338],[-35.718559,-5.718678],[-35.716758,-5.719049],[-35.716033,-5.718684],[-35.713934,-5.718964],[-35.712481,-5.7197],[-35.711851,-5.720765],[-35.712231,-5.721374],[-35.712166,-5.723741],[-35.711433,-5.724079],[-35.711299,-5.725028],[-35.712169,-5.729381],[-35.714981,-5.729085],[-35.715941,-5.727972],[-35.719028,-5.727133],[-35.723747,-5.72766],[-35.726451,-5.728711],[-35.727782,-5.728755],[-35.727489,-5.729522],[-35.725677,-5.729668],[-35.723638,-5.731206],[-35.723621,-5.734308],[-35.725641,-5.734461],[-35.726852,-5.735286],[-35.728119,-5.735438],[-35.727625,-5.73653],[-35.723869,-5.739179],[-35.721409,-5.739444],[-35.717813,-5.738665],[-35.71099,-5.736118],[-35.709227,-5.737113],[-35.69856,-5.73812],[-35.697442,-5.737397],[-35.699055,-5.735779],[-35.698917,-5.735317],[-35.697714,-5.735113],[-35.696269,-5.733543],[-35.693366,-5.731399],[-35.69338,-5.729763],[-35.692986,-5.728888],[-35.691473,-5.728209],[-35.690016,-5.729001],[-35.687738,-5.729167],[-35.686467,-5.728812],[-35.687193,-5.727997],[-35.687939,-5.723766],[-35.694974,-5.722211],[-35.69411,-5.72429],[-35.694238,-5.725597],[-35.696203,-5.728084],[-35.696921,-5.728084],[-35.698526,-5.726714],[-35.698737,-5.724526],[-35.697709,-5.722136],[-35.700569,-5.721957],[-35.701308,-5.720715],[-35.704842,-5.717936],[-35.700322,-5.713475],[-35.698998,-5.711174],[-35.698061,-5.710539],[-35.698284,-5.709202],[-35.697989,-5.707091],[-35.699239,-5.706297],[-35.699204,-5.704983],[-35.69989,-5.704677],[-35.699428,-5.703629],[-35.698267,-5.704347],[-35.69507,-5.708057],[-35.694792,-5.709389],[-35.693313,-5.711873],[-35.691725,-5.713002],[-35.691741,-5.713786],[-35.69084,-5.714546],[-35.690612,-5.715917],[-35.689855,-5.716946],[-35.686408,-5.720072],[-35.67774,-5.723233],[-35.675236,-5.721621],[-35.674465,-5.722167],[-35.67389,-5.722095],[-35.67277,-5.721031],[-35.672914,-5.719792],[-35.673572,-5.719568],[-35.672575,-5.717514],[-35.672294,-5.717577],[-35.668485,-5.706523],[-35.666209,-5.704794],[-35.662845,-5.704578],[-35.655897,-5.705125],[-35.653969,-5.704054],[-35.65347,-5.702555],[-35.65204,-5.701279],[-35.645951,-5.700099],[-35.643404,-5.700342],[-35.640906,-5.703483],[-35.63905,-5.706695],[-35.636725,-5.707675],[-35.636719,-5.708633],[-35.634103,-5.708218],[-35.633612,-5.709149],[-35.63284,-5.708893],[-35.630537,-5.709802],[-35.630061,-5.71104],[-35.629113,-5.711818],[-35.62815,-5.710922],[-35.62673,-5.711864],[-35.626254,-5.71456],[-35.625216,-5.716861],[-35.624735,-5.717167],[-35.625251,-5.718691],[-35.625011,-5.724327],[-35.622251,-5.726897],[-35.617016,-5.728039],[-35.614256,-5.727849],[-35.612162,-5.728515],[-35.610639,-5.731085],[-35.607927,-5.732465],[-35.6055,-5.735178],[-35.601359,-5.738033],[-35.598857,-5.742484],[-35.597969,-5.741975],[-35.596802,-5.742001],[-35.595065,-5.743272],[-35.591124,-5.74382],[-35.590157,-5.74483],[-35.588249,-5.745606],[-35.587638,-5.744628],[-35.584938,-5.744059],[-35.583619,-5.744506],[-35.582991,-5.745168],[-35.581408,-5.745275],[-35.581074,-5.744428],[-35.57682,-5.743379],[-35.575926,-5.742879],[-35.575784,-5.74212],[-35.575146,-5.7419],[-35.572536,-5.741788],[-35.571944,-5.740963],[-35.570964,-5.740487],[-35.571162,-5.739182],[-35.570452,-5.738067],[-35.570525,-5.736848],[-35.569577,-5.736373],[-35.569446,-5.735269],[-35.570234,-5.734593],[-35.570141,-5.733174],[-35.569574,-5.732667],[-35.570744,-5.730607],[-35.567797,-5.72938],[-35.566695,-5.729918],[-35.563681,-5.72948],[-35.563519,-5.728446],[-35.562816,-5.728193],[-35.561956,-5.728609],[-35.560717,-5.727457],[-35.560179,-5.724917],[-35.55893,-5.724026],[-35.558863,-5.722899],[-35.560026,-5.722582],[-35.560233,-5.722004],[-35.560031,-5.721564],[-35.559156,-5.721293],[-35.559581,-5.720253],[-35.559358,-5.718939],[-35.55839,-5.718476],[-35.557808,-5.717643],[-35.557801,-5.716748],[-35.556063,-5.716919],[-35.555213,-5.717745],[-35.554172,-5.717592],[-35.553946,-5.718327],[-35.552233,-5.718321],[-35.551733,-5.71918],[-35.550283,-5.719898],[-35.549155,-5.719325],[-35.548428,-5.719617],[-35.547889,-5.719241],[-35.547149,-5.721506],[-35.545889,-5.721974],[-35.543527,-5.722088],[-35.546301,-5.722768],[-35.54646,-5.723308],[-35.546386,-5.724226],[-35.545014,-5.725243],[-35.545272,-5.726253],[-35.546641,-5.726951],[-35.54469,-5.729243],[-35.544522,-5.730484],[-35.5456,-5.733931],[-35.545442,-5.73504],[-35.544283,-5.735941],[-35.543567,-5.735557],[-35.544626,-5.739266],[-35.545329,-5.73978],[-35.546032,-5.738647],[-35.548857,-5.738994],[-35.54857,-5.742534],[-35.549463,-5.742405],[-35.550396,-5.743466],[-35.550031,-5.745009],[-35.550266,-5.746549],[-35.55793,-5.747076],[-35.559127,-5.748024],[-35.561231,-5.747195],[-35.562773,-5.747445],[-35.563742,-5.748046],[-35.564584,-5.747714],[-35.564742,-5.746605],[-35.565907,-5.746248],[-35.565793,-5.747658],[-35.569236,-5.748135],[-35.571104,-5.749872],[-35.569965,-5.754063],[-35.570182,-5.755547],[-35.569236,-5.755903],[-35.568602,-5.757653],[-35.568194,-5.757869],[-35.568549,-5.758309],[-35.567409,-5.763169],[-35.569582,-5.76358],[-35.569965,-5.764529],[-35.570348,-5.766621],[-35.569702,-5.767995],[-35.571279,-5.768642],[-35.571256,-5.769762],[-35.570543,-5.771028],[-35.570006,-5.775143],[-35.571808,-5.775545],[-35.570978,-5.778252],[-35.569642,-5.778596],[-35.569001,-5.7798],[-35.568956,-5.782254],[-35.56855,-5.783081],[-35.568107,-5.786873],[-35.569898,-5.785508],[-35.570409,-5.784228],[-35.572125,-5.783171],[-35.573059,-5.777075],[-35.573795,-5.77469],[-35.578045,-5.772326],[-35.57846,-5.769141],[-35.579603,-5.768764],[-35.579068,-5.768479],[-35.578365,-5.767106],[-35.579159,-5.763785],[-35.581533,-5.763406],[-35.582487,-5.764204],[-35.583596,-5.764354],[-35.583337,-5.765027],[-35.584441,-5.766496],[-35.585003,-5.766276],[-35.584942,-5.765347],[-35.586329,-5.764991],[-35.586624,-5.765541],[-35.585634,-5.76728],[-35.586594,-5.767584],[-35.589649,-5.767386],[-35.592359,-5.768575],[-35.592389,-5.774672],[-35.593391,-5.77488],[-35.593836,-5.779432],[-35.59225,-5.780384],[-35.593351,-5.781887],[-35.593415,-5.782782],[-35.596203,-5.78273],[-35.596144,-5.785991],[-35.595592,-5.786509],[-35.595479,-5.789173],[-35.59494,-5.790372],[-35.592306,-5.78985],[-35.590256,-5.78993],[-35.59025,-5.791608],[-35.587305,-5.79241],[-35.586318,-5.792004],[-35.586227,-5.790612],[-35.584417,-5.790357],[-35.582579,-5.789543],[-35.581022,-5.790101],[-35.577951,-5.794484],[-35.57725,-5.797195],[-35.576437,-5.797464],[-35.574218,-5.796971],[-35.572864,-5.797142],[-35.572354,-5.796498],[-35.572119,-5.795134],[-35.572597,-5.794748],[-35.572942,-5.792586],[-35.571654,-5.792661],[-35.569771,-5.791375],[-35.568836,-5.791283],[-35.567919,-5.790026],[-35.565041,-5.790334],[-35.562576,-5.789751],[-35.561252,-5.790742],[-35.561306,-5.791171],[-35.560446,-5.791566],[-35.558544,-5.792323],[-35.55716,-5.792043],[-35.555707,-5.794401],[-35.554563,-5.794787],[-35.553787,-5.794041],[-35.552328,-5.79385],[-35.5516,-5.795597],[-35.548737,-5.793698],[-35.548051,-5.79411],[-35.548209,-5.79666],[-35.548763,-5.797363],[-35.545788,-5.803173],[-35.543119,-5.804889],[-35.537607,-5.806602],[-35.533989,-5.806406],[-35.530177,-5.804508],[-35.526969,-5.80504],[-35.528421,-5.802556],[-35.528642,-5.800929],[-35.527985,-5.799149],[-35.526844,-5.799801],[-35.525666,-5.799801],[-35.525095,-5.800745],[-35.523009,-5.801191],[-35.523539,-5.802356],[-35.521668,-5.802624],[-35.520504,-5.802146],[-35.520664,-5.800731],[-35.520086,-5.800167],[-35.520087,-5.799606],[-35.51923,-5.799194],[-35.518331,-5.799298],[-35.518013,-5.801566],[-35.51767,-5.801551],[-35.516695,-5.799973],[-35.515799,-5.800034],[-35.514741,-5.801554],[-35.514081,-5.80146],[-35.514813,-5.79957],[-35.514173,-5.799218],[-35.512203,-5.79989],[-35.512466,-5.801597],[-35.511908,-5.802981],[-35.510445,-5.802912],[-35.509432,-5.803311],[-35.508399,-5.802324],[-35.507935,-5.801185],[-35.506819,-5.800386],[-35.503433,-5.799868],[-35.50284,-5.800601],[-35.502746,-5.802843],[-35.501454,-5.803393],[-35.500136,-5.803162],[-35.498275,-5.804144],[-35.497412,-5.803257],[-35.496217,-5.803165],[-35.496247,-5.802259],[-35.494897,-5.801335],[-35.49316,-5.801331],[-35.492964,-5.802095],[-35.490928,-5.801939],[-35.490267,-5.802407],[-35.490313,-5.803684],[-35.491023,-5.804065],[-35.49118,-5.804603],[-35.490778,-5.805431],[-35.489096,-5.805302],[-35.488467,-5.804822],[-35.486057,-5.805109],[-35.485801,-5.806391],[-35.484714,-5.806574],[-35.483297,-5.806572],[-35.481577,-5.805764],[-35.482541,-5.803763],[-35.481323,-5.803409],[-35.479868,-5.803774],[-35.479113,-5.80484],[-35.477813,-5.804957],[-35.474404,-5.803053],[-35.473558,-5.802059],[-35.473305,-5.799676],[-35.47182,-5.798985],[-35.470294,-5.797485],[-35.469858,-5.797365],[-35.467387,-5.798732],[-35.465474,-5.800879],[-35.464315,-5.798228],[-35.46451,-5.796869],[-35.462833,-5.796655],[-35.461809,-5.796943],[-35.461422,-5.796223],[-35.461829,-5.795323],[-35.461247,-5.795084],[-35.4595,-5.795602],[-35.457825,-5.795276],[-35.458045,-5.794212],[-35.458979,-5.793678],[-35.459077,-5.791912],[-35.458573,-5.792089],[-35.457806,-5.791122],[-35.456014,-5.787674],[-35.457094,-5.786917],[-35.45774,-5.785646],[-35.46,-5.78435],[-35.463414,-5.78487],[-35.463557,-5.782999],[-35.465777,-5.780186],[-35.469047,-5.777755],[-35.469082,-5.776358],[-35.470591,-5.775472],[-35.471564,-5.775547],[-35.472683,-5.77494],[-35.473973,-5.773312],[-35.474924,-5.772929],[-35.475595,-5.774552],[-35.476521,-5.774003],[-35.479639,-5.773982],[-35.481392,-5.775976],[-35.483614,-5.774935],[-35.485436,-5.774988],[-35.485982,-5.773733],[-35.486987,-5.773421],[-35.488954,-5.773874],[-35.491733,-5.773092],[-35.492109,-5.771951],[-35.49287,-5.771197],[-35.492764,-5.770273],[-35.489855,-5.766188],[-35.491004,-5.768417],[-35.490219,-5.769488],[-35.487435,-5.769916],[-35.480849,-5.76854],[-35.478029,-5.769145],[-35.468875,-5.769481],[-35.467971,-5.771278],[-35.469528,-5.771304],[-35.46869,-5.773283],[-35.466721,-5.773511],[-35.461441,-5.777165],[-35.460742,-5.775134],[-35.461714,-5.773356],[-35.464225,-5.771735],[-35.465332,-5.769976],[-35.465803,-5.768257],[-35.465398,-5.764904],[-35.468119,-5.764181],[-35.467926,-5.762699],[-35.466554,-5.762535],[-35.465667,-5.76178],[-35.465288,-5.759762],[-35.463925,-5.759862],[-35.4637,-5.758557],[-35.462512,-5.757858],[-35.459657,-5.757953],[-35.457182,-5.760808],[-35.452614,-5.760903],[-35.44573,-5.757015],[-35.439733,-5.754802],[-35.436378,-5.752589],[-35.433499,-5.752958],[-35.432678,-5.756015],[-35.429109,-5.761815],[-35.420632,-5.765087],[-35.410073,-5.765979],[-35.401378,-5.764348],[-35.395951,-5.762539],[-35.38992,-5.757564],[-35.386905,-5.754096],[-35.379668,-5.749724],[-35.376261,-5.751408],[-35.375072,-5.755584],[-35.375145,-5.759373],[-35.370321,-5.764499],[-35.361727,-5.76676],[-35.345144,-5.765856],[-35.3266,-5.760881],[-35.321191,-5.757031],[-35.317485,-5.755254],[-35.316854,-5.753466],[-35.315873,-5.753079],[-35.312367,-5.754022],[-35.308429,-5.75268],[-35.30701,-5.748558],[-35.30576,-5.747428],[-35.304866,-5.746943],[-35.304716,-5.747278],[-35.302962,-5.746259],[-35.300552,-5.74624],[-35.300669,-5.745294],[-35.299664,-5.744568],[-35.298896,-5.744905],[-35.298731,-5.74579],[-35.298129,-5.746117],[-35.296932,-5.745903],[-35.296262,-5.74633],[-35.295877,-5.747634],[-35.29301,-5.748503],[-35.281826,-5.757605],[-35.280875,-5.761233],[-35.2812,-5.764214],[-35.280738,-5.765941],[-35.277312,-5.767312],[-35.276055,-5.766512],[-35.27123,-5.760007],[-35.271508,-5.757289],[-35.269989,-5.756831],[-35.26981,-5.756177],[-35.267669,-5.75444],[-35.262577,-5.753583],[-35.261665,-5.753911],[-35.258981,-5.756212],[-35.258124,-5.755052],[-35.255266,-5.753117],[-35.251438,-5.753092],[-35.250475,-5.754045],[-35.246106,-5.754788],[-35.244678,-5.756358],[-35.242465,-5.7575],[-35.237682,-5.757286],[-35.231115,-5.755288],[-35.230687,-5.754788],[-35.231476,-5.752066],[-35.233268,-5.751057],[-35.236255,-5.746793],[-35.236112,-5.744437],[-35.234185,-5.743438],[-35.232186,-5.743866],[-35.23033,-5.743081],[-35.229901,-5.741511],[-35.231044,-5.740654],[-35.231186,-5.739797],[-35.230473,-5.737941],[-35.229512,-5.736894],[-35.227578,-5.737618],[-35.227336,-5.73717],[-35.225819,-5.737064],[-35.22536,-5.737898],[-35.226255,-5.738062],[-35.22733,-5.740255],[-35.226912,-5.740915],[-35.225748,-5.740669],[-35.225389,-5.739823],[-35.224614,-5.739951],[-35.222814,-5.74228],[-35.222985,-5.744446],[-35.222441,-5.746017],[-35.222798,-5.746549],[-35.217953,-5.746934],[-35.217932,-5.744094],[-35.217238,-5.743109],[-35.217154,-5.743357],[-35.216752,-5.74302],[-35.216712,-5.742136],[-35.215734,-5.741974],[-35.215395,-5.742347],[-35.214884,-5.74177],[-35.214078,-5.742434],[-35.212889,-5.74248],[-35.211362,-5.743228],[-35.210213,-5.742737],[-35.210842,-5.740794],[-35.214279,-5.739337],[-35.215185,-5.737552],[-35.207564,-5.739961],[-35.203838,-5.743071],[-35.203933,-5.745794],[-35.203476,-5.748763],[-35.202449,-5.75099],[-35.20089,-5.752201],[-35.195213,-5.754715],[-35.194836,-5.755614],[-35.199565,-5.759839],[-35.200271,-5.764065],[-35.199176,-5.771891],[-35.196922,-5.778273],[-35.196922,-5.780486],[-35.20369,-5.784557],[-35.204126,-5.788654],[-35.201881,-5.793218],[-35.202072,-5.7995],[-35.203404,-5.80483],[-35.202452,-5.809494],[-35.202738,-5.814634],[-35.205022,-5.815585],[-35.206069,-5.817108],[-35.212732,-5.818631],[-35.22263,-5.815205],[-35.227008,-5.814253],[-35.236519,-5.822185],[-35.240103,-5.828011],[-35.243639,-5.84109],[-35.247977,-5.842569],[-35.253054,-5.841878],[-35.257937,-5.848422],[-35.263157,-5.853466],[-35.275522,-5.853303],[-35.286152,-5.850543],[-35.305901,-5.862441],[-35.310185,-5.873148],[-35.315029,-5.88083],[-35.318837,-5.887968],[-35.322943,-5.903995],[-35.328722,-5.906935],[-35.33596,-5.908434],[-35.348997,-5.90997],[-35.355417,-5.914481],[-35.354878,-5.915345],[-35.355479,-5.916388],[-35.357425,-5.917251],[-35.357284,-5.918248],[-35.356743,-5.9188],[-35.357003,-5.919896],[-35.356411,-5.92048],[-35.356518,-5.920844],[-35.357156,-5.920992],[-35.357636,-5.922124],[-35.359669,-5.922492],[-35.360791,-5.923294],[-35.361278,-5.923922],[-35.359195,-5.92464],[-35.359238,-5.925717],[-35.360078,-5.925848],[-35.360769,-5.927543],[-35.361455,-5.927397],[-35.362966,-5.92904],[-35.363062,-5.930651],[-35.361868,-5.930979],[-35.361966,-5.932174],[-35.361171,-5.933086],[-35.362104,-5.933721],[-35.362814,-5.933467],[-35.364223,-5.934075],[-35.364338,-5.935236],[-35.365444,-5.935885],[-35.365691,-5.937033],[-35.366312,-5.937542],[-35.367599,-5.937113],[-35.369765,-5.937289],[-35.370432,-5.936823],[-35.37104,-5.936932],[-35.371993,-5.938367],[-35.372877,-5.938556],[-35.373774,-5.938183],[-35.373504,-5.939978],[-35.3743,-5.941148],[-35.374598,-5.942743],[-35.374965,-5.943154],[-35.376651,-5.943431],[-35.376707,-5.944321],[-35.378063,-5.944637],[-35.378163,-5.946002],[-35.381437,-5.948942],[-35.382171,-5.947522],[-35.383592,-5.948306],[-35.384689,-5.948],[-35.385411,-5.949088],[-35.384905,-5.950975],[-35.385762,-5.951548],[-35.387002,-5.955295],[-35.387879,-5.956263],[-35.388476,-5.958354],[-35.389563,-5.960066],[-35.388734,-5.962804],[-35.38905,-5.963565],[-35.386609,-5.964527],[-35.386634,-5.965661],[-35.387627,-5.966552],[-35.388238,-5.965946],[-35.390342,-5.966413],[-35.390586,-5.967186],[-35.391541,-5.967302],[-35.392443,-5.968426],[-35.391905,-5.969193],[-35.392256,-5.969358],[-35.391748,-5.970368],[-35.391569,-5.97241],[-35.392896,-5.972728],[-35.393688,-5.973853],[-35.393662,-5.974801],[-35.394375,-5.975462],[-35.394472,-5.977892],[-35.395016,-5.978634],[-35.396407,-5.97859],[-35.396745,-5.98057],[-35.39712,-5.980555],[-35.397429,-5.981438],[-35.396855,-5.982267],[-35.397927,-5.982952],[-35.398676,-5.982922],[-35.397663,-5.985985],[-35.398159,-5.986521],[-35.401283,-5.985904],[-35.401716,-5.984781],[-35.402643,-5.984744],[-35.402926,-5.985471],[-35.404027,-5.986137],[-35.404863,-5.985962],[-35.405616,-5.986845],[-35.406598,-5.986554],[-35.407638,-5.987473],[-35.408825,-5.986344],[-35.410214,-5.987247],[-35.410978,-5.986711],[-35.411616,-5.984783],[-35.412846,-5.984418],[-35.412999,-5.983292],[-35.413509,-5.983272],[-35.414743,-5.983368],[-35.416953,-5.987012],[-35.418512,-5.986798],[-35.418708,-5.985972],[-35.420256,-5.985753],[-35.422478,-5.985887],[-35.422645,-5.98676],[-35.423838,-5.986118],[-35.424186,-5.985206],[-35.425161,-5.985995],[-35.425377,-5.98668],[-35.426861,-5.985837],[-35.427473,-5.986351],[-35.429091,-5.986572],[-35.428645,-5.987475],[-35.429194,-5.989015],[-35.42984,-5.989338],[-35.429586,-5.990533],[-35.431414,-5.989971],[-35.432552,-5.990661],[-35.433268,-5.99041],[-35.434341,-5.99132],[-35.435824,-5.990949],[-35.436212,-5.991368],[-35.436832,-5.991058],[-35.43727,-5.991531],[-35.438992,-5.991507],[-35.438797,-5.992892],[-35.440841,-5.993208],[-35.441748,-5.992848],[-35.442424,-5.993893],[-35.443079,-5.994123],[-35.444664,-5.993788],[-35.447836,-5.995769],[-35.451488,-6.004564],[-35.463579,-6.008879],[-35.464608,-6.009605],[-35.463948,-6.01048],[-35.46429,-6.010797],[-35.463962,-6.01224],[-35.463103,-6.012444],[-35.462591,-6.013547],[-35.460931,-6.013635],[-35.470858,-6.014227],[-35.473695,-6.012873],[-35.476502,-6.009159],[-35.478899,-6.006843],[-35.479909,-6.006206],[-35.48154,-6.006973],[-35.481796,-6.00835],[-35.481028,-6.009648],[-35.480947,-6.013356],[-35.481527,-6.016185],[-35.481469,-6.01961],[-35.482505,-6.022167],[-35.481747,-6.022795],[-35.484319,-6.024227],[-35.485274,-6.022928],[-35.487028,-6.022239],[-35.48982,-6.022726],[-35.491138,-6.023925],[-35.493495,-6.024517],[-35.492918,-6.026394],[-35.491619,-6.026706],[-35.490534,-6.027859],[-35.489409,-6.027773],[-35.485755,-6.025709],[-35.483427,-6.025444],[-35.486276,-6.027188],[-35.486155,-6.027876],[-35.484919,-6.028486],[-35.485167,-6.03029],[-35.488036,-6.029974],[-35.489309,-6.029027],[-35.495455,-6.032334],[-35.495397,-6.033435],[-35.496361,-6.034104],[-35.496152,-6.036526],[-35.495684,-6.03699],[-35.495808,-6.037886],[-35.496183,-6.037189],[-35.497239,-6.036983],[-35.497715,-6.036092],[-35.498731,-6.03643],[-35.499253,-6.035917],[-35.49965,-6.03632],[-35.500382,-6.035186],[-35.50279,-6.035987],[-35.502935,-6.036432],[-35.503617,-6.036544],[-35.503813,-6.037148],[-35.504748,-6.037339],[-35.506528,-6.037607],[-35.50849,-6.036657],[-35.509397,-6.03711],[-35.509535,-6.037677],[-35.510189,-6.03745],[-35.511186,-6.03794],[-35.512337,-6.04006],[-35.513248,-6.039873],[-35.51411,-6.040397],[-35.514808,-6.039998],[-35.515056,-6.04051],[-35.515856,-6.040399],[-35.516527,-6.039719],[-35.517105,-6.041761],[-35.516536,-6.0426],[-35.517002,-6.043003],[-35.517434,-6.042665],[-35.518308,-6.043304],[-35.517957,-6.044006],[-35.519069,-6.044759],[-35.520036,-6.045156],[-35.521498,-6.044338],[-35.52322,-6.045663],[-35.522882,-6.047289],[-35.524126,-6.048558],[-35.525598,-6.048689],[-35.525262,-6.049682],[-35.52628,-6.050364],[-35.526596,-6.051337],[-35.527302,-6.051616],[-35.528146,-6.053088],[-35.530235,-6.054222],[-35.530659,-6.053801],[-35.53205,-6.053631],[-35.531844,-6.051738],[-35.530928,-6.050494],[-35.531174,-6.048787],[-35.532047,-6.048794],[-35.533839,-6.047291],[-35.534535,-6.047649],[-35.534847,-6.046934],[-35.534284,-6.04637],[-35.534442,-6.046063],[-35.533131,-6.045682],[-35.532744,-6.045112],[-35.534218,-6.044245],[-35.536456,-6.044317],[-35.536625,-6.043821],[-35.536028,-6.042482],[-35.536252,-6.041756],[-35.538965,-6.039945],[-35.541222,-6.040847],[-35.542613,-6.040775],[-35.542828,-6.041657],[-35.544429,-6.041901],[-35.545286,-6.04262],[-35.546823,-6.041826],[-35.547219,-6.041008],[-35.548637,-6.040835],[-35.548491,-6.039263],[-35.54975,-6.03696],[-35.550578,-6.036676],[-35.552749,-6.037019],[-35.552988,-6.037483],[-35.552573,-6.037897],[-35.552691,-6.038631],[-35.555951,-6.040049],[-35.557668,-6.039601],[-35.558695,-6.040119],[-35.559998,-6.039649],[-35.56038,-6.039281],[-35.560391,-6.037562],[-35.56118,-6.038134],[-35.56174,-6.037942],[-35.561884,-6.038824],[-35.563379,-6.040443],[-35.564924,-6.038931],[-35.565068,-6.038339],[-35.56798,-6.038468],[-35.56821,-6.039946],[-35.570132,-6.038801],[-35.571498,-6.038582],[-35.571942,-6.039263],[-35.573407,-6.038812],[-35.573876,-6.039492],[-35.575443,-6.039681],[-35.575851,-6.040506],[-35.576355,-6.040516],[-35.577721,-6.039859],[-35.576507,-6.034007],[-35.577882,-6.031457],[-35.582194,-6.027617],[-35.584029,-6.027668],[-35.586374,-6.038327],[-35.583482,-6.03892],[-35.583982,-6.040053],[-35.585199,-6.03971],[-35.585716,-6.040737],[-35.586456,-6.040282],[-35.588477,-6.040863],[-35.588642,-6.04183],[-35.58793,-6.042246],[-35.589061,-6.04311],[-35.589546,-6.044066],[-35.589237,-6.044829],[-35.58942,-6.045954],[-35.590654,-6.045952],[-35.5913,-6.045279],[-35.591786,-6.045269],[-35.592215,-6.046153],[-35.593337,-6.045769],[-35.596031,-6.047548],[-35.596695,-6.049259],[-35.597448,-6.048895],[-35.597936,-6.049265],[-35.599545,-6.048977],[-35.600117,-6.048119],[-35.601247,-6.047739],[-35.601749,-6.047982],[-35.601973,-6.049004],[-35.603417,-6.049423],[-35.605514,-6.050833],[-35.605486,-6.052174],[-35.606147,-6.052515],[-35.606854,-6.052529],[-35.607001,-6.052074],[-35.608312,-6.052289],[-35.609016,-6.052965],[-35.608428,-6.0539],[-35.608432,-6.055137],[-35.609027,-6.05626],[-35.610351,-6.056287],[-35.610821,-6.055922],[-35.611139,-6.057689],[-35.611726,-6.058073],[-35.611544,-6.058636],[-35.61071,-6.058639],[-35.609887,-6.060719],[-35.613803,-6.062084],[-35.614892,-6.063628],[-35.617054,-6.064081],[-35.617273,-6.064532],[-35.618074,-6.064761],[-35.618293,-6.065666],[-35.61988,-6.065478],[-35.620521,-6.066455],[-35.621511,-6.066458],[-35.622305,-6.06706],[-35.623771,-6.065785],[-35.624884,-6.065899],[-35.626313,-6.064537],[-35.62701,-6.064523],[-35.6285,-6.065554],[-35.628684,-6.066121],[-35.629815,-6.065971],[-35.630198,-6.065214],[-35.631137,-6.065026],[-35.631899,-6.065785],[-35.632686,-6.065321],[-35.634466,-6.068234],[-35.638779,-6.072053],[-35.63901,-6.074147],[-35.639717,-6.074561],[-35.639381,-6.07609],[-35.638359,-6.076696],[-35.639761,-6.077484],[-35.640737,-6.078802],[-35.640172,-6.079547],[-35.640392,-6.080967],[-35.643562,-6.07995],[-35.644886,-6.080383],[-35.64573,-6.079716],[-35.646168,-6.080619],[-35.648071,-6.080334],[-35.648321,-6.078966],[-35.650032,-6.078476],[-35.65037,-6.077566],[-35.651395,-6.077796],[-35.652385,-6.076676],[-35.662334,-6.076738],[-35.665576,-6.076229],[-35.661711,-6.074696],[-35.665102,-6.074172],[-35.666347,-6.074866],[-35.668354,-6.073816],[-35.675133,-6.073157],[-35.673868,-6.070393],[-35.671125,-6.071195],[-35.667452,-6.069425],[-35.666812,-6.068511],[-35.668848,-6.066502],[-35.675562,-6.062942],[-35.678211,-6.060565],[-35.675351,-6.055862],[-35.672685,-6.056408],[-35.672459,-6.055095],[-35.673575,-6.054451],[-35.676811,-6.050022],[-35.675866,-6.048555],[-35.677364,-6.043934],[-35.679167,-6.042553],[-35.682263,-6.04218],[-35.684886,-6.040148],[-35.685605,-6.041425],[-35.687179,-6.042288],[-35.69458,-6.041572],[-35.696251,-6.042315],[-35.698476,-6.042214],[-35.701938,-6.042833],[-35.705596,-6.044453],[-35.706096,-6.046283],[-35.705062,-6.047638],[-35.705237,-6.048906],[-35.706149,-6.049064],[-35.706368,-6.049797],[-35.703128,-6.052751],[-35.701894,-6.05441],[-35.701298,-6.055964],[-35.698459,-6.059025],[-35.698187,-6.060452],[-35.700848,-6.060576],[-35.702538,-6.059105],[-35.703763,-6.059502],[-35.704483,-6.060318],[-35.70447,-6.061459],[-35.703573,-6.062839],[-35.704235,-6.067306],[-35.703349,-6.069525],[-35.704183,-6.070882],[-35.70408,-6.072169],[-35.703363,-6.073258],[-35.704048,-6.074528],[-35.70395,-6.075739],[-35.701521,-6.077612],[-35.70099,-6.079324],[-35.702935,-6.080537],[-35.704757,-6.084255],[-35.706071,-6.085496],[-35.708533,-6.087129],[-35.710384,-6.086583],[-35.71236,-6.087418],[-35.713453,-6.088491],[-35.710856,-6.089512],[-35.708435,-6.08933],[-35.707599,-6.089953],[-35.708854,-6.090961],[-35.709021,-6.091812],[-35.707149,-6.092336],[-35.703146,-6.092283],[-35.699438,-6.093382],[-35.698408,-6.094933],[-35.696568,-6.095295],[-35.696212,-6.096522],[-35.69244,-6.098621],[-35.691875,-6.097074],[-35.690234,-6.096031],[-35.686717,-6.095994],[-35.686514,-6.097094],[-35.684644,-6.097545],[-35.683448,-6.097217],[-35.68296,-6.09872],[-35.68181,-6.099576],[-35.681649,-6.101254],[-35.681083,-6.101438],[-35.681536,-6.101591],[-35.681647,-6.102954],[-35.682214,-6.104089],[-35.682989,-6.104073],[-35.684014,-6.104663],[-35.684709,-6.104311],[-35.685669,-6.106249],[-35.685389,-6.106793],[-35.686633,-6.10733],[-35.686119,-6.108222],[-35.686807,-6.109601],[-35.687654,-6.110312],[-35.688102,-6.111564],[-35.688673,-6.112247],[-35.689321,-6.111808],[-35.691002,-6.11465],[-35.697866,-6.12365],[-35.697741,-6.124014],[-35.69935,-6.12631],[-35.698366,-6.123371],[-35.699506,-6.123026],[-35.700043,-6.121882],[-35.699671,-6.119591],[-35.703109,-6.116942],[-35.704671,-6.118245],[-35.704917,-6.11934],[-35.706072,-6.120182],[-35.70703,-6.122086],[-35.708756,-6.122754],[-35.709035,-6.123422],[-35.708449,-6.123809],[-35.70838,-6.124665],[-35.71002,-6.125005],[-35.710956,-6.124429],[-35.711593,-6.1248],[-35.711303,-6.12564],[-35.712016,-6.126448],[-35.71421,-6.126829],[-35.714752,-6.128378],[-35.717126,-6.12651],[-35.717754,-6.126988],[-35.719499,-6.126043],[-35.721145,-6.127675],[-35.722077,-6.1313],[-35.722892,-6.131481],[-35.722518,-6.132734],[-35.720373,-6.135912],[-35.718995,-6.136454],[-35.71901,-6.137641],[-35.717224,-6.137721],[-35.717173,-6.138364],[-35.715982,-6.139351],[-35.71412,-6.138996],[-35.712936,-6.141276],[-35.712306,-6.143849],[-35.713037,-6.146343],[-35.712131,-6.147943],[-35.713708,-6.148345],[-35.713885,-6.149074],[-35.714926,-6.148692],[-35.715531,-6.149643],[-35.716751,-6.149278],[-35.717344,-6.149847],[-35.716439,-6.150507],[-35.717003,-6.151103],[-35.716854,-6.151977],[-35.717506,-6.153434],[-35.71807,-6.153005],[-35.719612,-6.153154],[-35.720101,-6.15378],[-35.721034,-6.153147],[-35.72217,-6.153292],[-35.723494,-6.152839],[-35.724207,-6.153581],[-35.724775,-6.153288],[-35.727306,-6.157262],[-35.727819,-6.15761],[-35.729348,-6.157333],[-35.729606,-6.158261],[-35.73265,-6.159936],[-35.73264,-6.163033],[-35.734667,-6.165171],[-35.735138,-6.165162],[-35.737177,-6.166756],[-35.737398,-6.166302],[-35.738198,-6.166413],[-35.738717,-6.167312],[-35.739998,-6.1675],[-35.741426,-6.167062],[-35.741874,-6.166304],[-35.744148,-6.166133],[-35.744941,-6.165444],[-35.746259,-6.165638],[-35.749469,-6.167447],[-35.752739,-6.170097],[-35.752885,-6.170512],[-35.752161,-6.171519],[-35.753722,-6.171285],[-35.754563,-6.171575],[-35.759361,-6.175511],[-35.75946,-6.175798],[-35.758828,-6.176003],[-35.758634,-6.178495],[-35.761194,-6.179019],[-35.762125,-6.17965],[-35.76284,-6.178592],[-35.767012,-6.183238],[-35.775347,-6.182308],[-35.777342,-6.176439],[-35.781723,-6.174353],[-35.782594,-6.173562],[-35.78374,-6.173779],[-35.784202,-6.173347],[-35.78416,-6.172704],[-35.786191,-6.171591],[-35.801439,-6.166389],[-35.812432,-6.165104],[-35.826853,-6.172817],[-35.828209,-6.172056],[-35.827266,-6.171424],[-35.828548,-6.169913],[-35.83042,-6.169331],[-35.832752,-6.169506],[-35.834738,-6.168568],[-35.835416,-6.168906],[-35.836803,-6.168401],[-35.837522,-6.168771],[-35.838046,-6.168501],[-35.839841,-6.168763],[-35.844285,-6.167082],[-35.845918,-6.165348],[-35.846087,-6.163703],[-35.847449,-6.162405],[-35.847632,-6.16154],[-35.851749,-6.158795],[-35.853431,-6.158519],[-35.855035,-6.159202],[-35.855781,-6.160746],[-35.85975,-6.161739],[-35.877909,-6.156944],[-35.879679,-6.157264],[-35.879452,-6.154361],[-35.880604,-6.152384],[-35.886132,-6.150733],[-35.888956,-6.150944],[-35.890846,-6.150397],[-35.893605,-6.147852],[-35.894768,-6.145737],[-35.893356,-6.143843],[-35.890924,-6.144073],[-35.888555,-6.147061],[-35.884982,-6.147345],[-35.880452,-6.150722],[-35.876098,-6.150121],[-35.869701,-6.148404],[-35.868432,-6.146521],[-35.867465,-6.146173],[-35.862261,-6.149086],[-35.859721,-6.148896],[-35.8568,-6.148127],[-35.851817,-6.146215],[-35.850591,-6.148685],[-35.85068,-6.150327],[-35.849731,-6.151181],[-35.848333,-6.151219],[-35.847024,-6.151975],[-35.845709,-6.151877],[-35.843616,-6.15051],[-35.842482,-6.150923],[-35.842116,-6.149971],[-35.842993,-6.149112],[-35.844084,-6.14649],[-35.846359,-6.144669],[-35.848465,-6.144043],[-35.847966,-6.142939],[-35.84919,-6.14232],[-35.849427,-6.141199],[-35.848669,-6.140573],[-35.848166,-6.133065],[-35.847528,-6.130029],[-35.848034,-6.129212],[-35.850415,-6.127897],[-35.850702,-6.127065],[-35.850819,-6.126504],[-35.8494,-6.124975],[-35.849763,-6.122179],[-35.85159,-6.11578],[-35.851524,-6.114446],[-35.852377,-6.113789],[-35.854667,-6.114459],[-35.855528,-6.115132],[-35.856616,-6.115103],[-35.85788,-6.112872],[-35.858292,-6.110576],[-35.858029,-6.11028],[-35.857379,-6.110563],[-35.855507,-6.111808],[-35.853598,-6.111388],[-35.85212,-6.112718],[-35.849995,-6.112836],[-35.848898,-6.112255],[-35.848065,-6.108371],[-35.846759,-6.104834],[-35.846276,-6.105533],[-35.846151,-6.107103],[-35.844922,-6.109043],[-35.843502,-6.110077],[-35.84263,-6.114678],[-35.842692,-6.119783],[-35.835613,-6.124191],[-35.833741,-6.125927],[-35.831986,-6.126423],[-35.827267,-6.122165],[-35.825542,-6.121748],[-35.825299,-6.120119],[-35.821655,-6.117281],[-35.819702,-6.116615],[-35.816743,-6.114393],[-35.812911,-6.114551],[-35.807447,-6.115956],[-35.798018,-6.113433],[-35.791582,-6.110956],[-35.790487,-6.111458],[-35.789059,-6.110038],[-35.787883,-6.109691],[-35.788804,-6.108204],[-35.78767,-6.107341],[-35.786651,-6.107906],[-35.7855,-6.109381],[-35.78375,-6.109509],[-35.78322,-6.107784],[-35.774107,-6.106321],[-35.773117,-6.103654],[-35.770037,-6.105367],[-35.767264,-6.104899],[-35.768559,-6.098774],[-35.769472,-6.097552],[-35.765324,-6.094755],[-35.762372,-6.093948],[-35.761967,-6.095233],[-35.762636,-6.096307],[-35.761204,-6.097221],[-35.758945,-6.097198],[-35.758091,-6.096549],[-35.758024,-6.095521],[-35.752945,-6.094384],[-35.748544,-6.095655],[-35.745857,-6.104758],[-35.745807,-6.106388],[-35.746793,-6.109108],[-35.746563,-6.11197],[-35.745279,-6.112963],[-35.74135,-6.111889],[-35.740534,-6.111049],[-35.739735,-6.110989],[-35.739256,-6.111964],[-35.738181,-6.112351],[-35.73667,-6.112158],[-35.736015,-6.111331],[-35.736102,-6.110248],[-35.735027,-6.109622],[-35.733504,-6.109586],[-35.733333,-6.108717],[-35.732518,-6.107877],[-35.729767,-6.107342],[-35.728724,-6.109092],[-35.727872,-6.10793],[-35.722339,-6.104382],[-35.720699,-6.103881],[-35.714045,-6.10374],[-35.714916,-6.099357],[-35.717118,-6.097798],[-35.719335,-6.097262],[-35.720801,-6.095265],[-35.720947,-6.09345],[-35.722943,-6.092055],[-35.726102,-6.092434],[-35.727045,-6.091521],[-35.730116,-6.091192],[-35.730667,-6.093341],[-35.734868,-6.093376],[-35.735887,-6.095138],[-35.737649,-6.09485],[-35.739328,-6.0902],[-35.74137,-6.08642],[-35.751432,-6.089285],[-35.754183,-6.087525],[-35.751993,-6.082303],[-35.75153,-6.079036],[-35.753085,-6.075922],[-35.750915,-6.072246],[-35.747459,-6.070159],[-35.742838,-6.072306],[-35.741301,-6.069279],[-35.740358,-6.068561],[-35.740802,-6.067193],[-35.749241,-6.064594],[-35.752994,-6.062182],[-35.754092,-6.060971],[-35.753242,-6.060475],[-35.753107,-6.059387],[-35.753397,-6.058546],[-35.754426,-6.058192],[-35.754602,-6.056696],[-35.756168,-6.057378],[-35.757497,-6.057478],[-35.757644,-6.058426],[-35.757011,-6.060755],[-35.759255,-6.062436],[-35.761627,-6.065281],[-35.762508,-6.065418],[-35.763975,-6.064736],[-35.764457,-6.065206],[-35.764938,-6.067546],[-35.765739,-6.067751],[-35.765795,-6.068907],[-35.764868,-6.070278],[-35.764866,-6.072151],[-35.764006,-6.073599],[-35.764592,-6.073715],[-35.764768,-6.074305],[-35.764749,-6.076392],[-35.763129,-6.076198],[-35.761025,-6.078345],[-35.760374,-6.081826],[-35.764875,-6.082237],[-35.765172,-6.079449],[-35.766071,-6.079372],[-35.769344,-6.079331],[-35.770451,-6.080351],[-35.773008,-6.080903],[-35.77262,-6.082963],[-35.77338,-6.085541],[-35.772112,-6.086526],[-35.771303,-6.088266],[-35.771943,-6.090475],[-35.771823,-6.091979],[-35.772641,-6.09289],[-35.772618,-6.094333],[-35.774576,-6.0943],[-35.774618,-6.094935],[-35.781097,-6.096595],[-35.78166,-6.096547],[-35.781035,-6.095056],[-35.779903,-6.094068],[-35.780217,-6.093641],[-35.782588,-6.09427],[-35.78384,-6.096079],[-35.784097,-6.095196],[-35.784043,-6.091221],[-35.782662,-6.091026],[-35.781348,-6.086504],[-35.782958,-6.086174],[-35.783563,-6.085588],[-35.783777,-6.084069],[-35.783344,-6.083676],[-35.780737,-6.083661],[-35.778689,-6.080167],[-35.778947,-6.079284],[-35.782593,-6.077934],[-35.783291,-6.077355],[-35.783428,-6.07565],[-35.784838,-6.075485],[-35.785848,-6.076824],[-35.786795,-6.076625],[-35.787117,-6.074934],[-35.790458,-6.072748],[-35.790608,-6.072037],[-35.789669,-6.0698],[-35.788261,-6.068792],[-35.78886,-6.067122],[-35.790498,-6.066433],[-35.7901,-6.06559],[-35.789374,-6.065355],[-35.788027,-6.065886],[-35.787152,-6.065188],[-35.787417,-6.063042],[-35.785927,-6.060844],[-35.785985,-6.060119],[-35.78651,-6.059834],[-35.78759,-6.060969],[-35.788893,-6.061392],[-35.789859,-6.060816],[-35.790415,-6.061181],[-35.793183,-6.061065],[-35.794654,-6.060446],[-35.794928,-6.061196],[-35.796757,-6.061334],[-35.797581,-6.062531],[-35.799697,-6.062203],[-35.80024,-6.06273],[-35.799434,-6.064453],[-35.799324,-6.065822],[-35.799899,-6.067],[-35.801714,-6.067299],[-35.801049,-6.068302],[-35.800371,-6.068413],[-35.800497,-6.071016],[-35.803572,-6.071247],[-35.803289,-6.072685],[-35.80371,-6.075795],[-35.802467,-6.078782],[-35.798413,-6.080341],[-35.794686,-6.0799],[-35.793975,-6.07936],[-35.789441,-6.080641],[-35.789727,-6.08439],[-35.790953,-6.085778],[-35.791995,-6.086343],[-35.792961,-6.085768],[-35.792765,-6.081943],[-35.794409,-6.081257],[-35.795854,-6.082014],[-35.798513,-6.08432],[-35.798892,-6.086206],[-35.800973,-6.089986],[-35.803191,-6.089423],[-35.803338,-6.085131],[-35.805808,-6.084058],[-35.806205,-6.083277],[-35.806155,-6.081815],[-35.805394,-6.080865],[-35.805484,-6.079738],[-35.806866,-6.079193],[-35.806918,-6.078549],[-35.805876,-6.077984],[-35.805525,-6.077148],[-35.807112,-6.075078],[-35.805961,-6.07483],[-35.805751,-6.073275],[-35.806998,-6.072315],[-35.807773,-6.070995],[-35.810606,-6.069019],[-35.810756,-6.065059],[-35.809842,-6.063937],[-35.809779,-6.062636],[-35.812075,-6.062159],[-35.811865,-6.060603],[-35.813503,-6.058944],[-35.813587,-6.056842],[-35.814534,-6.056508],[-35.815944,-6.060828],[-35.817202,-6.063922],[-35.817744,-6.064449],[-35.822035,-6.064123],[-35.821893,-6.064841],[-35.822789,-6.065152],[-35.823172,-6.064532],[-35.828153,-6.063933],[-35.828536,-6.06542],[-35.830914,-6.066004],[-35.831687,-6.066792],[-35.832666,-6.067108],[-35.832946,-6.068831],[-35.832619,-6.069779],[-35.832983,-6.070455],[-35.834109,-6.069972],[-35.834825,-6.070431],[-35.835144,-6.071671],[-35.834261,-6.073306],[-35.833173,-6.074359],[-35.832336,-6.074378],[-35.830852,-6.075158],[-35.830359,-6.076093],[-35.832685,-6.07681],[-35.832545,-6.081079],[-35.833189,-6.081808],[-35.832889,-6.083049],[-35.833095,-6.084233],[-35.832504,-6.085355],[-35.831192,-6.085451],[-35.827471,-6.084297],[-35.82586,-6.083106],[-35.821924,-6.083395],[-35.817957,-6.082806],[-35.817436,-6.081793],[-35.818312,-6.080886],[-35.819961,-6.081594],[-35.820851,-6.080493],[-35.820438,-6.079393],[-35.820883,-6.078843],[-35.822747,-6.079371],[-35.8233,-6.079996],[-35.824351,-6.079394],[-35.82449,-6.077654],[-35.821607,-6.074812],[-35.821308,-6.073526],[-35.818293,-6.072327],[-35.816775,-6.071241],[-35.815685,-6.072326],[-35.815376,-6.074928],[-35.813589,-6.074697],[-35.811034,-6.075283],[-35.810833,-6.077797],[-35.808719,-6.084155],[-35.807743,-6.085054],[-35.805679,-6.085774],[-35.805899,-6.087013],[-35.806876,-6.08812],[-35.80632,-6.089016],[-35.805631,-6.089153],[-35.806053,-6.089936],[-35.807401,-6.090037],[-35.808209,-6.089628],[-35.807728,-6.088371],[-35.81087,-6.086635],[-35.81073,-6.085968],[-35.811144,-6.085623],[-35.812144,-6.08645],[-35.813226,-6.086249],[-35.814514,-6.087097],[-35.815507,-6.086796],[-35.815766,-6.087191],[-35.814202,-6.088576],[-35.813113,-6.08887],[-35.812461,-6.089759],[-35.813483,-6.090305],[-35.816061,-6.08834],[-35.817113,-6.088512],[-35.81798,-6.089798],[-35.819527,-6.08982],[-35.821054,-6.087681],[-35.821632,-6.087724],[-35.821869,-6.0884],[-35.822728,-6.088558],[-35.82407,-6.087532],[-35.824513,-6.088034],[-35.827861,-6.088567],[-35.828357,-6.089637],[-35.83075,-6.088784],[-35.83303,-6.091771],[-35.835189,-6.093305],[-35.836126,-6.091816],[-35.837764,-6.091939],[-35.839873,-6.093411],[-35.841746,-6.09665],[-35.844149,-6.097556],[-35.845569,-6.097311],[-35.84682,-6.096518],[-35.837734,-6.090205],[-35.836179,-6.089942],[-35.834654,-6.088419],[-35.832439,-6.088253],[-35.832617,-6.087234],[-35.835405,-6.083875],[-35.835628,-6.082296],[-35.835192,-6.079259],[-35.833482,-6.076408],[-35.834231,-6.075525],[-35.836817,-6.074686],[-35.837654,-6.073904],[-35.837913,-6.073078],[-35.840121,-6.073337],[-35.841743,-6.072427],[-35.841684,-6.070731],[-35.844025,-6.070531],[-35.846025,-6.070963],[-35.845756,-6.075544],[-35.845326,-6.076075],[-35.843912,-6.075593],[-35.842334,-6.075944],[-35.8418,-6.076562],[-35.841904,-6.077696],[-35.842851,-6.077955],[-35.843756,-6.077553],[-35.844273,-6.079564],[-35.84508,-6.080375],[-35.845843,-6.080526],[-35.847659,-6.078409],[-35.847598,-6.081596],[-35.847213,-6.082788],[-35.847671,-6.083104],[-35.848398,-6.082501],[-35.848924,-6.080757],[-35.849435,-6.08042],[-35.849806,-6.080635],[-35.849783,-6.082135],[-35.850501,-6.082847],[-35.850075,-6.089387],[-35.850631,-6.08971],[-35.850282,-6.091656],[-35.851385,-6.093615],[-35.851259,-6.099288],[-35.853308,-6.099145],[-35.853581,-6.099561],[-35.855717,-6.099622],[-35.856893,-6.100204],[-35.857142,-6.100914],[-35.85503,-6.101842],[-35.853322,-6.104085],[-35.852456,-6.105996],[-35.852587,-6.109132],[-35.853509,-6.108312],[-35.853832,-6.107328],[-35.85583,-6.107596],[-35.856906,-6.108685],[-35.859081,-6.108254],[-35.860392,-6.107167],[-35.861706,-6.107561],[-35.862315,-6.108378],[-35.865322,-6.108248],[-35.865969,-6.107821],[-35.866499,-6.105015],[-35.866326,-6.104113],[-35.865161,-6.103373],[-35.865166,-6.102543],[-35.866134,-6.101904],[-35.867042,-6.102031],[-35.870405,-6.104358],[-35.867438,-6.109354],[-35.869243,-6.109726],[-35.870409,-6.108924],[-35.87286,-6.109641],[-35.87365,-6.110471],[-35.873569,-6.111117],[-35.87592,-6.11151],[-35.878376,-6.11489],[-35.878945,-6.116739],[-35.878046,-6.119034],[-35.878187,-6.120851],[-35.876256,-6.125292],[-35.875618,-6.129691],[-35.873949,-6.13443],[-35.874158,-6.135418],[-35.875704,-6.135812],[-35.876746,-6.135334],[-35.880204,-6.124336],[-35.881665,-6.116803],[-35.881588,-6.114156],[-35.884748,-6.110502],[-35.885242,-6.107898],[-35.87291,-6.104418],[-35.874583,-6.098521],[-35.874561,-6.097541],[-35.871124,-6.095032],[-35.869511,-6.091191],[-35.868339,-6.091488],[-35.868131,-6.092306],[-35.866003,-6.092008],[-35.864797,-6.092751],[-35.864698,-6.093995],[-35.864204,-6.094792],[-35.863053,-6.094845],[-35.862494,-6.092857],[-35.864107,-6.090615],[-35.864985,-6.088596],[-35.864953,-6.087205],[-35.864253,-6.085672],[-35.863351,-6.08536],[-35.864217,-6.078734],[-35.862518,-6.075752],[-35.862744,-6.075034],[-35.86118,-6.074591],[-35.860626,-6.075202],[-35.859389,-6.079107],[-35.859929,-6.079719],[-35.861178,-6.079894],[-35.861306,-6.080393],[-35.860669,-6.082059],[-35.860127,-6.082508],[-35.859304,-6.082283],[-35.858744,-6.080854],[-35.857567,-6.079787],[-35.857973,-6.078919],[-35.857774,-6.078252],[-35.857007,-6.078358],[-35.856377,-6.077821],[-35.856275,-6.076998],[-35.856983,-6.0755],[-35.859082,-6.074516],[-35.858349,-6.073155],[-35.857062,-6.072406],[-35.85448,-6.07311],[-35.855311,-6.071133],[-35.855216,-6.069167],[-35.857899,-6.069287],[-35.858273,-6.068825],[-35.853769,-6.064082],[-35.852729,-6.059975],[-35.850702,-6.059538],[-35.850643,-6.059058],[-35.852985,-6.057996],[-35.852753,-6.057217],[-35.85198,-6.057064],[-35.849554,-6.057929],[-35.847804,-6.056173],[-35.844796,-6.051988],[-35.842859,-6.050674],[-35.84259,-6.049394],[-35.841022,-6.048106],[-35.839703,-6.046028],[-35.838476,-6.045126],[-35.833893,-6.039743],[-35.833929,-6.039295],[-35.835796,-6.037996],[-35.839076,-6.037612],[-35.839949,-6.037137],[-35.840233,-6.035898],[-35.841546,-6.035727],[-35.841519,-6.033745],[-35.839992,-6.03426],[-35.839084,-6.034012],[-35.838425,-6.032973],[-35.835856,-6.0326],[-35.834151,-6.033012],[-35.832881,-6.033817],[-35.831327,-6.032351],[-35.82924,-6.032914],[-35.825615,-6.029493],[-35.82548,-6.028853],[-35.826353,-6.028378],[-35.827901,-6.028764],[-35.82893,-6.029831],[-35.830093,-6.030368],[-35.832854,-6.030666],[-35.833826,-6.031278],[-35.835231,-6.031113],[-35.837255,-6.029015],[-35.837033,-6.026322],[-35.840262,-6.025139],[-35.841559,-6.023622],[-35.837221,-6.022727],[-35.836331,-6.02038],[-35.837263,-6.016081],[-35.83966,-6.014265],[-35.841271,-6.013721],[-35.843175,-6.013199],[-35.845114,-6.013439],[-35.850704,-6.008444],[-35.851045,-6.004711],[-35.854483,-6.004293],[-35.860659,-6.005431],[-35.86451,-6.008571],[-35.86493,-6.012411],[-35.865808,-6.014505],[-35.864801,-6.016658],[-35.864177,-6.019247],[-35.861378,-6.022888],[-35.859811,-6.024189],[-35.858516,-6.0247],[-35.855767,-6.025102],[-35.853976,-6.026589],[-35.854214,-6.028837],[-35.8565,-6.029008],[-35.865659,-6.026857],[-35.865755,-6.028282],[-35.86828,-6.028066],[-35.87031,-6.028826],[-35.871237,-6.030314],[-35.869126,-6.033196],[-35.866568,-6.033816],[-35.863307,-6.035396],[-35.861836,-6.035488],[-35.860397,-6.037813],[-35.860716,-6.039053],[-35.863177,-6.039642],[-35.863288,-6.040867],[-35.861658,-6.042973],[-35.861977,-6.044213],[-35.861428,-6.045868],[-35.864941,-6.047981],[-35.866604,-6.048503],[-35.867229,-6.04921],[-35.866645,-6.050554],[-35.866493,-6.05246],[-35.865735,-6.05324],[-35.865869,-6.054011],[-35.867312,-6.053168],[-35.868895,-6.053001],[-35.869436,-6.052375],[-35.870727,-6.052186],[-35.871171,-6.051552],[-35.872057,-6.051524],[-35.873926,-6.05271],[-35.87385,-6.053657],[-35.874938,-6.054785],[-35.877378,-6.056205],[-35.877385,-6.057347],[-35.876033,-6.05953],[-35.876663,-6.062718],[-35.877826,-6.062901],[-35.87736,-6.065054],[-35.876744,-6.065389],[-35.876512,-6.06461],[-35.875235,-6.065118],[-35.874906,-6.066072],[-35.870825,-6.068704],[-35.870522,-6.069334],[-35.871506,-6.069652],[-35.872987,-6.069029],[-35.874355,-6.069979],[-35.874651,-6.07167],[-35.874157,-6.072466],[-35.875766,-6.074819],[-35.875525,-6.076563],[-35.876143,-6.077686],[-35.876327,-6.080442],[-35.878474,-6.081385],[-35.879617,-6.080981],[-35.88104,-6.078638],[-35.881753,-6.078555],[-35.884606,-6.081783],[-35.885721,-6.082004],[-35.8856,-6.085283],[-35.887092,-6.087862],[-35.886615,-6.090293],[-35.88681,-6.091404],[-35.893578,-6.091636],[-35.893091,-6.094203],[-35.89428,-6.095251],[-35.894886,-6.09653],[-35.894096,-6.097567],[-35.894301,-6.098541],[-35.892776,-6.099935],[-35.893197,-6.101747],[-35.89749,-6.102891],[-35.899512,-6.104138],[-35.90108,-6.105762],[-35.901793,-6.10746],[-35.901024,-6.110006],[-35.899067,-6.111504],[-35.896573,-6.112301],[-35.89702,-6.110838],[-35.896168,-6.110453],[-35.895047,-6.110691],[-35.89395,-6.113388],[-35.891511,-6.113527],[-35.889403,-6.1123],[-35.888414,-6.115005],[-35.888566,-6.115872],[-35.889958,-6.116404],[-35.892565,-6.116919],[-35.893838,-6.116159],[-35.896057,-6.117394],[-35.898065,-6.119896],[-35.897107,-6.121233],[-35.896894,-6.122883],[-35.895841,-6.122725],[-35.894514,-6.121913],[-35.895203,-6.124582],[-35.897719,-6.127945],[-35.897938,-6.12931],[-35.897286,-6.132356],[-35.897905,-6.134863],[-35.896226,-6.136404],[-35.896019,-6.137975],[-35.896445,-6.139832],[-35.895549,-6.141828],[-35.895736,-6.142556],[-35.898825,-6.141835],[-35.90024,-6.13948],[-35.901274,-6.138844],[-35.902013,-6.13882],[-35.903384,-6.143206],[-35.903972,-6.144044],[-35.904674,-6.143461],[-35.90515,-6.141592],[-35.906184,-6.140956],[-35.907217,-6.141351],[-35.908294,-6.143256],[-35.90949,-6.143662],[-35.913324,-6.141806],[-35.914307,-6.1418],[-35.915006,-6.140711],[-35.91561,-6.135795],[-35.916639,-6.132254],[-35.916125,-6.130665],[-35.913575,-6.128734],[-35.913959,-6.123914],[-35.914541,-6.121439],[-35.917073,-6.119856],[-35.918884,-6.121296],[-35.918655,-6.122958],[-35.920311,-6.127559],[-35.922114,-6.126666],[-35.923895,-6.127266],[-35.924954,-6.130889],[-35.924844,-6.132279],[-35.925808,-6.134683],[-35.927347,-6.132279],[-35.92784,-6.135767],[-35.926521,-6.136601],[-35.926743,-6.137457],[-35.927795,-6.137536],[-35.928598,-6.137129],[-35.930629,-6.134576],[-35.931483,-6.134733],[-35.933249,-6.13673],[-35.934044,-6.138841],[-35.937025,-6.142513],[-35.939366,-6.143291],[-35.940059,-6.144164],[-35.940636,-6.145438],[-35.940849,-6.150216],[-35.940104,-6.152131],[-35.939463,-6.152741],[-35.937466,-6.152264],[-35.936325,-6.152753],[-35.936118,-6.15323],[-35.936559,-6.155151],[-35.940732,-6.157022],[-35.942955,-6.158912],[-35.950545,-6.160463],[-35.953442,-6.160268],[-35.959873,-6.161485],[-35.961875,-6.160813],[-35.962354,-6.160109],[-35.962238,-6.158377],[-35.95892,-6.157473],[-35.956191,-6.157681],[-35.955763,-6.155596],[-35.956612,-6.153442],[-35.956988,-6.150843],[-35.955776,-6.150096],[-35.957779,-6.147289],[-35.961583,-6.144206],[-35.960598,-6.142737],[-35.961408,-6.14214],[-35.962957,-6.141844],[-35.963521,-6.14008],[-35.964453,-6.139],[-35.964207,-6.137832],[-35.963761,-6.13706],[-35.961874,-6.136263],[-35.96052,-6.135177],[-35.958938,-6.134812],[-35.954505,-6.131937],[-35.954421,-6.130863],[-35.955905,-6.12925],[-35.962736,-6.128609],[-35.963682,-6.1295],[-35.963585,-6.130725],[-35.965905,-6.134592],[-35.969872,-6.13694],[-35.974194,-6.138],[-35.974609,-6.137046],[-35.97551,-6.136374],[-35.978005,-6.13697],[-35.97845,-6.138575],[-35.977955,-6.141318],[-35.974076,-6.144707],[-35.974352,-6.145893],[-35.973622,-6.146916],[-35.972002,-6.148678],[-35.967131,-6.150558],[-35.966633,-6.151596],[-35.968679,-6.150185],[-35.975938,-6.149196],[-35.980673,-6.147308],[-35.981126,-6.149368],[-35.982721,-6.149256],[-35.983173,-6.147978],[-35.984344,-6.148128],[-35.984912,-6.146648],[-35.986715,-6.145487],[-35.985136,-6.143794],[-35.985036,-6.143213],[-35.986302,-6.141519],[-35.985671,-6.140905],[-35.985593,-6.139554],[-35.986148,-6.137037],[-35.985526,-6.135809],[-35.984758,-6.135791],[-35.983443,-6.125688],[-35.983471,-6.120711],[-35.985458,-6.120757],[-35.988426,-6.118467],[-35.989208,-6.116034],[-35.988786,-6.115412],[-35.989321,-6.113706],[-35.988881,-6.113283],[-35.989892,-6.113036],[-35.989094,-6.112171],[-35.988733,-6.110436],[-35.990228,-6.109662],[-35.988753,-6.107599],[-35.989863,-6.106653],[-35.990001,-6.105691],[-35.987974,-6.104199],[-35.988029,-6.094248],[-35.98869,-6.094643],[-35.99066,-6.094382],[-35.991293,-6.094679],[-35.992125,-6.094174],[-35.992268,-6.092866],[-35.99409,-6.091718],[-35.994629,-6.08743],[-35.996399,-6.087035],[-35.999983,-6.087088],[-36.001273,-6.088069],[-36.003655,-6.08718],[-36.004408,-6.086303],[-36.005226,-6.086103],[-36.009633,-6.086618],[-36.01208,-6.087122],[-36.016608,-6.090684],[-36.016608,-6.086717],[-36.018037,-6.084338],[-36.018036,-6.08291],[-36.01875,-6.081482],[-36.01875,-6.080055],[-36.017321,-6.079341],[-36.015418,-6.079341],[-36.013039,-6.080292],[-36.011374,-6.081482],[-36.006615,-6.081245],[-36.004711,-6.080293],[-36.001618,-6.077914],[-36.000588,-6.07371],[-35.99832,-6.073863],[-35.996768,-6.073469],[-35.995513,-6.072957],[-35.993619,-6.071421],[-35.991935,-6.072691],[-35.994986,-6.079615],[-35.994667,-6.081823],[-35.99186,-6.082731],[-35.988491,-6.081643],[-35.986907,-6.083479],[-35.984639,-6.083032],[-35.981512,-6.078893],[-35.978474,-6.077271],[-35.976184,-6.073473],[-35.973707,-6.072034],[-35.959882,-6.072121],[-35.953695,-6.070266],[-35.952067,-6.069029],[-35.95714,-6.064942],[-35.955985,-6.063182],[-35.952892,-6.062253],[-35.947443,-6.061987],[-35.943393,-6.064057],[-35.939695,-6.065316],[-35.938913,-6.065189],[-35.937554,-6.06708],[-35.941,-6.070154],[-35.940982,-6.071778],[-35.939914,-6.072566],[-35.939701,-6.07385],[-35.940513,-6.074885],[-35.941709,-6.0753],[-35.943308,-6.073469],[-35.943163,-6.072483],[-35.94436,-6.071488],[-35.945847,-6.072466],[-35.949369,-6.077387],[-35.951036,-6.077512],[-35.95425,-6.075042],[-35.957482,-6.075174],[-35.958636,-6.076127],[-35.961158,-6.076749],[-35.961884,-6.076044],[-35.963508,-6.078115],[-35.969065,-6.079938],[-35.970408,-6.081337],[-35.971604,-6.081751],[-35.972083,-6.082763],[-35.977265,-6.086507],[-35.977427,-6.090095],[-35.97859,-6.09094],[-35.981369,-6.08692],[-35.983617,-6.086762],[-35.984523,-6.088022],[-35.983583,-6.094236],[-35.982369,-6.095446],[-35.980395,-6.096383],[-35.97836,-6.096665],[-35.977847,-6.094677],[-35.975921,-6.093994],[-35.97147,-6.090107],[-35.967694,-6.087712],[-35.96849,-6.086426],[-35.969074,-6.084067],[-35.9678,-6.082627],[-35.965859,-6.082098],[-35.963016,-6.085443],[-35.96134,-6.085318],[-35.960218,-6.085714],[-35.958141,-6.084407],[-35.957094,-6.082599],[-35.956109,-6.082526],[-35.953114,-6.085282],[-35.952227,-6.085216],[-35.950165,-6.083717],[-35.946495,-6.083732],[-35.943328,-6.08321],[-35.941135,-6.081314],[-35.9388,-6.080756],[-35.936842,-6.079796],[-35.935248,-6.079631],[-35.934117,-6.080188],[-35.935103,-6.081453],[-35.934431,-6.082182],[-35.932874,-6.081561],[-35.932204,-6.082667],[-35.930861,-6.083336],[-35.928981,-6.082966],[-35.92888,-6.083646],[-35.930156,-6.085974],[-35.931433,-6.086188],[-35.932759,-6.085013],[-35.933771,-6.08469],[-35.935178,-6.085591],[-35.9358,-6.085],[-35.93531,-6.083929],[-35.935718,-6.082923],[-35.937943,-6.083886],[-35.939294,-6.083429],[-35.941946,-6.084184],[-35.942549,-6.089007],[-35.941681,-6.090616],[-35.940783,-6.090549],[-35.940412,-6.089008],[-35.941441,-6.086735],[-35.940932,-6.085414],[-35.938716,-6.086572],[-35.93739,-6.085676],[-35.936089,-6.086535],[-35.936215,-6.088057],[-35.937113,-6.090195],[-35.936252,-6.090688],[-35.93487,-6.090506],[-35.934002,-6.091078],[-35.934203,-6.092687],[-35.936164,-6.095938],[-35.936145,-6.097212],[-35.936673,-6.097808],[-35.937817,-6.097893],[-35.937697,-6.096292],[-35.939206,-6.094891],[-35.940425,-6.09299],[-35.942297,-6.092174],[-35.947513,-6.093758],[-35.949229,-6.093885],[-35.949467,-6.092948],[-35.952471,-6.09341],[-35.953062,-6.09425],[-35.960188,-6.093224],[-35.962764,-6.094176],[-35.963593,-6.095113],[-35.964052,-6.094511],[-35.964046,-6.093555],[-35.965183,-6.093719],[-35.971384,-6.097954],[-35.9702,-6.099758],[-35.972275,-6.100669],[-35.973519,-6.103851],[-35.974792,-6.103231],[-35.978136,-6.103576],[-35.980555,-6.103083],[-35.982731,-6.103148],[-35.982791,-6.102384],[-35.984365,-6.101817],[-35.985536,-6.102429],[-35.986975,-6.106473],[-35.985267,-6.107528],[-35.984625,-6.108792],[-35.981705,-6.111462],[-35.976703,-6.113059],[-35.97315,-6.113451],[-35.969951,-6.112819],[-35.969878,-6.112027],[-35.971452,-6.109256],[-35.967112,-6.109327],[-35.963871,-6.110923],[-35.961654,-6.111546],[-35.957305,-6.110041],[-35.957253,-6.108988],[-35.958517,-6.108425],[-35.96123,-6.108365],[-35.962948,-6.10718],[-35.96354,-6.106568],[-35.963653,-6.105133],[-35.962513,-6.104129],[-35.963175,-6.102174],[-35.961045,-6.099086],[-35.958117,-6.098155],[-35.956417,-6.098741],[-35.954852,-6.099931],[-35.954182,-6.099109],[-35.952141,-6.099372],[-35.951124,-6.099059],[-35.949953,-6.099922],[-35.947564,-6.099921],[-35.946291,-6.100539],[-35.944984,-6.103113],[-35.943963,-6.106717],[-35.942932,-6.106581],[-35.941835,-6.104956],[-35.940965,-6.104357],[-35.939138,-6.104993],[-35.938431,-6.104643],[-35.936515,-6.104856],[-35.933677,-6.103577],[-35.931841,-6.103559],[-35.930768,-6.104725],[-35.929452,-6.10433],[-35.928497,-6.103249],[-35.927283,-6.1031],[-35.926009,-6.103717],[-35.923527,-6.103354],[-35.922918,-6.102537],[-35.922604,-6.098774],[-35.921752,-6.097167],[-35.92231,-6.096318],[-35.92279,-6.096443],[-35.922666,-6.09328],[-35.921708,-6.092196],[-35.921328,-6.090395],[-35.92028,-6.088798],[-35.92005,-6.086756],[-35.92095,-6.085303],[-35.919741,-6.084074],[-35.917853,-6.083174],[-35.916965,-6.081208],[-35.916636,-6.078778],[-35.916826,-6.078033],[-35.919533,-6.076843],[-35.920511,-6.074384],[-35.920622,-6.071354],[-35.918355,-6.068653],[-35.917206,-6.068314],[-35.915629,-6.066803],[-35.913981,-6.066174],[-35.909557,-6.067616],[-35.905362,-6.06781],[-35.905412,-6.065535],[-35.90695,-6.064257],[-35.907431,-6.063153],[-35.905962,-6.061904],[-35.902727,-6.061536],[-35.898402,-6.06172],[-35.897583,-6.062165],[-35.89759,-6.059678],[-35.899104,-6.060486],[-35.899345,-6.059253],[-35.89894,-6.057138],[-35.899532,-6.055097],[-35.900618,-6.054067],[-35.901857,-6.051102],[-35.904774,-6.050485],[-35.907482,-6.050687],[-35.907887,-6.052803],[-35.910112,-6.057278],[-35.914903,-6.05833],[-35.917918,-6.060084],[-35.918548,-6.063987],[-35.91913,-6.064234],[-35.920354,-6.064179],[-35.922021,-6.062564],[-35.92109,-6.061377],[-35.921355,-6.059657],[-35.925234,-6.057587],[-35.928017,-6.058043],[-35.927733,-6.05678],[-35.923855,-6.056346],[-35.923084,-6.055475],[-35.923376,-6.05414],[-35.925668,-6.05232],[-35.926774,-6.052493],[-35.929657,-6.051442],[-35.926824,-6.045982],[-35.929001,-6.044426],[-35.931184,-6.044435],[-35.932624,-6.043462],[-35.933835,-6.039113],[-35.93498,-6.037159],[-35.935501,-6.033719],[-35.934952,-6.032838],[-35.932767,-6.032315],[-35.935416,-6.028553],[-35.936617,-6.029002],[-35.937867,-6.027297],[-35.938293,-6.023489],[-35.94187,-6.014277],[-35.94099,-6.012891],[-35.940517,-6.011056],[-35.942013,-6.010928],[-35.943337,-6.009826],[-35.944823,-6.009817],[-35.9469,-6.011312],[-35.946341,-6.010296],[-35.94604,-6.006421],[-35.944992,-6.002676],[-35.945902,-6.001918],[-35.945927,-5.999905],[-35.949534,-5.996572],[-35.948673,-5.994946],[-35.944951,-5.991907],[-35.945482,-5.989905],[-35.943701,-5.988931],[-35.93535,-5.989629],[-35.932774,-5.990878],[-35.929043,-5.99108],[-35.927812,-5.989427],[-35.923523,-5.987305],[-35.921932,-5.983944],[-35.918003,-5.981969],[-35.916034,-5.981822],[-35.909885,-5.983103],[-35.904274,-5.981453],[-35.903683,-5.979767],[-35.906635,-5.976821],[-35.91199,-5.96954],[-35.912968,-5.967421],[-35.911312,-5.964895],[-35.90796,-5.965005],[-35.906511,-5.966098],[-35.905851,-5.967675],[-35.902446,-5.965661],[-35.901768,-5.963462],[-35.899705,-5.962947],[-35.896704,-5.960201],[-35.896279,-5.956205],[-35.897941,-5.955416],[-35.902196,-5.954965],[-35.908444,-5.955793],[-35.910707,-5.956923],[-35.913983,-5.957768],[-35.91742,-5.956584],[-35.920835,-5.953552],[-35.920901,-5.952123],[-35.917411,-5.952019],[-35.909326,-5.950934],[-35.902528,-5.950787],[-35.898751,-5.950024],[-35.896688,-5.947948],[-35.894188,-5.94668],[-35.888111,-5.945264],[-35.886663,-5.943234],[-35.887702,-5.939081],[-35.891597,-5.935676],[-35.893367,-5.935208],[-35.896208,-5.9353],[-35.898149,-5.935805],[-35.901964,-5.937653],[-35.909848,-5.942806],[-35.920982,-5.948401],[-35.923279,-5.949921],[-35.922563,-5.954605],[-35.920898,-5.958597],[-35.92204,-5.959211],[-35.922314,-5.961993],[-35.923429,-5.963242],[-35.922411,-5.964711],[-35.918137,-5.968241],[-35.918737,-5.975145],[-35.92022,-5.975889],[-35.920438,-5.977828],[-35.921962,-5.978902],[-35.92591,-5.979077],[-35.932063,-5.977839],[-35.932442,-5.976109],[-35.933898,-5.974517],[-35.939375,-5.976333],[-35.939896,-5.976036],[-35.942657,-5.970011],[-35.937767,-5.970702],[-35.933501,-5.970383],[-35.932738,-5.969497],[-35.933467,-5.968111],[-35.933496,-5.96619],[-35.931224,-5.96518],[-35.931204,-5.96429],[-35.932133,-5.963245],[-35.933792,-5.964424],[-35.934181,-5.962577],[-35.933732,-5.960609],[-35.932757,-5.95995],[-35.932744,-5.9586],[-35.933308,-5.95835],[-35.933354,-5.957767],[-35.932711,-5.955803],[-35.934159,-5.95471],[-35.937473,-5.954614],[-35.939862,-5.957255],[-35.940851,-5.95774],[-35.949868,-5.955304],[-35.951346,-5.952659],[-35.955769,-5.952519],[-35.957789,-5.953725],[-35.955311,-5.95965],[-35.952871,-5.968486],[-35.950047,-5.974511],[-35.954705,-5.977316],[-35.954127,-5.979259],[-35.952764,-5.980839],[-35.950251,-5.980953],[-35.951145,-5.98252],[-35.950579,-5.985199],[-35.951354,-5.986138],[-35.951078,-5.988051],[-35.952366,-5.988976],[-35.952584,-5.990914],[-35.953285,-5.991446],[-35.953966,-5.990656],[-35.955835,-5.989812],[-35.958768,-5.991014],[-35.961123,-5.990968],[-35.962871,-5.992564],[-35.963892,-5.99264],[-35.970491,-5.999333],[-35.971675,-6.000021],[-35.971512,-6.001103],[-35.976848,-6.002763],[-35.979327,-6.006638],[-35.977602,-6.008038],[-35.97661,-6.017503],[-35.973171,-6.018561],[-35.97185,-6.02031],[-35.969052,-6.021087],[-35.967743,-6.022808],[-35.966129,-6.022461],[-35.963569,-6.023077],[-35.961455,-6.020956],[-35.958747,-6.01994],[-35.956844,-6.017829],[-35.956253,-6.017857],[-35.955178,-6.019347],[-35.961747,-6.025154],[-35.964868,-6.029372],[-35.964965,-6.030493],[-35.963785,-6.031204],[-35.963522,-6.032283],[-35.966877,-6.034154],[-35.967632,-6.035677],[-35.96625,-6.037041],[-35.966372,-6.038516],[-35.964911,-6.039874],[-35.967273,-6.043128],[-35.967205,-6.0463],[-35.972494,-6.044593],[-35.97352,-6.045763],[-35.976553,-6.046684],[-35.978926,-6.046945],[-35.984535,-6.0488],[-35.987219,-6.048825],[-35.989332,-6.049573],[-35.990413,-6.048218],[-35.998117,-6.041654],[-35.999156,-6.039399],[-35.997906,-6.037806],[-35.993655,-6.035074],[-35.992412,-6.033399],[-35.991643,-6.029009],[-35.987924,-6.024704],[-35.983849,-6.021098],[-35.983637,-6.018333],[-35.985096,-6.011859],[-35.986659,-6.011642],[-35.987763,-6.012891],[-35.99065,-6.013371],[-35.994386,-6.0128],[-35.996791,-6.013896],[-35.999156,-6.014292],[-36.0,-6.01566],[-36.003593,-6.017794],[-36.009394,-6.019185],[-36.013106,-6.019185],[-36.017051,-6.019881],[-36.018907,-6.022201],[-36.0203,-6.025914],[-36.021227,-6.027074],[-36.021923,-6.027074],[-36.025868,-6.025218],[-36.027028,-6.025218],[-36.032597,-6.02893],[-36.035613,-6.035659],[-36.037005,-6.037747],[-36.037702,-6.039837],[-36.037933,-6.046797],[-36.039557,-6.049117],[-36.040254,-6.050974],[-36.040021,-6.066752],[-36.043039,-6.073017],[-36.043966,-6.073945],[-36.045591,-6.073945],[-36.046055,-6.073481],[-36.044894,-6.066752],[-36.044894,-6.064431],[-36.044198,-6.061879],[-36.044198,-6.056078],[-36.045126,-6.053526],[-36.049767,-6.049349],[-36.05116,-6.048653],[-36.059745,-6.048422],[-36.061368,-6.049117],[-36.061833,-6.049582],[-36.062529,-6.053526],[-36.063689,-6.055382],[-36.064251,-6.0575],[-36.064947,-6.057731],[-36.066613,-6.060586],[-36.071958,-6.063911],[-36.077082,-6.064393],[-36.078034,-6.065108],[-36.080413,-6.068915],[-36.080889,-6.068677],[-36.08089,-6.066535],[-36.080414,-6.062966],[-36.083269,-6.063681],[-36.084934,-6.063681],[-36.08541,-6.063441],[-36.08541,-6.062014],[-36.084934,-6.061063],[-36.083745,-6.060587],[-36.081841,-6.060587],[-36.077082,-6.059635],[-36.076606,-6.058683],[-36.07375,-6.057017],[-36.073275,-6.054401],[-36.070658,-6.052734],[-36.069705,-6.050831],[-36.069706,-6.050356],[-36.071609,-6.050117],[-36.073275,-6.047976],[-36.075893,-6.047976],[-36.078272,-6.048927],[-36.079938,-6.050593],[-36.081127,-6.051069],[-36.083745,-6.050593],[-36.084697,-6.05083],[-36.0866,-6.052259],[-36.088741,-6.052258],[-36.089455,-6.052021],[-36.090169,-6.051069],[-36.090169,-6.047499],[-36.090645,-6.047499],[-36.095879,-6.051783],[-36.095404,-6.052735],[-36.093976,-6.05321],[-36.093977,-6.055114],[-36.099925,-6.061062],[-36.101829,-6.061777],[-36.107302,-6.061777],[-36.108491,-6.06011],[-36.110871,-6.059634],[-36.111346,-6.058683],[-36.110395,-6.056779],[-36.110395,-6.055353],[-36.111585,-6.052972],[-36.110395,-6.051307],[-36.107302,-6.049641],[-36.102067,-6.049641],[-36.100163,-6.048451],[-36.098973,-6.046786],[-36.098022,-6.046548],[-36.098022,-6.046072],[-36.09588,-6.043454],[-36.093976,-6.042027],[-36.094452,-6.040123],[-36.095404,-6.03941],[-36.095166,-6.038458],[-36.093976,-6.03822],[-36.088979,-6.035126],[-36.08779,-6.031558],[-36.084221,-6.028701],[-36.080889,-6.028464],[-36.080176,-6.02775],[-36.079224,-6.024895],[-36.078272,-6.02418],[-36.075179,-6.016091],[-36.075179,-6.014187],[-36.073751,-6.011807],[-36.073989,-6.005859],[-36.072561,-6.005621],[-36.070181,-6.006811],[-36.069944,-6.009428],[-36.070896,-6.01038],[-36.070657,-6.01157],[-36.067089,-6.011569],[-36.063044,-6.008715],[-36.062329,-6.007048],[-36.062484,-5.9989],[-36.064199,-5.997624],[-36.064839,-5.997633],[-36.065385,-5.995267],[-36.064815,-5.994558],[-36.067489,-5.992434],[-36.067868,-5.991182],[-36.068597,-5.99045],[-36.069937,-5.991335],[-36.072673,-5.991653],[-36.073043,-5.990516],[-36.071598,-5.988547],[-36.071092,-5.98684],[-36.071376,-5.985774],[-36.070937,-5.982139],[-36.071219,-5.981334],[-36.07203,-5.98131],[-36.072569,-5.981825],[-36.075523,-5.98272],[-36.075295,-5.984033],[-36.07696,-5.984355],[-36.077721,-5.983777],[-36.078869,-5.987183],[-36.078723,-5.990045],[-36.078917,-5.99064],[-36.080125,-5.991041],[-36.080629,-5.992786],[-36.080583,-5.993365],[-36.079004,-5.994606],[-36.080023,-5.995524],[-36.081656,-5.995753],[-36.084798,-5.994221],[-36.087209,-5.994592],[-36.087714,-5.993776],[-36.086571,-5.993032],[-36.082551,-5.988698],[-36.083101,-5.987302],[-36.083,-5.986558],[-36.082222,-5.986771],[-36.081548,-5.986178],[-36.083592,-5.984117],[-36.086056,-5.984843],[-36.086482,-5.986039],[-36.088356,-5.988156],[-36.08941,-5.988506],[-36.090554,-5.989717],[-36.093151,-5.990801],[-36.09246,-5.992457],[-36.095401,-5.995275],[-36.097283,-5.995259],[-36.098483,-5.995775],[-36.100213,-5.998192],[-36.10261,-5.997495],[-36.103824,-5.996053],[-36.107065,-5.995556],[-36.10763,-5.995985],[-36.107721,-5.996381],[-36.106677,-5.997428],[-36.106354,-5.998491],[-36.105586,-5.99859],[-36.104684,-6.000386],[-36.104684,-6.006811],[-36.10516,-6.007048],[-36.108729,-6.012759],[-36.108492,-6.017042],[-36.109204,-6.017994],[-36.11087,-6.018709],[-36.113963,-6.024894],[-36.113727,-6.044168],[-36.114678,-6.046072],[-36.116819,-6.048213],[-36.119912,-6.052972],[-36.12015,-6.057255],[-36.121103,-6.057017],[-36.12253,-6.054638],[-36.12253,-6.051307],[-36.122054,-6.049641],[-36.118961,-6.043693],[-36.116819,-6.041789],[-36.116819,-6.03584],[-36.117771,-6.032985],[-36.119199,-6.032509],[-36.120151,-6.032985],[-36.120864,-6.033937],[-36.120864,-6.036792],[-36.121341,-6.037744],[-36.122292,-6.03822],[-36.126574,-6.03822],[-36.128716,-6.0406],[-36.129669,-6.043216],[-36.129669,-6.049164],[-36.130144,-6.050593],[-36.131096,-6.050831],[-36.131334,-6.051306],[-36.131334,-6.0544],[-36.130858,-6.055352],[-36.130858,-6.056779],[-36.131333,-6.057731],[-36.137283,-6.057732],[-36.137758,-6.058207],[-36.137931,-6.06277],[-36.139186,-6.064394],[-36.142042,-6.064393],[-36.142994,-6.06487],[-36.143946,-6.066298],[-36.145849,-6.067964],[-36.148228,-6.068201],[-36.149894,-6.06939],[-36.15156,-6.069628],[-36.152273,-6.068439],[-36.152511,-6.065583],[-36.153701,-6.06368],[-36.154652,-6.060348],[-36.155128,-6.054638],[-36.158936,-6.054638],[-36.15965,-6.052021],[-36.15965,-6.048452],[-36.162981,-6.048451],[-36.163457,-6.047976],[-36.164409,-6.044169],[-36.167407,-6.042312],[-36.169644,-6.042027],[-36.170595,-6.041313],[-36.171785,-6.041313],[-36.172737,-6.040837],[-36.172975,-6.039409],[-36.172023,-6.037506],[-36.170358,-6.036554],[-36.167502,-6.036554],[-36.166074,-6.035841],[-36.165122,-6.03465],[-36.161078,-6.03465],[-36.150608,-6.039885],[-36.14918,-6.041313],[-36.149418,-6.044407],[-36.149894,-6.045357],[-36.153225,-6.047737],[-36.153938,-6.048689],[-36.154176,-6.049879],[-36.152749,-6.052973],[-36.151321,-6.054638],[-36.150132,-6.054876],[-36.149655,-6.055352],[-36.14799,-6.055352],[-36.14585,-6.053448],[-36.141328,-6.05321],[-36.139662,-6.051782],[-36.138234,-6.051307],[-36.136094,-6.049403],[-36.135141,-6.049165],[-36.134189,-6.046548],[-36.134189,-6.044643],[-36.133475,-6.042979],[-36.132285,-6.041552],[-36.132285,-6.038934],[-36.133476,-6.03703],[-36.139662,-6.03703],[-36.140851,-6.03584],[-36.142755,-6.032271],[-36.143707,-6.026323],[-36.144659,-6.024181],[-36.146562,-6.023229],[-36.149418,-6.023229],[-36.150132,-6.021088],[-36.150131,-6.018708],[-36.149181,-6.016329],[-36.14799,-6.015377],[-36.140614,-6.015139],[-36.13871,-6.016091],[-36.13871,-6.017042],[-36.141328,-6.019185],[-36.141803,-6.020374],[-36.141804,-6.02204],[-36.14109,-6.022753],[-36.136331,-6.021801],[-36.134189,-6.023467],[-36.134189,-6.023943],[-36.132524,-6.025371],[-36.13062,-6.026322],[-36.131096,-6.032509],[-36.130144,-6.034651],[-36.128955,-6.035602],[-36.124433,-6.032508],[-36.123668,-6.030025],[-36.122529,-6.028702],[-36.121103,-6.027988],[-36.119199,-6.027988],[-36.118009,-6.026798],[-36.117771,-6.025132],[-36.115154,-6.022278],[-36.114202,-6.020374],[-36.113964,-6.016804],[-36.111822,-6.014425],[-36.111585,-6.009666],[-36.109681,-6.007287],[-36.108967,-6.005621],[-36.107539,-6.004669],[-36.107539,-6.002528],[-36.107777,-6.002052],[-36.108253,-6.00229],[-36.108015,-6.0],[-36.109383,-5.999636],[-36.110257,-5.998493],[-36.111888,-5.999027],[-36.112174,-5.994458],[-36.112588,-5.993729],[-36.111578,-5.992999],[-36.109112,-5.993522],[-36.108098,-5.991483],[-36.105212,-5.988103],[-36.104884,-5.987098],[-36.105064,-5.985723],[-36.104433,-5.983665],[-36.10421,-5.978559],[-36.104608,-5.978321],[-36.105766,-5.979116],[-36.107702,-5.979348],[-36.108782,-5.981913],[-36.107488,-5.983338],[-36.108751,-5.984635],[-36.10947,-5.984806],[-36.111635,-5.986527],[-36.114958,-5.986809],[-36.116091,-5.986553],[-36.116422,-5.985453],[-36.1175,-5.98494],[-36.118326,-5.985105],[-36.117919,-5.986407],[-36.116413,-5.987806],[-36.115327,-5.990316],[-36.117028,-5.993092],[-36.11898,-5.992673],[-36.121645,-5.993546],[-36.121417,-5.997195],[-36.122552,-5.997561],[-36.125581,-5.997503],[-36.126177,-5.993598],[-36.12731,-5.991764],[-36.127547,-5.98999],[-36.128144,-5.989879],[-36.128594,-5.990275],[-36.130157,-5.989456],[-36.127649,-5.9846],[-36.127323,-5.982127],[-36.127519,-5.977188],[-36.129216,-5.974602],[-36.129729,-5.976042],[-36.131174,-5.977878],[-36.13109,-5.978947],[-36.132163,-5.980008],[-36.133126,-5.981854],[-36.13587,-5.984955],[-36.137722,-5.985597],[-36.137482,-5.986522],[-36.138047,-5.987477],[-36.136387,-5.990567],[-36.136867,-5.996054],[-36.13816,-5.996191],[-36.139211,-5.995809],[-36.139509,-5.995084],[-36.141853,-5.995179],[-36.142022,-5.994381],[-36.143229,-5.993115],[-36.143075,-5.989552],[-36.144395,-5.989929],[-36.145676,-5.988341],[-36.145797,-5.986808],[-36.146925,-5.987609],[-36.147614,-5.987596],[-36.147232,-5.985698],[-36.147895,-5.98341],[-36.149379,-5.983519],[-36.151128,-5.984584],[-36.151662,-5.985566],[-36.152277,-5.985884],[-36.15339,-5.985218],[-36.153914,-5.98591],[-36.156535,-5.986899],[-36.158211,-5.985807],[-36.159453,-5.983166],[-36.160393,-5.983163],[-36.160891,-5.984182],[-36.161757,-5.984199],[-36.162225,-5.983765],[-36.162549,-5.983322],[-36.161527,-5.982219],[-36.163497,-5.980448],[-36.165348,-5.981426],[-36.165429,-5.982226],[-36.166131,-5.982511],[-36.169509,-5.982432],[-36.171289,-5.983077],[-36.171287,-5.984339],[-36.173028,-5.989617],[-36.173198,-5.991569],[-36.173759,-5.992539],[-36.176601,-5.993497],[-36.180152,-5.996192],[-36.182002,-5.996608],[-36.181915,-5.998941],[-36.183682,-6.000148],[-36.184634,-6.001576],[-36.186062,-6.007287],[-36.188441,-6.009191],[-36.190821,-6.012759],[-36.191773,-6.015139],[-36.191773,-6.017281],[-36.192725,-6.018708],[-36.1932,-6.018708],[-36.194152,-6.017518],[-36.195817,-6.01728],[-36.196055,-6.017756],[-36.198435,-6.018708],[-36.200815,-6.021088],[-36.201528,-6.022992],[-36.20248,-6.024181],[-36.20248,-6.026084],[-36.20367,-6.028464],[-36.204146,-6.028702],[-36.20486,-6.030606],[-36.205097,-6.035603],[-36.206049,-6.038458],[-36.208667,-6.039885],[-36.211521,-6.039886],[-36.21295,-6.040599],[-36.213187,-6.04393],[-36.215568,-6.043454],[-36.216519,-6.04393],[-36.21747,-6.045358],[-36.21985,-6.047261],[-36.21985,-6.04869],[-36.218661,-6.050593],[-36.218897,-6.052489],[-36.218194,-6.053446],[-36.219943,-6.0525],[-36.220478,-6.051612],[-36.221071,-6.052374],[-36.221183,-6.051342],[-36.222943,-6.052259],[-36.222943,-6.054399],[-36.221754,-6.056066],[-36.220801,-6.056304],[-36.22104,-6.058683],[-36.221754,-6.059635],[-36.223181,-6.060349],[-36.224609,-6.060348],[-36.226513,-6.061301],[-36.228178,-6.064632],[-36.23151,-6.067249],[-36.231985,-6.068676],[-36.230796,-6.070581],[-36.230796,-6.072008],[-36.231985,-6.073673],[-36.232937,-6.07296],[-36.23484,-6.073197],[-36.235316,-6.080812],[-36.23603,-6.082002],[-36.236506,-6.082002],[-36.236744,-6.082954],[-36.238172,-6.084382],[-36.240789,-6.085572],[-36.243645,-6.085571],[-36.245547,-6.086998],[-36.246024,-6.08795],[-36.246262,-6.093424],[-36.248641,-6.095803],[-36.250069,-6.098658],[-36.250069,-6.100085],[-36.248879,-6.102465],[-36.248879,-6.106748],[-36.249831,-6.109127],[-36.249831,-6.111508],[-36.247451,-6.116504],[-36.24769,-6.127687],[-36.248166,-6.129591],[-36.248641,-6.129829],[-36.249593,-6.127687],[-36.249831,-6.11936],[-36.251258,-6.119359],[-36.253162,-6.120787],[-36.253639,-6.12269],[-36.25459,-6.12388],[-36.254828,-6.125308],[-36.256731,-6.126974],[-36.257922,-6.12745],[-36.258635,-6.128401],[-36.258635,-6.129829],[-36.259587,-6.131256],[-36.262204,-6.131257],[-36.265298,-6.133636],[-36.267677,-6.133399],[-36.268391,-6.129352],[-36.268391,-6.126974],[-36.267439,-6.12507],[-36.266725,-6.124832],[-36.261737,-6.118019],[-36.261834,-6.116795],[-36.261381,-6.115626],[-36.259785,-6.114346],[-36.261253,-6.114125],[-36.26268,-6.114838],[-36.263394,-6.11579],[-36.264822,-6.115552],[-36.265774,-6.114125],[-36.266012,-6.111745],[-36.267202,-6.110079],[-36.268628,-6.109603],[-36.269104,-6.107224],[-36.267676,-6.105083],[-36.26625,-6.104368],[-36.264107,-6.104131],[-36.262918,-6.102941],[-36.262442,-6.098183],[-36.26149,-6.097706],[-36.255304,-6.097706],[-36.254352,-6.094851],[-36.251496,-6.092472],[-36.251496,-6.090092],[-36.251973,-6.089616],[-36.252924,-6.089616],[-36.254828,-6.090806],[-36.255779,-6.090806],[-36.256731,-6.089615],[-36.256493,-6.088189],[-36.254352,-6.087951],[-36.250783,-6.084144],[-36.24983,-6.083667],[-36.248641,-6.081525],[-36.248165,-6.081288],[-36.248166,-6.080336],[-36.247213,-6.079384],[-36.248166,-6.078194],[-36.24769,-6.077719],[-36.24769,-6.073198],[-36.245786,-6.07296],[-36.245786,-6.073436],[-36.245309,-6.073674],[-36.243883,-6.073436],[-36.241265,-6.071056],[-36.2396,-6.070343],[-36.237458,-6.066535],[-36.236031,-6.066297],[-36.231985,-6.063442],[-36.230733,-6.06189],[-36.230368,-6.059969],[-36.228416,-6.057731],[-36.22913,-6.056541],[-36.231509,-6.056779],[-36.231747,-6.057256],[-36.232699,-6.057494],[-36.235554,-6.059635],[-36.236744,-6.062014],[-36.238409,-6.063918],[-36.242693,-6.06368],[-36.243645,-6.061776],[-36.243406,-6.055351],[-36.235792,-6.055352],[-36.234365,-6.053449],[-36.235079,-6.050117],[-36.237458,-6.049641],[-36.23841,-6.047262],[-36.239361,-6.047024],[-36.240076,-6.046309],[-36.241502,-6.046547],[-36.241979,-6.0475],[-36.241979,-6.051307],[-36.243883,-6.052258],[-36.246024,-6.052497],[-36.247927,-6.051782],[-36.252449,-6.051782],[-36.252924,-6.051307],[-36.252924,-6.050355],[-36.252687,-6.049404],[-36.251735,-6.048927],[-36.251021,-6.04512],[-36.251021,-6.041551],[-36.251496,-6.040599],[-36.253163,-6.03941],[-36.253162,-6.038933],[-36.25816,-6.035127],[-36.257921,-6.033462],[-36.256494,-6.032509],[-36.254115,-6.032747],[-36.253876,-6.035127],[-36.252924,-6.036554],[-36.251972,-6.037029],[-36.244358,-6.037506],[-36.243882,-6.037268],[-36.243883,-6.034888],[-36.242455,-6.034175],[-36.241503,-6.034175],[-36.240552,-6.03465],[-36.240075,-6.03584],[-36.238171,-6.037982],[-36.237697,-6.037982],[-36.236744,-6.039409],[-36.236982,-6.041075],[-36.237696,-6.042264],[-36.236982,-6.044644],[-36.233889,-6.044644],[-36.2327,-6.042979],[-36.232699,-6.040361],[-36.233889,-6.038457],[-36.233889,-6.036554],[-36.232461,-6.034175],[-36.231034,-6.034174],[-36.227702,-6.03584],[-36.226036,-6.037268],[-36.224609,-6.037031],[-36.223658,-6.035126],[-36.22104,-6.03703],[-36.219136,-6.03703],[-36.216043,-6.032984],[-36.215567,-6.03013],[-36.208667,-6.026323],[-36.208191,-6.020374],[-36.206762,-6.018708],[-36.204383,-6.01728],[-36.204145,-6.013949],[-36.20486,-6.01276],[-36.206287,-6.012759],[-36.207239,-6.013949],[-36.207477,-6.016804],[-36.209381,-6.016804],[-36.20938,-6.012997],[-36.208428,-6.012521],[-36.208905,-6.011094],[-36.208905,-6.009191],[-36.207953,-6.008715],[-36.206049,-6.008714],[-36.201528,-6.011332],[-36.198911,-6.011332],[-36.198435,-6.011094],[-36.19891,-6.009428],[-36.198911,-6.006573],[-36.198435,-6.005145],[-36.197959,-6.004908],[-36.197959,-6.002528],[-36.198197,-6.002052],[-36.199149,-6.001814],[-36.199387,-6.000387],[-36.20129,-6.000148],[-36.20259,-5.99647],[-36.204762,-5.993914],[-36.206256,-5.993845],[-36.206868,-5.993067],[-36.207043,-5.988808],[-36.208526,-5.989121],[-36.20905,-5.990292],[-36.210257,-5.991143],[-36.211764,-5.990327],[-36.212069,-5.990493],[-36.212251,-5.990898],[-36.211722,-5.991147],[-36.211546,-5.992422],[-36.211996,-5.993197],[-36.212869,-5.993023],[-36.213757,-5.993624],[-36.214459,-5.993592],[-36.214947,-5.99334],[-36.214925,-5.992515],[-36.215299,-5.992204],[-36.217215,-5.994721],[-36.218583,-5.993436],[-36.220176,-5.993231],[-36.221907,-5.993922],[-36.225727,-5.994444],[-36.226202,-5.993674],[-36.227044,-5.993533],[-36.227628,-5.994019],[-36.228079,-5.995703],[-36.229864,-5.99676],[-36.230794,-5.99868],[-36.230297,-6.000253],[-36.23136,-6.002492],[-36.231362,-6.004009],[-36.231988,-6.00412],[-36.232955,-6.003193],[-36.233037,-6.001931],[-36.235668,-5.998861],[-36.235526,-5.99765],[-36.235864,-5.997368],[-36.234636,-5.996204],[-36.234757,-5.995344],[-36.232923,-5.992499],[-36.233474,-5.991682],[-36.233271,-5.9909],[-36.233839,-5.990545],[-36.236401,-5.990837],[-36.238138,-5.990196],[-36.239833,-5.990781],[-36.24335,-5.990572],[-36.245259,-5.987835],[-36.245871,-5.987637],[-36.246417,-5.986815],[-36.246894,-5.983877],[-36.247516,-5.982896],[-36.24848,-5.982774],[-36.248689,-5.981437],[-36.249751,-5.982329],[-36.250046,-5.983262],[-36.250601,-5.983428],[-36.251213,-5.98101],[-36.251778,-5.980309],[-36.252396,-5.980422],[-36.253736,-5.982483],[-36.255014,-5.979972],[-36.255574,-5.979945],[-36.256266,-5.979115],[-36.256089,-5.97673],[-36.255116,-5.976763],[-36.254153,-5.975951],[-36.253062,-5.976371],[-36.249428,-5.976093],[-36.249392,-5.977931],[-36.248013,-5.978867],[-36.244382,-5.979752],[-36.239898,-5.98316],[-36.239561,-5.983039],[-36.238608,-5.980609],[-36.236537,-5.979783],[-36.239761,-5.97609],[-36.239554,-5.974849],[-36.239993,-5.973802],[-36.238194,-5.97446],[-36.23758,-5.975331],[-36.236277,-5.975476],[-36.235131,-5.976289],[-36.233226,-5.976051],[-36.232517,-5.975106],[-36.230479,-5.974035],[-36.230524,-5.972615],[-36.231155,-5.97217],[-36.231697,-5.970837],[-36.2304,-5.970247],[-36.231325,-5.966717],[-36.230376,-5.966616],[-36.230263,-5.966054],[-36.229812,-5.965885],[-36.228582,-5.966201],[-36.22741,-5.967554],[-36.22638,-5.965675],[-36.225206,-5.964918],[-36.22307,-5.965734],[-36.222327,-5.963807],[-36.22173,-5.963708],[-36.221919,-5.964979],[-36.221191,-5.966939],[-36.220127,-5.967279],[-36.220011,-5.965454],[-36.220621,-5.964634],[-36.219938,-5.963438],[-36.220569,-5.962426],[-36.219605,-5.960909],[-36.217794,-5.960048],[-36.213289,-5.961268],[-36.211004,-5.960405],[-36.210141,-5.959093],[-36.211803,-5.9583],[-36.211875,-5.957398],[-36.210145,-5.957491],[-36.209669,-5.956139],[-36.210267,-5.955217],[-36.211421,-5.954678],[-36.210572,-5.953567],[-36.207074,-5.953055],[-36.206641,-5.954469],[-36.207673,-5.956615],[-36.207028,-5.958128],[-36.205818,-5.957898],[-36.204804,-5.957029],[-36.204414,-5.958276],[-36.203634,-5.958162],[-36.203279,-5.95859],[-36.204434,-5.961302],[-36.204308,-5.962268],[-36.201408,-5.96231],[-36.201416,-5.963701],[-36.204258,-5.963258],[-36.2038,-5.964504],[-36.204173,-5.964841],[-36.206922,-5.964849],[-36.20721,-5.965258],[-36.206571,-5.966293],[-36.206662,-5.967658],[-36.208919,-5.970227],[-36.208716,-5.970976],[-36.210019,-5.974354],[-36.210062,-5.974822],[-36.208669,-5.97565],[-36.206425,-5.975795],[-36.204287,-5.977146],[-36.207217,-5.980957],[-36.206441,-5.981712],[-36.20631,-5.982509],[-36.20707,-5.985392],[-36.206443,-5.986275],[-36.205686,-5.985755],[-36.204895,-5.983145],[-36.203734,-5.981668],[-36.203461,-5.980565],[-36.20289,-5.980213],[-36.202055,-5.980734],[-36.2019,-5.981962],[-36.203926,-5.985686],[-36.203827,-5.986196],[-36.201432,-5.987549],[-36.199245,-5.986639],[-36.199329,-5.984801],[-36.200176,-5.984041],[-36.200487,-5.983084],[-36.199713,-5.980837],[-36.199902,-5.979178],[-36.199355,-5.978562],[-36.197934,-5.979265],[-36.197104,-5.98076],[-36.19619,-5.981039],[-36.194438,-5.982956],[-36.192063,-5.982951],[-36.190585,-5.981478],[-36.190476,-5.979718],[-36.189605,-5.978401],[-36.187145,-5.977189],[-36.187048,-5.975396],[-36.185956,-5.974163],[-36.184305,-5.973234],[-36.180374,-5.973021],[-36.18017,-5.971769],[-36.178735,-5.970343],[-36.178257,-5.968916],[-36.176832,-5.968204],[-36.176594,-5.967722],[-36.174341,-5.967659],[-36.172901,-5.968591],[-36.172856,-5.969165],[-36.171179,-5.96933],[-36.170603,-5.969863],[-36.170079,-5.969709],[-36.170129,-5.969079],[-36.169665,-5.96893],[-36.169174,-5.969124],[-36.16888,-5.970601],[-36.167557,-5.969293],[-36.165413,-5.970865],[-36.164381,-5.971135],[-36.162812,-5.970673],[-36.161814,-5.971291],[-36.161752,-5.973592],[-36.16287,-5.974482],[-36.163484,-5.978043],[-36.160403,-5.98018],[-36.159162,-5.980089],[-36.158584,-5.978374],[-36.157766,-5.978948],[-36.157675,-5.980095],[-36.156899,-5.980152],[-36.156294,-5.979532],[-36.156297,-5.978724],[-36.155288,-5.977958],[-36.155278,-5.976575],[-36.15588,-5.974197],[-36.156632,-5.973035],[-36.157351,-5.968684],[-36.159741,-5.967391],[-36.160182,-5.966329],[-36.159127,-5.966136],[-36.158032,-5.966459],[-36.158064,-5.964424],[-36.159176,-5.962305],[-36.158871,-5.959964],[-36.156162,-5.957057],[-36.156255,-5.956126],[-36.155748,-5.955354],[-36.154615,-5.954691],[-36.155523,-5.953411],[-36.155487,-5.952675],[-36.156542,-5.952477],[-36.157663,-5.953844],[-36.157584,-5.954848],[-36.159396,-5.957091],[-36.160446,-5.95937],[-36.162088,-5.958941],[-36.16234,-5.958134],[-36.162035,-5.956001],[-36.161462,-5.954858],[-36.164197,-5.954968],[-36.165036,-5.956314],[-36.166012,-5.955926],[-36.166329,-5.954299],[-36.165749,-5.953247],[-36.16577,-5.95178],[-36.166608,-5.950741],[-36.167068,-5.948481],[-36.166413,-5.945976],[-36.16387,-5.941613],[-36.162131,-5.941485],[-36.160755,-5.940951],[-36.160422,-5.940376],[-36.159394,-5.940208],[-36.158342,-5.938545],[-36.159318,-5.938158],[-36.162077,-5.939764],[-36.162061,-5.940563],[-36.164749,-5.941265],[-36.166991,-5.944642],[-36.169209,-5.94953],[-36.170753,-5.949736],[-36.171112,-5.948779],[-36.170359,-5.947531],[-36.170436,-5.945335],[-36.171383,-5.945312],[-36.173374,-5.947661],[-36.173049,-5.948187],[-36.174475,-5.949301],[-36.176123,-5.947588],[-36.174595,-5.946559],[-36.171906,-5.942397],[-36.172694,-5.943189],[-36.170994,-5.94122],[-36.174197,-5.942603],[-36.17654,-5.942867],[-36.179902,-5.941601],[-36.18194,-5.942144],[-36.183459,-5.942072],[-36.184194,-5.939925],[-36.183173,-5.938472],[-36.182956,-5.937008],[-36.184222,-5.93655],[-36.184693,-5.937777],[-36.186474,-5.938596],[-36.190511,-5.946726],[-36.191965,-5.946388],[-36.190079,-5.942073],[-36.190352,-5.940993],[-36.192467,-5.940551],[-36.195954,-5.944341],[-36.198357,-5.948693],[-36.199254,-5.949309],[-36.199587,-5.948691],[-36.198458,-5.94558],[-36.19931,-5.944359],[-36.199008,-5.942776],[-36.197709,-5.941854],[-36.196411,-5.939097],[-36.196417,-5.934189],[-36.195588,-5.933302],[-36.192481,-5.932523],[-36.190941,-5.929839],[-36.191096,-5.927864],[-36.190302,-5.927727],[-36.189161,-5.925991],[-36.186991,-5.925327],[-36.186257,-5.922015],[-36.185071,-5.920264],[-36.18272,-5.920092],[-36.17972,-5.922176],[-36.177702,-5.917759],[-36.177827,-5.914959],[-36.178545,-5.91181],[-36.177789,-5.910608],[-36.176918,-5.910856],[-36.171005,-5.905465],[-36.169653,-5.905824],[-36.168961,-5.907424],[-36.167638,-5.908612],[-36.167787,-5.911524],[-36.17187,-5.911916],[-36.16844,-5.915277],[-36.168355,-5.916372],[-36.168767,-5.917136],[-36.170165,-5.916797],[-36.171239,-5.915759],[-36.172598,-5.915309],[-36.174869,-5.915292],[-36.175282,-5.916057],[-36.173301,-5.917198],[-36.173723,-5.919065],[-36.174999,-5.922094],[-36.17636,-5.92403],[-36.177448,-5.927046],[-36.177183,-5.929229],[-36.174622,-5.929315],[-36.173429,-5.930053],[-36.172448,-5.931725],[-36.171377,-5.932105],[-36.168247,-5.93224],[-36.166981,-5.932698],[-36.164644,-5.932342],[-36.164882,-5.930525],[-36.163688,-5.930069],[-36.163116,-5.928927],[-36.160338,-5.928171],[-36.159615,-5.928944],[-36.159414,-5.930306],[-36.156152,-5.929698],[-36.153332,-5.931877],[-36.148833,-5.930168],[-36.145955,-5.930691],[-36.143604,-5.930517],[-36.143387,-5.929676],[-36.142092,-5.929304],[-36.139792,-5.929685],[-36.139633,-5.929307],[-36.138844,-5.929707],[-36.138904,-5.931363],[-36.140208,-5.934028],[-36.140797,-5.937374],[-36.139857,-5.938498],[-36.138136,-5.938739],[-36.137608,-5.93824],[-36.137136,-5.93582],[-36.13577,-5.936362],[-36.135031,-5.936124],[-36.133353,-5.934624],[-36.132579,-5.934841],[-36.131161,-5.933636],[-36.131876,-5.932955],[-36.133402,-5.932792],[-36.135208,-5.931458],[-36.136532,-5.931463],[-36.135901,-5.928664],[-36.134366,-5.926533],[-36.134343,-5.925613],[-36.133098,-5.923411],[-36.132179,-5.923068],[-36.132497,-5.92144],[-36.128445,-5.921232],[-36.12765,-5.920531],[-36.12645,-5.92136],[-36.125423,-5.921193],[-36.125299,-5.920358],[-36.122915,-5.917125],[-36.1231,-5.915776],[-36.123818,-5.915228],[-36.122603,-5.914562],[-36.122623,-5.913962],[-36.123354,-5.913571],[-36.123175,-5.913112],[-36.121793,-5.912853],[-36.121549,-5.912012],[-36.120777,-5.911536],[-36.119678,-5.909727],[-36.115369,-5.907576],[-36.115422,-5.906219],[-36.113949,-5.905744],[-36.113519,-5.905031],[-36.114001,-5.904385],[-36.116097,-5.903808],[-36.117234,-5.901693],[-36.114737,-5.901194],[-36.115021,-5.898963],[-36.114084,-5.897847],[-36.112267,-5.897607],[-36.111704,-5.895158],[-36.111131,-5.894905],[-36.110449,-5.893284],[-36.109301,-5.8921],[-36.109024,-5.890822],[-36.108025,-5.889806],[-36.10696,-5.889623],[-36.106342,-5.889943],[-36.105555,-5.892398],[-36.104399,-5.892274],[-36.103052,-5.893365],[-36.102181,-5.894819],[-36.101986,-5.897999],[-36.100996,-5.89824],[-36.101905,-5.9004],[-36.103525,-5.901772],[-36.104821,-5.904367],[-36.106163,-5.905667],[-36.106443,-5.907008],[-36.111238,-5.911406],[-36.110702,-5.912048],[-36.11083,-5.912476],[-36.111565,-5.91342],[-36.11225,-5.913628],[-36.111075,-5.915362],[-36.107699,-5.917307],[-36.107279,-5.916786],[-36.106198,-5.916856],[-36.105661,-5.916433],[-36.10553,-5.915593],[-36.103279,-5.915586],[-36.10026,-5.914522],[-36.102315,-5.912949],[-36.102576,-5.912138],[-36.103255,-5.911731],[-36.103183,-5.909852],[-36.099293,-5.909095],[-36.098816,-5.908464],[-36.099238,-5.907558],[-36.101698,-5.905866],[-36.102023,-5.905081],[-36.101368,-5.904478],[-36.09727,-5.905102],[-36.098057,-5.903819],[-36.097742,-5.903285],[-36.096427,-5.902994],[-36.095403,-5.904421],[-36.092057,-5.90511],[-36.091077,-5.904254],[-36.091008,-5.902944],[-36.092009,-5.901004],[-36.09326,-5.899876],[-36.093719,-5.899057],[-36.093859,-5.897279],[-36.094737,-5.896705],[-36.094821,-5.8962],[-36.093732,-5.89497],[-36.092848,-5.892264],[-36.091521,-5.890163],[-36.092204,-5.889609],[-36.093392,-5.889607],[-36.094111,-5.888892],[-36.095302,-5.885089],[-36.092772,-5.882634],[-36.091249,-5.882478],[-36.090187,-5.880909],[-36.08984,-5.878626],[-36.088977,-5.877326],[-36.089369,-5.875695],[-36.08786,-5.874221],[-36.086613,-5.875023],[-36.086287,-5.876362],[-36.0855,-5.8769],[-36.085161,-5.878407],[-36.085353,-5.87987],[-36.084347,-5.881752],[-36.085298,-5.886036],[-36.084966,-5.891511],[-36.086514,-5.895246],[-36.085864,-5.896261],[-36.08625,-5.898589],[-36.085977,-5.901508],[-36.08218,-5.906253],[-36.080876,-5.908883],[-36.08049,-5.909323],[-36.079527,-5.909294],[-36.079225,-5.91089],[-36.078562,-5.911522],[-36.078737,-5.912642],[-36.078284,-5.915037],[-36.080678,-5.915853],[-36.086595,-5.916504],[-36.087847,-5.917874],[-36.089151,-5.918056],[-36.089378,-5.919211],[-36.090296,-5.919536],[-36.090243,-5.920213],[-36.091594,-5.923538],[-36.090262,-5.924292],[-36.088641,-5.924256],[-36.086489,-5.923655],[-36.082443,-5.923564],[-36.081341,-5.923057],[-36.079832,-5.923286],[-36.079204,-5.923925],[-36.07934,-5.925634],[-36.081964,-5.927942],[-36.083405,-5.928064],[-36.084362,-5.929675],[-36.08317,-5.932039],[-36.081018,-5.933415],[-36.079989,-5.933561],[-36.079684,-5.934092],[-36.080693,-5.937998],[-36.081743,-5.939141],[-36.084362,-5.939888],[-36.084706,-5.940552],[-36.084636,-5.943101],[-36.086056,-5.944569],[-36.085554,-5.945383],[-36.083041,-5.946645],[-36.082675,-5.947385],[-36.082676,-5.949046],[-36.084484,-5.950076],[-36.083545,-5.952519],[-36.083748,-5.954408],[-36.084541,-5.956042],[-36.083058,-5.957593],[-36.082536,-5.959215],[-36.082594,-5.962371],[-36.083152,-5.963645],[-36.080934,-5.965058],[-36.080361,-5.965929],[-36.078273,-5.966522],[-36.077976,-5.965264],[-36.076989,-5.963872],[-36.077469,-5.963354],[-36.078809,-5.963069],[-36.079167,-5.962415],[-36.077374,-5.962325],[-36.076606,-5.960948],[-36.077098,-5.959707],[-36.079151,-5.959263],[-36.079815,-5.958078],[-36.079528,-5.957457],[-36.07808,-5.957545],[-36.077523,-5.956494],[-36.077966,-5.95544],[-36.076897,-5.953769],[-36.077432,-5.953071],[-36.079059,-5.953211],[-36.079249,-5.952458],[-36.077923,-5.951466],[-36.078325,-5.950261],[-36.077679,-5.949945],[-36.07504,-5.952972],[-36.073015,-5.953287],[-36.071279,-5.952965],[-36.069941,-5.953176],[-36.067046,-5.950827],[-36.066632,-5.949476],[-36.068127,-5.946753],[-36.069043,-5.945933],[-36.070275,-5.945903],[-36.071354,-5.944896],[-36.072263,-5.945041],[-36.073426,-5.942788],[-36.071674,-5.941082],[-36.068455,-5.94127],[-36.067646,-5.940954],[-36.066541,-5.939382],[-36.065929,-5.939337],[-36.063049,-5.94233],[-36.061197,-5.940247],[-36.061196,-5.938391],[-36.062054,-5.936624],[-36.063915,-5.935848],[-36.064332,-5.935269],[-36.065098,-5.933069],[-36.065076,-5.931683],[-36.063214,-5.933014],[-36.061424,-5.933285],[-36.060399,-5.932851],[-36.059317,-5.933195],[-36.057601,-5.931568],[-36.057543,-5.927177],[-36.058417,-5.924431],[-36.058175,-5.921943],[-36.057657,-5.920713],[-36.057589,-5.917685],[-36.057075,-5.916411],[-36.057064,-5.914324],[-36.056657,-5.913358],[-36.056815,-5.912475],[-36.055653,-5.909408],[-36.053934,-5.907832],[-36.052699,-5.905697],[-36.049978,-5.905709],[-36.048473,-5.904191],[-36.048938,-5.90329],[-36.047768,-5.90201],[-36.047999,-5.901304],[-36.047467,-5.899689],[-36.047565,-5.897907],[-36.049662,-5.898021],[-36.050077,-5.896646],[-36.053932,-5.895251],[-36.054183,-5.894217],[-36.053496,-5.89392],[-36.05175,-5.894634],[-36.050658,-5.893804],[-36.050865,-5.893023],[-36.052188,-5.892138],[-36.052041,-5.891565],[-36.052424,-5.890986],[-36.054522,-5.888847],[-36.05515,-5.883323],[-36.053413,-5.881509],[-36.051025,-5.8818],[-36.048603,-5.883165],[-36.0477,-5.884222],[-36.045919,-5.884792],[-36.04438,-5.883507],[-36.043748,-5.88112],[-36.044202,-5.880265],[-36.046074,-5.87914],[-36.049276,-5.8783],[-36.051438,-5.878414],[-36.052913,-5.879272],[-36.053426,-5.878889],[-36.053453,-5.878073],[-36.052976,-5.877365],[-36.051611,-5.876829],[-36.051904,-5.876152],[-36.057201,-5.874157],[-36.061746,-5.873836],[-36.068774,-5.871559],[-36.068056,-5.871203],[-36.067698,-5.869726],[-36.065603,-5.869474],[-36.065061,-5.868404],[-36.063708,-5.867164],[-36.062814,-5.867384],[-36.060964,-5.866229],[-36.060494,-5.865526],[-36.06054,-5.863878],[-36.061113,-5.863142],[-36.060395,-5.862784],[-36.058852,-5.863716],[-36.057715,-5.865302],[-36.057716,-5.86623],[-36.056788,-5.867616],[-36.052842,-5.871563],[-36.051912,-5.87203],[-36.048665,-5.87203],[-36.047211,-5.870738],[-36.046115,-5.871796],[-36.044956,-5.871559],[-36.044348,-5.870104],[-36.042044,-5.868669],[-36.040765,-5.869176],[-36.039349,-5.870561],[-36.037845,-5.87109],[-36.035419,-5.870065],[-36.033241,-5.87024],[-36.03051,-5.867876],[-36.030937,-5.865982],[-36.03034,-5.8656],[-36.030101,-5.863905],[-36.030101,-5.861815],[-36.031859,-5.856969],[-36.032521,-5.856582],[-36.032666,-5.855893],[-36.031983,-5.855262],[-36.031688,-5.853294],[-36.029728,-5.849584],[-36.028181,-5.848032],[-36.02663,-5.847879],[-36.026651,-5.848754],[-36.030078,-5.853863],[-36.03022,-5.855493],[-36.029975,-5.856873],[-36.028174,-5.859145],[-36.026373,-5.857922],[-36.024885,-5.858074],[-36.024533,-5.859732],[-36.025201,-5.860422],[-36.026901,-5.86057],[-36.027033,-5.861192],[-36.027959,-5.861436],[-36.027277,-5.862369],[-36.028091,-5.865185],[-36.024998,-5.862987],[-36.024534,-5.863669],[-36.025439,-5.865253],[-36.02728,-5.867172],[-36.028069,-5.867494],[-36.028968,-5.868877],[-36.02864,-5.871075],[-36.028993,-5.871516],[-36.02989,-5.870713],[-36.030894,-5.870526],[-36.03216,-5.872694],[-36.031135,-5.875854],[-36.031245,-5.881049],[-36.030683,-5.882316],[-36.030722,-5.883788],[-36.029714,-5.884278],[-36.02926,-5.886089],[-36.032155,-5.888609],[-36.033632,-5.890955],[-36.033433,-5.892022],[-36.033935,-5.892882],[-36.032968,-5.893592],[-36.032842,-5.894778],[-36.034105,-5.896056],[-36.031726,-5.899175],[-36.029813,-5.902972],[-36.026492,-5.904354],[-36.025894,-5.905173],[-36.026669,-5.906051],[-36.028342,-5.9057],[-36.029642,-5.907264],[-36.030353,-5.907274],[-36.031261,-5.907039],[-36.031434,-5.905974],[-36.032417,-5.905356],[-36.03341,-5.906293],[-36.034606,-5.905777],[-36.036079,-5.903469],[-36.036979,-5.903321],[-36.039462,-5.903979],[-36.040422,-5.903662],[-36.041432,-5.904385],[-36.043394,-5.904875],[-36.049159,-5.909057],[-36.04954,-5.909862],[-36.048819,-5.911103],[-36.04898,-5.913014],[-36.049709,-5.913931],[-36.051331,-5.913633],[-36.051954,-5.914126],[-36.052376,-5.915648],[-36.052378,-5.919129],[-36.053149,-5.920488],[-36.054428,-5.921064],[-36.054413,-5.923645],[-36.054001,-5.924909],[-36.051912,-5.92702],[-36.050754,-5.929335],[-36.050435,-5.934004],[-36.049801,-5.935201],[-36.050002,-5.936067],[-36.050542,-5.9365],[-36.052493,-5.93658],[-36.053238,-5.939549],[-36.053149,-5.941966],[-36.053518,-5.941993],[-36.053915,-5.942939],[-36.054545,-5.942659],[-36.055043,-5.941485],[-36.055956,-5.940603],[-36.056708,-5.940495],[-36.056932,-5.941493],[-36.057544,-5.941441],[-36.058432,-5.940459],[-36.058722,-5.942986],[-36.058686,-5.943442],[-36.058195,-5.943667],[-36.058207,-5.944389],[-36.059218,-5.944398],[-36.058109,-5.945626],[-36.058848,-5.946532],[-36.059488,-5.94612],[-36.060148,-5.9463],[-36.059214,-5.947783],[-36.059859,-5.949381],[-36.062254,-5.949473],[-36.061983,-5.950099],[-36.060332,-5.95071],[-36.060334,-5.951271],[-36.060745,-5.95169],[-36.063024,-5.951557],[-36.0606,-5.954376],[-36.059108,-5.955184],[-36.058683,-5.956132],[-36.059066,-5.960303],[-36.057209,-5.961287],[-36.056366,-5.964072],[-36.054801,-5.963612],[-36.053924,-5.963765],[-36.051332,-5.966258],[-36.050423,-5.966649],[-36.047885,-5.966297],[-36.044511,-5.968404],[-36.044738,-5.967242],[-36.04576,-5.967121],[-36.046581,-5.964858],[-36.048288,-5.963348],[-36.049728,-5.958558],[-36.048469,-5.958269],[-36.044971,-5.955765],[-36.043754,-5.95471],[-36.043727,-5.954073],[-36.043005,-5.953797],[-36.041597,-5.953788],[-36.041086,-5.955707],[-36.03882,-5.957357],[-36.03645,-5.957443],[-36.036133,-5.955474],[-36.035048,-5.95526],[-36.035408,-5.95245],[-36.036218,-5.95009],[-36.037362,-5.949239],[-36.037717,-5.94833],[-36.036645,-5.946105],[-36.034694,-5.945686],[-36.032952,-5.946217],[-36.03173,-5.948052],[-36.029032,-5.947742],[-36.02662,-5.945967],[-36.025012,-5.946233],[-36.024895,-5.948424],[-36.023942,-5.949729],[-36.025379,-5.952365],[-36.028858,-5.952331],[-36.030074,-5.949634],[-36.030719,-5.949352],[-36.031422,-5.949789],[-36.033118,-5.948914],[-36.033796,-5.95002],[-36.031467,-5.953995],[-36.031246,-5.955779],[-36.029054,-5.958718],[-36.028055,-5.964501],[-36.027016,-5.965833],[-36.026079,-5.965527],[-36.025358,-5.963842],[-36.024185,-5.964368],[-36.023755,-5.966014],[-36.022556,-5.966892],[-36.022558,-5.968787],[-36.02154,-5.970353],[-36.020093,-5.971219],[-36.01564,-5.971475],[-36.015325,-5.97084],[-36.015517,-5.967564],[-36.01497,-5.967329],[-36.014901,-5.965259],[-36.014481,-5.965098],[-36.013205,-5.966102],[-36.011778,-5.966479],[-36.008935,-5.966784],[-36.003546,-5.962899],[-36.003196,-5.961841],[-36.001987,-5.962009],[-36.000717,-5.961558],[-36.001099,-5.958977],[-36.002161,-5.958136],[-36.000877,-5.956384],[-36.000759,-5.955044],[-36.002364,-5.95378],[-36.004195,-5.95042],[-36.003171,-5.95016],[-36.002791,-5.950776],[-36.001772,-5.951068],[-36.00142,-5.949524],[-36.000643,-5.948546],[-36.003952,-5.940281],[-35.994,-5.937474],[-35.993146,-5.93813],[-35.991708,-5.937035],[-35.990587,-5.936752],[-35.989521,-5.938206],[-35.989683,-5.939139],[-35.988581,-5.939576],[-35.98732,-5.939021],[-35.987283,-5.936485],[-35.985803,-5.934935],[-35.983874,-5.934561],[-35.982776,-5.93494],[-35.98161,-5.934681],[-35.981,-5.933935],[-35.979305,-5.933819],[-35.97873,-5.933914],[-35.978383,-5.935606],[-35.977312,-5.935743],[-35.976682,-5.937711],[-35.974575,-5.93941],[-35.972685,-5.940235],[-35.969744,-5.939901],[-35.968889,-5.937189],[-35.967849,-5.936615],[-35.96726,-5.935283],[-35.965558,-5.933543],[-35.963888,-5.932901],[-35.960411,-5.928842],[-35.959352,-5.9287],[-35.958636,-5.927986],[-35.958021,-5.926225],[-35.958018,-5.924241],[-35.959743,-5.922636],[-35.959745,-5.922155],[-35.958724,-5.920194],[-35.955869,-5.916527],[-35.954984,-5.915712],[-35.954081,-5.915875],[-35.953636,-5.912503],[-35.954907,-5.910696],[-35.95404,-5.910401],[-35.954194,-5.908455],[-35.951567,-5.907165],[-35.953809,-5.905087],[-35.95291,-5.904444],[-35.951113,-5.904656],[-35.950514,-5.903977],[-35.950333,-5.902524],[-35.950855,-5.900432],[-35.950564,-5.899605],[-35.951264,-5.896936],[-35.95173,-5.89687],[-35.953341,-5.898257],[-35.952469,-5.898767],[-35.952619,-5.899873],[-35.955613,-5.902328],[-35.957092,-5.904064],[-35.958657,-5.903778],[-35.960958,-5.904698],[-35.962845,-5.903341],[-35.964438,-5.90346],[-35.965368,-5.904451],[-35.967088,-5.904464],[-35.969003,-5.905758],[-35.972048,-5.906273],[-35.97281,-5.907135],[-35.977407,-5.90529],[-35.978709,-5.903083],[-35.978399,-5.901736],[-35.97805,-5.900904],[-35.976517,-5.900789],[-35.974471,-5.89904],[-35.973953,-5.896453],[-35.974342,-5.89515],[-35.974101,-5.891106],[-35.971011,-5.88968],[-35.969583,-5.885637],[-35.969816,-5.883968],[-35.967411,-5.882375],[-35.964027,-5.881662],[-35.964203,-5.879429],[-35.962846,-5.878579],[-35.962873,-5.876739],[-35.964017,-5.875039],[-35.963082,-5.873356],[-35.961971,-5.873158],[-35.960365,-5.874708],[-35.958481,-5.875259],[-35.958413,-5.876118],[-35.959239,-5.878425],[-35.961766,-5.883221],[-35.961753,-5.884891],[-35.962529,-5.886331],[-35.964167,-5.887374],[-35.964136,-5.889626],[-35.962716,-5.892218],[-35.961168,-5.893024],[-35.960197,-5.891051],[-35.960492,-5.889576],[-35.959153,-5.886216],[-35.958219,-5.88603],[-35.956363,-5.887771],[-35.954471,-5.888436],[-35.953255,-5.888058],[-35.952139,-5.887168],[-35.950732,-5.884702],[-35.950895,-5.882641],[-35.950142,-5.880915],[-35.94595,-5.878414],[-35.943518,-5.877657],[-35.943655,-5.875191],[-35.946073,-5.873874],[-35.945414,-5.872996],[-35.942058,-5.871393],[-35.941745,-5.869847],[-35.947532,-5.867151],[-35.948764,-5.866126],[-35.948505,-5.863399],[-35.949444,-5.862778],[-35.949131,-5.861488],[-35.948251,-5.861364],[-35.947889,-5.857475],[-35.948912,-5.855964],[-35.950548,-5.856504],[-35.952285,-5.859557],[-35.951574,-5.860381],[-35.950807,-5.860282],[-35.950225,-5.861116],[-35.950278,-5.862081],[-35.952268,-5.863565],[-35.955253,-5.867171],[-35.957595,-5.867242],[-35.959193,-5.865795],[-35.958843,-5.864223],[-35.959377,-5.862926],[-35.960502,-5.8623],[-35.963187,-5.863168],[-35.965408,-5.86609],[-35.969243,-5.867942],[-35.971779,-5.868236],[-35.974962,-5.867993],[-35.97503,-5.865763],[-35.976543,-5.865124],[-35.982608,-5.866244],[-35.987132,-5.866163],[-35.992131,-5.865261],[-35.993475,-5.865382],[-35.994264,-5.866277],[-35.995217,-5.866493],[-35.996278,-5.865842],[-35.996461,-5.864916],[-35.997975,-5.86319],[-35.999481,-5.859375],[-36.003746,-5.857047],[-36.007203,-5.853713],[-36.010932,-5.849095],[-36.012672,-5.845143],[-36.012742,-5.842129],[-36.013306,-5.839234],[-36.011641,-5.834785],[-36.008729,-5.833344],[-36.002062,-5.831885],[-35.998518,-5.834222],[-35.995367,-5.837622],[-35.990798,-5.839913],[-35.986064,-5.843195],[-35.983862,-5.841652],[-35.983191,-5.84035],[-35.983128,-5.838967],[-35.981934,-5.838836],[-35.978619,-5.840616],[-35.975163,-5.840127],[-35.971811,-5.836817],[-35.969402,-5.836816],[-35.968336,-5.837237],[-35.962923,-5.834724],[-35.960202,-5.834814],[-35.959057,-5.832974],[-35.961518,-5.832322],[-35.96315,-5.83236],[-35.965998,-5.825722],[-35.965972,-5.822796],[-35.962293,-5.823608],[-35.961261,-5.822529],[-35.961484,-5.818618],[-35.960017,-5.81759],[-35.9568,-5.819104],[-35.95426,-5.818581],[-35.95197,-5.820331],[-35.95022,-5.822875],[-35.952984,-5.829263],[-35.953345,-5.832298],[-35.946842,-5.837869],[-35.944249,-5.842354],[-35.944733,-5.851453],[-35.946509,-5.854901],[-35.945543,-5.855865],[-35.944322,-5.856293],[-35.939137,-5.857346],[-35.937971,-5.858583],[-35.937853,-5.860072],[-35.937227,-5.860485],[-35.93656,-5.859918],[-35.936351,-5.858808],[-35.936992,-5.855976],[-35.935785,-5.855482],[-35.93486,-5.855932],[-35.934691,-5.857301],[-35.93123,-5.857562],[-35.92966,-5.857156],[-35.928772,-5.854901],[-35.929366,-5.852642],[-35.930818,-5.851541],[-35.930351,-5.8507],[-35.929353,-5.850567],[-35.929199,-5.849519],[-35.929825,-5.848356],[-35.930895,-5.847573],[-35.931009,-5.846142],[-35.930356,-5.841658],[-35.930955,-5.840838],[-35.929817,-5.835744],[-35.92994,-5.831952],[-35.929541,-5.831001],[-35.928688,-5.830534],[-35.926837,-5.830684],[-35.925885,-5.82923],[-35.924874,-5.82927],[-35.924425,-5.827451],[-35.922656,-5.825821],[-35.918898,-5.825911],[-35.91604,-5.824483],[-35.915566,-5.8221],[-35.916042,-5.819243],[-35.916999,-5.81877],[-35.91866,-5.816626],[-35.918663,-5.814725],[-35.915804,-5.809253],[-35.915563,-5.805681],[-35.912784,-5.803354],[-35.911669,-5.801683],[-35.911387,-5.800367],[-35.911996,-5.799201],[-35.910812,-5.798782],[-35.907712,-5.798782],[-35.905809,-5.798068],[-35.905812,-5.79664],[-35.906421,-5.796278],[-35.906615,-5.795457],[-35.90551,-5.794748],[-35.904438,-5.793351],[-35.904698,-5.791972],[-35.906725,-5.789742],[-35.907022,-5.788177],[-35.905095,-5.787595],[-35.904778,-5.788024],[-35.901208,-5.788641],[-35.899072,-5.787925],[-35.89899,-5.788487],[-35.896329,-5.787968],[-35.895678,-5.787206],[-35.895158,-5.787986],[-35.895191,-5.789869],[-35.8934,-5.789877],[-35.893104,-5.790849],[-35.891054,-5.791369],[-35.886481,-5.791453],[-35.885048,-5.79202],[-35.884256,-5.793237],[-35.881222,-5.794335],[-35.878769,-5.794442],[-35.877079,-5.792015],[-35.876176,-5.79204],[-35.875872,-5.79271],[-35.8764,-5.793442],[-35.875842,-5.794134],[-35.874023,-5.793794],[-35.873687,-5.791691],[-35.869068,-5.787513],[-35.869636,-5.78511],[-35.870682,-5.784618],[-35.873257,-5.787053],[-35.873839,-5.786608],[-35.873564,-5.783734],[-35.872769,-5.781596],[-35.872946,-5.780428],[-35.873927,-5.780216],[-35.875442,-5.780696],[-35.876058,-5.781394],[-35.875796,-5.782634],[-35.876814,-5.784019],[-35.878481,-5.788232],[-35.8792,-5.78775],[-35.879578,-5.786712],[-35.881382,-5.784605],[-35.882222,-5.780722],[-35.883892,-5.778347],[-35.887699,-5.77882],[-35.8877,-5.776634],[-35.884615,-5.773477],[-35.882745,-5.774315],[-35.880243,-5.776152],[-35.878478,-5.776443],[-35.877552,-5.774802],[-35.877356,-5.773338],[-35.87614,-5.771434],[-35.877329,-5.76977],[-35.876912,-5.767986],[-35.875319,-5.765731],[-35.875587,-5.764096],[-35.875126,-5.762852],[-35.871246,-5.757923],[-35.871124,-5.756742],[-35.870472,-5.756274],[-35.868384,-5.757589],[-35.866753,-5.755025],[-35.860657,-5.756125],[-35.857052,-5.755937],[-35.856282,-5.756696],[-35.857282,-5.758467],[-35.854005,-5.760239],[-35.853633,-5.760814],[-35.851729,-5.759238],[-35.850404,-5.759094],[-35.849343,-5.759686],[-35.847408,-5.757347],[-35.845169,-5.757088],[-35.844539,-5.757489],[-35.844418,-5.758421],[-35.845515,-5.75913],[-35.843149,-5.760475],[-35.842236,-5.758616],[-35.840829,-5.757457],[-35.839552,-5.755279],[-35.839613,-5.753357],[-35.837185,-5.750721],[-35.830155,-5.741144],[-35.832468,-5.739718],[-35.835983,-5.739579],[-35.838579,-5.737087],[-35.838721,-5.73647],[-35.836168,-5.736391],[-35.832911,-5.734678],[-35.831982,-5.733237],[-35.832631,-5.732034],[-35.833887,-5.731237],[-35.834183,-5.730603],[-35.833036,-5.730036],[-35.831437,-5.729881],[-35.831576,-5.731505],[-35.830365,-5.731758],[-35.826652,-5.731451],[-35.821503,-5.732281],[-35.817018,-5.7335],[-35.816718,-5.73319],[-35.816486,-5.737633],[-35.816478,-5.740963],[-35.817913,-5.744768],[-35.818386,-5.750483],[-35.819341,-5.75143],[-35.821243,-5.751912],[-35.824811,-5.751912],[-35.824968,-5.752571],[-35.825933,-5.753181],[-35.826993,-5.7555],[-35.828237,-5.756478],[-35.830584,-5.760499],[-35.829395,-5.761213],[-35.824637,-5.7624],[-35.819879,-5.759783],[-35.817259,-5.759069],[-35.815187,-5.759583],[-35.814468,-5.758769],[-35.813563,-5.758566],[-35.812345,-5.758926],[-35.812039,-5.75975],[-35.812499,-5.760979],[-35.810841,-5.761926],[-35.805872,-5.760182],[-35.80432,-5.760558],[-35.796627,-5.759889],[-35.795993,-5.758587],[-35.793271,-5.758607],[-35.792802,-5.759288],[-35.791667,-5.759068],[-35.789767,-5.758029],[-35.788527,-5.756133],[-35.791011,-5.755619],[-35.793238,-5.754121],[-35.79418,-5.754463],[-35.794309,-5.755106],[-35.795337,-5.755234],[-35.798035,-5.75365],[-35.799448,-5.753478],[-35.799705,-5.752664],[-35.79705,-5.752407],[-35.79645,-5.753136],[-35.794994,-5.753092],[-35.793837,-5.752065],[-35.793538,-5.75018],[-35.792939,-5.749623],[-35.792296,-5.751422],[-35.791867,-5.751636],[-35.791525,-5.750994],[-35.78887,-5.752535],[-35.786514,-5.752278],[-35.786472,-5.751376],[-35.783949,-5.750266],[-35.783945,-5.741229],[-35.781328,-5.736227],[-35.78116,-5.734759],[-35.78198,-5.733588],[-35.785033,-5.731872],[-35.788201,-5.730507],[-35.791061,-5.729848],[-35.791647,-5.730008],[-35.792611,-5.732024],[-35.795015,-5.732773],[-35.796637,-5.736644],[-35.797541,-5.737759],[-35.799252,-5.73796],[-35.801297,-5.737173],[-35.802052,-5.736088],[-35.801819,-5.73248],[-35.79837,-5.729577],[-35.790664,-5.727817],[-35.785816,-5.726074],[-35.779781,-5.725006],[-35.779007,-5.724404],[-35.777031,-5.72427],[-35.774976,-5.722945],[-35.77503,-5.721603],[-35.775728,-5.720389],[-35.774794,-5.719461],[-35.774119,-5.719475],[-35.773718,-5.718238],[-35.771784,-5.718666],[-35.771124,-5.719255],[-35.767294,-5.716815],[-35.765245,-5.716461],[-35.764999,-5.716168],[-35.765519,-5.714639],[-35.765971,-5.714352],[-35.765962,-5.713344],[-35.765068,-5.713198],[-35.764022,-5.710739],[-35.760966,-5.7117],[-35.759942,-5.711306],[-35.7596,-5.711663],[-35.759727,-5.712791],[-35.758863,-5.713653],[-35.757505,-5.712956],[-35.757305,-5.714183],[-35.756171,-5.714017],[-35.755309,-5.71277],[-35.755874,-5.711526],[-35.754512,-5.710501],[-35.752741,-5.710768],[-35.752522,-5.711219],[-35.750638,-5.7112],[-35.749886,-5.711983],[-35.749237,-5.713597],[-35.745446,-5.712328],[-35.745123,-5.711338],[-35.744975,-5.712731],[-35.742268,-5.712471],[-35.741903,-5.713402],[-35.74134,-5.732035],[-35.740301,-5.731957],[-35.739044,-5.732426],[-35.73641,-5.734146],[-35.734622,-5.73689],[-35.734532,-5.738011],[-35.735648,-5.738612],[-35.740882,-5.735042],[-35.742418,-5.736688],[-35.743771,-5.739385],[-35.744209,-5.741168],[-35.74518,-5.742088],[-35.744806,-5.743864],[-35.742874,-5.744057],[-35.742372,-5.744527],[-35.742081,-5.745972],[-35.73995,-5.747221],[-35.739923,-5.746092],[-35.739107,-5.745409],[-35.737944,-5.745436],[-35.738676,-5.750795],[-35.738519,-5.752024],[-35.739668,-5.754367],[-35.738543,-5.755354],[-35.737402,-5.755099],[-35.73474,-5.752077],[-35.731043,-5.750387],[-35.728581,-5.747856],[-35.729209,-5.745735],[-35.729109,-5.743357],[-35.728029,-5.743127],[-35.727357,-5.742042],[-35.728189,-5.740355],[-35.72934,-5.739765],[-35.730314,-5.738485],[-35.729945,-5.737553],[-35.732137,-5.736027],[-35.734477,-5.735076],[-35.734691,-5.733851],[-35.734678,-5.729675],[-35.73423,-5.728738],[-35.732636,-5.728335],[-35.731783,-5.725957],[-35.733409,-5.724666],[-35.733472,-5.723714],[-35.732571,-5.723364],[-35.732639,-5.721789],[-35.732386,-5.721319],[-35.731574,-5.721442],[-35.731371,-5.720227],[-35.73041,-5.720998],[-35.728637,-5.720933],[-35.72878,-5.719682],[-35.730482,-5.715961],[-35.73215,-5.717013],[-35.736721,-5.714311],[-35.734791,-5.713037],[-35.734614,-5.711613],[-35.730993,-5.709703],[-35.729059,-5.706856],[-35.728419,-5.704148],[-35.72856,-5.701815],[-35.729512,-5.700943],[-35.729223,-5.700427],[-35.728337,-5.700654],[-35.727649,-5.700314],[-35.727495,-5.699428],[-35.728188,-5.698676],[-35.727318,-5.697461],[-35.728181,-5.69536],[-35.726807,-5.695529],[-35.72544,-5.69503],[-35.724994,-5.696892]],[[-35.283618,-5.81057],[-35.282728,-5.810547],[-35.281697,-5.809373],[-35.279223,-5.810767],[-35.276858,-5.810549],[-35.276304,-5.810861],[-35.278222,-5.811658],[-35.281936,-5.815046],[-35.280688,-5.816375],[-35.280545,-5.818629],[-35.279004,-5.81683],[-35.275449,-5.815845],[-35.272108,-5.813104],[-35.26851,-5.810834],[-35.263113,-5.809892],[-35.264013,-5.806208],[-35.264741,-5.805866],[-35.264484,-5.804624],[-35.262428,-5.805524],[-35.2608,-5.807065],[-35.259901,-5.807322],[-35.258873,-5.806723],[-35.256817,-5.800255],[-35.259251,-5.79862],[-35.257981,-5.797879],[-35.255575,-5.797595],[-35.253819,-5.798499],[-35.25292,-5.797942],[-35.253006,-5.795929],[-35.252577,-5.795543],[-35.252749,-5.794558],[-35.253477,-5.793616],[-35.256132,-5.796015],[-35.25656,-5.796015],[-35.253947,-5.791989],[-35.254119,-5.790404],[-35.254504,-5.790061],[-35.256346,-5.789891],[-35.257746,-5.791317],[-35.258683,-5.790915],[-35.257061,-5.78858],[-35.253348,-5.786764],[-35.25262,-5.783637],[-35.249643,-5.780981],[-35.25,-5.779607],[-35.25095,-5.779823],[-35.251771,-5.781576],[-35.252583,-5.782203],[-35.253669,-5.781613],[-35.256016,-5.78133],[-35.257101,-5.78081],[-35.258277,-5.780918],[-35.260444,-5.779968],[-35.261923,-5.779856],[-35.262568,-5.78009],[-35.263176,-5.781551],[-35.263683,-5.781807],[-35.264812,-5.781211],[-35.267618,-5.781912],[-35.26904,-5.784192],[-35.269624,-5.784216],[-35.270005,-5.784724],[-35.270041,-5.785708],[-35.270717,-5.786057],[-35.271929,-5.785306],[-35.27226,-5.786131],[-35.273031,-5.786563],[-35.275867,-5.786327],[-35.278195,-5.787146],[-35.278572,-5.78827],[-35.276682,-5.79013],[-35.276477,-5.792622],[-35.2768,-5.79341],[-35.278127,-5.794254],[-35.278845,-5.795666],[-35.28091,-5.798022],[-35.28245,-5.797645],[-35.282359,-5.798185],[-35.283272,-5.799076],[-35.284586,-5.799087],[-35.28477,-5.799694],[-35.282261,-5.802086],[-35.282409,-5.80285],[-35.280079,-5.80307],[-35.278533,-5.80401],[-35.27846,-5.80462],[-35.279043,-5.804814],[-35.280581,-5.804386],[-35.281966,-5.804675],[-35.282727,-5.805576],[-35.282803,-5.807066],[-35.28227,-5.807662],[-35.28217,-5.808771],[-35.283495,-5.809786],[-35.283618,-5.81057]],[[-35.238658,-5.781838],[-35.233004,-5.786164],[-35.22804,-5.785106],[-35.224437,-5.785222],[-35.219855,-5.784324],[-35.218441,-5.783851],[-35.215914,-5.782181],[-35.212146,-5.778454],[-35.211468,-5.777154],[-35.211431,-5.775874],[-35.21256,-5.775234],[-35.212222,-5.774105],[-35.210565,-5.772976],[-35.210414,-5.772185],[-35.210452,-5.769813],[-35.210969,-5.767977],[-35.21322,-5.768942],[-35.214869,-5.769169],[-35.216338,-5.768897],[-35.218122,-5.767587],[-35.220178,-5.765011],[-35.221466,-5.764063],[-35.224222,-5.763566],[-35.225939,-5.763881],[-35.229373,-5.767338],[-35.230412,-5.767677],[-35.233033,-5.767632],[-35.235451,-5.766932],[-35.236767,-5.763764],[-35.23597,-5.764108],[-35.235156,-5.765667],[-35.234299,-5.766276],[-35.232423,-5.767],[-35.230819,-5.766999],[-35.229509,-5.766163],[-35.227453,-5.76334],[-35.226324,-5.762775],[-35.223409,-5.763023],[-35.221217,-5.762571],[-35.218958,-5.763723],[-35.217896,-5.76666],[-35.216405,-5.767768],[-35.214936,-5.768039],[-35.212587,-5.767564],[-35.212601,-5.766263],[-35.210575,-5.762734],[-35.210816,-5.759674],[-35.21015,-5.759631],[-35.210029,-5.758549],[-35.207824,-5.75831],[-35.206465,-5.755792],[-35.207189,-5.754678],[-35.210394,-5.752025],[-35.210556,-5.750755],[-35.212029,-5.749432],[-35.215806,-5.747495],[-35.218426,-5.7476],[-35.218717,-5.747204],[-35.222271,-5.74762],[-35.222526,-5.748862],[-35.224269,-5.751445],[-35.224028,-5.754615],[-35.224675,-5.75555],[-35.224796,-5.758181],[-35.224163,-5.760753],[-35.226393,-5.758489],[-35.226567,-5.755349],[-35.225246,-5.754509],[-35.225815,-5.753734],[-35.225829,-5.752547],[-35.22695,-5.752757],[-35.22957,-5.754722],[-35.229034,-5.756114],[-35.22991,-5.756223],[-35.230675,-5.755135],[-35.232686,-5.756315],[-35.23495,-5.760075],[-35.236212,-5.76087],[-35.238331,-5.760626],[-35.239151,-5.763289],[-35.240244,-5.764473],[-35.244175,-5.762301],[-35.24543,-5.760848],[-35.246504,-5.760985],[-35.247712,-5.76247],[-35.249589,-5.763396],[-35.250416,-5.76452],[-35.251808,-5.76435],[-35.252222,-5.765609],[-35.253059,-5.765897],[-35.250274,-5.766239],[-35.250423,-5.767924],[-35.251105,-5.768703],[-35.252523,-5.768924],[-35.253265,-5.770376],[-35.251151,-5.770937],[-35.251807,-5.771701],[-35.251608,-5.772775],[-35.250973,-5.774494],[-35.248715,-5.775169],[-35.248661,-5.777709],[-35.247266,-5.778668],[-35.24414,-5.778883],[-35.238658,-5.781838]],[[-35.245753,-5.783866],[-35.246823,-5.784037],[-35.247594,-5.785193],[-35.249565,-5.791104],[-35.249136,-5.798128],[-35.251063,-5.803353],[-35.252563,-5.805238],[-35.253677,-5.805923],[-35.255646,-5.808835],[-35.25993,-5.811277],[-35.267639,-5.813033],[-35.269053,-5.813675],[-35.272051,-5.815517],[-35.273892,-5.817744],[-35.279032,-5.819715],[-35.280403,-5.821899],[-35.280403,-5.822733],[-35.277834,-5.822944],[-35.277441,-5.822379],[-35.275299,-5.821988],[-35.270694,-5.822597],[-35.264516,-5.819724],[-35.263007,-5.819503],[-35.260833,-5.82078],[-35.259359,-5.820655],[-35.257878,-5.81923],[-35.257107,-5.819135],[-35.255877,-5.821547],[-35.25378,-5.821984],[-35.251278,-5.819873],[-35.252645,-5.817915],[-35.251884,-5.815514],[-35.250923,-5.814927],[-35.249284,-5.815715],[-35.248444,-5.815262],[-35.248874,-5.813861],[-35.248132,-5.812628],[-35.248627,-5.810608],[-35.247855,-5.810448],[-35.247155,-5.81133],[-35.245844,-5.810391],[-35.245536,-5.808732],[-35.246642,-5.808858],[-35.247582,-5.806531],[-35.247017,-5.805577],[-35.246596,-5.805669],[-35.246431,-5.806451],[-35.244924,-5.806587],[-35.244643,-5.805996],[-35.242395,-5.806722],[-35.242236,-5.804904],[-35.241766,-5.804645],[-35.242467,-5.803894],[-35.243707,-5.803857],[-35.247534,-5.800512],[-35.248459,-5.798764],[-35.248452,-5.797621],[-35.247661,-5.795505],[-35.246823,-5.794793],[-35.244121,-5.793945],[-35.239885,-5.796286],[-35.238681,-5.796302],[-35.237798,-5.797053],[-35.23432,-5.798272],[-35.230183,-5.797776],[-35.230176,-5.79606],[-35.229167,-5.795158],[-35.229284,-5.793965],[-35.231447,-5.791233],[-35.240528,-5.788705],[-35.242669,-5.787506],[-35.245753,-5.783866]],[[-35.517127,-5.822137],[-35.520076,-5.82253],[-35.52116,-5.828709],[-35.52212,-5.830938],[-35.523122,-5.831725],[-35.524107,-5.831458],[-35.525419,-5.832483],[-35.526837,-5.832927],[-35.527387,-5.835588],[-35.527091,-5.838483],[-35.528032,-5.837792],[-35.529989,-5.833895],[-35.530699,-5.834042],[-35.533142,-5.836438],[-35.532309,-5.83778],[-35.532183,-5.83998],[-35.53151,-5.84146],[-35.531323,-5.84315],[-35.530368,-5.84505],[-35.529755,-5.849887],[-35.529775,-5.850542],[-35.530498,-5.850548],[-35.529736,-5.854858],[-35.52892,-5.857256],[-35.527514,-5.858564],[-35.526756,-5.860658],[-35.523088,-5.859347],[-35.52201,-5.859867],[-35.520788,-5.862184],[-35.518053,-5.861473],[-35.516995,-5.864313],[-35.513293,-5.86447],[-35.513169,-5.869174],[-35.511898,-5.877174],[-35.512289,-5.879694],[-35.511632,-5.883021],[-35.510361,-5.883035],[-35.510135,-5.884211],[-35.509343,-5.884401],[-35.50706,-5.884605],[-35.504914,-5.883938],[-35.503306,-5.885916],[-35.502461,-5.885447],[-35.502721,-5.881446],[-35.501487,-5.872562],[-35.501714,-5.869932],[-35.499241,-5.869304],[-35.498846,-5.868582],[-35.500629,-5.865766],[-35.500837,-5.863205],[-35.499763,-5.862871],[-35.500496,-5.861393],[-35.500234,-5.860509],[-35.497531,-5.860202],[-35.497125,-5.855611],[-35.498396,-5.853114],[-35.499055,-5.850483],[-35.507483,-5.847147],[-35.508844,-5.84749],[-35.509116,-5.847163],[-35.510962,-5.839329],[-35.511175,-5.836681],[-35.512232,-5.834106],[-35.513884,-5.826209],[-35.514994,-5.824269],[-35.515943,-5.823797],[-35.517127,-5.822137]],[[-35.460438,-5.84318],[-35.459401,-5.843148],[-35.457359,-5.845702],[-35.45787,-5.846212],[-35.4587,-5.84618],[-35.461262,-5.845024],[-35.461063,-5.846083],[-35.461759,-5.847079],[-35.460219,-5.84778],[-35.458878,-5.849749],[-35.452032,-5.853072],[-35.439895,-5.861582],[-35.440661,-5.864908],[-35.444791,-5.865038],[-35.443759,-5.867708],[-35.443757,-5.871128],[-35.442893,-5.87292],[-35.443804,-5.873891],[-35.443436,-5.874345],[-35.44186,-5.876233],[-35.436027,-5.875291],[-35.432697,-5.874049],[-35.431674,-5.877386],[-35.430888,-5.87756],[-35.428538,-5.87595],[-35.427162,-5.876461],[-35.426398,-5.877266],[-35.426057,-5.878367],[-35.42636,-5.88084],[-35.426201,-5.885147],[-35.427002,-5.885455],[-35.429149,-5.887667],[-35.429868,-5.887428],[-35.43165,-5.888463],[-35.433678,-5.883069],[-35.437719,-5.883379],[-35.439031,-5.883664],[-35.438585,-5.884833],[-35.438776,-5.886391],[-35.439631,-5.886826],[-35.439753,-5.888439],[-35.441084,-5.888479],[-35.442146,-5.89183],[-35.444857,-5.892113],[-35.448135,-5.890069],[-35.45104,-5.890291],[-35.451526,-5.889604],[-35.453765,-5.889806],[-35.45674,-5.890712],[-35.455924,-5.89216],[-35.456262,-5.89308],[-35.455117,-5.894858],[-35.455309,-5.895613],[-35.457305,-5.896075],[-35.459085,-5.89763],[-35.461055,-5.896855],[-35.461417,-5.89787],[-35.460692,-5.898184],[-35.461711,-5.898941],[-35.462015,-5.899889],[-35.461524,-5.90201],[-35.46195,-5.911602],[-35.461582,-5.912863],[-35.462052,-5.919148],[-35.459547,-5.91908],[-35.460735,-5.916982],[-35.46045,-5.915789],[-35.457235,-5.914309],[-35.456122,-5.914316],[-35.454127,-5.913454],[-35.454071,-5.919987],[-35.454676,-5.924075],[-35.454548,-5.924967],[-35.452967,-5.925161],[-35.452447,-5.931534],[-35.454222,-5.932242],[-35.453592,-5.934843],[-35.452517,-5.935563],[-35.44836,-5.935091],[-35.448476,-5.934452],[-35.447883,-5.933913],[-35.446685,-5.935364],[-35.445631,-5.935217],[-35.444644,-5.935988],[-35.442857,-5.935851],[-35.442872,-5.939442],[-35.439777,-5.941497],[-35.439408,-5.94097],[-35.437771,-5.942141],[-35.435727,-5.939492],[-35.432894,-5.938327],[-35.430357,-5.941721],[-35.429118,-5.940529],[-35.427824,-5.941277],[-35.426562,-5.940383],[-35.426565,-5.930273],[-35.428408,-5.929731],[-35.428847,-5.928172],[-35.434659,-5.924239],[-35.434757,-5.923526],[-35.433955,-5.922326],[-35.433635,-5.920026],[-35.429379,-5.919018],[-35.428452,-5.918415],[-35.427919,-5.918715],[-35.428953,-5.925203],[-35.424972,-5.925618],[-35.419155,-5.926992],[-35.418577,-5.92761],[-35.421884,-5.934007],[-35.414187,-5.936374],[-35.412097,-5.930373],[-35.410382,-5.928421],[-35.410001,-5.922552],[-35.408962,-5.921866],[-35.408998,-5.919518],[-35.419977,-5.91705],[-35.420292,-5.915511],[-35.412666,-5.916075],[-35.412157,-5.910508],[-35.402953,-5.911241],[-35.402979,-5.907609],[-35.406981,-5.907133],[-35.407466,-5.905748],[-35.409058,-5.904429],[-35.409222,-5.903381],[-35.401962,-5.903278],[-35.401178,-5.903562],[-35.398789,-5.902643],[-35.398933,-5.901459],[-35.399513,-5.90132],[-35.399729,-5.900416],[-35.402584,-5.900266],[-35.402615,-5.898153],[-35.402096,-5.896963],[-35.402188,-5.894672],[-35.4012,-5.894596],[-35.399404,-5.895699],[-35.397585,-5.895927],[-35.396239,-5.896744],[-35.395744,-5.897579],[-35.396171,-5.898163],[-35.395907,-5.899063],[-35.390838,-5.899639],[-35.390233,-5.901247],[-35.38758,-5.901147],[-35.387491,-5.899429],[-35.386719,-5.898451],[-35.386268,-5.894021],[-35.385489,-5.89381],[-35.385248,-5.893309],[-35.385495,-5.891965],[-35.384973,-5.890822],[-35.383831,-5.891969],[-35.381319,-5.892071],[-35.379034,-5.891306],[-35.371806,-5.886169],[-35.370089,-5.882172],[-35.368216,-5.879536],[-35.368586,-5.873431],[-35.369871,-5.869836],[-35.370813,-5.869728],[-35.370647,-5.867872],[-35.37116,-5.866608],[-35.372688,-5.867176],[-35.37478,-5.866792],[-35.376558,-5.86813],[-35.377509,-5.867748],[-35.378209,-5.865271],[-35.37801,-5.863453],[-35.37834,-5.862853],[-35.381084,-5.863311],[-35.382044,-5.862609],[-35.38364,-5.862664],[-35.383819,-5.861327],[-35.382418,-5.859732],[-35.382118,-5.85829],[-35.381271,-5.857037],[-35.381846,-5.85609],[-35.382631,-5.855424],[-35.384413,-5.855763],[-35.384943,-5.854385],[-35.390089,-5.854443],[-35.391339,-5.854611],[-35.391698,-5.856053],[-35.393898,-5.857237],[-35.395851,-5.857184],[-35.396521,-5.857505],[-35.397009,-5.85685],[-35.397834,-5.856981],[-35.398179,-5.857955],[-35.397431,-5.861698],[-35.397268,-5.865402],[-35.397924,-5.865047],[-35.399285,-5.865421],[-35.399231,-5.866093],[-35.400678,-5.866272],[-35.401271,-5.864966],[-35.402955,-5.864513],[-35.404495,-5.864926],[-35.404156,-5.863955],[-35.40448,-5.863405],[-35.405453,-5.863412],[-35.407338,-5.864199],[-35.407555,-5.864959],[-35.409974,-5.866023],[-35.410399,-5.867204],[-35.410887,-5.867207],[-35.411392,-5.866571],[-35.415048,-5.867392],[-35.419726,-5.867651],[-35.423006,-5.86731],[-35.423589,-5.866139],[-35.426803,-5.864291],[-35.430622,-5.859522],[-35.434243,-5.848291],[-35.434997,-5.846385],[-35.435758,-5.845622],[-35.451419,-5.841517],[-35.454592,-5.840797],[-35.456961,-5.840744],[-35.462188,-5.83854],[-35.460407,-5.840627],[-35.460438,-5.84318]],[[-35.509945,-5.941463],[-35.513033,-5.937355],[-35.513811,-5.937585],[-35.514141,-5.938251],[-35.51553,-5.938119],[-35.516692,-5.936536],[-35.518536,-5.938062],[-35.519699,-5.937789],[-35.520528,-5.938202],[-35.523505,-5.936376],[-35.524376,-5.936834],[-35.525463,-5.936747],[-35.526693,-5.938329],[-35.527546,-5.938782],[-35.530006,-5.942165],[-35.530733,-5.941781],[-35.531406,-5.942947],[-35.533231,-5.942783],[-35.533917,-5.94427],[-35.534802,-5.944791],[-35.538183,-5.945301],[-35.536313,-5.940449],[-35.540329,-5.938626],[-35.544828,-5.937498],[-35.543947,-5.941487],[-35.541737,-5.94382],[-35.542599,-5.94436],[-35.542842,-5.945663],[-35.544238,-5.945633],[-35.545655,-5.948784],[-35.545438,-5.949442],[-35.543753,-5.950299],[-35.544488,-5.951475],[-35.54809,-5.9526],[-35.550248,-5.955003],[-35.551005,-5.957875],[-35.552693,-5.95742],[-35.553771,-5.957611],[-35.554586,-5.957201],[-35.55448,-5.958503],[-35.553205,-5.959425],[-35.554758,-5.963401],[-35.554205,-5.964669],[-35.555144,-5.967473],[-35.556544,-5.969141],[-35.557634,-5.969792],[-35.557325,-5.971529],[-35.556266,-5.973486],[-35.556362,-5.975095],[-35.55567,-5.976036],[-35.555952,-5.976447],[-35.555774,-5.979562],[-35.554372,-5.98113],[-35.553719,-5.980633],[-35.551999,-5.981966],[-35.551487,-5.984682],[-35.54808,-5.986546],[-35.546109,-5.98494],[-35.545412,-5.983713],[-35.544966,-5.982379],[-35.545136,-5.980134],[-35.54433,-5.979128],[-35.5429,-5.98011],[-35.540385,-5.980574],[-35.53849,-5.98174],[-35.537032,-5.982138],[-35.535099,-5.981918],[-35.533841,-5.979856],[-35.532361,-5.979598],[-35.531286,-5.980826],[-35.531219,-5.982568],[-35.531893,-5.984439],[-35.530896,-5.986546],[-35.52876,-5.987911],[-35.525325,-5.993041],[-35.524511,-5.993169],[-35.523044,-5.994536],[-35.520931,-5.998377],[-35.518998,-5.998156],[-35.517115,-5.995466],[-35.511313,-5.992985],[-35.505463,-5.992029],[-35.504675,-5.989713],[-35.502956,-5.988708],[-35.499726,-5.988753],[-35.498525,-5.98968],[-35.496097,-5.990004],[-35.494233,-5.989862],[-35.492468,-5.988489],[-35.487487,-5.986071],[-35.487956,-5.983996],[-35.487764,-5.982671],[-35.488261,-5.981181],[-35.489175,-5.980086],[-35.49069,-5.979283],[-35.491624,-5.977654],[-35.494006,-5.976962],[-35.495797,-5.975845],[-35.498658,-5.972882],[-35.4999,-5.972649],[-35.504785,-5.967109],[-35.503793,-5.965524],[-35.502583,-5.964978],[-35.501492,-5.963732],[-35.500872,-5.961058],[-35.502496,-5.959846],[-35.503686,-5.959746],[-35.508633,-5.955781],[-35.510186,-5.954228],[-35.510495,-5.953307],[-35.512575,-5.952072],[-35.512531,-5.9514],[-35.510044,-5.948106],[-35.50998,-5.946478],[-35.511362,-5.94582],[-35.513081,-5.944042],[-35.512843,-5.942735],[-35.509945,-5.941463]],[[-35.661259,-5.988323],[-35.658588,-5.988152],[-35.659765,-5.983029],[-35.659878,-5.980378],[-35.660879,-5.977845],[-35.660875,-5.97692],[-35.661945,-5.97525],[-35.663086,-5.974873],[-35.663914,-5.974992],[-35.663931,-5.978074],[-35.671039,-5.983725],[-35.680965,-5.984272],[-35.683251,-5.981858],[-35.684618,-5.982248],[-35.68558,-5.98317],[-35.68646,-5.982039],[-35.687619,-5.981701],[-35.690487,-5.981884],[-35.690439,-5.985261],[-35.691199,-5.98678],[-35.698464,-5.991704],[-35.698685,-5.994418],[-35.697809,-5.996409],[-35.698006,-6.002424],[-35.700005,-6.004835],[-35.701514,-6.005302],[-35.701982,-6.006609],[-35.701881,-6.007873],[-35.699552,-6.01032],[-35.692833,-6.015378],[-35.692261,-6.016368],[-35.692034,-6.018179],[-35.690112,-6.020656],[-35.696784,-6.025374],[-35.696786,-6.026417],[-35.697638,-6.027238],[-35.697889,-6.028103],[-35.697271,-6.028947],[-35.694882,-6.027831],[-35.692864,-6.030661],[-35.693954,-6.031367],[-35.695343,-6.033448],[-35.686642,-6.036032],[-35.683499,-6.037941],[-35.682182,-6.036218],[-35.680723,-6.036249],[-35.678326,-6.034374],[-35.675822,-6.038349],[-35.674046,-6.038709],[-35.673174,-6.036878],[-35.669489,-6.036943],[-35.662517,-6.040297],[-35.662075,-6.03868],[-35.659226,-6.038543],[-35.65851,-6.035439],[-35.660849,-6.034625],[-35.660558,-6.033177],[-35.661091,-6.031633],[-35.663842,-6.030969],[-35.665174,-6.029644],[-35.666863,-6.030897],[-35.668361,-6.035012],[-35.672458,-6.032849],[-35.675399,-6.0322],[-35.675132,-6.030996],[-35.6731,-6.027489],[-35.670487,-6.024251],[-35.668557,-6.022246],[-35.666972,-6.021934],[-35.667629,-6.019877],[-35.668503,-6.019468],[-35.668408,-6.018033],[-35.662547,-6.013543],[-35.660414,-6.010609],[-35.660871,-6.006959],[-35.657572,-6.004613],[-35.657679,-6.003735],[-35.659786,-6.002974],[-35.662131,-5.999301],[-35.662126,-5.998217],[-35.661116,-5.996584],[-35.662059,-5.994791],[-35.662152,-5.988872],[-35.661259,-5.988323]],[[-35.715532,-5.994975],[-35.717544,-5.995246],[-35.718715,-5.997547],[-35.722307,-5.998894],[-35.722805,-5.999589],[-35.72274,-6.002948],[-35.72413,-6.004864],[-35.721701,-6.006712],[-35.721076,-6.009044],[-35.716919,-6.012287],[-35.714152,-6.01219],[-35.711564,-6.008223],[-35.714637,-6.004009],[-35.715071,-6.001674],[-35.716018,-6.000454],[-35.714589,-5.999029],[-35.713347,-5.996843],[-35.71347,-5.996075],[-35.715532,-5.994975]],[[-35.663659,-5.967394],[-35.661786,-5.967255],[-35.659049,-5.96593],[-35.657962,-5.963984],[-35.657027,-5.964137],[-35.654227,-5.965786],[-35.651881,-5.966026],[-35.649662,-5.965687],[-35.649146,-5.962164],[-35.650669,-5.960243],[-35.651255,-5.957843],[-35.651547,-5.951284],[-35.652383,-5.950452],[-35.653364,-5.946871],[-35.65385,-5.946536],[-35.654017,-5.94446],[-35.65642,-5.937556],[-35.661242,-5.935906],[-35.661657,-5.933626],[-35.66345,-5.933314],[-35.664702,-5.934006],[-35.668667,-5.932515],[-35.670736,-5.932597],[-35.674051,-5.933445],[-35.674914,-5.933212],[-35.675907,-5.934257],[-35.67607,-5.93509],[-35.675307,-5.939806],[-35.6743,-5.940848],[-35.673688,-5.940802],[-35.67365,-5.943187],[-35.670776,-5.952144],[-35.667155,-5.968223],[-35.666167,-5.968558],[-35.66555,-5.970004],[-35.664904,-5.969917],[-35.664591,-5.968066],[-35.663659,-5.967394]],[[-35.501558,-5.932992],[-35.49942,-5.932538],[-35.498327,-5.931217],[-35.495448,-5.930474],[-35.493749,-5.931071],[-35.49269,-5.932819],[-35.490692,-5.933763],[-35.48898,-5.931436],[-35.48832,-5.931431],[-35.487798,-5.930887],[-35.487153,-5.928961],[-35.485382,-5.928688],[-35.481475,-5.926535],[-35.477423,-5.92531],[-35.477578,-5.9234],[-35.476771,-5.92288],[-35.475614,-5.920868],[-35.475681,-5.909731],[-35.475105,-5.908776],[-35.474395,-5.903377],[-35.473793,-5.901499],[-35.474526,-5.899449],[-35.474417,-5.89855],[-35.475394,-5.897455],[-35.476985,-5.898191],[-35.480566,-5.895437],[-35.482486,-5.895288],[-35.483128,-5.894413],[-35.48388,-5.889854],[-35.488523,-5.891256],[-35.490928,-5.891317],[-35.49256,-5.891881],[-35.497185,-5.896692],[-35.502768,-5.900081],[-35.507696,-5.905898],[-35.510396,-5.907892],[-35.513368,-5.911186],[-35.515339,-5.91162],[-35.517636,-5.91311],[-35.519687,-5.913551],[-35.523328,-5.915487],[-35.525064,-5.915188],[-35.5263,-5.91367],[-35.529607,-5.91377],[-35.533895,-5.914653],[-35.534656,-5.915209],[-35.534752,-5.916055],[-35.536653,-5.917012],[-35.542936,-5.91434],[-35.547733,-5.915342],[-35.54922,-5.91415],[-35.557403,-5.914149],[-35.56079,-5.917252],[-35.561342,-5.918576],[-35.557591,-5.919099],[-35.557595,-5.922572],[-35.550862,-5.925237],[-35.549718,-5.925042],[-35.549335,-5.924094],[-35.54896,-5.919522],[-35.548383,-5.918576],[-35.544184,-5.920474],[-35.542833,-5.922006],[-35.541881,-5.922388],[-35.539344,-5.922211],[-35.537534,-5.923258],[-35.537421,-5.923804],[-35.535658,-5.925478],[-35.527807,-5.929183],[-35.525844,-5.930858],[-35.524702,-5.93086],[-35.521235,-5.929368],[-35.517149,-5.928553],[-35.513404,-5.926435],[-35.512326,-5.926353],[-35.510289,-5.927022],[-35.507523,-5.92507],[-35.506288,-5.925158],[-35.503626,-5.926334],[-35.502279,-5.924578],[-35.502023,-5.92328],[-35.500849,-5.923004],[-35.499489,-5.92116],[-35.492163,-5.909703],[-35.490878,-5.909834],[-35.489996,-5.910819],[-35.488371,-5.909917],[-35.487824,-5.910837],[-35.488394,-5.912528],[-35.486535,-5.912221],[-35.485565,-5.91309],[-35.485679,-5.914015],[-35.488672,-5.916075],[-35.492573,-5.917426],[-35.493416,-5.918086],[-35.492184,-5.918724],[-35.49251,-5.91994],[-35.491848,-5.92053],[-35.490136,-5.920124],[-35.489486,-5.918838],[-35.487562,-5.917547],[-35.487159,-5.918432],[-35.487357,-5.918905],[-35.488431,-5.919628],[-35.487894,-5.924018],[-35.490194,-5.92695],[-35.490394,-5.927973],[-35.492866,-5.928252],[-35.493511,-5.926772],[-35.492941,-5.925491],[-35.493643,-5.924234],[-35.495143,-5.922384],[-35.497284,-5.921893],[-35.49845,-5.924165],[-35.497372,-5.92634],[-35.497353,-5.927503],[-35.504287,-5.928033],[-35.505682,-5.93025],[-35.503905,-5.932735],[-35.501558,-5.932992]],[[-35.591971,-5.923078],[-35.589808,-5.923213],[-35.587499,-5.922291],[-35.586695,-5.917977],[-35.586812,-5.914629],[-35.583858,-5.91244],[-35.583291,-5.910344],[-35.583293,-5.906345],[-35.58462,-5.901206],[-35.587861,-5.895498],[-35.591662,-5.88503],[-35.592122,-5.881363],[-35.593095,-5.878992],[-35.594943,-5.870392],[-35.600212,-5.874392],[-35.601877,-5.875362],[-35.605492,-5.876584],[-35.605296,-5.878061],[-35.602808,-5.883169],[-35.601111,-5.88507],[-35.599588,-5.890016],[-35.5994,-5.89268],[-35.600544,-5.895731],[-35.602443,-5.897062],[-35.604351,-5.897823],[-35.606631,-5.897631],[-35.608346,-5.896109],[-35.610629,-5.8904],[-35.611777,-5.888497],[-35.612915,-5.888306],[-35.613872,-5.888879],[-35.614817,-5.892111],[-35.615014,-5.905061],[-35.616529,-5.908291],[-35.616765,-5.911646],[-35.617268,-5.913028],[-35.619094,-5.914695],[-35.619388,-5.915525],[-35.61939,-5.918006],[-35.619009,-5.919414],[-35.617665,-5.919062],[-35.616153,-5.920179],[-35.612695,-5.921109],[-35.611413,-5.921423],[-35.611155,-5.921141],[-35.609372,-5.92123],[-35.609062,-5.922001],[-35.607855,-5.922495],[-35.606273,-5.922561],[-35.602127,-5.923925],[-35.597095,-5.924363],[-35.591971,-5.923078]],[[-35.840409,-5.913727],[-35.834638,-5.908705],[-35.83215,-5.907741],[-35.829269,-5.908691],[-35.825904,-5.910694],[-35.825242,-5.909945],[-35.82528,-5.907458],[-35.825636,-5.907018],[-35.825245,-5.904889],[-35.826134,-5.90379],[-35.825964,-5.901909],[-35.82697,-5.901363],[-35.827326,-5.899911],[-35.828472,-5.899609],[-35.829129,-5.897403],[-35.83003,-5.896148],[-35.829547,-5.895178],[-35.828125,-5.893905],[-35.827244,-5.891894],[-35.827569,-5.890829],[-35.828452,-5.889807],[-35.827742,-5.888664],[-35.827736,-5.887731],[-35.82835,-5.887076],[-35.828149,-5.884573],[-35.829872,-5.882057],[-35.829701,-5.881189],[-35.828691,-5.880802],[-35.828618,-5.879707],[-35.827846,-5.878327],[-35.828141,-5.877649],[-35.829961,-5.87693],[-35.831366,-5.874391],[-35.83272,-5.874492],[-35.833498,-5.874784],[-35.83395,-5.87614],[-35.833772,-5.877371],[-35.83436,-5.878039],[-35.833732,-5.882891],[-35.834583,-5.883267],[-35.836318,-5.882619],[-35.837894,-5.880948],[-35.839487,-5.881067],[-35.839769,-5.881555],[-35.841172,-5.88205],[-35.84189,-5.881092],[-35.841712,-5.87929],[-35.84265,-5.878582],[-35.842773,-5.878047],[-35.842579,-5.875466],[-35.841739,-5.874936],[-35.83976,-5.874632],[-35.839982,-5.87286],[-35.841147,-5.870302],[-35.841111,-5.868744],[-35.839868,-5.867251],[-35.837589,-5.86669],[-35.835678,-5.864524],[-35.835582,-5.861717],[-35.836416,-5.858279],[-35.836712,-5.854568],[-35.838018,-5.853265],[-35.839121,-5.853504],[-35.838801,-5.856514],[-35.839236,-5.857091],[-35.844609,-5.85905],[-35.846286,-5.86112],[-35.847217,-5.861501],[-35.848542,-5.860978],[-35.849175,-5.856047],[-35.84996,-5.85525],[-35.851847,-5.854692],[-35.852619,-5.85506],[-35.852893,-5.85866],[-35.851397,-5.861348],[-35.850087,-5.87074],[-35.851158,-5.873387],[-35.852433,-5.873482],[-35.853451,-5.872781],[-35.854561,-5.870919],[-35.855559,-5.871461],[-35.856189,-5.872597],[-35.857138,-5.876791],[-35.857739,-5.876797],[-35.866357,-5.871221],[-35.8749,-5.868594],[-35.876285,-5.86932],[-35.874408,-5.872757],[-35.876626,-5.875102],[-35.876822,-5.876672],[-35.875461,-5.877659],[-35.875363,-5.878896],[-35.877372,-5.879824],[-35.880069,-5.880181],[-35.883646,-5.883561],[-35.88258,-5.884881],[-35.882849,-5.885523],[-35.881928,-5.889033],[-35.87993,-5.889972],[-35.878348,-5.893742],[-35.876754,-5.895645],[-35.875614,-5.895871],[-35.873554,-5.899605],[-35.872413,-5.899831],[-35.870513,-5.901556],[-35.870334,-5.904304],[-35.869335,-5.905784],[-35.867532,-5.906272],[-35.86462,-5.90862],[-35.862891,-5.911213],[-35.861414,-5.911647],[-35.855181,-5.911412],[-35.853317,-5.912673],[-35.850589,-5.912702],[-35.850031,-5.914682],[-35.847328,-5.914402],[-35.845925,-5.914919],[-35.840409,-5.913727]],[[-35.754655,-5.854802],[-35.75658,-5.855356],[-35.75735,-5.85457],[-35.757843,-5.855187],[-35.757805,-5.856345],[-35.756163,-5.857857],[-35.756781,-5.858273],[-35.756618,-5.858946],[-35.753727,-5.860818],[-35.753374,-5.859929],[-35.753591,-5.858574],[-35.753236,-5.858257],[-35.752184,-5.859229],[-35.751195,-5.858657],[-35.749819,-5.858527],[-35.749329,-5.859228],[-35.750821,-5.86095],[-35.748484,-5.860615],[-35.748234,-5.861361],[-35.747432,-5.861195],[-35.746436,-5.862096],[-35.7457,-5.861777],[-35.745327,-5.861011],[-35.744524,-5.860707],[-35.744104,-5.859636],[-35.744575,-5.858753],[-35.744329,-5.857806],[-35.744748,-5.855562],[-35.744594,-5.855084],[-35.744018,-5.854977],[-35.741648,-5.855306],[-35.740404,-5.856209],[-35.739969,-5.857218],[-35.739969,-5.85891],[-35.738399,-5.859822],[-35.731975,-5.860122],[-35.731395,-5.860763],[-35.728823,-5.860803],[-35.728615,-5.861192],[-35.727717,-5.861224],[-35.730675,-5.855538],[-35.731183,-5.855405],[-35.731403,-5.85381],[-35.730488,-5.853635],[-35.730378,-5.853004],[-35.731627,-5.852162],[-35.731578,-5.850787],[-35.732573,-5.848626],[-35.732665,-5.846541],[-35.730794,-5.844359],[-35.730326,-5.840788],[-35.731988,-5.840477],[-35.733008,-5.838156],[-35.733724,-5.838428],[-35.733872,-5.839373],[-35.734104,-5.839242],[-35.73481,-5.83735],[-35.735755,-5.836773],[-35.735858,-5.839538],[-35.737764,-5.840157],[-35.737776,-5.841346],[-35.742109,-5.841857],[-35.74219,-5.840175],[-35.744981,-5.839251],[-35.745914,-5.839137],[-35.746438,-5.839731],[-35.748651,-5.84024],[-35.748856,-5.8387],[-35.750115,-5.836895],[-35.750739,-5.837231],[-35.751773,-5.840606],[-35.752738,-5.841101],[-35.75416,-5.842686],[-35.758503,-5.842207],[-35.758755,-5.841262],[-35.759234,-5.841206],[-35.759439,-5.842897],[-35.75852,-5.846059],[-35.756364,-5.847903],[-35.756332,-5.849469],[-35.755602,-5.850785],[-35.755858,-5.851649],[-35.755316,-5.851977],[-35.754655,-5.854802]],[[-35.679571,-5.85491],[-35.676068,-5.854995],[-35.677244,-5.858361],[-35.677158,-5.860929],[-35.679127,-5.863419],[-35.678903,-5.86621],[-35.676999,-5.870395],[-35.672943,-5.871375],[-35.670387,-5.873171],[-35.669784,-5.876168],[-35.667614,-5.879163],[-35.664349,-5.880788],[-35.662358,-5.880052],[-35.661643,-5.876955],[-35.660015,-5.874726],[-35.658738,-5.871119],[-35.659093,-5.86822],[-35.658334,-5.865005],[-35.658838,-5.860245],[-35.661203,-5.853986],[-35.66923,-5.854594],[-35.669853,-5.849844],[-35.671376,-5.848906],[-35.672841,-5.848666],[-35.674582,-5.8495],[-35.680685,-5.848558],[-35.680812,-5.849972],[-35.679571,-5.85491]],[[-35.593609,-5.941135],[-35.594442,-5.940746],[-35.595774,-5.940804],[-35.599593,-5.94359],[-35.598713,-5.944561],[-35.597475,-5.944986],[-35.597285,-5.945706],[-35.597794,-5.948441],[-35.598641,-5.949224],[-35.595947,-5.951225],[-35.595056,-5.955653],[-35.586661,-5.951989],[-35.58366,-5.95163],[-35.583293,-5.950652],[-35.582136,-5.950088],[-35.582403,-5.944242],[-35.581607,-5.941045],[-35.581903,-5.939597],[-35.583247,-5.938402],[-35.59012,-5.937995],[-35.590913,-5.937277],[-35.591292,-5.937544],[-35.59141,-5.938569],[-35.593609,-5.941135]],[[-35.759681,-6.116119],[-35.759966,-6.117432],[-35.76128,-6.117032],[-35.762022,-6.117517],[-35.760831,-6.119563],[-35.759921,-6.119876],[-35.759801,-6.118914],[-35.757574,-6.119699],[-35.755272,-6.121432],[-35.754263,-6.122976],[-35.75457,-6.124048],[-35.755863,-6.125098],[-35.761426,-6.126851],[-35.763382,-6.126998],[-35.765772,-6.127844],[-35.771435,-6.128366],[-35.776602,-6.127706],[-35.777333,-6.127189],[-35.777475,-6.126628],[-35.776905,-6.125156],[-35.772224,-6.120992],[-35.771045,-6.11852],[-35.769428,-6.117827],[-35.770137,-6.116355],[-35.771814,-6.116292],[-35.772715,-6.117312],[-35.775317,-6.117984],[-35.775444,-6.118851],[-35.774315,-6.119433],[-35.777365,-6.123094],[-35.778409,-6.126031],[-35.779283,-6.123714],[-35.780036,-6.122913],[-35.780901,-6.123169],[-35.780734,-6.125253],[-35.781259,-6.126055],[-35.782771,-6.125597],[-35.783548,-6.122034],[-35.786842,-6.122662],[-35.78737,-6.120986],[-35.796838,-6.120649],[-35.800146,-6.122327],[-35.801153,-6.123261],[-35.802626,-6.123276],[-35.805191,-6.124421],[-35.804821,-6.125347],[-35.806872,-6.127979],[-35.805645,-6.129793],[-35.805079,-6.133181],[-35.804401,-6.134274],[-35.802739,-6.134149],[-35.802505,-6.135847],[-35.802865,-6.137494],[-35.799652,-6.140778],[-35.798635,-6.1412],[-35.795731,-6.139778],[-35.793981,-6.139475],[-35.791904,-6.141039],[-35.788418,-6.14026],[-35.784646,-6.138602],[-35.783504,-6.141782],[-35.784045,-6.143886],[-35.785741,-6.144874],[-35.786233,-6.146421],[-35.786311,-6.147587],[-35.785492,-6.148189],[-35.784262,-6.147516],[-35.782169,-6.144789],[-35.77878,-6.145446],[-35.777824,-6.144546],[-35.777918,-6.142314],[-35.779237,-6.137603],[-35.772438,-6.137009],[-35.770691,-6.136381],[-35.769423,-6.135124],[-35.767408,-6.134642],[-35.765418,-6.134906],[-35.765661,-6.134013],[-35.76394,-6.134132],[-35.761531,-6.13536],[-35.760326,-6.136513],[-35.759545,-6.138777],[-35.761356,-6.140736],[-35.761434,-6.141904],[-35.760124,-6.143298],[-35.757873,-6.143625],[-35.756021,-6.143237],[-35.753248,-6.140458],[-35.752217,-6.13839],[-35.751441,-6.134186],[-35.749905,-6.131997],[-35.752637,-6.128885],[-35.752199,-6.127941],[-35.75161,-6.127813],[-35.751197,-6.128695],[-35.75011,-6.129442],[-35.747546,-6.128337],[-35.748019,-6.125636],[-35.748838,-6.125035],[-35.751803,-6.124345],[-35.752393,-6.123395],[-35.751766,-6.122684],[-35.748952,-6.121477],[-35.750204,-6.119747],[-35.753464,-6.118583],[-35.756482,-6.116061],[-35.757225,-6.116918],[-35.758481,-6.117374],[-35.759052,-6.116975],[-35.758881,-6.116004],[-35.759681,-6.116119]]],[[[-35.216268,-5.737306],[-35.216236,-5.73722],[-35.215447,-5.737469],[-35.216268,-5.737306]]]]}},{"type":"Feature","id":4,"properties":{"formacao":"Savana-Estépica","subformacao":"Savana-Estépica Parque","unidade_vegetacao":"Savana-Estépica Parque","situacao":"Vegetação Natural Dominante","peso":2.5,"fonte":"Base de vegetação do acervo geoespacial do Projeto Potengi"},"geometry":{"type":"Polygon","coordinates":[[[-36.294951,-6.17354],[-36.294155,-6.170251],[-36.293223,-6.169649],[-36.29289,-6.168943],[-36.293542,-6.166118],[-36.29127,-6.155672],[-36.289367,-6.149012],[-36.289521,-6.146672],[-36.290323,-6.14537],[-36.290288,-6.144492],[-36.289685,-6.144049],[-36.289362,-6.139671],[-36.290766,-6.139558],[-36.294636,-6.13796],[-36.294805,-6.137387],[-36.287189,-6.137205],[-36.285761,-6.138157],[-36.285524,-6.139822],[-36.287902,-6.143392],[-36.287664,-6.145534],[-36.285999,-6.1472],[-36.285761,-6.148865],[-36.286237,-6.149816],[-36.288141,-6.151006],[-36.288378,-6.15172],[-36.28814,-6.152196],[-36.286237,-6.152196],[-36.285999,-6.151721],[-36.284572,-6.151958],[-36.28457,-6.15291],[-36.285999,-6.155527],[-36.285999,-6.157669],[-36.285285,-6.159334],[-36.282906,-6.161951],[-36.282906,-6.164806],[-36.284096,-6.166949],[-36.284571,-6.166948],[-36.285047,-6.16671],[-36.286,-6.164807],[-36.288378,-6.164331],[-36.290045,-6.167662],[-36.291947,-6.1679],[-36.292185,-6.173135],[-36.293137,-6.174801],[-36.294327,-6.174563],[-36.294951,-6.17354]]]}},{"type":"Feature","id":5,"properties":{"formacao":"Formação Pioneira","subformacao":"Formação Pioneira com influência fluviomarinha","unidade_vegetacao":"Formação Pioneira com influência fluviomarinha","situacao":"Vegetação Natural Dominante","peso":2.7,"fonte":"Base de vegetação do acervo geoespacial do Projeto Potengi"},"geometry":{"type":"MultiPolygon","coordinates":[[[[-35.229284,-5.793965],[-35.229167,-5.795158],[-35.230176,-5.79606],[-35.230183,-5.797776],[-35.23065,-5.797965],[-35.23432,-5.798272],[-35.235546,-5.797934],[-35.237798,-5.797053],[-35.238681,-5.796302],[-35.239885,-5.796286],[-35.244121,-5.793945],[-35.246823,-5.794793],[-35.247661,-5.795505],[-35.248452,-5.797621],[-35.248459,-5.798764],[-35.247534,-5.800512],[-35.243707,-5.803857],[-35.242467,-5.803894],[-35.241766,-5.804645],[-35.242236,-5.804904],[-35.242395,-5.806722],[-35.244643,-5.805996],[-35.244924,-5.806587],[-35.246431,-5.806451],[-35.246596,-5.805669],[-35.247017,-5.805577],[-35.247582,-5.806531],[-35.246642,-5.808858],[-35.245536,-5.808732],[-35.245844,-5.810391],[-35.247155,-5.81133],[-35.247855,-5.810448],[-35.248627,-5.810608],[-35.248132,-5.812628],[-35.248874,-5.813861],[-35.248444,-5.815262],[-35.249284,-5.815715],[-35.250923,-5.814927],[-35.251884,-5.815514],[-35.252645,-5.817915],[-35.251278,-5.819873],[-35.25378,-5.821984],[-35.255877,-5.821547],[-35.257107,-5.819135],[-35.257878,-5.81923],[-35.259359,-5.820655],[-35.260833,-5.82078],[-35.263007,-5.819503],[-35.264516,-5.819724],[-35.270694,-5.822597],[-35.275299,-5.821988],[-35.277441,-5.822379],[-35.277834,-5.822944],[-35.280403,-5.822733],[-35.280403,-5.821899],[-35.279032,-5.819715],[-35.273892,-5.817744],[-35.272051,-5.815517],[-35.269053,-5.813675],[-35.267639,-5.813033],[-35.25993,-5.811277],[-35.255646,-5.808835],[-35.253677,-5.805923],[-35.252563,-5.805238],[-35.251063,-5.803353],[-35.249736,-5.79997],[-35.249136,-5.798128],[-35.249565,-5.791104],[-35.247594,-5.785193],[-35.246823,-5.784037],[-35.245753,-5.783866],[-35.242669,-5.787506],[-35.240528,-5.788705],[-35.231447,-5.791233],[-35.229284,-5.793965]]],[[[-35.24955,-5.78071],[-35.25262,-5.783637],[-35.253348,-5.786764],[-35.257061,-5.78858],[-35.258683,-5.790915],[-35.257746,-5.791317],[-35.256346,-5.789891],[-35.254504,-5.790061],[-35.254119,-5.790404],[-35.253947,-5.791989],[-35.25656,-5.796015],[-35.256132,-5.796015],[-35.253477,-5.793616],[-35.252749,-5.794558],[-35.252577,-5.795543],[-35.253006,-5.795929],[-35.25292,-5.797942],[-35.253819,-5.798499],[-35.255575,-5.797595],[-35.257981,-5.797879],[-35.259251,-5.79862],[-35.256817,-5.800255],[-35.258873,-5.806723],[-35.259901,-5.807322],[-35.2608,-5.807065],[-35.262428,-5.805524],[-35.264484,-5.804624],[-35.264741,-5.805866],[-35.264013,-5.806208],[-35.263113,-5.809892],[-35.26851,-5.810834],[-35.272108,-5.813104],[-35.275449,-5.815845],[-35.279004,-5.81683],[-35.280545,-5.818629],[-35.280688,-5.816375],[-35.281936,-5.815046],[-35.278222,-5.811658],[-35.276304,-5.810861],[-35.276858,-5.810549],[-35.279223,-5.810767],[-35.281697,-5.809373],[-35.282728,-5.810547],[-35.283618,-5.81057],[-35.283495,-5.809786],[-35.28217,-5.808771],[-35.28227,-5.807662],[-35.282803,-5.807066],[-35.282727,-5.805576],[-35.281966,-5.804675],[-35.280581,-5.804386],[-35.279043,-5.804814],[-35.27846,-5.80462],[-35.278533,-5.80401],[-35.280079,-5.80307],[-35.282409,-5.80285],[-35.282261,-5.802086],[-35.28477,-5.799694],[-35.284586,-5.799087],[-35.283272,-5.799076],[-35.282359,-5.798185],[-35.28245,-5.797645],[-35.28091,-5.798022],[-35.278845,-5.795666],[-35.278127,-5.794254],[-35.2768,-5.79341],[-35.276477,-5.792622],[-35.276682,-5.79013],[-35.278572,-5.78827],[-35.278195,-5.787146],[-35.275867,-5.786327],[-35.273031,-5.786563],[-35.27226,-5.786131],[-35.271929,-5.785306],[-35.270717,-5.786057],[-35.270041,-5.785708],[-35.270005,-5.784724],[-35.269624,-5.784216],[-35.26904,-5.784192],[-35.267618,-5.781912],[-35.264812,-5.781211],[-35.263683,-5.781807],[-35.263176,-5.781551],[-35.262568,-5.78009],[-35.261923,-5.779856],[-35.260444,-5.779968],[-35.258277,-5.780918],[-35.257101,-5.78081],[-35.256016,-5.78133],[-35.253669,-5.781613],[-35.252583,-5.782203],[-35.251771,-5.781576],[-35.25095,-5.779823],[-35.25,-5.779607],[-35.24955,-5.78071]]],[[[-35.218426,-5.7476],[-35.215806,-5.747495],[-35.212029,-5.749432],[-35.210556,-5.750755],[-35.210394,-5.752025],[-35.207189,-5.754678],[-35.206465,-5.755792],[-35.207824,-5.75831],[-35.210029,-5.758549],[-35.21015,-5.759631],[-35.210816,-5.759674],[-35.210575,-5.762734],[-35.212601,-5.766263],[-35.212587,-5.767564],[-35.214936,-5.768039],[-35.216405,-5.767768],[-35.217896,-5.76666],[-35.218958,-5.763723],[-35.221217,-5.762571],[-35.223409,-5.763023],[-35.226324,-5.762775],[-35.227453,-5.76334],[-35.229509,-5.766163],[-35.230819,-5.766999],[-35.232423,-5.767],[-35.234299,-5.766276],[-35.235156,-5.765667],[-35.23597,-5.764108],[-35.236767,-5.763764],[-35.235451,-5.766932],[-35.233033,-5.767632],[-35.230412,-5.767677],[-35.229373,-5.767338],[-35.225939,-5.763881],[-35.224222,-5.763566],[-35.221466,-5.764063],[-35.220178,-5.765011],[-35.218122,-5.767587],[-35.216338,-5.768897],[-35.214869,-5.769169],[-35.21322,-5.768942],[-35.210969,-5.767977],[-35.210452,-5.769813],[-35.210565,-5.772976],[-35.212222,-5.774105],[-35.21256,-5.775234],[-35.211431,-5.775874],[-35.211468,-5.777154],[-35.212146,-5.778454],[-35.213816,-5.78021],[-35.215914,-5.782181],[-35.218441,-5.783851],[-35.219855,-5.784324],[-35.224437,-5.785222],[-35.22804,-5.785106],[-35.233004,-5.786164],[-35.238658,-5.781838],[-35.24414,-5.778883],[-35.247266,-5.778668],[-35.248661,-5.777709],[-35.248715,-5.775169],[-35.250973,-5.774494],[-35.251608,-5.772775],[-35.251807,-5.771701],[-35.251151,-5.770937],[-35.253265,-5.770376],[-35.252523,-5.768924],[-35.251105,-5.768703],[-35.250423,-5.767924],[-35.250274,-5.766239],[-35.252984,-5.766114],[-35.252222,-5.765609],[-35.251808,-5.76435],[-35.250416,-5.76452],[-35.249589,-5.763396],[-35.247712,-5.76247],[-35.246504,-5.760985],[-35.24543,-5.760848],[-35.244175,-5.762301],[-35.240244,-5.764473],[-35.239151,-5.763289],[-35.238331,-5.760626],[-35.236212,-5.76087],[-35.23495,-5.760075],[-35.232686,-5.756315],[-35.230675,-5.755135],[-35.22991,-5.756223],[-35.229034,-5.756114],[-35.22957,-5.754722],[-35.22695,-5.752757],[-35.225829,-5.752547],[-35.225815,-5.753734],[-35.225246,-5.754509],[-35.226567,-5.755349],[-35.226393,-5.758489],[-35.224163,-5.760753],[-35.224796,-5.758181],[-35.224675,-5.75555],[-35.224028,-5.754615],[-35.224269,-5.751445],[-35.222526,-5.748862],[-35.222271,-5.74762],[-35.218717,-5.747204],[-35.218426,-5.7476]]]]}},{"type":"Feature","id":6,"properties":{"formacao":"Savana-Estépica","subformacao":"Savana-Estépica Florestada","unidade_vegetacao":"Savana-Estépica Florestada","situacao":"Vegetação Natural Dominante","peso":1.7,"fonte":"Base de vegetação do acervo geoespacial do Projeto Potengi"},"geometry":{"type":"MultiPolygon","coordinates":[[[[-35.733872,-5.839373],[-35.733724,-5.838428],[-35.733008,-5.838156],[-35.731988,-5.840477],[-35.730326,-5.840788],[-35.730794,-5.844359],[-35.732665,-5.846541],[-35.732573,-5.848626],[-35.731578,-5.850787],[-35.731627,-5.852162],[-35.730378,-5.853004],[-35.730488,-5.853635],[-35.731403,-5.85381],[-35.731183,-5.855405],[-35.730675,-5.855538],[-35.727717,-5.861224],[-35.728615,-5.861192],[-35.728823,-5.860803],[-35.731395,-5.860763],[-35.731975,-5.860122],[-35.738399,-5.859822],[-35.739969,-5.85891],[-35.739969,-5.857218],[-35.740404,-5.856209],[-35.741648,-5.855306],[-35.744018,-5.854977],[-35.744594,-5.855084],[-35.744748,-5.855562],[-35.744329,-5.857806],[-35.744575,-5.858753],[-35.744104,-5.859636],[-35.744524,-5.860707],[-35.746436,-5.862096],[-35.747432,-5.861195],[-35.748234,-5.861361],[-35.748484,-5.860615],[-35.750821,-5.86095],[-35.749329,-5.859228],[-35.749819,-5.858527],[-35.751195,-5.858657],[-35.752184,-5.859229],[-35.753236,-5.858257],[-35.753591,-5.858574],[-35.753374,-5.859929],[-35.753727,-5.860818],[-35.756618,-5.858946],[-35.756781,-5.858273],[-35.756163,-5.857857],[-35.757368,-5.857051],[-35.757843,-5.855187],[-35.75735,-5.85457],[-35.75658,-5.855356],[-35.755981,-5.855364],[-35.7548,-5.854945],[-35.754584,-5.854473],[-35.755316,-5.851977],[-35.755858,-5.851649],[-35.755602,-5.850785],[-35.756332,-5.849469],[-35.756364,-5.847903],[-35.75852,-5.846059],[-35.759439,-5.842897],[-35.759234,-5.841206],[-35.758755,-5.841262],[-35.758503,-5.842207],[-35.75416,-5.842686],[-35.752738,-5.841101],[-35.751773,-5.840606],[-35.750739,-5.837231],[-35.750115,-5.836895],[-35.748856,-5.8387],[-35.748651,-5.84024],[-35.746438,-5.839731],[-35.745914,-5.839137],[-35.744981,-5.839251],[-35.74219,-5.840175],[-35.742109,-5.841857],[-35.737776,-5.841346],[-35.737764,-5.840157],[-35.735858,-5.839538],[-35.735755,-5.836773],[-35.73481,-5.83735],[-35.734343,-5.83901],[-35.733872,-5.839373]]],[[[-35.790583,-5.729848],[-35.78198,-5.733588],[-35.78116,-5.734759],[-35.781328,-5.736227],[-35.783945,-5.741229],[-35.783949,-5.750266],[-35.786472,-5.751376],[-35.786514,-5.752278],[-35.78887,-5.752535],[-35.791525,-5.750994],[-35.791867,-5.751636],[-35.792296,-5.751422],[-35.792939,-5.749623],[-35.793538,-5.75018],[-35.793837,-5.752065],[-35.794994,-5.753092],[-35.79645,-5.753136],[-35.79705,-5.752407],[-35.799705,-5.752664],[-35.799448,-5.753478],[-35.798035,-5.75365],[-35.795337,-5.755234],[-35.794309,-5.755106],[-35.79418,-5.754463],[-35.793238,-5.754121],[-35.791011,-5.755619],[-35.788527,-5.756133],[-35.790465,-5.758529],[-35.792802,-5.759288],[-35.793271,-5.758607],[-35.795993,-5.758587],[-35.796627,-5.759889],[-35.80432,-5.760558],[-35.805872,-5.760182],[-35.810841,-5.761926],[-35.812499,-5.760979],[-35.812039,-5.75975],[-35.812345,-5.758926],[-35.813563,-5.758566],[-35.814468,-5.758769],[-35.815187,-5.759583],[-35.817259,-5.759069],[-35.819879,-5.759783],[-35.824637,-5.7624],[-35.829395,-5.761213],[-35.830584,-5.760499],[-35.828237,-5.756478],[-35.826993,-5.7555],[-35.825933,-5.753181],[-35.824968,-5.752571],[-35.824811,-5.751912],[-35.821243,-5.751912],[-35.819341,-5.75143],[-35.818386,-5.750483],[-35.817913,-5.744768],[-35.816478,-5.740963],[-35.816718,-5.73319],[-35.816158,-5.732611],[-35.814802,-5.734086],[-35.811777,-5.734895],[-35.811314,-5.734657],[-35.810587,-5.735285],[-35.808623,-5.735928],[-35.8052,-5.734764],[-35.801819,-5.73248],[-35.802052,-5.736088],[-35.801297,-5.737173],[-35.799252,-5.73796],[-35.797541,-5.737759],[-35.796637,-5.736644],[-35.795015,-5.732773],[-35.792611,-5.732024],[-35.791647,-5.730008],[-35.790583,-5.729848]]],[[[-35.865481,-5.729624],[-35.864284,-5.728011],[-35.864303,-5.729358],[-35.865481,-5.729624]]],[[[-35.841809,-5.729532],[-35.835706,-5.72964],[-35.834245,-5.728778],[-35.833645,-5.728981],[-35.832361,-5.728305],[-35.831437,-5.729881],[-35.833036,-5.730036],[-35.834183,-5.730603],[-35.832428,-5.732401],[-35.831982,-5.733237],[-35.832282,-5.734094],[-35.833323,-5.735049],[-35.836168,-5.736391],[-35.838721,-5.73647],[-35.838579,-5.737087],[-35.835983,-5.739579],[-35.832468,-5.739718],[-35.830155,-5.741144],[-35.837185,-5.750721],[-35.839613,-5.753357],[-35.839552,-5.755279],[-35.840829,-5.757457],[-35.842236,-5.758616],[-35.843149,-5.760475],[-35.845515,-5.75913],[-35.844418,-5.758421],[-35.844539,-5.757489],[-35.845169,-5.757088],[-35.847408,-5.757347],[-35.849343,-5.759686],[-35.850404,-5.759094],[-35.851729,-5.759238],[-35.853633,-5.760814],[-35.854005,-5.760239],[-35.857282,-5.758467],[-35.856282,-5.756696],[-35.857052,-5.755937],[-35.860657,-5.756125],[-35.866753,-5.755025],[-35.868384,-5.757589],[-35.870472,-5.756274],[-35.871124,-5.756742],[-35.871246,-5.757923],[-35.875126,-5.762852],[-35.875587,-5.764096],[-35.875319,-5.765731],[-35.876912,-5.767986],[-35.877329,-5.76977],[-35.87614,-5.771434],[-35.877356,-5.773338],[-35.877552,-5.774802],[-35.878478,-5.776443],[-35.880243,-5.776152],[-35.882745,-5.774315],[-35.884615,-5.773477],[-35.8877,-5.776634],[-35.887699,-5.77882],[-35.883892,-5.778347],[-35.882222,-5.780722],[-35.881382,-5.784605],[-35.879578,-5.786712],[-35.8792,-5.78775],[-35.878481,-5.788232],[-35.876814,-5.784019],[-35.875796,-5.782634],[-35.876058,-5.781394],[-35.875442,-5.780696],[-35.873927,-5.780216],[-35.872946,-5.780428],[-35.872769,-5.781596],[-35.873564,-5.783734],[-35.873839,-5.786608],[-35.873257,-5.787053],[-35.870682,-5.784618],[-35.869636,-5.78511],[-35.869068,-5.787513],[-35.873687,-5.791691],[-35.874023,-5.793794],[-35.875842,-5.794134],[-35.8764,-5.793442],[-35.875872,-5.79271],[-35.876176,-5.79204],[-35.877079,-5.792015],[-35.878769,-5.794442],[-35.881222,-5.794335],[-35.884256,-5.793237],[-35.885048,-5.79202],[-35.886481,-5.791453],[-35.891054,-5.791369],[-35.893104,-5.790849],[-35.8934,-5.789877],[-35.895191,-5.789869],[-35.895158,-5.787986],[-35.895678,-5.787206],[-35.896329,-5.787968],[-35.89899,-5.788487],[-35.899072,-5.787925],[-35.901208,-5.788641],[-35.904778,-5.788024],[-35.905095,-5.787595],[-35.90438,-5.786176],[-35.899384,-5.782837],[-35.899152,-5.779508],[-35.896766,-5.77665],[-35.897248,-5.775222],[-35.899149,-5.774151],[-35.897725,-5.771655],[-35.896948,-5.771403],[-35.896962,-5.770452],[-35.893006,-5.767105],[-35.892587,-5.765737],[-35.889382,-5.763194],[-35.889025,-5.761726],[-35.887503,-5.760651],[-35.885102,-5.756828],[-35.88563,-5.755315],[-35.884682,-5.753997],[-35.883299,-5.752381],[-35.881906,-5.752187],[-35.880984,-5.750403],[-35.880861,-5.74877],[-35.876566,-5.745408],[-35.877118,-5.744878],[-35.877244,-5.743699],[-35.87464,-5.738955],[-35.871714,-5.736605],[-35.865688,-5.729903],[-35.864526,-5.732281],[-35.862043,-5.734182],[-35.85415,-5.732337],[-35.852526,-5.732693],[-35.852249,-5.732314],[-35.854718,-5.730591],[-35.85325,-5.727439],[-35.851885,-5.72686],[-35.849652,-5.726882],[-35.846392,-5.727555],[-35.841809,-5.729532]]],[[[-35.728552,-5.7054],[-35.729059,-5.706856],[-35.730993,-5.709703],[-35.734614,-5.711613],[-35.734791,-5.713037],[-35.736721,-5.714311],[-35.73215,-5.717013],[-35.730482,-5.715961],[-35.72878,-5.719682],[-35.728637,-5.720933],[-35.73041,-5.720998],[-35.731371,-5.720227],[-35.731574,-5.721442],[-35.732386,-5.721319],[-35.732639,-5.721789],[-35.732571,-5.723364],[-35.733472,-5.723714],[-35.733409,-5.724666],[-35.731783,-5.725957],[-35.732636,-5.728335],[-35.73423,-5.728738],[-35.734678,-5.729675],[-35.734691,-5.733851],[-35.734477,-5.735076],[-35.732137,-5.736027],[-35.729945,-5.737553],[-35.730314,-5.738485],[-35.72934,-5.739765],[-35.728189,-5.740355],[-35.727357,-5.742042],[-35.728029,-5.743127],[-35.729109,-5.743357],[-35.729209,-5.745735],[-35.728581,-5.747856],[-35.729681,-5.749269],[-35.733258,-5.751667],[-35.73474,-5.752077],[-35.736803,-5.754602],[-35.738543,-5.755354],[-35.739668,-5.754367],[-35.738519,-5.752024],[-35.738676,-5.750795],[-35.737944,-5.745436],[-35.739107,-5.745409],[-35.739923,-5.746092],[-35.73995,-5.747221],[-35.742081,-5.745972],[-35.742372,-5.744527],[-35.742874,-5.744057],[-35.744806,-5.743864],[-35.74518,-5.742088],[-35.744209,-5.741168],[-35.743771,-5.739385],[-35.742418,-5.736688],[-35.740882,-5.735042],[-35.735648,-5.738612],[-35.734532,-5.738011],[-35.734622,-5.73689],[-35.73641,-5.734146],[-35.739044,-5.732426],[-35.740301,-5.731957],[-35.74134,-5.732035],[-35.741903,-5.713402],[-35.742268,-5.712471],[-35.744975,-5.712731],[-35.745204,-5.709954],[-35.742544,-5.708395],[-35.74152,-5.708104],[-35.740845,-5.708354],[-35.740351,-5.707102],[-35.741485,-5.704506],[-35.741019,-5.703476],[-35.741368,-5.702434],[-35.740577,-5.701785],[-35.73899,-5.701557],[-35.73712,-5.702564],[-35.736335,-5.702296],[-35.734685,-5.704393],[-35.732298,-5.704958],[-35.73085,-5.703725],[-35.729691,-5.7036],[-35.729803,-5.701373],[-35.729512,-5.700943],[-35.72856,-5.701815],[-35.728552,-5.7054]]],[[[-35.728147,-5.695945],[-35.728363,-5.695712],[-35.728205,-5.695406],[-35.728147,-5.695945]]],[[[-35.717224,-5.693285],[-35.716753,-5.692948],[-35.715365,-5.693647],[-35.715984,-5.695225],[-35.715368,-5.696949],[-35.71717,-5.698161],[-35.717249,-5.699352],[-35.718393,-5.701019],[-35.718223,-5.702416],[-35.718995,-5.702926],[-35.719652,-5.702694],[-35.720444,-5.703549],[-35.722764,-5.702986],[-35.721913,-5.701285],[-35.723311,-5.700706],[-35.724241,-5.699769],[-35.724619,-5.698668],[-35.724133,-5.697671],[-35.724994,-5.696892],[-35.72544,-5.69503],[-35.724339,-5.694648],[-35.724145,-5.695441],[-35.722949,-5.695548],[-35.72196,-5.694489],[-35.721211,-5.694791],[-35.720629,-5.694193],[-35.72097,-5.693728],[-35.720624,-5.693056],[-35.719943,-5.69307],[-35.719962,-5.692159],[-35.719159,-5.690566],[-35.717961,-5.689661],[-35.717117,-5.690679],[-35.717224,-5.693285]]]]}}]}